机构名称,机构类型,地址,电话,评分,营业时间,经度,纬度,城市,区县,POI_ID,数据来源
首都医科大学附属北京安定医院,精神专科医院,安康胡同5号,010-86430066,,24小时营业,116.376791,39.952767,北京市,西城区,B000A80ZRG,试点地区搜索
北京市精神疾病会诊中心,其他,安康胡同5号首都医科大学附属北京安定医院,,,,116.376803,39.952753,北京市,西城区,B000A80XL5,试点地区搜索
首都医科大学附属北京回龙观医院,精神专科医院,南店路7号,,,09:00-16:30,116.329899,40.066758,北京市,昌平区,B000A0989A,试点地区搜索
北京回龙观医院精神医学研究中心,精神专科医院,回龙观西三旗桥北200米东回龙观医院,,,,116.330441,40.067543,北京市,昌平区,B0FFG2XH6Y,试点地区搜索
大兴区心康医院,其他,林校路与黄良路交叉口北200米路东,010-61213671;010-61216048,,08:00-20:00,116.331818,39.705936,北京市,大兴区,B0FFJQ53RS,试点地区搜索
北京市朝阳区第三医院(双桥南街),综合医院,双桥南街甲8号,,,08:30-11:30,116.603140,39.887684,北京市,朝阳区,B000A8UI4R,试点地区搜索
北京市朝阳区精神卫生中心,精神专科医院,双桥南街甲8号北京市朝阳区第三医院,010-52023403,,,116.603475,39.887230,北京市,朝阳区,B000A88800,试点地区搜索
北京市海淀区心理康复医院,其他,苏家坨镇西小营村温阳路,010-62409383;010-62461498,,,116.160873,40.079634,北京市,海淀区,B000A8XP1G,试点地区搜索
海淀区精神卫生防治指导中心,其他,苏家坨镇西小营村温阳路北京市海淀区心理康复医院,,,,116.160785,40.079500,北京市,海淀区,B0L2ZC4IKL,试点地区搜索
北京市昌平区精神卫生保健院,其他,南口镇工商行政管理学校东门,010-69731160;010-69738501,,08:00-17:00,116.128917,40.230480,北京市,昌平区,B0KKUSZ3V9,试点地区搜索
东城区东外医院,其他,东直门外察慈小区7号楼,010-64609795;010-65282009,,,116.440457,39.943153,北京市,东城区,B0FFGYODGU,试点地区搜索
通州区精神卫生中心,精神专科医院,宋庄镇北侧,010-69591039,,,116.722134,39.953746,北京市,通州区,B000A7QNA1,试点地区搜索
大柳树医院,其他,王四营路大柳树153号,010-67200300,,,116.511849,39.874200,北京市,朝阳区,B000A7RGO0,试点地区搜索
北京市石景山路安康中医医院,其他,模式口南里临丁9号(模式口地铁站B口步行440米),010-68874318,,08:00-20:00,116.160298,39.932209,北京市,石景山区,B0FFHK0JOD,试点地区搜索
北京市密云区精神卫生防治院,其他,密三路,010-61069165;010-61086580;010-61089788,,08:00-12:00 12:30-16:30,116.988543,40.364647,北京市,密云区,B000A7Q0CX,试点地区搜索
国家心理健康和精神卫生防治中心,心理咨询中心,樱花园西街7号院-4,19710183517,,,116.416951,39.974564,北京市,朝阳区,B0HUBZCSFN,试点地区搜索
北京市东城区精神卫生保健院发热门诊,其他,东直门外察慈小区7号楼,,,08:00-17:00,116.440389,39.943229,北京市,东城区,B0IKOA0T13,试点地区搜索
延庆区精神卫生保健院,其他,京银路北50米,010-69111206,,08:30-16:00,115.856547,40.479317,北京市,延庆区,B000A7QZTJ,试点地区搜索
北京市中西医结合精神医学研究所,其他,南店北路北京回龙观医院,,,,116.328719,40.066630,北京市,昌平区,B0FFFAM0T8,试点地区搜索
北京大学精神卫生研究所,其他,北京大学医学部国内合作与产业管理办公室北门东60米,010-82801984,,,116.357329,39.981960,北京市,海淀区,B000A3A10E,试点地区搜索
北京市西城区精神卫生保健所,其他,新街口南大街119号(平安里地铁站A西北口步行190米),,,,116.372617,39.936072,北京市,西城区,B0HGF766CU,试点地区搜索
北京市石景山区精神卫生保健所,其他,石门路322号,010-51510589,,08:00-11:30 13:00-16:30,116.127493,39.955754,北京市,石景山区,B0FFJRWHUT,试点地区搜索
北京华科中西医结合医院精神心理诊疗中心,其他,北京城区红莲南路71号3楼,15121095188,,08:00-17:00,116.328935,39.877284,北京市,西城区,B0JGZ7EB7I,试点地区搜索
北京中西医结合精神与心理疑难病专家会诊中心,其他,朝阳门南大街12号,13580925012,,08:00-17:00,116.435612,39.918502,北京市,朝阳区,B0KUS7U1PB,试点地区搜索
房山区精神卫生保健院山口分院,其他,沿河路53号,,,,115.937712,39.703438,北京市,房山区,B0KUOSTHPU,试点地区搜索
北京天使儿童医院-北京总院,其他,广渠路大郊亭桥东200米2号,15300271779,,,116.492598,39.892595,北京市,朝阳区,B000ABCLP7,试点地区搜索
北京心邻医学-心理咨询中心,心理咨询中心,东直门外十字坡街6-102号,17310138623,4.5,08:00-12:00 13:00-17:00,116.439314,39.938963,北京市,东城区,B0LURC5D17,试点地区搜索
首都医科大学附属北京安定医院临床心理中心,精神专科医院,北锣鼓巷38号,,,08:00-12:00 12:30-16:30,116.402862,39.945796,北京市,东城区,B0G0DZ7747,试点地区搜索
安肯心理咨询(北航店),心理咨询中心,知春路1号9层901(西土城地铁站A西北口步行140米),4000520088,4.7,24小时营业,116.353101,39.977420,北京市,海淀区,B0HKGLHYCN,试点地区搜索
安肯心理咨询(国贸店),心理咨询中心,西大望路1号公寓11层1210号,4000520088,4.6,08:00-23:00,116.476591,39.912845,北京市,朝阳区,B0JDRDOPJZ,试点地区搜索
安肯心理咨询(望京店),心理咨询中心,阜通东大街6号院1号楼14层1707室05,4000520088,4.4,08:00-24:00,116.481770,39.990970,北京市,朝阳区,B0KDZ7IF3A,试点地区搜索
北京华科中西医结合医院心理咨询科,心理咨询中心,北京城区红莲南路28号6-1幢4层B410室,15121095188,4.3,08:00-17:00,116.328935,39.877284,北京市,西城区,B0JG5H17O5,试点地区搜索
北京裕和医院精神心理咨询中心,心理咨询中心,北京城区永定路15号3号平房,010-53603567;17310128283,4.2,08:00-18:00,116.264400,39.921951,北京市,海淀区,B0K1HCP7U0,试点地区搜索
心苑心理咨询,心理咨询中心,华盛乐章B座710(306医院斜对面),010-64101229;13161744998,3.7,09:00-21:00,116.380602,39.993941,北京市,朝阳区,B0FFI8Z5PH,试点地区搜索
北京德胜门中医院-精神心理科,其他,北京城区德胜门外大街36号楼11层2单元1101,15810155962,4.3,08:00-17:00,116.380172,39.955999,北京市,西城区,B0FFF33T6T,试点地区搜索
北京市海淀区心理康复医院心理中心,其他,恩济西园10号楼一层(海淀五路居地铁站C东南口步行170米),010-85887561,4.5,08:30-16:30,116.279212,39.932081,北京市,海淀区,B0I2JZ4RPY,试点地区搜索
丰台区心理卫生中心,其他,五爱屯东街10号,,,08:00-12:00 13:30-17:00,116.381675,39.800842,北京市,丰台区,B0I1YZ7788,试点地区搜索
北京国奥心理医院,其他,北四环中路27号院奥雅观宸3层,,4.4,09:00-19:00,116.386952,39.989734,北京市,朝阳区,B0L1OUO053,试点地区搜索
北京三医中医医院,其他,学院路甲38号1号院5层(北医三院生殖医学中心五层),18710079391,,09:00-21:00,116.354542,39.981977,北京市,海淀区,B0JKSHZ6F3,试点地区搜索
解放军总医院第五医学中心北院区肝病心理门诊,其他,西四环中路100号解放军总医院第五医学中心感染门诊3层,,,,116.278775,39.883925,北京市,丰台区,B0FFK5DACD,试点地区搜索
北京市心理卫生中心,其他,北锣鼓巷38号,,,,116.403858,39.946034,北京市,东城区,B0J3YU7M3B,试点地区搜索
北京京和堂心理咨询,心理咨询中心,马家堡路180号3层335-1602,,3.6,,116.376816,39.843134,北京市,丰台区,B0KU9AFFJJ,试点地区搜索
北京大学临床心理中心,其他,北京大学医学部国内合作与产业管理办公室北门东南70米,,,,116.357303,39.981758,北京市,海淀区,B0FFFE098G,试点地区搜索
北京协和医院东单院区心理医学科,其他,帅府园1号北京协和医院(东单院区),,,,116.417171,39.913345,北京市,东城区,B0FFF4KHBV,试点地区搜索
北京联科中医院临床心理门诊,其他,石门路38号,,3.6,,116.152529,39.937522,北京市,石景山区,B0LBOG9FLJ,试点地区搜索
北京市海淀区心理康复医院康复中心,其他,聂各庄路68号,,,08:30-16:30,116.120137,40.091441,北京市,海淀区,B0J3D7M3U1,试点地区搜索
北京医大精神心理科,其他,北京医大中西医结合医院门诊楼,15727318827,,,116.557523,40.099266,北京市,顺义区,B0KKCAMYOK,试点地区搜索
雨天晴心理咨询(西大望路店),心理咨询中心,西大望路27号74幢202室,15901320352,4.5,09:00-21:30,116.481241,39.887129,北京市,朝阳区,B0FFIL8YJQ,试点地区搜索
壹点灵·心理咨询中心(国贸店),心理咨询中心,东三环中路39号院16号楼1802室,4000067825,4.7,24小时营业,116.453143,39.905333,北京市,朝阳区,B0JUYYN7A5,试点地区搜索
壹点灵·心理咨询中心(望京店),心理咨询中心,北京城区阜通东大街6号院1号楼5层507,4000067825,4.5,24小时营业,116.481686,39.990934,北京市,朝阳区,B0KG2SXW0R,试点地区搜索
壹点灵·心理咨询中心(金融街店),心理咨询中心,南礼士路66号建威大厦1111室,4000067825,4.3,24小时营业,116.353047,39.908637,北京市,西城区,B0LULUA34L,试点地区搜索
观心实验室·心理咨询(丰联店),心理咨询中心,北京城区朝阳门外大街18号4层409室,15010951887,4.3,08:00-24:00,116.438502,39.924023,北京市,朝阳区,B0K3XR45X9,试点地区搜索
壹点灵・心理咨询中心(中关村店),心理咨询中心,中关村大街22号A座5层509,4000067825,4.3,24小时营业,116.317119,39.981648,北京市,海淀区,B0LB3U7H9M,试点地区搜索
雨天晴心理咨询(中关村店),心理咨询中心,北京城区中关村南大街6号4层410,15901320352,4.2,11:00-22:00,116.323564,39.964692,北京市,海淀区,B0LAZ5W6Q7,试点地区搜索
北京晏麦心理咨询有限公司,心理咨询中心,北京城区鼓楼西大街75号8号楼三层307室308室,13366973857,4.3,09:00-21:00,116.390060,39.943700,北京市,西城区,B0JG3AV18X,试点地区搜索
圣安米悦心理咨询中心(北京店),心理咨询中心,北京城区光华路9号楼4层431室,15321659252,4.6,24小时营业,116.452844,39.913727,北京市,朝阳区,B0K1Y55QBW,试点地区搜索
雨天晴心理咨询(国贸店),心理咨询中心,东三环中路建外SOHO东区3号楼23层2304号,15901320352,4.2,09:00-21:30,116.459867,39.906262,北京市,朝阳区,B0LAZ5W6Q6,试点地区搜索
北京合嘉心理咨询中心,心理咨询中心,花园北路35号院健康智谷大厦三层,13511046725,4.5,09:00-18:00,116.366106,39.982504,北京市,海淀区,B0K24L9ZE7,试点地区搜索
观心心理咨询中心,心理咨询中心,北京城区中关村南大街甲18号院D座2层201,18910369344,4.2,,116.325176,39.953727,北京市,海淀区,B0LRTD9KEQ,试点地区搜索
一束光心理事务所,其他,三间房南里4号院dream2049文创园B08,13391927050;18519748606,4.3,09:00-17:00,116.573533,39.911948,北京市,朝阳区,B0FFH1XJPV,试点地区搜索
大儒心理,其他,中关村互联网教育创新中心B座1011A,13522966274,4.4,09:00-20:00,116.317489,39.983790,北京市,海淀区,B0GRHPPKL3,试点地区搜索
翰德林北京正念中心,其他,后现代城B区4号楼A座13层,15600558828,4.1,,116.483456,39.900135,北京市,朝阳区,B0FFL02B55,试点地区搜索
观心实验室·心理咨询(三元桥店),心理咨询中心,凤凰置地广场H座12层(三元桥地铁站E2口步行220米),15321820895,4.3,09:00-24:00,116.457837,39.963236,北京市,朝阳区,B0LUR7508B,试点地区搜索
燕园博思心理咨询中心(北京总部),心理咨询中心,北三环西路48号院1号楼B座8G室,010-82623416;13126822629;4009998486,4.3,08:30-20:30,116.324785,39.966436,北京市,海淀区,B0IRH5TFN7,试点地区搜索
惟塔之光·心愈空间(SKP华贸店),其他,北京城区华贸公寓16号楼305,15010198965,4.2,10:30-19:00,116.481926,39.911422,北京市,朝阳区,B0LGRCE029,试点地区搜索
雨天晴心理咨询(西直门店),心理咨询中心,新兴东巷15号金泰鑫侨大厦501室,,4.1,,116.349053,39.941376,北京市,西城区,B0LAZ5XWD0,试点地区搜索
北京潘家园心理咨询中心,心理咨询中心,北京城区华威西里55号,15313017036,4.2,08:00-17:00,116.451103,39.871957,北京市,朝阳区,B0L3RHOOCB,试点地区搜索
心理晴心理咨询(亦庄店),心理咨询中心,亦庄力宝广场5号楼702(万源街地铁站A1北口步行380米),13001933893,4.0,09:30-21:30,116.502649,39.805320,北京市,大兴区,B0JG9C6S49,试点地区搜索
北京瑞京糖尿病医院,其他,石榴园南里15号(石榴庄地铁站C东南口步行150米),010-88229999,,07:30-17:00,116.415180,39.844313,北京市,丰台区,B0FFGMW2G8,试点地区搜索
北京西京中医医院,其他,丰管路16号1号楼,4006464315,,08:00-17:00,116.312035,39.856025,北京市,丰台区,B0FFGP7QBQ,试点地区搜索
北京京师中医医院,其他,北京城区团结湖北三条甲4号东院,13810837730,,08:00-17:00,116.469248,39.932689,北京市,朝阳区,B000A8U4EA,试点地区搜索
北京国仁中医医院,其他,成寿寺路威仪路5号,13311256084,,08:00-22:00,116.444585,39.841783,北京市,朝阳区,B0FFIANXGZ,试点地区搜索
金智·慢课堂专业儿童青少年心理咨询中心,心理咨询中心,中央城4号院1号楼801室,,,09:00-21:00,116.211625,39.765575,北京市,房山区,B0LD14I0AH,试点地区搜索
有光心理咨询中心(望京店),心理咨询中心,朝庭公寓2号楼E座22C2203号(望京南地铁站A西北口步行490米),13552964726,4.0,10:00-21:30,116.483660,39.988208,北京市,朝阳区,B0GKSNF698,试点地区搜索
元和心语.心理咨询中心,心理咨询中心,清河营东路2号院乐想汇2号楼507室,18511746672,4.0,10:00-21:00,116.438325,40.050675,北京市,朝阳区,B0KUZR9ZUO,试点地区搜索
北京壹心理心乐土心理咨询中心,心理咨询中心,建外街道12层1211(大望路地铁站C西南口步行200米),13121712780;17702089563,4.0,09:00-20:00,116.474832,39.907337,北京市,朝阳区,B0KA3ZITBE,试点地区搜索
好心情心理咨询中心(回龙观店),心理咨询中心,昌平路380号院40号楼1至2层7单元102,010-56107482,4.2,09:00-18:00,116.334465,40.067537,北京市,昌平区,B0HA6N57AV,试点地区搜索
坚果心理儿童青少年心理咨询,心理咨询中心,国贸建外SOHO东区7号楼602室,13552420385,4.0,09:00-21:00,116.458166,39.904963,北京市,朝阳区,B0H1T7L0ZV,试点地区搜索
乐享安心心身训练基地,其他,东坝中路美捷PARK6号楼,15701322684,4.3,09:00-21:00,116.541990,39.953149,北京市,朝阳区,B0L2VH7ZAO,试点地区搜索
简单森林心理健康中心(丽都中心),心理咨询中心,将台路甲2号金尚·丽F2层,010-84176727,4.2,09:00-20:00,116.481314,39.977379,北京市,朝阳区,B0HAUARL0V,试点地区搜索
青少年近视防治与干预中心,其他,潞邑西路6号院8-5-6,13146581986;15326774439,,09:00-21:00,116.691395,39.936119,北京市,通州区,B0GKN46DXW,试点地区搜索
星启教育·语言康复·感统训练·自闭症干预中心,其他,角门北路8号正旗大厦,,3.5,,116.381969,39.849977,北京市,丰台区,B0LA7GKV5C,试点地区搜索
首都医科大学附属北京妇产医院东院儿童健康中心儿保干预门诊,三甲医院,姚家园路251号北京妇产医院门诊楼4层儿童健康中心,,,,116.470623,39.930927,北京市,朝阳区,B0FFLOWVX7,试点地区搜索
儿童发育评估干预中心,其他,南礼士路与南礼士路头条交叉口南80米,,,,116.352443,39.908737,北京市,西城区,B0LUSUZF2C,试点地区搜索
六月花儿童干预中心(店),其他,靓景名居怡乐园三区甲20号,13261188818,,,116.638627,39.882992,北京市,通州区,B0JAZKXNGQ,试点地区搜索
门头沟区社会心理干预中心,其他,西山燕庐西区北门东280米,,,,116.126325,39.901925,北京市,门头沟区,B0L3ASUXFA,试点地区搜索
阳光语言矫正·感统·注意力干预中心(望京分院),其他,北京城区南湖西园205号楼1-2层,010-89177820,4.6,,116.456775,39.996724,北京市,朝阳区,B0KARAD69U,试点地区搜索
启萌教育·语言发育迟缓·感统训练·孤独症干预训练中心,其他,大台子路9号商业用房2层205,010-67565354,4.2,,116.364752,39.837696,北京市,丰台区,B0H2FHMIO9,试点地区搜索
北京春暖自闭症干预.发育迟缓训练.言语康复.感统训练中心,其他,北三环西路乙49号(苏州桥地铁站B口步行400米),18610856534,4.9,08:00-22:10,116.312994,39.964512,北京市,海淀区,B0J0UZXIBF,试点地区搜索
lyh儿童早期干预,其他,京榆旧线与潞苑西路交叉口东南340米,,2.6,,116.671097,39.925178,北京市,通州区,B0K1OKXV5J,试点地区搜索
家庭干预亲子农场,其他,苏家坨镇西埠头村东,13701184323,3.7,,116.129320,40.080854,北京市,海淀区,B0KDC9IXE6,试点地区搜索
天津市安定医院,精神专科医院,柳林街道柳林路13号(柳林路地铁站C口步行250米),022-88188289;022-88188881,,08:30-16:30,117.283492,39.074964,天津市,河西区,B0FFFE4IJ0,试点地区搜索
天津市安定医院住院部,精神专科医院,柳林街道柳林路13号天津市安定医院,,,,117.283793,39.074793,天津市,河西区,B0K6AMEWT9,试点地区搜索
天津市安宁医院,其他,永平巷20号(张贵庄地铁站C口步行370米),022-24390664;022-24958547,,24小时营业,117.312968,39.092729,天津市,东丽区,B001605201,试点地区搜索
滨海新区塘沽安定医院,精神专科医院,胡家园街海兴路149号,022-66891284,,08:00-16:30,117.577362,39.030006,天津市,滨海新区,B0FFHHATFD,试点地区搜索
天津圣安医院,其他,紫金山路36号,022-24419922;022-88253311,,24小时营业,117.192740,39.085236,天津市,河西区,B0FFHWU6NU,试点地区搜索
天津西青保康精神病医院,其他,中北镇中北大道与永旺路交口,022-60976625,,,117.059757,39.122299,天津市,西青区,B0FFI65T87,试点地区搜索
天津市宝坻区精神卫生中心,精神专科医院,东环路与通唐公路交叉口北300米,,,,117.361847,39.716769,天津市,宝坻区,B0FFF4N4M4,试点地区搜索
天津市蓟州区安定医院,精神专科医院,克黄线与七里峰路交叉口东340米,022-22896855,,08:00-05:00,117.460551,40.053047,天津市,蓟州区,B0FFHJL9V2,试点地区搜索
天津市蓟州区精神卫生中心,精神专科医院,喜邦线,,,,117.460756,40.052767,天津市,蓟州区,B0FFKO0IOX,试点地区搜索
佶安医院,其他,陈咀镇梅石路与武静线交汇处(原盛达广场),022-22137669,,08:30-17:30,117.009239,39.296010,天津市,武清区,B0FFJTG7ID,试点地区搜索
天津武清区精神卫生中心,精神专科医院,梅石路与石陈路交叉口东100米盛达广场附近,,,,117.009467,39.296368,天津市,武清区,B0FFK2NQA6,试点地区搜索
天津市河西区精神卫生中心,精神专科医院,郁江道71号,,,,117.216219,39.073641,天津市,河西区,B0HG4HSC8A,试点地区搜索
神经病学中心,其他,东二经路天津市第四中心医院(北站地铁站D2口步行350米),,,,117.209117,39.163098,天津市,河北区,B0HDHNCK13,试点地区搜索
天津市精神卫生中心-心理门诊,精神专科医院,柳林路13号天津安定医院内(柳林路地铁站C口步行460米),,,,117.283887,39.075599,天津市,河西区,B00161C88C,试点地区搜索
河西区社区精神卫生管理服务中心,其他,郁江道与友谊南路辅路交叉口东140米,,,,117.216334,39.073618,天津市,河西区,B0GR91SAL6,试点地区搜索
天津市精神卫生中心-急诊部,精神专科医院,柳林路13号(柳林路地铁站C口步行400米),,,,117.283752,39.074778,天津市,河西区,B0016199Y4,试点地区搜索
天津河东津民医院(龙潭路院区),其他,龙潭路中山门西里1号,13163184580,,08:00-17:30,117.256538,39.105557,天津市,河东区,B0KUBUYZHF,试点地区搜索
天津圣安医院(总院),其他,郁江道71号,022-24415278;022-88251166,,09:00-18:00,117.216433,39.073454,天津市,河西区,B0016114CW,试点地区搜索
天津国泰医院,其他,宁园街金钟河大街海达明园509号,15302091058,,08:00-17:30,117.221295,39.158131,天津市,河北区,B00160ED8T,试点地区搜索
中医心理专科,其他,凯兴天宝公寓南区北1门旁,,,,117.160004,39.130863,天津市,南开区,B0FFFPT8A2,试点地区搜索
天津天铁河东医院精神心理科,其他,广宁路64号,,,,117.265930,39.100493,天津市,河东区,B0L3L5PI1O,试点地区搜索
天津南开华仁医院精神科,其他,玉泉路96号,17822451203,,08:00-18:00,117.168042,39.115580,天津市,南开区,B0HGA504TN,试点地区搜索
天津圣安米悦心理咨询中心,心理咨询中心,五大道街南京路181号世纪都会商厦903室,18522472509,4.7,09:00-18:00,117.199222,39.117451,天津市,和平区,B0FFIGGV2M,试点地区搜索
圣安米悦心理咨询中心(梅江中心大厦店),心理咨询中心,梅江中心大厦12层1204号,18522472509,4.4,09:00-17:00,117.219762,39.041273,天津市,河西区,B0KDKMLPF8,试点地区搜索
观心实验室 ·心理咨询(仁恒国际店),心理咨询中心,东马路129号仁恒置地国际中心14层,18917856728,4.3,09:00-19:00,117.191118,39.140771,天津市,南开区,B0LUV5D8Z2,试点地区搜索
天津圣安心理咨询中心,心理咨询中心,紫金山路36号,18322771416,4.6,24小时营业,117.192560,39.085006,天津市,河西区,B0K117TSNV,试点地区搜索
心知识心理健康中心,心理咨询中心,洞庭路与怒江道交口西北侧美年广场2-1512,18920856679,4.2,09:00-18:00,117.249681,39.074354,天津市,河西区,B0LBFRU4UU,试点地区搜索
家安心理咨询中心,心理咨询中心,郭庄子姚台大街12号,15510972824,4.4,24小时营业,117.205902,39.141486,天津市,河东区,B0L1SUQ0SW,试点地区搜索
赛智心理咨询,心理咨询中心,天津市南开区中南道南侧中南广场(东区)2号楼-3-1204,022-87766808;18630890588,4.2,09:30-20:30,117.148402,39.109784,天津市,南开区,B0GK9UP26Q,试点地区搜索
梵音心空间·心理咨询工作室,心理咨询中心,中海寰宇天下6号楼3门801(复兴门地铁站B口步行500米),13132244914;13241447267,4.0,09:00-21:00,117.257470,39.077661,天津市,河西区,B0K0VSIVQ8,试点地区搜索
天津华仁心理咨询,心理咨询中心,城厢西路与鼓楼西街交口西北侧天越园12号楼2门1103,18522910036,4.2,24小时营业,117.174689,39.143551,天津市,南开区,B0LA3SDR7K,试点地区搜索
一念唤醒心理咨询,心理咨询中心,光复路24号创新中心A座309,18611687133,3.9,10:00-18:00,117.199924,39.139152,天津市,河北区,B0LBHU12PJ,试点地区搜索
康美慧心理咨询,心理咨询中心,广厦南里中区23号别墅(云砚路店),022-24301782;16602697538,4.0,07:30-20:00,117.055374,39.369317,天津市,武清区,B0G33R063X,试点地区搜索
原初心理工作室,其他,雅润路海棠众创大街A区心智计算2楼,4000400991,3.9,09:00-18:00,117.368707,38.981439,天津市,津南区,B0KGLCXRFE,试点地区搜索
朗世心理咨询,心理咨询中心,中新生态城万科锦庐32-2502,13034339913;13043214139,3.6,10:00-20:00,117.744087,39.119792,天津市,滨海新区,B0HR9C7NKO,试点地区搜索
天津好心情心理中心(天津巨贝大厦店),其他,劝业场街南京路258号翰石巨贝大厦A324A325A326单元,,4.0,09:00-21:00,117.184199,39.121124,天津市,和平区,B0JADZDMOF,试点地区搜索
朗世心理咨询,心理咨询中心,第二大街泰达国际公寓(泰达会馆旁),13034339913;13043214139,3.8,06:30-24:00,117.685815,39.030106,天津市,滨海新区,B0I2OZNSA1,试点地区搜索
润物心理咨询中心(河西店),心理咨询中心,观塘大厦,18222729850,3.7,09:00-18:00,117.246865,39.074593,天津市,河西区,B0G0R484W2,试点地区搜索
听心教育心理咨询,心理咨询中心,北京商会大厦B座30层(西南角地铁站B口步行310米),18522868098,4.1,07:00-23:00,117.168286,39.137797,天津市,南开区,B0G2KDQZZQ,试点地区搜索
启恒心理咨询,心理咨询中心,金海园北区底商S-61启恒心理咨询,022-68770922;16602654366,4.1,24小时营业,116.968806,38.934758,天津市,静海区,B0GUZ5F5EM,试点地区搜索
好心情青少年心理咨询,心理咨询中心,劝业场街道南京路258号巨贝大厦A座,15330079295,3.9,09:00-18:00,117.184211,39.121087,天津市,和平区,B0LUPA1YHU,试点地区搜索
和煦堂心理咨询中心,心理咨询中心,团泊镇团泊湖庭院依湖院20号楼,13212250717;16602222889,4.1,09:00-17:00,117.152407,38.908433,天津市,静海区,B0JUYLTUYI,试点地区搜索
壹棵树心理咨询室,心理咨询中心,新汇广场三层,15332062030,3.7,08:30-19:30,117.134140,39.233798,天津市,北辰区,B0I0RZPXLZ,试点地区搜索
依莫心理咨询室,心理咨询中心,融创中心中南广场西区1号楼927,13672165416,3.7,09:00-18:00,117.147317,39.109835,天津市,南开区,B0LAAZML94,试点地区搜索
笑如心理咨询,心理咨询中心,汇金中心一号楼65-1,13114989839,3.5,08:00-20:00,117.204357,39.128985,天津市,和平区,B0LD7P0FKV,试点地区搜索
观山海科学疗愈工作室,其他,大华锦绣华城二期锦辰园1-2-1802,13021364478,3.6,09:00-20:00,117.077060,39.217440,天津市,北辰区,B0LDP51DJZ,试点地区搜索
天津市红桥区心境心理咨询工作室,心理咨询中心,睦华里14号楼1门103号,18526123366,3.5,09:00-22:00,117.156913,39.143237,天津市,红桥区,B0H26AYHH4,试点地区搜索
天津皮肤病医院,其他,津滨大道143号,13752062628,,09:00-17:00,117.281842,39.120408,天津市,东丽区,B0LRC4DPMK,试点地区搜索
天津博寿堂中医医院,其他,幽州路175号(滨海名都东门),15620371929,,08:00-12:00 13:30-17:30,117.659502,39.045164,天津市,滨海新区,B001612AXQ,试点地区搜索
天津市滨海新区大港伊心园心理咨询中心,心理咨询中心,大港街道世纪大道88号新天地大厦901室,18630903261,3.6,09:00-19:00,117.461844,38.844990,天津市,滨海新区,B0IUJCL1HM,试点地区搜索
姬昌心理咨询中心,心理咨询中心,花样年喜年广场4号楼911(解放南路地铁站C口步行260米),15320161259;18622250870,3.6,09:00-15:00,117.232272,39.042863,天津市,河西区,B0FFMESFAJ,试点地区搜索
天津心理咨询康复中心,心理咨询中心,南京路与合肥道交叉口南40米(徐州道地铁站A口步行220米),,1.8,,117.217775,39.112975,天津市,河西区,B0I1CM78F1,试点地区搜索
恒辉心理咨询中心,心理咨询中心,崔黄口地毯商贸城17号楼8门,13920612628,4.4,08:00-12:00,117.195830,39.524651,天津市,武清区,B0HRJRP8RK,试点地区搜索
天津市河西区青少年心理健康指导中心,心理咨询中心,郁江道69号,18322771416,4.4,08:00-17:00,117.216338,39.073625,天津市,河西区,B0KB1UBQVM,试点地区搜索
奇诺心理咨询中心,心理咨询中心,小站镇迎新村商贸一路14号,13389582207,3.6,08:00-22:00,117.436627,38.903867,天津市,津南区,B0KKA7IIQC,试点地区搜索
榕舍•心居,其他,天津市乐谷商务中心A座1305室,18920898878,3.4,09:00-18:00,117.148741,39.120479,天津市,南开区,B0L6XU3ONW,试点地区搜索
白云智慧心理服务中心,其他,中新生态城天和新乐汇4号楼510室,022-67138841;13116144134,3.6,08:30-17:30,117.745909,39.120299,天津市,滨海新区,B0GDLKFCX1,试点地区搜索
和平区心理健康体验中心,心理咨询中心,新华路12号,,4.3,,117.195281,39.127764,天津市,和平区,B0HA7PZDYB,试点地区搜索
Kara自然疗愈空间,其他,滨海华贸中心4楼422,18622058323,3.8,,117.670993,39.000263,天津市,滨海新区,B0KKAUT6EK,试点地区搜索
静鑫心理咨询中心,心理咨询中心,希望路与新兴北道交叉口东北50米,15822310720,3.4,,117.503202,38.737335,天津市,滨海新区,B0FFLA199A,试点地区搜索
天津壹朵云心理健康中心,心理咨询中心,西青道65号金兴科技大厦1507,18822170605,3.6,,117.155628,39.154949,天津市,红桥区,B0LUR54B5O,试点地区搜索
伊悦心理咨询中心,心理咨询中心,体育场路与机场道交叉口西南40米,13820517921,3.3,,117.078872,39.383917,天津市,武清区,B0FFKWVUD3,试点地区搜索
思腾孤独症干预语言发育迟缓感统训练康复中心,其他,黑牛城道辅路与太湖路交叉口西120米,,,,117.234375,39.080475,天津市,河西区,B0I1BPPDO2,试点地区搜索
天津市民营企业危机管理服务联席会议办公室,其他,花园路9号(和平路地铁站D口步行320米),,,,117.205608,39.124436,天津市,和平区,B00160EDW5,试点地区搜索
今日·疼痛干预中心,其他,南城街与城厢东路交叉口西北220米,,,,117.183711,39.139821,天津市,南开区,B0LG31FH97,试点地区搜索
危机四伏,其他,汉北路269号天津泰达航母主题公园(东南角),022-67288899,3.7,,117.812716,39.156093,天津市,滨海新区,B0FFG1Z952,试点地区搜索
上海交通大学医学院附属精神卫生中心(徐汇院区),精神专科医院,宛平南路600号,021-64387250,,08:00-16:30,121.448036,31.187274,上海市,徐汇区,B001536893,试点地区搜索
上海市精神卫生中心老年期痴呆诊疗中心,精神专科医院,宛平南路600号,,,,121.449059,31.187943,上海市,徐汇区,B00155IRIS,试点地区搜索
上海市精神卫生中心(闵行院区),精神专科医院,沪闵路3210号,021-52219155;021-64387250,,24小时营业,121.404905,31.057208,上海市,闵行区,B0FFHGCMNL,试点地区搜索
上海市精神卫生中心康复中心,精神专科医院,沪闵路3210号上海市精神卫生中心(闵行院区),,,,121.404905,31.057208,上海市,闵行区,B0FFGZOWSM,试点地区搜索
上海市长宁区精神卫生中心,精神专科医院,协和路299号,021-22139500;021-22139508,,09:00-21:00,121.354446,31.213414,上海市,长宁区,B00155A65O,试点地区搜索
宝山区精神卫生中心,精神专科医院,友谊西路788号(友谊西路富长路口),021-56692069;021-66782273,,,121.412014,31.378083,上海市,宝山区,B0JKRC0G8W,试点地区搜索
同济大学附属精神卫生中心,精神专科医院,三林路165号,021-68306699,,08:30-16:00,121.494739,31.137644,上海市,浦东新区,B00155AX6R,试点地区搜索
上海市嘉定区精神卫生中心,精神专科医院,外冈镇望安路701号,021-59936398,,08:30-11:30,121.146740,31.346315,上海市,嘉定区,B00156R3XQ,试点地区搜索
上海健康医学院附属精神卫生中心,精神专科医院,军工路585号,021-61173111,,08:00-11:00 13:00-16:00,121.551750,31.289184,上海市,杨浦区,B0FFG9JNZJ,试点地区搜索
奉贤区精神卫生中心,精神专科医院,奉炮公路1180弄1号,021-57120995,,08:00-11:30 13:30-16:30,121.518521,30.844975,上海市,奉贤区,B0FFF9YNYC,试点地区搜索
上海市普陀区精神卫生中心,精神专科医院,绿杨路658弄160支弄68号,,,,121.357378,31.286130,上海市,普陀区,B0LUUCQ465,试点地区搜索
上海市虹口区精神卫生中心,精神专科医院,上海市虹口区新市北路1536号,,,,121.480743,31.306825,上海市,虹口区,B0LDD57SHB,试点地区搜索
上海市精神卫生中心浦江医院,精神专科医院,闸航路2500号,021-54840696,,08:00-16:00,121.537117,31.020844,上海市,闵行区,B0FFKBVLYQ,试点地区搜索
浦东新区南汇精神卫生中心,精神专科医院,惠南镇拱乐路2759号,021-68036130,,08:00-11:00 13:00-16:00,121.737536,31.060726,上海市,浦东新区,B001570W5I,试点地区搜索
静安区精神卫生中心(北院区),精神专科医院,平遥路80号,021-66510223,,,121.425770,31.289491,上海市,静安区,B00155C7YG,试点地区搜索
上海市松江区精神卫生中心,精神专科医院,塔汇路209号,021-57842941,,08:00-11:30,121.178608,30.968061,上海市,松江区,B0FFG4A4SS,试点地区搜索
上海市黄浦区精神卫生中心,精神专科医院,瞿溪路1162号(近打浦路),18721933133,,,121.473162,31.198426,上海市,黄浦区,B00156RPB3,试点地区搜索
金山区精神卫生中心,精神专科医院,金石南路1949号,021-57930999;021-57958771,,08:00-17:00,121.250400,30.772757,上海市,金山区,B0FFH76E0X,试点地区搜索
上海市青浦区精神卫生中心,精神专科医院,金泽镇练西公路4865号,021-59207615;021-69200120,,,120.959582,31.073114,上海市,青浦区,B0FFG0PR4W,试点地区搜索
上海市浦东新区精神卫生中心门诊,精神专科医院,三林路165号上海市浦东新区精神卫生中心内,,,07:45-11:30 13:00-16:30,121.494918,31.137147,上海市,浦东新区,B0FFGTI0M6,试点地区搜索
徐汇区精神卫生中心,精神专科医院,龙华西路249-251号,,,,121.446913,31.173163,上海市,徐汇区,B0FFH10Y8U,试点地区搜索
上海市民政第一精神卫生中心,精神专科医院,中春路9999号,021-64201320,,08:15-11:15 13:00-16:15,121.326919,31.167047,上海市,闵行区,B00150ED71,试点地区搜索
上海市崇明区精神卫生中心,精神专科医院,三沙洪路19号,021-69611363,,09:00-16:30,121.382981,31.624239,上海市,崇明区,B001503D2C,试点地区搜索
上海市静安区精神卫生中心(南院区),精神专科医院,康定路834号(昌平路地铁站3号口步行390米),021-62584019,,24小时营业,121.440881,31.231650,上海市,静安区,B00155GE3T,试点地区搜索
上海市民政第二精神卫生中心,精神专科医院,川周公路2607号,021-68139424,,,121.643399,31.152071,上海市,浦东新区,B00154KCRL,试点地区搜索
安肯心理咨询(静安旗舰店),心理咨询中心,万航渡路778号金融街静安中心B栋9楼902室,4000520088,4.6,09:00-19:00,121.430165,31.227266,上海市,静安区,B0K0BSMFAF,试点地区搜索
安肯心理咨询(浦东仁济医院店),心理咨询中心,环龙路65弄丽晟广场B座217室,4000520088,4.7,11:00-20:00,121.529531,31.205926,上海市,浦东新区,B0H26C1Z4R,试点地区搜索
安肯心理咨询(长宁旗舰店),心理咨询中心,淮海西路666号中山万博国际中心304室,4000520088,4.5,11:00-20:00,121.422442,31.196546,上海市,长宁区,B0H2PUR925,试点地区搜索
安肯心理咨询(闵行中心医院店),心理咨询中心,七莘路50号10幢107室,4000520088,4.7,09:00-19:00,121.378797,31.111108,上海市,闵行区,B0J3ZSSWDL,试点地区搜索
安肯心理咨询(嘉定旗舰店),心理咨询中心,嘉隐园路2555号成蹊大厦601,4000520088,4.5,09:00-19:00,121.305543,31.301342,上海市,嘉定区,B0K2HZLY57,试点地区搜索
上海九龙医院精神心理科,其他,中山西路333号,021-62562588,,,121.411466,31.216582,上海市,长宁区,B0L6GCGKLT,试点地区搜索
安肯心理咨询(精卫中心店),心理咨询中心,零陵路583号4层401B419-424室,4000520088,4.5,09:00-19:00,121.447655,31.188712,上海市,徐汇区,B0H3S7M5K5,试点地区搜索
安肯心理咨询(长海医院店),心理咨询中心,淞沪路98号601室(江湾体育场地铁站出入口旁),4000520088,4.5,09:00-19:00,121.514807,31.302841,上海市,杨浦区,B0J0767MN8,试点地区搜索
上海明珠医院心理咨询中心,心理咨询中心,上南路3300号,021-55898582,4.3,08:00-17:00,121.497983,31.158677,上海市,浦东新区,B0JGYS0O6J,试点地区搜索
上海医大医院·心理咨询,心理咨询中心,徐泾镇倪家角路39号医大医院5号楼8F,021-51385126,4.3,08:00-11:30 13:30-17:00,121.282342,31.154450,上海市,青浦区,B0LR95Q0U1,试点地区搜索
上海微医医院精神心理专科,其他,丰谷路318号(云锦路地铁站5号口步行370米),021-66790091,,08:00-17:30,121.455336,31.166253,上海市,徐汇区,B0KGTC7LOE,试点地区搜索
上海市精神卫生中心-心理咨询,精神专科医院,宛平南路600号,021-64387250,4.3,,121.449153,31.187731,上海市,徐汇区,B0G0DA8E3O,试点地区搜索
普陀区心理健康咨询服务中心,心理咨询中心,志丹路上海市普陀区精神卫生中心,,3.7,08:30-20:00,121.429993,31.266924,上海市,普陀区,B00155ERV3,试点地区搜索
上海六一儿童医院,其他,宝山路455号、464、466、468、470、472、474号101复式、476-480号101室,13167065776,,08:00-17:00 08:00-17:00,121.477536,31.257278,上海市,静安区,B0FFHRZMGF,试点地区搜索
上海市心理咨询培训中心(上海市精神卫生中心5北),精神专科医院,沪闵路3210号,,4.3,,121.404367,31.057195,上海市,闵行区,B00156ZP3N,试点地区搜索
上海医大医院·儿科,其他,徐泾镇倪家角路39号医大医院,021-51385130,,08:00-22:00 08:00-17:00 08:00-22:00,121.282073,31.154956,上海市,青浦区,B0LR3CCTCS,试点地区搜索
上海觉心临床心理诊所,其他,古北路678号902室,,,,121.399399,31.204814,上海市,长宁区,B0KDVURPYR,试点地区搜索
曼朗心理咨询全球医疗连锁,心理咨询中心,愚园路40晶品中心写字楼F18层,,3.6,,121.446304,31.225348,上海市,静安区,B0H17D6Y8H,试点地区搜索
上海星晨儿童青少年心理咨询中心,心理咨询中心,金光路1082弄115号3F星晨儿童医院内3楼,,3.8,,121.272492,31.210827,上海市,闵行区,B0LDXZ9PCK,试点地区搜索
上海六一儿童医院-儿童心理障碍评估确诊指导中心,其他,宝山路462号,17321327602,,,121.477206,31.257351,上海市,静安区,B0L33AA05S,试点地区搜索
上海九龙医院心理科,其他,中山西路333号,021-62562588,,,121.411466,31.216582,上海市,长宁区,B0L0PYZJX2,试点地区搜索
上海六一儿童医院-青少年心理门诊,其他,宝山路与宝通路交叉口西北40米,,,,121.477169,31.257336,上海市,静安区,B0L1VXCNU6,试点地区搜索
上海高校心理咨询协会,心理咨询中心,广粤路上海康平医院,,3.3,,121.465744,31.286757,上海市,虹口区,B0FFLF7TOM,试点地区搜索
观心实验室·心理咨询(上海)日间中心,心理咨询中心,绥德路379弄,15010951887,4.4,08:00-24:00,121.374121,31.263841,上海市,普陀区,B0K0RRNYGP,试点地区搜索
观心实验室·心理咨询(徐汇店),心理咨询中心,永嘉路570号2号楼4层,15010951887;18620717653,4.2,08:00-23:45,121.451013,31.205941,上海市,徐汇区,B0L0G543DI,试点地区搜索
壹点灵·心理咨询中心(陆家嘴店),心理咨询中心,中国(上海)自由贸易试验区浦东大道138号19楼D01室,4000067825,4.4,09:00-21:00,121.514187,31.238523,上海市,浦东新区,B0J13UNNFG,试点地区搜索
壹点灵·心理咨询中心(中山公园店),心理咨询中心,定西路1555号2105室,4000067825,4.4,24小时营业,121.421844,31.218167,上海市,长宁区,B0KB29O2NN,试点地区搜索
壹点灵·心理咨询中心(徐汇旗舰店),心理咨询中心,天钥桥路327号17层1706A1706B室名义楼层19层1906A1906B室,4000067825,4.2,24小时营业,121.443742,31.188090,上海市,徐汇区,B0L6XU0E76,试点地区搜索
壹点灵·心理咨询中心(虹口龙之梦店),心理咨询中心,西江湾路388号B栋3101-1室,4000067825,4.3,24小时营业,121.478550,31.271091,上海市,虹口区,B0KRBUW6GM,试点地区搜索
曼朗心理门诊中心(静安店),其他,愚园路40晶品中心写字楼L18层,021-67188883,4.3,09:00-18:00,121.446150,31.225110,上海市,静安区,B0H0OZWKAX,试点地区搜索
上海华大应用心理研究院,其他,中山北路3553号伸大厦22楼,021-51688988,4.4,,121.409343,31.229265,上海市,普陀区,B0FFG80T2J,试点地区搜索
潮乐心理诊所,其他,人民路879号-1号(大世界地铁站5号口步行400米),13310135891,4.0,09:00-20:00,121.483532,31.226253,上海市,黄浦区,B0JRLCA3FX,试点地区搜索
安肯心理咨询(松江旗舰店),心理咨询中心,九峰路88号平高广场1502,4000520088,4.2,10:00-21:00,121.230730,31.016062,上海市,松江区,B0LGBC5LV0,试点地区搜索
大鱼心理咨询工作室(静安寺店),心理咨询中心,武定路327号1号楼1302,17765160712,4.2,09:00-21:00,121.454409,31.234339,上海市,静安区,B0FFLJ3G2L,试点地区搜索
上海然梅健康,其他,定边路35号1601-1603室,021-60139617;13391318750;13916011309,,09:30-19:00,121.361627,31.256664,上海市,嘉定区,B0LGZ7TNTL,试点地区搜索
万心Talktime心理咨询(静安店),心理咨询中心,余姚路288号汇智创意园1号楼228室(近13号线长寿路1号口),15317081169,4.1,09:00-21:00,121.438610,31.235918,上海市,静安区,B0HD7SOLGD,试点地区搜索
思睿明心理,其他,双峰北路1号2楼(上海体育场地铁站2号口步行420米),18917008432,4.5,09:00-19:00,121.446132,31.188707,上海市,徐汇区,B0HU3UY9LF,试点地区搜索
育来心理咨询中心,心理咨询中心,春东路508号E栋102,15801914169,4.2,09:00-20:00,121.389170,31.086647,上海市,闵行区,B0JD79EPVV,试点地区搜索
爱归心理,其他,闵虹路166弄T3-815室,021-64198171,4.0,24小时营业,121.395716,31.130872,上海市,闵行区,B0J1C7GTNM,试点地区搜索
德瑞姆心理咨询师培训(培训中心),心理咨询中心,南京东路街道广东路500号世界贸易大厦8层,17302176439,4.2,24小时营业,121.481801,31.232557,上海市,黄浦区,B0FFHET37C,试点地区搜索
橙禾澄心临床心理诊所 Mindspring Clinic,其他,凯旋路1398号长宁国际T10栋204-205,021-52655020,,10:00-18:00,121.421330,31.199781,上海市,长宁区,B0J3ZSXPQQ,试点地区搜索
上海市长宁向日葵心理服务中心,其他,长宁路1188弄(圣约瀚名邸)8号楼1楼东侧会所(近地铁3、4号线4号口),021-52980502;19946184698,4.1,09:00-18:00,121.414476,31.218759,上海市,长宁区,B0GK7SZGOE,试点地区搜索
上海市精神卫生研究所,其他,上海市精神卫生中心1号楼,,,,121.448025,31.187275,上海市,徐汇区,B00155AALF,试点地区搜索
上海市心理咨询与诊疗中心,心理咨询中心,零陵路604号(上海体育场地铁站2号口步行430米),,4.5,,121.447860,31.187810,上海市,徐汇区,B00155MMR4,试点地区搜索
睿灵心理咨询中心,心理咨询中心,龙华西路585号华富大厦18层1803室,021-60529966;18930306565,3.9,24小时营业,121.441470,31.177058,上海市,徐汇区,B0FFFA77K8,试点地区搜索
上海微光烁心理咨询中心,心理咨询中心,集心路168号梅美商务园区2号楼518室,021-51095801,4.0,09:00-21:00,121.414238,31.106786,上海市,闵行区,B0JAP73GMV,试点地区搜索
墨缇斯心理咨询与发展中心,心理咨询中心,上海市闵行区 七宝镇七莘路3088号,17317225873,4.2,11:00-20:00,121.347723,31.157008,上海市,闵行区,B0K1BAWDEZ,试点地区搜索
协瑷婚姻情感心理咨询中心,心理咨询中心,沪太路1717号山海大厦2楼257室,19921453679,3.7,08:00-22:00,121.421465,31.286112,上海市,宝山区,B0J1GM918U,试点地区搜索
里智心理咨询中心(精卫中心店),心理咨询中心,零陵路585号爱邦大厦4F,17521011398,3.7,09:00-21:00,121.447725,31.187725,上海市,徐汇区,B0GKSYHQII,试点地区搜索
晓霆心理(静安中心),其他,灵石路697号健康智谷12号楼203,,3.9,,121.447599,31.284823,上海市,静安区,B0KGJR984N,试点地区搜索
睿心心理咨询青少年心理服务中心,心理咨询中心,中谊路1215号5层A-15室,13636676655,3.8,08:00-20:00,121.347774,31.135829,上海市,闵行区,B0JGMC31PX,试点地区搜索
仁卅·心璞心理咨询中心,心理咨询中心,联航路1505弄复地浦江中心3号楼203室,021-34789160,4.1,10:00-19:00,121.519021,31.076610,上海市,闵行区,B0FFK26SOH,试点地区搜索
上海新生心理危机干预中心,危机干预中心,冠生园路231号509室,021-52525225;15000878886,3.6,09:00-21:00,121.426717,31.162856,上海市,徐汇区,B0FFIBK345,试点地区搜索
周家桥街道认知症干预中心,其他,安化路与凯旋路交叉口西南120米,,2.2,,121.416398,31.213943,上海市,长宁区,B0L3H7B5I7,试点地区搜索
学建早期干预中心,其他,真南路209弄19-20号,,4.1,,121.395258,31.268931,上海市,普陀区,B0LRJZH6HS,试点地区搜索
爱知里认知干预中心,其他,协和路一号金庭庄园北一楼(庄园大门右转),4008289903,4.2,,121.356849,31.204735,上海市,长宁区,B0JKGA20WD,试点地区搜索
高桥镇预防和减少犯罪危机干预工作室,危机干预中心,春阳路与张杨北路交叉口东北100米,,,,121.580353,31.339076,上海市,浦东新区,B0FFF00KUB,试点地区搜索
青青脊柱·青少年脊柱侧弯干预中心,其他,长海路359号,,4.3,,121.526462,31.309816,上海市,杨浦区,B0KUD7XSFW,试点地区搜索
中科特膳减重与营养干预中心,其他,鹿溪路与花苑路交叉口南20米,,,,121.696436,31.117644,上海市,浦东新区,B0L219UMDE,试点地区搜索
培智英学能运动中心,其他,城桥镇八一路680号,19512388424,4.3,08:30-20:00,121.398220,31.629456,上海市,崇明区,B0JBPL9ZEV,试点地区搜索
重庆市精神卫生中心,精神专科医院,金紫山102号,023-67511695,,09:00-18:00,106.530579,29.593684,重庆市,两江新区,B00170BECF,试点地区搜索
重庆市第十一人民医院,其他,梨高路1号,023-65371479,,,106.445220,29.539628,重庆市,沙坪坝区,B0FFK2MUTG,试点地区搜索
重庆华肤皮肤病医院,其他,石杨路196-200号,15523224698,3.4,24小时营业,106.489595,29.518316,重庆市,九龙坡区,B0H26U1XUZ,试点地区搜索
重庆市精神卫生中心(歌乐山院区),精神专科医院,矿山坡51号,023-65501567,,08:30-12:00 14:00-17:00,106.415580,29.591634,重庆市,沙坪坝区,B0HRDXYVHB,试点地区搜索
重庆九五医院,其他,钢花路326号(新山村公交车站旁),023-68958603,,08:00-20:00,106.488383,29.484018,重庆市,大渡口区,B0017944ID,试点地区搜索
重庆市南岸区精神卫生中心,精神专科医院,文峰正街1号,19123346388,,08:30-20:00,106.601078,29.497918,重庆市,南岸区,B0FFL21FAT,试点地区搜索
重庆市九龙坡区精神卫生中心,精神专科医院,白彭路432号,023-65265412,,24小时营业,106.357412,29.406294,重庆市,九龙坡区,B0FFKRKL0C,试点地区搜索
长寿区第三人民医院,其他,晏家街道尚城北路10号,023-40714337,,09:00-17:00,107.012971,29.830298,重庆市,长寿区,B0FFKKY8DT,试点地区搜索
渝中区精神卫生中心,精神专科医院,北区路67号(黄花园地铁站1号口步行480米),,,,106.560837,29.563104,重庆市,渝中区,B0I39M0ZML,试点地区搜索
重庆市精神卫生中心门诊部,精神专科医院,金紫山102号重庆市精神卫生中心内,023-67500488,,,106.530669,29.592398,重庆市,两江新区,B0FFF2NQ4S,试点地区搜索
重庆市巴南区精神卫生中心,精神专科医院,海棠路22号,023-66419223,,08:30-12:00 14:00-17:00,106.609610,29.380679,重庆市,巴南区,B0FFHD28TK,试点地区搜索
重庆市长寿区精神卫生中心,精神专科医院,枣子街与葛兰老街交叉口西南480米,,3.5,08:00-17:30,107.116383,30.024677,重庆市,长寿区,B0FFM9MDHZ,试点地区搜索
永川区精神卫生中心,精神专科医院,探花路610号,,,,105.873652,29.343011,重庆市,永川区,B0FFGZE48H,试点地区搜索
重庆市江北区精神卫生中心,精神专科医院,寸滩街道港安三路二号(寸滩地铁站1B口步行390米),023-67092096,,24小时营业,106.602742,29.621881,重庆市,两江新区,B001786N3Q,试点地区搜索
重庆市江津精神康复院,其他,几江街道办事处印染园路2号,,,08:30-23:00,106.236381,29.302474,重庆市,江津区,B0FFGY1NV2,试点地区搜索
开州区精神卫生中心,精神专科医院,渝巫路与滨湖西路交叉口东南480米,,,09:00-21:00,108.358805,31.147376,重庆市,开州区,B0FFHDSW5B,试点地区搜索
合川区精神卫生中心,精神专科医院,营盘街155号,023-81660963,,,106.265198,29.988138,重庆市,合川区,B0FFHJXLO2,试点地区搜索
黔江精神卫生中心,精神专科医院,会展路与金龙路交叉口西南440米,,,,108.806959,29.456914,重庆市,黔江区,B0HK953QIZ,试点地区搜索
重庆市精神卫生中心,精神专科医院,玛雅上层东门旁(郑家院子地铁站3号口步行350米),,,24小时营业,106.532020,29.598671,重庆市,两江新区,B0JBP983DM,试点地区搜索
重庆市梁平区精神卫生中心,精神专科医院,合兴街道合兴村2组110号,023-53680321,,,107.817816,30.742204,重庆市,梁平区,B0FFJMP4KH,试点地区搜索
重庆市涪陵精神卫生中心,精神专科医院,清溪镇安民路155号,023-72715903,,24小时营业,107.477575,29.801350,重庆市,涪陵区,B0HGJDHJ64,试点地区搜索
重庆璧山心宁医院,其他,青杠街道三溪路99号,023-41772888,,,106.239387,29.451243,重庆市,璧山区,B0FFH0MVG8,试点地区搜索
九龙坡区精神卫生中心(陶家分院),精神专科医院,陶家镇陶家街59号,023-68961034,,24小时营业,106.355773,29.365897,重庆市,九龙坡区,B0FFM5P1CI,试点地区搜索
重庆新禾精神病医院,其他,解放支路33号,,,08:00-18:00,106.502651,29.781286,重庆市,两江新区,B0JK35G4B2,试点地区搜索
九龙坡区精神卫生中心美沙酮门诊,精神专科医院,文化五村28号,023-68679067,,,106.520273,29.520920,重庆市,九龙坡区,B0FFJV8GSG,试点地区搜索
梓笙园心理医院,其他,双福街道双福北路8号,023-61093616,,24小时营业,106.279866,29.443343,重庆市,江津区,B0K1YSDAZD,试点地区搜索
重庆临江门医院-心理科,其他,临江门15号(临江门地铁站2号口步行330米),15223538771,,08:00-17:30,106.571731,29.560142,重庆市,渝中区,B0HDP5JORA,试点地区搜索
重庆优眠精神心理咨询中心,心理咨询中心,大坪街道大坪正街88号第四层2-3,17316797301,4.5,08:00-18:00,106.516744,29.541806,重庆市,渝中区,B0J2CM682T,试点地区搜索
陆军第958医院精神心理医学科,其他,长新路与渝州支路交叉口东北320米,18108329800,,,106.492184,29.541619,重庆市,九龙坡区,B0HAJZ5UY6,试点地区搜索
重庆临江门医院心医心理咨询中心,心理咨询中心,解放碑街道临江门15号第二层,15223538771,4.3,08:00-19:00,106.571779,29.560289,重庆市,渝中区,B0I1RPU01P,试点地区搜索
重庆大学附属三峡医院(江南院区)儿童青少年心理健康中心,心理咨询中心,江南大道与岑公路交叉口东200米,,,,108.412575,30.810475,重庆市,万州区,B0LB1R3XSI,试点地区搜索
安肯心理咨询(松山医院店),心理咨询中心,大竹林街道星光大道69号松山医院门诊5楼,4000520088,4.2,08:00-24:00,106.505290,29.619377,重庆市,两江新区,B0L197I1XN,试点地区搜索
重庆九五医院-心理睡眠精神专科,其他,钢花路326号附1号,023-68876108,4.3,08:30-17:30,106.488481,29.483867,重庆市,大渡口区,B0FFKZWCBC,试点地区搜索
重庆三一八心理咨询中心,心理咨询中心,观音桥街道洋河三村5号6-5,13368413783,4.1,08:00-17:30,106.529033,29.584418,重庆市,两江新区,B0HK3DI4VC,试点地区搜索
重庆江北黄泥磅医院,其他,红黄路91-8号(黄泥塝地铁站3A口步行460米),19302326088,,08:00-17:30,106.532716,29.586756,重庆市,两江新区,B00170A3AP,试点地区搜索
重庆惠民癫康医院,其他,华新街街道建新东路28号1-73,023-67963766,4.4,08:00-17:30,106.539488,29.573828,重庆市,两江新区,B0I17ZQNQ1,试点地区搜索
西南大学附属心理医院,三甲医院,紫荆路辅路与紫荆支路交叉口西北60米,,,,106.531967,29.598648,重庆市,两江新区,B0HRSZQUO2,试点地区搜索
重庆东华医院失眠·心理卫生中心,其他,石井坡168号重庆东华医院,,,,106.440700,29.589783,重庆市,沙坪坝区,B0FFG0D2VP,试点地区搜索
重庆九五心理咨询有限公司,心理咨询中心,钢花路326号附1号,,3.6,08:30-17:30,106.488481,29.483867,重庆市,大渡口区,B0L6S55N7D,试点地区搜索
重庆市大渡口区心理咨询师协会,心理咨询中心,钢花路326号,023-68876108,3.6,,106.488319,29.483807,重庆市,大渡口区,B0HBTL45QN,试点地区搜索
重庆医科大学附属儿童医院渝中院区心理科,三甲医院,中山二路136号重庆医科大学附属儿童医院渝中院区,,,09:00-21:00,106.553740,29.554860,重庆市,渝中区,B0FFGAAOJW,试点地区搜索
重庆市綦江区未成年人心理健康辅导站,心理咨询中心,龙角路24号綦江区人民医院东城分院6层,,3.6,,106.654303,29.028167,重庆市,綦江区,B0H3S5JNIN,试点地区搜索
重庆市第九人民医院本部,其他,河嘉路嘉陵村69号,023-63221327;023-68203454,,,106.446510,29.822092,重庆市,北碚区,B001700BC1,试点地区搜索
重庆市第十三人民医院,其他,铁路新村16号(黄桷坪地铁站4号口步行480米),023-61589704;023-61589713,,24小时营业,106.537507,29.491203,重庆市,九龙坡区,B00178TWJJ,试点地区搜索
精神卫生中心心理科心理咨询门诊,精神专科医院,北区路与大溪沟街交叉口东120米,,4.0,,106.560936,29.562988,重庆市,渝中区,B0JULRVU3Z,试点地区搜索
重庆市垫江县中医院睡眠心理精神科(中医院康复示范中心),其他,桂西大道北段389号,023-74572166,,24小时营业,107.350301,30.342176,重庆市,垫江县,B0L6AGZEJF,试点地区搜索
南岸区精神卫生中心心理治疗门诊,精神专科医院,文峰正街,,,,106.601431,29.497967,重庆市,南岸区,B0JG373VRP,试点地区搜索
仁爱心理咨询中心,心理咨询中心,柳萌街29号(花卉园地铁站1A口步行190米),15310284532,4.6,07:30-17:30,106.516214,29.583478,重庆市,两江新区,B0K3CZAPTB,试点地区搜索
重庆小米熊青少年心理咨询中心,心理咨询中心,南坪东路49号,19923701496,4.1,08:30-17:00,106.576631,29.534013,重庆市,南岸区,B0IA37YP9H,试点地区搜索
OTR心理发展咨询中心,其他,天陈路与公园支路交叉口东220米,023-67823888,4.2,09:30-06:00,106.460384,29.550851,重庆市,沙坪坝区,B0FFGZQD0N,试点地区搜索
启智青苗潜能测训与心理疗愈中心,其他,金开大道协信星光天地2F(和睦路地铁站3号口旁),023-63118522,4.6,,106.533125,29.628275,重庆市,两江新区,B0L6ZR38CP,试点地区搜索
重庆圣安米悦心理咨询中心,心理咨询中心,长江滨江路2号(朝天门地铁站2号口步行160米),19923229426,4.4,09:00-17:00,106.587212,29.565032,重庆市,渝中区,B0HD4CHVKJ,试点地区搜索
重庆伍捌零心理咨询中心,心理咨询中心,兴隆路26号数码大厦A座1102,023-67747875;13983180580;13983372580,4.3,08:30-18:00,106.539722,29.579473,重庆市,两江新区,B0FFGA9VEG,试点地区搜索
低语秘境·塔罗·星盘·手作蜡烛,其他,马鞍山街道228号(环线上浩站3C口斜对面)停车场上面,13018385949,4.1,11:30-21:30,106.593302,29.547414,重庆市,南岸区,B0LBR7I9IH,试点地区搜索
浩瀚心理,其他,大学城南路翰粼天辰学智社区便民服务中心旁(原售楼部),17815260612,4.1,09:30-22:00,106.284202,29.597601,重庆市,沙坪坝区,B0KR6ZVV6E,试点地区搜索
重庆欣愉心理咨询中心(红旗河沟店),心理咨询中心,红黄路红旗河沟洋河三村5号中信银行大厦,13350369483,3.9,24小时营业,106.529167,29.584520,重庆市,两江新区,B0G23ABGGZ,试点地区搜索
重庆百为心理咨询有限公司,心理咨询中心,同茂大道418号创客大厦25-11,17623611210,3.9,24小时营业,106.570387,29.724376,重庆市,两江新区,B0JGTRTBBK,试点地区搜索
重庆一欣一阅女性心理咨询,心理咨询中心,栖霞路金贸时代7栋26-6(金渝地铁站1号口步行340米),13696426726,3.7,09:00-18:00,106.568093,29.636983,重庆市,两江新区,B0JGGZLMLD,试点地区搜索
重庆高屋平生心理咨询室,心理咨询中心,冉家坝龙湖Moco1期1栋27-17,19823809896,4.0,09:00-20:00,106.497723,29.601594,重庆市,两江新区,B0KD0OX07N,试点地区搜索
聆听(重庆)心理咨询中心,心理咨询中心,黄龙路28号朗俊中心3幢5-4,18983932267,3.6,09:00-21:00,106.540017,29.590026,重庆市,两江新区,B0I2BS0FL8,试点地区搜索
灵犀树心理咨询工作室,心理咨询中心,新南路龙湖MOCO中心3栋15层14室(北环红星美凯龙),023-67189110;17725054826,3.9,09:30-18:00,106.499700,29.601623,重庆市,两江新区,B0FFHE1BPS,试点地区搜索
星誉心理咨询(龙湖重庆公园天街店),心理咨询中心,秋成大道152号龙湖天际3号楼12层1220(中央公园西6号出口),18108315753;19102337388,3.8,24小时营业,106.573282,29.721008,重庆市,两江新区,B0KGS5L7X8,试点地区搜索
重庆市医学心理咨询中心(花卉园西四路),心理咨询中心,玛雅上层1栋2层(郑家院子地铁站3号口步行370米),023-67070707,4.5,09:00-12:00 14:00-18:00,106.531968,29.598492,重庆市,两江新区,B0FFMG33ER,试点地区搜索
重庆寸草心心理咨询有限公司(观音桥店),心理咨询中心,江北观音桥浩博天庭大厦12-6,18203040640,3.6,08:00-21:30,106.535015,29.571661,重庆市,两江新区,B0LD9U8T60,试点地区搜索
齐志心理咨询工作室,心理咨询中心,首创·光和城1期2栋17层16号,18996326253,3.5,09:00-16:00,106.367235,29.609155,重庆市,沙坪坝区,B0FFGK1AZV,试点地区搜索
重庆天爱心理咨询中心,心理咨询中心,嘉博路2号翠湖天地SOHO8楼11号,023-67618500,4.1,09:00-18:00,106.513825,29.549775,重庆市,渝中区,B0FFITHHNU,试点地区搜索
重庆三峡精神卫生中心,精神专科医院,北山大道862号,,,,108.402912,30.830203,重庆市,万州区,B00170541C,试点地区搜索
北碚区精神卫生中心,精神专科医院,镇歇马支路21号,,,,106.373864,29.762577,重庆市,北碚区,B0FFGFAK66,试点地区搜索
渝中区健尔禄心理咨询中心,心理咨询中心,肖家湾兰波红城丽景1栋602(大坪地铁站2号口步行450米),15310331568,3.7,00:00-24:00 10:00-20:00,106.524507,29.540888,重庆市,渝中区,B0FFG8ZEEG,试点地区搜索
重庆市涪陵心理健康服务中心,心理咨询中心,黎明路85号(三中院下行100米),023-72121868,4.5,08:00-17:30,107.382468,29.712500,重庆市,涪陵区,B0K06Z5M9R,试点地区搜索
圣安心理咨询中心(南坪店),心理咨询中心,开发路与南坪西路交叉口北80米,,1.8,,106.563875,29.528975,重庆市,南岸区,B0I1NY46LA,试点地区搜索
重庆沙游心理咨询中心,心理咨询中心,人民西路16号华创A栋4-11,,3.7,09:00-20:00,105.930625,29.351625,重庆市,永川区,B0HUL74J93,试点地区搜索
重庆欣愉心理咨询中心(大坪店),心理咨询中心,大坪正街与茶亭南路交叉口东北100米,,0.3,,106.513275,29.540875,重庆市,渝中区,B0I3VKASK1,试点地区搜索
重庆师范大学学生心理健康教育与咨询中心(校友会堂一楼),心理咨询中心,虎溪镇大学城中路37号重庆师范大学大学城校区,,3.9,,106.306696,29.611459,重庆市,沙坪坝区,B0LUL56UK7,试点地区搜索
重庆俊英成长行为健康咨询中心,其他,歌乐山街道歌乐村牵牛洞三汇园,15310806377,4.2,24小时营业,106.406325,29.578625,重庆市,沙坪坝区,B0LA6UBBYD,试点地区搜索
101心理咨询中心,心理咨询中心,金沙天街龙湖光年4栋36-11,,3.9,,106.463303,29.554440,重庆市,沙坪坝区,B0HGNHLRIU,试点地区搜索
重庆市心理卫生协会儿童青少年心理危机干预中心,危机干预中心,内环快速与高滩岩立交交叉口东40米,,3.6,,106.444084,29.540200,重庆市,沙坪坝区,B0HKJHWKT6,试点地区搜索
重庆市永川区心舟驿站危机干预中心,危机干预中心,汇龙大道169号,13508317629;17723197629,2.0,09:00-17:30,105.921533,29.356218,重庆市,永川区,B0JD2ZJP7L,试点地区搜索
海纳星干预中心(奉节校区),其他,滨江郦城B10栋美食街8号通道3楼,15023495870,4.2,,109.467538,31.013970,重庆市,奉节县,B0I25CFAI2,试点地区搜索
石家庄市第八医院,精神专科医院,新华路620号,0311-68026803;0311-68026900,,24小时营业,114.419660,38.051319,石家庄市,桥西区,B013702C16,试点地区搜索
张掖癫痫病医院,其他,张掖村(近红旗大街),0311-84668302,,08:30-17:30,114.472287,37.906153,石家庄市,元氏县,B0FFF5KT8O,试点地区搜索
河北医科大学精神卫生研究所,三甲医院,东岗路89号河北医科大学第一医院内,0311-85917197,,08:30-20:00,114.554503,38.016267,石家庄市,裕华区,B0FFHUNE0R,试点地区搜索
河北医科大学第一医院体检楼,三甲医院,裕兴街道东岗路26号河北医科大学第一医院内,,,,114.554473,38.016481,石家庄市,裕华区,B0FFG2RCEZ,试点地区搜索
辛集市精神卫生保健中心,其他,复康街4号,0311-83371011,,24小时营业,115.221282,37.909820,石家庄市,辛集市,B01370XNYC,试点地区搜索
元氏万年精神医院,其他,马村乡万年村,15231143593,,08:00-18:00,114.471977,37.883853,石家庄市,元氏县,B0G3TZNRVL,试点地区搜索
石家庄庭瑞中医精神康复医院,其他,石获南路268-1号,0311-83616111,,,114.384805,38.061699,石家庄市,桥西区,B013706ULZ,试点地区搜索
石家庄市栾城区第二医院,综合医院,石栾大街888号,,,,114.641031,37.890766,石家庄市,栾城区,B0FFG7AJIC,试点地区搜索
石家庄市精神卫生福利中心,其他,福凯路4号,,,,114.426154,38.025413,石家庄市,桥西区,B0HK7AKJ9D,试点地区搜索
赞皇神康医院,其他,土门乡土门村,0311-84267266,,,114.273778,37.633358,石家庄市,赞皇县,B0FFHUUXB8,试点地区搜索
桥头乡中心卫生院精神康复中心,其他,西九路与财源街交叉口西260米,15030807017,,,115.244732,38.140137,石家庄市,深泽县,B0GU5XXIIZ,试点地区搜索
元氏县精神卫生病院,其他,406乡道与益鑫路交叉口北460米,,,,114.580625,37.764175,石家庄市,元氏县,B0GRUC6RCK,试点地区搜索
行唐县圣合苑精神病托养中心,其他,602乡道与胜利路交叉口西440米,,3.9,,114.625525,38.410625,石家庄市,行唐县,B0IAA7ATI6,试点地区搜索
石家庄庭瑞中医精神康复医院发热门诊,其他,新华路692号,,,,114.384767,38.061687,石家庄市,桥西区,B0IKRMG8R9,试点地区搜索
兴安医院,其他,兴安街与育才西路交叉口西北120米,,,,114.907695,38.037032,石家庄市,藁城区,B0FFJINNWK,试点地区搜索
石家庄长江心理医院·心理咨询中心,心理咨询中心,胜利北街350号胜利北街与北二环交叉处北行150米(260医院旁边),15530189787,4.6,08:00-23:00,114.516627,38.084069,石家庄市,长安区,B0FFFFNGCL,试点地区搜索
石家庄心理医院,其他,和平西路638号,0311-86955399;0311-87782154,,08:00-17:00,114.444098,38.062241,石家庄市,新华区,B0137028F6,试点地区搜索
石家庄六一儿童医院,其他,槐北路与体育南大街交叉口东北40米,17752992846,,08:00-18:00,114.533397,38.032661,石家庄市,裕华区,B0FFJLRLVV,试点地区搜索
心理医院,其他,海天线,,,,114.920152,38.175228,石家庄市,无极县,B0FFKQ6DVE,试点地区搜索
心理精神卫生中心,精神专科医院,兴安镇定魏线张村变电所公交站北,,,,114.952425,38.047066,石家庄市,藁城区,B0FFFS80BD,试点地区搜索
河北医科大学第二医院总院精神心理科,三甲医院,和平西路215号河北医科大学第二医院门诊楼3层,,,,114.482995,38.057510,石家庄市,新华区,B01370VXSM,试点地区搜索
石家庄六一儿童医院心理健康中心,心理咨询中心,体育南大街149号,,3.7,,114.533468,38.032616,石家庄市,裕华区,B0J30R1HT9,试点地区搜索
石家庄市第三医院心理科门诊,综合医院,建北街道体育南大街15号石家庄市第三医院,,,,114.534151,38.039909,石家庄市,长安区,B0FFGAC575,试点地区搜索
长 江 心理咨询,心理咨询中心,胜利北大街350号院内北侧楼104室,0311-86833555,4.1,24小时营业,114.516744,38.084059,石家庄市,长安区,B0LGCZR33K,试点地区搜索
易鈊坊易经塔罗疗愈心理咨询工作室,心理咨询中心,桥西区中山路166号如意商务大厦十楼1011,15081115385;17732839326,3.9,24小时营业,114.506751,38.042502,石家庄市,桥西区,B0KGTHBFSQ,试点地区搜索
心工坊(石家庄整合心理咨询中心长安分店),心理咨询中心,西大街与裕华路交口西北角,0311-85959869,4.5,08:30-17:30,114.521141,38.036120,石家庄市,长安区,B0FFMGPRPM,试点地区搜索
天智心理咨询,心理咨询中心,建设大街2号燕华大厦1009室,18712956397,4.0,09:00-22:00,114.510995,38.044154,石家庄市,长安区,B0GKJSXMJK,试点地区搜索
普济心理咨询中心,心理咨询中心,汇通路39号(欧韵公园地铁站B东南口步行360米),13106527385,4.3,08:00-17:30,114.508025,38.015975,石家庄市,裕华区,B0LG2ULGUP,试点地区搜索
安肯心理咨询(长安店),心理咨询中心,中山东路265号汇景国际4-1112,,4.1,,114.519055,38.043553,石家庄市,长安区,B0LA3CF1QA,试点地区搜索
潜力星学习潜能开发研究中心(万象城中心),其他,中山路88号启航商务3层,18533332395,4.2,09:00-21:00,114.480536,38.042892,石家庄市,桥西区,B0L3R1PAY0,试点地区搜索
芒果心理咨询中心,心理咨询中心,瑞城国际广场5号楼1213,17769036687,3.9,09:00-21:00,114.566154,38.044885,石家庄市,长安区,B0KDZ7QRO9,试点地区搜索
真空间心理咨询,心理咨询中心,中山东路661号,,3.5,08:00-22:00,114.567665,38.044752,石家庄市,长安区,B0L6HUH75L,试点地区搜索
邓辉心理咨询(失眠症焦虑症抑郁症),心理咨询中心,香港路57号(失眠症多梦症),13230489592,3.9,24小时营业,114.564028,38.437497,石家庄市,行唐县,B0FFG46SZ3,试点地区搜索
石家庄怡康心理咨询,心理咨询中心,中华北大街345号燕都金地城18-4-201,15369200678;18931893918,3.8,24小时营业,114.485196,38.090065,石家庄市,新华区,B0FFMHHT8Y,试点地区搜索
石家庄正定琉璃芯舍心理咨询,心理咨询中心,金河商务楼E座2821,,4.0,08:00-21:00,114.558927,38.157557,石家庄市,正定县,B0JUPLWOG2,试点地区搜索
雨林感统专注力(潜力星学习潜能研究西美中心),其他,石家庄动漫大厦一层,18630180130,3.8,09:00-21:00,114.563575,38.021325,石家庄市,裕华区,B0FFK6C0B5,试点地区搜索
绽放心理工作室,其他,上庄镇西山庭院底商,15614137756,4.0,09:30-19:00,114.380827,38.038960,石家庄市,鹿泉区,B0FFH5LV1N,试点地区搜索
德中心理咨询中心,心理咨询中心,医大一院对面春天广场写字楼4楼,0311-67693646,4.1,08:30-18:00,114.554122,38.015759,石家庄市,裕华区,B0FFITQ7RD,试点地区搜索
誉文催眠心理咨询,心理咨询中心,卓达书香园三期2号楼303室,15632326769,3.7,09:00-18:00,114.561517,38.004018,石家庄市,裕华区,B0HKYSTMNV,试点地区搜索
亮光心理咨询中心,心理咨询中心,石栾大街78号东南智汇城4号院57号楼2单元1604室,18903217473,3.6,09:00-20:00,114.536393,37.988932,石家庄市,裕华区,B0LGN9X14F,试点地区搜索
长源青少年减压中心,其他,花园路与人和街交叉口东行50米路南,15233609632,3.9,08:00-20:00,114.986325,38.180755,石家庄市,无极县,B0FFK8PU30,试点地区搜索
益格心理咨询中心,心理咨询中心,中山西路127号国贸大厦F2层,17531136780,3.5,,114.480545,38.043856,石家庄市,桥西区,B0K27U6HIT,试点地区搜索
河北理心心理咨询(石家庄店),心理咨询中心,红旗大街88号翰林观天下南区25楼1单元302号,13603199864,4.0,09:00-18:00,114.456560,38.024032,石家庄市,桥西区,B0FFKV8RL3,试点地区搜索
新东方心理咨询,心理咨询中心,裕华东路170号恒佑大厦621室,18633481841,3.8,09:00-18:00,114.574954,38.035734,石家庄市,裕华区,B0FFGIJBRG,试点地区搜索
鲤跃青少年心理咨询,心理咨询中心,金河国际花园,15127121208,3.6,08:00-18:00,114.560080,38.156374,石家庄市,正定县,B0JDRZKF9L,试点地区搜索
福慧自然(紫金大厦店),其他,槐安西路与红旗大街交叉口西南角紫金大厦2121室,13014399531,3.2,09:00-19:00,114.458569,38.024206,石家庄市,桥西区,B0IRPR861A,试点地区搜索
净听其言心理咨询,心理咨询中心,福建茶城三楼北区15号(东二环南路地铁站C西南口旁),15930199168,3.8,,114.577097,38.010388,石家庄市,裕华区,B0K0LHUGHA,试点地区搜索
石家庄华康中医医院,其他,槐中路620号,0311-85666688,,08:00-17:30,114.575351,38.029290,石家庄市,裕华区,B0FFHFJUFA,试点地区搜索
河北医科大学第一医院神经疾病会诊中心,三甲医院,东岗路89号河北医科大学第一医院,,,,114.553095,38.016733,石家庄市,裕华区,B0JB31HTJ6,试点地区搜索
河北医科大学第一医院精神科,三甲医院,东岗路26号河北医科大学第一医院内,,,,114.554488,38.016519,石家庄市,裕华区,B0FFFR7EDM,试点地区搜索
石家庄医专附属医院神经疾病中心,其他,体育北大街199号附属医院15楼,0311-85959680,,08:00-18:00,114.532925,38.075625,石家庄市,长安区,B0L6MRR23D,试点地区搜索
康祺学能提升心理咨询中心,心理咨询中心,休门街3号滨江优谷大厦507,13933160936,3.4,09:30-19:00,114.507070,38.039394,石家庄市,桥西区,B0J34U8LYW,试点地区搜索
端心心理健康管理中心(中基·礼域尚城店),心理咨询中心,平安北大街中基礼域南区商铺23号楼506,13718691829,4.2,08:30-18:00,114.501720,38.050658,石家庄市,长安区,B0JBLSORUD,试点地区搜索
深泽县辰亦心理健康咨询工作室,心理咨询中心,真武东路148号温泉南区底商心理咨询中心,19003342612,3.5,08:00-20:00,115.213896,38.187008,石家庄市,深泽县,B0K3AMTJ81,试点地区搜索
桥西区境源心理健康咨询中心,心理咨询中心,休门街3号滨江优谷大厦南大厅807,18630157868,3.6,,114.506881,38.039826,石家庄市,桥西区,B0FFH2MJY1,试点地区搜索
石家庄整合心理咨询中心,心理咨询中心,东风路123号,13331342562,4.0,08:30-17:30,114.510429,38.025212,石家庄市,桥西区,B0KDSZUJYM,试点地区搜索
潜力星学习潜能开发研究中心(原雨林感统专注力东风西店),其他,福来喜酒店汇通路31号商务楼一层A05-A07号商铺,18533332395,4.3,,114.508378,38.016131,石家庄市,裕华区,B0L1CU5TVA,试点地区搜索
培鑫青少年心理咨询,心理咨询中心,远洋晟庭15号楼321室,13363814768,3.9,,114.554086,38.058140,石家庄市,长安区,B0LDZUTTQG,试点地区搜索
石家庄市未成年人心理维护中心,其他,石家庄市长安区西大街142号,,3.8,,114.521192,38.036121,石家庄市,长安区,B0G2MDXJ4G,试点地区搜索
辛集市倾听心理咨询中心,心理咨询中心,安定大街与革兴路交叉口西北40米,,3.8,,115.220818,37.938367,石家庄市,辛集市,B0K3M6IERD,试点地区搜索
心理咨询中心,心理咨询中心,建设北大街与华新路交叉口东南60米,,3.5,09:00-21:00,114.512122,38.061445,石家庄市,长安区,B0FFIC7VJ5,试点地区搜索
石家庄心宁心理咨询中心,心理咨询中心,建华南大街与槐安东路辅路交叉口东北60米,,1.7,,114.547375,38.023225,石家庄市,裕华区,B0LU5HLSMI,试点地区搜索
石家庄精神心理诊疗康复中心,其他,中华南大街386号,,,24小时营业,114.477064,38.014547,石家庄市,桥西区,B0KDBUXBYL,试点地区搜索
石家庄市未成年人心理维护中心鹿泉区分中心,其他,威远街与北斗西路交叉口北120米,,3.4,,114.310809,38.089735,石家庄市,鹿泉区,B0FFJHWDZO,试点地区搜索
畅清舒健康干预中心,其他,海河道同祥城AB-3-108号,,,,114.615867,38.048454,石家庄市,裕华区,B0FFJG6NBU,试点地区搜索
智明低视力干预中心,其他,海河道73号,18833193231,,,114.613449,38.049804,石家庄市,裕华区,B0LDT41YPH,试点地区搜索
石家庄市中小学生视力健康干预中心(大经街),其他,大经街天滋嘉鲤,,,09:00-20:00,114.496914,38.038541,石家庄市,桥西区,B0FFFDXK8C,试点地区搜索
河北省儿童近视防控干预指导中心,其他,中华南大街与槐安西路辅路交叉口北140米,,,,114.476919,38.026201,石家庄市,桥西区,B0KDGZH2QJ,试点地区搜索
儿童早期干预康复培训中心,其他,友谊北大街与西焦北路交叉口南100米,,3.1,,114.453199,38.051346,石家庄市,新华区,B0L1HCY48L,试点地区搜索
石家庄市中小学生视力健康干预中心(中山西路)-门前停车场,其他,康乐街与中山西路交叉口东南40米,,,,114.473775,38.042675,石家庄市,桥西区,B0M6BMG8V8,试点地区搜索
石家庄市中小学生视力健康干预中心(中山西路),其他,中山西路140号,0311-87028317,,09:00-18:30,114.475637,38.042825,石家庄市,桥西区,B0FFFDXKSN,试点地区搜索
康视眼镜青少年视力干预中心(平山店),其他,冶河东路27号,0311-82939195,3.5,08:00-18:00,114.199377,38.257499,石家庄市,平山县,B0FFGG8E3Q,试点地区搜索
石家庄中小学生视力健康干预中心(泰华分中心),其他,泰华街486号,0311-87023129,,,114.463274,38.071738,石家庄市,新华区,B0K6JAS7FR,试点地区搜索
中茂眼镜视力干预中心(平山店),其他,康乐街图书馆对过,,3.4,,114.196195,38.250122,石家庄市,平山县,B0FFJE091E,试点地区搜索
山西省精神卫生中心,精神专科医院,郝庄镇南十方街55号(南十方街地铁站D口步行390米),,,24小时营业,112.605919,37.833147,太原市,迎泽区,B0HRVR0LK3,试点地区搜索
太原安定医院,精神专科医院,五龙口街109号(太原东客站),0351-4946018;0351-6629999;18636900530,,08:00-12:00 13:30-17:30,112.607206,37.865577,太原市,杏花岭区,B0FFFGWANV,试点地区搜索
太原市第五人民医院,其他,东中环路附近,0351-4191301;0351-8726103,,,112.605988,37.832783,太原市,迎泽区,B015F14L04,试点地区搜索
山西省精神卫生中心门诊部,精神专科医院,东岗路西二巷1号,0351-4191301;0351-4961350,,,112.578750,37.848651,太原市,迎泽区,B0FFF2EU1C,试点地区搜索
太原市社会福利精神康宁医院,其他,康宁医院,0351-2509933,,08:00-18:00,112.463097,37.886925,太原市,万柏林区,B0IAYMRGUX,试点地区搜索
杏花岭区精神康复医院,其他,中涧河村76号康复医院旁边,0351-3128648,,,112.578194,37.914652,太原市,杏花岭区,B015F00D80,试点地区搜索
太原安定精神疾病研究院,其他,五龙口街与伞儿树巷交叉口西北20米,0351-5632239,,,112.607326,37.865362,太原市,杏花岭区,B0FFIVJ21E,试点地区搜索
太原安定心理服务有限公司,其他,五龙口街109号2层,15525466017,4.2,08:00-12:00 13:30-17:30,112.607320,37.865471,太原市,杏花岭区,B0JBRHMP4A,试点地区搜索
山西医科大学第一医院解放路院区心理卫生中心,三甲医院,康乐街山西医科大学第一医院,,,,112.554759,37.852932,太原市,迎泽区,B0FFM671FZ,试点地区搜索
太原癫康心理咨询中心,心理咨询中心,古城街办大同路269号4层420室,0351-4061906,4.2,24小时营业,112.535072,37.926882,太原市,尖草坪区,B0H60ZIV8N,试点地区搜索
太原天使儿童医院,其他,桥东街H区10号楼,13513605731,,08:00-17:30 08:00-17:30,112.584186,37.857261,太原市,迎泽区,B0FFJDBE3R,试点地区搜索
太原科大心理咨询中心,心理咨询中心,府西街54号一层通道及二层商业房,15698306580,4.8,08:00-17:30 08:00-18:00,112.556141,37.873085,太原市,杏花岭区,B0I137X9X8,试点地区搜索
太原科大门诊部,其他,府西街54号1层通道及2层商业房,15698306580,4.7,08:00-17:30 08:00-18:00,112.556155,37.873214,太原市,杏花岭区,B0KKUHI1TO,试点地区搜索
太原科大心理咨询中心(晋阳街店),心理咨询中心,晋阳街北美金棕櫊8-1-2201号,15698306580,4.5,08:00-17:30 08:00-18:00,112.574620,37.788937,太原市,小店区,B0H0BS0AYK,试点地区搜索
好心情心理咨询(阳光国际店),心理咨询中心,长治路103号1幢A座9层0903号-1,,4.2,09:00-18:00,112.561116,37.825120,太原市,小店区,B0KAYCZ1PS,试点地区搜索
众学稳尚-中高考志愿填报-留学升学-心理咨询成长中心,心理咨询中心,学府街坞城路口学府壹号商务公寓11层,18834858459,4.3,08:00-21:00,112.584794,37.806660,太原市,小店区,B0KU4UZQLA,试点地区搜索
火花心理青少年心理成长中心(太原店),其他,万国城MOMA二期10号楼3303室,19035169903,4.0,10:00-19:00,112.529475,37.815275,太原市,万柏林区,B0KKBUG5EC,试点地区搜索
音陀堂·颂钵疗愈(万象城店),其他,华润悦府10号楼3单元402,13223513143,3.2,,112.529354,37.805783,太原市,万柏林区,B0LG9ZTM18,试点地区搜索
心悦堂教育,其他,北河湾东街4号,18636847453,4.1,09:00-19:00,112.598400,37.889506,太原市,杏花岭区,B0L1TA32SC,试点地区搜索
太原仁泰心理咨询有限公司,心理咨询中心,新视界A座9层(体育馆地铁站A2口步行200米),0351-8332725;13027072705,3.7,09:00-12:00 14:30-18:30,112.559788,37.846086,太原市,迎泽区,B015F17ANF,试点地区搜索
如愿心理咨询中心,心理咨询中心,万柏林街道和平街道109号太和佳苑1号楼101号,15536938668,3.9,09:00-18:00,112.509203,37.877078,太原市,万柏林区,B0H1K51FGO,试点地区搜索
山西净心茶语心理咨询有限公司,心理咨询中心,星河中路拉菲香榭六号楼二单元四楼,18335179666,3.8,10:00-24:00,112.551673,37.761080,太原市,小店区,B0FFKY0GRH,试点地区搜索
太原市杏花岭区社会心理服务中心,其他,山西机械化建设集团有限公司地基工程分公司南门西80米,0351-3655700,4.5,,112.580878,37.894550,太原市,杏花岭区,B0IUCAR9J7,试点地区搜索
博鑫康心理咨询工作室,心理咨询中心,铜锣湾国际公寓B座1305室,13643414108,3.7,24小时营业,112.573465,37.869257,太原市,迎泽区,B0LR0ZME4C,试点地区搜索
博睿安心理咨询门诊,心理咨询中心,南中环殷家堡底商3层,0351-8080806,4.3,08:30-18:30,112.546157,37.793332,太原市,小店区,B0H1Z5788U,试点地区搜索
科大心理健康中心(煤炭大厦店),心理咨询中心,府西街54号3层,0351-6999991,4.1,,112.556115,37.873200,太原市,杏花岭区,B0FFJ6AR7O,试点地区搜索
太原市品言愉心心理咨询有限公司,心理咨询中心,恒实平阳景苑7栋4层,18203417878,,09:00-18:00,112.549022,37.819376,太原市,小店区,B0LD9SXZ7F,试点地区搜索
太原山纺心理咨询有限公司,心理咨询中心,众纺路29号,0351-6861397;18035121120,3.4,08:00-17:00,112.515226,37.842176,太原市,万柏林区,B0L0YH5Z5S,试点地区搜索
山西润沐心理咨询有限公司,心理咨询中心,并州南路和体育北街交叉口翰府,15835120791,3.7,08:00-18:00,112.572725,37.835415,太原市,小店区,B0GKMUT6YS,试点地区搜索
山西沙盘游戏中心,其他,平阳景苑11号楼二单元1002号,18635579966,3.0,09:00-20:00,112.549587,37.821231,太原市,小店区,B0JBGAHF74,试点地区搜索
安肯心理咨询(太原财富大厦店),心理咨询中心,营盘街道南内环街98-2号财富国际大厦1412号,,3.5,,112.565894,37.838283,太原市,小店区,B0LAORRHNH,试点地区搜索
太原如意心理咨询有限公司,心理咨询中心,长风街125号泰华城市广场,0351-7592078;15035124568,2.8,09:00-18:00,112.557300,37.818215,太原市,小店区,B0KGMLLYWJ,试点地区搜索
觉心正念太原减压中心,其他,万科公园大道B1座11层,18634419964,4.0,,112.521625,37.761525,太原市,晋源区,B0L0P507EX,试点地区搜索
山西米兰阳光心理咨询有限公司,心理咨询中心,龙城北街145号万科星空1-1-2001,0351-5645991;0351-5645992,3.7,10:00-22:00,112.563839,37.776554,太原市,小店区,B0H25UMT6M,试点地区搜索
太原肤康中医皮肤病医院,其他,太榆路50号,15513280552,,08:00-17:30,112.588608,37.814642,太原市,迎泽区,B0FFHQKHOD,试点地区搜索
霖夕心理咨询中心,心理咨询中心,五龙湾海滨区1105一层东侧,15343415201,3.9,10:00-20:00,112.617765,37.871883,太原市,杏花岭区,B0LAZHZDKJ,试点地区搜索
山西阳光心理咨询,心理咨询中心,瑞邦时尚中心3层,,4.3,,112.555510,37.779882,太原市,小店区,B0L3XH0RSJ,试点地区搜索
太原市万柏林区圆成心理咨询研究中心,心理咨询中心,长风西街丽景苑5栋5单元1902室,0351-6113738,3.7,09:30-18:00,112.514752,37.819746,太原市,万柏林区,B0FFKWYAIK,试点地区搜索
慧智心理咨询中心,心理咨询中心,桥东街与桥东街北一巷交叉口西北20米,,3.5,,112.584225,37.857225,太原市,迎泽区,B0L3XU11L0,试点地区搜索
时间心理·催眠减压中心(太原杏花岭旗舰店),其他,上肖墙路9号百越教育未来城4楼,15234137626,,,112.567625,37.875125,太原市,杏花岭区,B0LATC5DXO,试点地区搜索
大学生心理发展指导中心,其他,中央大道与文灜东路交叉口西北60米,,,,112.443929,38.015287,太原市,尖草坪区,B0JDD7RMAE,试点地区搜索
儿童早期干预中心,其他,南中环街辅路与长治路交叉口西北60米,,4.0,,112.561428,37.794177,太原市,小店区,B0L30RLWNE,试点地区搜索
营养管家-医学营养干预中心,其他,平阳路27号,19335156179;4001662326,4.3,09:00-18:30,112.552161,37.833897,太原市,小店区,B0L1M5HLJY,试点地区搜索
山西众植齿科医院,其他,许坦西街69号3层,15635379109,,08:00-19:00,112.569895,37.802101,太原市,小店区,B0FFFT2UXL,试点地区搜索
内蒙古第三医院,综合医院,乌兰察布西街23号,0471-4935343;0471-4935437,,,111.697089,40.820986,呼和浩特市,新城区,B01D70106B,试点地区搜索
内蒙古自治区精神卫生中心,精神专科医院,乌兰察布西街23号内蒙古第三医院,,,08:00-12:00 13:30-17:00,111.697412,40.820398,呼和浩特市,新城区,B01D703E7F,试点地区搜索
内蒙古自治区第三医院,综合医院,,,,08:00-17:00,111.770579,40.883314,呼和浩特市,新城区,B0H3MS8WR1,试点地区搜索
呼市精神康复医院,其他,,,,,111.720532,40.753469,呼和浩特市,赛罕区,B0FFI12GCP,试点地区搜索
呼和浩特市安康精神心理康复医院,其他,鄂尔多斯西街50号,15526870057,,24小时营业,111.607574,40.785916,呼和浩特市,玉泉区,B0L1GSAQOJ,试点地区搜索
内蒙古自治区第三医院新院,综合医院,,,,,111.772784,40.884415,呼和浩特市,新城区,B0G1X5H0O0,试点地区搜索
一束阳光心理咨询中心,心理咨询中心,利佰佳国际A座10楼1005室(武警医院南),13664710523;15247177986,3.9,08:30-21:00,111.708441,40.784214,呼和浩特市,赛罕区,B0FFGNNX4S,试点地区搜索
呼和浩特辅宁医院(心理康复、精神疾病),其他,锡林南路90号,,,,111.676915,40.804385,呼和浩特市,赛罕区,B0H1A74TZI,试点地区搜索
内蒙古心理咨询师协会,心理咨询中心,通道北街1号内蒙古医学院附属医院9号楼6楼1号,0471-2532998,3.5,,111.671396,40.840514,呼和浩特市,新城区,B01D70PEDB,试点地区搜索
内蒙古自治区第三医院心理医学中心,综合医院,乌兰察布西街与三十五中西巷交叉口东北120米,,,,111.697225,40.820825,呼和浩特市,新城区,B0FFKF4SDF,试点地区搜索
呼和浩特专修心理咨询,心理咨询中心,新华东街59号306室,18686093855,4.1,09:00-23:00,111.728142,40.835640,呼和浩特市,新城区,B0L1B7Z8LZ,试点地区搜索
润心心理,其他,海拉尔东街土默特中学公交站牌北侧,0471-2537720;18698445333,4.3,06:00-22:00,111.679219,40.839031,呼和浩特市,新城区,B0JBP9AHCM,试点地区搜索
安安心理咨询,心理咨询中心,恒大城西区43栋2单元104室,15754978157,3.8,08:00-20:00,111.716059,40.851325,呼和浩特市,新城区,B0LDJ7R21K,试点地区搜索
支点心理咨询中心,心理咨询中心,呼伦南路与大学西路交汇处好望角大厦18层1815室,0471-6686529;18047123132,3.7,24小时营业,111.684874,40.807303,呼和浩特市,赛罕区,B01D70QWU3,试点地区搜索
释然心理咨询工作室,心理咨询中心,天旭广场A2座503,13171026525;19969015311,3.6,09:00-19:00,111.686673,40.799491,呼和浩特市,赛罕区,B0H0FCL5O6,试点地区搜索
安稳心理咨询工作室,心理咨询中心,山丹街1号检验检疫小区,19975645153,3.7,,111.703263,40.797669,呼和浩特市,赛罕区,B0K3ACG2RW,试点地区搜索
维恩贝心理咨询中心(巨海商厦店),心理咨询中心,巨海商厦806室,0471-4221220;13171077770,3.7,09:00-22:00,111.735910,40.820146,呼和浩特市,赛罕区,B0I2YMR3PG,试点地区搜索
成希心理,其他,华侨新村写字楼1418,,3.5,24小时营业,111.703617,40.860246,呼和浩特市,新城区,B0K31SM0AJ,试点地区搜索
赛罕区如心心理咨询工作室,心理咨询中心,大学东路春雨小区南区19号楼1单元1层东户(南门小院进入),13614715927,3.7,09:00-20:00,111.730460,40.816383,呼和浩特市,赛罕区,B0KU2A43NO,试点地区搜索
内蒙古自在心理科技有限公司,其他,中实玺樾府1号楼1单元1502室,18547101910,3.6,09:00-18:00,111.766525,40.790725,呼和浩特市,赛罕区,B0KD2M1DB6,试点地区搜索
凡普心理咨询(寻真画舍),心理咨询中心,新华大街118号,18447070030,3.7,09:00-21:00,111.695779,40.827524,呼和浩特市,新城区,B0KA7S1WPA,试点地区搜索
兰谱心理咨询中心,心理咨询中心,利佰佳国际B座16层1601,15548801013,3.5,09:00-17:00,111.708064,40.784367,呼和浩特市,赛罕区,B0LUXSN8Q0,试点地区搜索
易拂尘心理咨询工作室,心理咨询中心,乌兰察布东路博尔顿广场A座1708,18548149567,1.6,08:00-20:00,111.721327,40.826636,呼和浩特市,赛罕区,B0K2L9IMIK,试点地区搜索
旭舫心理时光屋,其他,钢铁路工人西村前街金园西区5号1单东,15391166021,3.8,,111.641042,40.818350,呼和浩特市,回民区,B0K1Y95S4U,试点地区搜索
内蒙古凡觉心理咨询工作室,心理咨询中心,万锦观悦银河北街北22号,,3.9,09:00-20:00,111.685204,40.766127,呼和浩特市,玉泉区,B0L1VABFNB,试点地区搜索
桃李世家心理咨询,心理咨询中心,史家巷107号,15048357935,3.5,,111.655433,40.794398,呼和浩特市,玉泉区,B0L3JADYJA,试点地区搜索
赛罕区恩维心理咨询中心,心理咨询中心,丰瑞公园一号A区2号楼二单元902,15847195480,3.4,09:00-22:00,111.685699,40.785111,呼和浩特市,赛罕区,B0J17AFYZE,试点地区搜索
内蒙古沐耘科技有限公司,其他,呼伦贝尔北路43号凯盛酒店院内商务楼A座201,,3.7,,111.670225,40.840075,呼和浩特市,新城区,B0LGMDAT1M,试点地区搜索
贤辅导心理咨询(北郊公园店),心理咨询中心,通道北路38号,,3.2,,111.650037,40.848279,呼和浩特市,新城区,B0LUB7JKDP,试点地区搜索
新城区钱姐单身心理工作室,其他,中山东路金翡丽天玺公馆B座17层1708,,2.7,,111.671405,40.816412,呼和浩特市,新城区,B0J0JUTSQ4,试点地区搜索
玄棕阐易道心理咨询,心理咨询中心,史家巷与静雅巷交叉口东南20米,,3.8,,111.655230,40.793598,呼和浩特市,玉泉区,B0LANR08LF,试点地区搜索
呼和浩特市茶青心理咨询有限公司,心理咨询中心,信达中心,,0.4,,111.751125,40.835625,呼和浩特市,赛罕区,B0L2P4PSVC,试点地区搜索
全息心理咨询中心,心理咨询中心,呼伦贝尔南路鼎泰好望角大厦18层1815室,0471-6686529;18047123132;18548182068,,24小时营业,111.684873,40.807148,呼和浩特市,赛罕区,B0L2KHG69X,试点地区搜索
每一家教研室,其他,银都大厦B座二楼,0471-6958126,,,111.673178,40.806267,呼和浩特市,回民区,B0FFMBSYHX,试点地区搜索
沈阳市精神卫生中心,精神专科医院,金帆中路12号,024-23813000;024-31217767,,08:00-16:00,123.493486,41.740288,沈阳市,浑南区,B00180D4MK,试点地区搜索
沈阳铁西区精神卫生中心,精神专科医院,昆明湖街道经济技术开发区十四号街十三路36号,024-31221545,,24小时营业,123.215586,41.753853,沈阳市,铁西区,B0FFGZXRX6,试点地区搜索
辽宁癫康医院,其他,和平大街49号,024-22961871,,24小时营业,123.419123,41.797336,沈阳市,和平区,B0I05AXM4S,试点地区搜索
万泰精神病医院(辽宁)有限公司大东院区,其他,观泉路94-20号,13898888420,,24小时营业,123.505512,41.845101,沈阳市,大东区,B0LU9ZCRAD,试点地区搜索
省医精神医学研究中心,其他,北顺城路118号,,,,123.454349,41.805216,沈阳市,大东区,B0I36H92WD,试点地区搜索
沈阳研康医院·精神心理专科医院,其他,云峰北街30号点右侧电话预约专家,15604056230,4.5,08:00-20:00,123.382000,41.798807,沈阳市,铁西区,B0L3KDCFL4,试点地区搜索
沈阳广宁医院,其他,沈北路192-1号,,,,123.596930,41.924942,沈阳市,沈北新区,B0IKG55CC7,试点地区搜索
沈大医院·精神心理专科医院,其他,云峰北街30号(云峰北街地铁站D口步行250米),18540333886,4.7,08:00-20:00,123.382005,41.798833,沈阳市,铁西区,B0LB9CY3VO,试点地区搜索
沈阳市和平区精神卫生医院,其他,南十一马路30号,,,,123.389821,41.775779,沈阳市,和平区,B00180JPCY,试点地区搜索
康平县精神卫生康复中心,其他,东胜巷与东门外巷交叉口西南100米,,,24小时营业,123.359110,42.754718,沈阳市,康平县,B0FFFAEMBK,试点地区搜索
盛安心理医院,其他,沙岭路2-2网点,18804061235,,24小时营业,123.213510,41.793142,沈阳市,于洪区,B0KGGSYO76,试点地区搜索
沈阳昭承精神卫生医院,其他,沙河街道鲍家村348号A-1,024-25876666,,,123.412739,41.632083,沈阳市,苏家屯区,B0FFLMH9AG,试点地区搜索
铁西区精神卫生中心,精神专科医院,齐贤南街与建设中路交叉口西20米,,,,123.359276,41.798666,沈阳市,铁西区,B0KR1YLHWH,试点地区搜索
沈阳市康宁医院精神院,其他,新华街道太原南街368号沈阳市康宁医院分院,,4.1,,123.389825,41.775825,沈阳市,和平区,B0FFHMN71A,试点地区搜索
沈阳市苏家屯区精神卫生防治中心,其他,八一路77号,,,,123.305929,41.614478,沈阳市,苏家屯区,B00180DAMQ,试点地区搜索
沈河区精神残疾康复技术指导中心,其他,正阳街顺垣巷6号,,,,123.451917,41.804384,沈阳市,沈河区,B00181EOM3,试点地区搜索
沈阳安邦精神卫生医院,其他,工人街与北环路交叉口东北40米,,,,122.836395,42.006897,沈阳市,新民市,B0JBOZKU69,试点地区搜索
沈阳星康精神卫生康复医院,其他,雪松东路102号,,,24小时营业,123.373943,41.669281,沈阳市,苏家屯区,B0LB95SD07,试点地区搜索
沈阳盛安精神卫生医院,其他,马三家中街(马三家派出所旁),,,,123.234422,41.888992,沈阳市,于洪区,B0FFL398HQ,试点地区搜索
沈阳研康医院精神心理专科医院,其他,云峰北街30号5楼(云峰北街地铁站D口步行250米),,,,123.382035,41.798814,沈阳市,铁西区,B0L2PZPOTE,试点地区搜索
沈阳市中西医结合精神卫生中心,精神专科医院,辉山大街沈阳市安宁医院,,,,123.563732,41.925020,沈阳市,沈北新区,B0HGVCRO2B,试点地区搜索
东望精神科,其他,考场街山水文园,,,,123.537394,41.859377,沈阳市,大东区,B0G1HRLHC8,试点地区搜索
静安精神心理医院(卧龙湖院区),其他,中心街27号,13704040111,,24小时营业,123.352239,42.756062,沈阳市,康平县,B0K0SAUS25,试点地区搜索
皇姑区精神卫生医院,其他,巴兰河街14号,024-86267283,,,123.414920,41.816751,沈阳市,皇姑区,B00180JQSG,试点地区搜索
沈阳市精神卫生中心和平院区,精神专科医院,宜春小区东区西北1门北70米,,,,123.392203,41.782933,沈阳市,和平区,B0FFKO36VU,试点地区搜索
沈阳脑康心理专科医院,其他,市府大路256号9幢18号,13032401120,4.8,24小时营业,123.428906,41.807234,沈阳市,沈河区,B0FFG81H35,试点地区搜索
沈阳脑康心理专科医院心理咨询中心,心理咨询中心,市府大路256号,15809880533,4.2,08:00-17:00,123.428970,41.807240,沈阳市,沈河区,B0HKJU1KER,试点地区搜索
沈阳市心理卫生医院,其他,大什字街166号,024-23813000,4.5,08:00-16:45,123.468114,41.807526,沈阳市,大东区,B00180ICAP,试点地区搜索
沈阳沈医精神康复医院,其他,道义开发区京沈街50号,13358866831,4.7,08:00-17:30,123.397207,41.923255,沈阳市,沈北新区,B001816VMB,试点地区搜索
沈医二院心理卫生医院,其他,敬宾街3号,024-62042387;024-62232399,,,123.444420,41.821373,沈阳市,沈河区,B0FFHD3WL5,试点地区搜索
沈阳研康心理医院,其他,北三东路9-8号(云峰北街地铁站D口步行190米),,,,123.382413,41.798510,沈阳市,铁西区,B0LU1A4P2C,试点地区搜索
万泰心理康复中心,其他,建设东路9号,,,,123.386494,41.786934,沈阳市,铁西区,B0FFM8IUZL,试点地区搜索
沈阳京科医院心理科,其他,北站路105号(沈阳北站地铁站H口步行120米),024-62158222,,08:00-17:00,123.440873,41.818012,沈阳市,沈河区,B0L6PS98GP,试点地区搜索
沈阳军科研康心理咨询中心,心理咨询中心,云峰北街28号,15604056230,3.9,08:00-20:00,123.381978,41.798790,沈阳市,铁西区,B0L3KDBM41,试点地区搜索
沈阳六一儿童医院,其他,和平南大街中兴二巷3号,15541584801,,08:00-17:00 08:00-17:00 08:00-17:00,123.405422,41.777745,沈阳市,和平区,B0FFK1XHHY,试点地区搜索
中国医科大学附属盛京医院第一心理门诊,三甲医院,中国医科大学附属盛京医院南湖院区东门旁,,,07:30-11:30 13:00-17:00,123.427565,41.773798,沈阳市,和平区,B0KAO5TN75,试点地区搜索
爱格心理咨询中心,心理咨询中心,营盘西街17-7-18门二楼心理咨询医院精神卫生心理治疗儿童心理青少年心理心理沙盘游戏婚恋情感咨询,13019329860,3.8,08:30-22:00,123.457137,41.732963,沈阳市,浑南区,B0FFKTAWLV,试点地区搜索
沈阳附医北方妇科医院,其他,北顺城路118号,13022492980,,08:00-20:00 08:00-20:00 08:00-20:00,123.454263,41.805189,沈阳市,大东区,B0L2VD7RK6,试点地区搜索
沈阳华生-静安精神卫生心理康复医院心理咨询中心,心理咨询中心,泗水街4附近,,4.2,08:00-21:00,123.724724,41.905006,沈阳市,浑南区,B0FFJ0F2JF,试点地区搜索
沈阳北大中医院-神经心理科,其他,北三经街14号,15942382766,,08:00-17:00,123.425622,41.799535,沈阳市,和平区,B0L2XAXQ8I,试点地区搜索
沈阳和平国医堂中医医院,其他,南八马路6甲3楼,18504033728,,08:00-21:00 08:00-21:00 08:00-21:00,123.387963,41.780317,沈阳市,和平区,B0J10HEM8N,试点地区搜索
神病医院辽宁有限公司,其他,万泰心理康复中心北门旁,,,,123.386510,41.787142,沈阳市,铁西区,B0IAKLGZSG,试点地区搜索
开欣心理门诊(奉天店),其他,奉天街203号46栋1-6层,13066796211,4.4,09:00-18:00,123.440796,41.798162,沈阳市,沈河区,B0IU9HU6DL,试点地区搜索
沈阳军联心理咨询研究中心,心理咨询中心,市府大路256-9号18幢,15809880533,4.3,24小时营业,123.428932,41.807236,沈阳市,沈河区,B0FFHRJYTI,试点地区搜索
seven情感咨询·婚姻·心理咨询工作室(浑南店),心理咨询中心,华润悦玺B座1605,13514154286,3.7,07:30-23:00,123.460288,41.736210,沈阳市,浑南区,B0JAOL096S,试点地区搜索
人心映像心理咨询中心,心理咨询中心,东中街小东路大悦城A座东区2912,13079293309,3.9,09:30-20:30,123.466666,41.802875,沈阳市,大东区,B0J1ORK6P6,试点地区搜索
行知山水心理健康发展中心,心理咨询中心,兴工北街121-甲2号楼,13998249161,4.5,09:00-17:00,123.384566,41.790652,沈阳市,铁西区,B0JDFHX2TG,试点地区搜索
莫梵心理文化传播工作室,其他,钻石山loft758室,15524172686,3.8,09:00-21:00,123.455143,41.744040,沈阳市,浑南区,B0LBUH49BF,试点地区搜索
启愈心理咨询,心理咨询中心,金卡路22号华润悦玺A座702室,13674184114,3.8,24小时营业,123.460621,41.736425,沈阳市,浑南区,B0JUD75MOW,试点地区搜索
瑞尔心理,其他,兰州北街26号甲4号,024-89639888,4.5,09:00-17:00,123.402901,41.797007,沈阳市,和平区,B0GUGZ0YZS,试点地区搜索
晟道轩酿名咨询策划中心,其他,西顺城街58甲号(28-30轴),15604019866;17614020177,4.5,07:30-17:00,123.448093,41.802674,沈阳市,沈河区,B0K6OCXNKY,试点地区搜索
子杰心理工作室(沈北店),其他,道义南大街28-1号江南甲第A507,18802417847,4.0,10:00-18:00,123.401608,41.918613,沈阳市,沈北新区,B0G2AS58XK,试点地区搜索
安语心理咨询中心,心理咨询中心,团结路17-2号(1-24-4),15204065852,3.9,09:00-20:00,123.435735,41.813055,沈阳市,沈河区,B0KB26LA7M,试点地区搜索
施宇心港心理咨询中心,心理咨询中心,昆山西路85-13号中海寰宇天下天钻GA1号5门,024-64667707;15904051717;18940097131,4.1,09:00-20:00,123.372381,41.820799,沈阳市,皇姑区,B0IATO2VY1,试点地区搜索
脑康心理咨询中心(大东店),心理咨询中心,广宜街21号明城国际大厦B座,13032401120,3.3,08:00-17:00,123.449562,41.805654,沈阳市,大东区,B0L04LYDZ1,试点地区搜索
圣壹心理,其他,北二马路69号嘉润大厦814,13134237030,4.2,09:00-22:00,123.408142,41.792814,沈阳市,和平区,B0J1RNL0FX,试点地区搜索
和一心理咨询,心理咨询中心,华府新天地C4座3711室,18540322950,,09:00-17:00,123.434873,41.811487,沈阳市,沈河区,B0FFJ6DLKG,试点地区搜索
沈阳静安国际儿童青少年心理诊所,其他,青年大街390号1601室,18102465272,3.8,09:00-18:00,123.437459,41.754600,沈阳市,和平区,B0G11LEEYE,试点地区搜索
拾初心理咨询工作室(024·保工印象店),心理咨询中心,保工北街9-5号22门保工印象南门东侧2楼,17704237627,3.6,10:00-18:00,123.361625,41.805121,沈阳市,铁西区,B0FFKUJWDZ,试点地区搜索
禾下心理,其他,陵园街32-3号2门,,4.2,,123.446533,41.844672,沈阳市,皇姑区,B0KA5MAQFD,试点地区搜索
心知云旅.专业心理咨询中心,心理咨询中心,三台子万科·紫台2期牡丹江街50-2号2门,13234034495;13252732512;18842425868,4.1,24小时营业,123.419025,41.875802,沈阳市,皇姑区,B0J6MXTG77,试点地区搜索
凯惠心理,其他,黄山路5号中粮隆玺世家25号楼,18642017863,3.7,09:00-19:00,123.415980,41.857187,沈阳市,皇姑区,B0JB5H40RK,试点地区搜索
沈阳肤康医院,其他,小北街38号,13252894163,2.1,08:00-17:00,123.453748,41.808293,沈阳市,大东区,B0FFHOU8FO,试点地区搜索
辽宁省金秋医院,其他,小南街317号,024-62784567,,,123.451624,41.775016,沈阳市,沈河区,B0018049F0,试点地区搜索
沈阳市健康研究会心理咨询服务中心,心理咨询中心,辽沈二街2号4门,024-23827535;18624036467,4.4,09:00-21:00,123.473927,41.824037,沈阳市,大东区,B0K0FSDBQV,试点地区搜索
沈阳市心理咨询与治疗中心(浑南中路),心理咨询中心,孤家子路232号,,4.3,,123.492824,41.742073,沈阳市,浑南区,B001817EGC,试点地区搜索
都市绿洲心理咨询中心,心理咨询中心,建设东路57号千缘·爱都国际B座2802室,024-85615331,4.1,09:00-17:00,123.376047,41.791321,沈阳市,铁西区,B0018178WL,试点地区搜索
沈阳阳帆心理咨询中心,心理咨询中心,和谐大厦A座1413室,18240012485,3.5,08:30-23:30,123.379164,41.789847,沈阳市,铁西区,B0J1XUX856,试点地区搜索
沈阳市七彩生活心理咨询管理中心,心理咨询中心,太原南街90号商贸国际B座2813室,024-23500628;13889330109,3.9,09:00-17:30,123.397339,41.788270,沈阳市,和平区,B00181EOZO,试点地区搜索
橘枳象心理,其他,南堤西路369号6门,,4.1,10:00-19:00,123.393802,41.753072,沈阳市,和平区,B0J6FL2AJO,试点地区搜索
宏霖心理咨询中心,心理咨询中心,长白二街3浑河天地17楼1708,15942048088,3.7,24小时营业,123.388545,41.749528,沈阳市,和平区,B0H3ZUFQ84,试点地区搜索
启愈心理咨询·成人·青少年咨询中心(万象城店),心理咨询中心,青年大街288号沈阳万象城,,1.1,,123.434875,41.777125,沈阳市,和平区,B0ID590W5Z,试点地区搜索
心悦心理咨询中心(北约客置地广场店),心理咨询中心,同泽北街35-1号北约客广场,,3.5,,123.406047,41.791762,沈阳市,和平区,B0L2B5KJA6,试点地区搜索
清雅心理咨询中心,心理咨询中心,北一中路19天悦国际A座F13层14号,024-24845999;13002414666,4.2,09:00-18:00,123.376442,41.813222,沈阳市,铁西区,B0FFJMKTCH,试点地区搜索
爱自然生命力体系辽宁中心,其他,文化路157号国际品牌总部大厦B座F11层,13942001599;13998891566,4.2,09:00-19:00,123.457392,41.770278,沈阳市,沈河区,B0KKGZ21WJ,试点地区搜索
美茵心理感统中心(皇姑店),其他,陵北街94-5号楼,17640052026,4.0,09:00-19:00,123.418605,41.885768,沈阳市,皇姑区,B0J34C2S0C,试点地区搜索
沈阳市公安局浑南分局110家暴干预中心,其他,全运路136-8号附近,,,24小时营业,123.430199,41.684930,沈阳市,浑南区,B0FFKUKSUI,试点地区搜索
蜗牛点点儿童早期干预中心,其他,滂江街139号2门三楼(万莲地铁站C口步行460米),18809852296,3.9,,123.484894,41.793759,沈阳市,大东区,B0HR5UCBOG,试点地区搜索
沈阳市公安局浑南分局110家暴干预中心,其他,绿城·全运村翡翠园B区南门东50米,,,24小时营业,123.470970,41.679534,沈阳市,浑南区,B0FFKUAZ4T,试点地区搜索
沈阳市公安局浑南分局110家暴干预中心,其他,金阳大街辅路与华园东路交叉口西南400米,,,,123.431000,41.721934,沈阳市,浑南区,B0FFL55YJY,试点地区搜索
沈阳市公安局浑南分局110家暴干预中心,其他,望水路与长青南街辅路交叉口东240米,,,24小时营业,123.503178,41.749226,沈阳市,浑南区,B0FFIJVTWE,试点地区搜索
贝康语·发育迟缓·感统训练·自闭症干预(长白中心),其他,沈水湾街道浑南西路320号,,,,123.415044,41.728990,沈阳市,和平区,B0KUSSTDLH,试点地区搜索
贝康语·发育迟缓·言语治疗·感统训练·自闭症干预(沈北中心),其他,道义北大街53-72号,15566123467,4.4,,123.397630,41.937674,沈阳市,沈北新区,B0I1UR1IRE,试点地区搜索
长春安宁精神康复医院,其他,长德大街与德旺路交叉口西南200米,,,24小时营业,125.438764,44.089386,长春市,宽城区,B0FFJNL2BN,试点地区搜索
安宁医院,其他,长春102国道1095公里处(长春市与德惠市米沙子镇之间),0431-89506855,,24小时营业,125.438780,44.089779,长春市,宽城区,B01AF12C05,试点地区搜索
长春凯旋医院,其他,大经路1700号,0431-86880666;0431-86880888,,,125.342443,43.883843,长春市,南关区,B01AF0D33P,试点地区搜索
九台盛合精神病医院,其他,中盛大路101路1号,0431-82395579,,08:00-16:30,125.494680,43.983497,长春市,九台区,B0KDYS0FGQ,试点地区搜索
德惠福阳医院(精神康复科),其他,102国道1093号,13944895551,,24小时营业,125.422974,44.065936,长春市,宽城区,B0K0L5TVEZ,试点地区搜索
长春市第六医院住院部,精神专科医院,亚泰北大街3188号长春市心理医院,,,,125.339575,43.936575,长春市,宽城区,B01AF151RN,试点地区搜索
长春市精神卫生中心,精神专科医院,,,,08:00-12:00 14:00-17:00,125.339543,43.937055,长春市,宽城区,B0FFKR0122,试点地区搜索
长春三零六中医院北京协和医学院精神心理联合诊疗中心,其他,建设街甲1号,0431-82003147,,08:00-17:00,125.309150,43.898123,长春市,宽城区,B0L2S562C7,试点地区搜索
九台健心医院精神心理康复中心,其他,九营大街,,,,125.890177,44.163577,长春市,九台区,B0FFL2N1U2,试点地区搜索
吉林东方中医院精神心理中心,其他,普阳街8号,,,,125.287873,43.894058,长春市,绿园区,B0LAUZ6V6V,试点地区搜索
长春市第六医院,精神专科医院,亚泰北大街3188号,0431-82961921;0431-89685000,,09:00-21:00,125.339731,43.936883,长春市,宽城区,B0FFJYWJRA,试点地区搜索
康林医院,其他,樱花街909号,0431-80877997;0431-80877998,,,125.413244,43.782049,长春市,南关区,B0FFH248CG,试点地区搜索
长春市心理医院二部,其他,西二条街249号,0431-82703922,3.7,,125.318346,43.906585,长春市,宽城区,B0FFHO9R4P,试点地区搜索
九台区宝华精神心理医院,其他,营城街道煤机大街48号,0431-82312385,,08:00-16:30,125.916609,44.165084,长春市,九台区,B0FFJME9Y3,试点地区搜索
康鹤心理医院,其他,南外环小靳家道口,0431-84009120,,,126.552494,44.802964,长春市,榆树市,B0GKBHGXYX,试点地区搜索
德惠中唐心理医院,其他,振兴街200号,0431-87211437,,,125.713024,44.536523,长春市,德惠市,B01AF07A6C,试点地区搜索
吉林中山医院心理咨询中心,心理咨询中心,普阳街2715号综合楼 516 号房,0431-80532336,4.1,07:00-23:00,125.275100,43.876620,长春市,绿园区,B0JBFL509I,试点地区搜索
汇元心理医院,其他,农伏路3号,0431-83559120,,24小时营业,125.137738,44.423246,长春市,农安县,B0K3DRUOK0,试点地区搜索
长春市心理卫生研究所,其他,杭州路与西二条交接口,,,,125.318384,43.906600,长春市,宽城区,B0FFIDI568,试点地区搜索
吉林省脑科医院心理门诊,其他,工农大路2896号附近,0431-81177000,4.4,08:00-16:30,125.315237,43.858933,长春市,朝阳区,B0FFIQ16KF,试点地区搜索
长春市心理卫生中心,其他,西二条街249号,0431-82703922,,,125.318390,43.906616,长春市,宽城区,B01AF0C5L5,试点地区搜索
榆树市清雅心理康复医院有限公司,其他,科铁公路54公里处(气象局西侧500米),,4.4,24小时营业,126.521951,44.850412,长春市,榆树市,B0KGLUU1P9,试点地区搜索
长春市第六医院心理危机干预中心,精神专科医院,长春市第六医院五楼B座,,,24小时营业,125.339485,43.937044,长春市,宽城区,B0I0XRELF8,试点地区搜索
好大夫心里医院,其他,雪花路12号(环保局东行10米),,,,125.194320,44.446313,长春市,农安县,B0IABZK9DY,试点地区搜索
意心心理咨询中心,心理咨询中心,工农大路1035号海航荣御2911,0431-84331096;13943010596,4.7,24小时营业,125.301872,43.867116,长春市,朝阳区,B0HUCUUQD5,试点地区搜索
德恩吉·儿童青少年心理咨询中心,心理咨询中心,吾悦广场A座25层,15584229959,4.7,08:00-20:00,125.272980,43.888733,长春市,绿园区,B0H2T6MWFP,试点地区搜索
长春文芯心理咨询中心,心理咨询中心,南关经济开发区威海路639号2层202房间,15584374120,4.6,24小时营业,125.373178,43.849876,长春市,南关区,B0I1NU9OSY,试点地区搜索
茗雅心理咨询中心,心理咨询中心,新城吾悦广场A座2411室,15504310988,4.4,07:00-22:00,125.272912,43.888697,长春市,绿园区,B0KAB7YXL7,试点地区搜索
听说心理咨询中心,心理咨询中心,瀚邦凤凰传奇4栋2017,18543018895,4.1,24小时营业,125.372696,43.813816,长春市,南关区,B0KKAUTD9L,试点地区搜索
即鹿青果优成心理沙盘工作室,其他,铁西街522号,18686644028,4.1,09:00-21:00,125.307381,43.910508,长春市,绿园区,B0I13SODP1,试点地区搜索
安晴心理咨询中心,心理咨询中心,海航荣御国际1820-1821室,17743452778,4.0,08:30-21:00,125.301987,43.867451,长春市,朝阳区,B0IKTUK4SW,试点地区搜索
王省心理咨询工作室,心理咨询中心,自由大路1196号亚泰豪苑A座三单元912室(农商银行自助旁边的门),13500814837;13756078830,4.2,09:00-19:00,125.323249,43.863701,长春市,朝阳区,B0J26ANMQA,试点地区搜索
睿哲思心理咨询,心理咨询中心,正阳街1359号附近(加油站旁门市进),0431-81288333,4.3,08:30-22:00,125.270916,43.890341,长春市,绿园区,B0FFL3PPTQ,试点地区搜索
凤凰晴心理咨询中心净月店,心理咨询中心,环球贸易中心2号楼1506号,13244272735;15704317000,3.5,24小时营业,125.378885,43.813354,长春市,南关区,B0K3A5B5EA,试点地区搜索
明了心理咨询中心,心理咨询中心,昆仑一路创业大街交汇南200米16街区73栋2单元10中门,15948313119,3.2,08:00-20:00,125.257579,43.867359,长春市,绿园区,B0JDYH049T,试点地区搜索
爱慧园心理咨询,心理咨询中心,南环城路5649号,13331430914,4.1,08:00-21:00,125.353948,43.815225,长春市,南关区,B0J0YZOXRX,试点地区搜索
王笙心理咨询工作室,心理咨询中心,东南湖大路2988号安华美郡B栋2105室,19843920707,3.7,09:00-18:00,125.396870,43.851480,长春市,南关区,B0IUO59D05,试点地区搜索
九日心理健康咨询服务中心,心理咨询中心,枫树园小区1幢1单元102,0431-85559722;13009122436,3.4,09:00-19:00,125.270770,43.838492,长春市,朝阳区,B0J3HDQDWU,试点地区搜索
小时心理咨询中心(自由大路店),心理咨询中心,自由大路与郑州街交汇欢乐颂高层2栋2102室,0431-81964448,3.8,08:30-17:00,125.407190,43.864519,长春市,二道区,B0I1241LXZ,试点地区搜索
悦言心理·青少年咨询中心,其他,和润广场A座-715室,15699573636,3.8,24小时营业,125.375706,43.853929,长春市,南关区,B0K6YZ6HVW,试点地区搜索
至诚心理咨询中心,心理咨询中心,会展中心轻轨站梦想公馆56栋A座709,18643143466,3.8,06:00-21:00,125.392171,43.833068,长春市,南关区,B0KU1SP10H,试点地区搜索
小时心理.儿童青少年成长中心(桂林路店),其他,长庆街与西康胡同交汇1089号,0431-80601117,4.0,08:30-19:00,125.315265,43.864956,长春市,朝阳区,B0ID6C3YGU,试点地区搜索
樗下心理咨询,心理咨询中心,富阳街六合一方D区3栋112,18943670922,4.0,,125.447330,43.881482,长春市,二道区,B0IG6LFJJL,试点地区搜索
明心理心理咨询有限责任公司(富强街店),心理咨询中心,富强街东50米,17519151777,4.3,09:00-17:00,125.293969,43.841788,长春市,朝阳区,B0FFKHAPF7,试点地区搜索
优垒心理咨询中心(慧谷校区),心理咨询中心,昂展公园里A3栋102门市,18043159318,4.0,08:00-21:00,125.224219,43.783308,长春市,朝阳区,B0G2Z7IQFG,试点地区搜索
长春爱慧园·儿童青少年心理咨询(自由大路店),心理咨询中心,同志街2941号师大27栋2单元,,4.0,,125.317773,43.862879,长春市,朝阳区,B0LGJCRR5E,试点地区搜索
象达文化心理咨询,心理咨询中心,吉林大路241号,,4.4,,125.357675,43.882575,长春市,二道区,B0I23ATRJB,试点地区搜索
乐言语健康咨询中心,其他,北安路986号,15704319116,4.1,,125.319534,43.892942,长春市,朝阳区,B0K2LDN6ET,试点地区搜索
聆语视界助听器言语心理康复中心,其他,繁荣路长飞小区87栋一单元102室,18686608446,,08:00-17:00,125.322627,43.840252,长春市,朝阳区,B0K3HD3OO7,试点地区搜索
吉林省精神认知治疗中心,其他,樱花街与锦竹西路交叉口北60米,,,,125.413446,43.782096,长春市,南关区,B0FFF9QB8V,试点地区搜索
心和悦心理咨询中心,心理咨询中心,五环国际大厦,13944877708;18043041939,3.9,09:00-19:00,125.343732,43.863770,长春市,南关区,B0GK2UI7KB,试点地区搜索
长春瑞德雨峰心理咨询中心,心理咨询中心,安达街街慈光路高层1门202室,15584384935;18686648861,3.9,10:00-20:00,125.296614,43.886143,长春市,朝阳区,B0FFFPSQE2,试点地区搜索
伟桐情感心理咨询中心,心理咨询中心,吾悦广场A座14楼1409,17767717789,3.2,24小时营业,125.272953,43.888795,长春市,绿园区,B0JAHC84S8,试点地区搜索
好逑青少年成长中心,其他,天泽大路春江明月小区11栋101,18643143466,3.2,07:30-21:00,125.439217,43.758565,长春市,南关区,B0KR1SNGKJ,试点地区搜索
爱纳心理咨询中心,心理咨询中心,益民小区8号楼,15568977281,3.6,08:30-17:30,125.844444,44.156987,长春市,九台区,B0H0OKVBOQ,试点地区搜索
长春聪慧心理咨询服务中心,心理咨询中心,自强街南胡同170号,0431-88931111;13134311375,4.1,08:00-20:00,125.330915,43.886327,长春市,南关区,B01AF14IKG,试点地区搜索
长春文芯心理咨询中心(红旗街店),心理咨询中心,建设街与解放大路交叉口西北80米,,1.7,,125.294775,43.878475,长春市,朝阳区,B0LU5ZLRQL,试点地区搜索
昕能量心理咨询服务中心,心理咨询中心,普阳街1688号长融大厦B座604室,13341493143,3.8,10:00-19:00 09:00-19:00,125.281360,43.883671,长春市,绿园区,B0I04CVLT4,试点地区搜索
哈尔滨精神专科白渔泡医院,其他,巨源镇101省道前进村白鱼泡湿地公园,0451-87093681,,,126.902516,45.907702,哈尔滨市,道外区,B0FFHN7JCO,试点地区搜索
普宁医院(江北中环路),其他,松浦镇云台街1号,0451-88083413;0451-88083418,,,126.610670,45.847895,哈尔滨市,松北区,B01C30ITSV,试点地区搜索
黑龙江中医药大学神志医学院,其他,横道街153号,0451-55635231,,,126.686176,45.727219,哈尔滨市,香坊区,B01C30HWHD,试点地区搜索
黑龙江康元神经专科医院,其他,胜利街道同发头道街9号,0451-88370311,,,126.637883,45.783492,哈尔滨市,道外区,B01C3054P2,试点地区搜索
哈医大一院省神经精神病医联体,其他,,,,,126.709638,45.717731,哈尔滨市,香坊区,B0KBGZ5TWE,试点地区搜索
哈尔滨安定医院,精神专科医院,平房村五道街与平房路交汇处南50米,,,,126.683049,45.596512,哈尔滨市,平房区,B0FFH1Z28S,试点地区搜索
哈尔滨市心理卫生中心,其他,宏伟路219号,15546115822,3.9,,126.699362,45.771375,哈尔滨市,道外区,B0K01UDITK,试点地区搜索
黑龙江省哈尔滨精神心理卫生中心,其他,先锋路565号,18246471128,,,126.675179,45.765514,哈尔滨市,南岗区,B0LDU7HT0S,试点地区搜索
哈尔滨知心邦静心精神卫生诊所,其他,健康路附52-5号,,,08:00-17:00,126.656629,45.711860,哈尔滨市,香坊区,B0LRHH8LHQ,试点地区搜索
哈尔滨精神专科白渔泡医院120急救中心,其他,巨源镇101省道前进村白鱼泡湿地公园,,,,126.901725,45.907025,哈尔滨市,道外区,B0FFMB0BH6,试点地区搜索
巴彦县康延精神病医院有限公司,其他,西直路10号,,,24小时营业,127.406305,46.058989,哈尔滨市,巴彦县,B0LB1C1CXH,试点地区搜索
黑龙江中航医院--精神疾病专科,其他,中山路137号(省政府地铁站1号口步行140米),,,08:00-16:30,126.666517,45.741024,哈尔滨市,南岗区,B0HKNLQ4VE,试点地区搜索
黑龙江京科脑康医院,其他,先锋路565号,13313685422,4.4,08:00-17:00,126.675179,45.765514,哈尔滨市,南岗区,B0FFK8TH0O,试点地区搜索
哈尔滨北一医院(精神心理医院),其他,经纬二道街65号3层,15004627568,4.7,08:00-20:00,126.620301,45.765928,哈尔滨市,道里区,B0L6HUI7Y4,试点地区搜索
哈尔滨附三心理咨询,心理咨询中心,霁虹街77号1单元1层1号01室,15645648531,4.7,08:00-17:00,126.624392,45.764261,哈尔滨市,道里区,B0LAY5035A,试点地区搜索
哈尔滨市第一专科医院心理卫生中心(南岗院区),其他,宣化街207号,,,,126.668145,45.756573,哈尔滨市,南岗区,B0LG7HVPVM,试点地区搜索
黑龙江脑康心理咨询,心理咨询中心,先锋路565号金河小区9栋4楼1诊室,13313685422,4.5,08:00-17:00 08:00-17:00,126.675310,45.765563,哈尔滨市,南岗区,B0IGOBHNZV,试点地区搜索
哈尔滨市第一专科医院,其他,卫星路10号,0451-82423104,,24小时营业,126.700100,45.771812,哈尔滨市,道外区,B01C30JIF8,试点地区搜索
尚志同康心理卫生医院,其他,一面坡镇道北,,,24小时营业,128.081824,45.065999,哈尔滨市,尚志市,B0G1RD1S6L,试点地区搜索
北一医院·抑郁焦虑·精神心理医院,其他,经纬二道街65号301室,15004627568,3.9,08:00-22:00,126.620321,45.766036,哈尔滨市,道里区,B0LULA1E3L,试点地区搜索
暖阳心理咨询工作室,心理咨询中心,君康大厦B栋1907,,3.8,09:30-16:00,126.530541,45.722183,哈尔滨市,道里区,B0I0R5VTHM,试点地区搜索
哈尔滨市第二医院精神心理科,综合医院,卫星路38号哈尔滨市第二医院,,,,126.695562,45.770622,哈尔滨市,道外区,B0G0ASTONI,试点地区搜索
哈尔滨京科脑康医院精神心理科,其他,先锋路565号,19103613104,,,126.675264,45.765560,哈尔滨市,南岗区,B0LDNA12P6,试点地区搜索
尚志市祥合心理专科医院,其他,河东乡东安水库西侧,,,24小时营业,128.023354,45.218563,哈尔滨市,尚志市,B0HRJANHPM,试点地区搜索
黑龙江纾知心理,其他,哈尔滨理工大学东区医院东南门旁,,4.3,09:00-18:00,126.651164,45.721052,哈尔滨市,香坊区,B0KKPO0J8G,试点地区搜索
北一医院·青少年精神心理宣教咨询(红河一街区店),其他,红旗大街502号红河一街区,15004627568,3.4,08:00-17:00,126.683753,45.784827,哈尔滨市,道外区,B0LURZZNC0,试点地区搜索
黑龙江仁芯医院,其他,南棵头道街36号,,4.6,24小时营业,126.706915,45.785798,哈尔滨市,道外区,B0FFHO9QIR,试点地区搜索
北一医院·精神心理咨询·抑郁焦虑(阿城咨询中心),心理咨询中心,会宁路136-10,15004627568,3.7,08:00-17:00,126.987600,45.545356,哈尔滨市,阿城区,B0LRPHRBM6,试点地区搜索
精神心理科,其他,珠江医院南门旁(省医院地铁站2号口步行190米),15546115822,,,126.679014,45.737477,哈尔滨市,香坊区,B0J1M7ZEWA,试点地区搜索
周瑞玲心理咨询中心,心理咨询中心,汉阳街30号,0451-86315777;15004645922;15663816666,4.5,08:00-20:00,126.624250,45.739187,哈尔滨市,南岗区,B0FFIIGMD8,试点地区搜索
木桃心理咨询机构,心理咨询中心,哈尔滨大街溪树庭院南区门市772号,13303653607;18686877070,4.3,10:00-18:00,126.593786,45.689902,哈尔滨市,南岗区,B0FFJKI5P8,试点地区搜索
曲伟杰心理学校,其他,兴江路与群力第四大道交口群力财富中心A座1106,0451-53632290;0451-84657668,4.4,08:30-17:30,126.551942,45.737097,哈尔滨市,道里区,B0G1CMRQ9K,试点地区搜索
心之岸心理咨询工作室,心理咨询中心,复兴街17号(铁路局地铁站4号口步行440米),,4.3,,126.636786,45.748458,哈尔滨市,南岗区,B0IUCZU1HQ,试点地区搜索
健宁心理咨询,心理咨询中心,中山路137号30栋109室,15645648531,4.1,08:00-17:00,126.666331,45.740958,哈尔滨市,南岗区,B0JRRAPG3H,试点地区搜索
迦格心理,其他,河鼓西三道街158号,,4.3,,126.588595,45.753129,哈尔滨市,道里区,B0K0NUB9CE,试点地区搜索
筑心心理咨询,心理咨询中心,北七道街113号,18545005664,4.0,09:00-17:00,126.641477,45.790169,哈尔滨市,道外区,B0J1GREFGM,试点地区搜索
李云朋心理咨询中心,心理咨询中心,世茂大道毅克拉公寓B座1911室,13613627590,3.8,07:00-21:00,126.520775,45.806225,哈尔滨市,松北区,B0KDZDQ227,试点地区搜索
幸福彤道心理咨询工作室,心理咨询中心,中交香颂B座1701,0451-82356661,3.9,09:00-17:30,126.589169,45.697860,哈尔滨市,南岗区,B0FFKOPYSO,试点地区搜索
德力心理咨询中心,心理咨询中心,建筑街7号1单元202室(近龙运客运站),0451-53632445;13903601191,4.4,24小时营业,126.635866,45.759783,哈尔滨市,南岗区,B01C30KGI8,试点地区搜索
承恺智蓝心智启航空间,其他,华山路18号,15546655957;15765475333,4.3,09:00-17:00,126.683219,45.747370,哈尔滨市,南岗区,B0L3SS3522,试点地区搜索
睿安心理工作室,其他,东大直街222号,18946085717,4.1,08:00-20:00,126.653173,45.766024,哈尔滨市,南岗区,B0I1L5IMZN,试点地区搜索
哈尔滨仁之惠心理咨询工作室,心理咨询中心,大新街250号,,3.5,10:00-17:00,126.635482,45.784692,哈尔滨市,道外区,B0K0KDAHTI,试点地区搜索
哈尔滨市南岗区晓威心理咨询工作室,心理咨询中心,长江路209号浦发大厦,0451-51095976,3.1,08:00-20:00,126.695571,45.751720,哈尔滨市,南岗区,B0FFLM25TU,试点地区搜索
黑龙江壹选心理咨询中心,心理咨询中心,宽桥街95号,18249089228,4.5,08:00-17:00,126.663880,45.767564,哈尔滨市,南岗区,B0J13AKLAC,试点地区搜索
莘岸心理咨询工作室,心理咨询中心,明达花园小区2号-A楼一层十号,18249085447,3.6,09:00-18:00,126.596164,45.980591,哈尔滨市,呼兰区,B0K6YD9O3E,试点地区搜索
拾心心理,其他,西大直街431号金洋馨园4单元501,0451-51098831;13804533491,3.8,08:00-20:00,126.611868,45.727966,哈尔滨市,南岗区,B0H1AU4T3J,试点地区搜索
嫦乐心理咨询室,心理咨询中心,星光耀1期办公四号楼三楼十四门,18745137722,3.5,09:00-16:30,126.534157,45.735342,哈尔滨市,道里区,B0HAGCW93J,试点地区搜索
自得教育,其他,砖街1-7号(哈工大地铁站1号口步行240米),15104535902,3.8,,126.627268,45.745866,哈尔滨市,南岗区,B0K3SHLYQU,试点地区搜索
隐世芳斋,其他,黎华街与安华街交叉口东60米,15146462176,3.7,09:00-18:00,126.675020,45.787488,哈尔滨市,道外区,B0KA1ZMTNF,试点地区搜索
觉海文化心理咨询.爱自然生命力家庭教育,心理咨询中心,公滨路412-4号,13304604593,4.1,,126.689781,45.728767,哈尔滨市,香坊区,B0J2F5Y69U,试点地区搜索
静点心理健康咨询室,心理咨询中心,五瑞街2号,15004629107,,24小时营业,126.629123,45.733173,哈尔滨市,南岗区,B0KR495NQP,试点地区搜索
五常嘉泰医院,其他,体育东路8号,0451-56667711,,24小时营业,127.152907,44.930308,哈尔滨市,五常市,B0H63S8VO0,试点地区搜索
滔声心理咨询中心,心理咨询中心,群力第六大道君康大厦608室,13503633653,3.5,24小时营业,126.530875,45.722325,哈尔滨市,道里区,B0J337TUSR,试点地区搜索
依兰县姝彤青少年心理咨询中心,心理咨询中心,健康街399号金领大厦九楼,13284876667,3.4,09:00-18:00,129.570607,46.320015,哈尔滨市,依兰县,B0LGZLRC3F,试点地区搜索
神医岭康肤中心(香坊店),其他,香茗街23-1号,18249792699,4.1,08:00-18:00,126.687667,45.731113,哈尔滨市,香坊区,B0LUMMB5KL,试点地区搜索
哈尔滨市未成年人心理健康指导中心,心理咨询中心,经纬头道街23号,0451-82400352,4.3,08:00-16:00,126.622305,45.765568,哈尔滨市,道里区,B0K0658E7E,试点地区搜索
莱自在心理咨询中心,心理咨询中心,泰山北路与黄河路交叉口南60米,,3.1,,126.703125,45.755925,哈尔滨市,南岗区,B0L1Z7OI4G,试点地区搜索
黑龙江哈尔滨青少年心理咨询中心,心理咨询中心,先锋路565号,,3.8,08:00-17:00,126.675250,45.765635,哈尔滨市,南岗区,B0LDNU1QEL,试点地区搜索
知愈心理健康服务中心,心理咨询中心,上海路9号爱建滨江写字楼316室,13804576521;17018831513,3.7,,126.599986,45.763948,哈尔滨市,道里区,B0H27CZ5TA,试点地区搜索
李洪东心理,其他,哈西丽江路铁汇街汇智中心A栋7A层715室,13624612157,3.3,,126.572447,45.711534,哈尔滨市,南岗区,B0LDLA4EZF,试点地区搜索
一如是心理咨询中心,心理咨询中心,恒大国际中心01号楼404室,18503626134,4.1,,126.564141,45.739530,哈尔滨市,道里区,B0KA554UT9,试点地区搜索
魏红英心理咨询服务中心,心理咨询中心,交通北路与莱熏路交叉口西20米,,3.4,,127.481176,45.755244,哈尔滨市,宾县,B0JUUYPBMA,试点地区搜索
识壹心理咨询中心,心理咨询中心,清滨胡同与西大直街辅路交叉口东南60米,,3.4,,126.615748,45.731279,哈尔滨市,南岗区,B0JUM4011K,试点地区搜索
附三心理咨询(会展中心店),心理咨询中心,天山路与民福路交叉口北160米,,1.6,,126.714775,45.746875,哈尔滨市,南岗区,B0LUTU3SJB,试点地区搜索
黑龙江哈尔滨青少年网瘾干预中心,其他,先锋路565号,,,,126.675225,45.765625,哈尔滨市,南岗区,B0LDRRD9F8,试点地区搜索
爱智儿童发育行为干预中心,其他,宏大路121号,,4.3,,126.630660,45.777538,哈尔滨市,道外区,B0J0KC7QM1,试点地区搜索
南京皮肤病医院(药研所),其他,马家街26号药物研究所6楼601室-612室,19929963309,,08:00-17:00,118.781932,32.074053,南京市,鼓楼区,B0L6YHY996,试点地区搜索
溧水区第三人民医院,其他,南京市溧水区中大街35号,025-57440351;025-57441555,,08:00-11:30 14:00-17:00,119.026069,31.651336,南京市,溧水区,B0FFLAE3VR,试点地区搜索
南京江北新区精神卫生中心(新院区),精神专科医院,大厂街道太子山路68号,,,,118.750216,32.215955,南京市,六合区,B0HAUAS0HM,试点地区搜索
南京市祖堂山医院,其他,寺脚村,025-52745706,,,118.745869,31.885680,南京市,江宁区,B00190AGL0,试点地区搜索
江苏省精神卫生中心,精神专科医院,华侨路街道广州路264号,,,09:00-21:00,118.769686,32.049628,南京市,鼓楼区,B0FFIPM9D9,试点地区搜索
南京脑康中医院抑郁症诊疗中心,其他,热河南路207号,,,08:00-17:30,118.741224,32.073506,南京市,鼓楼区,B0FFL78YVX,试点地区搜索
江宁区第二人民医院-精神科住院楼,其他,上坊镇陈陵路50号江宁区第二人民医院,,,,118.887408,31.962639,南京市,江宁区,B0FFHTJPJI,试点地区搜索
江宁区第二人民医院,其他,上坊镇陈陵路50号,025-52702705;025-52702418,,08:00-11:30 14:00-17:00,118.886866,31.962803,南京市,江宁区,B001906QWB,试点地区搜索
南京神康心理医院(精神心理专科),其他,幕府西路118号,17327771225,4.8,09:00-17:00,118.766310,32.101091,南京市,鼓楼区,B0H25MKZTX,试点地区搜索
南京长江医院心理咨询中心,心理咨询中心,钟阜路新门口18号,025-83580008;18061434265,4.5,08:00-17:00,118.767760,32.086744,南京市,鼓楼区,B0L6K55ILE,试点地区搜索
南京长江医院精神心理科,其他,新门口18号,025-83580008;18013386529,,08:00-17:00,118.768355,32.086997,南京市,鼓楼区,B0L6KUP1EY,试点地区搜索
安肯心理咨询(百家湖店),心理咨询中心,新城发展中心2幢1109,4000520088,4.4,08:00-24:00,118.825519,31.929429,南京市,江宁区,B0K1M5QDSQ,试点地区搜索
南京安肯心理咨询(脑科医院店),心理咨询中心,广州路5号君临国际2幢701室,4000520088,4.6,24小时营业,118.782331,32.049893,南京市,鼓楼区,B0G0OATYZH,试点地区搜索
南京脑科医院,其他,广州路264号,025-82296000;025-82296409,,05:00-23:00,118.768416,32.050252,南京市,鼓楼区,B00190B8C9,试点地区搜索
南京天佑儿童医院,其他,中山北路307-1号(福建路地铁站3号口步行450米),025-86888812,3.9,,118.756759,32.081976,南京市,鼓楼区,B0FFKYFYZP,试点地区搜索
南京江北人民医院临床心理科,其他,葛关路45号,13813395217,,,118.757025,32.234425,南京市,六合区,B0L1FCZ8T2,试点地区搜索
中大医院心理咨询中心,心理咨询中心,新模范马路3号,,4.0,,118.779899,32.077221,南京市,鼓楼区,B0FFFOK2XP,试点地区搜索
南京脑科医院儿童心理卫生研究中心,其他,广州路264号南京脑科医院6号楼,,,,118.769168,32.049349,南京市,鼓楼区,B001915LR6,试点地区搜索
南京心愈岛-江苏省青少年心理健康指导中心,心理咨询中心,广州路188号苏宁环球大厦F12层,13141689730,4.4,08:30-17:30,118.774805,32.051059,南京市,鼓楼区,B0LUAYFHVU,试点地区搜索
观心实验室·心理咨询(南京店),心理咨询中心,江东中路305号中泰国际广场裙楼北楼,15010951887,4.3,08:00-24:00,118.727614,32.001805,南京市,建邺区,B0K0RSBQX4,试点地区搜索
南京温纳心理咨询有限公司,心理咨询中心,中山东路301号701室,18912926966,4.7,08:00-20:00,118.805603,32.041190,南京市,玄武区,B0IDCAQHGD,试点地区搜索
壹点灵·心理咨询中心(珠江路店),心理咨询中心,珠江路1号2801室,4000067825,4.1,24小时营业,118.785006,32.050845,南京市,玄武区,B0LR6HFTGZ,试点地区搜索
南京和人心理咨询专业机构,心理咨询中心,苏园路6号江苏软件园二期1幢3楼,025-57025966,4.4,09:00-17:30,118.889166,32.085720,南京市,玄武区,B0FFLKH7Q2,试点地区搜索
南京柳笛心理咨询(新街口店),心理咨询中心,珠江路88号新世界中心A座1403室,18061674796,4.0,09:00-21:00,118.788695,32.049481,南京市,玄武区,B0K0SR6XRS,试点地区搜索
南京好心情心理咨询中心(新街口店),心理咨询中心,洪武路199号512室,025-86608509;18951821750,3.9,09:00-21:00,118.787665,32.035408,南京市,秦淮区,B0JRM6MBA6,试点地区搜索
依赛安心理,其他,嘉陵江东街18号1栋1004-1室,13376057393,3.9,09:30-23:00,118.733919,31.980750,南京市,建邺区,B0K0U55LSJ,试点地区搜索
南京星柚心理咨询中心,心理咨询中心,大桥北路1号华侨广场1305室,15150519319,3.8,08:00-21:00,118.728925,32.128775,南京市,浦口区,B0K3GC8NPG,试点地区搜索
好心情心理咨询,心理咨询中心,洪武路199号长发银座B座522室,,4.0,09:00-18:00,118.787819,32.035309,南京市,秦淮区,B0LDHHSQEJ,试点地区搜索
歆瑶心理,其他,西岗街道仙林大道181号5幢2219室,15366063789,3.7,24小时营业,118.991217,32.122194,南京市,栖霞区,B0KBK7DTR9,试点地区搜索
爱聆心医生(新街口店),其他,中山南路89号江苏文化大厦2303室,17302543606,3.8,09:00-21:00,118.784520,32.037108,南京市,秦淮区,B0IUD9L18V,试点地区搜索
南京悦慈心理咨询中心,心理咨询中心,雨润大街88-1(01幢)11楼1101-1室,025-58838220;18905152319,4.0,09:00-17:30,118.721639,31.985403,南京市,建邺区,B0G26CLRWZ,试点地区搜索
云游心理咨询咨询中心(新街口店),心理咨询中心,广州路188号苏宁环球大厦1007室,13952022107,4.0,,118.774846,32.051042,南京市,鼓楼区,B0LR6HFTGW,试点地区搜索
南京柳笛心理咨询(江宁店),心理咨询中心,秣陵街道日新路2号中海龙湾B幢811室,,4.1,09:00-21:00,118.830357,31.930512,南京市,江宁区,B0K6AZIRIA,试点地区搜索
微光号心理工作室,其他,毅达汇创中心3栋2109,17327782520,4.0,09:00-19:00,118.644742,32.066956,南京市,浦口区,B0K1PL724P,试点地区搜索
南京神康心理咨询中心,心理咨询中心,幕府西路118号,17327771225,4.1,08:00-17:00,118.766369,32.101106,南京市,鼓楼区,B0LBXSJC2M,试点地区搜索
南京晓然心理咨询龙蟠中路中心,心理咨询中心,龙蟠中路329号203室,025-84584678,4.2,09:00-21:00,118.801033,32.028634,南京市,秦淮区,B0FFGNFBSI,试点地区搜索
南京怡康心理咨询有限责任公司,心理咨询中心,怡康街9号涟城汇2726室,15895862315,3.5,08:00-20:00,118.756256,32.009684,南京市,建邺区,B0JK0DRVXO,试点地区搜索
小满营养健康管理咨询中心,其他,和燕路53号12幢205室,19327910270,3.3,08:30-16:30,118.793232,32.097588,南京市,鼓楼区,B0KUMM1RHU,试点地区搜索
启林心理空间,其他,谷里街道亲见社区薛家凹2号,18851057649,4.3,09:00-21:00,118.661234,31.850398,南京市,江宁区,B0LDZLSCTJ,试点地区搜索
南京直面心理咨询研究所(万达茂·中心E座店),心理咨询中心,万达茂中心E座837室,025-84706081;18914487447,4.1,09:30-17:00,118.989346,32.123260,南京市,栖霞区,B0G0P7FWO8,试点地区搜索
元心理健康咨询服务中心,心理咨询中心,汇杰广场1205(珠江路地铁站3号口步行350米),18994133122,3.7,09:00-21:00,118.784576,32.053507,南京市,玄武区,B0JKNPFW39,试点地区搜索
南京傅嘉祺心理咨询中心,心理咨询中心,鼓楼创新广场B栋1116-1室,15062288714,3.5,10:00-19:00,118.731020,32.032950,南京市,鼓楼区,B0K3MHR1WQ,试点地区搜索
心师(青春期成长指导中心),其他,秦苑路31-8号,,4.0,,118.851120,32.346716,南京市,六合区,B0K0PHUPP8,试点地区搜索
南京六渡心理咨询中心,心理咨询中心,中央北路185号赛城国际大厦618室,13255284403,3.6,09:00-20:00,118.777661,32.109907,南京市,鼓楼区,B0I27ROZ2D,试点地区搜索
南京晓然心理咨询奥体分中心,心理咨询中心,奥体大街130号奥体名座E座805室,025-86602001,3.7,09:00-18:00,118.728398,32.002676,南京市,建邺区,B0HB3OAFSV,试点地区搜索
南京菩语凡事心理咨询中心(心理咨询·催眠·婚姻情感),心理咨询中心,大桥北路57号,13913940002,3.7,09:00-16:00,118.720772,32.137780,南京市,浦口区,B0FFKH6VPC,试点地区搜索
星光语心理咨询中心,心理咨询中心,江东北路275号龙江里小区1311室,15205190839,3.6,10:00-21:00,118.738924,32.053278,南京市,鼓楼区,B0L6UC0N8M,试点地区搜索
一境花开·心理咨询中心,心理咨询中心,庐山路与宜悦街交叉口西60米,,0.8,,118.711825,31.979775,南京市,建邺区,B0I1FYKGGE,试点地区搜索
爱尚眼近视防治与干预中心,其他,秣棱街道菲尼克斯路70号总部基地32栋14层,025-87186668,,09:00-18:00,118.831430,31.932337,南京市,江宁区,B0J13ZL0RP,试点地区搜索
南京方舟启智中心,其他,集庆门大街143号,,3.9,,118.752136,32.025502,南京市,建邺区,B0FFHWI2MN,试点地区搜索
心爱星自闭症干预发育迟缓感统训练(秦淮中心),其他,白路7-11号新万里商场,,2.3,,118.785225,32.029825,南京市,秦淮区,B0LG4Z7J22,试点地区搜索
杭州市第七人民医院,其他,天目山路305号(古荡新村地铁站D口步行180米),0571-85129501,,07:00-21:00,120.113505,30.269947,杭州市,西湖区,B023B02359,试点地区搜索
杭州市萧山区精神卫生中心,精神专科医院,新塘街道涝湖村山下陈17号,0571-82722609,,08:00-17:00,120.320170,30.182061,杭州市,萧山区,B0FFLMIY08,试点地区搜索
杭州市第七人民医院浙西院区,其他,寿昌镇十八桥村郑山自然村区块(江南路66号),0571-64719373,,08:30-12:00 13:30-17:00,119.204143,29.342809,杭州市,建德市,B0FFLO3BN9,试点地区搜索
浙江省精神卫生中心,精神专科医院,同德路与荆山湾路交叉口南360米,13020927265,,08:30-18:00,120.013684,30.227800,杭州市,余杭区,B023B0ACVZ,试点地区搜索
浙江大学医学院附属精神卫生中心,精神专科医院,天目山路305号(古荡新村地铁站D口步行140米),,,08:00-18:00,120.113178,30.270256,杭州市,西湖区,B0KDM59NP1,试点地区搜索
浙江省精神卫生研究院,其他,古翠路234号(近文二西路),0571-88695222,,,120.119660,30.284158,杭州市,西湖区,B023B01B13,试点地区搜索
浙江省精神卫生研究所,其他,立同德医院闲林分院闲林东路一号,,,,120.013523,30.228913,杭州市,余杭区,B0FFL9QHKH,试点地区搜索
浙江省人民医院(朝晖院区)门诊楼精神卫生科320,其他,上塘路158号门诊楼F3层,,,,120.168109,30.284561,杭州市,拱墅区,B0FFGZWYSR,试点地区搜索
杭州市第七人民医院心理危机研究与干预中心,其他,天目山路305号杭州市第七人民医院,0571-85029595,,,120.113173,30.270167,杭州市,西湖区,B0FFHZRBDO,试点地区搜索
安肯心理咨询(城西银泰店),心理咨询中心,丰潭路430号丰元国际大厦1幢六层601室,4000520088,4.6,08:00-24:00,120.106125,30.301275,杭州市,拱墅区,B0JBSMT2DF,试点地区搜索
杭州海亮青少年心理赋能中心,其他,鸿泰路98号(彭埠地铁站C口),18167159337,4.5,08:30-17:30,120.219995,30.293140,杭州市,上城区,B0FFKTE54Z,试点地区搜索
安肯心理咨询(阿里巴巴店),心理咨询中心,五常街道汇银中心1幢5层501,4000520088,4.6,08:00-24:00,120.026515,30.288978,杭州市,余杭区,B0GRPXO9ZU,试点地区搜索
杭州天目山医院精神心理科,其他,古墩路6号杭州天目山医院内,0571-87356655,,,120.103189,30.264082,杭州市,西湖区,B0HUO5FS2H,试点地区搜索
安肯心理咨询(滨江天街店),心理咨询中心,江南大道288号1幢702室,4000520088,4.5,08:00-24:00,120.209286,30.206055,杭州市,滨江区,B0IRZA04TD,试点地区搜索
安肯诊所,其他,白杨街道2号大街文泽路地铁口C口步行200米,4000520088,4.6,24小时营业,120.343910,30.309377,杭州市,钱塘区,B0H1BNVXWU,试点地区搜索
武林(杭州)医院-心身医学中心,其他,中山北路502号,13186961821,4.5,08:00-17:30,120.167054,30.270834,杭州市,拱墅区,B0LDCZEOB4,试点地区搜索
安肯心理咨询(临平银泰店),心理咨询中心,南苑街道西子国际金座2幢3001室,4000520088,4.5,08:00-24:00,120.302562,30.401710,杭州市,临平区,B0JGCYNFES,试点地区搜索
悦安心理咨询(邵逸夫医院店),心理咨询中心,五福天星龙B座2103室(景芳地铁站D6口步行100米),13754329775,4.2,24小时营业,120.208787,30.262436,杭州市,上城区,B0IK5HNS5H,试点地区搜索
安肯心理咨询(浙二医院店),心理咨询中心,庆春路38号金龙财富中心401,4000520088,4.3,08:00-24:00,120.182680,30.258930,杭州市,拱墅区,B0I1TCB4LN,试点地区搜索
杭州复旦儿童医院心理健康发展中心,心理咨询中心,环城北路10号通宝商厦F5层,0571-87999121,,08:00-17:00,120.183143,30.275578,杭州市,拱墅区,B0IR415LTV,试点地区搜索
杭州市儿童医院,其他,文晖街道文晖路上塘路交叉口文晖路201号,0571-85464000,,24小时营业,120.170859,30.280950,杭州市,拱墅区,B0FFG0X1QA,试点地区搜索
浙江省心理协会医联体医院,其他,环城北路10号4层406室,0571-87999121,3.9,08:00-23:00,120.183189,30.275546,杭州市,拱墅区,B0KUHAI0PY,试点地区搜索
安肯心理,其他,大学路与大学路一弄交叉口东北40米,,3.0,,120.182666,30.250769,杭州市,上城区,B0FFJG4WCN,试点地区搜索
西湖大学医学院附属杭州市第一人民医院(湖滨院区),其他,浣纱路261号,0571-56005600,,08:00-12:00 13:30-17:00,120.166749,30.255273,杭州市,上城区,B023B08YI2,试点地区搜索
南京军区心理疾病诊疗中心,其他,杨公堤与龙井支路交叉口东南180米,,,,120.130675,30.235032,杭州市,西湖区,B0FFHHGCQO,试点地区搜索
杭州天目山医院-青少年心理咨询中心,心理咨询中心,古墩路4号,,4.1,,120.103021,30.264127,杭州市,西湖区,B0JGO5WAV7,试点地区搜索
杭州怡宁医院,其他,五常大道辅助南路38号1幢,0571-88668891,,24小时营业,120.045655,30.246395,杭州市,余杭区,B0FFI7Y1MK,试点地区搜索
西湖大学医学院附属杭州市第一人民医院(城北院区)-临床心理科门诊,其他,西湖大学医学院附属杭州市第一人民医院(城北院区)-医疗综合楼-3楼B区,,,,120.173311,30.351870,杭州市,拱墅区,B0KG994MPU,试点地区搜索
精神心理健康中心,心理咨询中心,九堡街道德胜东路3339号城东医院5楼,,4.1,,120.277146,30.312365,杭州市,上城区,B0I02UHYQD,试点地区搜索
浙江省立同德医院翠苑院区门诊大楼临床心理普通门诊,其他,古翠路234号立同德医院门诊大楼F5层9,,,,120.120272,30.284416,杭州市,西湖区,B0L2TD3TQZ,试点地区搜索
西湖大学医学院附属杭州市第一人民医院(湖滨院区)门诊楼普通心理门诊&失眠门诊,其他,浣纱路261号杭州市第一人民医院门诊楼8F层825,,,,120.166483,30.254315,杭州市,上城区,B0FFH06GBI,试点地区搜索
西湖大学医学院附属杭州市第一人民医院(湖滨院区)门诊楼临床心理科专家门诊,其他,浣纱路261号杭州市第一人民医院门诊楼8F层823,,,,120.166522,30.254315,杭州市,上城区,B0FFH06GA2,试点地区搜索
壹点灵·心理咨询中心(滨江银泰店),心理咨询中心,西兴街道阡陌路459号C1座7楼,4000067825,4.6,24小时营业,120.221272,30.207812,杭州市,滨江区,B0LUMREGRV,试点地区搜索
壹点灵心理咨询中心(黄龙万科店),心理咨询中心,翠苑街道学院路77号H座2102室,4000067825,4.2,24小时营业,120.128160,30.275779,杭州市,西湖区,B0LAVS60Q3,试点地区搜索
壹点灵·心理咨询中心(未来科技城店),心理咨询中心,仓前街道文一西路1338号A座8层-801,4000067825,4.6,24小时营业,119.990133,30.275550,杭州市,余杭区,B0IA3HWCG3,试点地区搜索
益语心医教中心,其他,湖州街534号536号,13554282342;18958142686,4.6,08:30-17:30,120.124625,30.322425,杭州市,拱墅区,B0LDP6T9ZE,试点地区搜索
张怡筠情商·儿童心理(澄心社店),其他,小河路480号运河天地文化艺术园区29幢一楼,15306710085,4.1,09:00-20:30,120.137132,30.322331,杭州市,拱墅区,B0FFJIJTQJ,试点地区搜索
成泰缘泰牌塔罗,其他,将军路68号,19357528937,4.3,12:00-24:00,120.161535,30.248621,杭州市,上城区,B0KG7C6BJV,试点地区搜索
杭州如易心理咨询中心,心理咨询中心,南环路4280号汇智地1-431室,0571-85052923;15381069952,4.1,09:00-20:30,120.151221,30.180669,杭州市,滨江区,B0G3AG9F9U,试点地区搜索
浅橙心理(临平店),其他,西子国际1号楼601,0571-85967777,3.9,24小时营业,120.302725,30.401364,杭州市,临平区,B0JA6UK0H0,试点地区搜索
杭州好心情心理咨询中心(文三路店),心理咨询中心,古涉街道文三西路27-2号二层,,4.1,09:00-18:00,120.111739,30.275835,杭州市,西湖区,B0I32UMJ38,试点地区搜索
天易堂易经疗愈空间,其他,五常街道西溪远洋公馆荆长路576号,13216169781;15945195557;17301205046,4.2,10:00-22:00,120.042904,30.281645,杭州市,余杭区,B0KUZDNSPQ,试点地区搜索
伊智慧健康咨询疗愈中心,其他,西溪蝶园北区紫霞街199号店铺,15397138162,4.1,09:30-21:00,120.063524,30.289676,杭州市,西湖区,B0KARU7SMM,试点地区搜索
浅橙心理(远洋乐堤港店),其他,万通中心E座509室,13336115977,4.0,11:00-20:00,120.146813,30.308041,杭州市,拱墅区,B0KRBSRJRH,试点地区搜索
心鸟心理服务平台(萧山望京店),其他,望京B座1110,13588204463,4.0,24小时营业,120.253557,30.238122,杭州市,萧山区,B0I2FUO62Q,试点地区搜索
杭州心愈岛心理咨询中心,心理咨询中心,翠苑街道天目山路260-274号(万塘路2-18号B座308室),13023689237,4.4,08:30-17:30,120.125761,30.272620,杭州市,西湖区,B0LURA1BV3,试点地区搜索
好心情青少年好心理咨询,心理咨询中心,文新街道文三西路374-3号614室,15330079295,3.8,,120.106337,30.276275,杭州市,西湖区,B0LUPAWZMZ,试点地区搜索
啐啄心理咨询,心理咨询中心,新天地商务楼5幢西楼506,,4.1,07:00-23:00,120.184245,30.327667,杭州市,拱墅区,B0GUYX6AIB,试点地区搜索
杭州附一皮肤病医院,其他,莫干山路759号,18069870872,3.6,08:00-17:30 08:00-16:00 08:00-16:00,120.136808,30.298286,杭州市,拱墅区,B0FFM86MMO,试点地区搜索
浙江省立同德医院翠苑院区门诊大楼精神卫生科(普通),其他,古翠路234号浙江省立同德医院翠苑院区,,,,120.120181,30.284411,杭州市,西湖区,B0FFILK1NS,试点地区搜索
厚果心身医学中心,其他,滨盛路3866号,13116753450,4.3,09:00-18:00,120.166848,30.190289,杭州市,滨江区,B0L1S7QPG9,试点地区搜索
心力空间心理咨询减压中心,心理咨询中心,江陵路601号东方商务会馆A座B楼,,4.1,,120.217474,30.189046,杭州市,滨江区,B0J0H5VYU8,试点地区搜索
安伈心理咨询(金沙湖·佳宝店),心理咨询中心,2号大街551号佳宝科创中心1号楼1006室,15397068131,3.9,09:00-21:00,120.369051,30.310399,杭州市,钱塘区,B0J1GZAQ8A,试点地区搜索
Lucky塔罗(滨江店),其他,滨和路与阡陌路交叉口西120米,,4.1,12:00-20:00,120.222155,30.200571,杭州市,滨江区,B0LDLSQ5X3,试点地区搜索
隐阔心理咨询,心理咨询中心,古墩路97号浙商财富中心2号楼西门329,19511228907,3.3,09:00-21:00,120.100722,30.271793,杭州市,西湖区,B0JAUDQMA2,试点地区搜索
安梦心理中心,其他,紫金港商务大厦3楼359,13388431496,3.9,09:30-20:30,120.097829,30.305129,杭州市,西湖区,B0I22A84QB,试点地区搜索
德瑞姆心理咨询(杭州中心),心理咨询中心,顺福商务中心1幢1301室,17317867822,4.0,10:00-19:00,120.211525,30.265275,杭州市,上城区,B0LG3799WT,试点地区搜索
馨灵心理服务中心(杭机店),其他,学院路50号杭机大厦1009,13732226249,3.8,08:00-20:00,120.130748,30.273754,杭州市,西湖区,B0KG1S1PPB,试点地区搜索
广仁心理咨询,心理咨询中心,康桥路2-1号248室,19550218081,3.8,,120.171310,30.365294,杭州市,拱墅区,B0K3ODTWOP,试点地区搜索
合肥市第四人民医院,其他,黄山路316号,0551-63616310;0551-63666903,,09:00-12:00 14:00-17:00,117.263342,31.843824,合肥市,蜀山区,B022702CDW,试点地区搜索
国药中铁精神病医院,其他,新蚌埠路90号,0551-64215297,,08:00-12:00 14:00-17:30,117.302279,31.887340,合肥市,瑶海区,B0KRXCFV7K,试点地区搜索
肥西精神卫生中心-门诊部,精神专科医院,安徽医科大学第一附属医院南区3号门西北280米,,,,117.170809,31.747869,合肥市,肥西县,B0FFGA5S89,试点地区搜索
合肥立心精神医院,其他,护城路与古河路交叉口西南140米,,,24小时营业,117.414725,31.885252,合肥市,肥东县,B0G1JY6O1Y,试点地区搜索
合肥长淮中医医院-精神科,其他,金寨路158号(中国科大东区地铁站C口步行420米),18656963510,,08:00-17:00,117.268247,31.841420,合肥市,蜀山区,B0H6DZ6F0H,试点地区搜索
合肥长淮中医医院精神康复科,其他,金寨路161号合肥长淮中医医院三楼,0551-67115858,,08:00-17:00,117.268135,31.841307,合肥市,蜀山区,B0K3R74IFW,试点地区搜索
安徽省精神医学中心,其他,北外环路与金庭路交叉口西南180米,,,,117.872015,31.625472,合肥市,巢湖市,B0L6RPYRAJ,试点地区搜索
肥东县精神卫生防治中心,其他,团结大道与解集路交叉口西160米,,,,117.481925,31.896975,合肥市,肥东县,B0GKN5706X,试点地区搜索
巢湖市司集徐氏精神卫生防治院,其他,312国道与003县道交叉口西480米,,,08:00-20:00,117.903121,31.883173,合肥市,巢湖市,B0FFFZV2U7,试点地区搜索
庐江县第三人民医院,其他,合铜路附近,0551-87321324,,24小时营业,117.273575,31.277538,合肥市,庐江县,B0FFGH2P7O,试点地区搜索
合肥市第四人民医院精神卫生楼,其他,三里庵街道黄山路316号合肥市第四人民医院,0551-63666903,,,117.262406,31.843498,合肥市,蜀山区,B0FFH1IDF0,试点地区搜索
合肥市第四人民医院心理健康楼,心理咨询中心,黄山路316号,,4.1,,117.262477,31.842842,合肥市,蜀山区,B0K6Z703O2,试点地区搜索
合肥长淮中医医院-精神心理科,其他,金寨路161号医院三楼,0551-67115858,4.5,08:00-17:00,117.268335,31.841357,合肥市,蜀山区,B0LDDH473Y,试点地区搜索
合肥市第四人民医院心理保健中心,其他,黄山路316号第四人民医院,,,,117.263604,31.842979,合肥市,蜀山区,B022718GCG,试点地区搜索
合肥长兴康复医院-心理科·测评·咨询,其他,新海大道488号,,3.6,,117.351784,31.894315,合肥市,瑶海区,B0LB55PTPG,试点地区搜索
合肥天使儿童医院,其他,南七街道黄山路451号,15357715319,,08:00-17:00,117.241286,31.840800,合肥市,蜀山区,B0FFKC8SMZ,试点地区搜索
安徽静安中西医结合医院,其他,龙岗路101号,0551-64328888;17764404685,,07:30-17:30,117.377180,31.855564,合肥市,瑶海区,B0IR4A0D23,试点地区搜索
合肥友好医院耳鼻喉科,其他,徽州大道693号,18655051203,,08:00-17:30,117.284985,31.837051,合肥市,包河区,B0LGCAOGO4,试点地区搜索
合肥长淮中医医院青少年心理门诊,其他,金寨路158号,,,,117.268335,31.841357,合肥市,蜀山区,B0LU7901HM,试点地区搜索
安徽中医药临床研究中心附属医院,其他,歙县路b区305,13515654528,4.1,08:00-17:30,117.318446,31.814268,合肥市,包河区,B0LGBS5DQX,试点地区搜索
海棠社区医院口腔科门诊,其他,临泉路与颍上路交叉口东80米,,4.3,,117.272393,31.887198,合肥市,庐阳区,B0LR9NOCLO,试点地区搜索
壹点灵·心理咨询中心(天鹅湖店),心理咨询中心,祁门路333号新地中心A(原10幢)办3007B室,4000067825,4.5,24小时营业,117.229211,31.807824,合肥市,蜀山区,B0JK4SS4KR,试点地区搜索
心之力心理咨询,心理咨询中心,休宁路与东至南路交叉口丹青花园北门西行100米临街二楼S035,18056054063;18356015968,4.3,08:00-20:00,117.245138,31.822065,合肥市,蜀山区,B0JG352L5T,试点地区搜索
壹点灵心理咨询中心(四牌楼店),心理咨询中心,逍津街道长江路180号徽盐商务中心2708房屋,4000067825,4.5,24小时营业,117.284448,31.862694,合肥市,庐阳区,B0LA5URHPL,试点地区搜索
安徽诺观心理咨询,心理咨询中心,潜山路468号丰乐苑东区4栋102室,17718118708,4.2,24小时营业,117.231385,31.859724,合肥市,蜀山区,B0KR21HFNX,试点地区搜索
乐观心悦心理,其他,圣大国际商贸中心(大东门地铁站D口步行60米),17354131108,4.1,,117.302408,31.863869,合肥市,瑶海区,B0LGYO98G1,试点地区搜索
合肥中洁心理咨询中心,心理咨询中心,潜山路与天鹅湖路交叉口蔚蓝商务港D座1802-03,0551-65127793;0551-65127835;13349196162,4.0,09:00-21:00,117.233671,31.814040,合肥市,蜀山区,B0G16UZOL1,试点地区搜索
安肯心理咨询(天鹅湖店),心理咨询中心,荷叶地街道祁门路333号新地中心6幢办909室,4000520088,3.9,24小时营业,117.231249,31.807074,合肥市,蜀山区,B0LUCHI7G9,试点地区搜索
善源心理咨询(春天大厦店),心理咨询中心,长江西路3号春天大厦2901室,19355572213,3.8,09:00-18:00,117.266675,31.857925,合肥市,蜀山区,B0IUOA9IG3,试点地区搜索
情感匠人心理咨询事务所,心理咨询中心,栢悦中心9层906,13365517533,3.8,08:00-22:00,117.224251,31.798778,合肥市,蜀山区,B0JB3RGY58,试点地区搜索
史密茨心理医疗,其他,龙岗路与淮南路交叉口青少年活动中心一层,19155102892;4001685660,4.3,08:30-18:00,117.374394,31.847847,合肥市,瑶海区,B0K0275TM4,试点地区搜索
合肥安镜心理咨询有限公司,心理咨询中心,怀宁路288号置地广场C座1005室,18856047721,3.7,09:00-21:00,117.224322,31.805592,合肥市,蜀山区,B0KDA7DVF5,试点地区搜索
合肥一颗心心理咨询,心理咨询中心,安百苑A区7幢201室,13515518217,4.0,24小时营业,117.318708,31.817449,合肥市,包河区,B0LABS1SO0,试点地区搜索
心理咨询工作室,心理咨询中心,当代未来城S1栋119门面,18326035137,3.9,24小时营业,117.374814,31.944253,合肥市,瑶海区,B0KK4RYZL8,试点地区搜索
合肥纳本心理咨询中心,心理咨询中心,井岗路64号(爱至简幸福美学空间),18856946454,3.9,09:00-21:00,117.181956,31.857287,合肥市,蜀山区,B0LUGZJY0V,试点地区搜索
合肥京方东心理咨询,心理咨询中心,蜀山区经济开发区湖光路自主创新产业基地三期(南区)B座9层9-2993,15055196387,3.8,08:30-18:30,117.150521,31.865531,合肥市,蜀山区,B0K23D0WVP,试点地区搜索
安徽徽韵心理咨询有限公司,心理咨询中心,Max科技园7栋704,0551-63511249,4.2,09:00-17:00,117.144119,31.871727,合肥市,蜀山区,B0FFHF8JNO,试点地区搜索
情感匠人(蜀山店),其他,华邦ICC写字楼A座3408室,13365517533,3.6,08:00-22:00,117.232715,31.817506,合肥市,蜀山区,B0G2XLQD9U,试点地区搜索
安徽心思为心理咨询有限公司,心理咨询中心,黄山路498号吉品荟广场写字楼1609,0551-65582515,4.0,,117.234720,31.840440,合肥市,蜀山区,B0JDMC3Y91,试点地区搜索
安徽思量心理咨询服务中心,心理咨询中心,云谷路与江西路交口万达未来领地A座2201室,18130040375,3.7,24小时营业,117.312092,31.712556,合肥市,包河区,B0FFK55PCD,试点地区搜索
乾元青少年心理咨询,心理咨询中心,御景湾公寓2栋1768室,13855195579,3.5,08:00-20:00,117.307522,31.858684,合肥市,瑶海区,B0J1VR341Y,试点地区搜索
安知屿心理咨询,心理咨询中心,锦江大厦A座(安农大地铁站B口旁),18225889040,3.2,09:30-20:00,117.266002,31.857848,合肥市,蜀山区,B0I1A5BZC7,试点地区搜索
红霞心理咨询工作室,心理咨询中心,棋石路与石笋路交口华侨城1期25栋1304室,13156539169;13966678760,3.6,09:00-18:00,117.202591,31.800895,合肥市,肥西县,B0H235Q42J,试点地区搜索
马春燕心理咨询中心,心理咨询中心,金寨路国轩凯旋写字楼2212,15205605677,3.9,08:00-22:00,117.275808,31.855994,合肥市,庐阳区,B0H15ATBIE,试点地区搜索
安徽省精神卫生中心洗衣中心,精神专科医院,合肥市第四人民医院门诊综合楼南门旁,,3.9,24小时营业,117.263326,31.843060,合肥市,蜀山区,B0G09YO3CU,试点地区搜索
安徽中医药大学神经病学研究所附属医院,其他,长江中路357号(三孝口地铁站E口步行310米),0551-62816159;0551-62835522;13965072833,,24小时营业,117.272736,31.860395,合肥市,庐阳区,B022702S2J,试点地区搜索
安徽中医药大学神经病学研究所附属医院门诊部,其他,长江中路357号安徽中医药大学神经病学研究所附属医院,,,,117.272830,31.860437,合肥市,庐阳区,B022717AZE,试点地区搜索
合肥月爱情感心理咨询中心,心理咨询中心,天鹅湖万达2号楼806,18815606979,3.5,09:00-21:00,117.222094,31.819429,合肥市,蜀山区,B0HGJZHBGD,试点地区搜索
萤火虫心理咨询中心(合肥店),心理咨询中心,笔架山街道南二环路3818号天鹅湖万达广场2号写字楼1403室,18656560222,2.1,09:00-18:00,117.221699,31.819422,合肥市,蜀山区,B0KD7CTGZ7,试点地区搜索
爱心灵心理咨询,心理咨询中心,弘阳广场写字楼A座826,15309691616,3.7,09:00-17:00,117.236628,31.851864,合肥市,蜀山区,B0L69DJ8MM,试点地区搜索
安徽森田心理咨询中心,心理咨询中心,黄山路314号省电力设计院宿舍第三生活区4栋201-203室,0551-65296678,4.0,08:00-20:00,117.262969,31.842229,合肥市,蜀山区,B0J33AU0F9,试点地区搜索
奕催眠 YI Hypnosis,其他,百利中心南塔1317室,19305511195,3.7,10:00-18:00,117.234634,31.811360,合肥市,蜀山区,B0L2C7IOZ1,试点地区搜索
否碍悟情感心理周易咨询,其他,绿地中心e座819(薛河地铁站D口步行160米),15951684131,3.5,09:00-20:00,117.268423,31.808756,合肥市,包河区,B0K6M5F319,试点地区搜索
合肥芝麻开门心理咨询,心理咨询中心,南宁东路715号万达茂中心5幢办2305室,0551-62915385;15380407250,4.0,,117.306026,31.705347,合肥市,包河区,B0FFI6UUXX,试点地区搜索
中国完形迪扬心理咨询中心,心理咨询中心,怀宁路282号怀宁路置地广场D座501,,2.8,09:30-21:00,117.223734,31.805061,合肥市,蜀山区,B0JBP965HE,试点地区搜索
回目心理咨询中心(塘溪津门店),心理咨询中心,万年埠街道塘溪津门水街4楼401号,,3.3,24小时营业,117.313855,31.718975,合肥市,包河区,B0L125V323,试点地区搜索
橡果心理咨询中心,心理咨询中心,高新区习友西路百商杰座12栋1506室,,3.6,10:00-21:00,117.194936,31.812634,合肥市,肥西县,B0L16ARCEE,试点地区搜索
合肥心晴好心理咨询中心,心理咨询中心,蜀麓社区服务中心玉兰大道777号1404室,,3.3,,117.164294,31.817505,合肥市,蜀山区,B0L0YZ5RTI,试点地区搜索
合肥怅淮心康心理咨询中心,心理咨询中心,安徽省合肥市包河区骆岗街道(包河经开发区)花园大道与宁夏路交口东北角安粮中心S3幢商307室,,3.4,,117.324215,31.774550,合肥市,包河区,B0LROUWPOL,试点地区搜索
合肥常槐心理咨询中心,心理咨询中心,经济技术开发区莲花社区丹霞路128号1栋3-306室,,3.5,,117.233219,31.766956,合肥市,蜀山区,B0LR255EWT,试点地区搜索
安徽省学习困难干预中心,其他,濉溪路278号置地·财富广场C座,18214738849,3.1,09:00-20:00,117.267075,31.878425,合肥市,庐阳区,B0LKGS1H3W,试点地区搜索
安徽省心理危机干预学会,危机干预中心,黄山路与石台路交叉口西220米,,,08:00-18:00,117.235033,31.840742,合肥市,蜀山区,B0JDMC32LD,试点地区搜索
安徽省心理危机干预学会秘书处,危机干预中心,黄山路459号吉品荟广场写字楼1612,,,,117.235033,31.840742,合肥市,蜀山区,B0L6TGICCS,试点地区搜索
福州市第二总医院神经精神病防治院福州院区,其他,南二环451号,0591-83516102;0591-83516217,,,119.289736,26.025720,福州市,仓山区,B024F05EJN,试点地区搜索
福州神康医院,其他,新店镇蓝盾路3号(福州儿童公园北500米),0591-87922743;0591-87959743;4000874799,,24小时营业,119.296296,26.144631,福州市,晋安区,B0FFHSAQB8,试点地区搜索
福清宜康医院,其他,上迳镇岭胶村上塘70号,0591-85739777,,,119.319148,25.638655,福州市,福清市,B0FFL259GW,试点地区搜索
福州市第二总医院神经精神病防治院闽清院区,其他,梅城镇南山路328号,,,24小时营业,118.871507,26.217630,福州市,闽清县,B0J3GZ0B0U,试点地区搜索
罗源县精神卫生中心,精神专科医院,洪洋乡石塘村2号,,,24小时营业,119.444017,26.540895,福州市,罗源县,B0J1XR2D3U,试点地区搜索
福建三博福能脑科医院-精神心理卫生中心,其他,后县路18号,,,08:00-17:00,119.277558,26.086506,福州市,鼓楼区,B0JKZZMCBF,试点地区搜索
福州市第二总医院神经精神病防治院福州院区(南2门汽车出口),其他,南二环451号福建省精神卫生中心(福州市第四医院),,,,119.288742,26.024529,福州市,仓山区,B0LUUDRG4Y,试点地区搜索
福州市第二总医院神经精神病防治院福州院区门诊,其他,南二环451号福州市第二总医院神经精神病防治院福州院区,,,,119.289808,26.024688,福州市,仓山区,B0J02MBQXP,试点地区搜索
福州市第二总医院神经精神病防治院福州院区住院部,其他,南二环451号福州市第四医院内,,,,119.289847,26.025784,福州市,仓山区,B0FFG0PZWZ,试点地区搜索
西湖社区精神卫生中心,精神专科医院,鼓西街道谢袍巷3号居家养老服务中心内,,,,119.289647,26.087344,福州市,鼓楼区,B0LDDU3ZYR,试点地区搜索
安肯心理咨询(省立医院店),心理咨询中心,东街83号福建国际青年交流中心20层,4000520088,4.5,24小时营业,119.305991,26.086136,福州市,鼓楼区,B0H26C129T,试点地区搜索
福建三博福能脑科医院-心理咨询中心,心理咨询中心,后县路18号,13107695096,4.5,08:00-17:30,119.277745,26.086457,福州市,鼓楼区,B0JKZAHJD6,试点地区搜索
禾好家庭·青少年心理咨询中心(省立医院店),心理咨询中心,东街航空大厦1818(省立医院地铁站B1西南口旁),,3.7,,119.307420,26.086435,福州市,鼓楼区,B0LGLAKTT8,试点地区搜索
福州台江心理医院,其他,五一南路293号,,4.2,,119.314281,26.056445,福州市,台江区,B0KUFZ28ZA,试点地区搜索
全民幸福社心理咨询(福州店),心理咨询中心,金山大道瑞科医药健康产业园5楼一楼,18650990109,4.2,09:00-21:00,119.261719,26.053991,福州市,仓山区,B0K3H53PHJ,试点地区搜索
鼓楼加洲心理门诊部,其他,三友大厦15层(东街口地铁站C口步行120米),0591-88119118,4.3,09:00-21:00,119.298208,26.085612,福州市,鼓楼区,B0HAM73CBP,试点地区搜索
众一泰数字心理健康中心,心理咨询中心,建新镇金洲北路33号5号楼1单元,0591-88532522,4.4,09:00-21:00,119.261934,26.053711,福州市,仓山区,B0JAOZU41I,试点地区搜索
福州枯木逢春心理咨询工作室,心理咨询中心,洪山镇祥屿路126号华润万象城(二期)S9号楼14层25商务办公,13489085368,3.9,09:00-22:00,119.278861,26.076013,福州市,鼓楼区,B0J1CCGSVJ,试点地区搜索
优+少年积极心理成长中心,其他,洪山镇洪山园路6号华润万象城TB楼3202单元,15080458273,4.2,24小时营业,119.276319,26.076182,福州市,鼓楼区,B0JG7UXKPG,试点地区搜索
福州中和正心心理咨询工作室,心理咨询中心,尚文路与上浦路交叉口东100米,,3.8,,119.277644,26.061724,福州市,台江区,B0I6BHS3DW,试点地区搜索
福建一味心理咨询有限公司,心理咨询中心,福沁路怡山创意园南园2号楼4楼,13763804077;13763895192,4.4,09:30-20:30,119.273948,26.067207,福州市,鼓楼区,B0HR47YWCR,试点地区搜索
心定心理青少年咨询中心,其他,点金财富中心商业街观光梯4楼407,0591-83209965;18046063637,3.7,24小时营业,119.276802,26.039019,福州市,仓山区,B0JAPM1CW4,试点地区搜索
明阳心理,其他,世欧王庄B区7号楼,,3.6,09:00-20:30,119.324694,26.071498,福州市,晋安区,B0K2X57NYZ,试点地区搜索
知行致远心理咨询(仓山万达店),心理咨询中心,浦上大道290号万达C区C2座6楼612室,15659191167,3.7,24小时营业,119.275968,26.037944,福州市,仓山区,B0K3UALRJK,试点地区搜索
林凌心理咨询工作室,心理咨询中心,万达soho区c3座610室,13911375183;15959101977,3.4,09:00-20:00,119.275924,26.037865,福州市,仓山区,B0I22RAGDU,试点地区搜索
青春理青少年心理咨询,心理咨询中心,大根路与东街交叉口东南40米,13615031140,3.5,24小时营业,119.307434,26.086410,福州市,鼓楼区,B0J6PP03TY,试点地区搜索
福州福能心理咨询,心理咨询中心,洪山镇工业路东侧福三路北侧洪山园地块华润万象城(二期)S8号楼2层06商务办公,17135771426,4.0,,119.278258,26.076037,福州市,鼓楼区,B0KRVXIX04,试点地区搜索
一味心理东泰禾工作室,其他,东二环泰禾广场一期SOHO7号楼821-22,,4.0,,119.336317,26.092372,福州市,晋安区,B0K1HUIZ7F,试点地区搜索
福州市心理咨询师协会,心理咨询中心,三盛滨江国际2号楼1422,13174508808,4.0,08:30-21:00,119.333936,26.046327,福州市,仓山区,B0K1D9KLIK,试点地区搜索
欣灵心理咨询,心理咨询中心,东二环泰禾广场6号楼2026,15005920879,3.4,09:00-23:00,119.335583,26.092479,福州市,晋安区,B0LUMU8OVO,试点地区搜索
福州沐阳心理咨询有限公司,心理咨询中心,浦上大道216号仓山万达广场C区F15层,18606017626,3.6,09:00-22:00,119.275968,26.037373,福州市,仓山区,B0FFI7VV2S,试点地区搜索
平潭宁静心理咨询,心理咨询中心,竹屿湖东路东星庄110号3层,18559170719,4.1,09:00-21:00,119.789759,25.495021,福州市,平潭县,B0HRK7GTWK,试点地区搜索
觉松心理工作室(纳本心理咨询·福州觉松店),心理咨询中心,商业路1号福州百姓长廊-程,13959113192,3.4,08:00-22:00,119.401447,26.249851,福州市,连江县,B0L66GJZUH,试点地区搜索
知行致远心理咨询青少年中心(仓山店),心理咨询中心,三高路152号海通广场2号楼837号,15259152915;15659191167,1.8,24小时营业,119.329013,26.037073,福州市,仓山区,B0K3UUW7GB,试点地区搜索
福州市鼓楼区未成年人心理健康辅导站,心理咨询中心,鼓屏路46号,0591-87556531,3.8,,119.297715,26.091381,福州市,鼓楼区,B0FFF2SR18,试点地区搜索
心远行心理工作室,其他,华润万象城三期S15-811,,3.9,09:00-21:00,119.277516,26.076880,福州市,鼓楼区,B0LA4U9WMS,试点地区搜索
福州市第二总医院神经精神病防治院福州院区急诊,其他,仓山区南二环451号福州市第二总医院神经精神病防治院福州院区,,,,119.290411,26.024836,福州市,仓山区,B0LUUMPUSA,试点地区搜索
福州我爱我心理咨询中心,心理咨询中心,北二环中路18号恒力博纳广场2号写字楼524室,0591-87900525,3.6,08:00-19:00,119.300307,26.108807,福州市,鼓楼区,B0GUOK27AI,试点地区搜索
心本元福清市心理健康呵护关爱保护服务站,心理咨询中心,音西街道璀璨天元小区6号楼福百社区党群服中心二楼,18559856692,3.3,09:00-18:00,119.358707,25.719042,福州市,福清市,B0JB17BB72,试点地区搜索
福州市仓山区青少年心理咨询中心,心理咨询中心,麦园路18号,0591-83476594,4.0,,119.316069,26.043869,福州市,仓山区,B024F04HFT,试点地区搜索
福州市心本元公益服务中心,其他,旗山大道28-1号,0591-22766901;4000061817,3.9,09:00-18:00,119.225554,26.012844,福州市,闽侯县,B0J6SA28V8,试点地区搜索
晋安区未成年人心理健康辅导站,心理咨询中心,长乐中路119号世欧王庄晋安区妇女儿童活动中心二楼,,3.8,09:00-21:00,119.327520,26.072490,福州市,晋安区,B0FFHNUEVM,试点地区搜索
福州心康心理咨询中心,心理咨询中心,五一南路295号,,3.8,08:00-17:30,119.314486,26.056410,福州市,台江区,B0L2KCGY6N,试点地区搜索
润心林心理咨询中心(鼓楼区店),心理咨询中心,大根路与东街交叉口东南40米,,2.7,,119.307460,26.086389,福州市,鼓楼区,B0LA2UJJOR,试点地区搜索
福州阳光天使社会服务中心心理室,其他,鼓屏路与华林路交叉口南80米,,3.5,,119.296175,26.098925,福州市,鼓楼区,B0L1N9XKB5,试点地区搜索
然和能力康复干预中心(福清中心),其他,音西街道康达路2-210,4006005208,,08:00-18:00,119.351108,25.712689,福州市,福清市,B0K3HU3XO7,试点地区搜索
然和能力康复干预中心(连江中心),其他,莲荷东路41号阳光幼儿园2栋,4006005208,,,119.546195,26.202216,福州市,连江县,B0LD978DED,试点地区搜索
江西省精神卫生中心-综合门诊楼,精神专科医院,上坊路43号,,,08:00-17:00,115.931649,28.677696,南昌市,青山湖区,B0FFM9IDRI,试点地区搜索
江西省精神卫生中心青云谱院区,精神专科医院,金鹰路5号,,,,115.935141,28.613281,南昌市,青云谱区,B0IUHZL6X1,试点地区搜索
江西省荣军优抚医院,其他,玉壶山大道166号,0791-83501196,,,115.736931,28.623914,南昌市,红谷滩区,B0FFHJA0SS,试点地区搜索
南昌安定医院,精神专科医院,昌强路与高新南大道交叉口东北60米,0791-88201333;19970057359,,24小时营业,115.956818,28.635971,南昌市,青山湖区,B0FFI0J6LN,试点地区搜索
进贤惠倩医院,其他,李白段与创业大道交叉口东北120米,0791-85675688,,08:00-12:00 14:00-05:30,116.255038,28.341176,南昌市,进贤县,B0FFHX5F2L,试点地区搜索
江西省精神卫生研究所门诊部,其他,上坊路与青新路交叉口南280米,,,,115.931681,28.677575,南昌市,青山湖区,B0JUJLX8AI,试点地区搜索
南昌二七医院精神分裂症科,其他,二七北路514号,18410386673,,08:00-17:30,115.919331,28.686278,南昌市,东湖区,B0K295IBUN,试点地区搜索
新建区人民医院精神卫生科,其他,,,,,115.866753,28.812966,南昌市,新建区,B0FFFAIIYV,试点地区搜索
东湖区精神残疾康复指导中心,其他,二七北路513号南昌二七医院精神科,0791-88609999,,,115.919374,28.686287,南昌市,东湖区,B0FFHP97J7,试点地区搜索
南昌二七医院(东湖区心理干预中心),其他,二七北路514号,19979161038,4.6,08:00-17:30,115.919695,28.686392,南昌市,东湖区,B031704FKY,试点地区搜索
安肯心理咨询(南大附二医院店),心理咨询中心,八一大道357号财富广场A座29层2906号房,4000520088,4.6,11:00-20:00,115.903944,28.677505,南昌市,东湖区,B0J33OTVEM,试点地区搜索
南昌附一精神心理专科,其他,民德路473号(万寿宫地铁站3号口步行290米),0791-86229120,,,115.884453,28.677048,南昌市,东湖区,B0L0AHC3ZZ,试点地区搜索
南昌市第十二医院公立戒酒中心,其他,民德路493号(万寿宫地铁站3号口步行270米),,4.0,08:00-17:30,115.884665,28.677114,南昌市,东湖区,B0JGHSL6TW,试点地区搜索
南昌悦然心理咨询中心,心理咨询中心,二七北路513号,19979161038,4.0,08:00-17:30,115.919334,28.686269,南昌市,东湖区,B0HUKC7ZYY,试点地区搜索
李清念心理工作室,其他,合悦滨江7栋204,13609794348,3.8,09:00-21:30,115.834960,28.596799,南昌市,南昌县,B0KDA7NL85,试点地区搜索
纳本心理咨询中心(红谷滩店),心理咨询中心,国际金融中心E座1306室,18163795436,3.9,09:00-18:00,115.867275,28.690325,南昌市,红谷滩区,B0H3JS4YAK,试点地区搜索
心朗心理咨询,心理咨询中心,民德路465号111室,18970986259,3.9,08:00-17:30,115.885358,28.677299,南昌市,东湖区,B0LRVAJ98H,试点地区搜索
君满心理,其他,南昌小商品城二期30栋2单元202室,4001682087,4.4,09:00-17:00,115.838640,28.599913,南昌市,南昌县,B0I12S6W3B,试点地区搜索
懂你教育(心理咨询中心),心理咨询中心,文卫路255弄14栋,19527514895,3.8,10:00-22:00,115.942139,28.548128,南昌市,南昌县,B0KALHHKLU,试点地区搜索
南昌树心心理咨询服务有限公司,心理咨询中心,高新技术产业开发区艾溪湖二路366号悦峰商务广场的世纪皇冠(北边)1栋1816室,15870684962;18679421330,3.7,,116.001471,28.688641,南昌市,青山湖区,B0H1M7XSHQ,试点地区搜索
瑞祥心理咨询,心理咨询中心,洪都北大道299号金域名都14栋1602室,18579053897;18942302919;18970036663,3.9,09:00-21:00,115.928488,28.674795,南昌市,青山湖区,B0LGGA00BO,试点地区搜索
合欢心理,其他,海棠北路青岚花园1栋1单元102室,19507010170,3.9,09:00-21:00,115.817824,28.748017,南昌市,新建区,B0LDLDLMLX,试点地区搜索
心语者幸福心理南昌服务站,其他,红谷滩区国际金融中心A座1612-1613,,3.8,,115.866970,28.690997,南昌市,红谷滩区,B0L65CLOG7,试点地区搜索
南昌品笑心理咨询中心,心理咨询中心,二七北路188号2栋1单元202室,19979161038,3.8,08:00-17:00,115.918852,28.685909,南昌市,东湖区,B0LRCZFIPB,试点地区搜索
沙探心空间朝阳洲店,其他,朝新路34号店铺,,4.0,,115.879956,28.668266,南昌市,西湖区,B0KRSGEUG3,试点地区搜索
懂你心理咨询,心理咨询中心,莲塘镇站西路166号2栋10室,19527514895,3.7,10:00-22:00,115.942464,28.548319,南昌市,南昌县,B0LD0AFG15,试点地区搜索
安肯心理咨询(阳明公园店),心理咨询中心,三纬路81号,,3.5,,115.893751,28.690794,南昌市,东湖区,B0LU9HCYPH,试点地区搜索
江西师范大学心理教育中心,其他,大学生活动中心二楼半,,,,116.031681,28.683260,南昌市,南昌县,B0KB3D5LPE,试点地区搜索
南昌市未成年人心理健康辅导中心,心理咨询中心,南湖路2号(民德路状元桥头),,4.4,09:00-20:00,115.894408,28.679963,南昌市,东湖区,B0FFG0GIJ4,试点地区搜索
秘盾心灵护航基地,其他,江西流量经济产业园2号楼8楼,13755788325;15270988862,3.6,09:30-17:00,115.977209,28.656838,南昌市,青山湖区,B0K135U5Z1,试点地区搜索
葛静心理工作室,其他,西湖区葛静心理工作室铂金公馆10楼,18979177565,3.8,10:00-18:00,115.864507,28.645992,南昌市,西湖区,B0K1D7BFCQ,试点地区搜索
友吾心理,其他,南京东路898号江西国信医药谷A座6楼601,0791-86662783,3.8,,115.954776,28.681358,南昌市,青山湖区,B0L1L5DMVM,试点地区搜索
知伊心理咨询工作室,心理咨询中心,富山东大道369号正和溪岸1栋1723,15979003665,2.4,24小时营业,115.912049,28.544715,南昌市,南昌县,B0HR04OMAF,试点地区搜索
艾洪心理,其他,金融大街1296号上海湾写字楼602,19254107683,4.2,08:00-21:00,115.854594,28.693707,南昌市,红谷滩区,B0LRHU90LR,试点地区搜索
江西乐行心理咨询中心,心理咨询中心,北京西路江西师范大学科技园物理楼305室,0791-88500312;18970025369,3.6,08:30-12:00 14:00-17:30,115.925175,28.675179,南昌市,东湖区,B0LBA5EWOK,试点地区搜索
星星知我心心理工作室,其他,红谷滩新区绿地卢塞恩小镇9栋3楼(警务室对面上楼梯左转),0791-86172177,3.8,09:00-17:00,115.803783,28.589013,南昌市,红谷滩区,B0JKVSMK7R,试点地区搜索
南昌大学第二附属医院(红角洲院区)神经外科一病区,其他,红谷滩区学府大道566号,,,,115.837640,28.660818,南昌市,红谷滩区,B0GU7CG714,试点地区搜索
南昌大学附属三三四医院精神科,三甲医院,新溪桥东二路97号南昌大学附属三三四医院,,,,115.927775,28.641775,南昌市,青云谱区,B03170TPFA,试点地区搜索
江西南大心理咨询师职业技能培训中心,心理咨询中心,南京东路399号天御国际14楼1401室,,3.8,,115.940934,28.682380,南昌市,青山湖区,B0H1AA2XQJ,试点地区搜索
江西科技学院心理健康中心,心理咨询中心,紫阳大道221号,,,,116.019502,28.678008,南昌市,南昌县,B0JAZ73NNN,试点地区搜索
江西中医药大学心理咨询指导中心,心理咨询中心,梅岭大道1688号,,3.9,,115.749360,28.676496,南昌市,新建区,B0LGJRCLAR,试点地区搜索
大学生心理健康教育与咨询中心,心理咨询中心,瑶湖西一路(江西水利电力大学),,3.4,,116.032365,28.687932,南昌市,南昌县,B0FFL505T5,试点地区搜索
江西旅游商贸职业学院-心灵驿站(心理健康教育与咨询中心),心理咨询中心,兴国路963号,,3.8,,115.788233,28.703040,南昌市,新建区,B0K04ARAAL,试点地区搜索
李清念心理咨询中心,心理咨询中心,洪大新力合悦滨江(东新地铁站4号口步行430米),,3.5,09:00-22:00,115.836261,28.595917,南昌市,南昌县,B0L2LOQ14C,试点地区搜索
江西省心理康复中心心理门诊,其他,上坊路43号,,4.2,,115.931582,28.678164,南昌市,青山湖区,B0FFF9T3VO,试点地区搜索
江西省心理康复中心,其他,青山湖上坊路155号,,,09:00-21:00,115.932197,28.678213,南昌市,青山湖区,B0317021FM,试点地区搜索
红谷滩区心理健康服务中心,心理咨询中心,长江路与凤凰北大道交叉口东南180米,,3.3,,115.877078,28.717067,南昌市,红谷滩区,B0L2B5JUZI,试点地区搜索
东湖区宗阿姨心理咨询中心,心理咨询中心,民德路与火神庙巷交叉口西北40米,,2.7,,115.892075,28.677975,南昌市,东湖区,B0L354DQ98,试点地区搜索
江西师大国家大学科技园社会心理服务中心,其他,彭家桥街道师范大学科技园122室,,,,115.924897,28.675966,南昌市,东湖区,B0KKYCG3C2,试点地区搜索
江西省心理康复中心,其他,金鹰路与航空路交叉口东120米,,,,115.935097,28.613249,南昌市,青云谱区,B0LD4XQKJH,试点地区搜索
摆渡·大型生化危机丧尸体验馆,其他,渊明北路3号(八一馆地铁站2号口步行180米),,3.7,14:00-02:00,115.893473,28.676344,南昌市,东湖区,B0G25UV5DY,试点地区搜索
山东省精神卫生中心门诊楼,精神专科医院,文化东路与冶金宾馆路交叉口东北160米,,,07:00-21:45,117.063036,36.655618,济南市,历下区,B0FFH8BW5V,试点地区搜索
山东大学附属精神卫生中心,精神专科医院,文化东路49号,,,09:00-21:00,117.062980,36.655580,济南市,历下区,B0IDLASVGE,试点地区搜索
济南神安医院,其他,英雄山路412号409室,15665767200,4.9,08:00-17:00,117.003200,36.598467,济南市,市中区,B0GD3U21WU,试点地区搜索
济南市章丘区精神卫生中心,精神专科医院,官庄街道办事处养军店村东南,0531-83856051,,24小时营业,117.582125,36.668792,济南市,章丘区,B0HKN5PEZE,试点地区搜索
济南市精神卫生中心,精神专科医院,万德街道G3高速与万德立交交叉口正东方向490米,0531-89618655,,24小时营业,116.912412,36.344974,济南市,长清区,B0GKZD8M6U,试点地区搜索
济南市第二精神卫生中心,精神专科医院,香磨李社区东北门东南150米,,,24小时营业,116.998472,36.707716,济南市,天桥区,B0HG06U8UE,试点地区搜索
山东省精神医学研究所,其他,文化东路49号,,,,117.063222,36.656416,济南市,历下区,B021305GU9,试点地区搜索
济南神康医院,其他,唐冶中路地球村财富中心,0531-88190909,,,117.227066,36.693634,济南市,历城区,B0LAKAJ2Z3,试点地区搜索
山东省精神卫生中心燕山院区,精神专科医院,燕子山东路24号,,,,117.062274,36.657778,济南市,历下区,B0LB4UG9FH,试点地区搜索
济南中医癫痫病医院,其他,张庄路190号,0531-69985221;0531-69986598,,08:00-17:00,116.937729,36.662560,济南市,槐荫区,B0FFIHKQ7W,试点地区搜索
商河县精神康复中心,其他,,0531-58682379,,,117.179776,37.230819,济南市,商河县,B0FFH740PL,试点地区搜索
济南市历城区精神卫生防治中心,其他,327省道(锦绣川乡卫生院内),0531-82811292,,,117.146304,36.504710,济南市,历城区,B0FFGAPY78,试点地区搜索
济南市神安抑郁症研究院,其他,英雄山路410号,0531-86703292,,08:00-17:30,117.002605,36.598538,济南市,市中区,B0I3GSGPTY,试点地区搜索
济南中医精神专科医院,其他,二环东路3777号,18766189860,,,117.072775,36.672775,济南市,历城区,B0FFI35Q3X,试点地区搜索
济南乐新生精神病医院,其他,五峰山路6号,18560209686,,,116.832241,36.444658,济南市,长清区,B0KG4HSQKZ,试点地区搜索
济南市中医精神卫生中心,精神专科医院,二环东路3889号,0531-58912758,,,117.072645,36.672659,济南市,历城区,B0FFGYBO26,试点地区搜索
平阴县精神卫生防治中心综合楼,其他,105国道与澳海街交叉口西北40米,,,,116.463875,36.176725,济南市,平阴县,B0H6ZZPO4S,试点地区搜索
精神卫生中心心理咨询门诊,精神专科医院,兴河街与德阳路交叉口东180米,,4.0,,117.126953,36.933666,济南市,济阳区,B0JRH1NE2G,试点地区搜索
山东省精神卫生中心便民综合门诊,精神专科医院,文化东路与冶金宾馆路交叉口东北160米,,,,117.062985,36.655612,济南市,历下区,B0FFI9XPDC,试点地区搜索
济南远大脑康医院-精神障碍中心,其他,二环东路辅路与山大南路交叉口西北100米,,,,117.072810,36.672779,济南市,历城区,B0GRXO9E9V,试点地区搜索
济南市天桥第二人民医院,其他,标山路10号,0531-85713287,,,116.998467,36.707718,济南市,天桥区,B021304F3V,试点地区搜索
精神卫生中心病房楼(建设中),精神专科医院,德阳路以东兴河街以南,,,24小时营业,117.126875,36.933675,济南市,济阳区,B0FFKHUEQX,试点地区搜索
济南神安医院青少年心理门诊,其他,英雄山路412号,15665767200,,,117.003137,36.598485,济南市,市中区,B0JULRMNN8,试点地区搜索
济南天使儿童医院青少年心理咨询诊疗中心,心理咨询中心,少年路7-1号,19015455198,,09:00-17:00,117.013226,36.672801,济南市,天桥区,B0JROCWIUX,试点地区搜索
济南远大心理障碍研究卫生中心,其他,二环东路3889号,13370568194,,,117.072900,36.672488,济南市,历城区,B0FFGLP63C,试点地区搜索
山东省精神科心理咨询中心,心理咨询中心,文化东路49号精神卫生中心3层,,4.3,,117.063075,36.655375,济南市,历下区,B021305H0E,试点地区搜索
济南六一儿童医院,其他,二环东路3399-1号,15562632190,,08:00-17:00,117.072737,36.677019,济南市,历城区,B02130XU76,试点地区搜索
济南天使儿童医院,其他,少年路7号3幢6幢,19153131808,,08:00-17:00,117.013326,36.672982,济南市,天桥区,B0I1NUCUYV,试点地区搜索
济南心理医院,其他,二环东路3859号,18766189860,4.1,,117.072701,36.672675,济南市,历城区,B0L6UR0I8X,试点地区搜索
北京大学人民医院青少年儿童心理健康联合诊疗中心,心理咨询中心,济南天使儿童医院南门旁,,,,117.013275,36.672825,济南市,天桥区,B0LUXORVO6,试点地区搜索
济南神康医院心理咨询中心,心理咨询中心,唐冶中路济南地球村财富广场,,4.0,,117.227286,36.693836,济南市,历城区,B0L1G7BARK,试点地区搜索
山东第一医科大学第三附属医院,三甲医院,无影山路38号,,,24小时营业,116.978195,36.685823,济南市,天桥区,B0FFLNWMUO,试点地区搜索
济南市心理健康中心,心理咨询中心,济南市精神卫生中心东侧120米,,3.7,,116.913725,36.345375,济南市,长清区,B0L2BUL88U,试点地区搜索
济南六一儿童医院-矮小症研究中心,其他,二环东路3399-1号,,3.6,,117.072858,36.677098,济南市,历城区,B0L2SK55OX,试点地区搜索
妙如意中医·心理咨询,心理咨询中心,尚品燕园4号1-102,13370517432,3.6,09:30-19:00,117.107523,36.700880,济南市,历下区,B0JA1MO2BN,试点地区搜索
纽扣家庭教育心理咨询中心(槐荫店),心理咨询中心,经十路和谐广场银座中心3号楼8楼,15106973436,4.4,09:00-18:30,116.976326,36.649652,济南市,槐荫区,B0HKHXE3U4,试点地区搜索
济南智善心理,其他,经十路7000号汉峪金融商务中心六区5号楼902室,0531-88999959,4.5,09:00-18:00,117.149778,36.662552,济南市,历城区,B0LGBU5GG4,试点地区搜索
济南远大脑康心理咨询中心,心理咨询中心,山大路街道二环东路3889号301室,0531-86976388,4.3,08:00-17:00,117.072625,36.672725,济南市,历城区,B0J03U5LEK,试点地区搜索
心梦想心理咨询,心理咨询中心,文化东路24号普利文东花园1号楼一单元1901,0531-88802852;15662447268,4.4,09:00-17:30,117.062973,36.654450,济南市,历下区,B0HUJC0Y7V,试点地区搜索
润霖心理,其他,绿城兰悦3号楼1115号,13075311460;18678878008,3.6,09:00-19:00,117.063842,36.654192,济南市,历下区,B0KKA7PBJX,试点地区搜索
生花心理咨询,心理咨询中心,解放东路金宇大厦1号楼11层,15376152768,4.1,09:00-21:00,117.116025,36.663475,济南市,历下区,B0LDJSW0NZ,试点地区搜索
晨安心理咨询,心理咨询中心,花园路168号二建融基大厦1606室,17864157278,3.7,09:00-18:00,117.059497,36.682485,济南市,历城区,B0LBHHZ9O0,试点地区搜索
纽扣青少年心理成长基地,其他,张夏镇高庄村,,4.4,09:00-21:00,116.986214,36.413988,济南市,长清区,B0JG7CYNLQ,试点地区搜索
迟遇心理咨询中心(绿地中心店),心理咨询中心,泺源街道共青团路25号绿地中心,13153033508,3.8,24小时营业,117.007307,36.663067,济南市,市中区,B0FFMFK27C,试点地区搜索
好心情青少年心理咨询中心,心理咨询中心,奥体西路与新泺大街交汇处绿地中央公馆一区19号楼902,15330079295,4.0,09:00-18:00,117.108277,36.673581,济南市,历下区,B0LUSA0R15,试点地区搜索
纽扣家庭教育心理咨询中心(历下店),心理咨询中心,姚家街道山左路1097号济南平安金融中心写字楼19层1901,15106973436,4.2,09:00-18:00,117.104482,36.668022,济南市,历下区,B0LGDMF1M3,试点地区搜索
盛源源魔法事务局,其他,华润悦玺公寓3916室,18663725370,3.6,13:00-22:00,117.099540,36.659955,济南市,历下区,B0JKVZMJXD,试点地区搜索
中祺心理咨询中心(总部),心理咨询中心,共青团路25号绿地普利中心709-710室,0531-88983765,4.0,09:00-12:00 14:00-21:00,117.007376,36.662980,济南市,市中区,B0FFIUJYTM,试点地区搜索
济南好心情心理咨询中心(奥体中心店),心理咨询中心,奥体西路与新泺大街交汇处绿地中央公馆二区1号楼106,0531-80992027;13370593317,4.1,09:00-21:00,117.109477,36.671543,济南市,历下区,B0IRRDEAH9,试点地区搜索
心者心理咨询工作室,心理咨询中心,兴隆街道二环南路山东大学国家大学科技园南区15A栋9层910,13165137121,4.0,09:00-18:30,117.039080,36.595681,济南市,市中区,B0I2HA068Z,试点地区搜索
含翠心理咨询(翡翠华庭店),心理咨询中心,翡翠华庭2期8号楼2单元105,18518886178;18911265075,3.6,09:00-21:00,116.926643,36.673374,济南市,槐荫区,B0LUGB9NDR,试点地区搜索
济南一间心理咨询工作室,心理咨询中心,舜义路与龙奥北路交叉口西南60米,18660187353,3.8,09:00-20:00,117.132465,36.653668,济南市,历下区,B0K6SU3PKY,试点地区搜索
鑫盛堂,其他,羊头峪山庄62号,13276441419,4.2,09:00-21:00,117.058448,36.635379,济南市,历下区,B0I0U55PXK,试点地区搜索
济南市医教结合学生心理健康研究促进中心,心理咨询中心,燕山小学西门西南50米,,3.8,,117.062587,36.658034,济南市,历下区,B0JGHKQ1TL,试点地区搜索
济南一米关爱·儿童心理咨询,心理咨询中心,制锦市街道少年路7号3幢-01室,0531-58263293,3.8,08:00-17:00,117.013229,36.672859,济南市,天桥区,B0K31CPOEE,试点地区搜索
心境空间心理咨询有限公司(抑郁焦虑情绪调节压力应对),心理咨询中心,解放路街道历山路137号A01、A02室(大红门上四楼),13605311202;19953148717,3.7,09:00-18:00,117.038565,36.661078,济南市,历下区,B0GRDDGVW7,试点地区搜索
晨安心理咨询,心理咨询中心,文昌街道办事处东王村汇富商务公寓楼B座2-902,17864157278,3.7,09:00-21:00,116.767279,36.548763,济南市,长清区,B0LGHASINM,试点地区搜索
静心心理咨询中心,心理咨询中心,明湖广场3号楼1612-1616号,15563363536,4.1,08:00-18:00,117.007053,36.675220,济南市,天桥区,B0HD96XYHV,试点地区搜索
合光中式心理咨询工作室,心理咨询中心,正大南环国际中心2号楼616,15589960808,3.6,09:00-21:00,116.996235,36.597885,济南市,市中区,B0LAVC2EQI,试点地区搜索
山东第二医科大学附属济南第四人民医院,三甲医院,北村街道师范路50路,0531-81313607;0531-81313666,,24小时营业,116.979483,36.694864,济南市,天桥区,B021303IDB,试点地区搜索
山东颐养健康集团莱芜中心医院,综合医院,颜庄街道友谊北路3号,0634-6056120,,24小时营业,117.719638,36.154201,济南市,钢城区,B027A012A7,试点地区搜索
新矿集团莱芜中心医院精神科,综合医院,莱新中学北150米,,,,117.708260,36.158026,济南市,莱芜区,B0FFFQLHSR,试点地区搜索
山东第一医科大学附属省立医院(东院)-神经内科病房,三甲医院,奥体中路与解放东路交叉口东100米,,,,117.121385,36.663509,济南市,历下区,B0L32R4ROS,试点地区搜索
山东省儿童青少年心理健康指导服务中心,心理咨询中心,燕子山小区东路24号7号楼,0531-86336658,,08:00-18:00,117.062242,36.657792,济南市,历下区,B0IRZU3YLR,试点地区搜索
懿恒心理咨询中心(华润中心店),心理咨询中心,经十路华润中心大厦47楼,15069197767,3.9,09:00-18:00,117.099847,36.658352,济南市,历下区,B0I1YA5AHK,试点地区搜索
泉诚倾听心理咨询公司(黄金99生活广场店),心理咨询中心,浆水泉路黄金九九生活广场3号楼910-911,13853111153,4.0,09:00-21:00,117.081301,36.637218,济南市,历下区,B0LBA1KPDO,试点地区搜索
济南明坤心理咨询有限公司,心理咨询中心,舜华街道舜义路碧桂园凤凰中中心,15552508227,4.0,,117.133476,36.657352,济南市,历下区,B0LG5SV0NP,试点地区搜索
心空间心理咨询中心,心理咨询中心,七里山路2-1号市中区检察院宿舍一单元,15689736593,4.0,,117.008253,36.619641,济南市,市中区,B0FFGT4YJ8,试点地区搜索
迟遇心理咨询中心(万象城店),心理咨询中心,华润悦玺公寓1号楼3726,13153033508,3.7,09:00-21:00,117.099520,36.659947,济南市,历下区,B0K3FLN4F2,试点地区搜索
济南长勺心理咨询中心,心理咨询中心,长勺路与呈瑞大街交叉口西北160米,,4.4,08:00-20:00,117.668215,36.218865,济南市,莱芜区,B0GKRCCR9E,试点地区搜索
山东省心理咨询中心,心理咨询中心,燕子山路24号6号楼,0531-86336658,4.3,08:00-18:00,117.062668,36.658009,济南市,历下区,B0IRZU4DZ5,试点地区搜索
萤火虫心理咨询(济南)中心,心理咨询中心,泉城路26号世茂国际广场A座801,13261219819,3.5,09:00-20:00,117.029819,36.665149,济南市,历下区,B0JURM4INE,试点地区搜索
济南历下听风语心理咨询服务中心,心理咨询中心,姚家街道华润置地广场南区6区3号楼412,18654574373,3.5,09:00-21:00,117.096137,36.669478,济南市,历下区,B0JD1U281J,试点地区搜索
济南香巴拉心理咨询服务有限公司二店,心理咨询中心,恒大金碧新城四期01号楼2单元1-1611,15795378206,3.5,09:00-18:00,116.924538,36.672540,济南市,槐荫区,B0KDOSVIN6,试点地区搜索
郑州仁康精神病医院,其他,航空港区雍州路103号(综合保税区地铁站D口步行400米),0371-63211505,,24小时营业,113.858909,34.552687,郑州市,中牟县,B0K3XC4DYH,试点地区搜索
郑州市精神卫生中心,精神专科医院,郑密路与航海路交叉口向南200米路西,0371-68953434,,08:00-20:00,113.624072,34.716436,郑州市,二七区,B01730IQWQ,试点地区搜索
巩义市安康精神智力残疾人托养中心,其他,王河村,0371-85669120,,24小时营业,113.105765,34.741371,郑州市,巩义市,B0FFHLXVNA,试点地区搜索
登封博爱精神康复医院,其他,,,,,113.008729,34.440735,郑州市,登封市,B0JGRA34K2,试点地区搜索
中牟悦安精神病医院,其他,225省道,19137161120,,08:00-12:00 14:00-17:30,114.022416,34.665832,郑州市,中牟县,B0KK4AUPUE,试点地区搜索
郑州人民医院(黄河路院区)神经精神疾病中心,其他,黄河路33号郑州人民医院(黄河路院区),13838035682,,,113.664209,34.775653,郑州市,金水区,B0FFLHVSQQ,试点地区搜索
河南省中医研究院癫痫病医院,其他,北下街与团结路交叉口西南80米,,,09:00-21:00,113.669559,34.752832,郑州市,管城回族区,B0GK4ZMO1H,试点地区搜索
郑州市精神卫生医疗质量控制中心,其他,瑞民街与郑密路交叉口西200米,,,,113.623878,34.717316,郑州市,二七区,B0I63ZUT5I,试点地区搜索
郑州金水脑康中医院-精神分裂诊疗中心,其他,花园路123号(东风路地铁站A口步行190米),15093490699,,,113.681990,34.794509,郑州市,金水区,B0G0DH8J5O,试点地区搜索
登封市总医院,其他,中岳大街2号,0371-62890608,,24小时营业,113.056036,34.457246,郑州市,登封市,B017306QS8,试点地区搜索
郑州国医堂医院精神心理诊疗中心,其他,郑汴路40号,15538085036,4.4,08:00-17:30,113.696582,34.747123,郑州市,管城回族区,B0FFIPDPSC,试点地区搜索
安肯心理咨询(郑大一附院),心理咨询中心,大学北路56号开祥投资大厦2楼,4000520088,4.7,24小时营业,113.643768,34.750919,郑州市,二七区,B0HU59PLS9,试点地区搜索
安肯心理咨询(郑东新区店),心理咨询中心,商务外环路13号绿地峰会天下10楼1004,4000520088,4.6,08:00-24:00,113.720209,34.777210,郑州市,金水区,B0J3DZGZHU,试点地区搜索
郑州科大心理咨询研究中心,心理咨询中心,中原中路43号(市中心医院地铁站E口步行280米),17737307052,4.4,08:00-18:00,113.611431,34.747723,郑州市,中原区,B0K39HEOEM,试点地区搜索
郑州科大医院精神心理科,其他,中原中路43号(市中心医院地铁站E口步行290米),19937863503,,08:30-17:30,113.611314,34.747775,郑州市,中原区,B0KUDRFGLV,试点地区搜索
郑州第九人民医院心理医院,其他,京广快速路入口与京广快速路出口交叉口东北220米,,,,113.630174,34.787959,郑州市,金水区,B0FFKFFLGB,试点地区搜索
郑州绿城儿童医院,其他,十里铺街18-52号,13253569022,,08:00-17:30 08:30-17:30,113.729491,34.738471,郑州市,金水区,B0KUBAS054,试点地区搜索
郑州益好胃肠医院,其他,郑密路23号,15378780855,,08:00-18:00,113.624874,34.722730,郑州市,二七区,B0L16MR57N,试点地区搜索
郑州市第八人民医院心理咨询治疗中心,心理咨询中心,瑞民街5号郑州市第八人民医院,,4.3,,113.623622,34.717238,郑州市,二七区,B0FFFZ11R6,试点地区搜索
郑州市管城中医院精神心理科,其他,陇海路105号,,,24小时营业,113.781899,34.734943,郑州市,管城回族区,B0LG1S0ZC4,试点地区搜索
郑州大学第三附属医院(北院区),其他,康复前街7号,0371-66903131,,24小时营业,113.647994,34.743301,郑州市,二七区,B0173042A5,试点地区搜索
郑州国医堂医院-心理科,其他,郑汴路40号,,,08:00-18:00,113.696570,34.747156,郑州市,管城回族区,B0K2D5FYNJ,试点地区搜索
郑州益好医院肠胃镜专业检查中心,其他,郑密路23-8号,15638102833,3.7,08:00-17:30,113.624874,34.722730,郑州市,二七区,B0LUMSB6WU,试点地区搜索
河南省儿童心理行为中心,其他,康复前街7号郑州大学第三附属医院(北院区),,,,113.649209,34.742087,郑州市,二七区,B017316XJH,试点地区搜索
郑州国医堂医院-精神科,其他,郑汴路40号,,,08:00-18:00,113.696570,34.747156,郑州市,管城回族区,B0HRV1D023,试点地区搜索
河南心能量心理咨询中心,心理咨询中心,商都路与聚源路交叉路口正东方向100米,19339585303,4.5,09:00-20:00,113.740724,34.749182,郑州市,金水区,B0LGT7UI4O,试点地区搜索
观心实验室·心理咨询(郑东新区店),心理咨询中心,郑东新区商鼎路与通泰路交叉口东南角国弘巨正广场C座商业3层西侧3-306号房,15010951887,4.3,08:00-24:00,113.734070,34.754548,郑州市,金水区,B0LAUA12ZB,试点地区搜索
厚果心身医学中心,其他,河南自贸试验区郑州片区(经开)航海东路1210号亚太时代广场商业1-3层101号2FAB-5号,0371-63299859;15003840161;15324926266,4.4,09:00-18:00,113.732260,34.721726,郑州市,管城回族区,B0L2NZI12Z,试点地区搜索
郑州伟凡心理咨询中心,心理咨询中心,中州大道与农业路交汇处西北角苏荷中心2540,19939365339,4.2,08:00-18:00,113.705470,34.787162,郑州市,金水区,B0FFJXWRZA,试点地区搜索
果壳心理-专注于青少年心理咨询,心理咨询中心,文化路街道东风路28号院世玺中心29层,15136246097;4000060901,4.4,09:00-18:00,113.678583,34.796832,郑州市,金水区,B0KG61N3EE,试点地区搜索
大象心理咨询(国贸店),心理咨询中心,花园路53号科学技术馆3号楼2层207号,15538131525,4.2,24小时营业,113.680469,34.781968,郑州市,金水区,B0JUZG9O9E,试点地区搜索
大树心理(正弘城店),其他,金成国际广场3号楼1501,15517558670,4.2,09:00-21:00,113.691254,34.794395,郑州市,金水区,B0LBP7EE5P,试点地区搜索
心灵实验室·禅拍,其他,管城回族区万科誉3号楼413室,19937626702,3.9,09:00-19:00,113.771317,34.743684,郑州市,管城回族区,B0KD5ZQ01I,试点地区搜索
大象心理(枫杨外国语店),其他,中原区高新技术开发区翠竹街6号11幢1单元1层103号,15538131525,4.2,09:00-18:00,113.562499,34.819143,郑州市,中原区,B0KD2Z2D0G,试点地区搜索
正心象减压疗愈空间,其他,东大街205号长江广场A座,15637152211,4.1,08:00-22:00,113.685073,34.748717,郑州市,管城回族区,B0LRK5IGVQ,试点地区搜索
郑州金水脑康心理咨询中心,心理咨询中心,花园路123号3层(东风路地铁站A口旁),15903995965,4.1,08:00-17:30,113.682066,34.794737,郑州市,金水区,B0JAZSRZOV,试点地区搜索
河南领先心理咨询,心理咨询中心,金水路英协路盛润国际广场东座20楼2002,0371-86667057;0371-86667059;15838190047,4.2,24小时营业,113.721131,34.761526,郑州市,金水区,B0GUAUC0XM,试点地区搜索
荣易心理(东区店),其他,商都路21号财信花园4号楼3单元10楼西户,13014550766,3.8,24小时营业,113.745588,34.746940,郑州市,管城回族区,B0KARSD7LR,试点地区搜索
光合心理·专注青少年,其他,工人路伊河路光合大厦11楼1105号,13526623208;18638120239,3.8,09:00-19:00,113.620146,34.742228,郑州市,中原区,B0HKGUF9JO,试点地区搜索
郑州倾听心理咨询(青少年心理调适中心),心理咨询中心,河南郑州高新区翠竹街92号总部企业基地一期13号楼3楼,,4.3,09:00-19:00,113.565982,34.818403,郑州市,中原区,B0L1HCYIJ7,试点地区搜索
问心心理咨询,心理咨询中心,金田路汇泉西悦城11号院2栋1202心理咨询家庭教育婚姻情感抑郁厌学学习动力亲子关系,15639068882,3.9,24小时营业,113.527239,34.727250,郑州市,中原区,B0KK2DF7W9,试点地区搜索
郑州大学心理健康教育中心,心理咨询中心,泊月路荷园28号楼,0371-67781617,4.5,,113.532309,34.813928,郑州市,中原区,B0HAVM8FSO,试点地区搜索
简宁心理咨询(金水店),心理咨询中心,普罗旺世波特兰8号楼,15729366253,4.0,24小时营业,113.642894,34.823260,郑州市,金水区,B0JR1MOMKQ,试点地区搜索
壹青心理咨询,心理咨询中心,紫荆山路134号紫荆之星大厦1601室,15937132843,4.1,09:00-21:00,113.681134,34.735425,郑州市,管城回族区,B0I2OMQQD0,试点地区搜索
伟爱心理咨询,心理咨询中心,英才街融创开珑府六号楼商铺2层,17737606177,4.0,09:00-20:00,113.633358,34.856638,郑州市,惠济区,B0LAX74J61,试点地区搜索
语心心理咨询,心理咨询中心,凤台路1号博瑞花园9号楼1802金沙小学对面,17344903313,3.8,10:00-02:00,113.628563,34.786780,郑州市,金水区,B0L22502RY,试点地区搜索
河南省人民医院,其他,纬五路7号,0371-96195,,05:00-24:00,113.694456,34.773166,郑州市,金水区,B01730JN4Z,试点地区搜索
郑州大学第二附属医院神经外科二病区,其他,经八路26-2号2层,,,,113.669825,34.766125,郑州市,金水区,B0FFF4GT55,试点地区搜索
心时代父母咨询中心,其他,航海东路正商国际广场b座3F,13253344558,4.4,09:00-21:00,113.699045,34.720347,郑州市,管城回族区,B0FFJ35SYZ,试点地区搜索
河南儿童青少年心理咨询中心,心理咨询中心,十里铺街50号,,3.7,08:30-12:00 14:00-18:00,113.729658,34.738299,郑州市,金水区,B0LDLLT8TG,试点地区搜索
棠棠心理咨询中心,心理咨询中心,赵家庄社区5号楼,,3.6,24小时营业,113.458962,34.765980,郑州市,荥阳市,B0LAFSRPTL,试点地区搜索
郑州青少年心理咨询中心,心理咨询中心,金梭路34号(银屏路地铁站C口步行470米),,2.2,,113.563803,34.806363,郑州市,中原区,B0L6Z52K0I,试点地区搜索
羽歆心理咨询中心,心理咨询中心,航空港区太湖路长安路交叉口长安路社区党群服务中心二楼,18539492511,3.8,,113.846340,34.584472,郑州市,新郑市,B0K6BRINJ4,试点地区搜索
以琳心理咨询中心,心理咨询中心,永恒理想名苑，二号楼2单元403,0371-53373999,4.2,09:00-12:00 14:00-18:00,113.678955,34.719762,郑州市,管城回族区,B0FFKRT2WK,试点地区搜索
陪优搭搭羊®心灵成长陪伴中心,其他,三全路号保利天和4号楼1单元西702,13213082783,3.6,09:00-18:00,113.677574,34.829513,郑州市,金水区,B0LD5MU9WM,试点地区搜索
小白杨学习困难训练中心,其他,人民路12号院7号楼3层,15652687376,3.9,09:00-22:00,113.678460,34.761319,郑州市,金水区,B0LANZUO1V,试点地区搜索
河南心能量心理咨询中心,心理咨询中心,花园路145号省农业广播电视学校院内5楼(整层),,2.4,,113.682865,34.802803,郑州市,金水区,B0JAHZE54F,试点地区搜索
答道心理咨询(荆胡商业中心店),心理咨询中心,梁庄街8-39号荆胡商业中心4号楼,13223039327,3.5,24小时营业,113.645943,34.678473,郑州市,二七区,B0L1VSATVL,试点地区搜索
答道心理咨询(传媒创意中心店),心理咨询中心,沈庄路250号传媒创意中心9楼,13223039327,3.2,24小时营业,113.717668,34.755680,郑州市,金水区,B0L2K6FIU9,试点地区搜索
答道心理咨询(建正东方中心店),心理咨询中心,商都路100号建正东方中心D座F9层,15382740572,3.4,24小时营业,113.776494,34.745304,郑州市,管城回族区,B0L1VZBKZZ,试点地区搜索
百年咨询-高考志愿规划填报中心(红专路店),其他,红专路110号名门国际中心,13613715499,1.9,08:00-18:00,113.699599,34.780352,郑州市,金水区,B0KUD59IUX,试点地区搜索
鹿小希干预中心,其他,大学北路中苑名都7号楼3楼,19149441472,3.9,08:30-18:30,113.645365,34.745035,郑州市,二七区,B0HU75XR7J,试点地区搜索
满目星河儿童干预中心,其他,陇海中路慧丰大厦3层,15036504383,4.7,,113.643230,34.736754,郑州市,二七区,B0K3RSWY11,试点地区搜索
玺高老兵生长轴激活干预中心,其他,郑东新区天瑞街与龙湖外环路向北100米路西,19838169675,4.1,,113.746534,34.777220,郑州市,金水区,B0LBU5AUZC,试点地区搜索
益倍通肠SPA健康干预中心,其他,鑫苑路福彩路向北200米鸿禧阳光佳苑,15515667266,4.2,21:00-20:00,113.698546,34.797562,郑州市,金水区,B0FFKBR0K3,试点地区搜索
恐龙危机,其他,郑开大道与人文路交汇口向南2公里方特欢乐世界内,,3.9,09:30-17:00,113.932749,34.765628,郑州市,中牟县,B0FFGA1I0F,试点地区搜索
玺高老兵生长轴激活干预中心,其他,天瑞街与龙湖外环南路交叉口北100米,19838169675,3.9,,113.746531,34.777224,郑州市,金水区,B0KAGL1B9H,试点地区搜索
武汉市精神卫生中心二七院区,精神专科医院,工农兵路89号,027-82281733;027-85418084,,24小时营业,114.308964,30.624863,武汉市,江岸区,B0FFF49IMU,试点地区搜索
武汉市精神卫生中心,精神专科医院,游艺路93号(汉正街地铁站C口步行470米),027-82281700;027-85834502,,24小时营业,114.274314,30.574573,武汉市,硚口区,B0LAMRCIBH,试点地区搜索
武汉市荣军优抚医院,其他,发展大道187号,027-50161114,,08:00-12:00 14:00-18:00,114.260712,30.616603,武汉市,江汉区,B001B061A7,试点地区搜索
武汉市武东医院,其他,安康巷46号,027-50528362;027-86438247,,24小时营业,114.462754,30.574498,武汉市,青山区,B0FFHNZJ2I,试点地区搜索
武汉大学人民医院精神卫生中心(城市花园西),精神专科医院,解放路250号,027-88041911,,09:00-16:00,114.297964,30.537583,武汉市,武昌区,B0FFG4HK0S,试点地区搜索
武汉市精神卫生中心常福院区,精神专科医院,武汉市蔡甸区常福大街9号,,,,113.963423,30.446711,武汉市,蔡甸区,B0G12DJPPQ,试点地区搜索
武汉武中医院,其他,李桥横路山王大厦对面,027-86699886,,24小时营业,114.312112,30.452409,武汉市,洪山区,B0FFHVOCAW,试点地区搜索
武汉大学人民医院精神卫生中心门诊,精神专科医院,张之洞路95号武汉大学人民医院药物临床研究机构,,,,114.298012,30.537651,武汉市,武昌区,B0GUKCFBRI,试点地区搜索
武汉市黄陂区精神卫生中心,精神专科医院,双凤大道与官塘街交叉口东南160米,,,,114.415785,30.873179,武汉市,黄陂区,B0FFHY0LM9,试点地区搜索
江夏区精神医院,其他,江夏区经济开发区大桥新区办事处大桥新区新华街,19172390017,,,114.308755,30.405354,武汉市,江夏区,B0FFJH2E4L,试点地区搜索
武汉市新洲区精神卫生中心,精神专科医院,刘集街351号,,,08:00-18:30,114.778467,30.828927,武汉市,新洲区,B0FFFFYT1C,试点地区搜索
武汉市精神卫生中心门诊部,精神专科医院,航发公寓东南2门旁(汉正街地铁站C口步行480米),,,,114.274320,30.574476,武汉市,硚口区,B001B1CZ72,试点地区搜索
湖北省精神卫生中心,精神专科医院,佛祖岭高新六路武汉大学人民医院东院八号楼,,,,114.439556,30.441821,武汉市,江夏区,B0FFGCB954,试点地区搜索
武汉东阳精神康复医院,其他,刘家台村164号,027-83091526,,24小时营业,113.938670,30.706185,武汉市,东西湖区,B0FFGZJZHS,试点地区搜索
武汉馨润康精神病医院,其他,走新路与东方红一路交叉口西140米,,,24小时营业,113.993324,30.636505,武汉市,东西湖区,B0K64SNBY2,试点地区搜索
武汉市精神卫生中心儿童康复部,精神专科医院,游艺路与利济东街交叉口西北100米,,,,114.274505,30.575399,武汉市,硚口区,B0J0MBWDS3,试点地区搜索
武钢第二职工医院精神康复中心,其他,青化路武钢二医院专科住院部,,,,114.474805,30.597897,武汉市,青山区,B0FFL4PQ7J,试点地区搜索
江汉区民政精神卫生福利服务中心,其他,北湖正街与北湖路交叉口东南140米,,,,114.274508,30.600216,武汉市,江汉区,B0FFKDNGXQ,试点地区搜索
江夏区精神残疾康复技术指导中心(暂停营业),其他,江夏大道27湖北华宜寄宿学校(西1门)附近,027-81800156;027-81800202,,,114.372944,30.407553,武汉市,江夏区,B0FFFOPKVW,试点地区搜索
忠德心理医院门诊部,其他,胜利街176号,027-82848413,,,114.301514,30.590922,武汉市,江岸区,B001B1DIBE,试点地区搜索
安肯心理咨询(协和医院店),心理咨询中心,精武路1号越秀·国际金融汇-T2写字楼F18层,4000520088,4.7,08:00-24:00,114.276602,30.585965,武汉市,江汉区,B0I19MRSCO,试点地区搜索
武钢二医院心理专科院区,其他,青化路32号,,,24小时营业,114.474181,30.598298,武汉市,青山区,B001B1DDDT,试点地区搜索
安肯心理咨询(武大中南医院店),心理咨询中心,汉街步行街与东湖路交汇处汉街总部国际F座2202室安肯心理,4000520088,4.5,08:00-24:00,114.345207,30.556158,武汉市,武昌区,B0J1Z5J4EU,试点地区搜索
武汉世纪国医堂中医医院精神心理科,其他,解放大道270号(三楼),027-83601788,,08:00-17:30,114.232295,30.576754,武汉市,硚口区,B0L2C5GOW5,试点地区搜索
武汉维力康心理康复医院,其他,博物大道118号,,,08:00-18:00,114.815675,30.813025,武汉市,新洲区,B0L6HAG3NY,试点地区搜索
武汉同普医院精神心理科,其他,园博大道7号,027-82322009,,08:00-17:00,114.170827,30.618054,武汉市,硚口区,B0KAJH4XXA,试点地区搜索
武汉忠德心理医院,其他,兴盛路203号,027-82351206,,24小时营业,114.369367,30.687976,武汉市,江岸区,B0FFFEFSLM,试点地区搜索
圣心安诺心理咨询(协和医院店),心理咨询中心,京汉大道688号恒隆广场办公楼26层2635,18372129367,3.7,24小时营业,114.275511,30.577927,武汉市,硚口区,B0K357M334,试点地区搜索
武汉广爱医院精神心理科,其他,姑嫂树路59号(杨汊湖地铁站C口步行430米),027-82299027,,,114.257285,30.634774,武汉市,江汉区,B0KRTCT45Y,试点地区搜索
武汉天佑之星儿童医院,其他,青年路464号(范湖地铁站C口步行170米),18171277641,,08:00-17:00,114.262569,30.603402,武汉市,江汉区,B0JUPLW8XB,试点地区搜索
武汉市心理医院综合楼,其他,工农兵路与恒昌小巷交叉口西北200米,,4.4,,114.308440,30.625154,武汉市,江岸区,B0L19OISC3,试点地区搜索
忠德心理医院,其他,汉口平汉铁路局旧址西南门旁,,3.8,,114.301536,30.590959,武汉市,江岸区,B0KUA6XK73,试点地区搜索
华中科技大学同济医学院附属梨园医院,其他,沿湖大道39号,027-86780263,,08:00-12:00 14:30-17:30,114.378824,30.581872,武汉市,武昌区,B001B06390,试点地区搜索
武汉大学医院,其他,八一路299号,027-68761407,,,114.364092,30.533522,武汉市,武昌区,B001B0IR30,试点地区搜索
武汉市心理医院心理康复大楼,其他,工农兵路与恒昌小巷交叉口西北160米,,4.1,,114.308772,30.624933,武汉市,江岸区,B0L30RLU4P,试点地区搜索
华中科技大学同济医学院附属梨园医院心理卫生中心,其他,信和路与团结大道交叉口西北180米,027-86785209;027-86785316,,,114.404107,30.609124,武汉市,洪山区,B0FFI19FDN,试点地区搜索
武汉裕堂医院,其他,和平大道1136号(余家头地铁站A口步行200米),,,08:00-17:30,114.350621,30.605886,武汉市,武昌区,B001B17DA6,试点地区搜索
武汉国医堂医院,其他,汉宜路6号一楼、二楼诊室,15629019154,,08:20-17:20,114.232189,30.576642,武汉市,硚口区,B0HBFAZF57,试点地区搜索
湖北省地质医院-心理科,其他,八一路与绿茵路交叉口东北40米,,,,114.371792,30.529015,武汉市,武昌区,B0L3MOPR9X,试点地区搜索
武汉友好医院私密整形中心,其他,鹦鹉大道197号,13260657536,,24小时营业,114.266730,30.542167,武汉市,汉阳区,B0KR7PMXN7,试点地区搜索
武汉国医堂中医医院口腔黏膜科,其他,解放大道270号(太平洋社区旁),13100699079,4.4,24小时营业,114.232187,30.576522,武汉市,硚口区,B0IRB702P8,试点地区搜索
长江航运总医院体检中心,其他,惠济路5号长江航运总医院,,,08:30-11:00,114.287175,30.605975,武汉市,江岸区,B0HBKCQEWM,试点地区搜索
纽特心理青少年教育基地,其他,东湖风景区街道(洪山)落雁路沙湖水果批发市场,13147102018;18727897003,4.4,08:30-20:00,114.430816,30.592520,武汉市,洪山区,B0FFI1DJJQ,试点地区搜索
武汉愈见心理卫生门诊,其他,紫阳路241号附楼1-2层,18186690092,4.4,08:30-17:30,114.309561,30.534918,武汉市,武昌区,B0K1CBDKJC,试点地区搜索
武汉圣心安诺心理咨询(香格里拉中心店),心理咨询中心,建设大道700号香格里拉中心23层2304室,18372129367,4.2,24小时营业,114.283333,30.603233,武汉市,江岸区,B0KRALAYY7,试点地区搜索
观心实验室·心理咨询(商务区店),心理咨询中心,中央商务区淮海路6号华发中城国际中心2层1-1号,15010951887,4.3,08:00-24:00,114.259810,30.601196,武汉市,江汉区,B0KDD5AFQF,试点地区搜索
意津心理咨询武汉总部,心理咨询中心,菱角湖万达A2写字楼2101室,027-85883199,4.2,24小时营业,114.268602,30.609870,武汉市,江汉区,B0FFHOW6RX,试点地区搜索
武汉友好心理咨询中心,心理咨询中心,鹦鹉大道197号综合楼1幢2层18号,027-84650036,4.2,24小时营业,114.266798,30.542496,武汉市,汉阳区,B0I1TOHZBP,试点地区搜索
武汉武精心理咨询中心(汉口店),心理咨询中心,解放大道270号5层501室,027-83667188,4.1,24小时营业,114.232192,30.576643,武汉市,硚口区,B0IUCSV4IX,试点地区搜索
武汉伟凡心理咨询,心理咨询中心,泛海国际soho城(一期)7栋14层3室附3号,18627872967;19939365339,4.2,08:00-18:00,114.246470,30.598858,武汉市,江汉区,B0LUM5DAEB,试点地区搜索
好心情青少年心理咨询,心理咨询中心,黄鹤楼街道彭刘杨路232号天合大厦(华悦酒店进)6层516室,15330079295,4.0,09:00-18:00,114.303639,30.539622,武汉市,武昌区,B0LUP50VYK,试点地区搜索
沃德心理咨询中心,心理咨询中心,东湖新技术开发区高新大道以南，飞霞路以东，朝曦路以西光谷新汇1号地块14层办公号06室,18427358915,4.0,09:00-21:00,114.508170,30.487230,武汉市,洪山区,B0LUDLBQM6,试点地区搜索
陆號塔罗牌星盘工作室(武汉万达SOHO环球国际中心A座店),其他,楚河汉街万达环球国际中心1号楼309室,13395630568,3.9,10:00-22:00,114.337190,30.557662,武汉市,武昌区,B0IA9MKQCB,试点地区搜索
清鸿同宇心理咨询中心,心理咨询中心,春晓路华中中交城H1栋418室,13667285341;13871565228,3.9,09:00-21:00,114.201825,30.506010,武汉市,汉阳区,B0KDA5FPBW,试点地区搜索
山野羽伽,其他,新华路490号武汉中心书城第8层2号-1,13367249514,4.1,10:00-21:00,114.268666,30.609031,武汉市,江汉区,B0LRXUZG9W,试点地区搜索
武汉广爱心理咨询,心理咨询中心,姑嫂树路46号姑嫂树村城中村改造K5-1地块12栋/单元6层2号,13554647126,4.0,08:00-18:00,114.259859,30.633251,武汉市,江汉区,B0LRG7T48E,试点地区搜索
好心情心理咨询(阅马场店),心理咨询中心,彭刘杨路232号主楼(华悦酒店进电梯上六楼)516室,,3.9,09:00-21:00,114.303939,30.539716,武汉市,武昌区,B0IAR55KU2,试点地区搜索
华大心理,其他,珞喻路78号长江传媒大厦F20层,13986189805,4.0,09:00-21:00,114.358442,30.524637,武汉市,洪山区,B0KR67YJ2Q,试点地区搜索
赛蔻心理疏导工作室,其他,金银湖环湖路汀香水榭28栋四单元,15172533315,4.1,08:00-22:30,114.217318,30.651453,武汉市,东西湖区,B0JBMU2XAK,试点地区搜索
人人江湖心理咨询(世纪中心店),心理咨询中心,世纪中心3301,,4.1,,114.296182,30.573728,武汉市,江汉区,B0H1N46MOW,试点地区搜索
湖北联合同济心理健康有限公司武汉咨询服务中心,心理咨询中心,解放大道688号武广写字楼12楼1205室,13147104238,3.6,24小时营业,114.269904,30.580604,武汉市,江汉区,B0HG4HSRMN,试点地区搜索
睿米青少年心理咨询,心理咨询中心,拦江路汉阳城云顶B2栋361室,13317917245,3.8,09:00-17:30,114.268456,30.544831,武汉市,汉阳区,B0K1GUS98L,试点地区搜索
一万心理,其他,光谷大道未来之光五栋九楼,18571591357,4.2,24小时营业,114.425293,30.504389,武汉市,洪山区,B0JGH6RQF8,试点地区搜索
圣心安诺心理咨询(华中师范大学店),心理咨询中心,珞喻路10号群光中心22层2209,18372129367,4.0,24小时营业,114.357022,30.524865,武汉市,洪山区,B0K35NFFLH,试点地区搜索
中部战区总医院脑血管病神经外科医院眼科医院,其他,宝通寺地铁站C1口步行430米,,,,114.345389,30.530764,武汉市,武昌区,B0FFK51MP9,试点地区搜索
中国人民解放军中部战区总医院脑血管病神经外科医院,其他,宝通寺地铁站C1口步行440米,,,,114.345325,30.530775,武汉市,武昌区,B0FFK51WBG,试点地区搜索
湖北省人民医院临精神医学科,其他,解放路250附5号附近,18171485782,,,114.297827,30.537702,武汉市,武昌区,B0FFG2VVMC,试点地区搜索
武汉大学大学生心理健康教育中心,心理咨询中心,珞珈山路16号,,4.3,08:30-21:30,114.359892,30.540100,武汉市,武昌区,B0HG0ZW4J5,试点地区搜索
武汉理工大学(余家头校区)心理健康中心,心理咨询中心,和平大道1178号武汉理工大学余家头校区,,,,114.359791,30.607743,武汉市,武昌区,B0FFFLIXZM,试点地区搜索
壹米心理咨询中心,心理咨询中心,和平大道绿地蓝海A座六层,18171102629,3.7,24小时营业,114.324822,30.582667,武汉市,武昌区,B0I64R680P,试点地区搜索
武汉好怡达心理学咨询中心,其他,游子乡大厦A座1809(中山公园地铁站B2口旁),027-85578858;13387526887,3.8,09:00-20:00,114.274368,30.581844,武汉市,江汉区,B0FFJDCXMX,试点地区搜索
一晟心理咨询中心,心理咨询中心,杨园南路53号,027-87877567;13260552949,4.2,08:30-21:00,114.369094,30.578970,武汉市,洪山区,B0I1O5DDU5,试点地区搜索
安肯心理咨询(光谷华科大店),心理咨询中心,雄楚大道1008号万科中心,,4.3,24小时营业,114.406698,30.496847,武汉市,洪山区,B0KKTDU16E,试点地区搜索
武汉楚康心理咨询中心,心理咨询中心,江夏大道与庙山街交叉口北220米,027-81800666,4.5,08:00-11:00 14:00-17:00,114.373124,30.407414,武汉市,江夏区,B0G2DZNWHB,试点地区搜索
心语心愿心理咨询中心,心理咨询中心,一江璟城南区6-232栋门面,13329703368;18969136488,3.9,10:00-17:00,114.395675,30.637425,武汉市,青山区,B0H06ZE12F,试点地区搜索
省心心理咨询中心,心理咨询中心,海达广场C栋2103(复兴路地铁站F口步行300米),18571765282,3.6,09:30-17:30,114.300964,30.531028,武汉市,武昌区,B0JDBHH9QD,试点地区搜索
湖北知心心理健康服务中心(武汉总部),心理咨询中心,健美街与健身街交叉口西北180米,,3.8,,114.291799,30.655914,武汉市,江岸区,B0IK5ARBHD,试点地区搜索
武汉科技大学心理健康教育中心,心理咨询中心,武汉科技大学黄家湖校区教十一楼A区,,,,114.267775,30.436475,武汉市,洪山区,B0FFFGUR43,试点地区搜索
武汉康正心理健康医学中心,心理咨询中心,淮海路6号华发中城国际中心2楼,027-83628127,3.4,08:30-18:00,114.259898,30.600974,武汉市,江汉区,B0I6BHH4HD,试点地区搜索
武汉同普心理咨询中心,心理咨询中心,工农路特一号红星美凯龙家居广场南侧写字楼5层一号,13545028751,4.5,08:00-17:00,114.170884,30.618045,武汉市,硚口区,B0KGJZT8WP,试点地区搜索
星晴·自闭症·语言发育迟缓·多动症康复干预(武汉香港路店),其他,禾园商业广场A栋502(香港路地铁站B口步行200米),18064098642,4.6,,114.286980,30.602588,武汉市,江岸区,B0JU459P4Y,试点地区搜索
北斗星·自闭症·语言发育迟缓·多动症干预中心,其他,白云边大厦附属楼北斗星儿童医院三层,027-85358066;027-88077208,4.3,,114.312534,30.567794,武汉市,武昌区,B0K1OLYTBV,试点地区搜索
爱齿尔口腔医院牙齿矫正中心(壹方院),其他,中山大道1505号企业天地1号18楼(地铁1号线黄浦路站B口100米以内),027-83955336;18707142922,,,114.308993,30.608477,武汉市,江岸区,B0JU6RT42X,试点地区搜索
长沙县第三医院(长沙县心理健康与精神卫生防治中心),心理咨询中心,安沙镇安沙社区安沙组123号,,,09:00-12:00 13:00-17:00,113.115738,28.374834,长沙市,长沙县,B0I3J77GAH,试点地区搜索
宁乡市第二人民医院,其他,楚沩西路附近,0731-87822517,,,112.533077,28.266234,长沙市,宁乡市,B02DB05J1R,试点地区搜索
湖南康达精神卫生中心,精神专科医院,城南东路282号,,4.4,24小时营业,113.002547,28.177448,长沙市,雨花区,B02DB0URH0,试点地区搜索
长沙市中康医院,其他,捞刀河街道中岭社区湖南隆科农垦茶叶有限公司院内001栋001号,,,24小时营业,113.006921,28.295344,长沙市,开福区,B0G3TUOBWF,试点地区搜索
南华大学附属长沙长海精神心理医院,三甲医院,东二环一段1029号五楼,13265625089,,08:00-17:30,113.018086,28.190165,长沙市,芙蓉区,B0J1V59YSJ,试点地区搜索
长沙吉祥精神病医院,其他,黄兴会展经济区万龙村许塘水库北岸吉祥凤凰城老年公寓,0731-86914888,,24小时营业,113.223782,28.120576,长沙市,长沙县,B0HKFCZP2E,试点地区搜索
长沙惠宁精神康复中心,其他,春华镇,15364068899,,24小时营业,113.253222,28.275463,长沙市,长沙县,B0GRAA27BY,试点地区搜索
湖南省第二人民医院(省脑科医院)精神科,其他,芙蓉中路三段427号湖南省第二人民医院(省脑科医院),,,,112.985281,28.155544,长沙市,雨花区,B02DB0X11B,试点地区搜索
中南大学湘雅二医院精神科楼住院部,三甲医院,人民中路139号中南大学湘雅二医院内,,,,112.994901,28.186398,长沙市,芙蓉区,B0FFGCX8WS,试点地区搜索
宁乡市第二人民医院发热门诊,其他,玉潭街道塘湾社区328号,,,,112.533079,28.266188,长沙市,宁乡市,B0IK3HR25M,试点地区搜索
湖南明心心理咨询(总店),心理咨询中心,东屯渡街道人民东路国际华城45号商铺栋302,0731-85516450,4.8,24小时营业,113.036777,28.184691,长沙市,芙蓉区,B0FFLFC9CS,试点地区搜索
心博士心理咨询连锁品牌(湘雅二院店),心理咨询中心,文艺路街道人民路158号01栋410号,13278868414,4.7,24小时营业,112.992719,28.186072,长沙市,芙蓉区,B0I6LS0E6A,试点地区搜索
安肯心理咨询(洋湖店),心理咨询中心,滨柳路莫林酒店(长沙洋湖新城地铁站店)11层1104-1106号,4000520088,4.6,24小时营业,112.941048,28.128776,长沙市,岳麓区,B0L2BHJ94H,试点地区搜索
安肯心理咨询(湘雅三院店),心理咨询中心,金星路528号茉莉花园国际酒店A栋3A楼,4000520088,4.5,08:00-24:00,112.935096,28.222582,长沙市,岳麓区,B0J3L791XD,试点地区搜索
竹光心理咨询(脑科医院店),心理咨询中心,东塘街道芙蓉中路三段417号星城旺座商厦102号,19397875131,4.6,09:00-22:00,112.984377,28.156946,长沙市,雨花区,B0K6LHIB8P,试点地区搜索
安肯心理咨询(湘雅附一医院店),心理咨询中心,清水塘街道芙蓉中路一段319号绿地中心T3栋2314,4000520088,4.5,08:00-24:00,112.987120,28.210337,长沙市,开福区,B0K1OU32SL,试点地区搜索
长沙长海医院精神心理科,其他,东二环1029号门诊五楼,,,,113.018223,28.190314,长沙市,芙蓉区,B0L0HCQOTW,试点地区搜索
长沙华兴医院精神心理科,其他,韶山北路288号,13348717514,,08:00-17:00,112.996834,28.181513,长沙市,雨花区,B0IA3SUALO,试点地区搜索
央心心理咨询与治疗(湘雅附一医院店),心理咨询中心,富兴·世界金融中心购物中心的4层A419,16670115635,3.8,,112.988003,28.215323,长沙市,开福区,B0LDPUVN8H,试点地区搜索
长沙南海医院精神心理科,其他,八一路56号,,,08:00-17:30,113.006772,28.197557,长沙市,芙蓉区,B0JKMAAU05,试点地区搜索
湘雅博爱康复医院福源院区,三甲医院,万家丽北路一段168号,,,,113.053923,28.258765,长沙市,长沙县,B0IUY5S13C,试点地区搜索
湖南省脑科医院心理健康服务部,心理咨询中心,东塘街道新建西路197号,,4.5,09:00-17:00,112.986833,28.153377,长沙市,雨花区,B0LDZZN7WJ,试点地区搜索
花开忘忧心理(湘雅二医院店),三甲医院,人民中路地泰人民公馆1612号,18073390367;19873319696;4009070688,3.4,24小时营业,112.991346,28.184642,长沙市,雨花区,B0L13H6505,试点地区搜索
芯汇宁心理(天心汇宁门诊部),其他,涂家冲21-22栋101,15073110855,2.8,09:00-18:00,112.982645,28.155439,长沙市,天心区,B0I1TOG20M,试点地区搜索
中南大学湘雅二医院心理咨询中心,心理咨询中心,人民中路139号中南大学湘雅二医院,,3.8,09:00-21:00,112.994925,28.186375,长沙市,芙蓉区,B0FFHGIT60,试点地区搜索
湖南省脑科医院,其他,芙蓉中路三段427号(涂家冲地铁站4号口步行270米),0731-85216500;0731-85232209,,24小时营业,112.984808,28.155643,长沙市,雨花区,B02DB03S87,试点地区搜索
中南大学湘雅医院心理卫生中心,三甲医院,湘雅医院三楼,,3.5,,112.984325,28.211375,长沙市,开福区,B0JGR44CMJ,试点地区搜索
中南大学湘雅二医院外科楼A座心理科门诊,三甲医院,人民中路139号中南大学湘雅二医院外科楼A座F6层,,,,112.994292,28.187460,长沙市,芙蓉区,B0FFILJMXB,试点地区搜索
南华大学附属长沙中心医院医技大楼专家门诊心理门诊,三甲医院,韶山南路161号长沙市中心医院,,2.9,,112.998121,28.141690,长沙市,雨花区,B0FFILK8A2,试点地区搜索
安肯心理咨询(湘雅二院店),心理咨询中心,文艺路街道韶山北路39号维一星城,4000520088,4.7,09:00-19:00,112.996730,28.187674,长沙市,芙蓉区,B0FFK690MC,试点地区搜索
长沙优眠心理医学中心,其他,文艺路街道芙蓉中路111号华菱大厦第3层A区,0731-86457149,4.5,08:00-23:00,112.987757,28.188830,长沙市,芙蓉区,B0IKD7CO5D,试点地区搜索
长沙青少年心理咨询中心,心理咨询中心,人民东路297号(人民东路地铁站1号口步行160米),17707311288,4.6,09:00-21:00,113.036504,28.184696,长沙市,芙蓉区,B0G2ZRI6EM,试点地区搜索
幸福湾家庭成长服务中心,其他,华润万象五彩城6栋2211室,19386989926,4.2,09:00-21:00,113.086823,28.248114,长沙市,长沙县,B0KKT5W00H,试点地区搜索
羽翼心理,其他,银盆岭街道绿地中央广场6号楼7楼715室,19118860428;19307480392,4.3,24小时营业,112.951062,28.226975,长沙市,岳麓区,B0I24DIY4H,试点地区搜索
湖南康达心理诊疗中心,其他,左家塘街道城南路282号综合楼,0731-84153726,4.5,08:00-23:00,113.002547,28.177319,长沙市,雨花区,B0LD6SC1P6,试点地区搜索
长沙优眠心理咨询中心,心理咨询中心,文艺路街道芙蓉中路111号华菱大厦第三层A区,13397495120,4.3,08:30-17:30,112.987643,28.188819,长沙市,芙蓉区,B0IRDUMN3M,试点地区搜索
长沙九州心理咨询有限公司,心理咨询中心,复地星光天地2栋25楼,18200421468,4.3,,113.008374,28.112901,长沙市,雨花区,B0FFL3ZUXO,试点地区搜索
观心实验室·心理咨询(长沙店),心理咨询中心,朝阳街道解放东路300号华天大酒店C座2层,15010951887,4.2,08:00-24:00,112.999050,28.191020,长沙市,芙蓉区,B0K39RKSZO,试点地区搜索
纳本心理咨询中心(树木岭店),心理咨询中心,树木岭新城新世界2期D1栋一单元1102,18175980873;19974976158,4.1,09:00-21:00,113.020211,28.158509,长沙市,雨花区,B0IBXHQ8JP,试点地区搜索
争渡心理咨询国际连锁(长沙总店),心理咨询中心,定王台街道建湘路393号世茂商务中心1608,18148589524,4.0,09:00-21:00,112.984623,28.193389,长沙市,芙蓉区,B0L1PS4W82,试点地区搜索
华兴心理咨询中心,心理咨询中心,侯家塘街道韶山北328号全部,13348717514,4.0,08:00-17:00,112.996798,28.181473,长沙市,雨花区,B0K3CZZ1QG,试点地区搜索
桥安心理咨询,心理咨询中心,韶山北路208号维一星城国际7楼708室,13319508889,4.0,24小时营业,112.996542,28.187496,长沙市,芙蓉区,B0I0VABETC,试点地区搜索
湖南长沙心定心理咨询中心,心理咨询中心,锦泰广场湖南国际商务中心4楼410-412、416,19083396125,4.2,24小时营业,113.017375,28.194625,长沙市,芙蓉区,B0IACCQHBK,试点地区搜索
长沙南海心理咨询中心,心理咨询中心,韭菜园街道八一路56号物资站招待所4层402房,17300790975,4.0,24小时营业,113.007044,28.197555,长沙市,芙蓉区,B0KR0UNTAM,试点地区搜索
博臣心理,其他,辉胖子旁边入口进去(坐电梯到12楼),13077328188,3.9,24小时营业,112.983877,28.175592,长沙市,天心区,B0IAHD3YZ3,试点地区搜索
曦勿心理咨询(湘雅店),心理咨询中心,清水塘街道芙蓉中路一段309号华远华时代广场A塔10015,13677369602,3.2,10:00-22:00,112.987202,28.211986,长沙市,开福区,B0J1HZC0CJ,试点地区搜索
长沙亚隆心理,其他,沙湾路运达中央广场住宅区6栋2单元1205,18182102989,3.7,10:00-22:00,113.041131,28.171086,长沙市,雨花区,B0G0PLFDPK,试点地区搜索
嘉心理咨询中心,心理咨询中心,华城广场B座1单元3楼,17373128666,4.3,09:00-21:00,113.029629,28.186517,长沙市,芙蓉区,B0H0KHN60J,试点地区搜索
薄荷能量青少年学习动力.心理咨询,心理咨询中心,观沙岭街道潇湘北路地宝大厦B座908室,17775775373,3.7,24小时营业,112.960338,28.240828,长沙市,岳麓区,B0L39DRXPR,试点地区搜索
会天心理,其他,韶山北路254号汇富中心A栋1520,18908479680,4.3,09:00-18:00,112.996873,28.184180,长沙市,雨花区,B0GKPR0JZG,试点地区搜索
纳本心理咨询中心(大学城店),心理咨询中心,桔子洲街道潇湘中路298号曙光泊岸锦园2栋102房,0731-85839635;18163795436;19974989252,3.0,09:00-21:30,112.953182,28.161661,长沙市,岳麓区,B0FFKNQIW2,试点地区搜索
湖南中育普德心理咨询有限公司,心理咨询中心,环保中路210号乐沃居智慧谷B栋4层,0731-85010426;15387557483,4.2,,113.025407,28.076277,长沙市,雨花区,B0IGXCPSL6,试点地区搜索
友杰心理咨询工作室,心理咨询中心,银盆岭万达广场环球中心A座24008房,15874005566,3.9,08:30-18:30,112.954225,28.223875,长沙市,岳麓区,B0JACZU98O,试点地区搜索
春阳心理咨询中心,心理咨询中心,二环南路金色湖畔小区1栋202室,19807312928,3.9,08:00-21:00,112.528795,28.264099,长沙市,宁乡市,B0JGFCPCYL,试点地区搜索
心畔涵楚心理咨询,心理咨询中心,四方坪街道双拥路9号长城万富汇大厦6027(二楼),18627571518;18670094990,3.4,08:00-20:00,113.018575,28.236775,长沙市,开福区,B0J1CDA60T,试点地区搜索
湖南农业大学心理发展指导中心,其他,奋勉路与芷兰路交叉口西南50米,,4.3,,113.084324,28.179509,长沙市,芙蓉区,B0G2CS7UGM,试点地区搜索
长沙华兴心理咨询中心,心理咨询中心,杜鹃路858号奥克斯缤纷广场5号地块1栋910-911、923房-574号,13348717514,4.0,08:00-17:30,112.915502,28.231315,长沙市,岳麓区,B0LRX727U0,试点地区搜索
纳本心理咨询中心(浏阳店),心理咨询中心,集里街道燎原中路43号二楼,,4.1,,113.624941,28.163903,长沙市,浏阳市,B0K0HCH2MH,试点地区搜索
湖南青少年精神心理干预中心,其他,东二环1027号五楼,17775865003,,08:00-17:30,113.017864,28.190088,长沙市,芙蓉区,B0LUVLF0SR,试点地区搜索
星爸星妈儿童能力干预中心,其他,劳动西路377号中扬大厦15A层,15388962771,4.4,08:30-20:30,112.986743,28.172008,长沙市,雨花区,B0HRYUG60M,试点地区搜索
瑞健康复儿童早期干预中心,其他,韶山北路290号长岭水电八局宿舍8栋101,,,09:00-21:00,112.995166,28.181934,长沙市,雨花区,B0JDP5L6YH,试点地区搜索
广州医科大学附属脑科医院(芳村总院),三甲医院,明心路36号,020-81268070;020-81899120;020-81580392,,08:00-12:00 14:30-17:00,113.240369,23.098548,广州市,荔湾区,B00140HU1B,试点地区搜索
广州市康宁医院/广州市民政局精神病院,其他,里水河塱沙,020-86441288,,,113.185572,23.217278,广州市,白云区,B0FFIGC5DH,试点地区搜索
白云精康医院,其他,106国道龙归段,18924112227,,,113.299729,23.293806,广州市,白云区,B0FFGHOBLA,试点地区搜索
广东省精神卫生中心,精神专科医院,惠福西路123号,,,08:00-17:00,113.257388,23.120364,广州市,越秀区,B0FFGIB4WB,试点地区搜索
广州精神科医院,其他,南岸路18号,13128275675,,08:30-17:30,113.230675,23.127525,广州市,荔湾区,B0L3YZIL53,试点地区搜索
广东省精神卫生研究所,其他,惠福西路123号,020-81888553,,,113.257331,23.120395,广州市,越秀区,B0FFGIB4WG,试点地区搜索
蕙心医院精神专科名医治疗中心,其他,华观路1965号蕙心医院,,,24小时营业,113.413225,23.167425,广州市,天河区,B0JDKS6H6C,试点地区搜索
启维心智医院住院部,其他,广汕二路与坳头南街交叉口东60米,,,,113.421952,23.191049,广州市,天河区,B0FFLKIFEI,试点地区搜索
石楼镇精神卫生管理中心,其他,市莲路石楼路段石楼颐养院东,,,,113.481242,22.976003,广州市,番禺区,B0G3O9CPYU,试点地区搜索
中山大学附属第三医院(天河院区)精神心理科门诊,三甲医院,石牌街道天河路600号中山大学附属第三医院(天河院区),13699998414,,,113.341703,23.134899,广州市,天河区,B0J3A5EZV4,试点地区搜索
沙园社区医院精神康复门诊,其他,缘觉路与沙园七街交叉口西60米,,,,113.264836,23.087639,广州市,海珠区,B0J1ZK48G5,试点地区搜索
广东省人民医院,其他,中山二路106号,020-83827812,,07:00-17:00,113.287272,23.125087,广州市,越秀区,B00140UERJ,试点地区搜索
暨南大学附属第一医院,三甲医院,黄埔大道西613号,020-38688066;020-38688888,,24小时营业,113.350552,23.126178,广州市,天河区,B00140382F,试点地区搜索
广东省妇幼保健院(番禺院区),其他,兴南大道521号(员岗地铁站E口步行210米),,1.0,24小时营业,113.369777,23.017448,广州市,番禺区,B00141KFNH,试点地区搜索
广州市妇女儿童医疗中心(珠江新城院区),其他,金穗路9号,,,09:00-21:00,113.320253,23.124874,广州市,天河区,B0FFFGTR83,试点地区搜索
广东省妇幼保健院(越秀院区),其他,广园西路13号,020-61118611,,08:00-12:00 14:30-17:30,113.248351,23.147989,广州市,越秀区,B00140K93G,试点地区搜索
广东三九脑科医院,其他,沙太南路578号,020-62323939,,24小时营业,113.332835,23.176981,广州市,白云区,B00140SZ4I,试点地区搜索
广州市中西医结合医院,其他,迎宾大道87号,020-86888120;020-86888565;020-86892106,,08:00-11:30 14:30-17:30,113.217116,23.402089,广州市,花都区,B00140V63G,试点地区搜索
海珠区妇幼保健院,其他,杏园大街15号,020-84496885,,,113.266157,23.095936,广州市,海珠区,B001403473,试点地区搜索
白云心理医院,其他,白云大道北1722号广州白云心理医院正门,020-22252225;020-22252226,4.5,24小时营业,113.321716,23.255006,广州市,白云区,B00140ULJC,试点地区搜索
广州天使儿童医院,其他,南岸路18号1-7楼后栋部分,18126714182,,08:00-18:00 08:00-18:00,113.230689,23.127529,广州市,荔湾区,B0FFK11IDQ,试点地区搜索
荔湾区妇幼保健院,其他,东漖南路238号(芳村花园对面),020-81744111,,09:00-21:00,113.221682,23.078646,广州市,荔湾区,B00140W7W2,试点地区搜索
花都区妇幼保健院,其他,新华街道工业大道19号,020-86833120;020-89686318,,,113.198225,23.364825,广州市,花都区,B0IGNR89QZ,试点地区搜索
广州市越秀区妇幼保健院(越华路总院),其他,北京街道越华路7号,020-83332249;020-83333398;020-83342776,,,113.270310,23.129261,广州市,越秀区,B001402311,试点地区搜索
启维心智医院,其他,柯木塱坳头南街一巷3号,13725118904,,24小时营业,113.421878,23.190962,广州市,天河区,B0FFH8MA35,试点地区搜索
广州附医华南心理咨询中心,心理咨询中心,,020-81659136,4.7,08:00-23:00,113.230458,23.127493,广州市,荔湾区,B0FFKCPOTB,试点地区搜索
增城惠康医院,其他,增江街工业路17号,,,08:00-12:00 14:30-17:30,113.850839,23.297805,广州市,增城区,B0H0MHJ0VP,试点地区搜索
安肯心理咨询(珠江新城店),心理咨询中心,广州大道中289号艺术园区生活综合楼8楼816，818室,4000520088,4.3,11:00-20:00,113.314527,23.123468,广州市,越秀区,B0L275K301,试点地区搜索
广州市脑科医院荔湾门诊部,其他,荔湾路53号,020-81251863;020-81251773,,,113.242189,23.126789,广州市,荔湾区,B00141S32G,试点地区搜索
广东崇爱康复医院,其他,恒福路41号之一,15360075816,,08:00-17:30,113.286904,23.144316,广州市,越秀区,B0FFJBZPNG,试点地区搜索
广州白云心理健康研究院(广州白云心理医院东),心理咨询中心,白云大道北586号,020-22252227,,,113.320722,23.255683,广州市,白云区,B0FFGLMV2K,试点地区搜索
广州市脑科医院心理门诊部,其他,荔湾路53号,020-81251863,,,113.242344,23.126756,广州市,荔湾区,B0IGUL2SYB,试点地区搜索
广州医科大学附属第五医院,三甲医院,港湾路621号,020-82286666;020-85959142,,24小时营业,113.445818,23.106781,广州市,黄埔区,B00141KFJS,试点地区搜索
广东六一儿童医院,其他,燕岭路136号1-6层,13268286394,,08:00-18:00,113.327925,23.159482,广州市,天河区,B0FFIHKPX1,试点地区搜索
广州华兴康复医院(精神心理诊疗中心),其他,沙太南路牛利岗大街133号,,,,113.326275,23.169875,广州市,天河区,B0FFH11HAG,试点地区搜索
广东药科大学复星禅诚心理咨询,心理咨询中心,新市街新市新街16号503室,15626067990,4.6,08:00-17:30,113.259586,23.191297,广州市,白云区,B0LAZZVJ5A,试点地区搜索
桥恩心理咨询国际连锁(广州猎德总店),心理咨询中心,兴民路222号天盈广场东塔15楼,18122484414,4.7,09:00-21:00,113.332929,23.116017,广州市,天河区,B0H69NJCKV,试点地区搜索
观心实验室·心理咨询(珠江新城店),心理咨询中心,黄埔大道西126号811室,18917856728,4.4,09:00-19:00,113.341868,23.125507,广州市,天河区,B0K0ZUW0JB,试点地区搜索
新奥美嘉医疗,其他,林和西路161号中泰国际广场A座9层,020-28861900,4.5,08:30-11:00 13:00-16:30,113.322894,23.149761,广州市,天河区,B0FFF3UP10,试点地区搜索
壹点灵·心理咨询中心(三元里中心店),心理咨询中心,机场路31号之一第27楼A03房号,4000067825,4.4,24小时营业,113.262782,23.157099,广州市,白云区,B0K3CY3XDU,试点地区搜索
桥恩心理咨询国际连锁(荔湾店),心理咨询中心,中山七路50号1206(西门口地铁站D口步行240米),18122484414,4.2,09:00-21:00,113.252876,23.125796,广州市,荔湾区,B0K1D5E7J9,试点地区搜索
易德正念中心,其他,钟村街汉溪村泽溪街13号时代e-parkA3栋1803,19924692146,4.3,09:00-21:30,113.333790,22.993820,广州市,番禺区,B0K3HU3XOD,试点地区搜索
争渡心理咨询国际连锁(广州总店),心理咨询中心,黄埔大道西76号富力盈隆广场4001房,18148589524,4.1,10:00-21:00,113.326500,23.126700,广州市,天河区,B0GRL5LYGW,试点地区搜索
广州欧麦心理咨询中心(林和西店),心理咨询中心,林和西路1号1206室,020-82038557;18665593585,4.4,09:00-21:00,113.323415,23.141739,广州市,天河区,B0LBTR2H84,试点地区搜索
乐达心理咨询高端连锁(珠江新城店),心理咨询中心,兴国路ijc号天盈广场西塔2009,4000599525,4.2,09:00-21:00,113.331217,23.116044,广州市,天河区,B0K2G5MYGC,试点地区搜索
心博士心理咨询(广州店),心理咨询中心,中山六路新都会大厦西座三层心博士,13147053055,4.3,24小时营业,113.254870,23.125802,广州市,越秀区,B0L3M1PLYW,试点地区搜索
广州壹心理心乐土心理咨询中心,心理咨询中心,五山路1号A栋2楼01单元,13312848345;17702089563,4.0,08:00-21:00,113.342455,23.136614,广州市,天河区,B0G2AOBX36,试点地区搜索
心舒苑心理咨询,心理咨询中心,云升科学园3栋3层18单位(D栋3A层3A09单元),15018469432;15507403628,4.5,00:00-24:00 00:00-24:00,113.443821,23.160977,广州市,黄埔区,B0LUL597YP,试点地区搜索
法律心理咨询,心理咨询中心,白云区黄石商务大厦东北门旁(马务地铁站C出口左手边),13434121901,3.6,09:00-21:00,113.262426,23.202721,广州市,白云区,B0LG0H2M7E,试点地区搜索
广州安全岛心理咨询成长空间,心理咨询中心,官育路8号科悦科琳8号楼310,13560221654,4.0,09:00-21:00,113.385364,23.126272,广州市,天河区,B0LBGUSULA,试点地区搜索
广东省青少年心理健康管理中心,心理咨询中心,南岸路18-2号后栋(广东省青少年心理健康管理中心),13078858953,4.5,08:00-18:00,113.230775,23.127471,广州市,荔湾区,B0LA75VZOO,试点地区搜索
广州好心情心理咨询中心(天河商贸大厦店),心理咨询中心,中山大道西68号第23层自编号2305单位,020-38555464;13342892581,3.8,09:00-22:00,113.343564,23.135661,广州市,天河区,B0IR9DOYFD,试点地区搜索
桥恩儿童青少年心理咨询中心(珠江新城店),心理咨询中心,兴民路222号之三1608房(猎德地铁站出入口旁),18122484414,3.7,09:00-21:00,113.332671,23.116123,广州市,天河区,B0J275F2QE,试点地区搜索
好心情青少年心理咨询,心理咨询中心,中山大道西6、8号天河购物中心天河商贸大厦1,17310689075,4.0,,113.343305,23.135641,广州市,天河区,B0LUP50AC0,试点地区搜索
广州心伙伴心理咨询中心(南沙越秀广场总店),心理咨询中心,南沙街海通一街越秀总部广场1栋1603房,18312837992,3.8,24小时营业,113.544527,22.791815,广州市,南沙区,B0J15URN2G,试点地区搜索
悦启力心理咨询(广州总店),心理咨询中心,兴民路222号天盈广场西塔igc天汇广场F30层,19866064513,3.6,10:00-20:00,113.331127,23.116189,广州市,天河区,B0FFLESOMU,试点地区搜索
广州天使心理咨询中心,心理咨询中心,南岸公路18号后座自编1-5号第1032号一层商铺,18126714182,4.5,08:00-18:00,113.230698,23.127532,广州市,荔湾区,B0K3XC06KN,试点地区搜索
心启晨心理诊所,其他,中山大道西8号天河商贸大厦18楼1813室,18026274056,,09:00-18:00,113.343394,23.135529,广州市,天河区,B0GUTZIOVV,试点地区搜索
广东药科大学广州复星禅诚医院-精神科,其他,新市新街79号之1号 广东药科大学广州复星禅诚医院,020-31218920,,,113.259052,23.191745,广州市,白云区,B0G2UC3FCQ,试点地区搜索
广州附医华南医院精神科,其他,南岸路18-A2号,020-81659136,,08:00-20:00,113.230410,23.127517,广州市,荔湾区,B0K1F7PJZO,试点地区搜索
红树林心理咨询中心(南都中心总部),心理咨询中心,广州大道中289号南方同创汇采编楼9楼902和903,020-87374117;020-87377802;18929573389,4.3,08:00-21:00,113.314355,23.122884,广州市,越秀区,B0GDLUI65R,试点地区搜索
昭阳心理咨询中心,心理咨询中心,中山七路51号富邦中心商场三楼312-313室,18054256859,4.0,24小时营业,113.253002,23.125104,广州市,荔湾区,B0H2OK8Q54,试点地区搜索
康正临床心理咨询门诊·睡眠诊疗中心,心理咨询中心,珠江东路与金穗路辅路交叉口东北60米,17324046866,,,113.326309,23.123981,广州市,天河区,B0KUGLU18K,试点地区搜索
广州优眠医学心理咨询中心,心理咨询中心,黄埔大道西118号四楼自编二,15322397156,3.7,08:30-18:00,113.338796,23.126055,广州市,天河区,B0IG7CQOO7,试点地区搜索
心悦如海儿童青少年心理咨询中心,心理咨询中心,昌岗中路211信和中心F17层,020-80923826,3.9,09:00-18:00,113.274678,23.089479,广州市,海珠区,B0FFJRWQFS,试点地区搜索
广州白海豚心理中心,其他,新华街龙珠路20号-45,18998448059,4.2,24小时营业,113.224925,23.396825,广州市,花都区,B0KD7PEWJA,试点地区搜索
康正心理睡眠医学中心,其他,珠江东路28号401房自编08单元,020-31383628;17324046866,4.1,09:00-12:00 14:00-19:00,113.326330,23.123952,广州市,天河区,B0H17U7E95,试点地区搜索
黄埔区社会心理服务体验中心,其他,萝馨横街11号(水西地铁站E口步行190米),,4.5,,113.477725,23.189825,广州市,黄埔区,B0LDH9LPUR,试点地区搜索
童心里儿童青少年心理咨询中心,心理咨询中心,昌岗中路235号信和中心写字楼16楼A(广场),13380034418,3.6,,113.274654,23.089642,广州市,海珠区,B0ID2URSJD,试点地区搜索
一苇渡心心理咨询中心,心理咨询中心,黄阁镇焦西路金茂湾资本墅D2-03,020-39910296;17665101394,4.2,08:30-18:00,113.524083,22.780431,广州市,南沙区,B0J1GCDY0H,试点地区搜索
UC心理,其他,富力金禧商务中心3411,18520387661,3.9,10:00-18:00,113.260767,23.105958,广州市,海珠区,B0H0T7OJQH,试点地区搜索
海珠区昌岗社区医院心理睡眠中心,其他,江南大道中东街14号之一,020-80923402,4.2,08:00-12:00 14:30-17:30,113.277691,23.094195,广州市,海珠区,B0J2TD67P1,试点地区搜索
sunlight心理咨询中心,心理咨询中心,体育东路122号之二1904A房,16620341694,3.4,08:00-20:00,113.329129,23.136585,广州市,天河区,B0KRKHBSXO,试点地区搜索
广州学习困难干预中心,其他,南岸路18号1-7楼后栋,18529175927,4.0,,113.230761,23.127590,广州市,荔湾区,B0LAVR7NV5,试点地区搜索
海珠区出生缺陷综合干预中心,其他,杏园大街与南田路辅路交叉口南60米,,,,113.267771,23.099165,广州市,海珠区,B0FFI1FB37,试点地区搜索
爱培早期干预中心,其他,汇彩路454号,13826150919,4.1,,113.417002,23.113838,广州市,天河区,B0FFL4QLP7,试点地区搜索
一辰儿童评估干预健康中心,其他,华明路9-13号(杨箕东地铁站B口步行190米),18318342878,3.5,08:00-20:00,113.316361,23.122898,广州市,天河区,B0KRUDWOFJ,试点地区搜索
星乐童早期干预特教中心,其他,机场路中意街9号中意商贸中心F2层,,3.8,09:00-18:30,113.258965,23.173323,广州市,白云区,B0G3D71XA1,试点地区搜索
广州市弘复康儿童干预中心,其他,南村镇陈边村金瓯东路18号金东青创园D栋D501,15322013060,,,113.372283,23.017441,广州市,番禺区,B0JDUHN8UB,试点地区搜索
馨童·自闭症·发育迟缓·构音障碍干预中心,其他,公园前路37-12,,,,113.208966,23.384624,广州市,花都区,B0L0K5PLRB,试点地区搜索
南宁那马精神病医院,其他,那马街119号,0771-4770136;19977166510,,24小时营业,108.385591,22.631819,南宁市,良庆区,B0K0LZR2IG,试点地区搜索
宾阳康隆精神病医院,其他,安城路x495号,,,24小时营业,109.048220,23.179644,南宁市,宾阳县,B0LBLCOIW1,试点地区搜索
南宁市精神卫生中心,精神专科医院,第五人民医院北门旁,17788748176,,09:00-24:00,108.337344,22.858441,南宁市,兴宁区,B0FFK271TC,试点地区搜索
宾阳汇爱医院,其他,宾州镇风景路999号(车友汽车城斜对面),0771-8258999,,,108.840628,23.240014,南宁市,宾阳县,B0I1BUYFI8,试点地区搜索
南宁旭强精神病医院,其他,那楼镇那楼街372号,0771-4703598,,24小时营业,108.636180,22.605106,南宁市,邕宁区,B0H0F7KKFB,试点地区搜索
横州康宁精神病医院,其他,校椅镇校椅社区北街175号,0771-7388617;0771-7388672,,24小时营业,109.241356,22.840996,南宁市,横州市,B0FFLG6W6H,试点地区搜索
宾阳益康精神医院,其他,安城路229号,0771-5925227,,24小时营业,109.106528,23.193233,南宁市,宾阳县,B0KKKMQO06,试点地区搜索
宾阳县精神康复医院,其他,中国信合(王灵信用社)西侧50米,0771-8159186,,,109.005503,23.176570,南宁市,宾阳县,B030305URN,试点地区搜索
横州心宁精神病医院,其他,209国道与呼北线交叉口北360米,,,,109.340927,22.742892,南宁市,横州市,B0L6CCFO43,试点地区搜索
横州市精神康复医院,其他,六景镇良圻农场龙潭路229号,0771-7350172;0771-7351162,,,109.001210,22.796424,南宁市,横州市,B0HGLHPYZC,试点地区搜索
宾阳真情华康精神病医院,其他,新卫路1号,,,,108.788716,23.210528,南宁市,宾阳县,B0L1S5Q6NT,试点地区搜索
南宁脑博仕医院,其他,安吉大道47-8号5层,0771-3303120,4.5,08:00-18:00,108.297062,22.877116,南宁市,西乡塘区,B0FFJ1WJKJ,试点地区搜索
南宁市第五人民医院,其他,邕武路7号,0771-3322794;0771-3323205,4.1,08:00-12:00 14:30-17:30,108.337334,22.858434,南宁市,兴宁区,B0303054BL,试点地区搜索
南宁博锐医院,其他,望州路298号,19177115518,4.4,08:00-17:30,108.338524,22.841628,南宁市,兴宁区,B0303003B6,试点地区搜索
南宁心理医院,其他,明悦楼东侧,,,,108.334198,22.859617,南宁市,兴宁区,B0KK1HPS1L,试点地区搜索
广西壮族自治区人民医院心理康复中心,其他,邕武路19号,,,,108.344455,22.886015,南宁市,兴宁区,B03030159I,试点地区搜索
新宾卫生院心理咨询室,心理咨询中心,宾柳路与三中街交叉口北160米,,,,108.828866,23.249190,南宁市,宾阳县,B0L3F16O6J,试点地区搜索
心愉心理,其他,中新路9号九洲国际F47层,18378834716,4.0,09:30-21:30,108.395095,22.810570,南宁市,青秀区,B0K3UUWEKN,试点地区搜索
南宁纳本心理咨询有限公司,心理咨询中心,金湖路61号佳得鑫水晶城C座3101号房,18172034530;18172034880,3.9,09:00-21:00,108.369287,22.817334,南宁市,青秀区,B0I0OS7CEJ,试点地区搜索
宝藏心理·艺术馆,其他,东葛路161号绿地中央广场A7号楼,18776986440,3.8,09:00-21:00,108.374422,22.831270,南宁市,青秀区,B0LAMC378B,试点地区搜索
白羽咨询工作室(建科苑店),其他,北大南路17号建科院3号办公楼603室,13807811113,3.6,24小时营业,108.304734,22.813916,南宁市,西乡塘区,B0J0PZTJ8K,试点地区搜索
善云阁塔罗,其他,金源一品天下3栋109号,13597399640,4.0,10:00-22:00,108.362606,22.864396,南宁市,兴宁区,B0FFI2UFAG,试点地区搜索
泛思教育,其他,枫林路6号凤岭春天商业街D07商铺,0771-4988323,3.4,10:00-21:00,108.422119,22.817584,南宁市,青秀区,B0FFKG4DXV,试点地区搜索
南宁青少年心理咨询中心,心理咨询中心,世贸西城A座7楼704,15778107917,3.8,09:00-22:00,108.290247,22.832559,南宁市,西乡塘区,B0H3AUBPN0,试点地区搜索
广西鞠门心文化心理咨询中心,心理咨询中心,裕丰·英伦5号楼3单元101,,3.9,,108.384225,22.826375,南宁市,青秀区,B0HKO7MQUW,试点地区搜索
牧内立心咨询工作室,其他,园湖南路23号1栋一单元402,15777155659,3.3,,108.345682,22.820230,南宁市,青秀区,B0K0YSMXYX,试点地区搜索
晚风心理工作室,其他,新民路22-1号(地铁1号线新民站B2口300米),19914840369,4.0,09:00-20:00,108.328895,22.811508,南宁市,青秀区,B0KRSLHAJ3,试点地区搜索
广西爱盈心理咨询有限公司,心理咨询中心,东葛路153号建发养云项目2栋1单元802房,0771-3320320;19968085822,4.0,09:00-19:00,108.365637,22.832175,南宁市,青秀区,B0J1DZZPHG,试点地区搜索
中育心理疏导基地,其他,富德村旱塘路十八组12-53号,,4.4,,108.269792,22.794063,南宁市,江南区,B0L36S96TE,试点地区搜索
瀚格心理,其他,东葛路29-1号荣和中央公园1号楼715室,19377479013,3.7,09:00-21:00,108.336789,22.817831,南宁市,青秀区,B0L31GUBLI,试点地区搜索
赤橙心理,其他,五象航洋2号楼3128,,4.4,09:00-21:00,108.374840,22.766737,南宁市,良庆区,B0JA35NIVT,试点地区搜索
聆心社心理咨询室,心理咨询中心,瀚德大厦3A座8层809室,19162300614,3.9,09:30-21:30,108.382483,22.758522,南宁市,良庆区,B0L1VCBTSA,试点地区搜索
广西南宁祈麟心理咨询有限公司,心理咨询中心,明秀东路238号德天府A3栋2单元1203号,18376948672,3.9,09:00-21:00,108.313043,22.841895,南宁市,西乡塘区,B0L3ZH076Z,试点地区搜索
心畔心理咨询(九洲国际店),心理咨询中心,中新路9号九洲国际47层4716室,18378834716,3.6,09:00-18:00,108.395013,22.810550,南宁市,青秀区,B0KKFHP3VG,试点地区搜索
芯之缘心理咨询工作室,心理咨询中心,江滨路11号,19968183150,3.7,09:30-21:00,108.287840,23.152679,南宁市,武鸣区,B0J0G7JXR5,试点地区搜索
大徐心理,其他,明秀东路88号荣和山水绿城B1组团6号楼17号铺,13367819056,3.8,08:00-23:30,108.334233,22.854995,南宁市,兴宁区,B0K24ZEX2Q,试点地区搜索
蜜柚心理,其他,建安路21号综合楼5层5043室,18776726075;18878717901,3.4,09:00-20:00,108.354394,22.846365,南宁市,兴宁区,B0LRYZV20S,试点地区搜索
南宁市经开区三恩心理咨询中心,心理咨询中心,龙光玖誉城悦城61栋1527室,18154621035,3.5,09:00-20:00,108.307760,22.769446,南宁市,江南区,B0J0VZ0VOD,试点地区搜索
明心立行心理咨询,心理咨询中心,凤凰岭路1号荣和大地一组团32-B-FB,18154598366;18172341846,2.1,09:00-18:00,108.406684,22.823335,南宁市,青秀区,B0K60U1NKP,试点地区搜索
渡心心理,其他,金浦路16号汇东国际E座11楼1101室,15778112434,3.5,09:00-18:00,108.373218,22.812391,南宁市,青秀区,B0IR9UMFDY,试点地区搜索
南宁城和医院-精神科,其他,五一路156号,18376693007,,07:00-23:00,108.275082,22.803930,南宁市,江南区,B0J2MHLKWZ,试点地区搜索
广西儿童青少年心理健康中心,心理咨询中心,安吉大道47-8号,0771-3303120,3.6,08:00-17:00,108.297375,22.877225,南宁市,西乡塘区,B0LDZAMIV0,试点地区搜索
传旭心理南宁市运营中心,其他,竹溪大道8号南国大厦B座1005,,3.9,,108.352339,22.791609,南宁市,青秀区,B0L2XCXTJY,试点地区搜索
浩凯东方心理学武鸣代理中心,其他,区武鸣区上河路8号九个半岛阿尔勒2002室,,3.3,,108.258479,23.158746,南宁市,武鸣区,B0JUGA84WT,试点地区搜索
广西华夏未来心理咨询有限公司,心理咨询中心,竹溪大道36号青湖中心,15707712558,3.9,,108.367677,22.798871,南宁市,青秀区,B0K217IECG,试点地区搜索
5s健康管理中心,其他,同心里与运河路交叉口东北120米,,,,109.127630,23.200845,南宁市,宾阳县,B0LB4DG6AK,试点地区搜索
南宁博锐心理咨询中心,心理咨询中心,竹溪大道辅路与锦春路交叉口东南100米,,0.3,,108.367625,22.798925,南宁市,青秀区,B0L1KLVY2I,试点地区搜索
心露教育(心理咨询中心),心理咨询中心,东葛路18-1号嘉和自由空间A座22楼2212号,,3.5,,108.334750,22.815691,南宁市,青秀区,B0KGTZ7KFL,试点地区搜索
乐臣心理管理中心,其他,滨堤路与新邕路辅路交叉口北300米,,2.1,,108.434225,22.768925,南宁市,邕宁区,B0LK34YXR1,试点地区搜索
喻言儿童发展中心,其他,桂春路南二里8号和兴大厦3楼,13807809841,4.0,08:30-18:00,108.361839,22.807198,南宁市,青秀区,B0HBKMO5OA,试点地区搜索
小骆驼口腔(鲁班路店),其他,鲁班路85号康桥蓝湾6栋2层6-2F-1A商铺,13132712551;19317341799,,09:00-18:00,108.283639,22.839901,南宁市,西乡塘区,B0FFLOQDGY,试点地区搜索
康语儿童言语社交训练中心(南宁民主路中心),其他,民主路阳光新都C栋2层,13067357735,4.2,08:30-18:00,108.336152,22.825903,南宁市,兴宁区,B0H3ZDE6SK,试点地区搜索
海南省安宁医院,其他,南海大道东10号,0898-66890120;0898-66988629,,09:00-21:00,110.337253,19.994608,海口市,龙华区,B038202B8M,试点地区搜索
海口舒康精神卫生中心,精神专科医院,龙桥镇商业东街8号,17340614463,,,110.363280,19.909958,海口市,龙华区,B0JBHCZCLK,试点地区搜索
海南省精神卫生中心,精神专科医院,南海大道东10号海南省安宁医院,,,09:00-21:00,110.337589,19.995238,海口市,龙华区,B0FFFEVJ74,试点地区搜索
海口市卫生健康服务中心,其他,海甸六西路5号,,,,110.334693,20.067553,海口市,美兰区,B0HK37T6DA,试点地区搜索
海南省安宁医院-精神科住院楼,其他,南海东路10号海南省安宁医院精神科住院楼,,,,110.337042,19.994600,海口市,龙华区,B0FFI7JD3M,试点地区搜索
安宁医院精神障碍患者康复楼项目部,其他,华庭建材城东北1门旁,,,,110.335224,19.994817,海口市,龙华区,B0L2X9ZD6E,试点地区搜索
海口中山医院心理科,其他,国兴街道办海府路148号,0898-66209898,4.4,08:00-17:30,110.360817,20.010573,海口市,琼山区,B0L1P75ZLJ,试点地区搜索
海口琼岛医院心理科,其他,海秀中路103号2F,19332579713,,,110.306241,20.016503,海口市,龙华区,B0KUDDY7E2,试点地区搜索
会天心理,其他,观澜湖中央公园二区2栋702室,18308900896;18876637731,4.2,24小时营业,110.335265,19.914445,海口市,龙华区,B0KKZZQ6XO,试点地区搜索
知渔心健康私人心理顾问,其他,丁村美居2巷26号,15091990056,3.8,24小时营业,110.333283,19.973050,海口市,龙华区,B0KD6MJ3C9,试点地区搜索
海南省青少年心理健康医学中心,心理咨询中心,龙昆南路94号,,4.5,08:00-12:00 14:30-20:00,110.340115,19.994930,海口市,琼山区,B0L3ZR1RKD,试点地区搜索
慕悦心舍,其他,滨海大道78号罗牛山玖悦台5栋316,15289994186,4.0,09:00-21:00,110.292462,20.021165,海口市,秀英区,B0K2FLNU5R,试点地区搜索
海南馨美乐健康管理心理咨询有限公司,心理咨询中心,府城街道办红城湖路155号红城湖公寓206室,18889980788,3.7,08:00-22:00,110.351561,20.004933,海口市,琼山区,B0J1AH5E5K,试点地区搜索
海口佳佳乐心理咨询(睡眠障碍心理疾病),心理咨询中心,海域阳光二期6号楼301室,18289755376,3.4,,110.196490,20.051969,海口市,秀英区,B0K2F7OO7N,试点地区搜索
天涯心理,其他,玉沙路金城国际B座33A,,3.5,10:00-18:00,110.319622,20.028895,海口市,龙华区,B0FFKSF3SY,试点地区搜索
忘忧兔(法苑里店),其他,大英山西二街2号法苑里1号楼102铺面,0898-66668881;17763912345,4.1,08:00-20:00,110.350831,20.020373,海口市,美兰区,B0G3FMI3MV,试点地区搜索
海口紫薇星愿疗愈心理咨询有限公司,心理咨询中心,建设一横路b2栋5层501室,13933389897,3.7,09:30-17:00,110.322191,19.988910,海口市,龙华区,B0K3TST328,试点地区搜索
海南天一心理咨询有限公司,心理咨询中心,龙华路13-1号华典大厦二区6层606室,0898-66668020;18808900909,4.0,08:30-18:00,110.336616,20.036424,海口市,龙华区,B0FFI8LUVE,试点地区搜索
海南润心心理咨询中心,心理咨询中心,海甸岛三西路海南大学南希苑科技苑A栋1304,0898-32695002;18889975456,3.8,24小时营业,110.337844,20.051349,海口市,美兰区,B0IKHCLICQ,试点地区搜索
方卓心理咨询,心理咨询中心,金龙路2号7楼(1、6、7号梯直上),18907560512,3.7,09:00-21:00,110.323865,20.023565,海口市,龙华区,B0LAU1BD3A,试点地区搜索
海口美兰徐博心理工作室,其他,瑞州嘉园2号楼701,13518813541;13846083981,3.8,,110.323003,20.065128,海口市,美兰区,B0LU2SRP9I,试点地区搜索
臻浩心理,其他,新埠岛西苑路12号三水澜湾2栋03房,18907590185,2.5,09:00-21:00,110.358451,20.066628,海口市,美兰区,B0I67MMHPT,试点地区搜索
合伊空间疗愈工作室(圣地花园店),其他,人民街道人民大道66号圣地花园,18637773131,3.2,,110.337561,20.062818,海口市,美兰区,B0K0NLLW8Y,试点地区搜索
恩语心理咨询工作室,心理咨询中心,海甸街道和平大道22号鹏晖新天地裙房、写字楼、A栋住宅A栋住宅25层2502房,18689811961,3.7,,110.349449,20.057796,海口市,美兰区,B0L2UCF2LU,试点地区搜索
心音心理咨询工作室,心理咨询中心,博巷1路9号博巷雅苑1栋1403,18318339483,3.6,,110.331272,20.001094,海口市,龙华区,B0KA2AANE0,试点地区搜索
育新儿童康复中心,其他,南沙路86号国森广场113号,0898-31903523,4.0,,110.324422,20.004705,海口市,龙华区,B0FFLP451J,试点地区搜索
成都市第四人民医院九江院区,其他,九江街道马家寺社区草金路105号,028-85641749,4.7,24小时营业,103.948574,30.628473,成都市,双流区,B0G0MDMLV2,试点地区搜索
成都双楠医院,其他,红牌楼路399号,19828387485,,09:00-17:00,104.022054,30.636939,成都市,武侯区,B0LU2UV8BC,试点地区搜索
四川大学华西医院心理卫生中心,三甲医院,玉林街道人民南路三段17号四川大学(华西校区),,4.6,09:00-21:00,104.061759,30.636854,成都市,武侯区,B001C8VG35,试点地区搜索
成都军大心理咨询中心,心理咨询中心,玉沙路142号附1号2楼,18382287971,4.7,24小时营业,104.079386,30.666988,成都市,青羊区,B0HKCD8JT7,试点地区搜索
成都棕南心理咨询中心,心理咨询中心,二环路南二段19号第十层,18190706184,4.4,08:30-20:00 08:30-20:00,104.070366,30.620680,成都市,武侯区,B0HUUUROTT,试点地区搜索
安肯心理咨询(华西医院店),心理咨询中心,东府街33号1栋1单元28层1号,4000520088,4.6,11:00-19:00,104.071178,30.648511,成都市,锦江区,B0J2ZB5ORL,试点地区搜索
成都脑康心理医院,其他,八里桥路149号,028-83376120,4.4,24小时营业,104.078816,30.701582,成都市,成华区,B0FFG4NEKG,试点地区搜索
西南心理康复中心,其他,文武路42号4层401号,19180923457,4.5,08:00-17:30 08:30-17:30,104.072884,30.669979,成都市,青羊区,B0L3BZETW7,试点地区搜索
成都锦欣心理咨询中心,心理咨询中心,毕昇路88号,13458540384,4.3,08:30-17:30,104.094725,30.593675,成都市,锦江区,B0L33SAAII,试点地区搜索
诺曼心理咨询服务机构,心理咨询中心,大石西一街16号(省骨科医院地铁站C口步行240米),15316386821,4.1,24小时营业,104.039329,30.649879,成都市,武侯区,B0K0SZUCSO,试点地区搜索
曼扉诊所,其他,庆云南街115号2楼(市二医院地铁站C口步行220米),028-87057733;19302852468,4.3,09:00-21:00,104.086619,30.661610,成都市,锦江区,B0KGMGMZJO,试点地区搜索
成都西南康复医院,其他,文武路42号A栋1-4层,19180923457,,08:00-17:30 08:30-17:30,104.072616,30.670073,成都市,青羊区,B0L11CLV8D,试点地区搜索
成都西南儿童医院,其他,红牌楼北街13号,19180923457,,08:30-17:30,104.036363,30.635099,成都市,武侯区,B0FFG6TLE9,试点地区搜索
成都悦心心理咨询中心(成都第四人民医院店),心理咨询中心,互利西一巷5-附3号,19180733879,4.1,24小时营业,104.038928,30.690649,成都市,金牛区,B0J1OHI8NM,试点地区搜索
西南儿童康复医院,其他,肖家河沿街47号(永丰地铁站B口步行310米),19180923457,,08:00-17:30 08:30-17:30,104.042664,30.628593,成都市,武侯区,B0H2LC6VV4,试点地区搜索
成都天使儿童医院心理咨询中心,心理咨询中心,人民南路四段46号附一号-02,028-62520765,,08:30-17:00,104.066624,30.614366,成都市,武侯区,B0HDSC5OV2,试点地区搜索
心语心聊青少年心理咨询中心,心理咨询中心,美湖路49-51号(双流四医院东侧),19382254131,3.9,09:31-19:00,103.950486,30.628416,成都市,双流区,B0L36A9D5I,试点地区搜索
成都天府精神心理咨询中心,心理咨询中心,一环路北一段111号(花牌坊地铁站A口旁),,3.9,,104.048975,30.683925,成都市,金牛区,B0K0TUVJU9,试点地区搜索
成都天府儿童医院青少年心理中心,其他,一环路北一段127号,028-61119911,3.9,,104.050346,30.683812,成都市,金牛区,B0LR0UMGPU,试点地区搜索
华林社区心理健康服务中心,心理咨询中心,东华三路57-附1号(十里店地铁站A1口步行260米),,3.6,09:00-12:00 14:00-17:00,104.143202,30.681968,成都市,成华区,B0L1RCBGE1,试点地区搜索
成都棕南医院,其他,二环路南二段19号,19138455215,,08:00-20:00,104.070368,30.620700,成都市,武侯区,B0FFF5U5E0,试点地区搜索
成都市第四人民医院营门口院区,其他,互利西一巷8号,028-87522430,,13:00-21:00,104.039040,30.691552,成都市,金牛区,B001C7V2MO,试点地区搜索
四川宝石花医院临床心理中心,其他,通济桥26号,,3.6,,104.048695,30.505271,成都市,双流区,B0L2CUINZU,试点地区搜索
金堂晟康心理咨询,心理咨询中心,金堂雨泽老年病医院西北侧180米,,4.4,,104.436125,30.786025,成都市,金堂县,B0LBS5C5NH,试点地区搜索
成都圣安米悦心理咨询中心,心理咨询中心,人民南路2段1号仁恒置地写字楼1605,18280473059,4.7,09:00-17:00,104.066976,30.651817,成都市,锦江区,B0FFLEFEZS,试点地区搜索
心絮心理咨询中心(高新店),心理咨询中心,中国(四川)自由贸易试验区成都高新区吉泰路666号2栋3层1号,13281286294;15680418372,4.2,24小时营业,104.064803,30.547988,成都市,武侯区,B0JKZRQJIB,试点地区搜索
爱己心理咨询中心(花漾锦江店),心理咨询中心,天府大道中段1388号JR花漾锦江B座10层1009-1010号,028-85828387;19113215764,4.7,24小时营业,104.066671,30.535381,成都市,武侯区,B0KAN52T8P,试点地区搜索
心絮心理咨询中心(青羊店),心理咨询中心,清江东路63号3栋12层1202号,13281286294;15680418372,4.2,24小时营业,104.024082,30.668818,成都市,青羊区,B0KR3SZ7YR,试点地区搜索
心絮心理咨询中心(东郊记忆店),心理咨询中心,成华大道杉板桥路333号1栋29层2908号,13281286294;15680418372,4.1,24小时营业,104.122455,30.665901,成都市,成华区,B0IKHMBA50,试点地区搜索
四川省妇女儿童心理健康服务中心,心理咨询中心,妇女儿童中心六楼,19180798602,4.3,10:00-17:30,104.050175,30.546175,成都市,武侯区,B0KDTSA4FA,试点地区搜索
和鸣鸟心理咨询中心,心理咨询中心,东大街芷泉段68号2栋时代8号27层2709号,18884748957;18884795053,4.1,24小时营业,104.087462,30.647554,成都市,锦江区,B0I146507O,试点地区搜索
家有心悦心理咨询情感咨询中心,心理咨询中心,日月大道一段1501号3栋13层1304号,4000505961,4.2,24小时营业,103.964149,30.675025,成都市,青羊区,B0IGAHQERN,试点地区搜索
咸鱼心理咨询,心理咨询中心,石人南路1号蓝谷领地1栋3单元202,19382217547,4.0,09:00-20:00,104.026885,30.669850,成都市,青羊区,B0IUCNCN60,试点地区搜索
西南儿童青少年心理咨询中心,心理咨询中心,肖家河沿街47号,19180923457,4.5,08:00-17:30 08:30-17:30,104.042651,30.628748,成都市,武侯区,B0H3TZHFYR,试点地区搜索
成都慧光心理咨询中心(青羊新城店),心理咨询中心,光华西五路55号3栋附219号,13008169998;13709057903,4.3,24小时营业,103.956710,30.666470,成都市,青羊区,B0J0YMQSXI,试点地区搜索
成都森普瑞心理咨询,心理咨询中心,交子大道33号中国华商金融中心华商国际17层,15882323007,4.0,10:00-21:00,104.062862,30.581537,成都市,武侯区,B0JAN5OJTJ,试点地区搜索
四川军大心理咨询中心,心理咨询中心,一环路北三段1号1栋4单元23层2309号,18382287971,4.2,24小时营业,104.073975,30.686925,成都市,金牛区,B0K0CRCW8A,试点地区搜索
好心情心理咨询(青羊店),心理咨询中心,青羊上街336号乐地浣花香大厦写字楼703室,17310689075,4.3,24小时营业,104.040175,30.659675,成都市,青羊区,B0KDXRYAGS,试点地区搜索
六善之家(汇城港湾店),其他,成都市汇城港湾1栋1楼11号,,4.5,09:00-22:00,104.079030,30.546341,成都市,双流区,B0KDU7DYEL,试点地区搜索
成都心心航科技有限公司,其他,益州大道588号智地哥谭1栋1单元801,19381959841,4.3,09:30-17:30,104.055617,30.557749,成都市,武侯区,B0HDG5PAM4,试点地区搜索
悦成心理咨询 Joybloom Consulting,心理咨询中心,领事馆路9号3栋3单元10层1001号,18581565867,4.0,10:00-20:00,104.071426,30.624821,成都市,武侯区,B0LD9747MC,试点地区搜索
四川省精神医学中心(四川省人民医院温江院区),其他,芙蓉大道二段33号,028-81020000,,09:00-16:30,103.898369,30.713407,成都市,温江区,B0FFJAYKFH,试点地区搜索
成都西南皮肤病医院,其他,一环路北二段1号(西北桥地铁站A2口步行290米),18428152105,,08:00-17:30,104.061114,30.686446,成都市,金牛区,B0FFJDJH2J,试点地区搜索
成都神康癫痫医院,其他,汇泉南路116号,028-85283120;028-86661689;18582519024,,08:30-22:00,104.105092,30.627493,成都市,锦江区,B001C8O92Q,试点地区搜索
成都皮肤病医院,其他,大华街10号1栋1楼1号2楼3楼,19308059371,,08:30-17:30,104.014614,30.650647,成都市,武侯区,B0KG710U87,试点地区搜索
成都皮肤病研究院,其他,解放路二段199号1栋2层,028-87527088,,08:00-17:30 08:30-17:30,104.081661,30.679784,成都市,金牛区,B0LAFZYZH0,试点地区搜索
成都市温江区第三人民医院,其他,万春镇万春大道60号,028-82610745;028-82611568,,08:00-12:00 13:00-16:30 08:00-12:00 14:00-17:30,103.831301,30.741144,成都市,温江区,B0FFG8RB4L,试点地区搜索
锦江区精神卫生中心,精神专科医院,南三环路二段501号,028-85910933,,,104.111601,30.595169,成都市,锦江区,B0FFHFSFTS,试点地区搜索
彭州市第四人民医院,其他,九尺街道玉源村天鹅街355号,028-83704321,,24小时营业,104.026388,30.988156,成都市,彭州市,B0FFG2EWJ7,试点地区搜索
彭州市精神卫生中心,精神专科医院,九尺街道天鹅街355号,,,08:00-17:00,104.026334,30.988706,成都市,彭州市,B0FFHEC3D1,试点地区搜索
成都市民政精神卫生中心,精神专科医院,康河八组318号,028-87070723,,24小时营业,103.910926,30.674262,成都市,青羊区,B001C7YIUN,试点地区搜索
成都皮肤病专科医院-西南附大皮肤病防治研究所,其他,少城路1-5号(东城根上街少城路1-5号3楼),15528233810,,08:30-17:30,104.060306,30.658433,成都市,青羊区,B0K0FUGYY0,试点地区搜索
都江堰市第三人民医院,其他,胥家镇实新村10组,028-87240125,,,103.686666,30.998050,成都市,都江堰市,B0FFFACXXP,试点地区搜索
成都怡宁医院,其他,迎宾大道科兴南路90号,028-87500999,,,104.003894,30.713186,成都市,金牛区,B0FFINE37S,试点地区搜索
成都安定医院,精神专科医院,光华大道一段蔡桥社区394号,028-60160423;028-87071976,,09:00-12:00 13:30-17:00,103.945051,30.663869,成都市,青羊区,B001C9539W,试点地区搜索
成都军盛医院,其他,望江路街道一环路南一段51号,028-67183777,,,104.078496,30.635011,成都市,武侯区,B0FFG4EK2S,试点地区搜索
成都瑞恩糖尿病医院,其他,锣锅巷98号,028-86610000,,08:00-17:30,104.073165,30.668874,成都市,青羊区,B001C7WOVP,试点地区搜索
成都附大皮肤病医院,其他,少城路1-5号,15528233810,,24小时营业,104.060207,30.658550,成都市,青羊区,B0LAM7DJ22,试点地区搜索
金堂县第四人民医院,其他,州城大道270号,028-84915299,,,104.540992,30.707165,成都市,金堂县,B0FFK58N0B,试点地区搜索
彭州安然精神病专科医院(九尺镇店),其他,九尺镇升平社区十五组102号,18711430110,,24小时营业,104.005882,31.009494,成都市,彭州市,B0KGY5DSPI,试点地区搜索
成都市第一精神卫生防治院,其他,南三环路二段501号,,,,104.111521,30.595678,成都市,锦江区,B0FFHQ0EKY,试点地区搜索
简阳市精神病医院,其他,青龙镇青东街150号,028-27345397,,24小时营业,104.632027,30.483918,成都市,简阳市,B0JAB7TXE6,试点地区搜索
成都华西精神疾病医学研究院(八里桥路),其他,八里桥路成都脑康医院,028-66239999,,,104.078756,30.701659,成都市,成华区,B0FFGEGZ6W,试点地区搜索
四川省精神医学中心门诊部,其他,芙蓉大道二段33号,,,08:30-12:00 13:30-17:00,103.898464,30.713326,成都市,温江区,B0GRNLBDV1,试点地区搜索
成都市温江区心理健康·睡眠医学中心,心理咨询中心,柳河南路215号,028-60351598,4.3,08:00-17:30,103.833289,30.687691,成都市,温江区,B0K3LC3B2X,试点地区搜索
八九零零心理咨询中心,心理咨询中心,华府大道一段996金茂·光明城市1期2幢,17760488017,4.1,24小时营业,104.046374,30.526720,成都市,双流区,B0I11C7VJ6,试点地区搜索
成都渡仁心理咨询中心,心理咨询中心,锦盛路2号煦华国际13栋4楼407,028-86721778;18981783213,4.1,08:30-17:15,104.091702,30.588903,成都市,锦江区,B0K0Z5RK0H,试点地区搜索
谓忧心理咨询(成都中心),心理咨询中心,紫宸香颂三期1栋3单元604,028-64635168,3.8,09:00-21:00,104.031877,30.699341,成都市,金牛区,B0JBHSV9PS,试点地区搜索
家有心悦心理咨询中心(锦江店),心理咨询中心,金石路316号1602(金石路地铁站D口步行150米),,4.1,24小时营业,104.090271,30.591944,成都市,锦江区,B0K3F5RNRI,试点地区搜索
成都市心理健康中心-门诊部,心理咨询中心,草金路与美湖路交叉口西南140米,,,,103.948801,30.628880,成都市,双流区,B0K2O96WWW,试点地区搜索
安和心理咨询中心(成华店),心理咨询中心,成华大道杉板桥路699号1栋27层2706号,,3.8,10:00-19:00,104.135308,30.673152,成都市,成华区,B0L1V7AWB9,试点地区搜索
成都市青少年心理危机干预协会,危机干预中心,160乡道东北侧,,,,104.416838,30.492634,成都市,简阳市,B0G3L5HTXA,试点地区搜索
晟爱儿童干预中心,其他,瑞联路165号附3号,,,08:30-18:00,103.995038,30.667400,成都市,青羊区,B0JRPSHJTK,试点地区搜索
德博运动健康干预中心,其他,凤凰北大街689号2栋405-406,18215670686,,,103.889144,30.688028,成都市,温江区,B0KUR7ZPC6,试点地区搜索
中医科学院慢性病非药物干预健康管理中心,其他,文庙街1号附61号三楼,,,,103.837146,30.696585,成都市,温江区,B0J1HHA4RZ,试点地区搜索
然和能力康复干预中心(武侯中心),其他,置信路6号,4006005208,,,104.017078,30.647913,成都市,武侯区,B0K19CDDLU,试点地区搜索
民族危机档案馆,其他,武兴路水韵园综合教育基地,,,,103.959892,30.610843,成都市,武侯区,B0JKBZQ5WR,试点地区搜索
弘凸医疗中法精准功能医学(干预)中心,其他,四川省成都市锦江区白鹭湾一街68号A区1栋2单元11层1101-1102号,028-86658105,,,104.111350,30.585774,成都市,锦江区,B0LRBMN7EE,试点地区搜索
四川美丽视界崇州近视中医干预中心,其他,王宗平中医堂2楼,,,,103.662321,30.623104,成都市,崇州市,B0LU750PY4,试点地区搜索
贵阳中医脑康医院,其他,花溪大道北段446号(花果园立交桥下),0851-85111129;0851-85111179;17708511376,,08:00-17:30,106.687175,26.558900,贵阳市,南明区,B0FFG2NE22,试点地区搜索
贵阳市精神病医院,其他,见龙洞路291号,13027820372,,,106.784296,26.545276,贵阳市,南明区,B0KR17SAP3,试点地区搜索
清镇市人安精神病医院,其他,塔峰路238号,,,,106.444400,26.548648,贵阳市,清镇市,B0FFLJTH31,试点地区搜索
贵安瑞源精神病医院,其他,湖潮乡广兴村十一组猴子坡庄紫园,15685351442,,,106.540329,26.415007,贵阳市,花溪区,B0JKHC18DE,试点地区搜索
贵阳颠康精神疾病医学研究院,其他,新寨路14号,18375150346,,,106.713528,26.552399,贵阳市,南明区,B0HUZUHI3D,试点地区搜索
贵州省第二人民医院精神康复楼,其他,新添大道南段206号贵州省第二人民医院,13027820372,,09:00-19:00,106.729463,26.608182,贵阳市,云岩区,B0FFIZK9LO,试点地区搜索
贵阳中医脑康医院心理咨询中心,心理咨询中心,花溪大道北段446号,0851-85111129;17708511376,4.3,08:30-17:30,106.687200,26.558860,贵阳市,南明区,B0J1GOFC6N,试点地区搜索
贵阳脑康儿童康复中心,其他,太慈桥街道贵溪路444号E幢,0851-85112290,4.4,24小时营业,106.687175,26.558925,贵阳市,南明区,B0FFHXAGY7,试点地区搜索
贵阳六一儿童医院-心理健康定点疏导中心,心理咨询中心,瑞金南路321号1楼106,0851-85862935,,08:00-17:00,106.715975,26.565225,贵阳市,南明区,B0LR5AADVF,试点地区搜索
贵州省心理咨询治疗中心,心理咨询中心,新添大道南段318号贵州省第二人民医院内,13027820372,4.0,,106.728177,26.606959,贵阳市,云岩区,B0FFHWQHB7,试点地区搜索
贵阳中医脑康医院精神心理科,其他,中环路南段贵阳中医脑康医院,13027820372,,,106.687194,26.558894,贵阳市,南明区,B0J0PH8DXL,试点地区搜索
市六医心理卫生中心,其他,东二环富源南路2号3附近,,,,106.733767,26.518319,贵阳市,南明区,B0FFIOV40V,试点地区搜索
家诚家悦心理咨询中心(花果园店),心理咨询中心,中环广场3号,18985528012;19985718560,4.2,24小时营业,106.682861,26.560118,贵阳市,南明区,B0J1VUBLQ9,试点地区搜索
星屿安私人心理工作室,其他,会展SOHO公寓F座6楼602号,13984801141,3.8,24小时营业,106.644607,26.640206,贵阳市,观山湖区,B0LB9YW5RY,试点地区搜索
贵阳正宇心理咨询中心,心理咨询中心,遵义路街道四通街A栋(遵义路办事处),18198101906,4.0,24小时营业,106.705190,26.559779,贵阳市,南明区,B0I0YX0H7K,试点地区搜索
花溪区化宇师道心理咨询中心,心理咨询中心,朝阳村34栋1单元501,15519566395,3.7,07:00-13:00 14:00-22:00,106.675094,26.441821,贵阳市,花溪区,B0I35DMJ2V,试点地区搜索
安晨心理咨询(观山湖店),心理咨询中心,中铁逸都dDS11-1-6号,18198512901,3.4,09:00-21:00,106.611735,26.605694,贵阳市,观山湖区,B0J0P56R8F,试点地区搜索
家有心悦心理咨询情感咨询(贵阳店),心理咨询中心,长岭街道长岭北路贵阳国际金融中心二期商务区第C4栋,18985528012;19985718560,4.2,24小时营业,106.652908,26.652319,贵阳市,观山湖区,B0H2AZ4G3R,试点地区搜索
安晨心理咨询(水岸尚城店),心理咨询中心,水岸上城2栋1单元负1层8号门面2层,18198512901,3.6,09:00-20:00,106.479232,26.562261,贵阳市,清镇市,B0J2P55UCU,试点地区搜索
了悟心舍,其他,北京路2号白志祥医院停车场旁杏花巷内50米,15685608891,3.8,11:00-22:45,106.717674,26.595185,贵阳市,云岩区,B0KKN98T08,试点地区搜索
贵州乐达源心理咨询中心,心理咨询中心,世纪城龙禧苑7栋1楼1号,13639065452;13984010639,3.6,08:30-20:30,106.629984,26.607221,贵阳市,观山湖区,B0FFJONRR1,试点地区搜索
安晨心理咨询(贵阳国际店),心理咨询中心,花果园项目c区11栋1单元31楼10号,18198512901,3.5,09:00-20:00,106.686568,26.562792,贵阳市,南明区,B0JKR7209X,试点地区搜索
贵州苏音心理咨询有限公司,心理咨询中心,马王街道三马片区万科麓山C区1栋,,3.9,,106.639277,26.594439,贵阳市,观山湖区,B0K2ADZFP2,试点地区搜索
贵州飞迪曼心理咨询中心,心理咨询中心,花果园M区10栋1单元30层,0851-85809090,4.1,09:00-18:00,106.680863,26.558350,贵阳市,南明区,B0KU4714LZ,试点地区搜索
贵州依德心理咨询有限公司,心理咨询中心,宝山北路180号吟峰苑2栋209,,3.3,08:00-22:00,106.720068,26.587869,贵阳市,云岩区,B0LGYS4R2R,试点地区搜索
贵阳协正国际心理咨询中心,心理咨询中心,威清门街道瑞金北路48号12层1号,19011728120,4.0,08:30-17:30,106.704596,26.586513,贵阳市,云岩区,B0LR9CPVTD,试点地区搜索
心援心理工作室,其他,市北路48号大院,18984056921,3.2,10:30-18:00,106.707925,26.599161,贵阳市,云岩区,B0FFF0FM9E,试点地区搜索
贵阳青少年心理咨询中心,心理咨询中心,太慈桥街道贵溪路444号E幢1单元1层1号,0851-85111129,4.4,24小时营业,106.687375,26.558925,贵阳市,南明区,B0LBX5BWM6,试点地区搜索
海之源心理教育咨询中心,其他,花果园R1区7栋21楼(五里冲地铁站C口步行400米),0851-88666525,4.3,08:00-20:00,106.671000,26.556395,贵阳市,南明区,B0K2GSKFEO,试点地区搜索
云岩复元心理诊所,其他,F2组团1栋1单元12楼16号地下停车场有没有车牌号的私家车位可以停车可以跟着欣月阁月子会所导航走,18798841758,3.9,08:00-20:00,106.753624,26.599890,贵阳市,云岩区,B0GUTUIPK0,试点地区搜索
熠格心理,其他,中华北路3号国艺大厦14-6,17608582625,3.7,09:00-21:00,106.711870,26.584974,贵阳市,云岩区,B0LG6ZD5UV,试点地区搜索
花溪大橙咨询,其他,明珠大道碧桂园印象花溪二期56栋1802,13228657688,3.2,08:00-21:00,106.662843,26.411648,贵阳市,花溪区,B0L0PR1200,试点地区搜索
亚丁心空间心理咨询,心理咨询中心,绍兴大酒店18楼1号,18022068222,3.3,10:00-19:00,106.717365,26.565322,贵阳市,南明区,B0K1Y736O2,试点地区搜索
HY瀚园心理·疗愈茶空间,其他,美的财智中心D座1827-1828,13905076888,3.9,10:30-22:30,106.650290,26.642950,贵阳市,观山湖区,B0L2FL2BCS,试点地区搜索
贵州万众益心心理健康产业发展有限公司,心理咨询中心,美的·财智中心B座8-3号贵州省贵阳市观山湖区东街与3号路交叉口东240米,0851-84105515,3.6,09:00-18:00,106.650338,26.641483,贵阳市,观山湖区,B0KUDZ8NV8,试点地区搜索
贵阳南明皮肤病医院,其他,朝阳洞路117号解放西路137号11栋,17746673238,3.8,08:30-18:00,106.693870,26.552871,贵阳市,南明区,B0IDOLIUYP,试点地区搜索
贵阳脑癫医院(癫痫病专科),其他,沙冲南路87-19号,0851-85599997,,24小时营业,106.697242,26.538518,贵阳市,南明区,B0FFJE2E8E,试点地区搜索
浮名心理咨询工作室,心理咨询中心,花果园大街99号贵阳国际中心2号花果园国际中心2号楼,15186644919,3.3,09:00-18:00,106.686105,26.562257,贵阳市,南明区,B0L2RZMJVB,试点地区搜索
贵阳政宇心理咨询中心,心理咨询中心,遵义路街道四通街A栋1层8号,,3.4,,106.705355,26.555705,贵阳市,南明区,B0L197HGIL,试点地区搜索
贵州省儿童青少年心理健康康复中心,心理咨询中心,二七路与四通街交叉口东20米,,,,106.705375,26.555825,贵阳市,南明区,B0L29KQ3GL,试点地区搜索
塬源心理咨询·量子催眠中心,心理咨询中心,北京东路与尚礼路交叉口东南140米,,2.6,,106.765778,26.589308,贵阳市,云岩区,B0L37KKAE2,试点地区搜索
贵州师范学院-心理健康教育与咨询中心,心理咨询中心,高新路115号贵州师范学院内,,3.3,,106.795814,26.641427,贵阳市,乌当区,B0FFLLD96I,试点地区搜索
合家欢心理咨询有限公司,心理咨询中心,财富路15号贵阳国际金融中心二期商务区N区F5层,,2.7,,106.651585,26.657228,贵阳市,观山湖区,B0L3A1WWFX,试点地区搜索
贵州星图儿童康复干预中心,其他,金朱东路恒大中央公园D1地块5-301室,,,08:00-18:00,106.646133,26.655811,贵阳市,观山湖区,B0I3U5M0T5,试点地区搜索
贵州省血液中心,其他,宝山南路东笙巷3号(省人民医院地铁站C口步行120米),0851-85923566;0851-85927605,,09:00-17:00,106.725399,26.577854,贵阳市,南明区,B035302MOL,试点地区搜索
贵州儿童脊柱健康体态干预中心,其他,贵州日报社(贵医地铁站B口步行400米),,3.7,09:00-22:00,106.718835,26.595049,贵阳市,云岩区,B0K1V7NM6Q,试点地区搜索
机场急救中心,其他,机场路1号,0851-85498120,,,106.796796,26.540628,贵阳市,南明区,B035302RC4,试点地区搜索
开阳手机维修中心,其他,中山商城1栋2楼24号,,4.0,09:00-24:00,106.967316,27.057024,贵阳市,开阳县,B0FFK6OYQH,试点地区搜索
云南省精神卫生防治中心,其他,穿金路733号,,,24小时营业,102.749391,25.075650,昆明市,盘龙区,B036705BGW,试点地区搜索
昆明医科大学附属精神卫生中心,精神专科医院,穿金路733号,,,24小时营业,102.750354,25.075101,昆明市,盘龙区,B0FFGLLD9Y,试点地区搜索
昆明市精神卫生防治医院,其他,小坝路56号,0871-65653691,,,102.735698,25.066877,昆明市,盘龙区,B0G2CU92I1,试点地区搜索
云南省心理卫生中心,其他,新城街道,,,,102.528241,24.932646,昆明市,安宁市,B0FFF2GOLD,试点地区搜索
云南省精神卫生中心,精神专科医院,西锦小区南门东50米,,,,102.670254,25.065200,昆明市,五华区,B0FFHLX73M,试点地区搜索
忠爱医院精神病科,其他,禄劝忠爱医院东门旁,,,,102.475068,25.565394,昆明市,禄劝彝族苗族自治县,B0HUAH3EMK,试点地区搜索
云南脑泰癫痫病研究院,其他,首康医院西南门旁,,,,102.679989,25.036387,昆明市,西山区,B0FFJ8R519,试点地区搜索
昆明市精神卫生防治医院董家湾门诊部,其他,董家湾路52号董家湾地下商场,,,,102.734760,25.035988,昆明市,官渡区,B036704YAG,试点地区搜索
昆明市第二人民医院精神康复科,其他,昆明市第二人民医院昆机院区,,,,102.740811,25.149296,昆明市,盘龙区,B0367080RV,试点地区搜索
云南省精神病医院生活区,其他,穿金路与波罗街交叉口东南160米,,,,102.750375,25.074775,昆明市,盘龙区,B0M6XMOVIP,试点地区搜索
嵩明康健精神病医院,其他,崧灵路849号,,,,103.044428,25.300736,昆明市,嵩明县,B0K3V5HWB5,试点地区搜索
昆明医科大学第一附属医院(西昌路院区)精神科门诊,三甲医院,西昌路295号昆明医科大学第一附属医院门诊楼3层C区,,,,102.693330,25.041491,昆明市,五华区,B0FFFAGMX4,试点地区搜索
昆明南大心理咨询中心,心理咨询中心,滇缅大道2696号昆明南大脑科医院3层302,13529441945,4.1,08:30-17:30,102.648575,25.057481,昆明市,五华区,B0KDHRM6RG,试点地区搜索
昆明云一儿童(康复)医院,其他,西坝路2号,0871-68259120,,,102.698669,25.033090,昆明市,五华区,B0LACUFW9Q,试点地区搜索
德咨心理咨询(云大医院店),心理咨询中心,东风西路123号三合商利写字楼6层E座,13108656808,3.6,08:30-22:00,102.701893,25.039663,昆明市,五华区,B0KKLCT8NK,试点地区搜索
昆明康瑞医院,其他,丰宁街道办事处春晖社区西园北路80号,0871-65189998,,24小时营业,102.679035,25.046380,昆明市,五华区,B0J1JRT7FP,试点地区搜索
云南省心理卫生中心,其他,石安公路28公里处云南省传染病医院,0871-66137347,,,102.527812,24.928210,昆明市,安宁市,B0367062TV,试点地区搜索
云南省心理卫生中心,其他,金碧路与东寺街交叉口西南40米,,,09:00-17:00,102.708649,25.032958,昆明市,西山区,B0K32H75QG,试点地区搜索
昆明市中医医院东风东路院区心理咨询门诊,心理咨询中心,东风东路25-27号昆明市中医医院东风东路院区,,3.3,,102.723739,25.037760,昆明市,盘龙区,B03670YYUC,试点地区搜索
云南省第一人民医院大学生心理健康工作服务站,心理咨询中心,云南新华技工学校东南侧70米,,3.4,,102.750756,25.131106,昆明市,盘龙区,B0LD2XNAT0,试点地区搜索
爱朵朵心理咨询,心理咨询中心,摩玛大厦二期B座1104,18083808520,4.3,08:00-23:00,102.718579,25.047634,昆明市,盘龙区,B0I0GS70F4,试点地区搜索
观心实验室·心理咨询(云南店),心理咨询中心,金碧街道办事处环城南路777号昆钢大厦11层A单元,15010951887,4.1,08:00-24:00,102.701541,25.023303,昆明市,西山区,B0K39RHMDL,试点地区搜索
心清言心理咨询·心理诊所(昆明万达店),心理咨询中心,前卫街道办事处前兴路万达广场9幢30层11号,17787953606,4.0,08:00-24:00,102.711933,25.008476,昆明市,西山区,B0J1XC000Y,试点地区搜索
自在心理,其他,联盟路万宏国际三期9栋1105,15969516913,4.0,09:00-03:00,102.727385,25.057726,昆明市,盘龙区,B0H14CU2Q5,试点地区搜索
昆明云一儿童心理咨询,心理咨询中心,大观街道办事处新闻里社区西坝路2号商场3层1号,0871-68259120,3.7,24小时营业,102.699061,25.033327,昆明市,五华区,B0L307LRBN,试点地区搜索
花见心深度心理咨询,心理咨询中心,北京路与盘井街交叉口西南160米,,4.0,10:00-22:00,102.740075,25.097225,昆明市,盘龙区,B0LAD1A403,试点地区搜索
合禾心理咨询(南亚总部),心理咨询中心,南亚风情第一城C座二单元806,15974828131,4.1,08:00-22:00,102.685731,25.008325,昆明市,西山区,B0GUC78JW3,试点地区搜索
苏东坡心理咨询(民航路店),心理咨询中心,吴井街道民航路398号顺新时代大厦1幢5楼,13508714337,3.9,09:00-18:00,102.740585,25.015996,昆明市,官渡区,B0KD5ZOWB1,试点地区搜索
合禾心理咨询(大都院区),心理咨询中心,彩云北路大都摩天二期5栋8层813,0871-63565625,3.9,08:00-22:00,102.768457,24.967872,昆明市,官渡区,B0IUMSV3EL,试点地区搜索
合禾心理咨询(同德院区),心理咨询中心,财智心景16楼1604-1606(白云路地铁站B口旁),0871-63565615,4.0,09:00-21:00,102.723007,25.065374,昆明市,盘龙区,B0JAK7O11V,试点地区搜索
苏东坡心理咨询马街店,心理咨询中心,马街摩尔城15栋1806室,13116296900,3.6,09:00-21:00,102.642338,25.032050,昆明市,西山区,B0KA2RHTGF,试点地区搜索
谓忧心理咨询(昆明中心),心理咨询中心,人民中路(财盛巷)巨龙大厦17层A1号,0871-68429900,3.8,24小时营业,102.713255,25.041760,昆明市,五华区,B0H39HT1LQ,试点地区搜索
春城职工心理减压赋能服务中心,其他,文化宫娱乐广场,0871-63176110,4.5,,102.728318,25.045113,昆明市,盘龙区,B0HKPM8LG2,试点地区搜索
悦者心理,其他,金茂广场1栋1517,14787841382,4.0,09:00-21:00,102.744105,24.989424,昆明市,官渡区,B0L25CDB9X,试点地区搜索
健华心理睡眠诊所,其他,恒旺广场4幢2层,18687181667,4.3,09:00-12:00 13:30-18:00,102.649248,25.073328,昆明市,五华区,B0JBMCXDFS,试点地区搜索
建心咨询,其他,毓秀西街B101号,17787119084,4.2,24小时营业,102.846934,24.853726,昆明市,呈贡区,B0JKOHKWZN,试点地区搜索
昆明市青少年心理健康服务中心,心理咨询中心,滇池路179号,0871-65019257,4.5,09:00-17:00,102.692345,25.016576,昆明市,西山区,B0JGLZDO1K,试点地区搜索
乐雅心理咨询工作室,心理咨询中心,白塔路七彩之门2单元1909室,13099447273,3.5,09:00-20:00,102.724496,25.048228,昆明市,盘龙区,B0J1N7L8DS,试点地区搜索
第七空间(书香大地店),其他,吴家营街道呈贡大学城书香大地1号门4栋6号商铺,13161870429,3.7,09:00-20:00,102.847974,24.843701,昆明市,呈贡区,B0JK1ZJXLD,试点地区搜索
云南瑞瀚心 理 咨询有限公司,其他,海伦国际四号地春城时光花园8栋1201室,18214627559,3.8,10:00-20:00,102.743100,24.968001,昆明市,官渡区,B0JGKRUWFW,试点地区搜索
云南心源康健心理咨询有限公司,心理咨询中心,金康园127栋三单元A座,0871-63369833,3.9,,102.723755,25.071122,昆明市,盘龙区,B0LGHCLIIB,试点地区搜索
昆明市心理危机研究与干预中心,其他,穿金路735-附1号,,3.7,,102.750114,25.076334,昆明市,盘龙区,B0367087YV,试点地区搜索
幸福心理工作室,其他,河宏路228号广福城雅福园8栋3105室,13678729521,3.9,09:00-19:00,102.702898,24.988950,昆明市,西山区,B0FFL4NI9L,试点地区搜索
云南中医药大学第二附属医院,其他,东郊路161号,0871-63306698;0871-63306947,,08:00-17:00,102.740224,25.028909,昆明市,官渡区,B0FFK795WV,试点地区搜索
云南疼痛病医院(综合医院),其他,万宏路386号(二环北路辅路与万宏路交叉口),13085330509,,08:00-20:00,102.733743,25.068793,昆明市,盘龙区,B0LDVH4ANB,试点地区搜索
石林彝族自治县青少年心理健康服务中心,心理咨询中心,龙泉路64号,0871-66033689,,09:00-12:00 14:00-17:00,103.276976,24.754308,昆明市,石林彝族自治县,B0L165S1MC,试点地区搜索
天啟堂情绪释压中心,其他,云南省联盟路万宏国际3期9幢603,13888340093,3.3,09:00-20:30,102.727356,25.057883,昆明市,盘龙区,B0KG9U3BQT,试点地区搜索
精成教育(高新区师大附中学习中心),其他,高新技术开发区科医路50号华川大厦A座3楼,0871-63303613;18988413076,4.1,08:00-22:30,102.668602,25.055796,昆明市,五华区,B0G2R5HAAZ,试点地区搜索
昆明向东方心理健康服务中心,心理咨询中心,山水南苑小区7栋3单元101号,18087442730;18087442731,4.0,08:30-21:00,102.730304,24.996331,昆明市,官渡区,B0L1YUEC6V,试点地区搜索
禄劝彝族苗族自治县青少年心理健康服务中心,心理咨询中心,掌鸠河南路242号,,,08:00-11:30 14:00-17:30,102.475856,25.540684,昆明市,禄劝彝族苗族自治县,B0LARYZ8NS,试点地区搜索
寸田心社心理咨询中心,心理咨询中心,兴杰大厦15楼C1(五一路地铁站D口步行220米),13888667623,3.3,10:00-19:00,102.705087,25.039598,昆明市,五华区,B0LUF743GS,试点地区搜索
东川区悠悦心理咨询中心,心理咨询中心,兴玉路玉美新城一期对面,15608850880,3.5,,103.188636,26.074124,昆明市,东川区,B0J37HVBA5,试点地区搜索
昆明市心理咨询及治疗技术中心,心理咨询中心,穿金路735-附1号附近,,3.1,,102.750116,25.076331,昆明市,盘龙区,B0FFHHB7HW,试点地区搜索
心乐家园特殊儿童服务中心,其他,小河公路72号,,4.1,,102.826194,25.192798,昆明市,盘龙区,B0K03580GP,试点地区搜索
盘龙区青少年心理健康服务中心,心理咨询中心,万派中心绿竹大厦1层,,4.0,,102.747709,25.056143,昆明市,盘龙区,B0KDUHB6A2,试点地区搜索
安宁市青少年心理健康服务中心,心理咨询中心,安宁市教育局东侧1至3层,,3.8,,102.451396,24.922374,昆明市,安宁市,B0KDUS4SGM,试点地区搜索
昆明高新技术产业开发区文艺心理咨询中心,心理咨询中心,滇缅大道2411号金泰国际1期8栋2415室,,1.3,,102.666428,25.065970,昆明市,五华区,B0K21OUEBW,试点地区搜索
心云心心理健康服务中心,心理咨询中心,潘家湾与昆师路交叉口东南120米,,3.4,,102.696349,25.045932,昆明市,五华区,B0L3VRJISD,试点地区搜索
五华区心之光咨询服务中心,其他,保利星座A栋505号,,3.6,,102.673625,25.073075,昆明市,五华区,B0LR2R5NZJ,试点地区搜索
庞氏衰老干预中心,其他,云玺大宅商业街4栋A124,,,,102.719925,24.944027,昆明市,官渡区,B0L0BSUNH4,试点地区搜索
知行儿童成长中心,其他,鑫都韵城C区4栋三楼知行儿康,13099929199;19048608616,4.3,,102.717825,25.017875,昆明市,官渡区,B0LDOC3FYJ,试点地区搜索
纳金街道卫生服务中心,其他,纳金东路,,,,91.183377,29.657532,拉萨市,城关区,B0L2CYGTIL,试点地区搜索
纳金街道卫生院,其他,纳金路9号,,,,91.183458,29.657676,拉萨市,城关区,B0FFF5QPW6,试点地区搜索
堆龙德庆区柳梧街道卫生服务中心,其他,柳梧街道卫生服务中心,,,,91.036308,29.564980,拉萨市,堆龙德庆区,B0G2CU8S62,试点地区搜索
城关区扎细街道社区卫生服务中心,其他,色拉路58号,,,,91.134040,29.668060,拉萨市,城关区,B037B0OC6F,试点地区搜索
八廓街道社区卫生服务中心,其他,洽彩岗巷,0891-6019935,,09:30-18:00,91.139280,29.648880,拉萨市,城关区,B037B0OQHD,试点地区搜索
城关区藏热社区卫生服务中心,其他,拉堆路城关花园C区转角79号,,,,91.165441,29.666313,拉萨市,城关区,B0FFKXNSVV,试点地区搜索
城关区公德林街道卫生服务中心,其他,雪小学旁雪小学一条街,,,,91.114364,29.660329,拉萨市,城关区,B0FFHIOA8O,试点地区搜索
拉萨市精神卫生福利院,其他,德庆西路,,,,91.408684,29.675507,拉萨市,达孜区,B0KA1USIHF,试点地区搜索
城关区吉日街道办事处卫生服务中心,其他,团结路与夺底南路交叉口东南260米,,,09:30-13:00 15:30-18:00,91.143190,29.659867,拉萨市,城关区,B0FFLBJJW1,试点地区搜索
娘热街道卫生院,其他,娘热路70号,13889016933,,09:30-18:00,91.119622,29.697695,拉萨市,城关区,B037B0OASW,试点地区搜索
羊达街道卫生服务中心,其他,羊达村委会西北侧,,,,90.952594,29.662990,拉萨市,堆龙德庆区,B0H2AU62PN,试点地区搜索
拉萨市人民医院主院区,其他,北京中路1号,,,,91.142123,29.652731,拉萨市,城关区,B037B00887,试点地区搜索
西藏自治区人民医院健康体检中心,其他,林廓北路18号西藏自治区人民医院,,,,91.128335,29.657610,拉萨市,城关区,B037B0OOWS,试点地区搜索
西藏自治区人民医院,其他,林廓北路18号,0891-6371462;0891-6371626,,09:00-21:00,91.127083,29.656341,拉萨市,城关区,B0FFFX8HQY,试点地区搜索
拉萨市人民医院主院区急诊中心,其他,北京中路1号拉萨市人民医院主院区,,,,91.142140,29.652334,拉萨市,城关区,B037B0OQGG,试点地区搜索
中国人民武装警察部队西藏自治区总队医院,其他,色拉路77号,,,,91.132937,29.672546,拉萨市,城关区,B0FFHG0OBR,试点地区搜索
拉萨市人民医院主院区第一住院部,其他,北京中路1号拉萨市人民医院主院区,,,,91.142415,29.652658,拉萨市,城关区,B037B0OOWC,试点地区搜索
拉萨广升医院,其他,藏热南路1号,18089980511,,09:30-20:30,91.155620,29.656209,拉萨市,城关区,B037B0OK52,试点地区搜索
西藏现代医院,其他,北京中路63号,15608983165,,24小时营业,91.101503,29.656032,拉萨市,城关区,B0FFM4KQUH,试点地区搜索
西藏自治区医院,其他,拉贡大道72号,,,,90.991339,29.611968,拉萨市,堆龙德庆区,B0IDHRUCJ6,试点地区搜索
西藏自治区第二人民医院,其他,金珠西路119号,,,09:00-21:00,91.061247,29.642119,拉萨市,城关区,B037B0023C,试点地区搜索
拉萨市人民医院(新院区),其他,蔡公堂乡书山路7号,,,,91.237841,29.650679,拉萨市,城关区,B0GRLMKQ1Y,试点地区搜索
西藏军区总医院,其他,娘热北路北150米,0891-6858120,,09:30-18:30,91.126580,29.697084,拉萨市,城关区,B0FFG7P3HF,试点地区搜索
拉萨市人民医院主院区门诊楼,其他,北京东路拉萨市人民医院,,,,91.141551,29.652436,拉萨市,城关区,B037B0OQI1,试点地区搜索
拉萨阳光医院,其他,夺底北路42号(慈松塘路口),,,,91.146766,29.676812,拉萨市,城关区,B0FFJH4838,试点地区搜索
西藏阜康医院,其他,林廓北路14号,0891-6321120;0891-6371666,,24小时营业,91.124240,29.657758,拉萨市,城关区,B037B00C4C,试点地区搜索
西藏阜康医院心脑血管分院,其他,两岛街道波林卡路仙足岛花园小区,,,,91.131185,29.640409,拉萨市,城关区,B0FFFTIO1Y,试点地区搜索
西藏自治区人民医院西藏急救中心,其他,林廓北路18号西藏自治区人民医院,,,,91.126956,29.657706,拉萨市,城关区,B037B029T9,试点地区搜索
五洲医院,其他,娘热乡当热中路21号,0891-6526666,,,91.132399,29.664859,拉萨市,城关区,B0FFH2MMYK,试点地区搜索
西藏自治区人民医院急诊,其他,林廓北路18号西藏自治区人民医院内,0891-6322200,,,91.126982,29.657685,拉萨市,城关区,B037B0OOWQ,试点地区搜索
西藏自治区人民医院健康管理中心,其他,林廓北路与娘热南路交叉口东100米,,,,91.124888,29.658067,拉萨市,城关区,B0L39GQK2K,试点地区搜索
拉萨恒大医院,其他,江苏东路向南1号萨博电脑城对面,0891-6611666,,09:00-24:00,91.150124,29.647095,拉萨市,城关区,B037B0OTLD,试点地区搜索
拉萨厚北医院,其他,太阳岛一路20号,,,,91.110979,29.643337,拉萨市,城关区,B037B0OD16,试点地区搜索
西藏阜康医院健康体检中心,其他,仙足岛生态路6号,0891-6331117,,08:00-11:30,91.131241,29.640581,拉萨市,城关区,B037B0OZNB,试点地区搜索
拉萨市人民医院主院区第三住院部,其他,北京中路1号拉萨市人民医院主院区,,,,91.141705,29.652884,拉萨市,城关区,B0JK9MCSFJ,试点地区搜索
拉萨市人民医院主院区第二住院部,其他,北京中路1号拉萨市人民医院主院区,,,,91.142245,29.653465,拉萨市,城关区,B0JK9MBAKN,试点地区搜索
常曌白玛心理健康科技,心理咨询中心,雪域花园6栋3号,,4.3,,91.027083,29.651943,拉萨市,堆龙德庆区,B0LAUC7Q2T,试点地区搜索
西藏自治区心理学会,其他,江苏路36号,0891-6808221,3.3,,91.147362,29.644904,拉萨市,城关区,B0L3CHJLC2,试点地区搜索
西藏佑宁心理健康中心,心理咨询中心,锦绣天下20栋3单元402,13322501349,3.6,08:00-23:00,91.142301,29.681650,拉萨市,城关区,B0HA373RT9,试点地区搜索
西藏神猴藏医院,其他,小昭寺路17号,0891-6816173,,,91.133275,29.654875,拉萨市,城关区,B037B0OBFD,试点地区搜索
西藏自治区藏医院,其他,娘热南路26号,,,09:00-12:30 15:30-18:30,91.125184,29.662898,拉萨市,城关区,B037B00EB5,试点地区搜索
拉萨康松藏医骨病专科医院,其他,星林南路,0891-6320605,,,91.130991,29.659719,拉萨市,城关区,B037B0OBD0,试点地区搜索
西藏大学附属阜康医院,三甲医院,罗布林卡路与林廓西路交叉口西南80米,,,,91.107822,29.650930,拉萨市,城关区,B0H17A6WE1,试点地区搜索
西藏自治区血液中心,其他,罗堆东路6号,,,,91.087641,29.649627,拉萨市,城关区,B037B00DEA,试点地区搜索
拉萨市反诈骗中心,其他,林廓西路17号,,,24小时营业,91.114213,29.656851,拉萨市,城关区,B0K6MAF25U,试点地区搜索
拉萨市中心,其他,城关区,,,,91.140859,29.645359,拉萨市,城关区,B037B0O9VI,试点地区搜索
西安市精神卫生中心,精神专科医院,康和路666号,029-63609288,,,109.004853,34.172844,西安市,长安区,B0FFG7GJ1U,试点地区搜索
西安市精神卫生中心门诊楼,精神专科医院,康和路666号,,,,109.006571,34.173636,西安市,长安区,B0FFJXRVVN,试点地区搜索
西安市精神卫生中心门诊二部,精神专科医院,航天大道东段与包茂高速交叉点东南角,,,,109.003667,34.173057,西安市,长安区,B0IK9HX7IP,试点地区搜索
西安西康精神康复医院,其他,秦陵街道办砖房北路与108国道交叉路口东北角,,,08:30-17:30,109.234642,34.393222,西安市,临潼区,B0J30UDJ92,试点地区搜索
西安灞桥华安精神康复医院,其他,东城大道与包茂高速交汇处的西北角,15991893211,,24小时营业,109.091412,34.318058,西安市,灞桥区,B0FFI80RWA,试点地区搜索
高陵区精神卫生中心,精神专科医院,旅游大道与高陵西互通交叉口西80米,,,24小时营业,109.042920,34.557779,西安市,高陵区,B0FFGILE2N,试点地区搜索
西安临潼精神病院,其他,秦陵北路121号,,,08:00-17:30,109.243339,34.382342,西安市,临潼区,B0K2D7EIXY,试点地区搜索
鄠邑区精神卫生中心,精神专科医院,鄠邑区Y344(正小路),,,08:00-17:00,108.612814,34.133814,西安市,鄠邑区,B001D09QWA,试点地区搜索
蓝一医院,其他,白羊路1号,,,24小时营业,109.304511,34.175683,西安市,蓝田县,B0K6FZKTJW,试点地区搜索
西安长安启新精神心理医院,其他,杜曲街道东街43号,029-85891638,,08:30-12:00 14:00-17:30,109.008536,34.103924,西安市,长安区,B0K1FUQT4J,试点地区搜索
西安市精神卫生中心行政楼,精神专科医院,西安市精神卫生中心(西柞高速公路),,,,109.002891,34.172527,西安市,长安区,B0FFJ4HGAS,试点地区搜索
西安中际中西医结合脑病医院-精神科,其他,汉城南路旭景新港8号楼1-5层,029-62668106,,08:00-18:00,108.871366,34.262030,西安市,莲湖区,B0GKN441UL,试点地区搜索
西安市精神卫生中心睡眠中心住院楼,精神专科医院,踏青路与杜陵西路交叉口东南140米,,,,109.003195,34.173562,西安市,长安区,B0LUPR508C,试点地区搜索
西安阎良精神病医院,其他,前进东路11号,,,,109.241551,34.667728,西安市,阎良区,B0LD2UPY42,试点地区搜索
阎良区精神卫生防治技术指导中心,其他,前进西路49号,,,,109.230912,34.666562,西安市,阎良区,B001D14MR3,试点地区搜索
朱雀苑小区-北门住院部精神卫生楼,其他,健康西路与朱雀大街南段辅路交叉口西220米,,,,108.936625,34.214375,西安市,雁塔区,B0L1YXER49,试点地区搜索
西安市未央区精神残疾康复中心,其他,西安脑康心理康复医院东门旁,,,09:00-21:00,108.976926,34.354674,西安市,未央区,B0G11REERP,试点地区搜索
西安市精神卫生中心住院楼2号楼,精神专科医院,康和路666号西安市精神卫生中心,,,,109.006789,34.172404,西安市,长安区,B0FFM7ATHU,试点地区搜索
陕西康宁心理咨询(入选陕西省放心医院),心理咨询中心,西七路33号,029-81710531;18682970120,4.8,24小时营业,108.960263,34.273923,西安市,新城区,B0JASH2V0D,试点地区搜索
陕西脑康心理专科医院(未央区精神卫生中心),精神专科医院,秦川路1号,029-86631999;15529363120,4.8,24小时营业,108.976742,34.354746,西安市,未央区,B0FFKDV4TU,试点地区搜索
安肯心理(西京医院店),其他,长乐东路86号(长乐坡地铁站A西北口步行460米),4000520088,4.7,24小时营业,109.022941,34.270498,西安市,新城区,B0HA5RR0XA,试点地区搜索
安肯心理咨询(未央店),心理咨询中心,未央区经济技术开发区未央路与凤城七路十字西南角未央国际第1幢1单元18层11802号,4000520088,4.5,08:00-24:00,108.946375,34.336725,西安市,未央区,B0IKVLHUL0,试点地区搜索
安肯心理咨询(曲江店),心理咨询中心,曲江新区雁翔路创意谷A座909室,4000520088,4.5,08:00-24:00,109.011975,34.213775,西安市,雁塔区,B0I12K5UMM,试点地区搜索
安肯心理咨询(西安高新店),心理咨询中心,沣惠南路16号泰华金贸国际9号楼503室,4000520088,4.5,08:00-24:00,108.885639,34.224173,西安市,雁塔区,B0LBSSSEM1,试点地区搜索
西安康宁心理医院-睡眠诊疗中心,其他,西七路33号,029-87371999,,08:00-17:30,108.960284,34.273746,西安市,新城区,B0KG9C6277,试点地区搜索
中国人民解放军63750部队医院心理健康中心,心理咨询中心,公园南路15号(公园南路地铁站C口步行380米),029-84761466,,08:00-12:00 14:30-18:00,109.006755,34.248226,西安市,新城区,B0LAG7UEMT,试点地区搜索
西安脑康心理康复医院心理咨询,心理咨询中心,红旗东路与秦川北路十字西北角,,4.5,,108.976824,34.354287,西安市,未央区,B0J2RHR8BH,试点地区搜索
圣心安诺心理咨询(西京医院店),心理咨询中心,长乐西路安仁坊小区4区8号楼1903,17791861515,3.8,24小时营业,108.972917,34.267628,西安市,新城区,B0K39U2KE2,试点地区搜索
陕西心之安·心理咨询(省医院店),心理咨询中心,西安医学院第三附属医院北家属院高层一栋2209,19829697885,4.1,08:00-16:00,108.927813,34.243237,西安市,碑林区,B0KUAOCCBO,试点地区搜索
西安中童儿童康复医院,其他,丰登北路中段72号(开远门地铁站D东北口步行460米),17729294701,,08:30-17:30 08:30-17:30,108.894480,34.266577,西安市,莲湖区,B0FFI6TP1R,试点地区搜索
西安鄠邑心理医院,其他,建材路25号,17392283017,4.4,24小时营业,108.616246,34.044404,西安市,鄠邑区,B0J6ASVWDI,试点地区搜索
红会医院阎良院区精神心理科,其他,前进西路49号,029-82182720,,,109.230971,34.666309,西安市,阎良区,B0FFGZU97X,试点地区搜索
西安康宁心理医院-戒酒中心,其他,西七路33号,029-87371999,4.1,08:00-17:30,108.960319,34.273967,西安市,新城区,B0KG9C0BVA,试点地区搜索
陕西中医药大学附属心理医院,三甲医院,秦川路与红旗路交叉口北60米,,,,108.976935,34.354599,西安市,未央区,B0FFL8X3CF,试点地区搜索
西安高新康桥安心医院,其他,新型工业园西部大道2号企业壹号公园8栋,17392577653,4.5,24小时营业,108.872891,34.168608,西安市,长安区,B0L17C93C0,试点地区搜索
西安高新医院临床心理咨询中心,心理咨询中心,团结南路16号西安高新医院,,3.6,08:00-17:00,108.878339,34.229981,西安市,雁塔区,B0IRTDGLVR,试点地区搜索
西安高新医院临床心理科,其他,团结南路16号西安高新医院住院部B 1楼西南角,,,,108.879279,34.229601,西安市,雁塔区,B0GKVO6P12,试点地区搜索
西安附一儿童医院-心理咨询中心,心理咨询中心,阿房路与大寨路交叉口东北100米,,3.8,,108.854775,34.245925,西安市,雁塔区,B0L3M9OQ7L,试点地区搜索
西安高新医院心理咨询与睡眠诊疗中心,心理咨询中心,科技一路67号西安高新医院住院A部17层,029-88332126;17749017176,3.8,08:00-17:00,108.878218,34.229999,西安市,雁塔区,B0JBMU2S2J,试点地区搜索
西安高新医院临床心理科门诊,其他,科技一路67号西安高新医院综合楼三楼,,,,108.878399,34.229719,西安市,雁塔区,B0JUGZBDN6,试点地区搜索
心理评估与治疗部,其他,西太路777号西安国际医学中心医院北区-B楼1层,029-89811922,4.2,08:30-17:30,108.842911,34.146925,西安市,长安区,B0JRHCGUC3,试点地区搜索
圣心安诺(心理咨询中心),心理咨询中心,南关正街88号长安国际中心C1003室,029-88618950,4.3,08:00-22:00,108.945766,34.247870,西安市,碑林区,B0HRD7YZNX,试点地区搜索
西安圣心安诺心理咨询机构,心理咨询中心,唐延路北段20号太和时代广场C座506室,029-88618950,4.2,09:00-18:00,108.886873,34.247811,西安市,莲湖区,B0GRNS7U0N,试点地区搜索
西安弗洛伊德心理咨询中心,心理咨询中心,未央区经济技术开发区常青二路德宜国际中心B座1201,029-86103619,4.2,09:00-18:00,108.947952,34.331988,西安市,未央区,B0G0XH1RAK,试点地区搜索
大唐幸福馆,其他,长安中路111号嘉汇大厦四楼,18192837785,4.3,09:00-18:00,108.947136,34.220047,西安市,雁塔区,B0LDS71JU9,试点地区搜索
海尔森心理(东郊益田校区),其他,长乐西路166号益田假日世界购物中心2层43号,029-82510362,4.1,09:00-21:00,108.973747,34.268973,西安市,新城区,B0KDVPPQVG,试点地区搜索
西安拉米数字医疗科技有限公司,其他,朝阳国际广场C座1311西安拉米临床心理诊所,029-82698088;18192783660,4.7,09:00-18:00,108.974311,34.269376,西安市,新城区,B0KRAD770D,试点地区搜索
西安合一心理健康咨询有限公司,心理咨询中心,火炬路4号楼2层C区218室,029-82681253,4.2,09:00-18:00,109.003477,34.244802,西安市,碑林区,B0FFHRAU43,试点地区搜索
圣心安诺心理咨询(莱安中心店),心理咨询中心,雁展路1111号莱安中心5幢10702室,17791861515,4.3,09:00-18:00,108.950475,34.198375,西安市,雁塔区,B0L1S5Q6MI,试点地区搜索
圣心安诺心理咨询(首座大厦店),心理咨询中心,龙首村老三届首座大厦2016-X736室,17791861515,3.8,09:00-18:00,108.946618,34.294728,西安市,未央区,B0LG2DDWX9,试点地区搜索
艾禾芯心理咨询,心理咨询中心,南三环南飞鸿广场,18629631580,3.6,09:00-20:00,108.940364,34.186073,西安市,雁塔区,B0FFKW02CB,试点地区搜索
金点心理咨询室,心理咨询中心,唐延路与科技七路交汇处万达广场1号楼2404室,17792535755,3.8,24小时营业,108.891167,34.208778,西安市,雁塔区,B0KULM9GNO,试点地区搜索
圣心安诺心理咨询中心(曲江店),心理咨询中心,曲江新区雁塔南路金辉环球中心C座1710室,17791861515,3.8,24小时营业,108.966322,34.180653,西安市,雁塔区,B0G1ZA4NEG,试点地区搜索
西安晨红沙盘心理咨询,心理咨询中心,赛高国际B座501,18092921979,3.8,08:30-21:30,108.946405,34.315946,西安市,未央区,B0ID6ZYWFI,试点地区搜索
好心情心理咨询,心理咨询中心,城南路东段336号珠江时代广场,,3.9,09:00-18:00,108.948708,34.249364,西安市,碑林区,B0LDDUGJHC,试点地区搜索
圣心安诺心理咨询中心(万达店),心理咨询中心,雁塔区高新区科技三路万科金域国际C栋1110室C113号,17791861515,3.9,09:00-18:00,108.894001,34.220352,西安市,雁塔区,B0KATSKNFO,试点地区搜索
好心情心理中心(西安珠江时代广场店),其他,环城南路东段336号2幢11010室,029-85246326,4.0,09:00-21:00,108.949399,34.248462,西安市,碑林区,B0ID77KR80,试点地区搜索
舍予身心疗愈驿站,其他,龙湖香醍国际北区31栋舍予身心疗愈驿站,18092411435,4.0,09:00-12:00 14:00-19:00,109.037037,34.266081,西安市,灞桥区,B0J12RYD2H,试点地区搜索
西安肤康皮肤病医院,其他,西大街330号安定广场,17791428303,,08:00-23:00,108.925945,34.258493,西安市,莲湖区,B0GUU6YO4P,试点地区搜索
西安白癜风牛皮癣中医皮肤病医院,其他,西大街330号(桥梓口地铁站B口步行350米),17791428303,,08:00-18:00,108.926011,34.258506,西安市,莲湖区,B0LD1LMST6,试点地区搜索
西安国际医学中心医院神经慢病医院,综合医院,国际医学中心医院北院区B楼3-6层,029-89811881,,24小时营业,108.843189,34.146745,西安市,长安区,B0JUFCUJDT,试点地区搜索
安贞精神病人托养院,其他,北三街8号,,,,108.790405,34.049093,西安市,长安区,B0LAHSA0XK,试点地区搜索
韦曲街道中心卫生院-精神科,其他,兴国小学南门旁,,,,108.948522,34.145519,西安市,长安区,B0FFGCTMA6,试点地区搜索
西安医学院附属精神卫生中心急诊,精神专科医院,西安市精神卫生中心(航天大道南),,,,109.006761,34.173677,西安市,长安区,B0FFJXS42Z,试点地区搜索
西安市北方医院神经内二科,其他,长乐中路170号西安市北方医院内,,,,109.003793,34.268182,西安市,新城区,B0LUZUTECU,试点地区搜索
国际医学康复医院神经慢病医院门诊,其他,振业路与西太路交叉口南120米,,,,108.842144,34.146953,西安市,长安区,B0L35LEWQG,试点地区搜索
心港湾心身医学-儿童青少年心理健康指导中心,心理咨询中心,唐延北路20号太和时代广场D座3楼302室,18182582725,4.5,08:30-17:30,108.887507,34.247782,西安市,莲湖区,B0LRVUKT0F,试点地区搜索
西安心沁源心理咨询中心,心理咨询中心,南稍门十字东北角泛美大厦B座2405号,029-87889380;18691886773,3.5,08:00-22:00,108.947494,34.241596,西安市,碑林区,B001D08ED9,试点地区搜索
钰麟儿童青少年心理成长中心,其他,沣惠南路2号天地源·杰座公寓706,18691958766,3.7,09:30-19:30,108.886118,34.236681,西安市,雁塔区,B0KB9C6EPD,试点地区搜索
陕西新爱心理服务中心,其他,振兴路89号交通新苑2号楼2单元十楼,029-85417397,3.6,10:00-22:00,108.943640,34.247998,西安市,碑林区,B0FFHTUURT,试点地区搜索
曼荼罗心理咨询中心·龙首原站点,心理咨询中心,拾翠路228号一楼,17782632904,3.6,09:00-19:00,108.955282,34.294782,西安市,新城区,B0K6N57I77,试点地区搜索
正康心理咨询中心,心理咨询中心,南二环东段21号付1号,029-82289789;15389072880,4.2,08:30-22:00,108.987698,34.239927,西安市,碑林区,B0JR25JQDE,试点地区搜索
星河屋心理陪伴中心,其他,正尚国际广场A座1301室,17392715860,3.2,09:00-19:30,108.949337,34.339815,西安市,未央区,B0JAFALUX5,试点地区搜索
西安市雁塔区中小学生心理健康工作指导中心,心理咨询中心,翠华路与小寨东路交叉口南200米,,,,108.956743,34.220932,西安市,雁塔区,B0L0PU1IQC,试点地区搜索
安冉心理咨询中心,心理咨询中心,旭辉公园大道4号楼105室,,3.9,09:00-17:00,109.009299,34.331647,西安市,未央区,B0LR59BU5F,试点地区搜索
观心实验室·心理咨询(西安店),心理咨询中心,境商未来中心19楼1911室,18710567156,4.1,10:00-20:00,108.890676,34.193227,西安市,雁塔区,B0L3DR5QD6,试点地区搜索
安肯心理咨询,心理咨询中心,金辉环球中心写字楼C座西侧底商,,3.6,,108.966207,34.180597,西安市,雁塔区,B0KUDZ48YN,试点地区搜索
陕西森悦丰心理咨询中心,心理咨询中心,延兴门西路755号交大南洋时代A座18层21号,13720495038;15991380889,3.9,09:00-18:00,109.002947,34.227841,西安市,雁塔区,B0L1RUBG3J,试点地区搜索
心遇心缘咨询中心,其他,东仪路姜溪花都名都区2500,,2.9,,108.926322,34.181765,西安市,雁塔区,B0L3CSJ0GO,试点地区搜索
满目星河儿童干预中心(西安莲湖中心),其他,都府大厦西门旁(桥梓口地铁站A口步行90米),,,,108.930075,34.260041,西安市,莲湖区,B0L0GH3NOI,试点地区搜索
ETA儿童早期干预矫治中心,其他,科技六路与白沙路交叉口西140米,,,,108.900484,34.211399,西安市,雁塔区,B0L3H79IXA,试点地区搜索
小凡星儿童康复中心(自闭症孤独症多动症),其他,理工大地铁口孟村小区南门对面3层,18729332717,,09:00-22:00,109.000559,34.217397,西安市,雁塔区,B0KD55Q2II,试点地区搜索
兰州市精神康复医院,其他,八里窑镇336号,0931-2682215,,,103.808803,36.033254,兰州市,七里河区,B03A30YJ41,试点地区搜索
兰州新区精神卫生中心,精神专科医院,职教园区九龙江街500号,0931-8259876,,24小时营业,103.755902,36.545163,兰州市,皋兰县,B0H32U4THW,试点地区搜索
兰州脑康精神卫生中心,精神专科医院,雁北路2726号,,,08:00-18:00,103.866538,36.073664,兰州市,城关区,B0FFLIZK38,试点地区搜索
兰州市精神康复医院(华林路),其他,华林路331号,,,,103.802316,36.048409,兰州市,七里河区,B03A303FF3,试点地区搜索
兰州新生命心理咨询中心,心理咨询中心,公园路129号长业大厦7层10号,17797640569,3.8,09:00-17:00,103.629434,36.091839,兰州市,西固区,B03A30ZRIA,试点地区搜索
甘肃省人民医院心理健康中心,心理咨询中心,东岗西路216-278号,,3.7,09:00-21:00,103.865809,36.048797,兰州市,城关区,B0KKYUET65,试点地区搜索
甘肃省第二人民医院,其他,和政路131号,0931-4921888,,08:00-17:30,103.837623,36.040614,兰州市,城关区,B03A30APUL,试点地区搜索
兰州市第三人民医院,其他,建兰新村130号,0931-2861499;0931-2861512,,08:30-12:00 13:00-16:45,103.739061,36.045985,兰州市,七里河区,B03A305105,试点地区搜索
兰州中西医结合医院-精神心理科,其他,永昌中路与金塔巷交叉口西南20米,0931-8489078,,,103.819941,36.055671,兰州市,城关区,B0L3AOYWRX,试点地区搜索
兰州脑康中医院心理科,其他,雁北路2726号,,,,103.866525,36.073686,兰州市,城关区,B0KDF797YG,试点地区搜索
甘肃大拿心理咨询有限公司,心理咨询中心,任家庄街135号,18194293494,4.0,09:30-21:30,103.763450,36.071653,兰州市,七里河区,B0KG7H1VTM,试点地区搜索
画心舟心理咨询疗愈中心,心理咨询中心,甘南路中广金色家园5单元1702室,13893264287,3.8,09:30-17:00,103.853487,36.048489,兰州市,城关区,B0HAPSSWFK,试点地区搜索
NDR原上草心理咨询中心,心理咨询中心,甘南路476号宏运大厦0705室,17797650386;17797656533,3.9,24小时营业,103.837911,36.048358,兰州市,城关区,B0JG1CFYK3,试点地区搜索
乐知(甘肃)心理咨询有限公司,心理咨询中心,张掖路东丽大厦B座15FB15F8室,13309310129,3.7,09:00-22:00,103.822122,36.059651,兰州市,城关区,B0KRS7L8W5,试点地区搜索
兰州原上草心理咨询服务培训中心,心理咨询中心,甘南路与小沟头交叉口东180米,17797650386;17797656533,3.8,24小时营业,103.837888,36.048336,兰州市,城关区,B0LB6HAXM6,试点地区搜索
福绿阁张子涯,其他,草场街街道安乐村63号临街店铺,,3.8,09:00-20:00,103.833357,36.070401,兰州市,城关区,B0KAAUAJT4,试点地区搜索
甘肃方舟心圆心理咨询科技有限公司,心理咨询中心,中山路瑞泰恒居1805室,18919979428,4.0,08:00-21:00,103.816786,36.057513,兰州市,城关区,B0HK1UA6U4,试点地区搜索
甘肃三人行之心理咨询有限公司,心理咨询中心,通达街1号,13893346864,3.8,09:00-21:00,103.706605,36.088745,兰州市,安宁区,B0LUDM7IZ6,试点地区搜索
兰州市脑康心理咨询中心,心理咨询中心,雁北路2726号2层003室,15343625153,3.7,08:00-18:00,103.866539,36.073642,兰州市,城关区,B0LDP51DG8,试点地区搜索
兰州西京失眠抑郁康复中心,其他,西站东路27号,0931-5100836,4.1,08:00-20:00,103.771825,36.066075,兰州市,七里河区,B0LUGAG3NR,试点地区搜索
嘉术心理咨询,心理咨询中心,武都路与华亭街交叉口南80米,,,,103.837875,36.055625,兰州市,城关区,B0L1492N6N,试点地区搜索
德南慧舍心理咨询中心,心理咨询中心,庆阳路53号兴隆大厦A座16楼16A1,13919394141,3.5,09:00-20:00,103.835225,36.054281,兰州市,城关区,B0KGOU9LA5,试点地区搜索
守望者心理,其他,中广大厦怡园605(省政府地铁站A口步行490米),13309401131;17797680027,2.9,09:00-18:00,103.831317,36.058706,兰州市,城关区,B0FFI45ID3,试点地区搜索
水木智汇心理咨询服务机构,心理咨询中心,西津东路与建工西街交叉口西北20米,,0.3,,103.780627,36.066785,兰州市,七里河区,B0LR5GA6GT,试点地区搜索
易经CH心理咨询室,心理咨询中心,金城中心W2栋7层717,,3.4,10:00-16:00,103.641005,36.095761,兰州市,西固区,B0JDXUJDJH,试点地区搜索
兰州心语心苑心理咨询机构(西站店),心理咨询中心,建工西街与西津东路交叉口东南60米,,1.6,,103.781175,36.066075,兰州市,七里河区,B0LRCZFIFW,试点地区搜索
兰州城市学院心理咨询与辅导中心,心理咨询中心,兰州城市学院培黎校区,,3.3,,103.743364,36.103903,兰州市,安宁区,B0FFL0EZQX,试点地区搜索
兰州欣雨星儿童心理发展中心,其他,段家滩路108-1商务中心3层,,,08:00-18:00,103.893707,36.046513,兰州市,城关区,B0FFJ4HTU9,试点地区搜索
甘肃省心理干预志愿服务中心,其他,房地产大厦25楼2510,18894028132,3.7,08:00-17:30,103.824473,36.059754,兰州市,城关区,B0JRCC6LJQ,试点地区搜索
兰州市青少年法治教育心理干预基地,其他,兰州市检察院雁滩住宅小区南门西北100米,,3.7,,103.869067,36.056579,兰州市,城关区,B0FFKTDSKR,试点地区搜索
大通康瑞精神专科医院,其他,残疾人联合会西北侧110米,17697759333,,24小时营业,101.707262,36.957028,西宁市,大通回族土族自治县,B0LA2M4OV8,试点地区搜索
青海省精神卫生防治院,其他,青海省第三人民医院东南门旁,,,,101.809348,36.597682,西宁市,城东区,B0FFJUPJ9G,试点地区搜索
西宁宏明康医院精神心理科,其他,共和路351号,15330216117,,,101.795825,36.607474,西宁市,城东区,B0LDHHSQCX,试点地区搜索
西宁北康心理咨询中心,心理咨询中心,宁张路109号-3,17730907761,4.3,24小时营业,101.755844,36.679312,西宁市,城北区,B0FFIPT4DU,试点地区搜索
青海省心理咨询中心,心理咨询中心,青海省第三人民医院东北门旁,,4.0,,101.810341,36.598836,西宁市,城东区,B0FFI7FVLE,试点地区搜索
挚爱佳缘婚介情感咨询中心,其他,唐道637唐府公寓c座7A楼层10712A室,17697170703,3.7,,101.717959,36.643959,西宁市,城西区,B0KKZ5TJSY,试点地区搜索
未斓心理·解忧空间(西宁店),其他,西关大街89号商住楼2楼西1室,,3.5,,101.739681,36.634004,西宁市,城西区,B0LD35KLX6,试点地区搜索
青海沐光心理咨询有限公司,心理咨询中心,恒利大厦一号楼809,13484820561,3.4,09:00-18:00,101.755959,36.663367,西宁市,城北区,B0K0ASTEOX,试点地区搜索
青海舒帆心理咨询中心(万达广场店),心理咨询中心,万达广场soho1号楼六楼,,3.9,10:00-22:00,101.716182,36.643684,西宁市,城西区,B0KGZH30G6,试点地区搜索
青海西宁爱屿心理咨询工作室,心理咨询中心,宁张路54号6号楼54-44号,,3.4,,101.758236,36.685077,西宁市,城北区,B0L3XZ1BXO,试点地区搜索
青海省心理咨询师协会,心理咨询中心,苏商大厦B座14层,,3.2,,101.710842,36.644679,西宁市,城西区,B0FFKE8ZRS,试点地区搜索
青海缘杰心理咨询服务有限公司,心理咨询中心,华祥大厦,,3.5,,101.719080,36.640583,西宁市,城西区,B0KALU9DTG,试点地区搜索
青海易心临床心理门诊部有限公司,其他,解放路与北大街交叉口西40米,,3.4,,101.783287,36.623083,西宁市,城中区,B0KANU393L,试点地区搜索
西宁市未成年人校外心理健康教育指导中心,心理咨询中心,马坊街道,,,,101.729665,36.650779,西宁市,城北区,B0FFI7A0R5,试点地区搜索
西宁悦然心理咨询中心,心理咨询中心,建国南路66号新千国际广场14号楼2楼1室,18999161152,3.6,,101.795818,36.607830,西宁市,城东区,B0LDV77PSP,试点地区搜索
青海省血液中心,其他,城北区永年街 3 号,0971-8228258;0971-8290020,,09:00-17:00,101.738246,36.729690,西宁市,城北区,B0H6G5Z1FK,试点地区搜索
手机贸易中心,其他,文汇路街道同盛路6号6-96,,3.7,09:30-23:00,101.714357,36.640787,西宁市,城西区,B0KDTU8844,试点地区搜索
手机快修中心,其他,东大街与莫家街交叉口东南40米,,3.9,09:00-22:00,101.787081,36.620280,西宁市,城中区,B0G12RM3Z8,试点地区搜索
宁夏回族自治区宁安医院,其他,金波南街236号,0951-2160720,,,106.149407,38.465251,银川市,西夏区,B0FFG0GSOG,试点地区搜索
银川心晴精神专科医院,其他,良田渠街与金瑞路西南角银川车管所配套商务服务区内3号楼,,,09:00-12:00 13:00-05:00,106.173724,38.443135,银川市,金凤区,B0HK5RN2WA,试点地区搜索
精益达精神康复医院,其他,106县道与贺丰公路交叉口南460米,,,,106.299560,38.546987,银川市,贺兰县,B0G2SPKEOP,试点地区搜索
银川鸿慈精神专科医院,其他,宁丰街辅路(和锦城西门),0951-5960000,,,106.271110,38.283099,银川市,永宁县,B0H6T75JSK,试点地区搜索
银川济民医院·精神心理康复中心,其他,康民小区20号楼,18595123803,4.3,08:00-18:00,106.290006,38.455243,银川市,兴庆区,B0K3GZ8SVH,试点地区搜索
宁夏回族自治区宁安医院精神疾病鉴定中心,其他,金波南街236号宁夏回族自治区宁安医院,,,,106.149005,38.464699,银川市,西夏区,B0FFK02V2Y,试点地区搜索
宁夏精神卫生中心,精神专科医院,金波南街与济民路交汇处,,,,106.338852,38.108115,银川市,灵武市,B03B703CAY,试点地区搜索
宁夏民政厅民康医院心理门诊,其他,黄河东路878号,0951-5011229,,,106.249407,38.471717,银川市,金凤区,B03B70Q6KZ,试点地区搜索
宁夏医科大学总医院心理卫生中心,三甲医院,胜利街宁夏医科大学总医院,,,,106.278771,38.435909,银川市,兴庆区,B0G33UYJLT,试点地区搜索
宁夏公安厅安康医院心理门诊,其他,凤台路与正源南街交叉口西60米,,,,106.244168,38.456437,银川市,金凤区,B0G3ZSQ823,试点地区搜索
悦然心理咨询工作室,心理咨询中心,景明路68号,15378924223,4.0,24小时营业,106.290068,38.455196,银川市,兴庆区,B0LGZUW1OQ,试点地区搜索
沛其心理(光明广场店),其他,文化西街65号欧美思集团院内101室,17711892788,3.8,09:00-17:00,106.272492,38.470052,银川市,兴庆区,B0J6Y19SKR,试点地区搜索
宁夏哲思心理咨询服务有限公司,心理咨询中心,德丰大厦42层4212室,18152485507,3.4,,106.229105,38.481443,银川市,金凤区,B0JRVZL5SB,试点地区搜索
全春心理咨询,心理咨询中心,清和南街320号心理情绪亲子关系家庭教育爱情婚姻,18809518798,3.7,09:00-21:00,106.287212,38.455120,银川市,兴庆区,B0KK2R67MZ,试点地区搜索
创享心理,其他,川丰巷与满城南街交叉口西南40米,13007975568;13801629580;15121871296;18295688297,4.3,09:00-17:20,106.196342,38.482475,银川市,金凤区,B0LRLRO9HN,试点地区搜索
爱维肯心理中心,其他,亘元财富汇南门西侧A-111,18995095896,4.0,09:00-21:00,106.310854,38.527803,银川市,贺兰县,B0IBH5EZQC,试点地区搜索
闫鑫心理工作室,其他,正源北街建发大阅城9号公寓2705室,17395143319,3.7,08:00-23:00,106.257771,38.512366,银川市,金凤区,B0FFKRYJEV,试点地区搜索
笃行心理咨询中心,心理咨询中心,长城中路83号2层210,13209555616,3.9,,106.250233,38.461169,银川市,金凤区,B0H1NR9XNW,试点地区搜索
银川市心理咨询师协会,心理咨询中心,文化西路17号,,4.2,08:30-18:00,106.275142,38.469353,银川市,兴庆区,B0KUX53NB3,试点地区搜索
青禾青少年心理咨询,心理咨询中心,鹿先生的洋房春熙苑14号楼103号,15729571805;17795159289,4.1,,106.311911,38.477117,银川市,兴庆区,B0K2G7NLTR,试点地区搜索
和悦心语,其他,金凤区文化城伍区贰栋116,18095138805,3.3,,106.203403,38.486297,银川市,金凤区,B0LBZMKWH1,试点地区搜索
聊心心理咨询中心,心理咨询中心,德源街与贺兰山东路交叉口东260米,,4.0,,106.321164,38.507391,银川市,兴庆区,B0J225YYNU,试点地区搜索
宁夏心理咨询师协会,心理咨询中心,燕庆街219号,,3.4,,106.334480,38.459329,银川市,兴庆区,B0JAYCI0AD,试点地区搜索
王峰心理咨询室,心理咨询中心,人民路129号,,3.3,,106.337735,38.094178,银川市,灵武市,B0JDFROUYN,试点地区搜索
子盈心理工作室,其他,嘉屋文宸府30号楼1层05室,,3.6,,106.120441,38.482654,银川市,西夏区,B0LUCZSVX8,试点地区搜索
信义公益社会工作心理咨询室,心理咨询中心,黄河东路与尹家渠南街交叉口西100米,,2.9,,106.240511,38.473266,银川市,金凤区,B0LR37EF7K,试点地区搜索
苏东坡心理咨询,心理咨询中心,富力城A座,,3.0,,106.276725,38.460475,银川市,兴庆区,B0L356D0NU,试点地区搜索
优天赋心理咨询工作室,心理咨询中心,国商北街与国商北路交叉口西北160米,,2.8,,106.317163,38.500794,银川市,兴庆区,B0L1CL6S8Q,试点地区搜索
银川济民医院精神科,其他,景明路68号,0951-7625172;15378924223,,08:00-18:00,106.290100,38.455172,银川市,兴庆区,B0K3NSLA96,试点地区搜索
宁夏血液中心,其他,盈南巷148号,0951-5021239;0951-5021255,,09:00-17:00,106.228862,38.446526,银川市,金凤区,B0FFFYFSB3,试点地区搜索
阅中心,其他,正源北街277号阅彩城,,,,106.255253,38.514470,银川市,金凤区,B0J3T5G9EX,试点地区搜索
中际科创中心,其他,馨和苑南3门旁,,,,106.252016,38.494246,银川市,金凤区,B0JKPSVIVR,试点地区搜索
乌鲁木齐市第四人民医院,其他,碱泉一街1号,0991-2617697;0991-2663490,,,87.643434,43.798361,乌鲁木齐市,天山区,B03DF04345,试点地区搜索
乌鲁木齐市安宁医院,其他,康复路279号,0991-7523052;0991-7524620,,,87.448916,43.934554,乌鲁木齐市,新市区,B03DF0T11R,试点地区搜索
新疆精神卫生中心,精神专科医院,乌市第四人民医院,,,,87.642398,43.798217,乌鲁木齐市,天山区,B0FFIJ9ZKJ,试点地区搜索
新疆精神卫生研究所,其他,乌鲁木齐市第四人民医院南门西120米,,,,87.642828,43.797741,乌鲁木齐市,天山区,B0FFKV6TA9,试点地区搜索
乌鲁木齐药业集团附属医院,其他,昆明路363号第六层,0991-5582222;0991-6636666;13325563820,4.6,10:00-19:00,87.572965,43.859169,乌鲁木齐市,新市区,B0FFIDAKP6,试点地区搜索
沙依巴克区炉院街悦然心理咨询中心,心理咨询中心,炉院街333号盛世嘉业国际商贸城地王鞋都6层H1088商铺,13325563820,3.8,10:00-19:00,87.590719,43.774271,乌鲁木齐市,沙依巴克区,B0KKDC4MHB,试点地区搜索
幸福时光心理咨询中心,心理咨询中心,华联大厦B座10楼10-D,13899921955,4.1,11:00-20:00,87.558139,43.877962,乌鲁木齐市,新市区,B0L6BAYYRZ,试点地区搜索
泰能心理,其他,扬子江路155号三雄大厦7楼,0991-2336280,4.2,,87.597631,43.799951,乌鲁木齐市,沙依巴克区,B0FFFC3L7H,试点地区搜索
欢疏心理咨询,心理咨询中心,171m-喀纳斯湖北路476号,18097766773,3.9,10:00-22:00,87.489901,43.839275,乌鲁木齐市,沙依巴克区,B0H2HSJIPW,试点地区搜索
新疆爱的探戈心理咨询有限公司,心理咨询中心,红山路26号CCMall时代广场C座12J,13548185183,3.8,11:00-21:00,87.608464,43.804533,乌鲁木齐市,天山区,B0JUGZ91YN,试点地区搜索
畅语心理服务中心,其他,苏州东路568号金邦公寓大厦1509室,,3.5,10:00-19:30,87.576168,43.860603,乌鲁木齐市,新市区,B0LDAHFXOX,试点地区搜索
新疆静怡心理咨询服务有限公司,心理咨询中心,北京南路26号,0991-8759556;0991-8789556,4.4,10:00-19:00,87.575934,43.838848,乌鲁木齐市,新市区,B0FFFDO964,试点地区搜索
唐努尔心理咨询中心,心理咨询中心,三屯碑路477号,,4.1,,87.618560,43.757220,乌鲁木齐市,天山区,B0JDPUXAZI,试点地区搜索
新疆智慧心理咨询管理有限公司,心理咨询中心,美仑环球港五号楼2012室,18119173117,4.0,10:00-20:00,87.589254,43.862795,乌鲁木齐市,新市区,B0FFLPNGMI,试点地区搜索
新疆善护念心理咨询工作室,心理咨询中心,友好南路296号桥北小区2号楼4单元203室,17799252356,3.8,10:00-21:00,87.594623,43.811802,乌鲁木齐市,沙依巴克区,B0IKRMGL7M,试点地区搜索
恩典心理咨询公司,心理咨询中心,友好北路442号地质北院3号楼2单元1-0204,18999125915,3.9,10:00-19:00,87.589777,43.827067,乌鲁木齐市,沙依巴克区,B0GKHC0MHV,试点地区搜索
云雀心理咨询工作室,心理咨询中心,鲤鱼山北路88号金域华府二期11号底商公寓414室,18999111952,4.0,10:30-19:00,87.598405,43.878716,乌鲁木齐市,新市区,B0J3Z9ZEAW,试点地区搜索
蔓薇康悦心理咨询服务部,心理咨询中心,克西街北晟商业广场公寓楼1807室,17799128453,3.3,12:00-21:00,87.556268,43.816640,乌鲁木齐市,沙依巴克区,B0KBKUBHGR,试点地区搜索
心愈见心理咨询,心理咨询中心,河北路果岭新天地A座1202,,4.0,09:00-22:00,87.571618,43.885262,乌鲁木齐市,新市区,B0LDUUHEFN,试点地区搜索
YARP心理咨询中心,心理咨询中心,大湾南路229号万科翡翠金街216室YARP心理咨询中心,17799247115,4.1,11:00-19:00,87.630535,43.758864,乌鲁木齐市,天山区,B0KUOUQ42T,试点地区搜索
悦果心理咨询有限公司,心理咨询中心,碱泉二街6号,13201240612,4.0,11:00-20:00,87.641537,43.799815,乌鲁木齐市,天山区,B0KDPC6HYI,试点地区搜索
新疆我心飞翔心理咨询有限责任公司,心理咨询中心,长春中路城建大厦1610室,0991-6618315;18099626566,3.8,10:00-19:30,87.581425,43.879875,乌鲁木齐市,新市区,B0G2BM6TUA,试点地区搜索
高知桥儿童青少年心理成长规划咨询中心,其他,天章大厦26层2613,13579986943;18690998638,3.6,10:30-21:00,87.595137,43.808926,乌鲁木齐市,沙依巴克区,B0LRHM7DV5,试点地区搜索
爱知道心理咨询工作室,心理咨询中心,延安路132号瑞达公寓楼1706,18599014618,3.3,09:00-21:00,87.625866,43.767857,乌鲁木齐市,天山区,B0KUL1FCY4,试点地区搜索
泰能心理咨询中心,心理咨询中心,扬子江路113号,0991-2336280,4.1,,87.598208,43.800597,乌鲁木齐市,沙依巴克区,B0LUF73NXP,试点地区搜索
林荫椅心理咨询中心,心理咨询中心,东后街76号,0991-8888067,4.0,,87.637703,43.798760,乌鲁木齐市,天山区,B0FFGZJXWY,试点地区搜索
沐易杨心理咨询服务(新疆)有限公司,心理咨询中心,龙盛街2755号凯盈广场A座综合楼办公1936室,,3.8,09:00-21:00,87.628450,43.864258,乌鲁木齐市,水磨沟区,B0LUYAUXUF,试点地区搜索
深睡小屋乌鲁木齐睡眠中心,其他,碱泉二街80号和瑞悦府西门外铺底商4-101号深睡小屋,13289914368,3.9,,87.641817,43.799031,乌鲁木齐市,天山区,B0L34SF7LU,试点地区搜索
悦心屋心理健康咨询服务有限公司,心理咨询中心,扬子江路公园北街190号B座,,3.4,11:00-22:00,87.600401,43.795736,乌鲁木齐市,沙依巴克区,B0K6BZCB62,试点地区搜索
乌鲁木齐明德医院-精神科,其他,解放北路与明德路交叉口西北40米,,,,87.620493,43.792405,乌鲁木齐市,天山区,B0L3ZZZS5E,试点地区搜索
新疆乾德意象对话研究中心,其他,澳龙广场B座2104,,3.3,,87.579920,43.882460,乌鲁木齐市,新市区,B0K3O5RT1C,试点地区搜索
天山区青少年校外心理健康指导中心,心理咨询中心,中桥一巷与中山路交叉口北60米,,3.8,,87.610396,43.794804,乌鲁木齐市,天山区,B0FFKULNQ9,试点地区搜索
新疆大学大学生心理健康教育与心理咨询中心,心理咨询中心,胜利路666号,,3.7,,87.615780,43.766061,乌鲁木齐市,天山区,B0FFG6C3I7,试点地区搜索
智星园特殊儿童教育康复中心,其他,米东南路西一巷620号华旗龙湾小区1号楼,13369681213,,,87.608482,43.910169,乌鲁木齐市,米东区,B0FFLED4QS,试点地区搜索
常熟市第三人民医院,其他,富仓路8号,0512-52835792,,,120.785265,31.625981,苏州市,常熟市,B02000K5MD,试点地区搜索
昆山市精神卫生中心,精神专科医院,巴城镇祖冲之路2139号,0512-57651285,,08:30-11:30 13:00-16:30,120.886358,31.443569,苏州市,昆山市,B0FFH1UOAW,试点地区搜索
太仓市第三人民医院,其他,东仓南路101号,0512-53572401,,07:45-16:45,121.119035,31.456562,苏州市,太仓市,B02000IBS9,试点地区搜索
吴江区精神康复医院,其他,云龙西路,0512-63491003;0512-63495520,,,120.611758,31.105632,苏州市,吴江区,B0FFF1Z3Y8,试点地区搜索
苏州市精神卫生中心,精神专科医院,广前路11号,17625513389,,08:00-17:00,120.666918,31.392619,苏州市,相城区,B0KDUZAI88,试点地区搜索
苏州市吴中区精神卫生中心,精神专科医院,甪直镇甫西路3号,0512-65014645,,08:30-11:00 13:30-16:30,120.860935,31.271288,苏州市,吴中区,B02001BLUW,试点地区搜索
苏州市心理卫生中心,其他,大庄里路与广前路交叉口东北160米,,4.2,,120.666487,31.393090,苏州市,相城区,B0L6SH585H,试点地区搜索
张家港市精神卫生中心,精神专科医院,张家港市第四人民医院门诊东南侧50米,,,,120.505033,31.847040,苏州市,张家港市,B0FFKXD43E,试点地区搜索
太仓市精神卫生中心,精神专科医院,东仓南路101-2号,,,,121.119389,31.457057,苏州市,太仓市,B0FFKYXYV0,试点地区搜索
昆山市精神卫生中心-住院部,精神专科医院,昆山市第三人民医院(康乐分院),,,,120.886383,31.443855,苏州市,昆山市,B0FFM8R4JL,试点地区搜索
常熟精神卫生中心,精神专科医院,香椿路常熟市第三人民医院,,,,120.785340,31.626899,苏州市,常熟市,B0FFFZR77V,试点地区搜索
吴江区精神康复医院门诊,其他,夏蓉街与五方路交叉口北320米,,,24小时营业,120.612435,31.105351,苏州市,吴江区,B0FFL9W79O,试点地区搜索
苏州市广济医院住院部,其他,广前路11号苏州市广济医院,,,,120.667378,31.393634,苏州市,相城区,B0JKL7477D,试点地区搜索
苏哈医院(精神心理咨询中心),心理咨询中心,省苏州科技城漓江路1号(科技城医院南),13151187698,4.4,08:00-17:00,120.406448,31.347626,苏州市,虎丘区,B0LUP54BCW,试点地区搜索
安肯心理咨询(新区狮山店),心理咨询中心,虎丘区高新区邓尉路9号润捷广场2幢1804室,4000520088,4.5,08:00-24:00,120.568017,31.300515,苏州市,虎丘区,B0I1BCY8ZR,试点地区搜索
安肯心理咨询(苏大附一院店),心理咨询中心,带城桥路101号2层205室,4000520088,4.6,08:00-24:00,120.632588,31.297652,苏州市,姑苏区,B0I1R97POJ,试点地区搜索
安肯心理咨询(园区旗舰店),心理咨询中心,中国(江苏)工业区苏雅路388号新天翔商业广场2幢1908室,4000520088,4.6,08:00-24:00,120.663759,31.316137,苏州市,吴中区,B0IR1KSZL3,试点地区搜索
苏哈国际医疗精神心理健康中心,心理咨询中心,苏州科技城漓江路1号(苏州科技城医院南),0512-66891666,4.6,08:00-17:30,120.406561,31.347491,苏州市,虎丘区,B0JUHU0HFO,试点地区搜索
苏州大学理想眼科医院,其他,干将东路200号,0512-33333333,,24小时营业,120.644371,31.311386,苏州市,姑苏区,B02000K46L,试点地区搜索
苏州金阊医院-精神心理科,其他,南阳里与东海里交叉口东60米,17751210594,4.0,08:00-17:00,120.603456,31.308555,苏州市,姑苏区,B0LUM7H6GN,试点地区搜索
苏州市心理卫生中心(平江中心),其他,人民路3189号(苏州人民商场新平江商业广场三楼),0512-65796011,,09:00-12:00 13:30-18:00,120.613140,31.339607,苏州市,姑苏区,B0K3SAOGW9,试点地区搜索
苏州平江医院-心理咨询中心,心理咨询中心,平川路1166号,,3.8,08:30-11:30 13:30-17:30,120.600701,31.334543,苏州市,姑苏区,B0LUXUK7ZD,试点地区搜索
苏州平江医院精神心理科,其他,平川路与江月路交叉口西180米,,,,120.600651,31.334531,苏州市,姑苏区,B0L17C93B6,试点地区搜索
苏州金阊医院-青少年心理健康门诊,心理咨询中心,东海里与南阳里交叉口东南60米,,3.3,,120.603395,31.308396,苏州市,姑苏区,B0L33S9UBA,试点地区搜索
苏州市广济医院,其他,广前路11号,0512-65331356;0512-65799740,,24小时营业,120.667799,31.392970,苏州市,相城区,B0FFI8VRDI,试点地区搜索
苏州弘德医院,其他,留园街道西园路636号,0512-88886695,,24小时营业,120.573018,31.315858,苏州市,姑苏区,B0KB3D4Y5J,试点地区搜索
苏州市广济医院心理门诊,其他,广前路11号苏州市广济医院,,,,120.666422,31.392794,苏州市,相城区,B0FFLQEKEZ,试点地区搜索
苏州壹星心理·广济精神科健康指导中心,其他,苏州工业园区旺墩路122号1幢901室,18913650386,4.7,09:00-20:00,120.732522,31.321750,苏州市,吴中区,B0K0BHJZQN,试点地区搜索
壹点灵·心理咨询中心(苏州中心店),心理咨询中心,交通银行苏州分行大厦1522室,4000067825,4.3,24小时营业,120.675407,31.314514,苏州市,吴中区,B0KDL5Q6CV,试点地区搜索
苏州优眠医学中心,其他,齐溪街899号4楼,0512-65620120,4.4,08:00-17:00,120.610814,31.345000,苏州市,姑苏区,B0KARCG5P0,试点地区搜索
苏州优眠精神心理咨询中心,心理咨询中心,齐溪街899号锦邻商务广场3幢109室,18013733207,4.3,08:00-11:30 12:30-17:00,120.611260,31.345199,苏州市,姑苏区,B0LUR52EJY,试点地区搜索
苏州好心情心理咨询中心(平江万达店),心理咨询中心,人民路3188号18幢1310室,0512-65167172;18051766180,3.9,09:00-22:00,120.613980,31.342649,苏州市,姑苏区,B0KB75ISRS,试点地区搜索
苏州好心情心理咨询中心,心理咨询中心,人民路3188号19幢703室平江万达,17310689075,4.1,09:00-18:00,120.614176,31.342766,苏州市,姑苏区,B0LUPZ1Z15,试点地区搜索
Crying Cente r,其他,北区B1-31铺,17706208389,3.8,10:00-22:00,120.677600,31.318066,苏州市,吴中区,B0L2YLWFHQ,试点地区搜索
张奇心理诊所,其他,东吴北路66号苏州吴中凤凰文化产业园12层1213室,0512-67862616;17714062616,4.2,09:00-18:00,120.634751,31.267353,苏州市,吴中区,B0LR0SMQYZ,试点地区搜索
心人生心理咨询,心理咨询中心,金匙望湖大厦金座1506,13606134308,3.8,24小时营业,120.718454,31.324538,苏州市,吴中区,B0LUC9UW07,试点地区搜索
苏州启明心理咨询,心理咨询中心,南园北路118号天和大厦3B310室,18013598256,4.0,08:30-17:30,120.636688,31.292271,苏州市,姑苏区,B0FFJ831X6,试点地区搜索
润抒心理咨询(苏州中心店),心理咨询中心,凤凰国际大厦17楼1705室,,3.9,09:00-21:00,120.668178,31.315762,苏州市,吴中区,B0J32CAVEC,试点地区搜索
尚想心理园区部,其他,苏州工业园区嘉瑞巷18号金匙望湖大厦1栋623室,0512-65934330;18015581230,4.0,09:00-17:00,120.717799,31.324386,苏州市,吴中区,B0GUBNM3IZ,试点地区搜索
麦田心理咨询中心,心理咨询中心,龙山路288号绿地瞰湖生活广场办公楼421室,15962139528,3.6,09:00-21:00,120.425279,31.337518,苏州市,虎丘区,B0KBT7ZMRW,试点地区搜索
苏州心理医生咨询中心,其他,苏州高新区青城山路漓江路交叉口西南角101号,13151187698,3.9,24小时营业,120.409852,31.350456,苏州市,虎丘区,B0LUVRFNMY,试点地区搜索
苏州尚想心理昆山中心,其他,昆山虹桥花园603栋,0512-57227102;18151561051,4.0,09:00-17:00,120.938739,31.384274,苏州市,昆山市,B0GRDSEWDT,试点地区搜索
幸福谋方心理咨询(总部),心理咨询中心,体育路508号财智金鹰B2-1317室,0512-69576237;18012671085;4001661085,4.0,08:30-22:00,120.645664,31.144520,苏州市,吴江区,B0FFJP6F1O,试点地区搜索
昆山晓稚心理咨询,心理咨询中心,南街沿街商铺137号,19151719221,3.9,09:30-20:30,120.951822,31.377097,苏州市,昆山市,B0FFJP2TYY,试点地区搜索
馨晴心理咨询中心,心理咨询中心,虞山街道黄河路22号汇丰时代广场4幢1220,0512-52177553;18018166657,3.6,09:00-20:00,120.756204,31.676634,苏州市,常熟市,B0I6TUPR3X,试点地区搜索
尚想心理新区分部,其他,金山路3号爱拍大厦(如优集团)二楼202室,18168181719,4.2,09:00-17:00,120.569315,31.296348,苏州市,虎丘区,B0FFKHD3LU,试点地区搜索
糖果心理咨询工作室,心理咨询中心,花桥镇乘风路158号光华糖果公元422室,13122879049,3.9,09:00-19:00,121.147660,31.287582,苏州市,昆山市,B0FFHQ34IV,试点地区搜索
苏州大学-苏州蓝十字脑科医院神经疾病研究院,其他,元和街道阳澄湖东路1号(夏圩地铁站3号口步行160米),0512-68109999,,08:00-17:00,120.641043,31.365590,苏州市,相城区,B0FFMCUJHD,试点地区搜索
苏州银康银屑病医院,其他,东吴南路153-2号楼(凯越大厦),4001131120,,08:00-17:00 09:00-15:00,120.629309,31.249985,苏州市,吴中区,B0H3G55DIK,试点地区搜索
苏州大学附属第一医院总院精神医学科口腔科营养科,三甲医院,平海路899号苏州大学附属第一医院总院,,,,120.606675,31.344572,苏州市,姑苏区,B0FFH1QPF3,试点地区搜索
太仓市第三人民医院-精神科,其他,东仓南路101号太仓市第三人民医院1层,,,,121.119025,31.456625,苏州市,太仓市,B0FFFOTNZN,试点地区搜索
社会心理服务指导中心,其他,欢乐世界西北2门西90米,0512-58188550,4.4,08:30-16:30,120.541280,31.842328,苏州市,张家港市,B0FFL444T5,试点地区搜索
苏州易禾心理咨询中心,心理咨询中心,东大街240号,0512-65193927,4.2,09:00-17:00,120.618970,31.293988,苏州市,姑苏区,B0200187DB,试点地区搜索
幸福谋方心理咨询(相城店),心理咨询中心,善济路158号(合景峰汇十期四幢一单元19楼近繁花中心),0512-69576237;18106251085;4001661085,4.2,24小时营业,120.605687,31.366071,苏州市,相城区,B0FFLJ498O,试点地区搜索
苏州市感悟心理咨询有限公司,心理咨询中心,苏州工业园区苏州大道东409号苏州国际金融中心T2幢617室,15190550818,3.6,09:30-20:30,120.716394,31.322184,苏州市,吴中区,B0I0U78GGI,试点地区搜索
全息心学智慧心理康养中心,其他,南施街188号金湖湾花园8幢1601,13862625813,2.4,08:30-18:00,120.734326,31.317878,苏州市,吴中区,B0KRBYQQ7F,试点地区搜索
元气心理咨询中心,心理咨询中心,通虹路127号(东门)1F-3F,0512-63349527;18013213271,2.8,09:00-21:00,120.641669,31.154059,苏州市,吴江区,B0HAJU5B2W,试点地区搜索
国沿堂科养管理中心(东安路店),其他,东安路505号2030室,13451972791,3.7,09:00-20:00,120.687019,31.253991,苏州市,吴中区,B0KK4LXDSG,试点地区搜索
昆山青少年心理咨询中心,心理咨询中心,祖冲之南路1699号,13773185477,3.9,09:00-21:00,120.894657,31.404182,苏州市,昆山市,B0K2DHCPWF,试点地区搜索
心晏然(苏州)健康心理咨询服务有限公司,心理咨询中心,虎池路1588号星光耀商务中心四期1-522,18551736312,3.8,09:00-21:00,120.549553,31.354254,苏州市,姑苏区,B0J27HELWU,试点地区搜索
白冰洋心理咨询中心,心理咨询中心,香榭丽大道353号,13817013861,3.6,08:30-22:00,121.103780,31.279958,苏州市,昆山市,B0J1V7A0FK,试点地区搜索
相悦特殊儿童早期干预中心,其他,永方路25号黄桥康复医院,,3.8,,120.586090,31.390088,苏州市,相城区,B0FFI5597C,试点地区搜索
启言星语儿童干预中心,其他,吴中西路111号东吴·乐享汇2F层,,,,120.627063,31.271886,苏州市,吴中区,B0L2MLZ4KR,试点地区搜索
苏州小雏菊儿童语言干预中心,其他,高新路938号邻里广场F4层,18061939808,4.3,,120.641725,31.141401,苏州市,吴江区,B0FFL6COYQ,试点地区搜索
苏州大海星童特需儿童干预中心,其他,太湖西路1188号世贸南广场2栋一楼,13584868919,,,120.597522,31.260969,苏州市,姑苏区,B0H017OEHT,试点地区搜索
常熟市心程特殊儿童早期干预中心,其他,古里镇淼虹路2号,18662224886,4.3,,120.821780,31.662838,苏州市,常熟市,B0J3OZPU5G,试点地区搜索
星星益站儿童早期发展干预中心,其他,现代农业示范园区一干河西路锦绣邻里坊3号楼三层,18662219007,4.3,08:30-19:00,120.559704,31.888250,苏州市,张家港市,B0FFKYJOK2,试点地区搜索
慈溪市第七人民医院,其他,名仕路148号,0574-63819609;0574-63909957,,08:00-16:00,121.349121,30.290794,宁波市,慈溪市,B0FFFSLQHS,试点地区搜索
宁波市民康医院,其他,庄桥街道童家村日兴房11号,0574-88101199,,08:00-16:30,121.571343,29.947142,宁波市,江北区,B0FFKH3C5Y,试点地区搜索
宁波市强制医疗所,其他,中塔路169号,,,,121.400656,29.664961,宁波市,奉化区,B0FFFR11S1,试点地区搜索
宁海县精神康复中心,其他,环城南路1-1深甽镇卫生院内,0574-65285497,,,121.349303,29.409950,宁波市,宁海县,B0KA95MR15,试点地区搜索
宁波市精神卫生中心,精神专科医院,庄俞南路1号,,,,121.621714,29.935166,宁波市,镇海区,B023E15L44,试点地区搜索
余姚市精神卫生保健院,其他,马渚镇斗门村河东157号,,,,121.082995,30.046054,宁波市,余姚市,B0IU25QTED,试点地区搜索
慈溪市第七人民医院住院部,其他,名仕路148号慈溪市第七人民医院,,,,121.348565,30.290727,宁波市,慈溪市,B0K61CRATO,试点地区搜索
宁波大学附属康宁医院,三甲医院,庄俞南路1号(宁波大学附属康宁医院),0574-26251111;0574-26253333,,08:00-12:00 14:00-17:30,121.621662,29.935166,宁波市,镇海区,B023E075R6,试点地区搜索
象山第三人民医院,其他,丹西街道樟树下村,0574-59128805,,08:00-11:45 14:00-17:00,121.896599,29.447806,宁波市,象山县,B0FFFCUZN6,试点地区搜索
宁波市心理咨询治疗中心,心理咨询中心,范江岸路1105号,,4.6,24小时营业,121.516003,29.892702,宁波市,海曙区,B0FFGQ2O3E,试点地区搜索
安肯心理咨询(鄞州二院店),心理咨询中心,锦寓路666号2308室,4000520088,4.6,11:00-20:00,121.555226,29.827991,宁波市,鄞州区,B0J1RBDHSP,试点地区搜索
宁波海曙天一医院(性生理诊疗中心),其他,翠柏路88号,18969804358,,24小时营业,121.533789,29.879935,宁波市,海曙区,B0J3GU03MH,试点地区搜索
慈溪市心理卫生中心,其他,浒山街道解放西街640号,0574-63812298,,,121.236031,30.171182,宁波市,慈溪市,B023E05Q9I,试点地区搜索
宁波海曙天一医院心理科,其他,翠柏路88号(大卿桥地铁站E口步行280米),0574-27912222,4.4,08:00-19:00,121.533745,29.879877,宁波市,海曙区,B0KDYMUHLQ,试点地区搜索
宁波艾博尔医院精神心理科,其他,环城南路999号,15669137836,,08:00-17:00,121.578653,29.842469,宁波市,鄞州区,B0LDZROHQG,试点地区搜索
宁波夏里特医院心理中心宁大附院协作单位,其他,环城西路北段430号,0574-87328502,4.1,08:00-16:00,121.526835,29.892477,宁波市,海曙区,B0L2USEN4X,试点地区搜索
宁波市中医院心理体检中心,其他,丽园北路819号宁波市中医院,,,,121.515994,29.892640,宁波市,海曙区,B0FFGQ2O7J,试点地区搜索
天一心理咨询,心理咨询中心,翠柏路98号(大卿桥地铁站E口步行310米),,4.0,,121.533874,29.880283,宁波市,海曙区,B0K04NTUBM,试点地区搜索
宁波艾博尔医院青少年儿童心理健康中心(暂停营业),心理咨询中心,环城南路东段999号,15669137836,,08:00-17:30,121.578686,29.842504,宁波市,鄞州区,B0LDZ5ROFX,试点地区搜索
蓝鲸心理咨询(鄞州万达店),心理咨询中心,嵩江中路879号1901室-2,19858201283,4.5,09:00-20:30,121.549175,29.833025,宁波市,鄞州区,B0FFJXXOEQ,试点地区搜索
宁波循证心理咨询(鄞州总店),心理咨询中心,中河街道隆兴大厦12层1207-2室,0574-87971086;13396650690;15355849036,4.3,07:30-22:30,121.555154,29.834168,宁波市,鄞州区,B0LRK7K69D,试点地区搜索
蓝鲸心理咨询中心(海曙分店),心理咨询中心,澄浪南路85号数字港航中心12B03室,,4.1,09:00-17:00,121.544419,29.853136,宁波市,海曙区,B0L22D091T,试点地区搜索
宁波不二心理咨询有限公司,心理咨询中心,金融硅谷11号楼1911室,13566608159,3.9,09:00-20:00,121.616493,29.860682,宁波市,鄞州区,B0FFMH0L3J,试点地区搜索
宁波循证心理咨询(鼓楼店),心理咨询中心,解放南路202号-8(城隍庙地铁站D口步行230米),0574-87971086,3.8,09:00-21:00,121.548827,29.869645,宁波市,海曙区,B0J16MVVG5,试点地区搜索
宁波甬沁心理咨询中心,心理咨询中心,文教路72弄16号海田大厦701,18968299608,3.6,09:00-20:30,121.540937,29.894820,宁波市,江北区,B0ID55OSRU,试点地区搜索
宁波市壹席心理咨询中心,心理咨询中心,泰康中路500号国骅·国际502,19957411129,4.0,,121.550116,29.806904,宁波市,鄞州区,B0K1MZEF6X,试点地区搜索
墨菲心理咨询中心,心理咨询中心,爱伊美办公大楼503,15669475823,4.1,08:30-22:00,121.547421,29.803871,宁波市,鄞州区,B0H06SAWKU,试点地区搜索
松境心理咨询,心理咨询中心,高前路与陆家庄路交叉口西北480米,13082948042;13221940530,4.0,08:00-01:00,121.483532,29.906782,宁波市,海曙区,B0KDCUT6J6,试点地区搜索
宁波循证心理咨询,心理咨询中心,大黄桥南路48号,18358222313,4.2,08:00-23:00,121.154103,30.033533,宁波市,余姚市,B0I2KUJU6O,试点地区搜索
诗生活情感心理咨询中心(鄞州店),心理咨询中心,嵩江中路536号隆兴大厦1802-4室(锦寓路地铁站A口旁),19902156067,3.6,08:00-21:30,121.554908,29.834153,宁波市,鄞州区,B0GKN79G4L,试点地区搜索
蓝泓心理咨询中心(滨江店),心理咨询中心,悦盛路247号滨江商业广场二期写字楼(7号楼)12A-5,17357431970,3.9,08:00-23:00,121.553506,29.848937,宁波市,鄞州区,B0G27SDVMB,试点地区搜索
宁波市宁心心理咨询,心理咨询中心,翠柏路90号,18069123781,4.0,24小时营业,121.533860,29.880014,宁波市,海曙区,B0LU6ZH7W8,试点地区搜索
天丽心理咨询中心,心理咨询中心,翠柏路94号,18968335391,3.9,24小时营业,121.533880,29.880240,宁波市,海曙区,B0KKOCZRZE,试点地区搜索
燕巢心理咨询,心理咨询中心,首南街道水街四号楼大象空间6楼,17506669508,4.0,09:00-20:00,121.546179,29.808920,宁波市,鄞州区,B0K1OLXZBN,试点地区搜索
宁波蓝鲸心理咨询中心(宁海分部),心理咨询中心,科创中心18层,19523002779,3.9,09:00-20:30,121.443425,29.313226,宁波市,宁海县,B0HDZ51YD5,试点地区搜索
宁波鹿语心理咨询中心,心理咨询中心,民安路1018号新天地商务大厦1002室,15757844313;18757474313,3.9,09:00-22:00,121.605882,29.870527,宁波市,鄞州区,B0KKXAEQN1,试点地区搜索
壹航心理(南商店),其他,前河南路818弄42号泰康大厦,13516745615,3.6,,121.550907,29.805664,宁波市,鄞州区,B0LRCDFKN6,试点地区搜索
简一心理,其他,前湾新区滨海二路1099号阳光天地二楼简一心理,18968295110,4.1,10:00-21:30,121.206637,30.319605,宁波市,慈溪市,B0J23LC2XC,试点地区搜索
吾心心理咨询服务中心(宁波阪急店),心理咨询中心,宁波阪急北区(海晏北路地铁站出入口步行240米),,3.5,24小时营业,121.615021,29.862566,宁波市,鄞州区,B0KD591YC1,试点地区搜索
宁波市芳言心理健康咨询有限公司,心理咨询中心,明州路731号长江国际大厦A座F1层,0574-86781111,3.6,24小时营业,121.851525,29.911025,宁波市,北仑区,B0FFID8A6Y,试点地区搜索
宁波蓝泓心理健康咨询中心(高新店),心理咨询中心,江南路586号九五商务大厦B座823室,18352901855,3.7,08:00-23:00,121.614656,29.887562,宁波市,鄞州区,B0FFFPF8SQ,试点地区搜索
成均心动·幸福心理实践基地,其他,庙山东路88号,0574-63999525,4.3,,121.224927,30.179577,宁波市,慈溪市,B0KG7ZY8FQ,试点地区搜索
沐恩心理中心,其他,天童南路535号801-2沐恩科技商务中心,0574-56181525,4.0,08:00-21:00,121.550538,29.808918,宁波市,鄞州区,B0GKFCNSLQ,试点地区搜索
西柚心理咨询中心,心理咨询中心,FSV金融硅谷10号楼901西柚心理,15058212520,3.5,08:00-22:00,121.617623,29.860805,宁波市,鄞州区,B0KR6DQ8WG,试点地区搜索
江北区未成年人心理健康辅导中心,心理咨询中心,西草马路121弄57号,0574-87658455,2.9,,121.553538,29.889253,宁波市,江北区,B0FFL1P80C,试点地区搜索
知遇家长爱在我家家庭教育指导中心,其他,顺德路255号温商大厦308室,,4.0,08:00-20:00 09:00-17:00,121.518050,29.848163,宁波市,海曙区,B0KUDH8ODH,试点地区搜索
宁波市奉化区未成年人心理健康辅导中心,心理咨询中心,岳林街道岳林东路28号(奉化区疾病预防控制中心四楼),0574-88956969,3.5,,121.421693,29.662468,宁波市,奉化区,B0FFGQ3772,试点地区搜索
蓓蕾心理咨询治疗中心,心理咨询中心,环城北路日湖花园(倪家堰地铁站D口旁),,4.0,,121.567348,29.898611,宁波市,江北区,B0HR4L13FU,试点地区搜索
生命场景心理康健中心,其他,中山东路509号(舟孟北路地铁站A口步行260米),,4.0,,121.570654,29.868182,宁波市,鄞州区,B0L1M7I0EI,试点地区搜索
镇海区未成年人心理健康辅导中心,心理咨询中心,镇骆西路631号镇海骆驼妇幼保健院二楼,,3.0,,121.597942,29.981976,宁波市,镇海区,B0FFI5MJVQ,试点地区搜索
鄞州区未成年人心理健康辅导中心,心理咨询中心,顺明路14号,,2.7,,121.537204,29.761519,宁波市,鄞州区,B0FFGTOS11,试点地区搜索
宁波江北一席阳光心理咨询中心,心理咨询中心,西草马路121弄57号,0574-87076680,3.9,08:30-17:00,121.553483,29.889318,宁波市,江北区,B0LRBSNLNU,试点地区搜索
宁波听觉干预康复中心,其他,镇明路36中信银行大厦(灵桥路),,,,121.547475,29.859425,宁波市,海曙区,B0L3ASUYOI,试点地区搜索
KMXN功能营养干预中心,其他,丽江西路与规划三路交叉口东40米,,,,121.502654,29.921606,宁波市,江北区,B0L1YBCT8C,试点地区搜索
青少年脊柱侧弯运动干预中心,其他,城东路与文秀路交叉口西120米,,,,121.175795,30.043735,宁波市,余姚市,B0LUJ9AZUQ,试点地区搜索
嘉兴市康慈医院,其他,梧桐镇环城北路3118号,0573-88083033;0573-88083060;0573-88083999,,08:00-11:30 13:30-17:00,120.523965,30.651359,嘉兴市,桐乡市,B023D03W0L,试点地区搜索
平湖市精神卫生中心,精神专科医院,湖州市第三人民医院平湖分院东南门北70米,,,,121.081025,30.812915,嘉兴市,平湖市,B0FFHKDS2P,试点地区搜索
嘉兴市精神卫生中心,精神专科医院,嘉兴市康慈医院(浙江传媒学院北),,,,120.524529,30.651472,嘉兴市,桐乡市,B0FFM0Y9FI,试点地区搜索
浙江省精神卫生中心(嘉善分中心),精神专科医院,嘉善县第三人民医院西北门东60米,,,,120.974928,30.839525,嘉兴市,嘉善县,B0FFHHGBUG,试点地区搜索
海宁市中心医院嘉兴市安定医院精神卫生科门诊,精神专科医院,海宁市中心医院东北门西北100米,,,,120.443830,30.439621,嘉兴市,海宁市,B0G0ABQVV8,试点地区搜索
海宁市第四人民医院精神卫生门诊,其他,海昌街道硖川路392号,,,,120.724416,30.542544,嘉兴市,海宁市,B0FFGYZ50W,试点地区搜索
嘉兴经济技术开发区心理咨询中心,心理咨询中心,万历路138号城南街道社区卫生服务中心内,,3.9,,120.728402,30.739355,嘉兴市,南湖区,B0FFGJRH67,试点地区搜索
嘉善县第三人民医院,其他,长江路5号,0573-89119724,,24小时营业,120.975541,30.839392,嘉兴市,嘉善县,B0FFGXDKWP,试点地区搜索
嘉兴市康慈医院(长水街道社区卫生服务中心)联合心理门诊,其他,长水街道禹德路29号社区卫生服务中心门诊楼二楼,,,,120.752274,30.706521,嘉兴市,南湖区,B0HBNPVZTI,试点地区搜索
城南卫生院心理咨询中心,心理咨询中心,万历路与恒力路交叉口西北80米,,,,120.728395,30.739415,嘉兴市,南湖区,B0L3AO00KL,试点地区搜索
初见心理咨询(南湖店),心理咨询中心,富兴路362号嘉报广场东区1305室,18201873151,4.0,09:00-22:00,120.778525,30.732775,嘉兴市,南湖区,B0L6OCGY3M,试点地区搜索
嘉兴潇潇心理咨询有限公司,心理咨询中心,颐高广场3层3012a,17816409092,3.7,,120.724735,30.750766,嘉兴市,南湖区,B0LA6A9X3F,试点地区搜索
知我心理咨询有限公司,心理咨询中心,云东路896号嘉良大厦9楼902室,15394349168,3.7,09:00-20:00,120.796564,30.739716,嘉兴市,南湖区,B0H10HUDM0,试点地区搜索
桐乡市童话心语,其他,梧桐街道振兴中路20号永利广场2幢209-214室,18868385486,4.2,,120.554709,30.628877,嘉兴市,桐乡市,B0JG1RM2SJ,试点地区搜索
壹点灵·心理咨询中心(绿地智慧城店),心理咨询中心,梧桐街道绿地智慧城22幢,,3.7,,120.563583,30.602973,嘉兴市,桐乡市,B0LU5YL0Z4,试点地区搜索
会心心理咨询工作室,心理咨询中心,中山西路134号世纪嘉园B座301,15824331658,3.9,08:00-20:00,120.723391,30.758090,嘉兴市,秀洲区,B0GK37TJC7,试点地区搜索
平湖市儿童青少年心理健康服务站,心理咨询中心,育才路与车站路交叉口西60米,0573-85110015,3.8,09:00-11:00 14:00-16:00,121.005445,30.695207,嘉兴市,平湖市,B0H0CMTRQD,试点地区搜索
遇见空间心理咨询工作室,心理咨询中心,1953创库文化产业园3号楼303室,13605730503,3.9,08:00-23:00,120.859096,30.531394,嘉兴市,海盐县,B0K3S5GNKG,试点地区搜索
桐乡市心理健康中心,心理咨询中心,世纪大道1399号,,4.2,08:00-11:30 13:30-17:00,120.568281,30.636231,嘉兴市,桐乡市,B0KBXUL0KP,试点地区搜索
平湖市医呼健康便民服务中心,其他,新华南路185号,13511373533,3.8,08:00-20:00,121.011836,30.689570,嘉兴市,平湖市,B0L1LZF05O,试点地区搜索
海宁市心理健康服务中心(睡眠医学心理体检心理咨询),心理咨询中心,塘南西路与海昌南路交叉口西60米,0573-87635899,3.7,,120.689016,30.517769,嘉兴市,海宁市,B0KU7KXR3O,试点地区搜索
观心园,其他,姚庄镇沉香村东上圩29号,,4.1,,120.951782,30.992194,嘉兴市,嘉善县,B0LD4MGGKS,试点地区搜索
海盐县武原心和疗愈心理咨询工作室,心理咨询中心,东林路188号恒科大厦13楼,,3.8,,120.953971,30.551277,嘉兴市,海盐县,B0L1R5BF1M,试点地区搜索
汉家婚姻家庭咨询心理咨询与睡眠管理工作室,心理咨询中心,南溪西路1号嘉兴南湖旅游区(东北角),,3.3,,120.760354,30.758763,嘉兴市,南湖区,B0L1PC6QDI,试点地区搜索
秀洲社会心理服务中心,其他,未来科技广场H座,,,24小时营业,120.693546,30.760175,嘉兴市,秀洲区,B0HU9782JN,试点地区搜索
绍兴市第七人民医院,其他,胜利西路1234号,0575-85397901,,,120.547347,30.005320,绍兴市,越城区,B023F02IGJ,试点地区搜索
绍兴市第七人民医院行政楼,其他,胜利西路1234号绍兴市第七人民医院,,,,120.547653,30.005933,绍兴市,越城区,B0K61CM103,试点地区搜索
越合心理,其他,迪荡街道中金国际A座1802,17705851201;17757503621,3.9,09:00-21:00,120.596088,30.022124,绍兴市,越城区,B0L3H7AQUO,试点地区搜索
东德心理咨询中心,心理咨询中心,人民中路277号绿城诸暨中心1314室,15068981888,3.9,09:00-17:00,120.235018,29.712471,绍兴市,诸暨市,B0I3OU37NB,试点地区搜索
心灵艺舍健康咨询,其他,多元路189号(二楼),13454505105,3.6,09:00-20:00,120.888824,29.994110,绍兴市,上虞区,B0K0JACWPS,试点地区搜索
爱福心理咨询工作室,心理咨询中心,越西路833号鑫洲国际商务大厦(沿街商铺东2门3楼320室),15925805428,3.5,09:00-21:00,120.563413,30.022964,绍兴市,越城区,B0IUBRJAPX,试点地区搜索
绍兴市明鑫心理咨询有限公司(越城分店),心理咨询中心,解放南路620号407室,,1.9,,120.581629,29.987538,绍兴市,越城区,B0LGFXTP3Z,试点地区搜索
和乐心理咨询工作室,心理咨询中心,三江街道剡溪花园17号,18267517578,4.1,09:00-17:00,120.828815,29.571771,绍兴市,嵊州市,B0L1NUX1KV,试点地区搜索
爱诺咨询,其他,东二路127号恒远大厦25楼2509室,18658583413,4.1,09:00-21:00,120.269025,29.705411,绍兴市,诸暨市,B0LGOD5H2M,试点地区搜索
浙江君恕心理咨询有限责任公司,心理咨询中心,迪荡街道剡溪路52号成发大厦705室,13675726505,3.4,24小时营业,120.607746,29.996388,绍兴市,越城区,B0FFLQESKP,试点地区搜索
绍兴一心一忆心理咨询有限公司,心理咨询中心,世纪街280号滨河商业中心2幢201,18069645220,3.9,09:30-21:30,120.627512,30.076182,绍兴市,越城区,B0JDMU4CTY,试点地区搜索
绍兴市心理健康服务中心,心理咨询中心,绍兴市越城区越西路21号,0575-85397869,4.2,,120.558929,29.995187,绍兴市,越城区,B0FFLHN6KH,试点地区搜索
诸暨市楠轩心理咨询工作室,心理咨询中心,浣东街道恒远大厦6楼,18658676068,3.8,08:30-17:30,120.268996,29.705374,绍兴市,诸暨市,B0KUGZTSXY,试点地区搜索
青春贩卖所,其他,泰坦大道88-1号5幢5310,15605152990,3.6,09:00-11:00 13:00-17:00 18:00-21:00,120.852640,29.505841,绍兴市,新昌县,B0LR5ZA2FD,试点地区搜索
诸暨市心理健康服务中心,心理咨询中心,祥生·福田花园东区北门东80米,,4.3,,120.279947,29.704562,绍兴市,诸暨市,B0G3T9SQLP,试点地区搜索
绍兴慧心心理咨询中心,心理咨询中心,舜江东路299号慧心心理,,4.1,09:00-16:30,120.874239,30.024523,绍兴市,上虞区,B0JDRCOR0J,试点地区搜索
德林心理,其他,暨阳街道富润大厦2707,15215915860,3.9,,120.261243,29.706994,绍兴市,诸暨市,B0K2XS9QPS,试点地区搜索
吾心心理咨询,心理咨询中心,笛扬路1338号富丽华大酒店18楼,0575-85732570;15372536997,3.6,10:00-16:00 19:00-21:00,120.490333,30.084507,绍兴市,柯桥区,B0IA67CD13,试点地区搜索
绍兴市心理健康服务中心,心理咨询中心,越西路与跨湖桥直街交叉口西80米,,3.8,,120.558971,29.995369,绍兴市,越城区,B0GU7HFBQU,试点地区搜索
心禾心理,其他,鲁迅西路毓兰华庭12幢6号商铺,,3.8,,120.572628,29.993356,绍兴市,越城区,B0FFKZ3A8T,试点地区搜索
绍兴市越城区心理咨询师协会,心理咨询中心,钱王阁商务楼北门旁(鲁迅故里地铁站C口步行410米),,3.4,,120.581631,29.987556,绍兴市,越城区,B0J09HVZ5Y,试点地区搜索
舒和园心理咨询,心理咨询中心,老莲路与陈家东路交叉口西60米,,3.0,,120.417460,29.794561,绍兴市,诸暨市,B0IATZNO4E,试点地区搜索
丽田心理工作室,其他,东兴路173号,15067555981,3.7,08:30-17:00,120.255828,29.689913,绍兴市,诸暨市,B0J3CZ8MAT,试点地区搜索
浙江欣昇心理咨询有限公司,心理咨询中心,绍兴府山街道庙弄8号,0575-85559303,4.1,,120.572582,30.009273,绍兴市,越城区,B0J3MUBJS0,试点地区搜索
凡易心理,其他,笛扬路1396蓝天·市心广场,,2.9,,120.489825,30.085825,绍兴市,柯桥区,B0L1UK1A8J,试点地区搜索
正悦心理咨询室,心理咨询中心,胜利东路与迪荡湖路交叉口西北60米,,3.0,,120.599375,30.004475,绍兴市,越城区,B0LBLC9FD2,试点地区搜索
心理咨询服务,心理咨询中心,百官街道南湖社区卫生服务站东南侧60米,,3.0,,120.881134,30.053078,绍兴市,上虞区,B0L0GK1VLC,试点地区搜索
绍兴肤卫士皮肤专科,其他,府山街道解放北路65号、67号、81号5室、81号6室、解放北路81号201-207、解放北路81号227-232号,13362519565,,08:00-18:00,120.581470,30.009218,绍兴市,越城区,B0LAO7PBRV,试点地区搜索
卓越心灵氧吧心理咨询,心理咨询中心,华舍街道都市春天商业中心6幢311室,,3.6,,120.491609,30.088581,绍兴市,柯桥区,B0K2ACSH7Y,试点地区搜索
安肯心理咨询(万达中心店),心理咨询中心,钱陶东路与湖中路交叉口东240米,,3.5,,120.510054,30.092541,绍兴市,柯桥区,B0LDLXWDCR,试点地区搜索
宽心·元认知心理咨询中心,心理咨询中心,相公殿北路与东圃北路交叉口西南60米,,2.8,,120.833400,29.597786,绍兴市,嵊州市,B0L3H7A4N7,试点地区搜索
复大口腔,其他,浣东街道东旺路210号运昇大厦,4006621190,,08:30-17:30,120.266610,29.710365,绍兴市,诸暨市,B0FFLKLTAO,试点地区搜索
诸暨暨阳德中口腔医院,其他,暨阳街道高湖路76-18号-28号,18057265139;18906859176,,08:30-17:30,120.258957,29.713963,绍兴市,诸暨市,B0GK9AOJ1G,试点地区搜索
芜湖安定精神医院,其他,042县道与经四路交叉口西南500米,,,24小时营业,118.006045,31.305356,芜湖市,无为市,B0J1V5633M,试点地区搜索
芜湖市精神卫生指导中心,其他,芜湖市第四人民医院急诊一楼,,,09:00-21:00,118.382651,31.297908,芜湖市,弋江区,B0FFLAHWRD,试点地区搜索
芜湖巴川医院,其他,湾沚镇芜屯路与五星大道交叉口北300米,,,08:00-18:00,118.587433,31.194373,芜湖市,湾沚区,B0KUUCMLWR,试点地区搜索
精神卫生中心,精神专科医院,西大街与芝山路交叉口东北140米,,,,117.911138,31.299589,芜湖市,无为市,B0H6FKZBRY,试点地区搜索
芜湖市第四人民医院,其他,乌霞山路1号,0553-3028500;0553-4818905,,,118.382791,31.297352,芜湖市,弋江区,B02290HZX3,试点地区搜索
芜湖宁静医院心理专科,其他,港一路20号芜湖宁静医院,,,,118.363035,31.388268,芜湖市,鸠江区,B0G3VPCBV9,试点地区搜索
灵润心理健康中心,心理咨询中心,金鹰国际购物中心3楼(凤凰美食街对面)-从星巴克和必胜客之间的电梯直达三楼,,4.0,08:00-22:00,118.368760,31.338611,芜湖市,镜湖区,B0JGAZFOJV,试点地区搜索
文兰心理咨询中心,心理咨询中心,民生路26号凯帆大厦603,15385600083,3.7,08:00-21:00,118.375318,31.325947,芜湖市,镜湖区,B022914LIL,试点地区搜索
芷汀兰岸心理咨询,心理咨询中心,赭山东路1号万达广场(芜湖镜湖店),13955370303,0.3,,118.398075,31.337225,芜湖市,镜湖区,B0FFL452WO,试点地区搜索
芜湖灵犀心理咨询有限公司,心理咨询中心,泰鑫商务中心1307室,0553-3115180;13349217637,3.7,09:00-22:00,118.378045,31.311281,芜湖市,弋江区,B0LUUMQ0VT,试点地区搜索
王文君博士心理工作室,其他,伟星金域蓝湾天街商业综合体三楼370-371室,0553-3932766;18019533811,3.5,,118.367487,31.319000,芜湖市,弋江区,B0J3RSPMWM,试点地区搜索
王文君博士心理工作室,其他,北京中路7号伟星时代中心1909室,15357889297,3.5,,118.380416,31.333929,芜湖市,镜湖区,B0J375W6BH,试点地区搜索
芜湖育兴心理咨询有限公司,心理咨询中心,万达广场一期2号写字楼1212室,18955399330,3.4,09:00-18:00,118.399269,31.338385,芜湖市,镜湖区,B0L67SVQJG,试点地区搜索
南特未来儿童干预中心,其他,鸠江区公园天下南门2-102,18955335919,4.2,,118.405169,31.341051,芜湖市,鸠江区,B0KKLUZ03O,试点地区搜索
芜湖心怡心理健康服务中心,心理咨询中心,九华南路奥体中心(奥体中心地铁站3号口步行390米),0553-5715880,3.9,,118.380496,31.308537,芜湖市,弋江区,B0FFLLG71X,试点地区搜索
华周心理(芜湖)中心,其他,伟星时代金融中心19楼1909室,,3.6,08:00-17:30,118.380563,31.333851,芜湖市,镜湖区,B0I1O7CD5R,试点地区搜索
简心理信息咨询工作室(吾悦广场店),其他,吾悦广场C座1111室,13965161299,3.6,08:00-21:00,118.364171,31.340468,芜湖市,镜湖区,B0J0KS1JYZ,试点地区搜索
安徽师范大学紫薇园·学生心理健康教育中心,心理咨询中心,花津南路92号,,,,118.374455,31.284584,芜湖市,弋江区,B0K2VR9SJZ,试点地区搜索
安徽省心理咨询师协会,心理咨询中心,伟星时代金融中心19层,0553-3119729,3.2,,118.380169,31.333895,芜湖市,镜湖区,B0FFK4P252,试点地区搜索
心理健康咨询中心,心理咨询中心,新世纪花园F区10-13栋西门旁,,2.9,,118.207594,31.078675,芜湖市,繁昌区,B0L3X6ZAXK,试点地区搜索
安徽师范大学(赭山校区)-心理值班室,其他,九华中路安徽师范大学(赭山校区),,2.8,,118.377325,31.336175,芜湖市,镜湖区,B0HKVH6L6V,试点地区搜索
安徽省心理咨询师协会心理咨询中心,心理咨询中心,伟星时代金融中心(文化路地铁站2号口步行400米),,2.9,,118.380325,31.333582,芜湖市,镜湖区,B0FFF9NUAM,试点地区搜索
和县腰埠镇精神病院,其他,035县道,,,07:30-17:00,118.232109,31.733965,马鞍山市,和县,B0KB9M6J6V,试点地区搜索
含山众志医院,其他,东山村,,,08:00-12:00 13:30-17:30,118.112966,31.694858,马鞍山市,含山县,B0GDSHSA22,试点地区搜索
花山区精神卫生中心,精神专科医院,旅游大道与张庄南路交叉口西100米,,,08:00-21:00,118.576452,31.697615,马鞍山市,花山区,B0JGHHU0H9,试点地区搜索
马鞍山市第四人民医院-精神卫生管理指导中心,其他,向山北路与南山路交叉口西北280米,,,,118.594876,31.669889,马鞍山市,雨山区,B0G3A7HLCY,试点地区搜索
马鞍山中爱医院,其他,中爱医院(旅游大道北),0555-8888120,4.5,,118.576381,31.697527,马鞍山市,花山区,B0H1XU4NXQ,试点地区搜索
启明心心理咨询中心,心理咨询中心,紫霞路500号天一文化园8栋,0555-2365799;13710995888,4.3,07:00-22:00,118.501728,31.683167,马鞍山市,雨山区,B0L677MJ9F,试点地区搜索
马鞍山市心理健康中心,心理咨询中心,佳山路98号,0555-3109191,4.5,09:00-17:00,118.515927,31.676230,马鞍山市,花山区,B0FFJLZALS,试点地区搜索
一心心理咨询中心(东方广场总店),心理咨询中心,东方广场3栋1601室,0555-8358677;18155530851,3.9,08:00-21:00,118.524269,31.669364,马鞍山市,花山区,B0KD5CWDLG,试点地区搜索
雲起心理咨询中心,心理咨询中心,大北庄7栋102室(八佰伴正对面公交站台后巷内右转直走),18325511214,1.6,24小时营业,118.510467,31.681749,马鞍山市,花山区,B0KU5CMKB2,试点地区搜索
马鞍山市正阳心理咨询中心(万达广场店),心理咨询中心,万达写字楼1604室,0555-2228688,3.5,10:00-22:00,118.505081,31.657461,马鞍山市,雨山区,B0H3SMJ4ZQ,试点地区搜索
美丽心情心理咨询中心,心理咨询中心,东方广场2栋1103室,19955528861,3.2,09:00-20:00,118.524693,31.669349,马鞍山市,花山区,B0KDXCTO4G,试点地区搜索
启明心心理咨询中心,心理咨询中心,育才路2号雨山区教育局内,0555-2365799,4.0,09:00-20:00,118.497469,31.689799,马鞍山市,雨山区,B0H6ZCSLGW,试点地区搜索
马鞍山市蓁蓁心理咨询有限公司,心理咨询中心,伟星时代广场18号楼611室,15955539366,3.2,09:00-11:30 14:00-17:00,118.489394,31.683943,马鞍山市,雨山区,B0L3Z50XFL,试点地区搜索
含山县康达医院精神科,其他,毛滩村村民委员会附近,,,,118.008540,31.500722,马鞍山市,含山县,B0L1SSPFSI,试点地区搜索
马鞍山市中心血站,其他,卫生大厦2层,0555-2366580,,,118.515918,31.673451,马鞍山市,花山区,B022B0060C,试点地区搜索
手机快修中心,其他,湖东路55号,,3.9,,118.510314,31.692449,马鞍山市,花山区,B0LBXSGJKM,试点地区搜索
马鞍山博康血液透析中心,其他,湖东南路699号3栋附近,0555-2611199,,08:00-17:00,118.509154,31.647135,马鞍山市,雨山区,B0FFKW0P3F,试点地区搜索
手机维修中心(科技大楼店),其他,环峰西路绿色门头,13865654114,3.9,08:00-21:00,118.109175,31.718175,马鞍山市,含山县,B0HUN6A32L,试点地区搜索
定远精神卫生中心,精神专科医院,007乡道东40米,13327246465,,24小时营业,117.560146,32.559710,滁州市,定远县,B0FFLIPT5P,试点地区搜索
全椒科文精神医院,其他,武岗镇鄂杨组58号,,,24小时营业,118.262262,32.023824,滁州市,全椒县,B0FFLMQ6A2,试点地区搜索
滁州康源精神病医院,其他,紫薇南路1559号(瑶海农机大市场)仓储4号楼,,,,118.377775,32.249325,滁州市,南谯区,B0LUFA0GDV,试点地区搜索
滁州市精神卫生中心,精神专科医院,清流中路1401号滁州市第二人民医院,,,,118.361588,32.306581,滁州市,琅琊区,B0FFHOXUXX,试点地区搜索
来安县嘉康精神病医院,其他,345国道48号,,,07:30-05:30,118.475794,32.468976,滁州市,来安县,B0KD9U68IB,试点地区搜索
天长青秀山精神卫生中心,精神专科医院,天扬东路78号,,,08:00-17:30,119.081737,32.649033,滁州市,天长市,B0JGX79GBV,试点地区搜索
全椒县人民医院二郎口院区,其他,卫生巷与浦合东路交叉口北100米,,,,118.136205,31.971603,滁州市,全椒县,B02260QOEM,试点地区搜索
滁州市第二人民医院精神科门诊,其他,滁州市第二人民医院门诊医技楼1层,,,,118.361211,32.307066,滁州市,琅琊区,B0FFM0OLY8,试点地区搜索
滁州市第二人民医院心理门诊,其他,滁州市第二人民医院门诊医技楼2层,17795124385,3.7,,118.361217,32.307075,滁州市,琅琊区,B0FFM0O8CX,试点地区搜索
静烨心理咨询,心理咨询中心,府城镇金都商城南门E座(西边)3层309-315室,13805509513;13855075394,4.0,,117.544741,32.859542,滁州市,凤阳县,B0KU35LWT9,试点地区搜索
滁州心悦心理咨询有限公司,心理咨询中心,百诚大厦701A室,13802227771;13855083777,3.7,,118.319988,32.297148,滁州市,琅琊区,B0IBM7T6YO,试点地区搜索
滁州市心理学会,其他,南谯北路968号百城大厦1212室,,3.5,08:00-18:00,118.319985,32.297155,滁州市,琅琊区,B0KUNZDTT9,试点地区搜索
来安县未成年人心理健康教育中心,心理咨询中心,塔山中路与古楼东街交叉口西北40米,,,,118.437585,32.452185,滁州市,来安县,B0H0OZYJPH,试点地区搜索
滁州市中心血站,其他,会峰路669-2号,0550-3023916;0550-3519328,,24小时营业,118.331079,32.276499,滁州市,琅琊区,B0FFG0ZIHC,试点地区搜索
琅琊总部中心,其他,金山路666号,,,,118.328819,32.324278,滁州市,琅琊区,B0IKSC4ZKZ,试点地区搜索
滁州市中心,其他,琅琊区,,,,118.317938,32.301108,滁州市,琅琊区,B02260QAZM,试点地区搜索
宿州市第二人民医院,其他,淮海南路253号,0557-3915098;0557-3915256,,08:00-11:30 14:30-17:30,116.979141,33.611071,宿州市,埇桥区,B022D0P9DR,试点地区搜索
葛集精神专科医院,其他,葛集镇周菜园,,,24小时营业,116.516913,34.498556,宿州市,砀山县,B0FFL7N432,试点地区搜索
砀山县精神卫生防治中心,其他,迈瑞大道,,,,116.394764,34.436541,宿州市,砀山县,B0H625XMVD,试点地区搜索
宿州市第一人民医院,其他,银河一路26号,0557-3022656;0557-3029030,,09:00-24:00,116.978866,33.646558,宿州市,埇桥区,B022D00847,试点地区搜索
宿州市市立医院北区健康体检中心,其他,市立医院北区门诊5楼A区,0557-3042231;0557-3042491,,,116.968989,33.685884,宿州市,埇桥区,B0I64C4XVN,试点地区搜索
宿州桂林眼科医院,其他,胜利西路183号,0557-3046332;18955702685,,08:00-18:00,116.968951,33.639536,宿州市,埇桥区,B0FFHFSXEO,试点地区搜索
宿州魏民医院,其他,汴河中路126号,0557-3686999,,24小时营业,116.992804,33.631767,宿州市,埇桥区,B0FFGMDGUW,试点地区搜索
宿州宿立男科医院,其他,胜利西路工业学校旁,,,08:00-18:00,116.952978,33.639786,宿州市,埇桥区,B0FFFE93U1,试点地区搜索
宿州祥胜中医肛肠医院,其他,淮海北路两淮新城C3区二楼,0557-2310000;13014000091,,07:30-11:30 14:00-18:00,116.980273,33.643332,宿州市,埇桥区,B0FFGMDIY8,试点地区搜索
皖北煤电集团总医院,其他,淮河西路125号,0557-3915999,,,116.967575,33.622886,宿州市,埇桥区,B022D02189,试点地区搜索
平安医院,其他,金海街道外环南路,0557-2221169,,08:00-17:30,117.003524,33.600996,宿州市,埇桥区,B0FFG0XAI8,试点地区搜索
宿州鼓楼骨科医院,其他,汇源大道6号,,,24小时营业,116.980146,33.650777,宿州市,埇桥区,B0FFHNC8EE,试点地区搜索
中煤矿建总医院,其他,建设北路12号,0557-3315795;0557-3318120,,24小时营业,117.017572,33.635385,宿州市,埇桥区,B022D020B9,试点地区搜索
宿州市市立医院北区全科医学培训中心,其他,人民路,,4.5,,116.968638,33.687776,宿州市,埇桥区,B0FFL2VZLD,试点地区搜索
三角洲医院,其他,公园道1号西门北200米(206国道东50米),0557-2180120,,24小时营业,116.967469,33.661269,宿州市,埇桥区,B0HAHDI6AD,试点地区搜索
皖北卫生职业学院附属医院,其他,西昌南路848号,,,,116.972781,33.630767,宿州市,埇桥区,B0FFFQ5THJ,试点地区搜索
宿州瑞金骨伤医院,其他,胜利东路272号德全大厦,0557-3677120,,,116.986796,33.638747,宿州市,埇桥区,B0FFGO2ZXJ,试点地区搜索
宿州市第一人民医院本部住院部,其他,银河一路26号宿州市第一人民医院,0557-3022656,,,116.978576,33.646087,宿州市,埇桥区,B0FFFR5YUH,试点地区搜索
利民医院,其他,港口中路722号,,,07:30-21:00,117.003388,33.635746,宿州市,埇桥区,B0K1P5HG5X,试点地区搜索
宿州市市立医院北区,其他,汴阳三路616号,,,24小时营业,116.969066,33.685719,宿州市,埇桥区,B0FFHTJ7MF,试点地区搜索
宿州和平医院,其他,沱河路156号,,,,116.979302,33.648133,宿州市,埇桥区,B0FFFXWLFA,试点地区搜索
宿州健安医院,其他,外环南路与金海五路汇处西200米,0557-3902995;0557-3907995,,09:00-21:00,117.011029,33.598503,宿州市,埇桥区,B0FFFPD3WX,试点地区搜索
宿州高新医院,其他,汇源大道568号,0557-2888120,,24小时营业,116.980376,33.674316,宿州市,埇桥区,B0FFFSMZIR,试点地区搜索
宿州市中医医院新院,其他,萧国路与银河四路交叉口,0557-3872195;0557-3872336,,24小时营业,116.936628,33.657899,宿州市,埇桥区,B0I1ZHNNIH,试点地区搜索
宿州市市立医院北区内科病房楼,其他,汴阳三路616号,,,,116.970511,33.687290,宿州市,埇桥区,B0JBZ7N727,试点地区搜索
康宁医院,其他,玉兰路与东二环路交汇处西南角,,,,117.905178,33.472694,宿州市,泗县,B0FFH9SCFL,试点地区搜索
安徽宿安医院,其他,学府大道2195号,,,,117.081450,33.641677,宿州市,埇桥区,B0K2DZENBT,试点地区搜索
爱与成长心理咨询感统训练,心理咨询中心,西昌南路729号蓝天新村三楼,18755753603,3.7,,116.972558,33.627675,宿州市,埇桥区,B0JKPST3WH,试点地区搜索
凯鑫心理咨询,心理咨询中心,锦绣华庭东门向南朱山路779号,19055729098,3.7,24小时营业,117.904475,33.475497,宿州市,泗县,B0KKZLLJ3O,试点地区搜索
彤叶心理咨询,心理咨询中心,光明大街中段路西彤叶心理咨询二楼从吉利巷子口进去左拐,19556790232,3.7,08:30-18:30,117.557236,33.534710,宿州市,灵璧县,B0HG0HYTA0,试点地区搜索
易达心理,其他,淮海路669号,15255708787,4.1,08:00-20:00,116.980481,33.620982,宿州市,埇桥区,B0FFJUF36Z,试点地区搜索
宿州觉欧心理咨询中心,心理咨询中心,东昌路国购步行街3号门6层609室,18225571122,3.5,09:30-22:00,116.986888,33.633735,宿州市,埇桥区,B0FFK28P52,试点地区搜索
萧县心理咨询师协会,心理咨询中心,虎山路与交通西路交叉口西北40米,,3.4,,116.933349,34.179969,宿州市,萧县,B0FFGMF1QH,试点地区搜索
宿州市未成年人心理健康辅导中心,心理咨询中心,宿城第一初级中学胜利路校区北门东50米,,4.0,,116.952625,33.639925,宿州市,埇桥区,B0LBLCO1BB,试点地区搜索
暖心阁心理咨询工作室,心理咨询中心,汴河大道与东一环路交叉口西160米,,3.5,,117.890957,33.481684,宿州市,泗县,B0L3A1WPHR,试点地区搜索
市军培中心,其他,淮河中路539号,,,,116.984835,33.621106,宿州市,埇桥区,B0FFGBQ6PA,试点地区搜索
安徽省宿州市中心血站,其他,宿蒙路236号,0557-3912084,,08:00-11:30 14:30-17:30,116.960897,33.623549,宿州市,埇桥区,B022D0019F,试点地区搜索
手机维修中心,其他,纺织东路1316号,15255741271,4.2,08:00-21:00,116.973891,33.618568,宿州市,埇桥区,B0FFM99FD4,试点地区搜索
康复中心,其他,瑞兴花园西南门北90米,18055722188;18055782188,,,117.899245,33.479303,宿州市,泗县,B0FFIS7QRK,试点地区搜索
长汀县新桥中心卫生院精神科门诊部,其他,东关西路与东升南路交叉口东北100米,,,,116.369069,25.844488,龙岩市,长汀县,B0HKBZUTQQ,试点地区搜索
中良心理咨询,心理咨询中心,锦绣路233号锦绣佳园一座601,0597-2812166,3.6,09:00-21:00,117.018103,25.110831,龙岩市,新罗区,B0KGACSX7I,试点地区搜索
龙岩市华夏飞扬心理咨询服务有限公司,心理咨询中心,商会大厦E幢401,0597-2201011,3.8,08:30-12:00 14:30-21:00,117.020675,25.073975,龙岩市,新罗区,B0KK9UFH3L,试点地区搜索
人本心理德丰教育(天琴湾天镜店),其他,西陂街道龙腾中路588号龙岩国贸天琴湾1号楼202人本心理德丰教育酸柠檬(天琴湾店)酸柠檬右手边进,0597-2171886;15506976888,3.7,08:30-22:00,117.014322,25.078374,龙岩市,新罗区,B0H657OD16,试点地区搜索
连城县未成年人校外心理健康辅导中心,心理咨询中心,北大东路26号附近,0597-8922663,3.0,,116.761982,25.709996,龙岩市,连城县,B0FFLMC9LQ,试点地区搜索
新罗区未成年人心理健康辅导站,心理咨询中心,溪南路与溪畔路交叉口东南280米,,3.9,,117.038029,25.095108,龙岩市,新罗区,B0FFHM383W,试点地区搜索
橙子心理,其他,万成·家天下D区北门东北60米,,3.3,,117.418487,25.304901,龙岩市,漳平市,B0K1A7KKGV,试点地区搜索
西陂街道双洋社区心理咨询服务站,心理咨询中心,小洋二期安置小区南门东70米,,3.1,,117.010410,25.103230,龙岩市,新罗区,B0HKUSSPTW,试点地区搜索
幸福家·心理(龙岩分公司),其他,东肖地质八队42号,,4.1,09:00-18:00,117.019116,25.042964,龙岩市,新罗区,B0FFM68C68,试点地区搜索
加洲心理咨询室,心理咨询中心,东半街与沿河东路交叉口西20米,,2.8,,116.737610,24.724070,龙岩市,永定区,B0L3A1WW84,试点地区搜索
福建省心理咨询师协会龙岩工作站,心理咨询中心,和平路与解放南路交叉口西60米,,3.0,,117.032135,25.100780,龙岩市,新罗区,B0LKC41ID9,试点地区搜索
龙岩市方圆社工服务中心,其他,西安·翰林苑,0597-2266466,3.8,,117.016159,25.093673,龙岩市,新罗区,B0I6BCVXTP,试点地区搜索
初遇良缘婚创中心,其他,登高西路666号尚品国际二楼227-1D,,3.8,09:00-22:00,117.014777,25.089896,龙岩市,新罗区,B0L1MMGLDZ,试点地区搜索
龙岩市皮肤病防治院,其他,登高中路85号,,,,117.039018,25.092557,龙岩市,新罗区,B0G2US2IT3,试点地区搜索
龙岩市第二医院(新院区),综合医院,北城双洋西路8号,0597-3399120,,24小时营业,117.001593,25.105600,龙岩市,新罗区,B02550OP1R,试点地区搜索
龙岩牡丹医院,其他,西陂街道排头村登高西路818-6号,18659771512,,08:00-18:00,117.013281,25.089929,龙岩市,新罗区,B0JB5A7493,试点地区搜索
龙岩眼科医院,其他,登高西路285号丰华商城1-2楼,0597-2982111,,,117.025242,25.089896,龙岩市,新罗区,B0FFJDKFZX,试点地区搜索
龙岩人民医院,其他,登高西路31号,0597-2290371;0597-3102999,,08:00-23:00,117.029628,25.091355,龙岩市,新罗区,B025502JK3,试点地区搜索
龙岩市第三医院,综合医院,宝竹南路4号,0597-2290333,,,117.010518,25.105346,龙岩市,新罗区,B02550PL8J,试点地区搜索
福建省龙岩市第一医院总院,综合医院,九一北路105号,0597-3399999,,24小时营业,117.029389,25.098758,龙岩市,新罗区,B025502B4O,试点地区搜索
德康医院,其他,工业西路98号,,,,116.998095,25.108591,龙岩市,新罗区,B0LKPSZ2GX,试点地区搜索
上杭皮肤病防治院,其他,二环北路5号,0597-3315251,,24小时营业,116.426303,25.061636,龙岩市,上杭县,B025500FC4,试点地区搜索
坎市医院,其他,云川公园对面,0597-5662538,,,116.893124,24.914318,龙岩市,永定区,B02550214X,试点地区搜索
龙岩市皮肤病防治院(百斤税文明安全社区西南),其他,平川镇河西路51号,,,,116.097176,25.086054,龙岩市,武平县,B0FFFS2NVJ,试点地区搜索
龙岩市社会心理服务中心,其他,龙腾北路191号,0597-3291139,,08:00-21:00,117.014404,25.100879,龙岩市,新罗区,B0K2XA6Q02,试点地区搜索
上杭县未成年人心理健康辅导中心,心理咨询中心,临江镇江滨路88号,,3.6,,116.428966,25.047924,龙岩市,上杭县,B0FFIGIA07,试点地区搜索
长汀县社会心理服务中心,其他,红卫大街24号,,3.5,08:00-12:00 14:30-17:30,116.369273,25.844623,龙岩市,长汀县,B0H3HZXNDL,试点地区搜索
启音启慧儿童干预中心,其他,莲庄路5号二楼启音启慧儿童干预中心,13859520281,,,117.047562,25.065782,龙岩市,新罗区,B0L2VS7XZZ,试点地区搜索
手机维修中心(配件批发),其他,中城时代天骄店,,4.1,,117.013842,25.111200,龙岩市,新罗区,B0KKPHCI31,试点地区搜索
手机维修中心,其他,南环西路与莲庄北路辅路交叉口西160米,,3.6,,117.039522,25.087669,龙岩市,新罗区,B0KDSR1I8D,试点地区搜索
于都安颐和精神专科医院,其他,梓山镇梓山村323国道旁,,,08:00-20:00,115.537597,25.946739,赣州市,于都县,B0HGMUWSF5,试点地区搜索
信丰康宁医院,其他,站前大道附近,0797-3335755,,,114.904513,25.401382,赣州市,信丰县,B0FFHC2H3H,试点地区搜索
赣州市第三人民医院章江院区精神科门诊,其他,章江北大道12-5号附近,,,,114.951999,25.832560,赣州市,章贡区,B0J0CSE6CE,试点地区搜索
赣州市第三人民医院章江院区,其他,章江北大道10号,0797-8111154,,08:30-12:00 14:30-17:30,114.952446,25.832405,赣州市,章贡区,B031D00L7W,试点地区搜索
中国人民解放军总医院心理健康咨询服务中心,心理咨询中心,文昌路1号皇冠名苑,,3.4,,115.637185,24.977787,赣州市,寻乌县,B0LRO6VFRM,试点地区搜索
不动心心理疗愈空间,其他,中海天玺南门13-01号不动心心理疗愈空间,13970781409,3.9,09:00-22:00,114.915623,25.818656,赣州市,章贡区,B0KKGHE5QP,试点地区搜索
石城县心理睡眠中心,其他,清华大道琴江镇友谊路18号,0797-5716669,4.0,08:30-12:00 14:30-17:30,116.358609,26.334314,赣州市,石城县,B0JBOSMTKS,试点地区搜索
幸福树心理咨询中心,心理咨询中心,文明大道宋城壹号B9栋,15679773412,3.8,,114.953564,25.844824,赣州市,章贡区,B0GURHPXRF,试点地区搜索
心航线心理咨询,心理咨询中心,南水大道141号,18770752699,3.9,10:00-17:00,114.764377,25.651548,赣州市,南康区,B0KGO5C5ED,试点地区搜索
赣州溪畔心理咨询中心,心理咨询中心,青年路34号渡人中医馆二楼,19254076096,3.6,08:30-21:00,114.932807,25.856256,赣州市,章贡区,B0LGLYFW88,试点地区搜索
菁英百纳心理咨询公司,心理咨询中心,中心天枢4号楼1110,,3.9,08:30-21:30,114.914956,25.811815,赣州市,章贡区,B0K137XQRX,试点地区搜索
心灵花园心理咨询中心,心理咨询中心,桃江龙城1栋110号,15779047763,3.9,,114.938553,25.385334,赣州市,信丰县,B0L2SZ6032,试点地区搜索
赣州玉带桥心理咨询有限公司,心理咨询中心,嘉定镇花园村岭脚下组戴家,0797-3313525;13317076578;17679277688,3.9,,114.939909,25.376546,赣州市,信丰县,B0I2J50FFG,试点地区搜索
心霖灿语心理咨询室,心理咨询中心,八境路29号2栋401室,,3.5,09:00-21:00,114.940709,25.869530,赣州市,章贡区,B0LR37FBQP,试点地区搜索
章贡区校外未成年人心理健康辅导站,心理咨询中心,文明大道137号,,3.1,,114.927876,25.851441,赣州市,章贡区,B0K67Z7JXO,试点地区搜索
赣南医科大学(蓉江校区)-大学生心理健康教育指导中心,心理咨询中心,新时代大道赣南医科大学黄金校区第二教学楼2楼219室,,,,114.904820,25.774708,赣州市,章贡区,B0FFIBJP4Q,试点地区搜索
心友心理咨询,心理咨询中心,章江北大道146号滨江苑小区5栋1单元201室,0797-8301258,4.0,,114.928025,25.858882,赣州市,章贡区,B0FFHO4NMY,试点地区搜索
云朵心理咨询,心理咨询中心,沙洲坝路6号嘉福未来城3号楼8号店面,,3.8,,114.923253,25.808199,赣州市,章贡区,B0JUHUW75B,试点地区搜索
正元心理,其他,南河路27-21号,,3.8,,114.932753,25.842564,赣州市,章贡区,B0K3Y5GKW5,试点地区搜索
搏爱心理咨询(赣州)有限公司,心理咨询中心,沙河镇江环路1号10层,,3.8,,114.973479,25.819942,赣州市,章贡区,B0L2NOIDQ3,试点地区搜索
来客甄选·青正之光心理咨询,心理咨询中心,花园路28正,,3.4,,114.939453,25.364694,赣州市,信丰县,B0L1JZ7HA9,试点地区搜索
赣州梧桐心理咨询服务有限公司,心理咨询中心,铂金时代D栋商贸大厦2303,0797-8131066,4.0,,114.934268,25.824738,赣州市,章贡区,B0FFIQHKO4,试点地区搜索
上犹青少年心理工作室,其他,东山镇文峰南路6号上德艺术国际A区10号楼102商业,,3.0,,114.544229,25.781995,赣州市,上犹县,B0K0SC74J2,试点地区搜索
慧悦心理素质训练中心,其他,佳兴花园城西1门西70米,,3.6,,114.766315,25.650184,赣州市,南康区,B0L6993YPU,试点地区搜索
向心心理咨询中心,心理咨询中心,亿邦凯旋城西南门旁,,3.6,,114.785125,25.698925,赣州市,南康区,B0L1J99XP4,试点地区搜索
荣心理咨询服务中心,心理咨询中心,南水街道办碧桂园正荣天麓商业1号楼301,,3.9,,114.775081,25.645058,赣州市,南康区,B0L2AM0SY4,试点地区搜索
赣州和也健康睡眠(暂停营业),其他,南桥新村四区14栋一楼店面,18720780967,3.6,08:00-20:00,114.944021,25.827265,赣州市,章贡区,B0K1RHDP9Q,试点地区搜索
兴国第二医院精神科,综合医院,潋江镇洪门工业园B区,,,,115.379007,26.295550,赣州市,兴国县,B0FFLDE0NN,试点地区搜索
南方医科大学南方医院赣州医院(蓉江院区)神经疾病中心,三甲医院,赣南大道20号,,,,114.849725,25.752775,赣州市,章贡区,B0L11ULNHD,试点地区搜索
南方医院赣州医院蓉江医院神经疾病中心,其他,蓉江新区文轩路1号,,,,114.849869,25.752967,赣州市,章贡区,B0L11UL70R,试点地区搜索
青岛市精神卫生中心高新院区,精神专科医院,河套街道振和路10号,0532-57771058,,24小时营业,120.201693,36.227874,青岛市,城阳区,B0K0YYE61D,试点地区搜索
平度市第六人民医院,其他,,,,09:00-21:00,119.944261,36.756642,青岛市,平度市,B0214079RB,试点地区搜索
青岛优抚医院,其他,青大一路17号,0532-85892940,,09:00-16:30,120.431466,36.079180,青岛市,崂山区,B0FFH3GV1E,试点地区搜索
青岛市精神卫生中心门诊部,精神专科医院,南京路299号青岛市精神卫生中心内,,,,120.385598,36.102733,青岛市,市北区,B0FFGTM089,试点地区搜索
青岛市城阳区精神卫生中心,精神专科医院,心理医院北门旁,,,,120.417992,36.318879,青岛市,城阳区,B0IAHR5QK1,试点地区搜索
莱西市康馨护理中心,其他,沽河街道后庄扶九联路沽河中心卫生院,,,24小时营业,120.460762,36.869544,青岛市,莱西市,B021411GKD,试点地区搜索
青岛市精神卫生中心儿童青少年心理门诊部,精神专科医院,漳州路15号,,,,120.406792,36.074980,青岛市,市南区,B0H3M58ARU,试点地区搜索
青岛市精神卫生中心健康查体中心,精神专科医院,南京路299号,,,,120.385655,36.102710,青岛市,市北区,B0L25DCCPZ,试点地区搜索
青岛平和心理医院,其他,富春江路1558号,0532-87195996;13220885393,4.5,08:00-18:00,120.151544,35.949847,青岛市,黄岛区,B0H6LSF9I3,试点地区搜索
青岛安宁心理医院,其他,重庆南路69号,0532-86177729,4.4,08:00-17:00,120.378798,36.111249,青岛市,市北区,B0FFH7PYC3,试点地区搜索
青岛正阳心理医院,其他,艳阳路100-2号,0532-68696869,4.8,24小时营业,120.417860,36.318501,青岛市,城阳区,B0FFK0ESAA,试点地区搜索
青岛颐顺和心理卫生医院,其他,重庆中路618号,0532-84670666,,09:00-17:00,120.403408,36.182944,青岛市,李沧区,B0FFG3ZKY2,试点地区搜索
青岛广济心理医院,其他,海岸路17号,0532-83776282,,08:00-12:00 13:30-17:00,120.341766,36.110367,青岛市,市北区,B0FFHF5C2Q,试点地区搜索
青岛新香心理医院,其他,春阳路99-1号,0532-81103666,,24小时营业,120.421559,36.314729,青岛市,城阳区,B0H2LD4XFE,试点地区搜索
青岛康都心理医院,其他,水灵山路158号,0532-85170707;0532-85173456,,24小时营业,120.010812,35.875898,青岛市,黄岛区,B0I1BDWZ2U,试点地区搜索
平度弘济心理医院,其他,经济开发区香港路53号(香港路东),0532-88388719,,08:00-17:00,119.990274,36.735792,青岛市,平度市,B0K3PZ02XR,试点地区搜索
胶州市心理康复医院,其他,扬州西路93号,,4.6,,119.994869,36.267423,青岛市,胶州市,B0214043ZV,试点地区搜索
青岛弘康宁心理医院,其他,科苑纬三路2-1号1号楼3-5层,,,08:00-18:00,120.449713,36.136686,青岛市,崂山区,B0IA9RTE38,试点地区搜索
青岛军康心理医院,其他,华阳路路6号(昌乐路地铁站B口步行280米),15763906772,,08:00-18:00,120.341479,36.085222,青岛市,市北区,B0I3SMYICQ,试点地区搜索
黄岛慈济心理医院,其他,铁橛山路与玉泉路交叉口东北140米,,,,119.949929,35.883765,青岛市,黄岛区,B0FFJA1DD0,试点地区搜索
青岛民康心理医院,其他,临港路2298号,,,24小时营业,120.016866,35.901719,青岛市,黄岛区,B0JGA7GC4W,试点地区搜索
青岛怡宁心理医院,其他,海尔路19号,0532-87848333,,09:00-17:00,120.432674,36.119280,青岛市,崂山区,B0FFHOQWSD,试点地区搜索
青岛市精神卫生中心,精神专科医院,南京路299号,0532-85621584,4.7,24小时营业,120.385539,36.102571,青岛市,市北区,B02140828V,试点地区搜索
青岛康乐心理医院,其他,莲花山支路与莲花山路交叉口西北60米,,,,120.414073,36.135290,青岛市,李沧区,B0FFK7JO3G,试点地区搜索
平度好德心理医院,其他,广州路16-1号,,4.1,,119.999237,36.778001,青岛市,平度市,B0IU4RJIMP,试点地区搜索
青岛颐安心理医院,其他,平度市明村镇健康路1号,16678586069,,24小时营业,119.639127,36.759815,青岛市,平度市,B0G2MDXRC1,试点地区搜索
平度市心理卫生服务中心,其他,天津路193号,,4.1,,119.963180,36.798964,青岛市,平度市,B0JDUUVAP4,试点地区搜索
青岛爱济尔心理医院,其他,海尔大道与莱州路交叉口西150米,,,,120.022594,36.312023,青岛市,胶州市,B0FFIRUM75,试点地区搜索
青岛源康心理医院,其他,黑龙江中路773号,0532-68002698,,24小时营业,120.428425,36.226275,青岛市,城阳区,B0HK0SCWN3,试点地区搜索
青岛浩德心理医院,其他,区潮海街道办事处黄甲山一路120号,,,,120.497636,36.408030,青岛市,即墨区,B0HDMRV6NP,试点地区搜索
青岛平济心理医院,其他,云龙路1号颐佳大厦(港澳大厦东栋),0532-87195996;13220885393,4.5,08:00-12:00 13:30-17:30,120.377633,36.079321,青岛市,市南区,B0FFKPCX75,试点地区搜索
青岛心智心理医院,其他,重庆中路782号(兴国路地铁站B口步行240米),0532-66998066,4.5,08:00-17:00,120.400930,36.193299,青岛市,李沧区,B0FFKDMLH3,试点地区搜索
胶州爱康心理医院,其他,胶西街道马铁路东侧规划路北侧胶州西路398号,0532-86629939,4.5,08:00-17:00,119.934856,36.287234,青岛市,胶州市,B0J0C7CSQ6,试点地区搜索
青岛心成恩心理咨询(市南五四广场店),心理咨询中心,东海西路41号2单元802室,17660645698;18562880616,4.2,10:00-22:00,120.390601,36.063925,青岛市,市南区,B0JR1SQILS,试点地区搜索
青岛好心情心理咨询中心(7080中心广场店),心理咨询中心,昆山路17号3号楼707户,0532-85661733;0532-86128978,4.0,09:00-18:00,120.381198,36.092972,青岛市,市北区,B0JUMRKT31,试点地区搜索
觅见心理(五四广场店),其他,澳门路16号甲欣涛园3号楼202室,16605325188,4.1,09:00-22:00,120.381847,36.059331,青岛市,市南区,B0IGD58XI9,试点地区搜索
青岛心成恩心理咨询(城阳店),心理咨询中心,正阳路181号2号楼315室,17660645698,4.1,24小时营业,120.406438,36.306270,青岛市,城阳区,B0JUBUF0O2,试点地区搜索
愈见海·热带雨林身心疗愈,其他,国家广告产业园19号楼207-208,,3.6,,120.404011,36.288246,青岛市,城阳区,B0LDZDQDU9,试点地区搜索
青岛悦谦心理,其他,青实口水街六号楼501室,13026513149,4.1,09:00-20:00,120.432624,36.304925,青岛市,城阳区,B0K1YC5QWE,试点地区搜索
睿心心理,其他,美博会三楼311-315(中山路地铁站D口步行70米),19963863810,3.7,09:00-20:00,120.320630,36.071849,青岛市,市北区,B0K3OMQAL7,试点地区搜索
挚爱心理,其他,青建·太阳岛商务楼1座1211,13698678139;18661900353,4.0,09:00-18:00,120.385913,36.107225,青岛市,市北区,B0H2A77V4D,试点地区搜索
灵寻塔罗馆Gnosis’s Tarot(银鱼巷店),其他,宁阳路11号银鱼巷吉祥里,18561400826,3.9,13:00-20:00,120.314503,36.067233,青岛市,市南区,B0KGCA2FCY,试点地区搜索
青岛慧乐嘉心理咨询有限公司,心理咨询中心,龙城路38号1单元503室,13061489695,4.3,08:30-20:00,120.378572,36.089156,青岛市,市北区,B0LB3LB7YE,试点地区搜索
橙心心理咨询,心理咨询中心,上海路17号603室(集美客交易中心东门),15266222275;17353422065,4.0,09:00-20:30,120.179465,35.978510,青岛市,黄岛区,B0KUPD3XMT,试点地区搜索
青岛飞米粒心理咨询,心理咨询中心,上清路12号中联u谷2.5产业园北区C栋,13001662198,4.1,09:00-18:00,120.359451,36.073940,青岛市,市北区,B0LUYHY3IK,试点地区搜索
女巫米娅的解忧事务所,其他,昌平路53号(台东地铁站出入口步行470米),13021675200,3.9,13:00-22:00,120.354042,36.085302,青岛市,市北区,B0H025JIG1,试点地区搜索
从澜心理,其他,鲁邦·悦海豪庭28号楼101,15689481004,4.0,09:00-18:00,120.486446,36.096312,青岛市,崂山区,B0LBYU8RBY,试点地区搜索
慧之源心理,其他,漳州二路中商广场3号楼1单元1003室,13386392677;15264289628,4.0,09:00-20:00,120.398805,36.067001,青岛市,市南区,B0FFL6RPIX,试点地区搜索
灵境安心心理咨询,心理咨询中心,东方至尊5号楼2单元2408,18550526340,3.6,09:00-22:00,120.049769,35.875269,青岛市,黄岛区,B0KRCLDOVU,试点地区搜索
友好心理,其他,南京路100-1号新创意文化产业园3号楼5楼B02,18910212708,1.3,24小时营业,120.386566,36.075553,青岛市,市南区,B0HKUSVRJB,试点地区搜索
黄岛区合睦源心理咨询服务部,心理咨询中心,车轮山路388号万鑫中央商务广场B座3019,15318872228,3.5,06:00-23:30,120.043170,35.873697,青岛市,黄岛区,B0JR9ZHNAO,试点地区搜索
艾德心理咨询健康中心,心理咨询中心,长江中路国贸大厦B座1503室,0532-80916608,3.8,09:00-19:00,120.190575,35.954225,青岛市,黄岛区,B0JGDUEYTG,试点地区搜索
樱果情感心理咨询,心理咨询中心,枣园路16号(百通大厦B座203),15376777672;18661853932,3.8,00:00-23:30,120.422970,36.161634,青岛市,李沧区,B0H0MZKHB2,试点地区搜索
浚珞心理咨询,心理咨询中心,名门世家24-3-502,13156276344,3.8,09:00-21:00,120.420287,36.387594,青岛市,即墨区,B0KAT5PFRR,试点地区搜索
裕荣心理诊所,其他,延安三路188号丽达生活广场F1层,0532-83626436;13210060620;13626392439,,08:30-17:00,120.366205,36.073155,青岛市,市北区,B0FFIPG7EF,试点地区搜索
莱西市中医医院,其他,文化中路11号,0532-88485003,,,120.520782,36.855831,青岛市,莱西市,B021407CB3,试点地区搜索
卓越夸克心理咨询,心理咨询中心,文岭路5-6号(辽阳东路地铁站D口步行360米),18561547545,3.8,,120.450225,36.114075,青岛市,崂山区,B0KGDDRGZ9,试点地区搜索
好心情诊所,其他,昆山路17号7080中心广场3号楼707室,,4.3,09:00-18:00,120.381125,36.093475,青岛市,市北区,B0LDDH7RWT,试点地区搜索
崂山区社会心理健康指导中心,心理咨询中心,同安路908同安锦街F3层,0532-88917879,4.4,09:00-17:00,120.462050,36.116329,青岛市,崂山区,B0I1NS87GN,试点地区搜索
青岛润洲心理卫生康复中心,其他,南京路450号(南京路与重庆南路交界处),0532-85669105,,,120.376621,36.107906,青岛市,市北区,B0FFIUJK6Z,试点地区搜索
宝能心理咨询中心,心理咨询中心,双珠路1757号,15265252729,3.9,24小时营业,120.007081,35.871622,青岛市,黄岛区,B0G22HUWK0,试点地区搜索
青岛西海岸新区华睿康心理健康服务中心,心理咨询中心,漓江西路877号山东高速·西海岸中心T3栋8层,18562608197,4.1,,120.194136,35.946981,青岛市,黄岛区,B0JUR55960,试点地区搜索
明悦智心心理咨询成长中心,心理咨询中心,宝源路657号,18266634786,3.6,09:00-20:00,120.309590,36.280630,青岛市,城阳区,B0LAMLETFB,试点地区搜索
青岛晨曦心灵驿站心理咨询有限公司,心理咨询中心,香港中路8号青岛中心公寓(五四广场地铁站出入口旁),0532-55766737;13325019269,3.5,,120.380149,36.063460,青岛市,市南区,B0HKS5WSSE,试点地区搜索
青岛慧林心理咨询中心(中央商务区店),心理咨询中心,敦化路119号1108室,18561518581,3.9,09:00-18:00,120.381561,36.090538,青岛市,市北区,B0K6ZH0VVF,试点地区搜索
美途青少年心理咨询中心,心理咨询中心,双珠路1755号,15265252006,3.5,24小时营业,120.007001,35.871567,青岛市,黄岛区,B0JGVZ8MQ1,试点地区搜索
悦来悦好心理咨询服务中心,心理咨询中心,香港花园A区1号楼三单元,18863980165,1.4,,120.046148,36.253943,青岛市,胶州市,B0K0GR4YVI,试点地区搜索
青岛市青少年心理咨询中心,心理咨询中心,重庆南路69号,15621489638,3.9,08:00-17:00,120.378744,36.111231,青岛市,市北区,B0KAXUF9GT,试点地区搜索
崂山区未成年人心理健康辅导站,心理咨询中心,市民文化中心D座,0532-88999030,3.3,09:00-16:30,120.472830,36.108003,青岛市,崂山区,B0L0GA33DG,试点地区搜索
青岛心之旅心理咨询中心,心理咨询中心,北江路7号凯远商务楼302室,13793299929,3.8,08:30-18:30,120.181375,35.965025,青岛市,黄岛区,B0FFG24R47,试点地区搜索
舒馨心理健康服务中心,心理咨询中心,香江路125号奥园公寓楼,15265322406,3.1,08:30-19:00,120.171600,35.972466,青岛市,黄岛区,B0I6CHMIWF,试点地区搜索
心理健康服务中心,心理咨询中心,东岳中路与大珠山中路交叉口东100米,,4.2,,120.017181,35.890427,青岛市,黄岛区,B0JBP95IUC,试点地区搜索
青岛欣心海心理服务中心,其他,延安三路109号A1-201室,,4.1,09:00-18:00,120.368755,36.068686,青岛市,市南区,B0J23UB7H1,试点地区搜索
青岛平和心理咨询中心,心理咨询中心,昆仑山南路644号,,4.0,08:00-17:30,120.151939,35.949930,青岛市,黄岛区,B0L0BUVJB1,试点地区搜索
和美居心理咨询中心,心理咨询中心,朝阳山路517-10号,19153227155,3.3,,120.040511,35.881769,青岛市,黄岛区,B0HRBSXNRE,试点地区搜索
卓君身心健康综合干预中心,其他,福州北路135-12号,18605321195;18805327718,4.2,,120.399626,36.099762,青岛市,市北区,B0KGPA0NZW,试点地区搜索
臻爱·语言迟缓·社交·自闭症干预·感统训练,其他,黑龙江中路638号(海尔路地铁站C1口步行200米),18506395886,4.9,08:30-17:00,120.425331,36.138519,青岛市,李沧区,B0I33HVT40,试点地区搜索
脊速肌骨运动康复中心,其他,香港东路195号金狮广场11号门内左侧,18663977531,4.1,10:00-21:00,120.462967,36.096423,青岛市,崂山区,B0J3DSI48Z,试点地区搜索
滕州市精神卫生中心,精神专科医院,东郭镇,0632-2522381;0632-2522491,,09:00-17:00,117.247531,35.179758,枣庄市,滕州市,B0FFFEAPAU,试点地区搜索
枣庄市精神卫生中心新城分院,精神专科医院,宁波路与复元四路交叉口东420米,,,24小时营业,117.368846,34.824247,枣庄市,薛城区,B0FFKAXDMI,试点地区搜索
枣庄市精神卫生中心,精神专科医院,汇泉路6号,,,,117.585847,34.822019,枣庄市,市中区,B0FFHWAKAQ,试点地区搜索
枣庄市立二院北庄院区,其他,北庄镇下东庄,0632-8915296;0632-8917709,,08:00-17:00,117.676093,34.978877,枣庄市,山亭区,B0FFGNMTMY,试点地区搜索
枣庄海化薛焦精神病医院,其他,三四八省道,,,24小时营业,117.244347,34.801160,枣庄市,薛城区,B02780QM0U,试点地区搜索
枣庄市山亭区精神卫生中心,精神专科医院,028县道西南40米,,,,117.676704,34.978575,枣庄市,山亭区,B0FFM9FZAS,试点地区搜索
枣庄海化薛焦医院精神疾病康复治疗中心,其他,三四八省道枣庄海化薛焦医院附近,,,24小时营业,117.244076,34.800931,枣庄市,薛城区,B0FFFZKLU4,试点地区搜索
枣庄市精神卫生中心-门诊楼,精神专科医院,汇泉东路6号,,,,117.585875,34.821875,枣庄市,市中区,B0FFM7F5VU,试点地区搜索
枣庄诚德心理医院,其他,汇丰路266号山亭诚德骨科医院院内东侧楼心理医院,15606370526,4.2,08:00-17:30,117.449847,35.100766,枣庄市,山亭区,B0IDVUCIJ6,试点地区搜索
君憬心理咨询,心理咨询中心,北辛街道北关街接官巷路南56-1,,3.8,,117.160172,35.097796,枣庄市,滕州市,B0LA7ZSILI,试点地区搜索
阳光心理咨询,心理咨询中心,阳光国际壹号公寓504室,15864459949,3.7,08:00-19:30,117.184940,35.102163,枣庄市,滕州市,B0GK9UQT3P,试点地区搜索
龙凤堂,其他,运河街道金光路160号阳场小区西起第15间门市,0632-6016789,3.8,08:00-20:00,117.743084,34.562512,枣庄市,台儿庄区,B0KDYUX4MR,试点地区搜索
王剑飞心理咨询(枣庄)有限公司,心理咨询中心,文化中路41号工人文化宫,0632-8885666,4.1,08:30-17:30,117.565405,34.851758,枣庄市,市中区,B0JBKMJUB1,试点地区搜索
滕州市暖阳心理服务中心,其他,北辛街道丽都水岸芙蓉街13号,13156825529,3.7,08:00-20:00,117.157670,35.097830,枣庄市,滕州市,B0KK4U2U42,试点地区搜索
慧泽心理服务中心,其他,真爱商城一区三楼12街中段,18266321588,3.4,09:00-17:30,117.141981,35.081103,枣庄市,滕州市,B0L3MSJUWG,试点地区搜索
心康心理咨询服务工作室,心理咨询中心,人民西路14号,13793743782,3.5,09:00-19:00,117.529082,34.830881,枣庄市,市中区,B0L1CM5IK9,试点地区搜索
润欣心理咨询,心理咨询中心,塔寺北路22号,18266247516,3.8,,117.171041,35.105421,枣庄市,滕州市,B0I2HR7PSN,试点地区搜索
睿智心理,其他,祥云奥体6号公寓901室,,3.7,08:00-22:00,117.186875,35.111575,枣庄市,滕州市,B0GRUA5VFG,试点地区搜索
王剑飞心理咨询,心理咨询中心,紫光园东门旁,,3.9,,117.338720,34.799086,枣庄市,薛城区,B0LAKXPY5H,试点地区搜索
心灵港湾心理咨询,心理咨询中心,长江中路205号永泰花园,,3.6,,117.272614,34.784641,枣庄市,薛城区,B0KAG5PSXP,试点地区搜索
滕州市心理健康综合服务中心,心理咨询中心,善国中路金茂大厦,,3.6,,117.166181,35.086102,枣庄市,滕州市,B0FFIT0N5R,试点地区搜索
宁和心理咨询,心理咨询中心,解放北路与周庄路交叉口西南80米,,3.5,,117.571415,34.856652,枣庄市,市中区,B0J22HSKMV,试点地区搜索
明慧心理,其他,金光路西首金桂二期北门9号门市,,3.4,,117.713256,34.566688,枣庄市,台儿庄区,B0KKGZCMT5,试点地区搜索
诚和敬心理,其他,匡泉巷与永福中路交叉口东40米,,3.4,,117.263299,34.797022,枣庄市,薛城区,B0LGFOTDTU,试点地区搜索
心理咨询,心理咨询中心,东沿河路与坛山中路交叉口东北160米,,3.5,,117.585443,34.775176,枣庄市,峄城区,B0JUAAZL3N,试点地区搜索
瀚明舒谈心理咨询,心理咨询中心,中兴花园东北1门旁,,3.1,,117.568872,34.849883,枣庄市,市中区,B0L2O1WVXX,试点地区搜索
峰檀心理服务,其他,峄城金牛市场西1门南100米,,3.0,,117.583595,34.766288,枣庄市,峄城区,B0LDBOF8EU,试点地区搜索
小凡星·言语治疗·发育迟缓·自闭症干预(枣庄中心),其他,新城街道新三中西侧正信领秀城一期B区爱蒙丫丫幼儿园1层,0632-8620766;18769221315,4.2,,117.337589,34.796039,枣庄市,薛城区,B0LUKUTWDF,试点地区搜索
启星儿童早期干预中心,其他,和谐康城E区4-5号门面房,,4.5,,117.189950,35.079128,枣庄市,滕州市,B0J2MUVG2V,试点地区搜索
烟台市心理康复医院,其他,旌旗东路,0535-7288700;0535-7288711,,07:30-17:00,120.739534,36.975926,烟台市,莱阳市,B0217021E3,试点地区搜索
烟台肺科医院,其他,桑园路75号,0535-2977702;0535-6222728,,,121.409007,37.526085,烟台市,芝罘区,B021702IIN,试点地区搜索
烟台市精神卫生中心,精神专科医院,旌旗东路109号,0535-7288700;0535-7288711,,,120.738818,36.975515,烟台市,莱阳市,B0FFFRU5YJ,试点地区搜索
烟台市精神卫生中心,精神专科医院,盛泉东路与恒源路交叉口西420米,,,,121.434745,37.439172,烟台市,莱山区,B0L6AP00CL,试点地区搜索
烟台市牟平区皮肤病结核病精神病防治院门诊部,其他,文兴路与雷神庙大街交叉口北80米,,,,121.601329,37.372150,烟台市,牟平区,B0LAMH33VL,试点地区搜索
栖霞市心理康复医院,其他,迎宾路1868号,,,,120.806295,37.270597,烟台市,栖霞市,B0HUAD1274,试点地区搜索
烟台市莱州荣军医院,其他,崇文街72号,,,,119.950542,37.184465,烟台市,莱州市,B021704V1B,试点地区搜索
龙口市心理康复医院,其他,黄山馆镇206国道,0535-8891104,,,120.288910,37.542400,烟台市,龙口市,B021704A24,试点地区搜索
烟台清潭心理康复医院,其他,空港路15号,0535-2732777,,,121.362211,37.412026,烟台市,福山区,B0G257TILR,试点地区搜索
烟台市蓬莱区心理康复医院,其他,振兴西路与振兴路交叉口西北100米,,,,120.733952,37.795052,烟台市,蓬莱区,B02170RTS4,试点地区搜索
烟台平治心理康复医院,其他,隆达路516号,18678614174,,24小时营业,121.638922,37.404107,烟台市,牟平区,B0K0YCE9X5,试点地区搜索
烟台康宁心理康复医院,其他,武汉大街18号内1号-1,13205441570,,,121.115743,37.621329,烟台市,福山区,B0FFLDBGBQ,试点地区搜索
烟台平济心理康复医院,其他,光州西街88号平济大厦,,,08:00-12:00 13:30-17:30,119.918845,37.189827,烟台市,莱州市,B0JRJAHD3R,试点地区搜索
烟台爱达心理康复医院,其他,源盛路8号附6号,,,08:00-20:00,121.414081,37.420833,烟台市,莱山区,B0H3DSOF95,试点地区搜索
烟台融康心理康复医院,其他,城厢街道贤友路1号,15306458807,,08:00-20:00,120.731747,36.981408,烟台市,莱阳市,B0JU1ZTUB3,试点地区搜索
海阳康宁心理康复医院,其他,经济技术开发区原汉城路26号,0535-3539999,,,121.203533,36.736284,烟台市,海阳市,B0FFJKWDTX,试点地区搜索
招远市心理康复医院,其他,长安路东544号,0535-8388506,4.5,07:30-11:30 14:00-17:00,120.304797,37.397637,烟台市,招远市,B0IRDSPI9H,试点地区搜索
健安莱阳心理康复医院,其他,五龙南路69号,,4.2,,120.707466,36.963358,烟台市,莱阳市,B0IK5ZSE5Z,试点地区搜索
芝罘区心理康复医院,其他,桑园路75号,,,,121.409265,37.525692,烟台市,芝罘区,B0FFGJR053,试点地区搜索
海阳市中医医院儿童心理康复基地,其他,晶山街与海山路交叉口西北20米,,,,121.161910,36.784446,烟台市,海阳市,B0IRZZ0SEB,试点地区搜索
心理康复医院(莱山院区)-志愿者心理关爱中心,其他,盛泉东路与恒源路交叉口西420米,,4.1,,121.434862,37.439190,烟台市,莱山区,B0LRXU0LGA,试点地区搜索
招远市心理康复医院发热门诊,其他,长安路东544号,,,,120.304775,37.397625,烟台市,招远市,B0IKCZKSXN,试点地区搜索
烟台市心理康复医院-门诊部,其他,旌旗路109号烟台市心理康复医院门诊楼,,,,120.739280,36.975735,烟台市,莱阳市,B0FFF29S0U,试点地区搜索
龙口市心理康复医院心理科,其他,石黄线(龙口市心理康复医院),0535-8891104,,,120.288675,37.542399,烟台市,龙口市,B0FFK49482,试点地区搜索
烟台市牟平区心理康复中心,其他,文兴路706号,,,,121.601296,37.371010,烟台市,牟平区,B021704L95,试点地区搜索
烟台心成恩心理(开发区店),其他,嵩山路43号星悦国际中心705室,13176912273,3.6,09:00-22:00,121.250504,37.561425,烟台市,福山区,B0KGSZ7DYY,试点地区搜索
春润心理咨询·(烟台)家庭婚姻情感咨询,心理咨询中心,南大街振华国际177号,15953511707,3.9,24小时营业,121.379924,37.542315,烟台市,芝罘区,B0IAT7UB3A,试点地区搜索
一森心理咨询中心(振华国际广场店),心理咨询中心,南大街177号,18766381707,4.0,24小时营业,121.380275,37.542298,烟台市,芝罘区,B0J2MOSFFG,试点地区搜索
富浩心理咨询工作室,心理咨询中心,河滨路80号0908室,13562515811,3.7,24小时营业,121.268152,37.495534,烟台市,福山区,B0LGYR9061,试点地区搜索
心程空间,其他,星颐广场6号楼501室,13198231413,3.6,24小时营业,121.246075,37.562325,烟台市,福山区,B0LAN5XIWV,试点地区搜索
得煦心理工作室,其他,松霞新苑南小区南门西160米,17753559968,3.9,24小时营业,121.269168,37.509914,烟台市,福山区,B0IU9MSN6N,试点地区搜索
烟台佑辅心理咨询有限公司,心理咨询中心,机场路90号,0535-3390418,3.4,08:00-20:00,121.366065,37.503556,烟台市,芝罘区,B0JG6RPZE0,试点地区搜索
烟台启迪心理咨询有限公司,心理咨询中心,山东省烟台市芝罘区图书馆对面(金沟寨中国银行五楼，E座502),18615016884,3.8,09:00-16:30,121.434319,37.526174,烟台市,芝罘区,B0FFLI4PEX,试点地区搜索
平行时空心理咨询·婚姻情感咨询(山东烟台店),心理咨询中心,南大街177号,17860381707,2.6,24小时营业,121.380263,37.542349,烟台市,芝罘区,B0I07CQLNO,试点地区搜索
春润心理咨询中心(莱山店),心理咨询中心,迎春大街190号,15953511707,3.7,24小时营业,121.436245,37.456133,烟台市,莱山区,B0K1N5IL15,试点地区搜索
平行时空心理咨询·婚姻情感咨询(山东烟台店),心理咨询中心,南大街11号壹通国际大厦,,3.1,,121.403332,37.537301,烟台市,芝罘区,B0L2B5KF9K,试点地区搜索
烟台心成恩心理(只楚路店),其他,只楚路124号万光金地佳园1号楼1单元1703室,13854517652,3.3,08:00-17:00,121.340875,37.546475,烟台市,芝罘区,B0KG5MAAG8,试点地区搜索
烟台市心理咨询中心,心理咨询中心,长江路150号,13256965017,3.6,,121.266380,37.560660,烟台市,福山区,B0K39C8O2R,试点地区搜索
中山医协心理咨询研究中心,心理咨询中心,南大街178-101号振华国际广场,18766381707,3.5,09:00-20:00,121.380116,37.542218,烟台市,芝罘区,B0J0AS3OYD,试点地区搜索
悟渡心理,其他,山水龙城荆峰路29号附12号3楼,18561097309,3.6,10:00-22:00,121.375817,37.483746,烟台市,芝罘区,B0KANDS8PT,试点地区搜索
烟台莱山区青心如是心理咨询服务中心,心理咨询中心,新天地广场279号内1523号,13210073052;15684100791,3.7,09:00-19:30,121.431925,37.453975,烟台市,莱山区,B0K0YSHTZM,试点地区搜索
芝罘区正元心理咨询中心,心理咨询中心,大兴街与四马路交叉口东北40米,15653825939,3.2,08:30-18:00,121.407426,37.533803,烟台市,芝罘区,B0HA6G6DHK,试点地区搜索
彩霞心理工作室,其他,力高阳光海岸27号楼商铺114号,15965173016,3.8,08:00-19:00,121.525645,37.442950,烟台市,莱山区,B0JD5C8PUO,试点地区搜索
知我心理咨询工作室(龙门花园店),心理咨询中心,龙门花园东门北170米,,4.0,,120.503966,37.647038,烟台市,龙口市,B0HR7AOLGS,试点地区搜索
心乐坊心理咨询,心理咨询中心,中国自由贸易试验区烟台片区福莱山街道金沙江路159号A座一层东大厅南1号,18553541393,3.9,09:00-17:00,121.232903,37.554629,烟台市,福山区,B0L6576RBL,试点地区搜索
七畅心理咨询疗愈工作室,心理咨询中心,东凤大道北路与海宁路交叉平顶社区东60米,15192246169,3.7,08:30-19:00,121.193317,36.773896,烟台市,海阳市,B0KGU7VT20,试点地区搜索
三阳心理咨询,心理咨询中心,辛庄街1号楼2单元9楼,13001628895;18353515824,3.6,09:00-19:00,121.403006,37.531568,烟台市,芝罘区,B0G2JZIWQ8,试点地区搜索
禧年心理咨询,心理咨询中心,福海路与汇福街交汇处215-39号,18954576345,3.6,08:30-11:30 13:00-18:00,121.259827,37.512872,烟台市,福山区,B0JKBUEXS1,试点地区搜索
心之路心理工作室,其他,万达广场A1-1517室心之路心理工作室,13853508725,3.5,08:00-20:00,121.393574,37.535943,烟台市,芝罘区,B0FFLHXX7W,试点地区搜索
上中医科心理健康咨询中心,心理咨询中心,裕源大厦,15688596179,2.1,24小时营业,121.268432,37.560134,烟台市,福山区,B0KAGL1Q1X,试点地区搜索
龙口市艾乐由心理咨询服务中心,心理咨询中心,新嘉街道府后街天鸿二期项目12号楼105铺,,4.3,,120.485071,37.647303,烟台市,龙口市,B0I025F7HJ,试点地区搜索
莱山区心理咨询指导中心黄海路街道工作站,心理咨询中心,滨海中路金海岸花园,,3.4,,121.447361,37.495038,烟台市,莱山区,B0FFG8ZGPN,试点地区搜索
牟平区心港心理咨询中心,心理咨询中心,牟平区牟兴路439号附72号,15653881372,3.5,08:00-19:00,121.592976,37.397133,烟台市,牟平区,B0L2AH1SJT,试点地区搜索
天耀心理咨询中心,心理咨询中心,三道街与忠义街交叉口西20米,,3.0,,121.403546,37.535191,烟台市,芝罘区,B0LUA9PR0Z,试点地区搜索
蓬莱减重与营养干预中心,其他,登州路与钟楼东路交叉口西南40米,15153591799,,,120.770633,37.807951,烟台市,蓬莱区,B0KDP5242N,试点地区搜索
七色光儿童康复中心(发育迟缓训练 自闭症干预训练 感统训练),其他,迎宾路64号金泽雅苑门市4楼,13305351608,,07:30-17:30,120.406344,37.358962,烟台市,招远市,B0IKB5EOV1,试点地区搜索
招远金都康复医院糖尿病菌群干预中心,其他,温泉路579号招远金都康复医院,,,,120.375360,37.350650,烟台市,招远市,B0FFKH6QVJ,试点地区搜索
潍坊市精神卫生中心,精神专科医院,潍安路8899号,0536-7620658;0536-8555087,,,119.217305,36.661344,潍坊市,奎文区,B0FFI1237J,试点地区搜索
潍坊市第三人民医院(新昌路),其他,新昌路,0536-6221412;0536-6222876;0536-6257113,,,118.838493,36.704038,潍坊市,昌乐县,B021802XDG,试点地区搜索
寿光市精神卫生中心,精神专科医院,特钢路开发区医院(言玉大酒店东南),0536-5587120,,,118.796424,36.913895,潍坊市,寿光市,B02180JDSR,试点地区搜索
潍坊市精神卫生中心,精神专科医院,院区潍坊市高新区潍安路8899号昌乐院区昌乐县城新昌路中段孤山后巷1号,,,,118.837244,36.703824,潍坊市,昌乐县,B021816J4M,试点地区搜索
昌邑市精神卫生中心,精神专科医院,围子镇仓街社区东环路99号,0536-7859136,,24小时营业,119.513114,36.847064,潍坊市,昌邑市,B0I05Z1BSK,试点地区搜索
潍坊市精神卫生集团青州市精神卫生中心,精神专科医院,鲁星路887号,0536-3531045,,08:00-17:30,118.544410,36.672313,潍坊市,青州市,B021816TH6,试点地区搜索
安丘市精神卫生中心,精神专科医院,019乡道与幸福路交叉口东北100米,,,,119.125958,36.443923,潍坊市,安丘市,B0FFH2Q4LY,试点地区搜索
寿光康宁医院,其他,圣城西街,,,,118.687129,36.895824,潍坊市,寿光市,B0FFM9RH6O,试点地区搜索
临朐惠康医院,其他,南环路7126号,0536-5038901,,24小时营业,118.517890,36.486446,潍坊市,临朐县,B0K0K7C3ZL,试点地区搜索
诸城市精神卫生中心,精神专科医院,人民东路151号,0536-6061532,,,119.431081,35.995641,潍坊市,诸城市,B02180I36M,试点地区搜索
安丘市精神卫生中心,精神专科医院,兴安街道健康路253号,,,06:00-12:00 14:00-17:00,119.210214,36.423148,潍坊市,安丘市,B0HRXCSS3U,试点地区搜索
潍坊市寒亭区精神卫生中心,精神专科医院,朱里医院附近,,,,119.384744,36.736007,潍坊市,寒亭区,B0FFFVB7OR,试点地区搜索
高密市精神卫生中心,精神专科医院,立新街与秦岭路交叉口东南160米,,,,119.808425,36.377275,潍坊市,高密市,B0LBSZU977,试点地区搜索
安丘市精神卫生中心发热门诊,精神专科医院,健康路253号,,,,119.210227,36.423129,潍坊市,安丘市,B0IKUUC0JM,试点地区搜索
潍坊市第三人民医院-精神科门诊楼,其他,新昌路潍坊市第三人民医院,,,,118.838800,36.703771,潍坊市,昌乐县,B0218179OH,试点地区搜索
潍坊市第三人民医院(潍坊市精神卫生中心),精神专科医院,潍安路与东方路交叉口西北220米,,,,119.217065,36.661744,潍坊市,奎文区,B0FFJ11NTG,试点地区搜索
临朐康宁心理医院,其他,北环路1177号,,,24小时营业,118.588288,36.538335,潍坊市,临朐县,B0H0ZSUEHF,试点地区搜索
坊子惠康心理医院,其他,潍州路交运物流园以西,,,,119.128951,36.604627,潍坊市,坊子区,B0J3LC9WK9,试点地区搜索
诸城颐康心理医院,其他,龙都街道龙翔路151号,,,,119.346355,35.965352,潍坊市,诸城市,B0JK7ZNUSV,试点地区搜索
安丘市心理健康服务中心,心理咨询中心,健康路人民医院东288米路北,,4.3,,119.210267,36.423184,潍坊市,安丘市,B0FFKWGKVP,试点地区搜索
高密惠康心理医院,其他,柳河大道与康成大街南2166号,0536-2369120,4.4,07:00-18:00,119.703650,36.361710,潍坊市,高密市,B0LD773O0X,试点地区搜索
青州颐康心理医院,其他,花都大道20777号,,4.3,24小时营业,118.543225,36.687248,潍坊市,青州市,B0LRK5IVOT,试点地区搜索
山东第二医科大学附属医院临床心理科,三甲医院,山东第二医科大学虞河校区北门旁,,,,119.131788,36.706334,潍坊市,奎文区,B0GDUD6NBG,试点地区搜索
潍坊新月心理咨询中心,心理咨询中心,青年路胜利街东方威尼斯5楼533室,13863679032,4.0,09:00-18:00,119.110611,36.705788,潍坊市,潍城区,B021816SNA,试点地区搜索
潍坊晓峰心理咨询工作室,心理咨询中心,胜利东街5021号阳光100城市广场12号楼-529室,13361533751,3.8,08:00-22:00,119.126624,36.707187,潍坊市,奎文区,B0G3CS6ZDS,试点地区搜索
释和心理咨询,心理咨询中心,中百大厦商务楼1209室,18365651717,3.6,08:00-18:00,119.776948,36.370528,潍坊市,高密市,B0J1BAKR9M,试点地区搜索
上清阁,其他,光明路中国邮政东小区千榕家纺南家属院最东侧北户,15589665551,4.0,08:00-20:00,118.733486,36.869098,潍坊市,寿光市,B0KUMG7PX2,试点地区搜索
倾语心理咨询服务有限公司,心理咨询中心,碧桂园桃李东方1号公寓楼818室,15964577019;19100453990,4.2,09:00-18:00,119.164764,36.685695,潍坊市,奎文区,B0LG45EPNZ,试点地区搜索
灵犀心理咨询工作室,心理咨询中心,东风东街与虞河路口东南角碧水蓝天4号楼(蓝天大厦)609室,13964652382,3.7,08:00-19:00,119.134707,36.712622,潍坊市,奎文区,B0I1DAPT6L,试点地区搜索
诸城市心悦心理咨询服务有限公司,心理咨询中心,龙源街金地翰林鲁班,13326366025,3.6,09:00-21:00,119.384159,35.991669,潍坊市,诸城市,B0HRV9ABIE,试点地区搜索
潍坊市雅潍心理咨询中心,心理咨询中心,丹桂里金街1-2-1401(东风街新华路口西北角),15610255591,3.5,09:00-21:00,119.147046,36.713920,潍坊市,奎文区,B0FFGXF8R4,试点地区搜索
天源心理,其他,健康东街14278号,0536-8682900,1.9,08:00-18:00,119.124273,36.691372,潍坊市,奎文区,B0FFJARFK1,试点地区搜索
随缘居,其他,诸城市南外环路与东外环交叉口向东600米路南,13153613683;15886215018,4.3,08:30-24:00,119.444382,35.980427,潍坊市,诸城市,B0GR6AXN0Y,试点地区搜索
静雅时光(超总心理健康咨询中心),心理咨询中心,财富大厦608,13864640777,3.4,09:00-17:00,118.544005,36.518913,潍坊市,临朐县,B0HKCCD889,试点地区搜索
道中和心愈空间,其他,亚特尔智慧城沿街三楼道中和心愈空间,14768996986,3.9,09:00-18:00,119.162042,36.666812,潍坊市,坊子区,B0L2LDOKUM,试点地区搜索
明阳心理咨询有限公司,心理咨询中心,望留街道胡家村村西春鸢路与潍水西街交叉口北200米路西,13070711026,3.9,24小时营业,119.007375,36.633275,潍坊市,潍城区,B0KGUAMMY8,试点地区搜索
诸城市春鹏心理咨询服务有限公司,心理咨询中心,和平街繁华大厦东单元701,18053688769;18615904828,3.5,08:30-21:00,119.408420,36.003707,潍坊市,诸城市,B0FFJ7BL3Y,试点地区搜索
潍坊慧悦心理咨询中心,心理咨询中心,置城世贸中心3号楼2单元901,13053683848,2.6,09:00-17:00,119.186062,36.706380,潍坊市,奎文区,B0LBKHES4X,试点地区搜索
禾玄心理咨询服务中心,心理咨询中心,万达华府7号楼820,18295670265,3.6,09:00-22:00,119.128820,36.715418,潍坊市,奎文区,B0LUHSFJKR,试点地区搜索
织光社心理咨询,心理咨询中心,兴华西路222-2-301号,13291865316,3.5,24小时营业,119.383214,35.986923,潍坊市,诸城市,B0LU9ZCR81,试点地区搜索
潍坊奎文区禹瑞心理咨询工作室,心理咨询中心,新华路2112号嘉汇大厦1号楼A908室,13869601761,3.5,08:00-21:00,119.147338,36.734924,潍坊市,奎文区,B0K1SCAY7I,试点地区搜索
阳光心理咨询,心理咨询中心,文化街与幸福路交叉口东180米,13070717103;13864648469;18162089853,3.3,09:00-21:00,119.206813,36.776431,潍坊市,寒亭区,B0FFFFLPJN,试点地区搜索
聚缘堂,其他,福泰家园B区北门旁,13869686494;15053697787,3.6,08:00-20:00,119.793475,36.381125,潍坊市,高密市,B0LA71WACC,试点地区搜索
福园心岸,其他,五图街道卫生院东北侧80米,,3.7,08:00-21:00,118.824537,36.649361,潍坊市,昌乐县,B0KKD5OL9Q,试点地区搜索
高密市宜安心理健康咨询中心,心理咨询中心,朝阳街道中共沈家八里庄支部委员会西侧,13964637326,3.8,,119.773051,36.346223,潍坊市,高密市,B0GUYH2814,试点地区搜索
潍坊彭胜三叉神经医院,其他,潍州路530号,0536-8812738,,24小时营业,119.121019,36.672536,潍坊市,奎文区,B021816R2X,试点地区搜索
安丘康宁心理治疗中心,其他,凌河镇新凌街9号,,,,119.087776,36.362650,潍坊市,安丘市,B0LGXCBQVI,试点地区搜索
泽琳(潍坊)心理咨询中心,心理咨询中心,和平街时尚巴黎C座17层,,3.6,09:00-21:00,119.407728,35.997348,潍坊市,诸城市,B0KKOR2EQ7,试点地区搜索
承允堂健康管理中心,其他,饮马镇下小路济青宾馆南100米,18653654233,,08:00-18:00,119.472028,36.650183,潍坊市,昌邑市,B0KKUSIVNK,试点地区搜索
寿光市心理健康服务中心,心理咨询中心,特钢路与园区三号路交叉口东北40米,,4.2,,118.796197,36.914496,潍坊市,寿光市,B0FFH25XKY,试点地区搜索
寒亭区心理健康中心,心理咨询中心,206国道与004县道交叉口西北260米,,4.1,,119.291917,36.775956,潍坊市,寒亭区,B0I1JAB1DN,试点地区搜索
潍坊市心理健康服务中心,心理咨询中心,潍安路与东方路交叉口西北180米,,3.9,,119.217428,36.661365,潍坊市,奎文区,B0FFHKVFO9,试点地区搜索
金阳光心理咨询中心,心理咨询中心,城南街赋海花园,,4.0,,118.535992,36.501470,潍坊市,临朐县,B0FFI7DE0L,试点地区搜索
奎文区德馨苑心理咨询服务中心,心理咨询中心,文化路与北宫东街交叉口东南80米,13053633134,3.8,09:00-22:00,119.141503,36.724553,潍坊市,奎文区,B0LDGCE6HR,试点地区搜索
全国社区心理援助(潍坊)中心,心理咨询中心,胜利东街潍坊医学院(虞河校区),,3.2,,119.131785,36.706353,潍坊市,奎文区,B0FFL4PQ34,试点地区搜索
肥胖干预调理中心,其他,振兴街与利群路交叉口南140米,15314427888,2.3,,119.766695,36.385502,潍坊市,高密市,B0J21OJD1O,试点地区搜索
小凡星·言语治疗·发育迟缓·自闭症干预·认知障碍(寿光中心),其他,银座商城(寿光店),19953666368,4.6,,118.750323,36.875487,潍坊市,寿光市,B0LBPUCFKH,试点地区搜索
河南医药大学第二附属医院,其他,前进路207号,0373-3373995,,,113.897184,35.327274,新乡市,牧野区,B0FFHYOFX6,试点地区搜索
河南省精神卫生中心-综合病房楼,精神专科医院,前进路与新飞大道(北)交叉口西320米,,,,113.897096,35.328693,新乡市,牧野区,B0FFM7F453,试点地区搜索
河南省精神疾病防治中心,其他,牧野乡前进路,,,09:00-21:00,113.897098,35.329386,新乡市,牧野区,B0FFKK5E5Y,试点地区搜索
新乡市精神病医院,其他,榆林乡政府向东200米路北,0373-7720021,,24小时营业,114.069292,35.209766,新乡市,延津县,B0KGHZUZH0,试点地区搜索
延津县榆林精神医院,其他,卫生路,15937350406,,24小时营业,114.065889,35.209473,新乡市,延津县,B0KBLR45KD,试点地区搜索
封丘康泽精神病医院医院,其他,北环路99号,13849355555,,24小时营业,114.424739,35.076717,新乡市,封丘县,B0JGUSHG9F,试点地区搜索
原阳永安医院,其他,阳和街道办事处曹庄村南胜利路东侧,13569408882,,24小时营业,113.960321,35.032084,新乡市,原阳县,B0JANAKBNM,试点地区搜索
长垣市精神卫生中心,精神专科医院,伯玉路与龙逄大道交叉口东220米,,,,114.710489,35.193437,新乡市,长垣市,B0FFGSGHIP,试点地区搜索
封丘继勋医院(暂停营业),其他,大广高速与227省道大广高速收费站东邻,0373-8359101,,,114.547204,34.974599,新乡市,封丘县,B0FFHKM1H2,试点地区搜索
新乡市华佗中医院,其他,新飞大道与纺织路交叉口西南角(广发银行南邻),18937348222,4.5,08:00-18:00,113.900228,35.278233,新乡市,红旗区,B0FFHJNQFU,试点地区搜索
中国人民解放军陆军第八十三集团军医院心理科,其他,文化街210号中国人民解放军陆军第八十三集团军医院,,,,113.874387,35.289673,新乡市,红旗区,B0JB31HLVH,试点地区搜索
河南师范大学心理健康教育中心,心理咨询中心,建设路46号河南师范大学(西校区内),,,,113.914998,35.332344,新乡市,牧野区,B0FFFPZX6J,试点地区搜索
清欢心理咨询中心,心理咨询中心,人民中路翡翠城5号楼24层2401,13346669281,3.8,09:00-18:00,113.881887,35.301585,新乡市,红旗区,B0H0H5DL46,试点地区搜索
郭岚心理咨询工作室(平原新区店),心理咨询中心,平原新区恒大金碧天下一期东门河边商铺107号,13007521338;13837193338,3.8,09:00-21:00,113.746211,34.998372,新乡市,原阳县,B0LG2CEZZO,试点地区搜索
言之心理工作室(胜利店),其他,胜利路307号胜绿花园6号楼2单元3层北户,17630190153,3.9,08:30-11:30 14:30-17:30,113.870981,35.292859,新乡市,卫滨区,B0L6SD4XYP,试点地区搜索
清风心理咨询工作室,心理咨询中心,人民路翡翠城5号楼616室,18238789705,3.6,09:30-18:30,113.882227,35.301548,新乡市,红旗区,B0FFLI3AUD,试点地区搜索
元枢心理,其他,和平大道(南)与柳青路交叉口西340米,17630195043,3.6,09:00-19:00,113.884722,35.253892,新乡市,卫滨区,B0KRRCRCFC,试点地区搜索
河南佛德心理咨询中心,心理咨询中心,建设路中段茹岗北路15号,0373-2035153;15103738821,4.2,08:00-18:30,113.898266,35.325226,新乡市,牧野区,B0FFF8XB0E,试点地区搜索
河南明白心理咨询中心,心理咨询中心,河南新乡平原示范区恒大金碧天下一期东院205-2003室,15639788960,3.5,08:00-22:00,113.744904,34.997925,新乡市,原阳县,B0LUSS3YZ8,试点地区搜索
悦心心理工作室,其他,新乡学院南门,17837382232,3.6,08:00-20:00,113.941549,35.288041,新乡市,红旗区,B0HGSH4916,试点地区搜索
新乡市好博思心理咨询有限公司,心理咨询中心,胜利路金色家园,18790597812,4.0,08:00-22:00,113.870226,35.274104,新乡市,卫滨区,B0KGD9U9RR,试点地区搜索
长垣市心理咨询师协会,心理咨询中心,城大路272号,13837355733,3.5,09:00-18:00,114.691514,35.186575,新乡市,长垣市,B0K3S7OHLS,试点地区搜索
明济堂心理咨询工作室,心理咨询中心,牧野小区2号楼3单元2楼西户,18837319787,3.3,09:00-21:00,114.069932,35.388937,新乡市,卫辉市,B0KKJDYK4F,试点地区搜索
豫达心理,其他,新乡学院文化街校区2号院东北门北80米,0373-2197660,4.2,,113.873913,35.291852,新乡市,红旗区,B0FFFGNMJ3,试点地区搜索
原阳耀心坊心理咨询中心,心理咨询中心,城关镇解放路南十一巷014号,15083143444,3.8,,113.973341,35.044122,新乡市,原阳县,B0LBPREFW4,试点地区搜索
河南芯港心理咨询,心理咨询中心,振中路109号,,3.7,08:00-18:00,114.042446,35.385411,新乡市,卫辉市,B0L2M10G5K,试点地区搜索
新乡市心理咨询师协会,心理咨询中心,新中大道966号洪门社区北区北门东侧,0373-3592900;13462386016,3.5,,113.933510,35.271845,新乡市,红旗区,B0FFG8RNBO,试点地区搜索
河南学渔心理咨询有限公司,心理咨询中心,应举镇应举村、新长公路路南1号,18836223728;19299629752,3.8,,114.289560,35.104534,新乡市,封丘县,B0L3DL625F,试点地区搜索
美玥心理咨询,心理咨询中心,苏门大道与和谐路交叉口北300米,,3.8,08:00-11:15 14:00-21:00,113.801825,35.476825,新乡市,辉县市,B0LGROEJFZ,试点地区搜索
梦天心理咨询,心理咨询中心,山海大道与博爱路交叉口东北300米,,3.5,09:00-21:00,114.659770,35.181349,新乡市,长垣市,B0JU3L2A4M,试点地区搜索
易经阁,其他,文化路1605西北方向160米水岸名家,,3.6,08:00-21:00,114.433035,35.053196,新乡市,封丘县,B0LG9HR28S,试点地区搜索
新乡市心灵花园心理咨询工作室,心理咨询中心,曹北路与商业路交叉口西北20米,13409217389;18790567990,3.5,,114.425965,35.029643,新乡市,封丘县,B0J2GXBPW3,试点地区搜索
起名心理辅导工作室,其他,冀源路与火神路交叉口东100米西街中学附近,13462263682,3.1,,113.769037,35.188160,新乡市,新乡县,B0FFJKOUF8,试点地区搜索
睿思阁教育心理咨询,心理咨询中心,科隆大道新飞花园D15号楼三单元二楼201,15136760799,3.6,09:00-18:00,113.908518,35.271259,新乡市,红旗区,B0KBURM36X,试点地区搜索
生命树心理咨询工作室,心理咨询中心,曹北路温馨小区,,3.9,,114.430492,35.029299,新乡市,封丘县,B0G2K6OEJA,试点地区搜索
心理云(新乡睿思阁)咨询中心,其他,道清路与丰华街交叉口西60米,,3.4,,113.906225,35.268575,新乡市,红旗区,B0LDZ9SDRS,试点地区搜索
陌轩心理咨询中心,心理咨询中心,华豫大道与纬一路交汇处国际万商城27幢01号,,3.7,,114.701273,35.156773,新乡市,长垣市,B0LR0KLI92,试点地区搜索
鑫佳美容肠SPA干预中心(伟业中央公园店),其他,洪门镇新中大道与荣校路交叉口伟业中央公园北门25号楼113商铺,,4.1,09:00-19:30,113.929249,35.309480,新乡市,红旗区,B0FFKTB34G,试点地区搜索
新乡市康达星贝儿童能力训练中心,其他,中原路261号和平路和中原路交叉口向西50米路南,19513590580,4.4,,113.887357,35.313157,新乡市,牧野区,B0H1JUO3KE,试点地区搜索
肯纳一九四三儿童康复提升中心,其他,汽车东站十字东北角春天里生活广场一楼,13027661943,4.3,08:30-18:00,113.902055,35.297449,新乡市,红旗区,B0I3TUD6AW,试点地区搜索
驻马店市第二人民医院,其他,雪松路51号,0396-3826008;0396-3826052,,,114.066956,32.988626,驻马店市,驿城区,B0FFHH593U,试点地区搜索
驻马店安康精神病医院,其他,经济开发区乐山路朗陵路口向东556号,13939601783;15036908449,,,114.024025,33.040414,驻马店市,驿城区,B0K1C5MB5Z,试点地区搜索
新蔡安康精神病院医院,其他,华星路,17703963188,,24小时营业,114.904333,32.738796,驻马店市,新蔡县,B0K0HSPITJ,试点地区搜索
泌阳颐兴精神病医院,其他,铜山湖大道西段联合板业对面,0396-7885120,,,113.295925,32.737475,驻马店市,泌阳县,B0LDUR80TY,试点地区搜索
新蔡安定精神病医院,其他,古吕办事处振兴路北段,,,,114.976127,32.760807,驻马店市,新蔡县,B0FFG401C9,试点地区搜索
上蔡何济精神医院,其他,蔡都大道东段168号,,,24小时营业,114.283376,33.262143,驻马店市,上蔡县,B0FFGB1XTL,试点地区搜索
遂平县精神病医院,其他,建设路313号,15539651160,,24小时营业,114.007864,33.144496,驻马店市,遂平县,B0FFL3MBBD,试点地区搜索
平舆县中心医院精神病专科,综合医院,消防路与古槐大道交叉口西南360米,,,,114.650765,32.947383,驻马店市,平舆县,B0JRKMYAOX,试点地区搜索
西平县精神卫生服务中心,其他,331省道北50米,,,08:00-12:00 14:30-18:00,114.005011,33.363693,驻马店市,西平县,B0FFKUCKE4,试点地区搜索
泌阳康宁,其他,花园路与创业路交叉口西南300米,,,,113.297046,32.729898,驻马店市,泌阳县,B0FFHSQWUV,试点地区搜索
豫南精神卫生中心,精神专科医院,雪松路51号,,,24小时营业,114.066732,32.987356,驻马店市,驿城区,B0FFKQP74F,试点地区搜索
驻马店市癫痫诊治中心,其他,雪松大道与兴业大道交叉口东180米,,,,114.066775,32.987333,驻马店市,驿城区,B0FFG3F5ZE,试点地区搜索
瑞康精神病医院,其他,人民西路168号,,,,114.945373,32.758783,驻马店市,新蔡县,B0KKMMJTIJ,试点地区搜索
泌阳县人民医院精神卫生中心,精神专科医院,盘古乡盘古街文化路108号,0396-7910120,,,113.307442,32.655030,驻马店市,泌阳县,B0IKSAVOM1,试点地区搜索
泌阳康嘉精神疗养医院,其他,杨家集镇人民政府南门旁,,,08:00-20:00,113.346137,32.824714,驻马店市,泌阳县,B0K2NA0OKB,试点地区搜索
何济精神医院,其他,康乐街与005县道交叉口东南180米,,,,114.548263,33.199408,驻马店市,上蔡县,B0HBYOJCY2,试点地区搜索
新蔡县文忠癫痫病研究所,其他,002县道,,,,114.909920,32.919775,驻马店市,新蔡县,B0KD0MUGRE,试点地区搜索
驻马店广济医院心理门诊,其他,学院路与文新路交叉口向西两百米路北一楼,16691360087,,08:00-12:00 14:00-17:30,114.000326,33.017640,驻马店市,驿城区,B0K371RL56,试点地区搜索
启迪心理工作室,其他,县委招待所北边300米第二人民医院(原公疗办)后面小广场东边50米路北,15978879151,3.6,,114.391099,32.606957,驻马店市,正阳县,B0KG1S5XVT,试点地区搜索
一点通心理咨询工作室,心理咨询中心,橡林街道交通路莱茵湖D5东一单元902室,15290162412,3.6,08:00-20:00,113.990034,32.974506,驻马店市,驿城区,B0G2RZI3B2,试点地区搜索
驻马店市青少年心理门诊,其他,天中广场市民中心3层,0396-2798818,3.8,08:00-12:00 15:00-18:00,114.022510,33.009257,驻马店市,驿城区,B0K09S2DG8,试点地区搜索
驻马店蔡州心理咨询中心,心理咨询中心,龙祥路一高体育场,15286899236,3.5,08:30-19:00,114.262474,33.270883,驻马店市,上蔡县,B0KKMHHM3V,试点地区搜索
绍灵心理咨询,心理咨询中心,电焊机厂家属院南门旁,13721378387,3.3,08:00-20:00,114.027609,32.971259,驻马店市,驿城区,B0I10S369A,试点地区搜索
驻马店市青少年心理健康评估中心,心理咨询中心,驻马店市民中心3层,,3.7,08:00-12:00 15:00-18:00,114.022515,33.009016,驻马店市,驿城区,B0LU2HWFV9,试点地区搜索
道缘阁(西平国际商贸城店),其他,香港路北段,13223837915,3.7,,113.986035,33.392806,驻马店市,西平县,B0IA3XJY0K,试点地区搜索
莱恩心理咨询,心理咨询中心,骏马路与团结路交叉口向南15米路东,13193730887,3.6,08:00-20:00,114.020547,32.991118,驻马店市,驿城区,B0FFM962UR,试点地区搜索
驻马店市心理咨询治疗中心,心理咨询中心,雪松路东段51号,,4.0,,114.066806,32.987333,驻马店市,驿城区,B018C01B01,试点地区搜索
民和心理咨询室,心理咨询中心,四季花城三期,,3.7,,113.327957,32.713124,驻马店市,泌阳县,B0LUCCWP19,试点地区搜索
阳光心理工作室,其他,文汇小区西侧,,3.5,,114.632990,32.946075,驻马店市,平舆县,B0LGFOTLSO,试点地区搜索
慧宇家庭教育青少年心理咨询服务中心,心理咨询中心,清河大道与健康路交叉口西420米,,3.3,,114.616192,32.952056,驻马店市,平舆县,B0J3MS6SHO,试点地区搜索
燕归来心理咨询工作室(暂停营业),心理咨询中心,英才路与梁祝大道交叉口西220米,15239052155,3.2,,114.349220,33.011214,驻马店市,汝南县,B0FFHP0Y6I,试点地区搜索
阳光心理咨询中心,心理咨询中心,盘古山路新天地未来城,15738930632,3.6,24小时营业,113.994008,33.002862,驻马店市,驿城区,B0KRJZZCL8,试点地区搜索
润心林心理咨询中心(置地大道店),心理咨询中心,置地大道与乐山大道交叉口西南60米,,2.8,,114.027346,33.001467,驻马店市,驿城区,B0LADC3JTZ,试点地区搜索
汝南县社会心理服务体验中心,其他,梁祝大道324号,,,,114.351191,33.012310,驻马店市,汝南县,B0H04SAAV9,试点地区搜索
西平县社会心理服务中心,其他,棠溪大道老行政服务中心,,,,114.014482,33.373963,驻马店市,西平县,B0LRXC0ZZ7,试点地区搜索
康辰星儿童干预中心,其他,橡林街道康辰星儿童干预中心,13513969272,4.2,08:00-20:00,114.000895,32.976907,驻马店市,驿城区,B0LD67A54S,试点地区搜索
益倍通健康干预中心,其他,迅达路与文祥路交叉口东120米,,,,114.013403,32.993608,驻马店市,驿城区,B0FFLKO8UC,试点地区搜索
中和亚健康体质干预中心,其他,清河南路与卫生路交叉口西200米,,,,114.628905,32.952414,驻马店市,平舆县,B0JD91S1RX,试点地区搜索
优抚医院,其他,厦门路2号,0717-6330478;0717-6331552,,09:00-21:00,111.321962,30.713977,宜昌市,西陵区,B02CD017CC,试点地区搜索
长阳土家族自治县中医院(星城二路),其他,龙舟坪镇星城二路1号,0717-5322076,,24小时营业,111.164610,30.495899,宜昌市,长阳土家族自治县,B0G3UA0DAI,试点地区搜索
当阳市精神卫生中心,精神专科医院,锦屏大道与坝陵大道交叉口西南100米,,,,111.803296,30.836739,宜昌市,当阳市,B0FFH09L0F,试点地区搜索
宜昌市精神卫生中心,精神专科医院,厦门路2号优抚医院,0717-6331554,,,111.322703,30.714143,宜昌市,西陵区,B02CD017B0,试点地区搜索
长阳土家族自治县精神卫生健康中心,其他,宗家湾路80号,0717-5322363,,,111.200419,30.475944,宜昌市,长阳土家族自治县,B02CD03ZAO,试点地区搜索
宜都市精神卫生中心,精神专科医院,宜都市第一人民医院附属红十字医院,,,,111.448448,30.374300,宜昌市,宜都市,B0FFFO5KBP,试点地区搜索
远安县人民医院精神卫生中心,精神专科医院,鸣凤镇凤仪路169号远安县人民医院,,,,111.654163,31.059390,宜昌市,远安县,B0L10XE7KR,试点地区搜索
兴山弘仁康复医院精神科,其他,望月路18-2号,,,,110.761742,31.231711,宜昌市,兴山县,B0KGGS77XV,试点地区搜索
宜昌市心理医院,其他,宜昌市优抚医院(宜昌市精神卫生中心),15342457238,,24小时营业,111.322601,30.714150,宜昌市,西陵区,B0JDSUQ3R3,试点地区搜索
宜昌市青少年心理健康中心,心理咨询中心,厦门路2号宜昌市优抚医院3层,15926979103,3.9,24小时营业,111.321775,30.714525,宜昌市,西陵区,B0HUD7KY31,试点地区搜索
宜昌市优抚医院-心理大楼,其他,厦门路与发展大道交叉口西北220米,,,,111.322591,30.714167,宜昌市,西陵区,B0LDLNLI9A,试点地区搜索
可靠树心理工作室,其他,沿江大道168号万达A座1301室,13986775766,3.9,09:00-17:30,111.306942,30.680799,宜昌市,伍家岗区,B0FFKR5NLR,试点地区搜索
山顶心灵驿站,其他,桥边镇六里河村7组20号,18806834290,3.8,09:00-19:00,111.149852,30.667937,宜昌市,点军区,B0IRZR3LK3,试点地区搜索
曹原宜昌炽尘心理,其他,城东大道与合益路交叉口领地7栋302,17771711428;19186254134,3.8,08:00-20:00,111.347800,30.672081,宜昌市,伍家岗区,B0K6SS5080,试点地区搜索
湖北心晴佳心理咨询有限责任公司,心理咨询中心,沿江大道特168-7号宜昌万达C座1816室,13477145929,2.5,,111.307857,30.680027,宜昌市,伍家岗区,B0K3H760LF,试点地区搜索
老王心理咨询,心理咨询中心,鸦鹊岭镇内环路34号,,4.1,,111.590998,30.642116,宜昌市,夷陵区,B0HB9HESZD,试点地区搜索
宜昌心聆空间心理咨询中心,心理咨询中心,东艳路9号,18062370329,3.8,,111.348711,30.658998,宜昌市,伍家岗区,B0JUHSU0FJ,试点地区搜索
央观堂心理咨询,心理咨询中心,名都路与湖滨街交叉口西北40米,,4.0,,111.440425,30.379975,宜昌市,宜都市,B0LBRDIZL0,试点地区搜索
宜昌市中心血站献血大厅,其他,大连路5号中心血站2层,0717-6345103,,08:00-17:30,111.319394,30.699699,宜昌市,西陵区,B0FFIW2CKI,试点地区搜索
运动康复中心,其他,宜昌市中医医院西南门旁,,,,111.298964,30.685056,宜昌市,伍家岗区,B0LU7BTTVX,试点地区搜索
宜昌市中心人民医院(伍家院区),其他,夷陵大道183号,0717-6496666;0717-6483495;0717-6486947,,07:30-17:30,111.306907,30.684410,宜昌市,伍家岗区,B0FFFGWCLN,试点地区搜索
宜昌市中心血站(大连路),其他,大连路5号,0717-6341911,,,111.319434,30.699721,宜昌市,西陵区,B02CD01DB1,试点地区搜索
手机维修中心,其他,马家店街道迎宾大道46-45,,4.0,07:30-20:30,111.747427,30.429096,宜昌市,枝江市,B0FFHRW0KV,试点地区搜索
深圳市康宁医院(罗湖分院),其他,翠竹路1080号(田贝地铁站D口步行270米),,,08:00-12:00 14:00-17:00,114.131093,22.563840,深圳市,罗湖区,B02F37VEIG,试点地区搜索
深圳市康宁医院(坪山院区),其他,振碧路77号,,,08:30-12:00 13:00-16:30,114.304368,22.661791,深圳市,坪山区,B0FFKC2IK8,试点地区搜索
深圳市南山区慢性病防治院,其他,南商路16号(南油地铁站A口步行400米),0755-26648381,,08:00-12:00 14:00-17:00,113.928177,22.507358,深圳市,南山区,B0FFF63U7F,试点地区搜索
深圳怡宁医院,其他,观湖街道鹭湖社区环观南路101号,0755-21034451;13923403386,,24小时营业,114.078461,22.690414,深圳市,龙华区,B0FFHSYAT8,试点地区搜索
深圳市龙华区精神卫生中心,精神专科医院,观澜大道118(茜坑地铁站F口旁),0755-28024008,,09:00-18:00,114.041597,22.697255,深圳市,龙华区,B0FFGP0E96,试点地区搜索
深圳紫荆安康医院,其他,沙井街道新沙路,,,,113.790279,22.730222,深圳市,宝安区,B0JG2MBNTU,试点地区搜索
深圳市精神卫生中心,精神专科医院,深圳市康宁医院坪山院区北门东60米,,,24小时营业,114.304880,22.663035,深圳市,坪山区,B0I6BROQYW,试点地区搜索
深圳市儿童医院,其他,莲花街道福新社区益田路7019号,0755-83936101,,08:00-17:00,114.053925,22.547396,深圳市,福田区,B02F3006F6,试点地区搜索
深圳市妇幼保健院(红荔院区),其他,园岭街道长城社区红荔路2004号(通新岭地铁站D口步行170米),,,08:00-17:00,114.094216,22.549673,深圳市,福田区,B02F30537D,试点地区搜索
深圳市宝安区妇幼保健院,其他,玉律路56号,0755-27812637;0755-27863999,,24小时营业,113.876734,22.561977,深圳市,宝安区,B0FFI9PKZE,试点地区搜索
深圳市龙岗区妇幼保健院,其他,中心城爱龙路6号(回龙埔地铁站B口电梯上来天桥到北门入口),0755-89910371,,24小时营业,114.234828,22.728069,深圳市,龙岗区,B02F37SEBE,试点地区搜索
深圳市南山区人民医院,其他,桃园路89号,0755-26553111,,24小时营业,113.922873,22.530603,深圳市,南山区,B02F37W6BO,试点地区搜索
深圳市宝安中医院(集团),其他,裕安二路25号,0755-29629366,,09:00-12:00 14:30-17:30,113.899183,22.571818,深圳市,宝安区,B02F38MTMC,试点地区搜索
龙华区妇幼保健院,其他,大浪街道华旺路68号,0755-29821199,,24小时营业,113.992870,22.671729,深圳市,龙华区,B02F38S9PB,试点地区搜索
深圳市罗湖区妇幼保健院(太白路),其他,太白路2013号(太安地铁站E口步行390米),0755-25510706,,08:00-12:00 14:00-17:00,114.136659,22.576369,深圳市,罗湖区,B02F37VD7C,试点地区搜索
深圳市福田妇幼保健院,其他,金田路1019号,0755-83823120,,24小时营业,114.064373,22.522800,深圳市,福田区,B02F38IO8B,试点地区搜索
深圳市南山妇幼保健院,其他,湾厦路1号(东角头地铁站D口步行110米),0755-26566646,,08:00-12:00 14:00-17:00,113.930351,22.487406,深圳市,南山区,B02F37UF62,试点地区搜索
南方科技大学蓝生脑科医院,其他,龙观大道360号,0755-61119999,,08:00-18:00,114.012502,22.658521,深圳市,龙华区,B0HRT554SZ,试点地区搜索
深圳市光明区妇幼保健院院本部,其他,光明街道华夏路39号,,,08:00-19:00,113.943372,22.752281,深圳市,光明区,B0H10STCBE,试点地区搜索
深圳市大鹏新区妇幼保健院(乐其院区),其他,布新路29号,,,09:00-21:00,114.485179,22.580492,深圳市,龙岗区,B0JB7AIMNT,试点地区搜索
深圳市第四人民医院,其他,石井街道金牛西路1号,0755-21589999;0755-28299969,,08:00-12:00 14:00-17:00 00:00-24:00,114.378096,22.704296,深圳市,坪山区,B0FFI64NUZ,试点地区搜索
深圳市龙华区中心医院,综合医院,福城街道四和社区观澜大道187号(长湖地铁站B口旁),0755-28015466,,24小时营业,114.046105,22.713407,深圳市,龙华区,B02F38IG6T,试点地区搜索
中山大学附属第八医院心理中心,精神专科医院,福华路132号(福星地铁站A口步行370米),0755-83995877,4.3,08:00-20:00,114.078878,22.539845,深圳市,福田区,B0K2BZETML,试点地区搜索
宝安人民医院建安院区-临床心理科,其他,创业二路4号,,,,113.900913,22.565375,深圳市,宝安区,B0K2SA9VC8,试点地区搜索
深圳市龙华区人民医院,其他,龙华街道景龙建设路38号,0755-27741585,,08:00-17:00,114.032620,22.655543,深圳市,龙华区,B02F38WSN9,试点地区搜索
北京大学深圳医院,其他,莲花路1120号,0755-83923333,,08:00-12:00,114.049251,22.556441,深圳市,福田区,B02F3006F9,试点地区搜索
深圳市第二人民医院,其他,笋岗西路3002号,0755-83366388,,,114.085740,22.557275,深圳市,福田区,B02F305KXG,试点地区搜索
深圳市人民医院,其他,东门北路1017号,0755-25533018,,24小时营业,114.128030,22.557525,深圳市,罗湖区,B02F37W9ER,试点地区搜索
深圳市宝安人民医院,其他,新安街道宝城龙井二路118号,0755-27788311,,08:00-12:00 14:30-17:30,113.914854,22.562217,深圳市,宝安区,B02F302E7B,试点地区搜索
中山大学附属第八医院,精神专科医院,深南中路3025号,0755-83982222;4001191160,,08:00-12:00 14:00-17:00,114.079554,22.538751,深圳市,福田区,B0FFHGD85N,试点地区搜索
深圳市罗湖区人民医院,其他,友谊路47号,0755-82203083,,08:00-17:00,114.122198,22.537850,深圳市,罗湖区,B02F38IHAD,试点地区搜索
深圳市龙岗区人民医院,其他,龙城街道愉园社区爱心路53号,0755-28932833,,24小时营业,114.227612,22.726294,深圳市,龙岗区,B02F301B9F,试点地区搜索
深圳科心大心理专科,其他,深南东路2011号深南万科里(深南道云创汇)东塔4层418、419,18123897415,4.6,08:30-18:00,114.128817,22.544098,深圳市,罗湖区,B0L2SR6677,试点地区搜索
桥恩心理咨询国际连锁(深圳南山总店),心理咨询中心,粤海街道铜鼓路39号大冲国际中心22楼,18124088213,4.7,09:00-21:00,113.953563,22.542270,深圳市,南山区,B0FFM96Y03,试点地区搜索
桥恩心理咨询国际连锁(深圳罗湖店),心理咨询中心,桂园街道松园社区宝安南路3029号国速世纪大厦B座16D,18126498585,4.7,09:00-21:00,114.108993,22.552222,深圳市,罗湖区,B0J3DRKFYK,试点地区搜索
桥恩心理咨询国际连锁(深圳龙华店),心理咨询中心,布龙路与建设路交汇处龙胜恒博中心5楼,18129808508,4.7,09:00-21:00,114.014597,22.641579,深圳市,龙华区,B0G2H5QP2V,试点地区搜索
争渡心理咨询国际连锁(南山店),心理咨询中心,粤海街道大冲社区大冲一路18号大冲商务中心3栋32G,18148589524,4.3,09:00-21:00,113.952991,22.541649,深圳市,南山区,B0FFMFHYU7,试点地区搜索
复点心理咨询中心,心理咨询中心,粤海街道高新区社区白石路3609号科技生态园A2609,18926478836,4.5,09:00-21:00,113.953138,22.531667,深圳市,南山区,B0KUB7PG19,试点地区搜索
深圳心安考拉心理咨询中心,心理咨询中心,科技南十二路2号金蝶云大厦F17层,4000408088,4.4,24小时营业,113.954687,22.533448,深圳市,南山区,B0LDBADAOE,试点地区搜索
心博士心理咨询连锁品牌(龙岗店),心理咨询中心,乐荟中心5栋B座13层,13147053055,4.4,24小时营业,114.077976,22.639557,深圳市,龙岗区,B0HK57MGHE,试点地区搜索
心博士心理咨询(福田店),心理咨询中心,梅林街道梅都社区中康路126号卓越梅林中心广场(南区)卓悦汇A1903,18681486552,4.2,24小时营业,114.060445,22.569071,深圳市,福田区,B0JB1RC3XM,试点地区搜索
从心开始心理咨询全国连锁(深圳总店),心理咨询中心,福华三路88号财富大厦38层,0755-28886662,4.2,09:00-19:00,114.063672,22.533191,深圳市,福田区,B0K13ZUZR2,试点地区搜索
深圳首康心理咨询,心理咨询中心,龙华街道玉翠社区建辉路粤通工业区粤通工业区6号楼,19154945992,4.5,24小时营业,114.025008,22.666825,深圳市,龙华区,B0K2RCGYHP,试点地区搜索
瑞即心理咨询国际连锁(福田店),心理咨询中心,深南大道7006号万科富春东方大厦F23层,18124627969,4.2,24小时营业,114.025854,22.537365,深圳市,福田区,B0KBTUWORR,试点地区搜索
瑞即心理咨询国际连锁(南山店),心理咨询中心,粤海街道大冲社区深南大道9672号大冲商务中心(一期)2栋2号楼3107,18124627969,4.4,24小时营业,113.952558,22.541045,深圳市,南山区,B0GK5N67PG,试点地区搜索
哆唻咪心理咨询(福田店),心理咨询中心,福田街道岗厦社区彩田路3069号星河世纪A栋3606,13717003998,4.1,10:00-19:00,114.067475,22.539075,深圳市,福田区,B0FFLHS3GI,试点地区搜索
观心实验室·心理咨询(深圳福田店),心理咨询中心,沙头街道上沙社区滨河大道9285号(上沙盈凯大厦)中洲滨海商业中心二期1栋B座26层,,4.3,,114.029181,22.528101,深圳市,福田区,B0L1ZAKS8K,试点地区搜索
深圳贝莱心理咨询服务中心,心理咨询中心,桃园路田厦国际中心A座1205号(桃园地铁站出入口旁),0755-86523852;13332987156,4.1,08:00-22:30,113.926122,22.533033,深圳市,南山区,B0HAV7AQSC,试点地区搜索
瑞即心理咨询国际连锁(龙华店),心理咨询中心,龙华街道清华社区和平东路幸福城商业大厦A1605,18124627969,4.1,09:00-21:00,114.036423,22.662363,深圳市,龙华区,B0JU39ELTQ,试点地区搜索
争渡心理咨询国际连锁(宝安店),心理咨询中心,新安街道海旺社区创业路1004号85区宏发领域花园4栋616,18148589524,4.0,10:00-21:00,113.888204,22.554599,深圳市,宝安区,B0FFKW08HO,试点地区搜索
瑞即心理咨询国际连锁(罗湖店),心理咨询中心,深南东路5016号蔡屋围金龙大厦京基百纳空间店F23层,18124627969,4.4,24小时营业,114.107139,22.545326,深圳市,罗湖区,B0I3S7VAHS,试点地区搜索
争渡心理咨询国际连锁(福田店),心理咨询中心,福田街道岗厦社区金田路3038号现代商务大厦2607,18148589524,4.1,09:00-21:00,114.063741,22.534240,深圳市,福田区,B0FFIUJM8C,试点地区搜索
沐心心理咨询,心理咨询中心,粤海街道高新区社区科苑南路3156号深圳湾科技园12栋B座535,17318081801,4.1,10:00-21:00,113.951629,22.531774,深圳市,南山区,B0J305F0GY,试点地区搜索
香港Young·心理咨询中心,心理咨询中心,深南大道7008号阳光高尔夫大厦2009室,18118731835,4.0,09:00-21:00,114.025261,22.537292,深圳市,福田区,B0KKBLX8T4,试点地区搜索
至心谷疗愈空间,其他,梅林街道中康路卓越梅林中心广场区北区一期1栋12层1201A,13332982335,4.3,,114.059757,22.572330,深圳市,福田区,B0LR1CU14C,试点地区搜索
心灵之语心理咨询中心,心理咨询中心,景田路78号妇儿大厦1302室,0755-82979126;18033420566,3.8,09:00-21:00,114.044664,22.552700,深圳市,福田区,B0KA67LQGY,试点地区搜索
云开冥想空间·正念·催眠,其他,龙岗大道与西埔路交叉口北140米万科天誉10A栋2309,18899779599,3.9,09:30-21:00,114.245420,22.711859,深圳市,龙岗区,B0JG2UFW7B,试点地区搜索
深圳康和健门诊部精神心理科,其他,梅园路10号(龙园地铁站D口步行340米),13077863233,,08:00-18:00,114.264885,22.729308,深圳市,龙岗区,B0FFIN70BA,试点地区搜索
福永人民医院怀德社区健康服务中心,其他,翠岗西路117号富德商务大厦F1层,0755-27331078,,08:00-21:00,113.817998,22.662875,深圳市,宝安区,B0FFLLKM1U,试点地区搜索
福永人民医院新和社区健康服务中心,其他,悦盛一路1号,0755-27302071,,08:00-12:00 14:30-17:30,113.806453,22.666515,深圳市,宝安区,B02F37VDPY,试点地区搜索
上梅林社区健康服务中心,其他,梅林路与梅村路交汇处梅林四村梅林阁1层08号(地铁9号线梅村地铁站C2出口处),0755-83107446,,08:00-12:00 14:00-21:00,114.054182,22.568168,深圳市,福田区,B02F30A4AO,试点地区搜索
深圳市福田区福中社区健康服务中心,其他,中银花园(莲花村地铁站A2口步行130米),0755-83514753,,08:00-12:00 14:00-17:00,114.067018,22.547228,深圳市,福田区,B0FFM9ZSBV,试点地区搜索
益田社区健康服务中心,其他,益田村中心广场东侧康乐楼一、二楼,0755-83805116,,08:00-12:00,114.051015,22.514482,深圳市,福田区,B0FFFQ7ATO,试点地区搜索
石岩人民医院塘头社区健康服务中心,其他,石岩镇塘头大道70号,0755-27650842,,08:00-21:00,113.916831,22.660836,深圳市,宝安区,B02F37V7TM,试点地区搜索
罗田社区健康服务中心,其他,燕罗路121号,0755-27148294,,08:00-21:00,113.874462,22.795685,深圳市,宝安区,B0FFHGO9IV,试点地区搜索
深圳沙河医院沙河社区健康服务中心,其他,白石洲沙河街32号(白石洲地铁站A口步行290米),0755-86657426,,,113.969150,22.541504,深圳市,南山区,B0FFH4ZMWB,试点地区搜索
新沙社区健康服务中心,其他,新沙路41号,0755-83405320;0755-83710553,,08:00-12:00 14:00-17:00,114.043442,22.528851,深圳市,福田区,B0FFKOTXNJ,试点地区搜索
金碧社区健康服务中心,其他,福荣路金域蓝湾裙楼68-19号,0755-83406075,,09:00-18:00,114.024558,22.524112,深圳市,福田区,B02F38J6J0,试点地区搜索
深圳市特殊需要儿童早期干预中心(梅林路),其他,梅林路2号(孖岭地铁站C口步行340米),,,,114.071860,22.568836,深圳市,福田区,B02F38ITFP,试点地区搜索
言知星儿童干预中心,其他,上步北路2008号银湖大厦203-206室,13163729208;18688725762,,,114.089796,22.568798,深圳市,罗湖区,B0JDNR5ZWM,试点地区搜索
启智特殊儿童干预中心,其他,东园路台湾花园大厦裙楼东座3层3009,,,,114.103025,22.537275,深圳市,福田区,B0I2FKCQN8,试点地区搜索
南山区金色年华特殊儿童干预中心,其他,桃源村文化中心2层,0755-26789836,,,113.979075,22.556717,深圳市,南山区,B0I2YSQBTO,试点地区搜索
臻语儿童干预中心,其他,马峦街道坪环市场1栋3楼302,,3.9,,114.350428,22.682000,深圳市,坪山区,B0JGR4ZJNA,试点地区搜索
开平市第三人民医院,其他,金山大道路东,0750-2392169,,24小时营业,112.672117,22.402244,江门市,开平市,B0FFH10DD8,试点地区搜索
江门益民医院,其他,建设三路k座,,,,113.058251,22.639969,江门市,蓬江区,B0J6PH55BE,试点地区搜索
江门市精神卫生中心,精神专科医院,江门市第三人民医院东北门旁,,,,113.070852,22.589102,江门市,蓬江区,B0FFGRFDJV,试点地区搜索
江门市新会区精神卫生中心,精神专科医院,新会第三人民医院东北门旁,,,,113.022247,22.518095,江门市,新会区,B0GUMXB6GA,试点地区搜索
台山市精神卫生中心,精神专科医院,环北大道与西安路交叉口西60米,,,,112.791249,22.252424,江门市,台山市,B0IAF7ADA2,试点地区搜索
鹤山市精神卫生中心,精神专科医院,中心路与人民路交叉口西北20米,,,,112.961879,22.761456,江门市,鹤山市,B0HUCDUHYW,试点地区搜索
三埠医院三埠余铨针医院,其他,荻海中和路272号,0750-2338785,,,112.686187,22.348832,江门市,开平市,B02EE01NPF,试点地区搜索
江门市妇幼保健院,其他,星河路2号,0750-3060666;0750-7361110,,08:00-21:00,113.065834,22.605485,江门市,蓬江区,B02EE02FBO,试点地区搜索
新会区妇幼保健院,其他,会城冈城路18号,0750-6609933;0750-6613259;0750-6662161,,24小时营业,113.052754,22.554466,江门市,新会区,B0ID3AGV92,试点地区搜索
江门市中心医院,综合医院,北街海傍街23号,0750-3165500;0750-3120120;0750-3373123,,08:00-12:00 14:30-18:00,113.114497,22.605921,江门市,蓬江区,B02EE017E5,试点地区搜索
五邑中医院,其他,华园东路30号,0750-3509898,,,113.073645,22.578529,江门市,蓬江区,B02EE00B32,试点地区搜索
台山市人民医院,其他,台城镇环北大道80号,0750-5500908;0750-5522299,,00:00-24:00 08:00-11:30 14:00-17:00,112.793229,22.254118,江门市,台山市,B02EE01Q76,试点地区搜索
江门市第三人民医院,其他,胜利路161号3院,0750-3509312,,,113.070205,22.588679,江门市,蓬江区,B02EE005HX,试点地区搜索
恩平市人民医院,其他,恩城镇春园路30号,0750-7722278,,24小时营业,112.305665,22.190259,江门市,恩平市,B02EE01OTX,试点地区搜索
江门市中心医院(江海分院),综合医院,江海四路66号,0750-3797555;0750-3953991,,24小时营业,113.146653,22.589428,江门市,江海区,B02EE028VV,试点地区搜索
新会第二人民医院,其他,会城冈州大道中94号,0750-6611505;0750-6665666,,,113.035978,22.516381,江门市,新会区,B02EE0OK4E,试点地区搜索
新会第三人民医院,其他,会城紫云路15号,0750-6692672;0750-6699148,,,113.021423,22.517946,江门市,新会区,B02EE0OFM9,试点地区搜索
广东省江门市新会区人民医院,其他,惠民西路7号附近,0750-6181364,,,113.035631,22.524040,江门市,新会区,B0FFGDJ4X0,试点地区搜索
鹤山市第三人民医院,其他,人民法院审判庭南侧200米,,,08:00-13:00 14:30-18:30,112.897862,22.681721,江门市,鹤山市,B0JDJCGJ0U,试点地区搜索
台山合康医院,其他,三合镇三合圩人民中路85号,0750-5833088,,,112.718718,22.185656,江门市,台山市,B0G2J7HY4S,试点地区搜索
恩平心启医院,其他,恩城新平南路110号,0750-7779189,,,112.292874,22.165895,江门市,恩平市,B0FFJLYJMV,试点地区搜索
台山市公共卫生医院,其他,台城镇台海路395号,,,,112.772439,22.226443,江门市,台山市,B0LD5M304T,试点地区搜索
海悦心理咨询中心,心理咨询中心,福康路13号109-111号铺,0750-3329973;13822489973,4.4,09:00-22:00,113.061691,22.602549,江门市,蓬江区,B0K62S8NES,试点地区搜索
珠丽叶塔罗,其他,丰盛路18号113号,13427493433,4.0,13:00-20:00,113.086684,22.605233,江门市,蓬江区,B0KKBC301B,试点地区搜索
零点心理咨询,心理咨询中心,建业街25号,0750-3320323,4.2,,113.082496,22.589243,江门市,蓬江区,B0FFFS3TYY,试点地区搜索
台山市可人心理咨询工作室,心理咨询中心,台城上朗路30号102,18929066018,3.9,10:00-22:00,112.798592,22.241467,江门市,台山市,B0JU4M6H9Z,试点地区搜索
自在心理咨询服务部,心理咨询中心,广赤坎镇红溪大蓢村北二巷1号,13794242337,3.3,,112.587444,22.335811,江门市,开平市,B0G1DUGRQB,试点地区搜索
台山慧光心理咨询中心,心理咨询中心,台城镇东郊路38号步步高豪庭7A1603,13929053882,3.5,09:00-12:00 14:30-17:30,112.804482,22.256401,江门市,台山市,B0K3JD9IG6,试点地区搜索
与心心理,其他,东兴大道人和大厦1号门1栋2楼,18824040055,3.7,08:30-17:30,112.694944,22.381095,江门市,开平市,B0IKA1Q2DG,试点地区搜索
奇门文化,其他,葵尾路13号首层,13360437577,3.7,08:00-19:00,113.095443,22.579853,江门市,蓬江区,B0LUAMMB99,试点地区搜索
心希望心理咨询,心理咨询中心,白石大道与港口二路交叉口东南180米,18138998233,4.1,,113.100708,22.607609,江门市,蓬江区,B0I1FX1B0G,试点地区搜索
亚朵美疗,其他,锦江大道中87号建安御锦珑湾11幢商铺6号7号二楼,,3.6,08:00-20:00,112.342699,22.192600,江门市,恩平市,B0KU7S5UT8,试点地区搜索
心悦营养屋,其他,水口镇乐安路3号7座,,3.9,,112.773742,22.445756,江门市,开平市,B0LDVD2ELG,试点地区搜索
台山市心之舟健康服务咨询工作室,其他,碧桂园花地商铺66号(金星路段),,3.5,,112.793781,22.216576,江门市,台山市,B0H33SRR5A,试点地区搜索
心理服务,其他,环城西路与环北大道交叉口西南80米,,3.3,,112.792507,22.251930,江门市,台山市,B0IAF78RKH,试点地区搜索
江海区未成年人心理健康辅导站,心理咨询中心,新中大道与新南一街交叉口西北20米,,3.4,,113.098161,22.572321,江门市,江海区,B0FFGDG0BD,试点地区搜索
西门社区社会心理服务站,其他,沿江西路与解放路交叉口东南60米,,3.2,,112.305127,22.181331,江门市,恩平市,B0J1YSKOJR,试点地区搜索
less健康研究中心,其他,江桥路74号228室,,2.2,,113.079466,22.629385,江门市,蓬江区,B0K2XA2IS0,试点地区搜索
方遇心理,其他,里村大道与东里路交叉口东南100米,,3.6,,113.068225,22.599625,江门市,蓬江区,B0LGB95VVZ,试点地区搜索
江门市心理学会咨询中心,其他,蓬江区天沙四路一座,,3.3,,113.074857,22.594315,江门市,蓬江区,B0G32KEIWP,试点地区搜索
文楼心理咨询室,心理咨询中心,人民路与解放街交叉口东北420米,,2.3,,113.117924,22.352716,江门市,新会区,B0L0YN5N68,试点地区搜索
江门博润皮肤病专科医院,其他,农林东路43号,17724530511,,08:00-20:00,113.080625,22.582592,江门市,蓬江区,B0FFG9929V,试点地区搜索
鹤山市社会心理服务中心,其他,长塘一街与新华路交叉口东60米,,,,112.963321,22.766776,江门市,鹤山市,B0GUP109MX,试点地区搜索
星星语儿童干预中心,其他,台城桥湖路14号,15975099003,4.2,,112.785934,22.258467,江门市,台山市,B0IAXA2G5R,试点地区搜索
培音儿童干预中心,其他,东兴中路45号二楼,15875020070,3.8,,112.699735,22.371040,江门市,开平市,B0HRNSV231,试点地区搜索
江门市向恩儿童发展中心,其他,群福路15号,,3.9,,113.046740,22.626064,江门市,蓬江区,B0J35CTA0I,试点地区搜索
广西壮族自治区精神卫生中心,精神专科医院,鸡喇路1号广西脑科医院,,,,109.437753,24.278112,柳州市,鱼峰区,B03040PH5M,试点地区搜索
融水金康精神病专科医院,其他,桃园路20号,,,,109.236437,25.053942,柳州市,融水苗族自治县,B0KUJCNSXC,试点地区搜索
广西脑科医院精神科住院部,其他,鸡喇路广西龙泉山医院,,,,109.438225,24.279176,柳州市,鱼峰区,B03040Q3HK,试点地区搜索
柳州仁合安医院,其他,大埔镇河东大道62号,,,,109.251669,24.657816,柳州市,柳城县,B0K0YHHV6O,试点地区搜索
云开心理工作室,其他,桂中大道南端2号阳光一百3号楼20层4号房,15607721784,3.9,09:00-21:00,109.432870,24.323244,柳州市,城中区,B0I0VR9MXC,试点地区搜索
柳州圣哲心理工作室,其他,风情港4单元4406室,13471246601,3.9,09:00-21:00,109.412025,24.310975,柳州市,城中区,B0I0ONYOV3,试点地区搜索
一蓝心理咨询工作室,心理咨询中心,三中路79号图书馆右侧10米三楼,19101233714,3.5,10:00-18:00,109.414944,24.328255,柳州市,柳北区,B0K1JLDYJX,试点地区搜索
柳州雯馨心理咨询室,心理咨询中心,跃进路88号冠亚尚城国际商务楼2楼-1,13978097538,3.0,,109.411983,24.347075,柳州市,柳北区,B0KR1DPR2L,试点地区搜索
易灵焱开悟棋青少年心理咨询工作室(西江),心理咨询中心,西江路25号西江综合批发市场4楼43号,,3.3,09:00-21:00,109.447698,24.307446,柳州市,鱼峰区,B0L3KLCQNJ,试点地区搜索
易灵焱开悟棋青少年心理咨询工作室,心理咨询中心,中山路52号机关二大院5栋1单元102号,,3.8,09:00-21:00,109.414853,24.312897,柳州市,城中区,B0K13U3971,试点地区搜索
柳州市柳江区社区心理咨询服务中心,心理咨询中心,瑞龙路与乐都路交叉口北100米,,3.4,,109.332750,24.252962,柳州市,柳江区,B0FFMEIFJX,试点地区搜索
暖阳心理咨询工作室,心理咨询中心,桂中大道19号文源华都11栋1单元2楼211室,,3.4,,109.430673,24.351703,柳州市,城中区,B0I2AZJW89,试点地区搜索
易灵焱开悟棋青少年心理咨询工作室(柳东),心理咨询中心,文林路9号万象府清苑2栋4-4号,,3.2,,109.536683,24.378464,柳州市,鱼峰区,B0L3KLCJG9,试点地区搜索
心朗心理咨询工作室,心理咨询中心,柳兴路与东环路西一巷交叉口南240米,,2.8,,109.437477,24.314522,柳州市,鱼峰区,B0L3R9ODN8,试点地区搜索
柳钢医院-精神科,其他,雀儿山路9号广西柳钢医院,,,,109.408398,24.370549,柳州市,柳北区,B0FFM95J21,试点地区搜索
柳州欧卡心理咨询服务中心,心理咨询中心,风情港4单元4406室,13471246601,3.4,09:00-21:00,109.410460,24.311000,柳州市,城中区,B0IAY7Z193,试点地区搜索
精英心理咨询中心,心理咨询中心,柳石路340号,0772-3977737,3.5,,109.414446,24.290710,柳州市,鱼峰区,B030401J2U,试点地区搜索
柳州星光下睡眠心理中心,其他,桂中大道68号兴佳·清华坊13栋,17377229200,,09:00-12:00 14:00-17:00,109.432181,24.356365,柳州市,城中区,B0K06H6P4V,试点地区搜索
三亚市皮肤性病与精神卫生防治中心,其他,解放四路,,,08:00-18:00,109.494422,18.268249,三亚市,天涯区,B0FFI8W4FG,试点地区搜索
中国人民解放军南部战区海军第二医院,综合医院,河西区街道三亚湾路86号,0898-88290101,,24小时营业,109.491387,18.263300,三亚市,天涯区,B03830MO44,试点地区搜索
三亚市人民医院,其他,解放路558号,0898-88557733,,24小时营业,109.505577,18.253085,三亚市,天涯区,B0383017OL,试点地区搜索
海军榆林保障基地医院,其他,榆亚路158号,,,,109.533424,18.226436,三亚市,吉阳区,B03830NEFS,试点地区搜索
三亚国济医院,其他,解放路444号,18689916076,,08:00-20:00,109.505476,18.247686,三亚市,天涯区,B0FFJSBAYA,试点地区搜索
海南省第三人民医院,其他,解放路1235号,0898-38231234;0898-88290120;0898-88291120,,08:00-12:00 14:30-17:30,109.494402,18.270563,三亚市,天涯区,B0FFG8PBB8,试点地区搜索
海南省农垦三亚中心医院综合门诊楼,综合医院,解放路1154号,,,09:00-21:00,109.494472,18.269387,三亚市,天涯区,B0FFJ8ULEZ,试点地区搜索
市中心医院(公交站),综合医院,102路;103路;104路;104路(三亚火车站);116路;116路(16:00后);117路;124路;145路;157路;210路;212路;229路;250路;251路;252路;35路;403路;58路,,,,109.493553,18.269367,三亚市,天涯区,BV10291626,试点地区搜索
三亚市人民医院1号综合楼,其他,春园二巷三亚市人民医院,,,,109.505614,18.253786,三亚市,天涯区,B0FFI26MHO,试点地区搜索
养生岛体检医院,其他,文明路391号,0898-88251666,,09:00-18:00,109.506271,18.254380,三亚市,天涯区,B0FFH6YKLJ,试点地区搜索
中国人民解放军总医院海南医院,其他,江林路80号,0898-38866666,,,109.713613,18.290343,三亚市,海棠区,B03830NCEK,试点地区搜索
福音妇产医院,其他,三亚河西路55号天长大厦F2层,0898-88669669,,,109.509307,18.240143,三亚市,天涯区,B0FFHFWZSL,试点地区搜索
榆和医院,其他,荔枝沟路80号,0898-88388811,,09:00-21:00,109.516031,18.292303,三亚市,吉阳区,B0FFFW41VY,试点地区搜索
人民医院(公交站),其他,106路;116路(16:00后);250路;403路,,,,109.504036,18.253333,三亚市,天涯区,BV10379667,试点地区搜索
三亚口腔医院(总院),其他,望海花园丹海豪庭一楼东面三角区,0898-88282700,,08:00-18:00,109.503574,18.241197,三亚市,天涯区,B0FFHFAKDJ,试点地区搜索
维多利亚医疗美容医院,其他,胜利路289号望海花园,0898-88895556,3.9,09:00-21:00,109.504159,18.241287,三亚市,天涯区,B0JUH7SVMR,试点地区搜索
广州中医药大学附属粤海三亚医院,三甲医院,榆亚路63号,,,08:00-12:00 14:30-17:30,109.521665,18.225631,三亚市,吉阳区,B03830031F,试点地区搜索
三亚市人民医院体检,其他,解放路558号,0898-88557733,,,109.505625,18.253175,三亚市,天涯区,B0HKDC20NK,试点地区搜索
广慈医院,其他,225国道回新路1栋甫正明自建房,0898-88278376,,08:00-21:00,109.477283,18.285247,三亚市,天涯区,B0FFIQRUUZ,试点地区搜索
三亚市人民医院门诊,其他,解放路558号三亚市人民医院,,,,109.505006,18.252778,三亚市,天涯区,B03830NJHY,试点地区搜索
三亚学院医院,其他,吉阳镇学院路190号,0898-88386120,,24小时营业,109.560020,18.337520,三亚市,吉阳区,B0H2USQTRA,试点地区搜索
天涯口腔医院,其他,新风路三号,13208942288,,,109.501126,18.250745,三亚市,天涯区,B0FFKLWRS3,试点地区搜索
三亚哈尔滨医科大学鸿森医院,三甲医院,新联村鸿森路101号,0898-38289120,,08:00-18:00,109.463613,18.318819,三亚市,天涯区,B0FFH0P477,试点地区搜索
三亚中心医院医疗集团南滨分院,综合医院,南繁路63号,,,,109.186505,18.368485,三亚市,崖州区,B0LD37LGET,试点地区搜索
三亚哈尔滨医科大学鸿森医院-体检中心,三甲医院,新联村鸿森路101号三亚哈尔滨医科大学鸿森医院,0898-38221888,,08:00-12:00,109.464114,18.319233,三亚市,天涯区,B0IUCL7K4U,试点地区搜索
海南圣巴厘医院哈尔滨市第二医院海南分院(圣巴厘疗养度假中心),综合医院,吉阳镇吉阳大道190号,0898-38587777,,08:00-20:00,109.603351,18.295533,三亚市,吉阳区,B0FFMHLVQK,试点地区搜索
知渔心健康,其他,凤凰路79号凤岭悦澜D2商铺,15103095520,3.8,24小时营业,109.520421,18.241194,三亚市,吉阳区,B0GK9DPZA0,试点地区搜索
三亚心灵桥催眠心理咨询中心,心理咨询中心,解放路539号工商银行小区C栋2单元203室,18889980788,3.9,08:30-21:30,109.503878,18.253026,三亚市,天涯区,B0FFKCRIR7,试点地区搜索
少烦恼心理健康咨询(三亚)有限公司,心理咨询中心,工业园路1号晋润园3号楼1单元301,0898-88252800;19943239460,3.9,09:00-20:30,109.502131,18.292172,三亚市,天涯区,B0IGGATPGY,试点地区搜索
三亚海棠区社会心理服务站,其他,龙海风情小镇龙海二路海棠区社会心理服务站三楼A026,0898-88017221,4.1,08:00-12:00 15:00-18:00,109.734223,18.377914,三亚市,海棠区,B0K09S13MM,试点地区搜索
三亚海棠区点点心理咨询室,心理咨询中心,洪风风情小镇风塘七巷A42-1,15338991029,3.3,,109.713010,18.342671,三亚市,海棠区,B0L31RVFCW,试点地区搜索
三亚市吉阳区星河心理健康服务中心,心理咨询中心,川中路1026号,,4.3,,109.508475,18.268588,三亚市,吉阳区,B0K6HAFNCT,试点地区搜索
海南西姆国际心理咨询有限公司,心理咨询中心,月川中路9号4栋4层4号,17786976087,3.6,08:00-12:00 15:00-18:00,109.509944,18.267204,三亚市,吉阳区,B0L2YUVFPG,试点地区搜索
猫师兄解忧铺,其他,荔枝沟147-1号A栋一单元老镇政府宿舍132室,17700905992,3.8,24小时营业,109.527675,18.298225,三亚市,吉阳区,B0LA2ZAC7N,试点地区搜索
三亚市心理学会,其他,月川南安置区4栋4层,,4.0,,109.510031,18.267398,三亚市,吉阳区,B0JRGSPPB9,试点地区搜索
三亚心灵桥催眠心理咨询中心(盛世新第店),心理咨询中心,吉祥街与三亚湾路交叉口东北40米,,2.9,,109.497047,18.256891,三亚市,天涯区,B0L0SDJ79C,试点地区搜索
三亚市未成年人心理健康辅导站,心理咨询中心,月川中路月川南安置区4栋4楼4号,,3.7,,109.510275,18.266525,三亚市,吉阳区,B0J0AU3K5K,试点地区搜索
三亚市社会心理服务技术指导中心,其他,解放路678号,0898-38215497,,,109.503437,18.257856,三亚市,天涯区,B0JU3RDXYR,试点地区搜索
颈腰椎康复中心(解放四路店),其他,解放路四路1039号医药广场2层,0898-88238161;13613623246,,10:00-21:00,109.495689,18.266644,三亚市,天涯区,B0FFFH0ZGQ,试点地区搜索
海南省血液中心三亚分中心,其他,榆亚路494号(豪门山庄对面),0898-88286106;0898-88286178,,,109.546853,18.234695,三亚市,吉阳区,B03830055I,试点地区搜索
三亚机场换乘中心(建设中),其他,鹿城大道与机场路交叉口西南100米,,,,109.404421,18.307680,三亚市,天涯区,B0KU17LYAS,试点地区搜索
自贡市精神卫生中心,精神专科医院,青杠林路138号,0813-5532108,,,104.722723,29.339058,自贡市,贡井区,B0FFGB7CZL,试点地区搜索
自贡怡然精神病医院,其他,马冲口街人民路130号,0813-5103120;0813-5598120,,24小时营业,104.766862,29.382487,自贡市,大安区,B032D0MSB4,试点地区搜索
自贡市精神卫生中心,精神专科医院,升平街与开元南路交叉口东北180米,,,,104.880627,29.270245,自贡市,沿滩区,B0K0DUJXM9,试点地区搜索
自贡市精神卫生中心,精神专科医院,五星街与同兴路交叉口东北约60米,,,17:45-04:30,104.767319,29.354806,自贡市,自流井区,B0FFJ228FJ,试点地区搜索
自贡市第五人民医院精神科2号楼,其他,青杠林路138号自贡市精神卫生中心,,,,104.722550,29.339243,自贡市,贡井区,B0FFHXM8PL,试点地区搜索
富顺县社会心理服务中心(富顺县第四人民医院心身睡眠门诊),其他,富世街道吉祥路456号3楼,,,08:30-17:30,104.988393,29.189367,自贡市,富顺县,B0HAYS0I21,试点地区搜索
川南心理卫生大楼,其他,西南医科大学附属自贡医院院区内,,,,104.716624,29.320101,自贡市,贡井区,B0I0BUFHNY,试点地区搜索
且听心理咨询工作室,心理咨询中心,釜溪步行街临江路39号附54号,17308137179,3.7,08:30-17:30,104.763888,29.345289,自贡市,自流井区,B0HUOAGJ53,试点地区搜索
蛮龙全渠道自贡服务中心,其他,旭阳镇荣州大道二段金碧城步行街70号,15984157002,3.5,09:00-21:00,104.412432,29.445407,自贡市,荣县,B0LBT75FJ0,试点地区搜索
拓展房产,其他,华国街182号,,3.8,,104.776344,29.336713,自贡市,自流井区,B0LDOZV5IP,试点地区搜索
自贡市未成年人心理成长指导中心,其他,自贡职业技术学校南门,,3.7,,104.813641,29.313611,自贡市,沿滩区,B0H6XUWPQD,试点地区搜索
富顺县未成年人心理成长指导中心,其他,丁海路,,3.3,,104.994773,29.195115,自贡市,富顺县,B0H26Z0BZV,试点地区搜索
荣县未成年人心理健康成长指导中心,心理咨询中心,旭阳镇旭水大道南三段333号,,3.2,,104.409968,29.437390,自贡市,荣县,B0KGJC4XSM,试点地区搜索
心岸心理咨询,心理咨询中心,钟秀路与古城西路交叉口东北60米,,3.4,,104.997604,29.183604,自贡市,富顺县,B0L14BZQTF,试点地区搜索
自贡七六四医院精神科,其他,马冲口街人民路130号自贡怡然精神病医院,,,,104.763232,29.384944,自贡市,大安区,B0FFI0E08G,试点地区搜索
自贡市中心血站,其他,高新区学苑街谢家坝社区37组,0813-8205333;0813-8207478,,08:30-16:00,104.763950,29.337816,自贡市,自流井区,B032D00Y74,试点地区搜索
自贡市中心,其他,自流井区,,,,104.779568,29.348451,自贡市,自流井区,B032D0MFD9,试点地区搜索
自贡科创中心,其他,和平乡,,,,104.828412,29.356460,自贡市,大安区,B0JAPC292R,试点地区搜索
江油市第三人民医院(江油优抚医院西南),其他,太平镇诗城路西段28号,0816-3251909;0816-3598510;0816-3598709,,24小时营业,104.730368,31.784491,绵阳市,江油市,B03300PN8Q,试点地区搜索
三台县第三人民医院,其他,北泉路26号,0816-5345112,,,105.091510,31.112504,绵阳市,三台县,B0FFH8TG2G,试点地区搜索
兴睿医院,其他,绵兴西路与辽宁大道交叉口西200米,,,,104.622138,31.457422,绵阳市,涪城区,B0G0ZUYG5L,试点地区搜索
新华强戒(水韵花都店),其他,东山大道185号水韵花都,,4.2,08:00-17:00,104.815622,31.435763,绵阳市,游仙区,B0HGVUP1XQ,试点地区搜索
盐亭县精神病院,其他,凤凰大道102号,,,,105.401107,31.229109,绵阳市,盐亭县,B0LBT73ZPM,试点地区搜索
绵阳市第三人民医院绵阳市精神卫生中心,精神专科医院,剑南路东段190号绵阳市第三人民医院,0816-2283078;0816-2296100;0816-2296120,,,104.760725,31.469375,绵阳市,游仙区,B03300RI5E,试点地区搜索
安州鸣兴精神病医院,其他,辽安路与兴河街下段交叉口东220米,,,24小时营业,104.483632,31.513571,绵阳市,安州区,B0K3SUKAOG,试点地区搜索
绵阳市游仙区精神卫生康复中心,其他,学府街与小北街交叉口西北60米,,,,104.958449,31.546221,绵阳市,游仙区,B0FFJ997AI,试点地区搜索
北川羌族自治县第三人民医院精神卫生住院楼,其他,东风路北段与北巷子交叉口东北180米,,,,104.423475,31.648125,绵阳市,北川羌族自治县,B0FFHWT0KN,试点地区搜索
北川羌族自治县第三人民医院-精神专科门诊,其他,东风路北段24-4号附近,,,,104.423487,31.647808,绵阳市,北川羌族自治县,B0FFFRUVGM,试点地区搜索
四川省精神卫生中心,精神专科医院,剑南路东段与开元路交叉口西北40米,,,,104.760766,31.469204,绵阳市,游仙区,B0G23ZCA5O,试点地区搜索
绵阳市第三人民医院精神医学综合楼,其他,剑南路东段190号,,,,104.759844,31.471262,绵阳市,游仙区,B0JROAUMI2,试点地区搜索
绵阳市中心医院,综合医院,警钟街常家巷12号,0816-2222821;0816-2231777,,24小时营业,104.752998,31.456472,绵阳市,涪城区,B033001XU6,试点地区搜索
绵阳市第一人民医院,其他,跃进路56号,0816-2331634;0816-2338500,,24小时营业,104.742570,31.477041,绵阳市,涪城区,B0KU77ED92,试点地区搜索
绵阳市肿瘤医院,其他,长虹大道中段107号,0816-2303980;0816-2311777,,24小时营业,104.737613,31.465783,绵阳市,涪城区,B033001TM7,试点地区搜索
绵阳市第八人民医院,其他,临园路中段193号,0816-2306511,,,104.731163,31.460832,绵阳市,涪城区,B0FFH33FWP,试点地区搜索
四川省科学城医院,其他,绵山路64号,0816-2485871,,,104.755720,31.501614,绵阳市,游仙区,B033002OME,试点地区搜索
绵阳市中心医院门诊大楼,综合医院,警钟街12号,,,,104.752967,31.457409,绵阳市,涪城区,B0FFL26CKE,试点地区搜索
绵阳市中心医院新区医院-绵阳科技城医院(建设中),综合医院,绵安路13号,,,,104.661775,31.503675,绵阳市,涪城区,B0IUPSKCAI,试点地区搜索
绵阳天乙中西医结合医院,其他,普明北路东段351号,0816-3126666,,24小时营业,104.691242,31.469415,绵阳市,涪城区,B0HAFRYIXU,试点地区搜索
绵阳市三医院高新医院,其他,永兴镇永昌路5号,,,24小时营业,104.639494,31.455413,绵阳市,涪城区,B033000FC5,试点地区搜索
绵阳市中医医院口腔诊疗中心(花园门诊部),其他,花园路5-3号,,,,104.718915,31.455243,绵阳市,涪城区,B0G2XORVFP,试点地区搜索
绵阳高新区济仁医院,其他,绵兴东路112号,0816-8799666,,24小时营业,104.663648,31.467190,绵阳市,涪城区,B0HK5UJO27,试点地区搜索
绵阳市人民医院,其他,剑南路西段10-12号,0816-2288120;0816-2331217,,24小时营业,104.748567,31.468364,绵阳市,涪城区,B0FFGXNMLN,试点地区搜索
市中心医院(公交站),综合医院,(停运)905路(三区);12路;12路韩家脊专线;16路;1路;28路夜班;32路;32路夜班;32路夜班(19:30-21:10);32路夜班(21:00-22:25);32路夜班(22:25后);32路夜班(22:40、23:00);36路;44路;46路;4路;51路;54路;5路;69路;6路;74路;75路B线;82路;83路;8路;8路夜班;905路;92路;92路A线;夜班36路;熊猫专线1号线,,,,104.754044,31.458450,绵阳市,涪城区,BV11231567,试点地区搜索
绵阳市中心医院健康管理中心,综合医院,南河路5号,0816-2221670,,,104.751989,31.453041,绵阳市,涪城区,B0HGRUNH58,试点地区搜索
绵阳铁路医院,其他,西山南路5号,0816-2321456,,,104.730008,31.474277,绵阳市,涪城区,B033002VZT,试点地区搜索
绵阳市中心医院经开分院,综合医院,绵州大道中段201号,0816-2912953,,24小时营业,104.788478,31.408411,绵阳市,涪城区,B0IB3HB5V4,试点地区搜索
绵阳市涪城区妇女儿童医院(建设中),其他,绵安路46号,,,,104.645565,31.515413,绵阳市,涪城区,B0H1ZR8278,试点地区搜索
开元医院(暂停营业),其他,沈家坝东津路29号,,,,104.773727,31.464737,绵阳市,游仙区,B0FFHFO1QH,试点地区搜索
绵阳市骨科医院城北院区,其他,剑门路东段-17号,,,,104.734690,31.464719,绵阳市,涪城区,B0FFIHNLP4,试点地区搜索
绵阳市中心医院预防保健科,综合医院,常家巷12号(中心医院综合楼5楼),,,,104.753924,31.456619,绵阳市,涪城区,B0H1MCYDAW,试点地区搜索
绵阳市中心医院第一住院大楼,综合医院,常家巷12号绵阳市中心医院内,,,,104.752485,31.456512,绵阳市,涪城区,B0FFGD77WK,试点地区搜索
绵阳市中医医院,其他,涪城路14号,0816-2223520;0816-2224469;0816-2222120,,,104.749878,31.464644,绵阳市,涪城区,B033001XBY,试点地区搜索
绵阳市中心医院综合楼,综合医院,绵阳中心医院第一住院大楼东侧,,,,104.753915,31.456606,绵阳市,涪城区,B0FFKXRGY3,试点地区搜索
青义中心卫生院,其他,灯塔路155-1号附近,0816-2622020,,08:00-12:00 14:30-17:30,104.704320,31.525354,绵阳市,涪城区,B03300PNQW,试点地区搜索
绵阳市中心医院核医学科,综合医院,中心医院第2住院大楼1层,,,,104.753578,31.455545,绵阳市,涪城区,B0FFKYT0CV,试点地区搜索
明镜台心理咨询工作室,心理咨询中心,福星都市时尚一单元12楼1202,18011148357;18081211313,3.9,09:00-19:00,104.737698,31.461585,绵阳市,涪城区,B0HBO7LRRI,试点地区搜索
M佑心轻疗愈中心(海天世纪银座店),其他,滨河北路东段116号海天世纪银座1栋2层,0816-2727933,4.2,09:00-18:00,104.753750,31.446718,绵阳市,涪城区,B0KA67MAWZ,试点地区搜索
悦欣诚心理咨询,心理咨询中心,元通社区三队1栋4单元4楼,19802322829,3.8,08:00-12:00 14:00-21:00,104.705638,31.472903,绵阳市,涪城区,B0LG3S2QYR,试点地区搜索
心理健康与家庭教育指导中心,心理咨询中心,梓州干道31号台昌巷134号山鑫鑫概念6层,19113612975,3.4,09:00-18:30,105.095414,31.093747,绵阳市,三台县,B0KGMHS5MS,试点地区搜索
四川熠日禾生心理咨询有限公司,心理咨询中心,南河路16号(全季酒店旁写字楼19楼1906号),15508012558,2.5,09:30-17:30,104.756421,31.451713,绵阳市,涪城区,B0KK0SDB4L,试点地区搜索
四川心港湾心理咨询有限公司(绵阳分部),心理咨询中心,临园路中段67号中石化十一普基地办公楼5楼,13398395391,2.7,09:00-18:00,104.736463,31.462511,绵阳市,涪城区,B0FFL78N16,试点地区搜索
绵阳安迪心理咨询工作室,心理咨询中心,彰明镇曙光南路66号水韵长滩9栋,15884600200,3.4,,104.735400,31.740903,绵阳市,江油市,B0KAP5FZWO,试点地区搜索
青少年心理健康服务中心,心理咨询中心,红星街与南河路交叉口南100米,,3.6,,104.755134,31.451176,绵阳市,涪城区,B0LR9NOBVL,试点地区搜索
聆沁心理咨询,心理咨询中心,金燕南路132号,,3.9,,104.715983,31.745492,绵阳市,江油市,B0KK1HUL2T,试点地区搜索
四川心友阳光心理咨询有限公司,心理咨询中心,长虹大道南段115号东圣清华园2号商业楼三层1号,,3.4,,104.767568,31.441611,绵阳市,涪城区,B0I3HRB9WK,试点地区搜索
四川羡云心理咨询有限公司,心理咨询中心,长虹国际城一期26栋4单元1204,,2.5,09:30-19:00,104.742425,31.467825,绵阳市,涪城区,B0KAMR0FD2,试点地区搜索
羡云心理咨询有限公司,心理咨询中心,嘉来缤购天地,,3.4,,104.737530,31.488400,绵阳市,涪城区,B0LU1DF198,试点地区搜索
普照寺心理危机干预组,危机干预中心,普照寺内(北侧),18608160838,3.1,,104.688903,31.726283,绵阳市,江油市,B0HDYSROUZ,试点地区搜索
山城医院,其他,王水路261号,0858-8229014,,09:00-12:30 14:00-17:00,104.853678,26.604476,六盘水市,钟山区,B035A0N8R2,试点地区搜索
泰和精神病医院,其他,红桥大道79号,,,,104.853825,26.556101,六盘水市,水城区,B0KB9Z6CKV,试点地区搜索
六枝康宁精神疾病医院,其他,南极西路康宁路,0858-5311111;18785821666,,09:00-21:00,105.427225,26.245506,六盘水市,六枝特区,B0HDZR1FD4,试点地区搜索
六盘水康济精神疾病医院,其他,以朵街道滴水岩村小箐组水黄公路上行100米,,,,105.019595,26.490165,六盘水市,水城区,B0HDLHXI1R,试点地区搜索
水城银康精神疾病医院,其他,尖山村,17808478119,,,105.055298,26.528458,六盘水市,水城区,B0HAVH9SDJ,试点地区搜索
六盘水胜境精神医院,其他,环东线南50米,,,,104.505487,25.730032,六盘水市,盘州市,B0FFJGGNTM,试点地区搜索
六盘水一宁精神病医院,其他,云哨路,,,,104.574015,25.789455,六盘水市,盘州市,B0LBGR57LV,试点地区搜索
胜境精神病医院行政楼,其他,盘龙花园花半里东北侧120米,,,,104.503484,25.732694,六盘水市,盘州市,B0L3X91S01,试点地区搜索
盘州市安宁医院心理睡眠门诊,其他,东湖国际商业广场B区1-2-2号,0858-3672120,,09:00-17:00,104.477921,25.697090,六盘水市,盘州市,B0J2HHND4G,试点地区搜索
钟山区心灵驿站心理咨询室,心理咨询中心,水南路互通立交桥下50米,13885812187,3.9,,104.912125,26.600536,六盘水市,钟山区,B0IRYHAMW8,试点地区搜索
六盘水市欣奕心理咨询工作室,心理咨询中心,红桥新区凉都名郡,,3.8,09:00-22:00,104.894443,26.544853,六盘水市,水城区,B0JK2DP12D,试点地区搜索
六盘水市未成年人心理成长中心,其他,美术馆3层,,3.7,,104.807308,26.577340,六盘水市,钟山区,B0GROA3LIN,试点地区搜索
六盘水市快处快赔中心,其他,民族路12号,,,,104.828897,26.598606,六盘水市,钟山区,B0FFGKYFKB,试点地区搜索
愈速达运动康复中心,其他,凤凰街道荷泉路与凤凰路东段交汇处西北侧新城凤凰台1期S2-1号208铺,,,,104.868469,26.567829,六盘水市,钟山区,B0LDBDELND,试点地区搜索
六盘水市中心血站(德月南路),其他,德月南路32号,,,,104.807262,26.602752,六盘水市,钟山区,B0FFFE2T9A,试点地区搜索
临沧市第三人民医院,其他,南天路74号,0883-2147302;0883-2147754,,,100.099367,23.895822,临沧市,临翔区,B0373000N6,试点地区搜索
云县康复医院,其他,,0883-3080562,,24小时营业,100.132061,24.431075,临沧市,云县,B0KB4UTMDT,试点地区搜索
凤庆凤怡精神卫生康复医院,其他,官亭路45号,0883-4222329;18408890682,,,99.912953,24.609197,临沧市,凤庆县,B0FFH0GHQE,试点地区搜索
临沧市人民医院华旭社区卫生服务中心,其他,旗山路429-435号,0883-2156955,,,100.083933,23.888814,临沧市,临翔区,B0FFGK32RU,试点地区搜索
临沧市人民医院(老院)门诊楼,其他,南塘街116号临沧市人民医院(老院),,,,100.085105,23.876253,临沧市,临翔区,B03730NKLE,试点地区搜索
临沧市中医医院,其他,凤翔路156号,0883-3065566,,,100.087462,23.888067,临沧市,临翔区,B0FFKQ26QM,试点地区搜索
临沧市人民医院(老院),其他,南塘街116号,0883-2122235,,,100.085420,23.874994,临沧市,临翔区,B03730046B,试点地区搜索
市医院(公交站),其他,3路;6路,,,,100.085712,23.876562,临沧市,临翔区,BV10965556,试点地区搜索
临沧市中医医院(朝阳院区),其他,盈鹏汽车厂旁边,0883-2134252,,,100.100863,23.869703,临沧市,临翔区,B03730MT51,试点地区搜索
临沧现代妇产医院,其他,南天路1133号,13578319831,,24小时营业,100.097046,23.875456,临沧市,临翔区,B03730NJH2,试点地区搜索
临沧市人民医院(老院)住院部,其他,南塘街116号临沧市人民医院(老院),,,,100.086066,23.875178,临沧市,临翔区,B03730NL7I,试点地区搜索
临沧卫生学校附属医院,其他,西河北路181号(临沧卫校旁),,,,100.076092,23.891938,临沧市,临翔区,B0FFG83KTG,试点地区搜索
临沧市人民医院(新院),其他,忙畔街道青华社区西河北路1000号,,,,100.097719,23.915188,临沧市,临翔区,B0FFG83TWM,试点地区搜索
临沧市临翔区康桥医院,其他,南天路1296号,0883-2123777,,,100.093325,23.870875,临沧市,临翔区,B037300OFS,试点地区搜索
临沧市红十字会医院,其他,南翔路与南塘街交叉口南80米,,,,100.085075,23.876225,临沧市,临翔区,B03730NK0M,试点地区搜索
临沧曙光男科医院,其他,临翔路281-709号附近,0883-8882999,,09:00-21:00,100.092270,23.877214,临沧市,临翔区,B03730N7HJ,试点地区搜索
临沧市第二人民医院分院,其他,西大街,,,,100.088580,23.880161,临沧市,临翔区,B0FFGIAO02,试点地区搜索
耿马傣族佤族自治县人民医院,其他,公园路52号,0883-6121313;0883-6122420,,,99.399208,23.535221,临沧市,耿马傣族佤族自治县,B037300O7Y,试点地区搜索
医院(公交站),其他,双江2号线,,,,99.824049,23.472335,临沧市,双江拉祜族佤族布朗族傣族自治县,BV11417421,试点地区搜索
九龙医院,其他,公园路52号,0883-6128588,,,99.401257,23.536210,临沧市,耿马傣族佤族自治县,B0FFF4M26E,试点地区搜索
永德安心医院,其他,永顺路与永春路交叉口北440米,,,24小时营业,99.260560,24.024426,临沧市,永德县,B0FFIPE22C,试点地区搜索
永德县人民医院新院区,其他,永顺路南延线S313,,,,99.248368,24.006255,临沧市,永德县,B0J0FSK1O7,试点地区搜索
沧源佤族自治县勐省中心卫生院,其他,勐省农场,,,,99.430111,23.341667,临沧市,沧源佤族自治县,B0FFKHDU1I,试点地区搜索
云县康兴医院,其他,爱华镇草皮街迎兴路,,,00:00-24:00 00:00-24:00,100.136689,24.439735,临沧市,云县,B0FFF3XPAE,试点地区搜索
凤庆曙光医院,其他,福广路85号,0883-4211190,,,99.913395,24.591665,临沧市,凤庆县,B03730MU2D,试点地区搜索
永德福开医院,其他,永德南路与永丰路交叉口东南40米,,,,99.253719,24.021346,临沧市,永德县,B0G1ZA3E0W,试点地区搜索
沧源佤族自治县中医佤医医院,其他,勐董镇司岗里大道中医佤医医院,,,24小时营业,99.240763,23.139139,临沧市,沧源佤族自治县,B0KK4SXAXT,试点地区搜索
星之宇,其他,恒基广场A栋六楼622室,18387520536,3.5,08:00-18:30,100.091533,23.888584,临沧市,临翔区,B0JRMOLR81,试点地区搜索
云南安奇娜心理咨询有限公司,心理咨询中心,忙畔街道办事处文伟村委会南亚风情街10栋8号201,13708831581,3.7,,100.111120,23.923547,临沧市,临翔区,B0LBX7JRUH,试点地区搜索
心理咨询室,心理咨询中心,文林秋苑19幢802室,,3.2,,100.105879,23.870633,临沧市,临翔区,B0LDC7DV1J,试点地区搜索
临翔区丽蓉心理咨询工作室,心理咨询中心,佤山凤城星月里11栋603,18965702651,2.1,,100.096416,23.901588,临沧市,临翔区,B0J01ZZEUM,试点地区搜索
大蓉心理工作室,其他,园林路与绿树巷交叉口西南240米,15126580005,3.2,,100.085973,23.868531,临沧市,临翔区,B0FFJACJK6,试点地区搜索
健康管理中心,其他,凤翔路与沧江北路交叉口西120米,,,,100.086528,23.888255,临沧市,临翔区,B0FFJC9R7Z,试点地区搜索
康达健康管理中心,其他,三教寺巷与南塘街交叉口北60米,,,,100.088052,23.876414,临沧市,临翔区,B0J1KBYWBA,试点地区搜索
白云山健康管理中心,其他,富丽家园,,,,100.105907,23.879977,临沧市,临翔区,B0IUA5267V,试点地区搜索
健康管理中心,其他,祥临公路与迎新路交叉口西200米,,,,100.137520,24.435148,临沧市,云县,B0KB9Z3C2C,试点地区搜索
嘉昱康健康管理中心,其他,凤翔街道办事处金城花园A33号,,3.6,,100.081550,23.886896,临沧市,临翔区,B0L3ZZZS3Q,试点地区搜索
白云山健康管理中心,其他,双江自治县妇幼保健院(新院)北侧200米,,,,99.809583,23.483481,临沧市,双江拉祜族佤族布朗族傣族自治县,B0K3H4YYCS,试点地区搜索
白云山健康管理中心(南天路店),其他,南天路与光明巷交叉口西南140米,,,,100.094048,23.872281,临沧市,临翔区,B0L0MN8F3R,试点地区搜索
品诺健康美肌中心,其他,星月里4栋一楼,13578313893,3.7,09:30-20:30,100.097006,23.901450,临沧市,临翔区,B0L36M9YIU,试点地区搜索
一心堂大健康药店(公园路店),其他,忙角公园路67号,,,07:45-22:00,100.076439,23.880657,临沧市,临翔区,B0I19MUOQS,试点地区搜索
翰阳居健康管理中心,其他,世纪路663号商贾天下,,,,100.081580,23.886937,临沧市,临翔区,B0LU66HDUI,试点地区搜索
推推熊健康管理中心,其他,临翔路318号王晓玲诊所二楼,0883-2167111;17308834433,,09:00-21:00,100.091169,23.877122,临沧市,临翔区,B0K0HRLFAD,试点地区搜索
御颜堂健康管理中心,其他,白塔路与旗山路交叉口西北80米,,,,100.084835,23.891063,临沧市,临翔区,B0LUSU2FTH,试点地区搜索
康之堂健康药房(南天路店),其他,康桥医院南侧80米,,,08:00-23:00,100.093232,23.870114,临沧市,临翔区,B0KRKD8NOO,试点地区搜索
久力健康管理中心,其他,福广路与067乡道交叉口西北80米,,,,99.915490,24.591120,临沧市,凤庆县,B0JU36XIM6,试点地区搜索
美年大健康体检中心(临沧分院),其他,忙畔街道忙畔社区滇西物流园9栋5楼,,,,100.101421,23.911181,临沧市,临翔区,B0LUSB0ORV,试点地区搜索
临沧观心健康管理有限公司,其他,旗山路与东阁坝巷交叉口北60米,,,,100.086904,23.890457,临沧市,临翔区,B0J0NUFHVL,试点地区搜索
喜来健生活健康馆(人民路店),其他,人民路18号2层,,,,100.086628,23.880264,临沧市,临翔区,B0FFGIAJ59,试点地区搜索
健之佳健康药房(沧江路店),其他,临沧财富中心广场西北门东130米,0883-2160012;15087845250,,08:00-22:45,100.093270,23.888694,临沧市,临翔区,B03730NELA,试点地区搜索
艾芝康健康管理中心,其他,滇红南路65号,,,,99.928075,24.584625,临沧市,凤庆县,B0L1Z6K2WC,试点地区搜索
予心•可视化健康管理,其他,金旭嘉苑6幢202号商铺,13908832818,4.4,09:00-21:00,100.101896,23.874425,临沧市,临翔区,B0L1FSWKD8,试点地区搜索
健之佳健康药房(环城东路店),其他,朝阳路与正阳路交叉口西南40米,18988336663,,08:00-22:30,100.103440,23.868080,临沧市,临翔区,B0H01OQ4LK,试点地区搜索
白云山健康管理中心,其他,华耀步行街6-104,,,09:00-21:00,99.823674,23.482635,临沧市,双江拉祜族佤族布朗族傣族自治县,B0JBX5YQ62,试点地区搜索
先奎健康服务中心,其他,凤翔街道办事处新村村委会旧寨组407号,18806967888,,,100.050132,23.803932,临沧市,临翔区,B0IBUMJTK5,试点地区搜索
艾芝康健康管理中心,其他,耿马大街与青年路交叉口东南100米,,,,99.407375,23.536675,临沧市,耿马傣族佤族自治县,B0LG41F2WW,试点地区搜索
白云山健康管理中心(阳光巷店),其他,贝米路与阳光巷交叉口南20米,,,,99.822727,23.477362,临沧市,双江拉祜族佤族布朗族傣族自治县,B0L0BLVFQR,试点地区搜索
临沧市中心血站献血服务中心,其他,旗山路498号,0883-2145687;0883-2145965,,,100.082263,23.885246,临沧市,临翔区,B037300197,试点地区搜索
临沧市新闻中心,其他,汀旗路130号,,,,100.088180,23.893850,临沧市,临翔区,B03730NF28,试点地区搜索
临沧安齿口腔数字化导航种植中心,其他,临翔路355号,0883-2165555,,08:30-18:00,100.092123,23.877218,临沧市,临翔区,B0KKS7U9YU,试点地区搜索
手机维修中心(天福通讯),其他,恒大广场一楼三号铺人民路路口,,3.8,08:45-21:30,100.086325,23.876775,临沧市,临翔区,B0FFJ3PEYP,试点地区搜索
宝鸡皮肤病医院,其他,高新二路城市枫景15号楼1-4层,17829270318,,08:30-17:30,107.216377,34.345969,宝鸡市,渭滨区,B0FFGY3Z0I,试点地区搜索
宝鸡市精神卫生中心(陈仓区),精神专科医院,,,,,107.291093,34.374034,宝鸡市,陈仓区,B0L14M14JV,试点地区搜索
宝鸡天佑精神康复医院,其他,西宝中线与209省道交叉口东北360米,0917-5156666,,24小时营业,107.952207,34.275146,宝鸡市,扶风县,B0JU1UQHUN,试点地区搜索
宝鸡市精神卫生中心,精神专科医院,群众路241号宝鸡市康复医院,,,,107.156414,34.387711,宝鸡市,金台区,B03950PQ0R,试点地区搜索
凤翔安定医院精神心理专科,精神专科医院,凤翔安定医院西北门旁,0917-7251120,,08:00-06:00,107.433611,34.503965,宝鸡市,凤翔区,B0FFKMR2VG,试点地区搜索
扶风县精神卫生中心,精神专科医院,西宝中线与209省道交叉口东北480米,,,,107.954022,34.274873,宝鸡市,扶风县,B0FFKL59PF,试点地区搜索
宝鸡天佑精神病康复医院,其他,,,,,107.952033,34.275073,宝鸡市,扶风县,B0LD0ZFG6Y,试点地区搜索
凤县德益精神康复医院,其他,凤州镇邓家台村二组,,,,106.700606,33.942905,宝鸡市,凤县,B0HUBUEUA6,试点地区搜索
宁康医院精神心理康复,其他,横水镇街道桥西,18591722999,,08:00-20:00,107.533360,34.467641,宝鸡市,凤翔区,B0G39AMYGO,试点地区搜索
宝鸡市康复医院心理咨询中心,心理咨询中心,底县路宝鸡市康复医院内,,4.1,,107.290972,34.373474,宝鸡市,陈仓区,B0GRMSY0HR,试点地区搜索
宝鸡高新区社会心理服务中心,其他,马营社区卫生院,,,,107.209020,34.326229,宝鸡市,渭滨区,B0JRY7CSD2,试点地区搜索
陕西明朗心理咨询有限公司,心理咨询中心,公园路206号青少年文化科技体验中心二楼明朗心理,0917-3807218,4.2,08:00-18:00,107.148217,34.356990,宝鸡市,渭滨区,B0J6SS1MTK,试点地区搜索
陕西正康心理服务有限公司,其他,高新二路山水文苑北门东侧(宝鸡中学斜对面),0917-3219006;18009178857,4.1,08:30-20:00,107.217610,34.346257,宝鸡市,渭滨区,B0KBFCT4YU,试点地区搜索
语沐心理,其他,宝鸡市星钻国际A座1010室,15319196196,3.6,,107.230197,34.347000,宝鸡市,渭滨区,B0L62CSYBZ,试点地区搜索
陕西易点百灵心理咨询服务有限公司,心理咨询中心,大庆路10号西建国际1324室,15191701395,3.7,08:00-20:00,107.223449,34.363135,宝鸡市,金台区,B0LGMS9XLO,试点地区搜索
宝鸡乾康心理咨询有限公司(高新部),心理咨询中心,宝鸡中学对面(山水文苑小区北门院内二楼),,3.4,,107.217925,34.346206,宝鸡市,渭滨区,B0JDDHXE3O,试点地区搜索
金台区社会心理服务中心,其他,东风路59号(上马营电气化小区院内),0917-3266668,,,107.176267,34.363444,宝鸡市,金台区,B0JA75TQF3,试点地区搜索
渭南市精神卫生中心,精神专科医院,新区东路6号,0913-2099958;0913-2105326,,08:00-12:00,109.453258,34.487863,渭南市,临渭区,B0391018W1,试点地区搜索
富平县精神卫生中心,精神专科医院,209省道与环城北路交叉口东北220米,,,,109.198210,34.783708,渭南市,富平县,B0FFH5ZKZO,试点地区搜索
蒲城宽心精神康复医院,其他,东城大道北段,0913-7142999,,,109.624173,34.972836,渭南市,蒲城县,B0FFKMQAWE,试点地区搜索
渭南百世佑宁精神专科医院,其他,汉马街,,,24小时营业,109.492108,34.477206,渭南市,临渭区,B0K1ZC263J,试点地区搜索
蒲城苏坊党定精神卫生中心,精神专科医院,党定村,18392348243,,,109.401970,34.902712,渭南市,蒲城县,B0FFHDUUX6,试点地区搜索
秦合精神专科医院,其他,皇新路与342国道交叉口东北400米,0913-5542333;15289469091,,24小时营业,110.184544,35.200154,渭南市,合阳县,B0KB1UBQXY,试点地区搜索
大荔安宁精神心理康复医院,其他,108国道附近,,,,109.942128,34.879565,渭南市,大荔县,B0FFI0E8TY,试点地区搜索
大荔君康精神心理专科医院,其他,亿通训练场西南侧180米,13468999325;18392348243,,24小时营业,109.895210,34.779657,渭南市,大荔县,B0KBCHI45C,试点地区搜索
合阳合一精神专科医院,其他,第三小学西100米西环路转盘以西,,,,110.134632,35.216652,渭南市,合阳县,B0G1Y7TW24,试点地区搜索
渭南市华州区华州精神卫生医院,其他,天门路南段与华麦路交叉口南80米,,,,109.761820,34.496231,渭南市,华州区,B0FFKTGETF,试点地区搜索
蒲城北环精神康复医院,其他,军民巷2排,13379337668,,,109.587041,34.967486,渭南市,蒲城县,B0FFIPBR3Z,试点地区搜索
韩城市精神卫生服务中心,其他,上东路与108国道交叉口西北160米,,,,110.368562,35.337747,渭南市,韩城市,B0J2P571HF,试点地区搜索
渭南市精神卫生中心门诊部,精神专科医院,新区南街与高新东路交叉口西南100米,0913-2099958,,,109.453078,34.488115,渭南市,临渭区,B0FFG2U66E,试点地区搜索
澄城精神康复医院门诊,其他,东一路与青正街交叉口西120米,,,,109.933492,35.192844,渭南市,澄城县,B0FFG6G1BG,试点地区搜索
渭南康宁心理医院,其他,宣化路与乐天大街交叉口北120米,17719750120,,08:00-18:00,109.510937,34.511622,渭南市,临渭区,B0FFJ437IK,试点地区搜索
韩城市疗愈师心理咨询工作室,心理咨询中心,复兴路南头,18292328014,3.8,08:00-22:30,110.450528,35.466665,渭南市,韩城市,B0JD95ZLSN,试点地区搜索
富平县未成年人心理健康辅导中心,心理咨询中心,富昌路12号,,4.3,08:00-12:00 14:00-18:00,109.202486,34.742203,渭南市,富平县,B0J2RUU1NI,试点地区搜索
梦斯绮韩城总部,其他,秦晋大道中段河渡新村西门,13609132811,3.7,,110.468315,35.461924,渭南市,韩城市,B0LG9LXXW2,试点地区搜索
御坊耳鼻堂(合阳店),其他,清丽园小区E栋六单元一楼,,3.9,08:00-19:00,110.156789,35.229064,渭南市,合阳县,B0LG6CF9NB,试点地区搜索
富平县黎明心理健康服务中心,心理咨询中心,迤山文兴街与迤山路交叉口北140米,,3.7,09:00-21:00,109.180617,34.764902,渭南市,富平县,B0IKR5LIH6,试点地区搜索
高新区未成年人心理健康辅导站,心理咨询中心,朝阳大街(西段)与王良巷交叉口东160米,0913-2110423,3.8,,109.451719,34.493127,渭南市,临渭区,B0GDS9RYAQ,试点地区搜索
知缘心理咨询工作室,心理咨询中心,西岳路临渭分局家属院,18992390889,3.6,,109.490868,34.510597,渭南市,临渭区,B0IGGAUJSI,试点地区搜索
大荔县心理咨询协会,心理咨询中心,电商大厦南岭向巷内20米,,3.9,,109.918868,34.797343,渭南市,大荔县,B0KR354AE6,试点地区搜索
临渭区心理健康服务中心,心理咨询中心,胜利大街东段解放街道北侧1层临渭区综治中心,,3.6,,109.500821,34.505089,渭南市,临渭区,B0KU7CMPJU,试点地区搜索
澄城县青少年校外心理辅导中心,其他,宝塔路与长宁街交叉口东160米,,3.3,,109.940206,35.188974,渭南市,澄城县,B0J1SBQO3K,试点地区搜索
学生学习心理障碍咨询处,其他,滨河小学南侧170米,,2.8,,109.514172,34.480069,渭南市,临渭区,B0L3AOZ5PB,试点地区搜索
曹老师心理咨询室,心理咨询中心,东方红小区,,3.2,,110.144904,35.226723,渭南市,合阳县,B0L2B5K8DW,试点地区搜索
诺康心理门诊部,其他,城关镇车站大街与富昌路十字西南诺康心理门诊部,18966836556;18966836686,,09:00-18:00,109.199419,34.744243,渭南市,富平县,B0H3O70KFP,试点地区搜索
卒中中心,其他,六泉路与胜利大街交叉口北180米,,,,109.466402,34.512777,渭南市,临渭区,B0GU49TPUI,试点地区搜索
图文中心,其他,仓程路中段国税局北邻,0913-2061219;13991692897,3.7,08:00-20:00,109.473122,34.497046,渭南市,临渭区,B0391001IK,试点地区搜索
渭南市中心血站,其他,万国西路5号,0913-2115586;0913-2115596,,08:00-14:00,109.443054,34.491326,渭南市,临渭区,B03910041M,试点地区搜索
胸痛中心(渭南市中心医院),综合医院,渭南市中心医院东门旁,,,,109.466234,34.512426,渭南市,临渭区,B0HG3LG3QQ,试点地区搜索
天水市第三人民医院(精表路),其他,精表路17号,0938-8365207;0938-8365298,,09:00-21:00,105.692831,34.575109,天水市,秦州区,B03AA0MXXT,试点地区搜索
天水中山精神康复医院,其他,红山路2号,,,,105.684590,34.552259,天水市,秦州区,B0G1PDKMZV,试点地区搜索
泰安康宁心理康复医院,其他,解放北路与220省道交叉口南180米,,,,105.674690,34.864812,天水市,秦安县,B0G19S9IS2,试点地区搜索
静一心理咨询中心,心理咨询中心,玉泉路66号(天水心理咨询师协会),0938-8365148;0938-8411999;18093804466,1.7,,105.714081,34.582943,天水市,秦州区,B0FFI238S8,试点地区搜索
秦州区喜闻心理咨询工作室,心理咨询中心,藉河北路与合作中路交叉口东120米,,3.7,,105.734275,34.578525,天水市,秦州区,B0LDRZ9GJU,试点地区搜索
运动康复中心,其他,解放路283号,,,,105.712375,34.578361,天水市,秦州区,B0JU3DBTTC,试点地区搜索
伏羲庙新游客服务中心,其他,伏羲路110号伏羲庙,,4.4,,105.708877,34.578024,天水市,秦州区,B0LUASHV21,试点地区搜索
互助康瑞精神病医院,其他,沿河路与西宁环城公路交叉口东220米,17697759333,,08:30-18:00,101.985643,36.827204,海东市,互助土族自治县,B0K1KZB6V5,试点地区搜索
海东弘远心理医院,其他,乐康路与杨家门路交口往东50米,,4.3,24小时营业,102.415225,36.486025,海东市,乐都区,B0KAUSFTU3,试点地区搜索
视康生活馆,其他,乐都路县政府综合楼下从南到北第14间,13649716841,3.1,08:00-20:00,102.109719,36.500984,海东市,平安区,B0LG3H7IJW,试点地区搜索
盟约(海东)家庭心理咨询服务有限责任公司,心理咨询中心,互助土族自治县互助创业孵化基地二楼205,17697700677,3.1,,101.970784,36.842826,海东市,互助土族自治县,B0K30R2SKG,试点地区搜索
可丽儿青少年视力防控中心,其他,古城大街27号,15597277774,3.6,09:00-21:00,102.406818,36.481721,海东市,乐都区,B0KAPRJZRV,试点地区搜索
手机维修中心,其他,北大街9号,,3.8,08:00-23:30,102.806134,36.330103,海东市,民和回族土族自治县,B0J3S77RM5,试点地区搜索
老城街道社区卫生服务中心,其他,老城西路520号,,,,89.175664,42.944363,吐鲁番市,高昌区,B0FFHQ4CM2,试点地区搜索
伊拉湖中心卫生院,其他,同心南路,,,,88.446273,42.780948,吐鲁番市,托克逊县,B0KG3DMRF0,试点地区搜索
鲁克沁镇中心卫生院,其他,鲁克沁镇迪汗苏村1组,,,,89.773125,42.747575,吐鲁番市,鄯善县,B0FFF2LG2V,试点地区搜索
托克逊县卫生服务中心,其他,友好中路与华安路交叉口东140米,,,,88.644764,42.792312,吐鲁番市,托克逊县,B0JB31L8B1,试点地区搜索
连木沁镇中心卫生院,其他,066县道南50米,0995-8331084,,,89.953546,42.881866,吐鲁番市,鄯善县,B0FFG1KXB1,试点地区搜索
迪坎镇卫生院,其他,卡孜库勒村三组,,,24小时营业,89.768981,42.693969,吐鲁番市,鄯善县,B0FFFS74L5,试点地区搜索
鄯善县社区卫生服务中心,其他,辟展镇楼兰西路117号,,,,90.209993,42.864642,吐鲁番市,鄯善县,B0L197I9AJ,试点地区搜索
鄯善县社区卫生服务中心,其他,老城北路与老城北路西三巷交叉口北180米,,,,90.217506,42.887134,吐鲁番市,鄯善县,B0L2B5KIY9,试点地区搜索
辟展镇卫生院,其他,银玫瑰小区对面,,,,90.235012,42.864566,吐鲁番市,鄯善县,B0J0G7K5DW,试点地区搜索
吐鲁番市高昌区人民医院,其他,高昌南路146人民医院内科楼1楼,0995-8665045,,,89.179928,42.941013,吐鲁番市,高昌区,B0FFHXNQP4,试点地区搜索
市医院(公交站),其他,208路,,,,89.240425,42.966152,吐鲁番市,高昌区,BV11022404,试点地区搜索
吐鲁番市维吾尔医院,其他,老城西路970号,0995-8522327,,,89.170821,42.946729,吐鲁番市,高昌区,B03E3001C8,试点地区搜索
百姓医院,其他,高昌中路29号,0995-6262688,,,89.181194,42.950906,吐鲁番市,高昌区,B03E30022J,试点地区搜索
托克逊县人民医院(新院区),其他,天山小镇北侧,,,,88.620780,42.801124,吐鲁番市,托克逊县,B0LAX71HE5,试点地区搜索
吐鲁番市维吾尔医医院沙疗中心,其他,维吾尔医医院沙疗中心埋沙场东侧,,,09:00-21:00,89.090788,42.974687,吐鲁番市,高昌区,B0HRXZSITL,试点地区搜索
民族医院(公交站),其他,鄯善1路;鄯善7路,,,,90.209038,42.855673,吐鲁番市,鄯善县,BV11271318,试点地区搜索
吐哈石油医院,其他,吐哈油田公司院内,,,,90.501280,43.083579,吐鲁番市,鄯善县,B03E30041X,试点地区搜索
鄯善县人民医院健康管理中心,其他,辟展镇楼兰西路117号,0995-8387042,,10:00-14:00 14:30-18:00,90.209703,42.863957,吐鲁番市,鄯善县,B03E300512,试点地区搜索
吐鲁番译德心理发展中心,其他,老城西路与西环中路交叉口东180米,,3.2,,89.170430,42.945366,吐鲁番市,高昌区,B0JAF9SAJQ,试点地区搜索
鄯善县维吾尔医医院,其他,二工路442号,0995-8385483,,,90.208627,42.855193,吐鲁番市,鄯善县,B03E3007ZN,试点地区搜索
吐鲁番市中心血站,其他,西环北路2834号,,,,89.168694,42.954007,吐鲁番市,高昌区,B03E3000TR,试点地区搜索
吐鲁番市客运中心,其他,老城路264号,0995-8522325,,08:00-20:00,89.178519,42.943262,吐鲁番市,高昌区,B0KAMS1GGX,试点地区搜索
华霞心理咨询师培训,心理咨询中心,东一路象牙城1层66-22号,0993-6689258;15026241638,3.8,09:00-20:00,86.051351,44.303563,石河子市,石河子市,B0FFFWONG8,试点地区搜索
新疆石河子解灵心理咨询中心,心理咨询中心,城区21小区24拣11-11号,18809931486,4.0,08:00-22:00,86.046674,44.315073,石河子市,石河子市,B0K66HOLD8,试点地区搜索
有方心理,其他,北三路与东五路交叉口东80米,,3.5,,86.086579,44.300765,石河子市,石河子市,B0L3F16GOX,试点地区搜索
朗肾血液透析中心,其他,乌伊东路274-9号附近,,,,86.030335,44.317059,石河子市,石河子市,B0FFK27MY8,试点地区搜索
济视明视力防控中心(九中店),其他,北一东路105号,,,,86.080425,44.292667,石河子市,石河子市,B0L3A5VIWH,试点地区搜索
跨视界护眼中心,其他,北一路与东四路交叉口东280米,18152929898,,10:00-20:00,86.078979,44.292839,石河子市,石河子市,B0KDS7XOKF,试点地区搜索
呼伦贝尔市第三人民医院,其他,,,,,120.668598,49.281532,呼伦贝尔市,牙克石市,B0FFJY5VS8,试点地区搜索
赵景艳精神卫生诊所,其他,碧海蓝天小区2号楼门市,13019529418,,,119.779232,49.212582,呼伦贝尔市,海拉尔区,B0G33CYF0X,试点地区搜索
呼伦贝尔市精神卫生中心,精神专科医院,建设路与向阳街交叉口东南160米,,,09:00-21:00,122.748194,48.003422,呼伦贝尔市,扎兰屯市,B0JRVAJ83F,试点地区搜索
呼伦贝尔市海拉尔区人民医院精神科,其他,健康路396号,,,08:00-12:00 14:00-16:30,119.733075,49.202275,呼伦贝尔市,海拉尔区,B0G3JH6NJQ,试点地区搜索
牙克石市额尔敦精神科诊疗所(暂停营业),其他,迎宾西街与越桔南路交叉口东南20米,15540096916,,,120.724400,49.279262,呼伦贝尔市,牙克石市,B0FFFGOCHV,试点地区搜索
济民医院,其他,中央南路与哈萨尔大街交叉口东南100米,,,,119.742933,49.206809,呼伦贝尔市,海拉尔区,B0FFIIYMS7,试点地区搜索
呼伦贝尔市人民医院总院体检中心,其他,胜利大街20号(成吉思汗广场对面),,,,119.772075,49.211675,呼伦贝尔市,海拉尔区,B0FFKSDRG8,试点地区搜索
呼伦贝尔市人民医院总院,其他,胜利大街20号(成吉思汗广场对面),,,,119.772735,49.211464,呼伦贝尔市,海拉尔区,B01D600EV8,试点地区搜索
呼伦贝尔市爱心医院,其他,都兰路与贝尔大街交叉口东南60米,,,,119.772975,49.183850,呼伦贝尔市,海拉尔区,B0FFKO2YW4,试点地区搜索
呼伦贝尔市蒙医医院,其他,学府路西100米,0470-3566789,,24小时营业,119.774604,49.202022,呼伦贝尔市,海拉尔区,B01D600ENW,试点地区搜索
鄂温克旗蒙医医院,其他,南屯街12号,,,08:00-11:30 14:00-17:00,119.757294,49.142464,呼伦贝尔市,鄂温克族自治旗,B0FFHOCV3M,试点地区搜索
呼伦贝尔市人民医院总院外科病房楼,其他,胜利大街20号呼伦贝尔市人民医院总院,,,,119.772375,49.211125,呼伦贝尔市,海拉尔区,B0FFF5QKTC,试点地区搜索
市医院(公交站),其他,102路;1路;4路;远津风景专线,,,,119.771868,49.210506,呼伦贝尔市,海拉尔区,BV10120465,试点地区搜索
呼伦贝尔市人民医院总院门诊部,其他,胜利大街20号呼伦贝尔市人民医院总院,,,,119.773395,49.211249,呼伦贝尔市,海拉尔区,B01D60NFP7,试点地区搜索
内蒙古林业总医院海拉尔分院,其他,东大街,,,,119.749678,49.212577,呼伦贝尔市,海拉尔区,B01D600CSW,试点地区搜索
呼伦贝尔市宏安医院,其他,扎兰屯路,0470-8297756,,,119.765639,49.225024,呼伦贝尔市,海拉尔区,B01D600DJL,试点地区搜索
呼伦贝尔朝聚眼科医院,其他,胜利办满洲里路64号,4006777031,,08:00-12:00 14:00-17:00,119.765158,49.205333,呼伦贝尔市,海拉尔区,B0FFJKHSVN,试点地区搜索
呼伦贝尔爱尔眼科医院,其他,阿里河路8号,15249427520,,08:30-16:30,119.766782,49.212694,呼伦贝尔市,海拉尔区,B0FFJQOXMK,试点地区搜索
鄂温克旗人民医院,其他,巴彦托海镇(鄂温克族自治旗环境保护局西),0470-3970166;0470-8108619,,,119.746387,49.150765,呼伦贝尔市,鄂温克族自治旗,B0FFF2VWKC,试点地区搜索
海拉尔康桥综合医院,其他,中央街36号,,,,119.740999,49.217891,呼伦贝尔市,海拉尔区,B01D600BG8,试点地区搜索
呼伦贝尔玛丽妇产医院,其他,陈巴尔虎东路21号,13190978198,,08:00-18:00,119.741517,49.219717,呼伦贝尔市,海拉尔区,B0FFG8NNWP,试点地区搜索
呼伦贝尔市人民医院肿瘤中心,其他,呼伦贝尔市人民医院铁路分院东南门旁,,,,119.737045,49.233810,呼伦贝尔市,海拉尔区,B0FFG8S8PO,试点地区搜索
呼伦贝尔市爱心医院停车场(出入口),其他,爱心医院停车场,,,,119.772624,49.183587,呼伦贝尔市,海拉尔区,B0H0Z5WTZ6,试点地区搜索
陈巴尔虎旗人民医院,其他,第七居委会,0470-6712737,,,119.439863,49.327066,呼伦贝尔市,陈巴尔虎旗,B01D600AFD,试点地区搜索
内蒙古林业总医院,其他,林城路81号,0470-7231114;0470-7303297,,,120.737079,49.291517,呼伦贝尔市,牙克石市,B01D601M51,试点地区搜索
市医院(公交站),其他,牙克石1路;牙克石3路;牙克石8路,,,,120.703611,49.283886,呼伦贝尔市,牙克石市,BV10527447,试点地区搜索
中蒙医院(兴安东街),其他,内兴安东街37号,0470-7302123;0470-7302129,,24小时营业,120.739027,49.286267,呼伦贝尔市,牙克石市,B01D600JZG,试点地区搜索
呼伦贝尔市第二人民医院,其他,雅鲁街31号,0470-3204971,,,122.733106,48.012595,呼伦贝尔市,扎兰屯市,B01D600N9O,试点地区搜索
悟心心理咨询,心理咨询中心,向日葵小镇(雅园)7号楼5单元203,18747072323,3.8,24小时营业,119.736525,49.179975,呼伦贝尔市,海拉尔区,B0IGXAKUWA,试点地区搜索
天堂草原心理咨询有限公司,心理咨询中心,胜利办富华10号楼212号,13134969286,3.6,09:30-20:00,119.761055,49.219564,呼伦贝尔市,海拉尔区,B0I09KJ51R,试点地区搜索
海拉尔区旭生心理工作室,其他,红星美凯龙39一107,13304705550,4.1,08:00-20:00,119.806320,49.226463,呼伦贝尔市,海拉尔区,B0KA7C6AFM,试点地区搜索
焕心心理咨询,心理咨询中心,状元花园,19804709518,3.3,09:00-19:00,119.737254,49.217548,呼伦贝尔市,海拉尔区,B0L04LYM4I,试点地区搜索
心之桥心理咨询,心理咨询中心,金税小区6号门市,18247078088,3.7,08:00-18:00,122.733764,48.016260,呼伦贝尔市,扎兰屯市,B0LRNRMIGR,试点地区搜索
文双心理咨询中心,心理咨询中心,润园小区1号楼2单元101,13948088638,3.7,08:30-10:30 14:30-17:30,119.739032,49.163671,呼伦贝尔市,鄂温克族自治旗,B0L2F51MXS,试点地区搜索
松果心理咨询工作室,心理咨询中心,融富花园南门115门市,15248701111,3.8,,119.778361,49.184646,呼伦贝尔市,海拉尔区,B0L6GUFMIV,试点地区搜索
扎兰屯初心心理咨询工作室,心理咨询中心,成吉思汗小区18A3号门市,13234706663,3.6,08:00-20:00,122.733245,48.010513,呼伦贝尔市,扎兰屯市,B0FFHCZZSO,试点地区搜索
呼伦贝尔市悟沁心理咨询有限公司,心理咨询中心,健康街道建华路君尚玖号地块-6-1-1-701,13347034133,3.5,,119.728347,49.180338,呼伦贝尔市,海拉尔区,B0LUBZFVF3,试点地区搜索
乐至心理,其他,幸福西街与林城路交叉口西180米,,3.1,,120.734306,49.289304,呼伦贝尔市,牙克石市,B0KDOH6MBD,试点地区搜索
知沐心理咨询室,心理咨询中心,新家园a南区1号楼4号门市,,3.3,,120.728899,49.280099,呼伦贝尔市,牙克石市,B0L2LSOD47,试点地区搜索
霞奥心理健康咨询中心,心理咨询中心,学府路与园中巷交叉口北100米,,3.2,,117.480540,49.591298,呼伦贝尔市,满洲里市,B0JB31LVDG,试点地区搜索
内蒙古旭博心理咨询公司,心理咨询中心,巴彦托海镇9居世纪花苑2号楼101,,2.8,,119.757286,49.145066,呼伦贝尔市,鄂温克族自治旗,B0L3TS7RBL,试点地区搜索
布泽心理咨询工作室,心理咨询中心,湖北街与世纪大道交叉口东200米,,3.1,,117.466034,49.598884,呼伦贝尔市,满洲里市,B0LUBCBV2E,试点地区搜索
菁英少年心理咨询有限公司,心理咨询中心,永安路与布特哈北路交叉口西南80米,,3.3,,122.736675,48.020575,呼伦贝尔市,扎兰屯市,B0L3ASSW1X,试点地区搜索
心悦心理咨询中心,心理咨询中心,如意小区西侧120米,,3.9,,123.459675,48.144175,呼伦贝尔市,阿荣旗,B0LBLUNH9I,试点地区搜索
胸痛中心,其他,巴彦托海路海拉尔区人民医院,,,,119.742194,49.192161,呼伦贝尔市,海拉尔区,B0FFJSOP3C,试点地区搜索
呼伦贝尔市中心血站,其他,胜利大街8号,0470-3998090,,,119.774622,49.211478,呼伦贝尔市,海拉尔区,B01D600EV7,试点地区搜索
胸痛中心,其他,呼伦贝尔市第四人民医院东南门西南50米,,,,119.742512,49.223956,呼伦贝尔市,海拉尔区,B0L3A1XGPI,试点地区搜索
牙克石市农机中心,其他,兴安西街21号,,3.9,08:00-17:00,120.700992,49.284941,呼伦贝尔市,牙克石市,B0FFFEK0ZO,试点地区搜索
鄂尔多斯市第四人民医院,其他,罕台镇和硕嘉苑北400米,,,09:00-12:00 13:30-17:00,109.850755,39.845895,鄂尔多斯市,东胜区,B0FFHJG1MW,试点地区搜索
静心园精神专科医院,其他,嘎鲁图镇八一牧场东,15804897577,,24小时营业,108.852506,38.605690,鄂尔多斯市,乌审旗,B0I1XHPKPP,试点地区搜索
鄂尔多斯中医康复医院,其他,景致环路16号,18648001588;4000477991,,08:00-12:00 14:30-17:30,109.932722,39.817714,鄂尔多斯市,东胜区,B0FFIQT3SS,试点地区搜索
三羊心理咨询,心理咨询中心,兴蒙时代广场六号楼,18904772691,4.0,08:00-20:00,109.739512,39.578373,鄂尔多斯市,伊金霍洛旗,B0JGM57KOG,试点地区搜索
心乐心理咨询,心理咨询中心,富兴街道万佳体育场世纪华庭6号楼6楼607,15354926286,4.0,,110.024666,39.808396,鄂尔多斯市,东胜区,B0L6COPXU3,试点地区搜索
段宝心理咨询,心理咨询中心,民联B区达拉特南路36号6号楼8号底商,15247378348,3.9,,110.001944,39.808951,鄂尔多斯市,东胜区,B0JR6RQ0IB,试点地区搜索
心悦心理,其他,团结路77号,0477-8520520,4.1,,109.958442,39.814154,鄂尔多斯市,东胜区,B0JG5S0WOL,试点地区搜索
圣和开运健康咨询,其他,通达街2-5号,0477-4228878;13144115678,3.3,08:00-20:00,111.245403,39.865477,鄂尔多斯市,准格尔旗,B0JK0SPM63,试点地区搜索
教体联心理健康服务中心,心理咨询中心,纺织街道思源社区白领公寓6号楼706,,3.6,,109.989600,39.778015,鄂尔多斯市,东胜区,B0LGTCZE0B,试点地区搜索
达拉特旗未成年人心理健康辅导站,心理咨询中心,西园路与教育街交叉口东南120米,,3.7,,110.004321,40.411349,鄂尔多斯市,达拉特旗,B0FFKZX9NT,试点地区搜索
美印心理咨询室,心理咨询中心,乌仁都喜街与赛乌素路交叉口西北280米,,2.8,,107.995826,39.085688,鄂尔多斯市,鄂托克旗,B0L3VPGXSH,试点地区搜索
心乐心理咨询,心理咨询中心,那日松南路16号莱茵东郡,,3.2,,110.022893,39.802624,鄂尔多斯市,东胜区,B0L1NNV28A,试点地区搜索
手机康复中心,其他,达尔扈特路与札萨克街交叉口东南120米,,3.9,,109.738889,39.577739,鄂尔多斯市,伊金霍洛旗,B0JUPL0WSV,试点地区搜索
鄂尔多斯市中心血站(鄂尔多斯大街),其他,鄂尔多斯大街与宁馨路交汇处南100米,0477-3896700;0477-3896742,,,109.798415,39.607037,鄂尔多斯市,康巴什区,B0FFG6XNFO,试点地区搜索
伊旗优倍视眼视光中心(伊旗店),其他,达尔扈特路兴蒙时代广场3号楼104号,0477-8688999;13948779067,4.3,10:30-19:30,109.738843,39.577991,鄂尔多斯市,伊金霍洛旗,B0G19C9DYO,试点地区搜索
鄂尔多斯市中心医院,综合医院,伊金霍洛西街23号,0477-8363180,,24小时营业,109.996456,39.817923,鄂尔多斯市,东胜区,B01DD00AA6,试点地区搜索
修复中心,其他,上海庙学校东侧270米,,,,106.657086,38.350607,鄂尔多斯市,鄂托克前旗,B0JU491M6Z,试点地区搜索
大连国礼精神残疾人治疗中心,其他,营平路270号,0411-86760022;0411-86760818,,24小时营业,121.326056,38.965232,大连市,甘井子区,B0FFHP6GI3,试点地区搜索
大连市残联精神疾病防治指导中心,其他,太阳沟景区西1门西北260米,,,,121.231640,38.808446,大连市,旅顺口区,B0FFH1IPDE,试点地区搜索
大连市精神疾病预防控制中心,其他,凌水路189号大连市第七人民医院,,,09:00-08:00,121.522074,38.876336,大连市,甘井子区,B0FFHQ2FDL,试点地区搜索
大连市心理医院五一路门诊部,其他,五一路47号,0411-84645769,,,121.593060,38.907833,大连市,沙河口区,B019B09S20,试点地区搜索
大连市心理医院,其他,凌水路179号,,,,121.522038,38.876341,大连市,甘井子区,B0FFF5V8NN,试点地区搜索
大连市第七人民医院,其他,凌水路189号,0411-84671212;0411-84691871,,,121.522685,38.876208,大连市,甘井子区,B019B01AD1,试点地区搜索
大连港湾心理医院,其他,振兴路208号,,4.5,08:30-17:00,121.655253,39.030408,大连市,甘井子区,B0LDD5AJ4F,试点地区搜索
大连航天医院-精神心理健康中心,心理咨询中心,大连航天医院3楼,19969391120,4.2,08:00-17:00,121.577835,38.911041,大连市,沙河口区,B0KD472WJ0,试点地区搜索
瓦房店第四医院心理诊所,其他,西长春路西段148-20号,,,08:00-11:45 13:30-17:30,121.972704,39.626656,大连市,瓦房店市,B0H3SKIKMS,试点地区搜索
全军心理卫生服务中心,其他,解放街与中央大街交叉口西北120米,,3.6,08:00-11:30 13:00-16:30,121.231860,38.808321,大连市,旅顺口区,B0FFGA3BHR,试点地区搜索
摆渡心理咨询中心,心理咨询中心,西安路现代服务业总部大厦21E,15642533718,4.3,24小时营业,121.590082,38.910041,大连市,沙河口区,B0FFJXTL7U,试点地区搜索
大连祥铭心理咨询(中山裕景店),心理咨询中心,大公街裕濠座三单元2501室,15541164222,4.1,24小时营业,121.627747,38.917868,大连市,中山区,B0JUFCPN6L,试点地区搜索
心和心理咨询中心,心理咨询中心,人民路41号新世界名泷45层4521室,18840978909,3.8,09:00-21:00,121.653134,38.923977,大连市,中山区,B0J0L7S3W9,试点地区搜索
大连宁静心理咨询中心,心理咨询中心,黄河路781号,18640928120,4.2,09:00-18:30,121.578130,38.910950,大连市,沙河口区,B0KRU9SPID,试点地区搜索
壹加心理,其他,红星美凯龙4号楼2408,,4.0,09:00-20:00,121.592850,38.992470,大连市,甘井子区,B0LASC4CNF,试点地区搜索
心海岸心理,其他,凌水路79号,17866546468,4.0,08:30-17:00,121.523137,38.877047,大连市,甘井子区,B0FFMFK0X1,试点地区搜索
祥铭心理咨询(二部·红星国际店),心理咨询中心,汇达街红星国际广场6号楼916室,15541164222,3.8,,121.592163,38.991661,大连市,甘井子区,B0G3JY4AOT,试点地区搜索
大连黄鹤心理咨询连锁中心总部,心理咨询中心,大连市高新园区软件园路1A-4号软景中心A座2101室大连黄鹤心理咨询连锁中心总部,,4.1,,121.540200,38.887580,大连市,甘井子区,B0K6BLHDJA,试点地区搜索
君和心易心理咨询中心,心理咨询中心,合谊街5号一单元1618,18940890309,4.0,09:00-20:00,121.624506,38.919205,大连市,西岗区,B0L1SXS16R,试点地区搜索
修羽心理咨询工作室,心理咨询中心,马栏北街91号102,13840887479,3.6,24小时营业,121.552517,38.923295,大连市,甘井子区,B0KB6L7OFF,试点地区搜索
黄鹤心理咨询(百年港湾店),心理咨询中心,群力街百年港湾5号楼(香炉礁地铁站B口步行410米),0411-39419998,4.1,24小时营业,121.608079,38.929101,大连市,西岗区,B0FFKS7TN2,试点地区搜索
指南针心理学业咨询中心,其他,文萃街13号,13332258196,4.0,09:30-21:00,121.537691,38.879199,大连市,沙河口区,B0KGPO02S2,试点地区搜索
金冶(大连)心理咨询有限公司,心理咨询中心,民勇大厦2304,13998470808,3.8,08:00-22:00,121.588506,38.913409,大连市,沙河口区,B0J1N5KDA3,试点地区搜索
大连欣桥心理咨询,心理咨询中心,大连开发区万达广场二号公寓2312,13130018628,3.7,08:00-22:00,121.783299,39.059785,大连市,金州区,B0G26UML5I,试点地区搜索
佘向阳心理咨询,心理咨询中心,华北路297-301号(春柳地铁站C口步行130米),13500767795,4.0,08:30-17:00,121.583528,38.934779,大连市,沙河口区,B019B11B2M,试点地区搜索
大连心宁心理咨询中心,心理咨询中心,黄河路781号,18640928120,2.9,08:00-17:00,121.578035,38.911099,大连市,沙河口区,B0JGU1G8WD,试点地区搜索
趣学鸭情商,其他,安达商务大厦二层,15566678978,3.9,09:00-20:00,121.657869,38.920246,大连市,中山区,B0KGF73EO9,试点地区搜索
黄鹤心理咨询(五一路),心理咨询中心,南沙河口街道五一路147号,0411-84449796,3.8,08:30-16:30,121.570201,38.899041,大连市,沙河口区,B019B11BZ7,试点地区搜索
大连联合心理咨询有限公司,心理咨询中心,集贤南二街38号1-1,0411-84343211;13478744933,4.1,09:00-18:00,121.593358,38.901033,大连市,沙河口区,B0FFK87QP9,试点地区搜索
心世界心理咨询,心理咨询中心,大连甘井子区凌水路176号,0411-84514182,3.7,09:00-18:30,121.522958,38.877358,大连市,甘井子区,B0HAHCGPHP,试点地区搜索
柯垚爱心(大连)心理咨询有限公司,心理咨询中心,海青街道岗林里33号楼,13941163143,4.1,09:00-20:00,121.796557,39.038945,大连市,金州区,B0JKD9ZGUD,试点地区搜索
明心心理咨询,心理咨询中心,共济办事处五四路14号3单元301室,15998430693,3.7,09:00-22:00,122.001911,39.626892,大连市,瓦房店市,B0I2XAYOH3,试点地区搜索
宝灵居信息咨询店,其他,马家新村.311号,13224224007;15698751650,3.3,08:00-20:00,121.703199,39.072567,大连市,金州区,B0K07AJ3JB,试点地区搜索
启喆心理咨询,心理咨询中心,至诚街14-16号(联合路地铁站A口步行310米),13130000301,3.9,08:30-20:00,121.594522,38.912052,大连市,沙河口区,B0LU770181,试点地区搜索
伟培·比特易健康心理感统个训(华南中心),其他,汇达街61-7号,0411-65835999;15604095150,4.4,08:30-18:00,121.591087,39.000672,大连市,甘井子区,B0HKCCBY6N,试点地区搜索
心栖梧桐心理,其他,中山路与高尔基路交叉口东北80米,18698715936,3.2,09:00-18:00,121.586111,38.895076,大连市,沙河口区,B0J2GAEDEB,试点地区搜索
大连智脑心理咨询中心,心理咨询中心,七贤岭街道任贤街20号九石创业空间217,13840938648,3.3,09:00-21:00,121.514402,38.850461,大连市,甘井子区,B0LGRH9STQ,试点地区搜索
沣泽心理咨询中心,心理咨询中心,和平西街与和平北街交叉口南80米,,0.3,,121.586425,38.896325,大连市,沙河口区,B0I1TH9BLL,试点地区搜索
阅馨阁心理咨询中心,心理咨询中心,沙城街16号(春柳地铁站C口步行240米),15840910668,3.7,08:00-19:15,121.581002,38.934608,大连市,沙河口区,B0J02ZBBNP,试点地区搜索
庄河市橡树心理咨询中心,心理咨询中心,首尊府邸A座2602室,18641119592,3.4,09:00-17:00,122.975496,39.680047,大连市,庄河市,B0J3GSS8DR,试点地区搜索
方寸心理服务中心,其他,松花街9-3号5层,13013191333;13841104111;4000500050,3.2,09:00-21:00,121.628541,38.911059,大连市,西岗区,B0K3HMV27I,试点地区搜索
大连理工大学心理健康教育与咨询中心,心理咨询中心,红凌路与修齐路交叉口西240米,,4.1,,121.522040,38.882254,大连市,甘井子区,B0FFH32PS9,试点地区搜索
清文心理金石滩分部,其他,大连枫叶国际学校西北1门西北100米,,3.3,,122.020790,39.087714,大连市,金州区,B0H33CVINB,试点地区搜索
开心卡索心理素质发展中心,其他,亿达春田禧跃广场春田社区楼下,15524884559,4.1,,121.463517,38.972398,大连市,甘井子区,B0FFLKBARA,试点地区搜索
中盈心理医疗中心,其他,会展路45号环球金融中心F10层,15940809898,,,121.587155,38.890622,大连市,沙河口区,B0H0ZSWOF9,试点地区搜索
天下心瑞(大连)心理咨询有限公司,心理咨询中心,绿地中心B1栋1单元401,,3.8,,121.671672,38.925709,大连市,中山区,B0LDFDNGCW,试点地区搜索
和Kids儿童心理咨询,心理咨询中心,金马路128号天城国际生活中心,,0.9,,121.764775,39.047925,大连市,金州区,B0L3OBXO2N,试点地区搜索
创博儿童早期干预中心,其他,三堂景翠路98-3号,13591151717,4.1,,121.464451,39.605673,大连市,瓦房店市,B0KUJMSAKM,试点地区搜索
中国心理干预协会书法心理干预技术专业委员会,其他,艺海路大连海事大学,,,,121.527383,38.866260,大连市,甘井子区,B0FFH6JPTE,试点地区搜索
康语儿童言语社交训练中心(大连中山中心),其他,解放路18号电商大厦店三层DSYC3-910区,13067357735,4.5,,121.636809,38.918079,大连市,中山区,B0IGU94CFD,试点地区搜索
立新社区卫生服务中心,其他,海浪路167号,0453-6443980,,,129.608055,44.564623,牡丹江市,西安区,B0FFF6B2F2,试点地区搜索
牡丹街道社区卫生服务中心,其他,市政路7号,0453-6983173,,13:00-16:00 08:00-11:00,129.623958,44.581177,牡丹江市,东安区,B01C500D97,试点地区搜索
前进社区卫生服务中心,其他,机车市场机车东二路,,,,129.653563,44.603654,牡丹江市,阳明区,B0FFH9R0Y1,试点地区搜索
牡丹江市西安区火炬社区卫生服务中心,其他,西三条路景福街口77号门市,0453-6600386,,08:00-11:30 13:00-16:30,129.607600,44.583799,牡丹江市,西安区,B01C50NVO8,试点地区搜索
兴隆社区卫生服务中心,其他,六峰湖小区西南1门西北50米,0453-6428766,,,129.606970,44.541672,牡丹江市,东安区,B0FFHB8HSW,试点地区搜索
新华社区卫生服务中心,其他,中华路135号与康佳街交叉口,0453-8936668,,08:00-16:30,129.606004,44.595247,牡丹江市,爱民区,B0FFGMCZ2I,试点地区搜索
新兴社区卫生服务中心,其他,光华街48号,,,,129.651596,44.600136,牡丹江市,阳明区,B01C50O3S3,试点地区搜索
爱民区大庆社区卫生服务中心,其他,康佳街与北安路辅路交叉口东100米,,,,129.620835,44.599862,牡丹江市,爱民区,B0FFFS33XB,试点地区搜索
爱民区铁北街道社区卫生服务中心,其他,西新荣一道街201号,0453-8927790,,,129.586329,44.587458,牡丹江市,爱民区,B0FFMAHYQH,试点地区搜索
东安区长安社区卫生服务中心,其他,海洋靓景小区14号楼,,,,129.641195,44.581756,牡丹江市,东安区,B0FFGO0E4M,试点地区搜索
牡丹江市环境卫生中心,其他,福民街与东小三条路交叉口东80米,,,,129.631231,44.578734,牡丹江市,东安区,B0KKDP48H9,试点地区搜索
东安区五星街道社区卫生服务中心,其他,东新安街495号,0453-6606120,,,129.642059,44.584292,牡丹江市,东安区,B0FFFXG35J,试点地区搜索
牡丹江市阳明区阳明街道社区卫生服务中心,其他,阳明四条路19号,,,,129.635708,44.595066,牡丹江市,阳明区,B0FFF6B2U4,试点地区搜索
铁北社区街道卫生服务中心中医馆,其他,西新荣街141号,,,08:00-11:30 13:00-16:00,129.598502,44.590503,牡丹江市,爱民区,B0KG1U9GWY,试点地区搜索
黑龙江省牡丹江林业中心医院,综合医院,新华路536号,0453-6513134;0453-6513186,,08:00-11:00 13:30-16:00,129.596717,44.600455,牡丹江市,爱民区,B01C501Q4L,试点地区搜索
温春镇中心卫生院,其他,201国道西50米,0453-5627120,,,129.507665,44.421281,牡丹江市,西安区,B0FFI13FOW,试点地区搜索
海林市柴河镇中心卫生院,其他,柴河镇政府街41号,14704535307,,24小时营业,129.689724,44.766711,牡丹江市,海林市,B0FFG4K3VY,试点地区搜索
东兴社区卫生服务中心,其他,威虎山路23-33,,,,129.635150,44.561641,牡丹江市,东安区,B0IK1DEQ0P,试点地区搜索
路东社区卫生服务中心预防接种门诊,其他,幸福里郦景小区D-1号楼,0453-7625606;0453-7625607,,,129.482523,44.350319,牡丹江市,宁安市,B0FFL5GC8F,试点地区搜索
爱民区新华街道社区卫生服务站,其他,东新荣街294号,0453-6541813;0453-6920029,,,129.618726,44.595516,牡丹江市,爱民区,B0FFMDNP2C,试点地区搜索
黑龙江省牡丹江海林市林海社区卫生服务中心,其他,林海社区卫生服务中心,0453-7333326;0453-7333557,,07:30-16:30,129.385737,44.591418,牡丹江市,海林市,B0FFK7TOIF,试点地区搜索
爱民区北安社区卫生服务中心,其他,东地明街27号,,,,129.613141,44.607246,牡丹江市,爱民区,B0FFHI48D4,试点地区搜索
宁安市路东社区卫生服务中心,其他,中心东街与中心西街交叉口东北50米,,,08:00-11:30 13:30-16:30,129.482689,44.350154,牡丹江市,宁安市,B01C50OLQW,试点地区搜索
海林市海林镇中心卫生院,其他,英雄街与林海路交叉口西北60米,,,07:00-21:30,129.387639,44.569886,牡丹江市,海林市,B0G3M94CJD,试点地区搜索
新安朝鲜族镇卫生院,其他,朝鲜族镇文明街55号,0453-7590297,,,129.108728,44.452973,牡丹江市,海林市,B01C501TIB,试点地区搜索
牡丹江南山医院心理医院,其他,牡丹街西小一条路西牡丹街61号,0453-6228828,,08:30-17:00,129.615204,44.578971,牡丹江市,西安区,B0LGT7TFNJ,试点地区搜索
心理健康教育中心,心理咨询中心,牡丹江医科大学卫生管理学院附近,,3.9,,129.585438,44.601346,牡丹江市,爱民区,B0L2HM9U6S,试点地区搜索
牡丹江市谭力心理学校,其他,西牡丹街56号,0453-6231747;0453-6251747;13504831747,3.9,,129.615061,44.578430,牡丹江市,西安区,B0FFF8PFPZ,试点地区搜索
乾溪心理咨询,心理咨询中心,馨苑小区东南门西南60米,15245333307,3.8,,129.612317,44.581090,牡丹江市,西安区,B0GR3NIO80,试点地区搜索
坤灵身心疗愈空间,其他,东新荣街瑞景花园3号楼102门市,18645302925,3.7,08:30-18:00,129.625447,44.598497,牡丹江市,爱民区,B0KKFMQ5SP,试点地区搜索
聚龍堂,其他,馨育才小区8号楼6号库,15245379858,3.7,08:00-20:00,129.403498,44.583394,牡丹江市,海林市,B0K0NUGFMU,试点地区搜索
合一心理咨询中心,心理咨询中心,日照街与景福街中间东小二条路62号,13836310772,3.9,07:00-19:00,129.621798,44.589507,牡丹江市,东安区,B0FFHNJA57,试点地区搜索
六合居心理咨询室,心理咨询中心,幸福三区南门市1号门市,18945327222,3.9,24小时营业,129.392880,44.570609,牡丹江市,海林市,B0FFG1EXMI,试点地区搜索
牡丹江市王杨心理咨询工作室,心理咨询中心,江南德远天宸小区南门西侧100米处,13946398939,3.6,09:00-18:00,129.641264,44.551578,牡丹江市,东安区,B0K1UUB8MV,试点地区搜索
博爱心理工作室,其他,京江华府3栋1805,15945321975,1.9,09:00-21:00,129.615269,44.587766,牡丹江市,东安区,B0KRCXGYRE,试点地区搜索
天语心理咨询工作室,心理咨询中心,金地大厦八号楼2813室,13946345604,3.2,08:00-18:00,129.615997,44.583148,牡丹江市,西安区,B0LRVAJSII,试点地区搜索
牡丹江谭力心理咨询中心,心理咨询中心,西牡丹街56号,0453-6231747;0453-6251747;13504831747,4.0,,129.615026,44.578684,牡丹江市,西安区,B0FFF6B775,试点地区搜索
沐心·心理咨询中心,心理咨询中心,环江南街478号门市,13766609498,3.8,,129.625607,44.556532,牡丹江市,东安区,B0JBDCZDCW,试点地区搜索
心方向心理咨询,心理咨询中心,光华街226正西方向180米上东壹品,16519475789,3.2,,129.643127,44.598996,牡丹江市,阳明区,B0JGU1BR11,试点地区搜索
牡丹江市心理健康指导服务中心,心理咨询中心,西牡丹街与邮政路交叉口东北20米,,4.3,,129.615205,44.578975,牡丹江市,西安区,B0J1ZZI09C,试点地区搜索
楠楠心理咨询工作室,心理咨询中心,商都雅居7号门市,,3.3,08:00-20:00,131.168196,44.400696,牡丹江市,绥芬河市,B0JA6Z97NH,试点地区搜索
牡丹江市心理咨询协会,心理咨询中心,西牡丹街56号,,3.7,,129.615001,44.578679,牡丹江市,西安区,B0FFF6B778,试点地区搜索
灵语心理咨询,心理咨询中心,东新安街与东小四条路交叉口西南20米,13604381410;13604831410,2.9,,129.632490,44.580885,牡丹江市,东安区,B0HRAPK0EC,试点地区搜索
心理咨询中心,心理咨询中心,天安路与林卫路交叉口西北80米,,3.8,,129.590080,44.598598,牡丹江市,爱民区,B0KGANTGIW,试点地区搜索
心灵之鹿心理咨询工作室,心理咨询中心,光华街与西一条路交叉口东60米,,2.9,,129.611330,44.588347,牡丹江市,西安区,B0L0KRQBDL,试点地区搜索
牡丹江市第一人民医院,其他,建卫路76号,,,,129.597387,44.597371,牡丹江市,爱民区,B01C501QMS,试点地区搜索
牡丹江市第一人民医院神经科疑难病会诊中心,其他,建卫路76号牡丹江市第一人民医院,,,,129.598625,44.597275,牡丹江市,爱民区,B01C50OJRI,试点地区搜索
手机维修中心,其他,东一步行街与爱民街交叉口西北20米,18245392017,3.8,08:00-18:00,129.619444,44.584311,牡丹江市,东安区,B0HRZCNY23,试点地区搜索
牡丹江市土地整理中心,其他,西三条路515号,,,,129.616165,44.563444,牡丹江市,西安区,B01C500F0C,试点地区搜索
小城市自习中心,其他,祥伦街与明月路交叉口,13009886161,3.9,08:30-24:00,129.584997,44.594883,牡丹江市,爱民区,B0J1J5R1Q5,试点地区搜索
北京大学第六医院海淀院区,精神专科医院,花园北路51号,010-82801936;010-82801939,,,116.357522,39.982328,北京市,海淀区,B000A2EF2C,目标医院精确搜索
上海市精神卫生中心-门诊,精神专科医院,上海市精神卫生中心1号楼,021-34773231,,07:30-05:00,121.448989,31.187528,上海市,徐汇区,B00157GQWW,目标医院精确搜索
中南大学湘雅二医院,三甲医院,人民中路139号,0731-85295888;0731-85295999;0731-85295666,,24小时营业,112.993976,28.187932,长沙市,芙蓉区,B02DB02FOO,目标医院精确搜索
四川大学华西医院院本部,三甲医院,国学巷37号,028-85422114,,08:00-12:00 13:30-17:00,104.060517,30.641485,成都市,武侯区,B001C05YG2,目标医院精确搜索
首都医科大学附属北京安定医院门诊,精神专科医院,安康胡同5号首都医科大学附属北京安定医院内,010-58303229,,,116.377455,39.952822,北京市,西城区,B000A9Q59W,目标医院精确搜索
南京脑科医院神经科,其他,广州路264号南京脑科医院门诊楼3楼,13260996783,,,118.769266,32.049785,南京市,鼓楼区,B0FFF090OI,目标医院精确搜索
广州医科大学附属脑科医院(芳村总院)急诊,三甲医院,明心路36号广州医科大学附属脑科医院(芳村总院),,,,113.239435,23.098092,广州市,荔湾区,B0FFGRCLI3,目标医院精确搜索
武汉大学人民医院(主院区),其他,张之洞路99号,027-88041919;027-88041911,,24小时营业,114.299378,30.535661,武汉市,武昌区,B001B06652,目标医院精确搜索
北京回龙观医院综合楼,精神专科医院,南店路7号首都医科大学附属北京回龙观医院,,,,116.330578,40.067562,北京市,昌平区,B0FFGBC4N8,目标医院精确搜索
西安交通大学第一附属医院总院,三甲医院,雁塔西路277号,029-85323338,,24小时营业,108.936741,34.219569,西安市,雁塔区,B001D08AKU,目标医院精确搜索
重庆医科大学附属第一医院院本部,三甲医院,袁家岗友谊路1号,023-89012238,,09:00-21:30,106.512621,29.530815,重庆市,渝中区,B00170L57Q,目标医院精确搜索
浙江大学医学院附属第一医院(庆春院区),综合医院,庆春路79号,0571-87236114;0571-87236366,,08:00-12:00 13:30-17:00,120.177825,30.255920,杭州市,上城区,B023B0929X,目标医院精确搜索
郑州大学第一附属医院(河医院区),其他,五里堡街道河医社区建设东路1号,0371-67966263;0371-67966266,,24小时营业,113.646042,34.752734,郑州市,二七区,B0173080HG,目标医院精确搜索
第七人民医院,其他,石楼人民医院南门旁,,,,113.489258,22.975557,广州市,番禺区,B0H121CIJV,目标医院精确搜索
深圳市康宁医院罗湖分院停车场,其他,翠竹路1080号深圳市康宁医院(罗湖分院),,,24小时营业,114.130618,22.563813,深圳市,罗湖区,B0H1KR5L4C,目标医院精确搜索
昆明医科大学第一附属医院呈贡院区,三甲医院,春融街2030号,0871-65324888,,08:30-16:30,102.835351,24.889570,昆明市,呈贡区,B03670ZPVN,目标医院精确搜索
哈尔滨医科大学附属第一医院南岗院区,三甲医院,邮政街23号(医大一院地铁站2号口步行50米),,,,126.648779,45.767300,哈尔滨市,南岗区,B01C30JIUR,目标医院精确搜索
中国医科大学附属第一医院昆明昆大疤痕研究院,三甲医院,龙泉路77号,0871-63183036,,,102.709652,25.069503,昆明市,五华区,B0LDDZCFY4,目标医院精确搜索
首都医科大学附属北京安定医院急诊,精神专科医院,安康胡同5号首都医科大学附属北京安定医院内,,,,116.377446,39.952412,北京市,西城区,B000A9Q56X,目标医院精确搜索
重庆医科大学附属第一医院第一分院(大礼堂院区),三甲医院,上清寺街道人民路191号(曾家岩地铁站3号口步行250米),023-63856916;023-63875982,,,106.551563,29.560479,重庆市,渝中区,B00178X4I4,目标医院精确搜索
北京安定医院停车场,精神专科医院,安定医院急诊左侧东门,,,24小时营业,116.377402,39.952202,北京市,西城区,B0FFH691X0,目标医院精确搜索
北京回龙观医院门诊部,精神专科医院,回龙观镇北京回龙观医院内,,,,116.329488,40.065921,北京市,昌平区,B000A9V66J,目标医院精确搜索
北京市中西医结合精神卫生研究所,其他,安康胡同5号首都医科大学附属北京安定医院,,,,116.376769,39.952815,北京市,西城区,B000AA1ECR,补充爬取-区县
西城区精神障碍预防与康复技术指导中心,其他,平安医院(平安里地铁站K口步行60米),,,,116.367829,39.934618,北京市,西城区,B000A7QRHO,补充爬取-区县
北京军颐中医医院-精神科,其他,南菜园西头条与广安门南街交叉口东100米,,,,116.351495,39.875237,北京市,西城区,B0L3VPFMIV,补充爬取-区县
北京市西城区平安医院-心理科精神科门诊,其他,大觉胡同与赵登禹路交叉口西南40米(平安里地铁站K口旁),,,,116.367866,39.934653,北京市,西城区,B0L33RBNPD,补充爬取-区县
首都医科大学附属北京安定医院心理门诊,精神专科医院,安康胡同与敞风胡同交叉口西120米,,,,116.376325,39.952125,北京市,西城区,B0LUKYSXW0,补充爬取-区县
北京大学人民医院西直门院区医学心理科,其他,西直门南大街11号(西直门地铁站D西南口步行350米)2层,,,,116.354675,39.936775,北京市,西城区,B0JRLH7QST,补充爬取-区县
北京儿童少年心理卫生中心,其他,安康胡同5号首都医科大学附属北京安定医院内,,,09:00-21:00,116.376769,39.952815,北京市,西城区,B000A7GOWO,补充爬取-区县
北京京师辅仁心理咨询,心理咨询中心,新街口外大街8号金丰和商务苑D座一区301室,13810299763,3.8,08:00-20:00,116.372120,39.961353,北京市,西城区,B0JR7CL9Q0,补充爬取-区县
北京华璨心理咨询中心,心理咨询中心,彩印大厦7层(车公庄地铁站E西北口步行260米),010-88680603;15910341966,4.3,09:00-20:00,116.351103,39.932761,北京市,西城区,B0FFKIQMMG,补充爬取-区县
众心悦心理,其他,北京城区金泰鑫侨大厦1层102,13611190792,3.7,09:00-21:00,116.348956,39.941344,北京市,西城区,B0L13S6NZ8,补充爬取-区县
北京医童康心理诊所,其他,金贸大厦B座917,15110265327,3.8,09:00-20:00,116.349677,39.938894,北京市,西城区,B0FFIUQ5RE,补充爬取-区县
什刹海街道社会心理服务中心,其他,刘海胡同11号,,4.2,09:00-17:30,116.381163,39.938588,北京市,西城区,B000A7QRID,补充爬取-区县
雲鏡.四合,其他,八宝胡同5号院,,4.3,09:00-21:00,116.386158,39.902703,北京市,西城区,B0LRJLIX3I,补充爬取-区县
金融街街道社会心理服务中心,其他,新文化街127号独栋二楼,010-66065273,3.9,09:00-17:00,116.366489,39.904441,北京市,西城区,B0HAL54U2L,补充爬取-区县
北京市青少年法律与心理咨询服务中心,心理咨询中心,新街口外大街28号普天德胜大厦C座216室,010-66159099,3.9,09:00-16:00,116.374297,39.953869,北京市,西城区,B0L3M7M596,补充爬取-区县
解忧小屋心理工作室,其他,平安商务写字楼B107室(北海北地铁D口),13716412082,3.9,24小时营业,116.385617,39.932907,北京市,西城区,B0J2L72LO4,补充爬取-区县
天桥街道社会心理服务中心,其他,天桥市场斜街44号(天桥地铁站A西北口步行240米),,3.8,,116.397098,39.884574,北京市,西城区,B0H02RHNML,补充爬取-区县
花园心理,其他,鼓楼西大街与鸦儿胡同交叉口东40米,,2.4,,116.392775,39.940975,北京市,西城区,B0L39LTFMW,补充爬取-区县
椿树街道社会心理服务中心,其他,椿树街道椿树园小区7号楼甲3号,,3.5,,116.379511,39.895009,北京市,西城区,B0H2B7KJVW,补充爬取-区县
心搭档心理关爱中心,其他,新街高和2楼(积水潭地铁站F口步行50米),,,09:00-21:00,116.371475,39.946380,北京市,西城区,B0KK4HUZ06,补充爬取-区县
西长安街街道社会心理服务中心,其他,新壁街19-8号底商(宣武门地铁站B东北口步行450米),010-66038380;13621061617,,09:00-17:00,116.378493,39.902309,北京市,西城区,B0IDR5JHFS,补充爬取-区县
大栅栏街道社会心理服务中心,其他,炭儿胡同25号,,,,116.389877,39.895621,北京市,西城区,B0I1M7AU0O,补充爬取-区县
精神心理中心,其他,赵登禹路与大觉胡同交叉口南80米,,,,116.367974,39.934177,北京市,西城区,B0KGB539V1,补充爬取-区县
陶然亭街道社会心理服务中心,其他,陶然亭街道陶然书苑二层,,,,116.376474,39.885080,北京市,西城区,B0I39AY0T1,补充爬取-区县
广内街道社会心理服务中心,其他,槐柏树后街23号2层(长椿街地铁站D1西南口步行420米),,,,116.359428,39.897707,北京市,西城区,B0I1MSBN9U,补充爬取-区县
首都医科大学附属北京安贞医院门诊部心理科普通门诊,三甲医院,安贞路2号安贞医院门诊部11F层1161,,,,116.402344,39.972658,北京市,朝阳区,B0FFH0UCZM,补充爬取-区县
首都医科大学附属北京安贞医院门诊部心理科专家门诊,三甲医院,安贞路2号首都医科大学附属北京安贞医院,,,,116.402418,39.972660,北京市,朝阳区,B0FFH0UCZA,补充爬取-区县
北京君诊门诊部,其他,北京城区东三环北路38号院4号楼2层2层商业L226、L227、L228,18001266657,,09:30-18:00,116.462950,39.921769,北京市,朝阳区,B0J3TZJ4T5,补充爬取-区县
王建一心理咨询&培训(国贸店),心理咨询中心,百子湾路32号1号写字楼2层19号,18612316618,4.3,10:00-18:00,116.472368,39.899912,北京市,朝阳区,B0GK4CPKNL,补充爬取-区县
Miss rose塔罗·心理疏导,其他,工人体育场北路8号院4号楼(5号商场)三层5328,13810790989,3.3,13:00-21:00,116.454225,39.931953,北京市,朝阳区,B0JGHBQJ11,补充爬取-区县
梵音心空间心理咨询沙盘工作室(北京惠生园店),心理咨询中心,通惠家园惠生园1号楼107号底商梵音心空间,13132244914;18514412865,3.8,09:00-21:00,116.510065,39.908629,北京市,朝阳区,B0J0PU86LE,补充爬取-区县
徐博士意识工作室,其他,凯旋城6号楼9层,13001247281,3.9,08:00-22:00,116.418702,39.997626,北京市,朝阳区,B0JB2U0NRB,补充爬取-区县
深蓝心脑心理情感咨询,其他,北区八号楼0115(草房地铁站B东北口步行450米),13810367895,3.9,09:00-22:00,116.616248,39.927743,北京市,朝阳区,B0HR3OKV6L,补充爬取-区县
北京绿路欣阳心理工作室,其他,领地大厦C座602室(立水桥南地铁站D西南口步行220米),13161472803,3.8,09:30-20:00,116.414518,40.040533,北京市,朝阳区,B0HAAR46QI,补充爬取-区县
北京朝阳门中西医结合医院精神科,其他,朝阳门南大街12号,,,08:00-17:00,116.435659,39.918419,北京市,朝阳区,B0KULZ1PLT,补充爬取-区县
北京慧心荣德心理咨询中心(总店),心理咨询中心,安华西里一区一号楼西侧一层(木偶剧院西侧),13341096211,4.3,09:00-21:00,116.400861,39.967894,北京市,朝阳区,B0FFJRRUDT,补充爬取-区县
由心心理咨询中心(工体店),心理咨询中心,工人体育场北路21号楼11层3单元1110室,010-84608171,4.1,09:00-22:00,116.444904,39.935020,北京市,朝阳区,B0FFIY04TQ,补充爬取-区县
育心园心理咨询中心,心理咨询中心,吉庆里佳汇国际中心A座502室,010-85951501;010-85951502;010-85951503,3.8,09:00-18:00,116.441003,39.927382,北京市,朝阳区,B0H6MAFWGQ,补充爬取-区县
丹达心理咨询中心,心理咨询中心,外(企公寓1号楼1)单元151号,17310068831,3.8,10:00-18:00,116.476588,39.895431,北京市,朝阳区,B0FFKT590I,补充爬取-区县
燕园心理咨询朝阳中心,心理咨询中心,格纳斯大厦608,,3.8,08:30-18:00,116.449322,39.949031,北京市,朝阳区,B0LGGAYIX2,补充爬取-区县
一棵橡树心理健康(丽都店),心理咨询中心,酒仙桥中路26号新华联丽港大厦B座3层,15652988507,3.6,09:00-20:00,116.492702,39.975634,北京市,朝阳区,B0JUUUNPMY,补充爬取-区县
北京心之爱心理咨询中心,心理咨询中心,建国南路93号院万达广场3号楼1005室,13121657242;13121657246,3.8,09:00-18:00,116.472849,39.911171,北京市,朝阳区,B0I64URFHC,补充爬取-区县
北京心语轩心理咨询有限公司,心理咨询中心,大屯路222号(大屯路东地铁站H2西南口步行400米),18514748898,3.7,09:00-20:00,116.419591,40.001610,北京市,朝阳区,B0FFIJSDPE,补充爬取-区县
北京会明心理咨询中心(团结湖店),心理咨询中心,北京城区农展馆南路12号通广大厦1210室,010-65389318,3.8,09:00-18:00,116.463083,39.934239,北京市,朝阳区,B0FFGFAF4Y,补充爬取-区县
北京读你心意心理咨询中心,心理咨询中心,北苑红军营南路傲城融富中心傲城天朗园B座1504,010-64926399;13264409537,4.1,08:30-17:30,116.414617,40.031805,北京市,朝阳区,B0L6DCAPUA,补充爬取-区县
依慧·心理情感咨询,其他,甜水园商务中心B座(金台路地铁站B东北口步行400米),,3.4,10:00-22:00,116.482264,39.924115,北京市,朝阳区,B0KKKNLP7C,补充爬取-区县
华夏心理健康中心,心理咨询中心,广渠路3号竞园18号楼,,4.4,09:00-21:00,116.510525,39.894401,北京市,朝阳区,B0LUPD4QQW,补充爬取-区县
中国人民解放军联勤保障部队第九八四医院精神科门诊,其他,上庄镇皂甲屯村116号中国人民解放军联勤保障部队第九八四医院,,,,116.221625,40.116375,北京市,海淀区,B0G0GHIEUT,补充爬取-区县
好心情心理咨询(中关村店),心理咨询中心,方正国际大厦1502室(中关村地铁站A2西北口步行290米),,,09:00-18:00,116.313161,39.984665,北京市,海淀区,B0IU25NVMB,补充爬取-区县
唯世(北京)临床心理门诊部,其他,花园北路35号健康智谷大厦1层104号,010-82351801,4.5,08:00-19:00,116.366126,39.982488,北京市,海淀区,B0FFJK1640,补充爬取-区县
北京心境心理诊所,其他,电信实业大厦3层329(万寿路地铁站西北A1口出向西600米路北侧),4006167866,4.2,09:00-20:00,116.286307,39.908034,北京市,海淀区,B0K23ZQ7D1,补充爬取-区县
心理晴心理咨询(翠微店),心理咨询中心,北京城区翠微百货A座12层1218(麦当劳左侧4号梯上),13260076383,3.9,09:30-21:00,116.303299,39.908303,北京市,海淀区,B0LGJDRO0V,补充爬取-区县
心上地·心理空间(心理咨询),心理咨询中心,汇苑开拓大厦B座2016,18311420234,4.1,10:00-20:00,116.302766,40.044128,北京市,海淀区,B0KBR7Q417,补充爬取-区县
胖达心理咨询,心理咨询中心,强佑清河新城B座8层801室,15711294214,4.1,10:00-22:00,116.345943,40.030409,北京市,海淀区,B0J3DMJY58,补充爬取-区县
心·催化力,其他,上地四街与开拓路交叉口东80米,18101337072,3.9,09:00-18:00,116.308563,40.038075,北京市,海淀区,B0LDTS7AH0,补充爬取-区县
安肯心理咨询(定慧寺店),心理咨询中心,亮甲路130号华玉大厦301室,,4.1,24小时营业,116.279925,39.928245,北京市,海淀区,B0LDHRLKMU,补充爬取-区县
爱罗宾心理咨询(清华校区店),心理咨询中心,上地十街1号院辉煌国际中心1号楼1002室,13910618197,4.0,24小时营业,116.302521,40.053358,北京市,海淀区,B0J0V5WGXH,补充爬取-区县
北京飞迪曼心理咨询中心,心理咨询中心,北蜂窝2号中盛大厦21层2105室,010-62214883;4000159511,3.9,09:00-18:00,116.332944,39.898435,北京市,海淀区,B0G0PUEDNK,补充爬取-区县
北京会明心理咨询中心,心理咨询中心,北京城区万寿路西街2号文博大厦6层B座623室,010-68218115,4.0,09:00-21:00,116.294471,39.909321,北京市,海淀区,B000A9T89L,补充爬取-区县
随悦心理,其他,银网中心A座501(海淀黄庄地铁站C1东南口步行320米),17110160197,4.1,24小时营业,116.321028,39.976762,北京市,海淀区,B0KDMLD40T,补充爬取-区县
北京暖阳洋心理咨询至爱心暖空间,心理咨询中心,青云当代大厦1606室(地铁4号线人民大学站B口出向东500米),13911656821,3.8,09:30-21:00,116.329727,39.968834,北京市,海淀区,B0KG5LF0RI,补充爬取-区县
家姻心理,其他,京师科技大厦A座510,010-62279199,4.3,08:30-21:30,116.365010,39.957053,北京市,海淀区,B0FFLIWX40,补充爬取-区县
安肯心理咨询(苏州街店),心理咨询中心,苏州街18号苏州街18号院(苏州街地铁站E口步行260米),,3.0,,116.306851,39.977111,北京市,海淀区,B0L3A1WXD9,补充爬取-区县
荷和心理咨询,心理咨询中心,文慧园路6号五月华庭A座三层335,17622884257,2.3,07:00-24:00,116.368508,39.952391,北京市,海淀区,B0IAOH13P4,补充爬取-区县
蒙正儿童心理成长咨询中心(国图总店),其他,中关村南大街48号九龙商务中心3号楼2层202,18618248367,4.3,09:00-19:30,116.325401,39.945258,北京市,海淀区,B0FFIA34WM,补充爬取-区县
心欣然·心安处心理咨询中心,心理咨询中心,观澜国际花园一号楼六单元1601室,18501176068,4.0,09:00-19:00,116.292525,39.944825,北京市,海淀区,B0J0TAXVQ3,补充爬取-区县
师帆心旅心理成长中心,其他,北京城区海淀文教园C座209,13366011888,4.1,09:00-21:00,116.358765,39.966156,北京市,海淀区,B0L2TM33XS,补充爬取-区县
星河佳成心理咨询中心,心理咨询中心,杏石口路辅路与黑塔路交叉口南360米,,3.1,,116.233264,39.951882,北京市,海淀区,B0LRXU14HY,补充爬取-区县
北京沙盘游戏中心-心理咨询中心,心理咨询中心,中关村科技发展大厦C座2306,18519712362,4.1,09:00-17:30,116.325123,39.948537,北京市,海淀区,B0G0AUW6NL,补充爬取-区县
福润康健心理治疗中心,其他,花园北路1号长城电脑大厦,,4.2,,116.354529,39.981908,北京市,海淀区,B0L32R4JOM,补充爬取-区县
北京师范大学学生心理咨询与服务中心,心理咨询中心,北京师范大学学4楼辅楼2层,010-58800525,4.2,09:00-18:00,116.361541,39.960727,北京市,海淀区,B0H2HSJISQ,补充爬取-区县
北京舒特心理咨询工作室,心理咨询中心,上地十街辉煌国际广场3号楼1309号,18311223685,3.6,08:00-22:00,116.301199,40.053379,北京市,海淀区,B0G30BF7MS,补充爬取-区县
中国人民大学中关村校区心理健康教育与咨询中心,心理咨询中心,中关村大街59号中国人民大学,,3.9,,116.312503,39.971025,北京市,海淀区,B0FFFRZCMY,补充爬取-区县
壹点灵心理咨询中心(五道口店),心理咨询中心,双清路与荷清路交叉口东100米,,3.3,,116.338756,39.999394,北京市,海淀区,B0L2MGYCA2,补充爬取-区县
小兔仔心理聚乐部心理咨询中心,心理咨询中心,砂石厂路18号小玩童教育园区(欧澜迪国际游泳中心西侧),010-86461001,2.2,24小时营业,116.235682,39.923386,北京市,海淀区,B0J6SU1U2H,补充爬取-区县
德润儿童心理发展中心,其他,万霖科技大厦B座408,,3.2,,116.296392,40.033559,北京市,海淀区,B0LR274VVL,补充爬取-区县
康仕林心理咨询中心,心理咨询中心,花园东路仰源大厦B1501室(地铁10号线牡丹园站B口出即是),15601117448,3.3,09:00-20:00,116.370852,39.977380,北京市,海淀区,B0J0V1M5YR,补充爬取-区县
芬芬心理咨询中心,心理咨询中心,温泉白家疃显龙山路北辰·香麓雅庭,,2.8,,116.178746,40.048795,北京市,海淀区,B0L33RBG02,补充爬取-区县
北京陆子心理咨询有限公司,心理咨询中心,成府路28号五道口购物中心6F层,,3.0,09:00-21:00,116.339429,39.992090,北京市,海淀区,B0LRC4EBNN,补充爬取-区县
房山区精神卫生保健院长沟峪病区,其他,周胜路与山口路交叉口西180米,010-69301256;010-69301276,,,115.932718,39.702775,北京市,房山区,B0FFHP900H,补充爬取-区县
心理卫生门诊,其他,精神卫生保健院心里健康门诊西南侧,,,,115.940797,39.683335,北京市,房山区,B0FFJO6E8S,补充爬取-区县
北京米哈青少年心理成长基地,其他,燕山迎风二里北190米,17801252117,4.4,08:00-22:00,115.952933,39.730457,北京市,房山区,B0KK01GS1P,补充爬取-区县
嗣莲心理,其他,长阳镇中央城6号院1单元713室,18513176762;4001580153,3.9,,116.210620,39.765056,北京市,房山区,B0LAA7P30K,补充爬取-区县
北京上缘斋身心疗愈工作室,其他,长阳镇首开熙悦广场一号楼4层(长阳地铁站B南口步行230米),13439334991,3.9,09:00-21:00,116.211741,39.762573,北京市,房山区,B0HAY50J2O,补充爬取-区县
北京白羽天使心理咨询,心理咨询中心,西潞街道苏庄三里社区翠柳大街共创大厦4层4A区0761,4001575120,3.8,09:00-18:00,116.123221,39.723821,北京市,房山区,B0LRAS0QDO,补充爬取-区县
自在心空间,其他,长阳镇合景领峰篱笆园南路10号院5号楼122,18501224588,3.5,10:00-20:00,116.183065,39.768240,北京市,房山区,B0L1MCH80Y,补充爬取-区县
北京世纪萌芽心理咨询服务有限公司,心理咨询中心,延伸街7号,,3.3,09:00-17:30,116.129551,39.659967,北京市,房山区,B0L39CS1MS,补充爬取-区县
房山区长阳镇云湾家园社区社会心理服务站,其他,怡和路3号院云湾家园6号楼一层,,4.0,,116.217025,39.759425,北京市,房山区,B0I10A0LO2,补充爬取-区县
西潞街道社会心理服务中心,其他,金光北街2号(苏庄地铁站B南口步行460米),,3.4,,116.129217,39.722167,北京市,房山区,B0I265J3FI,补充爬取-区县
房山区城关街道社会心理服务中心,其他,槠榆树家园东区东1门旁,,3.3,,115.987555,39.699648,北京市,房山区,B0IBM7SKAT,补充爬取-区县
心理健康,心理咨询中心,九洲兴达家园B区东门北100米,,3.6,,115.984087,39.692436,北京市,房山区,B0KBRUMX0R,补充爬取-区县
房山区社会心理服务中心,其他,拱辰北大街甲29号,,,09:00-17:00,116.139520,39.749466,北京市,房山区,B0GUBKK3E0,补充爬取-区县
河北镇社会心理服务中心,其他,京昆路与河北农场路交叉口西420米,,,,115.927677,39.814213,北京市,房山区,B0IGBHN04T,补充爬取-区县
康生心理,其他,怀北镇淮北路316号2230室,,3.2,,116.688110,40.390139,北京市,怀柔区,B0LAXZ1DEN,补充爬取-区县
小雨心理咨询室,心理咨询中心,南华大街与迎宾路交叉口西220米,,3.5,,116.636546,40.309245,北京市,怀柔区,B0LGJLKGF8,补充爬取-区县
慕田峪长城精神传承馆,其他,慕田峪长城旅游区,,4.2,,116.544313,40.417239,北京市,怀柔区,B0HUZLJH4D,补充爬取-区县
怀柔·雁栖精神文明建设主题公园,其他,京加路与工业小区路交叉口南160米,,3.7,24小时营业,116.665714,40.361912,北京市,怀柔区,B0FFJID5CQ,补充爬取-区县
北京昊星心理咨询中心,心理咨询中心,北京华嘉专修学院北1门西110米,,1.6,,116.642068,40.328607,北京市,怀柔区,B0KGMHSL0F,补充爬取-区县
稷山县精神病医院·运城市第六医院,精神专科医院,华夏南路1号,15333042905,,,111.023169,35.603413,山西省,运城市,B0KB9A6QVN,补充爬取-区县
平陆县中医医院,其他,圣人涧镇条山大街,0359-3566829,,,111.212823,34.822008,山西省,运城市,B0FFFEWGOT,补充爬取-区县
运城为民精神病医院,其他,圣惠南路281号,0359-2052888,,,110.981606,35.003019,山西省,运城市,B0H1MAXY9V,补充爬取-区县
夏县安康精神病医院,其他,夏都大道002乡,0359-2798120;18035917615,,08:00-18:00,111.157367,35.175079,山西省,运城市,B0LBCCE202,补充爬取-区县
河津上康精神病医院,其他,莲池路,13313595039,,08:00-12:00 14:30-18:00,110.696418,35.584453,山西省,运城市,B0LDVC6V11,补充爬取-区县
运城市第六医院(稷山县精神病院运城分院),精神专科医院,解放南路346号,,,24小时营业,111.001564,35.010343,山西省,运城市,B0FFKG2SJ8,补充爬取-区县
运城慈爱中医心理疾病医院,其他,槐中南路3号,0359-2298383,,24小时营业,111.017916,35.026221,山西省,运城市,B0FFJFZF7V,补充爬取-区县
运城慈爱中医心理疾病医院门诊,其他,槐中南路3号运城慈爱中医心理疾病医院,,,,111.017697,35.026220,山西省,运城市,B0FFL5EH4D,补充爬取-区县
青少年厌学心理咨询,心理咨询中心,圣惠南路281-2号,18636335966,3.9,09:00-19:00,110.981386,35.003998,山西省,运城市,B0KD0RWN4V,补充爬取-区县
云卷舒心理咨询,心理咨询中心,中银北路与涑水街交叉口西北尚品居603室,13033444599,4.2,09:00-20:00,110.993714,35.063183,山西省,运城市,B0KAOSW63P,补充爬取-区县
山西泊恩心理咨询有限公司,心理咨询中心,工人文化宫内,,3.8,08:00-20:00,110.992291,35.022466,山西省,运城市,B0J2GUGRVZ,补充爬取-区县
青少年心理咨询中心,心理咨询中心,明泽园东北(康杰路东),19582138396;19828374768,3.8,08:00-20:00,111.041035,35.107340,山西省,运城市,B0JGBR8UPK,补充爬取-区县
阳光心苑心理咨询,心理咨询中心,空港康杰北路16号阳光庄园2栋2013号,13068014131,4.0,08:00-23:00,111.045886,35.097411,山西省,运城市,B0K29YPRA0,补充爬取-区县
壹点灵心理健康服务中心,心理咨询中心,南大街76-12,13227076607;13289866607,3.6,08:00-22:30,110.835496,35.408339,山西省,运城市,B0J2KM58KJ,补充爬取-区县
郁见心理咨询,心理咨询中心,郡都世纪大厦C单元,19888597888,4.1,08:00-18:00,111.033496,35.032486,山西省,运城市,B0L1GMAEUG,补充爬取-区县
欢喜心理,其他,城区街道城北村泰兴路1排4号2楼西户,19835034994,3.7,09:00-20:00,110.704006,35.595800,山西省,运城市,B0KBJC7EHD,补充爬取-区县
山西康智苑心理咨询中心,心理咨询中心,关公东街18号丽都庭院小区1号商铺,13008002910;15135062888,3.9,09:00-05:30,111.058131,35.115018,山西省,运城市,B0IBXSMSZ4,补充爬取-区县
李喜悦心理情绪咨询,其他,中银北路眼科家属院2-1号门面房,15035058017,3.8,08:00-20:00,111.008569,35.037903,山西省,运城市,B0KA6595XT,补充爬取-区县
爱佳诺心理咨询中心,心理咨询中心,禹都东大街125号大观广告,18003591762,3.3,,111.005004,35.032663,山西省,运城市,B0JUDU7ALU,补充爬取-区县
运城市心海指南心理咨询服务有限公司,心理咨询中心,中城南风新都汇10号楼2008/2009室,13720992981,3.5,08:00-20:00,111.000375,35.035225,山西省,运城市,B0JAFUERMP,补充爬取-区县
运城市心理咨询师协会,心理咨询中心,圣惠南路与德新路交叉口东北80米,,3.6,,110.981409,35.002807,山西省,运城市,B0GU31K3P5,补充爬取-区县
万荣县心理健康服务中心,心理咨询中心,飞云南路与023乡道交叉口北220米,,3.5,,110.835140,35.407227,山西省,运城市,B0FFM7X2IW,补充爬取-区县
善缘堂,其他,五洲观澜商业街Q9-6号,,2.6,,110.969772,35.067039,山西省,运城市,B0KGVSKDM3,补充爬取-区县
李大夫心理咨询,心理咨询中心,稷峰东街西侧,,3.5,,110.977858,35.604311,山西省,运城市,B0G0V7MQ5W,补充爬取-区县
云卷舒心理咨询,心理咨询中心,幸福里铂郡北区北门西侧3号商铺,18535921991,3.5,,110.999199,35.057440,山西省,运城市,B0LU1KADFD,补充爬取-区县
寓心阁心理咨询,心理咨询中心,银湖东街与北十巷交叉口西200米,,3.2,08:00-18:00,111.007723,35.012177,山西省,运城市,B0HDYAQN0K,补充爬取-区县
米兰阳光心理咨询工作室,心理咨询中心,龙岗路与西关龙首巷交叉口东60米,,3.4,,110.692621,35.588541,山西省,运城市,B0LUJ9B7OH,补充爬取-区县
河津心理学会,其他,府前路与紫金街交叉口西120米,,3.3,,110.707300,35.603358,山西省,运城市,B0FFKDQVO7,补充爬取-区县
云水间心理咨询工作室,心理咨询中心,云水间日咖夜酒东南侧,,3.8,,111.190559,35.332759,山西省,运城市,B0KG5ZA2ZY,补充爬取-区县
运城天才癫痫病医院,其他,中银大道359号,0359-2298088;0359-2298511,,24小时营业,111.010000,35.033927,山西省,运城市,B01670M2YA,补充爬取-区县
襄汾县赋荣精神疾病防治研究中心,其他,霍侯一级公路与赵神线交叉口西北60米,,,,111.450321,35.940376,山西省,临汾市,B016509W9O,补充爬取-区县
临汾市精神卫生中心,精神专科医院,尧都大道与秦蜀路交叉口西北420米,,,,111.493627,36.051973,山西省,临汾市,B0FFHUGWD0,补充爬取-区县
山西省汾西县精神病医院,其他,西大街与士贞路交叉口西北200米,,,,111.543404,36.658956,山西省,临汾市,B0L63A4IHK,补充爬取-区县
临汾锦冉心理康复医院,其他,南外环亢家庄村口,13293572016,4.0,08:00-18:00,111.524192,36.056766,山西省,临汾市,B0G0CSW5RB,补充爬取-区县
临汾云心风湿心理医院,其他,屯里镇贾村城北汽车站往东60米,0357-3062288,,,111.548875,36.127386,山西省,临汾市,B0FFFWCJZ2,补充爬取-区县
临汾市心理卫生协会心理服务中心,其他,广宣街北口五交化集团东门院内A305,,3.9,08:00-18:00,111.528882,36.090685,山西省,临汾市,B0LGMUEW57,补充爬取-区县
亮心理咨询工作室,心理咨询中心,青狮北街贤弟子幼儿园四楼,18903473669,3.6,09:00-19:00,111.522669,36.081645,山西省,临汾市,B0GRNS70EE,补充爬取-区县
晴天心理咨询中心,心理咨询中心,贡院路洪家楼路口南临监佳苑院内晴天心理咨询,13663672069;18536037839,3.9,24小时营业,111.521416,36.075059,山西省,临汾市,B0IUOS9BQ1,补充爬取-区县
春雨心理咨询中心,心理咨询中心,马务村学校路西25号,19035712292,3.9,09:00-20:00,111.487615,36.106023,山西省,临汾市,B0LGO77SGK,补充爬取-区县
洪洞县心悦心理咨询工作室,心理咨询中心,洪洞县实验小学后槐荫小区与欢颜小区中间10号门面,13835758834,4.0,08:30-18:30,111.689358,36.262621,山西省,临汾市,B0K1PC9TM9,补充爬取-区县
李福玲心理诊所,其他,秦蜀路与尧都大道交叉口南80米,15035782288,4.0,08:00-19:00,111.497708,36.049071,山西省,临汾市,B0FFFXA70F,补充爬取-区县
临汾市心理咨询师协会,心理咨询中心,心理咨询师协会,18636766780,3.7,08:00-20:00,111.499231,36.075124,山西省,临汾市,B0FFKL55G4,补充爬取-区县
襄汾明心馆,其他,古玩城北门外围B1-043,15582361559,3.4,08:00-18:00,111.419987,35.888538,山西省,临汾市,B0LRLDN1DD,补充爬取-区县
游三心理咨询工作室,心理咨询中心,文明路578号生化高科大厦12楼1213室,13313578068,3.7,08:00-18:00,111.390177,35.627014,山西省,临汾市,B0LDSR3VJQ,补充爬取-区县
百草馨香心理咨询,心理咨询中心,新田路37-6号,15261665124,3.1,09:00-21:00,111.373668,35.616197,山西省,临汾市,B0L0BSTROZ,补充爬取-区县
云开心理,其他,常兴中街与印染巷交叉口西北80米,,4.2,09:00-21:00,111.499098,36.075258,山西省,临汾市,B0IA16UAMA,补充爬取-区县
曲沃县启慧心理,其他,府西街112号,,3.4,09:00-18:00,111.477541,35.640247,山西省,临汾市,B0L1KAU3G2,补充爬取-区县
临汾花儿心理咨询·来客甄选店,心理咨询中心,广宣街304号,,3.8,,111.528775,36.090675,山西省,临汾市,B0LDPZ12YA,补充爬取-区县
心理咨询,心理咨询中心,科干小区西北门西南50米,,3.4,,111.521198,36.078900,山西省,临汾市,B0J1YMKST9,补充爬取-区县
临汾市尧都区心理咨询师协会,心理咨询中心,水车巷富园小区住宅楼西北门旁,,3.2,,111.520046,36.094540,山西省,临汾市,B0FFJ696F5,补充爬取-区县
侯马市心理咨询协会,心理咨询中心,紫金山街与体育场北巷交叉口东20米,,3.0,,111.368596,35.619628,山西省,临汾市,B0FFIBTQNI,补充爬取-区县
逐梦心理咨询,心理咨询中心,步行北街与文明路交叉口西北160米,,0.3,,111.381725,35.628475,山西省,临汾市,B0L1LHF9F3,补充爬取-区县
临汾市心理咨询师协会,心理咨询中心,财神楼南街与姚家胡同交叉口北40米,,3.2,,111.519232,36.080065,山西省,临汾市,B0L67YMXYY,补充爬取-区县
山西望归心心理教育有限公司,其他,亚好公寓南侧170米,,4.1,,111.535725,36.111725,山西省,临汾市,B0L1C64XZC,补充爬取-区县
JN倾听心理工作室,其他,府前广场二楼,,3.2,,111.719063,35.737236,山西省,临汾市,B0L2FS1T1E,补充爬取-区县
无锡市精神卫生中心,精神专科医院,钱荣路156号,0510-83012698;0510-83219336,,24小时营业,120.232563,31.591807,无锡市,滨湖区,B0FFH0N5U4,补充爬取-区县
汕头大学精神卫生中心,精神专科医院,泰山北路万吉工业区,0754-82902229;0754-82902704,,,116.716660,23.427258,汕头市,龙湖区,B0FFGZGAPD,补充爬取-区县
许昌市建安医院,其他,华佗路1号,0374-3310012,,24小时营业,113.793750,34.028561,许昌市,魏都区,B017600OY4,补充爬取-区县
开滦精神卫生中心,精神专科医院,建华东道26号,,,08:00-12:00 13:30-17:30,118.191290,39.645267,唐山市,路北区,B0J02CPBHP,补充爬取-区县
株洲市三医院,其他,新华东路820号,0731-22494837,,,113.180691,27.866384,株洲市,荷塘区,B02DD01291,补充爬取-区县
聊城市第四人民医院,其他,花园北路49号,0635-8321088,,24小时营业,115.997131,36.464073,聊城市,东昌府区,B027B016C8,补充爬取-区县
吉林市第六人民医院,其他,吉长北路33号,0432-63279999,,08:30-16:00,126.512241,43.871791,吉林市,船营区,B0FFG6BTG3,补充爬取-区县
衡水京大心理康复医院,其他,程富路38号,0318-2105678;0318-2123147,,,115.720761,37.717173,衡水市,桃城区,B013E00CQT,补充爬取-区县
戴庄医院,其他,李营镇济戴路1号,0537-2030000;0537-3165656,,24小时营业,116.586548,35.464796,济宁市,任城区,B02190ABBF,补充爬取-区县
江苏省扬州五台山医院,其他,五台山路2号,0514-87207250;0514-87244871,,08:00-11:30 14:00-17:30,119.451962,32.413043,扬州市,广陵区,B020200BIF,补充爬取-区县
中山市未成年人心理健康辅导中心,心理咨询中心,湖滨路59号,0760-88884120;0760-89980050,4.2,09:00-21:00,113.374328,22.529847,中山市,,B0FFIP32P9,补充爬取-区县
重庆市渝北区精神卫生中心,精神专科医院,桃源大道与碧湖路交叉口西北280米,,,,106.628141,29.759689,重庆市,两江新区,B0FFKMUKLA,补充爬取-区县
重庆市精神卫生中心住院部,精神专科医院,金紫山102号重庆市精神卫生中心内,,,,106.530759,29.593352,重庆市,两江新区,B0FFF027MY,补充爬取-区县
江北区公安分局红旗河沟派出所驻重庆市精神卫生中心,精神专科医院,紫荆路与紫福路交叉口西180米,,,,106.530898,29.592048,重庆市,两江新区,B0KAPPMXRB,补充爬取-区县
乐享心途心理咨询(红旗河沟店),心理咨询中心,红黄路洋河三村5号(红旗河沟地铁站4号口步行270米),15320270671,3.9,,106.529156,29.584515,重庆市,两江新区,B0I30ZHCSP,补充爬取-区县
宁芯心理医疗,其他,紫荆路与紫康路交叉口西180米,,4.1,09:00-21:00,106.530675,29.590325,重庆市,两江新区,B0L0K7PNJO,补充爬取-区县
美乐爱觉家庭教育指导站&沙探心空间,其他,新南路168号龙湖moco1期1栋24-27,17623293143,3.7,,106.497728,29.601307,重庆市,两江新区,B0K0J7EI4V,补充爬取-区县
四川又见观心心理咨询有限公司(重庆分公司),心理咨询中心,橡树街9号力帆枫樾1幢1-1-2,,3.6,,106.542014,29.600030,重庆市,两江新区,B0K6053X07,补充爬取-区县
行一文化心理工作室,其他,海王星科技大厦B座2楼1号,18996145669,4.1,10:00-21:00,106.508994,29.615127,重庆市,两江新区,B0IRFZ86ET,补充爬取-区县
忻心荟心理学(家庭教育心理咨询个人成长工作坊),心理咨询中心,两江新区人和街道金开大道90号附1号3层5号,13658357714;18002336766,4.1,10:00-22:00,106.541225,29.636325,重庆市,两江新区,B0K1TRUPPN,补充爬取-区县
聆静心理咨询工作室,心理咨询中心,鲁能星城四街区9号门东120米,15310255866,3.8,10:00-22:00,106.558434,29.593020,重庆市,两江新区,B0L6CLP2XM,补充爬取-区县
重庆沃恩心理咨询中心,心理咨询中心,众邦空间15楼1505室,13332880488,3.8,09:00-21:00,106.603841,29.719360,重庆市,两江新区,B0KKGUTPX3,补充爬取-区县
栩阳心理咨询公司,心理咨询中心,吾悦广场公寓七楼,15823829687,3.6,08:00-20:00,106.577277,29.722668,重庆市,两江新区,B0LDCUP4TV,补充爬取-区县
重庆寸草心心理咨询有限公司(两江新区店),心理咨询中心,两港中心2幢4-8(上湾路地铁站3号口步行150米),13996120195,3.6,,106.610849,29.648738,重庆市,两江新区,B0IRJDLDPE,补充爬取-区县
星之光心理咨询中心,心理咨询中心,中信银行大厦7-1(红旗河沟地铁站4号口步行320米),,3.4,24小时营业,106.529153,29.584517,重庆市,两江新区,B0L1Y7EMX5,补充爬取-区县
重庆天尧心理咨询中心,心理咨询中心,昆仑大道100号鲁能十三街区2幢1-16,15123848099,3.7,09:00-12:00 14:00-18:00,106.562088,29.606237,重庆市,两江新区,B0H39SSTME,补充爬取-区县
心菁华重庆家庭心理健康中心,心理咨询中心,观音桥时代中心T3栋33层3307室,,,,106.536271,29.574478,重庆市,两江新区,B0LACSK5RE,补充爬取-区县
愈禾·叁一八心理咨询中心(观音桥店),心理咨询中心,观音桥街道洋河路5号11-1,,3.4,,106.532373,29.577832,重庆市,两江新区,B0L0ACCAZ3,补充爬取-区县
重庆市心理大数据测评中心,其他,五江路与217县道交叉口南60米,,3.1,,106.562442,29.580253,重庆市,两江新区,B0FFL0WWQ2,补充爬取-区县
曼栖语情感心理咨询中心(玛雅上层店),心理咨询中心,玛雅上层东门旁(郑家院子地铁站3号口步行360米),,3.4,,106.532075,29.598625,重庆市,两江新区,B0LA5CV31T,补充爬取-区县
心医心理咨询中心(江北店),心理咨询中心,红黄路辅路与洋河四路交叉口北120米,,0.3,,106.532325,29.586925,重庆市,两江新区,B0L2PAPOFT,补充爬取-区县
回目心理咨询中心(重庆江北店),心理咨询中心,观音桥街道北城天街33号1幢7-9,,2.9,,106.541268,29.580101,重庆市,两江新区,B0L2XCXMGS,补充爬取-区县
重庆市合川区精神卫生中心(思居院区),精神专科医院,钓鱼城街道金马村13社,023-42812032;19146103725,,08:30-17:30,106.318913,30.076790,重庆市,合川区,B0FFHOHHVO,补充爬取-区县
重庆市合川区精神卫生中心,精神专科医院,三庙镇西街26号,023-42692167,,,106.129381,30.235859,重庆市,合川区,B0FFIARNX3,补充爬取-区县
合川区心理卫生中心护士站,其他,金马假日广场与双牌坊街交叉口南160米,,,,106.265175,29.988175,重庆市,合川区,B0GUBCO52E,补充爬取-区县
合川区中西医结合医院城北医院神经内科(脑病科),其他,中国石化江城加气站西北侧,,,,106.265510,30.006782,重庆市,合川区,B0I6VO82VH,补充爬取-区县
新乡医学院第二附属医院停车场(入口),其他,新乡医学院第二附属医院停车场,,,,113.897189,35.329308,新乡市,牧野区,B0H1RS8H82,补充爬取-医院
新乡医学院第二附属医院停车场,其他,前进路207号河南医药大学第二附属医院,,,,113.897846,35.328735,新乡市,牧野区,B0H1RS9JP4,补充爬取-医院
新乡医学院第二附属医院2号楼,其他,前进路207号河南医药大学第二附属医院,,,,113.897791,35.326332,新乡市,牧野区,B0FFKDNJL4,补充爬取-医院
河南省新乡市第二人民医院,其他,宏力大道中389号,0373-2050120;0373-2059474,,,113.878868,35.315837,新乡市,牧野区,B017502214,补充爬取-医院
河南医药大学第二附属医院-心境障碍二科,其他,前进路207号新乡医学院第二附属医院,,,,113.897625,35.326475,新乡市,牧野区,B0J2VRFB21,补充爬取-医院
新乡医学院第一附属医院-放射科二部,其他,学院西路与健康路交叉口南200米,,,,114.060665,35.411035,新乡市,卫辉市,B0L3AOZN7I,补充爬取-医院
新乡医学院第三附属医院家属院,其他,华兰大道与新中大道交叉口西南,,,,113.929501,35.281389,新乡市,红旗区,B0FFHQ859B,补充爬取-医院
新乡医学院第一附属医院2号学生宿舍,其他,新乡医学院第一附属医院2号楼,,,,114.057616,35.408629,新乡市,卫辉市,B0FFIB51SR,补充爬取-医院
兴盛旅馆(茹岗北四巷),其他,新乡医学院第二附属医院南2门旁,,,,113.897078,35.325208,新乡市,牧野区,B0FFFGN6UM,补充爬取-医院
东南大学附属中大医院,三甲医院,丁家桥87号,025-83272222,,24小时营业,118.776220,32.072367,南京市,鼓楼区,B001906GW2,补充爬取-医院
东南大学附属中大医院门诊部,三甲医院,丁家桥87号东南大学附属中大医院内,025-83272453,,,118.776781,32.071134,南京市,鼓楼区,B0FFGU7GZT,补充爬取-医院
东南大学附属中大医院湖南路门诊,三甲医院,湖南路22号,,,,118.777625,32.069265,南京市,鼓楼区,B0KU4ZZIFG,补充爬取-医院
东南大学附属中大医院住院大楼,三甲医院,丁家桥87号东南大学附属中大医院内,,,,118.776586,32.071176,南京市,鼓楼区,B0FFGU7GZV,补充爬取-医院
东南大学附属中大医院体检中心,三甲医院,东南大学附属中大医2号楼,,,,118.776030,32.073012,南京市,鼓楼区,B0FFJKL647,补充爬取-医院
东南大学附属中大医院江北院区,三甲医院,健民路211号,025-57791399;025-57069000,,,118.747765,32.220625,南京市,六合区,B0FFG83L3C,补充爬取-医院
东南大学附属中大医院办公楼,三甲医院,丁家桥87号东南大学附属中大医院,,,,118.777179,32.072859,南京市,鼓楼区,B001909ZYL,补充爬取-医院
东南大学附属中大医院肠道门诊,三甲医院,丁家桥87号东南大学附属中大医院,,,,118.776593,32.071091,南京市,鼓楼区,B0FFFF55PO,补充爬取-医院
东南大学附属中大医院新病房大楼,三甲医院,丁家桥路87号东南大学丁家桥校区,,,,118.775706,32.073134,南京市,鼓楼区,B001917A6Q,补充爬取-医院
东南大学附属中大医院急诊科,三甲医院,湖南路丁家桥87号,,,,118.776807,32.071145,南京市,鼓楼区,B001913DK8,补充爬取-医院
东南大学附属中大医院整形外科,三甲医院,丁家桥87号,,,,118.775967,32.072685,南京市,鼓楼区,B0HGNSNL3G,补充爬取-医院
东南大学附属中大医院创伤救治中心,三甲医院,丁家桥87号东南大学附属中大医院,,,,118.775811,32.072943,南京市,鼓楼区,B0G0UCOONS,补充爬取-医院
东南大学附属中大医院卒中救治中心,三甲医院,丁家桥87号东南大学附属中大医院,,,,118.775708,32.073100,南京市,鼓楼区,B0G0UCQD31,补充爬取-医院
东南大学附属中大医院肿瘤科,三甲医院,丁家桥87号东南大学附属中大医院,025-83272453,,,118.776538,32.071347,南京市,鼓楼区,B001917A5B,补充爬取-医院
东南大学附属中大医院地面停车场,三甲医院,丁家桥87号东南大学附属中大医院,,,24小时营业,118.775000,32.073563,南京市,鼓楼区,B0HRL51Q0W,补充爬取-医院
东南大学附属中大医院地面停车场(出入口),三甲医院,东南大学附属中大医院地面停车场,,,,118.777007,32.072722,南京市,鼓楼区,B0HRL51IQT,补充爬取-医院
东南大学附属中大医院发热门诊,三甲医院,丁家桥87号,,,24小时营业,118.776857,32.071090,南京市,鼓楼区,B0IKRMECBK,补充爬取-医院
东南大学附属中大医院胸痛救治中心,三甲医院,丁家桥87号东南大学附属中大医院,,,,118.775734,32.073108,南京市,鼓楼区,B0G0UCPBGC,补充爬取-医院
东南大学附属中大医院120城中急救站,三甲医院,丁家桥87号东南大学附属中大医院,,,,118.776988,32.071487,南京市,鼓楼区,B0FFJ5HTC6,补充爬取-医院
东南大学附属中大医院江北院区门诊部,三甲医院,健民路211号中大医院(江北院区)附近,,,,118.747817,32.220876,南京市,六合区,B0FFH8VV8D,补充爬取-医院
东南大学附属中大医院临床技能中心,三甲医院,新模范马路7号,,,08:00-17:30,118.775695,32.077048,南京市,鼓楼区,B0LABA38SM,补充爬取-医院
东南大学附属中大医院江北院区卒中救治中心,三甲医院,健民路211号东南大学附属中大医院江北院区,,,,118.747623,32.220846,南京市,六合区,B0G0D7B0U7,补充爬取-医院
东南大学附属中大医院江北院区急诊中心,三甲医院,健民路西150米,,,,118.747655,32.220870,南京市,六合区,B0FFGIGD3S,补充爬取-医院
东南大学附属中大医院江北院区发热门诊,三甲医院,健民路211号东南大学附属中大医院江北院区,,,,118.748244,32.219726,南京市,六合区,B0FFH8VTG8,补充爬取-医院
华中科技大学同济医学院附属同济医院(汉口院区),其他,解放大道1095号,027-83665555,,24小时营业,114.259951,30.579587,武汉市,硚口区,B001B07JBE,补充爬取-医院
华中科技大学同济医学院,其他,航空路13号(青年路地铁站B口步行290米),027-83692814,,,114.260995,30.582493,武汉市,硚口区,B001B06178,补充爬取-医院
华中科技大学同济医学院附属同济医院门诊大楼,其他,解放大道1095号同济医院内,027-83663298;027-83663568,,,114.261762,30.579061,武汉市,硚口区,B001B1BIL8,补充爬取-医院
华中科技大学同济医学院附属同济医院(光谷院区),其他,东湖新技术开发区高新大道501号,027-83662688,,08:30-12:00 14:00-17:00,114.463594,30.487581,武汉市,江夏区,B0FFG6KQNE,补充爬取-医院
华中科技大学同济医学院附属同济医院停车场,其他,解放大道1095号华中科技大学同济医学院附属同济医院(汉口院区),,,08:00-21:00,114.261325,30.578834,武汉市,硚口区,B0HRHA2SMR,补充爬取-医院
华中科技大学同济医学院附属同济医院(中法新城院区),其他,新天大道288号,027-69378083,,07:00-12:00 14:30-22:00,114.114000,30.547984,武汉市,蔡甸区,B0FFHVSZNN,补充爬取-医院
华中科技大学同济医学院附属同济医院住院部,其他,解放大道1095号同济医院内,,,,114.260657,30.579511,武汉市,硚口区,B001B17T8J,补充爬取-医院
华中科技大学同济医学院附属同济医院汉口院区体检中心,其他,解放大道1095号华中科技大学同济医学院附属同济医院(汉口院区),,,08:00-16:00,114.260646,30.578540,武汉市,硚口区,B001B1HAQK,补充爬取-医院
华中科技大学同济医学院附属同济医院外科大楼,其他,解放大道1095号同济医院内门诊大楼五楼,,,,114.259141,30.579691,武汉市,硚口区,B001B1D1PB,补充爬取-医院
华中科技大学同济医学院附属同济医院汉口院区急诊,其他,解放大道1095号华中科技大学同济医学院附属同济医院(汉口院区),,,,114.262060,30.578939,武汉市,硚口区,B0H2K56M6Y,补充爬取-医院
华中科技大学同济医学院附属同济医院pet中心,其他,解放大道1095号华中科技大学同济医学院附属同济医院(汉口院区),,,,114.260128,30.579031,武汉市,硚口区,B0FFHRV8U4,补充爬取-医院
华中科技大学同济医学院附属同济医院汉口院区门诊大楼核医学科,其他,解放大道1095号华中科技大学同济医学院附属同济医院(汉口院区),,,,114.262080,30.579148,武汉市,硚口区,B0FFGZX357,补充爬取-医院
华中科技大学同济医学院附属同济医院(军山院区),其他,武汉市经开区车谷大道66号,,,08:30-12:00 14:00-17:00,114.133554,30.402954,武汉市,蔡甸区,B0J1XAQ7KS,补充爬取-医院
华中科技大学同济医学院附属同济医院汉口院区儿科,其他,解放大道1095号华中科技大学同济医学院附属同济医院(汉口院区),,,,114.260913,30.578561,武汉市,硚口区,B0FFFPD3WB,补充爬取-医院
华中科技大学同济医学院附属同济医院汉口院区康复医学科,其他,解放大道1095号华中科技大学同济医学院附属同济医院(汉口院区),,,,114.261025,30.579675,武汉市,硚口区,B0FFHRV8M5,补充爬取-医院
华中科技大学同济医学院附属同济医院汉口院区1号楼,其他,解放大道1095号华中科技大学同济医学院附属同济医院(汉口院区),,,,114.261176,30.579560,武汉市,硚口区,B0J1K7BUSG,补充爬取-医院
华中科技大学同济医学院附属同济医院第二门诊部,其他,同济社区同济医院儿科,,,,114.260675,30.578411,武汉市,硚口区,B0FFGRM5HW,补充爬取-医院
华中科技大学同济医学院附属同济医院汉口院区肠道门诊,其他,解放大道1095号华中科技大学同济医学院附属同济医院(汉口院区),,,,114.262075,30.578975,武汉市,硚口区,B0FFF5DVD7,补充爬取-医院
华中科技大学同济医学院附属同济医院汉口院区第三门诊,其他,解放大道1095号华中科技大学同济医学院附属同济医院(汉口院区),,,,114.259025,30.579525,武汉市,硚口区,B0H2K57O5L,补充爬取-医院
华中科技大学同济医学院附属同济医院地下停车场,其他,解放大道1095号华中科技大学同济医学院附属同济医院(汉口院区),,,24小时营业,114.261419,30.578731,武汉市,硚口区,B0H32C48YY,补充爬取-医院
首都医科大学宣武医院,三甲医院,长椿街45号,010-83922345,,,116.361951,39.891136,北京市,西城区,B000A3EA6A,补充爬取-医院
首都医科大学宣武医院门诊楼(旧)儿科,三甲医院,长椿街45号首都医科大学宣武医院10号楼,,,24小时营业,116.363068,39.891868,北京市,西城区,B000A9V5HK,补充爬取-医院
首都医科大学宣武医院门诊楼(新),三甲医院,长椿街45号首都医科大学宣武医院9号楼,,,,116.363115,39.892119,北京市,西城区,B0LDXM9ORN,补充爬取-医院
首都医科大学宣武医院第1停车场,三甲医院,长椿街45号首都医科大学宣武医院内,,,24小时营业,116.362660,39.891511,北京市,西城区,B000A8UQPP,补充爬取-医院
首都医科大学宣武医院核医学科,三甲医院,长椿街45号首都医科大学宣武医院,,,,116.363025,39.892625,北京市,西城区,B0FFGK3R0J,补充爬取-医院
首都医科大学宣武医院9号楼,三甲医院,长椿街45号首都医科大学宣武医院,,,,116.363085,39.892162,北京市,西城区,B0L1RHBM59,补充爬取-医院
首都医科大学宣武医院健康体检,三甲医院,长椿街45号(牛街地铁站C口步行230米),,,,116.363196,39.890888,北京市,西城区,B000AB976S,补充爬取-医院
首都医科大学宣武医院住院处,三甲医院,长椿街45号首都医科大学宣武医院,,,,116.362505,39.892103,北京市,西城区,B0FFKWWF23,补充爬取-医院
首都医科大学宣武医院肾科,三甲医院,长椿街45首都医科大学宣武医院(牛街地铁站B口步行220米),,,,116.363072,39.892050,北京市,西城区,B000A9V53B,补充爬取-医院
首都医科大学宣武医院综合二楼,三甲医院,长椿街45号首都医科大学宣武医院7号楼,,,,116.362146,39.891513,北京市,西城区,B000A9V53Z,补充爬取-医院
首都医科大学宣武医院教学楼,三甲医院,长椿街45号首都医科大学宣武医院,,,,116.363025,39.891425,北京市,西城区,B000A9VMT5,补充爬取-医院
首都医科大学宣武医院综合一楼,三甲医院,长椿街45号首都医科大学宣武医院8号楼,,,,116.363145,39.891366,北京市,西城区,B0FFF0KEIC,补充爬取-医院
首都医科大学宣武医院1号楼,三甲医院,长椿街45号首都医科大学宣武医院,,,,116.361822,39.890126,北京市,西城区,B0L1RHC113,补充爬取-医院
首都医科大学宣武医院南区,三甲医院,长椿街与广安门内大街辅路交叉口西北60米,,,,116.363025,39.889925,北京市,西城区,B0LG0U2MZ1,补充爬取-医院
首都医科大学宣武医院北区,三甲医院,胜利一巷与善果胡同交叉口东200米,,,,116.362527,39.892570,北京市,西城区,B0LD3MHPN5,补充爬取-医院
首都医科大学宣武医院综合四楼,三甲医院,长椿街45号首都医科大学宣武医院17号楼,010-83198899,,,116.362548,39.893021,北京市,西城区,B0FFF0KA15,补充爬取-医院
首都医科大学宣武医院5号楼,三甲医院,长椿街45号首都医科大学宣武医院5号楼,,,,116.363088,39.890843,北京市,西城区,B000A9V5SI,补充爬取-医院
首都医科大学宣武医院综合病房楼,三甲医院,长椿街45号首都医科大学宣武医院3号楼,,,,116.362125,39.890525,北京市,西城区,B0L1UU4DU1,补充爬取-医院
首都医科大学宣武医院PET,三甲医院,长椿街45号首都医科大学宣武医院,,,,116.363073,39.892621,北京市,西城区,B0FFG2UDQC,补充爬取-医院
首都医科大学宣武医院16号楼,三甲医院,长椿街45号首都医科大学宣武医院,,,,116.363048,39.892645,北京市,西城区,B0L1RHC119,补充爬取-医院
首都医科大学宣武医院核医学楼,三甲医院,长椿街45号首都医科大学宣武医院16号楼,,,,116.363030,39.892621,北京市,西城区,B0L3348VDZ,补充爬取-医院
首都医科大学宣武医院急诊,三甲医院,长椿街45号首都医科大学宣武医院11号楼,010-83198277,,24小时营业,116.362475,39.891812,北京市,西城区,B000A9V5OA,补充爬取-医院
首都医科大学宣武医院儿科急诊,三甲医院,长椿街45号首都医科大学宣武医院,,,,116.362883,39.891861,北京市,西城区,B000A9V5II,补充爬取-医院
首都医科大学宣武医院2号楼,三甲医院,长椿街45号首都医科大学宣武医院,,,,116.362575,39.890125,北京市,西城区,B0L1RHBM55,补充爬取-医院
首都医科大学宣武医院3号楼,三甲医院,长椿街45号首都医科大学宣武医院,,,,116.362048,39.890572,北京市,西城区,B0L1RHBM56,补充爬取-医院
浙江大学医学院附属第二医院(解放路院区),综合医院,小营街道解放路88号,,,13:30-17:00 08:00-12:00 13:30-16:00,120.177439,30.251172,杭州市,上城区,B0FFG8HLTS,补充爬取-医院
浙江大学医学院附属第二医院(解放路院区)肝炎门诊,综合医院,小营街道解放路88号浙江大学医学院附属第二医院(解放路院区),,,,120.178022,30.251570,杭州市,上城区,B023B18K2I,补充爬取-医院
浙江大学医学院附属第二医院滨江院区,综合医院,江虹路1511号,0571-87783777,,08:00-17:00,120.198023,30.201344,杭州市,滨江区,B023B149UE,补充爬取-医院
浙江大学医学院附属第二医院(城东院区),综合医院,源聚路300号,0571-87783777,,08:00-17:00,120.229256,30.297350,杭州市,上城区,B0G3FCMRIF,补充爬取-医院
浙江大学医学院附属第二医院地面停车场,综合医院,解放路88号浙江大学医学院附属第二医院内,,,24小时营业,120.177861,30.251334,杭州市,上城区,B0FFG4GPD2,补充爬取-医院
浙江大学医学院附属第二医院(行政中心),综合医院,解放路111号金钱大厦,,,,120.175894,30.250204,杭州市,上城区,B023B16C0R,补充爬取-医院
浙江大学医学院附属第二医院(解放路院区)国际保健中心,综合医院,小营街道解放路88号浙江大学医学院附属第二医院(解放路院区),0571-87784688,,,120.178540,30.250858,杭州市,上城区,B0FFJUR87P,补充爬取-医院
浙江大学医学院附属第二医院(解放路院区)门诊,综合医院,解放路88号,,,,120.176556,30.250921,杭州市,上城区,B0FFGAPSU1,补充爬取-医院
浙江大学医学院附属第二医院(解放路院区)脑科中心,综合医院,小营街道解放路88号浙江大学医学院附属第二医院(解放路院区),,,,120.178080,30.250788,杭州市,上城区,B023B18SS0,补充爬取-医院
浙江大学医学院附属第二医院门诊大厅,综合医院,解放路78号浙江大学医学院附属第二医院,,,,120.176446,30.251288,杭州市,上城区,B023B18SG2,补充爬取-医院
浙江大学医学院附属第二医院(解放路院区)急诊中心,综合医院,解放路88号,0571-87783911,,24小时营业,120.177297,30.250783,杭州市,上城区,B023B18S1Y,补充爬取-医院
浙江大学医学院附属第二医院(解放路院区)心脏中心,综合医院,解放路88号浙大医学院附属二院,,,,120.178125,30.250825,杭州市,上城区,B023B18SG8,补充爬取-医院
浙江大学医学院附属第二医院(解放路院区)行政科,综合医院,解放路88号浙二医院内,0571-87783882,,,120.176997,30.251625,杭州市,上城区,B023B08R3J,补充爬取-医院
浙江大学医学院附属第二医院(解放路院区)体检中心,综合医院,小营街道解放路78号(万安桥地铁站E口步行470米),0571-87581969,,07:00-16:30,120.178582,30.250730,杭州市,上城区,B0FFG902D9,补充爬取-医院
浙江大学医学院附属第二医院(解放路院区)放射科,综合医院,解放路88号浙江大学医学院附属第二医院3号楼,,,,120.177654,30.251157,杭州市,上城区,B023B18S23,补充爬取-医院
浙江大学医学院附属第二医院(解放路院区)1号病房楼,综合医院,小营街道解放路88号浙江大学医学院附属第二医院(解放路院区),,,,120.176909,30.251429,杭州市,上城区,B0FFF9YF83,补充爬取-医院
浙江大学医学院附属第二医院(解放路院区)2号病房楼,综合医院,小营街道解放路88号浙江大学医学院附属第二医院(解放路院区),,,,120.177889,30.251431,杭州市,上城区,B0H2K58B00,补充爬取-医院
浙江大学医学院附属第二医院博奥院区,综合医院,启迪路456号,,,24小时营业,120.244809,30.203091,杭州市,萧山区,B0H29H6BI6,补充爬取-医院
浙江大学医学院附属第二医院(解放路院区)骨科,综合医院,解放路79号,0571-28256106,,,120.176400,30.251143,杭州市,上城区,B0FFGFOVE7,补充爬取-医院
浙江大学医学院附属第二医院滨江院区中心楼,综合医院,江虹路1511号浙江大学医学院附属第二医院,,,,120.198124,30.201349,杭州市,滨江区,B0H6BRECVH,补充爬取-医院
浙江大学医学院附属第二医院(解放路院区)腰椎病治疗中心,综合医院,解放路88号(万安桥地铁站D口步行430米),,,,120.177916,30.251334,杭州市,上城区,B0FFGIFXL7,补充爬取-医院
浙江大学医学院附属第二医院滨江院区门诊,综合医院,江虹路1511号浙医二院滨江院区内,,,,120.198890,30.201045,杭州市,滨江区,B0FFF2IN41,补充爬取-医院
浙江大学医学院附属第二医院(解放路院区)血液净化中心,综合医院,小营街道解放路88号浙江大学医学院附属第二医院(解放路院区),,,,120.177791,30.251439,杭州市,上城区,B0FFG2V0SW,补充爬取-医院
浙江大学医学院附属第二医院(解放路院区)风湿科,综合医院,解放路88号1层205室,0571-28256106,,,120.176932,30.251580,杭州市,上城区,B0FFGIEE2D,补充爬取-医院
浙江大学医学院附属第二医院眼科中心视光中心,综合医院,西湖大道1号(城站地铁站D口步行120米),0571-87783653;0571-87783890,,,120.180254,30.243845,杭州市,上城区,B0HKN7QB9Q,补充爬取-医院
四川大学华西第二医院华西院区,综合医院,人民南路三段20号(华西坝地铁站B口步行300米),028-85503960;028-86060231,,,104.065614,30.639408,成都市,武侯区,B001C0497D,补充爬取-医院
四川大学华西第二医院锦江院区,综合医院,成龙大道一段1416号,028-88570307,,,104.147529,30.585196,成都市,锦江区,B0FFGFV098,补充爬取-医院
四川大学华西第二医院华西院区门诊部,综合医院,人民南路三段20号(华西坝地铁站B口步行400米),,,,104.065785,30.639136,成都市,武侯区,B0FFFV1QDX,补充爬取-医院
四川大学华西第二医院华西院区医务楼,综合医院,人民南路三段20-附1号,,,,104.066031,30.639677,成都市,武侯区,B0FFIE310Z,补充爬取-医院
四川大学华西第二医院高新妇女儿童医院,综合医院,康和路与康和东二街交叉口西120米,028-81580307,,08:00-18:00,104.101350,30.557620,成都市,双流区,B0HGSS41RD,补充爬取-医院
四川大学华西第二医院华西院区病理科,综合医院,人民南路三段20号(华西坝地铁站B口步行350米),,,,104.065986,30.639641,成都市,武侯区,B001C8XFU9,补充爬取-医院
四川大学华西第二医院-体检,综合医院,人民南路三段20号,,,08:00-17:00,104.065550,30.639432,成都市,武侯区,B0HKDR3WA4,补充爬取-医院
四川大学华西第二医院华西院区门诊部住院部,综合医院,人民南路三段20号(华西坝地铁站B口步行360米),,,,104.065700,30.639469,成都市,武侯区,B001C8VFSG,补充爬取-医院
四川大学华西第二医院内部地下停车场,综合医院,人民南路三段20号四川大学华西第二医院华西院区,,,24小时营业,104.065980,30.639046,成都市,武侯区,B0FFK7I0WI,补充爬取-医院
四川大学华西第二医院锦江院区门诊楼,综合医院,成龙大道西段四川大学华西第二医院门诊楼,,,,104.148428,30.585605,成都市,锦江区,B0HBLG99WH,补充爬取-医院
四川大学华西第二医院华西院区发热门诊,综合医院,人民南路三段20号四川大学华西第二医院华西院区,,,,104.066045,30.639390,成都市,武侯区,B0FFHF7FQN,补充爬取-医院
四川大学华西第二医院华西院区科教楼,综合医院,人民南路三段20-附1号附近,,,,104.065825,30.639258,成都市,武侯区,B0FFGFLE24,补充爬取-医院
四川大学华西第二医院产前诊断中心,综合医院,人民南路三段24号18栋,028-85502006,,,104.063938,30.637161,成都市,武侯区,B0FFIZ82WD,补充爬取-医院
四川大学华西第二医院华西院区儿科,综合医院,国学巷37号四川大学华西医院华西妇产儿童医院F2,,,,104.065745,30.638945,成都市,武侯区,B0FFL8E8YQ,补充爬取-医院
四川大学华西第二医院成华妇女儿童医院,综合医院,八里庄路53号(府青路地铁站C2口步行210米),,,,104.109847,30.694117,成都市,成华区,B0JBKHMO3A,补充爬取-医院
四川大学华西第二医院锦江院区地下停车场,综合医院,紫檀街四川大学华西第二医院,,,09:00-17:00,104.148764,30.585207,成都市,锦江区,B0HRR5UVLS,补充爬取-医院
四川大学华西第二医院联盟医院,综合医院,涧槽横街与涧槽中街交叉口西100米,,,,103.906027,30.560245,成都市,双流区,B0FFMF1F1V,补充爬取-医院
四川大学华西第二医院高新妇女儿童医院门诊,综合医院,康和西三街111号,,,08:00-12:00 13:00-17:00,104.101489,30.556579,成都市,双流区,B0L2ZC3U26,补充爬取-医院
四川大学华西第二医院华西院区b区住院楼,综合医院,人民南路三段20号四川大学华西第二医院B区住院楼,,,,104.065336,30.639517,成都市,武侯区,B0HBRX6UQ9,补充爬取-医院
四川大学华西第二医院锦江院区第二住院楼,综合医院,成龙大道一段1416号,,,,104.147374,30.586010,成都市,锦江区,B0IRG59PRD,补充爬取-医院
上海交通大学医学院附属瑞金医院(黄浦院区),三甲医院,瑞金二路197号,,,24小时营业,121.467617,31.211761,上海市,黄浦区,B00155L9T9,补充爬取-医院
上海交通大学医学院附属瑞金医院(远洋院区),三甲医院,淮海中路1174号,19883246065,,09:00-21:00,121.453660,31.214983,上海市,徐汇区,B00155I2ON,补充爬取-医院
上海交通大学医学院附属瑞金医院门诊部,三甲医院,瑞金二路197号(打浦桥地铁站4号口步行470米),,,09:00-21:00,121.466410,31.210381,上海市,黄浦区,B00155DB6Q,补充爬取-医院
上海交通大学医学院附属瑞金医院(卢湾分院),三甲医院,重庆南路149号(近南昌路),021-63864050,,,121.472205,31.218421,上海市,黄浦区,B00155KIBR,补充爬取-医院
上海交通大学医学院附属瑞金医院(嘉定院区),三甲医院,希望路999号,021-67888999,,24小时营业,121.258919,31.335468,上海市,嘉定区,B0FFFPPG82,补充爬取-医院
上海交通大学医学院附属瑞金医院特需门诊,三甲医院,瑞金二路197号上海交通大学医学院附属瑞金医院(黄浦院区),,,,121.468059,31.212491,上海市,黄浦区,B0FFHUL07T,补充爬取-医院
上海交通大学医学院附属瑞金医院门诊皮肤科,三甲医院,瑞金二路197号上海交通大学医学院附属瑞金医院(黄浦院区),021-64370000,,08:00-11:00 13:30-16:00,121.466465,31.210377,上海市,黄浦区,B0I3DA3W1T,补充爬取-医院
上海交通大学医学院附属瑞金医院骨科二病区,三甲医院,瑞金二路197号(打浦桥地铁站1号口步行470米),,,,121.466425,31.210375,上海市,黄浦区,B0FFG952S2,补充爬取-医院
上海交通大学医学院附属瑞金医院远洋院区体检中心,三甲医院,淮海中路1174号上海交通大学医学院附属瑞金医院(远洋院区),,,,121.453627,31.215000,上海市,徐汇区,B0IRYOFOOJ,补充爬取-医院
上海交通大学医学院附属瑞金医院急诊,三甲医院,瑞金二路201-2号,,,24小时营业,121.466121,31.212180,上海市,黄浦区,B001570WMR,补充爬取-医院
上海交通大学医学院附属瑞金医院-消化内科病房,三甲医院,瑞金二路197号上海交通大学医学院附属瑞金医院2号楼4楼,,,,121.466125,31.212175,上海市,黄浦区,B0FFFF40ZC,补充爬取-医院
上海交通大学医学院附属瑞金医院远洋院区医疗楼,三甲医院,淮海中路1174号上海交通大学医学院附属瑞金医院(远洋院区),,,,121.453652,31.214893,上海市,徐汇区,B0FFFTPN0E,补充爬取-医院
上海交通大学医学院附属瑞金医院体检中心,三甲医院,瑞金二路197号门诊大楼8层,021-34186000,,,121.466638,31.210314,上海市,黄浦区,B00156NS6W,补充爬取-医院
上海交通大学医学院附属瑞金医院灼伤急诊,三甲医院,瑞金二路197号上海交通大学医学院附属瑞金医院(黄浦院区),,,,121.466120,31.212135,上海市,黄浦区,B0FFIOPSSY,补充爬取-医院
上海交通大学医学院附属瑞金医院病理科,三甲医院,瑞金二路197号上海交通大学医学院附属瑞金医院(黄浦院区),,,,121.468548,31.212906,上海市,黄浦区,B0FFG0PTSD,补充爬取-医院
上海交通大学医学院附属瑞金医院发热门急诊,三甲医院,瑞金二路197号,,,,121.466459,31.210974,上海市,黄浦区,B0FFH105X5,补充爬取-医院
上海交通大学医学院附属瑞金医院转化医学大楼,三甲医院,瑞金二路197号上海交通大学医学院附属瑞金医院(黄浦院区),,,,121.468875,31.210975,上海市,黄浦区,B0FFHJ3RP5,补充爬取-医院
上海交通大学医学院附属瑞金医院远洋院区特需部,三甲医院,淮海中路1174号上海交通大学医学院附属瑞金医院(远洋院区),,,,121.453653,31.214942,上海市,徐汇区,B0FFHDKGUH,补充爬取-医院
上海交通大学医学院附属瑞金医院急救,三甲医院,瑞金二路197号上海交通大学医学院附属瑞金医院(黄浦院区),,,,121.465965,31.212266,上海市,黄浦区,B0FFG0GZT1,补充爬取-医院
上海交通大学医学院附属瑞金医院普胸外科,三甲医院,瑞金二路197号上海交通大学医学院附属瑞金医院6号楼7层,,,,121.466885,31.212258,上海市,黄浦区,B0FFG2XSP8,补充爬取-医院
上海交通大学医学院附属瑞金医院卢湾分院癫痫中心,三甲医院,上海交大医学院附属瑞金医院,18268425944,,,121.472308,31.218865,上海市,黄浦区,B0HDPAK1FC,补充爬取-医院
上海交通大学医学院附属瑞金医院特需医疗保健中心,三甲医院,瑞金二路街道197号瑞金医院10号楼,,,,121.468150,31.212337,上海市,黄浦区,B0FFGYZ5VQ,补充爬取-医院
上海交通大学医学院附属瑞金医院-手术室,三甲医院,瑞金二路197号,,,,121.466891,31.212258,上海市,黄浦区,B0FFFTQGG1,补充爬取-医院
上海交通大学医学院附属瑞金医院儿科急诊,三甲医院,永嘉路上海交通大学医学院附属瑞金医院,,,,121.466219,31.212015,上海市,黄浦区,B0FFLEQHHW,补充爬取-医院
上海交通大学医学院附属瑞金医院卢湾分院体检中心,三甲医院,重庆南路149号2号楼3楼,021-63852656;021-63872211,,,121.472683,31.218960,上海市,黄浦区,B0HULZ4I8F,补充爬取-医院
北京大学第一医院,综合医院,西什库大街8号,010-83572211;010-83572544,,24小时营业,116.380745,39.931911,北京市,西城区,B000A7CNNE,补充爬取-医院
北京大学第一医院门诊楼,综合医院,西什库大街8号(北海北地铁站A西北口步行400米),010-83572211,,24小时营业,116.381187,39.932534,北京市,西城区,B000A9V60B,补充爬取-医院
北京大学第一医院(妇产儿童医院),综合医院,西安门大街1号,010-83572544;010-83572211,,08:00-17:00,116.382055,39.923455,北京市,西城区,B000A7Z185,补充爬取-医院
北京大学第一医院妇产儿童医院妇儿门急诊,综合医院,西安门大街1号北京大学第一医院妇产儿童医院内,010-83573208,,24小时营业,116.381678,39.922863,北京市,西城区,B000AA210Y,补充爬取-医院
北京大学第一医院停车场,综合医院,西什库大街8号北大医院(北海北地铁站A西北口步行460米),,,07:00-21:00,116.380975,39.932204,北京市,西城区,B0FFH88OIQ,补充爬取-医院
北京大学第一医院第一住院部,综合医院,西安门大街1号北京大学第一医院妇产儿童医院内,,,,116.382356,39.922865,北京市,西城区,B000A84KCX,补充爬取-医院
北京大学第一医院(大兴院区),综合医院,高米店街道乐园路5号,010-83572211,,,116.333224,39.768378,北京市,大兴区,B0FFHDV3WZ,补充爬取-医院
北京大学第一医院第二住院部,综合医院,西什库大街7号,,,24小时营业,116.378470,39.928782,北京市,西城区,B000A7ZNLI,补充爬取-医院
北京大学第一医院门诊楼地下停车场,综合医院,西什库大街8号北京大学第一医院内,,,24小时营业,116.380910,39.932363,北京市,西城区,B0FFG9S0KN,补充爬取-医院
北京大学第一医院急诊楼,综合医院,西什库大街8号院北京大学第一医院内,010-83572211,,24小时营业,116.380564,39.931819,北京市,西城区,B000AB97WN,补充爬取-医院
北京大学第一医院男科中心,综合医院,西什库大街8号(北海北地铁站A西北口步行390米),,,09:00-21:00,116.381042,39.932596,北京市,西城区,B0HAK5H40M,补充爬取-医院
北京大学第一医院学生公寓楼,综合医院,西什库大街8号,,,,116.381536,39.930683,北京市,西城区,B000A8U6FP,补充爬取-医院
北京大学第一医院妇产儿童医院五官楼,综合医院,西安门大街1号北京大学第一医院(妇产儿童医院),,,,116.381578,39.923376,北京市,西城区,B0FFHB31L2,补充爬取-医院
北京大学第一医院科研楼,综合医院,西什库大街8号北京大学第一医院,,,,116.380553,39.930959,北京市,西城区,B0FFH14YPI,补充爬取-医院
北京大学第一医院眼视光中心,综合医院,西什库大街8号院5号楼,010-83572581,,,116.379999,39.930629,北京市,西城区,B0FFKO1XBM,补充爬取-医院
北京大学第一医院办公楼,综合医院,西什库大街74号,,,,116.380000,39.923727,北京市,西城区,B0KRUS0X0I,补充爬取-医院
北京大学第一医院停车场(入口),综合医院,西什库大街与爱民一巷交叉口南80米,,,,116.380062,39.931546,北京市,西城区,B0HDJ7UZME,补充爬取-医院
北京大学第一医院妇产儿童医院住院处,综合医院,西安门大街1号北京大学第一医院妇产儿童医院内,,,,116.382311,39.923465,北京市,西城区,B000A8WAKU,补充爬取-医院
北京大学第一医院发热门诊,综合医院,西什库大街8号北京大学第一医院,,,24小时营业,116.380334,39.931269,北京市,西城区,B000A9V66O,补充爬取-医院
北京大学第一医院第三住院部,综合医院,车辇店胡同15号,010-64008287;010-83572211,,,116.406329,39.945505,北京市,东城区,B0FFG3UHYH,补充爬取-医院
北京大学第一医院妇产儿童医院妇产科门诊,综合医院,西安门大街1号北京大学第一医院妇产儿童医院内,,,,116.382160,39.922922,北京市,西城区,B0FFFYZKIX,补充爬取-医院
北京大学第一医院信息中心,综合医院,西什库大街8号北京大学第一医院,,,,116.381737,39.932569,北京市,西城区,B0FFID2USY,补充爬取-医院
北京大学第一医院妇产儿童医院妇产科特需门诊部,综合医院,西安门大街1号北京大学第一医院(妇产儿童医院),,,,116.382316,39.923226,北京市,西城区,B0FFGLEYWS,补充爬取-医院
北京大学第一医院门诊楼地下停车场,综合医院,爱民一巷与西什库大街交叉口东80米,,,24小时营业,116.380825,39.932373,北京市,西城区,B0H14SSLP3,补充爬取-医院
北京大学第一医院妇产儿童医院停车场,综合医院,西安门大街1号北京大学第一医院妇产儿童医院内,,,24小时营业,116.382558,39.923167,北京市,西城区,B0HRPS5FUU,补充爬取-医院
吉林大学第一医院乐群院区,综合医院,吉林大路3302号,0431-88782222,,,125.391123,43.881346,长春市,二道区,B01AF0CR1N,补充爬取-医院
吉林大学第一医院生殖医院,综合医院,解放大路3976号吉林大学第一医院10号楼,0431-88783868;13843198913,,08:00-16:30,125.300962,43.877459,长春市,朝阳区,B0G0LZG06H,补充爬取-医院
吉林大学第一医院乐群院区门诊,综合医院,吉林大路3302号吉林大学第一医院内,0431-84808276,,,125.390133,43.881864,长春市,二道区,B01AF12EGT,补充爬取-医院
吉林大学第一医院集团,综合医院,西民主大街938号吉林大学朝阳校区,,,,125.304833,43.877298,长春市,朝阳区,B0FFILBP2S,补充爬取-医院
吉林大学第一医院心身病房,综合医院,云鹤街与大兴路交汇(文化广场地铁站A口步行150米),,,,125.303062,43.879129,长春市,朝阳区,B0FFJWWNWR,补充爬取-医院
吉林大学第一医院停车场,综合医院,解放大路与新民大街交叉口西南80米,,,24小时营业,125.306821,43.877345,长春市,朝阳区,B0H31UZNIO,补充爬取-医院
吉林大学第一医院集团医院,综合医院,胜利大街与新民路交叉口西南80米,,,,125.081519,43.715947,长春市,公主岭市,B0FFKR7A06,补充爬取-医院
吉林大学第一医院乐群院区住院部,综合医院,吉林大路3302号吉林大学第一医院二部内,,,,125.390571,43.881381,长春市,二道区,B0FFGTQ1M0,补充爬取-医院
吉林大学第一医院乐群院区急诊,综合医院,吉林大路3302号吉大第一医院二部内,0431-84808279,,,125.391187,43.882076,长春市,二道区,B01AF12EGA,补充爬取-医院
吉林大学第一医院乐群院区肛肠治疗中心,综合医院,吉林大路3302号吉林大学第一医院乐群院区,,,,125.390213,43.881764,长春市,二道区,B01AF0B08L,补充爬取-医院
吉林大学第一医院急诊部,综合医院,解放大路辅路与云鹤街交叉口南80米,,,,125.303193,43.877324,长春市,朝阳区,B0KUCCW82Y,补充爬取-医院
吉林大学第一医院乐群院区1号楼,综合医院,吉林大路3302号吉林大学第一医院乐群院区,,,,125.391336,43.882007,长春市,二道区,B0FFHD7DWY,补充爬取-医院
吉林大学第一医院二部·整形美容科,综合医院,吉林大路3302号(东环城路地铁站D口步行270米),,,,125.390975,43.882125,长春市,二道区,B0L6RM2ILZ,补充爬取-医院
吉林大学第一医院南昌路综合楼,综合医院,南昌路176号,,,,125.302197,43.886291,长春市,朝阳区,B0JGTSUVI4,补充爬取-医院
吉林大学第一医院地下停车场(出入口),综合医院,吉林大学第一医院地下停车场,,,,125.303422,43.876415,长春市,朝阳区,B0LG47ET0B,补充爬取-医院
复旦大学附属华山医院,三甲医院,乌鲁木齐中路12号,021-52889999;021-9699176,,24小时营业,121.442932,31.216111,上海市,静安区,B00155KT4W,补充爬取-医院
复旦大学附属华山医院(江苏路分部),三甲医院,江苏路796号,,,,121.433136,31.212084,上海市,长宁区,B00154DQPK,补充爬取-医院
复旦大学附属华山医院门诊楼,三甲医院,乌鲁木齐中路12号,,,24小时营业,121.443457,31.216713,上海市,静安区,B0FFGP1XQG,补充爬取-医院
复旦大学附属华山医院住院病房楼,三甲医院,乌鲁木齐中路12号复旦大学附属华山医院内,021-62161287,,24小时营业,121.443937,31.216162,上海市,静安区,B001570WLF,补充爬取-医院
复旦大学附属华山医院皮肤科,三甲医院,乌鲁木齐中路12号,,,,121.443177,31.216550,上海市,静安区,B00155NIG4,补充爬取-医院
复旦大学附属华山医院皮肤病门诊,三甲医院,乌鲁木齐中路12号复旦大学附属华山医院1号楼3层,13291086729,,24小时营业,121.443235,31.216425,上海市,静安区,B0FFGYXF33,补充爬取-医院
复旦大学附属华山医院(宝山院区),三甲医院,陆翔路108号,021-66894014;021-66894004,,,121.373719,31.346576,上海市,宝山区,B00156GGVN,补充爬取-医院
复旦大学附属华山医院综合大楼,三甲医院,乌鲁木齐中路12号,021-52889999,,,121.443324,31.216641,上海市,静安区,B0FFI31WCC,补充爬取-医院
复旦大学附属华山医院急诊(装修中),三甲医院,乌鲁木齐中路12号(复旦大学附属华山医院内),021-52887719,,24小时营业,121.442787,31.216694,上海市,静安区,B001570WID,补充爬取-医院
复旦大学附属华山医院(虹桥院区),三甲医院,金光路958号,021-54601999,,,121.274051,31.208490,上海市,闵行区,B0FFI9K7Z8,补充爬取-医院
复旦大学附属华山医院(浦东院区)国际医疗中心,三甲医院,红枫路525号,,,,121.595220,31.239269,上海市,浦东新区,B0FFH82MMI,补充爬取-医院
复旦大学附属华山医院(浦东院区),三甲医院,红枫路525号,021-36013999,,08:00-11:00 13:30-16:00,121.596174,31.240072,上海市,浦东新区,B001556X1G,补充爬取-医院
复旦大学附属华山医院脑瘫中心门诊部,三甲医院,乌鲁木齐中路12号,,,,121.443155,31.216094,上海市,静安区,B0FFFD3DS5,补充爬取-医院
复旦大学附属华山医院体检,三甲医院,乌鲁木齐中路12号,,3.7,,121.442932,31.216111,上海市,静安区,B0IDFG2QAA,补充爬取-医院
复旦大学附属华山医院门诊楼康复医学科,三甲医院,乌鲁木齐中路12号复旦大学附属华山医院门诊楼6F层,,,,121.443099,31.216706,上海市,静安区,B0FFGZX0MV,补充爬取-医院
复旦大学附属华山医院住院部综合楼,三甲医院,乌鲁木齐中路12号复旦大学附属华山医院,,,,121.443256,31.215550,上海市,静安区,B0H2K58QD8,补充爬取-医院
复旦大学附属华山医院(浦东院区)住院,三甲医院,红枫路525号,,,,121.596609,31.240081,上海市,浦东新区,B0FFGTOIHH,补充爬取-医院
复旦大学附属华山医院9号楼,三甲医院,乌鲁木齐中路12号复旦大学附属华山医院,,,,121.442594,31.215639,上海市,静安区,B0FFG211TB,补充爬取-医院
复旦大学附属华山医院临床医学中心,三甲医院,乌鲁木齐中路12号,,,,121.443925,31.215625,上海市,静安区,B0FFG95LEP,补充爬取-医院
复旦大学附属华山医院肠道门诊,三甲医院,长乐路1040-1复旦大学附属华山医院,,,,121.444060,31.215582,上海市,静安区,B001570WLI,补充爬取-医院
复旦大学附属华山医院停车场(内部专用),三甲医院,乌鲁木齐中路12号复旦大学附属华山医院,,,24小时营业,121.444009,31.216298,上海市,静安区,B0IG7SPL3Q,补充爬取-医院
复旦大学附属华山医院挂号咨询中心,三甲医院,乌鲁木齐中路12号1号楼,,,09:00-21:00,121.443212,31.216407,上海市,静安区,B0FFGYYB1S,补充爬取-医院
复旦大学附属华山医院皮肤科特需门诊,三甲医院,乌鲁木齐中路12号复旦大学附属华山医院4号楼,,,,121.442804,31.216583,上海市,静安区,B0FFHIB1S4,补充爬取-医院
复旦大学附属华山医院(浦东院区)门诊,三甲医院,红枫路525号复旦大学附属华山医院东院内,021-38719999;021-52889999,,,121.596338,31.239964,上海市,浦东新区,B001576SDY,补充爬取-医院
复旦大学附属华山医院门诊楼口腔科门诊,三甲医院,乌鲁木齐中路12号复旦大学附属华山医院门诊楼6F层,,,,121.443245,31.216472,上海市,静安区,B0FFGZX0NC,补充爬取-医院
华中科技大学同济医学院附属协和医院主院区,其他,解放大道1277号,027-85726754;027-85726114,,08:00-12:00 14:30-17:00,114.274723,30.584057,武汉市,江汉区,B001B0IZPF,补充爬取-医院
华中科技大学同济医学院附属协和医院主院区门诊楼,其他,解放大道1277号(中山公园地铁站出入口步行170米),027-85726300,,,114.274373,30.583193,武汉市,江汉区,B0FFFFSP2Z,补充爬取-医院
华中科技大学同济医学院附属协和医院主院区住院部1区,其他,解放大道1277号华中科技大学同济医学院附属协和医院内,,,,114.274722,30.584066,武汉市,江汉区,B001B19I0I,补充爬取-医院
华中科技大学同济医学院附属协和医院主院区体检中心,其他,协和医院综合楼2东北门旁,027-85726237;027-85726513,,,114.276019,30.584232,武汉市,江汉区,B0FFG18EBC,补充爬取-医院
华中科技大学同济医学院附属协和医院主院区骨科医院,其他,解放大道1277号华中科技大学同济医学院附属协和医院主院区,,,,114.274675,30.582975,武汉市,江汉区,B0IDXUXOEU,补充爬取-医院
华中科技大学同济医学院附属协和医院主院区法医门诊,其他,解放大道1277号华中科技大学同济医学院附属协和医院主院区,,,,114.274525,30.583025,武汉市,江汉区,B0J1Z64FML,补充爬取-医院
华中科技大学同济医学院附属协和医院主院区外科楼,其他,解放大道1277号(中山公园地铁站J口步行130米),027-85726114;027-87632791,,,114.275524,30.583526,武汉市,江汉区,B001B0IXKS,补充爬取-医院
华中科技大学同济医学院附属协和医院主院区心血管诊疗中心,其他,解放大道1277号(中山公园地铁站C口步行160米),,,,114.274632,30.583064,武汉市,江汉区,B0FFF3L3YK,补充爬取-医院
华中科技大学同济医学院附属协和医院主院区国际门诊部,其他,解放大道1277号华中科技大学同济医学院附属协和医院主院区,,,,114.274791,30.583285,武汉市,江汉区,B0FFG9XNZ9,补充爬取-医院
华中科技大学同济医学院附属协和医院主院区教学楼,其他,解放大道1277号华中科技大学同济医学院附属协和医院主院区,,,,114.275636,30.585210,武汉市,江汉区,B001B0IZPG,补充爬取-医院
华中科技大学同济医学院附属协和医院主院区创伤中心,其他,解放大道1277号华中科技大学同济医学院附属协和医院主院区,,,,114.274270,30.582836,武汉市,江汉区,B0IBSHRGJT,补充爬取-医院
华中科技大学同济医学院附属协和医院主院区整形美容医院,其他,解放大道1277号华中科技大学同济医学院附属协和医院主院区,13554459936,,08:30-17:00,114.275659,30.585475,武汉市,江汉区,B0FFH5S9C4,补充爬取-医院
华中科技大学同济医学院附属协和医院主院区内科楼,其他,解放大道1277号协和医院,027-85726114,,,114.274412,30.583696,武汉市,江汉区,B0FFH6K6ZA,补充爬取-医院
华中科技大学同济医学院附属协和医院内科楼1,其他,解放大道1277号华中科技大学同济医学院附属协和医院主院区,,,,114.274482,30.583803,武汉市,江汉区,B0FFFAK7IK,补充爬取-医院
华中科技大学同济医学院附属协和医院主院区老门诊楼,其他,解放大道1277号华中科技大学同济医学院附属协和医院主院区,,,,114.275881,30.584333,武汉市,江汉区,B0J3DAJC16,补充爬取-医院
华中科技大学同济医学院附属协和医院主院区药学楼,其他,解放大道1277号华中科技大学同济医学院附属协和医院主院区,,,,114.273494,30.583852,武汉市,江汉区,B0G2RSJJV3,补充爬取-医院
华中科技大学同济医学院附属协和医院主院区急诊,其他,解放大道1277号(中山公园地铁站C口步行70米),,,,114.274125,30.582892,武汉市,江汉区,B001B1D17M,补充爬取-医院
华中科技大学同济医学院附属协和医院主院区眼科,其他,解放大道1277号华中科技大学同济医学院附属协和医院主院区,027-85726662,,,114.275921,30.584338,武汉市,江汉区,B0FFF2I0SA,补充爬取-医院
华中科技大学同济医学院附属协和医院骨科医院,其他,马场路109号,,,,114.263561,30.613000,武汉市,江汉区,B0L0BCUSTT,补充爬取-医院
华中科技大学同济医学院附属协和医院PET中心,其他,航空路13号华中科技大学同济医学院,027-83692633,,,114.263027,30.581273,武汉市,硚口区,B001B1CXQ5,补充爬取-医院
华中科技大学同济医学院附属协和医院(金银湖院区),其他,环湖路53号,027-83261400,,08:00-12:00 14:30-16:30,114.195250,30.672946,武汉市,东西湖区,B0FFIQE8NS,补充爬取-医院
华中科技大学同济医学院附属协和医院主院区住院部放射科,其他,解放大道1277号华中科技大学同济医学院附属协和医院主院区,,,,114.274385,30.583994,武汉市,江汉区,B0FFGQFIFH,补充爬取-医院
华中科技大学同济医学院附属协和医院主院区消毒供应中心,其他,解放大道1277号华中科技大学同济医学院附属协和医院主院区,,,,114.274528,30.583293,武汉市,江汉区,B0FFGCE9WK,补充爬取-医院
华中科技大学同济医学院附属协和医院主院区胸痛中心,其他,解放大道1277号华中科技大学同济医学院附属协和医院主院区,,,,114.274088,30.582983,武汉市,江汉区,B0G0OZUOG2,补充爬取-医院
华中科技大学同济医学院附属协和医院主院区公共卫生科,其他,汉口解放大道1277号协和医院附近,,,,114.274928,30.584063,武汉市,江汉区,B0FFF9ZMVE,补充爬取-医院
京欣医疗,其他,新街高和2楼(积水潭地铁站F口旁),,,09:00-22:00,116.371430,39.946060,北京市,西城区,B0JB2SQXHH,补充爬取-医院
安定医院,精神专科医院,贡格尔大街18号,,,24小时营业,118.948602,42.292334,赤峰市,红山区,B01DC15LIN,补充爬取-医院
赤峰市安定医院-门诊部,精神专科医院,贡格尔大街18号赤峰市安定医院门诊部,,,,118.948626,42.291770,赤峰市,红山区,B0FFM0WGIG,补充爬取-医院
