Post_Text,Post_Emoji,Label
"i just discovered my (22f) boyfriend (22m) has a stonewalling issue. tl;dr i want to get my boyfriend of 6 years to stop stonewalling me when conflict comes and show his emotions in bad and good situations and understand he has nothing to be afraid of. my relationship of 6 years with my boyfriend is great. it's incredible how far we've come and the things we've been through together. at the start of the relationship we had this difficult on and off time that we resolved and since then it has been 4 smooth years together. he used to feel inadequate and not enough for me. i told him that with the way he was acting that it was getting difficult and that we shouldn't be giving each other so much chances. it wasn't healthy. what happened is: he found a problem, he distanced himself, he broke up because he felt it was unfair with me, came back a couple of days later. until we decided 'ok. no more chances. this is it, we want to be together and we will be.' 4 years since that. well. after that he was diagoned with depression and didn't tell me after 3 months of medication. that was 2 years ago? and it hurt but also i was very worried about him. he became distant, unable to communicate and i took it all to be about the medication. right now he is not in medication that i know of. i'm a very secure type but i must admit i've been falling in the anxious zone because i feel his pda in social media and his verbal demonstration is absolutely zero. and the thing is: he loves to post on social media and is very active on twitter and talking with people through there and he also is a creative writer so he works with words and can create beautiful pieces of text. when i tell him 'hey take a photo of us' he doesn't care about how it looks and usually i look horrible. then i need to tell him 'upload it!' and then 'oh yo forgot to tag me...' but when it comes to his friends he posts chat history, photos, boomerangs and all kind of stuff. he always is in the responding side of the i love yous and the i care about yous. and his answers are very short. once i decided to talk with him about it. and he shut off horribly. since then we've been having chronic fights that start because i overexaggerate small things because of everything i'm accumulating. this monday i was feeling very bad: i have a situation w my parents and i've been diagnosed with a difficult desease. i phoned him and told him 'oh its a bad day i don't know what to do i feel hopeless' and he say 'uhmm, go to a psychologist'. ok. not a wrong answer but also not a 'baby i understand, give yourself some time to breathe' or something like that which is usually the path i take. i exploded horribly and told him i was in so much pain and that he made me feel worse (this was very very wrong) and that i was looking for his help and his emotional support and as usual found none. i told him: you know what let's see each other after work. i went to his work and we went to one of our favorite places and i went with a very friendly mood. we spend some time together like usual although i could see him a little stiff. and then i decided to talk. and i told him 'today has been a tough day for me. but i'm feeling better now. im sorry about earlier. i want to make things right, don't you?' and he was like 'i suppose'. so i continued 'i understand how you felt today and i must admit i'm carrying the things from the past and that's why i overreacted. he told me' yeah i felt it came out of nowhere'. i told him i was sorry and he told me he was frustrated. i told him i was too. but that i knew that talking about our feelings was gonna make this better. silence. i asked 'we were supposed to work on communicating, how has that been wu?' 'ok i guess...' 'i guess?' 'i mean, i thought i was doing ok but here we are again' i said this had been my fault and that i wanted to find a solution and talk. he sighted and said 'i don't know if there is a solution. i'm tired'. and i said 'what do you mean' 'i don't know' and that completely let my anxious side come out. i told him that i was sorry and that i went there to talk and try to find a solution that i loved him and knew he did too, relationships have this situations sometimes and people do their best to overcome. but he had already shut down very very badly. and when he saw this anxious me telling him 'baby baby listen to me. this has been my fault i wanna make an effort to not hurt you ok. i want things to be fine' while crying. thats like the only time he made eye contact with me. the thing is: he could have left hours before but he didnt. i felt like i could see right through that threat to put me back in a spot where i couldnt hurt him. so after he said 'ok i wanna keep trying' i told him 'i know you love me and i know you're a good guy. im doing my best to understand you. and i want you to know i and all the people who love you wanna take care of your feelings and of you. we want to treasure the good moments we spend with you. i know you're great and i have the pleasure to be with you. and also i know sometimes talking about this things is too much, isn't it? ' nod.' you get tired don't you? 'nod.' ok, i propose something' and i proposed to him that because we had promised to make an effort on both sides 'him to communicate and me to not get anxious' we'd tell each other we'd promise we'd be patient. if i feel like recriminating something stupid: tell that to myself. if he feels like it's too much emotions: he'd tell me that and start a time out. and after that i asked him 'don't you want the people you love to know how you feel about them?' and he told me 'i don't wanna talk anymore' and i dropped it. i didn't go with a confrontation, i went to make things right and it's incredible the hurt i could see in his eyes and how fragile he was. i saw just a child scared of his own emotions. well, the thing is. right now i want to make things right. i know it's work and patience. i know i have to leave this anxious state (because he is protecting himself trying to hurt me on that side) and also both have to make communication work between us. i talk too much while he doesn't at all (same in sex tbh). so does anybody have any tips? any stories? how to make him talk about his feelings bit by bit in the everyday? not only with me, with work, family and friends? how i can be assertive with my emotions without being anxious? when we met i was so secure, we worked great and i wanna go back to it a little but also get to this next step of communication and honesty. thanks for taking the time to read this. have a great day everyone ",😔💔😢,0
"omg i was so scared to make a move on this girl frfr  like yo i could've made a move hella times, but i was just nervous, i didn't want to make the first move for a bit, thank god she did but it doesn't even matter bc we don't even talk anymore so ‍",😔💔😞,0
hope everyone's having a good night i'm at home about to head to bed and i just wanted to know that i'm wishing you all a good night. it gets better  and if it's already great then goddamn it you made it. nini,😊😌💪✨🌟,0
"i've decided to diei can't take this life any more, i have nothing left to live for, i'm either going to od on a bunch of pills or shoot myself i have nothing in my life, friends say they care but they'll move on, they'll barely remember me. s i hope you're happy with your new boyfriend, i'm sorry for any pain i've caused you but don't blame yourself for what's happening. it's my fault i thought i could be happy, and please talk to your mother more she misses you and wants to talk to you more. i hope dumptruck stops being a bitch and toxic to you, just know i never stopped loving you krasivaia ",💀💊🔫🚨😭,1
anyone wanna get married ? bc you can only have sex after marriage ,😊😌💪,0
for the people that are familiarized with my user- are you gay?,😊😌💪,0
"my first date ever i'm 16 and going into year 11 so it was kind of weird for the most part because of me not having much experience i decided i would just try and be myself and try to make her laugh. at 11:20 i started driving the the flower store and thought it would be too generic to get her flowers and it would be funny if i got her something unorthodox, i didn't want to leave the store so i looked for the weirdest looking plant in the store. i found a thing called an elephant foot yam, when i presented it to her when i got to her house to pick her up she thought it was funny which relieved me. she went inside and placed it in the house hopefully, hopefully it wasn't the trash can we got to the local mjr movie theater and they had an event going on where they played classic movies. we ended up watching jurassic park, the sandlot, and toy story. we got bored halfway through the second movie and went to the park nearby and walked n talked. i was surprised at my ability to make her laugh so much. nothing better than seeing a girl you like smile  makes me bust one in my heart when it was all done i drove her back to her house, the drive quiet for the most part. when we got there she said she had a good time and wouldn't mind if we hung out again 10/10 experience would do again, if you're talking to a girl you may like and are on the fence whether you want to ask her to hang. just do it, it's so much better when you have a relationship outside of dms/pms",😊😌💪✨🌟,0
"i'm an [19m] attractive guy that can't land a date. what am i doing wrong? almost 20 years old here. i'm sorry in advance if parts of this come off as a brag/flex but i promise it's reallllly not like that! i'm being humble and outright saying i'm not getting any dates so there's no reason to see it like that. i take it i'm quite good looking because of the level of comments i get i don't think i'd receive if i was just somewhat above average. at my part-time job, every female co-worker there has made some kind of comment on my looks at some point. here are just a few recent examples: an older one told me ""you seem like such a lovely guy, when you settle down your wife is going to be so happy to have you. *when* you do, that is--i'm sure you're going to be getting heaps more girls in the meantime!"". after i'd started college and been at college for a few weeks another said ""i'm sure you've got a girlfriend now, right? you should've picked one up from there by now easy!"". even another *guy* my age working there said something. he overheard a coworker call me ""pretty"" and said ""tbh, you're a good looking guy. i bet you'd 'pull' like crazy here. get on tinder!"" all that's important to include just so you can have a sense that i'm not crazy and imagining things. earlier this year i managed to sleep with two girls pretty easily, so i figure i can't be goofing up too horribly. but now it's super hard finding anyone. i've probably asked about six girls from college classes out recently and have gotten nowhere. hell, even on tinder, a hookup app, i've had 15 matches so far and haven't met *one* of them. i'm respectful, not creepy or over-eager so i can't see where i'm going wrong. i'm not obnoxious or full of myself talking to people either. i know this was a fairly long write-up so thanks for taking the time to read. i'd really appreciate any insight or thoughts you might have. thanks. tl;dr: get many comments/interactions that lead me to believe i'm a very good looking guy. still can't get dates though . can't figure out why?",😔💔😢,0
"it's been a long night so my night actually started our pretty nice. i live in the dorms, and i ran into an old friend, got their # and then studied until 2am with plans to meet up tommorow. my roommate came in around 3am wasted out of her mind with her other friends. then later at 5am she decided to pee on my rug and all of my belongings. i also had to chase her down the hallway and touch her vomit sheets before she passed out. so here i am sleepy, washing my peed on rug, and definitely not going back into my smelly room. how else did everyone's night go? ",😔😩🤢💔😴,0
my ultimate vaccine! i just got vaccinated and im so proud of myself!!!!! i even got some ice cream from a working mcdonalds for myself! i feel like a can fly. also i hope i dont get autism (maybe the government made autism up idk). peace. ,😊💪✨🌈🌟,0
"when we make fun of kids for not knowing all the old stuff we grew up with, that's literally the equivalent of boomers doing the same to us. so next time you make fun of timmy for only knowing ninja, remember that you're a boomer ",😊😌💪,0
i wilw one dey lik to meat pedewpei an wil playing minfarct wit him,😊😌💪✨🌟,0
bruh i've started using  a lot wtf i started using it ironically and now i use a shit ton of cat emojis aaaa,😊😌✨,0
i'm happy for the first time in a bit my paranoia hasn't decided to dick me over. today was a good day even though i just played guitar and watched tv. i muted notifications from instagram so i wasn't constantly checking my phone but was still messaging some friends throughout the day. you guys should try it out i highly recommend. love you folks ,😊😌💪✨🌟,0
my dad went to the store to buy milk... he just came back  and brought me a candy ,😊😌🌈,0
i think my phones broken it's being rlly weird cause she never fucking texts me back  filler filler,😔💔😞,0
"i dunno what to do, i need help. ## i'm not strong enough to keep doing this, i need help.  i know i'm far from the biggest victim of the universe, there's plenty of people that have it far worse than me. i really need to get this off my chest because it's a burden i've been holding for a while and i just no longer know what to do. i know y'all are busy, so i've decided to put all my grievances in a list, also if you're extra busy i decided to highlight all of the key points: 1. **i feel so lonely**, i've never had a group of friends that i could constantly reach, this has been my life since i was a child. there's plenty of people that know me and people that i can interact with, i'm not an unlikable person but there's no one i have any close connection with, we're just not simply on the same channel. despite this there're people that do talk to me and i've been ghosting most of these people because quite frankly i don't want to make their experiences worse with having them around me. 2. **i have no drive to continue doing anything**, there's literally nothing motivating to do anything. simple things like driving a car to be wash, showering daily, brushing my teeth, getting out of bed, etc. are difficult to do. my bedroom has been disorganized since december 2018, i feel really guilty about it. 3. in my search for love this past year, i was greatly disappointed with **my first boyfriend, who apparently left me for his ex.** this has made me feel terrible inside, specially because when i began dating him i told everyone about him, i even told my family. he lied about having an illness and he dumped me because he that he didn't want for me to him deteriorate, months later i texted to check up on him and he told me he was back with his ex and he also told me to stop ""obsessing over him"" and blocked my number that very same day. **i was so embarrassed i didn't told anyone what happened.** 4. i've had a **lot of meaningless sex** since he dumped me, but on the inside nothing really fills me up. **i don't even have any pleasure having sex** or have sex with guys i would particularly find attractive, however i don't know why i keep doing this. 5. **i have a severe distrust of people** because many of my close friends and the guy mentioned on point number three have made me extremely distrustful of people, it seems every person i think it's a good reliable friend ends up hurting me the most. it seems that for people i'm an acceptable target to abuse. 6. i often feel **my ""friends"" just contact me because they need something**, not because they actually want to talk to me. 7. **i constantly have suicidal thoughts**, i don't want to be here anymore and i don't understand what's the point of keeping on because i know that every time things get better from me, they don't last. often times i could be walking near a bridge and in my head i start thinking on how can i ended it all by jumping. i've tried suicide before but no serious attempt recently. 8. **it's hard for me to focus on anything**, it's been getting worse lately, for example i can't open a tab with a youtube video because i immediately change it. 9. for the last year i've developed a horrible **habit of compulsive spending** shit i don't need, despite all my life being someone that saves money i'm spending it all. i've even spent all my savings from 2016 - 2017 and i feel extremely guilty about it. 10. last year i've developed a really serious habit of **binging junk food**, like literally spending serious money on junk food to eat in one sitting. for example, this week i've consumed at least 20 cans of coke. 11. i'm extremely **distrustful of people criticizing my job**, i don't like a lot what i do and every time i show someone my work for critiques, i'm mostly met with good critiques, but i feel like they're lying to me. for some reason, deep inside me, i know they're just saying that to be nice and not because they actually mean it. 12. **i have a** **severe problem with perfectionism** and it has made my life worse. ever since i was little i do things like **compulsively ripping pages of my notebooks every time i dislike the way i'm writing.** this happens in every other aspect of my life. for example, if i don't like how i'm drawing, i rip the drawing into shreds and start again, if i don't like how my phone is organized i delete all the data and i try to reorganize it again, etc. 13. **i have no will power to do anything**, not to start projects or to finish them. 14. lastly, **i feel ugly as fuck**, i have always felt horrible towards my personal appearance, but lately i know i look like a hot mess. i feel in a state of emergency because this time i have really lost the will of doing anything about my situation, it's like a train is going to run over me but i can't possibly move because i don't know what to do. i've been to therapists, psychiatrists and psychologists before but i feel really weak right now and i don't know if i can hold to months of talking with a person of debilitating issues i have, so maybe they can finally tell me if i have something. i'm desperate because i need a fix for all of this things, i'm deeply concerned with not getting out of this.",💀🕳️⚠️😭,1
stock market is gay change my mind ,😊💪✨,0
"death might be a celebration for mei dont think i want to live anymore society drags me insane  and it is true that my present life is worse than death. my grandfather always say that life is full of amazing things to fight for. well...., fuck nah i dont wanna fight for my life im so interested in bull shits aswell as heaven... fuck all of that just remove me from existence, after all im born to die it is what it is ""maybe death dont even want me"". ",💀🕳️😭⚠️🌑,1
happy valentine's day andrew  i had a horrible flashback,💀⚠️😰🕳️😭,0
life needs an abort mission button xdi was gonna make some long dumbass speech but none of it matters. it's all a big fucking joke. this life is a joke. ,💀🕳️😭⚠️,1
"eating honey mustard sauce with my hamburger. this, actually, is just happening. i'm at my girlfriend's house, she's got the flu and has fever and all. i ate a hamburger from a place close to home and might have added too much honey mustard. anyway, as a result i have the most horribly painful diarrhea i have had in the last 6 months. i cannot explain with enough words how my anus feels right now. so i took a gloriously smelly and painful dump before going out with her parents to go see the apartment they'll move to next week. they're actually very happy about it and i am too, it's a beautiful and big apartment and the rent is very nice. anyway, coming back from the apartment my girlfriend wanted to buy food and then decided against it because i had such a huge urge to give birth to a bottle of shit-filled anal water. and then she said ""i have fever"" to her mother and... well, we went to the drugstore to get her something. and it was such an embarrasing experience because my face was just changing shapes while waiting for her to pay for the meds... and here i am, shitting on her toilet. what a gloriously painful shit. will update. update1: she's literally reading tifu from my account on the computer now and there's no soap. update2: my anus feels like it's being barbecued with a flamethrower. update3: apparently what i washed my hands with was female intimate shower gel. update4: the smell is still there this is so embarrasing.",😊💩😅🤢🤢,0
"rip etika  desmond, you were a great youtuber and streamer. hearing about your death really made me tear up. i know you will never be able to see this, but i hope your happy. i don't know if i should be sad or mad at you. but u got what u wanted... u hurt millions.",😔💔😢,0
"lmao life is great yay i have a girlfriend! we've been dating for like 3 weeks right? so we already have gone to the movies one time but we decide to make plans before she leaves for another trip. guess who gets hit with the date they leave on their own trip on the only day you can make plans, on a trip they were forced to go? me. so basically i'm in a hotel and then she breaks up with me and i'm pretty sure it was because things were awkward between us or something. well, if i could talk to her it wouldn't be like lmao also i'm feeling like shit and now i have a grudge against my family lol",😔💔😢😞,0
when you're making a meme and your mom texts you about refilling your anxiety medication and you loose your progress ,😔💊⚠️,0
"i am going to try it again tonight...this one guy that replied to my latest post is probably right, people in africa starve and i feel bad because i can't be happy over a new phone? yeah i think this was it, i can't feel happy so why should i live this life... i see you all in heaven, love ya all ",💀🕳️😭🚨🕯️,1
i just made a gingerbread house it was fun but took way too long,😊😌💪,0
"can someone dm me to check if my dm's are working?  i know it's silly, but help me out pls :)",😊😌🙏,0
imagine someone asking where you and ur gf met and you say r/teenagers... ahaha just kidding... unless?,😔💔😕,0
"can we all stop with the roundhouse kicking off bottle caps? it's getting really annoying, and it's no longer cool. it was cool the first time. then so many people did it that it got old and was no longer cool or special, just annoying. so stop  please",😊😌💪,0
"i feel like i will end this now or then. i don't know if it might be today, or if it might be another day, but i don't feel like there would be any point in the future were i would not get caught inside a depression spiral, or thinking about how i would love to harm myself every day. i do not even see why anybody should help me, because i do not deserve any help. there are lots of people here on this sub e.g. who need your help way more then i do. i just gonna fade into void; now or then; at any point anyways. good bye ",💀🕳️😭⚠️,1
"creating some huge spotify playlists :) [check my account out and follow it! <3](<url>) i have three active playlists currently public that are growing each day and are well open to suggestions. * a huge indie and alternative [playlist](<url>) [over 760 songs with a 45+ hour runtime] * an increasingly growing list of songs for when you don't know how to feel. sad, lonely, happy, or are just missing that certain [someone](<url>). [over 200 songs with almost an 18 hour runtime] * a chill playlist for all your sleepless and stressful [nights ](<url>) [a quickly growing playlist with around an hour and a half runtime] i would love if you would check out my playlist and account and leave a follow <3 :) all my playlists are open to suggestions also, so feel free to leave any songs you would like to see added!  ### i am currently thinking of creating a public playlist for all of you guys to be able to add songs to and access once i get a larger follower base, so help me out! :)",😊😌💪✨🌟,0
" france fact #4  how is it still self post weekend it's monday what also france's language is ""french""",😊😌💪,0
aight i gtg i kinda need to pay attention in class so i'll see you all later g,😊😌💪,0
"cute people prefer apple juice over orange juice  so if you don't, i got some bad news for you ",😊😌✨,0
" well girlfriend stopped me from trying to ""cut"" it's pretty fucking annoying of her to go and do that to me but i forgave her...? you want to know the reason why..? of course well i live with an abusive drunken aunty as both of my parents left as they said i was a accident which mentally messed with my brain and over time staying with my aunty started to give me depression and the crave to hurt anything i could find (not gf) so i wanted to try cutting myself as an experiment and she stopped me which i nearly retaliated but i get used to bottling up my anger. so that was a big oof i'm gonna try it tomorrow without her knowing. wish me luck guys.",💀🔪🕳️😭,1
i'm meeting someone at 11 pm it's 11:30 pm ,💀⚠️🕳️,0
"really glad i have bipolar! i must say it is simply amazing to have a mental illness that can't be cured, gets worse over time and is extremely treatment resistant! even better, when i feel better it's just a lie! surprise! depression! good thing every thing you've done to improve yourself goes out the window, just a nice ""testing"" for ya. oh and can't forget the meds, they say they'll help, but really they just give you a crap ton of side effects! really you only take them to hope you don't go into a destructive mania that hurts not only your finances, makes you lose your job and ruin your relationships, hurts those around you and just in general fucks everything up. at least you hope it doesn't happen again, maybe it will though? keeps life exciting! glad i'm completely at the mercy of this disease until i'm dead! hope that's not too soon!!! ",💀🕳️😭⚠️💊,1
damn i really gotta do this shit for another 80 years i think i found a short cut  jk i'm not stoopid.,💀🕳️⚠️😭,0
do not get addicted to nicotine  i just started smoking nicotine (disposables vapes and cigarettes) about 3 months ago due to peer pressure. i'd like to clarify that no one forced me to but all my friends did so i did it too so i could fit in. now i'm spending a large portion of my money to feed my addiction and it's horrible. i hate that i'm doing it but honestly at the same time i don't want to quit. seriously don't do it it's not worth the money or withdraw symptoms. and if your struggling with the same thing feel free to pm me so we can talk about it and support each other.,😔💔😢,0
"relentlessly picking on my dad for accidentally spending $7 to priority mail ship himself a package, and then minutes later set my entire front yard on fire, nearly causing a massive explosion. my dad is beginning his first foray into selling merchandise on ebay. he went to the post office yesterday and spent $6.65 to send a package via priority mail with a tracking number to his very first customer. everyone except dad was sitting outside as my mother went to check the mail, walking back up with a familiar looking padded envelope. my mother is terminally ill and blind in one eye, but she loves to stay as active as possible, checking the mail means a lot to her. to her it means she's still able to live and do things instead of letting her illness define her. anyways, because of this, she could just make out the name, realizing it was addressed to my dad. as she approaches, i recognize the envelope and then see that is adorned with several ""usps priority mail"" stickers. just like the end of a saw movie, i began to have flashbacks and it all came together like a cheap plot twist in an m. night shyamalan movie: this man had mailed a package to himself. he had mistakenly put his address as the ""destination"" address and the customers address as the ""return"" address, because, and these are his exact words, ""... i didn't think it mattered where you put the addresses, they know where it's going."" so, of course, dad came outside shortly and sat with us, myself relentlessly picking on him the entire time. at one point, speaking about something unrelated, he said ""i need to start saving all the money i can"", to which i replied ""well, you could stop spending $7 a pop to mail shit to yourself"". dad's initial anger at the mistake had turned into genuine laughter and acceptance with his own stupid mistake. so, fun times had by all. twenty minutes later, i had started a small fire as everyone went inside for a few moments (intending on coming out with food to grill), and i sprinkled gas on the fire to get things going. edit: this fire was separate from the grilling fire. however, due to an integrity issue with the ""amazing-spider man fruit punch bellywasher"" cap that i had installed on the 5 gallon gas can because it fit damned perfectly, a sizable amount of gas had trailed out as i placed it a few feet away. somehow, the trail itself didn't instantly ignite. however, about thirty seconds later, it did. and almost instantly, the gas can itself caught fire, and spider-man's head just melted right the fuck off. realizing this was threat level midnight, i raced to go grab the water hose and get into fire marshall bill mode. by the time i had come back, my whole front yard was in full tilt ""burn, baby burn! disco inferno!"", so panic was beginning to sit in. prioritizing these raging karmic hell fires, i began to spray down the gas can itself. however, this resulted in two tragically unexpected events: 1. the gas can tipped over, with the rest of the bellywasher cap still pouring gas out with a steady stream, and 2. the force of the water splashed the gas out as it was streaming, which caused the yard fire to spread. ""this is how it happened... this is how the daltonl227 died."" i steadily worked on the head of the can, trying to prevent a massive explosion and an unwanted removal of facial and body hair via intense flame. second by second, flames spread, and the gas just kept on streaming. at this point, my dad has walked out on the porch. ""mother fuck almighty!"", he cries. by the time he had descended the wheelchair ramp, a miracle had enchanted the land: i had put the can flames out. now, i was able to focus on combatting the yard fire without the immediate threat of a pride-shattering detonation. as the fire came to an end after burning down most of the direct ""front lawn"" area (2 acre property in north florida - also explains why we didn't call the fire department, because this is florida. we don't do that ""911"" shit), my dad reflected on the situation. ""don't feel bad, boy... i mean, this was pretty fucking stupid, but at least you didn't spend seven dollars to mail yourself a package"". tl;dr: picked on dad for mailing himself a package on accident, karma bites my ass minutes later as i set my yard on fire and narrowly avoided a massive explosion. edit: clarified the fire was separate from the barbecue... i was semi-functional before the events unfolded, did not use fuel on a fire for food. ",😊😌💪✨🌟,0
endin my shitall my life i've been guilt tripped by both parents and i didn't even know. it's super draining waking up in the morning and getting shit because i'm not smart like my brothers are or being told to leave everyone alone because i'm annoying. i was constantly told i was the reason why they fight and they would somehow they would always get my other siblings to add onto giving me shit with them. and now i've had enough. i'm tired of them controlling how i feel and how i live but there's really nothing else i can do. i'm not legally able to leave my parents and live by myself cuz i'm not old enough. and so i'm just gonna take some of those sleeping pills and wish for the best. no more getting told that i'm an idiot. no more of hearing them argue about stupid bullshit that only inflate their egos. no more fucking stress. ,💀💊🕳️😭,1
"epic gamer prank  ask some random girl on this subreddit to be your little and let you be their sugar daddy and spoil them. i'm planning on doing it to a girl who goes by the name sleepyrachel because i am a hundred percent sure she fucked my dog in a past life. she just seems like the type. if she makes a post calling me a pedo, i want you to know it's just an epic gamer prank",😊😌💪✨🌟,0
"cussing out your bf(25m) when you(25f) reach a breaking point. how did you stop yourself from doing it again? first things first, i know it's wrong to cuss out your so. however i'm a sensitive person, have anxiety issues and wasn't raised with the best role models. i wasn't ever taught that cussing was not ok. not saying these reasons excuse this behavior, only that they are the cause. however i am aware of my faults and want to fix my shitty habit. but i keep failing many times when i reach a certain breaking point in my rage. it feels ""right/justified"" when i'm in the fit of rage, but after calming down all i feel is embarrassment, disappointment, and feeling like a piece of shit . he's so patient and kind with me, but i know i can only apologize so many times. also, are there ways your so has managed to de-escalate you? we've been together 6 yrs, were each other's first relationship. we're also very opposite people, like introvert vs extrovert. tldr; gf with anger issues and can't seem to turn it around.",😔💔😖😞💔,0
brooo some shit just happens two of my phone chargers stopped working so i thought it was my phone that broke which is fine but.... i have a 9 hours drive tomorrow soo i tried my cords on my brothers ipad and they did not work so i had hope so i tried my brothers charger and it worked thank god ,😊😌💪,0
"we are at that point of the day again. i'm unbelievably lonely rn. i really just want to cuddle with someone, i want real human cuddles. it would even be better to be with someone i love through video call, but i don't even have someone. ",😔💔😢,0
shoutout to my bf... he can orgasm without cumming . you wish you were him lmao.,😊😌💪,0
"either it was the biggest coincidence of my life or it was a very complex plan to fool me hey guys a couple of weeks ago the strangest thing happened to me. (for this conversation purpose lets say my full name is a and my boyfriend's first name is b). so i got this phone call from a number i did not recognize. a lady answered: lady: hello? a: yes? who is this? l: is this a? (she used my full name) a: yes... who is this? l: a, its me, we just got out of the phone. a: im sorry, we did not. who am i speaking with? l: isnt this a? im look for b's girlfriend. we just spoke. this must be the wrong number. a: i'm a, i'm b's girlfriend. who is this? l: its b's mother, didnt we just speak? (at this point i knew i didnt know this person at all because 1. i had my bf's mothers phone number and 2. neither me or my bf recognize this voice) a: im sorry but we did not speak on the phone and you are not my b's mother. l: oh ok, nevermind. wrong number. what the fuuuuuu so first off, guys, i know it sounded like a prank but: 1. it was an older womans voice that i did not recognize 2. the conversation was very short. who would have come up with this very complex plan and then only have a 30 second conversation with me and never speak to me again? so the second option is: some lady whose son's name is b, wanted to talk to his gf, whose name is also a and accidentally dialed the number of a girl called a whose bf is called b too??  rip",😊😌💪,0
"feeling done with life rnno friends, no family that cares about me, nothing just emptiness. no happiness, no smiles just fake emotions. thinking about ending it all soon. i've tried once before and it didn't work. can't even kill myself right  i can't do anything right.",💀🕳️⚠️😭🔪,1
"r/casualconversation game! you are now roommates with a couple of your fellow casuals... who do you pick? what kind of place do you live in? what kinds of adventures do you go on? what do you do? i pick... u/misterdrprof & u/fatdrunkpirate!! we play lots of video games, have a few dogs, play pranks on u/lionghost, a few parties here and there, and a massive internet bill. we shall be in vancouver or seattle in a nice 4 bed 3 bath home with yard. ",😊🌈💪✨🌟,0
"after great first date she (f21) doesn't write me (m25) back that much i know that it is quite stupid that i'm thinking that much about this, but we both met online and had an awesome first date. we found out that we are sharing many interests with each other. we even talked about future events where we could go together. it was a week ago and i tried to start a little bit of conversation via text, because of our shitty working times, we can't see each other in the near future. so now i'm thinking that she isn't interested in me at all because of her answers, which are always super short, and i know that she is writing with other people a lot more... so guys, am i just stupid and should stop worrying, or should i put my power in other things... i hate me so much for that  tl;dr i'm overthinking my whole situation with a girl after our 1. date",😔💔😩,0
"yet another ""she said yes"" post. mom finally let me get chicken nuggets ",😊😌💪✨🌟,0
"if you have a horny alt ur a wuss, i use my main if im horny aswell  that being said dm me",😊😌💪,0
" i've made an app that does homework (maths, physics, chemistry and english). it's free and got over 100k downloads insanely quick.  it's called school it and it's available to download here: [<url>](<url>)",😊💪✨,0
the dark spots on the banana won't kill you [d678][d7] [d568]--[d378][d78][d7] [d8][d2345678][d1234578]\[d2368][d7] [d4568] ccccc3[d25678][d37] [d12345678][d12345678][d12345678][d1237][d1567]4[d368][d78] [d4568] 1984 [d678]0i[d14568]a ^[d124568]h c[d13678][d78][d678]t [d4568] [d8][d3567]f [d4568] [d8][d78][d234567][d378] [d12568] [d4568][d68][d37][d8][d3567]a [d23457] [d678][d2348][d147][d2368][d7] [d4567] [d8][d34567][d12678]v[d34567] [d68]l [d8][d357]a d5[d13468][d2678][d2457][d1268] [d8][d12378]a[d4568]a [d4568] [d23457] @[d12468][d147] [d68][d23468]@[d2367]f [d45678] [d8]l d[d2368][d7][d78][d3567]b [d123567][d1237][d8][d3567]fccdh3b [d4568] @a [d34567] [d1235678]f [d23457] [d378] [d567]a [d12368] @<[d78] [d567]f,💀🕳️⚠️,0
"will someone talk to me? i don't know. i'm confused. been battling my mental issues since i was 13(depression) then 15(undiagnosed ocd) saw a therapist at school when i turned 18. 19, now, i never have anyone to talk to. friends and family don't cut it. i saw a therapist at my university. i liked her but i'm really observant and don't understand emotions well. i made her cry a lot. she's just a bitch. sometimes i hate her. hate our sessions. she was the one supportive role in my life that i could see face-to-face, that i needed. and she couldn't fucking help me. she'd be late 20-30 mins a sessions sometimes. i saw her once a week for an hour. imagine that, then imagine me having to hear her bitch about her stupid fucking kid(16years) that she's too fucking powerless to say no to, and that she feels like she's a bad mom, and all of this bullshit. when in actuality she's a great mom. i wish my mom called me when i was sick, wish my parents could step up and find enough money for my braces(have but suck at money management) i wish i felt like my parents gave a fuck about me. or felt like anyone did. i'm 19, almost 20, and i'm already tired of fucking living shit is pointless, man. what am i here for? trying to make some money by writing for amazon? can't even get the motivation to do it. my head hurts, i'm tired all of the time, there's no fucking car anymore. i feel like a failure i'm almost 20 with no license, no car, nothing i fucking need in life. something is wrong with my ovaries, probably fibroids. my fucking mom got up in the middle of the night and left us to go kansas where her sister lives. quit her job early. she's supposed to be spending this time with us before she truly moves out on the 23rd(june) to go live with her. my parents are divorcing. whatever. i'm fucking over it. i have fucking no one.",💀🕳️😭😔💔,1
"almost setting my apartment on fire had put candles on to relax. unintentionally fell asleep. woke up having obviously stretched out/pushed my pillow away or something because my pillow, which had previously been a good 30cm away from the candle, had somehow nudged a piece of paper into the fire, and paper caught alight, fire then catching onto pillow. i am feeling soooo thankful that: - my brain correctly identified the sound of flames as a threat before it was too late, as i'm a very heavy sleeper. - i managed to deal with the flames before they could endanger anyone else in the apartment building  can you imagine if something had happened to someone due to my idiocy? - my ikea-made pillow is not flammable. the corner just singed for a while. the 12 cm-squared area was blackened and glinted orange until i could throw water on it. requiescat in pace ingvar kamprad, you genius man, + your team and all the scientists that helped develop inflammable materials. - baron haussman and his team had the foresight to make parisian rooftops non-flammable (they are covered entirely in metal). this meant i could put the lit piece of paper out of the window onto the roof while i managed to get a jug of water to put it out. luckily this was safe because it's a very still night so the piece of paper wasn't going to be blown away (indeed, it didn't move) - my floor is tiled, so i could safely put the piece of paper in the middle of the floor to isolate the flame while i opened the window - my bed is right next to the window so i could get the burning paper onto the roof without dropping fire everywhere - i'm fit enough that i could move around quickly to deal with all this. if i was partially paralyzed like my mil, i'd be dead by now, and i'd probably have brought others down with me - i'm only burned in 3 small places, on my hands and omg i'm aware how foolish i was to even let this happen in the first place! i'm going to be seriously reviewing my in-flat fire safety precautions, including not lighting those candles ever again if there's the slightest chance i could fall asleep, finding the candles a safer position, and keeping a big bottle of water within arm's reach in case something like this happens again. thank you to all that is mighty that i'm still alive. and hello reddit, apparently i am not dead yet.",💀⚠️😭🙏💪,0
"taking a nap i was supposed to meet my boyfriend at my house around 11pm to pick up his sister at the airport at midnight. i offered to drive with him for company and to take my car, since his isn't in the most amazing shape. i was ready and everything and decided to take a nap to make up for being out so late a night before work. i set two alarms, and my phone was right next to me so i could wake up immediately. the phone was right next to me so i think i just turned them off without even realizing or fully waking up. i wake up at 3 am and see all the missed calls and texts from my boyfriend. i slept through both alarms and his call. he doesn't know the key code to my house so he couldn't just come in and wake me up. he waited for like 30-40 minutes before leaving. he told me yesterday it wasn't a problem if i couldn't go and didn't use my car, but i feel terrible. i feel like i let him down and it's a relatively new relationship . him waiting for me outside my house just makes me feel like such a knob tl:dr - i set an alarm, slept through it, and didn't wake up to take my boyfriend to the airport to meet somebody. i doubt he's seriously mad, i just feel terrible and super anxious now because it's about 4 am and i can't talk to him to apologize for another half day probably",😔😰😩💔😟,0
"i'm no longer an 18 year old virgin i'm a 19 year old virgin  happy birthday to me. seriously though, i'm 19 and i haven't had a relationship or anything and i'm not fussed. if you're worried you won't find anyone, dw because you will. it will just take time ",😊😌💪✨,0
"i want to diei want to diei want to die i want to diei want to die i want to diei want to diehow do i stop wanting to kill my self i have no talent,im repulsive, i'm ugly, i have too much acne, i have no butt, i'm skinny in the wrong places, i'm not rich, i'm the ugliest person ever, i look awful all the time, there's no hope for me, i'm stupid, i have mental disabilities, i'm awful at every thing, i'm good at nothing, i'm want to get killed",💀😭🕳️⚠️😖,1
"smelling my friends gf's vagina so like most, this happened a couple weeks back. i had a few friends over to swim, and beforehand, a couple of the girls used my bathroom to change/etc. a few hours later, everyone is getting ready to leave. i hop in the shower real quick to wash off, and since i'm already in there, i decide to shave my face. now, i have to note that i use those women's schick hydro razors. while they are technically a women's razor, they are usually cheaper than mens razors, and you can get a shitload of them at costco for pretty cheap. so i shave, hop out, dry off and notice i missed a few hairs on my upper lip. i grab the razor i have on the counter, and as soon as i touch it to my face, i notice a horrible smell. it smelt sort of like bad fish, almost how i would imagine the dumpster at a joe's crab shack would smell. being the only person that regularly uses this bathroom, i assume the smell is linked to stale water left on the razor or something, and i ignore it. shortly after, my friend's girlfriend comes in the bathroom, and says ""i hope you didn't just shave with that razor, your mom gave it to me so i could shave my bikini area!"" it took me a few seconds to process what she said, and for some reason, i denied using it. as soon as she left the bathroom though, i scrubbed the shit out of my face for a good five minutes with the hottest water possible. i still haven't told my friend about it. i don't know what is worse: that i know what my friend's girlfriend's vag smells like, or that i'm aware of her poor womanly hygiene. tl;dr: the new schick hydro 5, now with bacterial vaginosis!",😊😌💪,0
white people ,😔💔😢,0
lost in the sauce... now that i've gotten your attention. you are the sauce you breathtaking motherfuckers,😊😌💪✨🌟,0
i'm curious who recognises me  sorry i just saw someone ask this and i wanted to know as well lol,😊😌✨,0
"what will i do when i only feel pain? everyday i go from high school and come back with pain, the stress that i get is impossible to bear with. my parents and friends does not care about me, i thought i had friends but no. i did also go up on a mountain today which was 13km, i almost died and almost fell down. when i saw down i thought i was going to die, i also did not have the full fear to jump. my school food is just bread with cheese, parents say what i want. they never give me advice, i think they are old and starting to forget, it's all depending on me. i am muslim, people in my country prefer not to be with me but idk why. i can only eat halal food, there are only 2 or more halal food stores in my state. idk what to do when everyone is lazy and everything is depending on me  i also feel that some blod lines or thing in head gets stretched, it only happens after i started getting heavy stress.",💀🕳️😰😭⚠️,1
 stop  telling  instagrammers  to  come  to  reddit  we don't need reddit normified,😊😌💪,0
why are they scheduling me at work so mf much?? like y'all i can't just do everything for u  learn how to be independent bruh i have a life to live,😔😩😤,0
"i used toothpaste to brush my lips and they feel ridiculous now everytime i brush my teeth, at the end i will always use my washed brush without toothpaste to brush my lips to uk slightly exfoliate them. then yesterday i forgot to wash my brush and just brushed my lips with toothpaste. i realised after a few seconds but went on with it cause they give me the same feeling as my too faced lip injections so i thought it probably will plump my lips. and they did. my lips were red and thicc so i continued harshly brushing them. then when i was done my lips were super numb. has anyone done this shit before and felt the same thing? like rn when i purse my lips they just feel weird. its nothing ive felt before. i need someone who can relate to me please",😊😌💪✨🌟,0
"i have never posted before but i need someone. i have had an extremely difficult life in every way you could imagine. i have kept fighting. but i fell in love. it's not my first time but the force it took me to love again is something i cant explain. he was my best friend. i tried for months to get over him. he has been so patient. hurt by my being hurt. we basically dated without the title. i didn't know what he was doing though so i thought i had to play ""the game"" which i had never done before. it ended up being my downfall and he started dating another woman a few months ago. she says she loves him and he says he might love her. i am not ok. today we talked and held eachother for hours. he just let me cry. then he walked away forever. i told him i needed him to be strong for me and help me not talk to him because i have been in so much pain. i am not ok. i can't lose someone else. especially not someone i love. someone i felt safe with for the first time. i am begging the universe to let me keep him. with everything i've been through i am surprised this is the worst pain ive ever felt. but it is. i cant deal with this. i dont know what i did in the world to deserve the life ive had and what people have done to me. im strong as hell though and have made it through it all but this is going to kill me. it is killing me. i will never have him and ive lost my best friend. i cant handle this. what did i do to deserve this? the world is so cruel. it made him just for me. perfect just for me. put him in front of me. let me feel safe then it ripped him away. i am not ok ",😭💔😔⚠️💀,1
why tf r/catswithoutknees keep giving me notifications and i'm not even subbed fuck them cats ,😊😌💪,0
"every day. every f-ing day.it's like i'm used to being suicidal. every damn day i think about it. about ending it all. it's so damn torturous because i'm too goddamn pussy to do anything. i'm stuck in this trap and i don't have the guts to do anything. every day i keep telling myself that it'll get better. but it doesn't. i'm sick of lying to myself. i can't just ignore my feelings. but if i go near them i just wanna die. no one can empathise with me. i just drag everybody down. i'm not good with girls. never have been never will be. and it's so disgusting. i'm fine with the idea of dying. suicidal ideation is as normal to me as my name. it's becoming a sick fantasy of mine. everywhere i go, i go with a smile, because it's the only way to get anyone to interact with me. but no one knows the help i need. which is ironic-since most of the time i don't want it. i want death, but life clings to me like a disease. i wish i could take the place of some poor soul who wants to live but will die soon so that they could live. ",💀🕳️😭⚠️😖,1
when the imposter is sus pum pum pum pum pum pum pum. dududum. bam bam. pum pum pum pum pum pum pum. dududu dududu bom.   amogus,😊😌💪✨🌟,0
not to flex or anything but imma flex for a second i took a practice sat and got a 1510 ,😊💪✨,0
 ramen  and  dollar  noodle  pots  are  the  best  thing  to  exist ,😊😌💪✨🌟,0
did anyone else get those laffy taffy struggles where the wrapper was stuck to the actual candy and it was so hard to get out? i always had to either scrape it out in little chunks or just eat the whole taffy with the bits of wrapper leftover. they are still annoying asf to this day ,😊😌💪,0
"got rejected from my dream phd program hi guys. i got the information yesterday afternoon. i have dream about this program and this university since i first started my master degree. sadness is the only thing i feel right now. when i got the interview invitation i told myself that it will be okay if they reject me, maybe i'm not suitable for the program. it's better when they reject me than i'm suffering for 4 or 5 years or even longer than that. but then i got rejected and i feel so bad about my performance. maybe i should have introduced my self better. maybe i should have done more research, have more experience. every scenes from the interview keep running through my mind. in one side i can understand some of their reasons but at the same time, i still strongly think i'm qualified. it went along with another bad new that the government scholarship that i applied to is rejected too. basically after they received it, they called me through mobile phone, asked me to send over some legalization stuffs before april 20th. i sent them yesterday (04/12), message them through fb to let them know that the documents are on their way. they told me the list is already closed. they don't know if my name is on the list or not and basically don't give a single fuck. so i guess my chance is as low as it can be  it has been a long week for me. i'm sorry the things i wrote are all negative. i'm sure i will be fine and i can improve myself, gain more experience and i definitely learnt sth from this. i'm just still processing everything. i hope everyone is doing good. have a nice weekend ~",😔💔😢,0
what should i tattoo on my hand in henna nothing too crazy because i have school tomorrow ,😊😌✨,0
my heels hurt so bad maybe i am achilles ,💀🕳️⚠️,0
not to get political or anything but i fucked my dog,💀⚠️🕳️😭🚨,0
"relationship megathread - share your stories, give or get advice about your romantic relationships. here is your weekly megathread on the topic of **relationships**. # let's talk about that special someone. a few general questions to start you off: 1. *how is your relationship going?* 2. *what are you excited or worried about?* 3. *if someone came up to you with the same situation, how would you walk them through it?* 4. *what would help you feel better?* a few subreddits of interest: /r/relationships, /r/advice, /r/teenagers, /r/relationship_advice, /r/dating_advice & [more-](/r/casualconversation/wiki/directory#wiki_.2192_advice_.26_self-improvement) --- **^[megathread]** megathreads are used to help keep the sub from flooding whenever we have an influx of the same topic. further submissions on the topic of [relationships & dating](<url>) will be redirected here. [read how they work and when they're posted- ] (/r/casualconversation/wiki/megathreads) ######join us on: [discord](<url>) [irc](<url>) [orangechat](<url>) * [introduce](/r/casualconversation/search?q=title%3aintroduction&restrict_sr=on&sort=new&t=all#int) [relationship](/r/casualconversation/search?q=title%3arelationship+megathread&sort=new&restrict_sr=on&t=all#rel) [vent](/r/casualconversation/search?q=title%3avent+megathread&restrict_sr=on&sort=new&t=all#ven) [celebrate](/r/casualconversation/search?q=title%3acelebration+megathread&restrict_sr=on&sort=new&t=all#cel) * [minecraft](/r/casualminecrafting#min) [music](<url>) --- ^**feedback?** [^message ^the ^mods](<url>) ^or ^head ^to ^our ^metareddit ^/r/ideasforcc. ^stay ^updated, ^follow ^our [^live ^thread](<url>)^. ^ ^made ^with ^",😊😌💪,0
uhh.... this is fine. (insert flaming surroundings here) my (m38) wf (f35) sister (f26) moved in with us. we've never had a chance to really get to know each other over the years until these last few months. we've had similar life experiences and relate to each other very well. i realized now that i've fallen in love with her and there's nothing i can do about it but suffer. it's awesome to feel like you're dying inside everyday.  tl;dr i'm dying inside,💀😭🕳️⚠️💔,0
"single this valentines? me too, here is how you can make someone's day better (for free). hey! i am going to be single this valentines (like most people on this sub ) but just because you're single this valentine's, you can still make someone's day **for free** shoot someone a dm with a nice compliment, ask someone if they want to play a game or even drop a like (and a share) on someone's youtube video. anything can make someone, even yourself happy. millions are doing the same as what i am saying (likely right now!). so why don't you? doesn't cost a dime.",😊💪✨🌟,0
anyone wanna dm?  i'm down to talk about literally whatever,😔💔😢,0
"my mom caught me jerking off... any suggestions on how to hide it better  so i came home from a party and i was about to choke the chicken (as usual) and i searched up my videos, and i heard my mom walk by my room and i was like  but she went to my brothers room (thank god) and she tucked him in, then without warning, she kicks down my door, fbi, open up... she catches me and i am speechless... long story short i have been grounded for a month and i can't jerk...(btw i don't have a lock on my door) any suggestions on how to avoid this terrible situation?thanks in advance meat slayersssss",😊😌💪✨🌟,0
"heroinsweet warm decadence  after trying it a few times i've found my new love. it's better than most anything i've ever tried, and that includes loving humans. it's kind of like life and death in one needle. life because it helps my day go by without boredom and sadness. death because if things get too shitty i just have to use too much and maybe mix it with some other fun pills. thank you.",💀💉💊🕳️🚨,1
"add """" to any sentence to make it 3x better my mom's a pornstar ",😔💔😢,0
"i have 38,666 karma :d i'm basically satan  gsycahdbbsbxha cjabhdbsjxbshs ahsbbaba",😊😌✨,0
"ruined my chances with a whole group of people. ah, isn't that a nice smell in the evening i was in a group chat like i mentioned in my previous post (that people are downvoting for no reason) and completely ruined my odds with everyone in that group by saying i was leaving because nobody was answering when i tried to start a conversation, so i left and now i get to live the rest of my summer knowing i fucked up my chances with like 7 people because of my shit social skills. ",😔💔😞😩🕳️,0
utc-05 (est) timezone gang rise up ,😊💪🌟,0
"i might be single but i don't know it so, my girlfriend been under a lot of stress with work recently, especially considering she got a new job a month or so ago. anyway, she started becoming fairly distant a couple weeks back. she stopped replying to the couple of texts i sent her, so i assumed she needed space. after a couple of days of not talking she texts me saying the following: ""hey *insertmyrealnamehere* thank you for checking up on me but at the moment i think i need some time to myself, i hope that you understand. i will text or call you when i'm ready to talk, but for now i am kindly asking for you to be respectful of the choice i've made, i hope to speak to you shortly, "" i replied saying that that was perfectly fine, and that i'd give her the space she needed. anyway, that was a week and a half ago and i haven't heard from her since. this is strange since we used to talk daily and see each other a few times a week. so yeah, not sure if she just ghosted me and didn't want to break up, or if she does plan to just have a week or two to herself before giving me a call.",😔😟💔,0
nba youngboy should be president of the usa  because he makes good music and is smart.,😊😌💪,0
my 'friend' just said fortnut is better than minecraft  at this point i don't even know what to think. i feel like i have failed as a friend,😔💔😞,0
i'd been deeply depressed for as long as i can remember.my first and only attempt was on my 19th birthday . in the 2 months be for my best friend/ roommate was beginning a downward spiral in to a severe schizophrenic psychosis unbeknownst to me. we had live together for 7 months were things were going well and good. lots fun weekend doing molly and such. but honestly just fueled the fire. during that time my other roommate moved out quick as he could. my girlfriend stopped coming over and seeing me all together. i was pretty worried about my friend who and speaking and occasionally yelling and throwing things a things at weren't there so i took him in to a mental hospital hand the landlord evicted him... one of the most difficult things i ever done and i felt so incredibly alone and wanted to end my life so i tried and failed. was sick for awhile but nobody knew. in the mail the next day i got a check for my birthday so i bought an oz of weed and tried to stay calm. i've never felt glad it didn't work. (i went to a vary expensive treatment program that didn't do much of anything for me.) especially upon reflection of this last year. i don't see anything worth living for a few weeks i took a bunch of benzodiazepines and just slept for 3 day . im 25 now and i feel that the only reason i've made it this far is because i hate alcohol and i don't have any firearms in the house,💀🕳️⚠️😭💊,1
i did the dirty deed for dirt cheap i installed instagram,😊😌💪,0
"i thought it was over but it isn't. this feeling will never, never, ever go away. ",💀🕳️😭😰⚠️,1
it's my b-day! my parents never celebrate because i'm stuck in a cult so i'ma celebrate with you guys! here have some cakes and snacks ,😊🍰🎉🤗✨,0
"you'd think couples would cherish their unicorn, but often they're treated bad. what are your experiences? i guess i'm just in a bad mood. but, i've noticed this. some couples will specifically go looking for a unicorn, start off treating her well, then treat her like shit, and it bothers me. when i turned 18, i was in a poly relationship with a husband and his wife for 7 months. it was pretty fun, a learning experience, and we broke up. we're still great friends. turned 19, almost 20, now and i've been trying my hand at dating women. it sucks, it's hard, i find myself looking for dominant women because that's what i'm attracted to. dominant men, and women. i had a guy, a part of a couple, introduce himself to me 3 days ago, and after that i haven't heard a word for him. yes, i'm sorry i'm that person who likes daily contact, even though it isn't required. i just like daily contact when i'm getting to know someone who i met online ‍at least so i can weed them out as a catfish. idk. i'm just hoping i wasn't ghosted but i honestly wouldn't put it past someone. i was talking to a domme for 2 weeks and the last thing she said to me was, ""hey, baby, how are you?"" before she ghosted me. i just think i'm done with people. what's your experience with the poly dating scene?",😔💔😩,0
crazy how i can just get on this subreddit every single day & not talk about jerkin off  some of yall need to take notes please ..... i promise ......... nobody cares that u jerked off today ...... no more ,😔💔😒,0
help theyre going into my ass hole!!! / / / / l l l l /  l / \ l \ l \ l \________/,😰🕳️🚨💀,0
 someone please kill me. i tried and failed so many times i don't have the strength to do it myself.,💀🕳️🚨😭⚠️,1
"its time my bf (29m) and i (22f) go our seperate ways, but he owes me half a months rent. sparing the details (ask for context if it helps), our relationship has fallen apart. biggest problem is that he owes me a decent amount money and i need it. understandably, he's gonna be pissed and not want to pay me. he's at work right now and i'm at my house collecting his stuff. would it be awful to lock him out until he pays me? i don't like the idea, but i don't know what else to do. help, please!  thanks in advance, guys! tldr; i want to break up with bf but he owes me a lot of money. how do i get my money back?",😔💔😢,0
"just want to end it alli honestly just hate living  whenever i'm happy something upsets me...... whenever i'm upset i try to be happy again but my dumbass mind and shit is all sorts of fucked when i'm upset. wish it would just all go away all this pain i go through on a daily basis it's hard to hide sometimes. honestly i just want to die. when tf is my time supposed to come because i hate all this pain i'm feeling. i wish it would go away but it wont no matter who or what anyone says  i'm better off dead tbh at least when i'm dead i cant hurt anyone anymore...... i've thought about ending it so many times idk what to do any more. i'm a ugly fucking bitch, have social anxiety, antisocial asf, i'm too afraid to talk to anyone, i failed school 4 times and my life is just fucking cursed since i've been born, i'm a one eared, fucked up eyebrows, ugly ass fucking piece of shit. all i want is to be able to meet my bestfriend and see her everyday  it's so hard having a bestfriend and a gf over a phone on instagram because my phone gets taken every month and my dumbass falls asleep all the time on them and have them worrying they sometimes get upset cuz i ain't there. i just wish i was with them  things would be so much easier and maybe all my depression would just go away. honestly god hates me........ i'm done with all the sad and suffering already  i should just kill myself because then i wont have to suffer ever again  yes my gf and bff make me happy but part of me just wants to die because i cant be there with them  i'd more than likely never get sad again if i was with them  but they're so far away and i cant  fuck my stupid cursed life",💀😭🕳️⚠️🔪,1
"what follows are some incredibly depressing musings of a suicidal insomniac.this gets really sad guys. if you think it will hurt you, please read something else. lately when people talk about zombie apocalypses or a meteor hitting earth or nuclear destruction, i don't have the same fear response i used to. i'm almost comforted by the idea. i've tried to kill myself 3 or 4 times now, depending on how you count it. i've resigned myself to being alive, but i'm not always happy about it. sometimes i am, don't get me wrong. but i'm constantly dancing between wanting the quiet of death, and wanting a quiet life. when it gets too loud, and too painful, i just want oblivion. drugs help. but they don't fix anything. so when people talk about the end times, i feel a weird mix of sadness, excitement, and calm. i'd be able to die and no one would care. i'd be able to fade from existence and it would be normal. i'm sad that everybody else would have to die, and i don't want the world to end, not really. but if it did, i'd be fine with it. is there any hope for me? is there any hope for anything? should we care about hope at all? i was taught that caring about things is the only way to give yourself meaning, but lately it's hard to care about anything. i get bursts of joy, and each one is shorter than the last. i dunno. it's midnight here, and i wanted to type this. it's just a shout in the darkness that no one will answer. i'm okay with that. that's all life is anyway. maybe that's what makes it beautiful, our collective ability to shout. if you want to call me 'deep' or edgy, go ahead. right now i feel an absolute slump of emptiness and half baked apathy. right now i hate myself. right now i want to die. any mocking you send me way would be like adding a cup full of misery to a swimming pool full of it. i won't hate you for it, i'd understand, so hit me with your best shot. i hope it gives you happiness. i hate myself so fucking much. i'm a fucking edgelord who's never had an original thought or good thing to contribute to the world. my lukewarm grasp on the english language is the only thing i have going for me. but, i digress, if the world ends tonight, i wouldn't be happy or sad, i'd be dead. i'm okay with that. goodnight world. i hope we all make it til morning.",💀🕳️😭⚠️🚨,1
"i just really really want to die, can't do this anymoreif i ever feel better, i'll probably delete this post in order to not get triggered. but whilst i feel like this let me just write and vent. my boyfriend of 8 years cheated on me... he felt terrible, it was genuine remorse and we were working on things. things were going so well. i have a fear the other woman may be pregnant as she is quite manipulative and evil (she knew i had mental health issues and was playing disgusting games with me on social media) she told him no, and the thought left my mind. suddenly it came back again, but it was annoying my ex a. because she'd already said no, b. she told him she was on the implant, could not get pregnant and they used a condom, so he asked her in order to put the anxiety to rest and carry on building up. yes i believe him on all of these things, i've barely questioned it and i've questioned him on a lot in this whole ordeal. this woman only turns around and says i am pregnant and it is yours and nobody else's. she was cheating on her boyfriend, but claims she wasn't sleeping with him and then he went away around time of conception (don't want to specify where as it's too identifying and i am paranoid). everything feels weird and fishy but it could very well be denial and although my intuition has been spot on about everything else i won't trust it here as i have no hope and feel as if it is broken now. i am honestly more than heartbroken, i can't breathe the same air as any of these people and i don't understand why she kept it to herself. it's making me so suicidal, that i've even researched and researched. i am really hoping for a miracle that it isn't his to pull me out of this slumber, but i feel like such an idiot hoping for it. we honestly do love each other so much, me probably more and this is so devastating to me; i won't get over it and it won't get better. i just need the miracle because i won't survive through this. my life honestly feels so pointless now, i'm lost, i miss him and can't speak to him. the way it ended was weird because of the circumstances and the fact of lockdown so i haven't seen him since march anyway. i don't write this post to be told how people think he isn't worth anything or anything like that. i write it because i am so on the edge and suicidal and have nobody to tell and i don't know how i will carry on. i really want my miracle, if you get this far maybe hope for my miracle no matter how slim it may be. if i make it to the end of this year i'll be so surprised  life can be so fucked up and cruel and i can't take it. i've never been this depressed in my whole life and i don't think i'm going to make it",💀😭⚠️🕳️,1
"just found out there's actually a syndrome that explains stans ""celebrity worship syndrome (cws) is an obsessive addictive disorder in which a person becomes overly involved with the details of a celebrity's personal and professional life. psychologists have indicated that though many people obsess over film, television, sport and pop stars, the only common factor between them is that they are all figures in the public eye. this is commonly found on sites such as facebook, twitter and instagram.""",😊😌✨,0
"letting a teacher know i was an incel i'm in high school (currently 17), and i'm currently writing a research paper regarding the effects of the perry expedition on the japanese revolution. i went to a history teacher who is supposedly informed on japan to ask for help, and showed him the document i was working on just on my computer, and he opened up an online resource for books. he just clicked on the search bar, and the stuff that popped up was as follows: ""rhinoplasty"" ""male rhinoplasty"" ""cost of hair transplant in trenton (my home town) vs \[where i currently live\]"" ""black pill"" ""jaw implants medpor vs silicone"" ""hate life but don't want to die"" (and a bunch of generally messed up, and plastic surgery related stuff - the suggestions dropped down half the page for some reason. i think it's the auto-form recovery chrome addon that did it). and the like. a bunch of dumb, plastic-surgery related stuff. i noticed his hesitation and he didn't say anything, luckily. all i can say is it wasn't funny while it was happening... had he said something, i don't know what i'd have done. there's no doubt he noticed, though. at least i can point out that the online resource he linked me to was illegal if anything comes up, so we're all in the wrong here  tl;dr - teacher used my computer, typed something in the bar, and all the fucked up recommendations from my three or four years of being a tortured incel popped up.",😔💔🕳️😭⚠️,0
giving myself 2 weeks throwaway account & sorry for any spelling/grammar mistakes before i even start i honestly don't know who to turn to anymore and i don't wanna live this life anymore not one little bit the only thing that's kept me here so long is my 4 year old son but i can't even pretend happy around him anymore which makes me even more angry with myself i live in a strict culture which stops me from doing anything shouldn't even be on reddit i'm 20 year old soon to be 21 in may i've been divorced since i was 17 my ex cheated on me & eventually left me with a 6 month old baby to look after while we was married to him he was very emotionally an physically abusive to me he controlled every single part of my life from 15-17 and honestly now i'm under my family's control i can't handle that either when i was 18 i found out i had genital herpes (yay) now as i said i come from a strict culture i'm not even suppose to have sex outside of marriage so with having herpes i'm basically doomed to a life at home without ever getting married again there's talk going around that i've got it an that i'm also a whore and it's really worrying that it's going to get back to my farther sorry for talking so much shit but to get to the end of the story i don't wanna be here anymore i'm giving my self 2 weeks to see if i have any kinda change of heart i'm just worried about my son but let's face it he's better off without me apologies of this is in the wrong place i have no idea where else to put this,💀😭⚠️🕳️💔,1
"can't take the abuse... i'm 21/m, and i have been emotionally abused by my father ever since i've known. his personality borders along the lines of a sociopath, and everything must go his way or he gets pissed off, emotionally manipulates the whole family into doing what he thinks is right for us. there's more but the gist is - i feel i've lost all control of my life and can't get away because i can't afford anything rn. i have gone through cutting and anorexia as coping mechanisms, but i don't think they work anymore. the hotline says distancing away from the abuser is what i should do... but i'm really passionate about music and don't want to get a normal job just so i could afford to get away. i know i'll be stuck in the job struggling for sustenance. even though my dad is abusive, he still provides for me, which is why i can't get out. i've never wanted to die and have thought it was stupid but this time all the logic is wasting away. i don't think i'll be able to handle it any more. also i'm a closeted queer so it increases the stress tenfold. suggestions? coping mechanisms? ",💀🕳️😭⚠️😔,1
"people who found love after an abusive relationship,how did you meet your current love? i posted this question on askwomenover30 because stories of finding love after abusivo relationships always warm my heart did you have to unlearn certain habits and if so,what kind? how did your so react when you told them about the abuse? were there any triggers that they didn't know about at first? what makes your so so great?",😊😌💪✨🌟,0
"i think the solution to the entitlement problem is that just because you want something doesn't mean you think you're entitled to it feminists say nice guys do want sex, just like nasty guys , but they pretend not to by being nice. this shows they feel entitled to sex. but just because a person wants something doesn't mean they feel entitled to it. and just because a man wants to be sexual with a particular woman, doesn't mean he feels entitled to be.",😊😌💪,0
had a quadshot coffee a few hours ago and my ears are still ringing  but i feel good so everything is alright,😊😌💪,0
"sobriety is the answer? these past few months have been amazing journey for me! for those of you who don't know, i have been sober from alcohol & drugs for almost 10 months now :) on the first day of this year, i made the decision to live a clean & sober life, which has by far been the best decision i've ever made! i've never been so happy & felt so comfortable in my own skin. i feel like my brain doesn't even think the same way it used to... not only do i make better decisions, i'm always on top of my a game & never come out of pocket. i feel as though i'm seeing things now more clearly than ever before... i know what i want in life and with my new-found confidence i feel like i can do anything! i've learned that life is full of highs and lows, valleys and peaks, trials & tribulations that we must overcome in order for us to grow and evolve, to improve ourselves & become the people we want to be. as they say, you have to touch the bottom to get to the top it's not one's struggles or misfortunes that define a person, however, it is how we choose to fight, to overcome our obstacles, to climb even the rockiest & most difficult mountains. with every situation we overcome, be it large or small, we are strengthened. i've learned to never give up, no matter how terrible something may seem, no matter how hopeless you may feel, always believe in yourself & push yourself forward. follow your dreams & ambitions & live life to the fullest. find what makes you happy, what makes you tick...and make your dreams a reality! it may take a while, and some searching to find your true calling, life's plan isn't always laid out for us in black and white more important than anything else, you must believe in yourself don't ever let other people's negativity bring you down. have faith in yourself learn to love yourself and everything else will fall into place",😊💪✨🌟🙏,0
"update from last post, lot has changed. having severe depression and suicidal thoughts, i decided i would change myself for the better. i decided to suppress and hide my feelings until they got better, i go out more often now, interact as much as possible with any stranger i can, i restored my humour i'm a class clown again my anxiety has gone down soo much that it's unbelievable at times. i only deal with negative emotions, thoughts and feelings in the night time when i'm all alone, i just sleep it off now, it's much easier. i don't feel stressed out as much anymore. don't know how i achieved this but i did. for anyone who believes that time wouldn't solve anything, time makes things easier as it goes on. maybe, me being too much of a pussy to end my life, was for my better. thank you to anyone who supported me previously ",💀😔🕳️😭⚠️,1
"is he serious about me? i've f[20] been seeing this guy m[31] for a few months. he's really handsome, friendly and so charming. we hooked up a few nights at his place. he has a big social media following because he's a successful dj and he's always on his lives. he always states that he's single when asked by a follower. i'm not bothered by this because we aren't together yet. i facetimed him one day and he answered while live and i told him that my dad asked me if i have a bf because i've been coming home late from (from his house). when i told him, he casually said ""oh really?"" and just to text him later so i could come over. his mom probably knows we hook up because i see her when i come inside. whenever i log onto his live videos i gush over him but there are like a lot of girls who fish over him too. like putting heart eyes and flirty emojis. a few weeks ago he got a message from his ex saying that he lied to her saying i am dating his friend and that she knows he's sleeping with me and that she's done with him. she really ripped into him and he said ""i hope now you see why things are the way they are""......yesterday i logged on his live again and some girl said to him ""the day you get a girlfriend , she's going to spoil you"" so i commented ""if she doesn't she's a fool"" and he said ""i don't want her to spoil me just spend time with me"" .... idk how to feel about that response. he played some game with his followers and i won so i commented on the life ""what's my prize"" and he said ""what do you want?"" and i said ""you "" and he said ""oh me? ok"" and i sent """" and he didn't say anything. how long does it take a guy to know if they want to date you. and his ex texted him yesterday but idk what she sent. i just know she's not blocked on his phone despite the fact he says he hates her.... does he like me? tl;dr sleeping with a guy who hasn't made me his gf yet. how long does it take them to know",😔💔😢,0
"i wish i could reply to you alli wish i could reply to everyone on this thread. it pains me to see the amount of other pain others are holding too. as someone's whose contemplated suicide many many times, the biggest, and only problem i see with this planet, is the people. put me on an island by myself and i'll be a happy chappy but i ain't got the money for that. it's just the ultimate recurring toxicity, pressure, cunts that make this place terrible. and it leaves us outsiders feeling fucking bad. i understand we are all going through something somewhat similar- wanting to be non existent. but then i remember the money and time my family have put into raising me and i would not be able to leave them like that. for those with no family, i pray you find a way to keep going, a way to find the other side and a light at the end of the tunnel., i hope everyone feeling down today finds the strength to keep going. the people enjoying the toxicity of this planet, are the problem, we are merely in the back trying to keep going so the others don't get too upset. and that's deeply painful to go through every. single. day. but we've kept going. so props to us! and those who decide to go through with what's playing on all our minds, i hope your soul has eternal restcmon soldiers we got this",💀🕳️😭⚠️😔,1
have you heard about all these clown sightings? what are your thoughts? it's honestly got me pretty unnerved. it's one thing to see them on the side of the road but when they start making threatening posts on instagram it's pretty scary. police have gotten involved too.  edit: ooh mega thread! i've got a hurricane slowly approaching me (gotta love florida) so i'd like to see how these clowns plan on terrorizing people when we have a hurricane over us.,😊😌💪,0
"due to a typo by our it department, everyone has suddenly started calling our coworker a different name and i feel like i'm living in the twilight zone lol..so.. this man named greg who works down in the warehouse decided one day that ""his email was broken"" and asked it to issue him a new email address. turns out they made a typo and now his email address is grey@******.com. without hesitation, every. single. person. at the company began calling him grey. people that have worked with this man for *10 years*. it's so weird lol and no one will acknowledge it!! i even asked him to be sure since everyone was calling him grey and he assured me his name is gregory.   i just needed to put this out there in the universe because i feel like i'm taking crazy pills everytime someone calls him grey.",😊😌🌈,0
"sending my boyfriend a nude while he was at work. this happened about a week ago, but the story is too good to keep between the both of us. my boyfriend just started a new job and it's been going pretty alright for him, however, since his shifts are all in the morning and mine are at night, we barely see eachother. so on one of my days off, i decided to tease him a little and maybe get some fun back at the end of the night. i took a picture of my kitty and then sent him pictures of our actually cat (charlie) with a caption that said ""some kitty pics for you <3."" he sees the message but doesn't respond, which is fine, he's probably doing something at work. fast forward to when he came home. i ask him how his day went and he kind of just laughs a bit. he says, ""well it was okay until my boss saw your nude."" m: no fucking way. how?! bf: i thought it was all pictures of charlie, but then i kept swiping and there was just a pussy. m: in hysterical tears you're fucking with me bf: nope. what's worse was when i tried to swipe back to charlie, the image wouldn't load so we just sat there in the image of your vagina. i felt pretty bad about having his new boss look at my pussy, but it's such a story that would, of course, happen to the both of us.  tl;dr: i sent my boyfriend nudes and his boss saw it.",😊😌💪✨🌟,0
"what is wrong with me me: ""hey your hair looks really good!"" girl: ""haha really? that's nice. it's actually my biggest insecurity"" so i'm thinking she's crazy right? her hair is good. so i said.... me: ""really? thats your biggest insecurity?"" i don't want to exist anymore ",💀😭🕳️⚠️,0
"subreddit network - chat, play, listen and talk with us outside the sub our subreddit has many ways to keep in touch with one another. whether it be on the sub itself or in our others areas to interact. we're here for world domination. come check them out... --- #chat ##discord - <url> - [[wiki]](/r/casualconversation/wiki/voice) let us hear your voice. come talk, sing, sneeze multiple times, and do your worst accent impressions on any of our voice channels. we often have live music nights in our open mic room! ##irc - <url> - [[wiki]](/r/casualconversation/wiki/irc) looking to have a live chat? look no further come join us talk about things in real time! let's go duck hunting! ##orangechat - <url> - [[faq]](<url>) to nooby for irc and how to do all that technicall babble? join using orangechat, it connects to our existing irc channel. no need to make an account, you login using your existing reddit account. #play ##minecraft - connect w/ 'casualconversation.net' - /r/casualminecrafting a nice fun and friendly minecraft server for our awesome community. it is ran fairly vanilla with a few plug-ins: residence, lwc, coreprotect and essentials. ##/r/casualgames + steam group - <url> a place to discuss games, in a nice casual environment. more geared towards video games but any other games such as card games and tabletop games are welcome. we have a steam group, with 1k+ users! #listen ##plug.dj - <url> a place relax and chill with us while we listen to music. #talk ##/r/seriousconversation an offshoot of cc open to topics that aren't casual let's talk through serious topics & events. ##/r/ideasforcc a meta subreddit for us to share insights, new ideas, address issues and ask questions about the sub and it's extentions. ######join us on: [discord](<url>) [irc](<url>) [orangechat](<url>) * [introduce](/r/casualconversation/search?q=title%3aintroduction&restrict_sr=on&sort=new&t=all#int) [relationship](/r/casualconversation/search?q=title%3arelationship+megathread&sort=new&restrict_sr=on&t=all#rel) [vent](/r/casualconversation/search?q=title%3avent+megathread&restrict_sr=on&sort=new&t=all#ven) [celebrate](/r/casualconversation/search?q=title%3acelebration+megathread&restrict_sr=on&sort=new&t=all#cel) * [minecraft](/r/casualminecrafting#min) [music](<url>) --- ^**feedback?** [^message ^the ^mods](<url>) ^or ^head ^to ^our ^metareddit ^/r/ideasforcc. ^stay ^updated, ^follow ^our [^live ^thread](<url>)^. ^ ^made ^with ^",😊🤝🌟,0
"i feel tired from this job and working side hustle to create my own thing yet i am not balancing other things i am an auditor right now, the job take a big part of my day (8 a.m. until 6 p.m. to be exact). the fact i am not loving the job but cant leave it as its my only source of income and theres no jobs to run for so after finishing the job i start summerizing multiple books about trading to build my own strategy and then start to trade the real thing and this take usually from 7 p.m. to 10 p.m. the thing i am nit feeling okay with that i dont visit my family that much ehich give me the feeling that whatever success i get if i dont share moments with family then it is wasted. second my health i going backward as i am gaining weight and there is no much time to go to the gym. any thoughts and ideas will be appreciated ",😔💔😞,0
"yeah, its lazy but there is a lot there. i have a number of different posts here and i want to open them all up to be used again. so instead of reposting each one and clogging stuff up i think this would be easier. my complete history is up for grabs. i am open to going anywhere you want to or even a place not listed! i just want you to comment damn it! i have hours to go at work and want as many orange envelops as possible so don't be shy. comment as if this is one of those old posts and reference it please if it isn't obvious which post you are wanting. ___ thanks for reading ",😊😌💪✨🌟,0
"just a proposition.. do you have over 400 followers on instagram? if you can give my photography page a shout out, i'll send you a free 8x12 print! have over 1000 followers? give my page a shout out and i'll send you a free 11x14 poster. message me for any info!:) hello everyone :) i am a 26 year old fine art/floral ""photographer"" living in british columbia, canada. my dream is to one day sell prints on canvas and poster of my photos, but that is still a ways away. so for now i've just been trying very, very hard to get the ball rolling to get my art out there and to see if people even like it first. (these are all photos that i've never really shown anyone) a week or so ago i created a page (link near the end of my post) that i hope is a step in the right direction. any support, questions, tips to help make my page grow, follows, constructive criticism, etc. is all welcome and very appreciated (more than you'll ever know) here's a link to my page: [@bc flora on ig.](<url>) thank you so much for taking the time to read this, i wish nothing but good things for you",😊😌💪✨🌟,0
"[psa] as a free speech initiative, the console proletariat now offers an rrt (remote reply thread) want to reply to a comment or a submission on another subreddit -- a subreddit you'd rather not post on, perhaps? you can now safely do so [**here**](<url>) * no censorship! * no moderator overreach! * just the most basic reddit rules & netiquette.",😊😌💪✨🌟,0
"i get drunk all the time and i'm prob gonna shoot myself at some point ya so i just drink every day almost and have 0 friends or future and i think i'm probably going to shoot myself, not soon but like in the next few years for sure anyone else think like this. i'm drunk  hile posting this so",💀🔫⚠️🕳️😭,1
monosodium glutamate ,😊😌✨,0
"probably going to smoke for the first time in my life tomorrow that's it  found out how to use a lighter and my mom has one at her work area gonna try to snatch a cigarette when she isn't looking save it till the night only one tho, just wanna try it out, you know? it's boring as hell and i can't go anywhere so..... might as well do some wild shit",😔🚬😕,0
"sometimes i like being alone. but tonight i feel lonely i've had a terrible weekend and i've been depressed for a long while. just need somebody to talk to and maybe make friends with? we don't have to share common interests i assure you i'll appreciate your interests regardless. anyways i'm blabbing, message me and i'll reply, cheers ",😔💔😢😞⚠️,0
"all i want is to get railed by one or more guys it's a recurrent fantasy i've been having, and it's probably not difficult to arrange, but for a few things. first, i consider myself straight, to which you might say ""whooaa nelly straight guys don't want to get railed by other guys"" which might be true, but calling myself bi isn't going to solve the actual problem, which is that i find the idea of guys much hotter than actual guys. i don't think i've ever found a man attractive irl. i can't even really jerk it to gay porn (i try pretty regularly). i love dicks though, go figure. this sad state of affairs gives me doubts about my ability to actually sustain a boner during any sort of sexual activity with another guy. plus is it really ethical to use someone as a penis delivery system? when i say i'm straight that describes my lifestyle as much as my orientation. i live with my girlfriend (who is fully aware of my desire to choke on wang btw) in whitebread suburbia, we have a photogenic dog, we can have a fully legally sanctioned wedding... society smiles upon us is what i'm saying. even fred phelps' ghost probably hates us a bit less than the gays. is it slimy then to try to find a guy purely to satisfy my fantasy? is it fetishization? will i set tumblr on my ass? anyway i realize there are worse problems to have. thanks for listening to my tale of woe, reddit.",😔💔😕,0
"shalap, it's been hard without you  who am i supposed to rant about mitski with and argue over whether light or l was smarter ",😔💔😢,0
well this is goodbye foreveri have the wrost graduation party ever no one came to it i was so so so emotional i guess im not loved or care for  when i lost my twin sister back in january 2002 when my mom tell me the news i took it harder than my family ever did after that i begin to change i become angrier pushing walls throwing pillows even try to run away and left home than when i got older even came more aggressive at that i was n the hospital bc of my angry i wasn't safe at my home after i got out of the hospital i found out that my great uncle pass away then the death keeps on going by the year every year was a new death for me until i become so overwhelmed that last month last year i try to kill myself i end up in the hospital and end up going to the walker house to get some help went about a month without my family or anyone and my phone i couldn't sleep at night stay up for weeks straight than when i got home going to away for a month did not help me i felt worthless i was still feeling that i was not amount to nothing just a piece of dirt on the ground waiting to be step on i have no friends everyone hates me i been thinking that this world is not worth holding on to the cruelty of it what im at getting at im just a worthless person and that i will ever be i feel like taking my life so this is goodbye forever ,💀🕳️😭⚠️,1
"i had my first counselling session today and it was admittedly a kick in the teeth when asked ""will you be free for an appointment on feb 14th"" and my single arse had to say yes, but it was great to vocalise some issues and start to get things dealt with  that said, it's not looking like they're gonna be that frequent, so i ask you guys this: what's the latest hobby you got into? i've found that getting back into guitar has been really good for me to take my mind off things, what's your thing?",😔💪✨,0
just joined the discord hmu ,😊🤝✨,0
"god is sus????  it's literally in his name,,, **jesus**",😊😌✨,0
"my dad really knows how to ruin everyone's day  i woke up this morning, i was shirtless because i was on my way to the garage to cut my hair (i have a buzz cut so i cut it myself, it's getting a lil longer than i'd like). so i walk over to the garage from my room, greet them and as im going in the garage he goes ""put on a shirt, it's cold out there"". i just said ""it's ok i'm just cutting my hair"" (who tf wears a shirt when they're cutting their own hair it gets all itchy). to him, me just saying that was a ""disrespectful rebuttal"". as i walk away to go get a shirt him and my step mom are arguing over it and the morning is ruined because they're all pissed off at each other, and i'm just confused.",😔😕😤,0
i made my first valorant montage i made my first valorant montage recently. would appreciate if you would check it out and leave a like. [valentine- a valorant montage - youtube](<url>),😊💪✨,0
be weary of dem masks fr my homegirl fell in love with a mf with no teeth  be safe y'all national suicide prevention hotline <url> crisis text line <url>,😊😌💪✨🌟,0
"tommarrow less than 24 hours left,the pain will finally go away,i've posted here before,and nothing has gotten better seince,so i guess this is goodbye,thanks for trying to help reddit,have a good life ",💀⚠️🕳️😭,1
i made a picture of my cats having an eic lightsaber battle if anybody wants to see ima go sleep in the meantime so if you reply i'll probably respond tomorrow,😊😌💪✨,0
"another gf post i finally made it guys  i got my first girlfriend ever 3 days ago, at the age of 19 years old and she's amazing. she probably won't read this though cuz she's 23. don't worry if you're still single, as long as you're a nice person, you'll find someone eventually. you just need a bit of confidence.",😊💪✨🌟,0
"this is a total bruh moment my grandpa uses a voice to text thing to send his messages and my mom was saying something like ""i hate myself in pictures"" and his phone caught ""sounds good and"", ""and i hate you"". the text got sent to his best friend and then he sent back ""what you hate me, wtf"" my mom had to call him to clear it up",😔💔😢,0
"i made a resolution this year to read at least 1 hour (or more) a day. finished my first series just now  it was the *twilight* series. yes go ahead and judge me as much as you want, i don't care lol. i'm 17 and like reading these young adults fantasies. it was amazing! i didn't get to start reading right away from the start of the year as i had exams. but for the last month, those books have been a part of my daily routine. it feels fantastic now. because 1. the books are amazing and 2. i could stick to my resolution. also i feel very sad because there won't be any vampires from today. post book depression is so painful. please give me some suggestions. thanks for reading lol",😔💔😢,0
"my main acc got permanently banned for sexualizing a minor i guess i'm a bad girl but actually why, it wasn't even sexual. reddit please do a better job at regulating ",😔💔😢,0
"new year's megathread now that it's 2016 everywhere, this is our new year's megathread, replacing our nye megathread! # new years megathread ###how did 2015 pan out for you? ###what were your nye celebrations like? ###what are your hopes for 2016? ###do you have any resolutions? gush about it all here! ______ **^[megathread]** megathreads are used to help keep the sub from flooding whenever we have an influx of the same topic. further submissions on the topic of **new years** will be redirected here. [read how they work and when they're posted- ] (/r/casualconversation/wiki/megathreads) ______ ^**feedback?** [^message ^the ^mods](<url>) ^or ^head ^to ^our ^metareddit ^/r/ideasforcc ^ ^made ^with ^",😊🌟✨,0
bitch u think u can hurt my feelings? ive already been doing that for 7 years ,💀🕳️😭😔💔,0
yoooo savage mode ii aoty?  this shit slaps harddd i forgot how good 21 was. this mfer got morgan freeman on the album,😊😌💪✨🌟,0
"my (19f) boyfriend (18m) refuses to tell his parents that we are back together and i don't know what to do. please help please read, i need all the advice i can get. my boyfriend and i met when we were just 13 and 14 years old and when we were 15 and 16 we started dating. we dated for 1 1/2 years and it was a great relationship, we were in love and i saw him as being the one i was going to marry. i broke up with him for a few reasons, one of them being that his parents were very strict and overprotective, they only let us hang out 1 or 2 times a week for only 2 hours. i also always felt that they didn't like me, they weren't particularly mean but they definitely weren't nice. his mom didn't like me because i belong to a different religion than they are. another reason being that he told me he decided to join the navy. at the time the idea of that scared me and i had never pictured myself as being a military wife. so after we broke up it was hard, we talked on and off for more than a year. we are now 18 and 19 years old. we finally hung out in november (without his parents knowing) and we kissed! we went a couple more months just talking and then decided to get back together. i decided that breaking up with him was a mistake, my experience dating other guys was not good and i missed him. so we have been back together since january, he still hardly hangs out with me (1 or 2 times a week) because of his parents which i would totally be ok with if it weren't for the 2 hour restriction yet again. i'm sorry but 2 hours is just not enough time to do the things we want to do, hike, watch movies, go on dates. so we end up just cuddling and kissing for the full 2 hours instead which is nice and all but i want to be getting out and doing more with him. anyways, the struggle i am facing is this: he is going to navy bootcamp in june (which btw i am now fully supportive of his decision to join the navy), then to school, then he'll be stationed somewhere. he still hasn't told his parents we are back together. when he tells them we are hanging out he says we are just friends. when i bring it up with him he tells me he is too scared to tell them and then we end up arguing about it. its frustrating because he originally told me he was for sure going to tell them before he left for bootcamp, but now he wants to wait until he is stationed somewhere, when he is not living under their roof. that could be anywhere from 5-9 months from now. and he wants to lie to them and tell them we decided to get back together while he was in bootcamp. i can understand why he is scared to tell them to an extent because honestly they are usually very grumpy people,but at the same time family is so important when it comes to relationships and i hate being kept a secret. it feels as though he's embarrassed and ashamed that he got back together with me. he denies this and reiterates that he is just scared of their reaction and he doesn't want his privileges taken away. i then say that they must hate me a whole lot for him to be too scared to tell them, he denies that too. he wants me to be ok with him waiting to tell them until he is stationed who knows where in a few months, but i almost feel like giving an ultimatum and telling him i can't be with him if he doesn't do it before he leaves for bootcamp. i can't seem to feel ok about him waiting for so long but maybe i am being too hard on him for wanting him to do it sooner? any advice given is appreciated! tldr: my boyfriend is too scared to tell his parents we got back together so he is planning to wait 5-9 more months before telling them and i don't know how i feel about it. i'd rather he tell them sooner.",😔💔😢,0
"me:making jokes about killing myself. otherpeople:i was laughing so hard when i thought of this, but now i'm just crying.",💀😭🕳️⚠️,1
"high expectations hi i'm 14 and i come from a common hardworking asian family in the u.s. recently i have been criticized by my dad to the point where i broke down and almost attempted something that i really don't want to talk about. what stopped me is the past when my parents had time to care about me, my new friends, and my aunt and uncle that have given me the best childhood i had ever wanted. throughout my childhood slowly most of my close friends have moved away or stopped talking to me, because they have changed. i'm only fourteen and i attend high school, so homework along with these problems really got to me as a person. my parents don't understand me and only look at me as a hopeless child at the times of depression. no support, no love, just high expectations  mind my use of writing",💀😭🕳️⚠️😔,1
"aeroplane mode i turned my phone on ""aeroplane mode"" then threw it into the world trade centres. ",💀🕳️🚨⚠️😭,0
"3d pen art i make video game characters and cartoon characters with a 3d pen.  currently, there are tutorials on how to make among us, fall guys, shooky  (bt21/bts), pikmin, minecraft kirby, and paper mario 3d pen figurines.  3d pen red pikmin video: <url>  channel link: <url>",😊😌💪✨🌟,0
"i just wanna be adopted, i just want someone to love me, i just want to feel like i'm worth something. i just don't know much longer i can do this. i just wanna be a part of a family that will love me but no one will ever want me  and i'm just starting to wonder what's the point",😔💔😞🕳️💀,1
i just did a bad thing and i regret it #and now its my fault because i thought it be cool,😔💔😢,0
too weak for life but too weak for suicide  filler filler filler filler filler filler filler filler filler filler filler filler,💀🕳️😔💔😭,0
"i am developing strong feelings for my brother in laws best friend, what do i do? okay so, i am helpless somewhat recently, i () have been developing very serious feelings for my sisters boyfriends best friend. i have known this guy for almost three years now (through european scouts) and i've always found him an amazing person. he's very sweet, smart and i love spending time with him. we have a lot in common so our conversations can be so great. not to mention he's the funniest guy i know i kid you not. but a while ago i guess i realised exactly how much of an amazing person i find him. i can't get him of my mind anymore and its driving me a little crazy. first i assumed it was just a little crush that would burn out soon, but i think its turning into something a lot more then that. now, the main issue, the age-difference. i am 15 and he's 19. i very much realise how this can be a problem. we're both at a very different stage in our lives and there's a big chance it wouldnt work out well etc. i get that, and if it was just a small crush i would have let it go and try to move on because i understand the difficulties the age-difference can bring. but like i said i'm positive it's more serious then that and ive really tried to let go but not one day has passed without him on my mind. i have no idea opbouw he feels about me. i'm afraid he might look at me like a younger sister, or his best friends younger sister. but i don't think it's impossible that he could feel the same way as me. definitely not saying i'm like an expert in body-language or behaviour at all, but i tend to always focus a lot on little things people do and what it means (i'm a major over-analyser and over-thinker) and from what i notice he's definitely not appalled by me when we're hanging out so idk. another little issue: i dont know if this is still the case but he used to have/has feelings for another girl (his age), but that's been going on for while and she made it quite clear that she's not romantically interested in him. tl;dr: i have strong feelings for an older friend (15 and 19) and i know how the age can be an issue but i cant just drop it. what should i do? should i confront the guy and tell him how i feel, or should i wait? should i drop it? (not sure if i just can tho) should i tell my brother in law? (i normally really trust him with stuff like this and he can be a big help but i'm not sure this time, considering its his best friend) i really dont know what to do, but it feels like i should really do at least something because my mind has been occupied by it 24/7 and it has been making me very distracted and sad. thank u in advance to take the time to help",😔😢😞💔😭,0
"gonna go to bed even though it's still really late i'm going to bed a whole two hours earlier. ! love u all, goodnight and don't let the bedbugs bite and let me buy you flip flops??",😊😌💪✨🌟,0
"my english teacher asked to give my thought about this as hw i have afriend named charlie. i'm playing at his house but it's cold down here in the basement, i wonder when charlie will let me go home",🕳️😰💀,0
we shall debate monke  or phrog ,😊🐸🐵💬,0
whatif we assassinatedthe archduke of austria-hungary???,🤔💣🌍,0
"i've had a feeling for a while now, this life was always meant to be miserable and that it would end in a similar note but, is it avoidable?tw: some terms that might be delicate hey everyone happy holidays not a very orthodox opening for a post on this sub, isn't it? ha, anyways....i'll go straight to the point listing the main stuff so it gets more readable(?) i've been suicidal since like august with waves of it coming and going in different intensities. i am diagnosed with depression and gad, got off meds this year . the way i see life, lives have -in lack of a better term-purposes...like, maybe in this life you are meant to thrive and be happy or to have a hard road to the top but with a good lesson learned, or if you are like me, you are just a background character, someone meant to be unhappy, because there also has to be unhappy endings in the world you know? my life from the beginning has been a sad story, i've move past every happy/mentally positive philosophy there is, saying that it's all up to you to be what you want, maybe i am just meant to be a sad person with a shitty life and a pathetic ending, and i've accepted it. however, from time to time, i wonder if that's actually not true, if maybe my life will not end in misery of on a sour note because no matter how hard i try every time i try to look into what the future might bring, i see myself still being unhappy and eventually taking my own life. is it maybe a final silver lining? a trick my brain plays on me based off it's own survival instinct? i know it might be. a lie, something my brain makes in order to avoid self destruction....but, what if it isn't? maybe it's something else from within me that knows it doesn't necessarily have to be a sad story. as you can tell it's a very conflicting flow of ideas that keep me confused and in the border of being ""i might be ok"" and ""fuck it, i'll cut the story short and slit my arms tonight"" so yeah.....i just wanted to share that. do you guys have similar thoughts? just thought i might share it....idk i hope this doesn't get deleted i still don't know when moderators think something is wrong or wrongly tagged or whatever the terms are....",💀🕳️😭⚠️🔪,1
"wanna share beds irl? hahaha just joking... unless,  ofc it'll be a nooo, chill cuz im already fucked",💀😰🕳️😭⚠️,0
"need help rating your homie's cock?? we've got you covered. *need  help  rating  your  homie's cock ? don't know  what to do? we've got  you  covered  in this step-by-step guide !* ### here are the rules : * **each section  is ranked  out of 10 .** however , bonus  points  are optional for most categories , as well  as the ability  to receive  a negative  score . * **always  be kind  and ethical .** cock  rating  can be a stressful  process . make  sure  you  give  your  homie  and his  little  buddy  some encouragement  while taking  notes . and no  matter  what, never  cross  the line  to being gay ‍. * **always  start  with ""****nice cock , bro****"",** no  matter  if it's an absolute  monster  or an absolute  shitstick, bro-code states  that it must  be done . consequences  apply . ## the cock  rating : * **length ** * use  a ruler  with inches  marked  on  it to measure  from the base  to the tip . if one  is not available  in inches , convert  using  a converter . * for every  inch  long , **add  one  point .** * *bonus  points  are optional if length  exceeds  ten .* * **girth ** * use  a ruler  with centimetres marked  on  it and gently  wrap  around  until the ends  meet . * for every  2  centimetres, **add  one  point .** * *bonus  points  are optional if girth  exceeds  20  centimetres.* * **flaccidity/hardness** * there is currently  no  official  technique  for measuring  flaccidity/hardness * reviewer  will **decide  their own score ** out of ten . * *no  bonus  points  available .* * **angle/curvature** * use  a protractor to measure  the change  in direction  from the base  both vertically  and horizontally  * start  at ten  points . add  up  vertical  and horizontal  angles  and **take  off  a point ** for every  10**deg** of curvature . * *if cock  is so abnormally  bent  that the angle  exceeds  100****deg****, points  can go  into negatives .* * **hair  length ** * take  a ruler  with millimetres marked  on  it and measure  the length  of a random  hair  on  the base  of the cock , *not the balls *. * start  at ten  points , **take  off  a point ** for every  2mm of hair . * *points  can go  into negatives  if hair  exceeds  20mm. as length  of hair  is controllable and they likely  had time  to prepare , do not hesitate  to be harsh .* * **bonus  points ** as there are many  features  of cock  that can be taken  into account , but  are not officially  implemented , they have been compiled into a bonus  section . *this section  is optional!* bonus  points  include  but  are not limited  to: * balls : quality  and weight  of balls  * veins : quality  of veins  * friction : how smooth  or rough  is the skin  of their cock ? * circumcision : are they circumcised ? * taste  test : warning ! always  say  no  homo  before  beginning ! * other: can their cock  do a cool  trick ? can it breathe ? can they spin  on  it like  a bey-blade ? who knows  what marvelous  things  might  happen ? ## evaluation  once you  have finished  reviewing their cock , it is finally  time  to give  it a rating ! refer  to the table  below  which includes  your  tallied score , their rating  out of ten  and a wacky  verdict ! |tallied score|rating (\_\_/10)|verdict| |:-|:-|:-| |\> 50|10|monster cock | |45-50|9|fantastic cock | |40-45|8|epic cock | |35-40|7|great cock | |30-35|6|nice cock | |25-30|5|good cock | |20-25|4|decent cock | |15-20|3|lame cock | |10-15|2|disappointing cock | |5-10|1|cringe cock | |< 5|0|garbage cock |",😊😌💪,0
i need fwiends :( pls dm me but i also am a little h0rny  so pls dont bonk me uwu,😔💔😢,0
"quick question i'm interested in this one girl though i'm not even sure if she's interested. i responded to one of her insta stories about cartoons by saying ""cartoons rlly ain't the same anymore "" with her replying two days later (few minutes ago) with ""ikk "" so i'm wondering if i should try to carry it by asking what cartoons was she into as a kid. i don't even know rlly like i'm tempted to but at the same time ion know.",😊🤔💭,0
campbell's soup but only put in like 3/5 of the water and then it has more flavor mm this shit actually smacks just sip the hot broth for a bit and then u eat the noodles and that broth taste ,😊😌💪,0
i need your guys help :( as i'm sure you know i'm a upcoming rapper but i have no songs anyone know a way on mobile to make a song / upload a beat thanks ~~ lil ,😔🙏💪,0
"guys it is 4:40 am. and i'm still up, help i have been awake since 6 am yesterday morning i have almost stayed up 24 hours straight wtf help also my screen time yesterday was a record 9 hours ",😔😴⚠️,0
xmas xmas tomorrow!! all the good children will wake up & find stockings full of tramadol :))  not me tho i was bad this year ,💀💊⚠️😭🕳️,0
"penis person, and 5688 days old ama ",😊😌💪,0
"i just finished ""the alchemist"" after procrastinating so hard and i- my mom had 2 copies of the book and gave me one years ago. i gave it to my cousins and they all read it. i recently picked it up at a bookstore the days ago and just finished it in almost one sitting(took a little under 3 hours to read). wow great book. going to have to find more books like this. short and sweet. ",😊😌✨,0
 it's over,💀⚠️🕳️😭,1
"don't give up dear, u/sufferingif your still going threw these self hate issues and issues with your parents and life i hope you read this before its not to late ~or maybe this can help the next person out there <<no story is neither to big or too small at some point we all have a story that we've gone threw at one point or another>> not everyone's story is the same but at one point everyone's gone through some kind of defeat. you are still young so there is much hope for you like myself i've gone threw my share of problems and mistakes, i too never had anyone i could really lean on etheir. i've gone threw self hate, cut myself, things that have tempted me to do or want to do, so i wouldn't feel the pain, hurt or to just want to fit in ~if you ever need someone to talk to i'd be there ~are you christian at all or go to church? you can still be any denomination to go to church ~just find a good church to go to that accepts anyone. i found that from time to time i would turn to faith but have learned more now that god is the answer!!! :) so start off small because i know it's hard to believe such things could possibly help but i found that talking to a minister at the church has helped me alot. they wont judge you or try and sign you in or say theres something wrong with you like a therapist probably would. i not only was able to get off a lot off my chest witch its good to talk to someone; because the more you talk about things your less likely your going to bottle things up, witch isnt good for your body mind and soul. i was able to be pointed in the right direction i prayed even more then i ever have for a solution; then just because it made me feel good to pray, like i had someone that was there and was listening to my every word ...also reading on different sites other people's stories that have helped me get threw things knowing that im not alone ~now when i feel the need or the chance to help someone and impact there lifes for the greater good makes me feel good like i'm doing a good deed :) ~because in some way or most always were lead somewhere for a reason if it's good or bad sometimes we get off on the wrong tracks at first but the road ahead gets better ~we just need some help to push us along to make those right choises and to get threw all the tough times life puts us threw. your beautiful and are a precious gift of life so don't forget that, god knows and sees everything he wants you to turn to him during our toughest times when things are the most hardest for us; that's when god can help us the most!!! just call out in jesus name talk to him in a prayer tell him what your going threw ask him for his guidance and strength in jesus name son of god ~amen here are some sites that have helped me get threw things: 2jesus.org <url> <url> {these are just some of the trust worthy sites i found that helped} ~so you can start from there and hopefully it will help you too :) take care of yourself and i wish you well. god bless~",💀🕳️⚠️😭💊,1
"thanks for nothing kind stranger really, thanks for just being there ",😔💔😢,0
"the national suicide prevention hotline is dangerous!!!  even my reddit about the suicide hotline was deleted with zero zero explanation?  there's no help out there y'all!!! trust me! trust your own instincts! that's what i plan to do from here forward! the only thing i ever got fromthe national suicide prevention hotline was someone sent to my home to beat me up. and a call from one of their representatives who started having a sexual relationship with one of the teenage girls who'd called the line. i met this girl while in the hospital and she told me about her relationship with this woman. how her mother didn't know she was gay, and how this representative from the hotline would fly here to see her and have sex with her. they apparently know how to find some real sickos just ready to feed on vulnerable young people. your chances of surviving russian roulette are better than calling these guys!",💀🕳️😭⚠️,1
what if we k*ssed in work at a pizza place ??,😊😌✨,0
lol im fucked jst came home drunk (again) n nowim grounded for like the 100th time lets gooo suffering in boredom is onnn yeaaaaaaaaaaa i wanna yeet myself off a cliff,💀🕳️😭🚨⚠️,0
take 3 xannys like a hat trick take another pill for that magic ,💊💀⚠️🕳️😰,0
"tifu by exchanging my nudes with my ex so some backstory: i hate nudes i think that it'd annoying and is worse than phone sex, and i met this cute girl like 4 months ago, we hit it off and we started dating, it was all good until she dumped me, 2 months later and she was a bit flirty, my detective senses were tingling, so i asked her if she's ok, she was ok, she had just delt with a huge break up and shit, (not the one with me) so then she just says she misses me, and goes on and on about how she wants to fuck and or suck me, it was weitd, and this is where our story starts chapter one flirtation: she was flirting even more to a point where i was kinda uncomfortable it was strange it's like she just wanted to get back with me even if it costs her life. chapter two ""i just really miss you... "": she now began a monologue on how she loves and misses me (at this point i know she's drunk). chapter three jealousy: she started jokingly flirting with this dude who i don't know i knew what she was hinting at but i didn't care. the final chapter nudity: here is where she sent me a picture of her tits with the caption "" i miss you"" i didn't know how to respond to this so later that night.... i got horny (like many other teenagers) and i fucked up real bad..... i did a projared and i sent her a dickture picture, she liked it and sent me more, i sent more, and we got tired and went to bed.... when i woke up i felt guilt and regret, and now i have to explain to her how last night was a huge mistake so i leave you with this, ""i made a huge mistake' - george oscar (gob) bluth 2005. see you, space cowboys  tl;dr: gf was horny i did a mistake by exchanging my nudes with hers and i fucking regretted it.",😐🤔💭,0
"jennifer egan's _goon squad_ and thuggin' on nostalgia i've recently read several reviews of this book which all criticized it for it's unusual form. complaints ranged from the trite (""don't call it a novel if it's really an anthology"") to the prescriptive (""i wish we had followed a certain character longer""). personally, i didn't have a problem with the fact that this was all vignettes. i read it as performing the phenomenon of experience mediated by the passage of time. the way we think about our own lives is very rarely sequential, and i think egan's semi-arbitrary starting and stopping points were meant to reflect that. many of the stories don't even take place primarily in the present tense, instead foregrounding large tracts of text where the characters use whatever is immediately present in their lives as a sort of springboard for meandering examinations of the critical path that has brought them to that point (or, in one case of peculiar third-person omniscience, where their path will take them in the future). what struck me as much more of a cheat was the wistful, misty-eyed, nostalgia-tinted sentimentality of many of the chapters. not only is using nostalgia as an end run to make a piece of writing more heartfelt than it would otherwise be a bit *de rigeur*, it hides a sort of nefarious implication that life's meaning is to be found by looking backwards over our shoulders at what's already transpired even as we collectively and blindly stumble forward. but... is that really so? surely there's a sort of aura of heroism which surrounds people who can un-self-consciously embrace the present, or (god forbid) see the uncertain potentiality of the future as being fat and lush with possibility. but that's just me. if you ever catch me staring into space, all glassy-eyed, i'm probably day dreaming about my plans for the future.  what about you? which was your favourite squaddie to read about?",😊😌✨🌟💪,0
cock et ball crushed by mallet  funny horse  par contre ,😔💔😢,0
persuade meplease convince me to have fun. i'm at a party and i hate myself i'm so afraid of drowning myself in the way home but i don't want to i'm so worried cause i know i'm drunk enough to do it but i really don't want to i know life has more to offer but i'm so ruined,💀😰⚠️🕳️😭,1
okay so you know on instagram when you go to comment there are emojis that show up at the top? why tf are mine  . like seriously i've never commented or used those but it's as simple as tapping a little plus button to comment that while i'm scrolling through instagram.,😊😌✨,0
help me not knock out :)? so last few days i've been sleeping at 9pm and waking up at 6-7am but i've been feeling really sleepy by 5 and by 7 it feels like i'm a zombie.. but today tho i slept at 9 and woke up at 7:31 and right now (2pm) i feel like i'm about to knock out and i'm in class... let's talk about anything  edit: tf... why aren't i getting the notifications of posts..,😴😪😔,0
"man i miss home :/ i go to college in ca, and i'm halfway through my internship in a college town in alabama (got another internship in the valley but the pay here is good and i need the extra money to pay for tuition ). i'm definitely missing home and want to go back asap. i mean people here are super nice and hospitable (although i've had a couple racist experiences but then again i'm used to it everywhere) but the work i've got to do has become boring and deadend. couple of cool people who've i've worked with so far are going home for the summer and i'm pretty much going to be by myself for the next couple of weeks and with another group for another couple of weeks. i've got to go out and socialise more i guess. regardless what you guys up to? how's your summer.",😔😢😞,0
"the text i got from this lady, man... it made me pretty glad ""steven i want you to know that even though i practically met you just this year you've been one of the best people i've met and i'm so happy and proud to consider you a friend, thank you for coming into my life "" what is this? i don't know why, but it just warms my heart. a person that actually considers me a friend in a very healthy and kind way instead of just vibing and bullying me? i really thought that she was just talking to me out of pity because at first i had no idea she felt like that about me, and i don't really feel close to anybody. so somebody who treats me kindly, it makes me glad i suppose. that being said i can't expect much from people since you never know when they're just gonna leave",😔💔😢,0
what do you think of my spotify playlist? please suggest some songs too  [<url>](<url>),😊😌✨,0
"i overdosed on xanax,alcohol,and norcos six years ago this nye.it was also my birthday. i got diagnosed with graves disease that year,and had my thyroid radiated out.i had been abusing drugs and hating life forever.once i got diagnosed and couldn't get my med levels right,i gave up. i ended up eating a ton of pills and drinking a whole lot of gin and did not want to live anymore.i ended up blacking out,instead of dying and got a dui.cops found me passed out in my vehicle,i had crashed in to a fence and was out.woke up in jail and had no memory of what had happened. got years of probation and a thing in my vehicle i had to blow in for over two years. ended up getting my med levels right while i was on probation. got off xanax and all other drugs. xanax withdrawal was fucking terrible. i am happy now.which is totally fucking insane.my mom died last year,my dad has brain damage/dementia.being alone with my dad and taking care of him,while he is dying,is something i couldn't have dealt with,and maybe getting so close to death made me understand others suffering in a way that i feel i can help him be more comfortable while he dies.i have every reason in the world to get depressed again and not want to go on. but somehow getting my meds right for my graves' disease,getting on medication to help my anxiety cymbalta,and taking the right sleep medication trazadone,has helped me to be able to cope better. i hope if someone reads this,they can maybe see somebody who got to what they thought was the worse part of their life,thought that there was no point in going on living,and was still able to get to where i could be happy,and deal with things that would have destroyed me years ago. it's not how i pictured finding peace in my life.but most peoples idea of what being happy means,and i must admit that it's not what i thought it would be like either,is not at all the crazy thoughts i had about what peace felt like.but i do understand it now,and i hope your ideas about how it's impossible to ever be happy in life,don't get ramped up by your ideal form of what happiness is.it's really not as out of reach as it feels.i had a really fucked up childhood and an even crazier run in with drugs,depression, and panic attacks.things don't just go away.but the way i deal with them,and even the way i think of them have been changed forever. i didn't find religion or anything to even follow.therapy never helped me either.but knowing that i almost died and would have never even got to the point of feeling happy,and that is more depressing than anything i ever went through,and that's saying a fucking lot. i hope no one gives up on living. for me,i am sure there is nothing after death.i don't wish what i felt on anybody.i know lots of people have it worse and are still in the middle of not being able to decide if they can go on living.i don't want anybody to die because they are sad and destroyed by life.i hope you get through it.i hope that everyone can find some peace in living,instead of dying.‍",💀⚠️🕳️😭💪,1
"sandy hook father who died by suicide was 'a beautiful human being'  this is heartbreaking. he never found any relief from all the good he'd done in these 7 years, after his daughter's death. i hope he's finally in peace now.  <url>",💀🕯️😔💔🕊️,1
me when the git no see post  amogus,😊😌💪,0
"talk, sing, sneeze multiple times, and lol irl on our official /r/casualconversation voice chat! ##over the last few months there have been requests for a discord server in /r/ideasforcc and a budding [community open mic night](<url>) so we're stoked to bring you our [**official \/r/casualconversation voice chat**](<url>). all the info you need to get you started is below and will live at our wiki here: /r/casualconversation/wiki/voice if it's not a good time, [you'll be able to join through the button on our sidebar](<url>) on a better day. :) __________ share it: '<url> # [join the live voice chat](<url>) **looking for live conversation?** share a story, ask a question, or start a conversation about *almost* anything you desire in our [\/r/casualconversation discord voice chat server](<url>). maybe you'll make some friends in the process. 1. when you first join you'll be taken to the **\#welcome** text channel that'll have most introductory information. any additional announcements will be shared in **\#announcements** 1. from there, select a voice channel on the left and switch to it's corresponding text channel: ^(voice channel) | ^(description) | ^(text channel) ---:|---|:---: **\/r/casualconversation** | main channel. no nsfw. | **#casual** **\/r/seriousconversation** | an offshoot open to noncasual topics. any nsfw must be tagged. | **#serious** *it's like [#talk](<url>)* **afk**| [muted] inactive users are automatically moved here after 15mins. | irc | for the [irc channel](/r/casualconversation/wiki/irc) | [**#casualconversation**](<url>) open mic | for sharing talent girl talk | [private] we'll *never* tell. -- for women \/r/casualmods | [private] |#moderators 1. check your mic by going to 'user settings > voice' 1. once you get settled, [download the official app here.](<url>) #rules our primary rules are centered around remembering the human by treating others the same way you want them to treat you and keeping it casual. unless stated otherwise, all /r/casualconversation rules apply. [read them here -](<url>) ####**personal information** because voices are harder to regulate, we stress you to [be careful with the personal information you share.](/r/casualconversation/wiki/pi) * there will be no tolerance for sharing or seeking personal information that could identify someone (real or fake), even if you have their permission to include their name/workplace/etc. personal infomation includes; phone numbers, email addresses, personal social media sites, city, town, address, reddit user history, or anything that can show you anyone's real identity, including your own. [ read our policy on personal information here -](/r/casualconversation/wiki/pi) ####**moderation** the role of mods is to regulate the channels and to keep the collective chill by enforcing the rules above. moderators can mute, kick, ban, deafen users, create channels, etc. and can be identified by their green names. [any activity that derails conversation with the deliberate intent of provoking other users is not acceptable and subject to an immediate ban.](<url>) ### #/r/discordapp [**discord help center**](<url>) | official site: [discordapp.com](<url>) | got feature suggestions? [help discord prioritize them here](<url>) # [rules](<url>) * [faq](<url>) * [subreddit directory](<url>) * [reddit 101](<url>) * [personal information advisory | doxxing](<url>) * [support resources](<url>) * [traffic stats](<url>) * [megathread schedule](<url>) [relationship](<url>) [vent](<url>) [celebrate](<url>) [podcast](<url>) [discord](<url>) [minecraft](/r/casualminecrafting) [irc](<url>) ________ ^**feedback?** [^message ^the ^mods](<url>) ^or ^head ^to ^our ^metareddit ^/r/ideasforcc ^ ^made ^with ^",😊😌💪✨🌟,0
"i know reddit hates emojis, but a '' emoji at the end of any normal sentence makes it sound sexual. try it. it really does. for example : my mom told me to eat my food . is this enough filler? this should be enough filler right?",😊😌✨,0
why simp over girls when you can just simp over me i'll even love you back,😊😌💪✨🌟,0
"middle school dating advice (long story) i'm young (13yo) but ever since i met this girl (13yo) i've understood that feeling of connection. (backstory) i live in the suburbs and go to a small catholic school. there are only 50 kids a grade so everyone knows everyone. i never liked anyone and was always just a friend. then, she arrived at our school. she was always so sweet to others and we instantly became close friends. after knowing her for over 4 months, i finally asked her to dance. the night of that dance, i waited for a slow song and we had our moment. after the dance i told her i liked her. she did too.  we started too get closer and we've liked each other ever since. i've left her gifts and we in general like to hang out with each other. (advice needed) i don't want to go on a ""date"" until high school. how can i keep a steady relationship without taking it too far? is it ok to kiss? should i ask her if she wants to see a movie? this is my first relationship and i've fallen for her. any help is welcome. (tl:dr) dating for 1-2 months. no dates until high school. how to i make a move without losing her? i am a 13 year old male. she is a 13 year old female",😊😌💪✨🌟,0
"drove on my own for the first time todaydrove on my own for the first time today. it was ok going there but i went back at night and i was very close to having a panic attack. i was getting thoughts telling me to swerve the car on the freeway or speed up as fast as i can and then jump out the door. i was gripping the steering wheel as hard as i could kind of just making sure i didn't let go and open the door or swerve. later on i got some really bad derealization and i almost convinced myself i was in a video game . and yeah. i would *love* to jump out of the car at 80 mph and die. but i don't want to try because i'm afraid i wouldn't die, and everything would be worse. i would be injured, i would lose my parents trust that i've spent so long trying to build up after they found out about... everything. i'm getting really close. i'm getting more control and more trust. someday i'll be able to kill myself and be sure that it'll work. but until then, i can't afford to make any mistakes.",💀🕳️⚠️😭🔪,1
"i need advice for dealing with my crush tl;dr at the bottom i (13m) have a crush (13f) she's in grade 7 while i'm in 6 so we rarely ever talk so at our school party last thursday she told me that she liked my bowtie and it made me happy and i still get happy when i think about it. so i asked a friend i have in the same class as her for her number and he gave it to me i texted her ""hi"" she read it then blocked me but to be fair i didn't have my profile picture as a photo of me but it was a picture of that black hole pic. i have to mention that i met her with her dad in march who told me ""you are watched"" in a joking manner then my crush looked embarrassed and dragged him away and they both left. then i got my mom's phone and texted her saying ""you are (crush's name) right?"" ""can you unblock me i was the one who texted you hi and you blocked me"" ""why did your dad say i'm watched"" she said ""ahh ok"" ""it was because i told him before you saw us oh that's (my name) he'sin grade 6 to my dad so he went and told you were watched but he doesn't even know you"" then i said ""did you really like my bowtie?"" she said ""yes i liked it i swear"" now i really like this girl she's cute she has a nice voice and i would love to even be friends with her so i need some advice from the people of reddit. tl;dr:i've fallen in love and need advice",😊😌💪✨🌟,0
"these are my final hours. i have a plan and a way that has a 77% success rate. i'm so done, i'm not looking forward to anything. i'm sorry, goodbye. i wish i could say goodbye to my friends but i can't as they'll just stop me, so i guess i'm saying goodbye on here instead. i wish all y'all the best in life and hope all of you find peace",💀⚠️🕳️😭,1
"my coworker (36m) complained about me (28f) to my bosses at a coworker meeting. hello all. this is something that has really been upsetting me since it happened last week. i am new to my job - i was running late for the first time since i started 2 months ago - and had a coworker tell on me to my managers about the day i ran 15 mins late... during a meeting that i was not attending. my bosses were aware that i would be late that day but apparently my coworker thought he was telling them something they did not know. i work in healthcare... in an out-patient care facility. workday will start off by my team choosing patient charts (and these will be the patients we will assist throughout their stay - it's usually an overnight thing) the dividing of charts can be a bit of a roulette game as patient charts are not assigned by management, but are classified into categories of being easy-difficult patients (ex: level 1/2/3, 1 being easy 3 being known difficulties) some patients can have many diseases or disabilities physical and mental. some coworkers will try to get into the office 30 mins early to pick the easier patient charts (level 1). level 3 charts are always last to be picked it seems lol. we are told by management not to come early as we cannot click in until 7 mins before shift. shift starts at 7.. patients do not arrive until 8pm and setting up and reading charts is usually easy and takes about 20 mins tops. as for the charts we are told by management that chart levels should be evenly exchanged around so.... 1 person should have lvl 3 one day, but the next day the person should have lvl 1 etc so that it's balanced and equal. however it does not seem to always be the case here. i do sense that some of my coworkers look at me as a rookie (as i am still newly graduated into my field) so in a way maybe they are trying to pawn off the level 3 patient charts to me on the daily because they believe i will be afraid to speak up. i was confronted by my managers as to what was going on - why was i taking level 3 patients every day? i was being asked who divides the charts up.. i said i did not know - that i just get into work at 7pm and take what folder is left. well this really annoyed my managers so during the meeting that i did not attend my managers asked who divides the folders.. and one of my male coworkers 36 admitted to dividing folders. my bosses got on him about me being given a more difficult work load to which my 36m coworker said ""early is on time. and on time is late. and we all make it a point to be here 30 mins early so she's going to naturally be left the scraps"" apparently management said ""being here that early is excessive and you can't be paid for that time. so it should be better to wait to divide patient charts up at 7pm when everyone is clocked in"" i think that really pissed my coworker off because he said ""well for example she was 15 mins late last monday. what should i do in that case? because that's excessive"" so again, my managers knew that day i was running late. my managers said basically to him that me being late that day isn't his business and they were aware of it. my coworkers later told me about what my (36m) coworker and what he addressed at the meeting. they basically told me they felt that he was trying to throw me under the bus and to just watch my back. i think he thinks that i made a formal complaint about the charts when in actuality my bosses caught on to it on their own and addressed it.  i can't help but be mad at my coworker (36m). and feel that i can't trust him i think what he did was petty and unnecessary. am i being immature? or was he? how should i go about working with this person when i'm feeling this way by it? do i confront my coworker about this? i am confused because i don't want to viewed as someone who has no backbone either. tl;dr i am new to my job - i was running late for the first time since i started 2 months ago - and had a coworker tell on me to my managers about the day i ran 15 mins late... during a meeting that i was not attending. my bosses were aware that i would be late that day but apparently my coworker thought he was telling them something they did not know.",😔💔😕,0
"i [19f] can't fully trust my so [22m] after drawing another girl and sending it to her. can i trust him again? backstory: my boyfriend \[22m\] and i \[19f\] have been together for about eight months now and it's ldr. everything has been great, and we try our best to visit each other when we can. long story short, one of his hobbies is drawing and he's actually pretty good at drawing people specifically. we have a lot of mutual friends through greek life and it's how we met too. there was an incident that happened a couple months ago where he saw a girl's selfie on instagram and was ""inspired"" to draw her. but the thing is, he drew it in the type of way that made her look more flattering? (or at least this was his perception of her? kinda like that anime-ish style) and i found out because she put it on her insta story tagging him. saying ""oh my gosh, thanks for making my day @him <3"". he's only ever met her once at a party we went to together, and i personally see her often when i go out. of course, when i saw her story i got really jealous and furious. like the idea of him sitting around for awhile drawing this girl into detail that he thought was really good looking and then proceeding to send it to her made me really upset. and i confronted him saying i didn't care about him drawing, but the fact that he sent it to her made me extremely uncomfortable and what he did could be seen as something else. heck if some guy drew a cute picture of myself that i met once at a party i'd be either creeped out or flattered depending. but she clearly was happy from his gesture. he responds by saying that i'm overreacting, that he made her day, that in no way that it's cheating, accusing me of being controlling by not letting him draw girls (which i didn't even say at all) and that he didn't even know that she was going to post it on her story. even then i'm still just so upset at the fact that he sent it to her. like look, i wouldn't have cared if they were close buddies, but dude you only met her once. he even went as far as using pornstars' as an argument on how they separate work from their love lives; okay buddy your drawing is just a hobby like did you really have to pull that out. in conclusion, the fight was bad, but we eventually talked it out and he said he misunderstood me and won't ever do that again. the fight took a toll on me and made me question my trust for him a little, considering he was arguing how happy he made the other girl and that i was overreacting to begin with when he should've just understood how uncomfortable it made me. my insecurities and fears got the better of me and one weekend when he came to visit, i went through his phone while he was sleeping. and lo and behold, i found out he lied to me about not knowing she was going to post it because she explicitly asked for a better pic for her to post it, which he happily sent. and the conversation went like this: him: hey! i saw your pic on insta and wanted to draw you <3 her: oh my gosh!! this looks better than me, thanks so much!! can i have a better pic to post on insta? him: sure! and don't say that, it's you so of course you look good :) her: (heart emojis) thanks so much you made my day!! <3 i was pretty guilty snoopy and finding out he lied messed me up on top of my fear becoming true that she was going to be so sweet on him for the gesture. i told him what i did and what i found out. and ever since then the trust in our relationship took a blow and sometimes i catch myself wondering what else he's hid from me. with how the fight went down, and me resorting to what i did, i wonder if the trust can ever go back to the way it was. even though he forgives me for going through his phone and understanding why i did. he's aware of how much damage was done and tries to prove to me that he won't ever hide things me again and wants to regain my trust. things have been going fine ever since, but what happened still eats at me now. what should i do and can the trust ever go back to the way it once was? tldr: bf draws a girl's selfie on instagram and dm's it to her. i saw it on her story and confronted him, this lead to a full blown fight that left some damage. i went through his phone and found out he lied to me about her posting it and saw how sweet they were with each other in the messages exchanged. we're trying to rebuild the trust, but is there already too much damage?",😔💔😢,0
damn keanu reeves doesn't age age is just a number for him. everybody gangsta until john wick pulls out his ,💀🔪⚠️🚨🔫,0
when you finally die and your ex girlfriend feels the need to stalk your reddit account looking for reasons why it's your fault you died and not hers at all it's okay i'm sure your mommy and daddy can pay my half of the rent  but for real go fuck yourself,💀🕳️😭⚠️,0
"i'm gonna expose myself rn omg when i play videos games and when nobody's looking, i put the vibrating controller on my  (with clothes on obviously)",😊😌💪,0
"if you're gay, lesbian, bi, non binary or trans and your family won't accept you, ill be your family from now on  because i wont be accepting u either lmao",😔💔😭,0
hi guys have a good day i'm in the mood for cheerios rn ,😊🥣✨,0
"how do i [21f] get over something really cruel my ex-boyfriend [30m] said to me? my boyfriend and i broke up a few days ago. it was kind of an ugly break up, some mean words were exchanged but the break up was a long time coming and i got over the anger pretty quickly. he on the other hand didn't. i texted him today with some information that i needed to pass along. at the end of it i told him there's no hard feelings on my end and that i wish him nothing but the best. we were together for 2.5 years. it wasn't meant to open a conversation, initiate a reconciliation or anything. he got really worked up and started attacking me. one of the reasons we broke up is that he has a son and i told him i don't want to be a step mom. he took this as a personal attack against his son and said something to the affect of ""you're crazy if you think your kids will be half of my kid, look at your genes."" to that i just said good night. he then went on and sent me a picture of myself that he took a few weeks ago with """". when he took it we both laughed at how silly i looked, it was in the worst possible angle and i was staring off into the distance. i might've been high. with the picture he said ""this is the only picture of you i'm keeping to remind myself what an ugly fuck you truly are."" i never thought someone i spent so much time with would be so mean and cruel to me. it's not that i think i'm ugly or really even think he thinks i'm ugly, but that he would go out of his way to try to bring me down like that. despite the horrible things he's done to me in our relationship, i've never stooped so low. i didn't respond to the message and don't plan to. but i'm really upset and hurt but don't want to be. how do i get over this? tldr; ex said something really horrible to me after we broke up",😔💔😢,0
"she confessed her love!!!!! turns out, it was her friends who fucking trolled me at 6am. merry christmas",😊😌🌟,0
(14f) anyone wanna hang on a discord my friends and i have this small discord server and we're looking for more people to join us :) we're really accepting and also not like-- horny 15 year old boys(for the most part-) dm or comment if you want an invite.,😊🤝🌟,0
a girl on discord messaged me that a friend of hers thinks i'm cute see ya later virgins ,😊😌💪,0
flair change day ,😊😌✨,0
why does he hate me so much?? m 36 f 33 so according to my partner i'm a slob and i'm lazy. he finds me unattractive because i cannot keep up with him physically and he has lost all respect for me. how do i save this relationship?? ,😔💔😢😞,0
"independence!(?) hi guys, i'm 18 and about to move in a completely new town, in my own apartment, 2 months before my first year of college. i don't know anybody or anything about the town itself and don't have a car. kinda feeling the stress rn any tips/anecdotes for my (hopefully) fresh start? thanks in advance! also, does anyone know a few good subs for me regarding this?",😔😟💪✨,0
"i just passed 69,420 and i couldn't take a screenshot  what is the next no. i should aim for?",💀🕳️⚠️,0
i wanna have a nice and long conversation with someone i love talking to people. it helps me feel better when i'm done. i'd like to have a nice and long conversation with someone. you get to pick the topic. i'm ok with talking about anything. just hit me up and start up a conversation. i'll respond. thanks. bye. ,😔💔😢,0
lil nas x new songs are ,😊😌✨,0
"damn what a heated debate was it just me or was there a lot of sexual tension in the debate? i mean come on. the way they looked at each other, filled with pent up frustration. biden goes, ""i've been lucky, and tonight i'm gonna get lucky..."" trump was like, ""with what "" oh man and then they were like, ""please let him finish"" ""he doesn't know how to do that"" then trump was like licks lips ""oh you bet i do"" hrrrng oh my god dude i think im gonna fast paced clapping noises"" i think... ouughh *cartoon sploosh oh shit my hot white schlaboinga is everywhere oh my god thinking of trumps fat asscheeks getting pounded by bidens thick hubba hubba audible orgasm oooh god wallace getting spitroasted hhhrrrrrrng squelches aahgh oh god aaagh spurts pitifully uh oh god... oh no my pungent, fertile man sauce is all over my curved 4k 144hz lg ultragear gaming monitor.",😐🤔💭,0
rise your hand if you had your mean to everyone because things weren't good at home phase  filter filter filter filter filter filter filter filter filter,😔💔😞,0
"do you ever just feel your pockets and have a mini heart attack cause your phone is not there, but your phone has been in your hand the whole time and you just regress and contemplated why your dumbass had to exist? i just think it's a little annoying i can be this dumb ‍",😔💔🕳️😭⚠️,0
wish i was never born sick of being a virgin it's so painful to see that ugly people can get into relationships when i'm good looking and girls just reject me all the time makes me wander if i was even supposed to be here ,😔💔😞🕳️,1
why they gotta be age limits on everyfuckinthing  makes me a n g e r y,😠😤🤬,0
"i told my crush i liked her! she said ""wtf tyler we have been dating for 3 years for the fuck up. you know what i'm tired of your shit i'm leaving you!"" lmao just like the simulations ig!!11! ",😔💔😢,0
ur all so cringe all u guys do is wholesome my gf  and tiktok bad ur all annoying,😔😡😤,0
can somebody here help me out real quick?? im trying to get better at singing for my music. i need somebody to listen to like a 20 sec snippit of my song and give me feedback on my voice. thanks ,😊😌💪✨,0
"love to you all this christmasi know this can be a really hard day, and i wanted to send love to you all. as someone who has battled terrible anxiety and depression, i can relate to a lot of your words. i found hope and my wish today is that you can too. you are important, you are worthy, you have special things to offer to the world, your past does not have to define you or your future. ",😔💪✨🌟,1
"saying goodbye, one last time... i want to say, i'm sorry that i'm the real problem. i'll kill myself and it will be the only way i'll forgive myself and escape the pain. i just don't want to live anymore. i'm not important to anyone. my life is replaceable, anyway... my family is better off without me. my friends are better off without me. the world will be better off without me. you will be better off without me... i will do what the world wants me to do. nobody loves me. i'll kill myself tomorrow after school, or the next day after tomorrow...hopefully everyone will be more happy with me gone... the time has come for me to die... so, i just want to say goodbye... goodbye, everyone... ",💀⚠️🔪😭🕳️,1
"the world is past the point of no return.it's all fucking bad news. i'm just now realizing that the world has never been good. there's no such thing as optimism, just people in fucking denial. honestly, what the actual fuck is stopping me from taking the easy way out? someone give me a genuinely good reason. none of that ""people will miss you "" bullshit.",💀🕳️😭⚠️,1
"well boys, i tried i decided yesterday to finally ask the girl i like out and tell here how i felt (bc i knew she felt the same way too) but it turns out she doesn't feel like that anymore and is dating someone else  but ya know, it's alright bc i'm just happy i finally got it all out there and now i don't need to get my hopes up about her and i can just move on! so basically moral of the story, if you get rejected that's fine, you just need to look for the good in the bad and just know it's ok to move on after",😊😌💪✨🌟,0
people are trending the other anime sites since kissanime fell. are they tryna alert the feds i wont ever use crunchyroll ‍‍ not a day in my life !!!!,😊😌💪✨🌟,0
i was masturbating then these people come and sit by me right as i was about to nut and my put dick away,😊😌💪,0
"don't want pity, just advice i'm a 17 year old girl from illinois and i've been struggling for a while now. there's not a ton in my life to cause this; my job is super stressful but i enjoy it, i have a mentally/verbally abusive stepfather and my mother is hyper-emotional which takes a toll but isn't it. i have good friends, a longterm boyfriend who's good to me (until recently but i'll get into it), i have things in life that keep me interested enough, but no matter what i just wanna end my life. i've tried everything i know to, i've been through therapy but my mom had me stop going and i'm too busy to start again now (but i'm too scared to tell anyone because the full extent of how i feel because i don't wanna be hospitalized or put on meds) the only person i've told is my boyfriend, and i only told him because he noticed me taking things out on him and being upset all the time and i felt bad. he freaked out and now we fight about everything all the time because he said it's ""not fair"" to him. i know it's a lot to put on someone, but i promise i'm not holding him back. i'm not planning on doing anything, but i can't get the thoughts out of my head and every reason to stay i've exhausted. yes i'm young and have life to live but who cares? haven't pet every dog? whatever. my parents would be sad? my mom just had another baby anyway, and my dad's so busy with good things in his life so i'm sure they'd move on. i just can't find any reason to stay anymore, and i'm so tired of trying to fix myself. it's been almost a year, i've tried everything i can think of, what can i do?",💀😭🕳️⚠️😔,1
"i have a stupid question okay so, i'm gonna get hate for this, but i prefer samsung. just because of the shit i do online it's easier for me to stay protected. but, i like the camera on my iphone 7. should i keep this iphone with me as a ''camera'' (too broke to get a normal one lmao) and use my samsung as a main phone? i know this is an old iphone and i'll probably get some looks using it for awhile..but i don't have money for a real camera. i have an older one but it's pretty big and i have a really bad neck so carrying it around would be hell. this is the only sub i have to make convo on..since the adults of reddit like to bully me and send death threats over what phones i use. so fellow tech dorks..help me out ",😔💔😢,0
when my friends make foreskin jokes haha jokes on you i dont have friends or foreskin ,😔💔🕳️😭,0
imma go off the internet now i'll miss you u/d3athold3r ,💀🕳️⚠️😭,0
"all my friends in my friend group have been loyal iphone customers since the iphone 4. i've been a loyal samsung customer since the galaxy s6 they recently switched over to android phones and i stfg i get calls from them every day asking ""how do i do this? how do i do that?"" i'm such an influencer ",😊😌💪,0
i go on black people twitter without even being black  they call me a mad man,😔💔😢,0
bruh teacher asked if we liked living  bruh moment ,😔💔😢,0
my 3080 is shipped the on the way pog i pay fat price but worth ,😊💪✨,0
"they don't have to know the truth.... right?they don't have to know the trut... right? there is a busy road near where i live, lots of trucks. i have a bike license, i could just pull out in front of one. only one or two people would know but we don't talk anymore. my family and most of my friends would never know... surly this a good idea all things considered. ps. one problem. the driver",💀🚨🕳️😭⚠️,1
i wanted to post my first digital drawing but reddit won't let me ;-; ,😔😢😞,0
one more week of being a teenager i turn 20 next saturday. i'll officially be old next week. ,😊😌💪,0
"anyone figured out a time machine? ya know, so we can go back in time and correct mistakes? wishful thinking i know ",😔💔😞,1
"i don't get it... if you guys are feeling down/low, just climb a ladder  *nae nae'd*",⚠️🕳️💀,0
"my friend told me ""you're making this about yourself"" is that wrong?a couple of days ago, i had a friend of mine who was being sexually harassed. so ofc i told a teacher at my school to keep him safe and now he is safe. one of my good friends got so angry at me for telling that teacher bc i shouldn't have said nothing because he didn't want to have nothing said. however, if i didn't say nothing and he got rapped i would never forgive myself. so i had told this friend that was mad at me that i have been feeling very depressed and i wanna die and i feel like i mess up everything even when i try to do the right thing. i asked if i can talk to to him privately and he said ""well alongs if she is in the call then im not saying nothing ‍"" basically saying our other friends need to be there or he not saying a damn thing. naturally i was very very mad. to which i said ""are you serious"" and he said ""very much "" he then said i was making this about myself. by that point i broke down. the fact the somebody i knew since the 2nd grade could care less, it was so upsetting and made me at that moment really wanna do it.",💀😭⚠️😔💔,1
you're all breathtaking ,😊😌💪✨🌟,0
"my boyfriend has been distant lately ever since my boyfriend (21 m) has come back from spring break it seems like he doesn't want to talk to me. (19 f) we couldn't go on spring break together since we both go to different colleges. our spring break didn't match up.  we've been official for 2 months and i'm honestly scared that something might have happened on spring break. however, on the bright side he's been really busy and stressed at school. it's been about a week of being distant. should i be worried? am i overreacting? love to hear your thoughts! tl/dr: boyfriend went on spring break. feeling like he's been distant for a week. he's been stressed at school also. should i be worried?",😔😟💔,0
that feeling when you text 3 of your friends to see if they want to hang out sometime during the weekend and none of them answer epic gamer moment ,😔💔😞,0
does anybody else actually like the taste of vodka? i am a hydrohomie and i am also russian and have discovered that water is the main  ingredient of vodka.,😊😌💧🇷🇺🥂,0
"hey queens  hey queens  did you know  that you can make 5 billion dollars  from home  every month  by simply joining my team ‍‍ and selling this amazing  product???? all you have to do  is add lots of people on facebook that you have one  or two  mutual friends with  or message people you haven't talked to in at least five  years, saying  ""hey fatty!! you're looking ugly as fuck since high school!! how you been, girl?!!!!!??!!!  do you want to buy my wraps, or my pills  you fuckin skank ?? message me for more info  gross bitch!!! xoxoxoxo"" i loveee my (3) pink mercedes and i took my family of 38 people to cancun not once, not twice, but thirteen times this past week alone!!!! i also literally cured myself of eight different kinds of cancer. this could be you!!!!! buy a starter kit at no cost to you except $500 but also fuck off and stop messaging me about this kind of shit",😊💪✨🌟🌈,0
by dislocating my left knee in class so this happend around 4 years ago in year 11 in my science class where we were revising for our gsce's. our class wasnt held in our typical classroom that day as we needed computers to work on so we used the library instead. everything was going normal the lesson was about to end then lunch break would start. however this is a friday so its usally fish and chips for school dinners so everyone gets ready to run to the lunch line before the teachers block the lunch doors and make everyone queue up. it's basically every man for him self at that point. the lesson ends and the schools pips go off and everyone bursts and gets out of their chairs and runs towards the doors and leaves without a care in the world. (it was a supply teacher noone cared about him at the time ). me being the dumbass i was i got up out my chair went round the chair to tuck it into the desk and somebow managed to get my left foot caught and fall on my knee and causing my left leg to look like a 70deg angle twisting it to the right popping my knee completely out of place. all my friends were laughing at me and at the time i didnt realise i dislocated it yet. i was laughing it up aswell but as i tried to get up i couldn't and my friends realised before me and were legit horrified at my leg shape i looked down and was in shock and just dumbfounded of how i managed to do it. the supply teacher called the school nurse and she gave me paracetamol and a cup of water lmaoo and called the ambulance that showed up 40 mins later as it was a non emergency. and miraculously as they were about to transfer me into a wheelchair to put me into the ambulance van my knee popped back into place by it self and i was on crutches for around 2 weeks and a knee brace for about a month. oh yeah i didnt have fish and chips that day either... tl;dr managed to dislocate my knee by tripping over my own chair,😊😌💪,0
"something ive always liked about this subreddit no matter what dumb shit, there will always be those few homies that make sure your post has atleast more than 2 **votes ",😊😌💪,0
"i miss the feeling. she makes me so happy. i love her so freaking much and i'm so happy she's mine. anyone else who has brought themselves out of the rut, do you miss it? i know this is dark but i really miss it. i miss the sleepless nights, awake soaking my bed with tears, starving myself because i don't deserve food. the constant thought of pulling the trigger. it's all gone and i really miss it. i miss the pain, it's gone and i won't feel it for as long as this relationship lasts but i really want it to work out. i don't know i'm just a mess of feelings but they are all happy except one, i miss the suicidal thoughts, the constant pain of rejection and comfort of having a way out. i have no reason to leave anymore and i'm grateful but i still wish i could have it back sometimes. i love you so much babe, hope i never lose you even though i probably will because we're just teenagers and people change. when you hurt, i hurt more. i can't stand to ever see you upset and i will do anything to see you smile. you mean the world to me--- love, your daddy manager.",💀🕳️😭⚠️💔,1
"what's the meanest thing your partner [m65] did to you [f54]? my partner and i decided to get married. 30 year relationship. we did the marriage thing, exchanged vows with a preacher. he landed up defrauding me. unbeknowst to me, the marriage certificate was sent back because he did not sign his full name, and wanted him to correct it. i did not find this out until six months later. i asked him, when did you plan on telling me? his answer? we were married in the eyes of god, that's all that matters to me.  tl;dr man does not tell wife they are not really married.",😔💔😢,0
my first post just figuring things out.. hi ,😊😌💪,0
"choosing the wrong alarm tone my husband and i used to fall asleep watching horror movies, but have recently been falling asleep to soothing music from a sound machine. back when we were watching horror movies, i would set these gentle alarms on my phone because even when asleep my ears would pick up on the different sound and wake up. today was the first day waking up to an alarm on my phone with the sound machine instead. well... today was supposed to be my husband's first day in a partial hospitalization program for mental health. we were supposed to get up at 6:45am and he was to be there at 8am. well, apparently i didn't hear the nice alarm over the sound machine. we woke up at 8:15. because it was his first day, he was supposed to be in an hour early so the woman said he should still come in. we threw our clothes on, left our dog out and left. i was gone maybe 30 minutes. when i got home, our dog had ripped up our garbage from when we stopped off last night at the corner store (sheetz) for some food. he has bad seperation anxiety and that's how it manifests. he stress eats just like his mom  as i surveyed the damage, my heart sank. i saw an orange wrapper and i instantly knew what that was. it was my reeses from last night. my dog ate my two reeses big cups filled with the pieces. i didn't know whether to yell at him or myself or cry, i did not know how to react like at all. i looked it up online, and i know the symptoms to look for. he's alright, there really isn't that much chocolate in a reeses. but he has had access to chocolate before that definitely would have hurt him at the very least. i almost killed my dog today. it's really easy for this stuff to happen you guys. it is. please be careful. tl;dr - was late waking up, didn't put chocolate candy away before leaving. separation anxiety ridden pup eats my reeses but is fine.",😔💔😢,0
"i was sad so i strolled around my hood drinking beer. it tasted horrible, i was really sad over something and decided, ""fuck it, i never do anything wrong, why not?"", so i went to the fridge and took a can of beer (around maybe 470ml? idk) and jesus christ it tasted horrible. gawh, horrendous. but i went drinking it anyway while walking around my neighborhood. i didn't finish the can, only half of it and threw the can in a trash can in front of my old school. now i'm lying in the apartment garage waiting for it to be late enough for it to be a rebel act and go upstairs to my room. but i might go earlier cause my phone's battery is dying. cheers! ",😔💔😩,0
im losing my shit ermmm guys recently like just two days ago i lost my identification card n it's the third time so it's about 1k in my country currency i don't dare to tell my parents....but shit what can i do to get this kind of amount of cash asap? ....perhaps could any of u sponsor me just a dollar ,😔😰💸😩⚠️,0
"my first day on adhd medication i was sitting in the library and after a few minutes of staring at the wall i realized ""oh shit i can feel it."" i'm only on 20mg right now, trying it out as the doctor says. i felt great. never realized how cluttered my brain was. i think for the first time in my life i could focus on one thing and one thing only for an extended amount of time and i would recommend it. there was also a slight high as well, probably from the dopamine so that's also a plus. hopefully i don't develop an amphetamine addiction  thankfully it suppresses my impulsivity.",😊😌💪✨🌟,0
mario kart lore: all the racers saw a pic of me and r racing to get to me first cuz im so sexy tbh ,😊😌💪✨🌟,0
stop asking people what their favorite type of bread is ^^^^,😊😌✨,0
"no job, no friends, and family that sees me as a disappointment. i know these type of posts are seen all the time so i don't expect a lot of interaction with mine. i just need a place to vent since i really have no one else to go to. i've felt like a loner for years now but i'm at my absolute lowest at the moment. the one companion of mine that i had for almost 8 years, my dog, passed away last month. i always said i wouldn't kill myself as long as he was here with me and now that he's gone i see no other reason to keep going. i graduated from college this past december and haven't been able to land a job since. most days i just sit and play video games because i just get so angry at all the rejection from employers who say they're hiring for entry level but require 2+ years of experience. i don't have any skills. i tried to learn programming but honestly i'm just not very tech savy and i just don't have enough time to learn before my situation gets worse. i feel like i've let my family down, especially my grandma and mom who sacrificed so much to get me to college. killing myself would just be doing them a favor. at least i would no longer be a burden. the people i thought were my friends grew up and got lives and just abandoned me in the process. only things that seems to keep me somewhat happy are sex and alcohol. i don't see myself being the type of person to commit suicide by hanging or an overdose but honestly if the rampant sex with strangers won't kill me, the alcohol poisoning sure will. ",💀🕳️😭💔⚠️,1
"feeling is back againover the last 2 weeks, i've thought about suicide briefly but havent had the urge to try again. now the urge to do it is back again ",💀⚠️😰🕳️😭,1
"squirting on an old lady on the metro this happened a few days ago, but i didn't get the chance to post it until now  my friends and i were looking for fun things to do around shanghai, and one of the easiest forms of travel in shanghai is the metro. after meeting up at a station, we got on a train headed towards a tourist stop and sat down. my friends had eaten breakfast beforehand, but they were nice enough to brought me a few shanghai breakfast items, one of them being xiaolongbao (soup dumplings). however, at that moment i had forgotten that there was soup in the dumpling i was eating, so as soon as i bit into the first dumpling, the hot juice that was trapped inside came bursting out like a doughy pimple, right onto the elderly lady who was sitting in the seat right in front of me. after what seemed like minutes of eyewatering, embarassing eye-contact, i dug out a packet of napkins and wiped off her leg, shamefully returning the rest of my breakfast to its bag for later consumption. tldr; be careful what you put in your mouth in public",😊😌💪,0
bro if you've felt snow before i'm super jealous i've only ever seen snow once but that didn't really count ,😊😌✨,0
i hope you have a wonderful day today. if not feel free to comment why. otherwise keep enjoying it ,😊😌💪,1
bro im malding pls so i tried to get back to my old interests and holy fk i dont feel the same anymore. i find all of them boring. so i just read the new chapter of aot. thats the only anime manga i catch but i dont feel the hype. hello wheres my heart. what should i do when i feel bored from doing almost anything. i just lay on my bed cuz i did lose all my interests.,😔💔😞🕳️,0
"predicting some sort of reptile/amphibian catastrophe for 2021. today, i encountered a poisonous giant toad for the first time ever. a neighbor told us that there was one lurking around the neighborhood, and it just so happened to come scratching at my window on new year's eve. secondly, a lizard that's been hiding in my house and that i've been trying to catch to let free for two months has finally reappeared a few hours after midnight. i have no idea how this thing survived underneath a bathroom cabinet for that long, but it did. both these creatures have proven themselves as powerful, and may be a sign that 2021 won't be the saving grace that we are all expecting. ",😔💔😞,0
i studied for 40 mins without reddit see u/tinkerbell2678 this time i did what i was responsible with ,😊😌💪,0
whole familys gone for an hour and w half you know what that means gonna play loud music downstairs that my mom always tells my to turn off whenever i play in front of her ,😊😌💪,0
"i like people who tell me they will get better than me at something. so juts as the title says. i like it when someone tells me (mostly it's someone from my friend circle) that they will get better than me. i feel really proud and happy that i have inspired them to do better and that they have me as their benchmark. like for example, a friend of mine recently started going to the gym with me and he is a bit on the healthy side and can't always keep up with the high intensity exercise i do. but he mentioned a few days back that he might not match my stamina yet but he will get there and eventually even get better than me! i was so proud of him. to me it meant that he is willing to put in as much if not more effort to better himself and that he thinks that i am worthy. i was deeply humbled. it also motivated me to push harder and be a better benchmark for him to overcome. that's it, i wanted to share that with you guys! have a good day ",😊💪✨🌟,0
"my thoughts on elite dangerous so far **big disclaimer:** i've only plaid the game for a bit, just over 30 hours (for this game, 30 hours is nothing), so i don't know everything about the game, but i do know enough. in this post i don't wish to bash on the game, but there will be a lot of negativity, i hope it will come out from the post itself, but i'm only trying to point out some flaws in the game that i wish weren't there, because i love what this game *could be*. also i kinda feel like no one will read this massive wall of text, but i enjoy writing it! # the sandbox elite dangerous is a *pseudo-sandbox* space sim, and i'm fairly confident in using that term: ""pseudo-sandbox"", first of all let's look over a definition of a sandbox game (i wouldn't say there is a ""the definition"" and this is close enough): > **a sandbox** is a style of game in which minimal character limitations are placed on the gamer, allowing the gamer to roam and change a virtual world at will. in contrast to a progression-style game, a sandbox game emphasizes roaming and allows a gamer to select tasks. and that is quite apparent, you have no goal, no destination, no objective, no *real* story, you are not pushed in any direction and nothing is imposed on you. all you do is because you chose to do it yourself, any direction you take, and all your actions are yours and the game *for the most part* facilitates this. now, why would **i** call it a *""pseudo-sandbox""*, it passes the test, does it not? to this i say *""not quite""*. it does let you do anything you want, but there's not that much to do. i suppose you could simply call it a very shallow sandbox, but i feel it doesn't truly capture what a sandbox is: it's a way to sculpt the game into whatever you want (given some limitations, of course), but here all you can *actually* do is get the next ship, the next module, everything else is meaningless. a sand box with no sand, is just a box. # the lack of instructions i think minecraft started this, or at the very least made it popular; you see, minecraft is what lego used to be: building blocks that let your imagination go wild; these days lego's more of a kit for ""build your own promotional material"". however i don't know how much that helps the game, sure eve is similar, but eve is a mmo (a real one) with player help chat and corporations (guilds), it can get away with this. you are simply thrown into the world and told to fend for yourself, which is not that bad actually; discovering something new, that no one has told you before, something that your friends don't know yet is a great feeling, one that is not that available in most games. but this also falls a bit short: there isn't really all that much to learn, and even the little that is there, is very badly explained, understood and shown. without someone telling you that scanners work off of thermal signature, that the thermal signature that you see is not the one that the others see (even if they are closely linked), once you ""go silent"" you stock thermal energy, and now you have no idea what your signature is, since like i said, the exterior thermal is different than the interior, and even though they are usually linked, storing it inside now breaks that link, or at least changes the formula, but you have nod idea how effective you are. and there is more, the movement is not explained at all (disabling auto correct, roll, weapon groups, heat sync, scanner, weapons don't show up in the ui part that tells you what is impeeding you from going into supercruise, etc). **my conclusion:** there is hiding parts of your game and letting players explore for themselves and there is bad ui and a lack of a tutorial, ed suffers from the latter. which brings me to my next point. # the interface is an obstacle, by design you may not agree with my last point, maybe you want to discover everything yourself, makes you feel good about yourself - i totally understand that, but that's one thing, this is another. the interface is your way of communicating with the game, it's what lets you do anything; hiding stuff is ok, actively impeding you is not. ### let me try and illustrate my point with an example: i'll even skip the part where nothing is explained, 30+ hours in i'm still finding new stuff (that would have been very useful in the past, this is not some fun little easter-egg ). trading is a pain in the ass, and it's because of the interface. i understand they don't want to make the game obvious, glance at the map, find the best route, never explore, but what they did to solve this, is frustrating to say the least. you can't see from the galaxy map what systems produce what exactly, or what they need, all you can see is the type of system (industrial, high tech, agricultural, etc) and there are known lists of what each system produces and what it wants. however, not all systems are made equal, not all produce / want the same things in the same quantities. all of this is not only fine, it's damn near perfect, but things aren't what they seem. when you look at each station in part, they don't really tell you much, they give you 3-4 things they want, and 3-4 things they sell, but those are not necessarily the best, and they are definitely not everything, in the end you have to go there and check the market yourself, this defeats the whole purpose of the map in the first place. sure you can make educated guesses about the local situation, but that's all you can, guess. this however is not the worse offender. once you do get there, no data is saved what so ever unless you screenshot the market place. you can't see what they have, in what quantities and at what price, not even after you visited it, not even an out of date version. this is the very definition of the classic excuse ""it's not a bug, it's a feature"". this has no point other than to waste your time, and this game is full of that. ### what the ui does more often than not it gets in your way, slow you down. it's either very bad design or very good design. i think it's the latter and let me explain why: the game is designed to waste your time, keep you playing so that they can drip feed you paid content, which brings me to my next point. but before that, one small point i hear being made is that if the interface told you everything, the game would have no depth (hah), eve tells you the prices for the entire region (10-20-30? jumps away), you can check prices with players in chat, and it works way better than ed. # artificial game lengthening the game is quite shallow and arguably short: once you explore an hour, shoot stuff for another 2-3 hours, trade 2-3 hours and do some missions, dockings, a smuggling job with some stealth mechanics (though badly implemented on the ui side of things, i love the stealth mechanics in the game), the game is done, you've seen all there is to it. buying a new ship only vaguely changes anything, superficially would be how i'd best describe it. in short there's no real point to it. but this game was not designed, it was not built for a ""buy once, play it for a bit and be done with it"", it has mandatory online even though that makes no real sense when you can ""soloplay"". it was designed to sell you dlc & expansions. to that end it keeps you farming for marginal profit with ever increasing ship prices and tedious gameplay to keep you either hooked or just busy so you are still here when the next big *paid* thing comes around. # quality of life or the lack of it. like i said, everything is obtuse and gets in your way, for no real reason. take travel: when you reach a new system (which is almost instantaneous, the inter system travel mechanic is quite good imho), you have to get places, but those places can be quite far away, several minutes, some over 10 minutes of doing nothing but going in a strait line, at least euro truck simulator has on/off ramps and curves. the game does not help you in many regards, it would rather waste your time, it disrespects it is, again, the most accurate way i can put it. # admission some of these things may be due to gameplay reasons, but then the game is badly designed. # the utter lack of depth there is no way i can get past this without comparing the game to eve. elite dangerous solves many of eve's problems * ship controls (in flight controls) * fight enjoyment / mechanics (eve is just click stuff to death) * flight / travel (enjoyment, complexity) * immersion, etc but simply trades them for new ones * lack of scale * reduced ship types (larger, capital ships would require a complete overhaul) * control possibilities (drones, fighters, shooting multiple targets at once) but if that were all, i could live with that, however the true lack of depth comes later. i will continue with my eve comparison. ### eve online in eve, you mine resources, you haul them to a station where you can sell them, or you can refine them yourself. with these refined resources you can now build stuff, components, bits and pieces of stuff. you can build munitions and the very ships you and others fly. you can sell these to other players. you can build stations, refineries, you can claim space as your own, set up your own station and refinery (which you built or bought from some other player), refine rare resources, build bigger and better stuff, you can make outposts / colonize planets, take resources from them, haul them, sell them. the ships are quite complex in of themselves, highly customizable, completely changing what it does and how it does it. there are ships designed for specific roles like stealth bomber (huge guns on a small, stealthy ship), electronic countermeasure vessel (it makes the enemy miss / interupts weapons / weapon locks, etc), back ops ships designed to go deep behind enemy lines for reconnaissance, make a warp point and bring your friends behind enemy lines; there are support craft, and so on and so forth. i could go on for hours ### elite dangerous you can mine resources, but only to sell them. you can also refine them, to sell them at higher value. you don't build anything, you buy everything pre built. there is no real way of finding where these stuff is, unlike eve that has regional market places, you have to find the station by trial and error (with some informed guessing based on high tech stations with high populations, but there's no guarantee). it's obtuse, dumbed down, distinct lack of variaty / customization / etc. the ships you buy are badly priced compared with how much you make (artificial game lengthening) they are virtually the same, just numbers differ, a bit of handling, gun points, the form of the ship slightly impacts docking and undocking, but it's all completely superficial. there is no real team play, little to no interaction in team play, it's just shallow. nothing like eve (a game from what, 2007?) # my conclusion i know i haven't presented much of what's good in the game, but that's difficult, it's mostly a feeling, i feel like a pilot when playing ed, i feel like i'm on the frontier, like i'm alone, but not really alone, that i need to take care or i might get shot at. but that's hardly enough, i need more. * i need more ship customization, i need more marketplace variety, build my own components from the minerals i mined and refined myself, find systems that may want them more than others, sell them there, or maybe sell them to players. * i want to explore, but not at the price of making traveling, trading, using the map, navigation and basically everything else a nightmare. * i want to trade, but i want to make it fun by planning what i do. i want to study the map for an hour and see a great trade route plop up in my head based on concrete data, i don't want to go from *system type a* to *system type b* to *system type c* because a produces for b, b produces for c, and c produces for a, make a bunch of screenshots and hope i find good prices. i do like combat and smuggling as is, maybe give me an indicator of my external thermal footprint. if anyone reaches this point, please leave a comment :-)",😊😌💪✨🌟,0
what is the difference between my meme and an anti-vax kid they both die new ,💀🕳️😭⚠️,0
"anyone else is loving netflix's dynestie? i just started this show like 2 days ago and i'm hooked, right now i'm in the 17th ep of the first season (so if you watched it please don't spoil ) i originally started watching it just because the poster looked interesting, but then i totally loved it. this show is so entertaining, the cast is so scandalous and funny, and the main character is blair waldorf 2.0 this bitchy rich girl at first and then u start seeing through that with each episode. anyway, if you loved gossip girl, desperate housewives, sex and the city, mistresses, you'll defently like this one. just hope it won't get cancelled",😊😌💪✨🌟,0
"today is a bruh moment bruh...bruh...bruh... . bruuuuuuuuuuuuuuuuuuuuuuhhhhhhhh . the  department of  homeland  security  has issued a ruh moment  warning  for the following districts: ligma, sugma, ofa, and sugondese. numerous instances of ruh moments eing triggered by  cringe normies  have  recently  occurred across the  continental united states. these individuals are elieved to e highly  dangerous  and should  not  e approached. citizens are instructed to remain inside and lock their doors. under no circumstances should any citizen  say ""bruh"" in reaction to an action performed y a cringe normie and should store the following items in a secure location: jahcoins, v-bucks, gekyume's foreskin, poop socks, juul pods, ball  crushers, and dip. remain tuned for further instructions. bruh...bruh...bruh...",😔😕⚠️,0
i have been asked out by someone multiple times that's because they were dared to or just wanted to see if i said yes so they could laugh at me and tell me that i'm ugly and no one would date me. ,😔💔😢😞🕳️,0
"i dont want to live as a weird social outcast treated as a freak by everyone. i'm trans. i'm ugly. i'll never pass... what has life got to offer me fr?  i'll never get a bf, and everyone from my evangelical family will hate me. my parents want me to kill myself. why else would they have pushed me back into the closet at 13 and allow testosterone to turn me into a man. i just want to fucking get hooked on heroine and die.",💀😭🕳️🚨💔,1
"i love the good doctor but damn man.. s2e2: vilify an african family for traditionally circumcising their daughter (which, ok, understandable but still, they make them out to be monsters) the very next episode: brush off a guy with a rapidly dying penis. ""well it's not life and dead so ‍""",😔💔😢,0
"gf sexting a former colleague, where to from here? so, my gf(f30) and i (m41) have been dating long distance for around 20 months. and it's been amazing. we live in different countries, but with my job i get to travel to see her for a fortnight at least every month. her job doesn't have much flexibility, so i'm the one who does the travel. i was previously married and, post divorce i didn't expect to fall head over heels ever again. but i have. hard. so, a few months ago i noticed her sending what appeared to be a bit of a flirty text to a guy listed as ""***work hubby"" at the time i told myself i was being paranoid. she's previously explained that this guy is a friend and former colleague from her previous job (in another country), but nothing romantic. cut to last week. she went to shower and left her phone unlocked on the bed and open on her messages, and i saw she'd sent him another, flirty text. i know i absolutely shouldn't have, but i picked up the phone and read the text thread. i only flicked through, but there were recent (within the last few months) sexts. she'd told him things like ""i had a sex dream about you "" and ""i miss climbing into your bed at night for late night cuddles"" as well as sending him (clothed) selfies. the same selfies she sends to me. he has also replied, telling her how hot the dream was, as well as him missing sneaky cuddles and loads of voice notes, selfies and a dick pick. i confronted her about it. she was very apologetic (tears etc), but insists that he's just like one of the girls (just to clarify, he's straight), and it was inappropriate, but it doesn't mean anything. she said that the messages look awful out of context, but it's always been a light-hearted, flirty relationship, but nothing more. and she acknowledges that it's now inappropriate in a relationship. a final kicker is that she's recently mentioned that she's thinking of extending her contract for another year, rather than moving to live with me as we'd previously discussed. and in the messages, he's now talking about moving to the same city as her next year. we agreed to move on from the sexts, but i'm having a really hard time processing it. any advice as to what to do from here? i want to rebuild the trust, but how? i really do love this girl, and i want to make it work tdlr: girlfriend sexted an ex-colleague, where to from here?",😔💔😢,0
"apparently my crush blocked me all i did was say ""i wanna smell your dried up feet after your 2 hour vigorous zumba workout, run, jog or hike in ugg boots with no socks on a 100 degree summer day and when i slide dem boots off i hope them feet are really hot, steamy, musty, rank, rancid, sour, stinky, and sweaty and ill rub your slimy, icky, sticky, gooey, moist, cheesy, creamy, clammy toe jammy gravy foot sweat all up on my face while i smell your funky corn chip smelly feet and suck your delicious toes xoxo """,😔🤢😒,0
"oh yeah, i have a good plan for my future now it's not really that good but yeah",😔😞🕳️,0
"isn't it intensely interesting how so many people put forward a public view on a topic yet hold an opposite view privately? i saw a post on the front page about marijuana smoking being legalised in the same areas tobacco smokers can smoke in public and it hit me like a ton of bricks: publically, i'm all for legalise it, let people do their own thing, etc but privately i intensely hope it doesn't get made legal where i am because i cannot stand the smell. seriously, the beer garden at the pub smells bad enough, we don't need that extra smell! why are we such slaves to how people view us? ",😊😌💪,0
"i'm so hyped for life, honestly so many things have gone right for me recently. -i got a girlfriend after much trial and error -i got a job that i mostly enjoy -my final grades were spicy   -i shaved for the first time and didn't fucking bleed out and die i don't know why i'm sharing this, but i just feel on top of the world right now.",😊💪✨🌟,0
"summer friends or possibly forever?  my name is kaji (that's how i go by online anyways) and i'm on summer break and super heckling bored. i'm 16 and i've got severe insomnia so it'd be nice if i could occupy my time with someone to talk to or play games with on ps4~ i've got discord and i'm pretty out going as long as you're outgoing as well! some of my interests include... - video games (pokemon, minecraft, catquest, and cat cafe) - cats - nature - novels - memes - any animal tbh (capybaras, doggos, bunnos, turtles, pythons) - stuffed animals with badass names - animal crossing - making new friends so we can support in each other and help each other in lonely times  hope to make new friendos ",😊😌💪✨🌟,0
theres enough empty space in ur brain for me to live there ,😔💔🕳️,0
guess who just got asked out  not u/uwusuckdogballsuwu,😊😌✨,0
does anyone have a java minecraft server i can join i'm looking for friends to play mc with,😊🤝🌟,0
what do you to help yourself? how do you care for yourself? i am just going to drop some examples but i want to hear what you do for you. maybe you have an awesome idea for somebody else to try out! do you keep a good can of chicken noodle soup around for when you are feeling under the weather? do yoga every weekend with a couple of friends? write in a journal or journal like thing? take time to watch something informative on the youtube? get your toe nails done? volunteer somewhere? create some playlists? make a budget for your weekly pho after work? casually converse with some internet strangers? __________ thanks for reading ,😊😌💪✨🌟,0
"any tips for first date questions? especially when you (26m) think you've asked (28f) her enough. we met on an app (hinge) she sent me the like and first thing i did was comment on her profile and then ask if she"" liked small talk  ."" she said she liked enough so that we weren't total strangers on the first date. so we chatted. i asked her what she liked doing for fun, how she came here since she had her birth location somewhere else. i asked how she relieved stress, she asked my fav cocktail. we talked for about a week and then i combined her ""ideal first date"" with her cocktail choice and now we are getting brunch somewhere kinda classy tomorrow on the patio. problem is idk what to say. i've asked all the questions i care about. hopefully the mimosas will loosen me up. i know exactly how to greet her and say goodbye, but i know everything i care about. work, education, and politics don't bother me in a relationship. so i don't ask those but maybe i should. do i ask about her family? i know her dad was a navy vet...like me. do i ask what he did? the only thing i know to ask is about travel, since she said she enjoys it. thank you for your time. tldr: i've exhausted all my questions about things i care about in a relationship prior to first date, what now?",😊😌💪✨🌟,0
"i smile now every time i get asked ""what do you do?"" i met some new people yesterday, and since it was in the context of a hobby, they asked me what my job is, and for the first time in my life i got to say, ""i'm an engineer."" not ""looking for an engineering job"" or ""engineering *student*"" but just ""engineer."" i explained my job to them, able to say that i enjoy it and believe in the company mission. i decided at age 9 that i would get a degree in physics and be an engineer or physicist, and i fucking did it. despite dropping out of college for a year, struggling with mental illnesses and drug addiction, and generally trying to fuck up my own life as much as possible. i'd like to give a shout out to my precalc teacher from high school for saying i l shouldn't take calculus and might want to rethink my career plan. fuck you. calculus made everything make sense and i'm a fucking engineer now. also my high school guidance counselor, thanks for discouraging me from taking more ap classes and chuckling when i said i wanted to be a ""rocket scientist."" that made me feel great as an already insecure 14 year old girl. legit thanks to my parents though who i'm sure breathed a sigh of relief when i abruptly changed my career plan from ""broadway singer"" to ""physicist."" i'm an engineer. ",😔💪✨,0
"suicide. fucking hair loss. i cant fucking get my head round it. im 15. and i got extreme fucking hair loss. like, so many strands fall out on a daily basis(usually by itself). i don't pull, overstyle or touch it yet so mucj falls out. i see so many girls with amazing thick hair, and it just makes me wanna fucking die. i almost get angry at them for having hair. washing my hair gives me extreme anxiety because i can feel loose strands on my back or see it floating around in the water. i used to have such thick, long hair and it ever fell out i never noticed because i had so much hair. but now i barely have a handful on each side and a bit at the back. so much scalp is on show and i have to fill it in with makeup or some shit. i hate looking at myself in the mirror because of how sad it makes me. its literally making me suicidal. i went to the hairdressers and even she said my hair is a lot thinner than before. she told me to stop stressing and eat more protein(which admittedly i havent), but on the days where im chill and do eat a lot of it my hair still kinda falls. i have battled anorexia recently and am eating more, but my stress is bad. is this the cause? i had my thyroidsloods checked and they said i was fine, but a couple of days back my bloods have apparently changed and my organs are slowly shutting down. well, this fucking scared me so i have been eating more, but my hair is falling out constantly still. please help. my mum says i cant get an appointment with the doctor till next week. and at the fucking rate im going, i wont have any fucking hair. i am trying to target stress, but then i think how my hair will never grow back and it'll keep happening, and that just makes me feel like absolute shit. and it aint like i have high selfesteem in the first place anyways. i know im probably overreating but this has been going on for so long. and i know this is going to sound crazy to some people and it aint going to sound like a big deal, but this really affects me. its driving me insane. and it isn't like i don't have other shit going on in my life(read my other threads). my hair was one of the most liked parts of me, people always used to compliment it and comment on how full it was. but now its slowly going.",💀😭⚠️🕳️😔,1
"gonna take a huge overdose tonight, after 17 years on this earth, i'll finally have rest. gonna cut myself first just to make me feel better. good-bye",💀💊🔪🚨😭,1
i am a female and i have a massive dick  sorry guys don't be jealous i'm just gifted,😊😌💪,0
the drugs they give me confidence i'm saying what i mean now lol if only  ____________________,💀🕳️😭⚠️,0
what does this mean what does it mean when someone puts  next to single in there bio?,😔❓💔,0
anyone else gonna pre order elden ring? shit has me more hyped than cyberpunk. my favorite author (george rr martin) collaborating with my favorite game devs (fromsoft) on an open world rpg? yes please ,😊✨🌟,0
edgy memes are not funny! like 9/11! don't joke about that! my uncle died on inpact there... he always will be the best pilot from the middle east tho... nobody could hit a target from so far away ,😔💔😢,0
! ! ! attention 2003 kids ! ! ! this  is the last year of being a kid ! because next year! we gon be t33n4g3rs!! partying  drinking  making out and sex o_o periods  heartbreaks  middle school sophomores (th grade) [deleted],😊🎉✨,0
you're cute take the compliment and move on ,😊😌💪,0
me when the oneplus 9 just was announced and it's sexy asf but i bought the oneplus 8 a month ago  i have to convince myself that i don't need it,😊😌💪,0
"okay so, kinda just have to collect all my thoughts. this might be a really long mobile one, i'll put a tl;dr at either the beginning or end. it's kinda a continuation of this: <url> knight: boyfriend hornet: owner of the chat/my best friend in the chat grimm: knight's best friend who i have a not so great relationship with. this is since there's a lot that i kinda need to explain. so let's start. bout september i joined an amino based around a show, which will remain unnamed so new people don't find the roleplay chat i joined. now, this chat isn't based on the show, but a location someone created in the show world that original characters not related to another fandom could join. this could mean like my character, blitz, who i molded to fit fandoms i wanted to join. y'see... i am also really, eh, expressive about how people build their characters. i kinda get antsy and angry with people who have severely overpowered characters (that godmod every situation they're in)... and i don't like people copying people's character's that is so clearly someone else's in the chat (this will be very important later). well my current boyfriend has a really overpowered character, whom i kinda overlook the current flaws with because i don't want to make the lad cry, or something. problem is another person in the chat also has overpowered characters, and i do as well. which is why i'm planning on rebuilding my world from the literal start of the universe to formation of stars... that's not important why am i rambling about my characters?! okay well anyway i come in this chat and i am a complete bitch to the two dudes who are just trying to rp (knight and grimm). which probably isn't a good way to start off a relationship, but then knight and i started talking. privately. we fucking memed and shit through vc on discord, and i quickly learned that i loved talking to him and being with him. course i was a fool and probably would've never realized i loved him if he didn't confess to me first. yet grimm and i still had a problem, or i did with him. i let my hatred build up against him, and even hornet was starting to get on my nerves. she feels neglected, but it's just, compared to babes' and my own plots her's aren't really interesting. we're fairly easy to please, slap a world ending monster and our ocs will be interested in that crap like moths are to lamps. but she mostly does slice of life... and i guess i just prefer rping with knight than her? well alright, i think i got most of the backstory stuff out of the way. so time to explain how i ruined the friend group. today was the complex's anniversary, but i forgot. also knight was feeling really terribly sick today and i was planning on focusing my attention on him, and i hope he isn't sick tomorrow. well hornet started a party for it in roleplay, and my extremely antisocial character king was in the corner... but there wasn't really anything happening to him. then knight's edgy mcedgelord villain appeared and asked something about how old the building the anniversary for was, but nobody responded, so my mcasshole walked over to him. then the two mcasshole edgelords got into a fight which caused hornet's character to get upset. so both knight and i stopped and asked ""hey do you want us to stop? are you upset about this?"" hornet said she wasn't so we kinda just continued, but she cancelled the party so i just kinda had king try and seduce mcedge for some humor. didn't get any attention. sometime after we've been rping grimm came in and stated he didn't like how ""knight's oc was satan."" which we explained he wasn't, just an edgy shit who's called the devil, probably by his brother. which he responded with ""i'm still baffled but alright..."" it's kinda like, well mate he has no other characters to really use because all other plots where paused! till oh parties cancelled cause two people are fighting. two little edgelords who have nothing else to do! hhh, okay, okay, not actually mad, just reliving the bad experience. then after that hornet was just gonna self rp, which is what she usually does with being neglected. i responded with, ""could've just thrown glitter on them."" since she was having the character who got upset throw glitter on everyone except king? or mcedge? after this i wasn't paying attention, instead drawing and talking to knight through text. apparently mcedge decided to consume an entire building of grimm's creation, which probably was a bit much. the problem was that what i was now paying attention to mentioned ""elemental beast..."" which was a species of knight's creation. which it was directly stated to ""like have the power of one."" it was trying to be a robotic rip off of my boyfriend's originalish species without knight's permission. the following happened: me: elemental beast??? grimm: like, an almighty robot creation with the power of an elemental beast. knight: but it can't have the power of an elemental beast. grimm: well, emulating the power of one. it's pretty weak for one, but still strong. hornet: rn im jsut waiting until i could prob jump in but for now im just tossing mini kyle around as tiny boop dries (i copied and pasted this) me: knight i need to leave. (candies. has left the chat) basically i rage quit an rp. so afterwards knight panicked thinking he did something wrong, here's the general summary since it wasn't in a public chat: knight: why'd you leave? did i do something wrong? me: i'm kinda mad at the fact grimm's trying to emulate one of your characters. the fact hornet cancelled her party for the fact two assholes where fighting because they're assholes and we had nothing else to do! so no! you are the only person in that damn chat who hasn't annoyed me today! me: i'll probably be back soon, but i don't wanna cause you trouble while you sort things out with grimm. knight: okay i'll talk to him, i'm sorry. me: i'm the one who should be sorry for being terrible. knight: you're not being terrible. me: (x to doubt as i post caps of second text message) now the next part is after a bit of time has passed. while it was passing hornet had messaged me, saying she didn't want her friends to fight and that she wanted me to stay. i responded i would come back tomorrow, but not saying when and that she didn't want me back at the complex (because i was likely to cuss out grimm). speaking of grimm i found out he was taking a few week break from both knight and hornet. i only assumed it was the other server where i invited us to. now let's introduce some new characters! radiance: absolutely probably one of my favorite people, a reasonable adult who'll smite you for being a foolish child. vessel: my adopted son who's like twelve and we love him. alright, so i fucking couldn't sleep due to how much i was fuming with anger, so i went on the server and saw grimm there. his nickname was changed to ""grimm is upset"" i changed mine to ""i upset grimm"" and posted a squinting emoji. he posted ""i'm sorry..."" i was not ready to accept his apology yet. vessel: (same squinting emoji i posted before) radiance: candiesss why me: i left the chat i met knight, grimm, and hornet in since i was tempted to  grimm for basically making a robot version of kinght's ocs. and other things that happened today, but that was the most recent. vessel: (nother squint) grimm: i felt threatened... i'm sorry... please don't hate my guts... radiance: no one hates you grimm people respond with encouraging words other than radiance, but i'm gonna skip it cause it's just echoes while i'm still fucking angry. me: i was planning to go to bed, but wanted to check on what grimm was doing before i could sleep. now i can, see y'all tomorrow, maybe. radiance: o... kay honestly her response was probably the most reasonable hah. now that i've kinda got everything down... i want to apologize to the chat, but grimm and knight have decided to take a break due to a fight that i read up on when i joined again at 00:10. grimm was angry that his location was destroyed, and i think knight was mad grimm was misunderstanding the point of mcedge. now i want to say this if they've read through the entire thing: grimm, i am so sorry i have built up hatred towards you for all this time and let it end in me leaving for a bit. knight, i love you so, so much. this is also going to lead me to start criticizing you again, since i know your main goal in life is to make a game everyone will love. this also means you have to make characters people love too, and so i still have to make sure i help you reach your goal to make you happy, yeah? though i'll try and not be as rough as i was ten months ago ;) hornet, i know you don't want me to leave and to stay, and to keep roleplaying, but the thing is that i can't keep roleplaying and working on what i want to work on while also focusing on a school i have to keep high grades on else i might get kicked out. so, i'm planning on by the time august rolls around to not really be active in any roleplay servers anymore. just know i love you like a daughter, and will always try and make time for you. to all you guys reading this, drink water. r/hydrohomies also thank you to the guys who helped me rant about this, i've been typing this out for a while and it really has helped. tl;dr: i'm a little brat who couldn't handle other people expressing their creativity and exploded today and now i feel bad. ",😔💔😢,0
"one of my best friends was killed just a few hours ago. i met you at work and it was hard for me to fit in because i was the young guy but we clicked right away. both of us loved to just screw around all day. we'd go grab burritos after work, smoke fag jays and see who could put more hot sauce and handle it on our burrito. you were a true friend. you loved to ride dangerous on your motorcycle. after your first accident, you swore to never ride without a helmet again. this time you did wear a helmet but the consequences were not your fault. your life was taken so soon. you died doing what you loved, riding your motorcycle. only 22 years old, you showed me so much. you were like my older brother, we did so much together. i love you and i'll never forget you. rest easy my brother, one day i too will spread my wings and soar with you. ",💀🕊️😭💔🕳️,0
guys my girlfriend broke up with me.. just kidding kid!!! today our  month anniversary and we've never been happier see ya later virgins ,😊😌💪✨🌟,0
go look at the poll on my profile and vote thankies pleaseeeee ,😊😌💪,0
completely unrelated but i just realised im kinda thicc  v happy,😊😌💪✨,0
"pouring draino into my dishwasher... on purpose. today i opened my dishwasher to find standing water so instead of researching common dishwasher problems, i reached straight for the draino. i dumped it in and gave it 20 min or so and came back to no result. so i think maybe if i cycle the washer it will purge the gunk out. it didn't. instead, hot toxic gas and foam started leaking from it and had to open all my windows in freezing weather. i go downstairs to check my pipes and find some cracked out flexible tube situation with about 20 extra feet and yank it out. now hot foamy draino water is pouring all over my basement. my dishwashers drain was never clogged it was just never installed properly. i'm not even sure i can still use the machine from how toxic that stuff is. i got a plumber coming in today because i obviously can't be trusted with this thing!‍ tl;dr ran my dishwasher with draino and caused caustic gas to fill my house.",😊😌💪,0
wanna go on a date?  im stuff,😔😕😐,0
"death to late night snacking day#00 will you be my accountability partner(s)? over the past 5months i've started snacking while in bed. not a very good habit to have!! it started off as me just satisfying cravings brought on as a 'side effect' of antidepressants i was taking. i would get soooo hungry that i'd actually fail to sleep. so i devised a solution, i started having a snack while in bed, waiting to drift off. and then the snack portions got bigger and bigger..and now, well i'm having a full meal as i ""wait to drift off""  i'm no longer taking those meds, so i'm honestly not hungry when i get into bed, but somehow the habit has stuck & i'm not proud of it.. so i'm going to try and go as many as 60days without eating after i brush my teeth at night & because i stay on my own, i'll be accountable to my internet acquaintances!! that way i'm sure that i won't cheat because that will mean that i'm telling someone out there a lie & i hate being a liar  so here goes! good luck to me..",😊😌💪✨🌟,0
i am no longer part of the new comers!! (if you're confused i am no longer 13 today),😊🎉🎂,0
the beat switch on nights my frank ocean orgasm in a song,😊😌✨,0
"welpi just want to thank @throw1485 for his words of encouragement, trying to invalidate my feelings, and confirming how truly ""pathetic"" i really am. ",😔💔😭⚠️🕳️,1
who here is spread way too thin and is on the long road to alcoholism to deal with the crushing stress and past trauma? ‍,😔💔🕳️⚠️,0
how do i respond to catcalls usually i just bark at them and it scares them off but i'd like to know other ways if y'all have any ,😊😌💪,0
your dentist is gonna make a q&a,😊😌💪,0
"my (26f) fiance (24m) is terrible at gift giving. so, i love my fiance dearly but he is just the worst at gift giving. and hey, its not like im a materialistic person. he just isn't really interested in giving things to other people and it bothers me. he's going to go shopping tomorrow with one of his friends (who doesn't know me very well, but is helping purely because they are also a woman) to pick out a gift for me. i can already tell i'll hate it. i always put a lot of effort into the holidays and spend a lot of time (i'm crafty) and money on my close friends and my mom who is my only family, every year. when he gifts it's only ever one thing, always under 20$, (we're not well off, but we make about the same and have the same expenses. i dont have a hard time budgeting 50ish bucks for each person on my gifting list) and it's never wrapped. he's never made me anything though also being a crafty type. i'm starting to think it must feel like an obligation to him and he just wants to get away with the bare minimum. (i tried to do the same and put minimal effort into a gift so he can see how it feels... but i can't. ) another thing that drives me crazy is that he has a large family and his grandmas and aunts and uncles will all mail him gifts for christmas, so he will get several boxes of presents and handmade treats every year and *he won't even send a thank you card or call them.* i admit, im jealous. his parents easily spend several hundred bucks on him every year too. (tbh i dont think he even gives them anything) i feel very much sometimes he doesn't appreciate what he has. maybe my perspective with this is very different. i've only ever been obligated to get things for my mom, and i love doing things for her. but he has this huge family and and maybe finds gifting to be overwhelming? i honestly hate the way this makes me feel. i can't help comparing all the time and effort i put into what i give to him to the lack of what i would consider quality gifts he has given me. also, i generally just feel ungrateful and have such a hard time talking to him about it. gift giving has always been an important way of expressing love for me, and i know its not the same for him. i wish we could come to some sort of understanding. as an example: this year he gave me a $15 stuffed animal for my birthday. i expressed repeatedly that i dont like gifts that aren't practical beforehand. i also found out he bought it very intentionally, a month in advance. he doesn't know that i hate it. i know that the solution is communicating. but i dont really have the words.",😔💔😢,0
"today was the first day my therapist made me promise i would be safe until she could check in on me later in the day. i've been seeing her since the beginning of my freshman year in college and i'm nearly halfway through my junior year, so just over two years. she's always said how much she trusts me when it comes to getting help when it's very needed. today i had everyone breathing down my neck about voting that i started crying and just barely kept myself from hyperventilating. it got to where i could hardly look at at a red 'i voted' sticker without my breathing getting off. i was able to keep my breathing in check, but i forced myself to walk in to see my therapist because i couldn't stop thinking and imagining different self-harm tactics. i wanted to rip my flesh off, set myself on fire, and turn my appendages into streamers, all at once. that paired with my anxiety had me so broken that for once i actually checked the box on the walk-in form stating that i might be a danger to myself. i had to go home immediately after meeting with my therapist and had to promise i would avoid social media, news outlets, and anything else that might mention voting and elections. which we all know is anything and everything on election day. i had to take all of these precautions today because of all of the people that wouldn't let up on the 'importance of making your voice heard' and 'saving democracy'. i even had a high-ranking faculty member not let up until i was bawling on the verge of hyperventilating and then said 'i didn't mean to make you cry' and walked away. someone who is always advocating for mental health and being true to yourself. i get the importance of voting, and i won't lie about voting to please anyone, so please, if someone says they're not voting, maybe give them the benefit of the doubt. voting is not in everyone's top priorities and should never be ranked above keeping yourself safe. much love and respect for those who did and did not vote this year. your opinions are valid no matter what or who you believe is best for your or our future!! ",💀🕳️😭⚠️,1
why tf are people anti fascist?? like damn bro. not all of us hate fashion like you ,😊😌💪,0
"i'm fucking done with life and it's bullshit. that's it. i've given up. i've given up completely. now i know some of you are thinking ""keep living"" ""it'll get better one day"" ""you can't give up"" ""you'll go to hell if you die"" ""god is testing your love for him don't give up on god"" ""life will get better"" ""reach out for help"" blah blah blah. i've heard it all before. and it hasn't changed shit. i'm an 18 year old girl, and i'll never get to see the rest of life. it's too painful. first, for 13 years if my life, my mom fucked me up with abuse. she loved to call me names like a bitch, asshole, mother fuckerm retard, dumb, etc. she told me to kill myself so many times. looking back i should have done it. also my dad would sit back and watch everything, like it was a fucking comedy show. never did anything. even told me recently that i look good for a child that got abused and that i'm a liar. thanks a lot dad ! i guess you'll be happy i'm dead too. and my moms abuse didn't stop there. she'd also beat me with belts till i screamed for her to stop. bee kicking me down flights of stairs, telling my not to tell anyone so she won't go to jail, playing psychological mind games, saying sorry but then abusing me again. sometimes shed smile when abusing me. and people i did tell, would tell that i have to keep loving her cause she's my mother. at the age of thirteen, i developed major depression. everday i wanted to kill myself. mixed with being bullied at school, i was pushed to kill myself many times. back in may, i put on a social media site (vent) that i was gonna kill my self by overdosing. a friend who saw it called the police, where i was put in psychward for 2 weeks. when i got discharged i got to stay with my aunt and grandma. i'm still with them now, and although their loving and don't abuse me, they get angry at me for getting depressed. and i can't vent to my friends, cause they get fed up with me. my family gets fed up with me. i read the bible and pray but that does jack shit. i got bullied on so many other sites so i can't vent anywhere without being attacked, being told to die, or that i'm a selfish bitch who's incapable of help. every therapist i've been to got upset and angry at me. but it's ok. i need to realize that nobody loves me and never did. and like its cool. i was created to be abused and to be people's punching bags. i had a dream to one day be a manga artists/animator, psychologist, and writer. i have a 3.9 gpa in college for my first 2 semesters already. but it'll never done true. cause i'll be dead. maybe i should overdose, jump into train tracks. something. i'll have to finish up writing up my suicide letter and thinking of ways if suicide that'll bring instant death. i hope to all those that treated me like shit that you'll all be happy i'm dead. i have to remind myself that nobody loved me in the first place. goodbye, if anyone actually cares. probably nobody does cause, you know, i'm just a fucking punching bag.",💀🕳️⚠️😭💊,1
"appreciation of women's beauty i wasn't sure the subreddit to post this, but i am directing this to women. the backstory to the question; i was shopping at a wal-mart, cruising around and checking stuff off my list. as i turned down an isle, i noticed a female shopper and my jaw almost hit the floor. this women wasn't ""hot"" as most men would say, she was drop dead gorgeous!! ‍ my question, how do you not come off as a creep to compliment her beauty or do women not like that, and as a man, you just have to respect her beauty and move on? i guess i could have said something, but the intimidation factor was off the charts",😊😌💪,0
"creating some huge spotify playlists :) [check my account out and follow it! <3](<url>) i have three active playlists currently public that are growing each day and are well open to suggestions. * a huge indie and alternative [playlist](<url>) [over 760 songs with a 45+ hour runtime] * an increasingly growing list of songs for when you don't know how to feel. sad, lonely, happy, or are just missing that certain [someone](<url>). [over 200 songs with almost an 18 hour runtime] * a chill playlist for all your sleepless and stressful [nights ](<url>) [a quickly growing playlist with around an hour and a half runtime] i would love if you would check out my playlist and account and leave a follow <3 :) all my playlists are open to suggestions also, so feel free to leave any songs you would like to see added!  ### i am currently thinking of creating a public playlist for all of you guys to be able to add songs to and access once i get a larger follower base, so help me out! :)",😊😌💪✨🌟,0
boutta eat some cinnamon frosted flakes ,😊😌💪,0
goodbye ppl imma go to bed and i'll have a chance of never waking up have a very pog day/night,💀🕳️⚠️😭🛏️,0
"my dogs water tank today i fudged up by trying to clean my dogs water tank by putting my dogs water tank into the dishwasher. it seemed like such a great idea at the time! i usually wash it by hand but i thought the dishwasher would be able to give it an extra ""deep"" clean. so, along with regular distress i placed the dog water tank into the dishwasher. it looks and feels like a really solid plastic, stronger than other plastics i put in the dishwater, such as tuberware, but i guess i was wrong!  (after thought: maybe it didn't help that the ""heated dry"" was on ) i'm staring at it right now... it looks ridiculous, but i think it might still work. i will test this right after i finish washing the rest of it. *crosses fingers* pics: <url> anyone want pics posted of it holding (or not holding) water?  tl;dr don't put the water tank in the dishwasher. <url>",😊😌💪,0
"i broke my friend/roomates bong and dab rig by accident at the same time... he will be home in 3 hours he still doesn't know yet... so, landlord came over.. i hid the bong/rigs. afterwards when i was putting them back the bong slipped out of my hand, and when i pivoted to catch it, which i did as it hit and crashed on the counter after like a 6 inch slip, during the pivot the dab rig in my right hand hit off the corner of the cabinets. ko'ing both in the same motion. it felt like crashing a car. #theresnogoingback so he's like my friend and roommate right. now i have to tell him when he's home in a few hours and i'm thinking, a prank video would be funny. since they're already fucked. ideas anybody? haha i hope he doesn't see this first. i'm not sure if i should cross that line haha i feel bad but i'm just thinking maybe make the most of the colossal fuckup. lol lf dab rig. ‍‍‍ anyone?anyone? haha tl:dr two bongs in hand, one slipped.. reacted to catch it, broke dab rig in other hand. both bongs aren't mine, they're my roommate/friends? we'll see. haha. he's not home from work yet... should i do a prank video? acting like i did it on purpose?ideasc?",😐🤔💭,0
why do these two   both get to be emojis... when there isn't one for happy sleep or evil smirk???,😔❓😕,0
monkestrong ,😊💪✨,0
"i almost attempted the other day i had a belt, didn't feel like getting out of the house to get a rope. i'm pretty sure the ceiling fan can't support my weight so i tried the closet, but i couldn't find a good place to actually hang from. too many shoes sitting around and i'm already too tall to properly hang from there to begin with. i guess i'll just have to keep being a disappointment and a burden to everyone around me. *yay.* ",💀🕳️⚠️😭😖,1
it's my 100th day on reddit ,😊😌✨,0
forgive me gabe-san i joined this sub at 12,💀⚠️🕳️😭,0
"am i (20f) leading this guy (20m) on? for a little bit of background, i'm an assistant manager at [redacted] and this guy is one of my employees. he's a pretty quiet and socially awkward dude, but he's a nice person and we have similar music taste so we've spent a decent (not anymore than i talk to any other coworker though) amount of time talking about different bands and whatever. i'm a friendly person and i love talking about the stuff i'm into so i was always pretty enthusiastic when we would talk, but again, not any more than i was when i would talk to anyone else at work. the other night he came up to me and said he needed to ask me something, said that he was ""just going to be up front about this"" and that he really enjoyed talking to me (""y'know, you aren't a chore to talk to like some other people"" he added) and that he wanted to know if he could get some sorta contact info to keep in touch with me outside of work. it was just vague enough that i would have felt weird being like ""oh sorry i'm just not into you!"" and potentially coming off as some egotistical bitch thinkin' every guy that talks to her is trying to marry her, so i gave him my number. i feel like he really meant to ask me out but decided against it either out of fear of rejection or because he realized that he can't just ask his boss at work and now i am super anxious that he is going to try at some point because i gave him my number. doesn't help that i am quitting this week which another different coworker has already taken as an opportunity to try and (awkwardly and inappropriately) ask me out  agh....i try to avoid becoming even kinda friends with men because i hate having any kind of tension like this, i feel like they constantly mistake me being friendly and charismatic as me being into them and it drives me crazy. i'm not even straight smh. anyways...should i have said no when he asked for my number? should i just be avoidant and weird when he texts me and hope he takes the hint? should i just act normal and wait for the inevitable? tl;dr , this guy i'm friendly with at work asked me for my number, i said yes but i think he's into me and i am not into him.",😊😌💪,0
"have a safe holiday, everyone happy thanksgiving! what are your plans today? i'm going to a local church to eat a nice meal, then later today i am spending time with my older sister watching movies and making cookies! drive safe everyone, we all have something to lose. please keep safety a number one priority especially for those of you going pre-black friday shopping. don't get too crazy! ",😊😌💪✨🌟,0
my rich ass has enough money to buy 4 jah hoodies,😊💪✨,0
"people who have the epic () keyboards and just randomly press keys and type the short story ""the penis"" is written by hanif kureishi. the short story is about a penis, which has been separated from its owner doug, who we hear from later on. at first though we hear about a guy called alfie who was ""a cutter - a hairdresser - and had to get to work"". he is having breakfast with his wife, when she asks him what he did last night, and if he had a good time last night? alfie can not remember what he did last night, he then looks in his wallet to examine how much money he had spent or if he has any cocaine left or anything else, which could give him a clue of what he has been doing. he finds something strange inside his pocket. in his pocket he finds a penis, with balls, and pubic hair.",😊😌💪,0
"weekend chit chat - time to sit back, grab a cup of coffee, relax and chat about anything really. it's the weekend woo, [**friday**](<url>) what a wonderful day! a few general questions to start you off: 1. *any weekend plans?* 2. *how was your week?* 3. *what the heck is 'last thursdayism'?* a few subreddits of interest: /r/self, /r/friday, /r/weekend, & [more-](/r/casualconversation/wiki/director) --- woot ######join us on: [discord](<url>) [irc](<url>) [orangechat](<url>) * [introduce](/r/casualconversation/search?q=title%3aintroduction&restrict_sr=on&sort=new&t=all#int) [relationship](/r/casualconversation/search?q=title%3arelationship+megathread&sort=new&restrict_sr=on&t=all#rel) [vent](/r/casualconversation/search?q=title%3avent+megathread&restrict_sr=on&sort=new&t=all#ven) [celebrate](/r/casualconversation/search?q=title%3acelebration+megathread&restrict_sr=on&sort=new&t=all#cel) * [minecraft](/r/casualminecrafting#min) [music](<url>) --- ^**feedback?** [^message ^the ^mods](<url>) ^or ^head ^to ^our ^metareddit ^/r/ideasforcc. ^stay ^updated, ^follow ^our [^live ^thread](<url>)^. ^ ^made ^with ^",😊😌✨,0
my money is finite yeah i use big boy words ,😔😕😐,0
"taking out the entire block's electricity this did not happen today, this is about a week ago, where my cousin and i, after a long day of lazing about doing nothing, decided to take showers late in the evening. now, i can not stand cold water. cold water and i get along just about the same as a sane person and a furby... absolute horror in both scenarios. so i turned on the water heater. unbeknownst to me, so did my cousin, who usually prefers cold showers. next thing we know, the whole house turns dark. so we go out and check whether the whole building blacked out. but no, it was just our apartment floor. my cousin and i call our uncle and hazard a guess that it /might/ have been our water heaters that tripped the circuit; so between cursing stupid girls and raging against his gene pool, he calls the electrician over. the electrician fixes everything, lights come back on and we're two relieved girls dancing around in bathrobes. except, i couldn't let the idea go that it might've been us. so i asked my cousin if we could... maybe check? like a science experiment! so we both go over to the bathrooms and switch on the water heaters simultaneously. of course, the lights go out. so we laugh and go out to call the electrician back... except the streetlamps aren't on either. none of the apartment buildings in the block have electricity. the buildings in the area are quite old, and apparently this is possible. i have no idea how. the electrician looked ready to quit his job, and we were seriously rethinking our hypothesis-testing skills... my uncle's rage quit was kind of impressive though.  tl;dr figured out we were possibly the cause of a small circuit trip, decided to confirm this hypothesis by doing the same thing again and took down the entire block's electricity.",😊😌💪✨🌟,0
bread   what's your favourite type of bread . comment and upvote,😊🍞💬,0
"ex sending mixed signals **me [17m] and my ex [18f] broke up about three weeks ago.** lately she has been really nice and almost flirty in person. like laughing at stuff i da that is not really funny and then reeealy laughing at stuff i say that is. and also like doodling on my paper during class and writing ""you suck"". (we sit next to each other), pointing out how veiny my arms are . stuff like that. but then not in person she is really cold seeming. like leaving me on read and two or three word answers. not responding to my streaks on snapchat that day ""how is everyone doing"". it's like she's two different people. **can anyone explain this behavior?** tldr: ex girlfriend is acting different in person vs over text/snap.",😊😌🤔,0
"sleep talking/walking? my husband legit got up in the middle of the night crawled to the end of the bed, looks under it and says ""it's under the bed"" then crawls back and goes back to sleep. wtf? i laid in bed too scared to move for hours ",😱😰😵⚠️💔,0
"i'm going to college, holy shit it's crazy to think about, that just a few months ago i was pondering the idea of not even going, to having put the deposit down to go this fall. i went in to the accepted students day pretty pessimistic, like it wouldn't change my mind, but damn. it got me. i'm gonna be studying to become a social worker. just wanted to share with y'all since i've been pretty excited these past few days ",😊💪✨🌟,0
   chunky peanut butter is best peanut butter.   ,😊😌💪,0
"i always feel guilty when i bonk it off, is this normal? didn't think i'd ever actually post here, but this has been on my mind lately. i'm not confident in the way i look to begin with, so you can imagine that i feel gross and maybe even a little bit beta after the fact. do other people feel this way/have and have gotten over such feelings or am i really just a fat loser?",😔💔😢,0
"i was today years old when i realized that ppl say ""you wouldn't survive a cod lobby"" unironically. i really thought it was just a satirical joke that people said  ""you do realize the f word is slur, so lgbt people are naturally going to avoid you if you say it because you're not apart of that community."" ""you wouldnt survive a cod lobby""",😊😌💪,0
"weekend chit chat - time to sit back, grab a cup of coffee, relax and chat about anything really. it's the weekend woo, [**friday**](<url>) what a wonderful day! a few general questions to start you off: 1. *any weekend plans?* 2. *how was your week?* 3. *what the heck is 'last thursdayism'?* a few subreddits of interest: /r/self, /r/friday, /r/weekend, & [more-](/r/casualconversation/wiki/director) --- woot ######join us on: [discord](<url>) [irc](<url>) [orangechat](<url>) * [introduce](/r/casualconversation/search?q=title%3aintroduction&restrict_sr=on&sort=new&t=all#int) [relationship](/r/casualconversation/search?q=title%3arelationship+megathread&sort=new&restrict_sr=on&t=all#rel) [vent](/r/casualconversation/search?q=title%3avent+megathread&restrict_sr=on&sort=new&t=all#ven) [celebrate](/r/casualconversation/search?q=title%3acelebration+megathread&restrict_sr=on&sort=new&t=all#cel) * [minecraft](/r/casualminecrafting#min) [music](<url>) --- ^**feedback?** [^message ^the ^mods](<url>) ^or ^head ^to ^our ^metareddit ^/r/ideasforcc. ^stay ^updated, ^follow ^our [^live ^thread](<url>)^. ^ ^made ^with ^",😊😌💪✨🌟,0
my brother is a pedo  his girlfriend and him are both 15. i can't believe he's attracted to underage girls do i call police or fbi,😔💔😢,0
"i just want to cuddle and/or sleep with a cute gamer girl but like not as a boy, that'd be gross as a girl tho....  ^(please ignore this dysphoric shitpost)",😔💔😢,0
"i'm scared to live but i'm too scared to diei'm twelve years old rn and i want to tell you guys something when i started high school last year (yr7 - i'm in yr8 now, corona sucks wby guys?), i started to be bullied even more in high school than i was in primary schoolit started to get thisical (i don't remember how to spell it, grammar police help me ) i asked my parents to let me move to another school, but to no avail, they refused. i felt embarrassed to show my emotions in public (it's been like that for awhile, it happens even now, i am trying to get over it but i just hide my bad emotions) eg. sad) and i don't know what to do, i still feel feel like killing myself a year later (it's not that bad now) and my dad is going to get me a kitten so, wish me luck to get over this faze",💀😭😔⚠️🕳️,1
hopeless romantic being a hopeless romantic when you are married to a very point blank person is tough. all i want is a room full of roses on valentine's day. but asking for it ruins a surprise like that. ,😔💔😢,0
"what time do you take a shower? and what is your adressdont worry,nothinf serious also tell me when your alone at your housenothing serious i promise",⚠️🕳️😰💀🚨,0
"i wore female clothes today... so i was home alone, i was bored on my pc, had nothing to played, and i thought i should go and wear my sister's clothes. and i did. i put on her one piece swimsuit. was it embarrassing? not really. i always wanted to become the opposite gender for a while now. i used to always want to grow out my hair and braid them. i've been announcing that i'm straight and i do like girls but i'm probably sexually confused and there *is* such thing as a lesbian transgender (mtf). so... yea... happy pride month! ‍",😊🌈💪✨,0
yooooo just dropped a new youtube channel!!!! link down below picking up daily fortnite dubs everyday!!! <url>,😊💪✨🌟,0
"thinking my gf wants to bang when she just wanted to eat backstory: my gf is from a conservative japanese family. she moved to the us 3 years ago for college, and is in her senior year. she doesn't understand most american jokes/references/shorthand's etc. the fuckup: this happened several hours ago and i'm currently sitting on the steps of the university cafeteria in deep shame. gf is in uni and i'm working class at an office. 1:00pm is my lunch break and i get a text from gf. it reads ""dtf?"" i couldn't believe what i was reading, because she's the shy type to never initiate sex. she also speaks pretty formally in english, so for her to use a shorthand like that is rare. but she had been brushing up on american pop culture and phrases lately, so i figured she was probably trying to spice up our relationship a bit. conversation goes like this: me: for sure  when? gf: right now? you have lunch break correct? is this a good time? me: of course honey! see you there in 10 minutes? gf: yes ok looking forward to it  i love you thank you! i didn't use the eggplant or peach or taco emoji cuz, like i said, she probably won't understand the sexual undertone. i used the mouthwatering emoji cuz i remember from my anime watching that anime characters tend to drool when they see someone hot or attractive. bad mistake as you will see later. i got excited, told the boss man i'm taking the whole day off, and lightning mcqueened my way to her apartment. she has a roommate, but has her own bedroom. i got there, and the door wasn't locked. neither her nor her roommate ever leave the door unlocked (her roommate is also a japanese student who just came to us for college 3 years ago). of course my dumbass took this as part of her naughty and completely out of character invitation to go in for sex. i enter the apartment and her bedroom. she wasn't there. i hear the shower running and i think she's freshening up for the steamy session. i decide to get completely naked, spread across her bed with my front body angled towards the door, and hold the entire box of condom between my teeth, thinking it would look sexy. the shower turns off after seemingly forever and my rock hard dick gets vibranium, captain america shield-level hard. i heard the bathroom door open, rummaging, footsteps around the apartment, drawers and doors opening and closing and i'm thinking why she's taking so long. my phone starts buzzing and i ignore it. ain't nothing coming between me and my gf's transformative dominant attitude. the bedroom door finally opens and i arrange my face into a big smile, as big as the box of condoms in my mouth will allow me, before a blood curdling scream greets me. it was her roommate, not my gf, and she's covering her eyes and stumbling on the floor saying something loudly in japanese. i'm completely horrified and covered myself with the blankets. i tried to explain and ask where my gf is, but she was in too much shock to reply and just kept repeating sorry. her english isn't very good and in the panicky moment, there was no way i could communicate with her. i called my gf in a panic, and realized i had three miscalls from her. she was worried when she picked up, and asked where i was and if i got held up at work. i told her i was at her apartment and she was confused. turns out she was talking about a restaurant named ""ding tai fung"". for weeks now she has been talking about going there for lunch one day, and how reservations are hard to come by. i even commented how i think the restaurant name is funny (my dirty ass mind back then had already thought the shorthand for the restaurant was same as down to fxxx) but didn't tell her why i thought it's funny cuz she's kinda reserved and i didn't want to shock her with my dirty mind. i can't believe i'm idiotic enough not to remember this. i asked her why she abbreviated the restaurant name, and she thought all americans abbreviate long restaurant names (bjs, kfc, etc) and had no idea its a sex thing. gf is appalled at what i have done, and hurried back to console her roommate. turns out her roommate had tennis practice then lecture afterwards, so she hurried home to take a quick rinse before leaving for class, hence the unlocked door. she entered my gf's bedroom cuz my gf has the same course as her and they share a textbook. gf haven't talked to me or looked at me since she hurried back hours ago. still at the apt with her friend, and i'm out here in the cold wondering how i'm gonna make it up to her roommate tldr; gf invited me to lunch, i was horny and thought she wanted sex, traumatized her roommate, now sadly typing this.",😔💔😢,0
is anyone here a pescatarian? i didn't know that that actually existed but apparently my crush is one she's also allergic to like a billion things,😊🐟🥗💚✨,0
"confused and hurt about my 'flirty' relationship with my lesbian friend. does she only want to be fwb? so i'm bi, and my friend, jess, is lesbian. we're both in our 20s and have been friends since earlier this year. initially she started out as an acquaintance, who asked me out after not even knowing me for 1 month, because she had recently broken up with a gf of 2 years who cheated on her, and she was lonely. i had a crush on her but turned her down because i knew i'd only be a rebound at that point. things were rocky and awkward for awhile after that, time passed and she now considers me a friend. :3 although there are times when she'll come onto to me in subtle but sexual ways that make me wonder how she feels about me, and if she wants something more. anyway, a few days ago she texted me and things got a little *sexual* i guess? i've never texted before, so i don't actually kno if this is considered 'texting.' also, is this something lesbians/bi friends do with each other just for fun or is there something more here? convo: she texted me around mid-afternoon about something minuscule. then she revealed that she was in another city enjoying the day with her mom at a cafe eating organic brownies with coffee. me: ooo that sounds yummy. nobody likes a showoff tho >:( :( lol her: lol  me:  her:  me: lmaooo beginning to think this convos not about food anymore  her: let ur imagination take u whereever u wanna go  me: cant, i'm at work!  jkjk her: oh so that's where you wanna go eh?  at this rate i'm blushing behind my phone, and not sure where i want this conversation to go. eventually i write back me: me ? this was ur idea  she never responded to this, and i guess i didn't really expect her to. but yeah, what can or should i make of that convo? she's done/said other stuff in the past (touching me inappropriately, jokingly asking for nudes, acting a little jealous, etc) i feel like she'd be open to a sexual relationship, maybe fwb? i dunno, but i'd rather date and have real feelings for each other, or just 'be friends.' not ok with the in between stuff. :s",😔💔😕,0
do people actually use alexa or that other google thing?  i cant think of a single everyday situation where i would use alexa instead of taking my phone and googling something. what do y'all use it for? and are you happy with the product?,😊🤔📱,0
amogus hates women!!!!!!!????? try and name a single female character in popular video game among us. you cant! there is no woman in agmogus ive also noticed there is no gay amgogus character so they hate gay people too ive deciidieded that i will no longnenr play among us due to thehse shcoking evidence ,😊🌈💪,0
"love fest friday  i've been with my boyfriend almost two years, we will celebrate next month. we have definitely had our fair share of ups and downs. i was standing in my kitchen and my hair was a mess and i just felt all around disgusting. i was eating dates and said how come dates are so good? with out skipping a beat my boyfriend responded why are you so pretty huh? that's what i wanna know. and he had a big grin on his face. i felt my face burn and got butterflies. then we hugged and it was cheesy and silly and a small moment but made me feel loved and pretty even when i probably looked like i crawled out from under a rock. i love him so much.",😊😌💪✨🌟,0
"dealing with biased feminazi agenda in school i write this as a woman, a woman that does not believe in feminism because there is no longer a need for such ideologies here in a developed country in the 21st century. i am a student majoring in biological anthropology. however, i am required to take a few courses that unfortunately involve a considerable amount of social justice warrior propaganda. the bs course i am attending this semester is intro to film. the instructor includes lessons such as ""how the phallocentric patriarchy formed the film industry."" most of the females and males in the course blindly follow the propaganda, but a few of us realize the trite they are trying to force feed us. i hate this course and have challenged the instructor on numerous different topics. any recommendations for how i should handle the final? it will require me to summarize a series of politically correct articles that address the ""struggles of women and minorities"" in film.""",😊😌💪,0
"emotionless child hi, meet my trusty little  knife, he relieves my stress. can you believe i've avoided self harm for over a year, minus the time i bashed my head into a wall until the point of reaching a powerful headache migraine? life dangling before me. what's there to lose? homophobic world? asshole people?",💀🔪⚠️🕳️😭,1
"celebration megathread - something awesome happen, having an anniversary or did you accomplish something? tell us about it! here is your weekly megathread for **celebrating**. is your birthday/cakeday coming up? did something radically awesome happen? tell us! let's party! a few general questions to start you off: 1. *what did you accomplish this week?* 2. *did you reach any milestones?* 3. *what are you looking forward to?* a few subreddits of interest: /r/humblebrag, /r/accomplishedtoday, /r/todayiachieved, & [more-](/r/casualconversation/wiki/directory#wiki_if_you_like_cc.2c_you_also_might_be_into.2026) --- **^[megathread]** megathreads are used to help keep the sub from flooding whenever we have an influx of the same topic. further submissions on the topic of [celebrations](<url>) will be redirected here. [read how they work and when they're posted- ] (/r/casualconversation/wiki/megathreads) ######join us on: [discord](<url>) [irc](<url>) [orangechat](<url>) * [introduce](/r/casualconversation/search?q=title%3aintroduction&restrict_sr=on&sort=new&t=all#int) [relationship](/r/casualconversation/search?q=title%3arelationship+megathread&sort=new&restrict_sr=on&t=all#rel) [vent](/r/casualconversation/search?q=title%3avent+megathread&restrict_sr=on&sort=new&t=all#ven) [celebrate](/r/casualconversation/search?q=title%3acelebration+megathread&restrict_sr=on&sort=new&t=all#cel) * [minecraft](/r/casualminecrafting#min) [music](<url>) --- ^**feedback?** [^message ^the ^mods](<url>) ^or ^head ^to ^our ^metareddit ^/r/ideasforcc. ^stay ^updated, ^follow ^our [^live ^thread](<url>)^. ^ ^made ^with ^",😊✨🌟💪🌈,0
"celebration megathread - something awesome happen, having an anniversary or did you accomplish something? tell us about it! here is your weekly megathread for **celebrating**. is your birthday/cakeday coming up? did something radically awesome happen? tell us! let's party! a few general questions to start you off: 1. *what did you accomplish this week?* 2. *did you reach any milestones?* 3. *what are you looking forward to?* a few subreddits of interest: /r/humblebrag, /r/accomplishedtoday, /r/todayiachieved, & [more-](/r/casualconversation/wiki/directory#wiki_if_you_like_cc.2c_you_also_might_be_into.2026) --- **^[megathread]** megathreads are used to help keep the sub from flooding whenever we have an influx of the same topic. further submissions on the topic of [celebrations](<url>) will be redirected here. [read how they work and when they're posted- ] (/r/casualconversation/wiki/megathreads) ######join us on: [discord](<url>) [irc](<url>) [orangechat](<url>) * [introduce](/r/casualconversation/search?q=title%3aintroduction&restrict_sr=on&sort=new&t=all#int) [relationship](/r/casualconversation/search?q=title%3arelationship+megathread&sort=new&restrict_sr=on&t=all#rel) [vent](/r/casualconversation/search?q=title%3avent+megathread&restrict_sr=on&sort=new&t=all#ven) [celebrate](/r/casualconversation/search?q=title%3acelebration+megathread&restrict_sr=on&sort=new&t=all#cel) * [minecraft](/r/casualminecrafting#min) [music](<url>) --- ^**feedback?** [^message ^the ^mods](<url>) ^or ^head ^to ^our ^metareddit ^/r/ideasforcc. ^stay ^updated, ^follow ^our [^live ^thread](<url>)^. ^ ^made ^with ^",😊✨🌟💪🌈,0
"annoying snow my apartment threatens with posters that you will be towed if you're in the way of their plowing, however they don't even do the whole parking lot. they just do the drive space behind the cars. no stalls. i've gotten stuck a few times. i have never had this problem at other apartments, i guess i should buy a shovel but since there's no assigned parking i'm probably gonna be shoveling a stall daily.  i'm so done with snow.",😔😩😖,0
03 gang wya '95-03 gang god tier. 04-05 try too hard ,😊😌💪,0
i skipped breakfast... and now i'm hungry  [deleted],😔😕🥺,0
i don't wanna get too political but... mordecai from regular show can get it.  i'd let him hit on any given day i said what i said  do what you want with this information. goodnight,😔💔😴,0
hasty decision i'm going to kill myself now. it's a hasty decision but it's for the best. i will never get what i want in life and i will always be a loser i just want real friends and a man who loves me. but that will never happen. not ever.,💀🚨😭🕳️⚠️,1
"turning 20 today. guess im changing my flair from ""19"" to ""old"" tthotth. its been a hell of a 6 years - hormones, self discovery, beard, ass hair, heart feelings. but damn, im gonna miss being young enough to get away with certain shit but also old enough to get into certain shit. and im most probably gonna cringe to this post in a couple of years.. but fuck it, i am excited for this new chapter in my life. im gon make it wild. thank you for reading to the end. here, have a cookie ",😊💪✨🌟,0
"ok you know what? i'm a fungi and i don't care what anyone says! lmao so i keep making these stupid jokes and everyone things i'm serious wtf? ok so today there was this post and i replied and another guy replied with ""i think he was being sarcastic "" like i knowwwe calm down  then yesterday i had already posted here like 3x in an hour but i had this really funny post idea so i went over to r/rant and dude the post was so fucking hilarious i'm not even joking.. people thought i was serious tho.. wtf? bruh. so yeah.. there's that.. dude that post was gold. i regret deleting it so much ",😊😌💪✨🌟,0
"congressman: ""it's my duty"" to get to the bottom of massive dhs ammo buys by steve watson, faith issues the californian congressman heading up a group of representatives who have demanded an explanation for massive ammunition purchases by the government explained yesterday that he feels duty bound to investigate the matter in a time when many americans do not trust their government. representative doug lamalfa (ca), stated in a fox news interview that he and fourteen other congressman wrote to the department of homeland security for answers because americans deserve an explanation for what is a highly unusual situation. ""there is a big mistrust by many many people of their government these days and so when they ask me to check in on this, i think it is my duty as an elected official, as a representative, to get to the bottom."" lamalfa told host megyn kelly. ""these are just questions that we think are appropriate, need to be asked, and they come from the people across the country."" he added. lamalfa explained that the dhs's explanation so far in its purchase of close to 2 billion hollow point bullets has not been acceptable, describing it as ""a heck of a lot of rounds of ammunition and for some very dubious-sounding reasons."" ""...people are wondering why, for example, is the social security administration getting almost 200,000 rounds of hollow point ammunition."" lamalfa said. ""what is it about our social security checks and administration that we have guys toting hollow point around with them?"" ""if it's for target practice, there is an awful lot of hollow point going out to these various agencies, that are not appropriate for target practice because they are much more costly rounds."" the congressman noted. ""so it's one thing to have the right people go out and do the practice that they need to do, but i think this is certainly worthy of a series of questions because a lot of people want to know."" he added. ""in this time of sequester where everything is a disaster, do they really have that kind of money to be spending on this amount of ammunition? especially at a time when they are releasing many hardened criminals across the country."" lamalfa also noted, referring to the recently uncovered strategy to release hundreds of prisoners in order to meet budget cuts. the congressman also pointed to the fact that the ammo buys are contributing to nationwide shortages. ""... all told it's about 2 billion rounds out there and yes, local law enforcement is having a hard time. they are having to buy from people they know that might have a stash, or other means that really isn't very professional."" the congressman said. ""it seems unusual and i think it is sending a wrong message to the people of this nation when they can't buy their own ammunition. our law enforcement can't seem to buy their own ammunition."" he urged. when asked if he believed the ""conspiracy theories"" that the government was preparing for civil unrest or intentionally attempting to restrict ammunition supplies, lamalfa said ""well, that might be reaching a little far,"" but added the caveat ""there are people making fun of it a little bit, and you are using these words 'paranoia', but i think these questions are very appropriate."" lamalfa also said that the dhs has acknowledged his letter, and that he is now waiting for the agency to process an official response. as we reported last week, other members of congress who have asked similar questions to those posed by lamalfa have been rebuffed.  2013 infowars.com",😊😌💪,0
do y'all ever just not have the motivation to keep up with daily hygiene haha ,😔😞😩,0
i've got a job!!! (18f) i have a job for parcel sorting and i had my induction today and i'm starting tuesday!! i'm happy and excited ,😊💪✨,0
free pizza! ,😊🍕✨,0
gamers i've been told i'm supposed to hit 6'0 before 14yo and i'm one excited ,😊😌💪,0
"here's a lesson in trickery if you have a friend that hates pineapple on pizza, just put pineapple in the sauce and blended. they'd be eating pineapple on pizza without noticing ",😊😌✨,0
"how do one become addicted to running? hi when i read about running and jogging, i saw a lot of post mentioning becoming "" addicted "" to running... but how do one become so? i started to run 2 weeks ago, i can actually feel my stamina increasing, which is my main goal. but after each run i just feel awful. my legs hurt, my feet hurt, somewhere around my chest hurts. after each run i keep asking myself : why the fuck am i doing this ? i come home super tired which makes it hard to do anything else but nap. i spent 4 hours today running and napping :/ i must be doing something wrong, because unlike everyone else i am totally not getting addicted to running... please help ",😔😩😕,0
isnt our generation supposed to like... understand technology?? like isnt that our shit? boomers and gen x can fix your toilet our jumpstart your car and we know the difference between jpegs and zip files and shit except me  jpegmafia bitch ?? wtf is winrawr ,😔😕🤷‍♂️,0
"merry christmas. just remember people care for you and love you. it may not seem like it now and the current situation may be dire, whatever that is for all of you who may be reading this, but i promise, it gets better. we can all hopefully get through this. hopefully. hopes all we really got. feeling like shit on a day that's supposed to be cheerful isn't any of your faults.  so i wish you a merry christmas. stay safe loves. we can overcome this together. <3",😔💔😢✨🙏,1
"i can't wait to kill myselfno more exams, no more resume writing and internships hunting, forever sleep and forever peace. ",💀🔪⚰️🚨😭,1
"how have you guys been lately? i'm in the mood to talk to people, but i don't have many people i regularly talk to, so i thought i'd come chat with you guys  anyway, what's been going on in your lives? you been doing your homework, drinking your milk, eating your veggies, meeting cute girls, etc.? i hope i can talk to a good amount of you, i know how great this community is! if you don't feel like talking, i understand. have a good day, regardless!",😊😌💪✨🌟,0
"i'm extremely neurotic and it's making my life helli had an argument with my ex, made a fool of myself and was being very annoying. she ended it with the cruelest message possible. i feel so fucked up by it. it's been 3 months and i still feel depressed because her words destroyed me. they were extremely demotivating because i'm neurotic and things like that always repeat indefinitely in my mind  something died inside of me after it and i'm very scared i'll never get it back again. i'm also so incredibly tired of fighting my mind all the time.. why can't i just be like 'fuck what you've said, i don't care about you..' no, i have to make a big deal of it and let it repeat for months. fuck. never contact your ex when it isn't necessary..",😔💔😰🕳️😭,1
unrequited love suicidei have loved her for ten years. she loves me but isn't in love with me . i'm so hurt and in pain yet she is out on dates and fucking other guys. i have been told to accept it or leave. would killing myself cause her to feel as much pain as i am experiencing? i'm tired of the pain and hurt. she doesn't care. i'm just her friend. she looks right through me. i wanna die...,💀😭🔪😞💔,1
"what good thing has happened to you recently? today two good things happened to me: 1. yesterday my jaw moved out of place while i was sleeping and my teeth didn't match when biting, i was super worried because i thought it had been dislocated but i just relaxed and didn't move my jaw for the rest of the day and today i woke up and it's back to normal! i still made an appointment with the dentist to make sure everything is ok. 2. last friday i went salsa dancing with some new friends i made and i forgot my $400 glasses on the table. when i found out i sent them a whatsapp (group chat) but they didn't reply to it. i just waited for someone to tell me they had them but didn't receive any message. today in the morning i sent personal messages and after 8 hours finally the girl that kept them replied and now i'm sooo relieved because they were new and costed a lot  so tell me yours to share some positivity in the sub ",😊😌💪✨🌟,0
"alone on v-day & i'm seriously ok i'm hanging with my  and reading reddit. not ideal for the day...v-day but it is what it is. i choose not to let this day be more than what it is...thursday(u.s.). i think that today can be hard for both singles and non-singles. for single people, there is the glaring reminders everywhere in stores, tv ads, people walking who show more pda during this time, that you are alone. especially if you are newly single. it stings harder. for couples, there's added pressures about what to buy and how much to spend, how much to do for the person depending on status, time, and feelings, money, etc. pressure for proposals, jewelry, and flowers. then for both s & ns, the dreaded office flower deliveries. if you're single, well you know. if you're in a relationship of any type, it can make feel sad seeing other co-workers getting them when you don't. for men, it can make you feel guilty if you didn't get any, forgot, or can't afford to because jesus h. christ roses are stupid expensive and they die! i admit they're beautiful and i wouldn't turn them down. but for $200+, i'd rather buy a nice handbag! i really wish this fake holiday was never created. i think it would save a lot of heartache. also, a few relationships too.  but it's here and i can't change that. but i can change is how i see it. instead of feeling sorry for myself. i buy myself a nice big box of chocolates. i've ever before treated myself to flowers. not at work, of course.  but even if some find this pathetic, i find it much more enjoyable and it makes me happy on a day that otherwise could make me feel like shit. that's just my two cents.",😔💔😌,0
"i just wanted to praise the guy who posted about the transgender woman on the bus, and the mods for handling everything so well! i'm a transgender woman myself and will be coming out to the world as such very soon, and have not been having a great time irl recently, and that post really really made my day. it's any little things like that can make a terrible week or day be just a little bit better! it's not too often you see such a wholesome post and comment section about us, and it definitely made me smile. it's just so good to know that there are people that are so kind and care about us.i really wish those that hate would mind their own business and leave us alone. tl;dr, thank you again op from bus story and mods for handling that so well and i now have a big smile on my face ",😊🌈🌟🙏💚,0
model trains are cool  i won't listen to the haters,😊😌💪,0
"tonight's the night!feeling pretty good. gonna eat a lil pizza, play with my dog, then depart from this miserable existence. i haven't felt this amazing in years. ",💀🕳️🚨😭🍕,1
"i [f16] am so jealous of my best friend [f15] and i don't know what to do know this sound very childish but i just feel so rejected right know we have been friends since 4 years so my best friend [f15] and me [f16] were ice skating today and it was actually pretty nice. but the part that is so annoying to me , there was a boy who i thought was super pretty so i was kind of interested if you can call it that. and the whole time i was kinda nervous because i kind of wanted to speak to him. just say hi or whatever.my friend was actually kind of laughing and pushing me to talk to him but i was kind of too shy. because i didn't think he would like it if i spoke to him. and we saw him pretty often because we had the same bench and we looked at each other too very often and he was there with his father apparently and his father sometimes spoke to us , like you know these ""funny"" fathers sometimes do ? making jokes and stuff like that. at the end they left and we left shortly after and they were still changing their shoes so the father talked to us and said now that we have off days we could maybe meet up again ( the boy and us ) to go ice skating or bowling and was like : yeah son you could give them your number but he didn't know his number ‍ so the father said he would give me his number and then i called him so he had my number. my bf and i then went to eat something when the boy texted me and was like hi i'm [his name] and i texted back saying hi. so we were like yeah nice to meet you and just introduction stuff and then he was like could you text me the number of you friend which i did. after that he was only like thanks and wrote her and was just writing the introduction stuff to and then he wrote like : yeah now that we have vacation we could meet again. after that my bf and i went home so i don't know what she wrote. but for me it's pretty clear that he is more interested in her. i mean i understand she is undeniably prettier than me and better at everything than me but it still really hurts because she isn't even really interested since she likes someone else. but still i haven't ever felt this ugly and rejected. i mean the boy doesn't know us so he has to find her prettier than me , since he only saw our faces (?)and all ? and it just causes some resentment for her even if she didn't even do anything.but that always happens everyone likes her and no one likes me.i just feel so inferior to her and i don't know what to do. so can someone please tell me how to not be so disappointed and not so sad that everyone will always like her more.? tl:dr: my best friend and i were ice skating and there was a boy i found cool and in the end we got his number but he definitely likes her more and i feel so ugly and rejected.",😔💔😢😞,0
"im feeling a year chronic depressed.already a year i feel nothing but hatred and sadness within fueling my thoughts with negativity. ive no hope in that ill ever trust people again or feel safe, loved or healed. feel happy. i never was a person to cry, but this year i feel like im constantly holding back and could cry every day if wanted on command. i feel fucked up in my head, with a desire to destroy and vanish. like all the greatness i once was is gone. ive felt fucked up often but only now it became so chronic and undeniable that i feel the need for someone to fix me before i make shit decisions but a professional would be too expensive right now and i cant put up a real person with my shit. im always about 'keep evolving', which often leads to me going on through my days denying my own insanity. but i dont know what to do. i feel constantly as an outcast with my thoughts and impossible to fit in. im either in a foggy fucked up negative spiral inside my head or ive a short outburst in happiness for a hour that drains all my energy. ",💀🕳️😭😔⚠️,1
everyone who comments on this post will be updooted. unless i *really* don't like your comment ,😊😌✨,0
"i'm getting fucking angry and miserable that i wasn't born a girl.that's it, that's all i got to say. i just want to die, i hate myself, i don't think i will transition because too many people hate you for it. it don't matter i will never be a real woman, i'll always be that freak of nature people want to kill. someone just kill me already. ",💀😭🔪🕳️,1
"i can't fucking do this!!!i'm legit so fed up with life and everything!!; everything is just way to much for me, i want to kill myself so damn badly and i'm going to try tonight! i have no friends and i mean no friends at all. i don't have or want a job, i've gained so much weight and i'm so freaking ugly its almost unbelievable. i don't even want help for this shit anymore i wasn't made for this world, i don't relate to anybody.i feel like i'm in a alien world, the way people act and behave just seems so strange to me like what's wrong with me. at this point i'm legit fed up, i found a way to commit suicide and i plan on trying it out tonight.",💀🔪🚨💊🕳️,1
"she goes on twitter posting these stupid ass tweets i reactivate twitter after 5 days and i run into: >""if he wanted me he would make time but it's all clear"" >""i don't think ill ever find love"" >""not me simping for a tiktok guy and asking him this and him replying. thats not what i meant"" (video of tik tok guy drinking water responding to her question that says 'wanna see the bow i made with my hair' he goes ""noo that's disgusting"" >""i think i'm in l word w him "" (bunch of people in the comments asking ""which one?"") >rt's about how you're (she's) nobody's crush now i know she isn't talking about me. she hits me up and dms me first, admits to liking me first, flirts with me and calls me and texts me all month, she keeps going on about cuddling and kissing, she builds me up and i tell her i like her back and flirt back, and suddenly this week is deadass silence ""i've just been really busy with school and work and my dog is super sick"" when i confronted her on sunday about certain sexual tweets she posted she goes ""hahaha my friends thought they were funny they wanted me to post it"" and sends me screenshots... i told her that i know we aren't official but i trusted her with what she was telling me and told her i'd be busy too so if she needed something, to text me, but from the looks of it it's been nearly 5 days and she doesn't give a fuck about me anymore, and all she does is text other guys, tweet about other guys, her guy best friend drummer dude with 3k followers and completely ignores me. i gave her a chance because she wanted this so badly, she was talking about how nobody liked her, about how ugly she looked, about how cute i was, the day we started talking i comforted her because nobody remembered her birthday, i told her that i was super grateful that she checked in on me everyday because nobody else does, that i'm always getting fucking used, i told her about times i've gotten hurt in the past, how i still wasn't over my previous crush and now she does this?? i wanna fucking kill myself",💀😭⚠️🕳️💔,0
"i'm feeling wrong again hey everyone~ hope you're all starting this year full of goals and happiness  i feel weird talking about this here, but i don't have anywhere else to put this, or anyone i can tell so i've been struggling with an eating disorder for about 4 years, i've told very few people about it and this last few weeks i've been feeling really huge, absolutely ugly, like a fat ugly scary monster it always happens though during this time because of all the food i end up eating, and i'm usually used to it but it's been very hard for some reason this year i've been crying non-stop and my eyes are red and swell, my body is incredibly huge, my mind is foggy and i feel really alone i realized that i will never get over it if i don't agree to get help, but every time i try to reach out for help everyone tells me it's impossible for me to feel that way since they do not see me fat or unhealthy at all and i'm so tired now i've relapsed, i feel so misunderstood, so weird my bpd is not making the situation any better and i've been reading that we are one of the worst kind of people to deal with and i feel like the worst piece of shit that has ever existed i feel i'm a huge burden for my family, i feel like everyone can't stand me, i feel like they wish i could be the girl i used to be but i can't and i feel so wrong i wish i was normal again so badly, i wish meds worked and i wish people didn't tell me they wish i just wasn't quite the way i am i feel so sorry for all of the people i hurt i just feel really tired of trying and i don't think anyone will ever love me because bpd is the absolute worst kind of personality disorder and there is no cure for it and neither there is for anorexia and i feel so helpless i feel so bad i just want to die and i don't know what to do anymore",💀😭🕳️⚠️💔,1
"i ""love"" being an introvert i'm enrolled in a summer camp and today they had a dance. my friends were out there having fun while i just sat down on the floor. ",😔💔😢,0
turning an exam in front of 200 people this happened earlier today when i had an exam in one of my courses for the business college. i walked into the room with my friend and pointed out this sweet way we could leave so we aren't trampling over exam-takers. i'm usually a fairly fast test taker so at this point i'm getting up to turn in my exam with roughly the whole class of 200 students in the room. i hop up and walked right to my nifty little exit. turns out the step was much larger than expected... i essentially pulled a tommen and walked right off the edge to my death. my ankle hits the ground at some obscure angle. i'm now trying to save myself from completely hitting the floor so i'm flailing my whole body. needless to say the ground won and about 200 people witnessed my defeat. just bought some crutches so i can walk to my next exam tomorrow. fok m8 tldr: obliterated my ankle in front of 200 people taking an exam ,😔😭😞,0
currently using witchcraft to manifest the boy i like <3 breed: different witch: craft sex: offender 2012: toyota corolla needs: special ‍‍,😊✨🌟,0
introducing the bf to reddit nsfw tifu - i love reddit - i'm a whole 6 yrs reddit old. i loose entire night shifts here. in august i met my current bf. i've been talking about reddit to him since early in our relationship. and he often catches me giggling at something and wants to know what it is. and reddit - to the uninitiated can be hard to describe. today he decided to join (for something to do when he has a smoke at work - lmao). i warned him. but he did it anyway. he is u/gdp74 (welcome baby). happy cake day! it took him a total of 8 seconds to find r/trashy and subsequently porn. he's now cruising cat videos. i've lost him.  [the said link (video in comments)](<url>),😊😌💪✨🌟,0
please ma'am pass the coochie sauce  we eatin this hoe,😊😌💪,0
merry jahsmas today is the anniversary of jah's death and i feel like he would want us to celebrate him and just have fun on jahsmas to spread happiness. so everyone have a great day! lmao,😔💔😢,0
rest easy cameron boyce.. cameron boyce passed away today on july 7th from a seizure caused by an ongoing medical condition.. the lad was only 20 years old..,😔💔😢,0
"i have something very important to say and itd mean a lot if you could take a little bit of time out of your day to read it the diary of a wimpy kid series continues to be heralded as mankind's magnum opus in literature. the entire narrative is delivered by the titular unreliable narrator greg heffley, who draws many parallels to billy pilgrim in kurt vonnegut's classic novel ""slaughterhouse-five"". the plot itself is a deconstruction of the metaphysics behind mortality and spirituality, which is carried out by a diverse cast of flawed and thus ultimately human characters. the frequent symbolism conveyed through its many recurring motifs (namely the infamous ""cheese"" which presents itself during critical moments of exposition) leaves many exercises for the reader's mind. the writing is often cryptic and sparse, with much of the dialogue being carried out in mccarthy-esque prose; rowley, the story's archetype for existential angst, often repeats the phrase ""zoo wee mama"". this particular line often transpires with little to no prior context, usually coming off as as a bizarre non-sequitur - this could perhaps be a nihilistic metaphor for the true meaninglessness and absurdity of the human condition. jeff kinney has left behind the puzzle pieces for us to piece together, but we never may get to truly see the whole picture of this sprawling tale. the wimpy kid writes not a diary, but a prophesy.",💀🕳️⚠️😭🌑,0
posting an opinion on reddit for the first time.. tl;dr at the end so i am unfortunately a lurker i love reddit because i had got bored of facebook and constantly scrolling through boring posts about the same old drap things from mostly people i don't talk to anymore but can see far too much detail about their lives. (that's a social media beef and not to do with this post) reddit was introduced to me by my brother as a good alternative and i have spent the last few months scrolling here instead but as i said mostly as a lurker. i did create one meme but it wasn't allowed due to my zero karma. i decided to write a post about a mobile game i play and how disappointed i was with the direction it was heading. suggested that people may follow me and stop playing it to send a message to the devs......big mistake. my first ever comment came in and it was a here here i too don't like the changes and an upvote or two. yay for me maybe i'll get some karma. now i didn't expect too many people to see it unless they sorted by new but then comes the crunch 2 fellow redditors gave me a ear full for trying to ruin a game for them by hating on it and suggested i was searching for validation for quiting. the end result? i now have -1 karma that will teach me  tifu by attempting to stop being a lurker and post an opinion on the internet tl;dr tifu by posting my thoughts hoping for karma and getting schooled as to why i should have kept my mouth shut,😔💔😢,0
a mosquito just bite my balls. see ya later virgins ,💀🕳️⚠️,0
"just needed to get my thoughts out, can't take this life anymore i'm done. i don't want to be here anymore, i just can't stand it. i've been dealing with extremely severe physical symptoms of anxiety for years now, and i'm positive it cannot be just anxiety. there must be something wrong with me but no doctors are willing to give me a chance. they all just blame it on stress, sleep, anxiety, etc. i just can't take it anymore! i can't remember the last time i truly felt 100% normal, present, all there. there's always something wrong. my brain feels empty, or my head feels like it's going to explode. my body feels numb, or frigid, or burning hot. it's all wrong  i don't even feel real anymore. i keep hoping one day i'll wake up and somehow i'll feel ok...but sadly i know this is just a fantasy :( every therapist i've ever seen has been totally useless. they all just say to journal, practice mindfulness, yoga...thanks, tell me something i don't know  i used to look forward to things, handing out with friends, vacations, activities...now i find it so hard to work up the energy to do anything because i just feel like shit all the time physically and mentally. i think about killing myself almost constantly; i really like to take late night walks and these are especially inspiring. seeing all the cars fly by just makes me want to hurl myself in front of one, but i know that this unfortunately isn't a surefire way to go (the speed limit is pretty low, and i feel like the only thing that could make life worse is if i survived an attempt but was confined to a wheelchair or something). i was feeling particularly low today and went to buy razor blades but sadly the store was closed :( but the whole time all i could think about was how much i wanted to die, and what if i didn't waste my time cutting but what if i just threw myself in front of that bus or just laid down in the middle of the road and waited? i guess that's really it. i don't know how much longer i'll last, and there's a lot more to my story but i obviously can't write it all here. thanks :)",💀🔪🚨😭🕳️,1
"a message to everyone everyone, please press f to pay your respects to our man etika. he didn't have to go through with what he did, we could've helped him. if you are having thoughts or considering exiting from life, don't, it's not worth it. please email or call or email the [samaritans](<url>) (their number is free to call from any phone, anywhere) or if their number doesn't work for you then please call any of [these numbers](<url>) that work for your country. they can help you with the things you're going through, they will listen to all of your problems and won't stop until they know your mind is as clear as the blue sky, they won't stop until they know you can go through life knowing there's [endless possibilities](<url>) and things that you can choose that makes you as cool and bright as a human can be, and they certainly won't stop until they know that you can put a scintillating and beautiful smile on your face. i care about all of you, you guys are like family to me. yours truly: songic eciise",😔💔😢,0
"read this to be inspired life without love is like a tree without blossoms or fruit. the best thing to hold onto in life is each other. 'tis better to have loved and lost than never to have loved at all. you know you're in love when you can't fall asleep because reality is finally better than your dreams. ""fine"" f - falling apart/fucked up i - insecure n - numb from everything e - emotionally unstable ""i'm fine""! bullying? think you're so cool? -the girl you just called g'at?... she is on a diet. -the girl you just called ugly?... she spends hours putting makeup on hoping that people will like her. -the boy you tripped?... he is abused enough at home. -see that man with the ugly scars?... he g'ought g'or his country. -that guy you just made g'un og' g'or crying?... his mother is dying. -that kid you just made g'un og' g'or being bald?...he has cancer. -put this as your status ig' your against bullying. i bet most og' you wont re-post , but i'm sure the people with a heart will.",😔💔😢,0
me when psych2go tells me im mentally ill  ,😔💔😢,0
"i wanna kiss a boy  i am lacking in gay atm, i just want to kiss a cute boy... sob sob",😭😔💔,0
"my dog tried to lick me in my face, so i hissed at her and she ran away ",😔💔😢,0
if sex is so good.... why is there no sex 2? explain that liberals,😊🤔🤷‍♂️,0
"bored out of my mind camping basically the story is, i'm in boy scouts (or just scouts now ) and at a summer camp. currently 2:50 in the morning the day we leave. i'm as packed as i can be for right this minute, and i don't want to go back to sleep. what should i do. also i suppose if anybody has questions i can answer them",😊😌💪,0
hi goodmorning i love u & also happy pride month ‍‍‍‍,😊🌈🌟,0
"feeling suicidali hate this world. having said that why am i putting myself through this torture, this anguish, this nonsense every fucking day? [ ] its fear. im a fucking coward to scared to do what needs to be done. kill myself i mean. look.... fuck whatever you say. if your life is so wonderful than lets switch for a month and let me see if youd still feel like the sun will come out tomorrow. because my life is fucking monsoon lagoon for fucking years now. and no im not just blaming life this is a confluence of me being a generally shitty person in a shitty world. we all know how the world is shitty so ill save you the details and only touch upon the ones most deeply entangled in my own shittyness. im not social- sure the few actual friends i have my say otherwise but thats just because im a good actor. i need to be or otherwise id have been 51/50d a long time ago. i dont like people. i fucking hate people. yet at the same time i absolutely loathe solitude. which is worse? both depending on the day. im emotionally/romantically lonely but almost everyone is these days but its worse when people want to fuck me but have no romantic or emotional ties to me. i should be happy you say??? no. im not a fucking slut and it just makes me feel worthless and as if there is something wrong with me on a level that people can actually sense somehow. i have no motivation to do anything because whats the point. i used to work out but fuck it if people only want me for the body i was sculpting. work?? i quit. well i was gonna quit the next week but i was fired before i could. luckily the unemployment i get is what is allowing me to survive-if you can call this surviving. my checking account is -124 my credit card is 500 over drawn and theyve been this way and growing since mid july. i just paid this months rent 24 days late which means i have a weak to make next rent. behind on my carnote by a month for the second time in a row (hello credit marks) im barely eating and barely feeding my dog trying to make it to the next disbursement from unemployment. why was i planning to quit?? well i fucking hate being a cook/ corporate slave/scapegoat. on top of that i was supposed to be fulltime yet my hours would drop to 28 a week some weeks but my schedule would be made in a way where i had no time to do homework- oh you see im goin to college to try and get a better career .........  ive been in college for 6 years to no avail. every year i make less and less progress because i have more and more finances. this summer course was the last straw after finally making some academic headway. i recieved a fat ass gpa dropping f because i couldnt study/ do hw thanks to my work schedule. on top of that thanks to my random drip in hours everyonce in a while i was already starting to fall behind on bills and rent. why sork at a place that is hindering school and not even allowing me to pay for my shitty ass expensive studio. but now here i am broke hungry threatened with eviction every month malnourishing myself and my dog. no health insurance not car insurance not pet health insurance. why am i torturing myself to continue this? im sorry but if you say those few precious moments make it worth it then go suck a fucking fat ass dick because 60+ years of blood sweat tears doubt anxiety loneliness and destitution does not count for one years worth of combined happiness over a lifetime. not to me. i wouldnt even take 1 full year of consistent happiness. whats there to fight for in the future. hotter summers? more compacted living situations, shittier parking $15 per gallon gas? water so polluted its acidic? having to pay for and breath through a gas mask because the amount of plant matter on the planet is damn near non existent. am i gonna really live to see the 1% tey to leave the planet that they single handedly fucked over and leave us all to die anyway?? can someone actually give me a reason. a reason. not a blind sense of optimism. what fucking signs could possibly make anyone think that things are going to fucking get better? nothing but all signs are pointing to exponential shittiness in the days/years/decades to come because im n9t sure if humanity will survive another century. [ ] i wish i wasnt a coward or id fucking take my life this instent but the only way if be able to do it is by gun to temple because every other way allows me the time to contemplate my death comming and i want the action to be swift. scared of heights so jumpings out. pills can be ineffective and im not trying to get caught and 51/50d. dont know where i could hang myself and i have no money to get a gun. im fucking miserable. welp i already know once my dog soko dies i wont give a fuck either way so ive got maybe 1-3 years left before he leaves me to kill myself soon after. wish people took pro bono killing contracts or shit kill me then take my keys off me and take all my shit and sell ot for your pay idgaf anymore nothings woth feeling this way.",💀🕳️😭⚠️🔪,1
how to not feel awkward alone at school? i recently had an argument with all of my friends and i don't think we will be speaking to eachother anytime soon and i have school tmrw. idk how to walk around school alone without looking and feeling extremely awkward. do i just like hide in the bathroom on breaks?,😔😢😟,0
mean people are attractive to me ,😔💔😢,0
"it's been a little over a week in school and although i've had all but 3 of my teachers in previous years, my favorite teacher is my ap english teacher. i think i just emotionally attached myself to her cause i was crying and we hugged ",😔😢💛,0
"turning 18  ok so i turn 18 in a few weeks and i'm so so scared ever since i was 16 i've been telling myself i'm going to end my life when i'm 18 i've been suicidal since i was 10 and i tried to take my life at 11. i'm not ready to be a adult i'm emotionally around 14 i don't drink, smoke, work or do anything adult like i left school due to severe anxiety i just don't wanna loose that safety of being a minor it scares me i've always had a problem with growing up since i was young. my inner voice in my head is telling me i need to kill myself i didn't plan to make it this far in life hence why i don't care about my future. i just feel like my time is up i physically don't want to be here anymore the thought of living makes me feel sick. i just want to be at peace away from everything. i'm nothing i have no looks, i'm a skinny twig all my life growing up i was picked on for how thin i was and my looks now because of that i suffer from bdd i feel like i'm the ugliest girl alive i look in the mirror up to 50 times a day i'm constantly taking photos of face then i cry because of it. i don't go outside because i'm scared people will hate me and i'm always wearing my hood up i'm just so paranoid about everything i can't keep living like this it's draining me idk what to do please any advice i'm at my last point",💀🕳️⚠️😭🔪,1
"celebration megathread - something awesome happen, having an anniversary or did you accomplish something? tell us about it! here is your weekly megathread for **celebrating**. is your birthday/cakeday coming up? did something radically awesome happen? tell us! let's party! a few general questions to start you off: 1. *what did you accomplish this week?* 2. *did you reach any milestones?* 3. *what are you looking forward to?* a few subreddits of interest: /r/humblebrag, /r/accomplishedtoday, /r/todayiachieved, & [more-](/r/casualconversation/wiki/directory#wiki_if_you_like_cc.2c_you_also_might_be_into.2026) --- **^[megathread]** megathreads are used to help keep the sub from flooding whenever we have an influx of the same topic. further submissions on the topic of [celebrations](<url>) will be redirected here. [read how they work and when they're posted- ] (/r/casualconversation/wiki/megathreads) ######join us on: [discord](<url>) [irc](<url>) [orangechat](<url>) * [introduce](/r/casualconversation/search?q=title%3aintroduction&restrict_sr=on&sort=new&t=all#int) [relationship](/r/casualconversation/search?q=title%3arelationship+megathread&sort=new&restrict_sr=on&t=all#rel) [vent](/r/casualconversation/search?q=title%3avent+megathread&restrict_sr=on&sort=new&t=all#ven) [celebrate](/r/casualconversation/search?q=title%3acelebration+megathread&restrict_sr=on&sort=new&t=all#cel) * [minecraft](/r/casualminecrafting#min) [music](<url>) --- ^**feedback?** [^message ^the ^mods](<url>) ^or ^head ^to ^our ^metareddit ^/r/ideasforcc. ^stay ^updated, ^follow ^our [^live ^thread](<url>)^. ^ ^made ^with ^",😊🌟🎉,0
"22 (m) in need of platonic relationship advice. i have/had this friend i met online (we live in the same city though) we've only known each other for about 3-4 months now, and we had just recently started getting pretty close and it was going great, she seemed like a really cool person, until i asked her something a bit personal, because i thought it was ""ok"" because we were talking about some very personal stuff before , but i later found out she had blocked me. i apologized to her on one of her other social media accounts before she blocked me there. i'm just wondering if i should try and do anything or just leave it alone? because i really would like to continue being friends with this girl, but i don't want to seem weird or clingy",😔💔😢,0
"it's sad boi hours, someone tell me a joke yee, idk, i dont wanna be sad cause i justed aced my government final, but i am cause my girl left me less than a week ago and is already flirting with new guys",😔💔😢😞,0
i like cheese. i am hungry. my friend is studying to be an actuary. thank you for taking a moment to read my sad attempt at poetry. have a cookie. ,😔🍪✨,0
being alone or with toxic family during the holidays i know a lot of people are stuck with their toxic parents or are alone during the holidays. it's a tough time for a lot of people. if you need someone to talk to comment down below or pm me! ,😔💔😢,0
i'm done i can't enjoy anything. i love with my parents at 23 and they hate me. i can't do anything right. i leave my job early because of anxiety and i feel useless. i have no friends. i can't enjoy people anymore. everyone gets mad at me for being suicidal. i'm gone. if i'm alive tomorrow then i've failed my mission. this was a long time coming ,💀🕳️⚠️😭🚨,1
goodnight <3 give me a kiss  thanks,😊😌💪,0
school () be like being late for class is worse than kidney stones,😔😩😖,0
"what do you think he (m27) thinks i (f22) think about him? does he thinking i'm playing him or pining over him? *super lengthy post so click off if you don't want to read it rather than complaining about how long it is in the comments, but i really need advice and opinions and keep in mind he looks like milo ventigimlia (google him)* i met a man several months ago on a dating app. he was kind, and sweet. we spoke for a month before we met up (i was really busy with exams and work). i wasn't expecting him to wait that long but he did. we texted and snapchatted a ton but didn't speak on the phone cuz he didn't like phone calls...which was fine. both of us were looking for something casual and a no strings attached situation after coming out of serious relationships. i told him i didn't want to drop my pants for someone the first time i meet them so i won't be having sex the first time, he was completely fine with that. when we finally met up we had such a great time! we got along great and made out tons. he didn't want the date to end so i did go back to his place but we just rolled around in bed basically dry humping and making out. he's a guy that's slept with a lot of women. i could tell he knows how to please a woman too. again, we both wanted a very casual nsa thing. before we met but spoke a lot he told me he was falling for me (ummm...), that he'd be my date to a fam wedding of mine, that i should go to his cottage over the summer with him and his friends etc. also during the date when i went to his house i met his friends and he gave me a tour of his whole house he was proud of building. he was talking about his godson and how one day i'll meet him too. after the date we still spoke but not to the extent we use to. we'd still talk every day though (he'd mostly initiate it). i was busy again whenever he wanted to meet up and this time he wanted to meet for sex and hanging out which was understandable (i know i was being shitty here by being too busy but i did have a lot going on and it was a very tough time in my life...). plus i felt fuck buddies didn't need to meet all the time. about 2 weeks after our first date... i asked if he was down for drink that following friday or thursday night. he said he was busy with school (i knew that was a lie cuz he only has school mon-wed) but he'd let me know. he replied to my text to hang out 4 days after i sent it and he was active on social media during that time. i replied saying if you're not interested anymore that's totally fine and to let me know rather than leave me hanging... i also wished him well with school. i didn't want to end in a negative way cuz i hate that. anyways he never replied to that text so i was like okay on to the next then! he did keep watching my snapchat stories though. a month later he contacted me by sending me a shirtless mirror selfie  i couldn't help but laugh and was caught off guard. i was seeing someone else at the time casually but immaturely and rudely wanted to keep him on the hook like he basically kept me on the hook. he's very attractive and i can tell he'd be a good lay. for a good 10ish days we were back to snapping every day but i was a lot colder. i kept saying i was busy and that i'd let him know when i'm free and then he said okay let me know. i said will do and he stopped contacting again. he also stopped watching my snap stories which was unusual behaviour from him. 3-4 months later i created an instagram. somehow he was one on the first 30 people to follow me (i guess i came up in is suggested contacts or something). he likes almost all my pictures and watches my instagram stories. i know he's seeing women and doing this with them too since it's clearly evident. wtf is up with this dude? i posted a picture to my instagram story of a baked item i made and he replied to my story with the fire emoticon. i said ""wow long time! thank u"" and he replied ""i know. been busy:("". i said same and he never replied. then a couple days later i posted a lot of pictures and videos on my story from a drunk girls night out. the last picture was my best friend and i asking ""if anyone wants to go on a road trip with us let us know... we cute and we don't bite... too much ;) serious inquires only!"". he replied and said let's do it! we talked for a little bit and he suggested a place to go... but the conversation quickly fizzled. lastly, he asked a while back when he can see me again and called me babe. i said not right now cuz i'm in a sticky situation but soon (i'm down for a fuck tbh).... he said no worries and he hopes everything is ok... then said let me know when you want to go on an adventure with me. i said ""what kind of adventure?"" and he said ""outdoors! beach, cottage, camping etc."" he is talking a lot more dry then he usually does and takes at least 10 hours to respond to a text.... but this is an interesting fuck bud....he said his friend has a cottage if i'm down to go! anyways that convo fizzled out too. he posted a cute picture of his dog to his story to which i replied ""omg he's adorable "". he said ""feel free to come visit he doesn't bite"" and i said ""will do when i have time! we have to go on that adventure later in july btw"".... he never replied to that. a day later he asked me if i wanted to go to the beach that weekend with him. i said i was working till late but i'm going to my friends cottage later that weekend and will see if he can come too if it's a huge party. he was down... but my friend declined extra people so i told him he wasn't allowed and i was sorry. also to tease a bit but i was full on serious as well i was like ""aaahhh damn! i was hoping this could work out cuz one of my friends and i are both bi and we all would have had a lit time! another time for sure!"" he said ""no worries! have fun. we will have fun in the sun when you come back. you can bring your friend too if you want"". to which i said ""she's more gay than straight but i'll see if she's down ;) lmao sorry for assuming things! i'm assuming you contacted me again for something casual?? if not that's totally fine too just trying to figure out where your mind is at!"" now this is what i don't understand... his reply to that... help me figure it out please. *""it's cool not sure what i'm looking for. kinda want to see what happens. have a great weekend cutie""* **whatever that is suppose to mean** anyways later on he'd casually respond to some of my snapchat stories with saying ""sexy"" """" """" and even asked ""whose house is that"" when i was at a friends 7.8 million dollar lake house. about a week later.... i asked ""so are we ever going on that adventure or...?"" to which he responded ""sorry been busy. i'm going to _______ the last weekend of august if you're interested"" i said ""sure i'm down if work permits it! i don't want to intrude on your plans :$ i'll probably bring a friend or two, how many of you are going? but i really want to do something next weekend work is consuming my life"" he said ""lol that's fine. not sure my friend is planning it. if your free let's hit a trail or grab a drink. i'm free. join the club all i do is work"" then... i was like ""i'm down! free sometime next week for drinks? what does your work schedule look like?"" he didn't open the message for two days (it's on instagram).... but hes been active and then he opened it but never replied. a week after he ghosted he wasn't watching my stories either. then the weekend we were suppose to chill he started watching everything religiously again from that point on. about a month later he replied to my story asking me where i worked, saying ""damn "" to attractive selfies but not progressing more for a couple months. he also realized i was having a party and asked when it was. i told him the date but he did nothing else to further inquire. i posted many stories suggesting i'm seeing others and he has watched all of those. now a month after my party and him religiously watching all my stories he saw a video of me rock climbing. he challenged me to rock climb with him at my schools gym?! he said ""when you're ready i'll take you on ;)"" and i said ""maybe sometime soon! don't think you'll be ready though"" he said ""woah challenge accepted"" a couple weeks later i posted a pretty modest nude to my instagram story and he said ""damn! i wanna see more of you in the new year"" i said ""lmaaoo! we've been flaking on each other for over a year i think  haha!!! but yeah let's set dates i'm game  happy new years eve! x!"" then he responded **""i know just waiting for the right time i guess  happy new year cutie. keep up the in 2019"". to which i replied ""right?! you too babe "". **why is he still interested?!** what does he think i think of him?! lol is he even interested?! i might have been an asshole too! let me know so i know to deal with guys differently in the future **tl;dr:** sorry for the wall of text but it's hard to summarize that^ so if you have time and are bored please read! what the does this guy mean? has this happened to you? and men that do similar things, why do you behave this way? no judgement just curious!",😊😌💪✨🌟,0
"i struggle so much with having done this...ok trying to make this as brief as possible: mental breakdown around january last year. went from an extremely heavy and skinny smoker who only ate garbage to a gym rat. eating, eating, eating, 4000 calories of the healthiest food per day, becoming strong and healthy. always hitting the gym. however: i get filled with regrets because the contrast is so huge. i feel like i'm about to die. also get so fucking angry at myself and feel like the biggest failure ever. i mean... who smokes!? who neglects his health!? only losers do that. self-esteem below zero. suicidal thoughts. extremely depressed. i contact my ex to talk about it. look up to her because she's 8 years older. i'm 28, she's 36. tell her i miss her and she blocks me. in an impulse i make a new account and i start it off on the wrong foot with extremely negative texts like calling life pointless bullshit (fucking toxic behavior of me) she gets angry and i feel like i have to explain myself. she constantly says something i want to reply to and then blocks me so i keep making new accounts. one time she says 'you didn't change a bit and only went backwards' so i make a new account one last time to reply with 'but i did change'... then she explodes. writes a message to hurt me as much as possible and says she will never reply again. says shit like 'you'll never learn how to live your life'... saying that to me in my situation is pure poison for my brain. it's black on white and becomes engrained in my brain. everything went wrong here. how i started it off with those negative texts and then tried to save it by continuing to make new accounts while my ex just wanted me to leave her alone. my ex also being unempethatic as fuck which makes me want to explain myself even more. her ending it in that horribly cruel last message... after that it keeps repeating in my head every single minute of the day. i'm so frustrated, angry and sad that she said that to me because it completely ruins my mental health and makes me feel hopeless while she doesn't know the full story. the only thing that made me feel proud of myself is how i've turned my life around, but that feels completely in vain after her last message. i can't cope with it and constantly write messages and delete them again only to write them again everyday explaining myself and apologizing. i also insult her back and say horrible things at some point. most of it was friendly though. telling her i know it was bad what i did. she never replies. after like 4 months of doing that shit she gets rid of her instagram  i wrote a last extremely personal e-mail to her work, but she left that company so it got forwarded to her co-workers. holy shit. conclusion: i've turned into a stalker. should i kill myself? i can't live with the embarrassment and shame... it's also not something i did in the heat of the moment. i kept contacting her day after day. it's a pattern. i'm just a fucked up person.",💀😭⚠️🕳️😔,1
"being hungry so this this fu happened last night around 11:30pm . i'm on my laptop playing tera for about 2 hours now and i'm starting to feel very hungry because i didn't eat that much for dinner, so i'm like i'll just drink some milk than wander off to bed, so i reach the kitchen and open the fridge and i find no milk. fml, but i find this container filled with pieces of watermelon so i'll just eat that instead. i take out the container and place it on the counter but only halfway on the counter so half of it is dangling so i'm like it'll be fine, so i get a bowl and i'm about to get a fork but when i was reaching for the utensil drawer i accidentally drag the container of watermelon with me so everything is on the floor now all that precious watermelon is dirty and all the utensils are dirty so i'm like dam it! so i clean up the watermelon and wash off the dirt and clean the utensil and clean the floor which is uber sticky so i pack up everything and head off to bed, once i'm in bed i notice my leg is sticky and not the good sticky and my shorts are wet from all this watermelon juice. tl;dr - rip to all the watermelons that were sacrificed that night and i got some sticky juice all over my leg and shorts ",😊😌💪,0
"i've still got it younger brother has a friend over brother and friend are playing halo 4(my main game at their age) brother asks me to show him how to throw a grenade i show him, he had none so he couldn't throw any brother asks for controller back me: ""hang on a sec i gotta do something"" friend ""what's re you gonna kill me lol"" friend comes up behind me and gives away location by shooting me turns around one head shot later friend is dead friend ""nice"" me  i exit room",💀🕳️⚠️,0
"my procrastination will be the death of me i had an entire week to study for exams, and i only started on the day before. i have been awake for 35 hours and in the last 10 hours, my body 120pound has ingested 3 and a half caffeine pills. my brains fried, knees weak, arms are heavy. i even almost feel like vomiting on my sweater. i think i still passed my exams barely. in all seriousness, i never wanna feel like i do today. i don't why i do this to myself. ",💊😰😵⚠️😔,0
something super embarrassing i made the mistake of going on reddit during lunch last year and my friend saw the reddit icon on my phonelast time i'm making that mistake. why the fuck am i on here,😔😕📱😅,0
"i wanna marry someone and have kids but i hate my own genetic predisposition diseases fuck. maybe i'll find a child free girl and adopt dude, i don't fuckin know. i think it'll be one of the most challenging problems of my entire life. which is why i'm totally putting off thinking about it and instead bottling it up ",😔💔😖🕳️,0
what emojis will i overuse this month rn im loving ‍‍,😊😌✨,0
"i survived i survived the night without getting banned, lol. anyways, i'm going to carry on with my life. ",💀🕳️⚠️,0
"i wanted to tell somebody. thanks. i'm a severely paranoid 18 year old boy. normally i would never have the courage to post something like this (you guys could kill me) but since this is the last time i'm going to post anything it doesn't matter anyways. i have been living in fear for years now. i am bisexual and i was in an abusive relationship with another boy when i was 15 that left me terrified that everyone i meet could want me dead. i have been sexually abused and i have no libido or healthy knowledge of sex and relationships. i think strangers on the street will kill me. i think my friends will kill me. i'm traumatized, exhausted, and ""delusional"" according to the people i know. i don't think it's delusional to acknowledge i'm in danger, but logically, i know it's true. it took a lot of courage to try to kill myself. i am terrified of consequences of my actions. i hate upsetting people and i do not want my roommate to have to find me, or leave my family having to deal with my death. but i have reached my breaking point, and i'm not willing to put it off any longer. i went to the psych ward, and they won't take me in because ""anxiety can't be helped well by hospitalization"" even though it isn't just anxiety and i told them i'm not safe. they gave me sleeping medication, though. possibly an oversight. all of my friends are in another country. my family is not here either. nobody can stop me and nobody will. i am sick of being a disappointment. i am sick of being afraid. it's one fear versus all of them, and i'm picking this one. thank you for listening to me. take care now ;; - wilbur ",💀🕳️⚠️😭,1
"gf applications? no thanks, i can just resort to my charm and confidence to achieve those things ",😊😌💪,0
what are some emojis you didn't know existed  what is that,😊🤔✨,0
"redefining what it means to be a woman in today's world where women seem to think it's up to them to tell men how they should behave, i thought maybe we would want to do the same. write down qualities you would like to see changed in women, or qualities you like that they have in general. i'll start: i like women with full development, physically, some women these days are too skinny. beyond the physical stuff, i like women who have a good head on their shoulders. who don't complain about society screwing them over, who acknowledge they have no limitations placed on them in 2018. i don't want a woman who forces ideologies on others. i don't want a woman who posts pro feminist ""when women are empowered xyz"" crap because i believe women are empowered. i want a woman who acknowledges she is empowered and has the freedom to do what she wants. who is kind hearted and caring, with enough intelligence and go-getter attitude to get a good 60-100k job anytime she chooses to, but electing to become a mother instead. at least for the earlier years in particular. list your ideal women ",😊😌💪✨🌟,0
don't think it's possible for me to have a healthy relationship tbh but i don't let that stop me from getting into them  filler,😔💔😞,0
"i'm not dead.. or are you... because ""i'm not dead"" is exactly what a dead person would say ",💀🕳️😰⚠️😭,0
hey guys im a mod for this sub now april fools  *sigh* i just wanna be like the cool kids ,😔💔😞,0
i've been secretly hoping i have end stage cancer what could possibly put me more at peace than being told i only have 3 months to live? what a dream.,💀🕳️😰😭⚠️,1
"today is the dayi just wanted to say good bye. thanks for trying to help me. it's finally going to be over and for the first time, i feel at peace with it. i just want the pain to end. i didn't want to ruin lives, but i can't keep using that as an excuse. so this good bye. if my family somehow reads this one day, i'm so so sorry, i love you all so much. one day when your grown up, i hope maybe you'll understand. i love and i'm so sorry. you all were my everything. i'm sorry i wasn't a better mother. i'm sorry i couldn't get myself together or even hold a job because of my mental illness. i'm just so sorry ",💀🕳️😭⚠️,1
i fell in love with a roomba ,😊😌✨,0
i am. contemplating. it would jsut be soeasy but also if reincarnation is real i dont wanna be cishet so  fuck,💀🕳️😰😭⚠️,0
he just sent me a pic of him in a maid outfit ok i'm simping now  filler filler filler filler,😊😌💪,0
"me (27f) and my boss (32m) aren't getting along me and my boss, dan, haven't been getting along. i have been his employee for about a month. we are currently on a work trip in another country. we are originally from america dan is a mostly cool guy, but can have very strong opinions. we we're getting a long pretty well at the beginning, but lately, he has been being extra critical and even cursed at me during work. i am a happy go lucky, always smiling, but have a tendency to question myself (i can lack confidence sometimes). dan is a gruff guy/father who deals with depression and can sometimes lash out with anger. me and dan have to hang out a lot, therefore i have told him a lot about my family history. my brother has schizophrenia and i have pretty intense ptsd and well-sibling syndrome from it. me and dan bonded one evening over the fact that he was once homeless and had a very abusive household. at least i thought we did. anyways, one morning we were talking and i mentioned the tv show ""haunting of hill house"". i went into the plot and how i thought it was very reminiscent of grief and mental illness. he got very upset with me and said ""why can't you just enjoy a simple haunted house show instead of bringing your shit into it"". his attitude has been progressively worse. i had to l start avoiding hanging out with him outside of work (we are in another country, so we are the only people we know). we were working one day and i set a pair of gloves next to me that i had taken off to tape something and he yelled ""hand me your fucking gloves"" i said ""i'm going to be using them in a second"" and he goes ""no you aren't! hand them to me!"" he was shaking with anger and it was honestly kind of terrifying for something that seemed so trivial (i was working in a piss and dirt filled area so i had gloves to keep my hands from getting contaminated). i finished the job perfectly, but my hands were gross (hopefully i didn't contract pink eye, thanks boss) i've been doing my job for 5 years, i am rather good at it, but this boss makes me feel like a fucking failure. he belittles me(there are too many stories to count) and stands over my shoulder to watch me do jobs a newbie could do. it's honestly exhausting. i'm constantly on edge. i went from getting letters of recommendation, winning employee of the quarter, doing huge projects on my own and being a stand in sup, to being belittled and treated like a child... what do i do? how do i make him not hate me? tldr; my boss hates me, how do i make him not hate me?",😔💔😢😞⚠️,0
"i just got cyberbullied by twenty-year-olds, for saying they shouldn't be slut-shaming women their boyfriends cheated on them with. i love humankind ",😔💔😢,0
"what do you think he (m27) thinks i (f23) think? *super lengthy post so click off if you don't want to read it rather than complaining about how long it is in the comments, but i really need advice and opinions badly! please read the whole thing* i met a man several months ago on a dating app. he was kind, and sweet. we spoke for a month before we met up (i was really busy with exams and work). i wasn't expecting him to wait that long but he did. we texted and snapchatted a ton but didn't speak on the phone cuz he didn't like phone calls...which was fine. both of us were looking for something casual and a no strings attached situation after coming out of serious relationships. i told him i didn't want to drop my pants for someone the first time i meet them so i won't be having sex the first time, he was completely fine with that. when we finally met up we had such a great time! we got along great and made out tons. he didn't want the date to end so i did go back to his place but we just rolled around in bed basically dry humping and making out. he's a guy that's slept with a lot of women. i could tell he knows how to please a woman too. again, we both wanted a very casual nsa thing. before we met but spoke a lot he told me he was falling for me (ummm...), that he'd be my date to a fam wedding of mine, that i should go to his cottage over the summer with him and his friends etc. also during the date when i went to his house i met his friends and he gave me a tour of his whole house he was proud of building. he was talking about his godson and how one day i'll meet him too. after the date we still spoke but not to the extent we use to. we'd still talk every day though (he'd mostly initiate it). i was busy again whenever he wanted to meet up and this time he wanted to meet for sex and hanging out which was understandable (i know i was being shitty here by being too busy but i did have a lot going on and it was a very tough time in my life...). plus i felt fuck buddies didn't need to meet all the time. about 2 weeks after our first date... i asked if he was down for drink that following friday or thursday night. he said he was busy with school (i knew that was a lie cuz he only has school mon-wed) but he'd let me know. he replied to my text to hang out 4 days after i sent it and he was active on social media during that time. i replied saying if you're not interested anymore that's totally fine and to let me know rather than leave me hanging... i also wished him well with school. i didn't want to end in a negative way cuz i hate that. anyways he never replied to that text so i was like okay on to the next then! he did keep watching my snapchat stories though. a month later he contacted me by sending me a shirtless mirror selfie  i couldn't help but laugh and was caught off guard. i was seeing someone else at the time casually but immaturely and rudely wanted to keep him on the hook like he basically kept me on the hook. he's very attractive and i can tell he'd be a good lay. for a good 10ish days we were back to snapping every day but i was a lot colder. i kept saying i was busy and that i'd let him know when i'm free and then he said okay let me know. i said will do and he stopped contacting again. he also stopped watching my snap stories which was unusual behaviour from him. 3-4 months later i created an instagram. somehow he was one on the first 30 people to follow me (i guess i came up in is suggested contacts or something). he likes almost all my pictures and watches my instagram stories. i know he's seeing women and doing this with them too since it's clearly evident. wtf is up with this dude? i posted a picture to my instagram story of a baked item i made and he replied to my story with the fire emoticon. i said ""wow long time! thank u"" and he replied ""i know. been busy:("". i said same and he never replied. then a couple days later i posted a lot of pictures and videos on my story from a drunk girls night out. the last picture was my best friend and i asking ""if anyone wants to go on a road trip with us let us know... we cute and we don't bite... too much ;) serious inquires only!"". he replied and said let's do it! we talked for a little bit and he suggested a place to go... but the conversation quickly fizzled. lastly, he asked a while back when he can see me again and called me babe. i said not right now cuz i'm in a sticky situation but soon (i'm down for a fuck tbh).... he said no worries and he hopes everything is ok... then said let me know when you want to go on an adventure with me. i said ""what kind of adventure?"" and he said ""outdoors! beach, cottage, camping etc."" he is talking a lot more dry then he usually does and takes at least 10 hours to respond to a text.... but this is an interesting fuck bud....he said his friend has a cottage if i'm down to go! anyways that convo fizzled out too. he posted a cute picture of his dog to his story to which i replied ""omg he's adorable "". he said ""feel free to come visit he doesn't bite"" and i said ""will do when i have time! we have to go on that adventure later in july btw"".... he never replied to that. a day later he asked me if i wanted to go to the beach that weekend with him. i said i was working till late but i'm going to my friends cottage later that weekend and will see if he can come too if it's a huge party. he was down... but my friend declined extra people so i told him he wasn't allowed and i was sorry. also to tease a bit but i was full on serious as well i was like ""aaahhh damn! i was hoping this could work out cuz one of my friends and i are both bi and we all would have had a lit time! another time for sure!"" he said ""no worries! have fun. we will have fun in the sun when you come back. you can bring your friend too if you want"". to which i said ""she's more gay than straight but i'll see if she's down ;) lmao sorry for assuming things! i'm assuming you contacted me again for something casual?? if not that's totally fine too just trying to figure out where your mind is at!"" now this is what i don't understand... his reply to that... help me figure it out please. *""it's cool not sure what i'm looking for. kinda want to see what happens. have a great weekend cutie""* **whatever that is suppose to mean** anyways later on he'd casually respond to some of my snapchat stories with saying ""sexy"" """" """" and even asked ""whose house is that"" when i was at a friends 7.8 million dollar lake house. about a week later.... i asked ""so are we ever going on that adventure or...?"" to which he responded ""sorry been busy. i'm going to _______ the last weekend of august if you're interested"" i said ""sure i'm down if work permits it! i don't want to intrude on your plans :$ i'll probably bring a friend or two, how many of you are going? but i really want to do something next weekend work is consuming my life"" he said ""lol that's fine. not sure my friend is planning it. if your free let's hit a trail or grab a drink. i'm free. join the club all i do is work"" then... i was like ""i'm down! free sometime next week for drinks? what does your work schedule look like?"" he didn't open the message for two days (it's on instagram).... but hes been active and then he opened it but never replied. a week after he ghosted he wasn't watching my stories either. then the weekend we were suppose to chill he started watching everything religiously again from that point on. about a month later he replied to my story asking me where i worked, saying ""damn "" to attractive selfies but not progressing more for a couple months. he also realized i was having a party and asked when it was. i told him the date but he did nothing else to further inquire. i posted many stories suggesting i'm seeing others and he has watched all of those. now a month after my party and him religiously watching all my stories he saw a video of me rock climbing. he challenged me to rock climb with him at my schools gym?! he said ""when you're ready i'll take you on ;)"" and i said ""maybe sometime soon! don't think you'll be ready though"" he said ""woah challenge accepted"" a couple weeks later i posted a pretty modest nude to my instagram story and he said ""damn! i wanna see more of you in the new year"" i said ""lmaaoo! we've been flaking on each other for over a year i think  haha!!! but yeah let's set dates i'm game  happy new years eve! x!"" then he responded **""i know just waiting for the right time i guess  happy new year cutie. keep up the in 2019"". i just said ""right?! you too babe "" and that's the end of that. **why is he still interested?!** what does he think i think of him?! lol is he even interested?! **tl;dr:** sorry for the wall of text but it's hard to summarize that^ so if you have time and are bored please read! what the does this guy mean? has this happened to you? and men that do similar things, why do you behave this way? no judgement just curious!",😊😌💪,0
"what's one of your favorite scenes/lines from the office? i personally love the scene where ryan is the vp and goes back to scranton and during a meeting in the conference room with the whole office and ryan asks kelly is she has a question and kelly goes ""yea i have a lot of questions. number one, how dare you"" ",😊😌✨,0
suicide am i the only one who has since 2017 tried to commit suicide over 7 times? just seems like every time i fail. fml ‍,💀⚰️⚠️😭🕳️,1
"i'm so proud, i got my first ever silver today! (reposting this because i forgot to flair and that's very illegal on here so my other post was deleted oops) i feel like i really achieved something for once. thank you to the wonderful person who gave me it. i love this sub ",😊💪✨🌟,0
"i feel no matter how hard i try, he's just not happy. throwaway account since he knows my other one . boyfriend(28) and i(23) have been dating a little over a year. everything was going great until recently. it was okay until it wasn't. i have every quality he supposedly looks for in a woman and i do my best to try to do things each day to make his life easier. he never actually appreciates it anymore and just notices the things i don't do. i don't hear about anything that's bothering him about us until i basically pry it out of him. i get that he's stressed out about money, new job, family, etc but i don't think it should be taken out on me especially since he refuses to talk about the issues. it's seeming more and more like this will just lead toxic but a few people say i'm over-reacting. help :( tldr: i may be in a relationship that's going toxic and i'm not sure?",😔💔😢😞,0
"how to get stuff back after a breakup? my ex broke up with me over the phone a little over a week ago. we agreed not to talk for a month. problem is, we never decided on what would happen with my stuff. he's a three hour drive away from me so it isn't convenient to just ""come over and get it"". what do you guys suggest? it's a decent amount of things, it'd be expensive to ship. should i wait until the end of the month no contact agreement to contact him, and then how do i arrange to get them back? and let's be clear: i don't feel like driving three hours to see the dude after he dumped me. ",😔💔😢,0
i once turned in an essay about my crush to my eighth grade english teacher back in 2017. lmfao she had no idea it was about a twenty-eight-year-old man  i told my then best friend and she was hella annoyed but whatever lmao,😊😌💪,0
"i don't really know what it is hello i'm rosie and i'm 14 on the 20th and for a while now like a few months i've just not been feeling right. my life is basically perfect my parents aren't abusive i have a nice life at school i have pets i get monthly pocket money and i love my life but i just feel like there's just not much to it anymore. i'm in year 9 now and i'm beginning my gcse's but i haven't been doing well in classes which i usually do but i'm not so bothered about that. i have great friends too. i just don't really want to be here. my confidence is going down and for some reason i just feel like everybody hates me. i don't know how many times i've been reassured that i do t but i just feel like everybody hates me. i just want to sleep and eat and listen to music because that's my happiness. i want to be a broadway actress and yeah i know strive to be who you want to be and what you want to do and i'm trying but i can't help but think that it's too much for me. my voice is bad it's high pitched and i don't like it. people say it's adorable and crap but i hate it. i just don't feel good about anything anymore and i just don't t know? i haven't told anybody, not even my parents. i just don't feel comfortable about it so i suppose i'll tell strangers about it heh. i don't know if it's depression. hopefully not. thanks. ",💀😔🕳️😭⚠️,1
i have a banana  should i eat it?,😊🍌🤔,0
i'm gonna see moth man driving to michigan. we're gonna go to the mothman museum with a mothman statue. apparently he's thicc af ,😊😌✨,0
"guys its an emergency attentionall fortnite gamers , john wick is in great danger, and he needs your help to wipe out  all the squads in the tilted towers . to do this, he needs a gold scar  and a couple of chug-jugs. to help him, all he needs is your credit card number  , and the three numbers on the back  and the expiration month and date . but you gotta be quick so that john can secure the bag , and achieve the epic victory r o y al attentionall fortnite gamers , john wick is in great danger, and he needs your help to wipe out  all the squads in the tilted towers . to do this, he needs a gold scar  and a couple of chug-jugs. to help him, all he needs is your credit card number  , and the three numbers on the back  and the expiration month and date . but you gotta be quick so that john can secure the bag , and achieve the epic victory r o y al attentionall fortnite gamers , john wick is in great danger, and he needs your help to wipe out  all the squads in the tilted towers . to do this, he needs a gold scar  and a couple of chug-jugs. to help him, all he needs is your credit card number  , and the three numbers on the back  and the expiration month and date . but you gotta be quick so that john can secure the bag , and achieve the epic victory r o y al attentionall fortnite gamers , john wick is in great danger, and he needs your help to wipe out  all the squads in the tilted towers . to do this, he needs a gold scar  and a couple of chug-jugs. to help him, all he needs is your credit card number  , and the three numbers on the back  and the expiration month and date . but you gotta be quick so that john can secure the bag , and achieve the epic victory r o y al attentionall fortnite gamers , john wick is in great danger, and he needs your help to wipe out  all the squads in the tilted towers . to do this, he needs a gold scar  and a couple of chug-jugs. to help him, all he needs is your credit card number  , and the three numbers on the back  and the expiration month and date . but you gotta be quick so that john can secure the bag , and achieve the epic victory r o y al attentionall fortnite gamers , john wick is in great danger, and he needs your help to wipe out  all the squads in the tilted towers . to do this, he needs a gold scar  and a couple of chug-jugs. to help him, all he needs is your credit card number  , and the three numbers on the back  and the expiration month and date . but you gotta be quick so that john can secure the bag , and achieve the epic victory r o y al attentionall fortnite gamers , john wick is in great danger, and he needs your help to wipe out  all the squads in the tilted towers . to do this, he needs a gold scar  and a couple of chug-jugs. to help him, all he needs is your credit card number  , and the three numbers on the back  and the expiration month and date . but you gotta be quick so that john can secure the bag , and achieve the epic victory r o y al attentionall fortnite gamers , john wick is in great danger, and he needs your help to wipe out  all the squads in the tilted towers . to do this, he needs a gold scar  and a couple of chug-jugs. to help him, all he needs is your credit card number  , and the three numbers on the back  and the expiration month and date . but you gotta be quick so that john can secure the bag , and achieve the epic victory r o y al attentionall fortnite gamers , john wick is in great danger, and he needs your help to wipe out  all the squads in the tilted towers . to do this, he needs a gold scar  and a couple of chug-jugs. to help him, all he needs is your credit card number  , and the three numbers on the back  and the expiration month and date . but you gotta be quick so that john can secure the bag , and achieve the epic victory r o y al attentionall fortnite gamers , john wick is in great danger, and he needs your help to wipe out  all the squads in the tilted towers . to do this, he needs a gold scar  and a couple of chug-jugs. to help him, all he needs is your credit card number  , and the three numbers on the back  and the expiration month and date . but you gotta be quick so that john can secure the bag , and achieve the epic victory r o y al",😊😌💪,0
hey you! are you staying up late sorting by new? check the time and remover to get a good night sleep. love you ,😊😌💪✨,0
it's my cake day and you're all invited to my party. have some food .,😊🎉🍰,0
"novels with the sharpest dialogue just tore through the friends of eddie coyle by george higgins - whoa. everything you've heard about the dialogue being sharp and fresh is true, even 50 years after publication. having spent time in boston (not involved in crime) it rang so true to the culture that powers the city. junot diaz and pg wodehouse are two others i think do this incredibly well. what other novels capture a time, place, and culture through how characters?",😊😌💪✨🌟,0
fuck online learning was all prepared for my spanish class and i was even joining early. teams took forever to load and came up with an error. wasn't able to make it to my class. fuck teams ,😔😩😤,0
"i was typing ""i am happy"" on youtube to look for a happy kind of song. literally as i was typing it, the song on the radio sings, ""i am happy"" word for word. it was weird, i almost felt like i was in a dream. i guess i really am happy today.  i hope you are having a happy day too.",😊😌✨🌟,0
peace out motherfuckers gonna do it tonight. thanks to ppl here i've decided not to call my ex clinician and try to make her feel guilty before i go but i am still gonna send that letter to the group home + another for her. thank you guys for your help and for trying it's not your fault i was a lost cause see you in the afterlife i hope you guys find happiness even though i couldn't. ,💀🚨⚠️🕳️😭,1
"relationship megathread here is your weekly megathread on the topic of **relationships**. # let's talk about that special someone. a few general questions to start you off: 1. *how is your relationship going?* 2. *what are you excited or worried about?* 3. *if someone came up to you with the same situation, how would you walk them through it?* 4. *what would help you feel better?* a few subreddits of interest: /r/relationships, /r/advice, /r/teenagers, /r/relationship_advice, /r/dating_advice & [more-](/r/casualconversation/wiki/directory#wiki_.2192_advice_.26_self-improvement) --- **^[megathread]** megathreads are used to help keep the sub from flooding whenever we have an influx of the same topic. further submissions on the topic of [relationships & dating](<url>) will be redirected here. [read how they work and when they're posted- ] (/r/casualconversation/wiki/megathreads) ######join us on: [irc](<url>) [discord](<url>) [music](<url>) * [relationship](<url>) [vent](<url>) [celebrate](<url>) * [podcast](<url>) [minecraft](/r/casualminecrafting#b) --- ^**feedback?** [^message ^the ^mods](<url>) ^or ^head ^to ^our ^metareddit ^/r/ideasforcc. ^stay ^updated, ^follow ^our [^live ^thread](<url>)^. ^ ^made ^with ^",😊😌💪,0
so i've been talking to this guy and he left me on read for a cool 23 hours () but then we linked up for the first time last night with a group of friends and got kinda high and he started messaging me again so i'm just gonna consider this a dub,😊😌💪✨,0
he's in your bed i'm in your twitch chat  (dun dundun dundundundun dundun),😔💔😢,0
"what song best describes your life right now? i'll start. i am gonna get a lot of hate for this maybe, some people might be pissed off..... but it's ""i wish"" by one direction. sorry ",😔💔😢,0
bitches be like 'where are you scooby doo?' but they're never like 'how are you scooby doo?' ,😔💔😢,0
bondage time ,⚠️🕳️💀,0
"nothing to worry about or cheating gf? my girlfriend (22f) of one year ist texting a boy she had sex with, way before our relationship. i (21m) said that i'm cool with it. they are still friends. he's also in a relationship but is pretty sure hitting on her. she was texting in front of me and he said stuff like 'uh nice profilpic, such a nice ass' and she replied 'hahaha thank you '. i was confronting her and she said that it's normal and they are just friends. she said that she would stop texting in such a way if necessary, i said that i trust her and that i don't mind if they stay in contact. nevertheless. two weeks ago they met again and i couldn't held it and read the messages, they were texting stuff like 'was tough not to make a move, next time just one beer' and she replied 'same haha' last week i saw her receiving text messages again. she deleted his contact but is still messaging him regulary. kind of suspicious. i'm not sure how to handle. don't want to seem overly jealous. also don't know if i should tell her that i read the messages. tl;dr girlfriend is texting a boy she had sex with before our relationship. is acting and texting suspiciously.",😔💔😢,0
did you ever want to change your name sebastian is fine but sebastao,😊😌✨,0
"saw the cutest puppy today! i was in my driveway, and i saw this couple walking their little german shepherd puppy today! they let me pet it and told me it was only 9w old  and when i came over it started whining in excitement and cuddling with me  this just further cements in my mind that i want a bunch of pets ",😊🐾🌟,0
"i'm a better commenter than megathiccc i'm more well known than he is too omg, that best user 2020 flair is a lie ",😊😌💪,0
so eventually imma outgrow this sub sooo like is there a young adults reddit or something where i can be a refugee. ... like mentally i'm still 12 but it would feel weird to still be posting here in like a year so ,😔😟🥺,0
i wrote another poetry please let me know what you think hope you like it tell me you love me tell me you care cause i'm sick of crying every night i'm sick of faking a smile every day i'm sick of pretending i'm fine i'm never fine i'm dying inside but no one can see me i tell myself their is hope but our relationship is over i'm in love with you i'm in love in everything you do your my first though in the morning and the last before i go to sleep and you're every thought in between if i ever got asked how many times i thought of you today i'd reply only once cause you never left my mind since then i never asked for this to happen but when my parents caught us i think you did cause you hated me the next day you didn't wait to hear me you didn't want to hear my explanation cause you knew i am gonna be right you never loved me and now i have to deal with the consequences i have to deal with the hate you offer me i have to deal with my insecurity i have to deal with the pain i have to deal with my self hate i have to deal with my depression and finally i have to deal with my suicidal thoughts  _ghazal_,💀😭⚠️🕳️😔,1
hey all it's my 19th today so you know what that means  i only have one more year here ,💀🕳️⚠️😭🌑,0
"been thinking abt it latelyi've always been like. incredibly susceptible to suicidal thoughts and behaviors since like age 10 (no one ever did anything abt it bcus it was always read as attention seeking behaviors and my parents ""refused to buy into it"") and now i'm nearing 7 years with the hell that is major depressive disorder and it's. not getting better. at all. i am absolutely miserable beyond words even if my medications make me feel slightly better on a base level. i'm short as fuck (not even 5' and physically cannot grow anymore because apparently my dad didn't love me enough to give me good genes lmao), wet koala levels of ugly, horrendously overweight with a metabolism that makes it genuinely impossible to lose weight, and my health is getting worse and worse every day because my dumb ass doctors can't be bothered to figure out what's wrong with me beyond ""well you outwardly look fine so just take some ibuprofen, eat your veggies, and exercise"" (if they even looked @ my medical records they'd know i can't even have ibuprofen but whatever ) i really could keep going on and on about whats got me so down. but the point is i genuinely do not think i should be here anymore. at all. none of that ""buhbuhbuh life gets better1!1!"" bullshit because no, no it doesn't, not when you're like this. this body feels broken and malformed already and i supposedly haven't even ""begun"" living yet, whatever that means. and to top it all off i'm apparently autistic as well according to my mother, she just never bothered getting a formal diagnosis on me when my three year old self saw a counselor since she didnt want me to have an excuse for not doing as well as my neurotypical classmates. yeah. i really wish i was making that shit up. so all in all i'm basically a prototype of a functional adult that failed before it could ever really begin. i've been suicidal for so long i genuinely can't imagine going to college outside of idle fantasy and living past 20 is a complete fuckin nope. not sure when or how, but one day, it's gonna happen. i just know it. and it's all i really know i can look forward to these days. it's sad and over dramatic but like, whatever, you know. what else can you really do about it.",💀🕳️😭⚠️🩸,1
"this was posted in the bereavement sub. grieving myself and didn't know what to say. if you can help, please do!<url>",😔💔😢,1
"i'm 17 going on 18. i used to be fat until i became bulimic and anorexic. lost 100, still feel fat tho. i just cut myself for the first time in years, tbh it felt great. i lost my job, mightnot be able to graduate due to my attendance and terrible grades and i fail at everythingggg. my family loves talking about my fails lol. i always said if i don't graduate hs i would kill myself and now i'm giving up early. i just would rather be dead than have to stay in this fucked up world. i'm worthless to society. i'm just a depressed stupid bitch so yeah i might kill myself this week but i'm still on the fence ",💀🔪⚠️😭🕳️,1
"rough night for me, i need help. i've been suicidal since year 5 which is about 10-11 yrs old, i remember sitting in a bathroom at that age with electrical cord wrapped around my neck thinking i could kill my self that way. (i've been drinking so bare with me) (a bit of back story) i've tried a few more times since then, nearly successful once. first time i've actually thought about it in about 5 years, been depressed all throughout tho. i'm 19 now and i have a girlfriend who care for dearly and a dog who i love to bits. i'm live with my mum and dad right now but my urge to end it is stronger then it has been in a while, i absolutely hate my life and the way it's going right. this time last year i was working in an okay job living away from home, my girlfriend was there and we lived with my older sister, couple months down the line my sister decided she didn't like it so i ended up back home with my parents. since then i haven't been able to recover from the deep depression i fell into, i sit at home doing fuck all and i hate, i feel like such a dumb cunt but can't find the care or motivation to get out of this slump. i hate what am and what i've became and wish i would just go back to the way i used to be tonight was a really bad night for me and i'm the most ready to end it for the first time in a while. any advance is welcomed because i really don't see the light at the end of the tunnel, i dealt with these feelings for years and can't remember a happy stretch that lasted for longer 4 months. please someone help me",💀🕳️⚠️😭,1
at what age is it appropriate to tell my dog that he's adopted? ,😊😌💪,0
i watch fortnite porn to dislike it ,😔💔😢,0
"being the harmless looking tall, vacant guy with a place to sit next to. today in my class i was sitting alone on the second last bench by the window and then a group of three girls came in, out of which two of them sat on the vacant bench in front of me. the third one was all about sitting with me but just then i heard one of the other girl whispering, ""look at him, he looks so innocent and harmless, he's cute too but he's a tad bit too tall. go sit somewhere else."" b!t# didn't let me understand whether i should have taken that as a compliment or as an insult  all of my day got spent wondering about that and now it's almost 12 of midnight here and i still haven't reached a conclusion yet. i need a closure to all this. ps - i'm 189cm(1.89m) tall. . tldr - sat at the back of the class. a classmate needed someone to sit next to, discussed with her friends about my cute and innocent(harmless) look getting my hopes up and then shattered them by saying that i'm too tall.",😔💔😞,0
"i hate taking showers even though i love being clean. if there was a way to get clean that didn't involve getting wet, i would do it every day. i just feel like it's a lot of time and effort to take a shower. i'm a girl with long-ish hair, so it takes forever to fully rinse out soap and once i'm out i cant get dressed until my hair is dry or else i'll get my clothes wet, so i either have to blow dry it which can take 15 to 20 minutes on it's own or keep it wrapped all day but then it won't be fully dry when i go to sleep (and it also just doesn't look as good). it doesn't help that i'm a level 99 lazy person ",😌😊💪,0
"i'm rarely home alone, right now i am and it's just hit me how lonely i am. i'm 29 married with two kids. i'm rarely home alone, but at this moment my wife is out with a friend and the kids are with their grandmother. i'm sitting on the sofa listening to some music and come to the realisation that i actually feel very lonely. i've just had the best day going bowling and for lunch with my two year old, me and my wife love each other and get along, rarely argue. my eldest (10) is more 15 than 10 and finds me embarrassing . but i have no one i can really confide in, i don't have a best friend, i don't really have friends, just people from work who i'm friendly with. my wife suffers from depression and so i'm reluctant to talk to her about problems i have which also means i'm reluctant to go out of a weekend/evening as i worry about leaving her if she is feeling low. i've pretty much lost meaningful contact with my friends from school and college, it's been 10 years since i saw any of them. i wish i had a best mate. someone i could just talk to outside of the family unit, i've been very consumed with work and family that i haven't really given any time to myself. i know this all sounds very get the violin out, but i actually feel kinda crappy about it.",😔💔😢😞⚠️,0
"ask a scientist!! (anything) hey guys! i'm new to this sub. first of all, it really feels like home to talk about literally all kinds of stuff here and everyone's so open & friendly to each other.  which is why i decided to start a post introducing a new member (myself) and see what you guys would like to know about me or anything else. my names is james and i'm an entomologist from southeast university, china. like everyone else, i browse youtube all day off work & do all the silly things everyone else does. professional speaking, my work is focused around order mantodea (praying mantises) taxonomy. it's fun most of time but sometimes it still occurs to me that i wanna quit and get a normal life far away from science. i have a passion for the states since i was a kid and wanting to move there all my life. i could sing pretty good and my hobbies include writing novels, photography, cooking & painting. so, ask me anything!! i'd love to make a bunch of friends no matter how old are you or who you are. to me, every single one of you is special :)",😊😌💪✨🌟,0
"i'm trying out something new and i finally got it! i've been trying to learn how to two color brioche knit (i'm a crafter ). and i've finally figured out how to do it! what's something going that was hard for you to do at first, but you eventually figured it out?",😊😌💪✨🌟,0
im gonna celebrate tommorrow by getting drunk trump's last day in office,😊🍻🎉,0
"someone just informed me i like hitler just because i'm not a stalinist thanks for telling me, i never knew i was a fucking fascist scumbag edit: he just tried to mansplain what socialism is to me but he doesn't know what socialism is ",😔😡😤,0
my minecraft gf just told me to go commit hug creeper and then i griefed her house with lava and tnt ,😊😌💪,0
look at these cats its us ,😊🐾😸,0
"casual sports questions! i'm deciding to add a little theme to my usual list of questions! 1. whats your favorite sport to play/watch? 2. favorite pro athlete? 3. most hated pro athlete? 4. sport you can't stand watching? 5. where do you watch your games? at home? live? at a bar/restaurant? **op** 1. association football (soccer) 2. ive got a few; luis suarez, philippe coutinho, messi, kylian mbappe 3. sergio ramos and christiano ronaldo 4. golf 5. the pub or online; not so easy getting to the camp nou ",😊😌💪,0
"comment something your p.e. teacher has said but add the  emoji at the end ill go first: ""you gotta slow down ladies you're going too fast """,😊😌💪,0
it's my birthday tomorrow but no one cares ,😔💔😢,0
haha what do you mean theres a lump in my tiddies ,😊😌💪,0
"i finally did it i got one of my ears pierced, now im a radical rebellious teen ",😊😌✨,0
"vent megathread - scream, yell or rant about anything that is on your mind. here is your weekly megathread for **venting / ranting**. # tell us what's on your mind. a few general questions to start you off: 1. *what's bothering you?* 2. *if someone came up to you with the same issue, how would you walk them through it?* 3. *what would help you feel better?* a few subreddits of interest: /r/changemyview, /r/rant, /r/vent, /r/offmychest & [more-](/r/casualconversation/wiki/directory#wiki_.2192_venting) --- **^[megathread]** megathreads are used to help keep the sub from flooding whenever we have an influx of the same topic. further submissions on the topic of [venting & ranting](<url>) will be redirected here. [read how they work and when they're posted- ] (/r/casualconversation/wiki/megathreads) ######join us on: [discord](<url>) [irc](<url>) [orangechat](<url>) * [introduce](/r/casualconversation/search?q=title%3aintroduction&restrict_sr=on&sort=new&t=all#int) [relationship](/r/casualconversation/search?q=title%3arelationship+megathread&sort=new&restrict_sr=on&t=all#rel) [vent](/r/casualconversation/search?q=title%3avent+megathread&restrict_sr=on&sort=new&t=all#ven) [celebrate](/r/casualconversation/search?q=title%3acelebration+megathread&restrict_sr=on&sort=new&t=all#cel) * [minecraft](/r/casualminecrafting#min) [music](<url>) --- ^**feedback?** [^message ^the ^mods](<url>) ^or ^head ^to ^our ^metareddit ^/r/ideasforcc. ^stay ^updated, ^follow ^our [^live ^thread](<url>)^. ^ ^made ^with ^",😊😌💪,0
"dear neckbeards, i bet if you met your waifu you'd be too scared to talk to em, or you'd get rejected right away. lonely piece of shit. if you can't talk to real girls then what makes you think you can communicate with a 'waifu'? you think they'd like your 1 inch dick? you think they'd like your fedora and katana collection? you think that they'd like your shite hygiene? no. they may seem cartoonish, but i bet most of them aren't dumb enough to fall for your miserable ass, just like any normal functioning human being. go outside. oh wait, you can't, because it's quarantine. it's still on you (if you were a neck beard before quarantine), since you decided to live your life a goddamn hermit, and now you have to improve your social skills. i bet you're thinking ""what's the point of working out? it's quarantine it's not like i'd go outside to talk to women lmao."" people go outside during quarantine, to stores and shit to buy stuff, not that you'd know, you'd probably never know the difference between quarantine and normal life you sad sack of shit. /j /s i love y'all and hope you can find happiness with your waifu one day  you look so cute with that photoshopped picture of you and (waifu), (name, most likely something western, like edward)-san.",😔💔😢,0
i'm an official gamer now  i'm getting a switch soon so i'll soon be a real gamer ,😊😌💪✨🌟,0
my first time at karaoke i wish - skee lo i wish i was a little bit taller i wish i was a baller i wish people actually liked me *everyone becomes silent*,😔💔😢,0
"sending a mother's day card i'll try to make this quick. my mom has been having a rough time lately so i wanted to do something really nice for her for mother's day even though i won't be home since i'm away at school. so i found an ad for a $30 mother's day card through instagram and when opened it pops open with hearts on a tree and stuff it's really nice and unique i thought. so i bought and sent that with a long thoughtful message that was from the heart. the message was along the lines of she does many little things that she may think goes unnoticed but i truly appreciate everything she's done for me no matter how minor. long story short i forgot to sign any names and she sent a essay long thank you saying how unique and pretty the card was and how thoughtful it was and how as soon as she got home and opened the card she was filled with happiness, the message was basically really nice and involving plenty of heart emojis. she sent that to my sister who is also away at law school but she didn't message or call me at all (which i'm fine with just as long as she is happy ). i told my sister to just go along with it so it wouldn't ruin the effect or anything by saying ""oh btw it wasn't me who sent that"". next time i'll sign my name also, i kinda just forgot or assumed she would know who it's from. just thought this was funny like a curb your enthusiasm episode tl;dr i sent a mother's day card to mom. i bought and sent it from college and forgot to add a clear indication of who it's from. my sister got all the thanks and we just laughed about it like it's from a curb your enthusiasm episode.",😊😌💪✨🌟,0
i know nobody will ever read this post ever but...  ... if you can fuck you literate bitches i swear reading is overrated. *this post was sponsored by illiterates gang.*,😔💔😕,0
free hearts to spread only one dollar a piece get your heart in every color you desire ,😊🌈💚,0
omg i've look everywhere for this song and i can't find it  basically it's this song in tiktok and it starts with like slow chill drums and then goes likes ooooooh lalalalalalalalalalaaaaa sung by a female and it's very short and chill and she sings it pretty huh pitched so uhhh yea pls help,😊😌✨,0
still hungry  i need mf nutrients,😔💔😢,0
"why i hate 420 i was a senior in high school when columbine happened. it threw our whole school upside down. fast forward many years and many school shootings later. i still hate them all, but i, like everyone has gotten used to it. fast forward to april 20 2018...8pm. i got a frantic call from my cousin t! she asked if i had heard from brian. no why? she dropped that bomb on me... brian died earlier.. i'm so sorry! my heart sunk. i had to give the phone to my mom. a year later and it still hurts like yesterday! ",😔💔😢😭,1
"anyone about to suicide wanna go on a crazy 'fuck it' adventure first??! sup reddit, i'm 17m and ended up with no friends or family. spent the past year doing drugs by myself but have stopped now. i'm working full time and have some money saved up. hate my life etc. thinking since i'll probably kill myself soon anyway may as well use that money to go on some sick adventure first. anywhere in the world, anything. fuck it may as well. anyone my age on the brink of suicide wanna join? will be fun",💀🕳️⚠️😭🚨,1
there's all these people talking about crushes... and there's me who goes to a boys only school sitting here like  oh wow crushes haha yeah  wish i had one,😔💔😢,0
"he won't tell me he loves me. tl:dr; boyfriend of over a year won't tell me he loves me. my boyfriend (34m) and i (30f) have been together for about 15 months. we got serious pretty quickly. moved in together about 7 months in. everything's great. we communicate well. never argue. have talked about and dealt with some pretty serious issues we both admittedly have. we both have lost both of our parents by a pretty young age and are both only children. he treats me like a princess, very chivalrous and a perfect gentleman and i think he's so smart and charming. overall very happy in our relationship, however, he will not tell me he loves me. i felt i loved him within a few months and i thought he'd follow eventually, yet, here we are, 15 months in and no ""i love you"" from him. he certainly acts like he loves me. what gives? i've asked him so many times why he can't say it and he always asks me what it feels like to be in love, but i can't really describe it. i just feel like it's something you just know. has anyone dealt with this? it's not a deal breaker but one of my love languages is definitely words of affirmation and it's hard for me not to hear it. i don't even really tell him i love him anymore because i can't stand to hear him reply with ""awww, thanks"" or ""you're so sweet"" anymore.  help! has anyone else dealt with this?",😔💔😢,0
i just want one thing and it's not even materialistic and i can't have it... a person to share my affection with lol ffs how is it so hard for me to find one person that likes me as much as i like them  i have an overwhelming amount of love to share that has built up over these 20 years and nobody wants it smfhhhhh it sucks being ugly man. how's your friday night going??,😔💔😢😞😩,0
"my ideal gf 1. just live in england 2. like at least 1 thing i like. hopefully warhammer or anime if you fit bith of these and arent under 15 lets date . warning, do not actually date me you will be disappointed",😔💔⚠️,0
i just want dick what the fuck why does my family follow me everywhere please let me obtain le sex in peace raging hormones gang gang ,😔😩😕,0
"forgetting my mother's birthday i'm the youngest of four kids, and all four of us forgot our mother's birthday was yesterday. what makes it even worse is our mother is single and lives alone, so in all likelihood she was entirely alone on her birthday. my eldest sister even talked to her on the phone yesterday. we all thought her birthday was today. i feel like the worst son in all of existence. i found out by texting her happy birthday this morning, and got back this: yeah, i am very heartbroken because not one of my kids remembered. i am at work so i can't get into it or i will cry. and i am your mom. of all people you should remember me.  i immediately texted my siblings that we messed up bad. the oldest is rushing to pick up our mom from work to surprise her with lunch and flowers so we can try and make it up to her. tldr: my three siblings and i forgot our mother's birthday and she's heartbroken.",😔💔😢😭,0
"mothers day megathread here is your megathread for **mothers day**. a few general questions to start you off: 1. *what kind of plans have you got with your mothers today?* 2. *what kind of presents did you get your mother?* 3. *what are your thoughts on mother's day?* --- **^[megathread]** megathreads are used to help keep the sub from flooding whenever we have an influx of the same topic. ######join us on: [irc](<url>) [discord](<url>) [music](<url>) * [relationship](<url>) [vent](<url>) [celebrate](<url>) * [podcast](<url>) [minecraft](/r/casualminecrafting#b) --- ^**feedback?** [^message ^the ^mods](<url>) ^or ^head ^to ^our ^metareddit ^/r/ideasforcc. ^stay ^updated, ^follow ^our [^live ^thread](<url>)^. ^ ^made ^with ^",😊😌💪,0
all i want for christmas is... someone to kick and step on me ,😔💔😢,0
"idk how well i can describe my least favorite type of person but here goes 4,500 followers 2 following emma grace phe phi pho fum gamma vsco.com/emgrace asu '24 most recent post: ""on my last mission trip i got to see impoverished kids and they changed my life"" yet they literally made fun of the impoverished kids.",😔💔😢,0
judge me by my profile be as harsh as u like i can take it,😔💔⚠️,0
"please help mefor the first time in my life i called a suicide hotline and the guy was very helpful. unfortunately i had to cut it short because my family got home and i'm ashamed i called. what would they think if they knew. would they think i'm insane? have me committed? and my boyfriend? we both have issues with depression but i'm medicated for it. he's so supportive but i'm terrified to tell him i'm contemplating this. and my doctor. i lve been considering going to her and asking for something prn like xanax or ativan but idk what to do, or if i tell her about my call to the suicide hotline? will that go in my record? i'm just... i don't know what to do anymore. please someone help me edit: hey everyone, just wanted to let everyone know i'm okay. i told my family and my boyfriend. they were super understanding, and i just went to the doctor. he put me in contact with some resources and also prescribed me something as needed for anxiety and sleep. thank you everyone for your concern and help ",💀🕳️⚠️😭💊,1
lol 69 xdd my reddit age is now 69 days. that's the sex number lmao xd,😊😌✨,0
"since this sub has pretty random content, anyone in here play rocket league?  just add me on epic. chll0eeea's the id",😊🤝✨,0
"it's 12 almost 40 for me and i'm bored  so does anyone have any like, discord servers they're in. preferably some around my age group but idc. just want to talk to new people :p",😊😌✨,0
thinking about frog cakes  thinking about [him](<url>)  i wonder what he thinks about,😔🤔😕,0
"ridiculed for suicidal tendencies rather than being provided helpearlier today i tried to jump out of a vehicle going over 65mph and was only stopped by my dad grabbing my coat and pulling me away from the door handle. after the initial scare from it, he said nothing about it at all and continued to berate me about the argument we were having beforehand. later that day i got home and decided to paint my nails because, why not. i was swinging my arms around to make them dry faster and my uncle said, ""are you going crazy? oh, don't answer that. i heard about you throwing a fit and crying and trying to jump out of the truck."" so, i guess my dad decided to bring it up, but it sounds like they made fun of me for it. no ""are you okay?"" , ""why did you do that?"" or concern of any sort. i've never made an attempt on my life in front of someone, so i don't understand the pure apathy of the situation. they say that killing yourself hurts the people you love and is selfish, but holy shit it seems that the people i love are the ones that are killing me ‍",💀🚨⚠️😭🕳️,1
"i (22f) don't feel like my boyfriend (26m) is attracted to me. is it in my head? here's the backstory: i come from an emotionally abusive home and have had one past relationship with an abusive ex. i am very insecure and always have been. however, i met this guy about 4 months ago and it's the first time i've felt genuinely comfortable with a guy, including casual flings, etc. we started off very casual but ended up growing feelings for each other and establishing a serious and exclusive relationship. things have been tricky because of my past, issues in my current life as well as his etc, but we support and help each other through it. he's the first guy i've had feelings for who hasn't belittled me, etc. honestly, i thought our sex life was great. we had sex once or twice every time we saw each other, i gave him head all the time which he loves. i know he is a tad bit shy, plus i am his first relationship since he was in high school so i know he's learning how to be expressive in a relationship. i know this because i asked him on his birthday when we were getting at it ""it's your birthday, what do you want?"" and he looked a little embarrassed and just said ""you haha"" and it took him a few moments before he asked if he could cum in my mouth and i was like, of course. then over text he brought it up saying he liked it- he would often only discuss things he liked the night before over text and in kind of a shy manner. i thought it was sweet and knew he was getting closer to opening up so i was giving him time and letting him know that i want to know what he likes so i can make him happy. it took him months to admit he had always wanted to eat me out and finally do it. so there's that. so in my feelings of comfort, i playfully brought up the idea of a threesome with another girl. it's a fantasy of mine. he was all for it but said ""i don't wanna mess things up with us...are you sure?"" i told him yes, but it's just an idea for now, and we could actively pursue it in a few months maybe. he agreed. we don't sext too often, because we see each other quite a lot, but i was out of town and we began sexting and it was really hot, then we starting discussing the threesome and he went into detail about what he wanted. it surprised me but again, it was hot and i was into it. however....in the past few weeks things seem different to me. he also went on a trip, and each night i wanted a video of him cumming (i love it) but for him to get there he'd bring up the threesome and one of the girls i had specifically showed him from tinder (different girls on different days, i generally show him all my matches to get his opinion). he also said that for the girl he preferred blondes with blue eyes (like me). as for the body he said a big ass that's not huge, and big boobs over tiny ones. well....for my size, i have an ass. i definitely had an ass when i was ten pounds heavier but he met me after i lost weight (i'm really tiny) due to my anxiety and some health problems. and for my size, i'm not flat by any means. i'm a 30c, which is like a 34a, but on a smaller frame. i would categorize my breasts as tiny. and i wouldn't call my ass big. so basically, he prefers my opposite. i did bring that up, saying i didn't want to attack him for his preference but i was now curious if he really did like my body seeing as i'm so petite. he said he did. but sometimes he doesn't cum when we have sex. like last night. and then he went soft. i know he was tired and sweaty, but he lost interest. sometimes he gets tired and i finish him off. i'll send him texts telling him how hot he is, how much i want him and he kind of responds okay and sometimes not at all. i cleaned his house for him and he texted a thank you and i said ""anything for you"" to which he said ""anything??? "" i said yes with more sexual emojis, and he said ""watch the game with me?"" that felt great. i just said sure. he said he only said that to surprise me. i said i wasn't surprised. i sent him a meme about being in a relationship with someone who is too hot for you and said ""how i feel about you"" and he just said lol, is that why you can't sleep? (the meme was people laying in bed awake at night) also felt great. now, i'm not feeling comfortable enough for the threesome although it's still a huge fantasy of mine. he doesn't bring it up much honestly, but he did ask if i was still gonna hang out with this tinder girl (i said i wanted to chill with them first and get to know them) i said maybe, and he went on about exactly how he wants to fuck us both and want he wants to do to us. still, it's hot, so i was into it and all but tried steering the conversation more towards just us, saying ""oh by the way when i give you head next i want to try this..."" he said it was a good idea but kept on with the threesome thing. he said he anticipates cumming like 3 times, but last night....he didn't cum once. he had said it was super hot upstairs last night (temperature wise) and he was sweating so i said ""haha maybe if we keep the ac on you can go for that long!"" and he said ""if i get frequent head i can definitely go that long. "" i'm still over here like: you didn't. cum. once. last. night. is it me, physically? is it him? or am i just over thinking? cause i feel like he just wants to fuck other people and can't even be that excited for me... tl;dr: summaries are hard",😐🤔💭,0
"will mixing klonopin and alcohol successfully kill me?**scroll all the way down to skip the dark/slightly threatening sob story & get straight to the question. hi. please just answer the question. don't try to save me or tell me it'll be worth it, i'm an asshole, i'm a sociopath and a narcissist and i've messed up my relationship with the only person i cared about in the world. 20, female, rich family, college, but i don't give a fuck that my parents gave me everything, i don't care about anyone and always find something to hate about in everyone. i'm the devil him(her)self, feel no sympathy towards me, saying all of this is such a huge ego boost, but i'm a monster so don't feel sympathy for me. i hurt people, string them along to drain their energy, waste their time, scar them emotionally and i can't feel remorse. my only concern is taking and i can't see anyone else's point of view. manipulating them into staying with me because i need their energy. i have no energy. sit, watch, manipulate. that's my personality. i have no remorse, empathy or regret--the only regret i feel is getting caught or wasting my time. i am not a good person, and mask it like a master. jesus on my necklace everyday. everyday typical college girl. but no one knows who i reallly am, just the illusion that is prortrayed and now that the one person that i've ever experienced deep love, care, and feelings with, my favorite person, found out my truth, i can't live with the pain of that loss. nobody gives a fuck about me and i'm very angry at the world, nobody helped me, no friends or family, no one. ive come to a conclusion about a belief i've been contemplating about a lot--people don't really care about each other. maybe 1-4 people, throughout your lifetime? and, that i am capable of doing something, something so terribly evil i can not mention on reddit or to anyone else in the world, and i would do with no regret remorse or empathy so please, reddit, don't try to convince me to not take my life because if any of you really are moral people with values and good character, you wouldn't want me to live. anyways! i have only about 7.5mg of klonopin tables and want to ask my older cousin to buy me a giant can of alcohol. i've never drank before. are they called cans? there's all these different bottles and cans, but i'm going to be wanting the strongest one so i guess a giant fancy bottle is my best bet then? does anyone know what the strongest type of alcohol is? ^you don't have to answer to those questions... anywho! 7.5mg klonopin and a giant bottle of a strong alcohol (e.g. whiskey) in one night. would it to the trick? the longer i am alive on earth the more people are in danger. i also don't want to grow past 23 and look old! i like to gain power over others from my looks. superficial charm. intuition. there is nothing more powerful than a beautiful young woman in college, other than a wealthy white gentleman or a white blonde mom in the suburbs with three kids and the name of karen. i'll read you like a book and sell you the best, most magical dream you could have ever imagined, and then slowly drain your energy and leave you confused, empty, trust issues, and yet still attached to me because i know just the right strings to pull and illusions to project to make myself seem harmless. the ego boost from this everything. i don't care about anyone else. people are objects of manipulation. everyone is selfish. they say hurt people hurt people and you're goddamn right. anyhow! don't talk me out of it please, and that there's still hope, there's no hope, i am the devil himself. imay be young. but i'm capable of carrying out certain acts, fueled by many years of deeply surpressed anger and hatred towards everyone and the world, how evil people are, fueled by feelings of a supreme god-like power and control, fueled by ego and the need to have ultimate power and control and dominance. no individual, who has moral values and good character, or even a small inkling of one or the other, would want someone like me to ""please get help"" or ""call the suicide hotline"" (that btw just sends you directions to a local therapist. like, thanks...therapy is absolute bullshit. you need to look within yourself and find the answers and your truth. get a cancer, pisces or scorpio friend that cares about you as they are extremely emotionally intelligent enough to quickly learn about you and your patterns, to the root of the issue and help you heal with love, the highest vibrational frequency of all ) (psychiatrists are cool though because it's all more logical, and because of that more instantly beneficial and stable. therapy is so uncertain and not worth the gamble, and the suicide hotline is a mess that just makes me want to croak even more just dealing with it. through my psych rn and from several psychiatrists in the past (let's pull out this long list from the imaginary magical fairytale book of hidden sadness and secrets) i have been diagnosed with bipolar 1 disorder, borderline personality disorder (bpd), a few qualities of antisocial personality disorder, narcissistic personality disorder, all of which are linked to sociopathy. at least i get the sadboi clout. so now that we've established some background about myself, please tell me if the amount of klonopin and alcohol that i listed above (7.5mg/a very strong bottle of hard liquor) would successfully do the trick? ps: please don't try to convince me to not do it. iappreciate the words but i know theres almost always an ulterior motive. if in rare cases not, though the intent may be to help make another person better or ""save"" them, but you will be doing the total opposite if you successfully convince me (which isn't going to happen). i am deeeeeepply hurt beyond repair and the way i survive is by taking from people. energy, time, love, emotions, validation, stability. and i don't give a fuck because i've learned that doing the right thing gets you nowhere, people use you,take advantage, look down on you, play games, betray you... little life advice...2 types of people in the world. ;)  anyways! will the klonopin and liquor successfully complete the task? zero tolerance for both. 5'1, 20 years of age and 101 pounds. just want to watch avatar the last airbender out at the neighborhood park at night, and right as i'm starting to feel it i'm going to start to record my last final moments and send it to my ex best friend, telling her that the reason that i'm gone, the reason my family, ""friends"" and long term family friends will be in pain and in mourning is because of her. but i do know deep down who i am. she had every right to walk away from me, i'm toxic x100, and i would have continuously improved my toxic trails day by day. but i would've done anything for her and if roles were reversed i would still love my best friend unconditionally, toxic trails or not. i would've tried to change for her, which i'll admit would be really hard, take time and effort, but i would've done it for her. i would t done anything for her :) i want her to live with that guilt and pain the rest of her life, that she is the sole purpose of my suicide...and that maybe one day as a grandma she'll begin to realize after so much time, no one has ever loved her with as much passion, protective nurturing energy, provided her with unconditional love, ride or die loyalty, devotion, intensity and raw emotion, and would have walked towards the ends of the earth and back for her...anything at all for her. wowww that was longer than i thought, well, thanks for the free therapy guys, any thoughts about my...‍ klono-plan? ...sometimes humor is used as a reminder that in the difficult times that all we have, balance is necessary, ......that, or humor is an escaping mechanism for deeply repressed emotions  ____________________________________________________ overall question that i'd like help on  7.5mg klonopin and a giant bottle or two of a strong alcohol (e.g. whiskey) in one night. would it to the trick? a painless ending is highly preferable. i am small. 5'1 100 pounds. any thoughts...?",💀💊🚨⚠️🕳️,1
hey guys i have the meaning to life first person to comment that i can see on this post i'll tell it to ,💀🕳️⚠️,0
girls toilets probably get dirty more quickly cause they don't have the ability to pee on the shit stains in the bowl. thank you for reading ,😊😌💪,0
what do you like about your work/study? is it casual friday? or maybe your red stapler? there has to be something you like about work besides the money it brings in. maybe it's janet or jeff over in accounting? ;) ___ thanks for reading ,😊😌💪,0
"falling in love from a distance not even falling in love, but just having a ""crush"" on people that i will probably never talk to, seems to be my area of expertise. i do this all the time  last year i met someone outside of a club and spoke for an hour or so, and i _still_ think about this person now and then. i just think it's kind of nice to think about something that probably will never happen. anyone else? or am i really weird",😔💔✨,0
i just heard someone be transphobic on the radio. totally not angry about how fucking normalized it is where i live. ,😔💔😡,0
"i can't take it anymore democrats just took the fucking house and senate  i thought we were good after 2016, and for these two years i've been good but now i'm feeling suicidal again. now we're gonna be taxed high, have illegal immigrants coming in, crime raises i can't live in this world anymore bye.",💀😭⚠️🕳️,1
" random antarctica factoid #26  the antarctica treaty was signed in 1959 and forbid countries from using antarctica for military purposes and as a dumping ground for radioactive wastes. later in 1991 it also became illegal to extract minerals or oil from the continent for 50 years. i hope that the ban on disrupting the environment becomes permanent honestly, otherwise i'm not looking forward to 2041 and beyond.",😔🌍⚠️,0
i'm having a hard timei dont really feel like talking about all my shit. idk why i'm even posting.  i just want someone to be there. ive been having a very rough time lately.,😔😢😞💔😭,1
"cake day cake! feat. jealous dogs i just so happened to get an angel food cake yesterday because i was craving it and today is my cake day! what are the odds! anyway, here's a picture of cute dogs and my messy room!  <url>",😊🌈✨,0
lol people were really nice when i posted a selfie and now i feel pretty  just wanted to share,😊😌✨,0
"introduction megathread here is your weekly megathread on the topic of **introductions**. # say hi & tell us about yourself! a few general questions to start you off: 1. *who are you & who do you wanna be?* 2. *how do you spend your day?* 3. *what's something you're excited about right now?* **show & tell:** what are you working on? / what do you make? a few subreddits of interest: /r/shamelessplug, /r/self, /r/somethingimade, /r/tellreddit, /r/todayiachieved & [more-](<url>) **notice** as usual, we remind you to be mindful of the [personal information](<url>) you choose to share. be safe & enjoy~ --- **^[megathread]** megathreads are used to help keep the sub from flooding whenever we have an influx of the same topic. further submissions on the topic of [introductions](<url>) will be redirected here. [read how they work and when they're posted- ] (/r/casualconversation/wiki/megathreads) ######join us on: [irc](<url>) [discord](<url>) [music](<url>) * [relationship](<url>) [vent](<url>) [celebrate](<url>) * [podcast](<url>) [minecraft](/r/casualminecrafting#b) --- ^**feedback?** [^message ^the ^mods](<url>) ^or ^head ^to ^our ^metareddit ^/r/ideasforcc. ^stay ^updated, ^follow ^our [^live ^thread](<url>)^. ^ ^made ^with ^",😊😌💪,0
assume stuff about me im bored <url> ,😔😕😐,0
"hahaha youre 13 on a teenagers subreddit hahahhaa lololllololol lolololol  you just happened fo be born after all of us  youre so immature and i bet you dont even remember minecraft  what a normie amiright fellow 14-19 year olds  i bet youre not even a real gamer who plays videogames to all of my fellow gamers, execute them. you heard me. all of these little children that were born in late 2005 to early 2006 shall die for their sins of not being a year older. we shall murder every last one of them and hang their worthless odies on the side of the road for all of the 12 year olds to see what they have coming. lolololol amiright guys lololl ",💀🔪🚨⚠️🕳️,0
"what is love?  sooo... i've had some hard time recently, but i try to clear my mind and go on. however there are some things i can't deal with alone so i've decided to turn to my fellow subreddit. **<throwaway time! skip if you're not interested>** i'm (male) gay living in non-us, conservative country. thus for long peroid of time i thought that i'm just as normal as everyone (and even had girlfriend xf). however, i moved out into more liberal city, things got crazy and i slowly realized that i'm not like everyone else. now for over a year i'm ok with it myself, and i started to look for someone in my life. i've had a few crushes. they were very attractive for me, nonetheless their personalities were terrible (either generally or just not matching my). however recently i befriended a fantastic boy. a week ago he came out to me and as soon as he did it, this strange butterfly-in-stomach feeling showed up. however, by contrast to earlier crushes, the feeling was way stronger and based on menal, not physical connection. (by the way for various reasons we can't be together) now i'm puzzled and i question all my previous views on things connected with love and romantic relationships. ultimately, i think i have never loved/been in love with someone. **<question time!>** * how do you percieve love? what does it mean to you? * do you think being in relationship can help you solve your problems or it's better to wait and try to help youself first not to hurt the other half? i can't wait to read your answers. oh, and have a fantastic day :) *ps.* baby, don't hurt me  don't hurt me no more *pps.* sorry if it belongs to relationship megathred. although i thought it's too general ^^",😊😌💪✨🌟,0
"hey who wanna be my bitch i got bagel bites and if you arent already wet, dont even bother asking ",😊😌💪✨🌟,0
"bad day tomorrow parents said they'd clean my room for me while i was on vacation, got back a day early and now they're making me do it. ",😔😒🙄,0
"i usually hate my body sooo much but sometimes i just look at myself and i'm like.. damn i'm thicc, would fuck ",😊😌💪✨,0
"accidentally sending a snap about a person, to that person.. it wasn't anything terrible, but i still feel like a total asshole for making it known to my friend that i was mildly talking shit. so i currently live in fl, but before that tn and before that mi. it's finally getting to be that time of year where it cools down and starts to feel amazing, and i go from despising florida to just disliking it. i love this 55-75 degree weather. it's absolutely perfect. well, i'm at work this morning chatting with my friend on our company chatroom, and she mentions that is was really cold this morning (55-57ish) and i joke with her a bit saying ""cold?! ha! that's cute."" but then i go on snapchat to send the conversation to a couple of my best friends, who live in alaska and vermont respectively, because i'd figure they'd get a kick out of it as much as i had. well, muscle memory and habit kicked in, and i selected my work friend's name in snapchat as well and sent it. my heart sank... i immediately messaged her on our chatroom and let her know (i figured it'd be one of those, 'better to hear from me first' things..) she had only replied to respond to something we were talking about previously, but nothing else since. usually she does go radio silent throughout the day or take a while to respond because work, but she hasn't said anything since and my anxiety has kicked in thinking she hates me now and i feel like a shitty friend  tl;dr: i accidentally sent a snapchat of a conversation i was having with a friend to mildly make fun of it, to that friend.",😔😟😩💔😢,0
"i feel like i should just end it the thing is the feeling comes and goes and i hate, i don't want to keep on going, this world is shitty, this full of bad shit, everyone single shit is raping others and killing and they get to walk away, people are fighting for love and not letting her/him choose, i'm just done with the world, the only thing that is helping me go on with my life is my dream, my dream to be someday become rich or just rich enough to help the poor",💀😔🕳️😭⚠️,1
idc how u feel about country music if we're tgt and u skip tennessee whiskey im beatin ur ass  this cowboy will lose their hat if u ever even think abt it !!!!,😊💪🤠🎶🔥,0
school starts tomorrow that's right guys it's my first day of highschool tomorrow i'm really anxious because i'm high risk and i'm being forced to go to school i'm getting so anxious to the point of throwing up. so many bad things happened this year with people from my school so i really just do not wanna see them. how do i control my fear? oh also how do i make my dark circles better? i've been sleeping well for weeks but they aren't gone yet. please help me,😰😔💔⚠️😵,0
"katy perry gush :) ***hey guys, gals, and non binary pals :)*** so i'm bored and listening to music and i've recently started listening to some old katy perry songs that came out back when i was little. anddddd i have quite a lot to say about them. :) nobody probably cares tho lol. but basically, i'm just gonna be gushing about her songs and lyrics cuz why not? if you're not interested, you can keep scrolling and ignore this lol. i'm open to having a discussion or gush afterwards in the comments if you end up reading my post. either way, hope you all have a great rest of your day/night! :) so to begin: i absolutely love how the majority of her songs are about empowering women and just so motivational. i feel like i've always been strong or known my worth, so i was able to relate to her songs. and then other songs are just really fun! no big message or anything, just for fun! now let us beginnn **part of me:** basically about how she's leaving her cheating bf according to the music video and talking about how life and people can be really crappy at times, but you shouldn't let them get the best of you. those people are miserable and sad which is why they try to make you sad and miserable. i personally can relate cuz i've been hurt... quite a few times throughout life by many people and honestly find it really hard to trust people now. but no matter how badly they've hurt me, i always, *always* bounce back because i know my worth and know that no matter how much they try to cut me down, they can't. nothing they can say can make me forget myself and my own worth, and i know that truly happy and good people don't try to cut others done or make them feel bad about themselves. whoever does anything like that is not truly happy with themselves or their lives. i mean, c'mon. do you really think someone who is perfectly healthy, happy, and good will try to make others miserable? **no.** i also know that if nobody else is there for me, i know i have my family to support me and motivate me. due to these reasons, i absolutely love this song :) **hot n cold:** this one is another motivational song! i loved this song ever since i was little as well because of the empowering message in it. in the music video, katy is getting married to someone but he gets cold feet. the song is about a toxic relationship, how one person doesn't want the person, but doesn't want the person to want someone else either, or is constantly changing their minds. the relationship started out great but started deteriorating. another thing i really liked was the lyrics that go like 'i should know that you're no good for me' and 'i should know that you're not gonna change'. i liked those because i feel it shows how in toxic relationship, people hardly ever change so it's honestly pointless to stay in those relationships. i know it's easier said than done to leave those relationships, so i'm not shaming anyone for staying in those cuz i know many people try to leave but can't. as i mentioned before, i've always known my worth so this song was motivating for me because when i date in the future, i know that i won't take anybody's crap. i know my worth and know that i deserve to be treated with respect, and i'll treat my s.o with respect, and the minute someone treats me badly or thinks that they can walk all over me, i'm out without a backwards glance. why should i waste my time on someone who doesn't respect me? there are plenty of people out there who will respect me, so i'm not gonna stay hung up on someone who doesn't. k *that* turned into a rant lol, sorry. basically, i found it really motivating and loved the lyrics :) **last friday night (tgif):** i looove this song lol. it's not motivational or anything, it's one of those 'just-for-fun' songs and i sing and dance along every single time. also, her voice sounds amazing in this song lol. i love dancing and the concept of parties, which i unfortunately haven't spent a lot of time at in my short 15 years of life :/ tho i do plan on attending many, many parties as i grow older haha. anyways, the song is just really fun and while the music video is quite crazy lol, i love it regardless and i can't wait till i'm older to have fun and be more independent as i have pretty strict parents who don't let me do a lot of things. that's another reason why i love the song: it gives me hope and makes me excited about the years to come once i get into college and am more independent. to sum that all up, loveee it lol **california gurls:** ok, so this song doesn't have any meaning behind it really either, but i just always loved it ever since i was little... before i understood that the entire song was basically about sex and was full of sexual references o.o i just loved it because i'm from the state the song is about so i felt very proud and famous when i was little cuz the song was about where i lived lol. besides that, i just like the beat and think it's a fun song! :) k those are all the songs haha. like i said, i was bored and felt like writing about the songs cuz why not? and also, my family is most likely tired of hearing this gush lol so i'm turning to internet strangers :) k, that is all byee ",😊😌💪✨🌟,0
"cornered into suicidei'm 26 and i hate every job i get. my passions bring no monetary return and i've had to sell my beloved instruments to get by. i quit my job 4 months ago and i've been in a hopeless depression. i'm not willing to work shit jobs until i retire. i would rather die. even the simple things are getting under my skin, traffic, groceries, going on walks to clear my mind... i'm sick of it all. i don't drink or do drugs and i still feel like shit so often. i only have $25 to my name and i need $800 to afford rent this month. sadly, the alternative to not working is being homeless, which seems miserable too. i feel lile i really have no choice but to kill myself and i'm posting here out of desperation, praying that an answer will reveal itself. if you read this far, thank you for your time ",💀😭🕳️⚠️,1
why was i born to suffer. i just want to die. life is pointless. i was born to suffer. i never sleep. i choke on everything. it's so hard to swallow. i can only get one drop of liquid down at a time. complete whole body parathesia. i make my grandmas blood pressure go up. i hate myself. i am disgusting and worthless and nothing. i am a horrible person. i wish i was never born. i just want to die. she reads the bible and tells me god will give me perfect peace. but he hasn't. i still remain the same. before this i was almost perfect. now am broken and can't put myself back together anymore. i tell her it's not going to be ok and she gets mad. it's not going to be ok!!! i used to have a job. but now i can no longer work. i am a disgrace to society. ,💀😭🕳️⚠️😖,1
"what to dohi, hope y'all are having a good weekend. i wanted to post to ask when it's okay to cut off a parent. i'm in my 20s and live with my mom. sometimes she is very rude and has anger issues. as a child i was abused mentally, physically and tortured in ways. i was asking my mom if she wanted anything from amazon as i found a hat knowing she wanted something nice. she was saying they have the exact same thing at dollarama etc or home hardware. i explained the quality is different and i even showed her. she tends to say ""sure"" and be rude. i explained i've been taught to question stuff like that unless i see evidence. i've brought this thing up many times because she tends to make up false claims and give false info about many things and i like to check if it's true. i was explaining it may be similar but they don't have that one and the ones online are higher quality. when she's proven wrong she was being rude and said get a job etc. also made up some b.s. i was a part time student and had to leave my job because the hours were getting in the way of classes at uni. i've worked contract jobs etc. since she was being rude i decided the tv i got recently that i let her use in the living room i would take back and put it in my room. i later heard her telling and then she threw my nice belt buckles, few of my clothes and my property and damaged some of my things. she can be extremely childish. she threatens to break my stuff sometimes and throws or damages my property, yells in the apartment to clearly get attention and i still have nightmares from things that have been done to me as a kid. i was wondering when it's okay to cut off family? if i should perhaps sleep outside in the winter. if something happens to me my sleeping outside and i pass away i've kind of accepted it. as a kid i used to try to sleep outside in the winter when i ran away, just to be able to get some sleep. i'm just wondering if it's okay to speak to her less or if i should just start sleeping outside and find storage for some of my things etc. i've already donated a bunch of clothes and other things last november in case i do move out i less things. any tips on what to do? perhaps i wasn't meant to be born lol. some days that i'm having a good day, either at uni or just in general it seems like she purposely says mean or rude things. sometimes she tries to start talking to me again and stuff. there are only some days which are good and i just wanted to be happy. i'm wondering now if there's even a point to living. perhaps if i'm not alive anymore it may be better. have a great weekend  positive vibes.",💀🕳️😭⚠️😔,1
view at your own risk...  ,⚠️🕳️💀,0
bruh why is it so sunny bring the cloudy days back ,😔☁️🌧️,0
"good morning, r/casualconversation, what do you do when you just can't fall asleep? pushed myself to stop lurking in this sub. ",😔😴💭,0
"if ur a twin, hmu sweetie;) filler up! filler up! filler up! filler up! filler up! filler up! filler up! filler up! filler up! filler up! filler up! filler up! filler up! filler up! filler up! filler up! filler up! filler up! filler up! filler up! filler up! filler up! filler up! filler up! filler up! filler up! filler up! filler up! filler up! filler up! filler up! filler up! filler up! filler up! filler up! filler up! filler up! filler up! filler up! here'swaldo filler up!",😊😌💪✨🌟,0
it's so fucking hot in my room it's prob just bc i'm in here ,😔😩😕,0
"only simp niggas comment ""you smell that "" on an instagram post with mostly girls in it. prove me wrong.",😊💪✨,0
bin im urlaub will sterben ,💀😭⚠️🕳️,1
"i think that my crush likes me back ok so i saw a post on here about how a guys girlfriend is like the square root of -100 and i sent it to my crush bc i am in the friend zone and have her number and stuff. anyway, she said girlfriends are assholes. me being the lonely son of a b****h that i am was like i wouldn't know because i don't have one. hehe i'm forever alone, later virgins . and she responded with you'll get one don't worry. i said i hope you're right. then she said. i always am . i also told her how i was gonna be gone for like 10 days on a trip and she said that's a long time . the weird thing is that she has a boyfriend so idk what the deal is but i hope that she really likes me back because she's funny and i really do like her",😔💔😞,0
"bf [22m] enjoys going out and drinking frequently and i do not [21f]. this is a reoccurring issue and i'm nervous it will just keep growing and could potentially end our relationship hi everyone! this is my first time posting so please cut me some slack if it's not the best quality so my boyfriend [22m] and i [21f] are going on about 6 months of dating, we're both seniors in college and we've talked about the future extensively... we've both expressed that this relationship is special and different than any other ones we've been in, so i'd say we're pretty serious! recently, though, i've been like obsessing over the fact that he loves to go out and drink and, i get it, we're in college, but it's like when i do go with i usually don't have a good time (because it's always with his friends at what i consider ""boring"" bars) but when i stay back and do my own thing i so left out. this has been going on since we started dating and back then i'd just force myself to go and try to convince myself that i will have fun, but that just got exhausting. sidenote: a litte about me, i workout very frequently and try to refrian from drinking because it's just not good when you're trying to work towards a goal!! additionally, i am asain so i lack a certain enzyme which disables me from being able to process alcohol like most people (aka ""asian glow""). so yeah, when i drink i get very hot and red in the face and my heart beats very fast. i also break out in hives sometimes soooo yeah, all in all drinking is not the most fun for me!! (don't get me wrong i do love to go out and have a good time but i don't see the point in doing 3-4 a week) additionally, i am very type a and i have been struggling with depression and anxiety. my bf has been super supportive and understanding when it comes to mental health issues but i can't help but let it get the best of me sometimes. so back to the situation, i choose to go out when i'm feeling it but have tried to just focus on me and try to do things that make me happy and not left out while he's out. this has been alright, it's just hard to ""do things"" from 10pm-3am? i've recently started driving uber/lyft and changing my workout schedule to late at night. i was hoping that these two things would make me happy (making some extra cash and having the gym to myself) but i just can't shake the thought that i'm still not ""happy"" and since he doesn't really invite me out anymore i just feel like shut out of that part of his life. the anxious person in me is freaking out that this can only just push us apart more. maybe he'll start enjoying the lack of my presence more and more and realize he'd rather be with someone that fits better with his lifestyle??? and yes, we have talked about this multiple times. it usually just starts a fight and he says he's not going to stop going out to hang out with his friends (which is not what i dislike!!!! i love that he gets to see his buddies and have fun) and i'm just stuck exactly where i started. also, yes i know i've been told ""just go to bed"" but it's like we live seperately, basically a block away, and so if i do stay home i just know there's a chance i won't see him for awhile. we both naturally stay up late late so why should i go to bed when i'm not tired and i know that i won't see him that night and possibly all day the next day? ugh okay, i'm sorry for the word vomit!! in a nutshell, i guess i'm just asking, have any of you experienced ""fomo"" (fear of missing out) and being insecure about your relationship because your differing lifestyles? i feel like i can't fully explain myself so i'll answer any questions that can help more accurately convey the situation. tl;dr my bf goes out way more than i would like to and we have fought about this numerous times. i want him to have fun but i can't help but feel super left out, nervous, and falling into cognitive distortions like jumping to conclusions and convincing myself that he doesn't care about me. is this just me? how do i get over this? /r/anxiety /r/relationship_advice",😔💔😢,0
"have you guys ever start a day without knowing what you're gonna do and then find something, and spend all day just doing that? it's the victoria day long weekend here in canada and i spent friday with my girlfriend, saturday with my parents, and sunday with my friends...so i woke up today on monday, with no plans... at 8 am, i got bored, went on netflix and netflix recommended john wick. i thought sure...and that was the beginning of the rabbit hole. immediately after that ended i had to watch 2!! immediately after 2 ended, i found 3 was in theatres!! i looked up a showtime and it was starting in 20 mins!! i bought the ticket and ran for my car. just came home and the only thing i regret about the whole thing is now i have to wait 2+ years for the next one  anyways, anyone ever fall down a similar rabbit hole?",😊😌✨,0
"why did i get divorced? well last week was my birthday. my wife didn't wish me a happy birthday. my parents forgot and so did my kids. i went to work and even my colleagues didn't wish me a happy birthday. as i entered my office, my secretary said: ""happy birthday boss!"" i felt so special. she asked me out for lunch. after lunch she invited me to her apartment. we went there and she said: ""do you mind if i go into the bedroom for a minute?"" ""okay,"" i said. she came out 5 minutes later with a birthday cake, my wife, my parents, my kids, my friends, and my colleagues all yelling ""surprise!!!"" while i was waiting on the sofa... naked. ",😊😌💪✨🌟,0
stop saying no homo instead say _full hetro_ ,😊😌💪,0
"my (26f) boyfriend (29m) feels that there's no reason for me to know who his friends are or anything about them. my boyfriend and i have been together for a year and a half. i have expressed to him multiple times that i cannot have secrets in a relationship, and that it feels like he hides who his friends are, what their names are, everything about them, as well as hides any conversation that he has with them. i know that he has more female friends than male, and that's all fine and dandy. but i feel like if you're having conversations or doing things that you have to hide from your significant other, then you shouldn't be doing those things or having those conversations. he claims it's because of how his ex-girlfriends have acted about him having female friends that makes him hide it, but i'm not his exes and i don't care what gender of friends he has so long as he sets clear boundaries, respects our relationship, and demands their respect for our relationship. i've asked him many times to just be open about it so that i don't feel like he's hiding things from me. i'm not asking to see his texts or supervise his conversations or anything like that, but when i ask just out of curiosity who he's texting (like he sometimes does to me), i expect openness and honesty about who it is instead of ""a friend"". he's constantly texting people and has all kinds of friends all over the world, yet i only know the names of three of them. everyone else is ""oh, just a friend"". he thinks that it's so absurd and controlling for me to want to know who his friends are and things about them, which makes me feel like he just doesn't want me involved in his life in any depth. he made the comment last night that ""it's not like you're ever going to meet them, so why does it matter?""  but he plans trips to go see said friends and i'm never invited, and apparently (based on that comment), i never will be invited. even when some of his friends come to our area, he mentions going to see them, but i'm never invited. i have always been open and honest about my friends. when he asks who i'm texting or what has me smiling when i'm looking at my phone, i tell him. i have nothing to hide, so it's no big deal. he knows the code to my phone, and i can hand him my phone to respond to my texts while i'm driving. i've made every effort to be transparent with him. i love him and want to build a life with him, but after being in a marriage where my ex-husband kept secret after secret from me, secrets are just an absolute dealbreaker. it seems like he thinks this is perfectly normal for me to never know anything about his friends and never meet them, but i've never been in or known of a relationship where this is a thing. this has been going on from day one, and marriage is something that he's expressed he wants. i guess i'm asking - - would it be acceptable to you for your significant other to never tell you anything about their friends (no names, no info, nothing), and for you to never meet them? and - how can i explain this to him?? tldr; boyfriend of 1.5 year won't tell me anything about his friends, says that i'll never meet them so it doesn't matter whether i know them or not. i'm not invited on trips to see his friends, nor am i invited to meet up with them when they are in our town and he goes to see them. this has been going on from day one.",😔💔😢,0
jojo... so i stole this jake from my friend but i will give him all of the credit... so imagine jojo siwa sitting in the bathroom vaping with her friends with some dope arse name like juul juul siwa ,😊😌✨,0
if you think i'm cute  shut up and quit lying. liars go to hell bitch.,😔💔😡,0
"every time someone says ""happy 4th of july"" he wishes my dad a birthday. my dad is born on 4th or july and we are not american but everyone is wishing him happy birthday. he was diagnosed with cancer last year around this time and he is final cancer free. i love him so much he is the best dad in this world. happy birthday dad, happy 4th of july i love you ",😊💪🌟🙏💚,0
"girlfriend applications :d yup. you heard me correctly. you can comment them or dm me it. just give me some basic info about yourself and then a little bio showing me a lil bit about your personality and your interests n such. a little about me: i'm a 16 year old dude (straight) from the us (midwest). i love music, movies, talking, sleeping, eating, and video games. i'm a drummer but i'm learning guitar and bass and ukulele. i also used to play the trumpet and piano. i'd say i'm pretty smart and i'm lowkey a geek (also kinda edgy too so uh ). im not the most attractive thing ever but i'd say my personality is decent. i think that's about it so um yeah :d (this is mostly a joke so)",😊😌💪✨🌟,0
"not to be too edgy or something butt when the robot uprising happens, i will kill you all  /s",😊😌💪,0
in less then a month i'm gonna meet my girlfriend who moved away to ohio for her dads work. i'm really excited and wanted to share that with everyone on this thread and i love her so so much thank u for reading have great day ,😊🌈💪✨,0
"i give up dating... at least i'll have enough money saved up for the upcoming playstation 5, am i right fellow gamers ",😔💔😢,0
feels bad time to tank 8hr shift again..... i have work in 3 hrs.. i spent all fucking night thinking about her... now i have to work while feeling tired and shitty. why do i choose to do this to myself  fuck my life i'm tired of it all,💀😩🕳️😭⚠️,1
"3d pen art i create video game characters and cartoon characters with a 3d pen.  currently, there are tutorials on how to make among us, fall guys, shooky (bt21/bts), minecraft kirby, pikmin, and paper mario 3d pen figurines. i will be making even more video game characters soon. link to channel: <url>",😊✨💪,0
are those gunshots or fireworks? murica,⚠️💀🔫🧨🇺,0
"after more than year of hopping around with crutches, i can now start to relearn how to walk again. my mood is great, pain is great, and still i am super excited, but i can slowly start waving goodbyes to those stupid crutches. theyre worn out already,they are getting loud and i was worried that they will collapse on me soon.  finally i can start living again. when doc told me this, all i could do is make that silly grin and ask him to repeat that,just to make sure. man oh man, what a great way to end this week! and how was this day for you, my random redditor?",😊💪✨🌟,0
"who's the horniest of them all? you know technically, it's a statistical fact that for any given activity, one person in a population has done it more than anyone else. so that means that someone on r/ teenagers has jerked off more than anyone else. i mean out of 1.3 million of us, what is the high score? one person has bust more nuts than the other 99% of us. he could be among us right now",😊😌💪,0
which guy from camp buddy is the hottest  for me it's probably hiro he can get it ,😊😌💪✨🌟,0
coffee or tea im a tea green tea especially,😊😌💚,0
slightly sorry but only slightly ,😔💔🕳️,0
"i need help for a friend who's boyfriend killed himself i don't know where the best place to post this is. however, a month ago and 2 days ago, my friends boyfriend killed himself. they were living in mexico at the time. she is pregnant and had to come back to the united states for the doctors. as she was in the united states, she got the call from her boyfriend's mother. she said that her boyfriend was always so happy to see her and be with her. she wants to blame herself about it. i know it's nothing wrong that she did. i'm not sure what going through his mind. i'm just wanting to know how to help. she will say things like "" i hate my life. what did i do to deserve this kind of fate in life. i just wanna give up so bad. i just want my happiness back. i don't even know what to do or think anymore."" i message her and just ask her how things are going. i'm trying to be a good friend and help her in ways that i can. she is trying to get a job and keep distracted from the fact. she is still keeping the baby and hoping that the baby will help her. the baby is due in may. she doesn't have much money to see a therapist and would rather see a support group. what can i look for and send to her that might help? any inspirational posts/websites or blogs that i could send to her to help?",😭💔😔⚠️,1
"i'm tired, can't sleep, let's talk about anything  what are you up to? we can talk about anything i guess, i really can't sleep, if anyone else needs someone to talk to as well, i'm here",😔😴💔,0
"free award to whoever guesses my favourite song no clues but you could look through my profile and find something  edit - prize has been claimed, no more prizes available",😊😌✨,0
"i wish i was good at art and drawing stuff  or good at anything, really. i'm like aggressively average at literally everything i do ",😔💔😞,0
"i have a big exam tomorrow and i'm nervous i have a very ..hmm abusive family and no friends to speak too so i'm bursting to get this out somewhere! i am utterly terrified for an exam tomorrow afternoon for my degree  i am silently a mess . i have prepared somewhat but it's difficult as the exam is something i will have to perform - so following set procedures. i really truly hope i'll pass this, i'm so scared!",😔😰💔😭⚠️,0
"is this girl into me or no? help help i was sorta flirting with this girl and we keep sending each other heart emojis and   these two emojis, and she just said that she doesn't really know why we do that ( do keep in mind that she also sends these, and often is the first to send it) does this mean that this is a lost hope or what. please answer",😔💔😕,0
i completely forgot how good mochi is  now i want some,😊😌✨,0
i'm woke so i'm at work and i'm feeling pretty tired and i might accidentally take a nap. i found a thumbtack and decided to poke my arm to wake me up. it didn't help much so decided to try a more sensitive spot. i poke the tack through my shirt and prick my nipples. man i'm woke now 10/10 wake up method would definitely recommend,😔😖⚠️,0
"13 year olds on here be like: guys my crush didn't reply after she specifically told me to never message her again. i'm depressed as fuck. and i have lost all purpose in life  note: this isn't like, a hate post or something.",💀🕳️😭😔💔,0
theres an otome fitness app this is so funny to me ok but im kinda considering downloading it ... uhh ‍ gotta go,😔🤔📱,0
"subreddit network - chat, play, listen and talk with us outside the sub our subreddit has many ways to keep in touch with one another. whether it be on the sub itself or in our others areas to interact. we're here for world domination. come check them out... --- #chat ##discord - <url> - [[wiki]](/r/casualconversation/wiki/voice) let us hear your voice. come talk, sing, sneeze multiple times, and do your worst accent impressions on any of our voice channels. we often have live music nights in our open mic room! ##irc - <url> - [[wiki]](/r/casualconversation/wiki/irc) looking to have a live chat? look no further come join us talk about things in real time! let's go duck hunting! ##orangechat - <url> - [[faq]](<url>) to nooby for irc and how to do all that technicall babble? join using orangechat, it connects to our existing irc channel. no need to make an account, you login using your existing reddit account. #play ##minecraft - connect w/ 'casualconversation.net' - /r/casualminecrafting a nice fun and friendly minecraft server for our awesome community. it is ran fairly vanilla with a few plug-ins: residence, lwc, coreprotect and essentials. ##/r/casualgames + steam group - <url> a place to discuss games, in a nice casual environment. more geared towards video games but any other games such as card games and tabletop games are welcome. we have a steam group, with 1k+ users! #listen ##plug.dj - <url> a place relax and chill with us while we listen to music. #talk ##/r/seriousconversation an offshoot of cc open to topics that aren't casual let's talk through serious topics & events. ##/r/ideasforcc a meta subreddit for us to share insights, new ideas, address issues and ask questions about the sub and it's extentions. ######join us on: [discord](<url>) [irc](<url>) [orangechat](<url>) * [introduce](/r/casualconversation/search?q=title%3aintroduction&restrict_sr=on&sort=new&t=all#int) [relationship](/r/casualconversation/search?q=title%3arelationship+megathread&sort=new&restrict_sr=on&t=all#rel) [vent](/r/casualconversation/search?q=title%3avent+megathread&restrict_sr=on&sort=new&t=all#ven) [celebrate](/r/casualconversation/search?q=title%3acelebration+megathread&restrict_sr=on&sort=new&t=all#cel) * [minecraft](/r/casualminecrafting#min) [music](<url>) --- ^**feedback?** [^message ^the ^mods](<url>) ^or ^head ^to ^our ^metareddit ^/r/ideasforcc. ^stay ^updated, ^follow ^our [^live ^thread](<url>)^. ^ ^made ^with ^",😊🤝🌟,0
"as the night goes, she said to me: pighati  -ron, the almighty rat king",😔💔😢,0
im going to sleep now  goodnight ,😴💤🌙,0
life sucks i just want to die - people are mean and cruel - i can't do this anymorei just want to die i'm so sick and tired of life and i can't the pain anymore...... people are mean and cruel ..... why is life so unfair ..... i really wanted to live but i'm left with no choice ... people are horrible to one another ... why??? why get joy out of someone's misery ,💀😭🕳️⚠️😰,1
"post: has 6 awards, gold and silver :1 :5 it's just never balanced and gets on my nerves",😔😩😕,0
do not stick you dick in a black hole  i did that and then my dick exploded and now i'm stuck in a void. learn from my mistake and do not ever stick your dick in a black hole.,🕳️💀😰😵⚠️,0
"what's ur guy's favorite color i personally am into more pastel-ish and warm colors. orange/pink/green are my tops, mango, peach and fern if we're getting specific  <- these colors of you wanna visualize it",😊🌈✨,0
"who wants to be my buddy idk this is half joke but also not really bc i only talk to like the same two people everyday lmao anyways someone talk to me about minecraft, studio ghibli movies, music or frogs please i beg (its also 5:30am so dont be surprised if i disappear) literally just ask me about my frog plushies and ill fall in love ",😔💔🥺⚠️🌙,0
"just another guy lost in his tracks, seeking help!! i have scored significantly low on my grades which will be the basis on which i will be given admission to my graduation college.. and i feel that i might not get admission to a good enough college.. now i know i am not in a verrrryyyyy bad situation yet.. and i do keep a positive perspective.. but i feel lost.. where should i go next.. what should i do.. how should i move forward.. care to help, guys? ",😔😢😞,0
"ex [28m] broke nc asking for me back and now i [24f] need a slap of reddit reality. he says he misses me and can't move on, that he's never been this messed up over a break up in his life, and would i please meet with him. i'm so angry at him for contacting me. i had been doing great the past few weeks--i hadn't thought about him *at all*, and now suddenly i can't get him out of my head. the day we broke up, i was done. i prepared myself to never speak to him again, even though that would mean i would never get any answers about why he suddenly turned into an absolute ass, straight out of the blue, after being mr. perfectbf for 6 months. we'd been friends for five years too, yet in the span of a week it went from amazing-dream to total-shit, and it felt like he kind of just threw me away. even if i was the one to actually end it, he didn't seem to care, i think it's what he wanted. i was determined to stop feeling hurt, even though there were a few times when i wanted to contact him so badly, i always pulled through and finally, after several months of feeling horribly empty, lonely, and heartbroken, i started moving on. everything started looking up for me recently, and so many new things have happened to me since the break up. i had a casual fling with someone new. i am killing it at work in a new job and doing great in my first year of grad school. i bought a new truck after being car-less for several months while we were together. i just got my first place, a little house in an awesome part of the city, after only ever living at home with my parents. on top of all of that, my lifelong battle with major depression has finally started to get under control. i know i should not care anymore! why is it so hard all of a sudden? i was over so this, but it's all blown back in with a vengeance. i am so angry that i've allowed this to set me back after so much time. reddit, tell me what you are supposed to do when this happens. has anyone else been through this? do i just try to forget it again? or do i meet with him and see what he has to say? clearly he wants to get back together, and i don't know if i want that because i don't know if he even thinks he did anything wrong--he sure didn't apologize back then. he has never known how to admit when he makes a mistake and i don't know that that's changed. the other reason is really shallow, but the fact is he has herpes and i don't want to make a worthless irreversible mistake if this falls apart all over again, so why even bother! any advice or thoughts would help a lot. my friends hate him after what happened so i can't figure out who to talk to about this. 95% of the rest of the time he was absolutely perfect and i loved him to bits. **tl;dr:** perfect-bf of 6 months/friend of 5 yrs, out of the blue, told me his first ex's vagina was better then mine right after sex. didn't apologize, ignored me for a week, and when i broke up with him over it he gave me back every single piece of crap i had left at his house and seemed totally cool with it. 5 months later, i've moved on, or so i thought. now he's begging me for forgiveness and i feel like i'm suddenly back at square one. i need help on how to move forward, or just a slap of reality from the ruthless (and usually correct) r/relationships community...",😔💔😢💪✨,0
what did you eat today? i'm about to bring this noodles and company home and destroy it. (macaroni and cheese with bbq pulled pork)  i got the same thing for my dad and he added salsa verde to it,😊😌💪,0
can't pay fucking rent. every time i'm starting to get on my feet shit comes up financially that throws me back down to poverty. peace my guys. ,😔💔😞⚠️🕳️,1
"remember, your significant other doesn't have to verbally tell you how much they love you today i was supposed to have oral surgery via removing access tissue on my back upper gums, and i was pretty nervous since i knew i was going to have numbing shots, and you know how long and terrifying those needles are if you've ever had to endure dental work... anywho, my boyfriend started the morning by running out to get us coffee. he came over to my house to make sure i had a good breakfast since i wouldn't have been able to eat after, cleaned all my dishes including ones left behind from a day or two ago since he knows i love a clean kitchen to wake up to. rode with me to the dentist, went to work, left work early to pick me up, just to go back to work. if he wasn't offered to earn extra cash today, i know he'd be at my house giving me a massage, maybe make me tea, and all the cuddles. but making me a priority while he is working and preparing for a long event tonight, just to take care of me has me feeling some type of way. work is important, just knowing my parter would do those sweet things if he were here is even better. however, i didn't go through the surgery since my dentist concluded that wisdoms need to be removed instead. this is even more painful and takes longer to heal, which sucks, but i already know he'd be there by my side and take care of me. the action of displaying love is louder than the words followed. accept the efforts your partner puts into you this valentine's day rather than what gifts they give. the gift is your partner's love.",😊😌💪✨🌟,0
"about to see toy story 4 in real 3d, can't wait ",😊🌈✨,0
fuck hormones fr im horny at 9am i haven't even eaten breakfast or got out of bed yet. fuck. ,😊😌💪,0
"going to therapy tomorrow to figure out how to cleanly separate with my (30f) partner(39m) because the holidays retrigged the traumatic start to our relationship and i cant attach to his daughter. i want to believe he'll be a good husband but i can't trust him. my boyfriend's daughter recently moved away with her mom a few months ago. her visiting for the holidays pretty much retrigged the trauma of the beginnings of our relationship (will explain in a sec). i have as kindly as i could told him i can't see myself ever completely accepting her as my own, i don't know how to not feel like i'm sacrificing a normal family, and i've tried so hard to make that happen but we're broken. we're going to counseling tomorrow to try to figure out how to end this the best way we can for us. i am considering also showing him this thread if it's not too painful. the backstory which paints why i can't see her as my daughter which is largely due to how he originally made me not trust him as a father or husband: we hooked up a year and a half ago. i didn't eat and drank too fast because i was speaking publicly by mistake got black out drunk which i never let happen to myself. i was ashamed. we hooked up, he didn't use a condom (we are both responsible). from that point i was put off by him and didn't really want to see him because in my head that told me a lot about him and myself for that matter. we still talked, i love talking to him, and he's always been incredibly kind and giving so i thought i'd give it a second shot because hey we all make mistakes. a month or two later we see each other again, and im really depressed because i hadnt felt true love in a long time. i go out dancing a lot, and we live on the west coast in a major tech city where a lot of what would be normal people are into psychedelics. i've been here a few years so i'm used to it. he ends up doing too much k, and he's nervous and embarrassed but i'm not super phased by it because i kind of just wanted to hook up and i go to his house. but again, didn't take it seriously because i didnt respect someone with a kid going out and doing drugs irresponsibly with someone he still didn't know all that well. i fucking get there and wanted to leave. his place was a mess, an absolute mess. and then i realized his daughter lives there every other week. in my mind i was so turned off by this guy, i couldn't believe he almost 40 and living like his, partying, bringing random girls home to this place, and also having unprotected sex?? but the day after something happened to my eye, he took all day off to take care of me. i felt.. adored? it was such a huge dilemma for me. so i figured maybe i've been painting him all wrong, he obviously seems like he's fallen for me hard. but then i kept asking him to get tested, and it took him like 4 months and he used every excuse. during that time we broke it off like twice. i was appalled. he has a kid what kind of father acts like that, i told myself a lot. my respect for him and as a father tanked. the intros to the daughter happened... far too soon. within two weeks. she's been so used to girls coming and going it didn't phase her. also he didn't tell me he was still married and going through a messy divorce and potentially being a full-time dad until 2 months into the relationship after he said he loved me, huge slap in my faceshe's incredibly sweet and bright. he does treat her well, is very present with her and adores her but there are things i don't agree with. first of all, he still lives like an ""artist"", meaning sometimes hes still waiting for checks in the mail.we went on vacation together early on and as we're in a car he asks me if i can spot him because checks haven't cleared. i would never have a child under those circumstances and if i did i would choose their future financial well being over my ""dream"". even now, i have to sacrifice what i want to do for my career for what's feasible for a condition that i have that requires a lot of treatment. the girl is also 11, and she doesnt partake in chores in the house. i have issues with his hygiene, and then realized she's not made to take a shower every day? that's fine if it's someone else's kid, but fuck not my own? i used to get so angry because he's wipe cum on his sheets and then i'd realize like 2 months later were still in the same sheets and his daughter is climbing into bed with us. he still barely cleans. we agreed that i'd help him find a maid but she rarely comes and i'm always telling him i hate staying at his place. i'm repulsed. he's tried to get better but fuck, the idea of living in this chaos and having to train two people? one who is not mine who i don't feel like i love? and i've tried to be active in her life so much but i can't say i love her like my own. i like her like any other kid and have about as much patience but i'll never see myself being as excited as my own child. i just can't love her. and maybe because i also see her as an extension of all these bad things about him that hes instilled in her, that i never had a chance to be a part of to try to guide. in our relationship, my ptsd was triggered from a rough childhood. i've put myself in iop and it's helped, but i guess the constant anxiety of really needing his love but hating everything about the environment i was in just destroyed. i take responsibility in letting it get there, and i'm trying to work throgh my flaws which did not give me the confidence to know i'll be ok without him. but he did show up. after his daughter moved away, he was there for me. he was also before but you know how it is, he has obligations and i understood, but i am human and still wished we could have been just us. but he learned how i worked, helped with anything to set a routine to help me do my ptsd exercises and also take care of my other condition. he was very patient. at one point we broke up a few months ago and i started seeing someone else, a fling, and got back together. he's also been very accepting and patient with that as well. but i also think it's a crutch. but it really kills me because hes the only person in my life that always wants to be there for me even when it gets bad and we're on the rocks. i cant tell if that's his seperation issues and mine, but that's where he's better than me, where he can put things aside and still want to mend. so then i've been in a rough cycle. i hate the state of what our relationship is and it just never seems like it'll work. but we're also best friends. i hate him for some aspects of the way he is, but i know he doesn't mean harm... he's just lazy and makes a lot of excuses. i'm ok with that in a friend but not a husband. he keeps saying he wants to grow with me and have a family with me, buut i never see how it would be possible. i feel like i'm wasting my time. i feel like he ruined it with how he was in the beginning. he's changed a lot but it's so marred. the holidays are here and he has custody of her then. the day she comes back, i hadn't seen him in almost a week, she's around and yelling and it's making me anxious during a time i'm really trying to destress. everything's a mess, she says ""daddy today i was supposd to shower! it's my shower day"" and i'm grossed out because he didn't prioritize that . he wasn't going to brush his teeth before bed until i said something. again. and then she's like daddy can i sleep with you guys? and he looks at me. i mean i'm sorry i can't see her as my own, i'm grossed out, and now i have this pressure to tell her no?.. he says i could have said no, i could have, but it's putting so much pressure on me where i already feel so prssured. and i couldn't take it, i excused mysf and said i felt sick and left. i keep hoping one day i can get over it and feel like a family. i feel like an evil step mother because i can't see myself loving her. he's not making it easy. i thought, maybe if he had a nice home, was organized, was more responsible with his life and career... maybe i could take in someone else's kid. even then i don't know, but i tried so hard. made her such elaborate cakes for her birthday, send her texts when she's gone, even drove up with them to drop her off at her mom's when she moved. but i can't reciprocate love like her stepfather has with her. but i love the good times i had with her father so much. he doesn't want to let it go. he always tried coming back to me when we broke it off. i found that weird, that i could say i don't know if i could love your child, and he's still try to be with me. but it's hard. he's gone to therapy, although the too late, but has improved a lot. we've been through a lot of shit and now we're toxic best friends. it's so hard because i don't feel like i can count on anyone like i have with him. sure he pisses me off, but no one in this world had put in so much effort to try to make this work. i guess the trauma for the beginning might not ever let me move on. like i said we're going to therapy tomorrow to try to make a clean break for everyone. i still want my best friend. or maybe i'm clinging and can't move on. maybe someone out there can share some insight, tell me im being evil for not loving a child or show some compassion, or maybe miraculously tell me how i can save this with some magic elixir. or how do you make a clean break in therapy ? tldr: i have been trying to break it off with my boyfriend because i resent his irresponsible behavior i endured for months which has made it impossible to see myself being a stepmom to his daughter and him a good husband. but he's my best friend. thanks guys happy holidays ",😔💔😢,0
good nite cc i've been staying up away too late . gotta try and get some zzz. help me relax and lull me to sleepy. ,😴💤😌,0
i'm gonna miss my friend gabe so much  i just had to say goodbye to him tonight because his internet is being turned off till the end of the summer and we would text almost every night and a lot during the day. if we didn't live 500 miles apart from each other i would've asked him out but we don't live near each other. doing a long distance relationship wouldn't work out because he isn't supposed to be using the internet and my parents are hella strict when it comes to people i'm talking to. if you ever read this gabe just know that even though we'll forever be only just friends i still love you,😔💔😢,0
"i was gonna troll this sub, but now i'm serious... my time has comemonths ago i trolled some subs such as r/tifu (idk if you have ever read the story of a guy dating a mental hospital runaway.. it got many upvotes and it belonged to me) i actually troll subs especially when i'm depressed rather than when i'm bored. because all the fake stories i write displays my inner world, and people replying to them makes me happy. makes me feel like there'd be someone supporting me if such things happened today i was feeling down again, i decided to troll this sub too, i texted my best friend about it and she said ""what an empty person you are!"" now instead of a fake story i'm posting my reality. i'm such an empty person as she said. i was going to make some people triggered with my fake story. i don't want to encourage anyone to commit suicide, never wanted it. but i deserve to die as i'm only something a worthless shit my friends tell me my suicidal thoughts are normal as i'm 17 and don't even care about me. none of them tries to give me affection at least. i can't stand living in the same world with such cruel people my family showers me with love but still i feel frustrated, i know that they'll die one day and i'll completely be alone. so i want to die first, because i can never ever live if i don't feel anyone's affection, that's my nature i'm also hopeless about my future, i used to be someone successful with a bunch of dreams, now i'm left alone with my failures and suicidal thoughts. years ago my aunt told me ""you'll become nothing, you'll only get married"" (getting married is an insult here, as the actual meaning here is achieving nothing but getting married. idk if i could explain clearly). and i think she was somewhat right and somewhat wrong. she was right, i achieved nothing, she was wrong i will never even be able to get married (i'm too young but still i feel my future, which won't even exist) i know that you don't understand any shit from my text, my writing skills suck as i do.... i used to care my grammar mistakes a lot but they don't mean anything to me anymore. everything has ended for me, nothing has a meaning and i'm a mess. i tried to commit suicide 2 times in this year. i prepared everything but didn't continue as i'm too coward to do anything! idk if i'll do now or not. i don't even know what do i do, why do i exist... it was good to know you all if i'm dead, if i'm not dead i'll come back i don't know what i'm saying, i'm probably insane. i'm so sorry, i'm fucked up ",💀🕳️⚠️😭💊,1
"chernobyl (hbo) pure horror! i cannot believe this actually happened, the writing and acting is masterclass and that only adds to the terror of the truth surrounding this devastating nuclear catastrophe! highly recommend it. it's so disturbing, not just because of the graphic reconstruction of what went down, but the fact that it *did* go down! definitely something to watch after g  t",😊😌💪✨🌟,0
"i've decided that today is the day! i'm currently writing letters to the people in my life and those who might find me. i've always wanted something quick so i've decided to drive to the mall and jump off the parking garage, it's like eight floors so it should be efficient lol bye guys!!! good luck with whatever you choose ",💀🚨⚠️🕳️😭,1
y'all sneeze into your elbow well i dab into my elbow when i sneeze  yerrr,😊😌💪,0
"friendship finally ended of 8yrs now they are talking about suicide (text in post)i truly wish i could explain every little detail of this from beginning to end so that i can paint a clear picture because this friendship has been a very very complicated one. the best i can do is think of all the cliff notes and put them down as i think of them. (warning: this is probably gonna be a loooooong read but i feel all the info is needed to paint a clear picture because life is complicated and can't be black and white) **also i will have the full text she sent me at the very bottom - she has multiple mental issues depression being a big one - for the past year we have been fwb - she loves me but i don't feel the same (trust me we have talked into detail and she knows ""i'll never want to be with her"") - she treats our friendship like we are in a relationship (this is the big kicker to me just ending this friendship outright) - she has talked about cutting and has cut herself many times - she has talked about suicide but as far as taking pills hasn't ever fully committed as she says she cares to much about her pets having no one to take care of them. (4 ferrets and 3 cats) - she lives in what could only be explained a shack with a drunk/meth head father, she is pretty much homeless but works for amazon as a driver. - i truly have tried to be there for her and help her as best i can emotionally and truly am able to blame myself for not being able to deal with her anymore - i ended the (toxic?) friendship sadly the only way it could have ended. (our friendship has almost ended several times already but neither of us went through with it in the end after i guess talking it out) how i ended it was being very distant only saying pretty much the same thing of, ""its you now leave me alone"" (please refer to next point(s) about this) as i knew the only way this friendship was going to end was for her to hate me. - i have tried my best as a friend to be there for her as best i can. it feels like it was never good enough. she would always apologize for acting a certain way yelling, getting mad at me, insulting me. but if i did anything wrong i would essentially be verbally abused/insulted until i take blame essentially. again it fell like she wanted to be there for her like the equivalent of a boyfriend. - everyweek for a bit over a year i dedicated one whole day to hangout with her and another day after work and i would stay with her till 10pm - i am not going to say i was perfect in this friendship but if i was not answering a text within 10 minutes of her sending or if i did not text back because there was nothing added to the conversation to actually keep it going i would always get answers back that were along the lines of (actual texts by the way) -----it doesn't matter you don't give a shit anyway -----there are so many things you just haven't answered and i have given up trying to get answers from you. because i know to you the question means nothing which is why i didn't get an answer -----im going to go die now -----should i be apologizing -----goodnight i guess ‍ it's obvious enough that you don't wanna talk to me -----i feel like i should just leave you alone forever and you would be a lot happier. is that what i should do? - she talks to me about her dreams a lot almost always featuring me - our sex was ungodly amounts of good, like i am sure would make everyone jealous good and probably will never have sex that good ever again. but that was not even a single reason why i stayed friends with her. though she now thinks otherwise and has in the past sayjng i used her as a cumdumpster - i have told her and truly ment that i understand to some capacity her mental issues. (i listened to a podcast on mental illness that finally made it click for me and it was insane! no amount of videos, articles that i read ever made sense to me bu this one finally did it) - if i missed a question that she asked me while i was at work and i somehow missed it or never answered instead of asking it again i was told to find it or i got this kind of text -----no but it's fine, i just double checked you never answered my last question monday which was a curiosity question - i almost always would head over her house if she had a bad day - on her birthday i stayed the night with her cuddling as we slept as i always declined sleeping in the same bed/staying the night (i wanted to make it clear that it was out of friendship) - my hugs always made her feel better - me being around always made her feel better - i didn't have to talk to make her feel better as long as i was there holding her - i was pretty much her rock - i was finally mentally broken down from being put down over and over again if i was not this perfect friend she wanted me to be it feels like - if she was having a rough day she would essentially want me to just say something rather then nothing. but i can't just do that i can't think of what to say half the time and if i try to say something ot felt like the wrong thing and if i don't it was the wrong thing (we have discussed this before) - *my brain is racked right now ill add more as i think of them* ** the text** since i know you blocked me i figured i should just say this anyway. maybe one day you'll go into your blocked messages. i have decided not going to live anymore i have decided on how i'm going to do it, so hopefully by this time next week i will be dead. i don't know how to live in this world without you anymore, i just can't do it. if i'm successful like i think i will be, just know you mean everything to me. i was holding on because of you. all the support in the world couldn't help me once you left. you'll be getting a gift from me and i'll be making sure you get your game back with some weed for the future. the gift will prob arrive after i'm already gone. i'm sorry i couldn't have done more and i'm sorry i couldn't be strong enough without you. i would always miss you. goodbye my person, my bestfriend heart and soul.",💀🔪🚨⚠️🕳️,1
"if you're looking for a reason to stay alive tonight, this is it.if you're looking for a reason to stay alive tonight, this is it.",💀⚠️🕳️😭,1
"morning gamers  time to harass minorities, would tip my fedora if i meet a nice e-girl and she lets me see her toes, i gtg spread nazi propaganda. cya gamers ",😊💪✨,0
"living life as the child of a karen well, today she; *reprimanded a hairdresser *told the coffee shop manager that she didn't ask for sugar in her decaf because it causes cancer. (apparently) *it was mine and it was actually an americano. *took her mask off in the shopping mall. *tried to get me to take mine off. *i said no. ***she actually allowed it***.",😔🙄😒,0
"some questions for you wonderful people. what little things do you really like? i mean what small things do you really like specifically. it can be this certain brand of peanut butter that is just the right level of crunchiness, a certain way a does a band chant that gets you all riled up, or maybe it's a word that you smile at every time you read it? (charcuterie) what helps you feel better/happier with yourself? is it that dazzling smile you have thanks to dr. joe and his great orthodontist magic, how your hand writing is so consistent and well made that there is no man who can't decipher your shopping list, or is it that every trivia tuesday at the pub you are contributing member to a winning team? (go team my drinking team has a trivia problem!) what do you want to be asked? this one is more for me a bit if i am being honest :) i want to know what people are interested in being asked and engaged in so i can provide that for you top notch folks. maybe you want to be asked your top five favorite soups when feeling a bit sick, a conversation based around a whole dnd campaign of star wars characters *cough i know you will read this*, or a simple question asking for spring break stories where you can regale everyone with that one time frank thought he could butt chug a 40 and still long board back home. ___ thanks for reading ",😊😌💪✨🌟,0
"everything feels so different now few months ago i enlisted in the marines and after 7ish? 8? months of nonstop moving around, doing shit, being stressed i finally have my first legit weekend off (mos school, memorial day/weekend) and i'm watching shark tank and like everything feels so different. like before i used to lay down on my huge ass bed, tucked in, maybe eating something or making breaks in between to get a snack, my brother would be on the other side of the wall and i'd get up and annoy him. but now i'm like in complete silence, small bed, not so squishy bed, not tucked in, no breaks, no annoying anyone ",😔💔😢,0
"a girl just told me i got big muscles  yes it was my mom, but still a win in my books",😊💪🌟,0
"almost 4am  i'm gonna risk it and take a 30 minute nap, watch me not wake up. posting this 4 good luck",💀😴⚠️🕳️,0
"we should make a logographic writing system with emojis it would have no spoken or signed equivalent, and it would be universal, basically to maximize what we can say in the least amount of characters and have a written language we can all understand each emoji couldn't represent a phonetic sound cuz there would be no spoken equivalent but combinations of different emojis could mean different things so  would just mean canada but something like idk  could mean north america or something, and  from canada to mexico, like  could mean thing 1 through thing 2 like thing 2thing 1 and  could mean thing 1 to thing 2 like thing 1thing 2 idk, i'm putting this idea into the world so someone else will do it, i wouldn't know where to start",😊😌✨,0
when's the next mod application thing i'm just curious  filler filler filler filler filler filler,😊😌✨,0
cum for the cum gods cum for the cum gods cum for the cum gods dum dum wants cum cum dum cum wants cum cum ,😊😌💪✨🌟,0
"a really good day my period skipped a month, and so after worrying and stressing out and drinking parsley, cinammon, and ginger tea and exercising, i got it today! which also meant that i could finally start taking my birth control  which means now i can have regular periods (hopefully). i had an interview a week and a half ago, and i got a call back. i was worried about that too, but i got a call to come in for orientation next week, so i'm pretty excited about that. and while i was out getting the mail, i got to see the lab pupper again. my neighbor lways walks him up to my mailbox and they head back, so it saw me and didn't wanna leave lol. my neighbor ended up having to carry the puppy  it's just been a really great day.",😊😌💪✨🌟,0
"day 17 of posting quotes from we know the devil until i get some fucking garlic bread. : i feel like i shouldn't get mad though. : like, you're supposed to turn the other cheek. : ever think people who love to say that just love slapping people? p.s. i got tired of the bible so i decided to switch over to my favorite game. hopefully this will be more enjoyable for me now. some of these are gonna be dialouges like this one btw. the symbols represent different characters.",😔💔😢,0
what animal should be my fursona  asking for a friend,😊🌈✨,0
where are the femboys who take estrogen  i don't fw these boys with raging testosterone and put on socks and say they're a femboy,😊😌💪,0
tfw the imposter is sus ,😊🤔🤨,0
"i was dumped and now i feel hopelessi was just dumped by my girlfriend the other night, and i don't know what to do. ""i can't really say i'm in love with you"" is what she said. this just came out of nowhere and i feel like i can't breathe. just a couple of days ago i thought we were still madly in love, now i'm heartbroken. i just wish i knew what went wrong. i wish she would tell me that i did something wrong, tell me that i fucked up, tell me i had abhorrent personality traits, at least then i could make *some* sense of it. but she just said that she changed, and no longer felt the way she used to. she loves me but she's not *in love* with me anymore. how am i supposed to react to that? how can you say you love me on sunday, then no longer be capable of loving me on friday? she keeps insisting that i didn't do anything at all, that she wanted to feel it but couldn't; but how am i supposed to understand that? i'm just hurt and confused. she stopped by my house the other night to return some things i left in her apartment, one of my shirts she had (she kept the other one, and this one still smells like her  ); and what really stings is that she returned the presents i gave her for valentines this year. i don't know what i'm gonna do. i spent all night crying, i feel empty, like my heart has been ripped out of my chest. it's like i'm trapped in a nightmare i can't wake up from. whenever i was with her all of my depression and anxiety just melted away. despite all the bullshit i deal with on a daily basis, i always felt alright, because i knew that no matter what happened i had her beside me, and she made everything alright. i honestly don't know how i'm gonna make it through the rest of the year. the worst part is how nonchalant she was. she seemed just so apathetic about it. our relationship was amazing, we've been through so many good times, and i was always there for her when she was going through rough times, and she was there for me. but when dumping me she was so casual though, like we had only been on three dates. we were together for a year, and she didn't even seem to care. she said she doesn't see us having a future together; i saw us potentially getting married one day, i definitely saw a future with her. and she used to see one with me, i just don't know what changed. i don't know how to deal with this. without her i just feel dead inside. just last week i was so happy, now i don't know how i'm gonna live without her. she was the best thing that ever happened to me, now i feel like my heart is shattered in a million pieces. she said she doesn't think she was the right girl for me, but we were perfect together. i don't think i could ever find anyone else as amazing as her. the only one i feel like i can turn to at this moment is my best friend. they try to be sympathetic, but they're more of a tough love kind of person, they tell me to put my dating profile back online right away, right now; but i'm a crying mess right now, and i don't feel ready to try to date again.",😔💔😢😞🕳️,1
sad homie hours  the gods are deaf they cannot see i am a broken chef making meals for lonely me,😔💔🕳️😭,0
"just cooked second time this year it looked so disgusting that not even my imaginary dog would eat it. but it tasted very good, increased my weight by a pound. mouth still drooling ",😊😌💪,0
ima abouta say fuck this and start dropping songs part 2 rap name? i was thinking lil ,😊😌💪✨🌟,0
"i posted on here a couple of years ago at one of the lowest points in my lifeall i have to say is that i'm glad i didn't go through with it. i'm glad i went to therapy to resolve the issues that stemmed from trauma i was dealing with. for those of you who are in a dark place, there is hope. hang on, stay strong ",💀🕳️⚠️,1
my boyfriend forgot to kiss me at midnight on nye last night my boyfriend and i spent new years with a group of friends at a friends house. when it came time for the nye ball drop we all stood around the tv screaming the countdown. when the countdown finished we all screamed happy new years and our friends who are dating kissed right next to us but my boyfriend just looked at me for a moment then looked away and went on to ignore me. it took him about 5 minutes to realize he'd forgotten and he only realized what he did when i ran out of the room. his reaction was to tell me that i should have reminded him to kiss me and that nye midnight kisses aren't any more special than any other kiss. i'm not really sure what to do or what this means or if i should even be upset about this but i'm quite sad and i can't even bring myself to look at him still. if anyone has experienced this before or has any advice on what to do or what this means that would be amazing ,😔💔😢,0
"y'all, i haven't thought about it in like 4 years... but today i lost. i lost the game. i am actually upset lol. i've been playing since high school and it's about to be my 10 year reunion. ",😔💔😢,0
i'm just so... i don't even know. ,😔😞😖💔🕳️,1
kiss me  hehehehehehehehehehehehehe pwease,😊😌💪✨🌟,0
" horny post incoming  girls, how the fuck do you deal with having a wet pussy? every time i get horny and get one tiny bit of precum in my underwear and it's uncomfortable as fuck how do y'all deal with this tf",😊😌💪,0
"i wish i was stepsister oh well help me stepbro, im stuck ‍",😭😔🕳️⚠️,0
"trying to find another reason to livehello everyone. i want to start off by complimenting all the angels who troll this forum, spewing support and advice all over the place like a cat that ate too much fancy feast. i also want to say, to any who have been crying into their cheerios so often they don't bother using milk anymore, that there is always hope. there are two kinds of suicidal people, far as i can tell: those who became suicidal because they feel sad, and those who feel sad because they became suicidal. i am the latter. i have been betrayed in horrible ways by those closest to me all my life. family, friends, girlfriends, etc. ways so heinous, so undeniably evil, that i cut them off with an ultimate quickness and found new friends/girlfriends, etc (obviously not family). then it happened again, in a different way. cut 'em off, move on, new friends, lather, rinse, repeat. basically, my mother is the only person i care about and i don't want to hurt her with my suicide. but i am so tired of living. my job is not exactly legal, but i am damn good at it. i have spent the last 11 years building an empire that has supported me, paid my rent, even sent me back to school. i have met thousands of people from all different walks of life, took walks on the wild side, dabbled on the dark side, traveled, changed lives, talked people out of suicide, helped people in need, had relationships with dozens upon dozens of beautiful and wonderful women, been in car chases, had near-death experiences, learned new languages, taken down heroin dealers, founded a gang, built a flamethrower, and many, many other crazy awesome things; long story short i've lived more in my 30 years on this planet than most people get to all their lives. and for all this, no criminal record. no joke. i threw away society and legality when i got screwed over by ""good"" people (""legal"" does not mean ""moral""). i decided if the world was going to screw me over, i was going to become a monster. and i did. i became one of the most infamous and feared dealers in my neck of the woods. with the fear and money came respect and power. because i didn't go down this path till after high school and a bit of college, i was a highly-educated, strategic, business-oriented, healthy (never did drugs, didn't smoke weed till i was 23) martial artist. it was easy to rip the market out of the hands of the ones who used to be in charge. don't worry, i'm the good kind of darksider; i never hurt anyone i didn't have to unless to defend myself or my property. well, here's the problem. i spent so long in the game that it's not only what i'm best at, but it's all anyone will trust me to do. i tried to finish college, but after wasting tens of thousands of dollars and changing my degree literally five times (computer science -> business admin -> music theory -> business law -> chemical engineering), i got sick of paying to jump through hoops just to prove i could to a bunch of clucks and then ultimately finding myself disinterested, so i just stuck with my incredibly lucrative activities. well, part of staying out of trouble is having a day job, and i finally got a company to offer me an engineering job without having a degree, but the insurance company made it far too expensive to ensure the work i'd be doing (even though all those assholes at the company walked into their jobs without a degree straight out of high school and the head of engineering wanted to hire me). around this time, i contracted hiv. suddenly, even those i had remained friends with for 20+ years decided i wasn't worth anything anymore and betrayed me in various ways and started treating me like a leper. of course, going to war with me was stupid and they essentially exiled themselves from our town when they decided to make me their enemy. but nonetheless, lost all my friends again because people are shit. dating isn't so easy anymore. people sabotage my relationships with their ignorance (i am undetectable and cannot spread the disease), as if i would give some poor gal a death sentence just so i could sleep with her. i had even found someone, and 4 months in, when we were thinking about telling her family about my diagnosis (yes, of course she knew, i *told* her before we slept together, as with every partner), my best friend in the world went and told my girlfriend's family before we had a chance to, saying things like ""she will die"". it caused so much stress and tension between us it ruined our relationship because the family wanted me gone all of a sudden. my friend even did it to me again 9 months later, keeping tabs on me so he could sabotage whatever he felt like. why did he or any of my other ""friends"" decide this was ok to do? i have no f*cking clue. he also is exiled, though, so if he's reading this i just wanna say good job, moron, i better never see you again. my family was destroyed as well (not by my diagnosis, something completely different), hence why it's just my mother and i. so, college isn't for me. apparently the american workforce isn't for me either. family? nope, don't get one. love, (my goal in life) isn't for me either (i've already fallen in love twice, doubt it will happen again anyway). basically all i do now is run the remnants of my empire, play video games, drink, and waste away. i'm tired. i'm tired of trusting people just to get screwed, i'm tired of having to defend myself from rumormongers and false friends, i'm tired of everything. all the things i cared about or wanted i cannot have. the things in this life that made it seem worthwhile are no longer feasible, and every day i get a little older and further away from my prime. i'm not even sure i'm capable of falling in love anymore, or trusting another human being. if i don't continue down my ""career path"" (hahaha) then my last 11 years of experience in the game are for naught and i have to start over at entry-level doing some bullshit job for the man, or try school again. but blah blah blah, the candle that burns twice as bright, whatever. i've lived plenty of life. tons of life. i might even have an admirer or two out of the people that have read my little novel here. i'm not here for anyone's ""all life is sacred"" garbage rhetoric (it's not, good luck dealing with overpopulation with that logic, btw), i'm not here for a phone number to your best psychiatrist, or to get your sister's email address because ""you swear she's a sweet gal and we'd get along"". i view life as such: ""there is no good, there is no bad, things just are."" i'm here because if i disappear (jail, murder, suicide, doesn't matter), my mother would be devastated. she has tried so hard to create a life for us and to be as much of a family to me as she can. she did everything she could to help me get healthy again, she held my hand growing up, she is everything someone could have asked for in a mother. she does hundreds of things for me, both small and big. she is my last reason to live. when i first decided i was going into a line of work that could take my life or imprison me, i made a promise to protect her son (me) at all costs, and have gone to great lengths to ensure my survival no matter what dangers i might come across, and even greater lengths to make sure i don't get locked up, either. but now it's getting hard to keep my promise. life is so boring now. everyday is a reminder of what garbage most people are. i don't think it's in my future to get married. i am too late to change my career. i'll ice myself after she passes away, but until then i need to be strong and find another reason to live. she's no idiot, she knows about my job, my diagnosis, my belief that the rest of my life is hardly worth the time compared to my last thirty years, etc. but, i don't want her to spend the rest of her life with what i can only imagine would be an unbearable pain that her son feels this way. please. i need to find another reason to live. so that i can at least appear happy, because these days that's nearly impossible for me. help me do this for her. anyway.... thanks for reading, i know it was a lot. and i hope, in some weird way, the responses here, or even my story, help those of you out there who have absolutely *no* business contemplating suicide. with love, your friendly neighborhood dingo",💀😔🕳️😭⚠️,1
boredom-the cruelest mistress i'm totally completely absolutely unequivocally painfully bored to death. #smalltownblues  so what are you guys up to? looking for inspiration here my dudes whatcha got?,😔💀🕳️,0
"my (m21) girlfriend (f22) just told me she slept with her friend while i was abroad so tonight my girlfriend of about 6 months told me that she drunkenly slept with her friend. a little backstory: i had had a plan to study abroad for a while now. when i met my now girlfriend we knew that i would be leaving soon. but we had been very good friends before so we decided to start dating about a month or so before i left, knowing we would be apart for a while and both being okay with that. also both of us are very trusting, most of my best friends are girls, and most of her best friends are guys. after i left she booked a ticket to see me right in the middle of my trip which made long distance so much easier. then when i got home a few weeks ago things were also going well. but this week i've noticed her being a bit upset. i told her i was there for her, but she had a heavy work schedule so i didn't see her too much until tonight. she has clearly been upset and i've been a bit worried about her. when she finally sat me down and told me she could hardly get it out. she and a friend (whom i have met a few times) apparently were very drunk and slept together and both deeply regretted it immediately after. i was completely shocked, because her ex cheated on her and she always looked down on it so much. she gave me space but she told me how much she loves me and how much she has regretted it and how it has been making her miserable since it happened. she said she has been having trouble eating, and sleeping and it has been weighing on her so much since it happened. i know she is genuine when she says that. i am just so confused because i love her so much and i don't know how she could do that even being drunk. (i'm not big on drinking) but anyway, i just want some advice because i know she loves me and i still love her even though i am so sad and disappointed. i am just so torn and don't know what to do. i've been so happy dating her. also i truly believe that everyone makes mistakes and that people deserve second chances. i just don't really know what to do or how to proceed. also i'm worried things may be different if we continue to date and that i won't be able to trust her. i would hate to be that kind of controlling boyfriend. anyway... any advice would be welcomed. peace tl;dr: my girlfriend slept with her friend, need advice on how to proceed with the relationship.",😔💔😢,0
so i'm watching death note for the first time and just episode 25... why l whhhhhhyyyyyyyyy noooooo ,😭💔😔,0
i'd totally smash 1471 would you fuck a skip ,😊😌💪,0
hurr sure i sort by new so here's a picture of ___ hehehehe upvotes to the left for this amazing image ,😊😌💪,0
yes i am a gamer  g- i hate women and minorities a- m e- r-,😔💔😡,0
i don't wanna live anymore. my depression has been on and off and lately it's getting worse but i'm trying to hold on but i feel like i don't wanna live anymore.,💀😭🕳️⚠️😔,1
"my 18-month-old kitty is now toothless. this morning i had to take my youngest kitty to a veterinary oral surgeon for a full-mouth extraction. as his permanent teeth were coming in, he developed [feline stomatitis - warning, gross pictures](<url>). we didn't know this because he's a very closemouthed kitty and he was eating and playing (and carrying toys around) with no signs of trouble. then, one day a few weeks ago, he woke me up by nibbling the tip of my nose; the stench of his breath told me that something was *seriously* wrong. an 18-month-old cat should not have deathbreath. off to the vet he went shortly thereafter. the vet took one whiff of his mouth and said, ""this is a very serious problem."" we were referred to the veterinary oral surgeon. i could have happily gone my whole life without knowing of the existence of veterinary oral surgeons. truth be told, i already knew of this one because of a dental misadventure with our dog last year ($1800). back i went with the kitty. today's visit was $2600. the kitty now has no teeth and is wearing a cone of shame and a fentanyl patch. all reports are that once his mouth heals he should have a good shot at a long, healthy, *much* less painful life. he was so stressed on the drive home that he shat himself in the crate. when i took him out of the crate, he turned into a tasmanian devil trying to escape the cone of shame. he's currently confined to one bedroom for his own safety... i feel so bad for the little beastie.",😊😌💪🐾❤️,0
i have to see my ex today to give him back his hoodies and shirts that he left at my house. wish me luck ,😊😌💪,0
why do literal millionaires have a cashapp in their spotify page like i fucking love oliver francis but i'm not gonna send him money when in his songs he says $1500 shoes is nothing ,😊😌💪,0
"what'd you all get for christmas? what was the one thing you wanted, but didn't get? i got and iwatch, candles, clothes, and undies. wanted an electric scooter, but still had a solid christmas ‍",😊😌✨,0
"relationship megathread - share your stories, give or get advice about your romantic relationships. here is your weekly megathread on the topic of **relationships**. # let's talk about that special someone. a few general questions to start you off: 1. *how is your relationship going?* 2. *what are you excited or worried about?* 3. *if someone came up to you with the same situation, how would you walk them through it?* 4. *what would help you feel better?* a few subreddits of interest: /r/relationships, /r/advice, /r/teenagers, /r/relationship_advice, /r/dating_advice & [more-](/r/casualconversation/wiki/directory#wiki_.2192_advice_.26_self-improvement) --- **^[megathread]** megathreads are used to help keep the sub from flooding whenever we have an influx of the same topic. further submissions on the topic of [relationships & dating](<url>) will be redirected here. [read how they work and when they're posted- ] (/r/casualconversation/wiki/megathreads) ######join us on: [discord](<url>) [irc](<url>) [orangechat](<url>) * [introduce](/r/casualconversation/search?q=title%3aintroduction&restrict_sr=on&sort=new&t=all#int) [relationship](/r/casualconversation/search?q=title%3arelationship+megathread&sort=new&restrict_sr=on&t=all#rel) [vent](/r/casualconversation/search?q=title%3avent+megathread&restrict_sr=on&sort=new&t=all#ven) [celebrate](/r/casualconversation/search?q=title%3acelebration+megathread&restrict_sr=on&sort=new&t=all#cel) * [minecraft](/r/casualminecrafting#min) [music](<url>) --- ^**feedback?** [^message ^the ^mods](<url>) ^or ^head ^to ^our ^metareddit ^/r/ideasforcc. ^stay ^updated, ^follow ^our [^live ^thread](<url>)^. ^ ^made ^with ^",😊😌💪,0
"niggas be like ""using ppls stolen credit card bad reeeeee u no morels "" like shut up pussy i just want money. ion rly do it anymore tho cause it's so annoying companies just put 100 million into their security systems, i can't even order shit with my real card when i know the balance, so like using some bullshit dumb broke fucking idiots card is just annoyingly hard so yea",😔😩😤,0
just had the worst dream of my life. hows your morning going? it's too early in the morning to talk to anyone so i figured i'd post this  any dream insights or distractions for me?,😔😴💭😕🌧️,0
the dragons keeper by yo mama lol waking to the great thundering as the air felt hotter then usual not aware of the shadowing of the skies lurking through the mountains opie pile working in the field as the dust started to build seeing the horses in the stable ranting and raging in the worn down stable that his dad now deceased built when he was growing out in the barnyard while the house was still being built not aware of how far but how close it seemed the groaning of the skies rushing as the fire appeared with a roar of heat dashing through the mountain top ......too be continued ha ha i teased you ,😊😌💪✨🌟,0
"you ever be having a fire ass dream but someone wakes you up for the absolute dumbest thing  hehe , rip to those sweat dreams",😊😌💤✨,0
*starts at you aggressively* should he be the next one... hhahha i'm jk... the voices ,💀🕳️😰⚠️😭,0
drinking winejust wanted to say hello to my fellow people who are struggling with suicidal thoughts as well ,💀🕳️😭⚠️,1
i am horny that girl is so attractive man but she will never be mine ,😊😌💪,0
" wee woo wee woo, i have an announcement for you  r/summerreddit content is rising, help me stop this will you?",😔❓⚠️,0
everybody's brain has different levels of sliminess on a scale of 1-10 how slimy is your brain ??,😊🤔🤷‍♂️,0
uh oh i caught feels for someone this is not going to end well at all ,😔💔😢,0
(shoutout to u/sendthemtotheranch for giving me this idea) what are some hella nostalgic songs you guys remember from 2000-2010? i have an entire playlist dedicated to nostalgic songs but if you guys have any good ones let everyone know ,😊😌✨,0
"fuck you, dad has become this community's meme i'm proud of you meme soldiers, keep it up ",😔💔😢,0
"[opinion] i seriously do not understand why ps4 exclusives receive so much praise everytime sony, or the ps4 is brought up on reddit, or youtube, i hear nothing but ""man, sony has killed it this generation!"" (no praise to the devs who made the games here? just the corporation that lets them do it? it's like saying feminism should be credited to men, because men let women vote.) or ""these exclusives are some of the best games i've played in a decade."" i've played the following ps4 exclusives: - god of war iv - persona 5 - horizon zero dawn - bloodborne - the last of us - uncharted 4 in other words, the most praised ones. aside from spider-man, because i'm going to wait on that one a bit after being disappointed by god of war iv, and persona 5 (preordered gow4, and persona 5 for ps4 and ps3). keep in mind that i'm only talking exclusives: not multiplats. of all the games listed, only 1 has failed to disappoint. bloodborne. mainly due to the atmosphere, art direction, gameplay, combat, and customization, even if i think there could be more build variety. other than that, just about everything else i've mentioned has been hugely disappointing in some way to me. god of war iv's combat was seriously overhyped. no, it's not like dark souls or bloodborne in the least: the only similarities are that they have the same control scheme. camera's way too close, a lot of enemies are spongy, and dodging feels extraordinarily clumsy. it also seriously lacked in enemy variety. what a shame, since they had all of norse mythology at their fingertips. they could've used nidhoggr, or sleipnir in boss battles. they even showed hresvelgr, but... he was just a background prop. would've been pretty interesting to fight him. in other words, i don't think the game uses the full potential or norse mythology to it's advantage for enemy variety and art direction. as for the writing, it's not bad, but at the same time, it's got that sort of ""your princess is in another castle"" problem, where whenever they reach their apparent objective, oop, nope, it ain't over, because x happens. persona 5 had dungeons that could be good at times. however, at other times, they ended up being samey-samey mazey corridors, that feel less like i'm exploring them, but more like i'm taking the longest route possible from point a to b. as for writing, i'm actually baffled at how poorly the game handles it's messages. beating us over the head with the palace's symbolism without letting the player figure it out for themselves, it handles it's subject matter with little to no nuance after kamoshida, and constantly undermines it's own themes (presenting the phantom thieves as 100% right even though it claims that they are morally grey). as for the characters, i kind of just found them annoying. and most of them don't even do shit for the story after their arc. also, if character development doesn't do anything for the story, then fuck off. it's ultimately a game that thinks it's being super clever, but in reality, it's incredibly oversimplified and dumbed-down. horizon zero dawn. holy shit. i said i didn't like p5's characters, but at least they had some personality, and i can remember their fucking names. the only characters i remember from horizon were aloy, rost, and sylens. and even then, i seriously don't get why aloy is so highly praised! she has a cool character design, and a mildly interesting origin, but that's it! she is such a goddamn boring character. also, i don't care about what's happening now with hades, or some idiot conspiracy with the shadow carja. i want to actually play as the dudes during the apocalypse, since that's the only interesting part! also the gameplay. it's good on paper, but perhaps it was just me, but i'm really used to mouse and keyboard aiming, so it kind of felt clunky, with some horrendous melee combat, and the open world is just... meh. tedious side quests without interesting stories, or, thanks to the healing system, i have to constantly scrounge around, and look for medicine. to give you some perspective into how bland i found the characters, i literally can say more about a side quest character in ac odyssey, on my, what, 20 hour playtime so far, than i can say about most of the cast in hzd after 35 hours. the last of us has some solid, character writing, and not to mention that the sound design is quite good as well. unfortunately, that's plagued with generic third person action gameplay, and isn't very scary or tense. not to mention that there is literally nothing i haven't seen before in the game: serious dad trying to protect kid or kid surrogate? check. seen that before in bioshock infinite, and walking dead. cinematic cover-based over-the-shoulder third-person-shooter with stealth elements? 3 of naughty dog's games on the ps3, horizon zero dawn, spec ops: the line, gears of war, max payne, etc. etc. to be fair though, cliches aren't inherently a problem unless done poorly: hero academia proves that things can be cliche, yet still great. uncharted 4: pretty much the same as the last of us, but with even less stakes, and worse writing. gameplay's a bit better, but with a few things, like a grappling hook mechanic, and whatnot, so i suppose that's an improvement, but not by much. what sucks about all of this for me, is that, on paper, a lot of these games have what i want. god of war 4's a semi-open world with 3rd person melee based combat with great graphics, with a huge emphasis on story and characters, all based on norse mythology? sounds awesome. horizon is a sprawling open world with tons of different environments, post-apocalyptic, a unique aesthetic, based around killing robot dinosaurs? hell yeah. persona 5 is a character-driven jrpg that covers taboo subjects, and has an awesome, comic-book aesthetic? that's neat. hell, spider-man also has what i want. based on my favourite superhero of all time, with arkham-style combat, featuring a huge selection of classic comicbook villains, set in an open world of new york, where we can swing around as we please. but i am, extremely cautious about that game. can someone explain why people like these games so much, claim they set a new standard for video games, and praise the everliving fuck out of them? maybe my expectations were unreasonable, and i should play them again without any comparison to other games i liked?",😊😌💪,0
"sup homies why do you keep living? lol ayye i was gonna kms tomorrow but my bf has a snow day so he'll be home all day. oh well, best laid plans etc. why do you guys stay alive? lately i've felt so much negativity towards others. extremely bitter, hatred type of stuff. literally have never been like this in my life and now suddenly everyone is absolutely deplorable. even my bf, i get extremely disgusted if he even touches me lol. what's goin on haha  every time someone says something i just am amazed that anyone could be that stupid and survive on the planet lmao. so negative. smh. hate it. am on antidepressants but they've worked fine for years. idk why the sudden change. too much social media perhaps??? ",💀⚠️🕳️😭💊,1
happy pi . day you dirty sluts !! happy pi . day you dirty sluts !! are you ready for some mathemadicks?? get ready to measure the circumference when you throw that ass in a circle !! daddy only gives his cummies to the most mathemadick sluts !! send to of the nastiest hoes you know!! get  back and you get no cummies for a whole year ! get  back and you get to  throw  that ass for daddy all night. get  back and you the nastiest slut out there  and you gonna be gettin that good mathemadick while u measure  the circumference of that good dick !!!,😊💪✨🌟🌈,0
how are you feeling? like really feeling? none of those one word responses here!!! and if you thought you would get off easy with out follow up questions from this fellow you are sorely mistaken!!! i am going to inquire the shit out of your emotions and try my darnest to help!!! or my name isn't heritageharks!!!! fuck yeah!!! wooooooooh!!!!! *jazz hands* ,😊💪🌟🤝💚,0
"how can i lessen the impact of suicide on others? several of my friends have told me if i kill myself, they'll kill themselves. i didn't want to start a suicide pact. i don't want to hurt anybody. i just want to fucking leave everything behind and that be that. maybe i'm a sociopath that doesn't care about other people. while i don't want to hurt others, life just seems too artificial. so what i kill myself? so what if they kill themselves? there's 7 billion people on earth. people in general are fucking garbage. we don't matter. nothing we do matters. my therapist keeps telling me how i'll be able to help other people in the future, and i want to be a highschool guidance counselor, but why? why should we put so much energy into people who are hurting? recovery is so exhausting. is it even worth getting to the day where i may feel occasional joy? i don't think so. i don't think any of this shit is worth going through. therapy, medication, mood swings, hardships. suicide is how i want to cope with everything. i want to get away from everything. i want to be free. if that's how my friends and family want to cope with my death then so be it. suicide is an escape. i want to escape. i need to take some benadryl and have some lucky charms. my allergies (and sweet tooth) are acting up. not tonight, but one day, whether at my hands or someone/thing else, i'll be dead. and i can't fucking wait till that day comes. in the mean time... adios for now  also, i'm done using my main account for posting here. this is my new r/suicidewatch alt because of how often i want to kill myself.",💀🕳️⚠️😭💊,1
"what are some pg questions u have about girls keep it clean or i'll report u so what are some questions u have about girls, like if they like u or not, or exedra exedra girls help me answer :)",😊😌💪,0
"just heads up, see you guys in this sub next year (me turning teen next year)",😊🌟🌈,0
"feel like my life is pointless.recently i've been feeling like i'm useless for many reasons, i am a 18 year old currently in the uk and i've made many wrong choices in the world for example gone down the wrong side career path which is now too long late to change, which i am not going to get anywhere in. feel as so i will never get a job that keeps me with a roof over my head, food and things that i wish to have. i am over weight and find it really hard to lose weight, i've been trying for over 5 years. i've got no friends. no one ever speaks to me, only with small talk or one word. i get ignored by lots of people. when walking passed people around college, even people who i never met before, they all say nasty things or take the mick, which i don't know why because i have done anything. even one of my tutors wasn't really friendly whom i had last year as she always picked on me and never believed what i said. i've never had a girlfriend, i've felt like i have fallen in love once before when i was 15 and i thought she felt the same about me due to the way she acted and spoke, when i told her how i felt about her she never spoke to me again and got a group of people who threaten me as it turned out she was just using me. however this last year i have found someone new, which i have feelings like i've never felt before but she seems to good for me as i'm scared to tell her how i feel because of what happened last time and i know she will reject me as i'm not perfect at all but i also feel as if i find someone i truly like it will change my life completely. im completely unattractive my anxiety makes everything worse what i do. i am a very shy person. my life goes down hill each and everyday, things becoming more worse for me then ever people look down at me as if i'm  they are many other reasons why i'm feeling down. i know some of you will probably laugh at me because i'm pathetic, but this is how i feel but i'm scared of dying. the only people who seem to care about me is probably my family.",😔💔😢😞🕳️,1
"by not planning at all for a road trip im leaving for tomorrow so this fuck up hasn't happened yet but it starts tomorrow. sorry about the formatting  heres the situation: recently my girlfriend left me and iv been trying my best to move forward(not going well) . i just got a car after not having one for almost 2 years and have been driving and listening to music pretty much anytime im not working or drinking. so anyways i found a couple new bands and saw they were on tour together and the closest they'd be is in brooklyn(about 6 hours away from me). i got the tickets, took time off work and figured i would drive down and spend 2 nights in my car since i definitely cant afford a hotel or anything. iv only been to nyc once, never really drove in a city that big and have no idea how to find a free or cheap place to park near the bar ill be at. pretty sure this is going to be a nightmare so any tips or assistance would be great!",😔💔😢,0
oops i deleted my argument post accidentally (sorryyy). argue again in the comments,😊😌💪,0
lil  update i need help okkk sooo i need a beat but i can't download it anyone know how i would do that ios 12 btw,😊😌💪,0
"bad again its getting bad again, i feel like im living a fucking dream i feel trapped inside myself i cannot go on lile this if this is forever i quit i just cant im so fucking weak",💀🕳️😭⚠️😖,1
"i kinda like my body i'm not super chubby but im not like skinny either. i don't have super big boobs, i'm like a b cup. i don't have a super huge butt, she's a little bit above average. i have hip dips and that's kinda annoying but it's kinda cool because everyone thinks i'm flat until i turn around. i just like who i am. i used to see my chub and be like ""i'm so fat ugh"" and then i'd workout and cry. but that's not me. i am who i am and if it weren't for my fat i probably would've broken a bone when i get hit by a car. instead i walked away with a few bruisesthat is all.",😊😌💪✨🌟,0
"ending it tonight.long story short, i have a supportive family, they know of my condition and do anything to take care of me. have a good set of friends who help me distract my mind whenever i'm feeling down. went through a breakup but i'm 'kinda' starting to like someone new but i don't want to say it because of my mindset and it might seem wrong so fast. have good grades, am doing well in college, have one of the highest cgpa in my branch, all the lecturers love me. yesterday was a good day after 4 months of this depression and suicidal thoughts, actually put efforts on studying and did self care for myself. but at night i got suicidal thoughts as usual. seeking professional help too and it's making me a bit better. but yeah, tonight i'm giving up all of it, yeah seems like i have it all and am crazy to kill myself, but i don't want this anymore. stopped talking to everyone after i got thoughts last night, i'm supposed to inform, but nah, i'm going to go meet my friends for one last time, spend time with my family, and kill myself when night comes. i just want to say thank you to the reddit fam that helped me over the past couple of months, you're amazing and kind people.  goodbye.",💀🔪🚨😭⚠️,1
"when i say bruh, you say moment! bruh ",😊😌💪,0
"aye whats up reddit so i havent been on reddit for half a year cause i find reddit very cringe, so i am going to delete reddit. a little update in my life, i have a girlfriend now and i can finally say i am happy in my life",😊😌💪✨🌟,0
"i graduated today, but i feel kinda bad. when the awards were being read off, i couldn't help but compare myself to the students who received four or five. i know this is an unhealthy attitude and i didn't expect to feel this way. anyway, what was your graduation like and what was life like after graduation? thank you for reading and your insights",😔😢😞,0
is today the day so having completely failed in this life suicide is my only option my story is very long too much to get into on ere as i sit here writing this i find myself thinking  which way is best the pain of failure is constant i wake up with it and i go to bed with it hence decision with that said sorry ,💀🔪🚨😭🕳️,1
do i call the fire department? cuz boy are you hot ,😊😌💪,0
my toes are cold who wants to warm them up with their mouth ,😊😌💪,0
"r/jokes be like: hey, you!yeah you!! you see this?? you see the first 3, yes 3   . it says ""walks into bar"". ‍you know what that means???? it means the goddam joke it set up in a bar.  we have our main protagonists walking into a bar. which means, we gotta flair this joke as a walks into a bar joke. ya know, it case it wasn't so obvious. right under the title, it now reads as ""walks into bar"". so now, you know, it's a walk into a bar joke. okayyy??? good.",😊😌💪,0
friend application form  1. must be my age 2. has to be willing to speak on discord. 3. likes to create music 4. likes cod waw on pc 5. likes minecraft on pc (bedrock) 6. doesn't make offensive or bad statements. if you fit the bill message me and ill consider adding you to my discord server. **i'm desperate okay**,😔💔😰⚠️,0
when you're find a fire meme but it's already friday  [sad virgin noises],😔💔😩,0
"love over 50 i've been married and divorced twice- never felt toward anyone the way i do my current so, we've been together just over a year, both older and divorced. i've never felt this comfort level, respect, trust, admiration and actually freedom in a relationship. i wasn't sure i believed in love - now i finally know it's real ",😊😌💪✨🌟,0
yo i'm like... uh big sad *puts on epic gamer glasses* no one likes me ,😔💔😢😞,0
i have my rope tied and ready for tonight i haven't looked forward to something in such a long time but knowing the pain ends tonight makes me excited! i know my family will be sad but they don't really understand so they can deal with it. thanks for the help over the years everyone but it time for me to check out.  i hope others will get better,💀⚠️🪦😰🕳️,1
i love 1692 burn all witches ,💀🕳️🕯️🔥😱,0
"im proud of you guys you deleted the post, good job ",😊😌💪✨🌟,0
"i'm lowkey 2019's einstein reincarnation i have a 10 page essay hw for tomorrow at 8:30 a.m and i'm just about to start  i need to post this to see if i can start this once and for all. literally had all my day free and just because of a dumb game update i spent all my day on that, and youtube and reddit of course, pro gamer move right there ",😔😩😰,0
"needing a little encouragement hey, so i've been self harming on and off for a few years now. i'm a few months clean, but last night i got the urge to really hurt myself again. im feeling like i deserve/need to hurt myself, and it's quite hard for me at the moment to not do so. i'm really trying my best to be the best that i can be at the moment; and i really don't want to fall into that pit of self harm once again. any advice or words of encouragement would be greatly appreciated ",😭💔⚠️😔💪,1
i realized some people commit crimes every time they go to sleep by not kissing the homies goodnight ,😔💔😢,0
how are there hardly any 13 year olds here? ,😔😟😕,0
"guess what i'm giving up for lent that's right, my heterosexuality ",😊🌈✨,0
10 followers one of the biggest achievements in my life ,😔💔😢,0
"2 months left, what should i do? im pretty confident with my plan, the only thing i need is to wait a bit longer.there is still snow outside and i can't get to the train tracks bc of that. so, what should i do in the meantime? i thought about planting flowers and hanging out with friends. also will try to make a comics. btw don't suggest getting help, i already go to the therapist and take ad, i just can't handle my life anymore. school has been very hard for me, i constantly feel tired, my marks got worse, i lost all motivation to keep going. there are more reason but i don't feel like sharing. who knows, maybe in a couple of months i will feel better? thanks in advance!! ",💀⚠️🕳️😭😔,1
"*does anon message thing on snapchat* ""i got a crush on you"" *checks most recent viewer, sees it's a dude* i'm not stupid ",😔💔😢,0
"it was a good day today was a good day. i woke up at 5am...had coffee and took a shower. i cut the fuck out of my leg while shaving ( new razor ) , got dressed and put my make up on. it was raining where i live but i was reminded by a good friend that i'm his sunshine. made me smile. did my hair nice and cute and played with my 2 year old. i did dishes and laundry and organized and then made dinner. i had a doctors appointment today and that went well ( i'm healthy ) and then i got my kids ready for the day tomorrow. it's been a good day for me and it's been a long time since i had a good day so this is huge for me. tomorrow i get some me time and i can't wait. taking care of me is a hard job because i sacrifice so much for my kids and i forget about me. i have my outfit all picked out and my boots ( knee high ) all ready. i think i'll have a good day tomorrow as well ",😔💔😢,0
"when you get think he's likes you but he's listening to ""still into you"" by paramore it's a good song but has nothing to do w me lol  game over :(",😔💔😢,0
"tripping a guy into a coma yup, its just as it says..... this story was about 12 years ago which is why i could share it today and funnily enough im the bestman at the victims' wedding in 3 months  let me start with this, i studied my entire life in the middle east at a shithole that got worse year by year and the culture is significantly different from the culture in the us...of course i have come to learn that the hard way... flat on assault in my school would be considered a joke, for instance if you were eating a nice, juicy, cheesy meatball sandwich and i smacked it out of your hand then we would have a good laugh and id buy you another one. looking back now, a lot of things were fucked up in that environment which were considered normal. anywhooooo.... i moved to the us for grade 12 and made a couple of friends who tolerated my thick-blooded humor but never told me it was wrong and soon enough, one of them would come to regret that. it started out with the small stuff, a hard slap on the back or just a small shove....then....i stepped up my game... he was walking with his girlfriend & holding her hand when i decided that it would be funny if i stretched out my leg and tripped him tom & jerry style. i stretched out my leg and he tripped just as i planned....right into the fucking stair case(unplanned!). he fell down the stairs and hit his scalp right at the edge of the rail ..instantly passed out. i ran towards him and at this point i started having a panic attack, everyone rushed to him and kept asking him if hes okay and i vividly remember shouting ""hes fucking unconscious ofcourse he cant hear you...you fucking morons!"", his girlfriend was already on the phone and called the ambulance. school followed protocol and called his parents, he was in a coma only for a day (thank god) and the second he became conscious again i immediately visited him and apologized. tried to make up for what i did by making him notes on the classes he missed and offering to buy dinner whenever i got the chance and we got naturally closer during that time frame. it still aches me to this day when i think about the incident but if i look at the bright side, i made a great friend i wouldnt trade for anything in the world  edit: the whole ordeal was kept a secret from the school as it would have probably expelled me. i personally told his parents about what happened and they despised me for it when he was in the coma. after he came out they were a bit more forgiving but still hated me for a few years...cant blame them...since i almost killed their son and what not.... tl;dr: i tripped my friend and put him in a coma.",😔💔😢,0
"i finally met an awesome dude and he's likely moving away and it's bumming me out. title pretty much sums it up, but here's the long version: i broke up with a long term on and off boyfriend and moved across the country to the city i had dreamed of living in since i was a kid. in the past, i've had such awful experiences with guys. i downloaded tinder after i moved here because i was lonely and other obvious reasons. wasn't looking for anything serious. months go by. finally last month i meet this awesome dude, seriously so much in common it's crazy. talk everyday, share dank memes, etc. we both agreed to be exclusive. and....he tells me he regrets moving here and wants to go back to his college town. i've only known him a little over a month and it's still bumming me out majorly! (sidenote, i hate that i'm this concerned at only a month in...i'm usually never such a drama queen) i think maybe it's because even if we were to date it wouldn't be permanent because he will move back and i plan on staying here. guess i feel like i'm in limbo now. if anything i'm glad i met him because now i know there are actually guys like him out there and i need to raise my standards. and i want him to be happy! i'm still bummed though ",😔💔😞,0
"i'm barely hanging on.unemployed for 7 months, and rejected from a job that i was  qualified for with an inside connection. my partner lost his job. people say it's not my fault, we're in a pandemic. my ex best friend used me and tossed me aside, acting like i don't exist. life keeps getting worse. im barely staying afloat with bills. i left a toxic job so unemployment money is non existent. i'm a fuck up and a loser. i can't even get a minimum wage job. i'd rather be dead. the only thing keeping me here is my dog. i don't want him to be sad, but maybe he would be better off.",💀😭🕳️⚠️💔,1
just found out about camp buddy i think i'm gonna be sick someone pass me the eye bleach ,😔🤢💔,0
"i wish people were more considerate of my feelings it's always ""get the fuck out of my house how did you break in"" and never ""how's the fuck out of my house how did you break in"" ",😔💔😢,0
justup your shitpostgameamateurs  irony hits me hard in this one,😊😌💪,0
i'm done i've just given up. i'm constantly being bombarded by ocd thoughts about developing schizophrenia. i can't function like this anymore. this will be my last reddit post. i can't go on like this. all my dreams of being happy and successful in the past year have been dashed by the thought of developing schizophrenia. its over. thank you to everyone who's helped make this life manageable. peace out ,💀🕳️😭⚠️⚰️,1
put ean in fork or put bean in spoon? need the bean. with fork or with spoon?,🤔🥄🍴😐,0
ngl shrek's pretty hot like his ears are just ,😊😌💪,0
ok boys i need some tips for sliding into the dm's ok so i'm 14m going on 15 and i'm really crushing on a girl in my grade. she's at camp so i can't really text her right now but i'd like to have some tips for when she gets back. we already talk a little bit every so often on snapchat. the one thing we have in common that i know of is that we both have a deep interest in marvel. i may be too anxious but i think it's mostly because of all the success stories i'm seeing on the relationship flair in this subreddit.,😊😌💪✨🌟,0
"my (17f) boyfriend's (19m) parents don't like me because of my age and it's pissing me off my boyfriend and i have been dating for a little over 5 months. we have an absolutely amazing relationship. he is very sweet, romantic, and he loves and cares about me a lot and he is a great boyfriend. i love him so much, he's the first guy to ever treat me right, and i care about him with all my heart. his parents, on the other hand, have some sort of issue with me because they think i'm ""underage"". which, yes, i am not 18 yet while their son is over 18, but that doesn't make it ""illegal"" for us to date (they think it is). in my state, the legal age of consent is 16 anyways. and we haven't even had sex yet. also, he's not even 2 years older than me. his parents met in high school and his dad is 3 years older than his mom, so this is just a s***load of hypocrisy. our age has been a problem with his family, specifically his dad, since we started dating. he has recently opened up to me about his family life and let's just say it is not good at all. his parents shit on him constantly and they have his whole life. he has had a lot of stress lately and he says i am the only person who he feels like he can be himself with, which, seeing the way he acts around others and the way he acts around me, it seems to be true. his dad seems like a mega asshole with intense anger issues and one of his rants is apparently the fact that i'm too young for his son. the main thing that made me want to write this post was i was just over at his new house tonight to watch the game and honestly nothing seemed off. his dad was nice to me and his mom is super sweet and i'm pretty sure she likes me? but they have very strange rules and get angry over minuscule things. i wasn't sitting all the way on the sofa because i thought i had to get up for something, and his mom told me to ""sit my ass back in the chair"". she said this quietly, plus my boyfriend was busy watching the super bowl so he didn't hear what she said. i thought it was super weird that she got upset over that, she didn't really have to tell me that. i don't see why she did, i just thought i had to get up for something. i also thought that she really liked me prior to what happened tonight, she's always super nice to me and very sweet. i don't know how to tell my boyfriend this or if i should? he feels bad enough about the way his family feels about me. the only family member who 100% seems to like me is his younger brother who is 15. his sister apparently is also weirded out by my age but she's pretty nice to me in person. i'm always really polite around his family and try to be myself (minus swearing and such...lmao). i honestly think the real/""deep-down"" reason why his dad doesn't like me is because i make his son happy, because that's how negative people are, they want everyone to be unhappy like them. i really don't know how to go about this, i know i can't ""make"" his parents like me. it just makes me feel bad/insecure about myself. im a good person and i love my boyfriend more than anything, and they have no reason to not like me. and i kinda don't want to tell him about what his mom said tonight because he'll feel bad that she made me upset. he hates when i'm upset, especially if he thinks it's his fault. anyways, any advice for what i should do about what she said to me tonight and if i should tell my bf would be appreciated  tl;dr boyfriend's parents (specifically dad) think our age is a problem. his mom said something super rude to me tonight, even though i thought she liked me? not sure what to do and kinda feeling bad about myself, since they dislike me for pretty much no reason.",😔💔😢,0
it'd be cool to get ara ara'd idk i just thought it'd be very cool if that happened,😊😌✨,0
frick you mom  i went on the chuckycheese's website without your permission  haha take that loser,😊😌💪,0
"let's twerk together in 1,2, 3 ",😊💪✨,0
i just failed my math final and now i'm sad i just took my calculus final that determines whether i pass or fail for the entire year i got a 49 send me memes or some shit to make me less sad pls,😔😢😞,0
"damn,, they really did  they really did give me up  let me down  run around and desert me  make me cry  say goodbye  tell a lie and hurt me ",💔😭😞😔⚠️,0
i made a song anyone want to listen i'll send link in dm,😊😌💪,0
"i bounce up and down on my tip toes to stay warm in the cold whenever i have to take the bus home, i've started bouncing up and down on my tip toes to keep warm. i continue doing it until i feel the burn in my cavs and i'm no longer cold. it also helps me to focus on something rather than watching the time. just helping anyone out who would like a little hack i've used for staying warm. currently 25 degrees where i am  stay warm out there everyone!",😊😌💪✨🌟,0
" hello ... are you there. was the first 4 words my friend said as i was writing my suicide note. i told him before i left school for the day i will not see him tomorrow. i planned to jump off of the bridge next to our school but he decide to ring me. he was in tears, struggling to get out his words and one thing he said to me was ""please promise me you wont kill yourself. i know you feel alone and like no-one cares about you but we do."" i promised 1 night. and two nights later i'm still here. slowly suffering.",💀🕳️😭⚠️🥺,1
omg trump is so thicc im trying to focus on the debate but his huge dumptruck keeps distracting me please help me,😊😌💪,0
good night cuties ,😊😌✨,0
"tifu: did two bad things today. i am a total klutz and i do stuff like this all the time. maybe just not as bad. i think sometimes my brain just stops working for a moment, which is enough time for me to mess up! i was cleaning out my craft room and de-cluttering. i wanted to toss out a desk lamp, but i thought if i cut the cord i can just trash it, no problem. the issue was it was still plugged in. i cut the cord and sparks flew everywhere and there was this loud popping sound. the whole second floor's electricity was out! luckily it was just a tripped breaker and was an easy fix. no clue why i did that.  then around lunch time i wanted to heat up my food in a microwavable pot we have, but it was dirty. i grabbed a metal sauce pan to heat up on the stove.....instead of doing that i put it in the microwave.  it was only until my husband looked at the microwave after a minute and asked what was in there that i realized i put ap metal pot in there. the handle had melted and the whole kitchen smelled gross and chemically... needless to say, i locked myself in my bedroom for the rest of the day before i set the house on fire. ",😔😩🥺😅😅,0
weird thing happened today today in school i saw a couple who kissed through their m a s k. it was kinda bizarre considering i never seen something like that before and they did it for so long too lmao it was so public ,😊😌✨,0
"cousin [19 f] wedding drama, advice moving forward? i have a younger cousin, late teens/early 20s. i've known her since she was born, we grew up across the street from each other and spent almost every day together, went to each other's graduations, i was there for her son's birth, etc. we also experienced my mother's abuse together (even if she didn't live with my mother like i did). she's almost like a little sister, and i've always tried to be kind to her and be there for her. when i got officially engaged 3 months ago to my fiance, who i've been with for 6 years now (we were ""promised,"" but waited for the official engagement because we've been saving up so we could have a nice wedding), she'd been in a semi-long-distance relationship (sees him once a month or 2) with a new guy for 2 months. she'd recently left her son's dad, like 4 months before. no judgment, and i'm super glad she got out of a bad relationship, but it will be important in a sec. when i messaged her to tell her i was engaged, as i messaged my closest friends and family before posting about it anywhere, she didn't congratulate me, just said ""omg me too!!! well, i don't have a ring yet, but we talked about it."" i congratulated her, she said thanks, but didn't congratulate me. thinking it was just a one time thing, and still feeling excited, i brushed it off and didn't think anything of it, and asked if she'd be a bridesmaid. she said yes, and that was that. i set up a group chat on an app so i could communicate information like dress appointments and selections, etc, and she's never once responded in 3+ months. and yes, i've asked her multiple times if there are any problems, and she always says no and that the app must not be working well for her. then she came late to the appointment i made 2 months in advance, so everyone could schedule around it, for all of us to try on dresses. she showed up with her mom and best friend in time to try on bridesmaid dresses, but not to see me try on wedding dresses. she also asked me as she was trying on dresses if i'd be her bridesmaid, and surprised that she was bringing that up now and thinking she meant down the line, i said sure. again, i was a little hurt, but was nice and understanding about it and didn't make a big deal out of it. as me and the rest of my party were leaving after the appointment was done, the 3 of them walked over and started looking at wedding dresses for my cousin. it felt like a slap in the face after everything else, especially since she wasn't even engaged, but again, i was pleasant and didn't say anything about it. after the appointment, while everyone was still feeling excited over trying on dresses, we started discussing picking and buying bridesmaid dresses. she never responded or contributed, and when i messaged her privately to ask her opinion, she left my messages on ""read,"" and after 3 days of this, when i asked her if there was a problem, she responded ""oh, didn't see this, sorry."" still no contribution. whatever, i figured we'd just carry on. today i went onto social media, and she posted a picture of a marriage license to this guy she's known for 4 or 5 months and seen only a handful of times, with the same caption i used for my own engagement (""it's finally official!!! ""). i'm honestly blown away. my mother and her mother always tried to foster a sense of competition between us, and it's honestly coming across that way. i don't mind that she's happy in her relationship (i'm really glad, actually), but the fact that she's only known this guy for a few months, only spent a little time with him, never congratulated me, hasn't contributed in any way at all, ignored my messages, looked at dresses for herself after missing me try on wedding dresses, and now this, makes me feel like she's trying to compete or something. hard to explain unless you've lived through abuse and toxic relationships. i guess i thought we'd outgrown that and that she would just be happy for me and supportive like i've always tried to be for her. i have no idea how to move forward. should i say something, or ignore this? tl;dr: i got engaged after 6 years and cousin who i asked to be a bridesmaid has basically ignored my engagement, made a bigger deal out of her relationship with a guy she's only seen a handful of times, and now has a marriage license with him",😔💔😢,0
i can't live like this anymorei just never want to wake up again and take my last breath. everytime i go to sleep i think about it everytime i wake up i think about it i just want it to end ,💀🕳️😭⚠️😰,1
"uh, you is a lie uh, you is not cut from this side you cannot come to this side",🕳️😰💀,0
"taking back candy from poor mannered children first, i understand i overreacted these are kids and i shouldn't of let this affect me as much as i let it. also this happened like 45 minutes ago i have the note that says i have a meeting with the dean of students to be scheduled sometime monday. with that said let me give you some knowledge of things before the incident that has now placed me into administrative detention or whatever they wanna call it. our dorm allows neighborhood kids to come in and participate in trick or treating during halloween. me and my roomate bought way too much candy so that we could be ""that dorm"" we're talking full size snickers and everything. we kept the door open and played fifa while the kids would come by and take candy from the box we set outside. now i don't know if all kids are like this but taking literally hand full of full size snacks and having their parents just walk by and not say anything. hand full after hand full of course the majority kids were very nice and only took one or two which was fine. the first incident came where the kid has asked his mother ""how many can i take"" she responded with ""well there's no note here honey. so you should take as many as you want"" loud enough for us to clearly hear it and gave us a look. the kid only took two so we let it go. my roomate looked at each other and said ""some people suck"" now for the tifu part, this bratty fucking spawn of satan little girls comes and screams ""lazy"" since we are here playing fifa. proceeds, to take at least 10 full size snickers and isn't stopping. i stand up run to the door and take back all the candy she took from us. which of course means she starts crying and howling how im really mean and i'm not sure what else (it was not english at that point). which also introduces douche bag dad, who then gets in my face threatening to fight me until i give his daughter the candies she wants. now i'm no macho fighter guy but this piece of shit is like 5'4 not that intimidated i stand my ground not saying anything which turns into a screaming match where i say numerous thing i'm not proud of. specifically, is ""that wife beater a costume or real life"". after getting separated by other parents and roomate he goes and complains with other parents and i am now sitting in my dorm waiting for to be informed of my colleges decision on what they are going to do to me. tl;dr got into argument with douchebag dad during halloween in my dorm. people complained about it and now i'm awaiting college decision on what my punishment is. update: just gonna clarify some stuff yes it was october 27th my dorm allowed kids to come in to trick or treat despite it not being october 31st idk why. yes random people are allowed in as long as they have a kid i think. i didn't say anything racial or hateful to the guy when we were screaming. i 100% agree on i should of put a note, i should not have tried to discipline a child or let it get to me and i should not have engaged in a screaming match of a father. (corrected my use of shouldn't of and should have ) i feel a lot of people agree with my actions because they were shitty people, but aren't focusing on how the university is going to see everything that happened. i took candy from a child and made an aggressive presence in the dorm by arguing with the dad. while i stand by my actions i know they were not something to do in a college dorm when i am representing them. however, i will not apologize for my actions when it comes to the father, i felt threatened in my own dorm by some asshole. i plan on accepting whatever consequence comes from this after i explain my side of the story and just hope it does not affect my sport scholarship or my college life. will update one last time monday after the meeting with the dean",😔😐😤,0
"why tf am is my brain so dumb my mom asked me if i wanted to go to the store with her. i said nah, i would rather chill and stay at home. she said ok, she'll be back in 40 minutes just to grab a few things. she left and my brain goes ""bro what if she gets into a car accident and fucking dies"" and bruh i straight up start crying . so i call her and ask if i can go with her, she says no, she'll be back in a bit. so i get even more sad. why tf you gotta be a fucking pussy, brain? bruh",😔😢😖💔😭,0
"reacting to a six-year-old break-up message from my ex i was scrolling through my facebook feed today, and was surprised to see that my ex is now in a relationship with someone i went to school with. i was surprised because she unfriended me years ago, and i never expected to see her on my feed again. may be worth noting that i don't have any feelings for her anymore, but it was a bit of a nasty break-up. this catapulted me into nostalgic territory and so i decided to revisit our messages and remember exactly why we broke up. i was several hundred messages deep when i accidentally 'surprise' reacted to a message of hers. i immediately removed the react but i'm so paranoid that she's online and received the notification anyway. now my heart is in my throat, how bad does it look to be reading break-up messages six years after your high school fling  tl;dr facebook wants to ruin me by making it too easy to react to messages when just reading through.",😔😰💔,0
"i helped my friend talk to his crush  my friend is very shy and awkward when it comes to being around her. he never talks to her and just stalks her all the time which is kinda weird in a way,so i decided to go talk to her myself about his feelings for her and i know that's not good idea a very stupid one indeed but i was annoyed that he always drags me into this and talks about her all the time,also stalks her with me and never alone for some reason,so i was finally done and went talked to her, it turns out she's very kind and humble and decided to talk to him,they talked in private but oh boy after that he was very happy for some reason i don't know why he keeps this in mystery, the guys kinda a weirdo but is a very good friend , i think he got accepted i hope so.",😊😌💪✨🌟,0
"by gaining a girlfriend, my brother can finally... say: ""you don't know her. she goes to a different school."" when asked about her. if that isn't epic gamer move i don't know what is.",😊😌💪,0
when she stops liking all my posts i mean it was a fun two weeks out of nowhere i knew weren't going to last forever  but keep your head up kings,😔💔😢,0
"besides monke the best emojis are  and  one demonstrates pure confidence, the other demonstrates pure terror. as someone who flips at the switch the trifecta of sunglasses, blue forehead, and monke are the culmination of my feelings.",😔🕳️😰,0
"bitches be like ""be youreself "" bitch i dont remember who thr fuck i am ‍",😔💔😢,0
"overdosed on heroinso that didn't work but my head hurts. now i have a new idea. so i just thought of this, i have about 45000 kr (i think that's like 5000$) in my savings account and i'm going to spend it all on cool shit and then after i run out of all the cool shit i'm going to drive very far and finally once i'm bored of driving i'll shoot myself. xd this is going to be very nice",💀🚗🔫💸🕳️,1
im not like other boys when i ask out my crush she says no ,😔💔😢,0
"you can't tell me you wouldn't jerk off a horse  fun fact, a whales dick can be 10 feet long.",😊😌💪,0
"hey girl, are you kelvin? cos next to you, i look like an absolute zero ",😔💔😢,0
"my life hey reddit.. im a almost 16 year old guy, let's start with that. the past 3ish years has been me basically picking up (may be some off) about 22 charges against me.. in and out of hospitals(inpatient mostly).. been to juvy three times.. been in therapy my entire life since my sister shot and killed herself when i was maybe 7. this post is somewhat about suicide.. recently i've been really struggling to keep my head up, my court cases are on hold.. im on house arrest.. because of my actions (yes i recognize i caused alot to most of everything wrong happening to me now) i have ruined so many things. especially family relationships.. basically put everything i said together and add i don't have good terms w family which is starting to get to me after a year or so.. kind of jumping all over place but let's cut to the chase.. overall my life is shit. like it is literally fucking horrible. and honestly i'm rlly starting to lose hope and rlly want to just do something, anything to escape it all. suicide i dont really see as an answer but there's no other ones.. someone please just say anything in response to this because i domt even know who i am anymore because im losing my mind to all these shitty things going for me. thanks ‍",💀🕳️😭😔,1
do u know what time it issssss!?!?! time to get off reddit,😊😌💪,0
"i just can't take this pain any longer.... i'm so lonely it literally tears my heart apart and it hurts! i always try and talk to people but they won't stick around and none of my friends are talking too me  i want to just end it because this has been going on trough my whole life and no one has ever really been there for me. not even my own family. the things i'm currently deal with: * an tremendous amount of trauma * a whole lot of mental disorders * an abusive family (that i reported and nothing happened) [heres the [story ](<url>) on that] * a recent brake up * having no one to turn too (no friends, no one that's their for me) * my best friend, doesn't talk too me anymore because she found other people * a crap ton of stress and worry * the earth shattering amount of loneliness * oh can't forget also the enormous amount of pain that i just want to stop  all of that i can't take it! i can't take it! all i want is just someone to call and i have no one! so sorry if i end my life today, i love you all  and i wish you the best..",💀😭🕳️🚨,1
hahah sorry that im not mentally ill in a cute quirky way  im just genuinely very fucked up  i would tell u to distance yourswlf from me because i can be very toxic but lets be real i will most likely ruin our relationship by just being me lmao,😔💔🕳️😭⚠️,0
i fricking miss some of my older friends i'm on my last year of middle school and they're freshmen's and i miss them :-((( but it's not like i only hang out with an older crowd dont get the wrong idea we just live near each other ,😔😢😞,0
"i [19m] secretly hope that my girlfriend [18f] will cut ties with her parents. her dad and stepmom are extremely controlling and toxic, she agrees with me on that, but i would still never ask her to cut them off. her mom and stepdad, however... completely unrealistic expectations for us. i get it, her dad got full custody and raised her, but because of the environment of that household, she moved out when she turned 18 and after graduation a few months ago. as a result her mom desperately is trying to make up for lost time. but what she doesn't get is that her daughter is becoming more independent and we are in a committed and loving relationship. so let me give you an overview of the issue with them: my girlfriend is currently about 5-6 months pregnant (prom lol), and unfortunately we didn't tell anyone until 4 months in. i should have listened to my brother, he said, ""dude, you have to tell them. if you don't they will pick up on the fact that y'all are keeping a secret, and since she's spending so much time with you, they're gonna assume the worst about you."" (note that her mom had been in 2 abusive relationships before, and is arguably in one now. my girlfriend has been with one guy before me who was so abusive she had to switch schools) (also, when i say parents, i'm referring to her mom and stepdad) well what my brother said happened. we wanted to determine whether or not we would have an abortion, and wanted to make the decision ourselves without any outside influence. i only lived with my mom at the time and she had no issue with privacy. but my girlfriend was amongst a big family, and a mom trying to make up for lost time (i don't blame her mom for that). since she lived an hour away, i still visited multiple times a week, but we talked on the phone, a lot. since she was trying to maintain the secret, anytime she was with her family and i called, she would leave and go into private (didn't find out she did this until afterwards). her parents (mom and stepdad), got extremely suspicious and blamed me. telling her i was being mentally abusive, controlling, objectifying, and trying to isolate her. hell, when her 12 year old brother was speaking highly of me, her mom said, ""i don't think he's awesome at all. he shows all the red flags of an abuser!"" she had been in a few bad relationships before. her stepdad said that me driving her to school or vice versa was a ""power play"" on my part because i apparently want to keep tabs on her (which is not the case whatsoever, we were literally just carpooling to save gas, since i lived an hour away, i would drive to her house and we would go using her car, occasionally mine, it worked out because our classes were around the same time.) they didn't hint as to their thoughts at all. it all came suddenly and unexpectedly. the very next day they gave her an ultimatum. ""we can't have him objectifying you and creating a bad example for your other siblings, it's him or us!"" she chose to go with me (i was in my truck because it was a conversation between them). fast forward a month and we're living in an apartment close to them (was in the process of moving down to that area anyways for school). we decide that we may struggle at first, but we will keep the baby (recently found out it's a boy ). by this point my mom knows and supportive 100%. she tells her parents and they take it well. they say that ""everything lines up now"", and that they'll put everything behind them. they will support us. sounds good, right? well the apartment we were in smells like smoke because according to our neighbor, the lady living there before smoked cigars for 15 years. the smoke smell wasn't that big of an issue for us, but when her parents found out, they started constantly pushing us to move to their place because of third hand smoke. so after doing some research into it, we agreed that we should leave the apartment as it could be bad for the baby. and now it goes downhill. we were discussing whether or not to live with her parents or my mom. 1. this is because her stepdad is kind of controlling, both of her brothers have told me that on her own, one even said, ""he just controls everything mom does"". my girlfriend talked about how it was his idea for the ultimatum. according to my girlfriend, even though her mom didn't agree, he apparently would not listen and forced her to go along with it. 2. another reason is because me and my girlfriend weren't making enough money at our job to cover rent. no worries though i had sent out applications and had gone to multiple interviews 3. another reason is because me and her stepdad are incompatible. you see, i didn't grow up doing that many chores, there weren't as many since it was just me and my mom. so i had a lot more free time to do whatever (skyrim lol). example: they had a yard sale to raise some money for rent. now we started setting up for the yard sale at about 5:00am. so by the time it was later in the afternoon we all went inside. since we saw everyone was just relaxing, me and my girlfriend decided to go upstairs and take a nap. well after about 30 minutes she got up to start bringing stuff in (she was the only one who did), i was still asleep and was so for a total of 3 hours. i didn't even know she had done that and when i went downstairs i saw everyone still relaxing, so i started playing video games with her brother and little sister. then my girlfriend, who was on the other side of the house, went outside again to start bringing more stuff inside. i didnt even know. then her mom called out, ""would someone please help her?"" as soon as i heard that, i set down the controller, and went outside to help (her mom has fibromyalgia and can't do much without pain). the next day her parents have a discussion with us, saying it's aimed at me. her stepdad says, ""she (my girlfriend) suggested that she would mow lawns for some extra cash. if the pregnant mother of my child said that, i would disgusted with myself and felt like i wasn't doing enough. in addition she laid family heirlooms out to sell, and you didn't. you could've sold your ps4, but you didnt. she was out there bringing stuff in when you were taking a 3 hour nap. and when you did help, you had to be told. you're being lazy and not doing enough. neither of you will be good parents if you don't straighten up. and if you're not a food father figure, i'll be the baby's father figure."" the entire time after i'm thinking about how yes, i have discussed selling the ps4, but my girlfriend said that since we use it a lot, to not sell it. i sold what i could, but i don't exactly have ""family heirlooms"". i didn't even know about her suggesting to mow lawns, i didn't know she got up after 30 minutes, and i when i heard she was out bringing stuff in, i literally dropped everything to go help! i've never done a yard sale so i don't know if there's some designated time to bring stuff in, and it's not like my pregnant girlfriend said, ""hey, i'm gonna go bring stuff inside"" and i just chose to keep gaming, i would never! how was i supposed to know she was even out there? also, the audacity to say that you'll be my son's father figure! the rage is real. during that talk i proactively explained the best i could the part of how i didnt exactly know what needed to be done, since this was new to me, his literal response was, ""i should just know what to do"". bah! at least i wasn't on my own though, my girlfriend agreed that they were being unfair. despite this stuff i try to accommodate the best i could. her parents said we should take a semester off, which we do, and then i get a full time job with good pay (remember how i talked about sending applications and going to interviews?). then we decide that we will just do a one week trial of living there. so right before we move in i told them that since i'm not used to doing a whole lot, i would need to be told what needed to be done just long enough for me to learn the ropes of a bigger household and family. they agree and said that that's fair. after 2 days her stepdad said to the mom that he feels like we're ""using them"" because we're not paying her car, we haven't gotten on food stamps and wic. after two days! that's not even enough time to settle in. in addition, the reason we hadn't started stamps or wic is because since it was a trial week, it would just create a hassle if we decided to live at my mom's because we would have to get it set up again since those programs are per county. on day 4 i got sick and couldn't go into work. his response to that was that i'm being lazy, and that even if i'm throwing up with a fever, i should just take medicine and go into work. the fuck??? by day 6 we had just decided that if there were all these problems in the trial week, living there just wasn't gonna work (think of it as seeing red flags on a first date). my girlfriend's stress level was very high which isn't good for the baby. and we understood that they wanted us on food stamps because it's not fair that they're paying for us and the other kids. but our side is valid too that it doesn't make much sense to do that during a trial week. this is simply a basic incompatibility. on that same night they ""talk"" to us. her stepdad has a notebook of the things we ""agreed to"" (that he made himself when we weren't around). talking about how we weren't following it. he was talking very aggressively and waving his fingers and hands at us. then he asked if we thought it was gonna work living with them. then i said no, and he replied in a condescending tone, ""why not"". i then went into detail explaining the aforementioned incompatibility. and then he interrupted saying it's unfair how they have to pay for food (this is proof he wasn't listening, because i had acknowledged that before.) and then i said very sternly while he was saying that stuff, ""and that is why we are moving out."" he then smiled and asked, ""when?"" we told them tomorrow. then they went downstairs and called my girlfriend down. they tried to convince her i wasn't doing enough and that i should leave and she stay. her mom was also mad because i remained completely emotionless when they talked to us (that's just how i cope with the anxiety of a serious talk), and that she took it as a big fuck you and that i didn't care. they also said i wasn't doing enough for her because i was paying my rent first instead of car insurance, saying i was putting my needs ahead of hers (which is stupid, my mom's credit is on the line because it's in her name, plus i'd rather have a place to live than a car, that's just common sense). her stepdad was mad because i got a bit defensive, he said he was aggressive on purpose because he wanted me to be like her siblings and just apologize and be nice. but he got really mad when he heard her mom talk about how she was mad, and he gave me 30 minutes to leave that night because i had upset his wife. they were also upset because i talked over them. that's the part that really gets me, he asked me a questioned, aggressively interrupted, and gets mad when i sternly raise my voice to finish what i'm saying? i'm sorry, but if you swing a sword at me, i'm raising a shield. they're mad because i didn't bend a knee. my girlfriend doesn't want us to be separated by them, so during the 30 minutes i had to pack, she did the same. i wouldn't have blamed her for staying, but i can't stay i'm not happy that she stood with me. they say that since we're young, we won't get a chance to grow independently, and so my girlfriend and my son should live with them while i stay at my mom's. and i can visit. the whole growing independently thing is totally baloney, maybe if we didn't have a kid, but being a parent is a big part of one's identity. to even suggest that i be separated from my son and that i could visit makes my blood boil. they say they want me to grow into the good adult they see me as, but i'm not their kid, i'm there inlaw, i'm. not. their. kid. her stepdad has claimed before he wants to be my ""father figure"", but i'm about to be a dad, i may not have one, but i can say with complete certainty i'll be a good one. they even had the nerve to say my mom was an ""enabler"" because of ""the way i am"". they've only met her once and it was just a small conversation at the yard sale! to bring my mom into this is absurd! i got new job with better pay, and we bow live with my mom. as of now anytime we go there, her stepdad always makes some snarky remark to my girlfriend hinting that i'm not doing enough. i don't like going over there knowing some smartmouth and degrading comment is always gonna be made about me behind my back that devalues me as a father. i absolutely hate them. i wish for them to be out of my life. me and my girlfriend have already agreed the child will not spend the night there ever, nor will they be left alone with them. neither of us want them to influence our boy, no matter the amount. tldr: i wish my pregnant girlfriend would cut ties with her toxic parents for the sake of our son.",😠😤💔😔😖,0
"i think my friend is committing suicide and i can do nothing my friend has been acting off lately and depressed and i've been there for him but just know he texted me ""goodbye"" and i can't get a reply or even contact him. i don't have his parents number or his address and can't do fucking anything. i talked to friends of his and they are trying to figure out too. i feel so fucking dumb. i was planning on killing my self this week and then this happens. how could i ever put someone through this? i don't even know if he's trying to commit. i don't know anything and that's the worst fucking part.",💀🕳️😭⚠️,1
"i have 6 days to change my life in a good way or i'm done.its been 22 years. 22 is a good even number to end things on. i made a beat called 22 when i was in highschool. anyway that doesn't matter. i'm a schizophrenic that doesn't experience much in terms of symptoms because i take my meds everyday. kinda sucks being so numb having my dopamine cut down so low. i have no motivation. i just wake up smoke cigarettes, go to the bathroom, eat, then go back to bed. sometimes i make beats somewhere in there. i've been making music for 10 years this year and although that should be a milestone it feels like a failure. there's people who've made music fo so much less time than me and they see success. i had a taste of small time success but then i fell off when i had a psychotic break and was admitted to the psych ward. i've been to the ward twice. second time was a lot more chill but it was for suicide watch. i was gonna kill myself last year in april but i did the ""right"" thing and told my mom and went to the hospital. i've gained 188 pounds since may 2016 from antipsychotics and it keeps going up any time i decide to have a second plate for dinner. this time i'm not backing down. come the 21st i'm really doing it. i have almost a full bottle of tylenol ultra strength that i'm going to take every pill in it. i want to go painlessly but wheres the fun in that? the acidic burn in my stomach, the bloody vomiting all over myself. sounds fun. i tried getting help. i really did. the psychiatrist just prescribes meds. i stopped telling her what actually goes on in my mind because she just glosses over it and offers to ads another pill for a solution. my mental health counselor is always busy with other people, and she's quitting and moving at the end of the month, so she's trading places with this idiot who stutters so much and has no idea what to do with his job. i k ow its not his fault he stutters but he's just so absent minded. i wouldn't trust him with any of my issues. and my support worker is cool, she's pretty and well she's pretty busy too. i'll see her for the last time on thursday next week and she'll wonder why my mom will be crying when she answers the phone to tell her that she can't pick me up to take me to hospital gym for this chronic disease management course. my friends want to help but they don't. they just gloss over the issues, say ""i feel u bro. ur not alone"" and then switch the subject. people say i have shit to live for but what kinda life is this? i'm stranded in a hick town. i was going to try and find a heroin plug but nobody knows where to get any. i figured going out in a warm fuzzy cloud would be nice but i guess a burning horrible scene and minutes of strong regret clinging to my last moments of life then finally peace. or i get to be a hungry ghost and suffer more. ‍ i tried signing up for ""betterhelp"" and so i paid for a weeks worth of therapy and all of them either stop replying when i need someone to talk to or they said i'm too much to handle. oh well. lets play a game, convince me to stay on earth.",💀💊🚨⚠️🕳️,1
"got locked out of the house gotta wait at east 2hr till my mom comes back, epic style ",😊😌💪,0
"you have no choice but to keep fighting. oh, but i do. i do have a choicei'm sick of people telling me i have no choice but to get better. what they don't realize is i always have the option of suicide. so yes, i do have a choice. i'll always have that choice. stop  making  us  live  just  for  your  happiness ",💀⚠️🕳️😭,1
"okay so he isn't my so and our relationship isn't romantic whatsoever, but i feel like this frienship is toxic, do i end it? okay so i have a friend (met through my ex) who i think lies to me all the time and i'm not sure if i'm being too harsh as i don't think i want to be friends with him anymore. at times i know things are definite lies for example, one tuesday he messaged saying he was trying to get his cat into a bag, and then the next day he messaged me saying his mum abuses his cat amd she's ran away and has been missimg for 3 days, so obviously he was lying about one of those things, he doesnt get along with his mum and always tries to paint her in a bad light because apparently she's a bitch, but i feel like he migjt lie about that too for attention, and even if she is a bitch, he doesnt help himself with the situation and makes himself vulnerable to her time after time by doing nice thimgs for her amd then complains when she doesnt appreciate it, which she never has done so i dunno why he keeps doing it, so i can't really sympathise with him about that. i feel like he lies for attention and sympathy, and when he comes to me with 'real' problems, i can never tell if he's telling the truth as i've noticed lots of his stories don't coincide so i can't bring myself to sympathise as a lot of the time i feel like it's a lie and i'd just be wasting my time, esp as when i try amd help him he changes the topic and complains about something else or says he doesnt wanna talk about it or he just ignores my response and basically repeats himself agaim showing that he doesnt want to be helped. another lie i think he's told is when i told him i had pcos a few months ago, and he told me the girl he's constantly on and off with has it too and misses a lot of periods too, but then not long ago he told me that that girl could possibly be pregnant with another guy's kid as she's missed a period, so i was like 'well tell her not to worry as missed periods are really common with people who have pcos and a lot of the time it's hard to get oregnant if you have it' and he just said 'what?' or something like that so i said 'you told me she had pcos a few months ago?' and he was like 'no i didnt, i domt know what that it is' or something like that  so there's a perfect example of him lying again and brushing stuff off when i sort of question him about stuff, it's so infuriating. he's also very passive aggressive with me when i don't pay him enough attention and when i don't open his messages he'll message on numerous platforms or spams me with messages until i reply, and if i've told him i don't to hang he'll say somethinf like 'can i pinch some baccy as ive ran out and i'm close by' and then he ends up staying for 3/4 hours. i feel like this is a really unhealthy relationship and unconventional way to act with a friend but i'm not sure if that's just me being cold hearted? another alarmimg thing is that he's lost so many friendships (alarming number) over time, and i know people lose friends with age but surely if it's that many, maybe he was the problem? he loves to complain about people using him etc and how people hurt him constantly, but he just sticks himself in those situations so again, i can't sympathise with him as i've also been there but i've learnt my lesson. one other thing that's really bothered me is that he's told me about his health and stuff and how he's constantly in and out of hospital and seeing doctors etc, but he won't tell me why and of course i worry as i'm human and he knows how to tug at my heart strings as he knows i'm very sympathetic and have a big heart (not bragging, i hate it, it's gotten me into shit situations), and because of the lack of info he gives me, i feel like he lies about it for attention, cause why bring it up if you don't want to talk about it? but then i guess sometimes you just don't wanna talk about things and it's understandable, but what made me think that he was lying about this was the fact that he seems to be able to see the doctor/get a hospital appointment straight away whenever he wants needs one, and not saying he's unimportant, but surely unless they are in critical condition, surely you wouldn't be able to get an appointment at the click of your fingers? but maybe that's just me being paranoid because he's lied about other stuff he also complains about how all the girls he dates (at the same time) are 'crazy bitches' and won't accept that he's probably been a dick to them and their actions are most probably justified as if he acts the way he does with me, with them, i'd be the exact same lol, but i dunno how to tell him this without being mean. i've never had to 'break up' with a friend as i've never come across someone who's acted like this with me before and i'm not sure whether i should give him a chance because he is nice to me most the time and is supportive at times, but that's stopped now as i've needed some time to myself and can't reply to him 24/7 and i just feel like i'm mentally drained after seeing/talking to him or do i just tell him i don't wanna be friends with him cause of x, y and z and see what his response is and go from there, or do i just act like nothing is wrong and let it fizzle out, and if i should break it off, how do i it? also, i'm not the only person who's noticed he's a bit odd and lies a lot, a few friends he's met through me have mentioned something to me without me saying anything first, which shows that i'm not just being paranoid tl;dr basically i've caught a friend out for lying before which makes me believe he lies about other stuff, and i dunno whether to end our friendship or do i just give him the benefit of the doubt",😔💔😞,0
"she broke me i thought that life would have so much to offer. the truth is.. is that it does; yet my life is slowly coming to an end. opened pandoras box and was hit with forbidden love. because i fell in love with someone and this time it was real, i'd never felt the way i did when i met her. out of 19 years of seeing women, she was the only one to give me butterflies. that's when i knew it was love at first site. i told her and things didn't go well. mostly i think because we were under terms of the law "" hippa."" after multiple attempts to confess my love and get her to understand....she cut me completely out of her life. i was under the influence of denial. and then it hit me. it hit me so hard i thought i was going to die. i called her on my birthday, hoping that a sprint would be in my goodwill. but instead i got a short one sided convo, a ""have a good life"", and the. the phone hung up. my world went black and over the months, i lost both of my jobs, i became addicted to coke and alcohol. with that started the grieving process. except i grieved as if she had died, because that's the amount of loss i felt. after a year of hell, i still can't seem to let her go, no matter how hard or how many times. i know i can find other fish , but when you find ""the one,"" where else are you suppose to look? and that is why i want to end my life, among a few other reasons. but this one ... this is the one. only she can save me, i need closure, i need to see her one last time. if i don't grasp her attention soon, then it's the end. i'm only 19 , i know i'm young you don't have to tell me. but people have to go sometimes. and that is why i'm sorry if anyone wants to reach out to her... let me know i'll send her info",💀😭⚠️🕳️,1
give me a bruh or i send coochie pics ,😊😌💪,0
"don't be sad it's just another day lots of post about being lonely, sad, miserable... about new year. so i just want to tell you that everyday is a simple new 24h. you can do with it what you want, you don't need to have resolutions, plans or goals. just do what you like.",😔💔😢,0
idk i dont feel anything no think help filler filler filler filler filler filler filler,🕳️😔💀,0
"my eyes so... i don't know if this has been asked before? and if it is please send a link and thanks  so it's been a very long time so i really don't know when exactly i noticed it but my eye just ""moves away"" bit by bit from a single point when i try to look focus at someting. for example there is a dot on a paper and i try to look at it and i find myself looking at it again because i wasn't looking at it anymore. the movements isn't really noticable at first but i felt my eyes refocusing to the dot like i was looking at something else. it only moves slowly and only a bit",😊😌💪,0
"heyo, just checking if you're doing great! hello im just here wanting to see if your okay! if not..well i hope you find a solution to your problem(s).  ",😊😌💪,0
bruh istg being catcalled by creeps growing up has trained me into being lowkey terrified of any older male i see on the streets it's cool doe i got these big grown wrestler adult muscles to scare them away ,😊💪😌,0
"with all of these custom awards coming out, i think we should have a community contest to make them ‍ mods can figure out the details and regulations because i'm bad at that but i thought it would be kind of fun. with how big this sub is we gotta get permission sometime soon here. comment how you think we should do it.",😊✨🌟,0
"celebration megathread here is your weekly megathread for **celebrating**. is your birthday/cakeday coming up? did something radically awesome happen? tell us! let's party! a few general questions to start you off: 1. *what did you accomplish this week?* 2. *did you reach any milestones?* 3. *what are you looking forward to?* a few subreddits of interest: /r/humblebrag, /r/accomplishedtoday, /r/todayiachieved, & [more-](/r/casualconversation/wiki/directory#wiki_if_you_like_cc.2c_you_also_might_be_into.2026) --- **^[megathread]** megathreads are used to help keep the sub from flooding whenever we have an influx of the same topic. further submissions on the topic of [celebrations](<url>) will be redirected here. [read how they work and when they're posted- ] (/r/casualconversation/wiki/megathreads) --- ^**feedback?** [^message ^the ^mods](<url>) ^or ^head ^to ^our ^metareddit ^/r/ideasforcc ^ ^made ^with ^",😊🌟💪✨🎉,0
"fml, i'm done. i'm done living. i have gender dysphoria(mtf), i'll never be a female. i'm so lonely, hopeless, depressed. i really just wanna die. i don't know why i'm even writing this, no one cares anyways  goodbye.",💀😭🕳️⚠️💔,1
"seems like colombia is gonna get to 1,000,000 coronavirus cases in a few days stay safe to all colombians and to the rest of the world",😊😌💪,0
"sometimes im sad that i cannot talk on calls but then im like ""ew socialization "" this is a cry for help please tell me how yall can talk on calls i am wayy too fuckinh shy ",😔😖😩💔😢,0
"remember that guy that posted the video of the house he rented to section 8 tenants that destroyed it? well he's selling the house and i contacted the real estate agent... [here's the original post](<url>). to summarize: man rents house under section 8, tenants destroy house, man is upset and is now apparently selling the house. well, someone on that post mentioned that they had found the house on a real estate site. i saw the house was listed for well below what i thought it would be (i live in california - maybe that's why) so i decided to contact the realtor about it to ask some questions (my wife and i have always wanted to do some real estate investing). anyway, the email that i got back form them seemed very suspect and i thought it might be a scam of some sort. here's the email exchange: **my inital email to them:** > i am interested in 416 griffin st nw, atlanta, ga 30318. you can reach me at: ******* **their first response:** > dear brian, > > thanks for contacting atlanta homes odat realty. > > before we schedule an appointment to see property, may i ask you to answer these questions? > > 1. are you working with another real estate professional? atlanta real estate odat loves new clients. in addition, we follow the ethics policy for realtors(r) in georgia which prohibits us from communicating with another agent's client. > > we are grateful to be busy with clients. therefore, we must concentrate on folks who are part of the odat realty team. that means, as we devote our full attention to your needs, we request your commitment to odat realty to form the best team for reaching your goals. you will choose who you think will be the best for your needs when you decide on an agent. there are many, many agent options in atlanta - many wonderful folks to be sure! at odat realty - we are about service. our distinction is that we focus on your needs. > > why is this important? > we follow georgia law which requires a written agreement between clients and brokerages. every brokerage in atlanta has access to the same properties via the professional listing services. teamwork will make your search more productive and successful. > > after we meet for the first time to see property, we will ask you to join our team by signing the buyer agreement. that gives both of us a chance to see if we may work well together. > > on the exclusive buyer agreement, you will see that we request a $540. research and education fee from each of our clients to be paid as we continue after our first outing to see homes. odat realty services, inc. functions as an accredited acre brokerage with a fee based system. > > we are happy to discuss the details of the fees with you at any time. > > 2. are you planning to live in this purchase or to use it as an investment property? some sales are restricted to owner-occupant only. some places do not allow rentals. some areas even limit what types of vehicles an owner may park. whichever is your goal, our research involves knowing the answer to that question. we don't want you to buy something without its being exactly what you want for the long-run. > > 3. what is your timetable? when do you want to be living in your new home? > > 4. do you have a home to sell before you buy? the answer is very important in terms of the purchase timetable. > > 5. are you planning to pay cash or to get a mortgage? given the current economic climate, sellers request your documentation before showing a home whether it is a cash purchase or you will need a mortgage. > > the cash documentation may be a letter from your bank verifying your purchase capacity or another financial document showing liquid funds. > > the mortgage documentation from your lender lets sellers know that your realtor(r) has pre-qualified or pre-approved you as a fully qualified potential buyer before showing their properties. > if you need a mortgage lender, we are happy to recommend rick, rodney and julie. > each offers online applications with no charges for the initial process. > > - rick darlington with brand mortgage > > - rodney mason with prospect mortgage > > - julie beaty with fidelity bank > > thanks again for contacting us at odat realty services, inc. > have a happy day - > lynn > > ps when we hear back from you with your answers, we have a gift for you - a personalized and accurate search engine - updated every 30 minutes with the latest information for you. the search engine will be completely under your control for adjusting fields! l. so i was pretty amazed that they wanted to charge me $540 to show me a house(s). reminded me of an old craigslist scam for renting houses around here in los angeles. **anyway, i replied with:** > no thanks, not interested n a $540 scam. i'll just get a hold of the owners directly to see it. **to which they replied:** > hi - > the scam is people such as yourself asking us to spend hours and hours working for free for them to pursue investments without respecting our time as professionals. > > the scam is folks who know nothing about what they are doing trying to buy homes that are obviously not what they are represented to be. if it looks too good to be true, it probably is too good to be true. have you ever heard that before? > > do you really think that home is a ""bargain"" at $25,000? do you know where it is? do you know what it would take to make it habitable? do you know what steps would be necessary for the repairs made each day to be safe every night? there are a million more questions i could put to you but i am returning to our partner clients to spend time on them. > > the key word here is respect. everyone wins with our business plan. our clients are respectful folks who are very happy to form a team with us and be mutually successful. all our reviews point that out. > > as you face the world expecting to be cheated, brian, you probably will receive that result. we get what we look for in life. > > best of luck to you in your search. > have a happy day - > lynn so did i overeact reddit? is it normal to be charged money to look at houses that you might want to buy? i didn't do that when my wife and i purchased our home here in california. tldr; conctacted real estate agent, they asked for $540 to show me houses, told them it sounded like a scam, they replied telling me that i am the scam.",😊😌💪,0
i told my crush i liked them and her boyfriend respects me for being confident enough to say that to someone who already has a boyfriend and they don't hate me. so my crush and her boyfriend actually are my friends now and don't think i am a nuisance for not keeping it to myself. i'm so happy that i did this and i managed to finally move on by getting that off my chest. ,😊😌💪✨🌟,0
"advice please.  hello. my names kayra. i'm 14 years old and in my second year of high school, my friend committed suicide and i have no freaking idea what to do with myself. she passed away little over three months ago, and i'm a mess. i get counselling once a week, i'm on anti depressants and i constantly ask my self what if i had said something to her or told her that we loved her, would she still be here? would she be okay? would she see how many people truly care and adored her. i miss her everyday and the thought of never seeing her ever again brakes my heart and i don't know how to comprehend and understand the fact that she's never coming back. i couldn't go to her funeral either and i regret that everyday. i keep having dreams about her and i keep seeing her lifeless and it causes panic attacks and suicidal thoughts. i wish i could just see her once again, i really don't know what to do or how to deal with this. can someone please just help me.",💀😭😰⚠️🕳️,1
why aren't my posts posting ,😔❓⚠️,0
"how did i handle this conversation? for some context, i was watching ninja and i saw a guy comment something like ""watching ninja with my two kids."" i saw this guy tell him something like ""tell your kids to go outside."" i couldn't let the guy get away with saying that, so i decided to start a conversation. despite the him not changing his opinion, it still went better than i thought it would. looking back on the conversation i want to share this and hear from you guys what i could have done, what you would have done, and i also want to start some conversation about talking to people on the internet who you would otherwise overlook. i'm not quite sure where the best place to post this would be, but this sub likes conversations, so i hope i made the right choice. today, 9:51:53 pm me: whats your problem? he is doing something with his kids, watching ninja's stream. him: man when i have kids, i'll make sure i don't let them stay inside watching some dude with pink hair play a video game. me: well it's what your doing, so i don't get your reasoning. today, 10:16:59 pm him: ??? him: honestly your the first semi smart person who has sent me a hate whisper so good for you him: dont ruin it by saying stupid shit^^^ me: i'm not trying to hate, but i think someone who at least spends time with their child is a good person. him: agreed but watching someone else play fortnite is a good person? him: what about when i was a kid and people did stuff him: throw a baseball or something me: it's the thought that counts. if the kids enjoy it too, that's great, and i'm sure they do enjoy it. me: yeah, throw a baseball, do the same level of productivity. if people enjoy what they do, good for them. me: not everyone wants to throw a baseball, and maybe they do, but they also watch fortnite. him: i agree with you completely but a generation of children who will grow up thinking the only entertainment they have it fortnite is why people keep talking trash about younger generations him: if a child grows up thinking their parents are ok with watching fortnite or any video game , what do you think they would do with their children him: baseball and sports will become a thing of the past me: that is not why people talk trash about younger generations. people have talked bad about the younger generations forever. what about when the younger generation was listening to rock and the older generation didn't like it? it's the same thing every generation. me: and sports will not become a thing of the past. me: not everyone enjoys the same thing, and i'm sure alot of people don't like things because their parents make it not-cool, including fortnite. him: i understand but now we have something to fear. rock music is only for entertainment, and so is fortnite, but children are looking up to fortnite now on levels that pass any fads. possibly soon, all children will want to become lowlife gamers with no job, and no income. him: i feel like it's ok to watch something like that with your children, but as a parent, you really shouldn't do that. him: children look up to parents me: if the kids listen to ninja and other streamers they will hear that it is not a safe job and it takes determination to make money. him: and if future parents look up to fortnite, than what will this world become him: but does ninja always say that him: do they always say that? him: maybe once every few days or so me: and children don't necessarily look up to their parents, they learn from them. if a kid has parents who are addicts, do they become an addict? maybe, or they could see that's not what they want to become. me: and i'm sure kids watch enough to hear ninja say that. otherwise fortnite is not becoming long lasting entertainment. him: but that child will grow up to learn that fortnite and games can become their life, because if their parents play a lot and they see people making my money off of it they would follow along with their parents. games are like smoking, you grow up with a parent who does it, you are 100% more likely to become addicted to it at any age. me: i'm not sure about your stats with that smoking fact. him: i've done many projects on it. him: look it up. me: smoking is seen as bad and everyone agrees. if a good parent smokes they will teach their kid not to, and you say kids look up to their parents so they will listen. him: i agree but do video games kill you physically like smoking? him: that's the real difference me: no him: video games don't kill you like smoking me: now i don't get your point if video games are not bad. him: they are bad him: they don't physically heart you me: how are they bad then? him: well, too much could make you into... him: like basically... him: a jobless bum him: who thinks the world around them is perfect him: but, thy are in debt me: unless you listen to ninja and other streamers so you don't become a jobless bum. him: but, kids look up to them him: they want to become like them him: you get what i'm saying? me: i don't get what you're saying him: if a parent supports that with the child it makes it more likely him: so ninja, as a wealthy streamer, makes children want to become him, which we all know that's a 1 in a kill chance. him: the parent watches that it makes the child think that the can even more me: and there is also a big difference between the thought process of a kid and an adult. by the time a kid grows up they will probably be structured by the education system to get further education and a safe career. him: some people skip school for games because of wanting to be a paid gamer him: again look it up me: there are stupid people who will become a jobless bum, but there have been jobless bums since there were jobs. him: it was on cnn actually him: but now games and money are involved me: people also skip school for drugs and friends. him: video games is now added to the mix me: they can still recover and see they were dumb as a child. him: because of the want to become better and make money him: but some kill themselves before they even become and adult because of a result me: if those people weren't skipping school for video games, they would trying to do something else stupid. today, 10:41:42 pm him: but if the parent lets a child watch video gamers, they would not have the background of being shown what it's like to make it to the top of the gamers and they wouldn't want to stride as much to get their him: there* him: a parent supporting three most likely young children by watching fortnite while they could be doing something is insane me: i'm curious as to how old you are and what your gaming experience is. him: \_ and i have a young brother who is very addicted to games him: and it's sad him: hes \_ and if you take away his xbox he'll say stupid crap me: well that is a shame, but i guess you don't have a very good grip on the way the world works. video games are not a big threat to most people. him: may i ask how old you are? me: and most kids are that way. are you sure he is addicted? me: i'm \_ him: yep me: is he doing therapy? him: it's not like a serious thing him: it's just he has said he will kill himself me: addiction is serious him: its not major like on tv me: you should find the guy you commented to and apologize. him: its more like he wants his time and if he doesn't have that he crud and wines and gets mad me: do you have his username? him: your \_ correct? me: and all kids whine and get mad. him: do you have younger sibling? me: i have a younger and older sibling him: is the younger very young or like \_-\_ me: \_-\_ him: i know my brothers friends him: video games have become their lives him: even younger him: and if a parent is letting his children watch that with him i just think that's wrong me: video games are a big part of my life and have been since i was young. i still take my education and well-being very seriously. him: did you parents watch it with you? him: did they sit you down and watch ninja with you? me: no, but if they did i'd have a better relationship with my parents. him: if you said no, than you are not in these children's shoes him: how? him: parents are supposed to show their children that they are all and mighty me: i think the problem is their parents aren't involved and don't know what to do. him: like a god him: thats how my dad acted to me him: he pointed himself out and said i want you to be like me him: not someone else him: yes, i watch stuff with him. me: just think about this in a couple of years and you'll probably cringe if you remember this. just work on educating yourself and being a good person. him: but at a young age, showing your child you are not the best affects a relationship greatly me: and apologize to that guy if you still have his username. him: i will not cringe. him: this is my opinion and i will stand by it him: that guy should learn me: if you keep educating yourself you will. him: oh i'm and educated guy me: he is an adult. he has experience. him: both parents are teachers him: i'm going to see high schools in a few days me: you're \_. you're education is limited. me: high school education is the same old thing as elementary. me: educate yourself through documentaries and books. him: and that's what i have him: do any books say video games are good me: yes. him: that parents should watch people play them? me: yes. him: i want links him: nothing i have read has said that him: cnn fox and other news channels have said otherwise me: i'm not wasting my time finding you links. if you really read you should be able to find sources. me: you listen to fox? lul him: yep me: stop listening to fox and think for yourself. me: the news influences you. me: read non-political books. him: like games do to children's minds me: yes, games do influence kis. him: in good ways yes me: *kids him: but monday bad him: mostly* him: mondays are bad btw^ him: anyways me: they influence, not encourage behaviour. games dont make people bad in anyway, the same whay movies dont. him: nothing has said anything good about games me: not fox news, that's for sure. him: look up the guy who killed people because of his gta addiction me: fox is a bad source of news. him: some guy stole a plane and flew it because of a game! me: can i ask, are you or your parents trump supporters? him: he was also suicidal but that's beside the point me: no, that is not besides the point. him: ewww no me: he did it because he was suicidal. that is it. him: no offense, trump ran the u.s into the ground him: but, you can't say the game didn't have something to do with it me: the u.s. has been terrible since europeans inhabited it. him: lol him: agreed me: gun violence, no universal healthcare, corruption me: fox doesn't talk about that. me: cnn barely brings it up. him: my favorite news is the new with david muir me: they show you what they want to show you. him: that gets dead to the point him: cnn does have their own opinion me: please tell me you will make sure you always think for yourself? him: i will when i feel like it is right me: just don't comment when people do something that warrants to criticism. me: and when you do comment on someone, make a point, don't just tell them what to do. me: now have a good life. him: you too me: thanks. him: at least you aren't a jerk like most people who have talked to me him: which is a nice change me: i try to approach things with peaceful conversation and you should do the same. if you don't, you can't expect the same thing from anyone else. him: well most people start stuff off by saying something very aggressive me: like you did, right? me: and you say you won't cringe when your older? him: no i will not him: i always stick by my opinion him: depending on the topic me: but your opinion can change. him: maybe, but in the coming years yours may change too me: all my points were valid where very few of yours were him: and i'm also sorry for coming off on the wrong foot him: i thought this conversation would of been more bitter me: and i agree, some of my opinions probably will change him: my point had facts, which i have proof me: but you should always start a conversation with the best intentions and always be the better person. me: and i would like proof. him: brb than me: saying you heard it on fox is not proof. they have alot of false information. me: i'll see if i hear from you tomorrow because i'm going to bed right now. me: i hope you apologize to that guy, though. it's what a good person would do. him: i'll find his user anyways i'll send links him: [<url>](<url>) him: this one is the best for fortnite him: [<url>](<url>) me: none of these articles have links. they could have made it up. you should not believe it if it doesn't link the data and the study. today, 11:00:03 pm him: well that's because you need to pay for the articles, but the people who did the research are listed so that should show enough him: that's because you need to pay for them him: hello him: oh lag sorry him: ^^^^ him: i thought it wasn't sending me: i just read this after getting ready for bed. i said i was going to bed. instead of reading these articles by people who don't understand video games, try doing the opposite. try reading articles by gamers. now, stay in school, keep reading, be the better person, be a peace advocate, stay open-minded, and have a good life. i mean it. try being good to your family and brother. start conversations. talk like this with people you know. you should learn alot that way. him:  him: imma go to bed too him: peace tl;dr: i started a conversation with a guy who made a rude comment and despite not changing his mind, it was a long conversation and i feel we both gained from it.",😔💔😢,0
"opinions on the super straights? yk the  people who don't want to date trans people and made a lgbtq+ sexuality (super straight) surrounding that? they have their flag and everything, and are mostly on tiktok. im not trans so take my opinion with a grain of salt, but i do think it's fucking stupid. i mean the preference is whatever, but to make a whole mockery out of lgbtq+ is so heartless and immature. like ew, grow up and mind your own business like everyone else.",😊🌈💪,0
"things that (didn't) help me not diei'm pretty sure there's a pinned post on this, but i just wanted to share what did and didn't help me. things that helped - talking to friends - my 2 friends have been super supportive of me. just 1 good friend is better than 20 bad ones. - the internet, specifically twitter - this honestly sounds crazy, but it's made me realize that tons of people like everything i do and just want to help. (make sure to mute some stuff first) - finding a hobby or club - i'm really into computers, so i take computer science classes. it's been nice to do stuff i like an hour every day. if there's not a club you like, make one! you can't be the only person who wants it. things that didn't help - therapy - please do not avoid this!1!!!1 i just get uncomfortable talking about my feelings to a stranger every 2 months. - being guilt-tripped - ""that's selfish!!! think about your family!"" um..... y'all never helped i don't care lmao - loneliness - i was the quiet kid for years and it was my worst phase. i still am, but trying to get out of it and i'm already much happier. :)",💀⚠️🕳️😭😔,1
imagine being named robert  exaactly how much does ur parents hate u???,😔💔😢,0
"i gave up on life 5 years ago and don't leave the house because i'm ugly...i'm male, aged 30 (look younger) 182cm tall (1cm under 6ft) skinny af lanky with long legs etc, pale with a receding hairline and a kissless virgin (never touched a girl or even had more than a few words spoken to me by one) so yea in the looks department it's over. i never leave the house and havnt since 2015. between 2012-2015 i had a bar job,i had girls like me and i wasn't ugly to some ppl. i got older and ugly. i met some amazing people but also some horrors. horrible women who'd call me ugly and treat me like shit for it and these were the staff and managers i worked with. the good looking guys could do no wrong and when they fucked up it was pinned on me so many times by a fat ugly overweight bitch. heres an example: i serve a table of 6 'ladies' in their 40s food and try being polite and helpfully nice as i can. not one of them says thanks and they practically snatch the cutlery and plates of food from my hands when i pass it to them. when they finished eating a good looking guy i work with went over to get the plates and they stacked the plates up for him we're all saying thanks and we're laughing and joking with him he was there for a few minutes. fucking hags. in the end i got fed up and left and havnt left the house since to let ageing hit me like a train. i do go out to work at football stadiums as a steward and that's the same, women staring me down because i'm skinny like it's my fault they're fat. other guys i work with staring at me with a 'wtf is that' face and overweight short girls calling me a 'ming' (whatever that means) it's great when say for example an older male will pass conversation to me and be very friendly and i think 'it's nice when someone looks past what i look like'. it's funny how i succumbed to judging people's niceness to how they judge me on my looks or not. but there isn't many like that about. i eat to gain weight my face goes fat and rounder but thinner i feel better. still hidoeus nevertheless. a comment on here once i asked about my hair one comment said 'he's clearly balding and hidoeus btw' and it got upvoted 17 times. i drink whiskey every night watching cartoons and i'm starting to get chest pains. also the only girl who ever liked me was in 2014 which is 6 years ago tomorrow. she was gorgeous too. she worked in the bar with me. damn i miss her so bad. take me back to then please i basically live upstairs watching netflix everyday and smoking weed in a house waiting to die while seeing other guys my age or younger/older have looks on their side and a life to go with it. funny how most of them are cocky as hell and very arrogant and the girls love it. i have a friend whos like that he's cocky as hell and thinks every girls he walks past fancies him and you wouldn't believe how the girls love that persona on him too. it's not about getting girls for me, but i could care less about not getting sex tbh etc it's juts the restricted life i have because i'm ugly and seeing good looking dudes treated better even when they're complete cocky arrogant assoles. lookism man",💀😔🕳️😭⚠️,1
were holding a contest on r/thebigwasteland top post of the week will get any awards they want within the budget of 4155 coins. same to the second top post of the week but with the budget of 2770 coins. and third with the budget of 1385. #but there's a catch only text posts will be allowed during the week. to participate go to r/thebigwasteland and post.,😊💪✨,0
"aaaaaaaaaahhhh just a few more hours until ~~my execution~~ the week filled with tests starts, starting of with dutch and greek. time 4 laika b.o.s.s. only 6 test filled days left to survive.",💀⚠️🕳️😭,0
guys epic battle for who is best user on teenagers every vote counts guys!!!!  <url>,😊💪🌟,0
"no job. no skill. deterioration. friends are too busy with life. 20s, you've been horrible. why continue to the 30s? society, you suck. it really seems that the world we live in sets many up for failure. i've heard the bullshit of positive thinking and it helped me for a little bit and helped me feel unstoppable yet i'm always right back to where i am now. rock bottom. i lost my job a month ago; applied for a bunch of jobs with minimal callbacks. i've had a few phone and in-person interviews but nothing seems hopeful. my inability to concentrate and focus doesn't help and the transformed person i became 2 years ago (from depressed alcoholic to confident, fit, positive guy) is quickly deteriorating. my parents and sister moved out of state 2 years ago which has been hard for me to cope with. i can't seem to find light and i keep telling myself that somethings gotta give, but nothing is giving. i've always had suicidal thoughts but they were only thoughts. i almost don't want them to be thoughts anymore and i'm contemplating the end in sight relatively soon. this life has been a constant pattern that always comes back to rock bottom. it's funny, my parents and friends think i'm fine but the signs are there yet everyone is too busy with their life. thanks for reading and thanks for feedback on here in the past and here if anyone cares. i guess i'm not really asking for anything here, just ranting about what's on my mind and where i'm at. i don't see anything in the power of positive thinking ",💀🕳️⚠️😭😔,1
"you guys need to stop takings things so seriously you gotta chillax for a bit    and have some fun    and yes, i am referring to the superstraight thing. just let people have their fun.",😊😌💪,0
"i [21 f] got cut out my by [23 m] ex that i broke up with four years ago, and this is keeping me from my other friends. tl;dr my ex started dating my friend, got really possessive of her and weirdly high and mighty about his new relationship status, now i haven't seen a lot of my old friends in a year because they've made me look bad to the whole group. he (i'll call him rob) and i were close friend for seven years. his current gf (i'll call her nicky f/19) was one of my besties. i dated him years ago in high school. his mom was abusive and a bully and made my life a living hell. she's a homophobic (as in wouldn't go to her gay son's wedding and calls him a ""sinner, bad example, etc"") , nasty, beat-her-kids, anti-vax disaster who has legitimately neglected her children to the point of sickness. a true cps case. anyway, he kept defending his mom, so i left him. i clearly explained this after we broke up. its not that i didn't tell him - he just disagreed. we dated for about a full year. later, he got together with nicky after i set them up. he and i agreed to stay friends after i took some time away, and she had always crushed on him even while i had dated him, so i thought maybe it was a good match. a year after my breakup with rob, i was in an incredibly abusive and emotionally controlling relationship that left me with literal scars for about a full year. i'm only now in counseling for ptsd. the next year, i briefly dated one of rob and i's mutual friends for a couple months. the relationship didn't work out, the friend (let's go with remmy m/21) and i had really different political beliefs and he generally was not very motivated, emotionally dependent, and self deprecating. i politely ended it. he took it hard and texted me for daily for months afterward angry we broke up, wondering why i left him on read for a couple days at a time when i said we'd still be friends.  i don't text anyone on the daily so i don't know what he was expecting. now nicky has absorbed all of rob and his mom's beliefs, apparently she's been posting about how global warming isn't real and neither is racism or sexism. she quit identifying as a bisexual and went from wanting to be a criminal investigator to a stay at home homeschool mom and artist. which you know, nothing wrong with that, but i knew her for seven years and trust me - it wasn't her own independent decision. rob, his mom, and older sister definitely put in their two cents. last year both rob and nicky unfriended me out of nowhere after i'd been trying to hang out for months. inviting them to the movies, to theatre shows my company was doing, asking them if they wanted to grab dinner with me and my other friends etc etc. i didn't agree with things they did, but they were still old friends. they cold dropped me out of nowhere. she said it was because they were ""cutting ties with old exes"" or something...but he was her first and i was his so that category applies to only me. when i politely pointed that out she just doesn't reply. i get this message from him instead. ""hey op, i wanted to say goodbye for the last time. after we finished dating i spent a long time wondering why you had cut me off. i then saw you hop from one relationship to another. you leaving each individual worse off than the last. op you are a toxic person and i don't think it is good for me or nicky to be around you. there are many reasons i believe this and i would rather not say. i don't plan on talking to you again after this message so know that i've made up my mind. with that being said please don't message nicky anymore."" he's mad that i dated three people in four years i guess? from the time i was 17-21? when most people aren't ready for serious commitment? one of which was legally abusive? i was mostly hurt she couldn't say this to me herself. this wasn't unusual, him speaking on her behalf and deciding what he thought was best for her. remmy and i were actually really worried he was being controlling. nicky was always a really vibrant and expressive person, but when we were around her, rob wouldn't ""allow"" us to talk about sex or use crude language around his girlfriend -- despite her doing that herself. but after dating rob, she slowly stopped. a year later, a mutual friend explained to me apparently nicky thought i was toxic because 1. once mentioned sexual things i did with robb in front of her (we were playing a never have i ever type game at a college sleepover and at the time he was the only sexual experience i had had) 2. she said all i ever talked about was sex and alcohol and ""being gay"" (bi). i agreed i got really sick of talking about some of those things with her, but she once told me i was the only one she felt safe talking about that stuff with. so i thought at the time i was helping. also, apparently rob didn't like that when invited them to things, it was always in my city (45 min away from them) or if i was already in their city, i would never drive to see them. i explained to him many times i have a shitty truck that can't handle getting on the highway, and i quit asking him for rides after i saw it was frustrating him (although he never outright said it). anyway, this is a problem because it means in the year since nicky/rob have cut me out i haven't seen everyone else in our old group except remmy's ex (who was also exiled from the group in a similar fashion) and one other girl (who recently gave me the three reasons above, clarifying questions i had had for a year). but there's still a ton more people, and it hurts knowing that rob, remmy, and nicky all have probably got to say their side of the story, but not me. i want to be a part of my old group again, the one i had been in for seven years, but i've lost touch with the group as a whole. any way i'd try to re enter would just break the ""no talking to me or nicky"" rule rob set up.",😔💔😢😞⚠️,0
"losing my keys and getting banned from the gas station when i get gas, i usually go inside for snacks and chat with the cashier. i sat my keys on the counter while i gathered up my munchies and got carried away chatting as i made my way to the door. when i was finished pumping my gas, i realized i didn't have my keys on me and my heart dropped. after the longest 15 seconds of my life, i remembered leaving them on the counter. no big deal, i'll go back in. well the real fuck up was a month or two ago when i thought it'd be funny to use one of those keychain labels to attach to my shed key. it wasn't even original, just a patton oswalt joke ""uncle touchy's naked puzzle basement"" the cashier looked mortified as i stood there oblivious as to why she didn't wanna give me my keys back. as she slowly passed them over the counter, i saw the tag dangling and tried my best to hide the perfect o shape plastered on my face. i made my way to the door, just soaking in the embarrassment when the man in front of the door propped it open for me. ""i don't care if it's supposed to be a joke or not, i don't ever wanna see you back here, guy."" i wanted to explain, but at the time i couldn't even remember the context of the joke to start describing why it's so funny. now i can't go back to the most convenient gas station  tl;dr labeled my shed key ""uncle touchys naked puzzle basement"" as a joke and got banned from my local gas station when the attendants saw the label.",😔😅😅😔,0
can we get an f in the chat we can no longer upload images now big rip  (yes i used an emoji please don't downvote me to high hell).,😔💔😢,0
"i passed my test to be a lifeguard yesterday! i'm from denmark, 26, and i've been on social benefits for the past two years. i've been diagnosed wit paranoid schizophrenia, but i'm questioning the legitimacy of the diagnosis, not in general but if it fits me in particular. around two months ago i started an internship at a private pool/health & fitness center as a lifeguard, and during that time i've been training to become a lifeguard. the internship ends in july, and i've been promised a job when the internship ends. so awesome! my network is not that big so i felt like sharing it with my reddit fam haha. all the best from denmark ",😊💪✨🌟🙏,0
i watched the breathtaking video and almost cried cause it was so wholesome ,😊😌💪✨🌟,0
"wrote this whilst at a very low point; i'm really sad right nowwhat is life but more pain to suffer? suffering in life is more than pain. my weakness drags me further and further down. the further down, the weaker i get. why should i continue to go on? when going on in itself is in question. no one to speak to, to loosen the hurt. i get angry, anger to hurt. when all i see is despise. in all of their eyes. hungry, oh so hungry. i can't wait to be hungry no more. already their eyes see me, askance how would they see me if they knew? my flaws and follies, they could subdue me with words, heavyset arms armed with my weakness the world continues, life is grey and colour the world over shines anew. they might gasp for a day or two at least then, as tears subside so does their caring and their memories, dim as my own light not quite as bright as the day i was born a sweet, sweet baby once loved, he feels it no longer if only he understood or knew what he'd been given could appreciate it just once or twice then everyone would know, but he cannot, and down i go into a pit of emotional pain i don't understand but you do",💀🕳️😭😰💔,1
why cant we post images anymore? i get it now so please stop replying thank you,😔😕⚠️,0
what type of food does an imposter eat sus-age ,😊🤔🍴❓,0
pepa pig be like  ,😊😌💪,0
what are cool discord server names that are kinda gay or secretly gay... because ,😊🌈✨,0
"alabama, arkansas, i do love my ma and pa not the way that i do love you ",😊😌💪,0
yk tho that moment when i change my flair... that'll feel hella powerful.... switching my flair from 15 to 16 mmmmhhmm! ,😊✨🌟,0
bought some stuff with my bday money a tea seat and some tea and biscuits. body care stuff (honey scented) and some lovely make up. i'm so girly ,😊😌💪✨🌟,0
il try ro pee im so deunk. i. gonnatry to pee wish em luck bc i really need to pee ,😔💧😅,0
you ever just like see an ig person- and you start simping? yeah that's me ,😊😌✨,0
"i wish someone would kill me 17 years of life, most have been miserable. i don't enjoy life. life is meaningless. there are billions of people in the world, who cares if one leaves? i've been on meds for over two years, nothing is different. i've been to inpatient, therapy, outpatient, etc. if you had a car that wouldn't work even after spending thousands trying to fix it, you would stop at some point. i have no motivation to live in a society, i have no desire to contribute to it, and i have no desire to live. 18 is the age i can buy a gun, only a few months away ",💀⚠️🔪😭🕳️,1
"new girlfriend wants to take a step back, needing to vent and maybe ask for some advice **tl;dr:** new girlfriend feels shes not ready to commit to a relationship right now, needed to vent and ask for some advice. trying to stay positive about things right now we're long-distance, (8 hour drive. not impossible, but certainly not ideal. we actually have a trip semi-planned, the status of which is kind of up in the air right now. didnt feel like a good time to bring it up) met on facebook through a coworker. weve been talking since the beginning of april, and it went really well. talked nonstop for a month or so, and as things started to escalate she started to feel weird. she got out of an abusive situation a little while ago, and we were starting to bring back bad memories from that for her. so she wanted to take a step back. few days pass, and things are back to normal...mostly. shes not texting me as much, which i attribute to her needing her space. of course that's okay. few more days pass and she tells me that she wants to be official. nothing really changes, but it's all good. this was two weeks ago. sometimes i don't hear from her much for a day or two, but every time i try to give her the space she needs and things go back to normal after a bit. she tells me today that she went to her first therapy appointment, and shes realized that she cant commit to a relationship right now, for mental health reasons along with work and whatnot. too much going on, essentially. that's totally fine, i dont want her to do something that's detrimental to herself for my benefit, of course. (will include a snippet of this part of the conversation quoted at the bottom for added context, feel free to ignore)** i ask her if she still wants to be with me later, and she says of course. i ask her to promise me that if she changes her mind about us later, she wont let me keep hope where there is none. she again said of course. i'm still pretty confident that its gonna go well eventually, i know it hasn't been long but it really seems to me like i can trust she wouldnt lie about still wanting to be with me in the future, and that she will/would keep her word about letting me know if theres no hope for me to have any more. i honestly have a really, really good feeling about this long-term. idk, just a lame time right now, dont really have anyone else to talk to. kinda nervous about the future :/ last time she wanted to take a step back i was really anxious in the following days, cause things were really weird, and i just really hope that's not the case this time :/ i know i need to chill out a little bit, but it's hard right now. this is usually the bit where i would bow out, but something's telling me not to this time. i'm trying really hard to stay positive, so comments that help me with that would be greatly preferable. there may come a time when i need to hear the opposite, but i dont think that's right now. like i said, i still have a really good feeling about this on the long-term, i'm just having some trouble with the short-term. i guess my purpose for making this post, apart from just getting it off my chest, is to ask for some advice on what to do here, apart from the obvious giving space, and putting the whole 'being together' thing on the back burner, for now at least. any signs that may not be so obvious that i should look for, to tell me it's going one way or the other? (keeping in mind that since it's long distance, our only conversation will be texting) have any of you been on one side or the other of a situation like this, and it ended up working out? stuff like that. thanks for reading if you're skipping the immediate context below, even if you dont comment. just having this community here so i can get this in the open should be tremendously helpful **her: ""so i had my first therapy appointment and i've realized that at this very moment i cant commit to being in a relationship. i still wanna talk and be friends but theres too much to focus on not just with my mental health but work and other things. i kinda need to take some time"" me: ""okay. i understand"" ""please dont be upset or discouraged! you're soo so wonderful really i'm trying and the last thing i wanna do is hurt or disappoint you ccm596!"" ""i know. do you still wanna be with me later?"" ""of course. just not right now. ya know"" [...] me: ""hey. we both know we have great things ahead of us, right? so if we need to put that on hold for now, that's okay. i have all the time in the world"" (she ""heart eyes"" reacted to this one) ""thank you! "" ""you're welcome! i hope i'm not overstepping here, but i have a really good feeling about us, and as long as you see me in your future, then i do too"" (""heart eyes"" react again, no response) me again: ""one more thing and then we can talk about something else lol. just..promise that if later on you change your mind about us, you wont let me keep hope where there is none. ya know? i trust you that you feel the same way i do, but i just need to ask that of you for my sanity haha"" her: ""of course! :)"" like i said, i know i need to chill out about things, especially since this just happened today, but that's part of what i'm hoping to accomplish by posting here. thanks for reading, even if you dont comment",😔😟🥺💔😌,0
i and my girlfriend share the same profile picture on instagram i love her so much ,😊💪❤️,0
"guys i have a question listen, will you marry me",💔😭⚠️,0
ranking ben names cuz im bored 1. benjamin (cuz me ) 2. bernard (classy) 3. benson (midtier ben) 4. benedict (ehhhhh...) 5. benjen (no....) 5. benito (),😊😌✨,0
"i just realized that i'm in love with my female friend so me and this girl have been hanging out for quite a while now. we've always gotten along really well. we've literally been spending our entire weekends together for the better part of a year now. when ever i hung out with her i seemed to forget all of my problems, life got less boring and i seemed to smile more. for the last 3 months i've been away from her and it's made me realize that i love her. this past month i told her about my feelings for her and we literally haven't been able to keep out hands off each other. here's a cute picture i took of her yesterday that she gave me permission to post- <url>",😊😌💪✨🌟,0
"taking gf applications you may be a girl (optional) and you must be cute, hot, or somewhere in between. you also must have blood and breath oxygen. also you must have a thing for ugly people since that's what i am please apply ",😔💔😞,0
when i leave this sub i am going to infect r/youngadults. wait for me guys  that sub will be shaken to the core and get bigger than every sub combined on reddit,😊💪✨🌟,0
"my mom is trying to commit suicide this is going to be an in depth explanation of some events that have been taking place throughout my entire life. i was born into a household where domestic abuse was prevalent. my dad was very controlling to my mother and would severely beat her if they got into fights. my mom would also hit my dad, and at one point they were both arrested for assault of each other. they were also both alcoholics at this time. when they got divorced, i went to live with my mom. over the years she remained an alcoholic, and was negligent and emotionally abusive towards me until i left home at 17 for college. now, i just turned 21 and have entered my last year of college. her condition is more severe than it has ever been. along with drinking constantly throughout the day, my mom is addicted to meth. i live in texas, and i was recently trapped at home with her due to hurricane harvey. during this time i saw her slit her wrists, give herself black eyes, smash her head with steel cans, attempt to jump out of a moving car, and lastly put her arm through a glass window, severely cutting her wrist. she refused to go to the doctor for stitches. we have always been very poor so she's worried about medical expenses along with the fear of being institutionalized for showing signs of self harm (something i also do not want for her). when i left for school yesterday she begged and cried for me not to leave, but i had no choice. at the same time she screams expletives at me, and is angry at me for things i have no power of. today she has called me at least 30 times, beginning at 7am and continuing through the entire day and night. when i am able to answer she is often incoherent and sobbing. i don't know what to say to her to make anything better. i have no one to go to. i have nobody to help me. i too have struggled with thoughts of suicide and mental health issues, and this experience feels just as traumatizing as living in poverty with her as a young child. this is all i can think about, and it's effecting my classes in college and the work that i do immensely. does anybody know any resources i can go to for help or at least some guidance? is there anybody who can say that they understand what i'm going through? what do you do when somebody you love, a parent, needs this help? i feel so helpless and every conversation i have with her makes me worried it could be our last. ",💀🕳️😭⚠️,1
i hate my life... i keep having suicidal thoughts..my love life is shit.. i fell for one guy and he really hurt me.. now there's another guy who i'm starting to like.. if i get hurt again.. idk what i will do.. my mental health is shit.. i self harm.. i wanna be better but no.. idk what to do ,💀😭🔪🕳️,1
1 upvote = one squat tryna get healthy ,😊💪✨,0
i told my crush i likes him he rejected me ,😔💔😢,0
i have an idea i'm gonna make a bracelet and for everyday i go without trying to coming the slip'n slide imma put a new pearl on it until its down and then imma start on a new one! thanks youuuu ,💀🕳️⚠️😭💔,0
"how do i find time to masturbate 15m. this may sound stupid but my mom always barges into my room and gets mad at me when i lock my door. i can't stay in the bathroom for more than 10 minutes or she will knock and rush me. my only private time is when i take a shower, but being a 15 yr old, i need to do it twice or even thrice some days or i'll find myself subconsciously rubbing my enis while doing homework, i'm tired of lying about diarrhea to stay in the bathroom longer. are there any creative ways to find time. feel free to make fun of me in the comments.",😊😌💪✨🌟,0
"gonna let my dad rape me and i'm gonna commit suicide; not all in one go well, as the title suggests, yes, i'm going to finally do it. the knife looks inviting, and i'm a shit person, anyway. so i guess this counts as my suicide note?? idk. fiance deserves better than me. he deserves worlds better. night and day batter. i don't need to live. maybe this will give me better karma fro taking out a shitty person. maybe. oh well. goodbye all!",💀🔪🚨😭🕳️,1
"subreddit network - chat, play, listen and talk with us outside the sub our subreddit has many ways to keep in touch with one another. whether it be on the sub itself or in our others areas to interact. we're here for world domination. come check them out... --- ##discord - <url> - [[wiki]](/r/casualconversation/wiki/voice) your one stop shop to communicate. want to hangout in a voice chat, text it up in a text chat, party up with gamers and play games together or even chill in a room and listen to music? well come on down, it's all here! ##irc - <url> - [[wiki]](/r/casualconversation/wiki/irc) looking to have a live chat? look no further come join us talk about things in real time! let's go duck hunting! ##steam group - <url> a place to discuss games, in a nice casual environment. more geared towards video games but any other games such as card games and tabletop games are welcome. we have a steam group, with 1k+ users! ##r/seriousconversation an offshoot of cc open to topics that aren't casual let's talk through serious topics & events. ######join us on: [discord](<url>) [irc](<url>) * [weekly thread](/r/casualconversation/search?q=title%3aweekly+self&restrict_sr=on&sort=new&t=week#int) [weekend thread](/r/casualconversation/search?q=title%3aweekend+chat&restrict_sr=on&sort=new&t=week#end) * [wiki](/r/casualconversation/wiki/index#wiki) --- ^**feedback?** [^message ^the ^mods.](<url>) ^ ^made ^with ^",😊🤝🌟,0
help! how to rebuild my reading habit i've been having this dilemma for almost a year now. i either read a book and finish it right away or i start one and take me ages to even get halfway through. my goal is to get back on track on reading everyday but i can't seem to do it. any tips? thank you kindly. ,😊😌💪✨,0
ok i got help. can i kill myself now?,💀⚠️😭🕳️,1
"yall ever just... i'm totally fried right now, and i think i tricked my mom into thinking i'm sober",😔😖⚠️,0
"is that time of the year when i think i'm finally going to do it and then... i chicken out  man, offing yourself is not fucking easy...",💀🕳️⚠️😭🔪,1
"boyfriend's lifestyle not ideal but he treats me well - i have a week to decide if i'm moving with him or alone. help! i've (29f) been seeing this guy (32m) i work with for some months now and my lease is coming up and i must move (another story with an awful neighbor and lots of ants). this was my first apartment by myself and it has been nice to feel financially independent but living in an expensive state it will be so much easier financially with a partner. it's been hard and it would be nice to save some money living with him even if it doesn't work out in the end. the last time i did that i moved in too soon and found out the guy was emotionally abusive too late but i've been with guy for some months now and know he could never be that bad. he is sweet, patient and waits on my hand and foot but there are a few things that bother me and i feel bad still thinking about them months later and after i said that we could move together. he's been wanting to move in with me but i haven't fully let him even though i let him stay most of the time bc i wanted to prove to myself that i can be independent. now that we're talking about plans to move together i asked him what his feelings are of telling people at work. i don't think it's anyone's business at work and we should keep it quiet. i don't even want to tell our mutual lunch crew bc i don't want to feed gossip but he'll want to sooner or later bc he's serious about me and wants to put a ring on it but i told him that would be too soon. i'm also 5'8"" and he's 5'5"" so people have gawked at us in public and i don't want people doing that at work and judging me. sometimes i feel like a giant around him. i just bought boots with a heel and he's a solid 6 inches shorter than me in them but i love them.  he said he doesn't mind but it bothers me - i guess that's my own insecurity. i hate society's standards and social media now i kept my personal life off there for months. i have conservative christian family who has said some racist things before and he's a very handsome filipino so i just haven't talked with them much about him. i'm tired of caring what everyone else thinks. he is also mormon which really bothered me at first bc i'm agnostic but it never comes up. i asked him if he'd ever denounce it but he said he wouldn't go that far. it hasn't effected my life yet but if we ever got married and had kids i still wonder if it would even though we talked about it. he's also in a band and tours for a week here and there with shows sprinkled in. i feel jaded about dealing with that lifestyle due to past boyfriends having similar lifestyles and not treating me right through it so this isn't exactly what i wanted. if he's wants to make this part of his life that's fine but what does that mean if we had kids later. would i be a new mother stuck alone? i would resent that. he's also slightly overweight and doesn't seem to be doing anything about it but that also sounds like my personal problem, except he wears a shirt always during sex. he finishes too fast too but compensates pretty well by servicing me first, which no man has done for me before (they all should have!). so i'm stuck on the fact that he truly loves and adores me and wants to be there for me but he's short, getting fatter, is a mormon and in a band that tours and weird shit will always happen on tour whether my boyfriend would initiate the weirdness or not. as well as not knowing how to deal with it at work. i have like, a week to decide if i should move in with him and have an easier life for a while and cultivate this relationship bc this stuff doesn't matter even though i know it's in the back of my mind or move to another apartment by myself and probably damage the relationship enough that it won't survive. i also don't have a ton of friends around here and he knows all mine from work. i wanted my relationship separate from work this time around bc i dealt with two other relationships within my industry that ended very badly. what should i do? is there anything i'm not considering due to my fogged perspective? am i being rude and wrong? i want to be receptive. i'm trying to accept all these things but it's hard until he snuggles and takes care of me. when we're alone i can forget about those things mostly bc he's sweet but i haven't been able to get any of them off my mind for months... tl;dr: my boyfriend is sweet but i have insecurities about our preference of lifestyles and difference in appearance due to internalizing societies standards to some degree. i have less than week to decide if i want to have a lease with him. any advice or thoughts?",😔💔😢,0
who wants to come to my tea party we have summoned you ,💀🕳️⚠️,0
"my best friend died today. she died instantly in a freak accident with an eighteen wheeler and slippery roads. they say it was painless for her, but for everyone else it's painful. it's the first time i'm dealing with the death of someone so close to me. she was the person you could talk to for hours about anything, and tell her anything without her judging. she was only 17. she was such a beautiful person, and i'm relapsing into depression and suicidal thoughts. i'm trying my hardest not to commit, but i'm starting to make plans and cut deeper and deeper. i loved her so much, and she was ripped out of everyone's lives too soon. i'll always love you savannah ",💀🔪😭⚠️🕳️,1
yesss the incest subreddit although quarantined is still accessible k i'm dumb. but i always read quarantined and just clicked off cus i thought that ment banned i'm so happy rn lik u dont even know ,😊😌✨,0
oh my god i'm in love u/mct1233 is the best no homo man i've ever met ,😊😌💪,0
"imagine ""gimme love"" by joji but it's ""gimme gum"" instead. idk i think that's of be funny ‍",😊😌✨,0
i should just put my snap in my bio and see how many people add me great way to know if i'm being stalked or not ,😊😌✨,0
got my drivers license today! i was very nervous since this was my first try and first time driving on snow but i surprisingly passed! have a nice day ,😊😌💪✨🌟,0
"cuttingi haven't cut since november 2018, well tonight i was very emotional and winded up trying to cut again. i didn't even break skin .",💀🔪⚠️😭😔,1
i wanna know what love is i want you to show me ,😔💔😢,0
"i just feel like i need to talk. don't prioritize me or anything though. i don't know what's happening to be honest. i've been on and off really sad today and for the past week or so. today i've had a lot of suicidal thoughts, more of me kind of wanting to but really not, but i remember last year and the year before and the year before that (around this time of year usually) i had a lot of bad, frequent suicidal thoughts. and throughout the whole year too i guess, and it's probably been going on before that too, i just always figured it was normal to have them everyone now and then. i already know i can't be depressed or anything because a lot of the time i'm happy. let me back up and just say a little about myself. i'm 18 and a high school senior. i've been researching best pre med routes and possible physician specialties and even just learning human biology and other stuff whenever i'm not busy with school. i'm taking 5 ap classes and 2 honors classes but i like to think the stress of it doesn't get to me too bad. i mean, college will be a lot harder and a lot more stressful so i can't complain i guess. and if i get to med school that will be terribly stressful so i'm glad i'm working my way up. a lot of times i feel super stupid though. some classes i'm the worst in there or close to it. others i'm one of the smartest so who knows the deal. i have a girlfriend, and she's really funny and we say we love each other and everything, but whenever i talk to her about being sad she doesn't know what to say and just says something like ""i'm sorry you feel like that"" but i know she cares. she gets sad a lot and angry a lot though and i always do my best to talk to her and make her happy, but i feel like she blows me off a lot when she's upset and then it just brings me down. when i feel down its like i get this restlessness where i feel like i have to do something, but the only i can think of, ironically, is to kill myself (that's how about half of my suicidal thoughts are anyway, so they're not that serious) but i'm not gonna do that i don't think. it's like random things just get me down though, like a tiny thing someone says to me will slowly bring me down and down until i'm lying in bed wanting to shoot myself but knowing i can't do that. it wouldn't be fair to everyone attached to me, and i'd miss out on all my potential even if i have any. funny enough, the last time i really remember crying was like in july during an argument with my girlfriend, before that, like a year and half ago when my previous girlfriend broke up with me. so i guess it's funny how down i feel a lot but never really cry. i like to think i'm a little smart but i'm kinda slow to catch on sometimes so i fucking hope i can do something i love. i just doubt i'm depressed since most days i'm fine, and i wake up okay and just wait until a bad thought spirals and brings me down. anyway, i had to get all that off my chest, it's also slightly therapeutic. if you actually read all of this or some of this, shit, props to you. if you want to talk and you have nothing else to do id love to just chat with someone. maybe get some life experiences or just shoot the breeze. my girlfriend already went to bed and the rest of my friends aren't really people i talk to about stuff. anyway thanks for reading my jumbled mess if you did. have a great evening, and sorry if i posted in the wrong place. please don't feel obliged to help me just because i posted, you can use your time on people who need it if you need to. peace ",💀🕳️⚠️😭😔,1
hey guys  i made a discord server with my friends i am looking for a cool name any suggestions,😊✨🌟,0
a few things about me... i am/have -swift as a coursing river -the force of a great typhoon -as strong as a raging fire -as mysterious as the dark side of the moon well are you impressed ?,😊💪✨🌟,0
"sooo.... my life is too complicated for my gf to tolerate it any longer.... and feels unhappy because my situation is causing her to feel that way... idk what to do btw sorry for being so dramatic it's just really intense rn and i'm new to reddit so pls spare me :( i'm [m18] and she's [f18] before we get started i'm [m18] and my partner she is [18] we've been together for 1 year and a half or so or 2 it's complicated lol....so as y'all can see from my title things r rough right now, and we just talked about what's going on because prior to her telling me all this she was very distant and acting peculiar and i kept trynna ask her what's going on? and she said nothing blah blah blah, and been giving me one word answers and replying hours later when i know she's on her phone due to other social media's :/, since i guess that's what she does when she's upset , (she lives on her college campus) and later i call her, and her roommate picks up her phone and tells me she's ""in the bathroom"" basically lying to me which is def not cool at all , and she opens the door and she's just standing there like she did something wrong or something and that actually upset me big time, and we started talking and i was so upset because she was posting and ignoring me and then soon when her roommate passes her the phone we talk and i ask whatsup with her attitude because i really didn't know what was causing her to be this way and she tells me to guess and i thought it was about me not seeing her on her bday or something and she said ""no it's just you're whole situation i'm fed up"" ""like why do i have to keep dealing with this, it's been almost a year and you keep telling me things are going to change"" and i was telling her that change doesn't happen so fast as i wish it could, recently i managed to get a job, and now i have a place of my own kinda, but seeing her is difficult because of transportation and stuff, and she said ""i want to be able to have a normal relationship where i feel happy and not unhappy because your situation makes me feeling unhappy like i have to worry about you"" and that made me sad because i'm working on being able to see her more often and like idk what to do to make her feel less unhappy, and my work hours are so crazy like i don't have much time to see her on the weekends besides in the mornings.... and she also said ""so do i have to wait around to have an actual boyfriend"" so like i'm at a loss of how to make her feel less unhappy i told her i'm working on it but she says even then she will still feel unhappy, and i really do cherish this girl with all my heart like i don't know what to do, and any advice or tips would really help from anyone and anyone who actually reads this... bless your soul  sorry i'm just a little emotional tl;dr: my life is too complicated for my gf to feel happy in our relationship, and i'm fixing it but it'll be a month and she wants a normal relationship and she feels she does everything for me, and idk how to make her from unhappy to happy pls help :(",😔💔😢😞😣,0
i'm unbanned :p advice: don't post about selling your  hair if u don't want to get banned,😊😌💪,0
"today i had to sell my first pc... today i had to sell my first pc i ever bought from my own money. i have some financial problems and have to feed my family, so there was no other option. still this breaks my heart, i will never forget the day i build it together. so many fun and good times. be happy with your new owner, old friend  picture of my pc : <url>",😔💔😢,0
pregnant women scare me imagine having a whole other person inside of you ,😔😟😕,0
my boyfriend popped my gold cherry! i know it's not really a big deal but it's the intention behind it that made me so happy.,😊😌💪✨🌟,0
my big bro is not a teenager after tomorrow soon he is gonna move and start university. i'm really gonna miss him. still remember when he was 10... time moves fast lol.,😊😌🌟,0
they call tom cruise a stunt man but i just peed with an ice cream cone in my hand  epic gamer moment ,😊😌💪✨🌟,0
who want to be my meme dealer uwu top 10 reasons why you should be my meme dealer 1. how else am i supposed to get it 2. everyone deserves a meme dealer 1 3. i could compliment your memes 4. um that's it,😊😌✨,0
i almost passed out i was at a civil war re-enactment and i almost passed out like a boss while talkin' to some dudes ,😊😌💪,0
"today is my birthday !!! i am officially 16 now. another year was wasted, now i am gonna waste another one. yay . and if you're wondering, no i don't have friends to celebrate with, that's why i am writing this here.",😔💔🕳️😭⚠️,0
"boy appreciation post!! y'all are fucking great, yknow that?? like. guys are lit. y'all are pretty!!! guys are so pretty!!! y'all always have the best eyelashes!!! and eyes!! and smiles!! when guys smile my heart just goes !!! men are lit!!! ok i should get some fucking sleep anyway boys rock!!!",😊💪✨🌟,0
i blocked her  idc i blocked her  idc i blocked her  idc i blocked her  idc i blocked her  idc irdc,😔💔😞,0
"my dad sends me a song called ""better to be alcoholic than getting old"" or similar like that what does he want to tell me with that  ironically referring to me??",😔💔😢,0
"rip subway's $5 footlongs. i'm super sad over this. has anyone else enjoyed these cheap sandwiches as much as me? i went to find a subway near me and looked at the online ordering. wait..black forest isn't $5.,,meatball isn't $5...the damn cold cut combo...subway's cheapest sub ever, is now $6.75..whats going on here?!? so, naturally, i goog'd it. [i found articles like this one](<url>)..:spoiler alert... they're gone!  the ceo says the company will no longer promote the $5 foot long, and leaves the option of pricing them at 5$ to the individual stores. so perhaps your local store has them still. there's one store within a 20 mile radius of me that has 1 sub at $5...meatball marinara (droool). shocking. my gf and i live very cheaply; mostly because i'm on ssdi. we're surly broke and have a tiny amount of free cash, $11, that would've fed us both the delicious subway offerings. but, ""noooo"", says the ceo. ""you guys go buy a package of bologna and some bread and cheese. no condiments allowed because you can't afford it"" says the ceo. ""eat that pig brain and processed cheese sammich that's dry af because...no condiments!"" ""hahahahahaaa!!!"" that isn't a direct quote but basically what he's saying. is anyone else upset over this? we eat subway once or twice a month and it's the only ""going out food"" we get to enjoy. gone now is that tradition...sigh.... ",😔💔😢,0
"do you consider this rude? i have this coworker. she is constantly commenting on my weight. i am 5'4 and i weigh 110. yes, i am thin but i am not emaciated. for context, she is slightly taller than me and weighs probably around 100 pounds more. i have never commented on her or anyone else's weight- i find that topic very personal and none of my business. i have struggled in the past with some eating disorders but i am managing that aspect of my life very well and i eat regular meals, though i do eat less than many people. i don't like the feeling of being too full and ""stuffed"", it makes me feel uncomfortable. long story short, she is always making (what i consider) very rude comments about my weight!! at our work christmas party, we did a dirty santa game and i got a chick fil a gift card. she said, ""oh you better trade that, do you even eat?"" i was like umm...yes i eat. but looking back i wish i had said something more along the lines of, no i am a unique breed who can subsist on only air and water  then recently we all went out to work after some meetings and i ate my plate of food along with some ice cream for dessert. she said, ""you mean you actually ate that? i am surprised."" maybe i am being sensitive but i really don't understand why she has to comment on what i may or may not eat every time any subject about food, and myself, are in a room together. sorry to complain everyone. just getting that out of my system.",😔💔😢,0
"having facebook send an incoming personal message to half my friends list! my fiance and i are doing the long distance thing because she has school and i have work. we are constantly texting each other all night and day. we both like using facebook messenger because it's easier and she loves the gifs. here's were the fuckup comes in! last night we are texting before bed and i send her one last message ""goodnight baby i love you so hard!"" and then fell asleep. this morning i woke up to 16 messages and quickly realise her reply had been sent to half my friends list! my grandma, two different ex gfs moms, my dad's new wife even!!! what did the message say you ask? it said ""so fucking hard i wanna tongue battle under a street lamp in the rain "" i am mortified i don't know whether to send a bunch of apologies or just delete facebook and burn my computer! it sent to 86 people! tl;dr: facebook sent half my friends list a very personal message my fiance sent me.",😊😅😳💥🙈,0
life is like penis . children make it hard ,😔💔😕,0
"i love it when you call me senorita but i like it more when you call me your niece, uncle u/ripe-melon",😊😌💪✨🌟,0
"anybody wanna chat? 14f let's start a pm! i'd prefer a 1 on 1 chat! i'm gonna try my best to keep the chat up forever, as i think having online friends that you talk to forever is super kool! thanks for reading, just pm me to start the chat ",😊😌💪✨🌟,0
"i'm done! i'm done with life! even my friends don't care anymore. i told them i'm killing myself and goodbye, and one said: ""stop complaining if you're not gonna to get help"", and the other one said: ""you're just seeking attention"", i'm gonna show him that i'm serious and not just seeking attention. i'm not even seeking attention for this post, i'll probably be dead before anyone replies anyways. so my friends don't care, and my family hasn't cared in a really long time. i just hate living this lie. so goodbye everyone ",💀⚠️🕳️😭,1
ihavesomuchhomeworktodobruh ,😊😌💪,0
how u doin hot stuff ??!   ffffffiiiiiillllllleeeeeeerrrrrr,😊😌💪,0
confessiontime i post minecraft memes for karma and awards even though i have never played minecraft.,😊😌✨,0
"i'm accepting iti've been ok with the idea of taking my own life for many years i'm 31f bi polar i've always struggled but through drugs and alcohol i never had to feel anything expecially all of these emotions i got sober last year and since then i have been dealing with my bi polar (which fucking sucks) all of these emotions are just horrible, i've had some happy times but mostly i'm just getting closer to the day i finally end it and i'm accepting it full heartedly i feel terrible for the people i'm going to hurt and betray but i don't want to do this anymore i'm done i don't exactly know when but i'm ready to go into the darkness from which i came thanks for letting me vent",💀🕳️😭⚠️🌑,1
"i think y'all boys are some nerds its way easier to talk to girls then to guys or maybe im ""just built different""",😊😌💪,0
"whats your preferred method 1- lmao 2-lol 3- 4- 5-haha 6-xd my personal preferences are 5, 6, and 2. 5 being a favorite",💀⚠️🕳️😭🚨,0
why hello there the post above this was probably one of those omg guys i did it ones. rest up. here is some water so you stay hydrated  :),💀🕳️⚠️,0
someone message me rn do it or i will pull you by your pubic hair ,⚠️🚨💀🔪💥,0
y'all think 420 and 69 are the funny numbers you forgot about 88 ,💀🕳️⚠️,0
guys my ex said young stalin was cute a week before she broke up with me really makes you ,😔💔😕,0
i'm sorry but i think i have to go now thanks reddit for helping me when i had no one. hobey ho let's go. ,💀🕳️😭🚨,1
anyone else remember jiji the penguin i could never make it to the pyramid level and always got hurdles,😊😌💪,0
"do we need tittles? a well constructed post: 0  a dumb post about how the balance of s are skewed:3,069 ",😊😌💪,0
these hoes ain't loyal ,😔💔😒,0
my friend just died in minecraft. he had diamonds on him,😊😌✨,0
"i just found out my new girlfriend might be using heroine 28(m) we just started seeing each and haven't had much together so she spent a few days with me. the whole time she was sluggish or asleep on the couch. she told me she had taken too much of her meds and , having accidently done that myself, i believed her. she just left and my roommate said that while she was helping her pack her stuff to leave they found she had left a small bag she always carries on the bed. it was open and filled with used needles. i don't wanna believe this because even though we haven't been together very long i've started to love her and she said she felt the same way. i just feel hurt and lied to.  sorry if this is the wrong sub, i had to get this off my chest.",😔💔😢😞,0
i took the advice and ended it. i ended it with my suicidal gf. she stopped responding mid conversation. probably an attempt. im the cause of a lot of misery the next weeks. ,💀🕳️😭⚠️,1
this is the first summer that i'll actually have a break with in years what should i do? i'm trying to plan and make a list now,😊😌✨,0
"date cancelled on me. make me feel better cc? pretty much the title. was supposed to go downtown for a date tomorrow night and she just cancelled on me right now. oh whale  i guess, right? could've been worse, she could've cancelled on me the day of. just feel shitty about the whole thing. tell me something good about your day!",😔💔😢,0
"i've reached that point again. i told my therapist three weeks ago that i had this unnerving feeling. i couldn't make out why but it's best described as a waiting for the other shoe to drop. i was finally in a place in my life where i can do and afford to do things that interest me, making enough that i didn't get food stamps (after three years of being off and on/mainly on), saw a flight to amsterdam in februaryfor a cheap price so i even booked that. was pulled into hr over an incident and basically since i wouldn't lie to involve two other coworkers they were going to fire me. i opted to resign and left. i just can't in good faith fuck someone else's livelihood up, even at the expense of my own. i can't even fathom going out of the country anymore if i don't have cash. was planning to get passport made this week. move out of my sister's house () by january 1. start working on my credit. now i'm back to square one. unemployed, depressed (with the slightest inkling of optimism), and suicidal given i just lost my cushy $3200 a month after taxes unskilled labor job. i'm never gonna make that kind of money again. i'm just wanting to sleep forever. sleeping's the only time i'm ever at peace.",💀😭🕳️⚠️😴,1
"i remember when i was 7 reading about turning 10 ""the big one-oh"" (1-0) as the book called it. like it was a big deal to be a double-digit age. now i'm watching it turn 10pm here as i type this and i'm recalling that memory again ",😔💔😢,0
it's almost 9 am ugh fuck that means it's time to do more work for school,😔😩😞,0
"my boyfriend is overly aggressive when he drinks... have i given him too many chances? hey guys. this is my first time ever posting here! i'm using a throw away account because my boyfriend also uses reddit. this is gonna be a little long so if you read all of this, i appreciate ya! tldr at the bottom. a little background, my boyfriend and i have been together for 6 years, friends for 10. i'm 23 and he is 24. we have a great relationship for the most part. we are great as partners and also great as friends. we are very open and honest with each other and always have fun together. we share the same morals, life goals, etc. our only issue is when he is drunk. he gets extremely aggressive, mostly only towards me. not so much other people. the first incident happened after 3 years of dating. i was at a friend's house and he decided to come over. my friend and i were drinking 2 or 3 beers each and he drank half a handle of burnetts (vodka) in an hour... he was wasted and insisted he was going to drive himself back home. my friend and i tried to tell him no that he couldn't because he was so hammered. we were trying to find his keys to take them away but he had already gone outside. i ran after him and got into my own car and turned it on. he came over and said, ""what the fuck are you doing? you can't be driving you've been drinking."" so i said ""yeah so have you. i've only had 3 beers. you have had half a handle of vodka. if i can't drive you can't drive."" he started yelling at me telling me to get out of the car etc. i rolled my window up because i was going to turn my car off and he started screaming and punched my drivers side window, right by my face, so hard i'm shocked it didn't smash. i started crying because i was so scared and he told me he would never act like that again. he said that he hated himself for making me feel scared and he never wants to act that way again and he swore he would change. there were a few more, not as severe, incidents of him yelling at me while he's drunk and getting mad for small things. the next big incident was about 6 months ago. him and i and 2 friends went out to a bar and all got pretty drunk. one friend ubered back to his house and him and i and our other friend went back to our house. my boyfriend was the drunkest out of all of us. he immediately came inside and passed out on the couch in the living room. i noticed he started hiccuping like he was going to throw up. the living room is carpeted but the bedrooms are wood/tile so i thought it would be best for him to go upstairs. i gently rubbed his back and woke him up and asked him if he would go upstairs to the bedroom, in case he starts to feel sick, so he doesn't throw up on the carpet. he immediately elbowed back towards me and said ""get the fuck off of me. why are you touching me?"" and i said ""excuse me? i'm just trying to get you to go upstairs to the room so you don't throw up on the carpet. that's all."" and his response ""don't fucking touch me. don't you ever fucking touch me or i swear to god."" and i said ""you swear what?"" and he was like ""don't ever fucking touch me or i swear."" and balled up his fist and punched in my direction, about 7 inches away from me. after that night we had a 3 hour conversation about how this was completely unacceptable and i would not tolerate this. he apologized profusely and told me he was going to stop drinking and that he would never let this happen again, how awful he feels, etc. that lasted about 3 weeks. he started having a few beers at kickbacks or ordering a cocktail or 2 when we went out with friends. i'm not going to tell him what he can and can't do so i just let it slide because he was controlling himself. and now here we are. last night him and i went out with 2 of our friends. my boyfriend agreed to be our dd for a girls night (plus him). we all went to dinner and when we got back in the car i noticed he was drinking orange soda, and he made a weird face after finishing it. i asked ""why did you make that face?"" and he said ""oh, i put an entire small bottle of absolut (vodka) in there."" not just a tiny airplane shot... an actual pint. so like 6-8 shots. we proceeded to go out to the bar and had a great night. my friends and i were all pretty drunk, i was dancing with them and having a great time. i wasn't paying much attention to what my boyfriend was doing or if he was drinking or not. it got time for everyone to leave and my boyfriend appeared to be extremely drunk. my 2 friends were not feeling comfortable with him driving them home. he continued to tell everyone he was fine and that it was gonna be fine and eventually just walked away from all of us saying he was leaving and whoever wanted to come could. my 2 friends decided to get a ride home with someone else. i went with my boyfriend as he insisted he wasn't even drunk. we got into the car and started driving and it was very clear he was not sober. we got onto the highway to head home and he was swerving everywhere. halfway in and out of other lanes, half way off the shoulder. not even slight swerving, his car was doing figure 8s in and out of lanes. a friend who was sober had met up with us while we were out and had offered to drive us home; my boyfriend had declined. when i noticed he was swerving everywhere i said ""hey are you sure you're okay? we can turn back around and see if our friend will drive us home! i know he wouldn't mind!"" he very sternly responded ""i'm fine."" i said ""you're not though... and it's really obvious. it's making me feel unsafe."" and he kept repeating that he was fine and that he wasn't even drunk. i told him he was drunk though and that it was making me feel really scared. he then started to yell saying the same things. so i told him i didn't feel safe and that he was putting my life his life and many others at risk. he then whipped his car over on the side of the high way and parked and screamed. ""do you want to fucking drive then?? if you have a problem get out of the fucking car and drive then!"" i'm usually good at staying pretty calm when he yells so i kept my tone low but stern. i said ""no because i know that i am drunk and i don't want to get a dui or put others lives at danger."" he then whipped the car back onto the road and gunned it up to 95 still swerving out of his lane, into the shoulder, into others lanes etc. i kept telling him that our friend could drive us home and that he wouldn't mind and that we should just turn around. he then screamed at me ""then call someone else to take you. call (insert name) or (insert name) or whoever the fuck you want and they can take you home then just shut up."" i was explaining to him how our other friends weren't even comfortable with him driving them home and this is why. because he was that drunk. and i kept trying to tell him i was scared and don't feel safe at all and i was scared for my life. (i have anxiety and also panic disorder and my therapist told me it's really important to voice my feelings like this to help prevent me bottling them up and going into a panic attack.) he then pulled the car over suddenly on the shoulder and slammed on the breaks and screamed ""then get out of the fucking car and walk then. if you don't like how i'm driving get the fuck out and walk right now."" so i said ""you want me a 23 year old female to walk home 12 miles, at 2:30 in the morning by myself??"" and he just proceeded to jump back on the highway and gun it again. the rest of the car ride was filled with him continuing to yell at me, cuss me out, mocking me etc. we finally made it home and he just slammed the car door and went inside. thank god no one was hurt. i know i should not have gotten into that car with him. looking back now, i know it was a huge mistake. i trusted him when he said we wasn't even drunk and that is my fault. i should have known better... so, reddit. what do i do now? have i given him too many chances? i have not seen or spoken to him nearly at all today because i needed time to think by myself. in every other aspect he is a great guy, just not when he drinks. no incidents like this ever happen when he is sober. he shows me bothing but love, respect and kindness. i have given him so many chances to change and better himself, yet we always end up here. i'm scared, i'm sad and i don't know what to do. i don't know if giving him another chance just makes me stupid at this point, or if i should have one more talk with him and make it super clear that i am done with this behavior. also if there are any resources to help him please let me know!! thank you to anyone who even read all of this  any advice at all is appreciated. much love y'all. tldr: my boyfriend of 6 years is a great guy when sober. he drinks and on 3 occasions has gotten extremely aggressive with me because he was hammered. each time he says he will change but these problems still happen. have i given him too many chances? what do i do now?",😔💔😢,0
me: makes 1 (one) post about watching p h r o g s on tik-tok the entirety of the fucking reddit hivemind: i see you've chosen death : ),💀🕳️⚠️,0
"lost my best friends on friday. i want to die and i never want to go back. seventh grade is hell, but so is my home.. maybe death is the only way. i'm rambling like hell right now, but i don't care. my friends probably never cared, they just laughed their asses off and told me to never talk to the, again. i have no one left except ",💀😭🕳️⚠️😔,1
i made cookies today and i made some for you guys! ,😊🍪💛✨,0
finally finished my gcses i now have 3 months to get have a mouth surgery and look like sloth from the goonies ,😔💔😢,0
"reducing to ashes my girlfriend va**** ! ** disclaimer: this post contains sexual comments and strong language ** so... this happen ~~three hours ago,~~ tuesday. it has been removed due to nsfw on week days. i live with my girlfriend and we are still studying. we are both pretty busy and don't have time to eat together during the week. **short story**: i've always loved eating spicy. i like it so much that for my birthday last year, my gf bought me some of the most powerful pepper seeds on the market (carolina reaper, yellow trinidad moruga scorpion, douglah brown and bhut jolokia). in march, i planted the seeds and by the month of may, they had all grown! we had an outstanding summer in eastern canada, plenty of sun and heat for my babies to grown into hugeee plants. they were a little late on their flowering even tho, they made several peppers. following a colder september and a rainy october, i harvested them last week. **coming back today**: even if i'm used to eat spicy on a daily basis, i never tried the carolina reaper and i thought today was d-day! i started making myself two awesome burritos with some cr slices in it. ate both and holy guacamole that was some strong motherfucker (slj voice) !!! never ate something this spicy in my entire life, even if it taste pretty sweet, it was burning like hell !! by the time i finish making them, my gf came back from school and was amused by my reaction. **half an hour later**: skipping some small talk and stuff, we were both horny and ready for some sexy time. i spit in my hand and started pleasuring her down there. in les than a minute her face went from ""super in tha mood"" to ""i'm about to kill you"" with tears. she started screaming at me : ""mon tabarnak !! j'ai le vagin en feu a cause de toi calice!! ca fait tellement malllllll"" *english traduction (roughly)*: ""you piece of shit, my vagina is in fire because of you fuck!! it's sooooo painful !"" .. do i need to say i went from boner to well it feel pretty small down there. now she's mad and cry in the living room with a ice pack on her vagina and yogurt on her lips cause she had her mouth burning too. i can't help but laughing at how this evening escalated quickly. think i might not have sex tonight ‍. tl;dr cooked burritos for myself using carolina reaper (\~2.2m shu). tried to have sexy time with my gf half an hour later and while i was touching her vagina with my drool, she started screaming and crying because it burn. peppers proof: [<url>](<url>)",😐🤔💭,0
"please help a little background before i get to the main problem so...bare with me please  i [17m] have known this girl [16f] for over 8 months now and we're just friends (most if not all of our convs are over text because in our society it's a bit weird for me and her to go out) ..although i have flirted with her a bit and hinted that i like her over text and want us to be more than friends but she just dodged them all and replied to the rest of the texts ( so that i wouldn't make it that obvious i would send these flirty texts alongside the rest of the texts of whatever topic we were talking about) so we used to text on a daily basis and we got pretty close to each other and we talk (more accurately text) about real deep stuff and we share honest emotions with each other so about 6 weeks ago we were talking about how time moves fast...i sent her a text that said ""you know in a blink of an eye we will grow up and have kids...but not together  or maybe together "" followed immediately by another text ""ok shit sorry "" and she just dodged it and kept talking about how times goes so fast and the conversation just died shortly afterwards i texted her after a few days she replied simply and not like the usual then again texted her after more few days and told her jokingly ""sooo what you don't text a person until they text you? "" followed by (also jokingly) ""we're gonna have a problem"" and then asked her about sth she replied with ""what should i talk about"" and then answered the question but with some details ( a bit like when we used to text before i sent that joke) i asked some more (serious questions not silly ones just to keep the conversation going) she actually saw the messages and didn't reply...she had never ever done that!!! i then asked her ""is there anything wrong"" she replied to the questions and then replied ""no what could be wrong "" i just sent her ""ok thanks then i shall do so and so ( about the thing i asked her about) and then sent ""nothing....."" (replying to her text that said what could be wrong) about a week after something has happened with my football (soccer) team that we had previously talked about (she likes football but doesn't really watch it..just the world cup and some finals) she sent me an idiom that basically says everything's gonna be alright but messed the spelling up and then sent a message correcting just two words...i joked about that she sent laughing emojis and told me that she was sorry but she was really sleepy (she apologises waay to much so that's really normal of her) i told her ""yeah the fog might have affected your typing"" (it was foggy that night) she then replied 12 hours after (she must've fallen asleep) and asked ""what fog?!"" ""it was really foggy at that time"", i replied and the last message was left unseen we haven't texted for over 3 weeks and i don't know if that joke messed things up or not (like we really did text daily the convs never stopped but now it's been three weeks since our last text) sooo please help....and sorry if i made this too long tl;dr: we used to text daily but then i made a mere sex joke about me and her and ever since we haven't talked like we used to",😔💔😢,0
is anyone this unlucky? sex scenes keep coming on when my parents are around! i swear this just keeps happening to me. sometimes we'll watch a movie together and there just has to be someone doing the nasty i took a huge risk when they rented wolf of wall street. i literally hid behind a pillow the whole time (margot robbie 10/10 tho ) then earlier i continued watching jessica jones and they had sex like 3 times in one episode sometimes it's awkward sometimes its not. such is life :/,😊😌💪✨🌟,0
when you word something wrong and everyone gives you shit for it ,😔💔😢,0
my crush is openly flirting with her gf in our group chat  i'm really happy for them but at the same time i want to fight them,😔💔😢,0
"life is good good vibe time ive finally figured out what i wanna do in life, and how i wanna do. setting realistic goals is the shit. hope everyone else is lookin ahead with excited eyes ",😊✨🌟💪🌈,0
softcocksareonemilliontimesbetterthanhardones,😊😌💪,0
petition to pull the reddit mobile devs' heads out of their ass all in favour?  i promise last post complaining about the ~~shitty~~ update,😊😌💪,0
okay i'm super serious this time ladies okay i'm not serious this time but hey i got your attention now  i'm very desperate for affection. thank you for listening to my ted talk.,😔💔😭⚠️,0
"pervert. there is me [under 18 male] and a girl [under 18 female] ok, so i am in middle school to start this off... (i know that relationships in school aren't like ones when you're an adult) (also on mobile and don't know how to format) this happened today. so i've liked this one girl for a while, she's in a few of my classes and stuff like that. i liked her for months now and my friends questioned me. i gave hints and they got it. so we have a weird schedule this week because we have a bunch of field trips and half the class is gone because of that. in another class, a group of girls found out. they started spreading it (by yelling) and she found out. but there is a few morons that sit in my lunch table. they always go like ""i saw you looking up her shorts"" stuff like that. i say no and move along. well....... when the moron heard that, he told her. he told her everything but before that.... everyone said ""omg she likes you too"" so i was pretty proud he says that i look up her gym shorts (we don't have the same gym period so no.) and i get a text on snapchat. here's how it goes over half an hour(starting out with ""her"") ""do you like me?"" ""obviously. you saw the halls didn't you?"" ""you're f****** disgusting"" ""what?"" ""you're such a pervert"" ""??"" ""your friends at ur lunch table told me"" ""told you what"" ""you look up my shorts.... and i saw you had a binder in class"" ""um no"" ""it was the whole table"" ""they're messing with you"" at this point i am feeling my heart just.... die ""ok but what about that boner?"" i wasn't thinking straight and didn't see the obvious. ""uh... sorry for being a boy they can go up randomly"" she leaves me on read. then blocks me i definitely know that these accusations are false. someone told me that she posted on her story ""wow we love pervs"" ok. i really liked her, she was pretty, laugh at my jokes and stuff like that. her friends were really excited when they found out, well they probably won't be tomorrow. one of my friends that is the girls neighbor and are pretty close (i think) that wasn't here agreed with me. he said that when he comes back when he gets better (get well soon) he will tell her the truth. i didn't do none of that stuff and she ate it all up. tl;dr: my crush found out that i like her, she likes me back until a moron says that i looked up her shorts and had a boner. she ends up blocking me. do you ever think she will like me again? see how fast girls jump to conclusions will update if anything interesting happens",😔💔😢😞😣,0
"advice for a nonbinary who's on their period. (13, they/he) i really fucking hate my period. for one, it makes me feel like a girl. and it hurts. blood triggers me. (self-harm); and i'm trying to stay clean! i feel hungrier on my period, but i don't want to eat. because if i eat, i'll eat too much, and then i'll have to chuck it back up again. (tw for eds today, i just ate a jacket potato, and two chicken thighs (i don't really like eating meat, but i was in the zone of 'food, eat it, now!'). i was eating with my mum, and she said she was going to go tap out some money. i was like okay- this gives me a chance to get that food out of me. i went and chucked up in the toliet, i never-ever do this when my mums home, so i was kinda happy that she left. i missed the toliet. i knew i wouldn't be able to clean it, and i didn't have the time. i called her and said 'mum, i've just been sick.' 'was you playing guiatr?' 'yeah, and then i went and jumped around to that song, you know, planetary go?' * i then started singing it* (my mum:) 'yeah, a don't jump around after eating'. she fell for it. i feel bad for lying to her.) and also on my period, it smells like blood. the pad is uncomfy. and i hate it. i jus hate fucking everything. my tummy hurts so bad. but i don't want to take any painkillers for it. uhhhhh. i probably have 5 more days of this. fuck this. i'm gonna go get a coffee. any tips for how to stop feeling dysphoric on my period? on the bright side... i guess the pad kinda looks like a penis? so i don't have to pack with socks. i can't anyway, i can't pack on my period because i can't wear two pairs of boxers (sensory issues). i wanna get up, go for walks (not now, too late, but tommorow), but i just want to cry. fuck, i think i'm broken.",😭💔😖⚠️🕳️,0
"hello, what would you like to do today?i've found the key to being happy all the time, consider yourself a toy, call me a toy idc, i have accepted it as it relieves me from the pain. if you feel like using me to your needs/moods i am here to be your toy. thankyou ",💀🕳️😭😔💔,1
anyone remember mr clickity cane? him and harold the giraffe were the only good parts of growing up ,😊🌈🌟,0
"wonder ok, so i just read wonder, an amazing book which also has a movie. you may already know about it. this story is fiction, but the moral goes directly to your heart as you read it, and it is now one of my favorite books. i am 12, just to let you know. this book is for anyone from ages 13 and higher, i just have 1 year of difference hehe, but i still wanted to read and sicover a little bit. spoiler alert  it tells a story of a kid named august pullman, who was born with a medical face problem. his face is deformed, and since that happened, he was home-schooled. with her mom, who is a teacher. when fifth grade is arriving, his mom decides to send him to an actual school, so that he can get used to friends, classes and teachers. she doesn't talk to him about the idea yet, but his dad agrees. august discovered the secret by himself, and was very unhappy to go to an actual school, because people would bully him and he would not feel comfortable. fifth grade arrives, and august is forced to go to and start middle school. ""this year is when middle school begins, so you will not be the only new kid in your class"" told him her mother. he although wore an astronaut helmet, so kids couldn't see his face. his father let him, but on,y the first day. this helmet had a great story behind it. august's sister, olivia, has a best friend since she was in kindergarten, miranda. when august had an early age birthday, miranda gave him this helmet, so then he didn't have to worry about being embarrassed. ok... i'm telling the story until here. why? 1. i don't want to spoil u more, it's better if u read it urself, trust me ;). or u can watch the movie, too. 2. i'm sooo tired of typing  hehe have a great day, hope this post has helped you or either inspired u to read it.",😊😌💪✨🌟,0
i'm in love with an 18 year old boy ,😊😌💚,0
"i am dating a guy who has a female best friend so i have been dating the guy for 8 months. we are now on a trip together. it's not easy actually. we met on tinder and we live in different cities so it's long distance for a long time from the beginning. i can tell we love each other a lot but we still have an issue which is so hard to be got rid of my mind. he has a best friend who is actually his ex in an open relationship for 2 years. he didn't tell me about this when we started dating. i had bad experience about dating someone who was not over his ex so i was so frustrated in the beginning. but i just like him a lot so i tried to accept the truth. i do feel uncomfortable that they are still so close to each other. they work together and they chat everyday about every details in life. it seems so strange and bad to me. i hang out with the girl and we had some conversations. i don't know if i am wrong but i feel like she still likes him a lot ,and because of her failures on dating she relies on him too much. and just two days ago i found them still text i miss you to each other which made me so mad till now. i really hate it. i understand their situation but i do hate it. and the truth is, when the girl met the guy, he was in a relationship with his ex. and now she is dating another guy who is in a relationship. so i really don't trust her. i feel she is not that good. but as a friend, the guy always find excuses for what she did. and i am so scared even if the guy said he is committed to me. i always think she wants to win him back in a sneaky way. i don't know what to do. i have been trying so hard to get rid of it and thinking about how much i love this guy but i just feel i am mentally sick to their so-called friendship. but i do love this guy a lot. ",😔💔😢,0
"getting my head cleared so i just wanted to tell to someone, i had my first therapy session today!!! i'm super happy about it because my parents always told me it would only ruin me, but i didn't listen. i just want to get this garbage out of my head and finally get the life i deserve. i just don't know how much in depth i can get, because i've been analyzing and diagnosing myself till now. and someone is actually listening to me and helping me . feels like starting this now, at 19 is early enough, not that i'll be a 50 year old with major problems, dementia and all that crap.",😊💪✨🌟,0
"to age 48 & over people who work, i've tried everything i promise i did, to try and get hired for ft work. not, ssi/ssdi, medicaid no addictions, no criminal millennials tell me what they know about older workers all the time because they have parents in my age group. i'm not a parent. i didn't marry so i had to earn & budget meticulously all by myself. i earned my masters & certifications thru hard work & self discipline. i was a wb whistleblower and i worked in money making places that did unscrupulous things to their clients. there was a gap when a relative died. setbacks and sabbaticals happen. not everything is a straightline up the career mountain. i am facing extremely hard times because i made an ethical choice to report fraud. in a different co. i reported discrimination bc the employer was trying to push me out. women get childrearing job protections. short term disability. older workers as new employees do not if they need a small surgical treatment. we're sometimes seen as medical liabilities. even for a simple procedure. this also happened at the subsequent ""just take any low wage job you can get"" too. i could not meet my basic income needs. (housing or healthcare). it took its toll bc the large employer saw me as a placeholder til retirement and not upwardly mobile. the millennials ran the department. we all have a fiduciary responsibility to ourselves, and our creditors. my ethics wont allow me to quit, ignore debt or lie on my resume thru omission. background screen co's & temp agencies (which are legal buffers for employers) ask hr behind the scenes questions & look up court records. they do that to see if there are undisclosed judgments, liens & bankruptcies. young ppl can live in roommate situations with strangers or their cars, and travel across country with no job in sight. i was young once too! being out of work this long almost a year, has been extremely stressful. jobs under $20/hr dont call me. the ones i tried at that income bracket pushed me out bc i was looking & applying to higher paying jobs & they viewed me as disloyal & unsatisfied. ""it's easier to get a job when you have one doesnt hold true."" they want people to stick around & be excited to come to work each day, perform like a rockstar & make the co lots of money on entry level pay as an older employee.  there was no way to add to a 401k and never mind hsa accounts or the insurance premium alone. my situation is irreparable. ive done everything a reasonable person can do including reaching out for help to agencies ill equipt to work with a highly educated, computer literate, woman who needs a living wage. resources & agencies dont offer that. they just make sure you dont starve and point you to food pantries. phd & msw, doesnt matter the title. its not a pharmaceutical psychiatric pill issue, it's an economic & financial problem. end of my rope. no pun intended. see my photo. it is all i think about.",💀🕳️⚠️😭,1
ive barely been on today but all my post ideas have been very sad !!!!!!  i am a she'll of a human being ,💀🕳️😭😔💔,0
"action opportunity: urge tracfone to support equal opportunities for men and women job seekers in their charitable giving url: <url> type of issue: feedback, other are you an existing customer? no body: i recently read about your promotion to help women who are trying to find jobs: tracfone and dress for success team up to empower women through new success is calling program pr newswire tracfone brand donates 20% of all handset sales at walmart during month of april to dress for success <url> while i welcome tracfone's charitable spirit, i urge you to recognize that men also need help finding jobs, and also need help obtaining them to support themselves and their families. as someone who supports gender equality, i urge you to devote enough resources to men who are unemployed so that both men and women have an equal opportunity to benefit from your charitable giving. thank you.",😊💪🌟,0
i got a special kinda hate for companies that make really big pills how tf am i supposed to swallow them when they're bigger than some most coins and then when the water mixes in with it then u realise u just fucked up ,💊😰😖😔⚠️,0
i haven't socialized properly in a long time.i'm just currently sick and it feels lonely to go through this pain alone so i thought maybe a little bit of socializing with another human being would help me go through thia pain... don't mind talking about anything except religious and political topics :) ,😔😢😞💔😩,1
"mmm just some feelings i need to write downi am tired, really really tired, i am not sure if i have depression or it is just me faking everything.but i am not able to be ""happy"" ( or not being sad) for more than 3 hours in a long time. i used to be objective about suicide like "" i think being dead is much easier so it is a much more intelligent option to kill myself than to try living"" .but now i just feel i can't do one more day, and days passes and i am still alive, and for some moments i even forget why i am sad, and then everythings comes back and i just can't breath.it is really dificult everything, i am not even able to do simple tasks, and i think i might be developing some sort of ed . i am constantly fighting, with my parents (who i share a terrible relationship with but i am 15 so still live with them) , with the mirror, with school, with damn society, with memories.specially memories as i have stopped talking to the most important persons in my life and now i really need them but i cant cause one was a boy which we were starting to share some feelings for each other but i got really scared and ghosted him , and the other is a sib which used to be a really close friend but them told me them loved me and well at once said that if i ever killed myself would kill also (what made me apart because...well it was toxic for them and is really better without me, now them is really better) .so as i was saying... i miss that two persons, really missing them. with the boy i still talk, he is coming back from his holidays in friday so i don t know if i will kill myself today or wait until then so i can hug him one last time (hugging him feels like heaven) . so... i am not really sure why i am writing this...just want to take it all out, but i hope you people are being able to better your lifes, don't give up sometimes things are dificult but maybe if you just smile a bit longer ;d haha wishitwouldbethateasy xd it is normal that i am going to be dead and i am still worried about exams?school sucks. btw, go vegan !",💀🕳️😭⚠️🔪,1
not to flex but i already have a date for valentine's next year.  14 feb 2020,😊😌💪,0
"ready to kill myself i've been in love with this girl for several years. last summer 2015 we were basically boyfriend girlfriend except i was to stupid to see it. the school year started (our freshmen year in college) and i decided to tell her how i felt and by that time she didn't feel the same way about me anymore. i should've just ended our whole friendship there, but she's literally my only friend. the past year has been hell. it's now been just over a year and i'm still in love with her and she's completely moved on. i finally decided i need to get over her and unfollowed/blocked her on everything about a week ago. two days ago she sent me a message ""i miss you"" and yesterday texted me """". she has a fucking boyfriend. she's playing with my fucking heart and so today i told her what's going on and she won't respond. she'll ignore me and treat me like shit until i don't say anything to her for a week. she has literally played with my heart every single week the past year maybe more. by trying to move on i am literally throwing away my only fucking friendship and i don't think it's worth living anymore. she's caused me to bawl, throw up, cut myself and i am still in love with her. i just want to kill myself.",💀😭🔪💔⚠️,1
should i start putting this squid in all my post?  i like this squid he's cute,😊🦑✨,0
"curious about garage door i literally don't kno what subreddit to put this in so i'm just putting it here bc idgaf. ok,,, so when the garage door goes up at my house, obviously i then kno someone just came home. the garage door is loud and you can hear it from every room in the house. lately (the past year or 2? idk) sometimes someone will come home and i won't hear the garage door. i'll just hear the door to the house open and them walking in and know they're home. yesterday i was sitting in the kitchen when the garage door opened, and i was right next to door,,, but the sound was so faint i almost didn't notice it at all. my dad was sitting there and he confirmed he could barely hear it either. then my mom walked into the house. so how come all my life my garage door has been loud but lately every once and a while you can't even hear it? thnx 4 reading. ik this is random and stupid ",😊😌💪,0
"just some encouraging words for those who have finished finals! congratulations!  you've worked extremely hard for these exams and you deserve a long break. we all know the stress we go through is excessive and i'm so proud of all of you for being able to go through that torture. i hope you've all done extremely well, all your hard work will pay off! feel free to relax and don't worry about your results if you haven't gotten them back yet, i guarantee they're amazing. however, on a more sad note, during exams and stress, it is reported that before exams is the peak time for a student to have suicidal thoughts and extreme depression. if you faced either of these things, a therapist is important to talk to. emptying out those bottled emotions will unscramble your thoughts and the aid of someone else can help you push past the phase of yours. talk. to. someone. whether you've just done some small exams, or the most important one of your life, as long as you've worked your best for it, you've made someone proud. me. please keep persevering, we're all going through this exact same thing and you're not alone and will never be alone. relax. [suicide hotline] : text home to 741741 in the united states. if you're elsewhere, feel free to find your suicide hotline and talk to someone. if you feel uncomfortable communicating with a family member, someone on the other side of the line is happy to help you.  stay strong ",😔💔😢,0
i'm going to fucking loose it in here in this hospital if i go in the bath how long will it take for me to die? what's the quickest way to die?,💀⚠️🕳️😭,1
"advice for my ladies do not go for the nerdy guys, the innocence is just an act  and it only hurts that much more when they hurt you because you never even saw it coming",😔💔😢,0
anyone remember the bowl cut? <url>,😊😌💪,0
"i love kissing my partner on the lips when she's asleep my partner and i have been together for light years. she always falls asleep before me, and not to long ago i gave her a kiss on the lips while she was sleeping... and she did the cutest ducking thing!! with like a 3 second delay, she did a very sleepy and funny kiss back... now whenever she falls asleep before me, which is every night, i give her a couple kisses and never fail to laugh at how her cute sleeping self kisses me back with like a 3 second delay... she's the best ",😊😌💪✨🌟,0
simple yes or no question... to those who know about scott lynch and his gentleman bastards series... is it normal for an 11 year old like me to read gentleman bastards? coz i already am. disclaimer: i'm not the one who chooses what books i get to read. my uncle gives the books to me. but i have read epic fantasy before. thanks,😊📚🤔,0
"how should i find a girlfriend/wife who is 5 to 10 years younger than i am ? tl;dr (this post is already pretty short): hello guys, i'm 21 and in 3rd year of college. i always want to date and marry a girl who is 5 to 10 years younger than i am. well, in order to realize this dream, i obviously cannot date a college (undergrad) girl right now since they are at the age range of 18 to 22. that is to say, for instance, when i reach 67, my wife will be at the age range of 57 to 62. this is a puzzle for me  and i don't know how to solve it. how do you guys manage to achieve this? thank you for taking time to read this post and have a great day !",😊🤔💭🤷‍♂️,0
"sorry mod, my ball rolled into this subreddit, mind if i get real quick? ......................................",🕳️😰😔⚠️,0
"what are you scared of? with out fail i get scared every time i start using a urinal. no, not because of that! i have this crazy fear that someone will come up behind me and knock my face into the piping thing. there are a couple of things wrapped up in here. one- i had braces growing up so money and effort has been put into this mouth. my gums bled and i had to enjoy apple sauce for months for the smile i have. so the idea of my teeth getting knocked out is a painful one. two- my dick is in my hand. so getting knocked out like that is just embarrassing. no one wants to check on that guy. so that is one that happens with out fail. another thing that scares me is opening up. and this isn't because of any of you great people but myself. i have been so scared of knowing my past that i have choked it down so far i don't know how to find it. it usually will surface when someone asks me a question or someone else shares an experience that resonates. it isn't like these memories come up and just float away too. i shudder and honestly just writing this is giving me enough anxiety to want to chew on like five packs of big red. but i am doing it because i don't want to be owned by it and i don't want you to be owned by your fears. so i hope this is a safe enough space to open up about it. ____ thanks for reading ",😔💔😰🕳️⚠️,0
oi bro dude dumbass bruh cunt i hope you stub your toe today  ok bye,😔💔😢,0
"the best gun ever in videogames the awp is just . the power, the flicks",💀⚠️🔫😱💔,0
"leaving evidence of (m)y porn habits on the family computer. so this actually happened a few years ago, but it is still relevant. so one day when my mom and sister were gone and my dad was working in the garage, and i had an urge to splurge. so i wander on over to the computer to watch some porn. i get onto a site (i believe it was nude vista), and find a video that looks pretty promising. we have a very slow computer at home (it's a gateway, go figure). the video would not load, so i tried shutting down the computer to re-boot it. so when i get back on it still won't load. so i try exiting the website, and the computer freezes. because it froze, it didn't exit, leaving evidence of my dirty online deeds. at the time, i didn't realize it did not close. the next day when i came home from school, my mom calls me into the backyard to ""have a talk."" she says, ""you know that i can see your online history, right?"" at that point my stomach drops a thousand miles and i know i am screwed. she then goes on about how i am too young for porn (i was like 13), and about what if i stumbled upon the illegal stuff. i get her point there but she had to expect this from a teenage boy living in the 21st century. tl;dr watched porn, got caught and yelled at by my mom.",😊😌💪,0
i do be kinda horny  anyone wanna dm?,😊😌💪,0
"i want to die on my birthday you know how when you absolutely want to die but there's that one voice inside you, that instinct attained through a billion years of evolution that makes you want to live? finally both the voices have come to terms with it. it has agreed to not stop me this 5th sept. however till that date comes, i'll try the reverse suicide. i'll do everything in my power to better my life situation. working hard for my classes and research lab, socializing, finding a non-abusive relationship, budgeting, catching up with fashion, building abs, growing my youtube channel. i'll try it all not that it'll change anything. not that there's even a slight chance of improvement. but the only reason i'll be doing it is to stop that natural instinct of trying 'one more time'. then i can finally give up peacefully for the last time on my bday ",💀🕳️⚠️😭🌑,1
"trying to get fit this happened a few months back during my school holidays. i recently started my tertiary education and joined my school's football club around a year back in 2016 as i really enjoyed playing football since i was a kid. having trained about half a year or so, it was a few more months leading up to the competitions and since it was the holidays, it seemed important for me to take this time to train up abit to prepare for the upcoming competitions. as my coach had previously mentioned that it was important for us to bulk up abit and be a little beefier so that we could be stronger on the ball and not get outmuscled that easily. naturally, i figured that the holidays would be a good time to do so and what better way than a good nutritious diet to come along with it. before that, i had seen a couple of videos and websites where people would consume raw egg white as a form of protein for the body. so, in an attempt to get fit, i decided 'hey, why not?' and ended up grabbing an egg and consuming the raw egg white, while probably exposing myself to a gazillion molecules of samonella.  and thats where i fked up and for the subsequent weeks to come, constant vomitting and diarrhoea ensued. turns out its not too good an idea to eat raw eggs when you've never tried it before. tl;dr: wanted to get fit but got samonella instead",😊💪✨,0
twinkle twinkle little star  alcoholics don't get far  unless they drink and drive  lets go for a ride ,💀🚗⚠️🕳️😵,0
"i know i won't do it but the idea keeps looping in my my mind.not sure what i'm looking for, but i hate when people spin their problem and somehow make it my fault. the tiniest things upset me now. i haven't had sex in forever. my job blows and my psychiatrist won't change my drugs. the negatives are really starting to out weight positives. at first it was just random thoughts of i don't want to be here. then it changed to thought of getting killed in some kind of accident. tonight though was the first time i thought of doing it myself though. again not sure if this even counts for this section but the thought keeps racing in my mind. i'm 90% sure i won't do it and contacted my psychiatrist but i could use some vague advice or kind word right now. hell even just another person going through the same shit. i'm so tired. ",💀⚠️😰🕳️😭,1
"tifu by ruining a secret we've been keeping from the kids for 6 months literally a day before it begins to reveal itself. tomorrow at 5pm my wife and i are taking our kids from our home in southern illinois west to co, az, ut, ca, nv, nm.. pretty much heading west and then south then back home... this evening the wife and i was telling them the rules of the road because they know we're going somewhere just not where and i said ""when we get the the grand canyon all the drive time will be worth it"" ‍",😊😌💪✨🌟,0
they always talk about cock and ball torture. but they never want to talk about clit and labia torture.  i feel for you girls out there.,😔💔😢,0
"girlfriend has been adding guys that buy her drinks at bars on snapchat and recently gave her number to another, that i know of so last night my gf and her bff went out for drinks as usual almost a weekly occurrence. i honestly never make a deal out of it i feel she needs to enjoy time by herself with her friends i've never been jealous because of it. she got home around 1:50am really drunk, she woke me up when she was climbing into bed. i told her i could tell she was really drunk and to not throw up on our bed. i asked why she got so hammer and she kept saying some guys kept buying them drink, which i don't care about if she doesn't follow through with anything(free drinks) lol. she then almost puked so she ran to the bathroom downstairs, since she kept telling me really happily that guys kept buying her drinks which she never really seems overly happy about i thought something was fishy. while she went to puke i looked at her phone and she had a text from a new no name number stating his name and . this got to me so i asked if she ever gave her number out and she denied it so i kept asking until she told me she gave it out before and usually doesn't give it out just added them on snapchat, it really got to me. this whole day i got to work a 10 hour shift i couldn't focus on work and just kept thinking about it. i thought i was over reacting but now i feel cheated. she says she never talks to the dudes again but i don't trust her, a while back she cheated on me emotionally with another man. they would message daily and i read her messages, a lot were flirty and they talked about eventually meeting up this went on for months. i had asked her if she felt something for him and she said she did for a bit. mind you i was going through some deep depression and i wasn't the most emotional person so i told her if she stopped we could work it out. a year later and here we are. we have been together for close to 5 and a half years. i think by now she should know that this behavior is not acceptable. her bff happens to be my good friend and she is recently separated from her high school sweetheart of 6 years, she has been going out getting drunk and sleeping around. doing things she never got to do, that's not the case for my gf and we both have been through that already. what's really shitty is that i help her with everything i'm not macho at all i let her have her own life, i like having my own so i don't fight her on stuff that doesn't matter. i feel like she does stupid shit like this because she knows i trust her but to me there are boundaries she shouldn't cross that i thought were common sense. what do you all think? i feel lost like i know what to tell her but she has a way of making me feel bad for thinking this way. i feel like i'm not overreacting and that i should not be okay with what she's doing, at the same time i hate giving ultimatums. i don't want her to feel like she can't go out with her friend anymore but i don't feel like i could trust them either. tl;dr my girlfriend has been adding dudes that buy her drinks on snapchat and has recently given her number to one. i only found out because i saw the text. m26/ f23",😔💔😢😞😖,0
gonna listen to rick montgomery bc i'm bored and wanna feel something  only in my darkest moment can i see the kight i think jm probe to getting blinded when its bright iiiiiii well this december ill remember wnat yiu to see it when i do ooooohhhh god knows i dooooo im alright if youre alrihht im okay if youre okay its this state im living in its thisb st ate in this state im living in its ju st a little bit its just a little bit lonely in this home its always colder on your own,😔💔😢🕳️,0
"thoughts on this phrasing? really need help my best friend that i kinda like is in a relationship. we were talking about stuff and she used the phrase ""he's not cooler than you  he just has a crush on me and you don't"" do you think there's an underlying message there? or am i reading too far into it",😔💔😢,0
"can someone please help me? i have no one. 16 yr old girl. i know this will be my 2nd post today but i have no where else to turn. i have lost the person i love most and i have noone to talk to. i feel alone and helpless. i am a dissapointment. i am disgusting.  noone wants me. i have so much love to give but i am constantly made fun of by my ex and he has said really hurtful things to me. i have never been suicidal until now. i had so much going for me in life and now i have nothing without him. i have slit my thighs repeatedly and nothing will release the pain this time. maybe if i just finish what i started, i will be in a better place. ",💀🔪😭⚠️,1
someone wanna be my chem tutor i am so bad at chem. i have this one lab that was due yesterday morning about acid bases or something and i have no idea where to start. i'm not seriously asking but idk if you like chem and can give me some pointers that could be helpful ‍or we can just be friends!! that's cool too i'm always up for that,😊😌💪✨🌟,0
hey look down here   gotcha bitch,💀⚠️🕳️🚨😵,0
"i (31m) am having a hard time trusting partner (37f). are these red flags? tl;dr at the bottom! hey there. i have some really big issues when it comes to trusting my gf. she was with a guy (mid40s) for fourteen years prior to having met me. in the beginning i let her know that i was extremely insecure about their contact, and so she actually went and blocked him from social media. or so i thought. because she had actually had him blocked for about two years before i even met her. i thought: ""why not just tell me that he was already blocked, instead of saying that he was now blocked because of me. i don't get it. and, his number was never blocked. she had just deleted him as a contact, but she knows his number, so i guess she just didn't want to be in a situation where his name would pop up unannounced on her phone while i was there. made me feel like crap. she kept saying she was over him, didn't want nothing to do with him and that it was over a long time ago. didn't want any contact. so why not just blocking his number? four months in, on my birthday, we were out having some nice dinner. she told me they had been texting for about two weeks, because he had fallen ill. a blood clot. he needed an operation. she went and stayed with him before, during and after. i felt like shit, and i felt like she never really meant what she had said about not wanting nothing to do with him. she basically kept defending him and their relationship. not much i can do about that, but i again felt like shit. she doesn't want him in her life, wants nothing to do with him, but she's going to be there whenever he is in need? i get it, it's nothing to do with him, heck, i know he didn't choose to get sick. now, i don't like the guy. he had basically cheated on her their entire relationship, his bdsm activity with 18year olds and he had 'borrowed' tons of money from her. never paid her back. i've never met him, and i don't need to. problem is, she goes out of her way to take his side as he is ""sick"" and that she has forgiven him. one day, about two months ago, he texts her. he wanted some therapy bells back that she had at our place. she immediately goes out of her way to bring said bells to his mothers house. that way she could go say hi to her former mother in law, who she sees as her own mother. all he had to do was yell ""get them to me"" and she did just that, left me at home and drove off. again, i felt unprioritized. one day he had driven past us in town, and he winked at us, which i didn't see. he then texts her "" hey, did you see the car? ?"" she texted back"" yeah, nice car""! he fucking owes her immense amounts of money, and she just comply to his way of conversation in that tone? i felt like, no matter how much he had been fucking her over, he's still got his way with her. she still tells me she wants nothing to do with him, doesn't want no contact and doesn't want him in her life. she still keeps his number open though. she still defends their relationship. she still tells me she doesn't love him or think about him and that he means nothing. but she'll go out of her way to argue that he was 'the one that was there for her when her mother died' and that he was the one that was there for her when she went through depression two years ago, where she was diagnosed with bipolar type 2. now, i can't seem to make sense of anything she says anymore. i don't know if i can trust her, because she has a way of actually changing things that she has said, in a way that makes it seem so innocent later on if i bring it up. she'll actually 'forget' what she had texted him, 'forgetting what had happened those times they were in contact'. sometimes this makes me feel like i am in the wrong. that's how this makes me feel. now, i'm aware of my insecurities, and i know that i am in constant need of reassurance. i just don't know anymore. i need help here. i have literally no close friends, not much family (i'm from a very broken household). my gf has gifted me a bunch of stuff. some expensive stuff as well. but sometimes she'll use them as an actual argument as to how much she loves me. she uses those things against me. my late mother did the exact same thing. i haven't really been in many relationships in my life. and most of them were before i became an actual adult. now were at a place where she knows all my insecurities about the ex and her, and it's a silly fucking place to be. i'm not much of a man at all right now. i'll tell her that i have 'jealous thoughts' and she knows it's about them. so she is in complete control. she'll comfort me, and tell me he doesn't matter and that he means nothing, wants nothing to do with him yada yada, and i'll feel a little comfort. at least for like five minutes. other red flags, that are unrelated to the ex: - she sees herself as a medium. talks to spirits and stuff. and her dead mother has 'come through' on multiple occasions before we met, and told her about me. at first i laughed it off (nervously haha) but not so much anymore. she seems somewhat disconnected from this world. - she is bipolar type 2, as stated earlier. in the beginning there was an instance where we were cuddling in bed, and she told me about how stressed out she was from everything in her life. she had the most manic freaking smile i ever did see. it frightened me. i tried playing it cool, and said something like; well you've got to take care of yourself, babe'! the smile dropped for about half a second, but came back even bigger. no emotion in her eyes. it freaked the living shit out of me. on numerous occasions i've had a eerie feeling about her state of mind, but nothing too big. - she is a science major. she is very inconsistent. she stays home about 40% of the time, doesn't do the work she needs and she'll rely almost always on me being there for cuddles and kisses. i'm not a great example myself, since i have no job at the moment (i'm undergoing therapy, and am seeing a doctor who is looking into whether or not i have borderline personality disorder. he is pretty sure that i do. now, i've never been taking any responsibility towards bettering my own situation. i've always ended up places more of as a result of circumstance than choice. it's really my own fault. but i'm becoming more aware of my traits as a human, and i know that i need to find comfort in myself and make a living for myself in the long run. i'm starting here, trying to reach out, because i need objective opinions on this. i would really appreciate it if you would leave me a comment, tell me what you think. whether you think i'm in the wrong or not, please leave me something. even just words of comfort. even if you have ever been in anything remotely similar, or are as insecure as me. tl;dr: i'm getting a lot of mixed signals from my gf, especially with regards to her ex and the contact they're having. she'll say she doesn't want him in her life and wants no contact, but she'll go out of her way to defend him. he had treated her like dirt, and she still seems very strongly about him. i didn't know what to think. thank you for reading. thanks for your time. love from scandinavia!",😔💔😢😞⚠️,0
"why am i here?seriously, life is meaningless, why am i even here talking about this shit? people ask you not to kill yourself for them or others, how fucking selfish....death will bring me more peace than you ever fucking did....fuck life...and hail death ",💀🕳️😭⚠️🌑,1
if someone ik finds my reddit acct im saying someone catfished using my pictures ong im a loser but i could at least try to hide it ,😔💔😞,0
"it's funny how life works sometimes tonight, i went to a meetup for young professionals at one of those new-retro speakeasies. now, i don't go downtown that often because i hate trying to find parking downtown. now i went down there when it was getting really busy as well. now that coupled with struggling to find parking had me getting frustrated. i finally found parking and then came the challenge of trying to find this place (speakeasy so no obvious signage). i wondered over downtown for a while, and got frustrated again and i was just like screw this, i'm going to go home. then, as i was walking back to my car, i overheard someone ask where this particular speakeasy was. so then i ended up going to the meetup. it was super packed and so hard to just get a drink. when i finally did get a bartenders attention, i ended up paying like $22 for a kettle one double. but what really turned this night around was the fact i met a great girl tonight. we hit it off pretty well, and about an hour or so of talking with her, i managed to get her number! i plan on inviting her out for drinks again this friday as well  funny how things happen in life. if i had given up and just gone home, i never would've met this girl. i'm trying not to get too overconfiden, but i am happy i was successful.",😊😌💪✨🌟,0
"shutting down. i honestly tried to write a deep story of my life and why i'm so fucked in the head like 3x but what's the point. i can't recall the last time i was genuinely happy and i don't think i'll get the feeling ever again. i tried to commit suicide before and failed. mostly due to being nervous and being on impulse. i've tried the whole ""hold on to life, it'll get better"" thing and it's been 9 years and i'm almost 25 and guess what? it hasn't. still unemployed, still degree-less, basically homeless sleeping at random homes of the junkie acquaintances i've made. i've come to terms with the fact that i'll never have a loving wife and kids. i've come to terms with leaving the small amount of people if any that'll mourn my death behind. i'm tired of this feeling. of being alone, of never being loved, of being worthless. knowing that when i breathe my last breath absolutely no one would give a single fuck. i honestly envy people who don't have to deal with waking up in the morning, crying, because they're still alive even though greater people than me have died while i'm here wasting away. it fucking sucks, id gladly trade my life in a heartbeat for someone more worthy but it doesn't work that way. it's selfish of me to take my life that was given to me by my parents but i didn't ask to be born. looking back my only regret is not doing it right the first time to save me from becoming even more empty than i am now. i do however have the perfect playlist, final meal and spot in which i'll take my life. where i can stare at the beautiful night sky, floating away while the drugs and alcohol finally take toll on me. it may sound scary or stupid or whatever but fully planning it out and not on a whim like the last time makes me feel super calm and ready to end this fucking suffering. ",💀🕳️⚠️💊😭,1
i'm about to get my first round of chemo wish me luck lads : teenagers serious posted by[u/atombombbaby69](<url>)[15 minutes ago](<url>) # i'm about to get my first round of chemo wish me luck lads : teenagers [serious](<url>) posted by[u/atombombbaby69](<url>)[3 hours ago](<url>) i'm about to get my first round of chemo wish me luck lads  [serious](<url>) .2kposted by[u/gabebag666](<url>)14[6 hours ago](<url>):camera:2:camera:4 i'm about to get my first round of chemo wish me luck lads  [serious](<url>) [r/teenagers](<url>) wouldn't let me post a pic because i don't have enough karma edit: i just found out that you can't post pics on weekends or fridays on [r/teenagers](<url>). ignore the karma part edit 2: thank you kind teenager for giving me silver! (and thank you kind teenager #2 for silver!) edit 3: [this is a picture that i just took](<url>),😊💪🌟🙏💚,0
what should i do in this situation a girl who ive been snapping that idk that well yet asked me to go thrifting w her but never actually gave me a time or date. we've talked a bit but not really and idk if she's already changed her mind or not so‍ this was a few days ago and she hasn't followed up w anything about it yet so should i wait a week or more and then hit her up and ask about it,😊😌💪,0
being around people makes me feel more alone. because everyone's genuinely (or at least looks like they are) having a good time and i'm pretending to and masking the feelings of sadness and loneliness that are just below the surface. it's stupid and it's fake and it isn't me at all. ,😔💔😞🕳️😭,1
i'm in the back of the bus school trip tings,😊🚌🎒,0
"if you say ""gay people are fine as long as they dont make it their personality"" please kindly s t f u!!!! like no seriously your opinion is worthless and not deserving of any consideration in any from or fashion  it would be better for everyone if you just closed your mouth thanks :)",😊💪✨🌈,0
hello fellow teenagers i need your help i found this pedo/sugar daddy u/daviespeter do ur thing reddit here's his message for reference hello baby  how about you need a sugar daddy that will take good care of you and i will be paying you $1500 a week as your allowance and if you are interested you can text me your the second person am sending this to so if you reply back before the first person you'll get your allowance immediately sc;daviespeter33,😊😌💪✨🌟,0
where are the carotid arteries located? how can i feel them? how long would it take to bleed out & die if they got cut/stabbed/severed?,💀🔪⚠️🕳️,1
hey ppppie_  do you know what this is? ,😔❓😐,0
2 options guyz pleaze choose  1. ??? 2. ??? ok choose thank u,💀🕳️⚠️,0
"oh no edgy redditor yells i am a miserable creature and i want death, preferably soon!!!!!!!!!!!!!!!",💀⚠️😰🕳️😭,0
"why is he (m27) still talking to me (f23) even though it's been over a year since we met when he has so many other options?! *super lengthy post so click off if you don't want to read it rather than complaining about how long it is in the comments, but i really need advice and opinions and keep in mind he looks like milo ventigimlia (google him)* i met a man several months ago on a dating app. he was kind, and sweet. we spoke for a month before we met up (i was really busy with exams and work). i wasn't expecting him to wait that long but he did. we texted and snapchatted a ton but didn't speak on the phone cuz he didn't like phone calls...which was fine. both of us were looking for something casual and a no strings attached situation after coming out of serious relationships. i told him i didn't want to drop my pants for someone the first time i meet them so i won't be having sex the first time, he was completely fine with that. when we finally met up we had such a great time! we got along great and made out tons. he didn't want the date to end so i did go back to his place but we just rolled around in bed basically dry humping and making out. he's a guy that's slept with a lot of women. i could tell he knows how to please a woman too. again, we both wanted a very casual nsa thing. before we met but spoke a lot he told me he was falling for me (ummm...), that he'd be my date to a fam wedding of mine, that i should go to his cottage over the summer with him and his friends etc. also during the date when i went to his house i met his friends and he gave me a tour of his whole house he was proud of building. he was talking about his godson and how one day i'll meet him too. after the date we still spoke but not to the extent we use to. we'd still talk every day though (he'd mostly initiate it). i was busy again whenever he wanted to meet up and this time he wanted to meet for sex and hanging out which was understandable (i know i was being shitty here by being too busy but i did have a lot going on and it was a very tough time in my life...). plus i felt fuck buddies didn't need to meet all the time. about 2 weeks after our first date... i asked if he was down for drink that following friday or thursday night. he said he was busy with school (i knew that was a lie cuz he only has school mon-wed) but he'd let me know. he replied to my text to hang out 4 days after i sent it and he was active on social media during that time. i replied saying if you're not interested anymore that's totally fine and to let me know rather than leave me hanging... i also wished him well with school. i didn't want to end in a negative way cuz i hate that. anyways he never replied to that text so i was like okay on to the next then! he did keep watching my snapchat stories though. a month later he contacted me by sending me a shirtless mirror selfie  i couldn't help but laugh and was caught off guard. i was seeing someone else at the time casually but immaturely and rudely wanted to keep him on the hook like he basically kept me on the hook. he's very attractive and i can tell he'd be a good lay. for a good 10ish days we were back to snapping every day but i was a lot colder. i kept saying i was busy and that i'd let him know when i'm free and then he said okay let me know. i said will do and he stopped contacting again. he also stopped watching my snap stories which was unusual behaviour from him. 3-4 months later i created an instagram. somehow he was one on the first 30 people to follow me (i guess i came up in is suggested contacts or something). he likes almost all my pictures and watches my instagram stories. i know he's seeing women and doing this with them too since it's clearly evident. wtf is up with this dude? i posted a picture to my instagram story of a baked item i made and he replied to my story with the fire emoticon. i said ""wow long time! thank u"" and he replied ""i know. been busy:("". i said same and he never replied. then a couple days later i posted a lot of pictures and videos on my story from a drunk girls night out. the last picture was my best friend and i asking ""if anyone wants to go on a road trip with us let us know... we cute and we don't bite... too much ;) serious inquires only!"". he replied and said let's do it! we talked for a little bit and he suggested a place to go... but the conversation quickly fizzled. lastly, he asked a while back when he can see me again and called me babe. i said not right now cuz i'm in a sticky situation but soon (i'm down for a fuck tbh).... he said no worries and he hopes everything is ok... then said let me know when you want to go on an adventure with me. i said ""what kind of adventure?"" and he said ""outdoors! beach, cottage, camping etc."" he is talking a lot more dry then he usually does and takes at least 10 hours to respond to a text.... but this is an interesting fuck bud....he said his friend has a cottage if i'm down to go! anyways that convo fizzled out too. he posted a cute picture of his dog to his story to which i replied ""omg he's adorable "". he said ""feel free to come visit he doesn't bite"" and i said ""will do when i have time! we have to go on that adventure later in july btw"".... he never replied to that. a day later he asked me if i wanted to go to the beach that weekend with him. i said i was working till late but i'm going to my friends cottage later that weekend and will see if he can come too if it's a huge party. he was down... but my friend declined extra people so i told him he wasn't allowed and i was sorry. also to tease a bit but i was full on serious as well i was like ""aaahhh damn! i was hoping this could work out cuz one of my friends and i are both bi and we all would have had a lit time! another time for sure!"" he said ""no worries! have fun. we will have fun in the sun when you come back. you can bring your friend too if you want"". to which i said ""she's more gay than straight but i'll see if she's down ;) lmao sorry for assuming things! i'm assuming you contacted me again for something casual?? if not that's totally fine too just trying to figure out where your mind is at!"" now this is what i don't understand... his reply to that... help me figure it out please. *""it's cool not sure what i'm looking for. kinda want to see what happens. have a great weekend cutie""* **whatever that is suppose to mean** anyways later on he'd casually respond to some of my snapchat stories with saying ""sexy"" """" """" and even asked ""whose house is that"" when i was at a friends 7.8 million dollar lake house. about a week later.... i asked ""so are we ever going on that adventure or...?"" to which he responded ""sorry been busy. i'm going to _______ the last weekend of august if you're interested"" i said ""sure i'm down if work permits it! i don't want to intrude on your plans :$ i'll probably bring a friend or two, how many of you are going? but i really want to do something next weekend work is consuming my life"" he said ""lol that's fine. not sure my friend is planning it. if your free let's hit a trail or grab a drink. i'm free. join the club all i do is work"" then... i was like ""i'm down! free sometime next week for drinks? what does your work schedule look like?"" he didn't open the message for two days (it's on instagram).... but hes been active and then he opened it but never replied. a week after he ghosted he wasn't watching my stories either. then the weekend we were suppose to chill he started watching everything religiously again from that point on. about a month later he replied to my story asking me where i worked, saying ""damn "" to attractive selfies but not progressing more for a couple months. he also realized i was having a party and asked when it was. i told him the date but he did nothing else to further inquire. i posted many stories suggesting i'm seeing others and he has watched all of those. now a month after my party and him religiously watching all my stories he saw a video of me rock climbing. he challenged me to rock climb with him at my schools gym?! he said ""when you're ready i'll take you on ;)"" and i said ""maybe sometime soon! don't think you'll be ready though"" he said ""woah challenge accepted"" a couple weeks later i posted a pretty modest nude to my instagram story and he said ""damn! i wanna see more of you in the new year"" i said ""lmaaoo! we've been flaking on each other for over a year i think  haha!!! but yeah let's set dates i'm game  happy new years eve! x!"" then he responded **""i know just waiting for the right time i guess  happy new year cutie. keep up the in 2019"". later he posted a video of him and this girl at a new year's eve party to his story. this girl isn't his gf but someone he is seeing and has been on his story before briefly. **why is he still interested?!** what does he think i think of him?! lol is he even interested?! **tl;dr:** sorry for the wall of text but it's hard to summarize that^ so if you have time and are bored please read! what the does this guy mean? has this happened to you? and men that do similar things, why do you behave this way? no judgement just curious!",😔💔😩,0
"searching ""hot cheetos"" on a school computer i had 1b science today and i was just not having it. i'm actually one of the few good kids in that class but now i don't know anymore. we were playing a round of quizziz.com or however you spell it and she was very strict on names. ""no nicknames, no emozies, just name"". all i did was type ""kristina says hi"" and that was it; here she comes getting mad at me because i didn't follow her commands. there were people with names like kyle, izzy ;), and mia poppin potatoe, but she gets mad at me? i would have got second place but since she interrupted me, i got 5th. after we finished that round she was going over some of the questions we got wrong. it was a question i understood so i wasn't paying much attention to it. so i got bored and decided to look at bags of hot cheetos. while searching through the images, i found something on ebay for a cheeto that cost $300. i had to show somebody this so i showed one of my friends sitting next to me. i guess she noticed how we were a lot more interested in the screen because she came over to see what it was. i quickly logged off before she got there. she told me to log back on and i did. little did i know, it saved my search history. ""hot cheetos"" was the first thing up. had i had not been a good noodle most of the year, she could have given me a referral right then and there. i'm on thin ice right now because that whole period, it was lies on to of lies. plus my school will give you a referral for any little thing. tl;dr: i got bored on the school computer and searched hot cheetos which almost got me a referral.",😊😌✨,0
bruh its only 5:30pm  i want it to be 2am already so i can sleep ,😔😴⏳,0
"my (25f) boyfriend (30m) is having an emotional affair and keeps lying about it. **tldr; my boyfriend lied about an emotional affair, told me he was breaking it off with her, and then actually just took her out on a date and can't understand why i'm upset.** **i would give backstory but to be honest this is already too long so i'll just jump right in*****.*** my boyfriend gave me his phone about 2 weeks ago to put some music on, and while i did a message popped up from a girl i didn't recognise (let's call her sarah) with something like ""i'm 5""6, what about you "". i didn't say anything, and i didn't bring it up or really think about it that much. over the next week i happened to notice (not by actively checking, but if you live with another person you'll know that you just notice if the same name is always popping up on their phone) that she was messaging him an awful lot. i didn't say anything because hey, maybe they're just friends, i'd hate to be that jealous controlling girlfriend that doesn't let their partner talk to anyone of the opposite sex. he finished work at 3pm and we had plans to hang out together, but instead he texted me saying he was going for a drink and would be back at 4:30. i replied saying that was cool, out of interest who was he going out with? he just replied saying he was ""catching up with an old friend"". i asked if it was anyone i might know, and at about 4:15 he said it was a girl called sarah, and i immediately knew it was the same sarah that had been popping up on his phone all week. at this point my gut feeling told me he was up to no good, but i didn't want to sound paranoid so told myself i was being crazy and texted him to say i hope he had fun. at 5pm he replied that he might be a bit longer as they're still out, but he'll definitely be back for 5:30. at 7:30pm i hadn't heard anything and didn't know whether to make plans for dinner etc so i called him and asked if everything was okay - i could tell on the phone he was quite drunk and didn't seem to want to talk to me, he said he'd be back for 8. when he did get back i asked him how his night was and if he had fun catching up with this ""old friend"". he got quiet for a moment before saying that he'd lied. she wasn't an old friend (shocker), he said he'd met sarah online a week before, when i was across the country for a few days looking after my mum who was sick. he said he thought she was attractive and cool and they'd gone on a sort-of date. they met up at 3, got drunk and kissed etc. and then he told her at about 7 that actually he had a girlfriend and she (understandably) got really annoyed. he said he was sorry and that they agreed to just be friends. i was quite hurt, i was hurt he'd lied to me, i was hurt he'd gone on a date with another girl and not told her he had a girlfriend, i was hurt that while i was away caring for my sick mother he was taking the opportunity to find other girls. but i told him it was okay and that while i was upset he'd lied, it was fine. i made us dinner and we didn't speak about it all night. about a week later i was leaving for work and he told me that he was going out with sarah again tonight while i was working. i said okay, are you going out as friends or are you going out as something more? he got quite defensive and said ""obviously"" it was just as friends and that i sounded crazy. i didn't want to stir anything up so i just said i hoped he had fun, but that i didn't really want him to get off with her again. he again said i was being paranoid and i didn't want to start an argument so i ended up just leaving for work. when i got home he said he'd gone out in town with her and they'd had a great night - just as friends. i won't lie, i was still a little bit jealous of sarah but thought you know what, if they've decided they're just friends then that's okay because i'd hate to dictate who he can and can't be friends with. this was about a week ago, they've definitely still been messaging a lot and i've noticed that recently he's been making ever-so-subtle efforts to keep his messages more hidden - for example, if he leaves his phone in the room with me, he often puts it onto airplane mode. and now we're at yesterday, wednesday. he called me up and said he had a ""surprise"" for me - he'd rented a car for the weekend and was taking me away somewhere friday-monday. i was happy, obviously, it was really sweet and i was really grateful. i thought that maybe he felt bad about the whole situation and was trying to make it up to me - not that he has to take me away to make it up to me, but you know what i mean. i met him from work and told him i was really excited - he said we're leaving friday evening. then he said he's picking the car up today - i asked why he was paying for 2 extra days when we don't need it until friday? he said he wants to take sarah out for a drive tonight. i asked if i could come, i said they're obviously good friends and i'd really like to meet her (this was a bit mean of me i know, as i knew something was going on that he wasn't admitting and i know it sounds bad to force him into a corner like that but hey he's cheating on me). he said he didn't want me to meet her, he just wanted to ""chill with her"" on his own. i said if there's a friend that you're so against your girlfriend meeting then that's weird, and it implies something is going on. i suggested we invite a couple of other people and make it a group thing if he thinks it'd be weird just me tagging along - he kept insisting that he just wanted to spend time with her on his own. i got a little bit upset and it developed into a mini-argument where he admitted that he wanted to take her out to ""break it off"" with her. i asked what he was breaking off - he said he'd lied to me about their relationship and that actually he thought she was developing feelings for him and wanted him to break up with me, so he was going to tell her they shouldn't see each other anymore. i asked if he was developing feelings for her, he got quiet and just replied that he thinks she's ""really cool"", but she wants him to break up with me which he doesn't want to do and he doesn't want to hurt me or her so he's going to end it. he said they've been messaging and flirting all week and he thinks it's going too far. i said that i appreciate his honesty, that i wish he'd been honest from the start but that i appreciate he's doing the right thing. so he went to pick her up in the car - this is about 7pm, and he got back at around 11. i asked him how it went, did she get angry, did she understand, are you not going to see her anymore? i'm sure, as someone less blind and stupid than me, you can guess what happened. he didn't do any of that. he instead drove her up to the beach and took her for dinner, they had a wonderfully romantic evening and they made out at the end of the night. he doesn't see anything wrong with continuing to see her. i asked him what the fuck happened and why he didn't say or do any of the things he said he was going to - he just said that he thinks she's really cool and loves spending time with her. i said but she wants you to break up with me and to be honest i'm really not cool with this - he just said he isn't going to leave me for her so he doesn't know what the problem is. i'm really upset, i don't know what to do. i've been through so much with this guy already, i know it's only been 9 months but i suffered a miscarriage about a month ago and he couldn't have been nicer. he's the only person i've felt confident enough to confide in about my abusive past relationship, and no one has ever treated me so well. i asked him last night if he was going to break up with me to be with her - he said no, and i asked why not. he said that he gets bored with people very quickly - he says i'm the only person he doesn't get bored of, and he thinks he'll get bored of sarah once they've had sex or whatever. the thing is, i don't want to sit around and wait for him to sleep with her and then get bored of her and come back to me. there'll be someone else after her, and someone after her, and i think he's always going to do this. and what if he doesn't get bored of her? he's cheated on me before, but it was just sex and there wasn't any feelings involved which is why this one hurts so much more. he cheated on his ex girlfriend that he really cared about - he had a 6-month long affair behind her back and when she found out and broke up with him he got with the girl he'd been having an affair with. his ex girlfriend is beautiful and absolutely lovely - they were very happy together for a long time. i'm not stupid, i know if he can do that to her he can definitely do that to me. before i met him i was very chill; i never got jealous, i never felt insecure in relationships, and now i feel like i'm constantly on edge wondering if he's doing stuff behind my back. i don't know what to do. i know that people on here will tell me to break up with him, and i wish it was that simple but it's not. well maybe it is but the thing is i still **want** to be with him. i like him a lot, i love spending time with him and i love how he makes me feel but i hate it when he makes me feel like this. i don't want to break up with him, but i really don't want to be the idiot girlfriend that sits at home waiting for him to come home from his other woman. he *admitted* that if the roles were reversed and i'd done this to him, he'd be ""heartbroken"" so i don't understand why he thinks it's fine to do to me. i'm trying to talk about this with him but he keeps saying i'm just ""having a go"" and ""stressing him out"". i don't understand why he refuses to talk about this or admit that he's really upset me. i don't know what to do. sorry this is so long.",😔💔😢😞😖,0
was playing truth or dare last night and i got dared to go home ,😔💔😢,0
"anyone know something about u/pugpartner? please guys... i started to talk with him in july, after i've seen a selfie post, that he posted here. we were talking to like the first week of december. we could share anything to each other. and then... we just didn't talk anymore. i really fear, something bad happened with him. like got killed, raped etc. i'm still worrying about him as hell. please! only 1! please say is he ok or not. ",😔😢🥺🙏💔,0
"ok i originally wrote this for 4chan on my data but they ip blocked my school ok bros help me out i'm in the bathroom at school writing this out on the last legs of my data. >be me >15m, 5'9"" decent build but ugly asf >like this girl, 15f maybe 5'6/7"", not great looking but idc about looks >been getting really close just talking these past few months >really want to ask her out but she's always with her alpha female friends who would heckle the shit out of me >my last chance is today, finals start tomorrow and i won't have time >all the classes i have with her she sits with said friends >in between classes is my only chance, maybe between p4 and lunch lunch starts in 20 minutes robots, wish me luck side notes; southern california so its really hot and i may be delusional liberal school but that's ok i am too her friends (not her) tried to get my friends expelled in the past bc my friends are retarded do i do it s?",😔😰⚠️💔😢,0
"can't carry on anymorei've literally just made this account, because i really don't know what else to do with myself and i need a distraction. today was so horrible i feel like my outbursts of anger are getting worse and worse and today was probably the closest i've come to either running away or killing myself. everything is going wrong this year already, lost my job, broke af and my depression i've had since i was 14 has returned 100 times worse than ever. i've always contemplated suicide more times than i can count but today i think i actually scared myself in realising that it's something i'm eventually gonna do. i snapped at my mom again today this time it ended with her saying don't come here ever again, and at the time i don't give a fuck and will happily agree to never see her again, but it's when i return home and start crying to myself that i need my mom so much and that the whole argument was caused by me, i just don't know what to do anymore, leaving work has only made me realise how depressed i actually am, it's rare i come out of bed until it's past afternoon, the loneliness is creeping in again and i know i have literally no one to turn to now because i've pushed everyone away, and i'm terrified of what i might do  sorry i've never posted on here before so i don't know what to do",💀🕳️😭⚠️😰,1
yo does anyone here have snapchat? i just made an account :) account - imtaliyah :) idk who to add on it so ‍,😊😌✨,0
"feeling depressed. what. the. fuck. am i doing with myself. apparently being ineffective. i want a lot out of life, i know. it's a fault. something i need to work on. but im beginning to feel willing to give some of these things up, in the meantime, i will continue doing what im doing, traveling and being a forever alone. god do i wish i had a great woman in my life, but i understand. they like careers and confidence, which i am far from at the moment. those are probably the three things i wish for: career, woman, and something i love doing. all the other things are bullshit. maybe friends too. that's also extremely important. i wish i was good at something, like music! but piano and drums are so fucking confusing tbh im stuck spending the majority of my days not making any progress in my life. how depressing. im just wasting my life . lol anyway thanks for listening to me bitch. im just gonna go back to procrastinating on my phone like all of the other talentless privileged people like myself. damn, wtf am i doing with myself. i need friends and to not be a midget.",😔💔😞😩🕳️,1
i'm bored judge me based off of my posts  um basically what the title says. yup that's it...........,😔😐😒,0
"songs you had on your old ipod? i'll start; fire burning - sean kingston baby - justin bieber promiscuous- nelly furtado boom boom pow - black eyed peas umbrella - rihanna bartender - t pain low - flo rida kiss me thru the phone - soulja boy i wanna love you- akon also, why was bieber so hated back in like 2009? everybody besides prepubescent girls was ragging on the poor guy when he was 13 and i joined in for no reason ",😊😌🌟,0
i'm ready to die i'm finally okay with the potential consequences that may come with it ,💀⚠️🕳️😰😭,1
y'all need a hug? here's a free one ,😊🤝💚,0
"this is bob, he's going to prom and has a date for the first time. he's got a better social life than most of you. show the bob!    .      ",😊💪✨🌟,0
"honestly, i'll be up front and say i don't have the balls to kill myself (plus i've made a promise not to) but it gets harder and harder to keep the promise. walking my dogs, my thoughts go to ""tie them up to a tree, run in front of a car"", or lock my bedroom door and leave a note for my parents to call the coroner and not enter the room, or my personal go to of visualization of me running face first into a plate glass window and hoping for the worst. lately though, the thoughts have become more like how far is it from the attic window to the ground/driveway/yard and how my climbing rope is all static so that'd break my neck with ease, right? my anxiety is through the roof, my depression is thicker than a san francisco fog. i've been looking for jobs and valuing myself accordingly but can't land anything beyond less than 10/hr. i look at my ex who, in the last couple months, has become happier, more effervescent and i'm really fucking happy for her, but i wasted 2 years of her life and made her miserable. i make everyone around me miserable or push them away. life genuinely feels like it's not worth trying anymore because whatever i do, others become happier because of me but i just get sadder and more depressed. currently i'm curled up in my closet, wiping away tears that aren't fully formed and hoping that i can mellow out. i genuinely don't wanna keep doing this routine anymore of try try try and just get ignored. i openly talk about my suicidal thoughts to keep myself in check. if others know where my head is at, then it's harder to get away wth. being alone is nice, but my thoughts take over and push me to the brink. i've been at this brink for so long that the idea of dieing isn't scary to me anymore. it looks less like something to fear and more like a weight that could be lifted from my shoulders. i give no shits how others feel if i were to do it. frankly, if you gave a fuck then why haven't people tried to be there for me? huh fuck, i hate myself.",💀🕳️⚠️😭😰,1
welcome to my kewl webpage! the old web experience. i was bored and dumb so i made this. #welcome travler! hello! you have just clicked the k e w l page. you are blessed with 1000 k e w l points! spread the word to get 500 more k e w lpoints + a limited edition cool point! [ clickety clicc ]  #kate's anime butt page! '[d4568][d12345678][d12345678][d12345678][d1237][d123478][d2345678][d23457][d123467][d13678][d1345678][d1235678][d457][d23568][d7]*[d3478][d357][d1268][d12345678][d12345678]'''''' '[d4568][d12345678][d12345678][d12345678][d1235678][d14568][d2357]+[d24578][d124578][d1234678][d134678][d124578][d28][d14578]8@[d1237][d2345678][d12345678][d12345678][d237]''''' '^[d12345678][d12345678][d12345678][d12345678][d568][d2345678][d12345678][d12345678][d12345678][d12345678][d12345678][d12345678][d34567][d12345678][d12345678][d1235678][d237][d12345678][d12345678][d12345678][d123678]''''' ''[d12345678][d12345678][d12345678][d12345678]^[d1234567][d12458][d12345678][d12345678][d12345678][d12345678][d12345678][d123678][d124568][d12345678][d12345678]b_[d12345678][d12345678][d12345678]''''' ''[d12345678][d12345678][d12345678][d12345678][d8]#[d124578][d124578][d134678][d13468][d1234578][d124578][d124578][d124578]==[d238][d67][d1234568][d12345678][d12345678]''''' ''_[d12345678][d12345678][d1268][d23568][d1234578][d12345678][d23578][d12345678][d1235678][d1245678][d234678][d1234567][d1345678][d12345678][d1245678][d23578][d235678][d3678][d134678][d147]''''' '''[d14568]<[d124578][d12678][d134678][d134678][d134678][d178][d12457]][d134568][d12345678][d12345678][d12345678][d12345678][d124568][d12345678][d12345678][d12345678][d1345678][d12367][d37]''' ''''[d345678][d12345678][d12345678][d12345678][d12345678][d12345678][d12345678][d12345678][d12345678][d235678][d3478][d12457][d1234568][d1345678][d458][d12345678][d1235678][d12345678][d124567]p[d124578][d78]'' '''[d345678][d12345678][d12345678][d12345678][d12345678][d12345678][d12345678][d12345678][d12345678][d12345678][d12345678][d12345678][d12345678][d23678]d[d137][d12345678]j[d1678][d35678][d12345678][d12345678][d12345678][d237]' ''[d5678][d12345678][d12345678][d12345678][d12345678][d12345678][d12345678][d12345678][d12345678][d12345678][d12345678][d12345678][d12345678][d12345678][d12345678][d1235678]'[d15678][d2345678][d12345678][d12345678][d12345678][d12345678][d12345678][d12345678]' '[d8][d12345678][d12345678][d12345678][d12345678][d12345678][d12345678][d12345678][d12345678][d12345678][d12345678][d12345678][d12345678][d12345678][d12345678][d12345678][d12345678][d4568][d12345678][d12345678][d12345678][d12345678][d12345678][d12345678][d12345678][d12345678]' '[d45678][d12345678][d12345678][d12345678][d12345678][d12345678][d12345678][d12345678][d12345678][d12345678][d12345678][d12345678][d12345678][d12345678][d12345678][d1234567]<[d12345678][d12345678][d12345678][d12345678][d12345678][d12345678][d12345678][d12345678][d12345678]' '[d12345678][d12345678][d12345678][d12345678][d12345678][d12345678][d12345678][d12345678][d12345678][d12345678][d12345678][d12345678][d12345678]=ge[d12345678][d234678][d134578][d124578]==[d12345678][d12345678][d12345678][d12345678]' [d68][d12345678][d12345678][d12345678][d12345678][d12345678][d12345678][d12345678][d12345678][d12345678][d12345678][d12345678][d235678]''''[d12345678][d12345678][d12345678][d12345678][d12345678][d12345678][d12345678][d12345678][d12345678][d123457]' [d4568][d12345678][d12345678][d12345678][d12345678][d12345678][d12345678][d12345678][d12345678][d12345678][d12345678][d12345678]l''''[d14568][d12345678][d12345678][d12345678][d12345678][d12345678][d12345678][d12345678][d12345678]a' [d45678][d12345678][d12345678][d12345678][d12345678][d12345678][d12345678][d12345678][d12345678][d12345678][d12345678]p'''''_[d12345678][d12345678][d12345678][d12345678][d12345678][d1234567][d123458][d12678][d78][d7] are you enjoying anime butts? [click here](<url>) to get more anime butts!,😊😌✨,0
"i missed hitting 420 karma i accidentally missed hitting 420 karma. i was driving home from a friends house and by the time i looked i was at 428 karma! this just ruined my evening, missing the big 420!",😔😒🙄,0
when dat post nut clarity hit ,😔💭❓,0
horny bad i never horny but nnn make me horny send me to horny jail ,😊😌💪✨🌟,0
"i did it, i actually did it i got the courage to tell my friend i liked her and she answered ""we're already married silly:)""i thought i was gonna get rejected hardcore, because i am not the best good looking guy, that is for sure. she's so amazing and doesn't care that i'm 5'6 lol. she's 4'9 so it makes sense but i just thought she wouldn't like my height. there is a chance boys ",😊😌💪✨🌟,0
im [16m] read or don't and just message me. i mostly watch netflix play games or scroll though tiktok and instagram. all i play is gta and warzone i watch a lot of things i'm not typing in here. that's it so decided message me or don't ......,😔💔😞,0
"thank you. thank you everyone for making it to 2019 with me. it was incredibly hard but i cannot thank you all enough. i thought about killing myself nearly everyday but i did it, so did you. we did it. ",💀😭⚠️🕳️😔,1
"a search that match exactly the way i'm feeling it's evident everything i does turns out to be a bust, and honestly i can't take it anymore i don't have anymore strength .. *drops  *",💀😰🕳️😭⚠️,1
"i'm the kid who ate paper for money during primary school no regrets, money is money",😔💔😢,0
so the girl i have a crush on really loves minecraft bruh. we both just talked about what we could do on a minecraft server together for like an hour. then she decided that i should like go to her house and play minecraft pocket edition with her and massacre villagers. i'm pretty hard .,😊😌💪✨🌟,0
this mofo really said he likes me because i have trauma and possibly several developing mental illnesses so i can be his bat crazy goth gf.... guys someone likes me  i'm not even goth but.... the day has finally come and i'm not even mad that it was a half insult,😔💔😢,0
im in finland  now give me gold or just dm me i wanna talk to someone,😔💬,0
my friends say they miss me or worry about me and then ignore me for over 2 months i hate them they're not even busy just hanging out with their other friendsam i not cool or somethingam i not worthy of attention,😔💔😞🕳️⚠️,0
anyone get butterflies when they see a specific user pop on their dash ,😊😌✨,0
"m(20) do i give her the time of day? basically there's a girl(20) i really liked, i know her through a friend at university(college for americans). i messaged her on instagram to basically shoot my shot, but she didn't entertain me in the slightest. i don't upload a lot on instagram so there's not loads of pictures of me, but i've been hitting the gym a lot harder and taking care of myself so i look and feel better. so fast forward like 2 months and i finally meet this girl in person for the first time at a party, she tells all her friends she thinks i'm cute, funny, good looking and in shape, she's been nonstop messaging me since we met the other night, and she says she really likes me, do i give her the time of day or not? i think she only likes me because of how i look, since she didn't seem interested when she didn't really know how i looked ‍ tldr: this girl likes me because i'm in shape now and i don't know if that's the type of girl i want to be with",😊😌💪,0
"i think i'm almost gone. i fucked up real bad, i cut regularly, but i think i cut too deep this time, i'm bleeding everywhere. it was always just a coping method for when i'm having panic attacks, i didn't want to go out this way but when i flex my forearm i'm gushing. tbh i was always gonna go out via suicide anyways, but i figured it'd be intentional. maybe goodbye ",💀🩸🔪⚠️,1
not to flex but... this is my first post on unlimited data ,😊😌💪,0
"priorities suck. i'm hella pregnant and we have some more things we should be getting, don't need immediately but will eventually. but, i want red dead 2 . the baby has me on almost bedrest anyway so i wanna have a new game to enjoy when my feet are swollen and i'm cramping from overdoing it at work. ughhhh. i'm also thinking about moving the xbox into the nursery so i can play something chill while i feed him at odd hours and can't get back to sleep. decisions decisions.",😊😌💪✨🌟,0
"doubting myself on our anniversary i (24f) feel like my boyfriend (25m) can often be very critical of me. there are several recent examples that come to mind but they tend to follow a pattern of: i spend time making something, his first reaction is a critical statement about what i've made. i've confronted him about it several times, sometimes it goes no where or sometimes he apologises that it hurt me and promises he appreciates the things i do. i generally feel loved by him but i am starting to notice a trend of negativity from him towards me. what's brought me here today is something that happened that's left me confused and doubting myself. i need outsider opinion. i had spend hours making an anniversary card (our first) as it seemed to be something that meant a lot to him and he was sad we wouldn't be together for it. on receiving the card today his first message to me is along the lines of telling me i had the address wrong (obviously i didn't or it wouldn't have arrived :/). then he said 'i got your card '. i responded and didn't hear back for several hours. during this time i did some reflection. i realised he seemed to often be immediately critical of me in these situations. i decided to talk to him about it and ask him why. the worst part for me was that this exact situation happened a few weeks ago (ie. i mailed him something i made and his first response was a criticism followed by several hours of silence.) after that i spoke to him, explained it hurt me and he apologised. now i feel that it happened in exactly the same way and i feel he is disregarding my emotions. when we spoke today about the incident he explained he was only joking. i told him i didn't see the funny side of it and he told me i just didn't get him and his sense of humour then. i brought up the past recent incidents of criticism and asked him why he felt the need to be so critical. he got upset and said i was only focusing on negative things when he also says lots of positive. that he is always only joking with what he says and i take it the wrong way. i feel like it's genuine criticism and honestly i'm not sure how to feel about the situation right now? doesn't feel like i'm overreacting but that's how he's treating it. i don't know where to go from here as i tried to communicate my feelings with him and got no where but feeling very frustrated. i'd really appreciate some advice. am i over reacting? tl;dr boyfriend of one year seems to always immediately criticise, he says it's just jokes. am i over reacting?",😔💔😢,0
hey guys please congratulate me on not wanting to kill myself idk i just feel like we need to balance out the sad with some happy also love you ,💀😭⚠️💔😔,0
what the fuck did they do to the reddit notification box? why?? just why? it looks so dumb now‍,😊😌✨,0
yo so my crush texted me later virgins ,😊😌💪,0
when youre trying to cut but youre really hungry all the time so you tell yourself youre just gonna bulk for another month and then you never end up cutting ,💀🔪🕳️😭⚠️,0
"i told my mom "" i love you "" so basically i told my mom i love you and she loves me back go tell your mom how much you love her ",😊😌💪,0
"very original, never before seen, outstanding joke hey girl are you death because i can't stop thinking about youhahahaha",💀😰🕳️😭⚠️,0
cloud just pm'd me telling me they want to use my clip in a gamers are awesome video the clip is on my profile but i'm soooooo happy that's crazy how i'm finna be in a video that could get 200k views ,😊✨🌟💪,0
why am i reaching out to strangers on the internet and hope they would give a shit if i diei find it weird and sad ,💀😭🕳️😔⚠️,1
goddammit left on read again i swear to god. if he keeps doing this im going to take him to brazil ,😠😤😤😤😤,0
"oops. help maybe. so a few years ago i wrote hate comments on tiktok cause yea i was insecure and all that. when i checked it today, i saw that someone had commented ""bye for you "" on one, which i didn't really expect. i deleted it of course, because i don't agree with what i said back then (2017). i really hope i don't know that person, am i gonna get cancelled or something? i wrote so many things, bad things, which i really regret. what do i do?",😔😟💔,0
"ways to die. twi can't think of any way to die without having possible traumatic repercussions if i survive. medication: vomitting, hospitalisation, potential brain damage, liver damage hanging: brain damage, spinal injury, partner finding me car accident: risking someone else's life, debilitating or lifelong injuries if i change my mind in the future. drowning: i'm not sure i could actually do that? doesn't the brain use my flight or fight response to save me? no guns around. bleeding out: horrible way to leave my partner in our bought house with memories and stains like that. life is always overwhelming me, but also does death. ways to kill myself seems to come with many reasons not to do it. i guess any excuse counts right? ",💀🕳️😰⚠️😭,1
"my niece just presented us with a list of ""5 reasons why i should have a baby sister."" we were just sitting in the living room talking, and she walks in and gives this list to us  she is technically my grandniece, so she gives the paper to my niece (her mother) and this is what it says: why i should have a baby sister 1. babies are very cute 2. i'm gonna be a good big sister 3. she will be very nice 4. we can name her isabel 5. we can love her very very much i thought it was so cute. i just had to share",😊🌈🌟,0
"pretty disappointed in myself.. ran a mile in 6 mi so back in high school i ran a mile in 4:48 minutes and it's been about a year since i last ran so i'm at the gym atm and i tried running on the treadmill, put the settings to distance/ time elapsed and i ran a mile in 6 minutes which is pretty disappointing  you might be asking yourself ""why don't you post this on r/running or r/fitness"" and for 2 reasons. i already posted my high school run time in r/running and people got so butthurt that my time was 4:48 because i didn't ""train"" to get there soo.. and because i want to have a conversation with y'all amazing people  edit: title meant to say ""6min"" not 6mi, sorry!!",😔😞💪,0
 false prophets [deleted],😔💔😢,0
i made a friend guys  ive never been this close to someone i just wanna hug them all the time ,😊🤝💚✨,0
"saying happy birthday (names have been changed) so today was a fellow class mates birthday and theres a group in our class who always tease her and call her property (they have been does this since the beginning of the year) i joined in once or twice but today she seemed really happy because of her birthday so i decided ill stop shes been through enough. 6th period rolls around (the class we all have together) and it begins they are constantly messing with her and by her face you can see she is not having any of it so after class i text her saying "" sorry about today those guys are dicks happy birthday"" and to my luck she didnt bother to put me down on her phone when we exchanged numbers for a group project so she proclaims who texted me and while we were all still in class packing she seemed kind of happy but then i tell her it was me. she seemed so upset saying why couldnt it have been ""chris"" to send the apologie (chris is the so called leader of the group who pick on her) so apparently after everyone realised she liked chris the guy who has been saying all these horrible things to her for the past yr and to my suprise she came up to me and told me ""why would you say this"" i reply i just wanted to apologise for how they always treat you it seemed like you were not fond of it. she then exclaims ""but why would you of all people couldnt it have been chris"" so im just totally confused at this point like, i say sorry for how they are complete dicks and she goes off on me as if im the one who is the douchebag torwards herlike im actually considering to stop caring about others and focus more on my life  tl:dr: girl in class was getting bullied by this one douchebag and his group of friends on her birthday, i apologise to her about how they are being dick and say happy birthday, she gets mad at me because she happens to like the douchbag who is picking on her",😔💔😢,0
"i am 17 years old and i want to become a professional footballer. hello, i am 17 years old and i really want to become a professional footballer, i train 2 to 3 times a day, twice football - once in the gym, and i quit college because i want to follow my dreams my purpose and reasons are: i want to influence people to do good and show them that hard work always pays off. i want to help the poor and the people in need, i want to help everyone in the world. i want to help my family and friends. i have just moved to one of the best amateurclubs in my country and i hope i can develop myself from there. if any of you knows a coach, a scout or anything that could help me reach my dream, i would appreciate it alot! any positive feedback or private messages are welcome too :) or if you could send my name to anyone that could mean something to me, spread my name or something. my instagram is @miladysf10 if you want to see my skills. i have video's and photo's there. i wish you all the best in life and hope that you guys achieve every goal in life.  [instagram link] (<url>)",😊💪✨🌟🙏,0
"wearing a woman's thong to the gym and needing the paramedics. this was about 4 months ago. i've been dating a girl who has some interesting interests, lol, and one of them is seeing me in her underwear, thongs, and the like. normally this is in the bedroom, but occasionally she'll ask me to wear them to work or the gym or something and take photos. wellllll, one of those particular days i'm at the gym wearing one of her requested undergarments. i suffer from some really bad knees, and occasionally i have some serious issues. i'm on the treadmill, and with no real warning, my left knee gives out and i fall, not only hurting myself but also fucking up the machine a bit on my way down. everyone in the gym's attention is on me, and i'm grasping at my knee in pain when i remember what is under my shorts. the medics came and they have me elevate my leg and are wrapping it, moving my legs all over the place. i don't wear the biggest of gym shorts, so with my legs spread as the paramedics did their thing, the entire gym gets multiple shots of my black lace thong, and god knows what else. one of the medics as he was lifting my legs definitely noticed but quickly turned away. went to urgent care in an uber and took them off and threw them in the trash at the doctors office before he came in. ‍ tldr: wore a woman's thong to the gym, fell, and showed the entire world my weird little fetish",😊😌💪,0
"15 years free of self harm! yo i've never inflicted harm upon myself, cool huh? but in all honesty i wanna say i'm sorry for anyone who feels the need to hurt themselves. you are all so valuable. i'd also like to so congrats to those who have been able to quit self harm and i hope you guys continue to go strong. i honestly don't know what it's like but i wanna just say i care about you all. happy valentine's day everyone ",😊💪🌟🙏💚,0
skipped my meds and thinking about jumping right now. you can say it's withdrawals but it's just that i realize my life won't ever get better from here. im too retarded and small  god. im such a fuck up.,💀🕳️🚨😭⚠️,1
ask me absolutely anything and i'll answer it it's that time of the year when i'm too tired to do anything productive but too caffeinated to sleep ,😔😴☕️😩💔,0
"my bff(13m) is dating my friend b(13m) but when i(13f) try to hug or even get close to bff, b pushes me away. am i being clingy? so, 5 months ago, bff started dating b. i supported their realationship because this was bff'a first real realationship and plus, they are cute together! so, i like to hug, put my chin on his shoulder and other things to bff as if he were a puppy. before bff started dating b, bff would let me do those things but now, b pushes me away. one time, i was hugging bff and b pushes me away from bff. i was upset and shocked at this. i was about to cry about what b just did. i left to go to my next period early. bff asked if i was okay in our last period, art and it went like this. bff: hey, are you okay? you seemed upset at lunch op: yeah, sorry. it's not your fault. i just got upset that b pushed me away. bff: omg i'm sorry about that. he is a bit protective ever since you made that joke! i made a joke that if b ever broke up with bff, i would steal bff. i'm a lesbian so that wouldn't even work out but i guess b took it seriously. now, please understand, b is a good friend. he's funny, kind and kinda stupid but that's most of our friend group anyway. but when bff is involved, he get protective. once, he's pinched me for hugging bff, and twice he flicked me in the head for the same reason! i would pinch or flick him back. i also, want you to understand is that o have a fear of being forgotten/abandoned/betrayed/having fake friends. i'm not trying to guilt trip you guys but i was bullied most of my life for being boyish and it messed me up. i was self conscious, low confidence and thought badly about myself. basically, i most likely have depression. i haven't been diagnosed but for 5 years, i've always had a lump of sadness in me. if i'm upset at myself. i call myself all sorts of terrible names. i dated a girl for a while and my mom realised that i got more confident since i started dating her but we broke up quite a while ago. idc about her anymore but since what b has been doing to me makes me really upset. i do get bored when none of my friends are around, especially bff. b does get in the way sometimes. whenever me and bff are together and b comes, he takes away bff. i'm scared i might lose b as a friend or even worse, i'll lose bff. b is a good friend and all but his actions really hurt me. bff has even talked to b about it before yet he still does it. im glad it's summer so i don't have to chat with him much. am i being clingy or obsessive with bff? i'm just terrified of losing anyoneclose to me. bff is the absolute best friend you can wish for but one day, i feel like b will take and/or convince bff to get away from me. feel free to comment anything that might help. i won't take offense to anything but if you have something rude to say, keep it to yourself. sorry if this a bit long. i gotta get ready for bed now. goodnight! tl;dr: b pushes me away when i show affection to bff and i get upset.",😔💔😢⚠️🕳️,0
"looking for a friend hi i'm ben, i haven't really got a huge amount of friends and i tend to just stay inside playing video games. a suggestion was made to me that i should start talking to people more so if anyone wants to make a new friend these are my social media's: twitter:pixelhunter990 instagram:prismobox990 psn:prismobox990 or contact me on my dms here on reddit! thanks guys! ",😔💔😢,0
im gonna kermit livent hoes mad ,😔💔😢,0
so i'm losing all sense of reality but anyways i have to fucking man up and stay stronh,😔💔😖⚠️🕳️,0
"suicide letter to cheating girlfriend that thought i was cheating on her... she sent me a picture of her cheating. and no i was not cheating on her. we are both 19 years old i have never been this confused or hurt in my life, i really don't understand what happened or why you are doing this to me... everything seemed to be perfect the other day at your moms i'm not really sure if you thought i was cheating or if it was something else i did ... or if you just felt like hurting me. or maybe you just dont wanna be with me. all i wanted was to talk to you and then this is what you do to me. i don't get it i thought you loved me, jenna you did something to me i didn't know was possible for me you actually made me feel love... you make everything better i don't know what i did to deserve this. i want you to know before i'm gone that i forgive you and i love you so much you are the best thing that ever happened to me... i finally thought for once i had a slight chance for happiness but i should of known.. . i don't think you understand the level of pain i'm in i've been crying for hours hoping you'd give me some type of explanation... i get it though i'm to much for you.  i'm sorry i over reacted the other night and blew up on you i was just not ok and really needed to talk to you... i know you can at least relate to that. i know you probably don't care about anything i'm saying now because you probably have it stuck in your head that i was cheating and i'm sure you won't even read this all until i'm gone. i love you i love you so much.. i want you to be ok, get away from here go do something better with your life you know your capable of it ... and please never forget how much i love you okay? and just know i forgive you. it's killing me inside that you're not replying. you knew what i was going through before you sent me that picture and this made it so so much worse. i need you to know that i am not cheating on you nor have i ever cheated on you. anyways we made great memories, and i wish nothing but the best for you. and please remember i forgive you but this is something i just cannot deal with. it was amazing while it lasted, thank you for everything i love you",💀🕳️😭⚠️💔,1
hey everybody what's going on cool guys and gals my brain is thinking a lot and i'm lonely soooo here i am ,😔😢😞,0
over 80% of the facts on the internet are false including this one.  filler filler filler fillerfillelrlfiklerkfklleriflleriflelrkdkwkshhjxjcbzhajwosomzbdbsjsk,😊😌✨,0
"my (21f) relationship with my boyfriend (22m) is starting to feel, to me, like it's stagnating. i don't know if it's just my depression coloring things or if i need to seriously look at changing our relationship status sorry in advance for the long post. i'll try and make this as objective and coherent as i can. my boyfriend and i have been together for 7 months, and we've been friends for even longer. we've been happy for most of that, and when the relationship started i was over the moon. it was all sneaking away for a quick kiss, weekends together, ""i love you"" texts multiple times a day, calling each other every night, etc, etc, so on and so forth. at first we kind of had to keep our relationship on the down-low, because we met at work (but we never worked together-we worked completely different shifts at an ambulance company, so it's not like we were seeing each other 8 hours a day five days a week where we couldn't act like a couple). there were some bumps but there are in every relationship. plus this is my first relationship, and his first serious relationship, so my mantra through all this has been ""we're figuring it out together"", and it has rung true for quite a while. but the honeymoon phase is pretty much over now, and i don't know what i think anymore. i know i love him, but i don't know if our long term goals are going to be compatible. i don't even know if he knows what his long term goals are. our schedules have both changed, i've moved jobs and he's changed shifts, and at most we get less than 24 hours together every week. the calls have died down and the texts and snapchats are a lot less fluffy and gooey, not that i particularly mind that. i'm definitely not great with being open and emotional. i think maybe the spark is gone, but it's very hard to tell. (i know for sure the physical spark isn't gone though ). there are lots of complicated factors here. the first and biggest one is that i have moderate to severe depression, and i've been in a pretty bad slump lately. i'm working with my doctor to adjust meds and get in touch with a therapist but for right now i'm really struggling to feel happy, or much of anything really. i'm lonely a lot but it's not either of our faults. and i knew from the get-go that my mental health might make things difficult. another thing is that we live an hour away from each other by car. that doesn't sound like much, i know, but i think it's hard to be half-long distance, half not. getting our own apartment together is not a feasible goal right now as i'm headed back to college to prep for nursing school and we both agree it's a step too far for now. i live with my aunt and he lives with his parents, so either way, we rarely have time to ourselves outside of locking ourselves in a bedroom together, and it really honestly puts a damper on our sex life. it doesn't affect me much. my sex drive hasn't ever really been crazy and the antidepressants don't help; i can and do get in the mood but i don't really care that much if we don't have sex, and i don't feel the need to give myself pleasure, so to speak, when he's not there. we've gotten a hotel room in the past to get away for a while and have an upcoming hotel stay booked but that doesn't happen often. my boyfriend has honestly been amazing despite all this. he's patient and loving and has never pressured me into doing something i don't want to do. he takes no for an answer if and when i change my mind about anything. he has never made me feel anything but safe and secure with him around. his mother definitely raised him right, and i'm lucky he chose me. we rarely fight and when we do it's often very quickly resolved. i can't stay mad at him for long, i just love him too much. so honestly, i don't know what i want to do here. i don't want to break up with him, but i don't want either of us to feel like we're settling. i don't know how to bring this change up. i know the strongest relationships are the steady, patient ones and not necessarily the young-love, firework type love, if that makes sense. but there's a difference between steady & strong and just falling out of love. i understand that love is a choice and i'm trying to choose it but i don't know if it's working. and i might be the only one who feels this way. for all i know, to him everything is peachy and still amazing. how do i revive my relationship? how do i make the changes that need to be made in order for us to not just exist, but thrive together? how do i even bring this up? i'm just so lost and confused and i know i tend to be pessimistic at times. sometimes i can see us lasting for years and sometimes i don't know if we'll even make it to a year. any advice or guidance helps. thank you guys so much in advance.  tl;dr: i love my boyfriend but there are a lot of obstacles in our relationship i don't know if we'll be able to overcome, but i know i'm not thinking with a clear head right now due to a depression flare up, and i don't know how to communicate that or change it",😔💔😢,0
"my teenage rant about a girl right such an original reason, rant time, here goes... so there's this girl right? for a while, about 2-3 weeks, things were picking up fast, flirting constantly, she talking to quite honestly just me for a while, so on and so forth. then, oooh boy then the good shit starts. 10/09/15 i'm catching a ride with my friend, we're on the highway leaving ft. worth and heading back to my house, i'll admit i was faded(note: i'm not stoner, it was a one time thing blah blah more useless excuses and explinations) so anyways i get this brilliant idea 'hey me, let's ask this girl out, but i know you're nervous so we can just say we wanna hang out, it'll sound so spontaneous and fun won't it?' that's exactly what i fucking did, at this point it's now 2 am on sunday and i send this(not exact message since idk if she browses on here or not): ""ik your asleep but idgaf let's hang out tomorrow, idk where or when but we can figure it out later!"" * boom, strike one ""awe i wish! i'm super busy but we should plan something sometime"" now she was busy, because she had talked to me about that already on friday, but that part that made me realize i done fucked up was that last bit ""we should plan something sometime."" so that was nice, i spent that sunday chilling at a friends house doing stupid shit, and i got drunk...again.. * que strike 2 i decide to post this entire inner debate i had with myself on twitter my 'favorite' part i posted was this: 'what if it's just infatuation' ""and what if it's actual love?"" 'yeah but i'm young, love is nothing right now, only a higher feeling of appreciation than friendship' ""you could think so but it ain't true"" 'i'm scared to ask her' that's only a small bit, i posted like 15 of those things, and this is strike 2, i now look like a sappy nice-guy with a 'woe is me!' attitude about this shit, and i get this monday morning from her: heyy umm if those tweets were about me, i wanna say you're a really great guy but i'm talking to someone else right now...i'm sorry"" you're a really great guy dear god, did this seriously just fucking happen? did i just get fucking nice guyed? * que strike 3 ""oh don't worry, those tweets weren't about you"" thank you newly awoken and hung over brain of mine, you just made this shit ten fucking times worse. now this makes me look even more of a nice-guy and fucking childish by blatantly lying, and she know's i am, but she's a nice girl, she won't call me out. thus one weekend breaks it all down so now i'm thinking tomorrow i'm going to talk to her and basically admit to lying, explain those tweets, and also say that instead of calling someone a great guy, just say you don't like them, it's less condescending hell, even right now i'm speaking in such a huge whiny and 'woe is me' attitude that i'm not even liking myself. but jesus fucking christ why was i such a dumbass this weekend? well now i feel better, thanks guys ",😔💔😩😭,0
"corona,a scary thing um,my sister has coronavirus right now and i was around her yesterday,i might have it don't know how to feel,needed someone to talk to so ,stay safe everyone,thats it",😔😟🥺,0
ight look my nwords don't listen to what others say about your actions. they aren't you. you are you. work hard and play hard. never give up. you give up you a pussy. don't give up my niggas   bruh,💪✨🌟,0
to all the mind readers out there ( )  don't tell anyone,🕳️😰⚠️😭💀,0
how to peg someone (a step by step guide) wyd ,😊😌💪,0
"mr. chodu's review off trip to the iland of cork asia (farnce) the iland was bery nice and beutiful, bery smexy fruits and good looking....um that.. peple with vagaina, i foregot what they are called, i am just gona call them vagaina peple from now, oh wiat you will confuse them for farench peple. lets call the previously called vagaina peple boob peple. ( becas all vagaina peple (france peple have not boobs, only wommans have boobs.. oh yeah they are called womb-mans, right! guys (not sexist/racist/gender racist) it's called womb-man not boob- peple. besides my fat friend also have boobs, they could be confused before. now no confus ! yay! anyways i found in iland - a white-paint-face-man caled miami. final observation - franch peple are obsesed with dick, dick shaped bread, dick shaped tower. review-  , gud, but there peple only tak about france.. ""bla bla we frenach peple bla bla bla franch stronk... bla bla nepoleon bla bla bla v eat dick shaped kiss. singing out, mr. chodu.",😊😌💪✨🌟,0
"second time asking for some boys in my dms  this is probably gonna get deleted. not by the automod, by me",💀🕳️⚠️,0
wtfffff nofrills hires 12+ yr olds?? i could've had a job for the past few years?? anyways applying for nofrills brb  i need a job,😊😌💪,0
hayyy~! 17f inna house boredt inna house. lookim 4 friends dont bee afraid 2 send a message !!!! ,😊😌💪✨,0
"i got a gaming pc!!!!!! so basically i've been wanting one for a while and have been saving up, so last night my parents said we were going to costco to get a brisket. but when we got there they bought me a gaming pc and then took me to best buy to get a monitor, we're setting it up tonight. i love them so much ",😊💪✨🌈,0
i like male perineums ,😊😌🌈,0
would you fap with a boy if he asked  filler filler filler filler filler filler filler filler filler filler filler filler,😊😌💪,0
"i wish i had friends who can sing i wanna start an a cappella band, with some friends, but i don't have friends to do it with. ",😔💔😢,0
me when my mom threatens to slap me because i didn't want to eat and now she yelling about me to my dad ,😔😢😖💔😞,0
"good news, and a huge thank you to this sub hey fellow redditors. so first off, i wanted to say q hige tgank you to this group for giving me support and help, and even just an ear when i needed it. if you look back at my previous posts, i was not in a good place and things did kinda continue going downhill for awhile. i became homesless and moved 2 1/2 hours back home to figure things out. well, i decided i'm going into residential treatment for 90 days, and throughout january put every ounce of my being into getting all my appointments, paperwork, etc in on my own and am getting admitted this saturday to the place i really wanted. the people in this sub, as well as my own friends irl, convinced me that this was best and i just ran with it. so whoever posts to this sub in search of just a person to talk to, you have great people on here who are there for you. i love you guys. in the meantime, be safe, be kind to yourself, and be calm. there is a way through the bullshit. i'm proof of that (again, just look at my previous posts here, it wasnt pretty), and i wish you all well. ",💀🕳️⚠️😭💪,1
"voting will not help you. i am a us american; one who is sick of my country's lies. although i can no longer vote, i can type. so hear ye this! your votes are not going to help you! the foxes are in control of the hen house! their tactic is to throw you occasional bones to make it seem like your will is recognized, but truly the only food they hand out are are lies containing little real meat. they throw you these little bones to keep you appeased; promises of more sustenance to come... but it never actually arrives, does it?. small concessions always. but the important things, such as pulling out of the middle east? not selling weapons to blatant terrorists? not polluting the planet? good luck! the warmongers will continue to poison the world and wage war unnoticed within your own minds. you are to be kept busy with your personal problems while thieves steal all the goods. school, work, relationships, promises of eventual retirement... these are all carefully engineered to keep you oppressed. and oppressed you are. do you ever feel like there is something terribly wrong with the world? there most certainly is, but it's not what the controllers tell you it is; it's much, much worse. it's not the terrorists they claim exist who are your worst enemies; no, it is the accusers themselves. *they* are the ones truly terrorizing the planet. and it is not human overpopulation we need to be concerned about: it is the over-consumption and the utter waste of a system that can't possibly continue! both parties may not be the same, but they *do* grow from the same body. how can you not see it? just take a few moments away from the manufactured chaos you are subjected to, and perhaps you will see what i see. or not. the programming runs deep. go ahead and vote! try your hardest to effect ""change"" by playing under their rules. it won't help at all! meanwhile your tax dollars are being used to commit murder! don't you know that you are analog computers, but that you are also much, much more than that? program yourselves or be programmed by others! <# <3 ",😔💔😞,0
"girl [18] that i'm [18m] talking to is going through a lot recently and we haven't hung out or done anything really in ~2 weeks. unsure what i should do to move us out of this slump? i'd like to start with clarifying a few things: 1. she doesn't want to stop talking or end what we have going on; as she enjoys whenever we talk and hang out, etc. i feel the same 2. life kinda hit her a bit hard. she was fine up until ~2 weeks ago, when she first found out (actually found through herself alone) that her mom is selling her childhood house for unknown reason(s). which i get. she also recently had her grandma, who she lives with along with grandpa, go into the hospital for no real reason, and had to find out through little brother calling her to let her know, so the secrecy and lack of communication and the whole situation isn't a good one, and she's struggling with that. and along with a couple minor things like not knowing her future goals, being an 'adult' and moving out for college soon, soccer being an active, enduring sport that takes up a lot of time and toll on her body, she doesn't have much time to hang with me and friends. 3. she has not many friends, but the ones she has are close. she only really talks to three people other than family: me, a girl friend she has known and grown with for past year, and a guy that she has been friends with for a while (no threat for anyone who would ask). she feels she has this pressure to hang out with these people, and since i'm not as close to them as her, it complicates things and makes her feel bad when she hangs with guy over me or girl over guy and vice versa, so she is stressed over that, and i can get that. now, after that, i understand that she is going through many things all of a sudden, and i respect and understand that, but she doesn't know what she wants. as in she doesn't want to hop into a relationship right away, or have us talking have the end goal lead into a relationship bc of what's going in her life, as she got out of a relationship recently (as did i) and she isn't ready (which i can understand and get behind). (doesn't talk to him at all too, same for i). i know that i can wait and it will probably be only a month, if not less than that before she feels better, but i am just unsure what to do until that time happens. i don't want to force her to hang out or put aside time with me and feel obligated to hang out, i just want her to choose and want to hang out with me. i can't really do anything as the ball is really in her court but, if there is some ideas on what i could do i would appreciate it!! i'm just a little confused right now. tl;dr: girl i like is going through busy, hard point in life and doesn't know what she wants other than she wants to talk still. haven't done anything (hang out, talk much, etc) in a while, and i'm not sure where we should go from here. i want to be there when she is better but me nor her knows when that'll be, don't know what to do. anything is appreciated! ",😔💔😢,0
"just found out about gay se*x, apparently that's a thing  it's like when the bigger peepee consumes the smaller one just like in slither.io  my life will never be the same ",😊😌🌈,0
"is she (f23) just playing really hard to get with me (m27)? there is this pretty girl that i met off tinder years ago once. we both wanted a fuck buddy thing but that never happened. she likes all my instagram posts and sometimes responds to pictures she finds attractive being flirty as i do the same with her. she has wanted to hang out a couple months ago but i was busy and she was busy when i'd message her to hang out. i also have been an ass and ghosted her plans when she asked twice if she wanted to chill a long time ago. why still talk to me? does she really like me? i messaged her one evening asking her to come over ;) and she said: ""tempting... but i only fuck people i know well and vibe with! and i don't know you well i'm sure you'll be able to find someone tonight though  have so much fun "" to which i replied ""i did thank you ;) have fun cutie"" and she responded ""aaayyy! haha perfect!  thanks babe"" the next day she posted an instagram story wishing a guy happy birthday and she called him ciroc papi. i think he's been on her story once before a while ago and i know they're not serious. is this platonic? it might be? **tl;dr**: **does she seem somewhat interested? should i let go of her? would you let go of her? is she just playing hard to get? she was sweet but also didn't care i was sleeping with other women**",😊😌💪,0
"it will break my beloved parents hearts in two forever  they have been the most loving, supportive and understanding parents i could ever ask for. they hug me, feed me, take me to treatment and i absolutely adorn them. but it's not enough. and it's not their fault. i suffer from an incurable physical condition and it has gotten to the point where my suffering has outstripped my will to love. i have set a date. but i know it will break their hearts forever. i never ever intend for that to happen. i don't think i can forgive myself.",💀🕳️😭⚠️📅,1
"movies, books, music, sports, video games, and food! that covers quite a bit right? i am eclectic when it comes to all of these things so any of those subjects you care about i would love to dig into with you. if you want some more pointed questions: mount rushmore of one of those subjects. (top 4) what is something new, even if it is to just you, that you want to spill about? what is something pivotal to you that you have watched or listened to? examples: whiplash is such a motivating film for me. i love the whole thing and gets me jazzed! seeing a great sports moment like the hail mary's that aaron rodgers have thrown is always a good time. hearing a song that put life into perspective. *don't feel tethered to answer these. just ice breakers if you want them* ___ thanks for reading ",😊😌💪✨🌟,0
send feet pics ,😊😌💪,0
"i can't wait to kill myself no more exams, no more resume writing and internships hunting, forever sleep and forever peace. ",💀☠️🕳️😭🚨,1
"to the person i've fallen in love with but don't know if you feel the same as well. this is kind of a weird situation and idk if i should go for it or leave it as it is. so we are both females and 5 years apart, i'm the younger one. we see each other twice a week because of work and we've known each other for about a year and i've come to be very fond of her presence but the things she does confuses me  so let me just explain it. we love to joke around at work with all our coworkers and sometimes we joke around amongst each other but she sometimes says she ""really likes me"" when i say i don't like her but when i say i really like her she says she ""doesn't like me"" so i'm like *in my mind* please tell me how you really feel. so yesterday she was doing something and i scared her from behind and she told me ""don't scare me like that, i'm thinking about something"" and i go on to ask ""about what?"" and she pointed at me but after that she says ""i'm joking"" but i noticed that she blushed a little. also keep in mind where we work is really chill, everyone is very outgoing. so at night all of our coworkers and us usually go to our break room to wait to close the store and i sat next to her and she goes on to tell me to move a little so she can sleep on my lap in front of all our coworkers and i'm like ahh ok then if you want to. (it's a little unprofessionally but). then once we were finally about to close and go home she tells me ""i'm sorry but i like a guy"" in a joking way and i simply responded ""its fine"" but her actions tell me otherwise!! i don't know if she's just treating me as a very good friend or she's just rejecting the emotions she's feeling ...and the thing is she's gonna be moving to new york in the summer and she's not going to come back most likely so i really need help on what to do and what you guys think she's feeling. i'm sorry if this bored you in anyway. ",😊😌💪✨🌟,0
"hop on the game this ""hop on the game"" that no i wanna hop on something else ",💀🕳️⚠️,0
good night everyone have a good night kiss muah ,😊😌✨,0
 [deleted],💀🕳️⚠️,1
ughh it's that time of the day again time to stalk all my reddit friends and their profiles smh  now what exactly have those losers been up to ,😔😒🙄,0
17f someone be my friend who knows i might just fall in love with u ,😔💔🥺,0
"just came back from a traumatic gaming experience i was playing fallout 76 , and i minding my own bizness, until i heard a girl in game chat . she was with a group of friends and they were talking about some stupid political stuff . when they them mentioned how some people need cut their mesgintic crap , that's when i got furious. i plugged in my mike , and told them how girls shouldn't make fallout political, and they shouldn't be playing video games in the first place . to my surprise her friends defended her , what a bunch of simps, saying that i was mesgintic. it got really heated until they muted me . i just don't understand, why the gamers wouldn't support in taking down this pretender making my a political game political. ",😠😡😤🤬🤔,0
why vroooomm vroooooom  oh no he gonna crash  ,💀⚠️🕳️😵🚨,0
calling mcdonalds at 3am (gone wrong) (gone sexual) they didn't answer ,😔💔😢,0
"day 4/11 of inescapable babysitting round 2 and i'm crying. again dig through my post history if you care about babysitting saga 1 or the other time these past few days where i broke down again and cried, but this time wasn't the babysitting. so. yesterday the cord got messed up outside the house and we've been with no phone, cable, and internet since then. i called them today, pretending to be my mom, and the technician's coming tomorrow. naturally, this has made babysitting the netflix-addicted toddler and the multiplayer-addicted first grader harder, but with the help of some old barbie and pokemon dvds, they're settled. for now at least. but no internet means i can't escape and do internet things on my computer, which makes this week+ of ""a preview of my future married life"" (fuck you, too, dad) ever the more harder to escape from for a bit. best friend's in canada for another week, best online friend has become a ghost, future college friends live hours away, so i figured, hey, why not get together with the rest of the gamer squad and have some bubble tea for a little bit. so i asked last night in the chat if they were available, i had the ""heck yea's"" by this morning, and, earlier than usual, i did the daily publix ritual of buying chicken tenders for the damn picky eaters i happen to be related to. about 2pm or so (not checking the chat rn so can't confirm), one of the yes' cancels because dinner time changed. no problem, i can respect that. i assume the other yes is still a yes and head there at the meetup time. i sit outside for 20 minutes looking at memes before i start thinking she ain't showing up and resign myself to most likely having to get some bubble tea on my own and go home, but i decide to wait it out a bit longer because the initial availability question specified 6:30. well 6:30 comes, the other yes says in the chat that oh well, i guess we cancel and do this another day. i take that as a sign that yea she ain't coming and get my tea but not before sending a pic in the chat that i'm there and feel like an idiot. i get in the car, start drinking my tea, and i'm fine, mostly but then friggin nirvana - lithium comes on the radio and as that's one of my crying/i-cant-stand-this-get-me-the-fuck-out-of-here songs, naturally i start crying on my way home. like i get that i maybe should've asked something in the chat if we were still on for bubble tea before showing up but i'm always the damn scheduler. i'm always the one who asks if anyone wants to hangout and i always have to coordinate the damn meetup times because no one can make up their minds on things or give alternatives. like, a ""anyone want to go bowling or something friday at 3?"" will be met with 2 yea's and 1 ""ooh, bowling sounds fun, but that time doesn't work for me"" well what time does???? and then it's a string of probing questions because no one can fill a simple ""no, but"" prompt or give a damn timely response like, she could've canceled when i was on the road there and i wouldn't be as mad, but 30 minutes after the fucking meetup time? ughhhhhh fucking hell, miscommunication gonna try not to be petty like i am with the d&d group i've been ghosting since last session when 1 person ""forgot"" to say something all weekend that they had work and 1 person ""forgot"" it was monday. this left me with 2 people who actually showed up on time, since the third was oblivious af and somehow missed the chat talking about the address for an hour, and so logged in to roll20. he did come down to the address later, though, and the four of us played board games. as for the other two, one player was brand new and had only been to 1 session before, so missing a session like that is a big oof to his credibility. the other player had previously ""forgot"" session dates when not reminded every day beforehand, and then one of those times, it turns out she had work at that time and couldn't come despite knowing about both the session and her work schedule for days beforehand. after this babysitting thing, i'll try to address the d&d bs because it ain't fucking fair for the rest of us, but hopefully the bubble tea rescheduling thing goes smoother time to sulk in my room anyways and try to avoid drunk people ",😔💔😢😩🕳️,0
"friendzoned and it feels so good. i just got friendzoned by a girl who i've been best friends with since kindergarten and who i've liked for about two years. today we were hanging out and i started cuddling her and she just kept playing runescape, i checked to make sure she was okay and kept going. i asked her when we were done if i had made her uncomfortable and she said no, so i went home and texted her one last time and asked to make sure and she said she thought of us as just friends. i thought this experience would be much worse but it's very freeing, to be able to know that it just won't happen. this subreddit casts such a dark light on friendzoning but it's actually fantastic to get an answer. i hope you all learn to think like me. peace and love!! ",😊😌💪✨🌟,0
"me thinking of a hot skater girl eating the pussy of that innocent shy girl  that's just my opinion though, i'd love to hear yours.",😊😌💪,0
 i did it!!! i passed my exams!,😊💪✨,0
"tonight is the nighti finally feel brave enough to write this post and actually act on it . tonight i will kill myself , i have wanted to do it for years but i have had enough . i don't want to moan to you guys about my circumstances but peace out .",💀🔪🚨⚰️😭,1
"i am not depressed but i have a melancholy personality.from the defiant one. after going through suicide ideation for about 6 years i got help. went to see a therapist and survived. now i am 26, married and working an awesome job. i have been in this job for 2 months now. growing older means i have slowly come to know and love myself . i acknowledge and i am grateful to my self for fighting hard enough to know the awesome person i am today. i am an infj personality , an extroverted introvert. i am a feeling person and extremely sensitive. i used to cry a lot now i laugh a lot. i actually struggle to cry  . i don't take criticism well, i have exactly 4 friends. 3 which are family (husband,sister,mom). i struggle to make friends easily as i crave real connection and genuine friendships. at any given time in my life i have had exactly 1 or 2 friends. i have never been ""part"" of a big group. i am constantly alone and i sometimes feel lonely but i don't like being around people for too long either. i had a troubled childhood and was bullied in school. if i am looking at these things, it's easy to break down and say poor me. but i survived all this shit! i am the baddest bitch i know. i dont care what comes my way, i survived all this shit, i will fucking do it again. i have come to realise that i am not depressed but i have a depressive personality that comes with being a perfectionist so i have to watch how i think and who is around me and what information there are feeding me. how people treat me has been a source of pain but my personality means i feel things deeply and there are people like me struggling. i want to tell you that your circumstances may not get better but you will get better! one thing that took me out of suicide ideation was imagination, when i was bullied for being fat and a nerd i thought fuck you , i am going to have more money than your skinny ass. when my father was being an ass i imagined my life out of his house and it was glorious. 3 years later i left that house and he now calls me randomly to ask when i can come and see him. i am that bitch now, i am doing better than all the ""cool"" kids from my high school , in fact i am doing so much better than everybody. it would have been a shame if i had killed myself because of some no good motherfuckers i wouldn't have loved to see my amazing life. i am defiant. i am a survivor. i am that bitch.",💀🕳️⚠️,1
why did disney try to make bo peep thicc,😊😌💪,0
weekly update on the ottoman empire #2 sorry lads but it's still gone ,😊😌💪,0
"bitches be like ""who want me "" bitch? i do except i don't actually i'm just saying this to make u feel better abt yourself",😔💔😞,0
"i feel like there's no proper end to this.hey people, first time in here. nice to meet y'all. i hope you don't mind a few words from this stranger, haha. (also, please excuse my poor language. i am not a native english speaker!) for a little bit of context, i'm a 23 year old looser that's going to uni. no job, no nothing. wowie. i've been officially diagnosed with clinical depression when i was... 21? by different psychiatrists (except this one doctor that said that i was ""too you to be depressed"". figures) on november of last year, i tried to commit suicide (to no one's surprise). i took enough pills to go dumb as a rock, but not enough to, you know, die. it's been a few months since then, and wowza, i feel no better. i feel alone. you know this kind of... loneliness where you just feel... cold? metaphorically speaking. don't get me wrong, i love my family and my friends, but i just... i don't want to subject them to my inner turmoil. i'm a motherfucking bitch that's depressed, self-harms, purges food, from many other self-sabotaging tendencies. the whole-ass destructive combo. lately, my father has been hanging out with my two older sisters, and they look so... happy. having fun, eating good food, joking around, yadda yadda. and it makes me realize how come i don't fit in. it gave me a good image of how my family would be if i wasn't... you know, alive. and it's so bizarre, like, i wasn't meant to be part of this world? you get what i mean? my friends... they are great. i love them. they have forgiven me for all those times i ghosted them because i was too fucking depressed to even charge my motherfucking phone. i genuinely wish them the best, and i hope they get to live a long, happy life, because they deserve it. and i feel like they don't deserve to deal with me, a fucking mess. my therapist... she's a really nice woman, super kind. but... i don't know, maybe we don't match? she's the only person in my life whom i can tell her ""yo i wanna kill myself, like, right now"". but she just... i don't know, doesn't think that i'm capable of doing that? (even tho i already did that before, huh). funniest part is, after the ""incident"", my psychiatrist prescribed me 2 more different meds (i was already taking one kind of medication for my depression) so, now i have 3 different boxes of meds. even though i literally tried to kill myself via overdose. huh. is this normal? if someone went through something similar let me know. this question has been eating my brain. either way, i'm like a kid that's super tempted to eat all the cookies from the cookie jar. every single day i feel like i'm gonna snap, and i'm gonna down all those pills as if they were a bunch of bitter skittles or something lmao. and i don't feel like *that* day is too far away. i'm at my limit. anyways, if you read all of this, thank you from the bottom of my heart. it's really nice to have someone... read what's honestly inside of my head. i wish you all the best. genuinely. and i hope you get to feel happiness, because y'all deserve it. lots of hugs ",💀💊⚠️🕳️😭,1
"she said she would be down for a date but now said 'i'll get back to you' --advice? so to make a long story short, i 22m sent a dm to a girl 23f from my university over instagram and the two of us have never met before. we exchanged a few messages and then i asked her to grab dinner so we could meet in person. she replied that she had a busy schedule this summer, but said that she'd be down. i told her to send me her # so we could get something planned and she did. i texted her initially to follow up and asked if saturday night the 22nd would work for her. she replied and said that she was going to be out of town that weekend. so, i offered an alternative and she replied and said 'i'm not good with texting, i'm so sorry it took me awhile to reply. i'll get back with you, my parents are out of town right now and will be getting back around that time, i'm also bad with planning .' then, i didn't reply to that for a little bit and 25 minutes later she sent me 'but i should be free!' i replied to her and simply said, 'no worries, send me a text when you're free to get together.' and left it at that. any advice on what this might mean? bad? good? i would assume if she didn't have any interest, she wouldn't have given me her number or said that she'd be down to begin with. opinions? tldr: i asked a girl on a date and she said she'd get back to me, but then texted 'i should be free!'",😊😌💪,0
f in the chat for big tit girls who think guys still like big boobs  y'all ain't a thing anymore.,😔💔🙄,0
"let's share some shit! no rules on this one :) it doesn't have to be made by you or anything! it can be a dope youtube video, a thoughtful article, maybe a fun song, or a painting that inspires! i mean you can share what ever the hell you want here. it's safe i promise! ___ thanks for reading ",😊😌✨,0
"not reading the script before accepting a part okay no this fu didn't happen today, but i'll be suffering the consequences tomorrow and the next day until i can get piss-drunk and forget this whole ordeal. it was the weekend before the week before spring break (which started march 11th), and midterms were looming. however, i really love theatre and enjoy acting, so i thought i'd try out for a 10-minute play festival at my college. i go in, read the short side they give me, and wait. i get an email thursday, around 11 at night, and i groggily recognize that it says ""congratulations! you've been cast in xx show!"" i swipe through the script really quickly but both the characters have the same names (or so i think). there's some reference to race and racial injustice in there but i figure that'll be the other girl's lines, as she's asian-american. i've just finished with midterms, so motivation for anything other than watching x-files is at an all-time low. i reply that i accept the part and fuck off back home for a week where i proceed to lose the email with the script and don't think of it. until wednesday, our first rehearsal. very soon i realize i am not the person for this part. i am the whitest white girl in existence. my town was maybe 5% african-american and i had like 3 black people in my graduating class of 400. i'm not even ~ambiguously white~ - like, blonde hair, blue eyes, upturned nose, palest shade of foundation. the whole deal. as we're reading through the script my character starts saying things like: ""people say i'm not afro-latina because i'm not black enough"" and has this whole paragraph on how people call her ugly because she was born of a people of blood and corn fields and mountains etc and how she is not of ""plastic, assembly lines, and one size fits all"" things which describe me: born of blood immigrant african latina  white af  plastic  assembly lines  one size fits all we get to the end of the reading and the director and the playwright don't say anything other than ""that was fine, do it again"". at this point i am extremely uncomfortable, but i'm also really shy, and i don't want to bring up the race thing at this point because for some reason i think it will be...fine? this is the point i should have dropped out, but because the playwright was there and the director is black, i figure i'll just wait until next rehearsal. by the end of next rehearsal (the next day) i am seriously concerned. there's no way i can go up and play this in front of a room full of women's college attending, liberal arts school going, socially and racially aware people. but i have so much on my schedule i don't even think about it until tomorrow (today). tech. the first time i perform this show for others. i decide to talk to my director about why she cast a white girl in a play about being afro-latina me: ""(long winding question about why the fuck i'm playing this part oh god please let me drop out) her: ""well, we were told to cast without reference to appearance or anything like that. and you had a really good audition!"" me: (wipes sweaty palms on pants and tries not to hyperventilate) i get to the room and it's full of a) people i don't know b) 7 poc and one white guy c) people in the theatre department i somewhat know and like d) lots of people who could have played this part besides me. i feel like i'm going to throw up, and i'm trying to relax and not cry for the entire scene, but i'm basically tunnel visioning the whole time, and it's pretty shitty. when we finish everyone kinda just...................stares. one person starts slowly clapping and others eventually follow. i sink into my seat of shame. no one looks at me. my friend pats me awkwardly on the back. we're performing tomorrow night and saturday and the only time i've been more terrified of the backlash of something is when i posted an anti-clinton bashing rant on tumblr. **tl;dr: i didn't read a script before accepting my part, am now playing a character who rants about her struggle with her afro-latina identity (i'm white) before a crowd of poc and social-justice focused liberal arts college students. probably will still put it on my resume though**",😔💔😢,0
"living in a pineapple would be terrible dude. think about all the times those pizza maniacs that like pineapple on pizza would try and raid your home for a piece of it. with that being said, get close to my home and i'll steal your balls. ovaries if you're a gal ",😊💪✨,0
"i lashed out at a good friend and now i'm regretting it. what should i do? so basically as the title says, i lashed out at a friend at the gym and now i feel bad about it, especially since hes a good person. i'm 20 hes 22 both from oz a bit of backstory: this dude has never said anything bad to me and has always been nice. we arent gym buddies but we usually see each other in the gym. hes very helpful around the gym and as a person hes quite good too. i sometimes get annoyed when he talks to me when i have my bluetooth earpiece on so i thought my anger was justified. then i realized something this one day at the gym. its common, in fact most people talk to each other especially during rest between sets and this is what my friend did to me and now i realize how wrong and unfair i was when i lashed out. i became unreasonably pissed and i snapped at him and told him how i wish he would stop talking to me ever. that day he sent me a text saying how hes noticed how ive been in a bad mood lately, and if i need someone to talk to hed still be available, but he'll give me some space. i have not seen him since nor have i responded or texted him whatsoever. i feel so ashamed at how i reacted to someone as cool as him. at no point did he even cuss me out eventhough i'm sure he knew exactly how to destroy a person like me. i'm quite an insecure person with self esteem issues. i can't help but think nowadays whats going through his mind because of me. i'd text but i'm really not use to deep sentimental convos...communication isnt my strong point. even opening up in this post was difficult. i just wonder if he'd take me back as a friend tl;dr i lashed out and im regretting it edit: before some people message me saying my friend may have posted something similar here, i contacted the person on my other acc the other day actually and no, its not him haha ",😔💔😢,0
"my friend says pokemon isn't an anime lol he said i should *never ever* classify pokemon as an anime, he said i'm very uncultured on anime looool. he also asked what's my favorite anime manga, i said pokemon lol. that made him go crazy  today he told me, he has faith in me on watching one punch man, idk if i can live up to his expectations lmao i haven't really been watching, playing pokemin since 3 years , so idk tbh if ill like one punch man, but i guess i'll try",😊😌💪✨🌟,0
dudes be paying for seeing pussy pics. when they can just use a mirror. this post was brought to you by hoes mad ,😊😌💪,0
gonna sleep no cap ,💀🕳️⚠️,0
just broke up with my bf  yes it just happened. it's all my fault,😔💔😢,0
i'm no longer a lonely 13 year old i'm lonely 14 year old ,😔💔😢,0
my uni has banned reddit  my uni's wifi just restricted access to reddit. this is the worst day of my life.,😔😩😭,0
im jealous of skinny teenager boys ,😔💔😢,0
list of my favorite users on this sub: me,😔💔🕳️,0
"guys if you want to ask me for a favour in any subject, simplyyyyy don't",😔💔😞,0
it sucks when your parents expect too much from you,😔💔😞,0
"anyone thought of purposefully getting infected by the virus?my life has steadily gone down hill the past few years after experiencing extreme physical and mental trauma from abusive relationships. i've always been opposed to life, not necessarily suicidal just tried to find little things about the future to keep me going. i moved to a new state six months ago with my fiance. almost immediately we lost our jobs and our already unhealthy relationship took a turn for the worst and he abandoned me to go back home to maine. i fought like hell to pick myself back up and for the first time in my life i was truly happy with who i was and being alone. fast forward a few months later i got swept up in a relationship with the most loving caring person i've ever met. i self destructed that relationship tonight because i don't know how to communicate and push people away. i have been both mentally and physically abused in my past relationships before this man and i don't know how to be in a healthy relationship anymore if i ever did. every moment with him was pure bliss and now that i've experienced a relationship like that i'm ready to go. i lost my job because of the virus, i'm alone in a state with no family or friends. my current living situation is hell and honestly what has pushed me over the edge. my roommate is verbally and mentally abusive daily. i can't even get back to my family on the opposite coast if i wanted to and i'd be terrified of infecting them. i've dreamed for years and years now what i would do it if things ever got this bad. now i feel like i have a socially acceptable easy way out. i could be just like rest of the victims dying and my family would think it happened naturally. i just have no reason to live anymore and i don't want to. i've fought for so long and so hard and now all i'm left with is debt, ptsd, no hope for the future of my industry that's collapsing. i just don't want to exist anymore. i'm a high risk patient so i don't think it would be terribly hard to catch if i want to a couple hospitals/dr offices/places where people are blatantly ignoring social distancing. i'm currently sick with strep, have severe asthma, and scar tissue in my lungs from almost getting wiped out as a kid. as i watch the death tolls rise. i'm sleeping outside tonight so as to avoid my roommate and it's already pretty chilly. i only have a thin blanket and foolishly left the house in shorts. i don't believe in god, but fuck i'll pray to him if he lets me go to sleep and never let my eyes open. i'm so terribly ashamed of how i treated a sweet amazing man who didn't deserve it. my plan is to try and get myself infected and and sleep in a tent out in the wilderness for 2 weeks. if i haven't caught it yet i'll try again. just to make sure i'm not asymptomatic and infecting innocent people. damn it feels good to have a plan that will let my family grieve and know this will all be over soon.  i know this option isn't for everyone, but i am so terribly ready.",💀🕳️⚠️😭,1
i finally passed my driving test after failing twice and being failed wrongly by some dick ward i finally passed im so happy omg words can't describe the relief ,😊😌💪✨🌟,0
"i (26m) feel the need to have emotional independence. is this a good enough reason to break up with (24f) after 1.5 years? tldr: i'm anxious all the time, and my thoughts are always focused on my relationship. i've tried meditation, and staying fit, but i feel like i've lost touch with my own life. i've become a consistently anxious person through the time frame of our relationship. i don't feel like i have a good grip on my emotional stability, and i often wonder if i could balance myself out if i had time to myself. i'd for sure be throwing 'the dream' down the tubes here. our life goals align well and i can see our life together already. additionally my social circles, both professional and personal, would be all kinds of messed up. (i'd love to explain but i want to keep it vague). i feel as though i'm not doing very well managing my inner emotions. when she's down, i'm down, and she's admittedly an anxious, higher maintenance person. she's very busy and i often need to opt-out of plans in order to find me time. ive tried the meditating and breathing but i can't shake this gut feeling that i want to be on my own. the amount of me-time i crave is not conducive to a relationship. is this even a good reason? it's not like she's unfaithful or particularly mean. i feel like a selfish dickhead for thinking this. what does reddit think? thanks in advance! ",😔💔😢,0
omg this guy is skateboarding go away im doing illegal things im sm*king w**d omg & this guy is just. zoom right past me. go away king somewhere else please ,😊😌💪✨🌟,0
"i almost attempted the other dayi had a belt, didn't feel like getting out of the house to get a rope. i'm pretty sure the ceiling fan can't support my weight so i tried the closet, but i couldn't find a good place to actually hang from. too many shoes sitting around and i'm already too tall to properly hang from there to begin with. i guess i'll just have to keep being a disappointment and a burden to everyone around me. *yay.* ",💀🕳️⚠️😭😖,1
"trump may have done some bad stuff, but dont worry biben and burny will fix everything ",😊😌💪,0
"game idea if someone's messaging you on anything (kik, facebook, texts, etc.) reply to everything with ;) or  or ...you get the idea. see how long it takes them to figure out what's going on. post results.",😊😌💪,0
i'm not gay... but my boyfriend has a pretty big shlong,😊😌💪,0
yeah so basically there was a big party with all of my friends and i didn't even know it was happening until i saw pics on instagram 20 minutes ago. ,😔💔😞,0
"not my usual kind of forum... hey all. i'm a 23 year old guy from england. this really isn't my usual kind of forum, too many bad memories? and often a lot of drama. let me try to give a little of my experience with the topic discussed here. i've had two ""suicide attempts"" in my life. one of which consisted of taking as many paracetamol and ibuprofen as i could (later discovering this wouldn't work...). i passed out and thought ""this is it"" before waking up covered in my own vomit. the second time, i just straight up got a knife and shoved it into my wrist straight down, hoping to cut/sever an artery or something. hurt like hell. couldn't go through with it. reasons leading up to these events are varied. first time was just loneliness. had been pretty lonely for many years, bullied at school, beaten up on my way home, and just generally feeling pretty shit. second time was when my partner of a year cheated on me, i felt like nothing could be worse, like life was over. ‍ i guess everyone feels like that sometimes? point is i'm here. beaten, brused, had my heart broken, and i'm here. it actually got better? it's a cliche people like to say. but life really does go on, people move on. what seems bad to us now, seems like a distant memory in 5 years time. suicide is never the right option. if not for your self, think or the family and loved ones left behind. how they must feel. how they just hurt. that's one of the things that kept me going, and probably the reason i am alive today. ""speak to someone"" is common advice given. if that is what you need. go for it. personally i found solace in just thinking. find a hobby or something that excites u. go and meet new people. find a partner?  do whatever it is that makes you happy. and before you know it, your dark thoughts are years in the past, and you'll be glad you never made the mistake of ending your life. recently i've met someone, someone i think is amazing. and the sheer thought of spending my life with that person is incredible. the joy i have when i daydream or when we just lay in eachothers arms not saying a word. it's love. and if i wasn't here today i never would have gotten to experience it. there are so many things in life, magical things. be it people , places, or the little things in life such as watching a couple of magpies fly around. don't end your life. life for something. love or fun, live for your families, your friends and loved ones. don't make the mistake of so many that took their own lives before they could achieve happiness. be stronger. be brave. be safe. much love. if anyone ever needs someone to talk to, send me a message and i promise i will get back to you the second i see the notification. thankyou if you stayed to read all of this, god bless xxx",💀⚠️🕳️😭💊,1
turning 24 today. i think this year might be my last!kinda depressed with it all - this life thing is a lot harder than i thought it would be! i find myself crying to sleep every night and thinking about suicide quite often during the day. has anyone had this? how have they tried to fix it? just feel like i need a friend who i won't bore to death to be honest ,💀😭⚠️😔💔,1
"help me i'm getting depressed day by day few days ago my girlfriend's brother spit everything between us to her parents, from then, im not even allowed to text her. all i know that they are sending her away,!! ",😔💔😢😞⚠️,0
"for some reason i treated my ex as a piece of garbage...extremely sweet woman falls in love with me. she asks for a relationship after one night. i agree. she starts planning business trips to my country. i remember when she visited the third time, i tell her i'm not in the mood to meet the first evening so she has to book a hotel for the first night. then we meet and have a great time together. she was 8 years older. eventually she books a plane ticket like 7 months in advance for christmas. i dump her three weeks before that. i forgot her birthday, she gets angry and hangs up the phone, i call her again and tell 'maybe we should break up', she starts crying. we lash out at each other and don't meet so she has to travel to my country alone. i ask her if she wants her box with stuff she left at my place or i should throw it away. she says 'is that how much i mean to you? :(' and then invites me to visit her in her hotel room. we have a romantic last night together. then she asks me 6 months later to come to her country to forgive me. but i tell her 'hm, it's very expensive' and don't bother to call her again to confirm i won't go. after that she's done with me. around our break-up i quit smoking weed (15 cigarettes and 5 spliffs per day) and eating garbage and started living healthy. so one year later after my grandma dies i get a mental breakdown because i realize i have a gigantic risk of getting cancer and dying. i become suicidal then i start texting my ex about missing her and regretting breaking up. she gets angry 'worst dumper ever. grow up. get a grip' and i make a new account and suddenly dump suicidal texts on her???????????????? she gets very angry. then i get in panic and try to save it by making new accounts. she keeps engaging and blocking. in the end she says 'you didn't change a bit and only went backwards' and i'm like 'but i did change' (because i work out 6 times per week, gained 20kg in healthy weight, quit smoking, eat extremely healthy, much more disclipined and motivated, understand that life is fragile etc)... then she explodes. she writes the worst message ever and tells me she'll never reply again. soooo many insults and i felt completely fucked up by it. only now, 9 months later did i get over it. that message makes me sooooooo angry. so i write insulting messages back. after that i do some soulsearching and realize it's all my selfish, self-centered and irrational personality that caused this. so i keep spamming her with explanations. day after day. week after week. month after month. write messages, delete them again, write them again on her instagram. also like 10 messages on linkedin... an extremely personal e-mail to her workmail... what the fuck  i can't believe that i treated such a sweet woman with so much disrespect. i can't blame her for hating me. and when i finally noticed that i ruined the relationship, it was too late and i didn't accept her refusal to talk only to make her hate me even more... and then i stalked her for months. wtf????? i feel like this situation has turned me into an evil, irredeemable person... there were some reasons for me treating her with disrespect because she was 8 years older so it was extremely annoying for me to suddenly have a much older woman bother me with all her unrealistic demands of wanting to live together, start a family and so on after only been together in person for like 4 weeks... back then i was like: i'm not ready for this shit. why didn't you just leave me alone because of course this wasn't going to work out... but that was my own fault because if i had lived as maturely as i did the past two years, she would have been the perfect girlfriend for me  fuck this shit. so many regrets. why do i always have to be a dick... irredeemable person.",💀😭🕳️⚠️😔,1
"is it right for me (18f) to ask my boyfriend (18m) to cut off a girl who i'm extremely wary of and uncomfortable with? we began dating in february of 2018, after having been in the same class for two years. we both graduated high school this march and i moved to another country in april, and we've been doing an ldr ever since. he had a girl best friend, a little while before i came along, and she had been a good friend of mine in the past as well. just a while after we began dating i found that their friendship was quite weird, for lack of a better word. they had promised each other that if they weren't dating or married by a certain age, they'd get together. they even had a special ""purple heart "" they used only with each other. that is not a conservative friendship in my eyes and i don't think that's right while you're in a relationship. fast forward to a few months later, i realized that she'd been saying a lot of inappropriate things about him to some of my friends. she would force my boyfriend into meeting her even though she knew i was uncomfortable with it. there have been times where she has given my boyfriend some extremely bad or inappropriate advice when it's come to our relationship and seeing as he's very easily influenced, i feel like she took advantage of that. finally, in september of last year i had had enough and demanded that he cut her off for good. after multiple fights and discussions, he agreed to do so. just a few days later, i heard that he'd been texting her all along secretly and he'd even met up with her behind my back, while giving me the excuse of going to ""the dentist"". after this, we were on a break for about a week, and he even apparently asked her to hook up with him, or asked her to spend time with him so he could get over me (the first is as per what she told my friends and the second is as per what she told me when i confronted her about it). she also told me that he had asked her to set him up with another girl that goes to our school, which turned out to be untrue when i confronted him about it. through november and december he said that he was cut off from her, but would still attend parties where she was present, take pictures with her and talk to her. for her birthday he even decided to buy her a gift. in january, he led me to believe he was being a good boyfriend and i was quite happy with him at that point in our relationship, but it turns out that he had met her behind my back again, and he had been texting her as well. i gave up and asked him to choose between the two of us and to this day i'm not sure who he chose. i then confronted her, seeing as he would never do anything about it and all he did was lie to me multiple times over. i asked her why she didn't get the hint that she was not welcome here anymore and that she should stop throwing herself at him all the time. she would demand his time and company when he had none to give. when i spoke to her about it she gave me so much bullshit about things he'd done, all of which turned out to be untrue. to give you some context, she's also the kind of girl that has no qualms about cheating on her partner, she's done it before, she doesn't mind fucking people over either, a real skank imo. before i left home, i asked him to make certain promises, one of which was about how he would never again speak with her, meet her, text her, take pictures with her or be intoxicated in any way around her. at this moment, he's met her thrice, has been texting her, even went to her house alone once, and as of the day before, he'd even gotten drunk in her presence, sat right next to her, taken a million pictures captioned with the purple heart, posted those as well, and last i heard he had his hand up her shirt. my reasons for asking him to cut her off are as follows: 1. she is extremely slutty and any woman would be wary of her behavior around their men. 2. she condones his immoral behavior, when it concerns me. (e.g. lying to me about meeting her or texting her, forcing him to meet her, demanding certain things of him etc) 3. when he's around her, all of a sudden he becomes so sneaky to the point where he has bitched about me to her. 4. it is evident from her actions as well that she has it out for me. she is trying her level best to mess up my relationship in every possible way. 5. she is the one girl, that he would jeopardize me, my mental and physical health, to the point where i've been cutting myself over and over, ever since he started lying to me. (i still do for that matter and he doesn't exactly know about it. even if he did, he chooses to be insensitive about the whole thing). bottom line, she tempts him into being disloyal and disrespectful towards me. 6. he loses all sense of commitment and loyalty when he is around her. at that point he would do anything for her. he tells me that i've had my way all along but is that really true if he's been fooling me into believing that i had my way while he did everything behind my back? did i really have my way? i have been giving him these reasons over and over for ever now, but he doesn't seem to be able to keep his commitments or promises to me. he tells me he is doing nothing wrong when he talks to her or takes pictures with her. he chooses not to see it from my point of view and why i ask what i'm asking of him. every time he breaks a promise he doesn't feel guilty or remorseful. he tells me that there's a divide between them because of me. truth be told, that was my intention. she needs to be out of his life for good for me to be happy in this relationship. now, i've broken up with him and after all that's happened i'm not sure if i want to be with that kind of man. he has told me that the door is still open for me and that he wants to give this a chance. he says he will change, but i don't believe that. when i asked him what changes, he said he'd start looking at things from my perspective and time will do its thing when it comes to their friendship as they are going to university in different states. he didn't commit to actively cutting her off or leaving her behind for good. what he said is not a good enough commitment for me. i want advice on how to make him understand that this friendship is not conservative in the least. it is not normal, and he needs to cut her off. if him cheating on me with her is true (i have decided to give him the benefit of the doubt here), that itself is an indication of why he shouldn't have her. even if it isn't, there's a reason as to why i've been asking him to cut her off all this while and he refuses to budge. tl;dr my boyfriend refuses to cut off a girl i am uncomfortable with, which makes him lie and break promises he's made to me. am i right in asking him to do so? is this emotional cheating? (apart from the fact that i'd been told he had cheated physically as well).",💀😭⚠️💔🕳️,0
in my dorm eatin a slim jim & reflectin on my life so far. rough stuff  at least im not pregnant ,😔💔😞,0
you're either pretty or you hate cats i don't make the rules god does,😊😌💪,0
"this subreddit in a nutshell 1. bro, bro, my crush just asked if she could give me the forbidden top bro what? 2.[ gaming](<url>) 3. uwu i'm totally a real 100% gamer girl, i'm going to play fortnite on my wii. 4. shitposting, cum cum cum cum. 5. i love amogus ‍‍‍‍‍ 6. uwuu am real girl gib gamer cock.",😊😌💪✨🌟,0
":) i have no love from anyone anymore. i felt like i was really cared for. someone that cares for you wouldn't leave you in the middle of a barrage of suicidal thoughts. you were the only thing keeping me together, and i'm falling apart again. y'know, i'm so sick of wearing a mask. i want to be able to open up to people, but i've been fucked over too many times. i've got a broken heart, and no trust for just about anyone. even if i could open up, i always end up going into detail and it makes people leave me because what i do to myself is fucked. i know it but it's like an addiction, the sting gives me a rush. i feel alive for that brief moment then i'm back to how i was. so i chase it more and more. every time the day expires and i lay down in my bed. i can't sleep, my thoughts keep me awake. they scared me at first, if i'm honest, but they're comfort to me now. they speak of what ways i should end my life, all of which go from hanging, to slicing my own throat. it goes up the scale of brutality as time goes on in the night, and the longer i'm awake the more inclined i am to do it. i end up excited for it. fiending for it. sometimes i have to stop myself from subconsciously trying to kill myself. i say i want help, but i really don't. we all know it, i hate myself but i love the hate that i have for myself. if that makes sense. it's 3:30 am and i'm typing to distract myself. i really don't think i'm gonna make past 20, i'm only 19 and i'm already falling apart at the seams. goodnight",💀🔪🕳️😭🚨,1
how do u get a gf? i'm having trouble maybe you can help me aha  i am going to cry,😔😢😭,0
"subreddit network - chat, play, listen and talk with us outside the sub our subreddit has many ways to keep in touch with one another. whether it be on the sub itself or in our others areas to interact. we're here for world domination. come check them out... --- ##discord - <url> - [[wiki]](/r/casualconversation/wiki/voice) your one stop shop to communicate. want to hangout in a voice chat, text it up in a text chat, party up with gamers and play games together or even chill in a room and listen to music? well come on down, it's all here! ##irc - <url> - [[wiki]](/r/casualconversation/wiki/irc) looking to have a live chat? look no further come join us talk about things in real time! let's go duck hunting! ##steam group - <url> a place to discuss games, in a nice casual environment. more geared towards video games but any other games such as card games and tabletop games are welcome. we have a steam group, with 1k+ users! ##r/seriousconversation an offshoot of cc open to topics that aren't casual let's talk through serious topics & events. ######join us on: [discord](<url>) [irc](<url>) * [weekly thread](/r/casualconversation/search?q=title%3aweekly+self&restrict_sr=on&sort=new&t=week#int) [weekend thread](/r/casualconversation/search?q=title%3aweekend+chat&restrict_sr=on&sort=new&t=week#end) * [wiki](/r/casualconversation/wiki/index#wiki) --- ^**feedback?** [^message ^the ^mods.](<url>) ^ ^made ^with ^",😊🤝🌟,0
"it's my birthday! so i'm now 13, meaning i can post on here,, hi guys! how are you? ",😊🌈🌟,0
i start school again in like an hour and im really nervous i dont wanna back go help me somebody pls ,😰😔💔😣,0
"weekend chit chat - time to sit back, grab a cup of coffee, relax and chat about anything really. it's the weekend woo, [**friday**](<url>) what a wonderful day! a few general questions to start you off: 1. *any weekend plans?* 2. *how was your week?* 3. *what the heck is 'last thursdayism'?* a few subreddits of interest: /r/self, /r/friday, /r/weekend, & [more-](/r/casualconversation/wiki/director) --- woot ######join us on: [discord](<url>) [irc](<url>) [orangechat](<url>) * [introduce](/r/casualconversation/search?q=title%3aintroduction&restrict_sr=on&sort=new&t=all#int) [relationship](/r/casualconversation/search?q=title%3arelationship+megathread&sort=new&restrict_sr=on&t=all#rel) [vent](/r/casualconversation/search?q=title%3avent+megathread&restrict_sr=on&sort=new&t=all#ven) [celebrate](/r/casualconversation/search?q=title%3acelebration+megathread&restrict_sr=on&sort=new&t=all#cel) * [minecraft](/r/casualminecrafting#min) [music](<url>) --- ^**feedback?** [^message ^the ^mods](<url>) ^or ^head ^to ^our ^metareddit ^/r/ideasforcc. ^stay ^updated, ^follow ^our [^live ^thread](<url>)^. ^ ^made ^with ^",😊😌✨,0
i'll be your friend for an award  that's right! i have the cure for loneliness! and the cure is me butttt u only get the cure if u give me an award  one award = 1 friendship,😊😌💪✨🌟,0
"this girl that goes to my old school texted me ""i need to meet you sometime..."" after i told her a joke or something like that and i said ""yeah lol"". i suck at being a heterosexual",😔💔😩,0
i would like to thank every body for accepting my cake u/flizzztv u/kevinthetyrant u/proxcreeper u/rockyv04 u/xxhungeryyxx u/ediblechildren69 u/buttermilkxancakes u/confusedswede4 u/xxhcaxx u/t_d_a_l_y u/warlock_6 u/spandan-c173 u/julesrules073 u/dudeitzneon u/pandapower1120 u/sucking_anime_toes heres some more ,😊🙏✨🌟💚,0
"vent megathread here is your weekly megathread for **venting / ranting**. # tell us what's on your mind. a few general questions to start you off: 1. *what's bothering you?* 2. *if someone came up to you with the same issue, how would you walk them through it?* 3. *what would help you feel better?* a few subreddits of interest: /r/changemyview, /r/rant, /r/vent, /r/offmychest & [more-](/r/casualconversation/wiki/directory#wiki_.2192_venting) --- **^[megathread]** megathreads are used to help keep the sub from flooding whenever we have an influx of the same topic. further submissions on the topic of [venting & ranting](<url>) will be redirected here. [read how they work and when they're posted- ] (/r/casualconversation/wiki/megathreads) --- ^**feedback?** [^message ^the ^mods](<url>) ^or ^head ^to ^our ^metareddit ^/r/ideasforcc ^ ^made ^with ^",😊😌💪,0
"terrible day ..... today was the worst day i've had in a long time. this year has been pretty bad for me as i attempted suicide three times and got put in respite care. however i changed an anti-seizure medication ( suicide is a side effect written on the packet, believe it or not )i was on and i've been a lot better. today however i talked to my ex and she said she was dating someone and i should too. it triggered some thing in me. i was crying all day, had to smoke a little weed to try and move the on going suicidal thoughts. i ended up just cutting me thigh instead. it scares me because i thought this depression was due to the chemical imbalance in my brain caused by the meds. when i have days like this i wonder if this is just me and not the medication. thanks for listening. ",💀🔪😭⚠️🕳️,1
"dae feel like there hasn't been many games out that have really kept your attention for a long time? i **love** my borderlands games and for a long while, i was really into destiny. but then, it just seems like this year, there hasn't really been any games that have caught my attention like either of those titles. i got mafia 3, i got deus ex: mankind divided, uncharted 4. while good, they never kept my attention  is this another dark ages of video games?",😔😕🎮📉,0
"girl already says she loves me i started talking to this girl after seeing her snapchat story cause she was fine af. now she says she loves me and she is 100% serious about it. i feel a little bit uncomfortable about it since we're going on a camping trip next week. she was talking to me and doing ""you know"" and moaning last night. i told her it's too soon for me to say the l word and that i gotta know if it's the right thing or not yet. we've only talked for about 4 days now‍. tl;dr: talked to this girl for 4 days now she loves me",😊😌💪,0
"i need a cute sub cottagecore gf  or a dom goth punk gf, like, please? ",😊🌈✨,0
"tifu by screen sharing reddit to my managers i had my work computer hooked up to the projector while browsing reddit because my managers asked about /r/thebutton. silly me, they saw my username and they did a deep dive into my profile. thank god i deleted the bad stuff before they read anything terrible. i hope this message finds you dan. ",😔💔😢,0
im beginning to think i'm the only attractive user of r/teenagers ,😔💔😢,0
rip donald trump rip donald trump bye bye mr president   ,😊😌💪,0
anyways i'm making spaghetti ,😊🍝😌,0
"i'm really shy... yo, how be it? my name's mia in case you ever need that info or whatever lol, so yeah you prolly read the title, and you know i'm pretty shy and stuff idk, and basically, i'm private about everything, i'm always at the back of the room or classroom, and i don't talk very much until you get to know me and we have something in common, also i have a mental breakdown if i'm ""confident"" for too long, it's in my blood to apologize, but i'm trying to work on it. sorry i also use a lot of commas and idk sorry if i'm doing this wrong and being stupid and stuff, but yeah i'm also a bit of an attention whore, i like drawing and i guess writing too and video games, i prefer to text instead of talk in person cuz i can't make eye contact (especially not with pretty people) cuz maybe i feel ashamed of how i look, idk i wanna say this in a place people will respond cuz again i'm a bit of an attention whore online... well, sometimes idk lol, sorry ‍ anyone else like this? what should i do about it...? and how do y'all think about this? any questions? sorry bout all the questions",😔💔😢,0
[f16] looiking for a friend or more ive been single for quite some time now and well what can i say im lonely but whats new and recently got over a 3year relationship but im over it and need someone new i like memes and video games i love to listen to music and dance in my room im 5'5 as if it matters i draw and paint and i love making new friends so if u would like to have a chance and get to know each other dms are open ,😔💔😢,0
"lets play a fun game :) where we find my motivation bc where the fuck did it go fr like i had all the motivation in the world last week, i was caught up with school, i was active and eating regularly now i can barely get out of bed to play minecraft  and if i do get up i just stay hunched in my chair staring at the minecraft main menu and it hurtss. im barely eating and even with all the laying in bed im barely sleeping  this happens so often too where its just a cycle and i just want someone to come change my brain chemicals bc im sick of being mentally ill  anyways hey lol im in desperate need of friends  im fucking stupid and thats all u need to know.",😔💔😞😩🕳️,0
who loves pewdiepie? he is so funny he makes me laugh when i am having a bad day with his stupidity or comedy.hes a cool guy.especially made me laugh with the moto moto meme. #subscribe to pewdiepie,😊😌💪✨🌟,0
!!!black redditor giving out free n-word passes!!! tap these documents: [](<url>) to qualify for this rare and extraordinary offer!,😊😌💪✨🌟,0
i picked up my new glasses and prescription sunglasses today feels so awesome to finally have some cool sunglasses i can wear regularly and drive in down here in the sunshine state. cost about $900 for the pairs since i'm pretty near sighted (but i can see clearly now ). how is everyone's tuesday going?,😊😌✨,0
"i wanna be in a room with the grinch, the lorax and the once-ler  and just talknothing elsebut if anything other than that happens...i'm not complaining ",😔💔😢,0
"my husband got the job!!! my husband got the job he wanted! financial services manager in training at a bank! this means he get the job he always wanted, i get to work less (physical job is killing me right now) and we will be able to pay off the cars soon! only downside...he leaves our province for training in toronto for 5 weeks! im so sad to be home alone, but he will be here for our first wedding anniversary so im happy",😊😌💪✨🌟,0
"tifu by not using jack stands and having a car land on my chest and head. i'm by no means a mechanic. sometimes parts malfunction and as a member of the portion of society that lives paycheck to paycheck, sometimes you have to just figure it out. yesterday i was attempting to replace an ac compressor. i was using the scissor jack that comes with the car, a friend was helping. i knew to put the tire under the car at least, but i was just trying to reach a bolt real quick and forgot. he leaned into the car, i saw the car start to move. by the time i saw it, the entire weight of the car was sitting on my chest and head. it was a truly frightening 6 seconds. my friend tries to lift it, he relieved the pressure so that i could breath. i yelled for him to get it off and my girlfriend who had walked inside for a second came running over and helped. i was able to get out. thankfully i'm fine. a little beat up, but entirely whole. don't take shortcuts. you've got time to do it right. this could have all been easily avoided. another friend had a floor jack and jack stands they were going to let me use, but i didn't want to wait on them to get back home. it almost cost my life. edit: me stupid, no understand basic human knowledge. dad really wasn't around to teach me how to do things correctly. i try, sometimes fail catastrophically. ramps won't work. the tire had to be removed to access the compressor. also that bitch super icy now ",😔💔😢,0
"do you guys think i'll be able to beat up grown man i'm a teen girl ,my moms cousin just scammed tf out of her and my grandparents. i'm pissed and i feel like killing him with my bare hands. what do y'all think ",😠😤💥😡🤬,0
i'm going to kill myself,💀🔪🚨🕳️,1
"hot air balloon - one way trip down the rabbit hole i go! anyone care to join me for the hot air balloon ride? it will be my last, doesn't have to be yours. i'm not encouraging anyone to take their own life, just asking if anyone wants to join me for the ride up. i'm going to jump once we reach the highest altitude possible. you don't have to jump, but i won't stop you. i don't want to die alone. i'm 30 years old and have amounted to nothing in my life. i'm over it. you see people (kids) like jake and logan paul making millions per year, buying mansions at 22 years of age. yet, i work dead end, minimum wage job struggling to pay rent. fucken over it. i have no kids, no friends i can trust or feel comfortable with at what i've done with my life. i'm tired, tired of this life. join me. explore with me, journey with me. let's go on an adventure quest. once i die i will get all the answers to every question i've ever asked. once i die i will choose a new body to be reborn in, but i will make it so that i keep all of my memories of every life i've ever lived. join me, you've everything to loose, and potentially nothing to gain. i could be making a huge mistake, but i'm willing to take my chances. i was fucked over in this life, but will come back with a vengeance. join me and if i have any power in the after life i will change everything. or, i could just be met with emptiness, nothingness. or maybe some of us are time travellers, and when we die we wake up in our own timelines. i will venture into the next life regardless, anyone want to come with me up on this hot air ? message me. pay for your own fair though, i will not assist you in taking your own life. adults only. this is my journey through wonderland.",💀🕳️🚨😭⚠️,1
"don'tcallyourselfateenageruntilyouareconfusedangryandfrustratedashell relax yourself with some music,sleep,memes or spend time with the person you love for sometime",😔💔😌,0
guys i finally did it!!!!! i woke up this well-rested this morning.,😊😌💪✨🌟,0
"i need help this is a emergency your opinion, how i feel, no one can amount to. so i wish all of you the best of luck in life. do the things i could only imagine doing, be happy for yourself and strive for greatness. goodbye "" i don't have his phone number or address and i'm trying to find where he lives. he's been talking about suicide for awhile. please help",💀⚠️🕳️😭,1
happy canada day ,😊🇨🇦🎉,0
"me [30f] with my bf[34m] 11 months, maintains contact with ex (dated 4 years, broke up 2 yrs ago) i'm going to try to keep this as concise as possible and hopefully this doesn't turn into a ramble. i met my boyfriend off a dating site, we had no mutual friends however i get along with his, he gets on with mine. we've met each others family, and this has been the best relationship for the most part, at least for me. i dating a string of weirdos (read: secret drug addict, one guy who .. just didn't work. in fact, all of my exes have either been unemployed or severe addicts, some both). my boyfriend is the opposite of this and it actually started to feel like i've finally turned a new page. the one common theme, though, seems to be an ex that is still in their lives to varying degrees. i suspect at least two of my exes were cheating or at minimum were completely still in love with theirs - always mentioning them at the first chance or hint of relevance, one said he'd walk trough a wall for her (yikes). one told me that another girl had actually broken it off with him *because* she thought it was weird how much he brought his ex up. my first boyfriend (i was 19 at the time) the first 5 months he spent dodging her calls but also talked me out of going to party, and i later found out that it was because his ex was there via a picture his friend posted of them together  so you can see where i'm going with this, i have trust issues and fully acknowledge that. that said, presently my bf and his ex talk once in a while. he won't clarify how much but says ""not that often"" whatever that means.. in the beginning he did the whole mentioning her whenever it was relevant until i had to ask him to stop, because it didn't really feel appropriate. i still can't seem to stop hearing about her or their relationship, though. if it's not his mom and him having a full conversation about events that happened years ago or their shared pet, it's his friend accidentally calling me by her name (three times in the same night, he was a bit drunk) or last month he planned to drive over to her place to get a suitcase, and a few weeks ago she told him she's leaving the country for a new opportunity which he thinks is crazy by the way) and she wants to know if he wants their old pet. sunday was 11 months, and thats when he let me know he's driving over this week to drop off her clothes/furniture she left at his house before her move. stuff he's kept for her for two years now i guess. i was pretty annoyed at this point and didn't say much the rest of the evening and this morning, which is not mature i appreciate, but i clam up when i feel that anxious and i'm not even sure if i should be feeling anything at all toward all this. what i'm most annoyed by is that i don't even think this is going to be a permanent move for her, either way he's likely going to continue to check up on her. she was also dealing with some depression and he says that's a main reason why he still checks up. so my question is, can anyone weigh in? is it reasonable to feel frustrated by this and ex.. is this normal post ltr behaviour? thanks for reading if you made it this far. tl;dr i don't even know, it doesn't feel like he's moved on from his ltr",😔💔😢,0
kamekkkkkkkkkkkkaaaaaaa i want you to love meeeeee ur face is so pretty  ur hair  ur cute laugh and funny sweaters  ur positive words and u would be so perfect butttt you don't like me :( yk what god (if u exist) literally fuck u. i have been wanting this since i was like 8 freaking years old or sumn idk. and yes this is incredibly cringe but urghhhhhhhhhhhhhhhhhhhhh,😔💔😞,0
there's a history for emojis there's a history for emojis that you've used. here's mine ‍‍,😔💔😢,0
"cross posted from my facebook pageso for context, i have been under the watchful eyes of my family this past week as they seem to think i'm readying the noose. they don't get how my chronic suicidal ideation is different from what they experience with depression. it's a long one, so buckle up, lovelies. btw, it did start with a content warning and an urge to program the samaritans number into the reader's phone. i have removed incase it's seen as activism.  ----- i had my first suicidal thoughts around the age of about 12. they got more frequent around 16 and since the age of 18, i have had them every day. that's around 5500 straight days of suicidal thoughts. i am not kidding. obviously, these make it difficult to relate in the same way a lot of normal people do. not helped by the undiagnosed asc, but that's for a separate update to the user manual. my first passive thoughts were weird. i would be sat in school imagining myself getting impaled on one of the metal railings, or in pe running until my asthma caused my lungs to give up, or at home, imagining myself falling through the glass door at the bottom of the stairs... the first active episode was when i was dating b. i sat there for an hour staring at the knife on the table, thinking ""slit your wrists, slit your wrists, slit your wrists..."" i had wished i was dead before, but never been on that edge, so to speak. something truly changed in me that day. i sought help and was put on citalopram. i meditate, medicate and all the stuff you are advised to do. i vowed to spend my life trying to make things better for everyone as best i could. i have done ok, i feel. maybe not the best, but i think i have definitely not made things worse for anyone... except maybe people reading this and having strong negative emotional reactions?  connundrum. btw, the nhs concept that all your issues can be solved in 5 therapy sessions is beyond batshit crazy, i am looking into affordable therapy, but as i have no income... *shrug* and while you're here, please everyone stop telling me i should exercise. i don't get the endorphine rush and suggesting physical activity to anyone and everyone with anxiety or depression as if it's some panacea is (in the language of my people) a 'dick move' . i have suicidal thoughts every day. every. damn. day. now bear with me, because this will seem like a tangent, but i want to steal a metaphor. imagine you come home one day and your fridge is broken. for most people, the choices come down to three potential outcomes: 1) repair the fridge. 2) alter your lifestyle so as not to need the fridge ever again and leave it as it is or... 3) get a new fridge. for me, a 4th option would pop up: 4) kill yourself. seems absurd, right? but there it is, the proverbial option 4. to which i would just answer ""no thanks brain, gonna go with option 1, maybe option 3 if 1 fails."" and my brain would respond with 'ok, here' s what you need to do to fix it...' on bad days though, i would choose option 1 and my brain goes ""but repair would cost money and you don' t have disposable income right now. also, you have no experience doing this. you could break something else while fixing it, and have to start over. you completely have no expertise, you don't know anyone around here who can fix it. buying a new one is easily gonna be ps2000. just kill yourself. do it. you're already surrounded by blades."" and then i will notice that actually, it's just the power is out to the appliances and i will fix it, make myself a pot of tea and cuddle up in a blanket. nothing can predict a bad day, nothing can prevent a bad day. bad days happen. and this is going to be super hard for some of you to read, but after extended periods of bad days, i will have a plan. a note, a time line, a list of people to contact, a method, a supplies list, an estimated cost... that's right, i project manage my suicidal urges. my point is, the intensity of my suicide ranges from ""fuck off, brain, i'm busy"" to ""you do have a lot of good points, and yes, this does seem like the right path, but not right now, let me just sort some stuff out."" now, i have been on medication for a lot of the past 5500 days, and let me tell you, it cuts off the extremes, but it cuts off *both* extremes. i very rarely have the week long logistics planning in my head, but i also don't get the easily brushed off weeks either. when i'm on my meds, i get what i refer to as the 'karen' - that bitch who won't stop telling you how to live your life in the office, or telling you how to drive while car pooling, the non stop, low level annoying voice telling you that you're doing everything wrong, but not bad enough to do anything about. (point to note here: i am terrified of driving, because 90% of my time behind the wheel is the urge to pull into oncoming traffic. i am learning again because i am too isolated at the moment, so you can see why this is a perfectly not ideal situation) i don't know why my brain wants me dead. my life is usually pretty fucking amazing, i am surrounded by people i love and who love me (though primarily online- ldrs *suck* and i have nowhere to bring friends back to in my current living situation so please invite me to stuff you know i will enjoy #subtlehint), i do amazing work when i have work to do (and yes, unemployment seems to be a huge trigger for me), and so on. my life has value, to myself and to others, and i know this. but a part of me is like 'so what? if you're really loved then they'll understand, and your work can't be that good if people aren't willing to pay you for it.' and that's hard logic to beat. i know my triggers, i have 15 years of experience under my belt, it's just not easy to control them sometimes, because many of them rely on people just not making me actively worse. a previous job i had, for a company i respected and trusted, where i was hired to be a manager and then after i left the previous place, they gave me a minimum wage position in london. that destroyed me, my confidence, my savings, i had to work for 2 and a half years to pay back the debts i built up while working for them and when i left, i had to protect their fragile feelings. not having a job is a trigger. not really having a home is a trigger (and no, having places to stay is not the same as having a home, a place in the universe that is actually mine) and not having ready access to my friends and support network is a trigger. the combination of boredom and idiots is also a stressor, i can do one or the other- not both, but this is not a trigger, just something which amplifies triggers. there's other stuff too, envy at not being able to do things with my wonderful partners, at not being able to cuddle people after they have had a bad day, not being able to keep to diet plans, watching my savings dwindle away slowly, these all don't help, but they're not major triggers, just compounding stressors. my point is, sooner or later, option 4 will probably get me eventually. the chances of me dying of old age are *very* slim, but i am working towards it. i will appreciate help, i will condemn people telling me what i should and what i have to do (because guess what? i don't *have* to do shit, i have a 4th option, motherfucker.) and in times like this, i just need people to reach out. when did people stop inviting others out? now if you've made it this far and you want to try and help, there are 2 things you can do, and 1 thing not to do. #don't try and fix it, because it can't be fixed, it is a weird part of me and it's ok, i get that you're panicking, but you need to stop. there is no cure for what i have, and it's only going to be ongoing progress in life which raises my level of good days. the nhs recognises that it can't help because i'm not in crisis, (and god forbid they should give me the diagnosis i need, they may have to give me pip if that's the case!) and none of the quick fixes which work on temporary depression actually help me for more than a month or two. please #do reach out if you think you can help in any way. even if it's 'i saw this job. it's crappy pay, but it's full time, the company isn't actively evil and it's in a city with cheap transport links to london'. i want to thank those people who reached out with my last post on all this, and who have offered me some assistance, which i still need to act on, it's been a busy week. and if you've read this far, please #do reach out and invite me for a tea or coffee, i *sorely* need social interaction while i have the time and need connection with my support network, these really help massively, and i feel like i'm the one organising coffee dates like 90% of the time. thanks for reading. sincerely, still alive.",💀🕳️⚠️😭🧠,1
my crush works for autism speaks  isn't that so sweet she's the cutest,😊🌈🌟,0
"i really wanna die. i think i have gender dysphoria, some days i'm really confident that i'm trans, and other days i'm not sure. i hate this. i'm worried. what if i transition then change my mind? i don't think i'll look good anyways. i care what i look like, i don't wanna look like a man with long hair. i don't wanna look ugly, but i probably will if i transition. sometimes i'm like really confident this is what i want, i wanna be a beautiful girl, i can't stand being a man, i can't live this way. and sometimes i'm ok with being a man, which makes me worry. i worry, is this just a phase? will i get over it? idk i've been feeling this way for over a year.  trigger warning  going into r/transtimelines hurts me a lot, because i either: - see a beautiful women, and get really jealous, and think how i'll never be that beautiful. - see a not as passable women, and get really worried, because i'll probably turn out like them. i'll probably be a really ugly girl. also all the hate is getting to me. ""transwomen aren't real woman"", ""tranny"", etc. i haven't even told anyone irl yet. i worry they'll judge me too. i'm really unsure, and this is really getting to me. i don't know how i'll kill myself, but i'm really thinking about it.",💀😭⚠️🕳️🔪,1
"told my mom i was gay, why the fuck she ain't listen damn, i felt that  i don't wanna be afraid to be myself around my family anymore tired of that",😔💔😞,0
im gonna fucking die i have regents tomorrow ,💀😰⚠️😭😔,0
"so i am not sure what can i do in this provincial i'm staying at my parent's home as it is boring as heck. and problem is i have no friends in real life as in who are someone ""fun"" to talk. just literally no friends to call over phone. i want to do something as fun but i have no idea what to do. no activities around me, nowhere to go etc etc. as someone who never goes to parties and such, i am already fine with staying at one room at the home. the only thing i can do in our apartment is swimming but when i stay in the pool long, my head is starting to ache. also as someone who has a terrible sa, i cannot go out. tried to go out walking, but i have an allergy to walking. any advice is welcomed definitely ",😔💔😢,0
"i'm moving today today's my last day in my current town then i'm moving three hours away summers gonna suck because i don't know anyone, so hmu if u wanna be pals!!",😊😌💪✨🌟,0
"bruh wtf tho i just passed a yard and someone had a sign that on the front said ""nature has all the solutions"" on the back it said ""and masks are not one"" like wtf is wrong with u. i'll post the pic soon but jesus christ my faith in humanity rn ",😔💔😢,0
"does the idea of relationships scare anyone else? stuck at home with a cold so having a little time to introspect and i wanted some other folks opinions or experiences.  i'm 22 and haven't been in a real relationship. i think i'm asexual, so i've never really had an attraction to anyone, like, i've had flirtations and such, but whenever a guy asks me out i always find myself turning him down, just because i'm terrified of the idea of being in a relationship, but like i also kinda want to be in one... is that weird? does anyone else feel anything similar? ",😊🤔🥺🌈,0
"17f, feeling less than human, no other option feels right.i'm not going to act on my feelings yet but they've lasted consistently for weeks now. i'm going to lay out background and whatever else. i'm not new to suicidal thoughts. first thoughts around 14; was bullied and unhappy with how school was going for me. i was accepted into an early college program with a schedule full of classes i wasn't interested in. things were rocky as ever when i started high school. i was fine in english class but not very remarkable in much else. my grades didn't reflect any sort of good that they used to. i had an unsuccessful attempt at 15 over a bad report card grade i had trouble explaining. as a result, i started medications for anxiety and depression back in august (i know, it's a long stretch of time in between, seeing that the attempt was in december). they worked well enough to soothe my physical symptoms, but the pharmacy always gave my mother and myself the runaround about what the psychiatrist prescribed. basically, it seldom got filled on time. the issue has been talked about but no proper change was made. prior to psychiatric involvement i was in school-based therapy with therapists that simply weren't right for me. you know the kind, the ""stomp out those negative thoughts and breath"" kind. tried a therapist in the same facility that prescribes my medication. i was incompatible with this one as well; guessing this particular one was used to younger clients than myself. pediatric care in general feels too ""small"" for me because of my age but there's not much to do but wait. i kept trying with therapists, but the one i felt connected with had to leave the state permanently early this semester to care for sick family. this came as a surprise to me because my school didn't even tell me she left. i was mentally limping from the hurt and shock of failing out of the early college program so things felt more alien than they should have. i was relearning how to handle high school. i found out by going to her office and an administrator simply telling me. a new therapist was hired soon after. things were *okay* for a while but i just couldn't connect with her and recently terminated our sessions. i think the covid-induced teletherapy clarified our incompatibility. in general, i have a problem with connecting to people. i have friends that i talk to regularly but i always feel alien even though we mostly have a lot to talk about. i listen to them talk about their favorite actors, their other friends, and their crushes and i don't *understand* it. i can rationalize and sympathize but it's like i don't have the capacity to understand thinking someone's attractive in passing over being able to recognize actors and be fans of their work or feeling like a song ""saved my life."" i've seldom felt it myself, though. what i have felt, however, are romantic feelings for people that have lasted a year or more. they're always intense. i always ""study"" the person and develop those feelings along the way. i don't always talk about it but i tend to care a lot and get confused when i realize what i feel. i've never had a significant other and sometimes that gets me down, despite my disliking of how high school relationships play out. people have shown interest in me, but the first time, it was mutual but neither of us really wanted to directly confess. he switched schools and didn't really want to hear from me after that. approximately a month after, someone else showed interest but i wasn't feeling the same. we get along but there are things that'd stop a relationship. for one thing, i'm bisexual and he's homophobic. a match made in heaven. i've never been to dances, never found someone attractive simply from looking, and not sure if i'm even capable of a relationship. most people who even find me attractive just say it in passing then i never hear from them again. throw in body image issues, ""wahhh my mom doesn't understand me"" to the nth degree, feelings of being an idiot because i constantly feel on the crux of failing high school (despite having the possibility to graduate early if i play my cards right), and the tiny detail that i get stuck on one topic of interest when i talk to others for too long. then the unintentional rudeness and blocks of text i write trying to explain myself. how i learned what the phrase ""social cue"" meant at 16. you'll pretty much have everything making me feel worthless. tl;dr- not like the other girls teen is bad at school, communicating and connecting with people, can't get a date, and mental health services around here suck. sorry things are jumbled; i have trouble with figuring out how to put things in proper order.",💀🕳️⚠️😭💊,1
"i made it into my dream college! i mean, it's no big deal, just really excited  i don't know if i'll actually go there, depends which universities throw money at me.",😊✨🌟,0
obligatory reminder to keep inhaling oxygen and drink water love you guys ,😊😌💪,0
"after years of being unsure of myself and social anxiety, i finally got a date! hey everyone, i'm kind of new here. i've glanced the occasional thread from here and you guys all seem like such a friendly group! well, i just wanted to ask a little advice. right now i'm 17, and after years and years of fighting social anxiety and obesity, i feel like i've finally found myself and am comfortable in my own skin. i grew up not having any friends really, and in the last few years at high school i made a lot of personal progress. i found out what i want to be when i grow up, where i want to go, and the friends that i feel will be around for a long time. but back to the title, this post is about me finally getting a date! it sounds kinda lame saying that but this is my first date..like ever. what can you all reccomend i do on this first date that would make it likely i'll get a second one? this post sort of became a bit of a rant so thanks for making it this far  but i'd appreciate you people's advice! tl:dr- grew up fat and lonely, found direction in life, now i got a date. what do i do!",😊💪✨🌟,0
"no hud, always makes it better  the title was just to get your attention. but after gaming my whole life and adapting to almost everything. i started getting real bored with shooters & third person action adventures. so, i eventually started playing everything with no hud, to try an up the immersion & atmosphere of every game i play. now, ive adapted to that and get so immersed into everything, i can almost play no other way. playing a game with no hud, can really help reach a whole new level of immersion, excitement & enjoyment. please, give it a try - drew i can't upload any small videos, so click here to check a post i made on facebook. take care & keep gaming <url>",😊😌💪✨🌟,0
"last night, he put on music and we danced in the living room during the bruins commercials and it was the happiest i've been in months. my boyfriend is the opposite of romantic typically. he listens and does small thoughtful things and is the sweetest man but definitely not a romantic fella. anyone dating someone like that knows it's nice when they surprise you with a smooth ass move right??!! anyway, we're streaming the bruins game, from basically 100 yards away from the actual game because who can afford rent here and those tickets, and a commercial break comes on. they're silent commercials, just a nhl screen and silence. he immediately puts on some music and pulled me up from the couch and just started nice dancing with me. he tried to dip me and tripped and we fell on the couch and just lost it. i haven't laughed so hard in a while. after we won(duh) we went for pizza, still on that wildly happy energy, and we're joking around and just generally acting like in love teenagers in the little pizza shop. we are um, definitely not teenagers (don't ask a lady her age y'all) and this morning we snuggled until i was almost late for work rather than us both bolting up out of bed and starting our day immediately like we usually do. i loved it. i've had a smile on since. (and don't tell him but i may be getting tix to game 2) anyone else been just having a fantastic end to their week so far? ",😊😌💪✨🌟,0
"dear neighbor in apt 2... i don't give a fuck what your problems are with your boyfriend. if your going to yell at each other with your door open, don't say stupid shit like drop the knife multiple times. i would prefer not to have someone murdered next door. i'm to lazy to move. so yes i called 911 to report it. you both apparently fooled the cop and got him to believe that you didn't say it. but i know you said it. ",⚠️🔪🚨💀🕳️,0
has a tv show ever shown nipples  just wonderinglol,😊😌✨,0
"my five month old suicide notei'm 18 and not once have i felt fucking normal on this earth. never fitted in, always left out. my friends aren't my friends. all i am is a punching bag to them. i have no friends, no relationships besides my nanny. all i think about is not being here. what if i wasn't? all i am is a burden to everyone. my exam results have only gone down over the years and i've failed this years without even getting the results. i'm already repeating a year. a repeat fucking dropout? would you be proud of me if i was your son ? i'm not an academic person and i've explained this to my parents but they don't listen, both graduates from university, sister currently at uni. all they know is education education education. its not me my dad hounds me and hounds me. i've stopped playing sports and he fucking hates me for it. i can tell he's disappointed, i can see it. all i do is fucking work. shop 4 times a week and working in the bar till 2 am on minimum wage. i can't take it anymore, i can't. i lie in bed constantly exhausted. no more gym, nothing. i hate myself for forgetting about the gym. i have the body of a 14 year old girl as i've been told by my 'friends'. i've had suicidal thoughts since i was 14. fantasying about cutting myself and ending it. these were just thoughts. but around october 2018 i met a girl while working in the bar. i hadn't seen her in around a year and she transformed into the most beautiful girl i had ever seen, perfection. i got that special feeling as soon as i saw her at the bar. her eyes were so big , so pure and so blue with her shoulder cut hair and edgy/unique style. i used to work with her best friend so she got me talking to her. i don't if it's possible to fall in love with someone after meeting once one on one, or if it's just obsession. for the first time ever i got that feeling and i still have it months after we've stopped talking. she was just out of a relationship of two years and wasn't ready for anything. i hid my feelings for too long and fell in love with her. we were exclusive but she would go out and get with someone; actually the same person multiple times + her ex boyfriend at the same time , and me. i couldn't let go of her. she was and still is my everything. constant fall outs and fights and not being 'ready for a relationship ' led to her going on a date with her ex ex boyfriend and didn't tell me. i couldn't take the up and down swings of us anymore. 1 month later they're in a relationship. i've never gotten over you e, i would do anything to hold you in my arms again, to have a cigarette, to hear your laugh , your voice; you. the things you say and the way you say them but why ? why would u do that to me ? i would've done anything for you, i gave my everything but it still wasn't enough. thanks for the good memories that we had, i'll take them with me wherever i go. this is fully my decision. mum you did try. you tried to understand what was going on and i'll always be thankful for that. dad there's a lot more to life than money. happiness or being content is all i ever wanted. h you were a good sister, you always looked out for me, in your own bitchy way but you can achieve anything you can put your mind to. i've never belonged anywhere. i'm not suppose to be here and i've reliased that and accepting it. the only person i genuinely like is my nanny but she has heavy dementia and a severe heart problem. i hope your number of days left greatly exceed mine. you are an amazing woman and that will never been forgotten. i'm sorry. i'm sorry. i'm sorry. : i planned to end everything on the 1st of june after my exams had finished. on the 30th of may my mum told me i had a doctors appointment that day. i decided why not? i was put on 30 mg mitrazaphine for around 5 months. i reconnected with an old friend over the summer and have been best friends since. his best friends become my best friends. i finally felt like i belonged in a group a people. we all liked rap, fashion and being weird + ourselves; stuff people where i'm from aren't into. that summer has been the best of my life. i went to concerts +raves and starting smoking weed and took mdma a few times and some of my best memories are due to drugs. if used properly they really can be life changing. without school i couldn't become a nurse, my dream job. i quit both of my terrible jobs and went for a job that will lead me to nursing within two years. and i got it, first time being fully independent and i couldn't be in a better position if i planned. i have my friends, my career and my own control of my happiness. i've stopped my medication with the doctors approval and i've never felt better. give life that chance. please, thanks for reading r",💀🕳️⚠️😭💊,1
"you know what i really want/need right now? so i enlisted in the military a few months ago(bout 8mo?) and i haven't been able to do this since then because we're not allowed to. alright so, i used to live in the best state in north america, california of course :) lmao and the sun was always out i didn't care how fucking hot it was i always enjoyed this. i'd go from my house, make a quick stop at the grocery store, get a ""bang"" energy drink, get in the car and blast my music and ac. i'd drive like 2x around the city before finally stopping at the gym then blasting my music on my airpods. shit i miss driving  did i mention going 75 on the highway?",😔💔😢,0
"my brother gave me a fright. i'm grading papers tonight (i had a crazy week) and i like to listen to music while i grade and write annotations, notes, grades, comments, etc. i simply decided to reach for something and i saw my brother walking into the room because he forgot his frigging jacket. it's almost midnight, the flat is super quite and i have this little shit walking on me all dressed in black and i didn't hear anything because of my music. i let out a scream and i made him jump too  anyway...after almost fainting i decided to come here, tell you lovely people about it...now...tell me...have your ever had anything like this happened to you before? have a lovely week, reddit!",😊😌💪✨🌟,0
lol pls help i've been taking daily walks for my mental health and now i forced my feet and can't really walk without pain ,😔😢😣,0
"life sucks probably going to live stream myself ending it.idk what i'm working towards, i feel empty. nothing makes me happy, i'm unable to connect with people, and i hate the routine of it all. idk why suicide is even considered some bad thing, death might actually be nice. to whatever family cares, and if i have any friends close enough that they'd care  out see you on the other side, or maybe i won't who cares",💀🕳️😭⚠️🚨,1
happy birthday!!!  it's not actually my birthday and it might not be yours either but it's almost certainly somebody's birthday  anyways thank you for attending this ted talk,😊😌✨,0
voice breaks hit hard today... my google assistant doesn't recognize me anymore ,😔😢😞,0
"ask an epic minecrafter whatever  and yes, i will forever be a virgin",😔💔😢,0
"the autism media warns people about so, today i saw a pic that reminded me that this month makes a year since i the last time i tried suicide. then it hit me that i: hardly verbal sexually abused really like true crime and stuff like violence and morbidness in general huge gamer got bullied and beaten lots at school pervert yell, points and slam hand on stuff when arguing only 2 friends, we talk like once every 2~3 weeks had an abusive ex haven't gone out my house at all this month depressed tried suicide more than one and almost got to it i feel like shit. it hurt me lots seeing people looking to further ostracizes people like me. i'm not violent and wouldn't hurt anyone, nts can be all like ""i want charles mason to fuck me"" and no one worries. but everywhere there's tons of warnings about weirdos like me. i'm sorry if i give out a bad impression about the community. i'm tired, feel like garbage",💀🕳️😭⚠️😔,1
i need constant attention 24/7  aaaa i'm such an attention whore  just me? ok,😔💔😢,0
how do y'all feel about south park? sep 30!!!!! i can't waittttttttt cartman is going to go crazy i bet ,😊😌✨,0
9f  not like other girls  ama  delete,😔💔🕳️,0
"been suicidal for 1 month now, cant talk to anyonehardest 6-8 months in my life, been drinking seriously for 2 months now, was on 5-htp for 1 month until a 800mg overdose and i puked. nothing works out wellz everything collapses around me and no friend of mine can help me, and i dont want to put such a weight on my parents' shoulders. been thinking about death and how life would be afterwise for some time, and im losing performance at my job, gym, writing, even dating. i became completely introverted, whereas im super extroverted and i need to be around ppl to be fulfiled. i just dont want anyone around me. i texted the person who got me to this stage (amongst other things), read but no response, its like absolutely no care. i wrote an official last wish, in which i name the things relevant to name to whom id pass them. for the past few weeks i found that literally nothing brings happiness anymore, from hitting the gym, or the boxing bag, through playing video games to even jerkin it off. a salary raise didnt bring any either. nothing. i just cant. also im facing minor insomnia so sometimes i cant even fall asleep to find peace at the end of a day. with 5-htp i failed so i'll def. make sure it works next time, i just havent done it. for the survivors, why did you not end it after? i cant see any other way out... i appreciate any form of help! ",💀🕳️⚠️😭💊,1
"lmao am dead rn am in class and some guy just said "" ill fuck you hard like a tictac """,😊😌💪,0
"guy i have a date sooooo, there this girl i like and have liked the whole year. today, we were signing our yearbooks and her and her friend said that the robotics squad should all hangout( that's where i got real close to her) i said i would be down and she asked for my number. we exchange numbers and now i have a date to go watch far from home. i've had a rough love life, but this does put a smile on my face.",😊😌💪✨🌟,0
do you ever see a girl and think to yourself god i wish i could hold your fucking hand rn ugh ,😔💔😢,0
"genuine question mainly aimed at black/african-american people and people of color question:if a non-black person uses the n word in a non offensive or racist context,such as rapping to a song or if actors had to say it for the script, does it offend you and do you assume that they are racist? my pov:ive watched alot of tik toks/videos that entail racial jokes, and ive seen several comments saying:""im (person of color) and i found this funny"".or something between the lines of ""we found it funny, the white girls are the ones that are offended"". it seems to me that most of the time, the people that are least offended are the people of color. in my opinion, we should stop taking everything too seriously. including the ""super straight"" thing that is going on. lets have a laugh and stop being my bad if im generalizing alot, but feel free to let me know your pov",😊😌💪✨🌟,0
"i just want to go so badly but i have obligations. i'm supposed to be looking after my sisters (the golden child) pets while she's out of town having a life and friends. as much as i want to say fuck it and just get it over with, i don't want to prove everyone right that i'm a worthless fuck up after all. i hope i get hit by a truck ",💀🕳️😭⚠️💔,1
minecraft theme but the theme has rtx on(with rain) <url>,😊🌈✨,0
i have an armpit fetish im sick ,😔🤢😳,0
"goodbye i won't be saying goodbye to my loved ones, but i want to share the great news that i've decided again! people will stop me if i tell them i love them and miss then and that i am ending it all. it's not their choice; it's my choice. i love you all. thank you for the community. if i get stopped, i guess i'll see you around. if i am successful, please be kind to yourselves.",💀🔪🚨⚰️😭,1
blow up my phone please i'm next to this girl and i'm trying to look cool  ty gamers,😊😌💪,0
"on the brink of insanity (insert screaming at top of my lungs here) not much more i gotta say or wanna say. just tired of everything. probably gonna off myself one of these times, going speedrunner route with my life ",💀⚠️🕳️😭🚨,1
can i just shout out my boys over at r/comedynecrophelia  check out these hawt babies if you like #unfunnyandcringe memes that have been butchered to the brink of death.,💀🕳️⚠️,0
"people on this sub are always like 'aha im such a virgin ' i bloody well hope so jeremy, you're 14. go read the bible.",😊😌💪,0
what if elon musk sent a car into space because it's a jojo reference dwvrvwrdvrdwbefrbfrshfryvbdydrvbfrdfggjydrdgygvbbvh,😊🌌🚀✨,0
"recommendations for fantasy books gday guys, i'm looking for a new series to read but i'm having trouble trying out any new authors. i spent my teenage years reading david gemmel and raymond e feist and am still absolutely obsessed with them (re-reading one of their series at least once a year) but i would love to branch out and find some more similar authors. it seems any other author i try out in this genre is rather tame and i'm looking for more graphic novels that don't skip out on the gore of battle or sexual encounters. i really enjoyed brent weeks, night angel trilogy and obviously game of thrones. sorry if this has rambled on bit, i'm on night shift and my brain isn't working well ",😊😌💪✨🌟,0
"i'm such a bitch yup, i figured out that i just can't carry on any more. i see no future for myself, i have nothing else in the tank. i just want to feel nothing instead of the constant noise in my head i've just stopped my meds, though i could carry on. i keep looking at the blade next to me. i'm going out tonight to get blackout drunk to stop the pain, i'll be ok with strangers but when i'm home, i can't help but think of things to hurt myself with, i could quite happily go to a bridge and just fall, no qualms about it but i don't want to affect total strangers. it's physically hurting me inside and i want it to stop so fucking bad ",💀🔪🚨🕳️😭,1
"how do i convince my mum to let me wear a skirt to school this year? people already think i'm a boy with boobs because of my short hair and if i wear a skirt, at least they'll think i'm a femboy ‍ bruh i hate school uniform",😔💔😢,0
"my (22m) girlfriend (23f) still in love with her ex? so i have been with my gf for about 1,5year now and things have been amazing. great sex, plans for future and i feel that we really have a connection. she is my first relationship, and probably a first person i truly opened up to. so this is a bit hard for me. she also tells me how i'm the one, and it really seems like she loves me a lot. but her ex which she had a lot feelings for and was still texting with during the start of our relationship and never told him we are in the relationship until i asked her if he even knows about it, she said no and started crying (this was all in the beginning of the relationship) he recently got back from the states to europe. thing is their relationship didn't end bad, he just had to leave to us for work experience. so i was little sus and i went through her phone because i felt something is off. i knew her ex was coming back to town for a weekend. the other night and i saw text messages with her girl-friends and how she was boasting about her ex, that he is back in town, and she is nervous and that she still keep on dreaming about him etc etc. she also said ""if he would atleast text me"". or something like that. which is the main reason i'm mad. she also still follows him on social media and everything. i dont really care about a ""like"", but when you like all of the recent posts and know someone is coming back in town, ‍. i'm not at all interested in being a number ""2"". and seeing her this ""thirsty"" is just really off putting. so i'm really distanced now and thinking about breaking things off really, but it's hard when we have plans and the love i thought we both had for each other, aswell as i don't want to bring this up, because she would knew i went through her phone. tl;dr i went into my gf's phone because i felt something is off, then i saw texts, talking pretty ""excited"" to her girl-friends about her ex that is coming back to town and ""wished"" he texted her.",😔💔😢,0
i'm so lonely omg haha uwu i wish i had a bf  in b4 'same but with a girl' & 'rip dms' literally nobody dms me there aren't as many simps in new as in hot,😔💔😢,0
"looking for a certain book about a girl with telekinesis i remember reading this young adult novel about a girl with telekinesis. the only part i remember is that she couldn't remember anything. there was a part where she was in some type of group home with a bunch of other girls with powers. at one point they were trying to convince her she was at her home and there were pictures in her room but none were of her, they were all of other girls that were supposed to be 'her friends'. i hope somebody can help me ",😊😌✨,0
she said yes!  my mom said that i could have my friends come to my epic sleepover.,😊🌈✨,0
he been ignoring me frfr i know hes about to cut me off <url>,😔💔😢,0
text only weekend is wack i only like this sub for the dank memes ,😊😌💪,0
seems like everything i've done has been in vain if i stop talking to her she'd probably never think of me another time fun ,😔💔😞🕳️⚠️,0
"me. everyday i wake up, get ready, go to school, come home, eat sleep and repeat. i experience huge amounts of stress, no matter how much i study i cannot achieved what is needed for my program. i don't even want to become a nurse anymore. i thought i could help people but i'm not cut out for the job especially when i can't get through my pre reqs. i have a loving boyfriend. he is my world, he helps me stay the person i am deep down. he's the reason i made it through high school and am where i am right now. i helped him too, we compliment each other. i love him dearly and i know he loves me. this is why it's so hard for me to go. i have dreams, goals and aspirations i want to achieve, with him by my side. but i'm not going anywhere. i have a loving mom and dad; my brothers drive me crazy but they mean so much to me. i don't come from a broken home. so how come i am so lost? i feel broken. i don't trust in people anymore, for everyone i have has let me down in ways i wouldn't have ever thought possible. betrayed trust is a recipe for disaster.. there's no going back. i lost a bit of myself each time it happened. i severely struggle with it. there's not a day that goes by where i don't think about all the people who have done terrible things to me. the truth is i can't get over it because i will never be the same person anymore. i will never have a best friend that i will 100% trust. i will never feel comfortable with them around my love, and when they are around other people. i cannot trust anymore. i am scared of heartbreak, i am scared of losing the people i love. i never want to feel that alone ever again. but i really am that alone even if it's not the first thing on my mind anymore. i have no friends because everyone hates me. people say ""nobody hates you, you're liked..."" blah blah blah. then why was there a group of girls whose mission was to make my life miserable in school, during sports, online, and at work. i'm still angry at them. they made me lonely, they made me miserable and most significantly, they made me really sad. sad to the point where i often stay up crying for hours silently so nobody hears me. i cry because it hurts. i cry because i have no one. i don't have people in my life who i can invite to things or who invite me. i'm almost always alone. i don't fit in with what's cool. i hate drugs, alcohol and parties. social situations make me shake, confrontation makes me shake. this is all because of the last year and a half. i never used to be this version of me. the first time i experienced an anxiety attack, i thought i would be alone at grad. i couldn't reach my boyfriend, and i cried all of my bio class in the washroom. all i wanted was to not feel so alone for once, i wanted to go with him and not have the manipulative malicious girls take the one person who made me feel okay, away from me. i couldn't stop shaking and i honestly kept wishing i hope i'd just disappear. i almost committed suicide a few weeks after. my boyfriend actually found the message on my phone. in that instant i almost felt like i didn't exist. i was washed over and my emotion had gone. then it came back only i felt guilty. i broke my bf, i made him cry. that was one of the worst feelings i've ever felt. i thought he would just move on quickly and i still think he would be okay to this day. but that's something i've forced myself to believe because he too is sick. i could not live without him, so how could i leave him in this state?! right now, the urges come and go. they freak me out sometimes, i feel like i almost wanna jump in front of a bus or a train sometimes when i'm standing right there. but i can't because i now understand the pain if leave behind. i just want to feel the way i did a year and a half ago. i want to be me! is that too much to ask for? i'm sorry if i cannot make it, just know i've always tried. i've always tried my best to make you feel extra special as mine. please tell my family i loved them they were always my home and my safe spot. so just in case... i love you babe! thank you for always being mine  you were understanding when i was upset, you treated me well. you made me the happiest girl ever when we hung out. i wish i could always feel like that. my favorite days were full of kisses, cuddles and chicken tenders. thank you for being you.. you are my world! you stuck by me through thick and thin. you deserve so much happiness and love. i tried to give you everything i could. please don't forget about me and all the memories we made. i will watch over you, just please hang on. i love you handsome you're my sweet pie :)",💀🕳️😭⚠️,1
"weekend chit chat - time to sit back, grab a cup of coffee, relax and chat about anything really. it's the weekend woo, [**friday**](<url>) what a wonderful day! a few general questions to start you off: 1. *any weekend plans?* 2. *how was your week?* 3. *what the heck is 'last thursdayism'?* a few subreddits of interest: /r/self, /r/friday, /r/weekend, & [more-](/r/casualconversation/wiki/director) --- woot ######join us on: [discord](<url>) [irc](<url>) [orangechat](<url>) * [introduce](/r/casualconversation/search?q=title%3aintroduction&restrict_sr=on&sort=new&t=all#int) [relationship](/r/casualconversation/search?q=title%3arelationship+megathread&sort=new&restrict_sr=on&t=all#rel) [vent](/r/casualconversation/search?q=title%3avent+megathread&restrict_sr=on&sort=new&t=all#ven) [celebrate](/r/casualconversation/search?q=title%3acelebration+megathread&restrict_sr=on&sort=new&t=all#cel) * [minecraft](/r/casualminecrafting#min) [music](<url>) --- ^**feedback?** [^message ^the ^mods](<url>) ^or ^head ^to ^our ^metareddit ^/r/ideasforcc. ^stay ^updated, ^follow ^our [^live ^thread](<url>)^. ^ ^made ^with ^",😊😌✨,0
no more monkeys jumping on the bed #eur|^~*!|*!~^\|>|*|!\*{!eur|*]eur{*{>|\^>]^|?\>|?|^|!|*|!\~~ps]ps~+|ps,💀🕳️⚠️,0
i just got whipped by a cord right in the didnt hurt tbh,😊😌💪,0
"you ever be like ""‍‍‍‍‍""",😔💔😢,0
"gonna be a long night. so very early saturday morning we had a tornado hit us. (there were 4 in the area) everybody got their power knocked out, some houses and buildings were damaged, some people still don't have power. and they're telling us that tonight should be just as bad and we might get hit with another tornado. all the surrounding towns are already getting hit. sooo, yeah tonight should be interesting! at least we are prepared this time... ",😊😌💪✨🌟,0
mom found my drugs jokes on her i hide my second stash somewhere else ,💊🕳️⚠️😰💀,0
"why does the world hate me?just a quick heads up this post might be kinda lengthy so yeah, you've been warned  i am honestly just so frustrated right now. for about the past month (give or take a few weeks) i've been super depressed and having thoughts of killing myself. why you may ask? because i feel like i've been let down and merely pushed away by the world. ever since 4th grade i've struggled with being bullied/picked on. now to be fair i haven't always been the most normal person, but still i feel like i have always been the person people love to single out just because i'm different. the 1 thing that i have always tryed to offer to those around me both at work and at school is kindness. now to be fair a lot of the adults in my life have reciprocated that motion but do you think my peers have? f*** no! all throughout school i really only had 5-7 true friends at one time meanwhile everyone else just pushes me aside or decides to use me because of my compassionate nature. it truly baffles me how people just seem to hate kindness nowadays. so what you're telling me is that you'd rather have me treat you like a ball of s*** and be rude rather than try to be nice? well how the f*** does that make any sense?!? long story short i've just always felt like the odd one out. like i love that adults are usually kind but it's just not the same as being accepted by your peers if that makes sense. then about 1 year ago, i was diagnosed with depression. i did go to a hospital/rehab kinda place earlier this year and while that was somewhat helpful, it really just showed me where i don't want to end up when i feel depressed. so now i feel like i have to bottle all these emotions up inside me out of fear of going back to the rehab center. i just hate having to suffer through this all alone (excluding people here on reddit it's great knowing that i'm not the only one who feels this way). lastly, i've really just struggled even staying alive this week. i have gotten to the point where i am so depressed i want to kill myself so bad, but the 1 thing that's stopping me is those that i'm close to, in particular one of the few close friends i have left. she's been through a lot lately and my fear is that if i take my life, that would push her over the edge. at the same time though, i kind of hate having to keep suffering each and every day just to keep others happy it just doesn't feel right to me. anyway that's all for now i just needed to vent a little. thanks to anyone who's taken the time to read through this whole thing it means a lot. :)",💀😭⚠️🕳️,1
"see my post! [nsfw] see my post! see my post! take one look and be engrossed! it's completely fucking pointless! does it all rhyme? well almost. suck my dick! on your knees! gonna talk back? nigga, please. try the white stuff! it's delicious! don't believe me? ask them bitches! you got flair? i don't care cause i shit-post everywhere and my shitposts are the ones that matter most! my dick, go on and pull it and quit with all your bullshit! see my post! see my post! see my post! see my post! see my post! shit gets looked at coast to coast and if it's not completely shit it's pretty fucking close! be a cunt, if you want pull your faggot downvote stunt! i can hear y'all bitches crying and i'm saying, man, don't front. you can shit in this thread cause your moms all gave me head which i've heard is not a good reason to boast! so stop your faggot whining and give this dick a shining!  see my post! see my post! see my post!  .",😔💔😡,0
"my crush devoured my face i swear i'm so glad i chose to sneak out man , so here we go. i'm a sophomore and she's a senior and i've been doin online school this year so we've been on and off , i just got snapchat back and i forgot i had her still. later i get a text from her saying how i been, you know typical convo. then she goes to wanting to meet up in this cold ass weather (i'm in florida btw for some fucking reason it's like 50 rn) and you know i said sure. so boom like 12 am hits and i'm ready to meet her, so i skate to this closed store and i meet her. we smoked, talked about life, and we just roamed around. bro i was so cold i was shaking, i could tell she was too. so we found this i hop that was building up not finished yet so we duck inside there and we just chill. i try to do my best to impress her by asking if she's ok and if she wants my jacket. she kept smiling like alot . so boom we sit down, we talk about each other's looks and shit lmfao, then she was like how she liked me ever since i came to that school. and i couldn't believe it because i couldn't believe a senior girl was telling me this. but time goes on she starts flirting wit me and puttin her  literally right next to my face and showin her ass in front of me. i could tell she was givin signs. then we was sittin down and we was literally just staring at each other . then i tried to change the subject cause i was gettin nervous, then she fucking pulled me in and devoured my lips bruh like i can tell she was waiting for this moment i did not know this was gonna happen, like dawg omg bro i can't explain how good that shit felt. we kissed for a good minute, probably more. one of the most craziest nights of my life. and lol we almost got caught hangin in that construction zone. she wants me to come to her crib sometime also ",😊😌✨🌟💪,0
i am (15f) and have been living in the hospital on and off for a month i am so tired everything has become a struggle i am sorry that this is poorly written i don't have the energy to fix it but im too stressed not to rant and i am terrified to go to school tomorrow because i don't think ill be able to make it through the day i spent most of easter asleep in my room the doctors believe i am developing crones and found an infection throughout my digestive system every time i had an issue with anything i talk to my boyfriend but my boyfriend has become my ex-boyfriend because two days after our one year he broke up with me via text i don't know who to talk to anymore luckily i just got an old best friend back but other than that i just need to be cheered up today was also extra hard for me because it was the first easter with out my grandpa im just in need of thoughts prayers and positivity i appreciate jokes and puns as well i also enjoy finding new fun sub reddits thanks for reading have a very good day and i am sure you are a lovely person ,😔💔😢😰⚠️,0
"read this or don't. everything's meaningless and i'll probably be gone before you respond. i'm 20 and i've been depressed for as long as i can remember. i've been suicidal from a young age (11), and it is finally time i follow through with my decision. the only reason i've made it this far through life can be put to one word... ""mum"". mum, if you manage to see this please know that i tried for you. i promise that i never wanted to leave you like this. i only ever wanted to make you proud and love you forever. i can't take this anymore... please believe that i tried. if it wasn't for you, i never would have made it through highschool and i will always love you for that. i just wish i had the strength and stability to continue... goodbye kelly  -brandon",💀🕳️😭⚠️,1
