user_id,emoji_sequence,label
n-0002,"😊😌💪✨🌟,✨💪😊🌟,😌🙏✨,😊💚🌟🙏,🌈✨😊💚🌟,,😊✨🌟💪🌈,😊😌💚,🌟💚🙏,😊✨🌈,😊😌✨🌈,😊💚🌟🙏,😔💔😞,😊✨🌟💚,😌💪🙏",0
n-0005,"😊🌟💚,😊🌟💚🌈,😊✨🌟💚,😊✨🌟💚🌈,😊✨🌟💚😌,😊✨🌟🌈,😊✨🌟💚😌,😊✨🌈💪,😌💪🌈,😊✨🌈,😊😌✨🌟,😊✨🌈,😊😌✨🌈,😊✨🌟💚,😊😌✨,😊✨💪🌟🌈,😔😢😣💔,😊✨🌟💪,😊✨🌟💪,😊✨🌟,🌈💪✨,😊✨🌟💚,😊✨🌟,😊✨🌟💚,😊✨🌟,😊✨🌟,😊✨🌈,😊🙏💪,🆘😰⚠️🌑,😊✨💚,😊✨🌈,😔😣😩😞,😊😌💚🌟,😊😌💪🌈,😊😌✨,😊✨🌈,😊😌💪✨,🙏💪😌🌟,😊🌟🙏💚,😊✨🌟🌈,😊💪✨,😊✨🌈,😊✨🌈💚,😊✨🙏🌈,😊😌✨🌈,😊✨🌟💚😌,😊✨🌟😌💚",0
n-0007,"😊😌✨🌈,😊✨🌟💚,😊✨🌟,😊✨🌟🌈,😊💚🌈,😣😩😔😞,😊✨🌟🙏,😌💪🌟💚,😊✨💪🌟,😊😌💚✨,😌💪✨🙏,😊💪✨🌈,😊✨🌟💚,😊😌✨🌟,😊💪✨🌟,😊✨🌟💚,😊✨🌟💚,😊🌟💚✨,😊✨🌟💚,😊✨🌟,😊✨🌟💚,😊🌟💪🌈,😊✨🌟,💪😌✨🌟,😊😌🌟💚🌈,😌💪🌈,😊😌✨🌟,😩😔😞,😊😌💚🌈,😊😌✨🌟,😊💪✨,😊✨💪🌈,😊🌟💚,😊🌟💚🙏,😊💪✨,😔😞😩😣,😊💪✨🌈,😊😌✨🌟,😔💔😢😖😩,✨🌟😊💚,✨🌟😊💚,😊✨🌟,😊✨🌟💚,😊✨🌟💚🙏,🌟✨😊,😊🌟✨💚🙏,✨🌟😊💚,😊✨🌟💚,😊🌟🙏💚,😊✨🌟,😊✨🌟,😊✨🌟💚,😊✨🌟💚🌈,😊✨🌟,😊✨🌟💚,😊✨🌈💪,😊✨🌟💚🙏,🌟✨😊💚,😊✨🌟,😊✨🌟,😊💚🌈✨,😊✨🌟💚🌈,😊✨🌈,😊🌟💚,😊✨🌈,😊✨🌟,💪✨😊,😊💚🌟,😊🌈💪,😊✨🌟,😊✨🌟,😊✨🌟💚,😊🌟🌈💚,😊✨🌟,😊✨🌟,😊✨🌟💚,😊✨🌟,😊✨🌈💚,😊✨🌈💚,😊✨🌟💚,😊✨🌈💚,😊✨🌈💚,🙏✨😊💪,😊🙏✨💚,😌💪✨,😊😌💪✨,😊🌟💚,😊✨🌟,😊✨🌟💚,✨🌟😊",0
n-0008,"😌🙏💪💚,😌💚🙏,😌💚✨🌈,😊🌟💚,😊✨🌟,😊✨🌈,😔😞💔,😌🌟🙏💚,😊😌🌈✨,😌✨🙏💚,😔😞😢,😌💪✨🌈,😊✨🌈,😌🌟🌈💚,😔😢😞😣,😔😞😣😩,😊✨💚,😊😌✨🌈,🌑⚠️🆘😰💀,🩸🚨💀😰,😊😌✨,😰😢🌑🆘,🙏💚😌✨,🆘😰⚠️🌑,😊✨🌟,😊💚✨🌟,😊😌✨🌈,😊💚✨🙏🌈,😊💪✨🌟,😊😌💚🌈,😊😌✨🌟,😊💪✨🌟,😊💚✨🌈,😌💚✨🙏,😌💚🙏✨,😊✨🌈💪,😌😊✨🌈,😌✨😊💚,😊✨🌈,✨🌟😊💚,😊✨🌈,🆘😰⚠️🚨,😌💪🌈,😌🌈💚,😌💪💚✨,😊😌💚✨,😊😌✨🌟,😊😌✨🌟,😊💚🌈,😊😌✨🌟,😊✨🌟💚,😊✨🌟💚😌,😊✨🌈,😊😌✨🌟💚,😊😌💚✨,,😔😢😩,😊😌🌟✨",0
n-0016,"✨🌟💚😊😌,✨🌟😌💚🌈,✨🌟💚,✨🌟😌💚,✨🌟😊,✨🌟💚😌,😊✨🌟,✨🌟💚,🌟✨🙏,😊✨🌟🙏,😊✨🌈,✨🌟😊😌💚,😊✨🌟,🌟✨😊,😊✨🌟,😊😌💚✨🌈,😊🌟💚🌈,✨🌟😊,✨🌟💚,✨😌🌟,😊✨🌈,🌟✨💚,😊✨🌟,😊🌟🌈,✨🌟😊,😌🙏💚✨,😊😌✨,😌💪🙏🌈,✨🌟😊😌💚,😊🌟💚,✨🌟💚🌈,😔😞😣,✨🌟😊😌,😊✨🌈💪,✨🌟😊🙏💚,😣😖😩😔,😊✨💪🌈,😊✨🌈💪,😊✨🌟💚🌈,✨😊🌟💚,✨🌟😊,😔😣😞,😊😌✨🌟💚,😊✨🌈,😊✨🌟,✨🌟😊,😊✨🌟🙏💚,✨😌💚🌈,😊✨🌟😌💚,😊✨🌟💚,✨🌟💚😊,😊✨🌟💚,😊🌟💚✨,✨🌟💚😊😌,✨🌟💚,✨🌟💚😌🙏,😖😩😔,😊😌💪✨🌟,✨😊🌟,😊✨🌟💚,🌟✨😊,😊✨🌟🙏,😊😌✨,😊😌✨,✨🌟💚😌🌈,💪✨🌈😊,😊✨🌟,💪✨🌟🌈,😊✨🌈,😊😌💚✨🌈,😊✨💚🌟🌈,😔😣😖😩,✨🌟😊,😊😌💚✨,😊✨💚🌈,😊😌✨🌈,😊✨🌟,😊✨🌈💚,😊😌✨🌈,✨🌟😊💚,😊😌🌈✨,✨🌟😊🙏,😌💪🌈,😊😌✨🌟,😊💪🌟,😊✨🌟,😊✨🌟💚,😔💔😞😢,😊✨🌟💚,😊✨🌟,😊✨🌟💚🌈,😔😞💔😣,💚🌈😌✨,😔😞💔😖,😊✨🌟,😊😌✨🌟💚,😊😌✨🌟,😔💔😞😩,😌💚🌟,😊😌💚✨",0
n-0018,"😊🌟💚✨😌,😊💪✨,😊✨🌟,😊✨🌟,😊🌟💚,😊✨🌟💚,😊✨🌟,😊✨🌟💚,✨🌟😊💚🙏,😊✨🌟💚,😊✨🌟,😊✨🌟,😊😌✨,✨🌟💚😊,✨🌟😊💚,😊✨🌟,😊✨💚🌟😌,😊😌✨🌈,😊✨🌈,😊✨💚🌟,😊😌💪✨🌟,😊✨🌈,😊💪✨,😊✨🌟💚,😊✨🌟💚,😊💚✨,😊✨🌈😌,😌💚🌈✨,😌💪✨,😊😌✨🌈,😊🌟💚,😊💚✨,😊✨🌟,😊🌟🌈💚,😊😌✨🌈,😊✨🌟💚,😊✨🌈,😊✨🌈💪,😊😌✨🌈,😌💪🌈,🙏💚✨😌,😌✨🌟,😊✨🌈💪,😊✨🌟,🌟✨🌈,😊✨🌈💚,😌💚🌈,😊✨🌈💚,😊💚🌈,😊✨🌟💚,😊✨🌟,😊😌✨🌈,😊✨🌟,😊✨🌟,😊🙏✨,😊✨🌟💚,😊✨🌟💚,😊💚✨🙏,😊✨🌈,🙏✨😊💚🌟,😊✨🌟💚🌈,😊✨🌈💚,😌💪✨🌈,😊✨🌈,😊✨🌟💚,😌🙏💚✨,😊😌✨🌈,😊✨🌈😌,😊✨💚🌟🌈,😊😌✨🌟,😊✨💚🌈,😊✨💚🌟😌,😊✨🌈💪,😊✨🌟💚,😊✨🌟,😊✨🌟,😊💚🌟,😊✨🌟💚,😊✨🌟💚😌,😊💪✨,😊😌💪✨,😊😌✨🌈,😊💪✨🌟,😊✨🌈💚😌,⚠️🚨😰🆘,✨🌟💚,😊😌✨🌈,💪✨🌈,😊💚✨🌈,😊✨🌈,😊🌟🌈,😊💪✨🌈😌,🌟😊🌈💚😌,✨😊🌟🙏💚,😊😌✨🌟,😊✨🌈,😊✨🌈💚,😊✨💚🌈,😊🌈✨",0
n-0020,"😌✨🌟💪,💪✨🌟,😊✨💪🌟💚,😌💪🌈✨,😌💪✨,😊💪✨🌟💚,😌✨🌈,😔😞💔,😌✨💪,😌✨💪,😌💪🌈,😊✨🌟,😌💪✨🌟,😔😞😣,😌💪🌈🙏,😊💪✨🌟,😊✨🌟,😊😌💚,😌💪✨🌟,😌✨💪,💪✨😌🌟,😌🙏💚,😌💪✨🙏,😌✨💪🌈,😊✨🌈,💪✨🌈💚,😌💪🌟🌈,😊😌✨🌈💪,😔💔😢,😔💔😞😩,🌟✨😊🌈,😩😔😣,😔💔😞😣,😔😞💔😢,😊✨🌟🌈,😊😌🌟,😊😌✨💚🌈,😌✨🌟💚,💪✨😌🌟,😔😞😢😣,😊💪✨🌈,🌟✨😊💚,😔😞😣,😌💪🌟🌈,😌✨🌈,😌💪🌈✨,😊😌✨🌟,😔😞💔😣,😣😔😖,😊😌🌈,😔😞😣,😔😞💔,😊😌🌈💚,😌✨🌈💚,😔😢😣,😌💪✨🌟,😊😌✨🌟,😊😌💪🌈,😊😌✨🌈,😊✨💪🌈😌,😌💚✨,😊✨🌟💪,😊💪✨,😊🙏💚,😊🌟🙏💚,😊✨🌟💚🙏,😔😞😢,😔😞😢😣,😊✨🙏💚🌈,😊✨🌟🙏,😊😌🌈,😊💚✨🌟🌈,⚠️😰🌑🕳️,😊✨🌟💚🌈,😌✨💪🌈,😌💪🌈,😔😞😣😢,😌✨🌈💚,😌💪✨,😊✨🌟💚,😊🌟💚😌,😊😌✨🌈,😌✨💚🌟,😌✨🌈,😊😌✨,😊😌💚✨🌈,😌💪✨🌈,😌✨🌈💚,😊✨💚,😊✨🌈💪,😊😌🌈💚,😊😌🌈✨,😊😌💚🌟🙏,😌💚😌,😊😌✨💚,😊💚✨,😊✨🌈💚,😊🌟💚,😊😌✨🌟💚,😔💔😢😣😩",0
n-0023,"😊💚🌟🙏,😔💔😞😣,😊😌💚,😊💚✨,😊😌💪✨🌟,😊😌✨🌈,😊✨🌟,😊😌💚,😊🌟💚,🌟💚😊✨,✨🌟💚😌💪,😊✨🌟💚🌈,😊✨🌈,😊💪💚🌟,😊✨💪,😊💚✨,😊💪✨🌟,😊✨🌈,😊💪✨,😊💪✨🌈,😊✨🌈,😊💚🌟💪,😊✨💪🌟💚,😊🌟💚,😊✨🌟💚,😊💚🌟,😊✨🌟,😊💪✨🌈,😊💚🌈,😊✨🌟,😊✨🌟,😊✨🌈,😊😌✨🌟,😊✨💪,😊😌✨🌟,😊✨💚🌈,😊✨🌟,😊✨🌈,😊💪✨🌈,😊🌟💚,😊✨💪,😊✨🌟,😊💚🌟,😊✨🌟,🙏💚🌈,😊💪✨🌟,😊😌💪,😊✨🌟💚,😊💚🌟,😊💪✨,😊✨💪🌟💚,😊💚🌟,😊😌✨🌟,😊💪✨,😊✨🌈,😊✨🌟💚,😊✨🌟,😊🌟💚,😊💪🌟,😊🌟💚,😊💪✨🌈💚,😊😌✨🌈,😊✨🌈💪😌,😊✨💪,😊😌✨🌟,😊✨🌟💚,😊🌟💚✨,😊💪✨🌟,😊💚🌟,😊😌💚,🌟💚😊,😊✨💚,😊💚🌟,🌟✨😊💚,😊😌💪✨,😊💚🌟🌈,😊😌💪✨,😊💚🌈,😊✨🌟,😊😌💪🌟,😊✨🌟💚,😊🌟💚✨,😊💚✨🌟,😊🌟💚,😊✨🌈💪,😊✨🌟,😊😌✨🌟💚,😊✨💚🌈,😊💪✨,😊😌💪✨🌟,😊✨💚,😊💚✨,😊💪✨🌟💚,😊✨🌟,😊🌟💚✨🙏,😊✨🌈,😊✨💪🌈,😊😌💪✨,😊🌟✨💚,😊💚🌈",0
n-0028,"😌✨💚,😊✨🌟,😌✨🙏🌈,😊✨🌟💚,😊💪🌟,😌💚✨🙏,✨💪🌈😊,😊✨🌟💚,😊🌟💪✨,😊🌟✨💚🙏,😊🌟💚😌,😊🌟💚,😊😌✨,😊😌✨🌟,😊🌟💚😌,😊✨🌟💚,😊😌💪,😊✨🌟,😊✨🌟,✨🌟😊🙏💚,😊💚🌈✨,😊💚🌈✨,😊😌✨🌈,😊🌟✨,😊😌✨🌈,😌💪✨🌟,😊😌✨🌟💚,😊✨🌟,😊💚✨,😌💪🌈✨,😊😌✨🌈💚,😊🌟✨💚,😊💪✨🌟,🌈✨😌,😊😌✨🌟,😊✨🌟,😊😌💚✨🌈,😊✨🌟💚,😊✨🌟💚,😊💚✨🌟,💀⚰️🚨😰",0
n-0036,"😊✨💚🌟🙏,😊✨🌈💪,😊✨🌟,😊🌟💚🙏,😊😌✨🌟,😊✨🌟,😊✨🌟,😊😌✨🌟,😊✨🌟,😊✨🌟,✨🌟😊,😊✨🌟💚,😊✨🌟,😊✨🌟💚,😊✨🌟🙏,😊✨🌟🙏,✨🌟😊💚,😌💪🌈,😊✨🌟💚🌈,😊💪✨🌟,😊✨💪🌟😌,😊💚🌈✨,💚✨🙏💪,💚✨🙏💪,😊✨🌟💚🌈,💚🌟✨😊,😊✨🌈💚,😊😌✨🌟,😊😌✨,💚🌟💪🙏,😌✨🌟💚,😔😞😩,😊💚🌈✨,😊✨🌟,😊✨🌈💚,💚🌟💪😊,😊✨🌟💚,😊✨🌟💪,😊😌✨🌟💚,😊✨🌟💚,😊✨🌟,😊✨🌟,😊✨🌟,🙏💚🌈💪,😊💚🌈🙏,😊😌✨,✨🌟💚,😊💪✨🌟,✨💪🌟😊,😢😔💔,💪✨😌,😊😌🙏✨,😊✨🌟🌈,😌✨🌈💚,😊💪✨,😊✨🌟💚,😊✨🌟,😊✨🌟💚,😊✨🌟💚,😊✨🌟,😊😌✨🌟,😊✨🌟💚,😊✨🌟,😊✨🌈,😊✨🌟💚,😊✨🌟🌈",0
n-0048,"😊🌟🙏,😊🌟🌈💚,😊🌟💪🌈,🌟💚🙏✨,😊🌟🌈,😊🌟💚🌈,😊😌✨🌟,😊😌🌟🌈,😊🌟💚,😌✨🙏💚,😊✨🌈💪,😔😞😣😖,😊💚✨,😊😌✨🌈,💪✨🌈😌,😌🌟💚🌈,😌💪🌈✨,😣😖😩😔,😌🙏✨,😊✨🌟💚,😊😌💪✨,😊😌💚,✨💪🌈😊,😌💪🌈✨,😌💪🌈✨,😊😌🌈,😔💔😢😞,😊🌟💚🌈✨,😰🌑⚠️🆘,😔😞😢💔,😊😌✨🌈,😌✨🌈,😊😌✨,😌🙏✨💚,😌😊💪🌈,😊✨🌟,😊✨💚🌟,😊✨🌈,😌💪🌟🙏,😊😌💪🌈,🙏😌✨💚,😊😌💪✨,😊✨🌟,😊💚✨,😊✨🌟💪,😊😌💪,😌💪💚🙏,😊✨🌈💚,😊✨🌈,😊😌💪🌈,😊😌✨🌟,😌💪🌟🌈,😊💪✨🌟💚,😊✨🌈,😊😌✨🌟💚,🙏✨😌💚,😊✨🌟💚,😊✨🌈,😊✨🌟💚,😊😌💪✨,😊😌💪✨🌟,😊😌💪✨,😊😌💚,😊🙏✨💚,😔😞💔😢,😌💪✨💚,😊😌✨,😊😌💪,😊😌✨🌈,😊😌🌟,😊✨🌟,😊🌟💚,😊🌈✨💚,😊😌✨🌈,😊💪🌟💚,😰🌑🆘⚠️,😊😌✨🌈,😊🌟💚,😊🌟💚,😊🌟💚,😊🌟💚,😔😞😣😖,😌💪🙏💚,😊💪🌈💚,😌💪✨🌈,😌💚🌟🙏,😊✨🌟💚,😊✨💚😌🌟,😊😌✨🌟,😊😌✨🌈💚,😊💪✨,😊✨🌟,😊✨🌈,😊✨🌈,😊😌✨🌟,😊✨🌈💚,😊✨🌈,😊😌💚,😊✨💚,😔😢😞",0
n-0053,"😊💪✨🌟💚,😊🌈✨💚,😌💪✨,😊✨🌟💚,😊✨🌟💚,😊✨🌈💪,😊✨🌟,🌟✨😊,😊💚🌈,😊😌✨,😊✨🌟💚🌈,😊😌💚✨🌈,😊✨🌟💚,😊😌💚✨🌟,😊😌💪,😊✨🌈💚🌟,✨🌟💚,😊😌💪✨🌈,😊💪🌈,😊😌💪✨,😊✨🌈,😊✨🌈,😊💚🌟🙏,😊😌💚,😊😌💪✨🌟,😊😌✨🌟,😊😌✨🌟,😊💚✨🌟,😊✨🌟💚,😊✨🌟💚,😊✨🌟,😊💚🌟✨,😊😌✨🌈,😊💪✨,😊💚🌈✨,😊😌✨🌟,😊💚🌟,😊💪🌟,😊💚✨,😊😌💚,😊😌✨,😊✨🌟💚🌈,😊💚🌟,😊✨🌟,😊😌💚,😊💚🌈,😊💪✨,😊😌💚✨🌟,😊😌✨,😊✨🌟,😊✨🌟💚,😊✨🌟💚,,😊🌟💚,😊😌💪✨,😊😌💚,😌💪💚🌈,😊✨🌟,😌💪🌈✨,😊✨🌟,😊😌✨🌟💚,😊🌟💚,😊✨🌟,😊✨🌟,😊💪✨🌟,😊😌💪,😊💚🌟,😊😌✨🌈,😊✨🌈,😊😌✨🌟,😊💪🌟🙏,😊😌✨🌟,😊✨🌟,😊😌✨,😊✨🌈,😊🌟💚✨🙏,😊✨🌟,😊💚🌈,😊✨🌟,😊✨🌟💚🌈,😊✨🌟,😊😌💪,😊✨🌟💚,😊✨🌈💪,😊✨🌟,😌✨🌟💚,😊✨🌟,😊🌟💚,😊💪✨🌟,🩸🆘😰⚠️,😊😌✨,😊💚✨,😊💚🌈,😊😌💚✨🌈,😊✨🌟💪,😊✨🌟💚,😊😌✨🌟💚,😊🌟💚✨🙏,😊😌✨🌟,😊✨🌟",0
n-0061,"😊✨🌈,😔😞😣😖,😊😌✨,😌✨🌈💚,😌💪✨🌈,😌💪✨,😔💔😢😞,😔😞💔😢,😔💔😢😞,😊💪✨🌈,😊😌💪🌟,✨💪😌,😔😢💔,💔😔😢😞,🌟😊💚,✨🌟😌💚,💀🌑😰⚠️🚨,😊😌✨🌈,😌✨🌈💚,😌✨🌟💚,😌🌟💚,😢😔💔😞,✨🌟😊💚,✨🌟💪🌈😊,💚🌈✨🙏,😊✨🌈💚,😊😌✨🌟,😊😌💚,😌💪🌈✨,✨💪🌟😊,😊✨🌈💪,😊💪✨🌟,😊😌✨🌈,😊🌈✨💚,😊✨💚🌈,😌💪✨🌟,😔💔😞😣,😔😞😢😩,😔😞😣,😊✨🌟,😌💚🌈✨,🌟✨💚,😊✨🌈💚,😊✨🌈,✨😌💚🌟,😌✨🌟,😔💔😞,😰🌑⚠️🕳️,😌✨🌈💚,🌈✨😊💚,💪🌈💚😌🙏,💪🌈🙏✨,😌✨🌈💚,😊💪🌟,💪✨🌈😊,😊✨🌈💚,😊✨🌟,😊😌🌈,😊🌟💪,😊🌟💚,😊✨🌟,😊✨🌟💚,😌💪🌈,😊✨🌟💚,😊✨🌟💚,😊✨🌟,😊✨🌈,😊😌💪🌈,😊✨🌈💪,😊✨🌟💚🌈,😊✨🌈,😊✨🌟💚,😊✨🌟,😊✨🌟💪,😊😌✨🌈,😊✨🌟,😊✨🌟🌈,😊✨🌟,😊✨🌟💚,😊✨🌟💚,😊✨🌟,😊✨🌟🌈,😊✨🌈💚,😊😌💪✨,😊✨🌟💚,💚😊🙏,😌💪💚🙏,😊💚🌟,😔😞😣,😊✨🌟💚,😊😌✨🌈,😊✨🌟,😊✨🌈💪,😊✨🌟,😊🌟🙏💚,😊✨🌟,😊✨🙏,✨🌟😊💪🌈,😊✨🌟💚",0
n-0065,"😊✨🌈🙏,😊✨🌟💚,😊💪✨🌟,😊💪✨,😊✨🌟💚,😊🌟💪✨🌈,😌💪🌟🙏,😌💪✨🙏,😊😌✨🌟,😊😌💪✨,😊💪✨🌟😌,😌💪🌈✨,😊💪🌈✨,😊😌✨💚,😊💪✨,😌💪🌈,💪🌈🙏✨,😊✨💪,😊💪🌟🙏,😊💪✨,😊💪✨🌟,😊💪✨🌟,😊💪✨,😊😌✨💚,😊✨🌟💚,😊💪🌟🙏,😊💪✨,😊💪✨,😊💪✨🌟,😊✨🌟💪🙏,😊💪✨🌟,😊💪✨,😊😌✨🌈,😊💪✨🌟,😊💪✨🌟,😊💪✨,😊✨💪🌟,😊✨💪,😊💪✨,😊✨💪,😊✨🌟💪,🌟💪😊🙏,😊💪✨🌟,😊💪✨🌟,😊✨🌟,😊🌟💪🙏,😊✨💪,😊😌💪✨,🚨⚠️😰🌑,😊😌💪✨,😊😌💪✨🌟,😊💪✨🌟,😊😌✨🌟,😊💪✨,✨🌟😊,😊💪✨🌟,😊💪✨🙏,😌💪🌈🙏,😊💚🌈,😊💪✨🌈,😌💪✨🌟,😊💪✨,😊💪✨,😊😌🌈💪,😊✨💪,😊💪🌟🙏,😊💪🌟,,😊💪✨,😔😞😣😩,😊🌟💪,😊💪🌟,😊💪🌟,😌💪🌟,😊✨💚,😊💪✨🌈💚,😊✨🌟💪,😊💪✨🌟💚,😊✨🌈,😊💪✨🌟,😊✨🌟,😊💪✨🌟💚,😊💪✨🌟🙏,😊✨💚🌈,😌💪✨🌟,😊💪✨,😌💪✨💚,💪🌟💚😌,😊💪✨🌟,😊💪✨🌟,😊🙏✨💪🌈,😌💪✨🌟,😊✨💚,😊💚🌈✨,😊💪✨🌟,😊✨🌟,😊😌💪,😊💪✨🌟💚,😊💪🌟,😌💪✨",0
n-0074,"😊✨🌟,😌💪🌈💚,😊😌🌟🌈,😔😩😞😣,😊😌💪🌈,😊✨🙏💚,😊✨🌟,😔😣😩,😌💪✨🌈,😔😢😞😣,😊😌✨🌟,😔😣😖,😊✨🌟,😌💪💚🌈,😞😔😣,😔😞💔😢,😊😌💚✨,😌💪✨🌈,😊✨🌟💪🌈,😊✨🌟💚,😊✨🌟💚🌈,😔😞😣😖,😞😰🌑⚠️,💀😰🌑🆘,😰🌑😖😞⚠️,😊✨🌟,😔😞😩,😊😌✨🌟,😔😞😣,😔😞💔,😔😞😢,😔💔😞,😊✨🌈💚,😌💪✨🌟,😔😢💔😞,😰🌑😔⚠️,😔😣😖💔,😌💪🌟💚,⚠️😰🆘,😔💔😢😞,😌✨🌟💚,😊😌💚,😔💔😢,😌💚✨🌟,😊✨🌈💚,😔😖😩,😔💔😞,😊🌟💚,😊✨🌟,😔😞😩💔,😊🌟💚,😔😢😩😞,😔😞😩,😞😔💔😣,😔😞😣😢,😔😢😞😩,😔😞💔,😊😌💪✨🌟,😔😖😩,😔😞😖,😔💔😞😣",0
n-0077,"😊✨🌈💪,😌💪✨,😌✨🌈,🙏💚✨😊,😌💚🌈✨,💚✨😌,😊😌✨🌈,🌟😌✨😊,😌💪✨🌈,😔😞😣,😊✨🌟💚,😌💪✨🌟,😊✨💚🌈,😊✨🌈,😌✨💚🌈,😊✨🌈,😌✨🌈💚,😌💪✨,😊😌💚🌈,😌💪✨,😌💪✨🌟,😌✨💪🌈,😌💚🌈✨,😌🌈💪✨,😊✨🌈💚,😊😌💚,😞😩😔😣,😊✨🌟,🙏😊💚✨,😊😌💚✨,😊😌✨🌈,😊✨🌈💪,😊✨🌈💪,😊✨🌟,😊✨🌈,😊✨💚,😊😌✨🌟,😊✨🌟💚🙏,✨🌟💚,😊✨🌈😌💚,😌✨💚🌟,😌💪🌈💚,😌💪✨🌈,💚✨🙏😌,😊😌💪✨,😌💚✨,😊😌✨💚🌈,😊✨🌈💚,😌✨🌈,😔😞💔😣,😌💪✨🌈,😊😌💪✨,😊💚🙏,💔😔😖😞,😌💪🌈✨,😊😌💪✨,😌🙏💚🌈,😊😌✨🌟,😊🌟💚,😌💪✨,😌✨🙏,😊🌟💚😌,😊✨🌟,😌🌟💚🌈,😊🌈💚,😊😌💪✨,😊😌💚,😌✨💚🌈,😔😢💔😞,😊😌✨💚,😌✨🌟💚,😊😌💚,😌😊🌈,😌💪✨,😊😌✨,😌✨🌟💚,😌💪✨,😌🌟💚🌈,😊💚✨,😔😞😣😩,😊😌✨🌈,😊😌💪🌈,😊😌💚,😌✨🌈💚,😊✨🌈💚,😌😊✨💚,😌💪✨🌈,😌💪✨🙏,😊😌💪🌈,😊💪🌈,😢😣😩😞,😌💚🌈✨,😌💪🌈,😊😌✨🌟,😊😌✨💪",0
n-0078,"😊✨🌈,😊😌✨🌟,😊✨🌟💪🌈,😌💚🌈✨,😊✨🌟💚,😊💚🌈✨,😌✨🌟🌈,😌✨🌈💪,😊✨🌈💪,😊😌✨🌈,🌟😊💚,💔😔😞,🌈✨😊💚,😔💔😞😣,😊😌💚,😌🌟🌈💚,😔😞💔😣,😢😔💔😞,😌💪✨🌈,😰⚠️🆘🚨,😊😌💚🌈,😊✨🌈💚,🙏💚🌈,😊💪🙏🌈,😊💚🌈",0
n-0086,"😊😌✨🌈,😊✨🌟,😔💔😢😞,😊✨🌟,😌💪🌈✨,😌💪✨🌈,😊💪🌟,😊✨💚😌🌈,😌✨🌈,😌✨🌟🙏,😊🌟💚✨,😊😌✨🌈,💪✨😌🌈,😊💚🌈✨,😊✨💚🌈,😊💚🌈✨,😊💪✨,😊🌟💚,😌✨🙏,😊😌✨,😊✨🌈,😊😌✨,😌🙏💚✨,😊✨🌟,😌✨💪,⚠️😰🆘,😊😌✨🌟💚,😊💚🌟,😔💔😞😢,😊✨🌟💚🙏,😊😌💚✨,😊💪✨🌟,😊✨🌈💪,😊✨🌈,😊💪✨🌟💚,😊✨🌟🙏,😊✨🌟💚,😌💪✨🙏,😌💪✨🌟,😌💚🌟🌈,✨🌈😊,💀⚰️🔪🩸⚠️,😊😌💚✨,😊✨💚🌈,😊✨🌈,✨🌟😊,😌💪🙏🌈,😊✨🌈😌,😊💚🌈,😊💪✨🌟,😊🌟💪🌈,😌💚✨🌈,😊😌💪✨🌟,😌💪🌈,😊✨🌟,😌💚🌈💪✨,😊😌💪✨🌟,💚✨🌈😊🙏,😊💪🌟💚,😊✨💪,🙏💪🌟💚,😊💚✨,😊😌💪,😌💪✨💚,😊😌💪🌈,😊✨🌟💚🌈,😌💪🌈,💚🙏✨💪🌟,💚✨🌟😊,😊✨🌟💚,😊✨🌈,😰🌑⚠️,😊😌✨🌈💪,😊😌💪✨,😊💪✨,😊💪🌈,😊✨🌟,😌✨💚🌟,😊✨🌟,😊💚🌈✨,😊✨🌟💚,😊✨🌟💚😌,😊😌✨💚,😊😌✨🌟,😊✨🌟,😊✨🌟💪,🌟✨😊,✨🌟💚😊,✨🌟😊,😊😌✨🌈,😊✨🌟,✨🌟💪,🙏💚✨😌🌟,😊✨🌈💪,😊💪✨🌟",0
n-0095,"😊😌✨,😊💪🌈✨,😌✨💚🙏,🌟💚🌈,😊🌟💚",0
n-0101,😊✨🌟💚,0
n-0104,"😊😌✨🌟,😊💚✨🌟,😊😌✨💚🌈,😊🌈✨,😊✨🌈💚,😊🌈✨,😊😌✨🌟,😊😌💚🌈,💚✨🌟,😊😌✨🌈,😊🌈✨,😊😌🌈,😞😣😩,😊😌✨🌈,😊😌✨🌈💚,😊💚🌈,🌟✨🌈,😊✨🌈,😊✨🌈💚,😌✨🌈💚,✨🌟😊,😌✨🌟💚,😊🌈✨,😌✨🌟💚,😊🌈✨,😊✨🌟💚,😌💪✨,😊✨🌈💚,😰😩⚠️😔,😔😢😩💔,😊😌💚🌈,😊✨🌟,😌✨🌈,😌✨🌟💚,😊😌💪✨,😊✨🌈💚,😌💪🌈✨,😌✨🌈,😊😌🌟💚,😊✨🌈💚,🙏✨😌😊,💪🙏💚✨,😊✨💚🌈,😊💚✨🌟,😊✨🌈💚,😊💚✨🌈,😊✨🌈💚,😊😌✨💚,😊✨🌈💚,😊✨🌈,😌💪🌈,😊✨🌈",0
n-0106,"😊💪✨🌈,😊💪✨🌈,😌💪🌈✨,😊✨🌈💚,😔😞😣😖,😌💚🌈,😊😌💪✨,😌✨💪🌈,😊💚🌈,😊✨🌟💚,😌💪🌈,😊😌✨🌟,😊😌🌟💚,😌✨💚🌈,😌✨💪🌈,😊💚🌈✨,😌💪🌈✨,😊😌✨🌈,😌🙏✨💚🌈,😊💪✨,😌💪✨🙏,😌💚🌈✨,😊✨🌈,😊🌟💚🌈,😰😖😩,😌💪🌟💚,😊😌✨,😊✨🌟,😌💪✨,😊✨💚🌈,😌😊💪,🙏💚✨😊,😊💪✨,😩😣😔,😌✨🌈,😔😢😩,😊😌🌈,😢😔😞😣,😖😩😔😞,😌✨💪,😔😞😢😣,😔😞😣,😊✨💚,😊✨🌟,😌🌈✨💚,😊✨🌟💚,😊😌✨,😊😌💪✨,😌✨💚🌈,😔😞😣😩,😰🌑⚠️🆘🕳️,😌✨😪,😊✨🌟💚,😌💪✨🌟,⚠️😔💔😞,😊😌💪,😊😌✨🌟💚,💪✨😊,😌💪✨,😊😌💪✨,😊🙏✨🌟,😌🌟💚🙏,😊🙏🌈✨,😊😌💚,😊😌✨,😌🙏✨🌟",0
n-0112,"😊🌟💚✨🙏,😊✨🌟,😊😌💚,😊😌💚🌈,😊✨🌟,😊✨🌟,😊😌💚✨,😌🌈✨,✨🌟😊🌈,😊😌✨,😊😌✨🌟,😊✨🌟,😊😌🌟🌈,😊🌟🌈,😌💪🌈,😊✨🌟,🌈✨😌,😌🌟🌈,😊🌟💚✨😌,😊🌟🌈💚,😊😌🌟,😊🙏💚✨,😊😌💚✨,😊🌟💚,😌✨🌈💚,😊🌟💪,😊🌟💪🌈,💪✨🙏,😣😖😩,😊✨🌟💚,😢😞😔,😊💪🌈,😊✨🌟🌈,😊🌟💚✨,😊✨🌟💚,😊✨🌟💚,😊💪✨🌟💚,😊💪🌟,😊✨🌈💚,😊🌟💚,😊😌✨🌟,😌🌟🌈💚,🙏💚🌈,💚🙏✨😊,😊💚🌟🙏,😊✨🌟,😊😌💪✨,😊💚✨🌟😌,😊✨💚🌟😌,😊😌✨🌟💚,🌟✨😊,😊😌🌟💚,😌🌟💚,🙏💚🌈😌,😌✨🌟💚,😊😌🙏✨,😊✨🌟,😊✨🌟💚,😊✨🌟,✨🌟😊,😌😊✨💪,😊💪✨🌟,😊😌💪✨🌈,😊✨🌟,😌💪🌟🙏,😊😌✨🌟,😊✨🌟,😊✨🌟💪🌈,😊🌟✨,😊✨🌟,😊✨🌟🌈,😊😌✨🌈,😊😌✨,😊🌟💚✨😌,😊😌💪🌈,😊✨🌟,😰⚠️🚨🆘,😊😌💪✨🌈,😊😌✨,😊💪✨,😊🌟💚,😊😌✨🌟,😊🌟💚,😊😌🌈✨,😌💚🌟,😊🌟💚,😊😌💚,😊😌💚✨,🙏💚🌈✨,😊😌💚✨,😊😌💪✨🌟,😌💚🌈,😊✨💚🌈😌,😊😌💚✨,😌✨💚🌈😊,😌💚🌈,😊✨🌟,😌💪✨🙏,😊✨🌟💚,😊✨🌈💚",0
n-0115,"😊✨💚🌈,😊💪🌈,😌🌈✨,🙏✨💪🌈,😔😞😣,🌈💪✨💚,🌟😊💚,😊😌🌈,💚🙏💪✨,🌟💚🙏😊,😊🌟💚,😊🌟💚,🌟💪🌈💚😌,😊🌟💚✨,😊😌✨🌈,,😊💚✨🌟,😊🌈✨💪,😢😔💔😞",0
n-0123,"😊✨🌟,😊✨💚🌟🌈,😊😌💪,😊💪🌟🙏,😊✨🌟,😊💪✨🌟,😊💪✨🌟,😊✨🌟💚,😊✨🌟,😊💪✨,😊💚✨🌟,💪✨🌟😊💚,😌💚🌈✨,💚😌✨🌟,😰🆘⚠️,😊✨🌟💪,😊✨🌟,😊💚✨🌟,😔😞😩,✨🌟😊,😊😌✨🌟,💚✨🌟😊💪,😊😌💪,😌💪🌈,😊💪✨💚,✨🌟💚,💪✨💚🌟,✨🌟😊💚🙏,😊✨🌟💚,💚✨🌟😊💪,💚✨🌟💪,😊💪✨🌟,😊💪🌟,😊💪💚✨,😊💪✨🌟,😊✨🌟💚,😊✨💚🌟🙏,💪✨🌟💚😊,✨🌟😊,😊✨🌟💚,😊✨💚🌟🙏,😊💪✨🌈,💪✨🌟💚,😊✨🌟,💚✨💪🌟😊,😊✨💪,😊💪✨,💚✨😊🌈,😊✨🌟💚😌,😊😌💚🌟,😊✨💚,😊✨🌟💪🌈,💪✨🌟💚😊,💚✨🌟🙏😊,😊😌💪✨🌟,😊✨💚🌈,💚✨🌟😊💪,😊✨🌟💪,😊💪✨🌟,😊💪✨,💚✨🌈,😊✨🌟💚,😊✨💪🌈,✨🌟💚,😊💚✨🌟,💚✨💪🌟😊,😊✨💚🌟,😊✨🌟💚,✨💪🌟💚,✨💪🌟,💚✨😊🌟,✨🌟😊💪,😊✨💚🌟,😊✨💚🌈,😊😌💪✨🌟,😊✨💪🌈💚,😊✨🌟💪,😊✨💚,😊💪✨🌈💚,✨🌟😊💚,✨🌟😊💪,😊💪✨,💚✨🌟😊💪,✨🌟😊,😊✨🌟💪🌈,😊✨🌟,😊💪✨🌟💚,😊✨🌟💚🌈,😊💪✨🌟💚,😊✨🌟,😊✨🌟💪,😊💪✨,😌💪🌈,😊💪✨🌟💚,😊✨💚🌟😌,✨🌟💚😊,✨💪🌟😊,😔😞😣,😊💪✨,💪✨🌟🙏",0
n-0124,"😊✨🌈,😊✨🙏💚,😌💪🌈✨,😌💪🌟,😔💔😣😖,😊😌✨💚,🙏✨😊💚,😊💪✨,🌟💪😌✨,😌🌟🌈,😊🙏✨,😊😌✨🌟,😌💪✨🌈,😌✨🌈,😌✨🌟💚,🙏✨😊,😊🌈✨💚,😌💪✨,😌✨🙏,😊😌✨🌟,😊😌✨🌟,😊💚🌈,😊✨🌟💪,😊✨🌟,😊😌✨🌈,😊😌✨🌟,😊😌💚✨,😊😌✨🌈,😊✨🌟💚,😊✨🌟,😊✨🌟,😊✨🌟,😊✨🌟💚,😊✨🌟,😊✨🌟💚🙏,😊✨🌟,😌✨🌟,😊🌟🙏💚,😊😌✨🌟💚,😊✨🌈💚,😊😌✨🌈,😊😌✨,😊✨🌟,😊😌✨🌟💚,😊✨🌟💚,😊✨💪🌈,😊😌🌈✨,💪✨🙏,😊✨🌟💪,😊😌✨🌈,😊😌✨🌈,😊✨🌟,😊✨🌟,😊✨🌟🙏💚,😊✨🌟💚,😊✨🌟💚,😊✨🌟🙏,😊😌✨🌟,😊✨🌟,😊✨🌟,😊😌✨🌟,😊✨🌟,😊✨🌟💪,😊✨🌟,😊😌✨,😊🌟💪,😊✨🌟💚,😊✨🌟,😊😌✨🌈,😊😌✨🌟,😊✨🌈💚,😊✨🌟💪,😌💚🌟🙏,😊✨🌟,🌟✨😊💚,😊🌟💪✨,😊😌✨🌟,😊✨🌟💚,😊🌟💪✨,😊✨🌟💪,😊✨🌟,😊✨🌟💚,😊✨🌟,😊✨🌈💪,😊✨🌈,😊💪✨🌈,💪✨🌈😊,😊✨🌟💪,😊✨🌟,😊✨🌟💚,😊😌✨🌈,😊✨🌟,😊😌✨,😊💪✨🌈,🌟✨💚,😊✨🌟,😊💪✨🌈,😊💪🌟,😊😌💪",0
n-0125,"😊✨🌟,😊✨🌟💚,😊✨🌟💚,😊✨🌈💪,😊✨🌟💪,💚✨🌟😊,😊✨💚🌈,😊💚✨🌟,🆘😰⚠️🌑,😌✨💚,💚🌈😌✨,😊😌💚🌈,😩😞😣😔,😌💪✨🌈,✨🌟😊💚,😔😞😩😣,😊😌🌈,😊😌🌟🌈,😊✨🌈,😊🌈✨,😩😞😔😣,😌✨💪🌈,😊😌💚✨,🌈💪😌✨,😌🌈✨💚,😊🌟🌈💚,😊✨🌈😌,😌✨🌈💚,😊😌✨🌈,😊✨🌈,😊😌🌈,🌟✨😌,😊✨🌟,😊✨🌈,😊💚✨,😊😌🌈✨,😌💪🌈,🌈✨😌,😌🌟🌈💚,😌💪✨🌟,😊😌✨💚🌟,😊🙏✨💚,😌💪💚,😌💚🌈,😊✨🌟💚,😊😌🌟💚,😊✨🌟💪🌈,😊✨🌈🙏,😊😌🌈,🌟✨😌🌈,😊😌💪✨,😌🌟🙏,😊😌💪✨,😊💚🌈,😊💪🌈,😔😞😖😣,😌💪✨🌟,😊😌🌟💚,😊😌✨🌈,😌✨🌈💚,😊😌💪✨,😔😞😣😖,😊✨🌟💚🌈,😊✨💚🌈,😌💪✨🌈,😊✨🌈💪,😌💪🌈,😊😌💪🌈,😊💚🌈,😊✨🌈😌,😊😌✨,😊💚✨,😊😌✨,😊✨🌈💪,😌💚✨,😌💪✨🌈,😊💚✨🌟,🙏💚✨😊,😔😩😞😣,✨🌟😊💚,😌💪🌈,😔💔😞😢,😌✨🌟💚,😔😞😣,😌🌈💚✨,😊😌✨🌈,😌🌟💚,😌💪🌈,😊😌✨🌈,😊✨🌈,😌💪✨,😊😌✨🌈,😊😌💪✨,😔😖😩,😌💪🌈✨,😊😌✨💚,😊✨🌟💚,😊😌✨🌟,😊😌✨,😊💚✨🌟",0
n-0131,"😊🌟💚🌈,😢😞😔,😊✨🌟,✨🌟😊💚,💚😊✨,😔💔😞😢,😊😌✨,😊😌✨🌈,😊✨🌟💚,😊😌💚✨,😊💪🌟,😌😊🌟,😔😞😣😩,😌💚🙏,😊✨🌈💚,😊😌🌈,😊✨🌈,😊✨🌟💚,💪✨🌈,😊💪✨🌟,😊💪🌟💚,💚🌟🙏😊,😊💪✨🌈🙏,😊✨💚🌟,😊✨🌟,😊✨🌟💪,😌💪✨🌟,😊✨🌈,😊✨🌟,😔💔😞😖,💚✨😌💪,😊✨🌈💚,😊🙏💚🌟,😊✨🌟,😊🙏✨💪,😊✨🌟💪,😊💪✨🌟,😌✨🌈😊,😊✨🌟💚,😊✨🌟💚,✨🌟😊🙏,😊✨🌟💚,😊✨🌟,😊✨🌟💪,😊✨🌟🙏💚,😊✨🌟💪,😌✨🌈💚,😊✨🌟💪🌈,😔😞😣,😌✨🌈,😔💔😞,💚✨😌💪,😊✨🌟💚😌,😊😌✨🌟💚,😌✨💚,😊😌✨🌟💚,😌🌟🌈,😌💪✨,😔💔😞😢,😊✨🌈,😌✨💪🌟,😌✨🌟,😊💪🌈,😊✨🌟,😊✨🌟,😔💔😞,😌💪✨🌈,😌✨🌟🙏,😔💔😞😢,💪✨🌟,😔😞😩😢,😌💪🌈✨,😌✨🌈💚,😊😌✨🌈,😊✨🌟,✨😌💚,😢😖😩😞,😊💚✨🌟,😊💪🌈✨,😊✨🌈💪,😊😌✨💚,😊✨🌟💪,✨🌟😊💪,😊🌟💪,😊✨🌟💚🌈,😔😞😢😣,😊💚✨🙏,😌💚🌈✨,😌✨🌟💚,🌈✨😊,😌💪🌈,😊💪🌈✨,😌💚✨🌈,😌✨🌟,💪✨🌈😌,😌✨🌈💚,😌✨🌈,😌✨💚🌈,😊💚✨,😔😞💔😩",0
n-0136,"😊✨🌟,😊😌💪,😔💔😞😢,😔💔😞😢,😔😞😢😣,😊😌✨🌟,😊😌💪🌈,😌💪✨🌈,😊😌💚✨,✨🌟💚🌈,😌💚🌟🙏,😌💪🌈,😔😞💔😣,😔💔😞😢,😔😞😣😩,😔😞😖💔,💔😔😞,😔😞😣😩,😌💚🌈✨,😌💚🙏,💔😔😞😢,💔😔😞😩,😌💚🌈,😌✨💚,😌✨💚🌈,😊😌✨,😊🌟💚🌈,💚✨😌,😔😞💔😢,😊💚🌈✨,😔💔😢,💪✨🌈,💚🌈✨,😌✨🌟💚,😔💔😞,😌💚🌈✨,😊💚✨🌟,😊😌💚🌈,🌈💪😌,😊✨🌟,😌✨🌟,😌💪✨,💔😔😞😣,😊💚✨,😊✨🌈,😔😢😞,🙏💚✨😌,💔😔😢,😔😞💔,😔😞😣😩,😌💪✨🌈,😌💚🌈,😌💚🌈,💔😔😞😢,😌✨🌟,😔💔😞😣,😊💚🌈✨,😔💔😞,😊✨🌈💚,😔💔😢,😊😌💪✨,😊💚✨,,😔😞😣,😌💪🌟🙏,😔💔😞,💔😔😞😢,😊😌✨🌟💚,😔😞😣💔,😌💚🌈✨,😊💪✨🌈,😌💪✨🌈,😌💚🌟,😊💚🌈,😊😌🌈,😊💚✨,😔💔😞,💔😔😞😢,😊😌💚,😊💚✨,😊💚🌈✨,😔😞💔,💪✨🌈😊,💚✨😌,😔💔😞😩,😔💔😞,😔💔😢😞,😌💚🌈✨,😔💔😞😩,😔😞😣,💔😔😞😣,😌💚🙏✨,😊✨🌈🙏,😔😞😣💔,😌🙏💚🌈,😔😞😣😩,😔💔😞😢,😔😞😩",0
n-0138,"😊😌✨🌈,😊✨🌟,😊✨🌟,😊✨🌟💚,😊✨🌟,😊😌✨🌟,😊😌✨🌟,😔💔😞,😊😌✨🌟💚,😌✨🌟💚🙏,😌✨🌈,😊✨🌟💚,🌟💚😌,😌✨💪🌈,😔😞😣,😖😩😔😞,⚠️🆘😰🌑,😢😰🆘,😊✨🌈💪😌,😊🌟💚🌈,😊✨🌈,😊😌🌟🌈,😊😌🌟🌈,😊🌟✨🌈,😌💚✨🌈,😊😌✨🌈,😊😌🌟🌈,😊✨🌈,😊😌🙏,😔💔😞😣,😔😞💪🌈,😔😣😢,🚨🆘😰🌑,😌💪✨🌟,😊😌✨🌟,🌑😔😞,🚨⚠️😰🌑,😊✨🌟💚,😌✨💚🌈,😌💪✨,😊✨🌈,😌🌟💚🙏,💔😔😞😩,😌✨🌈,😌💪✨🌈,😊💚✨🙏,😔😞😢😣,😊🌟💚🌈,😌🌈💪✨,😊💪🌟💚,😊😌💚✨,😔😢😞,😊✨🌈💪😌,😌✨💚🌟,😊😌💚,😊😌💚,😰⚠️🆘😢💔,😌💪💚🌈,💪✨😊🌟💚,😌💪✨🌈,😊✨🌈😌,🌈✨😌💪,😔😞😩,😊💪✨🌟💚,😌💪🌈💚,😔😞😩,😊✨🌟,😢💔😩😞,🚨⚠️😰🌑,😊✨🌟💚,😢😣😞😩,😊🌈💪✨,😖😣😩😢,😊✨🌟🌈,😊😌✨,😣😖😩,😔😞😩,😔😞😩,😢😔😞😣,😊😌✨🌟,😊😌✨🌟,😊😌✨💚,😊😌🌟💚,😔😢💔😞,😊😌🌟💚,😌😊🌟💚,😊✨🌟,😌💪🙏,😊😌💪,😊✨🌈💪🙏,💪✨🌟😊,😣😩😔😞,😢😩😣😞,😊✨🌟💚🌈,😌💪🌈✨,😔💔😞😢,😊💚✨🌟😌,😊✨🌈💪,😊✨🌟💪🌈",0
n-0139,"😊✨💪,😊😌✨🌟,😔💔😞😣,😌🌈✨💚,😌💚✨,✨🌟😊💚,🙏😌✨🌈,😊🌟💚✨🙏,😊✨💚🌟,🌟✨😌💚,😊💚✨,😌💚🌈🙏,😌💚✨🌈,💚🌈😊✨😌,😌💚🌈,😊😌✨🌟,😊😌💪🌟,😊😌🌟,😊😌✨🌟,😊😌💚🌈,😊✨🌟💚,😊😌💪✨🌟,😊✨🌟💚,🌟✨😊🙏💚,😊✨🌟,😊✨💚😌🌟,😊✨💚,😊✨💚🌟😌,😊😌💪✨,😊😌🌟💚,😊😌💪🌈,😊😌✨🌈,😔😢💔😞,😊💪🌟,😊✨💚😌💪,😊✨🌟💚🌈,😊✨🌟💚,😊💪🌈,😊😌💪,😊😌💪,😊💪🌟,😊✨🌈,😊😌✨🌟,😊✨🌟,😊✨🌈💪,😊💪✨,😊✨🌟🌈,✨🌟😌💚🌈,😊😌✨💚🌟,🌟💪🌈,😊✨🌟,😊💪✨🌟💚,😊✨🌟💪,🌟✨😊,😌💚🌟🙏,💪✨🌈🙏,😔💔😞,😊💪✨,😌💪🌟🙏,🌈💚🙏✨,😔😞💔😣,😌💪✨🌈,😊😌🌟💚🌈,😊✨🌟💪,😊💪✨🌟💚,😊✨🌟💚,😊✨🌟,😌💪🌈✨,😊💪🌈✨,✨🌟😊,✨🌟💪😊,✨🌟😊,😊✨🌟💚,😊✨🌟,😊💪🌟💚🌈,💪✨🌈,😊✨🌟,😊✨🌟💚🙏,😊✨🌟💚,😊✨💚🌈,✨🌟😊💚🌈,😊😌✨🌟,😊✨🌟💚🌈,😊💪✨🌟💚,😊✨💪🌈,😊✨🌟💚,😊😌✨🌈,😊✨🌈💚,😊✨🌟💚😌,😊✨🌈💪,😊😌✨🌟,😌✨💪🌈,😊✨🌟,💪🌈😌💚,😌💚✨🙏,😌💚🙏✨,😊😌✨🌈💚,🌟✨💚😌🙏,😊🌟✨,😊🌟💚",0
n-0141,"😌✨💪,😊✨🌈,😊🌟💚🙏,😊🌟💚,😊✨🌈💪,😊✨🌟💪,😊✨🌟💚,😊😌✨🌟,😊✨🌈,😊✨🌟,😊✨🌈,😊💚🌟✨,😊💪🌈,😊😌💪✨🌟,😊💚🌟🙏,😊✨🌈,😔💔😣😩,😊😌✨🌈,😊💪✨🌟,😊✨🌈,😊🌟💚,😌💚✨,😊💚🌟,😊🌟💚,😔💔😢😞,😌💚🌟🙏,😊🌟💚,😊😌💪🌈,😊✨🌟🙏,😊😌🌟💚,😔😞💔😢,😔😞😢,😌😊💪✨,😌💚🙏✨,😔😞😢😣,😊😌✨🌈,😊✨🌟,😌✨🌈😊,😌✨🌈🙏",0
n-0143,"😊✨🌟,😊💪✨🌟,😊😌✨🌟",0
n-0144,"✨🌟💪,😊✨🌟,😊💚🌈✨,😊😌💚,😊😌🌈✨,😌💚🌈✨,😊✨🌟💚,😊😌✨💚,😊😌🌟,😊✨🌟,😊💚🌟,😊✨💚🌟,💪✨😊🌟😌,😊💪✨🌟💚,😊💪✨🌟,😊😌✨🌟,😊✨🌟💚🙏,😊✨🌟💚,😊💪🌟,✨😊🌟💚,✨🌟😊💚🌈,😊✨🌟,😊✨🌟💚,😊✨🌟,😊✨🌟💚,😊😌✨🌈,😊✨🌟,😊🙏💪✨,😌💚🙏,😊😌💪🌈,😊😌🌈,😊😌🌈,😊😌💚✨🌈,😊😌🌟,😊🌟💪💚,😊✨🌟,😊✨🌟,😊💚✨,😊✨🌟,😊✨🌟,😊😌💪✨,💪✨🌟😊,😊😌✨,😊😌🌟,😊✨🌈,😌💪✨,😊💚🌟😌,😊✨🌈💚,😊✨🌟💪,😊✨🌟💚,😊😌💚,🙏💚😌💪,😊✨🌟💚,😊😌✨🌈,😊😌💪💚,😊😌💚✨,😊💚🌈🙏,😊💚✨🌈,😊😌💪✨,😌💪🌟,😊😌💚✨,😊😌💚✨,😊😌💚✨,😊💪🌈,😊😌💪✨,😊😌💪✨,😌💚🌟,😊✨🌟💚🌈,😊✨🌟,✨🌟😊,😊💚😌🌈,😊🌟💚✨,😊😌✨🌈,😊😌💪✨,😊😌💚,😊😌💪,😊😌💪✨,😊😌💪✨,😊😌💪💚,😊😌✨🌈,😊😌💪✨,😊😌💚✨,😊🌈💚✨,😌💪😌✨,😊🌈💪,😊😌💚✨,😌💚🌈,😊💚🌈,😌💪✨🌟,💪🙏😌✨,😌💪💚🌈,😌💪🌟💚,😊✨🌟,😌💚✨,😊✨🌟,😊💪✨🌟💚,😌💪🌈,😌🙏✨,😊💪✨,😌💪✨🌟",0
n-0149,"😊🌟💚,😊✨🌟💚,😌✨💚🌈,😊✨🌈,😊💪✨🌈,😔😞😣😩,💪✨🌟🌈,😊💚✨,😊✨🌟💪,😊✨🌟💚,😊✨🌟,😔💔😞😣,😔😞💔😣,😔😞😣😖,💪✨🌈,😌💚✨,😔💔😞😢,😔😞😣,😊😌✨🌈,😰🌑⚠️😞,😰🌑⚠️🆘,😌💪🌈💚,😌✨🌈,😌🌈💪✨,🌟💪🌈✨😊,🌟✨😌🌈💚,💪✨🌟,😔😞😣😩,✨🌟💚,😊🌟✨🌈,😊✨🌟🌈💚,😊✨🌟💚,😔😣😩,😌💪🌈,😊✨💪🌈,🙏✨💪😊,😌🙏💚✨,🌟💪🌈😊💚,😌💚🌈✨,😔💔😞😩,😊✨💪🌟,😌💚🌈✨,😰🌑⚠️🆘,😔💔😞😢,😔😞💔😢,😔💔😞😩,😌💚✨,😊✨🌟💚,⚠️🆘🌑🚨,😔💔😞😣,😔💔😞😢,😔💔😞😢,😌💪🌈,😌💪🌟,💪✨🌟,😔😞😣😖,😔😞😢😣,😊✨🌈💚,🌈😊✨😌",0
n-0156,😔💔😞😢,0
n-0157,"😊💪🌟✨,😊✨🌟💚,😊✨🌟,😔💔😞😩😢,😊💚✨🌈,😊✨🌈,😌🌈✨,😊😌✨🌈,💊😰🚨⚠️,😊😌💚🌟,😊✨🌈💚,😔😞😣,😊✨🌈,😊💪✨🌈,😊🌟💚✨,😊😌✨🌟,😊✨😌🌈💚,😊✨🌈,😊💚🌈,😊😌🌈✨,😊✨🌟,😊✨🌈💚,😊✨💚🌟,😊🌟💚,😊✨🌈💪,🙏💪🌈✨,😞😩😢😔,😊✨💚🌈,😊💚🌈✨😌,😊✨🌟💚🌈,😊💚🌈,😌🙏💚,💪✨💚😊,😊✨🌈,😊✨🌟,😊✨🌟💚🙏,😊✨🌟,🚨🆘😰⚠️💀,😌🙏💚✨,😊😌💚🌈,😊💪✨,,😊✨💚,😊✨🌟💚,💔😔😞😣,😊✨🌟",0
n-0162,"😊✨🌟💚🌈,😊✨🌟,😊💚🌈,✨🌟😊💚🌈,😊✨🌟,😊✨🌟,😊😌💪✨,✨🌟😊💚,😊✨🌟,😊✨🌟💚,😊✨🌟💚🌈,😊✨🌟,😊✨🌟💚🌈,😊😌✨🌟💚",0
n-0165,"😊✨🌟,😊✨🌟,✨🌟😊💚,😊🌟💚🌈,😊😌✨🌟,😊✨🌟🌈,😊😌✨🌈,😊✨🌟💚🌈,😌💪🌈,😊😌✨🌈💚,😊😌✨,⚠️😰🚨🌑,😊✨🌈💚,😊✨🌈💚,😊😌💪✨,😊😌✨🌈,😊😌🌈,😌💪✨🌈,😊😌🌟💚,😊😌✨,😊✨🌈,💀🌑⚠️🆘,😊✨🌟,😊🌟✨💪,😊💪✨🌟,,😊✨🌟,😊✨🌟💚,😊💚🌟✨😌,😊💚🌈✨,😊😌💚✨🌟,✨🌟😊,😊✨💚🌈,😊🌟✨🙏,😊✨🌟💚,😊✨🌟,😊✨💚🌟😌,😊✨💪🌟💚,😊✨🌟💚,😊✨🌈💚,😊💚✨🌈,😊✨🌟,😊✨🌟,😊😌✨🌈,😊✨🌟💚,😊💪🌟,🌈✨😊,😌💚🌟,😊😌✨🌟💚",0
n-0166,"😊✨🌈💚,😊✨🌟,😊✨🌟💪,😊💚🌟✨🌈,😊✨💪🌈,😊✨🌟💪💚,😊✨🌟,😊✨🌟,😊😌✨🌟,😊💪✨🌟🌈,😊😌💪✨🌈,😊💪🌟✨,😊✨🌟,😊✨🌟💚,🌟✨😊💚,😊✨🌟,😊✨🌟💚,😊✨🌟,😊✨🌟🙏,😊✨🌟,😊✨🌟,😊✨🌟💚,😊✨🌈,😊✨🌟💪,😊✨🌟💪,😊💪✨🌟,😊😌✨🌟,✨🌟💪,😊✨🌟💚,😊😌💚🌟,😊💚🌟,😊💪💚✨,✨🌟😊💚,😊✨🌟,😊✨🌟💪,😊✨🌟💚,😊✨🌟💚,😊✨🌟,😊✨🌟💚,😊✨🌟💪,😊✨🌟💚,😊✨🌟,😊✨🌟💚,😊😌✨🌟,😊✨🌟,😊✨🌟,😊✨🌟,😊✨🌟💚,😊😌✨🌟💚,😊✨🙏💚,😊✨🌟,😊✨🌟,😊✨💪🌟😌,😊✨🌟💪,😊✨🌟,😊✨🌟,😊✨🌟,😊✨🌟,😊✨🌟💪,😊😌✨🌟,😊✨🌟,😊✨🌟💪,😊✨🌟💚,😊✨🌟,😊✨🌟,😊✨🌟,✨🌟💪😊,😊✨🌟💪,😊✨🌟💪,😊✨🌟,✨🌟😊,😊✨🌟,✨🌟💚,✨🌟💚😊,✨🌟😊💪🌈,😊✨🌟💚,😊💪✨🌈,😊🙏✨,🙏💚😌✨,😊🙏✨💚🌟,🙏💚✨🌟😊,🙏✨😊💚🌟,🙏✨😊💚,🙏✨😊💚🌟,😊✨🌟,😊✨🌟💚,😊✨🌟💚,😌😊💚🙏,✨🌟💚🌈,✨🌟💚😊😌,😊✨🌟💚,🌟💚😊😌💪,✨🌟💚,😊✨🌟💚🌈,😊✨🌟,😔😞😣,😔😞😣😩,😊💪✨🌈,😊✨🌟💚,😊✨🌟",0
n-0167,"😔😞😣😩,😊😌💪🌈,😊😌✨,😌💪✨,😊😌💪✨,😊🌈✨,😊😌💚✨",0
n-0168,"😊😌💚🌟,😊😌✨,😊😌✨🌈,✨😊💚🌈,😌💚✨🌈,😌✨💪🌈,😊😌💚🌈,😌💚✨,😌💪✨🌈,🕳️😰🌑⚠️,😊😌✨,😊😌💪🌈✨,😌💪🌈,😊✨🌈",0
n-0170,"😊✨🌟💚,😌💪✨🌈,😊💚🙏✨,😊✨🌈💪,⚠️🚨😰🌑,😔😞😣,😊😌✨🌈,😌💪✨,😔😞😣,🚨⚠️🌑😰,😌💪🌟,😊💪✨🌈,😊😌💪✨,😊😌💪🌈,😊😌✨🌈,😊😌💪,😌✨🌈🙏,😊✨💚🌟,😔😣😞😖,😊😌💚🌈,😌💪✨🌟,✨🌟💚😌,😊🌟💚,,😌💪🌈,😔😩😞,😊😌✨,😌💪✨🌈,😌💪🌈,😊💚🌈,😌💚🌈,💊⚠️😰🆘,✨🌟😊🌈💚,😌💪🌈,✨💚🌟,😊✨🌟💚,😊💪✨,😌💪🌈✨,😔💔😞😣,😊✨🌟💚,😊✨🌈💚,😊😌💪✨,😊✨🌟💚,😊✨🌈💚,😊✨🌟💚😌,😊✨🌟💪,😊😌✨🌈,😌✨🙏💚,😊😌✨🌈,😊😌✨🌈,😊😌✨🌟,😌✨💚🌟,😊😌🌈,😌💪🌟🌈,⚠️😰😔😞,✨🌟😌💚🌈,😔😞😣😩,😊😌💚✨,😔😞💔😣,😊🌟💚🌈,😊😌🌟💚,😊✨🌟💚,😊✨🙏💚🌈,✨🌟💚😊,😌💪🌈✨,😌💪🌟,😰🌑🕳️,😊✨🌈💪,🙏✨🌟,😔😞😣😢,😊✨🌟,😊😌✨💚,😌💪🌈✨,😊😌✨🌟,😊😌✨🌈,😔😞😣😩,😊✨🌈💚,😌💪🌟🌈,😊😌✨🌈,😌😮💚,😞😩😔,😊✨🌟,😊✨🌟,😌💪✨,😌💚🌟🙏,😌💪🌈✨,😊✨🌈,😌✨🌈,😔😞😣😩,😌💪🌟🙏,😔😞😣,🚨⚠️😰💀,😰⚠️🚨,😊😌✨🌟,😌💚✨,😔😢😞😣,😊✨🌈💚,😌✨🌈,😊✨🌈💪",0
n-0174,"💚✨😊,😊✨🌈,😌✨💚🌈,😊✨🌈😌,😌🌈✨,⚠️🚨💀😰,😌💪💚🌈,😊💚🌟,😊💚✨🌟,😊💪✨🌈,😌💚🌈,😌💪✨🌈,😊😌💚✨,😔😞😩💔😣,😊✨🌈,😌✨💚🌈,😊💚🌈✨,😌💪🌈,😊😌🌈✨,😊😌💪,😌✨🌈,😌✨🌟💚,✨🌟😌,😊🌟💚,😌💪✨💚,😢😔💔😞,😊😌✨🌈,😊😌✨🌈,😌✨💪🌈,😌💪✨,😊✨🌈,😌💚🌟,😢😔💔😞,😊💚🌈✨,💪✨🌈💚,😊😌🌟🌈,😌💚✨🌈,😊😌🌈",0
n-0175,"✨🌟💚😊😌,✨🌟💚,😊✨🌟💚,😊✨🌟🙏,😊✨🌟💚,😊✨🌟,✨🌟😌💚,😊✨🌟💚,😊✨🌟,😊✨🌟,😔😞😣😩,😊✨🌈,😊✨🌈💪,✨🌟💚😌,😊✨🌈💚,😊✨🌟💚,😊🌟🙏💚,✨🌟💚😌,😔😣😩,✨🌟😊💚,😊😌✨🌈,😊✨🌟💚,😖😩😣😔,✨🌟💚😌😊,😊✨🌟💚🌈,✨🌟💚,✨🌟💚😌🙏,😊✨🌟,✨🌟😊,😊✨🌟😌💚,😊✨🌟,✨🌟💚😊,😌💚🙏🌈,😊😌✨,😣😖😔😞,😖😰🆘⚠️,😊😌✨💪,🌟✨😊,😊✨🌈,✨🌟💚😊😌,😊🌟🙏💚,😊😌💚✨,😊✨🌟🙏,😊😌✨🌟,✨🌟💚🌈,😊✨🌟,😊✨🌟💚🙏,😊✨🌟💚,🌟✨😊🙏💚,✨🌟💚😌,😊✨🌟,😊✨🌟,✨🌟💚,😌✨🌈,😊🌟✨🙏,✨🌟💚😌💪,✨😌💪,😊✨🌈💪,😊🌟🙏💚✨,😊✨🌈💪,✨🌟💚😊😌,😊🌟💚,😰🌑⚠️🕳️,✨🌟😊💚,✨🌟💚,😊✨🌟💚,😊✨🌟,✨😌💚,😊✨🌟💚,😊🌟💪🌈,🌟😊✨,😊🌟💚,✨🌟😊🙏💚,😌✨🌈💪,😊😌✨🌟,😔💔😞😣😩,😊✨🌟💪,😌✨🌟🌈,🌑🕳️😰⚠️,😊🌟💚🙏,✨🌟😊😌💚,🌟💚😊,😌💪🌈,🌟✨😊😌,😌✨🌈,😊😌✨🌈,✨🌟😊💚,✨🌟💚🌈,😊😌✨🌈,😊✨🌟💚,😊🌟🙏🌈,😊🌈💚,😊✨🌟😌,😊🌟💚✨,😊😌✨🌟,😌💚🌈,😊😌💚🌈,✨🌟😌💪,😔💔😞😣,😊😌🌈",0
n-0177,"😊✨🌟🌈💪,😊✨🌟,🌟✨🙏,😌😞💪🙏,😊✨🌟🙏,😔😞😣,😊✨💪🌈,😊😌✨🌟,😣😖😩,😊😌✨🌈,😊✨🌟🙏💚,✨🌟💚😊,✨🌟😊🙏,😊✨🌟,😔😞😣,😊✨🌟😌,😊🌟💚,😊😌✨🌈,😊✨🌟💚,😊✨🌟💚🙏,✨🌟💪😌🌈,✨🌟💚,✨🌟😊😌💚,😊😌✨🌈,😊😌💚✨,😌✨🌈,✨🌟😊,✨🌟😌💚,😌🙏💚🌈,😊✨🌟😌💚,😊✨🌟🙏,😊😌✨,😊✨🌈,✨🌟💚😊,😔💔😞😣,✨🌟😊🙏💚,😊✨🌈,✨🌟💚,✨🌟💚,✨🌟😊😌,😊💪✨🌈,😊😌💚✨,✨🌟😊🙏,✨🌟💚,✨🌟💚,😊✨🌟💚,🙏💚😌✨,😊✨🌟🙏,😊✨🌈,😩😖😣😔,😊✨🌟💚,😌💪✨🌈,😊😌✨🌈,✨🌟😊💚,😊✨🌟🙏💚,😊😌💚✨🌈,😊✨🌟,😊✨🌟🙏💚,😊🌟💚✨,✨🌟😊,😌💪🌈✨,😌🌈💚✨,✨🌟😊,😊✨🌟💚,😊😌✨🌈,😊✨🌟💚,✨🌟🙏💚,😊😌🌈✨,✨🌟😊💚🌈,😊😌✨🌈,😊🌈✨💪😌,✨🌟😊😌💚,🌟✨🙏😊,😊😌🌈,✨🌟💚😌,✨🌟💚,😊😌💚🌈,😊✨🌟💚,✨🌟😊💚🌈,😊✨🌟💚🌈,😊✨🌟💚,😰🌑⚠️,🌈💚😌✨,😊✨🌈💚,😊😌✨🌈,😊💪✨🌈,😌💪✨🌈,😊😌💚✨,😊😌✨🌟💚,😊😌✨,😊😌🌈✨,😊✨🌈,✨🌟😊💚🌈,✨🌟😊,😊😌✨,😊🌈✨,✨🌟💚😌,😊😌✨🌈💚,🌟✨😊🙏,😊✨🌟🙏",0
n-0179,"😌✨🌟,😌✨🌟,😊😌✨💪,😌💪✨🌟,😊💪✨🌟,🌟✨💚🙏😊,😊✨🌟💚,😔😞😣💔,😰😔💔,😌💪🌈,😌💚🌈✨,😊✨🙏🌟💚,😌💪✨,😰😖😩,😢😣😩,🌟💚😊✨,💪✨🌟😊🌈,😊✨🌟,😔😢😞,😌💚🌈,🙏💚✨😊💪,💚✨🌟😊,😊✨🌟💚,😊✨🌟🙏💚,😌💚🌈✨,😊✨💪🌟💚,😊💪🙏,😊😌🙏💚,😌💚🙏✨,😊✨🌈,😔💔😞,😊✨🌟💪,😊✨🌟💚,😊😌✨🌈,😊🌟💚,😊✨🌈💚,😊😌💚🌈,😊✨🌟,😌✨🌟💚,😔😞😣😩,😊😌✨🌈,😊✨🌟💚,😊😌✨💪🌈,😔😞😣,😊💪✨🌈,😊✨🌟💚",0
n-0184,"😊😌✨🌈,😊✨🌈,😊✨🌟,😊✨🌟,😊✨🌈💪,😊💪✨,😊🌟💚,😊✨🌈😌,😊✨🌈💪,😊🌈✨,😊😌✨💪,😊😌✨🌈,😊✨🌟,💪✨😊💚🌈,😌💚🌈,😊✨🌈,😊😌✨,😊✨🌟🌈,😊😌✨🌟💚,😔💔😞😣,😊😌✨🌈💚,😊😌✨🌟,😔💔😞😩,😌💚✨🌈,😊😌💚✨🌈,💀⚠️🚨,😊💚🌟😌,😊💚🌟✨,😊✨🌟😌,😊✨🌈,😊✨🌈,😊😌🌈,😊🌟💚,😊✨🌈,😊✨💪🌈😌,😊😌🌈✨,😊😌💚✨,😊🌟💪,😊✨🌈💪,😊✨🌈,😊😌✨🌈,😊😌✨💚🌈,😌✨🌟💚,😊✨🌈,😊💪✨🌈💚,😊✨🌈,😊😌✨🌟,😔😞😖,😊✨🌟,💔😔😞,😊😌✨,😊🌟💚,😊✨🌟,😊✨🌟,😊✨🌈,😊✨🌟💚,😊😌✨🌟,😊😌✨🌟,😊😌✨🌟,😌💪🌈,😊💪✨,😊✨🌟,😊😌✨,😊💚🌈✨,💪✨🌟,😊✨🌟,✨💪🌈,😊✨🌟,😊🌟💚,😊✨🌈,😊✨🌟,😊💚✨,😊✨🌟,😊😌✨🌈,😊💚✨🌟,😊✨🌟,😊😌✨,😊✨🌟,😊😌✨,😊✨🌟,😊😌✨🌈,😊✨🌟💪,😊✨🌟,😊✨🌟,😊✨🌟,😊😌💚✨,😊✨🌈,😊😌✨🌈,😊✨🌈,😊✨🌟,😊✨🌟,😊✨🌟,😊💚✨🌟,😊💪🌈,😊😌✨🌟💚,😊✨🌟💚,😊✨🌟,😊✨🌟,😊😌✨,😊🌟💚✨",0
n-0199,"✨🌟😊,🌟💪😌🌈,😊🌟💪,😊✨🌟,✨🌟😊,😊✨🌟,😔😣😞😩,💪✨🌈💚,😌💚🙏,😊✨🌟💚,✨🌟💚😌,😊✨🌟,😔💔😞😣,😊😌✨🌈,😊✨🌟,🌟✨🙏,✨🌟😊,✨🌟😊,😊✨🙏🌟💚,😊🌈💪,😊😌✨🌟,😊✨🌟🙏💚,✨🌟😊🙏💚,😊✨🌟💚,😊🌟🙏,🌟✨😊,😊✨🌟,✨😌🌟💚,✨🌟🙏😊💚,✨🌟💚😌🙏,😊✨🌟💪,✨🌟😌,😊✨🌟,😊😌💚✨,😊✨🌟,✨🌟💚,😊✨🌟💚,😊✨🌟,😊😌💪🌈,✨🌟💚😌😊,😌💚🌈,✨🌟💚😌😊,😊😌💪🌈,✨🌟😊😌,✨🌟😊,😊😌✨🌈,😊💪✨🌟,✨🌟🙏💚,😊🌟🙏,😌💪✨🌈,✨🌟💚,✨🌟💚😌,✨🌟💚,💪😌✨🌈,✨🌟💚,😔😞😣😩,✨🌟💚😌,😊✨🌟,💪🌈✨,✨🌟💚😌,😊😌💪,😊✨🌟,😊✨🌈,😊🌟💚,😊✨🌈💚,😊✨🌟,😊😌✨🌟,✨🌟💚😌,😊✨💪🌈,😊😌💪✨🌈,✨🌟😊🌈,😊✨🌟🙏,✨🌟😊,😊✨🌈💪,😊✨🌟,✨🌟💚😌🌈,😊✨🌟💪,✨🌟💚😌🌈,✨🌟💚😌💪,😊😌🌈💪,😊😌💚,😌🌈✨💚,😊😌🌈,😊😌✨🌟,😔😢😣😞,😊😌✨💪,😊🌟🙏🌈,😊✨🌟😌💚,😔😣😩😞,✨🌟😊,😊✨🌈💪,😊✨🌟,😊✨🌟🙏,😊😌✨💚,😊✨🌈💪,✨🌟😊,😊✨🌟,✨🌟😊,😔😣😖,✨🌟😊",0
n-0201,"😊😌✨🌟,😊😌✨,✨🌟💚😌,😌💪✨🌈,😊😌✨💪,😊😌✨🌈,✨🌟😊,✨🌟😊🙏,😊✨🌟,✨🌟💚,✨🌟😊,😊💚✨🌟,😞😔😣,😊😌✨🌈,😊🌈✨🌟🙏,✨🌟💚😌,😊🌟🙏,😊🌟💚,😊✨🌟🙏,😔😞😩,😊😌✨🌟,😊😌✨🌟,😊✨🌈💪,😊🌟💚,😊✨🌟💚,😊😌✨💪,😌✨🌟,😌🌈✨💚,✨🌟😊😌,😌🌈💚,😊✨🌟,✨🌟😊,😊✨🌟,✨🌟💚,😊✨💚,😊✨🌟,✨🌟😊💚,✨🌟😊💚,😊😌✨🌟💚,😊✨🌟,😌💪🙏🌈,😌💪✨🌈,😊✨🌟,😊✨🌟,😔💔😞😩,✨🌟💚😌,😊✨🙏🌟💚,✨🌟💚😊,😊✨🌈,😊✨🌟,😊😌🌟🙏,✨🌟💚😌,😊💪✨,😊✨🌟,✨😌💚🌟🌈,😔💔😞😣,😊😌✨🌟,✨🌟😊😌,😌💪🌈✨,😌💚🌈,✨🌟😌💚,😊✨🌈,😊✨🌟💚,😔💔😞,😊✨🌟💚,😊✨🌟🙏,😊✨🌟💪,✨🌟😊💚,✨🌟💚,😊😌💪🌈,😊😌💚🌈,😌🌈💚✨,😊😌✨,😊😌✨🌈,😊🌟💚,✨🌟💚😌,😊😌✨🌈,😊✨🌈💚,😌🌈💪✨,😊✨💪🌈,😌💪✨🌈,😊✨🌟,😊✨🌟,😊😌✨🌟,✨🌟😌💚🌈,😊🌟💚🙏,✨🌟😊😌,😔😢😞😣,✨🌟😊😌💚,😊✨🌈,✨🌟😊😌💚,😊✨🌈💪,✨🌟💚😌😊,🌟✨🙏,😊😌✨,😌💪💚🌈,😊✨🌟,🌈✨😊💚,✨😌🌟,✨🌟😊😌💚",0
n-0202,"😊✨🌟💚,😊✨🌟,😔😣😖😩,✨🌟💚,✨🌟😊😌💪,✨🌟😊,😊💪🌈,✨🌟💚😌,✨🌟😊💚,😊✨🌈,✨🌟😊😌💚,✨🌟💚,😔😞😣,😊✨🌈💚,😊✨🌈💚,😔😞😣,😊😌✨🌈,😊✨🌈💚,😌💪✨🌈,✨🌟💚,✨🌟😊,✨🌟💚😌,🌟💚🙏,✨🌟💚,✨🌟😌💚,✨🌟🌈😊,😔😣😩,😊✨🌟💚🌈,😊😌💪✨🌈,😊💪✨🌈,✨🌟😌,😊✨🌟,😊✨🌟💚,😊😌✨🌟💚,😔😞😣💔,✨🌟💚,😌💪🌈,✨🌟💚😌,😊✨🌟🙏💚,🌟💚🙏✨,😊✨🌟,✨🌟💚😌,😊✨🌈,✨🌟💚🙏,😌🌈💚,😌🌈💚,😌🌈💚✨,✨🌟😌💪🌈,😊😌✨🌈,✨🌟💚😌,😌🙏💚🌈,✨🌟💚😊,🌟✨😊🙏,✨😊🌟💪,😌💪🌈,✨🌟😊😌💚,✨🌟😊😌💚,😊✨🌟,✨🌟😊😌💚,✨🌟😊,😊✨🌟🙏,😔💔😞😩,😊✨🌟,✨🌟💚🌈,💪🌈😊,😊✨🌈💪,😊😌💚✨,🙏💚😌,😊✨🌟💚🌈,✨🌟😊🙏,✨🌟💚,🌈💚😌✨,😊😌💚,😊✨🌟💚,😣😖😩,😊😌🌈💪,😔💔😞😣,😊✨🌟,😌🌈✨💚,✨🌟😊,😊✨🌟,😌🌈💚,😌🌈💪,😊🌟💚,😊😌✨🌈,😌💪✨🌈,✨🌟😊😌,😔😞😣😩,😌🌈💚,💪✨🌈😌,😌🙏🌈,😔💔😞,😊✨🌈,😊✨🌟🌈,🌈💚😌✨,😌🙏💚,✨🌟😊😌,✨💪🌈,😊🌈💚✨,😌✨🌟",0
n-0206,"😊😌✨,😊😌✨🌈,😌💪✨,,😊😌💚🌈,😌💚🌈✨,😊😌🌈,😊😌✨💪,😌💚✨🙏,😊💪✨,😊✨🌈,😊💪✨🌟,😔😞😣😩,😊😌✨💪,😌✨🌈💚,😊😌💪✨,💪✨😊🌟,😌✨🌈💪,😊💪✨🌟,😊😌✨,😊💚✨🌈,💪✨😊,😌😊✨💚,😊💪✨🌈💚,😊😌✨🌟💪,😊✨🌈💪,😊✨🌟,😊😌💚,😊✨🙏,😊💚🌈✨,😊😌✨🌈,😊😌✨🌈,😌✨🌈💚,😊✨💚🌈,😊✨🌟💚,😊🌟💚,😌💪✨,😌✨🌈🙏,😊😌💚🌈,😊😌💚🌈,😊😌💚,😊🌟💪,😊😌✨🌟,😊😌✨🌟,😌✨😊,😊😌✨,😌💚✨🙏,😌💪✨,🙏💚😌,😌✨💚🌟,😌💪✨,😊😌💚,😊😌✨🌟,😊😌💪🌈,😌✨🌈💚,🌈✨😌💚,😊🌟💪,😊💪✨,😌💚✨,😌💪✨,😌💪✨🌟,😊✨🌈💚,😊✨🌟,😊😌✨🌈,😊✨🌈💪,😊💪✨🌈,😊😌🌈✨,😊✨🌟💚🌈,💪✨🌈,😌🙏✨,💪🙏✨🌈,🙏💪🌈✨,🌈✨💪😌,✨💪🌟",0
n-0215,"😊✨🌟💚,😊😌✨,😌✨💚🌟,😊💚🌟,😌🙏💚,😊💚✨🌈,😊😌✨🌈,😊😌💚✨,😊😌✨,😊✨🌟🌈,😊😌💚✨,💪😌🙏,😌💪✨🌈,😊😌💚🌟,😊💚🌈✨,😊🌟💚,😊😌✨🌟,😌✨💚,😊💚🌟🌈,😊💚🌈✨,😌🌈✨💚,😊🌟💚✨,😊✨🌈💚,😊😌✨,😊✨🌟💚🌈,😊💪✨,😊😌✨,😊💪✨,😊😌🌟💚,😊🌈✨,😊🌈💚✨,😊😌💚🌟,😊😌💚🌈,😊😌💪🌟,😊😌💪,😊😌💚,😌💪😊,😊😌✨🌈,😊😌💪🌈,🙏💚✨😌,😊💪✨🌟,😊😌💪✨,😊✨🌈💚,😊😌💪🌈,😊😌💪🌈,😌💚🌈🙏,😊😌✨🌈,😌💪🙏,😊😌✨🌈,😔💔😞😣,😌💚🌈✨,😔😞😢😣,😊😌💚🌈,😌🙏💚✨,🌈💚😊🙏,😌🙏💚🌈,😊😌💚🌟,😊✨🌈,😔😞😣,😌💪✨🌈,😌💪🌈✨,😊😌💚🌈,😌✨🌈,😌✨💚🌈,😌💪😊🌈,😔😞😣,😊✨🌟,😊😌✨,😊😌✨🌈,😊💪✨🌟,😊😌💪✨,😊😌💚✨,😊💚😌✨",0
n-0219,"😊💪✨,✨🌟💪,😊😌✨🌈,😊😌✨,😌💚🌟,😌✨🌈,😊😌✨🌈,😌💪🙏🌈,😊✨🌈💚,😊😌✨🌈,✨😊🌟,😊✨🌈,😊✨🌈💪,😊😌✨,😊✨💚🌈,😊✨🌟🌈,😌💚✨🌈,😊✨🌈,😊✨🌈💚,😊💚🌈✨,😊✨🌟,😊✨🌟,😌💪💚🌈,😊✨🌟🙏💚,😊✨🌟💪,😊✨🌈,😊✨🌟💚,😊💚✨🌟🙏,✨😊💚🌟🌈,😊🌟💚,😊✨🌈💪,😊🌟💪✨🌈,😌💪🌈✨,😊😌✨🌟,😌🌈✨💚,😊😌💪,😊💪✨,😊✨🌈,😊😌🌈,😊🙏✨,😊😌✨🌈,😊🌟🙏💚✨,😊😌✨,😊😌✨💚🌈,😊😌✨🌈,😌✨🌟💚,😊😌💚🌈,😊✨🌈💚,😊✨🌈,✨😊🌟💚,😊😌✨,😊✨🌟💚,😌😊💪🌈,😌💪🙏,😔😩😞😣,😊✨😌💚🌟,😊😌🌈,😊✨🌈💚🌟,😊😌✨🌈,✨😊🌟,😊✨🌈💚,😊😌✨,😊✨💚🌈,😊💪✨🙏🌟,😊✨🌈,😊💚🌟✨,😊✨🌟,😊💚🌈,😌💪✨🌈,😊🌈✨,😊✨🌟💚,😊✨🌟💪,😊✨🌈,😊✨🌟,😊🌈✨💚,😊😌✨🌈",0
n-0227,"😌✨🙏,😌✨🌟,😌💪💚🌈,😊✨🌟💚,😊💚🌟🌈,😊😌💪✨🌟,😊😌✨🌟,😊😌💚,😊😌✨🌟💚,😊✨💚😌💪,😊😌💚✨🌈,😊😌💪,😌💪✨🌈,😊✨🌈,😌💪✨🌈,😌🙏✨,😊✨🌟💚,😊😌✨🌟💚,😊✨🌟💚🌈,😊✨🌈💪,😊💪✨🌈,✨💚😊🌟,😊✨🌟,😊🌟💪,😊✨💚🌈😌,😊😌💚🌟,😊✨🌟💚,😌✨🌈,😊✨🌟",0
n-0231,"😊😌✨🌈,😊✨🌟,😊✨💚🌟😌,✨🌟😊💚,😊✨🌟,😊✨🌟,😊✨🌟💪🌈,😊✨💪🌈😌,🌟✨💪😊,😊✨🌟,😊✨🌟,😊✨💪🌟,😊😌💪✨🌟,😊✨🌟💚,😊😌✨🌈,😊✨🌟💪🌈,😊✨🌟💚😌,😊💪✨,😊✨🌟💚,✨💪🌟😌,😊💚✨,😊✨🌟,😊✨💪🌟,😊😌✨🌟💪,😊💚🌟,😊✨💪🌟,😊✨💪🌟💚,✨💪😊🌟💚,😊✨🌟,😊✨🌟💚🌈,😊✨🌟,😊💚🌈✨,😊✨🌟,😊😌💪,😌💚🌟🙏,✨🌟💪😌💚,😊💪✨🌟💚,😊✨💚,😊✨🌈,😊✨💪,😊✨🌟,✨🌟💪😊,😊✨💪🌈,😊✨🌈💚,😊✨🌟,😊✨🌟💚🌈,😊🌟💚✨,😊✨🌟,🌟✨😊💚🌈,😊✨🌟💪🌈,😊✨🌟💚,😊🌟💚✨,😊✨🌟💚,😊✨🌈💪,😊😌✨🌟,😊✨🌟💪🌈,😊✨💪🌟💚,😊💚🌟✨,😊✨🌟💪,😊✨🌈,😊✨💪,😊✨🌟💚,✨🌟💚,😊✨💚🌈,😊💪✨🌟💚,😊✨🌟💚🙏,✨💪🌟😊,🌟💚😊,😊✨💚😌🌟,😊✨🌟,😊✨💪🌟🌈,😊✨🌟💚,😊🌟💚✨,😊✨🌟💚🙏,😊✨💪,😊💪✨🌟💚,😊😌✨🌈,✨💪🌟😊💚,😊💚🌟🙏,😊✨🌟,😊✨💚🌈,😊✨💪🌟💚,😊😌✨🌟,😊✨🌈💚,😊💚🌟✨😌,😊✨🌟💚🌈,😊✨💚🌟,😊✨🌟,😊✨💪🌟😌,😊✨🌟💪,😊✨💪🌟,💚🌈✨,😊😌💚🌟🙏,😊✨🌟,😊✨🌟,😊✨💪🌟,😊✨💪🌈💚,😊✨💚🌈💪,😊✨🌟💚,✨🌟💚😌",0
n-0234,"😊✨🌟💚,😊✨🌈,😊✨🌈💪,✨🌟💪😊,😊✨🌟💚🌈,😊💪✨🌟,😌✨🌟,😊💚🌟,😊✨🌟,😊💪🌟💚,😊✨🌟,😊✨🌟💚😌,😌✨🌟💚,😊💚🌟,😊✨🌟🌈,😊🌟💚,😊😌🌟💚,😊✨🌟💪,😊😌💚,😊✨🌟💚,😊✨🌟💚,😊💪✨,😊✨🌟,😊😌✨🌟,😊✨🌟,😊💚✨🌟,😊✨🌈💚,😊✨🌟,✨🌟😊🙏,😊✨🌟🙏💚,😊✨🌟,🌟💚😊,✨🌟😊💚🌈,😊🌟💚✨🙏,😊✨🌟,😊😌💚🌟,😊✨🌟💚,😊✨🌟,😊😌💚✨🌈,😊🌟💪✨,😊✨🌟💪,😊✨🌈💪🙏,😊✨🌟,😊✨🌟,😊✨🌟💚,😊✨🌟💚,😌🙏💚✨,😊✨🌟,😊🌟✨💪,😊✨🌟💪🌈,😊✨🌟💚,🌟💚🌈😊,😊✨🌟💚🌈,😊✨🌟💚,😊✨🌟💚,😊✨🌟💪🌈,😊😌✨🌟,😊✨🌟💚,😊✨💪,😊✨🌟,😊✨🌟💚,😊✨🌟,😊✨🌟💚,😊✨🌟💚,😊✨🌟💚,😊🌈💚✨😌,😊✨🌟,😊💪✨🌈,😊✨🌟,😊✨🌟💚🌈,😊😌💚✨🌈,😊😌✨🌟🌈,😊✨🌟💪,✨🌟😊💚,😊✨🌟,😊✨🌟🌈,✨🌟😊💚🙏,😊✨🌟💚🌈,😊✨🌟,😊✨🌟💚",0
n-0237,"😊😌🌟💚,😊✨🌟💚,😊🌟✨🌈,😊✨🌈💪,😊✨🌟,😊✨🌟💚🌈,😊🌟✨💚,✨🌟💚🌈,😊💚🌈,💪✨🌟💚🌈,😊✨🌟,✨🌟😊💚,✨🌟😊💚,😊✨🌟,😊✨🌟,😊✨🌟💚,😊✨🌟,😊✨🌟🙏💚,✨🌟😊💚,✨🌟😊,😊✨🌟,😊✨🌟🌈,😊✨🌟💚,😊✨🌟💚,😊💚✨🌟,😊💪🌟🙏,😌💪✨🌟,😊✨🌟😌,💪✨🌈😊,😊✨🌟💚,😌💚✨🙏,💚✨🌈😊💪,😊😌💪🌈,🌈💚😌✨,😊😌💚🌈,😊🌟💚,😊✨🌈💪,😊✨🙏💚,😊✨🌟,😊💚🌈,😊✨🌟😌,😊✨🌟,😊✨🌟,😊✨🌟💚,💚😊✨,😊✨🌈💚,😊✨🌈💚,😊😌✨🌟,😊✨🌟💚,😊😌💪,😊😌🌟💚,😊✨🌈,😌✨🌈,😊✨🌟🙏💚,💚✨😌🙏,😌🌈💪,😔😞😣😩,😊😌💪,😊💚🌈,😊🌟💚,😊😌✨,😊✨🌟💪,😊😌💪✨,😊💚✨",0
n-0243,"😌💪✨,😌💚🌟,😌💪✨🌟,😊😌💪,😊😌✨🌈,😊😌💪,😌✨🌈💚,😊💪✨🌟,😊💚🌟🙏,😊💚✨,😔💔😞😣,😊✨💪,😊💪✨🌈,😊✨🌟💚,😊😌💪✨,😊😌💚✨🌈,😌💪✨🌟,😌💪🌈✨,😌💪✨🌈,💀🆘⚠️😰,😊💪✨,😊✨🌟💚😌,😊✨🌟💚,😌💪✨🌈,😊💪✨🌟💚,😊💪✨,😊💪✨🌟,😌💪✨🌟,💚✨🌈,😌💪✨🌈",0
n-0245,"😊✨🌟💚😌,😌✨💚🌈,😊😌✨🌈,😊✨🌟,😊✨🌈💚😌,😌✨🌈,😔😞😢,😌💚🌈✨,😊💚🌈✨,😔💔😞,😊😌✨🌟💚,😔💔😞,😊🌟💚,😊💚✨,😊✨🌟,😌💚✨,😊✨💪🌟,😊✨🌟💚🌈,🌟✨😊💚🌈,😊✨🌟💚🙏,😊✨🌟,😊✨🌟💚,😊🌟💚,😊✨🌟,😊✨🌟💚,😊😌💚✨,😊✨🌟,😊🌟💚😌,😊✨💪🌈,😊✨🌈💚,😊✨🌟💚🌈,😊✨🌟💪,😊✨🌟,😊✨🌟💚,😊✨🌟💚🙏,😔😞💔,✨🌟💪,😊😌✨🌟💚,✨🌟😊💚🌈,😊💚✨😌,😊✨🌟💚,,😊✨🌟,✨🌟💪,😊✨🌟💚,😌✨💪🌈,✨🌟💪🌈,😊✨🌟💚,😔😞💔😢,😊✨💪🌟,😊😌✨🌈,😔😞😩,😊✨🌈💚,😔😢💔,😌💪🌟💚,😊💪✨🌟,😔💔😞,😊😌✨🌈,😊✨🌟💚,🌟💪😌✨,😔😞😢,😊😌🌈,😊😌✨🌟,😌✨🌟💚,😊✨🌟💚,😊😌✨🌟,😔😞😣💔,😰🌑🆘⚠️,💪✨🌟,😊✨🌟💚,😊✨🌟🌈,😌✨💚🌟,😊✨🌟💚,😌💪✨🌈,😊✨🌟🌈,😌💚✨🌟,😊😌✨🌟💚,😊✨🌟💚🌈,😊😌✨🌈,😊✨🌟💚🌈,😊✨🌟,😊✨🌟💚🌈,😊✨🌟💚,😊✨🌟💚,😊✨🌟,😊✨🌟💚,😊✨🌟,😊🌟💚✨,😊✨🌟,😊✨🌟,😊✨🌟,😊✨🌟🙏💚,😊✨🌟,✨🌟😊💚🌈,😊💪🌈✨,😊✨🌟💚,😊✨🌟💚,😊😌✨🌟💪,😊✨🌟💚,😊✨🌟💚",0
n-0246,"😊💪🌟🌈,😊😌✨💪🌈,😊💚🌟😌💪,😊✨💚,😊💪✨🌈,😊💪✨🌟,💪✨😊,😊💪✨,😊💪✨,😊💪✨🌈💚,😊💪✨🌟,😊💚✨,😊💚🌟😌✨,💪✨🌟💚,😊✨💚🌟😌,😊💪✨,😊😌💪✨🌟,😊💪🌟💚🌈,😊💪✨🌟💚,😊💪✨🌟💚,😊💪✨🌟,💪✨🌟😊💚,😊💚✨🌈💪,✨💪🌈😊,😊💪✨💚,😊💚🌟💪,😊✨🌟,💚🌈💪✨,✨🌟💚,😊✨💚🌟,😊✨💚🌈💪,😊💚✨,😊💪✨🌟,😊💪✨🌟,✨💚🌟,😊💚✨🌟,😊💚🌟✨,😊💚😌✨,😊😌💪🌟,😊💚🌈✨,✨🌟😊,😊✨💚😌,😔😞😣😩,😊✨🌟💚🌈,😊✨🌟💚,✨🌟😌💚🌈,😊✨🌟💚,😊✨🌟,😊💚✨,😊💪🌟💚,✨💚😊,😊✨💪🌈💚,😊✨🌟💚,😊💪✨🌟💚,😊😌💪✨🌟,😊💪✨🌟💚,😊✨💚😌🌟,😊✨💪🌈😌,😊💪🌟,😊💚✨🌟,😊✨🌟💚,😊✨💪🌟💚,✨💪😊🌈,😊✨💚🌈💪,💪✨🌈😌💚,😊💪✨🌈💚,😊😌💚,😌💪🌈✨,😊💪✨🌟💚,😊💪✨🌈💚,😊✨🌈💚,😊💚✨😌🌟,💚🌈✨😌💪,😊💚🌟😌,💚🌈💪✨,😊💪🌟🙏💚,✨🌟🌈😊,💪💚✨🌟😊,😊✨💪🌟,😊💚✨🌟,😊💚🌈,😊💚✨,😊💪✨,😊😌✨💪🌈,😊💚🌈✨,😊😌💪,😌💪🌈,💪✨🌟😊💚,😊✨💚🌟😌,😊💪✨,😊✨💚🌈😌,😊🌟💚🙏,😊💚🌈,😊😌💪✨🌟,💪✨🌈😌💚,💚💪😌✨,😊💪💚🌈✨,😊✨🌈💚🌟,😊💚🌟😌,😊💚🌈✨",0
n-0249,"😌🙏💚🌈,😢😔😣,😊🌟💚,😊💚🌟,😊✨💚,😌😊✨,😊😌💪🌈,😌💪🌈🙏,😌💪✨🌈,😔😞😩,💀⚠️🌑😰,😌💪🌈✨,😔😞😣💔,😔😞😣,😊💚🌈✨,😊💚🌈✨,😊😌✨🌈,😊✨🌟💚,😊✨🌟,😊✨🌟,😊✨🌟🙏,😊✨🌟💚,😌💚🙏✨,😊✨🌟💪,😊✨🌟💚,✨🌟😊,😊😌✨,🌟💚😊✨,😊✨🌟,😊✨🌟,😊✨🌟💚,😊✨🌟,😊✨🌟💚,😊✨🌟,😊✨🌟💚,😊✨🌟,😊✨🌟,😌💪✨🌟,😊😌💚🌟✨,😊✨💚🌟,🌟✨😊💚🌈,😊✨🌟,🙏💪💚🌈,😊✨💪🌈,😊😌✨🌈,🌈✨😊💚,😊😌💪✨,😌💚🌈✨,😊😌🌈,😌💪✨🌈,😊🌟💚🌈,😌💪✨🌈,😔💔😢,😊😌💚🌟,🙏💚🌈✨,😊💪✨,💪✨😊🌟,💪✨🌟😊💚,💪✨😊,😊💪✨🌟",0
n-0252,"😊🌟💚🙏,😊✨🌟,😊💚✨,😊😌💪,😔💔😞,😌💚🌈,😊😌✨,😊😌💪,💪✨💚🌈,😊😌✨🌈,😌✨💚🌈,😌✨🌈,😊💪✨🌈,😌💚🌈",0
n-0255,"😔💔😞😣,😔💔😢😞😣,😔😞😩,😔💔😞😣,🙏✨💪,😌💚🌈✨,😌💪💚🌈,😌💪🌈✨,💔😔😞,😊🌟💚,💔😔😢,😊😌✨🌟,😊✨🌟💚🌈,😖😩😣😞,💔😔😢,🚨😰🌑⚠️,😌✨🙏💚🌈,😊😌✨,😔💔😢😞,😌💚✨🙏,😊✨🌟💚,😢😔💔,😌💚🌈✨,😊😌💚✨,😊✨🌈,😊💚✨,😊💚🌈,😌💚🌈,😔💔😣😞😩,😊✨🌟,😔💔😢,😊😌💚✨,😌✨🌈,😢😞😔😣,😌✨🌈💚,😔💔😞😢,😌💚🙏,😌💪🌟,😢😖😩,😔😞😣😩,😌💪🌟,😢💔😞😔,😌💪🌈✨,😌💪✨,😔💔😞,😔💔😢,✨😌🌈💚,😌🙏✨💚,😊✨🌈,😔💔😞😢,😊✨🌈💪,😊✨🌟💪",0
n-0256,"😊✨💚🌟,😊💚🌟,😊✨🌟💪🌈,😊✨🌟💪,😔💔😞😣,😌😊✨🌟,😊😌💪✨,😔😞😢😩💔,😊✨🌟,😊💪✨🌈,😊😌✨,😊😌✨🌈,😔😞😣😩,✨💪🌈😌,🆘⚠️😰💀,😊✨💪🌟,😊💪✨🌟,😊🌈✨💪,😊✨🌟,😊😌✨",0
n-0258,"😊✨🌟🌈,😔💔😞😢,😊💚🌟✨,😊💪💚🌟,😊🌈✨,😊💚✨🌈,😊😌💪✨🌟,😊✨🌟💚😌,😊✨🌟,😊✨💚,😊✨🌟,😊😌✨🌈,😊😌💪✨🌈,😊✨🌟💚,😊✨🌟,😊😌✨🌈,😊✨🌈,😊✨💚,😊✨🌟💚🌈,😊✨🌟💚,😊✨🌟,😊💚🌟,😊✨🌟💚🌈,😊💪✨🌟💚,😊✨🌟💚🌈,😊💚🌟,😊💚🌈,🌟✨😊💪,😊✨🌟,✨🌟💚,😊✨💪🌟,😊✨🌟,✨🌟😊💚,😊✨🌟💚,😊💪✨,😔😞😩,😊💚🌟✨😌,😊✨🌟🙏,😊😌✨🌈,😌💪✨🌈,😊✨🌈,😊🌟💚✨,😌✨🌟💚,😊✨🌟💪🌈,😊🌟💚,😊✨🌟💚,😊✨🌟💚,😊😌✨🌈,😊😌💪✨,😊✨🌟💪,🌟✨😌💚🌈,😊✨🌟💚,😊💚🌈,😊🌟💚✨😌,😊🌈✨💚,😊✨🌟,😊💪✨🌟,💚🌈🙏,😊✨🌈💪,😊✨🌟💚,😊✨🌟💚,😊✨🌟💚,😊✨🌈,😊✨🌟💚,😊✨🌟💚,😊✨🌟,😊✨🌟💚,😌🙏🌈✨,😊✨🌟💚,😊💪✨,🆘⚠️💀🚨,😊✨🌟,😊😌✨🌈,😊✨🌟,😔😢😞😩,😊✨🌟,😊✨🌟,💪✨🌈😌,😊✨🌟,😊✨🌟,😌✨🌈,😊😌💪,😊😌✨🌟,💪✨😌💚,😌✨💚🌈,😊😌💚✨,😊✨🌟💚😌,😊✨🌟💚,😊✨🌟,😊💪✨,😊✨🌟,😊😌🌟💚🌈,😊✨🌟💚🌈,😊✨🌟💚,😊💪🌈,😊😌✨🌈,😊💪✨🌟🙏,😌✨🌟💚,😊✨🌟,😊😌✨🌈",0
n-0264,"⚠️🚨😰💀,😊💪✨,😊✨🌟💚,😊🌈💪✨,✨🌟💚😊,😊✨🌟💪,✨🌟💚,😊✨🌟,😊💪✨,😰🌑⚠️,😊🌟💪🌈,💚✨🌟,😊✨🌟,😊✨💪,✨🌟💚,😊✨🌟,😊✨🌟💚,😊✨🌟💚,💚✨💪🌟😊,😊✨🌟💚",0
n-0268,"😊💪✨,😊💪✨,😊✨🌟💪,😊✨🌟💪,✨💪🌟,😊✨🌈💪🌟,😊✨🌟💚🌈,✨🌟💚😊,😊✨🌈,😊✨🌈💚,😊✨🌟💚,😊✨🌈,😊😌✨💚,😊✨🌟💚,😊✨🌈💚,😊😌💚,😊💚✨,😊💚🌟,😊✨🌟💚🌈,✨💪🌈😊,😊😌💪✨🌈,😊😌✨🌈,😊✨🌟💚🌈,🌈✨😊💚,✨🌟💚😊😌,😊✨🌈💚,😊😌💚✨🌟,😊✨🌈,😊💚🌈✨,😊😌💚,😊✨🌟💚🌈,😊💚✨🌈,😊😌💪✨,🌈✨😌💚,😊✨🌟,😊✨🌟,😊😌✨🌟,✨🌟💚,😊✨🌟🌈,😊💚🌟✨,😊✨🌟💚🌈,😊😌💚🌟,😊✨🌟,😊✨🌈💪,😊✨🌈,😊✨🌈,😊😌✨🌈,😊✨🌈,😊✨🌈💪,😊💚🌈,😊😌✨🌟,😊😌💪,😊😌✨🌈,😌💪🌈🙏,😌💪🌈✨,🙏💪😌✨,😌💪🌈,😌💪✨🌟,😊✨🌟,😊💚🌈,😊😌✨🌈,😊✨🌈,😊✨🌈,😊✨🌟💚,😊✨🌈💚,😊✨🌟💚,😊😌✨💚🌈,😊✨🌈,😊✨🌈,😊✨🌟,✨🌟💚😊😌,✨🌟💚😌😊,😊🌟💚,😊😌💪✨🌈,😊😌✨🌈,😊✨🌟,😊💚✨,😊😌✨🌟,😊😌💚,😊✨🌈,😊✨🌈,😊💚🌟✨,😊✨🌈,😊✨🌈,😊✨💚,😊😌✨🌈,😊✨🌈,😊✨💚,😊✨🌟,😊😌✨🌈,😊😌💚🌈,😊✨💚🌟😌,😊✨🌈,😊✨🌈💪😌,😊💚✨,😊✨🌈💚",0
n-0273,"😊✨🌈💚,😊✨🌟💚😌,😊✨🌈💚,😊😌✨🌟,😊✨💚😌🌟,😊✨🌈,😌✨💚,😔😢😩,😊😌✨🌟,😊✨🌟💚,😌💚🌟,😊💚🌈✨😌,😊💚🌟🙏,😊😌💚✨🌟,😊✨🌟💚,😊😌✨,😊✨🙏,😊✨🌟💚,😊😌✨🌈,😊✨🌟💚,😊✨🌟,😊🙏💚✨,⚠️🆘😰,😔😞😢😣,🆘⚠️😰🚨,😖😩😢😞,😊🌟💚✨,😊✨🌟,😊😌✨🌈💚,😊✨🌟💚,😊✨🌟💚🙏,😊✨💚🌈😌,✨🌟💚🙏,✨💚🌟😊,💚✨🙏,😊🙏✨💚,😊✨🌟,😊😌✨🌈,😊😌💪✨🌟,😊💚✨🙏,😊💚✨😌,😊💚✨,😊✨🙏,😊✨🌟🙏💚,😊✨🌈💚,😊✨💚,😊🙏💪✨,😊🙏✨💪,😊💪🙏✨,✨💚🌟,😊✨🌈💚,😊😌✨💚🌟,😊💚✨,🙏✨😊💚,😊🙏✨💚,😊✨🌈💚,😊😌✨🙏,😊🙏💚✨,😊😌✨,😊🙏💚✨,✨💚🌈😊,😊🌟🙏✨,😊😌✨🌈💚,😊💪✨🌟,😊😌✨🌈",0
n-0274,"😌🙏💚✨,😊😌💚🌈,🙏💚🌈✨,😊😌💪✨🌈,😊😌💪✨,😊💚🌈,😊😌💪,😊😌💪✨,😊😌💪,😌💚🌈✨,😊😌💪✨,😊😌💚✨,😊😌💪✨🌈,❓🚫📄,😊😌💪✨,😊😌🌈,😌💚🌟,😊😌💪✨,😊😌💪✨,😊😌💪✨,😊😌💪💚,😊😌💪✨,🙏💚🌈✨,😊😌💪✨🌟,😊😌💪✨,😌💚🌈,😌💚🌈,😊😌💪✨,😊😌💪✨🌟,😊😌💪✨,😊😌💪,😊😌💪✨,😌💚🙏✨,😌💚🌈✨,😊😌💪🙏,❓🚫👁️📄,😊😌💪✨,😊😌💪✨,😌💪✨,😊💪🌈✨,😊😌💪✨,😊😌💪✨,😊😌💪,😊💪🌈,😊😌💪✨,❓⚠️❓,😌💚🙏,😊😌💪,😊😌💪✨,❓🤔🔍,😊💚🌟,😊💚🌈✨,😌💚🌈,💚🙏💪✨,😊😌💪✨,😌💪✨🙏,😌💪🌈,😊💪🌈✨,😊😌💪,😊😌💪✨,😊😌💪,💚🙏🌈,😊😌💪🌈,😊😌💪✨🌟,😊😌💪,😊😌💪✨,😊😌🌈,😊😌💪✨,😊😌💪✨,😌💚🌟,😊😌💪✨,😌💚🌈✨,😊😌💚🌈,🙏✨💚💪,😊😌💪✨,❓⚠️🔍,😊😌💪✨,😌💚🌈🙏,😌💚🌈,😊😌💪✨🌟,😊😌💪✨,😊😌💪,😌💪✨,😊😌💪✨,😊😌💪✨,😊😌💪,,😊😌💪,😌💚🌟,😊😌💪✨,😊😌💪✨,😊😌💚✨,😊😌💪✨,😊💪🌈✨,😊😌🌈,😌💪✨,😊😌💪✨,😌💚🌈",0
n-0278,"😊✨💚🌟,😊😌✨,😊😌✨🌟💚,😌💪🌈💚,😊✨🌟💚,😊😌💚✨🌟,😊😌✨🌟💚,😊😌✨🌈,😊✨🌟💚🌈,🙏✨😊💚🌟,😊💚🌈✨,😊💚✨,😊✨🌈💚,😊✨🌟💪,😊✨💚🌈,😊💚✨🌈😌,😊💚🌟😌,😊💚✨😌🌈,😊🌟💚✨,😊💚🌈✨,😊💚🌈✨,😊💚😌✨,😊💚✨,🙏💚🌈✨,✨🌈💚😊🌟,😊💚🌟✨,😊😌✨,😊😌✨🌈,✨🌟💪😊,😊✨🌈💚,😊✨🌈,😊✨🌟🌈,😊😌🌟💚🌈,😊✨🌈💚🙏,😊😌🌈,😊😌💚✨,💚✨🌈😌,😊😌💪✨🌈,😔😢🙏,🙏😊💚✨,😊🌟💚,😊💚🌈,😊😌✨🌟,😊✨💚🌈😌,😊💚🌟😌💪,😊💚🌈✨,😌✨🌟💚,😊✨🌈💚,😊💪✨🌟💚,😊✨💚🌈,😊✨🌈,😊💚✨🌈,😊💚🌟,😊😌💚,😊😌✨🌟💚,😊😌💚🌟,😊😌💚,😊😌💚,😊😌💚✨🌟,😊✨🌟💚,✨🌟😊💚🙏,😊✨🌈💚,😊😌💚🌈,😊💚🌈✨,😊💚🌈😌,😊😌💚🌟,😊😌🌈,😊😌💚🌈,💚🌈🙏✨,😊😌💚🌈,😊😌💚🌈,😊✨🌈💚😌,😊😌💚✨🌈,😊😌✨💚🌟,😊💚🌟,😊😌✨🌈,😊😌💚🌈,😊🌟💚✨,😊✨🌈💚,😊💚🌈,😊😌✨🌟,😔😢😞,😊✨🌈💚,😊✨🌈,😊✨🌟,😊😌✨💚🌈,😌💚✨,😊💚🌟🌈,😊💚✨🌈,😊😌💪✨🌟,😊😌💪✨,😌💚🌈✨,😊😌💚✨,😊😌💪🌟,😊😌💪✨🌟,😊✨💚🌈,😊✨🌟🌈,😊💚🌈✨,😊✨🌟💚,😌💪✨🌈",0
n-0279,"😊✨🌟💚🌈,😊✨🌟💪,😊✨💪🌟💚,😊✨💪🌈💚,😊✨🌈,✨🌟💚😊😌,😊✨💪🌈💚,😊✨🌟💪,😊✨🌟💚,😊✨🌟💚,😊💪✨,😊✨🌈💪,😊✨💪🌟💚,😊✨🌟💚,😊😌✨🌈,💪✨🌟😊,😊💪✨🌟,😊😌💪✨,😊😌💪✨,✨🌟😊💚,✨💚🌟😊,😊💪✨🌟,😊✨🌟💚🌈,😊💪✨💚🌈,😊✨💪🌟,😊😌✨🌟,😊✨🌟💪🌈,😊✨💪,😊✨🌈💚,😊✨🌟💚,😊✨🌟,✨🌟💚,😊✨💪🌟😌,😊💪✨🌟,😊✨🌟💚🌈,😊✨💪🌟💚,😊✨🌟🙏,✨🌟💚,😊✨🌟💚,😊✨💪,😊✨🌟💪,😊💪✨,✨🌟💚,😊✨💪🌟💚,😊✨💪🌟💚,😊✨🌟💪💚,😊✨💪,😊✨🌟💪,😊✨🌟💪,✨💪😊🌟💚,😊✨💚,😊✨🌟,😊✨🌟,😌💪🌟,😊😌✨🌟,😊✨💪🌟,😊✨🌟,😊✨🌟💪,😊✨🌟💪,😊💪✨,😊✨🌈💪,✨🌟😊💚,😊✨💪🌟💚,😊✨🌟💪🌈,✨🌟😊💚,😊✨🌟,😊✨🌟💚,😊✨🌈💪,✨💪🌟😊,😊✨💪🌟💚,😊✨💪,😊✨🌟💪,😊✨💪,😊✨🌟,✨🌟😊💪🌈,✨😊🌟,😊💪✨🌟💚,😊💪✨🌟🌈,😊✨🌟💪,😊😌💪✨🌈,😊✨🌈💪,😊✨💪,😊✨💚,😊✨🌟💪,😊✨🌟💚🌈,😊✨🌟💚,😊✨💚🌟😌,😊✨🌟😌💪,😊✨🌟,😊💪✨,😊✨🌟💚,😊✨💪🌟🌈,✨🌟💚,😊😌✨🌟,😊✨🌟,😊💪✨🌟,😊😌✨🌈💪,😊✨🌟💚,😊✨💪,😊✨💪🌟💚",0
n-0284,"🙏✨🌟,💚😊✨🌟,😊😌💪🌈,😊🌟💚,😊😌✨🌈,😊💚🌟🙏,😊🌈💪✨,😊🌈✨,😌✨🌈💚,😊😌💚✨🌈,😊✨🌈,🌟💚😊🙏,😊✨🌟,😊😌💚,😊😌💚,😊😌💪",0
n-0286,"😊✨💚🌟😌,😊😌✨🌈,😊✨🌟💚,😊😌✨🌟💚,😊✨🌟💚,😊😌✨,✨🌟💚😊,😊✨🌟💚,😊✨🌟💚,😌💪🌈,😊✨🌟,😊😌✨,😊✨💚,😊✨🌟💚,😊😌💪,💊😰⚠️🆘,😊✨🌟💪,😊✨🌟💚,😊✨🌈💚,😊✨🌟💚,😊😌✨🌟💚,😊✨🌟,😊✨🌟💪,😊✨🌈💪,😊😌✨🌈,😊✨🌟💚,😊🌟💚🌈,😊😌💪✨🌟,😊✨🌟,😊✨🌈💚,😊✨🌟💚,😊✨💚🌈,✨🌟💚😌,😊✨🌟,😊✨🌟,😊✨💪🌟,😊✨🌟💚,😊✨🌟,😊✨💚,😊💪✨🌟,😊😌💚✨,😊✨🌟💚,😊✨🌟💚,✨😊🌟💚,😊✨💪,😊💚✨,✨😊💚🌟,😊✨🌈,😊✨🌟💚🌈,😊😌✨🌟,✨🌟💚😊,😊✨🌟💪,😌💪🌈,😊✨🌟,😊💪✨🌈,😊✨🌟,😊😌✨,😊✨🌟💪,😊🌟🌈💚,😊✨🌈,✨🌟💚😌,✨🌟😊💪,😊✨🌟💚🌈,😊✨🌟💚🌈,😊😌✨,😊✨🌟💚,😊😌✨,✨😊💪,😊😌💪✨,😊✨🌈,😊💪✨🌟,😊😌✨💚🌈,😊✨💚,😊😌✨🌈,😊✨🌟💚🌈,✨🌟😊💚🌈,😊😌✨💚,😊✨🌟,😊💪✨🌈,😊💚✨,😊✨🌟💚,✨🌟💚,😊✨🌟💚,😊✨🌟,😊✨🌈,😊✨🌟💚,😊😌✨🌈,😊✨🌟💚,😊✨🌟,😊✨🌟💚,😊✨🌟💚,😊😌✨🌟,😊✨🌟💚,😊✨🌟,😊😌✨🌈💚,😊😌✨🌟💚,😊✨🌟,😊✨🌟",0
n-0297,"😊😌💪✨,😌💚🌈✨,⚠️❓🆘,,😊😌💪✨,😊💪🌈✨,😊😌💪✨🌟",0
n-0299,"✨🌟😊,💪✨🌈,💚😌🙏✨,😊✨🌈💚,😊💪✨🌟,😊😌✨🌟,😊😌💚🌈,✨🌟😊😌💪,😊✨🌟💚,😊✨🌟,✨💪🙏😊,💪✨🌟,😊✨🌟,💪😊🌈✨,😊✨🌟💚,💪✨🌟,😊✨🌟💚,😊😌✨,😊✨🌟💚,😌💪🌈💚,😊✨🌟💪,💪🙏😌✨,😊💪🌈✨,😊✨🌟💚,😊✨🌟,😊💚🌈✨,😊✨🌟😌💚,😊✨🌟💚,😊💪💚✨,😊✨🌟💚,😊💪🌟🙏,😊💪✨🌈,🙏💪✨🌈,😊✨🌟,😊✨🌟💪🙏,🙏✨🌈😊💚,💚✨😌,😔💔😞,😌✨💪🌈,😊💪🙏✨,😊😌✨🌟,😊🌟💚🙏,😌💪🌟,😊💪🌈,😊💪✨🌟,😊🌟💚,😔😞😣💔,😌✨🌟💚,😌💚🙏🌈,😊💚🌈,😩😣😔💔",0
n-0309,"😊💪✨🌟💚,😊💪✨🌈💚,✨💪😊🌟💚,😊💪✨🌟,😊💪✨,😊✨🌟💚,🌑😰🆘⚠️,😊💪🌟,😊✨🌟,😊✨🌟💚,😊💪✨,😊✨🌟,😊✨🌈💪,😊😌✨,😊✨🌟💚,😊🌟💪,😊✨💪,😊🌟💚,🌟😊🌈💪,😊😌✨🌈,😊😌✨🌟,😊✨🌟,😊✨🌟💚,😊💚✨,😊✨🌟💚,😊😌✨🌟,😊💪🌈,😊💪✨🌟,😊✨🌈,😊😌✨🌟,😊✨🌟,😊🌈💚,😊✨💚🌟😌,😊✨🌈💚,😊💪✨,😊💪✨🌈,😊✨🌟,😊🌟💚,😊😌✨🌈,😊✨🌟,😊✨🌟💚,😊✨🌟,😊✨🌟💚,✨🌟💚,😊✨🌟💚,😊😌💪✨,✨🌟💚😊,😊✨🌟,😊💪✨,😊😌💚✨🌈,😊😌✨,😊✨🌟,😊✨🌈,😊🌟💚,😊✨💚,😊✨🌈,😊✨🌟,😊😌✨🌟,😊😌✨💚,✨🌟💚😌,😊✨🌟,😊💚🌟,😊✨🌟,😊😌💚🌈,😊💪✨🌟💚,😊😌✨🌟,😊😌💚,😊💚✨,😊💪✨🌟💚,😊💚✨🌟😌,😊😌✨🌟,😊✨🙏,😊✨🌟💪,😊✨🌈💪😌,💪🌈✨,😊💚🌟,😊💪✨,😊🌟💚✨,😊😌✨🌟,🌟✨💚😌💪,😊✨🌈,😊😌✨,😊💪✨,😊💪✨,😊🙏✨💚,😊💪🌟,😊💪✨🌟💚,🌟💚😊,😊💚✨,😊✨🌟💪,😊💚🌟🙏,😊✨🌟,🌈✨💪,😊💚🌟🙏,😌💚🌈🙏,😊✨🌟,😊💪✨,😊💪✨🌟,😊💪✨🌟,😊✨💪🌈",0
n-0311,"😊🌟💚,😊🌟💚🙏,😊💪🌟,😊😌💪✨🌟,😊💪✨,😊💪✨,😊💪✨,😊💪✨,😊💪✨,😊🌟💪,😊💪🌟🙏,😊💪✨🌟,😊💚🌟✨,😊💪🌟,😊💚🌈✨,😊😌💪✨🌟,😊😌💚,😊💪✨🌟💚,😊💚✨🌈,😊🌟💚✨,😊💪✨,😊💪✨,😊✨🌟,✨🌟💚😌💪,😊💪✨🌟💚,😊💪✨🌟,😊😌💪✨,😊💪✨,😊😌💪✨🌟,😊✨💚,😊✨🌟,😊💪🌟,😊💪✨,😊💪✨🌟💚,😊💪✨,😊💪🌟🙏,😊💪✨🌟,😊💪✨🌟💚,😊💪✨,😊😌💪,😊💪✨,😊💪✨,😊😌💪,😊💪✨🌟💚,😊💪✨🌟💚,😊💪✨🌟,😊😌💪✨🌟,😊💪✨,😊💪✨🌟💚,😊💪🌟,😊💪✨🌟💚,😊💪✨,😊💪🌈,😊💪✨🌟,😊💪✨🌟💚,😊💪✨🌟💚,😊💪✨,😊💪🌟,😊💚🌟,😊💪✨,😊💪✨,😊✨💚🙏,😊💪✨,😊💪✨🌈,😊😌💪,😊💪🌈,😊💪✨🌟💚,😊💪✨,😊😌💪,😊🌟💚,😊💪✨🌟,😊💪🌟💚,😊💪✨,😊💪✨🌟,😊💪🌟,😊💪✨,😊✨🌟,😊💪✨🌟,😊💪✨🌟,😊💪✨,😊😌💪✨,😊💪✨,😊💪✨🙏,😊💪✨,😊💪✨🌟,😊💪🌟,😊😌💪✨🌟,😊✨🌟,😊💪✨,😊💪✨🌟,🌟💪😌,😊💪✨🌟💚,😊💪✨🌈,😊💪✨,😊💪✨🌟💚,😊💪✨,😊💪✨,😊✨🌟💚🌈,😊💪✨🌟,😊💪✨",0
n-0316,"😊✨🌟,😌💪🌟💚,😊💪🌟🙏💚,😊💪✨🌟💚,😊💪🌟🙏,😌💪🌈,😌💪✨🌟,😊😌💚🌈,😊✨🌈,😊😌💚✨🌟,😌💚✨🌟,😌💪🌈🙏,😌💪🌟💚,😊😌💚✨,😊✨💪,😌💪🌈,😊😌💪✨,😊💪🌟,😊🌟💚,😌✨🌈💚,😊😌✨🌟,😌💪✨🌟,😌💪✨🌟,😌💪🌟💚,😊😌💪✨,😊✨🌟💪,😊💚🌈🙏,😌💪🌟💚,😌💪🌟,😊😌💪✨,😊💪🌈,😊😌💪✨,😊😌💚✨,😊😌💪,😌💪🌈✨,😊😌💪,😌💪🌈,😊😌💪✨,😊💪✨🌟,😔😞😣,😊✨🌟💚,😊😌💪,😌💪✨,😊✨💚,😊😌💪🌈,😊💚🌟🙏,😊😌🌈,😊😌💚✨,😌✨🌈,😔😞😣😩,😊😌💪✨🌟,😊💚🌈,😊💪✨,😌💚🌈,😊✨🌟,😊😌🌟,😊✨🌟,😌💚🌈,😊💪🌈",0
n-0317,"😊😌✨🌈,😊🌟💚😌,😊✨🌟,😌🙏💚,😔😞💔😣,😊😌✨🌟,😌💪🌈✨,😔😞💔😢,😔💔😞,😊😌✨🌟,💚🙏😌✨,😊😌✨🌟,😊😌✨🌈💪,😊💪✨,💪✨🌈🙏,😊💪✨🌈,😌💪✨🌈,😊🌟💚🌈,😊✨🌈,😌✨💚🌈,😊😌✨🌈,😖😣😔,😌💪✨🌈,😊💚🌈,🌟💚😌✨,😊🌟🌈,😊🌟💚🌈,😊🌟💚🌈,😊😌💪✨🌟,😊✨🌈,😌😊💪✨,😊😌💚🙏,😔😞⚠️,😊✨🌈,😊✨🌈💚,😊💚✨,😊😌💪🌈,😊✨🌟💚,😊😌💚🌈,😊😌💚✨,😌💪✨,😊😌💪✨,😊✨🌈,😊🌟💚✨,😊✨🌟,😊😌✨🌟,✨🌟😊💪🌈,😊🌟💚,😊🌟💚,😔💔😢,😰🌑🆘,😊✨🌈💪,😊😌🌈,😊😌💚🌈,😊✨🌟💚🌈,😊😌💪✨🌟,😊💚✨,😌💚🌈,😔💔😢,😊😌💪✨,😊✨🌟💚,😊✨🌟,😊😌💚✨🌈,😊😌✨🌈,😢😔😞,😔😞😣😖,😊🌈✨,😊😌✨🌈,😊💚🌈,😊💪✨🌟,😣😩😞,😊😌✨,😊✨🌟,🙏✨😌💚,😊😌🌈✨,😔💔😞,😌💪🌈💚,😔💔😣,😔😞😣,😔😞😩,😊✨🌟💚,💔😔😣😞,😊😌✨💚,😌💚🌈,😌😊✨🌈,💪✨😊🌟,😊😌💪✨,😌💪🌈✨,😊✨🌟💚,😌✨🌈,😊✨🌟💚,😊😌✨🌈,😢😞😩,😢😞😩💔,😊🌈✨,😊✨💚🌈😌,😊😌💚🌟,😊🌈✨,😊✨🌟💪,😌💪✨🌟",0
n-0323,"😊✨🌈,😊🌟💚,😌🙏💚✨,😊😌✨🌟,😊😌✨🌈,😊💚🌈✨,😊✨🌈💪,😊😌💚🌈,😌💪✨🌈,😊😌💚🌟,😌💪✨🌈,😊😌✨,😊😌💚✨,😊✨💪🌟,😌💚🌈✨,🌟✨😌💚,🌟✨😌😊,💪✨🌟😊,😊😌💪,😊✨🌈💚,😊✨🌈,🔪😰⚠️,😔😣😖,😊😌✨🌟,😔😢💔,😌✨🌈💚,😊💚🌟,😊😌🌈✨💚,😊✨🌈,😊😌✨🌟,😊✨🌟,😊✨🌟,😌💪🌟💚,😊✨🌈😌,😊😌✨🌈,😊😌✨🌈,😊😌✨🌟,😊🌟✨💪,😔😞😢,😊😌✨🌈,😌✨💚🌟,😊✨🌈💪,😌✨🌈,😊💚🌈✨,💪✨😌💚,😊✨🌟🌈,😊✨🌈,😊✨🌟💚,😔😞😣,😌💪✨🌈,😊💚✨🌈😌,🙏💚😌✨,😊😌✨🌈,😊😌✨🌟,😊🌟💚✨,😊✨🌟,😊✨🌟,😊🌟💪,😊✨🌈,😊😌✨🌈,😊✨💪🌟,😌💪🌈,😊✨💪,😊🌟💚,😊✨🌟,😊✨🌈,😔😞😣😢,😌💚🌈✨,😌💪🌈,😊😌✨🌈,😊😌✨,🌟✨😌💚,😊😌💪,😊💚🌟🙏,😊😌✨,😊😌💚✨,😊💚✨,😊✨🌟💚,😊💪🌟,😊🌟💚,😔💔😞😣,😊✨🌟,😰🌑⚠️🚨,😊😌✨,😊🌟💚,😊🌟💪✨,😊😌🌈,😊😌💪✨,😊✨🌟,😌💪💚,😊🌟💚,😊✨🌟,😌💪🌈✨,😊✨🌟,😌💪🌈,😌💚🌈✨,😊😌✨🌟,😌💪✨🌈,💪😌✨🌈,😊✨🌈💚",0
n-0324,"✨🌟💚,😊💪✨🌟,✨🌟💚,😊💪✨,😊💪🌟,😊💪✨🌟,😊🌟💚,😊✨💚,😊💚✨🌟,😊😌💪✨🌟,😌💪✨🌟,😊✨🌟💚🙏,😊😌💪🌟💚,😊💚✨🌟💪,😊✨🌟,✨🌟😊,😊🌟💪✨,😊💚🌟,😊😌💚🌈,😊✨💚,😊😌✨🌟,😊💚✨🌟😌,😊💪✨🌟,😊💚🌟,😊💚🌟😌💪,😊✨💚🌈,😊💚🌟✨🌈,😊💚🌟✨,😊💚🌟✨,😊💪✨🌟,😊✨🌈,😊💪✨🌟,😊✨💚,😊💚🌟,✨🌟😊💪,😊✨🌟💚,😊✨🌟💚,😊💪🌟,😊💪✨,😊💪✨🌟,😊💪✨🌟,😊😌💪✨🌟,😊💪✨🌟,😊💪✨,😊💪🌟,😊💪✨🌟💚,😊🌟💚✨😌,😊✨🌟💚,😊😌✨🌟,😊✨🌟💪,😊✨🌟,😊✨🌟💪,😊💚🌟,🌟💪😊🌈,😊💪✨,😊✨🌟,😊💪✨🌟,😊💪✨🌟,😊✨🌈💪,💚🌈✨,😊😌💪✨🌈,😊✨🌟💚,😊✨🌟💪,✨🌟💪😊,😊✨🌟,😊😌💪✨🌟,😊✨🌟💚,😊💪✨,😊✨💪🌟💚,😊😌✨,😊✨🌟,😊💚🌟😌,😊✨🌟,😊😌💚🌟,😊😌💚🌟,🌟✨😊,😊🌟💪,😊💪✨,😊💪✨🌟,😊💚🌟,😊✨🌟💪🌈,😊✨🌟💚,😊✨🌟,😊💪✨,😊✨🌟,😊✨🌟💪,😊💪🌟,😊💪🌈,💚🌈✨,😊✨🌟💚,😊😌💪,😊😌💪,🌟💚😊✨💪,😊💪✨🌟,😊💪🌈,✨🌟💚😊🌈,😊💚🌟✨,😊🌟💚,😊💚✨,😊✨🌟💚",0
n-0328,"😊😌💪,😊💪🌟,😊😌✨🌟,😊✨🌈,😊✨💚🌟,😊💪✨🌟,😊💪✨,😊✨🌟,😊😌💚✨,😊💪✨,😊💪✨🌟,😊💚🌟,😊😌💪✨,😊😌💪🌈,😊😌✨,😊✨💪,😊💪✨,😊✨🌟💪🌈,😊💪🌟🌈,😌💪🌈,😊😌✨💪,😊✨🌟💪,😊🌟💪,😌💪🌈,😊🌟💚,😌💪🌟,😊✨🌟,💪✨🌟,😊😌✨🌟,😊✨🙏💚,😌💪🌈,😊✨🌟💪,😊😌✨🌟,😊😌✨🌟💚,😊😌✨🙏,😊😌✨🌈,😊✨🌈,😊😌💪✨",0
n-0329,"😊😌✨🌟,😌✨🌈💚,😊✨🌈,😌✨💚🌟,😌✨🌈,😊✨🌟,😊😌🙏,😊😌✨🌟,😊😌💚✨,😊✨🌈,😊😌🌟,😔😞😣,😊😌💪✨,😊😌✨🌈,😌💪🌈,😊😌💪✨🌟,😌💚🌈,🙏💚✨🌟,😊✨🌈😌,😌✨💚,😊😌🌈,😊✨🌟,😌✨🌟💚,😊✨🌈💪,😌💪🌈💚,😌✨😊🌟,😌🙏🌈✨,😊😌💪,😊💚🌟🙏,😊✨🌈💚😌,😊😌✨🌈,😊✨🌟💪,😊😌🌈,😌✨🌟💚,😊😌✨,😌😊🙏💪,😌💚🌈✨,😌😊✨💚🌈,😊😌💪✨,😊😌💪,😊😌🌈💪,😊✨🌈,😊😌✨,😊😌✨,😊😌✨🌟,😊✨🌟💚,😊😌✨🌈,😊✨🌟💚,😊✨🌟💪,😊😌💪🌈✨,😊😌✨🌈,😊😌✨🌟💚,😔💔😞😩,😊💚🌈,😊✨🌈😌,😊✨🌈,😊😌💪,😊😌✨🌟,😊✨🌟💚,😌✨🙏💚,😌🙏✨💚,😌✨🌟💚,😊😌✨🌟,😌✨🌟😊,😊😌💚🌈,😊😌💚✨,😌😊✨🌟,😊😌✨🌟,😊✨🌈,💔😔😞😢,😊😌🌟🌈,😊✨💪🌈,😊🌟💚✨😌,😊😌💚,😊😌✨,😊✨🌟,😊✨🌈💪😌,😊😌✨🌈,😊😌🌈,😊😌💪,😊😌✨🌟,😊😌✨🌟,😊✨💚,😊😌✨💚,😊😌💪,😊😌✨🌟,😊✨🌟,😊😌✨,😌💪✨,😊✨🌟💚🌈,😌✨🌈,😊😌✨,😌💪🌈✨,😊😌✨,😌🙏✨,😊😌✨,😊😌💚✨,😊😌🌈✨,😊😌💚✨",0
n-0333,"🆘😰⚠️🌑,😰🌑🕳️🆘,😌✨🙏🌈,😊😌💚,😊😌✨💪,😊💚🌈,😊✨💪🌟💚,😊💚✨,😔💔😞,😌💪🌈,😌💪✨🌟,😊✨🌟💚,😌💪✨🙏,😊✨💪🌈😌,😊✨🌟💚,😌💪✨🌟,😌🌈💚,😊😌✨🌟💚,😊💚✨,😊💚🌟🙏,😊🌟💚🙏,😌💚💪,😔😞😢😣,😊✨🌟,😌💪✨🌟,😔😞😢,💪✨🌟💚,😔😞😣,😊✨🌟💚,😌✨🌟🌈,😌✨🌈,😔😢😞😣,😔😢💔😞,🌈✨😌💚,😌💚🌈,😔💔😞😢,😊😌🌟,😔💔😞😢",0
n-0344,"😊🌟💚🌈,😌✨💪🌈,😌💪🌟,✨🌟💚,💪✨🌈,😌💪🌈🙏,😌💪🌟,😊💪✨,😊💪✨,😊✨🌟💚,😊🌟💪✨,😊😌💪✨,😊😌💪✨🌟,😊🌟💚✨,😌💪🌈,✨🌟😊,🌟✨😊,😊✨🌟💚,😊✨🌟💚,😊✨🌟,😊✨🌟💚,😊✨🌟💪,😊✨🌟,😊✨🌟🌈💚,😊✨🌟,😊✨🌟,😊✨🌈💚,😊✨🌟,😊✨🌟,😊✨🌟💚",0
n-0346,"😊✨🌈,😊✨🌟💚,🌈✨😊💪,😊✨🌟💪🌈,😊🌟💚,😊💪✨🌈,🌟💚😊✨,😊🌟💚,😊😌💪✨,😊✨🌈,😊✨🌟💚,😊😌✨🌟💚,😊✨🌟💚🌈,😌💚🌟,🌈💪✨🙏,🚨💀⚰️🆘,😊😌✨💚,😔💔😞😢,😊😌💪✨,🙏💚🌈😌,😔😞😖,😌💚🌈,😊😌💪✨,🙏💚😌✨,😊💪✨,😌💪🌈✨,😔😞💔,😌🙏💚,😊😌💪,😌💪🌈,🌟✨💪,😌🙏💚,😌✨💚🌈,😔😞😣,😊🌈✨,😊🌟💚😌,😊💪🌈,😌💪✨🌈,😊💪✨🌟,😌💪✨🌈,😌💚🌈,😌💪🌈,😊🌟💚🌈,😊😌💪,😊✨🌟,😊😌✨🌈,😌💚🌈,😊😌✨🌟,😊💪✨,😊😌💚,😞😔😣😩,😔😞😢😣,😊😌💚✨,😊💪✨🌈,😌💪✨🌈,😊😌💪,😔😞😣😖😩,😊✨💪,😌💪🌈💚,😊✨🌟,😌💚🙏✨,😊😌🌈,😌💚🌈✨,😊🌟💚,😊💚🌈,😊🌟💚,😌💚🌟🙏,😊✨💚🌈,😊✨🌈💪,😌💚🌟,😊✨🌈💪,😌✨🙏💚,😊😌✨,😊😌💪,😊💚✨,😊😌🌟💪,😔😢😞😣,😊✨🌟,😌💪✨🙏,😌💪✨🌈,😊✨💪🌟,😊🌟💪🌈,😔💔😞😢,😌💪🌈💚,😌💪✨🌈,😊✨🌟💚,😊😌💪✨,😌💪🌟🌈,😢😞😩,😔😞😩,😊😌✨🌈,😌💪🌈,😔😞😣💔,😖😩😢😞,😊✨🙏,😔💔😞,😊💚🙏,😊✨🌟,😊✨🌟💪,😊✨🌟💪",0
n-0350,"😊🌟💚,😊😌✨🌈,😊💪✨,😊🌟✨💚,😔😣😩😞,💪✨🌈,😊😌✨,😔💔😞,💀🆘😰🚨",0
n-0355,"😊💚🌈✨,😊💪✨🌟,😊💚🌈✨,😊✨🌈,😊✨🌈,😊😌💚🌈,🌟✨😌💚,😊✨🌈💪,💀🕳️🆘🚨😰,😔😞💔😣,😊🌟💚,😌✨🌈💪,🌟✨😊🙏,😊😌✨🌈,😊✨🌟💚,😊💪✨🌟,😊🌟💚🌈,😔😞😣😩,😊💪🌟🙏,😊✨🌟💚🌈,😊😌💪✨,😊💪✨🌟,🚨⚠️😰🌑,😔😞😣😩,😊✨🌈,😊✨🌈,😊✨🌈💚,😊✨🌟",0
n-0369,"😊✨🌟🙏💚,😊✨🌟🙏,😊💪✨,🙏💚🌈✨,😌💪🌟,🙏💚🌈😌,🙏💚🌈✨,😊✨🌟💚,😊🌟💚,😊😌🌈,😌💪💚🌈,😊😌💪✨,😌💪🌈🙏,😊💪✨,💚🌟💪,😊💪🌟,😌🌈💚✨,😌💪✨🌈,😌✨🙏🌈,😊✨🌈,😊🌟💚✨,😔😞😩💔,😊😌💪✨,🌟✨😌🌈,🙏✨😊🌟,😊😌🌟🌈,😊💪🌈,😊😌✨🌈,✨🌟💚,😊😌🌈✨,😊😌✨🌟,😊😌💚,😊🌟💚,😊✨🌟💪,😊😌💪,😊😌✨🌟,😌💪✨🌈,😊💚🌈✨,😣😩😞😔,😌💪🌟🌈,😊😌✨🌈,😊😌🌟💚,😊✨💪🌟,😊😌✨🌟,😊✨🌈💚,😊🌟💚😌,😌💪✨🌈,🚨⚠️🌑😰,😌💚✨,😊✨💪🌈😌,😌💪✨🌈,😌😊💪,✨💪😊🌟,😔😞😣😩,😔😞😩,😌💪✨,😊😌💪✨,😊😌💪✨,😊✨🌈,😊💚✨🌈,😊😌✨🌟,😌💪🌈,😊✨🌟,✨😊🌟,😌💚🌈✨,😊💪🌈,😖😩😣,😊✨🌟💪,😊🌟💚,😊😌✨🌟,😊✨🌟,😊😌✨🌟,😊😌✨🌈,😊🌟💚🙏,😊✨🌟🌈,😊🌟🌈💚,😊✨🌈💪,😊✨🌈💚,😊✨🌟,😊✨🌟💚,😊😌✨🌟",0
n-0371,"😊💪✨🌟,😊✨🌟🙏💚,💪✨🌈💚,🙏💪🌈,😊🌈✨💚,😊✨🌟💪,😊✨🌟,😊✨🌟,😊✨🌟💚🌈,🌟💚😌✨,😊😌✨🌈,💪✨🌟,🙏💪✨🌈,😌💪🌈,😌💪🌈,💪✨🌈🌟,😊😌✨🌟,😊😌💚🌈,😊🌟🌈💚,😊😌✨🌟,😌✨💚,😊✨🌈💪,😌💪✨🌈,😊😌✨🌟,😔😢😞😣,😊🌈💚,😌✨🌈💚,😊🌈💪✨,😌✨🌈💪,✨🌟😊💚🌈,😔💔😞,😌💪✨🌟,😔😞😣😩,😊✨🙏",0
n-0379,"😊✨💪🌟,😊✨🌟,😊✨🌟,😊✨🌟🌈,😊🌟💚,😊✨🌟💚,😊✨🌟,😊✨🌟💚🙏,🌟✨😊💪,😊✨🌟💪",0
n-0384,😔💔😞,0
n-0385,"😊🌟💚🌈,💪✨🌟,😔😞💔,😌💪💚✨,😊😌💚,😌💚✨🙏,😔💔😞,😊✨🌟,😌✨🌈,😌💪✨,😔💔😞,😊😌💪,😊🌟🌈,😌🙏💚,😊😌✨,🌟💪✨,😊😌✨🌟,😌✨🌈💚,😔💔😞,😌✨🙏,😔💔😞😣,💔😔😞,😊💚✨,😔💔😢,🚨😰💀⚠️,😔💔😞😣,😊✨🌈💪,💔😢😞😔,😌💚🙏✨,😔💔😞,😔💔😰⚠️,😔💔😞,😔💔😞,😊💚✨🌟,😊🌟💚,🙏✨🌈💚,😔😩😞,😌💪✨🌈,😔😞😢😣,😌💚🌈,😊🌟🌈,😌🙏🌈💪,😔💔😞,😊😌💚🌈,✨🌟💪,😊🌟💚,💔😔😢,😊💚✨🌈,😌✨🌈,🚨⚠️😰🌑,😔😞😩😣,😔😞😣,😔💔😞😣,😊🌟💚✨,😊😌💚,🌑😰⚠️🆘,😔😞💔,😊🌟💚,💚🌈✨😌,💚✨😌💪,💔😔😢,😊✨🌈,😌💪🌈,😊💪✨🌈,😌💚🌈✨🙏,🌈✨💪😊,😊😌✨🌟💚,😊✨🌟💚,💔😔😞,😢😔💔😞,😔💔😞,😊🌈✨💚,😌💚✨,✨💚😊,😌✨🌟💚,💚✨💪😌,😊✨🌈,😌💚✨🌟,😌✨🌟,😌💚✨🌈,😌✨🌈,💔😔😢😞,😔💔😞😢,😔💔😞😢,😊✨🌟,😌💚🌈✨,😌💪✨🌈,😔💔😞😢,😔💔😢,💔😔😢,😊🌟💚✨,😊💚🌈✨,😔😞💔😣,😊😌💪,😊💪🌈,😌🙏🌟✨,😊✨🌟,😊✨🌈",0
n-0391,"😊💪✨,😊💪🌟🙏💚,😌💪🌟,😔😞😢,😊✨🌈💚,😊✨🌟,😊✨🌟,😊✨🌟💚,😊🌟💚✨,😊🌟✨",0
n-0394,"😊✨🌈💚,😔😢😞😩,😔😞😢,😌💚🌈🙏,😔💔😞😢,😔💔😞😩,🙏💚🌟,🌟💚😊,😞😔😣😩,😔💔😞😣😩,😔😞😣😩,😊💚✨,😞😢😔😣,💪🌈✨😌,😌💪🙏💚,😊😌💪🌈,😰🚨⚠️🆘,😌💪✨🌈,😌🌟🙏💚,😊✨🌟💚",0
n-0397,"😌💪🌈,😔😩😰🌑⚠️,🙏😊💚,😌💪🙏🌟,😊😌🌈✨,😌💪✨🌟,😊😌💪🌈,😌💪🌈,😌💪✨,✨🌟😊💪,😊😌🌈💪,😌💪🌟🌈,😔😞😢,😊✨🌈,😔😞😣,😊💪🌟,😊✨🌈💚,😊😌✨🌈,😌💪✨,💪🙏💚,😌✨🙏💚,😌💪✨🌈,😊🌈✨,😌✨🌈,😊😌💚🌟,😊😌💪,😊😌✨💚,😌💪🌈,😌💪🌟🙏,😔😞😩,😔😞😩😣,😔😞😩,😊😌💪🌈,😊✨🌈,😩😖😣😔,😊✨🌟,🌑😰⚠️🆘,😌💪🌈✨,😔💔😞,😊😌✨",0
n-0398,"😔😞😖😩,😔💔😞😩,😔😞😣😢,😊😌✨🌈,💪✨😊🌟,😊🌟💚,😊✨🌈,💪✨🌟😌,💪✨🌟💚,😊💪🌟",0
n-0402,"😊✨🌟💪,🌟✨😊💚,😊✨🌟,😊💪✨🌟,😊✨🌟💪,😊✨🌟💪,😊✨🌟💪,😊🌟✨💪,😊💪🌟🌈,😊😌✨🌟",0
n-0407,"💪✨😌💚,😊✨🌟😌,😊✨🌟💚,😊✨🌟💚,💪✨🌟,😊💪✨🌈,⚠️🚨🆘😰,😊😌💪,😊💚🌟🙏,😊✨🙏💚",0
n-0408,"😊✨🌈💚,😊✨🌈💪,😊✨🌟,🌟✨😌💚🌈,😊😌💚✨,😊✨🌟💚,😊😌✨,😊✨🌈,🌈✨😌💚🙏,🌟💪🌈😊,🙏💚🌈😌✨,😊😌💪✨,😊✨🌈,😢😔💔😞,😌💪🌈,😊😌✨🌟,😊✨💚,😊😌🌈✨,😊✨🌈💪,😊🌈✨,😊🌈💪✨,😊✨🌈💚,😊✨🌈💪,😊✨🌈😌,😊😌✨🌈💪,😊✨💚🌟😌,😊🌈✨💚🙏,😊🌟✨🌈,😊😌💚✨,😊😌✨🌟💚,😌✨🌈💚,😊🌟💚😌,🌈✨😊💚😌,😊😌✨,😌✨🌈💚,😌🌈✨💚,😊😌🌟,⚠️🚨🆘😰,😊✨🌈,😌💪✨🌈,😌💪🌈,😊💪✨,🌈✨😊😌,😊✨💚🌟,😊🙏💚✨,😊✨🌈💚,😊✨🌈😌,😊✨🌈💚,😊😌🌈✨,😊✨🌈💪,😊🌟💚🙏,✨🌟😊💚,💚✨😌🌟,😊🌟✨,😊✨🌟,😊😌💚,🌟💚😌🌈,😊✨💚💪,😊😌✨🌈💚,😔💔😞,🆘⚠️😰🌑💀,😊✨🌟,😊😌✨🌈,😊✨🌈🌟💚,😊🌈✨💪,😌💚🌈✨,😊🌈✨💚,😔😞😢😣,💪✨🌟🙏,😊✨🌈,😊🌟💚,😊😌💪✨,💪✨🌟💚,😊💪🌟🙏,😊✨🌈💪,✨🌟😊,😊😌✨🌟,😊💪🌈✨,😌💪🌈🙏,😌✨🙏💚,😰🌑⚠️💀,😊😌💪🌈,😌💪✨🌟,✨💪🌈🙏,😌💚✨🙏,😌💪✨🌈,😊💪🌈✨,😌✨🌟💚,😊✨🌟,😊✨🌟,😊😌🌈✨,🆘😰🌑🚨,😌💪🌈✨,😊😌💚✨🌈,😌💪🌟💚,😊😌💚,😊✨🌟💚,😊✨🌟🌈,😊😌💚✨,😊✨🌈💚",0
n-0411,"😊😌✨🌟💚,😊✨🌟💚,😊✨🌟,😊✨🌈💚,😊✨🌟,😊✨🌟💚,😊😌💚🌈,😊✨🌟,😊💪✨🌟,😊✨🌟,😊😌💚✨,😊✨🌟,😊✨🌟,😊😌💪✨,😊✨🌟💪,😊✨🌟💪🙏,😊✨🌟,😊💪✨🌟,😊✨🙏💚😌,😊✨🌟💪,😊✨🙏💚,😊✨🌟💪,😊✨🌟💪🙏,😊✨🌟,😊✨🌟💪,😊💪✨🌟,😊✨🌟,😌💚🌈,😊✨🌟,😊✨🌟💪,😊✨🌟💚,😊🌟💚🙏,😌🙏✨💚,💪🙏✨🌈,✨🌟💚🙏,😌💚🌈,🌟💚😌🙏,🙏✨🌈💪,😊😌💚✨,💪🙏💚✨,🙏✨💪,✨🌈💚😊,🙏✨💚,😊😌💪,😔😞😣,🙏✨🌟,💚✨🌟😊,😊✨💚🌈,🙏✨🌈💚,,😊✨🙏💪,😊✨🌟🙏🌈,😰😔🆘⚠️,😊✨🌟💪,😌💪🌟💚,😊💪🌟,😊✨🌟,🙏✨💪🌈,😰😔🆘⚠️,😊✨🌟💚,😊✨🌟,😊😌✨🌟💚,😔😞😣😖,😊😌✨🌟,💪🙏😌🌈,🆘😰⚠️🌑,🙏💪✨🌈😊,😊😌✨🌈,😊✨🌟,🌟💪🙏🌈,😊💪✨,😊✨💪🌈,😊😌💪🌈,😌🌈✨,😊😌✨💚,😊😌🌟,😌💪🌈,😊💪✨🌟,😔😞💔,✨🙏😊🌈,😊💪✨,🌟💪🙏✨,😊💪✨🌟,😊😌✨,😊✨💪🌟,😊😌💪,💪✨🌈😊,💪✨🌈😊,😌✨🙏💚,😌💚🌈✨,😌💪✨🌟,😊💪✨,😊😌💪✨,😊🌈✨,😊😌💚🌈,😊✨🌟,😌💚✨🌟,🚨😰⚠️,😊💪✨,😊💪🌈✨",0
n-0412,"😊✨🌟,😊✨🌟💚,😊✨🌟🌈,🙏💚✨😊,😊😌✨🌈,✨💪😊🌟,😊✨🌟🙏,😊✨🌟💚🌈,😊✨🌟,😊✨💪🌟😌",0
n-0414,"😊💪✨,😌🌈✨💚,😊✨🌟,😌💪🌈,😌💚🌈✨,😊✨🌈💪,😊😌💪✨,😊😌🌟💚,😌✨🌟💚,⚠️😰🚨,😊😌✨🌈,😌✨🌈💚,😌💚🌈✨,😊😌✨🌈,😊😌💚🌟🌈,😊💪🌟,😌✨🌟💚,😊😌💪✨,😊😌💪✨,😊😌💪✨🌟,😌💚✨🙏,😌✨🌟,😊😌✨,😔😞😣😖,😊😌✨🌈,😌💪🌈,😊😌✨💚,😊😌💪✨,😊😌💪🌈,😊💚✨,😊✨💚🌈,😌💚✨🌟,😌✨🌟,😌✨🌟,😌✨🌈💚,😌✨🌟🙏,😌✨🌟🌈,😌💚✨🌈,😊😌💪✨,😊✨🌈,😌✨💚🌈,😌✨🌈💚,😊🌟💚,😊🌟💚,✨🌟💚🌈,😊😌✨🌟,😔💔😞😣,😊🌟💚✨,😊😌✨🌈,😌✨🌈💚,😌✨💚,😊✨💚🌟,😊😌✨,😊😌🌈,😌✨🌟💚,😊😌✨🌈,😊✨🌈💚,😌💚🌈✨,😌✨🙏💚,😌💚🌈,😌✨💚🌈,😌✨🌈💚,😌✨🌈💚,😌💚🌈,😊😌✨🌈,😊🌟💚🌈,😌🌈💚✨,😌✨🌈,😊😌💚,😊🌟💚,😊😌💚,😊🌟💚✨,😊😌✨🌟,😌✨🌟,😊😌💪✨,😌✨💚🌈,😌✨🌈,😊😌✨,😊🌟💚🌈,😌✨🌟💚,😊😌💚🌈,😌💚🌈🙏,😊🌟💚✨,😌💚🌈,😌🌟💚🌈,😊😌🌟💚,😊✨🌈,😊😌✨🌈,😊😌✨🌈,😔😢💔,😊😌✨🌟,😌✨💚🌈,😊😌✨🌟,😌💚🌈,😌✨🌈,😌💚🌈,😊😌💚,😊🌟💚✨,😊✨🌈,😌💚🌈✨",0
n-0426,"😊✨🌟💪,😊✨🌟🌈,😊😌✨💚,😔😞😩,😊😌🌈,😊✨💚🌟,😊✨🌈,😊😌✨🌟💚,😌💪✨",0
n-0443,"😌✨🌟🙏💚,😌🌟🙏💚,😊🌟💚✨,😌✨🌟💚,😊😌💪✨,😌✨🌟,😊😌💚✨,😌🌟💚🌈,😌💚🌟💪,😌✨🙏🌈",0
n-0453,"😣😩😔😞,💪✨😊,😌😊🌈✨,😊✨💪🌈,😌💪🙏,😌✨🌟💚,😌✨🌟💚,😊✨🌟,✨💪😊🌟🌈",0
n-0458,"😊😌💪,😊💪✨🌟,🙏💚🌈,😔💔😞😣,💪🌟🙏,😌💪✨🙏,😌💪✨,😌💪✨🙏,💪🙏💚✨,😌💪🙏,😊💚🌈✨,😌💪🌈,💪🙏🌈✨,😊💪✨,💪✨🙏😊,💪✨🙏🌟,😊🙏🌟💚,😊✨🌟,😊😌✨,😊✨🌟💚,😊✨🌟,😊✨🌟💚,😊✨🌟,😊😌✨,😊✨🌟,💪✨🙏💚,😊✨🌟,😊😌✨🌟💚,😊✨🙏,💪✨🙏🌈,😌✨🙏💚,😊✨🌟🌈,😔😞😣,🌈💪😊🙏,💪✨🌈🙏😊,😌💪🌟,💪🙏🌈,💪🌟🙏💚,💪✨🌟💚🌈,💪🌟🙏,🙏💪🌟✨,😔😣😩😞,😌🙏💪✨,🙏💚✨🌟,😊💚✨🙏,😔😞😣💔,💪🌟🙏💚,😌💪✨🙏,😌💚🌈,😌💪🙏✨,😊🌟💚,😰⚠️🆘💀🌑,💪🌈🙏,😔💔😢,😊😌💪🌟,🆘😰⚠️🌑,🌟💪😊✨,💪✨🙏,💪✨🌟🙏💚,😊💪✨🌟,💪✨🙏🌟,💪✨🙏💚,💪✨🌈😌,😌💪✨🌟,💪✨🌈,🙏😊✨💚,😌💪✨🌈,💪✨🌟🌈,😌✨🌟💚🙏,😌💪✨🌟,🙏🌟💪🌈,😌💪🌈,💪✨🌈💚,💪✨🙏🌟,😊💪✨🌈,😊💪🌟🙏,🙏💪✨🌟,😊💪✨🌟,💪✨🌟🙏,🙏✨💪,💪✨🙏💚,😔😰⚠️,💪✨🌟🙏💚,😊✨🌟,😊💪✨🌈,😊🙏💚✨,🙏💪✨🌈💚,💪🌟🙏🌈,💪✨🙏💚,✨🌟💪🌈😊,😊✨🌈💚,😊✨🌟💪,✨💪🌟😌,😊✨🙏🌟💚,😊💪✨,💪🙏💚🌟🌈,💪🙏🌟💚,💪🌟🙏💚🌈,😌✨💪🌈,😌✨💪",0
n-0467,"😊😌💚✨,😔💔😞😣,😌✨🌟💚,😊✨🌟,😊✨🌈,😊💚🌈✨,😊🌟✨🌈,💚🙏😌,😔💔😞😢,😊✨🌟,😌✨🌈💚,😊😌✨,😌💪💚,😊🌟💚,😊✨🌈,😊✨🌈💚,💚✨😌,😊😌💪✨,😊😌✨,😌💪🌈,😊🌈✨💚,😊😌✨🌟💚,😊😌✨🌟,😊✨🌈,😊😌✨,😊🌟💚,😊✨🌟,😊✨🌈,😊🌈💚✨,😊💚🌈,😊😌✨,😊😌🌟,😌💪🌟,😊🌈💚,😊💚✨,💚✨😌🌟,😌✨🌈,😌💪🌟🌈,😌✨🌟,😔💔😞😩😖,😌💪✨🌈,😊😌💚✨,😊✨🌟💚,😔😣😖😩,😊😌✨🌈,😊🌟💚✨🌈,😊✨🌟💚,😊😌💚🌈,😰🌑🕳️⚠️,😌🌈💪🙏✨,😊😌🌈💚✨,😌✨🌈💚,😰🌑🕳️⚠️,😊💚🌈,😌💚🌈🙏,😊😌🙏✨,😔😞😣😩,🌈✨💚🙏,😔😞😣,😔💔😢😞😩,😔💔😞😩,😔😞😣💔,😔😞😣💔,😌✨🌈💚,😊😌✨,😌✨🌈💪,😌💪✨,😌💚🌈✨,🌈✨😊💚🌟,😔😞😣💔,😌✨🌈💚,😊✨🌈💚,😊✨🌈,😊😌💪🌈,😊😌✨🌈,💪✨🌈🙏,😔😢😞💔,🙏✨💚😌🌈,😌💪🌈,😊🌟💚,😊😌✨🌈,😔😞😩,😌💪✨,😊✨🌈💚,💪✨🌈😊,😊✨💚,😊😌✨🌟,😊😌✨,😌✨🌈💚,😊🌈✨,😊💪✨,😌😊✨🌈,😌🌟🌈,😖😩⚠️🌑,😌✨🌟,😊😌💪✨,😌✨🌈💚,😊😌✨,😔😞😣,😌💚🌈",0
n-0468,"😌✨💚🌈,😊😌💚🌟,😊😌✨🌟💚,😌💪🌈✨,😔😞💔,😊✨🌈💚,😊🌟💚🌈🙏,💚✨🌈🙏,😌✨🌈💪,😌💪✨🌟,😊😌💪✨,😊✨💚😌🌟,😊✨💪🌈😌,😊✨💪🌟🌈,😊😌💚🌈,😊💚🌟,😔😞😣😩,😊😌✨🌈,😊💚🌟,😊✨🌟💪,😊✨💪😌🌈,😔💔😞,😌💪✨🌈,😊💚✨🙏,😊😌✨🌈,😊💪✨,😊✨🌈😌💪,😊✨🌈💚,😔💔😞😩,🚨⚠️😰🌑,😊🌟💚😌✨,😊😌✨🌟💚,😊💪✨,😔😞😣,🙏✨😊,😔💔😢,😌🙏💚🌈,😊✨😌💚,😊😌✨🌈,😊😌✨,😊😌💪✨,😌💪💚🌈,😌✨🌈,🙏✨😌🌟,😢😔😞💔,😢😔😞💔,😔😞😣,😔😢😣,😌✨🌈,😊😌✨💪,😊💪✨🌟,😊😌💪✨,😌✨🌈💚,😌💪✨🌈,😌💪✨🌈",0
n-0471,"😊✨🌟💪🙏,😊✨🌟💚,😊✨🌟💚,😊💪✨🌟💚,😊🌟💚,😊💚🌟,😊✨🌟,😊💚🌟,😊✨🌟,😞😣😩😔,😊😌✨🌟,😊✨🌟,😊✨🌟💪🌈,😊✨🌟💚,😊💪✨,😌✨🙏🌟,😔😞💔😢,😌💪🌟,😊✨🌟💚,😊😌✨,😊😌✨🌟,😊✨🌟💚,😊✨🌟,😊😌💚🌈,😌💚🌟✨,🙏💚😌✨,😊✨🌟,😊✨🌟💪,😌💪🌟🌈,😊😌💪,✨🌟💚😌,😊✨🌟💚,😌💚🌈,😊😌✨🌈,😊😌✨🌈,😌💚🙏✨,😊💪✨🌈,😊😌💪✨🌟,😊😌✨🌟,😊😌🌟",0
n-0472,"😰🌑⚠️,😔😣💪🌟,😌💪🌈🙏,⚠️😰🚨,😊😌🌟,🌟💚✨,😌💪🌈✨,😊✨💪🌟😌,😌🙏🌈,😊✨🌟,😊😌✨💚,😌💪✨🌈,😌✨🌈💚,😌💪✨🌟,😊😌✨🌈,💪✨🌈😊,😊✨🌈,😌💪🌈✨,😞😔💔😩,😣😖😩,😊😌🙏✨,🙏😊✨💚,😊😌✨🌈,😌✨💚🌈,😌✨💪😊🌟,😊💪✨,😌💪✨🙏,😌💪🌈✨,😌💪🌈✨,😊😌💪,😌💪🌈,😌💪🌈,😊💪✨🌟,😔😞💔,😌💪✨,😌💪✨🌟,😔😞😣,😌💪✨🌈,😌✨💪",0
n-0491,"😊😌🌟,😊😌✨,😊😌✨,😊😌✨🌈,😊✨🌟😌💪,😊😌💚✨,😊😌✨🌟💚,😊😌✨,😊✨🌟💚,😊✨🌟,😊😌✨🌟,😊😌💪✨🌟,😊✨🌈,😌💪🌈,😊🌟💚✨😌,😊✨🌟,😊✨🌟💚,😊😌💪🌈,😊✨🌟,😌💪🌟,😊😌✨🌟💚,😊😌💪✨,😊😌💪,😌✨😊,😊✨🌟,😊😌💚🌟,😊🌟💚,😊💚🌟,😊😌✨🌟💚,😊😌💚✨🌈,🌑⚠️💀😰,😊✨💚,😊✨🌟💚,😔😞😣,😌✨🌈💚,😊😌✨,😊😌💚✨,😊😌🌟,😊😌🌟✨,😊💪🌟,😊💚🌈,😊😌✨🌈,😊😌✨🌈,😊✨💚🌈,😊😌✨🌈,😊💚🌟,😊😌💚🌈,😊🌟💚,😊😌💚🌟,😊✨🌈,😊😌💚,😊💪✨🌟,😌💚🌈,😊✨🌈💚,😊😌💚🌈,😊😌✨🌟,😊😌✨,😌✨🌟,😊😌💪,😔😞😣,😊🌟💚,😌😊💪,😊🌈✨,😌💪🌈,😊🌟💚,😊😌✨🌟💚,😊✨🌟💚,😊💪🌈,😊😌💚✨🌟,😊💪✨,😌✨🌈,😊🌈✨💪,😌💚🌟🙏🌈,😊✨🌈,😊😌✨,😊💪✨🌟,😊😌💚,😊✨🌈💚,😊😌🌟,😊😌✨🌈,😔😖😩,😌✨🌈,😊🌟💚,😊🌈✨,😊✨💚🌟,😊😌🌟,😊😌✨💚,😊😌💪🌈,😌💪🌈✨,😊✨🌟,😊😌✨🌈,😊🌟✨🌈,😊✨🌟,😌💪🌈,😌✨💚,😊🌟🌈,😊😌✨🌈,😊✨🌟💚🌈,😊🌟💚,😊😌✨🌟",0
n-0496,"😔😞😩😣,😌✨🌟💚,😣😖😞😔,😊✨🌈,😊😌💪,😌💚🌈,😔😞😩😣,😊💚🌈,😌😊💪,😊💪✨🌈,😔😣😖,💪✨😌🌟,😊✨💪🌈,😌💪✨🌟,💪✨🌟💚,😊✨🌟💚,😊✨🌟💚,😌💪✨🌈,🌟😊💚,😌💪✨🌟,😊💪✨🌟,😊✨💪🌟,😊😌✨,😌💚🌟,😊💪🌟,😊😌💪✨,😌✨💪🌟,😊😌💪✨,😌💪✨🌟💚,😊😌✨,😊😌💪✨🌈,😊😌💪✨🌟,😌💪✨,😌💪✨🌈,😣😖😩😔,😊✨🌟💚,😊😌💚✨,😊😌💪🌈,😊💚🌟,😊🌟💚✨,😊🌟💪🌈,😌✨🌟,😊😌💪✨🌟,😊💪✨,😌✨💪🌟,😊💪✨,⚠️😰🌑,😊💪✨,💚🙏✨😊,💚✨🙏💪,😊🌟💚✨,😊✨🌟💚🌈,😊😌✨🌟,😊✨💪🌈,😊😌💪✨🌟,😌✨🙏💚,✨🌟💚🌈,😔💔😞😣,🌑😰🆘,😊😌✨🌈,😔😣😖,😌💪✨🌈,😌💪✨,🌟✨🙏,😰🌑⚠️🆘,😊💪✨🌟💚,🙏💚🌈😌,😞😣😩💔,😔💔😞😣,😔😞😣😩,😌💪🌈✨,🌑😰⚠️💀,😌💪✨💚,⚠️😔💔😞,😊💚✨🌈,😔😞😩💔,😊😌💚✨,😊💪✨,😌💪🌈,😔😞😣😩,😌✨🙏💚,😌💪✨🌟,😔💔😞,😌💪🌈,😊💪✨,😔😞😩,😔😞😢😣,😌💪🌈,😔😞😩,😔💔😞😢,😔💔😞😣,😔😞😩,😔😞😣😩,😌💪🌈,😊💪✨🌟,😌🌟🌈,😰🌑⚠️,🙏😌💪✨,😊✨🌟💚🌈,😔😖😩😞",0
n-0502,"✨🌟💪,💪✨🌟😊,✨🌟💚,✨💪🌟,😊✨🌟💚,😊✨🌟💪,😊✨🌟,😊✨🌟,😊🌟💚,😌🌟💚🙏,😔😞💔,😊✨🌟💚🌈,😊💪🌟,✨🌟😊💚🌈,😊😌🌈💚,😊🌟💚,😊✨🌈😌,💪✨💚🌟,😌💪✨🌈,😊🌟💪🙏,💪✨🌟🙏,😊💪🌟,😌✨💚😊,😊✨🌟💚,😊✨🌟💚,😊✨🌈💚😌,😊✨🌟💚,😊✨🌟💚,😌💪🌈,😊😌✨🌟🙏,😊✨🌈💪,😊💚✨🌟😌,😊😌✨🌈,😊😌✨🌈,😊✨🌟,😊😌✨🌟,😊✨🌟,😊💪✨🌟💚,💊⚠️🆘😰,😌💪🌈,😊🌟💚✨,😌✨🌟💚,😊💪✨🌟,😔😞😢,😌🙏💚🌈,🌈✨😌🙏,😊💪🌟🙏,😌💪🌟,😊😌✨🌟,😌✨🌈💚,😔💔😞😣😩,💀😰🌑⚠️,😊✨🌟,😊💪🌟🙏,😌💪🌟,😊😌✨,🙏✨😌💪,😊✨🌟💪,😔💔😞😢,😊😌💪,😔😞😣,✨🌟💚,😌💪🌈💚,😊✨🌟,😌💪🌟,,😊✨💪🌟💚,😌💪🙏🌈,😊😌💪✨🌟,😌💪💚🌈,😌💪🌟🌈,😌🙏💚✨,😊💪✨🌈,😌💪🌟,😊💪✨,🙏💚🌈✨,😌🙏💚✨,⚠️🚨😰🌑,😌✨🙏💚,😌💪🌟🙏,🌟💚😌✨💪,😊💪✨🌟,😌💪🌟🙏💚,😊😌✨🌈,🙏💚😌🌈,🙏💚😌,🙏💚😌🌟,😊😌🌟,😌💪🙏🌟,😌💚🌟,🌑🆘😰⚠️,😌🌈💪🙏,😊😌🌈💪,😊🌟💚✨🌈,😊😌💪✨,😌💪🌈,😊✨🌟💚,😊🌟💚,💚🌈✨🙏,😊✨🙏",0
n-0504,"😊💪✨,😌💚🌈,😊✨🌟💚🙏,😊✨🌟💚,😊✨🌟,😊💪✨🌟💚,😊😌💚,😊💚🌟🙏,😊✨🌟,💪✨💚😊,😊😌✨🌈,😊✨🌟🌈,😌💪✨,😊🌟💚🌈,😌💪🌈,😊💪✨🌟💚,😌🙏💚✨,😊🌟✨💚,🙏✨🌈,😊💪✨🌟,💚🌈✨😊,💪✨😊,😊💪🌈🌟,😊✨🌈💪,😊💪🌈✨,😌💪🌟🌈,😊✨🌟💚,😊✨🌟💚,😊😌✨🌟,😌💪✨🙏,😊😌✨🌟,😊🌟💚,😊😌✨🌈,😊😌💪,✨💚🌟,😌😊💪🌈,😊💪✨,😊😌✨🌈,🌟✨😊💪,😊✨🌟",0
n-0519,"😊🌟💚✨,😊😌💪✨🌟,😊😌💪✨🌈,😊😌💪🌟,😊✨🌟,😊🌟💚🙏,😊💪✨🌟,😊✨🌟,😊💪✨🌟,😊✨💪🌟🌈,😊😌💪✨🌟,😊✨🌟,😊✨🌟💪,😊✨🌟,😊✨🌈,😊🌟💚✨,😊✨🌟💪😌,😊✨💪🌟,😊✨💪🌟,😊😌🌟💚,😊✨🌟🙏,😊💪✨🌟,😊✨🌟💚,😊✨🌟💚🌈,😊😌✨🌟💚,🌑😰🆘💀,😊✨🌟💚,✨🌟😊💚🌈,🚨🩸🆘⚠️,✨🌟😊💚,😊✨🌟💚,😊✨🌟💚🌈,😊✨🌟💪🌈,😊✨🌟💚😌,😊💪✨🌟💚,🆘🚨⚠️😰🌑,😊✨🌟💪,😊✨🌟💚🌈,😊✨🌟💚,✨🌟😊💚,😌💪🌟🌈,💪✨🙏,😊✨🌟🌈,😔😞😢,😊💚🌟😌,😊😌💪✨,😌💚🌈,😌💚🌈✨,😌✨🌈,😊💪✨🌈,😊✨💚🌈,😊😌💚,😊✨🌈,😊😌💪✨🌟,😊✨🌟,😊😌💚,😊😌✨,😊😌✨🌈,😊💚🌈,😊💪✨🌟,😊✨🌟,😊✨🌟💚🌈,😊✨🌈,😊😌💪✨🌟,😊✨🌟,😊✨🌟💚,😊✨🌟💚,😊😌✨💚🌈,😊🙏💚✨,✨🌟💚,😊✨🌟💚🌈,😊💪✨🌟,😊💚✨,😌✨🌈,😌💚🌈,😊😌💚✨,😊😌💪,🆘⚠️😰🌑,🚨⚠️💀😰🆘,😊✨🌟",0
n-0520,"😌✨🌈,😌✨🌈,😌✨🙏😊,😔😞😢,😊🌟🌈💚,😊😌✨💚,😊✨🌈,😌💪✨🌟,😊😌✨🌟,🙏✨😊,😌✨🌟💚,😊🌟💚✨😌,😊😌✨,😊😌✨🌟,😊😌💚,😌💪✨🌟,😊✨🌟,😌💪🌟,😊🌟💚✨,😌💪🌟,😔😞😣😩,😊✨🌟,😊🌟🌈,😊🌟💚🌈,😌✨🌟💚,😊💪🌈✨,😌✨💪,💪✨🌈🙏,😊😌💪,😌💪✨🌈,😊✨🌈💪,😌💚🌈✨,😊😌✨🌟,😊😌✨🌈,😊✨🌈,😊😌💚,😊✨💪,😊✨🌟,😊💪✨🌈,😊😌🌟💚,😊✨🌟💚,😌✨🙏💚,😊😌✨,✨😌💪🌈,😊😌💪,😌💚🌈,😊😌✨",0
n-0521,"😊✨💚,😊✨🌟💪,🌈💪😊✨,😊✨🌟💚,😊✨🌟💪🌈,😊😌💪✨🌟,🌈✨😊💚🌟,😊✨🌈💚,😊✨🌟💚,😊✨🌟,😊😌✨🌈,😊✨🌟,⚠️😰🚨,😊✨🌟💪,😊✨🌈💪,😊💚🌟,😊😌✨💚,✨🌟😊,😊🌈✨💪,🌈✨💪,😊🌟✨💪,😊🌟💚,😊✨🌟,😊✨🌈💚,✨💪🙏😊,💪✨🙏,😊💚🌈✨,😔😞😢💔,😊✨🌈,😌💚🌟,😊💪✨🌈,😊😌✨🌈,😊😌🌟🌈,😊😌✨🌈,😌✨🌈💪,😊✨🌈💪,😌✨🌈,😊✨🌟,😊✨🌟🙏💚,😊✨🌈💚,😊😌✨🌈,😊😌✨🌟💚,😊✨🌈💪,😊😌✨🌟,😊✨🌈,😊✨🌟💚,😊💪✨🌈,😊✨🌈💚,😊💪✨🌈,😔💔😞😣,😊💪✨🌈,😊✨🌟,🌈✨😊,✨🌟💚,😌💚🌟🙏,😊✨🌟,😊😌✨🌈,😌✨🌈💪,🌈✨😊💚,😌✨🌈💚,😊✨💚🌈,😊✨🌈💪,😊✨🌟,😊✨🌈,😊😌✨,💪✨🌈😊,😌✨💚🌈,✨💚🌈,😊😌✨🌟,😊✨🌈💚,✨😊🌟💚,😊😌✨🌟,😊✨🌈💚,😊😌✨🌈,😊🌈✨💚,😊✨💪,😊✨🌈💚,🌟✨😌,😊✨🌟,😊✨🌈,😊✨🌟,🌈✨😌💚,😊✨💪,😊✨🌈💚,😊✨🌈💚,😊😌✨🌈,😊💪✨🌈,😊✨🌟💚,😊😌💚✨,😊😌💪🌈,😊✨🌈💚,😊😌✨🌈,😊✨🌟,😊✨🌟💚,🌟💪🙏🌈,😊💪✨,✨😊🌟,😊✨🌟🌈,😊✨🌈,😔😞😣",0
n-0522,"😊🌟💚✨,😊✨💪🌈,😊🌟💚,🙏💚😌🌈,😊✨🌟,😊💚🌟,🙏✨🌟,😊💪✨,😊😌✨🌟,😊✨🌟,😌💪🌟🌈,😊😌✨🌟,😊✨🌟,😊🌟💚😌✨,😊😌✨🌟,😌✨💪🌟,😊😌✨,😊✨🌟,😊💪✨🌟,😊💪✨,😊✨💪,😊💪🌟🙏,😊💪✨🌟,😊😌💪✨🌟,😌💚🌈✨,😊😌✨🌈,😌💪✨🌈,😊😌🌟,😔💔😞😣,😊✨🌈,😊😌✨🌟💚,😊😌🌈,😊😌✨,😊✨🌟,😊😌🌟💚,😌💚🌈✨,😊😌💪,😊😌✨🌈,😔😢😞,😊💪✨,😣😖😩,😌💪🌟,😔😞😣,😌💪🌟💚,😊✨🌟💪,😌💪✨,😌💪✨,😊😌💪,😔😞😩💔,😊✨🌈,😊😌💪,😊😌🙏💚,😌✨🌈💚,😌💪🌈,😊🌟💚,😔😞😣,😊😌✨,😊😌✨🌈,😌💪💚🌈,😊😌✨,😌✨🌟💚,😊😌✨,😊✨🌟,😊✨🌟,😊😌✨🌈,😊😌✨,😊✨🌟😌💪,😔😞😣😖,😔😞😩,😊✨🌟💪,😌✨🌈,😊✨🌟💪,😌💪🌟,😌💪🌈✨,😊😌✨🌈,😌💪💚🌈,😔😞😣😩,😣😖😩😔,😌✨🌈,😊💪✨,😊✨🌟,😔😞😩,😌💪🌈,😌💪✨🌈,😊😌✨🌟,⚠️😰🌑🚨,😊✨🌟,😰🌑⚠️😔,😊😌💪🌈,😌💚✨🌈,😊😌💚🌈,😊😌✨,😌💪✨🌈,😌💚🌈,😌💪✨🌈,😊✨🌈💪😌,😌💪✨🌟,😊😌✨,😊😌✨🌈,😔😢💔",0
n-0524,"😊✨🌟🌈,😊✨🌟💚😌,😊💚🌈,😊✨🌈💚,💪✨🌟🌈,😌✨🌈💚,😊✨🌟💚,😊🌟💚🌈,😊💪✨🌈,💪✨🌟,😊😌✨🌈,😊✨🌟,😊✨🌈,😊✨🌈,😔😞😩,😊✨🌟,😊🌟💚🌈,😌💪✨🌈,😊🌟💚,😊🌟💚✨,😔😞😣,🆘⚠️🌑😰,🌑🆘⚠️😰,😔💔😞😩,😊😌✨,😌🌈✨🙏,😔😞😣,🙏💚✨😌,😊✨🌟,😊✨🌟💪",0
n-0526,"😊😌✨,😊😌✨🌈,😊✨💚🌈,😊😌💚🌟,💔😢😣😞,😌✨🌟💚,✨🌟😊💪,😊💪✨,😊😌💚✨,😊✨🌈,😊😌✨🌟,😊✨🌟💪,😊😌✨🌟,😌💪✨🌈,😊😌🌈,😊💪✨,😊😌✨🌟💚,🙏💪✨😌,😊🌈💪,😊✨🌈,🙏✨💪,😊😌💪,😌🌈💪,😊😌✨🌟💚,😊✨🌈,😊✨🌈💪,😊✨🌟🌈,😊✨🌈💚,😊🌟💚,🌟✨😊,😊💚✨🌟💪,😌💪✨🌈,😊✨🌟💚,😊✨🌈,😊✨🌟,😊✨🙏,😊😌💪✨,😌💚🌈,😊✨🌟,😌✨🌟💚,😊🌟💪🌈,😊✨🌟,😔😞😩😢,😊✨🌟,😌💪✨,😊😌💚✨🌈,😊✨🌈,🌈✨😊,😊🌟💚,🚨⚠️🆘😰,😊😌✨🌈,😊✨🌟,😊✨🌟,😊✨🌟,😊✨🌈,💪✨🌈,😢😔😞😣,😌💪🌈,😌💚🌈,😌🙏💚,😊😌✨,😌✨🌈💚,😌💪✨🌟,⚠️😔😞,😔😢😞,😔😢😣,😊✨🌟💪,😔😢😞💔,😊✨🌟💚,😊😌✨🌈,😊🌟💚✨🌈,😊✨🌟💚,🙏✨🌟😊,😊💪✨🌟,😌✨🌟,🙏✨😊💪,🙏✨💪,🙏💚🌈✨,💪😌🌈✨,😌✨💪🌈💚,😊💪🌟,😊✨🌟💚,😊🌟💪🌈,💪✨🌈,😌💪✨🌈,😔💔😞😣,🌟💪✨,😌✨🌈💚,🚨⚠️🆘😰,😔😖😩😞,😊💪✨,😌💪✨🌈,😊✨💚🌟,😖😩😔,😔😞😣😩,😊😌✨🌟,😊😌💚✨,😊✨🌟,😊😌💪✨,💪😌🌈✨",0
n-0529,"😌✨🙏,😌💪🌟💚,😌🙏✨,😌✨🌈😊,😔😞💔😣,😔😞💔😣,😔😞💔😩,😌✨💪,😌🌟✨🌈,😌💪🌈,😔😞💔😢,😌🌈✨,😌💪✨,😌💚🌈,😌✨💪🌈,😌✨🙏,😊💪✨🌈,😊😌✨🌟,😌💚🌈✨,😊✨🌟,😌💪✨🌈,😌✨🌟💪,😊💪✨🌟,😊😌✨🌈,😔😞😣,😌✨🌟🙏,😌💚🌈,😊😌💪✨,😌✨🌟💚,😌💚🌟,😌✨🌟,😌💪🌟✨,😌💪🌟,🌟💪🌈😌,😊✨🌟,😔💔😞😣,😌✨🙏💚,😌✨🌈🙏,😔💔😞,😌✨🌈💚,🙏😌💪🌟,😌💪🌈,😔😞😖,🌟💚😌✨,💪✨🌟,💪✨🌟💚,😊😌💪✨,😌✨💪🌟,💪✨🌈,✨🌟💚,😔😞😩💔,😊✨🌈💚,💪😌💚🌟🌈,😌💪✨🌈,😌💪🌟🙏,😌💪✨🌟,😌💪✨🌈,😌✨🌈💪,😌✨🌟💚,😔😞😣,😊😌✨🌟,😔💔😢😞,😌💪✨🌈,💪✨🌈😌,😌✨🌟,😌💪🌟✨,😌✨🙏💚,😌✨🌟💪,😌💪🌈✨,😌🌟💚🙏,😌✨🙏💚,😌✨🌈💪,😌💪✨🌟,😌✨🌈💪,😌💪✨🌈,😌💪✨,😌💪✨🌈,😌🌈💚✨,💪✨🌈😊,😌✨🌈,✨💪🌈😌,😌💚🌟✨,😌💪🌈✨,💪✨🌈,😔😞💔😣,😌💚🌈,,😌💪✨🌟,😔😞💔😣,🌑😞⚠️😔,😌💪✨🌈,😌💪💚🌈,😌🙏✨🌈,😌✨🌈💚,😌✨🌈🙏,😌💪✨🌈,😌✨🌈,😔😞😢,💚✨😌,😌✨💪🌈",0
n-0530,"😊✨🌟,😊✨🌟💚,😊😌💪🌈,😊😌✨🌈,😌💪🌈✨,😊😌✨🌈,😊✨🌟,😊😌✨🌟💚,😔💔😞😩,😌💪✨💚,😊✨🌟💪,😊✨🌟,😊😌💚🌈,😊✨🌟💚🌈,😊✨🌟,🌑⚠️😰🚨,😊😌✨,😊💪✨🌟💚,😔😞😣😖,😌💪🌈✨,🌟✨💚🌈,😊✨💚🌟😌,😌💚✨🙏,😌✨🙏💚,💪🙏✨💚,🙏💚✨🌈,😊💪🌟✨,😊💚🌟✨,😊✨🌟,😊✨🌟💪😌,😊😌✨,😌💪🌈,😌🌈💚,😊✨💪🌟😌,😌💚🙏✨🌟,😊💚🌈,😊😌🙏💚,😊😌💪✨,😌💪🌟,💪🙏💚🌈,😔😞😣,😌💪🌟🙏,😊😌💚✨,😊💪🌟,😌✨💚🌟,😊😌💪🌟,😊😌✨,😊😌🌟💚,😊✨🌟,😌💪✨🌈,😊🌟💚,😊💪✨🌈,😊✨💪,😊✨🌟💪,😊🌟💪✨,🌈💪😌✨,😊🌟💚✨,😊✨🌟,😔💔😞,😊✨🌟,😊🌟💚🌈,😔😞😢,😊💪🌈✨,😊🌈✨,😌✨🙏💚,😊💪✨,😢😔💔😞,😌✨🌈,😊✨💚🌟,😊🌟🌈,😌💪✨,😊💪🙏🌟,😔😞😢😣,😊😌✨🌟,😊😌💚🌈,😌✨🌈,😔😞😣😖,😌💪🌈✨,🌈✨💚😊,😊🌟💚✨,😌💪🌟🙏💚,😔😞😣😩,⚠️🚨😰,🌟✨😊💪🌈,😊✨🌟💚,😊💚🌟🙏,😊💚🌈,😌💪🌈✨,😊✨🌈💪,🙏💚😌💪,😌💪🌟🙏,😊🌟💚🌈,,😊✨🌟,😌💪🌈✨,😊🌟💚,😔😢💔,😌✨🌟🙏,😊✨🌈😌,😊😌✨",0
n-0531,"😊✨🌟,🌟😊💚🌈,🌟✨😌,😊😌🌈✨,🌟💚🙏,😊😌✨,😊✨🌈💚,😌🌟🙏,😊🌈✨💚,😌🙏💚🌈,😊😌✨🌈,🌟✨💪,😊🌈✨💚,😊🌈✨💪,😊💪✨,😊🌟💚✨😌,😊😌💪,😊😌🌟🌈,💪✨🌟,😊✨🌈,😌✨🌈💪,😊✨🌟,😊✨🌈,😌✨🌟💚,😌✨🌈,😊✨🌈💪,😌💪🌈,😊💚🌈,😊😌💚🌈,😊😌🌟🌈,😊🌈✨💚,😊✨🌈😌💪,😊😌🌈💚,😊🌟🌈💪,💚✨😌,✨🌈💪,😌🌟💪,😌🌈✨,😌✨🌈,😊✨🌈,😊🌈✨,😊✨🌟🌈,😊💪✨🌟🙏,😊🌈✨💚,😌💚🌟✨,😌💪🌈✨,😊😌💪✨,😊✨💪🌈,😊✨💚,😊💪✨,😔😞😖🌑⚠️,😊✨🌈,😊✨🌟💪,😊✨🌟💚,😊🙏✨💚,😊😌✨,😊✨🌟,😊✨🌟,😊😌✨🌟,😌💪🌟,😊😌🌟💚,😊✨🌟,😊✨🌟,😌💪✨🌈,💚✨💪🌟😊,💚✨🌟,😊🌟💪💚🌈,😊😌💚,😊😌✨🌟💚,😌💚🌈,😔😞😣,🙏💚😌✨,😊😌✨🌟💚,💪✨🌈😊,😊✨🌈,😊✨💚🌈,💚✨💪🌈😊,😊✨🌟,😊💪✨,😌💪🌟",0
n-0533,"💪✨🌟😊,😊💚🌈,😌💪🌈,😔💔😞,😊😌💚✨,💪🙏🌈✨,😊✨🌟💚,😊💪🌟🌈,😊💚🌟✨,🌟✨💚😊,😊✨🌟💚🌈,😊😌💪✨🌟,😊✨🌟💚🌈,😊😌✨🌟💚,😊✨🌟💚,🌟✨💚😌🌈,😊✨🌟,😊🌟💚🌈✨,😊🌟💚✨,🌈✨💚😊,😊😌✨🌈,😊✨🌟💚🌈,😊✨🌟💚🌈,😊✨🌟,😊✨🌟,😊✨🌈💚,😊💚🌟✨,😊🌟💚🙏,😌💪🌈✨,😌✨💪🌈,😌💪✨,💪🌈😌,😊✨🌟,😊✨🌟,😊🌟💪,😊✨🌟💚😌,😊💪✨🌈,😊🌟💚🌈,😊✨🌟💚,😔😞😩",0
n-0539,"😔😞😣,😊✨🌟💚,😌💪🌈✨,😊✨🌟,😌💪🌈,🙏✨😌💪,😌💪✨,😊✨🌟,😌✨🌈,😊✨💪🌈",0
n-0545,"😊😌✨🌈,😊😌💚✨,😊✨🌟,😊✨💚🌈😌,😌✨🌈,😌✨🌈,😊😌✨🌈,😊✨🌟,😊✨🌟,✨🌟😊💚,✨🌟😊,😊✨🌟,😊✨🌟,😊✨🌟💚,✨🌟😊😌,😊✨🌟,😌✨🌈,😌✨🌈,😔💔😞😣,😊✨🌈,😊😌✨🌈,😊✨🌟💚,😊✨🌈,😊😌✨,😊😌✨,😊😌✨🌈,😔😞😩,😌💪🌈,😊✨🌟,😌💚🌈,😌✨💚🌈,😌✨🙏🌈,😔😞😣,😌✨🌟,😊😌✨🌟,😰😖😩,😔😞😢💔,😰🌑🕳️⚠️,😊😌🌈,😌✨🌈💚,😔😞😖,😊💪🌈,😌✨🌈,😌🌈✨💚,🌑💀⚠️😰,😌💪✨🌈,😔😞😣,😌✨🙏💚,😔😞😩💔,😌💚✨,😌✨🌟,😊😌✨💪,😊✨🌟,😊😌💚✨,😔😢😞😣,😌✨🌟💚,😌💪🌟🙏,😌💪🌈✨,😌✨💪🌟🙏,😊😌✨🌈,😔😞😣💔,😌✨🌈,😔💔😞😩,😔😞😩,😌💪✨🌈,😌✨🌟💚,😔😞😣😩,😔😞😖😩,😌💪🌈,😔😞😣,🌈✨😌,😊✨🌟💚,😌✨🌟🌈,😌✨🌈💪,😊😌🌈✨,😊✨🌟💚,😊✨🌟💚🌈,😊✨🌈💚,🌟✨😊💚,😊✨🌟💚,😔😞😣😢,😌✨🌟,,😊😌✨🌈,😌✨🌟💚,,😌✨🌟,😊✨🌟,😌🙏✨💚,😊💪✨🌟,😊😌💚✨,🌈💚✨🙏,😊😌💪,😌💪🌈,🌟💚🙏,😊✨🌟,😊✨🌟,😊😌💪✨,😌💪✨,😌✨💚",0
n-0547,"😌✨🌈,😌💪🌈✨,🌟✨😌💪,😊✨🌈💚,😌✨🌈,😌✨🌈💚,😔😞😣😩,😊✨🌟🙏💚,😊✨🌟,😊😌🌈,😊😌💪🌈,😌💪🌈✨,😔😞😢😣,💪✨🙏,😊💪🌟,😌✨🙏💚,🌟💚😊✨,😌💚🌟✨,😊✨🌟,😊😌✨🌈,😌🙏🌈,😌✨🌈💪,💪✨🌈😌,😌✨🌈💚,😔😞😣,😔🌑😖⚠️,😔💔😢,😌💪🌟🙏,😊😌💪🌈,😊💪✨🌈,💪✨🌈😊,😌✨🌈,😢😔💔,😌✨🌟💚,😊😌💚,🙏💚🌈,😔💔😞,😔😞😩💔,😌🌈✨,😊🌟✨💚,😌🌈😊💚,😌💚✨🙏,😌✨🌈💚,😌😶✨,😌💚🌈,💪✨🌈,💔😢😞😔,😌💪✨🌟,😊✨🌈💚,😊😌✨,😊😌💪✨💚,💚😌✨🌈,😔😣😖,😌💪🌟🌈,😊💪✨,😊💚✨🌟😌,😊💪✨,😔😰⚠️😞,💪✨😊,😌🌈💚✨,😌💪✨🌟,😔💔😞,😔😞😣😩,😔😞😩,😌💪✨🌈,😌💪✨🌈,😔💔😞,😔😞😩,😌🌈💪🙏,😰🌑⚠️🕳️,😰🆘⚠️🌑,😌✨🌈,😊💪✨🌟,😊💚✨🌈,😔💔😞😢,😊💪🌟🙏,😊😌💪,😌💪🌟,😌💪🌈,😔😞😩,😌💚🌟💪,😊😌💚✨,😌💪🌈,😔😣😩,😊😌✨🌈,😔😣😢😩,😊🌟💚,😌✨🌟,😌🌈💪,😊😌✨🌈,😌✨🌈,😌💚🌟🌈,😌💪🌈,😖😩😔,😊😌🌈,✨🙏💚,😌🌈💚,😌💪✨🌈,😔😞😣,😌✨🌈",0
n-0550,"😊😌✨🌟,😊✨🌟,😊😌✨🌟💚,😊😌✨🌟,😊😌💪🌈,😊😌💪✨,💪✨🌟,😊💪✨🌟💚,😊😌✨🌟,😊💪✨",0
n-0556,"😊✨🌈,😊✨🌟,😊😌✨🌈,😌💪🌈✨,😊🌟💚✨,😊✨🌟💪🌈,😊✨🌟💪,😊✨💚🌈🙏,😊🌟💚,😔😌✨🌈,😌💪✨🌟,😌💪🌈✨,😊😌✨🌈,😊😌✨,🌟✨😌💚,😊😌✨🌈,😊🌟💚,🌟✨😊💪,🌟💚🙏,😊✨🌟💚🌈,😔💔😢,😊✨🌟,😊😌💪✨,✨🌟💚,😌💚🌈✨,😊✨🌈💪,😌💚🌟🙏,😊😌💪✨,😊😌✨,😊✨🌟💪,😌✨🌟💚,😔💔😢,😌💪✨🌈,😊💪🌈,😊✨🌈💚,😊😌💪🌈,😊💪🌈✨,🙏💚✨,😊✨🌟,💚😊✨🌈,😊✨🌈,✨🌟😊💚,😊😌✨🌟,🌑🆘⚠️💀,😌✨💚,😌✨🙏💚🌈,😔😞😢😣,⚠️😰🌑🕳️,🌟💚😊,😔💔😢,😌💪✨💚,😊😌🌈✨,😊😌✨🌈,😌💚🌈✨,😊🌈💚,🌟💚😊✨,😊🙏✨,😊😌✨🌈,😔💔😢,😊😌✨🌈,😊💪🌟🌈,😊😌🌈,😌🌟💪🌈,🌈✨😌💪🌟,😊✨💪🌟,😣😖😞😔,😊💪✨🌈,💪💚🌟✨,😔😞😣,😔💔😢😞,💀💔🌑🆘,🚨⚠️🌑😰,✨🌟😊💚🙏,😌✨🌈💚,😊✨🌟,😊✨🌟,🌟💚✨😊🙏,😔💔😞,😌🙏✨💚,✨🌟😊🙏,✨🌟😊💪,😊✨🌟💚,😔😢💔,😊✨🌟💚,😌💪✨,😌💪🌟,🌟✨😌,🌟💚✨😊,😌✨🙏💚,😔😞😩😣,😊🌟💚,💀🌑😰⚠️,😊😌🌈💪,😊✨🌈💪,😊✨🌈,😌✨🌈💪,😊✨🌟💚,😌💪🌈💚",0
n-0560,"✨🌟💚😌,😊✨🌟💚,😊✨🌟,😊😌💪✨,😊💪✨🌟,😊✨🌟💚🌈,😊😌💚✨🌟,😊✨🌟,😊✨🌟💚,😊😌✨,😊✨💪🌟😌,🌟✨💚,😊🌟💚🙏,😊💪✨🙏,😊😌✨🌟,😊😌💪✨,😊✨🌟💚,✨🌟💚,😊✨🌟💪🌈,😊💚✨,😊✨🌟,😊🌟💚✨,😊✨🌟💚🌈,😊✨🌟,😊😌✨,😊✨🌟,😊✨💪,😊😌💚🌟,😊✨🌟,😊😌✨,✨🌟💚😌😊,😊✨🌟,😊✨🌟,😊😌💚🌟,😊😌✨🌟,😊😌✨🌟,😊🌟💚🙏,😊😌✨🌟,🌟😊✨💪,😊✨🌟,😊🙏💚✨,😊✨🌟,😊✨🌈💚,💚🙏💪✨🌟,😊✨💚🌟,😊✨🌟,😊🌟💚,😊💪✨🌟💚,😊✨🌟,😊🌟💪,😊💚🌈,😊😌💪✨,😊✨🌟💚😌,😊✨🌟,😊😌💪✨🌟,🙏✨😊💚,😌💪🙏,😊💪✨,😊💪✨,😊💪✨🌈💚,😌💪🌈,😊💪🌟,😊✨🌈,😊✨🌟🌈💪,😔😞😣😖,😊✨🌟💚,😊😌✨,🌟✨💪🌈,😊😌💪✨,😊✨🌟💪,😊✨💪,😊😌✨,😊✨🌟💪,😊✨🌟,💪✨🌟😊,🌟💪✨😊,😊✨🌟💚,😌✨💪,😊😌💪✨🌟,😊😌💚✨🌈,😊💚🌈,😊💪🌟,😊✨🌟,😊💚🌈,😊😌✨🌟,😊😌✨🌈,😊😌💪,😊😌💚✨🌟,😊✨🙏💪,😊💪✨🌟,😊😌✨🌟,😊✨🌟💚,😊💪✨,😊😌✨,😊😌✨,😊😌✨🌈,😊😌✨🌈,✨🌟😌💚,✨🌟😊💪,😊🌟💚🙏✨",0
n-0566,"🙏💪💚🌈,😊✨🌟💚,😌💪✨💚,😌💪🙏🌈,😌✨🌈,😌💪🌟,😌🙏💚,😌💪🌈,😌💚🌈✨,😊✨🌟,😌💪🌈✨,😊✨🌟,😊😌✨🌈,😊✨🌟💪🌈,😖😩😔,💔😔😞😢,😊😌💪✨,😊💪🌟🙏,😊✨🌟,😊✨🌈💚,😊💪✨,🌟💚😌,😊✨🌟💪,😌💪✨🌈,😔😞😣,😊✨🌟🌈💚,😊😌✨🌈,😌💪🌟💚,💚🙏✨🌟,😌💚🌈💪,💪🌟🙏🌈,😊🌟💪🙏💚,😔😞💔😢,😊😌💚✨,😊😌🌟,😊🌟💚✨😌,😊😌💪🌈,😊😌💪✨🌟,😌💪✨🌈,😊✨🌟💪🌈,😊😌✨🌟,😊😌✨🌈,😊😌✨🌟💚,😊😌💪✨🌟,😊😌💪🌈,🌈✨😊,😊🌟💚✨,😊💚🌈✨,😊😌✨🌈,😊✨🌟💪,😊💪✨🌟,😌💪🌟💚,😊😌💪,😊✨🌟🌈,😌✨🌈💚,😊😌🌟,😊😌✨🌟,😊😌✨🌈,😊😌🌈,😊✨🌟,😊✨💚,😊✨🌟🌈,😊😌✨🌈,😊😌✨🌟,😊💪🌈✨,✨🌟😊💚🌈,😖😩😣😞,😊✨🌈💚,😌✨💚🌟,😊✨🌈💚,😊😌✨🌈,😌💚🌈,💪🌈✨😌,😊✨💚🌟,😊💚✨,😊😌✨🌈💚,😔😞😢😣,💚😌✨,😊✨🌈💚,😊✨🌟🌈,😊✨💪🌟,😔😞😣😖😩,😌💪🌈✨,😌✨🌈,😖😩😞,😊🌈✨💚,😌✨💪,😊💪✨🌟,😊✨🌟🌈,😊✨🌈💚,😊✨💪🌟,😊😌💚🌈,😊💚🌈✨,😊🌟💚,😊💪🌈,😊✨🌟,😊😌💪,😊😌🌈,😔😞🌑⚠️,😌💪✨🌈",0
n-0568,"💪✨🌈,💪✨😌,💪✨🌈😊,💪✨😌🌈,💪✨😊🌈,😊🌟💪🌈,🌈✨😊,😊✨🌟💪🌈,😊✨🌈💚,😊💪✨🌈,😊😌✨🌈,😊💪✨🌟,😊💪✨,✨🌟💚😊,😊✨🌈,😌💚🙏🌈,😊✨🌟💪🙏,✨🌟💪😊,😊✨🌟,😊✨🙏,😊💪✨,😊💪✨🌈,😊🙏💪✨,😊✨🌟💚🌈,😊✨🌟,😊💪✨🌟,😊💪✨,😊✨🌟,😊🙏✨,😊😌💪✨,😊✨🌟💚,😊✨🌟💪,😊😌💪✨,😊🌟✨🙏,😊😌✨🌟,😊✨🌈💪,😌💪🌟✨,😊💪✨🌟💚,😊😌✨🌈,😌✨🌟,😌💪🌈✨,😊✨🌟,😊🌟💚,😌💪✨,🚨⚠️😰🌑,😢😔😣😞,😊💪✨🌈,😊😌💪🌟,😢💔😞,😌💪🌟,🚨⚠️😰🆘,✨🌟😊,😌😊🌈✨,⚠️🆘😰🚨,😊💪✨,💪✨🙏,😊✨🌈,😌💪✨,😊😌💪,😊😌✨🌈,😊😌✨🌟,😊💪✨🌟,😊😌💚✨,😊💪🌈,🌈💪😌✨,😊😌💪🌈,😊😌💪✨,😊😌💚✨,😌💪🌈",0
n-0569,"😌💪🙏💚,😌💚🌟🙏,😔😞💔,😌💚🌟,😊😌💚,😌💚🌟,😊😌💪,😌💚🌟🙏,😊😌💪✨,😌💚🌟,😊😌💪✨,😌💚🌟,😊✨💚🌟,😌🌟💚🙏,😊😌✨🌈,😌🌟🙏💚,😊💪✨🌈,😢😞😔😣,😌💚🌈🙏,😔😞😢,😊✨🌟,😊✨🌟,😔😣😩,😊🌟🙏,😊✨🌈,😌💪🌟💚,😌💪🌈,✨🌟😊,😊✨💪,😌🌈💪✨,😔😞😢💔,😌💪🌈,😔😞😣,😔😞😣,😔😌🌈,,😔😞😩😣,😔😞😣😩,😔😞😩,😌🌟✨💚,😊💪✨🌈,😊😌✨🌈,🆘😰🌑⚠️,😊😌✨,😊😌🌈💪,😔😞😣😖,😊✨🌈💪,😔😞😣😩,😔😢💔,🚨💀🆘,😊😌💚,😊💚🌈✨,😊✨🌈,😔😞💔😢,😌✨🙏💚,😊😌✨,😊🌈💚,😔😖😩,😌💪🌟🙏,🙏😊😌,😌✨🌟💚,😔😞😩",0
n-0571,"😊✨🌟,😊✨🌟💪,😌💪🌈✨,😊😌💚✨,😔😢💔😞,😊💚🌈✨,😊😌💪,😊😌💪🌈,😔😞😣,😌💚✨🌟,😌💪✨,😊💪✨🌟💚,😊😌✨🌟,😊🌟💚,😌💪🌈,😔💔😞😣,😔💔😞😢,😊💪🌈🙏,😊😌🌈,😔💔😞😣,😔😞😣😩,😰🌑⚠️💔😞,😊😌✨🌈,😔😞😣😩,😔💔😣😖,💔😢😣😞😖,🙏💚🌈😊,😰😖⚠️🆘,😊😌💚🌈,😊😌✨,😔😞😣😩,😊💪🌟,😣😩😔😞,😢😞😣😔,😊💚✨,😔😞😣,😩😞😔😣,😊✨🌟💚,😊✨🌟,😌💪✨🌟,😊💚🌈,😊💚🌟,😊✨🌟💚🌈,😔😞😩😢,😊✨🌟💚,😊😌✨🌈,😔😞😣,😰⚠️🌑🆘,😌🙏💪✨,😔😞😢,😊✨🌟,😊😌💪,🙏💚🌈😌,😰🌑🕳️⚠️,😔😢😣😖,😊💪✨🌈,💚🌟😌🙏,😊💚✨,😔💔😞😣,😔💔😞😣,😊✨💚🌈😌,😌💪🙏💚,😊💚🌈✨,😔💔😞😩,😊✨💪,😔😞😣😩,😊💚🌈🙏,😔😞😩💔,😌💪✨🌈,😔😢😞,😌💚🌈✨,💚🙏💪,😔😞😣,😔😞😣,😔💔😞😢,😊✨💪🌟,😊✨💚,😊💚🌈💪,😊😌🌟",0
n-0579,"😊😌💚🌈,😊🌟💚✨,😊😌✨🌟,🌟✨😊,😔💔😞",0
n-0585,"😔💔😞😢,😊😌💪✨🌟,😊😌💪,😊💪✨,😌✨🌈💚,😊🌟💚,😊✨🌈,😊✨🌟💚,😊😌💪✨🌟,😔😞😩,🚨⚠️😰🌑,😌💚🌈,😔😞😣,😊💪✨🌈,💪✨🌈,😊😌💚🌈,😊😌✨,😔😞😣,⚠️😰🆘🚨,😔😞😩,😊💪✨,😊😌✨💚,😔😞😣💔,😊✨💪🌈,🙏💚✨😊,😌💚✨🌈,😌🙏✨💚,😌💚🙏,💪✨🌟,😌🌈✨,😌💪🌈✨,😌💪🌟,😌💪✨🌟,😔😞😣😩,😔😞😩,😔😞💔",0
n-0589,"😊✨🌟,🌟💚😊🙏,😊💪✨🌟,😊✨🌈,😌💚🌟,😊😌✨🌟,😊✨🌟💚,😊✨🌈,🌟😊🌈✨,😊💪✨🌈,😊🙏✨,😌✨🌈,🙏😌✨🌟,😊🌟✨🙏,😊✨🌟🌈,🙏✨😌,😊✨🌟💚🌈,✨🌟😌,😊✨🌈💪,😊✨🌈,😌✨🌟🌈,😊✨🌟💚,😊😌🌈✨,😌✨🌟,😊😌✨🌟,😊😌✨🌈,😊✨🌈💚,🌟✨😊🙏,😊😌✨,😊😌✨🌈,😌💪✨,😊💚🌈✨,😊✨🌈,😌💪✨🌈,😊✨💚,🌟✨😊💚,😊✨🌟💪,😊💪✨,😊✨💪,😊😌💪,✨🙏💚,😌💚🌟,😊🌟💪,🌈✨💪🌟,😊😌✨,😊✨🌟,😊😌✨🌈,😊😌🌈✨,😊💚🌈✨,😌💪✨🌟,😊✨🌟💚,😊💪✨🌟,😊✨💚🌟,😊✨🌟💚,😊✨🌟💚,😊✨🌟🙏,😊💚✨,😊✨🌟💚,😊💚✨,😌💪🌈,😊✨🌟💚,😊✨🌟😌,😊💪🌈✨,😊😌✨🌟,😊💪✨🌟,😌✨🌟,😊✨💚😌,😊😌💪✨,✨🌈😊💪",0
n-0594,"😊💪✨😌,😌✨🙏💚,😌💚✨,😌💚✨🌈,😔😞😩,😊💪✨,😢😔😩,😊💪✨🌟,😊😌🌈✨,😊💪✨,😔💔😢😞,😊😌💚✨,😊😌💚🌈,😌💪✨🌈,😊💚🌈✨,😊😌💪🌈,😊😌✨🌈,😊💪✨🌟,😊✨🌈,😌💚🌈,😌💪🙏💚,😊✨🌟💚,😰💀🌑⚠️,😊😌💪🌈,😌💪✨,🚨⚠️🌑😰,😊😌💪🌈,😌💪✨🌈,😊😌💪✨,😌💪🙏💚,😔😞😩💔,😌💪😊✨,😊😌🌈,😌💪💚,😣😖😩😔,😊😌💪🌈,😌✨🌟💚,😰😞😢,😌💪💚,😌💪💚✨,😊😌✨🌟💚,😌💚✨🙏,😊😌💚,😖😩😔,😊💚🌟😌,😌💪😊🌟,😔😢💔😞,😌💪✨🌈,😊🌟💚💪,😣😖😩,😔😞😣😩,😌💪💚🌈,😔💔😞😩,😊😌💚,😰🚨⚠️🆘,😌💪✨🌟,😊😌💪✨🌈,😔💔😢,😊😌💪✨,😊✨🌟💪,😊😌💪,😌💪😊,😣😩😢,😊😌✨🌈,😊💚🌈,😊✨💚,😊😌💚,😔😣😩,😔😣😖😩,😊😌💚🌈,😊💚💪,😊😌💪,😊😌💪,😊😌💪💚,😊😌💪🌈,😌💪🙏💚,😊💚🌟😌,😊😌💚,😊💚🌟😌💪,😊💚🌈,😌✨💚🌟,😊💚✨😌,😌💪🌈,😌💪🌈💚,😊💚✨🌈,😊💚🌈,😊💚🌈,😊💚🌟😌,😊💪✨💚🌈,💚😌🌈✨,😊😌💪🌟💚,💚✨😊💪,😌💪🙏💚✨,😊💚🌈,😊✨💚😌🌟,😞😩😔💔,😌💪🌟🌈,😔😞😣😖,😌💚🌈,😔😞💔😣",0
n-0595,"😊✨🌟🙏,😊😌✨🌈,😊🌟💚,😊✨🌟💚,😊✨🌟💪,😊✨🌟,😊😌💪✨🌟,✨🌟😊💚🌈,😊✨🌟,✨🌟😊💚,😊✨🌟💚,😊✨🌟,😊✨🌟💚,😊✨🌟💚,😊✨🌟💚,😊✨🌟💚",0
n-0597,"😔😢😞😣,🙏💪😌,😊✨🌈,😌✨🌈💚,😌🌈✨💚,😊✨🌈💪,😊😌💚✨,😌✨💚🌈,😊😌✨,💚🌈😊✨😌,😌🌈✨💪,😌💪✨,😩😣😞😔,😊😌💚✨,😌💪✨🌟,😊💚✨,😊✨🌟,😌✨🌈💚,🌈😌✨💚,😊😌💪,✨🌈🙏,😌💪🌈,😊💪✨,😊😌✨🌈,😌✨💚🌈,😊💚🌟🌈😌,😊😌✨,😊✨🌈💚,😌💚🌟,😊🌟🙏,😊😌✨,😊💪🌈,😊✨🌟🙏,😌💪✨🌈,💀😰🆘🌑,😊✨🌈💚😌,😊🌟💚🌈,😊😌✨,😊✨🌈💚😌,💪✨😊🌈,😔😞💔,😔💔😞,😌💪🌈,😌✨🌈💚,😊😌🌟🌈,😌💪✨🌈,😊😌💚✨,😔😞😣😩,😔😞😣,😌💪🌈🙏,😊✨🌈💚,⚠️😰🚨,😌💪🌟🌈,😊😌💪🌈,😌💪🌈,😊😌✨💚,😔😢😣😩,😊✨🌟,😊😌✨,😌💚🌈,🌟💚😊,🙏💚🌈✨,🙏💚✨,😌💚✨,😊💪✨🌈,🙏💚😌✨,😊😌💪✨,😊😌💪✨🌈,😊💚🌈✨,😊💪🌟🙏,😌😊✨,😊✨🌈💪,😊✨🌈💚🌟,😊😌✨,😊💪✨",0
n-0601,"😊🌟🙏💚,😌💪✨🙏,😊💚✨🌟,😊💪✨🌟💚,😊💪✨🌟,😌✨🌈,😊💪🌟,😊✨🌈💪,💪✨😌,😊💪✨🌈,💪✨😊,💪😊😌✨🌈,💪✨😌🌟,💪✨😌🌟,💪😊🌈✨,💪✨🌈😊,💪✨🌈😊,😊💪🌈,💪✨😌,💪✨🌈😊,💚🌟😌,✨💚😊🌟🙏,💚🌈😌💪✨,😊😌💪🌈,😊💪🌟🙏,😊💪🌟💚,😊💚✨,💚✨💪,💚🌈💪✨,💚🌈✨🙏,💚🌈💪,😊💚✨🌈,💚🌟💪😊,😊💪💚🌟,💚✨🙏🌟,💚🌈✨😌💪,😊💪💚🌟,😊😌✨💚🌈,💚💪✨😊🌟,😊✨🌟,😊💪🌟,💚🌟😌✨,😊💚🌈✨,😊😌💪✨,😊💚✨,😊💪✨🌈,💪✨🙏😊,😊🌟💚✨,😊😌💪✨🌟,💚🌈✨,😊💚🌟,😊💪✨🌈,😊💪✨🌈,😊💪🌟,😊💚🌈,😊💚🌟🌈,💚🌟😊💪,😊💚🌟😌💪,😊💚🌟✨,😊💚🌈✨,😊😌💚,😊😌💚,😊😌💚✨🌈,😊💚✨,😊✨🌈💚,😊😌💚✨,😊😌🌟,😊💚🌈,😊✨💚🌟😌,😊💚🌟✨😌,😊😌✨💚🌟,💚✨😊🙏,😊💪✨,🌈💚😌✨,😊💚✨🌟🌈,😊💚🌈💪,😊😌✨🌟,😊💪✨,😊😌💚🌟,💪✨😊💚,😊💪✨🌟,😊💚🌟✨,😊💚🌈,😊💚🌟💪🙏,😌💚✨🙏,😊💚🌟,😊💪🌟💚,💚✨😌🌟😊,😊💚✨,😊💚✨🌈💪,😊💚✨,💚✨😊,😊💚🌟✨,😊💚✨,😊😌💪✨,😊🌟💚✨😌,😊💪✨🌟,😊💚🌟🙏,😊💚✨,😊💚🌟",0
n-0606,"😌💪✨,😊🌟💚🌈,😊💪🌟,😊😌✨💚,😊✨🌟🌈,😊🌟💚✨,😌💚🙏✨,😊😌✨🌈,😊✨🌈,😔😞😣💔,😌✨🌈💚,😌💪🌟,😔😞😣,😊✨🌈,😌✨💪🌈,😔😞😩,😊😌💪,😊🌈✨",0
n-0609,"😊🙏✨🌟💚,😊😌✨🌈,😊✨🌈💪,😌✨🌈💚,😌✨🌟,😊💚✨🌟,😊✨🌟💚,😔😖😩,😔😢😞😣,😌💪🌈,😔😞😣,😔💔😞,😔💔😞😢,😔😞😩,🌑😰⚠️🕳️,😔😞😣😖,😰⚠️😖😩,😔💔😞,😊✨🌟💚,😊💪✨🌟,💪✨🌈😊,😊😌💪,😌✨🌟,⚠️😰🌑🚨,😊✨🌟💚🙏,😌✨🌟💚,😊✨🌟,😌💚🌈🙏,😊✨🌈💚🌟,😊😌✨🌈,😊🌈✨💪,😊😌✨💚🌈,😔💔😞😩,😊😌💚✨,😊💚🌟🙏,😣😩😞😔,😊😌✨🌟,😔😞😢,😌✨🌈,😊😌💚✨,😌💚🌈✨,😊✨🌈💚,🙏😌💚✨,😌💪💚🌈,😌💪🌈,😊✨🌈💪,😊✨🌟,😌💪🌈✨,😊😌✨,😌💪🙏✨,😊✨🌟,😊🌟💚",0
n-0610,"😊✨🌟,🙏💚😌,😊✨🌟,😊🌟💚✨,😔💔😩😞,😌🌈💚,💪😌✨🌟,😊✨🌟💪,😌💪🌟🙏,🌟✨😊,🚨⚠️🆘😰,😔😞😣,😌💚🌈,🌈💪✨😊,😌💪🌈✨,💪🙏🌈✨,😊✨🌈,😊😌✨💚,😣😩😞,😊💚🌈,😌💪🌟🌈,⚠️🆘🌑😰💀,😊✨🌟💚🙏,😊✨🌟💚,😌💚🌈✨,😊😌💚🌈,😊😌💪✨🌟,😊✨🌟,😊😌✨🌈,😊✨🌟💪😌,😊💪✨,😊😌✨🌟💚,💪✨😊,😌✨🌟💚,😌🌈🙏💚,💪✨🌈😌,😊💪✨,😌💪✨🌟,😊✨💪🌟😌,😊😌✨🌟,😊🌟💪✨,😌💚🌈🙏,😌💚🌟,😊✨🌟💪🌈,😊😌✨🌈,😊✨🌟💪,😌🌟💚🌈,😌💪🌈,😌💪🌈,😊✨💪🌈,😊✨🌟,✨🌟😊💚,😊✨🌈💚,😊💪✨,😊✨🌟,😊✨🌈,😊✨🌟,😊😌💪,😊🌟💚,🚨⚠️😰🆘,😊✨🌟,✨🌟😊💪,✨🌟😊💚🌈,😊😌💪🌈,😊😌💪✨,😌✨💚🌈,😊😌✨🌈,🙏💪✨😊,😊✨🌟💪,😊😌🌈,😊😌✨🌈💚,😊✨🌟💪,😊✨🌟💚,😌💪🌟,😊✨🌟",0
n-0615,"😊✨🌟,😌😊🌈✨,😊✨🌟💚,😊✨🌟,😊✨🌟,😊✨🌟🌈,😊✨🌟💪,😊😌🌈✨,😌💪✨🙏,😊✨🌟💚,😌✨🌈💚,😊💚✨🌈💪,😊✨🌟😌💚,💪✨🌟,😌💪✨,😌✨🌈,😌🙏💚,😊✨🌈💪,😊💪✨🌟,😌✨🌟🙏😊,😊✨🌟💚,😌✨💪🌟😊,😊✨🌟💪,✨🌟😊💪,😊💪✨🌈,😊💪✨🌟🌈,😌💪🌈,💪✨🌟,😊✨🌈,😊😌✨🌈,💪✨🌈😌,😊✨🌈😌💪,😊💚✨🙏🌟,😊✨🌈💚,😌💪🌈✨,💚✨😌🌈💪,😊💪✨🌟,😊💚🌟🌈,🙏💚✨😌🌟,😌💪✨,😔😞😣😩,😌✨🌟💚,😊✨💚🌈,😊✨🌟💚,🌈😌💚✨,😊✨💪🌈,😊😌💪🌈,😊💚🌈✨,💪✨😌,😌💪✨,😌✨💚🌈,😊✨🌟,😊✨🌟💚😌,😊✨🌟💚🌈,😊🌟🙏💚,🌈✨💪😊,😊😌✨,😌✨🌈🙏,😊💪✨🌈😌,🌈✨😊💚,😌✨💪,😊✨🌈,😊💪✨🌈,😔😞😣😩,🙏💪🌟🌈,😌💪✨🌈,😌💪✨🌟,😊💪✨🌈,✨💚🌈😊,😊💚✨🌈,😊😌✨🌟,💪✨🌟😊🙏,😌💪✨🌟,😊✨🌟,😊😌💪,😊💪✨🌈,😊😌✨🌈,💪✨🌈💚,✨🌟💪😊😌,😌✨💚🌈,😊✨🌈💚😌,😌✨🌟,😊💪✨,😊✨🌈💚,😊✨🌟💪🌈,😊💚🌟🙏,😌✨🌈💚,😊😌✨🌈,😊✨🌈💚,😊💪🌟,😌💪🌈,💪✨🌈😊,😊✨🌈💚,😌💪✨,😊✨🌈,💪✨😊,😊💪✨,😊💪✨🌟",0
n-0616,"😌💚✨🙏,🌟✨💚😌💪,😊✨🌟💚🌈,💪✨🌈,😊😌✨🌟,😊✨🌟💚🌈,😊💚🌈✨,🌈💚😊✨,😊✨🌟,😊✨🌟💚,😊🌟💚,😊😌✨💚,😔😣😞😢,✨🌟😊💚,😊😌✨🌈,😊💚✨,😊😌💪✨,😊✨🌟💚,😌🌈💚,😊💚✨🌈,😊✨🌟💚🌈,😊✨🌟,😊✨🌈💚,😊✨🌟💚,😊🌈✨,😌💚✨🌈,😌💚🌟,😊✨💚🌟,😊🌟💚,😊😌✨🌈,😊🌟🌈,😊😌💚🌈,😊💚🌈,😊😌✨,😌💪✨🌟,😊💪🌈,😊✨🌈💚,😊✨🌟💚,😌✨🌟,😊✨💚🌟😌,😌💪✨🌈,🌈✨💪😊🌟,😊✨🌈😌,😊✨🌟💚,😊💚✨🌟,😌💪✨🌟,😔💔😢😞,😊💪✨,💔😔😣😖,😊😌💚✨🌈,😊✨🌈,😊😌💪✨,😊💚✨🌈,😊✨🌈💚,😊✨🌈,😊✨🌈💚😌,😌✨🌟,😊✨💚,✨🌟💚😌,✨🌟💪,😔😞😣😖,😌✨💚🌈,😊💚✨,😊✨🌈,✨🌟😌,😊😌✨🌈,😊😌✨🌈,😌😊💚,😊💚✨🌟😌,😊😌✨,😌✨🌟💚,✨💚🌟,😊✨🌟,😊💪🌈,✨💪🌈😊,😌💚🌈✨,😊✨🌈💪,🌟💚😌,😌💪✨🌈,😌💚✨🌈,😌✨🌟💚,😊✨🌟💚,😊😌💪✨🌟,😊✨🌟💚,😊🌈✨,🙏💚✨😊,😊✨💚😌,😊✨🌟💚😌,😊✨🌈,😊💚🌈,💪✨🌟😊,😊😌✨🌟,😊✨🌈💚,🌈💚✨😊🌟,🌈😊🙏✨💚,😊💚✨🙏,😌✨🌟💚,😊😌💚✨🌈,😊😌✨🌈💪,😊😌✨🌟",0
n-0619,"😊😌🌟💚,😊😌💪✨🌟,😊✨🌈,😊✨🌟💚,😊✨🌈,😊✨🌟,✨🌟😊,😊😌💚✨,😊😌💪✨🌟,😊✨🌟,😊🌟💚✨,😊✨🙏,😌💪✨🌈,😊😌✨💚🌈,😊✨🌟,😊✨🌟,😊🌟💚✨😌,😊✨🌟💚,😊😌✨🌟,😊😌✨,💪✨🌟,😊😌✨🌈,😊✨🌟💚,😔😞😣,😊✨🌟💚,😊💪🌟🙏,😊✨🌟,😊✨🌈,😊✨🌟,😊🌟💚,😊✨🌟💚,😊💪🌈✨,😊😌💪✨🌟,✨💪😊🌟💚,😊✨🌟,😊😌✨🌟💚,😊✨🌟💪,😊✨🌟,😊✨🌟,😊😌✨🌈",0
n-0621,"😢😔😞💔,😊😌🌈✨,😊💚🌟,😔💔😞😩,😊✨🌟💚,😊😌💚✨🙏,😌✨🌈,😢😔💔,😊💪✨,😔😞😢,🌟✨💚,✨🌟💪😊,😌✨🌈,😊😌💪🌈,😊😌💪✨,⚠️🆘😰🌑,😌✨🌈,✨😌💚,😔😢😞😣,😌💚🙏🌈,😌✨🌈💚,😊✨🌟💚,😊💪✨🌈💚,🚨🌑💀🆘,😊😌✨🌈💚,😌🌈💚🙏✨,🌈✨😊💚,🌈✨💪😌💚,😌✨💚,😔💔😢,🙏💚✨😌,😔😞💔😣,🌈✨😊💪🌟,🌑🕳️💀⚠️😰,😊💪✨,😔😞💔,😊😌✨🌈,😊😌✨,😊😌✨,😌✨🌟💚,😌💚🙏✨,😊✨🙏,😔😢💔😞,😊😌✨🌈,😔😞😣😩,😊✨🌟,😔😞😣,😔💔😞😢,🌟✨😊💚,😊😌💚🌟,😊✨💪,😌💚✨🌈,😊😌💪✨,😌💪🙏,😊🌟💚✨,😌✨🌟💚,😊😌✨🌈,😊🌟💚🌈,🌟💚😊🌈,😊💪✨🌈,😊✨🌟,😊✨🌟💚,😌💚🌟,😞😩⚠️,😊✨🌟,😊🌟💚,😊😌💪,😊😌🌟,😊💪✨🌟,😌✨🌈💚,🌟✨😌,🌈✨😌💚,😌✨🌈,😌🌟🌈💪,🌈💪😊✨,😊✨🌈💚,😊😌💚,😌💚🌟🌈,😔😞😣,😊✨🌈💚,😊😌✨🌈,😊✨🌟💚,😌🌈💚🙏,😊✨🌈💪,😌✨💚🙏,⚠️🚨💀,😊✨💪🌈,😌💪✨🌈,😊😌💪✨,😊💪✨🌈,😔😞😢😣,😌✨🌈💚,😰🚨🌑⚠️,😖😩😔,😊✨🌈,😊💚✨🙏,😌✨🙏,😊✨🌈,😔😞😣",0
n-0624,"😊😌💪🌈,😌✨🌈,😊🌟💚,😰🌑⚠️🆘,😌✨🌟,😔😞😩,😌🙏💚✨,😊✨🌟💪,😌💚🌟🙏,🙏😌💚,😊✨🌈,😊😌💪,😌😊✨🌈💚,😊😌✨🌈,😊💪✨,😌✨🌟💚,😊✨🌟💚,😊✨🌟💚😌,😊💚🌟✨,🌑😰⚠️🕳️,😊✨🌈,😢💔😞😔,😌💚🌈,😊💪✨,😌✨🙏,🌈✨😌🌟,😊✨🌟💪,😊😌✨🌟💪,😔😌💪,😊✨🌟💚🌈,🌟✨😊💚,😊✨🌈,😌💪🌟,😊😌🌟💚🌈,😊✨🌟💚,💊😰⚠️🆘,😊✨💪🌟,😊😌💪✨,😌💚🌈,🙏✨🌟😊,😌💪✨🌈,😊😌🌟💚,😌💪✨,😌💪✨,😊✨🌈,😊😌✨🌟💚,😊✨🌟🌈,😊😌🌟🌈,😊✨🌟💚,😌✨🌈💚,😊✨🌟,😊😌✨🌟,😊✨💚🌈🙏,😊✨🌟💚,😊✨🌟🌈,😊✨🌈💪,😊✨🌈,😊✨🌟,😌✨🙏,😊✨🌟,😊😌✨💚🌈,😔💔😞,😊😌✨🌟,😊💪✨,😊🌟💚,😊✨🌟💚,😊✨🌟💚,😌💚✨🌈,😊😌✨🌟💚,😌✨🌈,😊✨💚,😊✨💚🌈,😊💚🌈✨,😊✨🌟💪🌈,😊✨🌟💚🌈,😌🌈✨💚,😊✨🌟💚,😊✨🌟💚,😌✨💚🌈,😊😌✨🌈,😊🌟💚,😊✨🌟💚,😌✨🌟💚,😊✨🌟,😊😌✨🌟,😊😌✨🌟,😊😌✨🌈,😊🌟💚🌈,😊✨🌟💚,😊💪🌈,😊💚🌈,😊✨🌈💚,😊✨🌟💚,😊✨🌟💪,😊😌💪✨🌈,😊😌✨🌟,😊🌟🙏,😊✨🌟🙏💚,😊✨🌟🙏,😊✨🌟💚",0
n-0627,"😊✨🌟💪,🌟💪🌈😊,😊✨💪🌈,😌💪✨🌟,😊🌟💪🌈,😌✨💪🌟🌈,😊💪✨🙏🌟,🌟💪😊🙏,😌💪✨,😊💚🌟🙏",0
n-0647,"😌💪🌟🌈,😊😌✨🌟,😔😞😣,😊💪✨,😌💪😊🌈,💪✨😊🌟💚,😊😌✨🌈,😊💪✨🌈,😰🩸⚠️🚨,😌💪✨🙏,😌🙏💚✨,😊💪🌟🌈,😔😢💔😞,😊🌟💚,😌💪🌈✨,😊💪✨🌈,💪✨🌟💚,😊✨💪🌈,😊✨🌟💚,😊💚🌟,😊💪🌈✨,😊🌟💚🙏,😊💪✨,😊💪✨🌈,💪😊🌟😌,😌💪✨,😊💚🌈✨,😌✨🌟,😊😌💪✨,😌💪🌈✨,😊💪✨🌟,😊😌💚🌟,😊✨🌟💪,😊✨🌟💪,😌🙏💚💪,😊✨🌟💪,😊✨🌟,😊😌✨💚,🙏✨🌟😊,😊✨🌟💪,💪😌✨🌈,😊😌💪🙏,😊💪✨🌈,😊🌟💪✨,😊😌✨🌟,💪✨🌈😊,😌💪🌈✨,😊🌟💚,😌💪🌈✨,💪✨😊🌈,💪✨🌈😌,😌💪🌈✨,💪✨🌈😌,😊💪🌈,💪😌🌈,💪✨🌟🌈,💪✨😌,😊😌✨🌈,💪✨😊🌈,💪✨😊🌈,😌💪🌈,😊😌✨🌟,😊💪✨,💪✨😌🌟,💪✨😌,💪😊🌟🌈,💪😌🌟,💪✨🌈,💪✨🌈,😊💪😌,😊💪✨,😊💪✨🌈,😌💪✨,💪✨😌💚,💪✨😌💚,💪✨😌🌟,😊💪✨,💪✨😊,😊😌💪🌈,💪✨😌🌈,😊✨🌟,💪✨😌🌈,💪😊✨😌💚,✨🌟😊💚,😌💪🌈,😌💪🌈✨,😌💪🌈✨,😌💪🌈",0
n-0650,"😊💚🌈✨,😊😌💪🌈,😊🌟💚✨,😔😞😢,😊😌✨🌈,😊😌✨🌈,😌💚🌈,😊✨🌈💪,😔💔😞😢,💔😔😞,😊🌈✨💚,😊😌✨🌈,😊✨🌟💚,😊✨🌟💚,😔😞😩,😊✨💚🌈,😊🌟🌈,😊🌟🌈,😔😞😩,😔😞😩😣,😊✨🌈💪,😊💚🌈✨,😊✨🌟💚,😊😌✨🌟,😊😌🌈💪✨,😌💚🌟🙏,💪✨🙏💚,😊😌✨🌈,😊✨💪🌈,💚😊✨🙏,😌✨🌈,😊😌💪🌈,😊🌟💚✨,😊😌💚🌟,💚🙏✨😌,😞😔😣😩,💚🙏😊🌟,😊💪✨🌟,😌💪✨🌈,😊🌟✨,😊😌💚🌈,😔😞😢😣,😊😌✨🌈,💚🌈✨,😊😌💪🌈,😊💚✨,😌💪✨🌈,😊✨🌈💚,😊😌✨🌈,💔😔😞😣,😊💚🌈,🌈💚✨😊😌,😊😌✨🌈,😊✨🌟💚,😌💪✨🌟,😊✨🌟,😔💔😞😣,😊✨🌈,💚✨😌💪🌈,😊😌💚🌟,😊💚✨🌟,😊😌✨🌈,😊😌💪✨,😊✨🌟,😊💪✨🌟,😊😌✨🌟,🚨😰🆘,😊🌟💚😌🌈,😊😌💚🌈,😊😌💪,😊😌✨🌈,😊🌟💚✨,😊😌💪✨,😊🌈✨💚,😊💚🌟,😔😖😩,😌💪✨🌈,😊💚🌈✨,😊✨🌈💚,🌟✨😊,😊💚🌟,😊😌✨🌈,😊✨🌟💚🌈,😊💪✨🌈,💚✨🙏,😌🙏💚🌈,😊😌🌟,😊😌✨💚,😊😌✨🌈,😊💚✨🌟,😌💚🌈✨,😊💚✨🌈,😊😌💚,😊💚🌟,😊🌟💚,😊😌✨🌟💚,😊😌✨🌈,💔😔😢,😊💚🌈,💔😔😞😣",0
n-0652,"😊😌💪✨🌟,😊✨🌈,😊💪🌈✨,😊✨🌟,😊🌟💚,🙏💚🌈,😊😌💪✨🌟,😊😌💚✨🌈,😊💚🌟😌,😊💪✨,🌈💪😌✨,😊💪✨,😊💚🌈✨,😌💪🙏💚,😊😌💚🌈,😌💪🌈,😊🌟💚,😊🌟💚✨,😊😌✨,😌💪✨🙏,😊💪🙏✨,😊✨🌟,🌟💪😊🌈,😊✨🌟💪🌈,😌🙏💚,🙏💚🌈✨,😌💪🌟🌈,😊💚🌈🙏✨,😊✨🌈💚,😌💚🙏🌈,💪✨🌟🙏,😊😌💚✨,😊😌💚,😊😌💚,😊😌💚🌈,😊😌💚,😊😌✨🌈,😌💚🌟💪,😌💚🌟,😔😞😣😩,😊✨🌟💪,😊💪✨,😊🌟💪✨,😊✨🌟",0
n-0654,"😊😌💪🌈,😊😌🌟🌈💪,😌✨🌈💪,💪🌟🌈😊,🙏✨😌🌈,😌💪✨🌈,😊🌟🙏💚,😔😞😣😩,😊😌✨🌟,😊😌✨🌈,😔😞😩😣,😊✨🌟,😊💪🌈💚,😊💪✨,🙏💚✨,😔😣😩,😊✨🌈💪,😊💪✨🌈,💪✨🌈,😊😌💚✨🌈,😊💚🌈,💪🙏🌈✨,😔😞💔😣,😊💚✨,🌈✨😌💚,😊✨🌈,😌💪🌟✨,😊💚🌈✨,😊✨🌟,💚✨🌈😌",0
n-0655,"😊✨🌟💚,😊✨🌈,😊✨🌟💚,😊😌🌈,😔😞😢😣,😊✨🌟💚🌈,😌🙏💚✨,😌✨🌟💚,😊💪✨,😊✨🌟💚,😔😞😣😖,😊😌💪,😊😌✨🌈,😊✨💚,😊😌💚,😊💚🌟💪,😊😌✨🌈,😊✨🌟🙏😌,💪✨🌟🌈,😊😌✨,😌✨🙏💚,😊✨🙏💚,😊😌✨🌟,😊💚✨🌈💪,😊✨🌟💪,😊😌✨🌈,💪✨🌈💚,😊✨🌈💚,😊💚🌟,😊😌✨🌈,😊✨🌟💚,😌💚🌟,😊✨🌈,😌💪🌟,🙏💚🌈😌,😊😌✨🌈,😊😌🌈,💪✨🌟🌈😊,😊😌💪✨,😊💪✨,😊💪✨💚,😊😌✨🌟💚,✨😊🌟💪,😌💪🌟,😌💪✨,😊✨🌟💚,😊😌💪✨🌟,😊💚✨,💪✨😊🌟,😊✨🌈😌,😊😌✨🌟💚,😊😌✨,😌💪🌈,😊🌟💚✨😌,😊💪✨,😊😌💚✨",0
n-0656,"😊✨🌈💚,😊💪🌈,😔😞😩😢,😊😌✨🌈,😊😌✨🌟,😔💔😢,😔💔😞,😔💔😞,😌💪✨🌈,😌💪🌟🙏,😌✨🌈💪,💪✨🌟😊,😊😌✨🌈,😌💪🌈,😌💪✨🌈,😔😞😣😩,😊😌🌈✨,😔💔😞😣,😔💔😞😩,😌💪🌈✨,😔😞😣😩,💔😔😞😢,😊✨🌈💪,😔💔😞,😰🌑⚠️💀,😌💪🌈,🕳️💀🚨😰,😊😌✨🌟💪,💔😔😞😢,😞💔🌑⚠️,💔😖😣😔,😊💚🌟✨,😊🌈✨💪,😔😞💔,😊💪✨🌈😌,😌💪✨🌈,😌✨🌈💚,😌✨🌟,🌈💪😌✨💚,😔💔😞😩,💔😔😞😣,😔💔😞😢,😌💪✨🌈,😊✨🌟💪,😊😌✨🌈,😰🌑⚠️🚨,😊😌✨💪,😔💔😞😢,😔💔😣,😔😢😣😞",0
n-0657,"😊✨🌟💪,😊✨🌈,😊✨🌟💚🌈,😊✨🌟💪🙏,😊✨🌟💪🙏,😊💪✨,😊✨🌈,😔💔😞😣,😊✨🌟💚,😊✨🙏,😊✨💪🌟,😊✨🙏💚🌈,😊✨🌟💚,✨🌟💪🌈,😊💪🙏,💪🙏🌟✨,😊🌟💚,😊😌💪✨🌟,😊🌟💚✨,😊💪🌟,😊✨🌟💚,🌟💚😊,😊🌟💚,😊✨🌟💚,😊✨🌟💪,😊🌟💚,😊💪🌟,😊😌💪,😊✨🌟,😊🙏✨,😊😌💪✨🌟,😊🌟💪🌈,😊✨🌈,😌💚🌟,😌💪✨🌈,😊😌✨🌟,💪🙏✨🌈,🙏💚🌟💪,😊✨🌟💚,😊💚✨,😊💪✨🌟,😊💪🌟🙏,😊✨🌈💚,😊😌✨🌈,🌟💪😌🌈,😊💪🌈✨,😌🌈💚✨,🙏💪🌟💚,😊✨🌟,😌💪🌟💚",0
n-0658,"😔😞😣,😊✨🌟💚,😔😢😞😣,😔😞😩,😊✨🌈😌,😊🌟💚✨,😊✨🌈💚,😌✨🌈💪,😊✨🌟💪🌈,😊✨🌟💚🙏,😊😌✨🌈,😌🙏💚✨,😊😌💪🌈,😊😌✨🌈,😌✨🌈💚,😌💪✨🌟,😌💪✨🙏,😌💪🌈✨,😊😌💚🌟,😌💪🌟🙏,😌💚🌟,😔😢😞😣,😊😌✨,😊😌✨,😔😞😣😩,😊✨🌟,😊😌✨🌟,😊✨🌟,😌💪✨🌈,😌💚🌟🙏,😌💚🌈,😊💪✨🌈,😊💪🌟,😌💚🌈,😊😌💚🌈,😖😩😔,🌈✨😌💚,😌✨🙏🌈,😊✨💪🌟,😌💪🌟,😊😌🌈✨,😊✨🌟💚,😊😌✨🌈,😌💚✨🌟,😊✨💚🌈,💚🌈😊✨,😔💔😞😢,💪✨😊🌟💚,😔😢😩,😔😢😞😣,💪✨🙏,😔😞😣,💪✨🌈😌,💪✨🌟🙏😊,😊💪🌈,😌💪✨🌈,😌💚🌈🙏,🙏💚😊✨,😔😞😣💔,😊✨🌟,✨🌟😊💚,😊✨🌈💚,😊💚🌟,😊💪✨,😊💪✨,✨😌🌟",0
n-0661,"😌💪🌈💚,😊🌟💚,😊✨🌟,😌💪✨🌈,😊💪✨,😊💪✨🌈,😊😌🌈✨,😞😩😔,😔😞😩,😌💪🌟🌈,😌💪🌈🙏,😊✨💚🌈,🌟💚🙏,✨🌟😊😌💚,😊✨🌈💪,😊✨🌟💚🌈,😊💚✨🌈😌,😌🙏✨,😊💪✨🌟,😊✨🌈💚😌,😊🌈✨,😊🌟💚,😊😌✨🌟💚,😊✨🌈,🌟🙏😊💚✨,😊✨🌟🙏,😊😌💚🌈,🌟💚🙏,😊✨💪,😊✨🌈,😊✨🌈💚,😊💚🌟🙏,😊✨🌈💚,✨🌟😊🌈,😊✨🌟💪,😊💪✨🌈,😌✨🌈💚,😔😞😩😢,😊✨🌟,😊😌✨🌈,😔😢😞,😊💚✨,😊💪🌟,😊✨🌈💚,😌🌟💚🌈😊,😊😌💚🌟,😊😌💪🌈,😊🌟💚😌🙏,😊✨🌟💚,😊😌💪✨,😊😌🌈,😊😌✨,✨🌟💚🌈,😌💪✨🌟,😊🌈💪✨,😌✨🙏,😊✨🌈💚,🙏✨🌈💚,😊😌✨,😊😌✨🌈,😊💪✨🌈,😊😌✨💚,😊✨🌟,😊✨🌟💪,😔😞😢😣,😊🌈✨💚😌,😊✨🌈💚,😊✨🌈💚,😊🌈✨💪,😌💪✨,😊🌈💚,😊✨💚🌈,😊✨🌈,😊😌💚,😊🌟🌈💚,😊😌✨,😊😌💪✨,💚✨😌,😊💪✨🌈,😊😌✨🌈,😊🌈✨💚,😊✨💚😌🌟,💚🌈✨😌,😊😌🌟,😊✨🌟,😣😖😩,😌💪✨,😊💚✨,😊😌💚✨,😊😌🌈✨,😊😌🌟,😔😞😢,😊😌✨🌈,😊😌🌈💪,😊🙏💪✨,😌💪🌈,😊✨🌟💚,💪✨😌,😔😞😣😖,😊🙏💚🌟",0
n-0663,"🌑🕳️💀😰,✨🌟😊🙏,😊😌💪✨,😊😌✨🌟,😊💚🌈,😊😌💪✨,😊😌💪✨,😊😌💪✨,😊😌💚,😊💪🌈",0
n-0668,"😔😞😣,😌✨🙏,🙏💪✨💚,😔💔😢,😌💪✨🌈,😊😌💪✨,😔😞😣😖,😌✨🌈,😌✨🌈💚,😔💔😞😣,😔😞😣😖,😊✨🌟💚,😊✨🌟,😊✨🌟💚,😊✨🌟🙏,😊✨🌟,😊✨🌟,😊✨🌟💚,😊😌💚✨,😊🌟💚✨😌,😊💪💚✨,🆘🚨⚠️😰,😊✨🌈,😔💔😞,😌💚✨🌟,😔😞💔😣,🌈💪✨😌,😌✨🌈,😌💚🌈,😊😌✨🌟,😌✨💪🌈,😌💪✨,😌✨🙏💚,🌑😰⚠️🕳️,🙏💚✨😌,💚🌈✨😌💪,😔💔😞😢,⚠️😰🆘🌑,😔😞💔,😔😞💔😢,😌✨🌟🌈,💚✨🌈🙏,😔😞😣,😌💪🌈✨,😌💪🌈✨,😌🌈💚✨,😊😌✨🌈,😔😞💔😢,💔😔😞😢,😊✨💚,😊💚🌈✨,😊😌✨🌟,✨🌟💪,😌💪✨🌟,😌💪🌈✨,😊😌💚✨,🌟💚😌✨,😊✨🌟🌈💚,😌🌟💚,😔😢💔😞,😔😞💔😣,🌈💚✨😌,😌✨🌟💚,😌💪✨🌈,😌✨🌈💚,😌💪🌟🌈,😌💚✨🌈,😔😞😣😩,😌💚🌈✨,💚🙏😌✨,😊💪🌟🌈,😊💚🌟,😊🌟💪✨,😊😌✨🌈,😊💚💪✨,😔😞😩",0
n-0676,"✨🌟😊💚,😊💪💚🌈,😊😌💚🌟,😊💚✨🌈😌,😊💚🌈,😊💚🌈✨,😊💚🌈✨,😊💚🌈,😊💚🌟,😊💚🌈✨,😊💚🌟,😊💚✨🌈💪,😊💚🌈✨,😊💚🌈✨,😊💚🌈,😊💚🌈,😊💚🌈✨,😊💚🌈,😊💚🌟,😊😌💚🌈,😊💚🌈✨,😊💚🌈,💪✨💚😌🌟,😊💪💚🌟,😊💪🌈✨,😊💚🌈✨,😊💚🌟😌💪,😊💪🌈,😊🌈💚,😊💚🌈✨,😊💪✨🌈💚,😊💚🌈,😊😌💚🌈,😊💚🌟🙏,💚🌈✨,😊💚🌟🙏,😊💚🌈✨,🌟💚🙏,😊💪✨🌈,😊💪✨🌟,😊😌💪,💚🌟🙏✨,😊💚🌈✨,😊💚🌈✨,💚🌟😊🙏,😊💚🌟,😊😌💪🌟,😊😌💚🌈,💚✨😊🙏,😊💚✨🌟,😊💚🌈✨,😊😌🌟,😊😌💚✨,😊💚🌟,😊💚🌟✨😌,😊💚🌟🌈,😊💚✨😌🌟,😊💚🌈✨,😊💪🌈,😊💚🌟💪,😊💚💪🌈,💚✨😌🌟,😌💪✨🌈,😊💪💚🌈,💚✨🌟💪😊,😌💚✨,😊💪✨🌈,😌💪🌈,💚🌈😌💪✨,😊💪🌟🌈,💪✨🌈💚😌,😌💪✨🌈,😊💚🌈✨,🌟💚😊💪,😊💪🌟,😌💪✨🌈,😊💪🌈,💚🌈✨🙏,😊💪✨🌈,🌟💪💚✨,😌💚✨🌈,😌💚🌈,😊💚✨🌈,😊💚🌟😌💪,😊💪💚✨,😊😌💪,😊💚🌈✨,😊💪🌈,😊💪💚✨,😊💚✨🙏,😊💪🌟💚😌,😊💚🌟,😊💚✨,💚🌈💪✨,😊💚🌈,😊💚🌟,😊💚🌈✨,💚🙏✨😊,😊💪🌟💚,😊😌💪✨",0
n-0684,"😊✨🌈,😊✨🌟💚",0
n-0688,"😌✨🌟,😊😌✨,😊😌🌈✨,😊😌✨🌈",0
n-0691,"😊✨🌟,😊😌✨🌈,😊😌💪🌈,😌💪🌟💚,😊✨🌈,✨💪🌈,😌💪✨🌟,😌💪🌟✨,😔😞😢,😊💚✨,🚨😰🌑⚠️,😊😌✨💪,🚨🆘😰🌑,😊🙏💪,😊😌✨💚,😔😞😣,😊🌟💚😌✨,😊✨💚😌,😊😌💚,😊😌💪,😊✨🌟💚,😊😌✨🌟💚,😊😌💚,😊💪🌈,😌✨💪🙏,😊✨🌟💚,😊✨🌟🌈,😊✨🌟,😊✨🌟💚,😊✨🌟💪,😊✨🌈💪,😊🌟💪✨,😊✨💚🌟,😔😣😩,😊😌💪✨,😊🌟💚,😊😌💪✨,😊😌💪,😊😌💚,✨💪😊🌟,😊💪✨🙏,😊😌💚✨🌈,💚✨💪🌟😊,😌💪🌈💚,😊✨🌟,😌💪🌈,😊😌✨,😊😌✨🌈,😊😌💪✨🌟,😊😌✨,😊🌟💚😌,😊😌✨💚,😊✨🌈,😊😌✨,😊✨🌟💚🙏,😊✨🌟💚,😊✨🌟,😊✨🌟,💪✨🌟💚,😊✨🌟💚",0
n-0692,"✨💚😊🌟,😊😌✨💪,😔💔😢😞,💪✨🌟,😌💪✨🌟,😌💪✨,😊😌🌈,😊💚🌟,😊🌟💚✨,😊🌟💚",0
n-0703,"😌💪🌟💚,😊😌💪🌟,😊😌✨,😔😞😌,😊✨🌟,😌💚🙏✨,😌🌟💚,😊🌟💚✨,😊😌💪✨🌟,😔😞😢💔,😊✨💪,😌💪🌈,😔😞😩😣,😊😌💪,😔😞😣,😊✨🌈💪,😊😌✨🌟,😔😞😣,😊😌✨🌟💚,😊😌💪✨🌟,😊😌✨,😊🌈💪✨,😊😌💪,😊😌🌈,😊✨🌟💚,😊😌✨💪,😊✨😌💚,😊😌✨🌟",0
n-0709,"😊💚🌟✨,😊💪✨,💪✨🙏🌈,🚨💀⚠️😰,😊💪✨,😊😌💪✨,😊😌✨🌟,💪✨🌟🙏,😊💪✨🌟💚,😊😌💪🌈,😊✨🌟,😊🌟💚✨💪,😊💪✨🌟,🌟✨💪,🌟💚😌✨,😊✨🌟,😊✨🌟💚,😊✨💪🌟,😊💪✨,😊💪✨🌟🌈,✨💪🌟😌,😊✨🌟,😊🌟💚,😊✨🌟,😊😌✨,😊✨🌟💚🙏,😊✨🌟,😊✨🌟,😊💪🌟,😊✨🌟💚,😊💪✨,😊✨🌟💚😌,😊💚🌈,😊✨🌟💪🌈,😊✨🌟,✨🌟💪😌🌈,😊💚🌟,✨🌟😊,😊😌✨🌟💚,😊✨🌈💪,😊😌💚,😊💪✨,😊✨🌈,😊😌💪🌟,😊😌✨🌈,😊✨🌟💚,🙏💚🌈✨,😊💚🌈✨,😊💪✨,😌💪🌟,😌💪🌈,😊😌✨,😌💪✨🙏,😊✨🌟,😊💪✨🌟,😊💪✨,😊✨🌟,😊✨🌈,😊🌟💚🌈,😊😌💪✨,💪✨🌟,😊😌✨🌟,😊✨🌟,😊😌💪,😊🌟💚😌💪,😊✨🌟,😌💚🌟,😊😌💪✨,😊✨🌟💚,😊🌟💚,😊💪✨,😊😌✨🌟💚,😊✨🌟,😌✨🌈,😊😌💪✨,😊✨🌈💚,😊💚🌈✨,😊😌✨,😊💪✨,😊😌✨🌈,😊✨🌟💪,😊💪✨🌈,😊✨🌟,😊🌟💚,😊✨🌟,😊✨🌟,😊😌🌟💚,😊😌💪✨,😊😌💚,😊💪✨🌈,😊✨🌟💚,✨😊🌟,😊😌💪✨🌟,😊😌✨🌟💪,🌟✨😊,😊✨🌟,😊😌💪,😊💪🌈✨,😊💪✨🌈,😊✨🌟",0
n-0710,"😊😌💪🌈,😊✨🌟🙏💚,😌💪🌟,😔😞😩,😊😌✨🌈,😊😌✨,😔😞😩,😊💪✨🌈,😊🌟💚🌈,😌✨🌈💪,😊😌✨,😔😞😩,😞😖😣😩,😊😌✨🌟,😊✨🌈,😊😌💚🌟,😊✨🌟💚,😊😌💪🌈,😊😌✨🌈,😊😌✨🌈,✨💪😊🌟,😊😌✨,😌💪🌈,🙏✨💚😊🌟,😌✨💚🌈,😊✨🌟,😊✨💪,😰🌑🕳️,😊💪✨🌟,💪✨🌈😊,😊✨🌈,😊✨🌈💚,😊😌💚,⚠️😰🌑🚨,😊💚🌈✨,😊🌟🌈,😌💚🌈✨,⚠️😰🚨,😊✨🌈,😌💪✨🌈,😊😌✨🌈,😌💪✨🌟,😊💚🌈,🙏✨💪😊,😌💪🌟🙏,🙏✨💚🌈,✨🌟😊,🌟✨💚,🌟💚😊,😌🙏💚🌈,🌟🙏😌💪,😌✨🌟,🌈💪✨,😊✨💪,😊✨🌟💚,🌈💪🙏✨,😌✨💚🌟,😌🌟💚🙏,😌✨🌈💪,😌🙏💚,😊✨🌟🌈,😊✨🌟,😌💪✨,😊✨🌈,😊💪✨🌟,😔😞😩😣,😊💚✨,✨🌟💚😊,😊😌💚✨,😊😌🌟,😊✨🌟💚,😊💪🌈,,😌💚🌟✨,😊💚🌈,😊😌✨💚🌟,✨🌟💚😌,😊💚🌈,😌💪🙏,💪😌✨,😊💪✨🌟,😊😌✨🌈,😌💚🌟🙏,😌✨🌈,😌🌈💪,😊😌✨,🌈💪✨💚,😊✨💚🌟,💪✨🌟😊,😔😣😞,🙏💚🌟,😊✨🌟💚,🌑🆘⚠️😰,😌💪🌈",0
n-0722,"😊😌💪🌈,😔😞😣,😊🌟💚✨,😌💪🌟🌈,😊✨🌈💚,😊🌟🙏,😊😌💪✨🌈,😊😌✨🌈,✨🌟😊,😊✨🌟",0
n-0730,😊💪✨,0
n-0732,"😊😌💪✨,😊😌🌟✨,😊😌🌟🌈,😌💪🌈,😌🙏💚,😊✨🌟🙏,😊💪✨🌈,😊🌟💚🙏,😊💪🌟🌈😌,😊✨🌈,😊😌✨🌟,😊😌🌟🌈,😊✨🌈,😌🌈✨,😊🌟🌈,😊✨🌈,😊✨🌈💪,😌✨🙏💚,😊💚🌟✨,😊💚🌈✨,🙏✨💚🌟😌,😊😌✨🌈,😌✨💪🌟,😊😌✨🌈💚,💪😌🌈✨,✨🌟💪🌈,🌈😊😌,🌟💚🌈,😊💪🌟,😊🌟🌈💚,😊🌈✨,😊✨🌟💚,😊😌💚✨,😊🙏🌟,😊🌟🙏✨,😊✨🌟,💪🌈😊✨,😊💚🌈,😊🌈✨💚,😊💪✨,😊😌✨🌈💪,😊✨🌟💚🌈,😊✨🌈💚,😊✨🌈💪,😊✨💪🌈,😔💔😞,😊✨🌟,😊✨🌈💪,😊🌈✨😌,😊😌💪✨,😊✨🙏💪,😊✨🌟💪,😊😌✨,😊✨🌟💚,😊💪🙏✨,😔😢😞💔,😊🌟🙏✨,😊😌✨🌈,😊🌟🌈,😊😌🌟🌈,😊😌✨,😊💪✨🌟,😊✨🌟,😊✨🌟🌈,😊💪🌈✨,😔😞😣,😊💪🌈,😊🌟✨🌈,😊💚🌟🌈,😔😞😢,😔💔😞😣,😊💪✨🌟,😌✨🌈💚,😌🙏💚✨,😊💪✨🌈,😌💪✨🌈,😊😌✨🌈,😊✨🌈💚,😊💪✨🌟,😊✨🌈💪,😊✨🌈💪,😌🌟🌈💚,😊😌✨🌈,😌✨🌈💪,😰🌑⚠️💀🕳️,🌟💚🙏,😊✨🌈💪,😌💪🌟,😊🌈✨,😊🌈💪✨,✨🌈😊🌟,😌✨🌈💚,😊✨🌈,😌🌈💚✨,😌✨💚🌈,😊😌✨🌈,🌟✨😊💚,😊✨🌟😌",0
n-0739,"💪😌🌈,💪😌✨🌈,😌💪🌈,😌🙏✨🌈,😔😞💔,😌🙏✨🌟,😔💔😞😣,😌💪✨🌟,😔😞😩,💪✨🌟🌈,😔💔😞,🌑💀😰🩸😔,😊😌✨🌟,🚨💀😰🆘,😊😌🌟,😊😌✨🌈,😊😌✨🌈,😊😌✨🌈,😌🌈✨💚,😊😌🌟🌈,😊✨🌟💚,😊😌💚,😌🙏🌈✨,😌✨🌈,😔😞💔😢,😊😌✨🌈,😊✨💚🙏🌟,😊💪🌈,😊😌💪,😊💪✨,😊😌💚,💪🌈😊✨,😌✨🌈,😊😌💚🌟🌈,😊😌✨🌟,😌✨💚,😊🌈✨😌,😌✨🌈,😊😌🌈✨,😊😌✨,😌💪🌟,😊😌✨,😌🌈💚,😊😌✨🌈,😊😌💪✨🌟,😊🌟💚✨🙏,💪✨🌈😌,😊😌💪🌈,😌💚🌈,😊✨🌟,😊💚✨,😌💪🌈,😌🌟💚,😊💪✨🌟,😊✨🌟,😌✨💚🌈,😊✨🌈,😊✨💚🌈,😌✨💪🌈,😊😌💪,😌💪🌟🙏,😊😌💪🌈,😊😌💪✨,😌💪🌈,😌💚🌈,😌💪💚🙏,😔😢😞😣,😊😌🌈,😌💪🌈,😊🌟🌈,😊😌🌈,😰🌑🆘⚠️,😞😣😖😩,😌✨🌟💚,😊😌💪🌈,😌✨🌈,😊✨🌟💚,😊😌💪🌈,😌💪✨🌈,😌💪✨🌈,😌💚🌈,😌💪🌟,😌💚✨🙏,😌✨🌟💚,😌💪✨🌟,😊😌💪,😊😌✨🌟💚,😊💪✨🌟😌,😊😌💚✨,😊😌✨🌟,😊😌✨🌈,😌💚🌈✨,😌✨🌟💚,😊🌈✨🙏,😌💪🌈,😌✨🌈💚,😌✨🙏,😔😞💔😢,😔😞💔,🌑🕳️😰",0
n-0745,"😊💚🌟,😔😢😞😣,😊😌✨🌈,💔😔😞😣,😊✨🌟,😌😊💪,,😊✨🌟,😊✨🌟💚,😊🌟💚🌈,😌✨🙏💚,😊✨💪,😰🌑⚠️🕳️,😌✨🌈,😌💪✨🌟,😌💪🌈,😖😩😣,😌💚🌈,😌💪✨🌟,😊✨🌈,😊✨🌟💚,😊😌✨🌟,💪✨🌟😊,😊✨🌟💪,😊💪✨,😊✨💚,😊🌟💚,😊✨🌟💚,😊😌💚🌟✨,🌟✨😊🙏💚,🙏💚🌈💪,😊✨🌟💚,😊✨🌟,😌✨🌈🌟,🙏✨😌,😊😌✨🌈,😊✨🌟💚🌈,😊✨🌟,😊✨🌟,😊✨🌟💚🌈,😌💪🌈,😊💪✨🌟🌈,😊✨🌟💚,😊✨🌈,🌑😰⚠️🕳️,😔😞😣😩,😊🌈✨,😌✨🌈💚,😊✨🌈💪,🚨💀🌑⚠️,😊💪🌟,😊🌟💚,😊😌🌈✨,😊✨🌈,🙏✨🌟😌,😊✨🌟,😊✨🌟🙏💚,😊✨🌟💚,😊🌈💚,😊✨🌟,😊✨💚🌟,😊✨🌈,😊🌟💚,😊💚🌈✨,😌✨🌈,😊😌✨💪,😔😞😣😖,😌✨🌈,😌😊✨🌈,😊🌟💚✨,💔😔😞😢,😊✨💪,😔💔😞😣,💀⚰️🆘🚨,😊💚🌟,😊😌✨,😊✨🌈,😔😞😣,😌💪✨🌟,😊😌💪,😊💪✨🌟,😊😌💚🌈,😌💪💚🌈,😌💪✨,😊😌🌈✨,😌💪✨,💔😔😞😣,😊💚🌈,😊💪✨🌈,😊💚✨🌈,😌😊🌟,😊✨💚🌟,😊😌✨🌟💚,😔💔😞😢,😔😢💔,😌💚🌈,😊✨🌈,😊✨🌈",0
n-0747,"🙏💚✨😊🌟,😊✨🌟💚,😊✨🌈,😌💪✨,😊😌💪✨,🌟💪🙏🌈😊,😊✨🌟💚,😊✨💪🌟,😊✨💚,😊🙏✨💚",0
n-0748,"😊🌟💚,😔😞😣,🚨⚠️😰🌑,😔😞😣😩,😔😣😞💔,😌🙏💚✨,😊😌✨🌈,😊💚🌈✨,😊💪✨,😊💚🌈,😊😌✨🌈,😊✨🌟,😊✨🌈💪,💪🙏💚🌟,😊💪🌈✨,😩😞😔,😔😣😩💔,😊😌✨,✨💪😌,😌💪🌈💚,😔😣😖😩,😌✨🌈,😊🌈✨😌,💪😊🌈,😌✨🙏💚,😊💪✨🌈,😊🌟💚,😔💔😞,😌💚🌟🙏,😊✨🌈💪,😊😌💪✨,😌💪💚🌈,😔😞😢😣,😊😌✨🌈,😌✨🌈,😊😌✨🌈,😊💚✨,😌💪🌈✨,😊😌✨🌈,😊😌✨,😊😌💪✨🌟",0
n-0755,"🌟💚😌💪,😊💚🌟,😔💔😞,😌💚🌟✨,😊✨🌈,😊😌💪,😔💔😞,🙏💚✨😌🌟,😌🙏✨💚,😌✨🌟,😌✨🌟,😊😌✨",0
n-0768,"😊✨🌟,🌟✨😊,😊😌💪✨,😊✨🌟,😊✨🌟,😊💪✨🌟,😊✨🌟💪,😊✨🌟💪,😊✨🌟,😊✨🌟🌈,😊✨🌟,😊✨🌟💚🙏,😊😌💪✨,😊💪✨🌟,🌟✨😊💚,😊✨🌟,😊😌✨🌟,😊😌✨,😊😌💪✨,😊✨🌟💚,😊✨🌈😌💚,😊✨🌟💪,😊✨🌈,😊✨🌟💚,😊😌✨🌟,😊✨🌟,😊✨🌟💪,😊✨🌟💪,😊✨🌟,😊✨💪🌟,😊✨🌟,✨🌟😊💪,😊✨🌟💚,😊✨🌟,😊😌✨🌟,🌟✨😊💪,😊✨🌟💪,😊✨🌟💚,🌟✨💪,😊😌✨🌟,😊✨💪🌟,😊✨🌟💚,😊✨🌟💚😌,😊✨🌟💚,😊✨💪,😊🌟💪,😊✨🌟💚,😊✨🌟💪,😊✨💚😌🌟,😊✨🌟,😊✨🌟💪,😊✨🌟💪,😊✨🌟,😊✨🌟💚,😊✨💚🌟,😊😌✨🌟,😊✨🌟,😊✨🌟💚🌈,😊✨🌟💪,😊✨🌟,😊✨🌟💪🌈,😊✨🌟💪,😊✨🌟,😊✨🌈💪,😊✨🌟,😊✨🌟,😊✨🌟,😊✨🌟,😊✨🌟💪,😊✨🌟💚,😊✨🌈,😊✨🌟,😊✨💪🌟,😊✨🌟💪,✨🌟💪,✨🌟💪😊🌈,😊✨🌟,😊✨🌟,😊✨🌟,😊✨🌟💚,😊💪✨🌟,😊✨🙏💚,😊✨🌟,😊😌✨🌟,😊✨🌟,✨😊🌟,✨🌟😊,😊💪✨🌟,😊💪✨🌟,😊✨💚🌟,😊✨🌟,😊😌✨🌟💚,😊✨🌟,😌💚✨,😊✨🌟,💪🙏✨💚,😊✨🌟,😊💪✨,😊✨🌟,😊✨🌟",0
n-0770,"😊💪✨🌟,😊💪🌟🙏,😊✨🌟💪,😊🌟💪,😊🌟💚,😊✨🌟,😊😌✨🌈,😊✨🌟💚,😊🌟✨💪🌈,😊✨🌟,😊✨🌈,😊😌✨,😊✨🌟💚,🌟😊✨💪,😊✨🌟💚,😊✨🌟,✨🌟😊🌈,😊😌✨🌟💪,😊✨🌟💚,😊✨🌟💚,😊✨🌟💚🌈,😊✨🌟💚,😊😌✨🌟,😊✨🌟💚🙏,✨🌟😊💚,🌟✨😊,😊✨🌟💚🌈,😊✨🌟💚,😊✨🌟🌈,😊✨🌟💚,😊✨🌟,😊😌💚✨🌟,😊✨🌟,😊✨🌟,😊✨🌟💚,😊✨🌟,😊✨🌟💚,😊✨🌟💚,😊✨🌟💚,😊🌟🌈,😊💪✨🌟,😊✨🌟,😊✨🌟💪,😊✨🌟,✨🌟😊💚🌈,😊✨🌟💚,😊🌟💚,😊😌✨🌟,🙏✨😊,🙏✨🌟😊,😊✨🌟,😊✨🌟,😊✨🌟,😊✨🌟,😊✨🌟,😊✨🌟💚,😊✨🌟,😊💪✨🌈,😌💪✨🌟💚,😊✨💚🌈,😌✨🙏,😊✨🌟,😊✨💪🌟,😊✨🌟💪,😊😌✨,😊✨🌟,😊✨🌟,😊🌟💚,😊✨🌟💚,😊✨🌈,😊💚🌟,😊✨🌟💪🙏,🌟💚🙏✨,😊😌✨🌟,😌💪✨🌈,😊✨🌟💚,😊✨🌟,😊✨🌟💪,😊✨🌟,😊✨🌟,😊💪✨🌟💚,😊✨🌟💪,😊✨🌟💪,😊🙏✨,😊✨🌟💚,😊😌✨🌈,😊✨🌟,😊✨🌟,😊✨🌟💚,😊✨🌟💪,😊✨🌟💪,✨🌟😊💚,😊😌✨🌈,😊🌟💚,😊😌✨🌈,😊✨🌟💚,😊🌟💚",0
n-0779,"😊✨🌟🙏,😊✨🌈,😌💪🙏,😊😌💪✨,😊😌✨🌟,😌💪✨🌈,😊😌✨,😊😌🌈,😊💪🌈✨,😌✨🌈💚,💪✨🌟😊,😊✨🌟🙏,😔😞💔😣,😊✨🌈,😊🌟💚🌈,😊✨🌟,😔😞😢,😊😌✨🌈,😌✨🌈💚,😊✨🌈,🌈✨💪,😌✨🌟💚,😊😌✨🌟💚,😊😌🌈✨,😔🆘😰😢,😔😞😢,😔😣😖😩,😌💪🌈✨,😌🌈💚✨,😊💪✨,😊💪✨🌟,😌💪✨🌟,😌💪🌈,😔😞💔😢,😔😞😣,😊😌💚🌈,💪✨🌈😌,,😌💪🌟,😔😣😞,🌟💪😌✨,😌💪✨🌟,😊✨🌟,😔😞😣,😔😞😩💔,😌✨🌈,😌✨🌈💚,😔😞😣😩,😊😌💪,😊💪🌟,😌✨🙏💚,😰🌑⚠️🚨,😰🌑🆘⚠️,😌✨🌟💚🙏,😌💪🌟,😔😞😣",0
n-0783,"😊😌✨🌈,😊🌟💪,😊😌💪✨,😊✨🌟,😊✨🌟💪💚,😊✨🌈💪,😊✨🌈💚,😊💪🌈✨💚,🌟🙏💚😊,😊✨🌟💚,😊✨🌟💪,😊✨🌟💚,😊✨🌟,😊✨🌟💚🙏,😊✨🌟💚,✨🌟😊💪,😊✨🌟,😌💚🌈,😊💪✨,😊💪✨🌟,😊✨🌟💚🙏,😊✨🌟💚,😊🙏🌟,😊✨🌟,😊✨🌟💪,😊✨🌟,🌟💚😊,😊🌟🌈,😌✨🌟🌈,😊💪✨",0
n-0784,"😊✨🌈,😊🌟💚,😊🌟💪✨,😊✨🌟💚,😊✨🌟,😊✨🌟🌈,😊✨🌟🙏,😊✨🌟💚,😊😌✨💚,😊✨💪,🌟💚🌈,✨🌟💚😊,🌟💚✨🌈,😊💚🌟✨,🌟💚✨,🌟💚😊,✨💚🌈😊,😊✨💚,😊✨🌈💪,💪✨🌟😊,😊✨🌈,😊✨🌟,😊✨🌟💚,😊✨🌟💚🌈,😊💚✨🙏,😊😌✨🌟,✨🌈💪😌,😊✨💪,💀🌑🕳️⚠️",0
n-0785,"😌🌈✨💚,😊🌟🌈,😊✨🌟💚,😊✨🌈💚,😊🌟💚,😊😌✨🌟,😌✨🌟💚,😊💪✨,😊😌✨💪,😊💪🌟,😊🌟💚,😊🌟💚✨,😊💪✨,😊✨🌟💪,😌💪✨🌈,😊✨🌟💚,🌟💪😊,😊😌✨,🌑⚰️🆘⚠️,😊✨🌈💚,😊✨🌟,😌✨🌈,😊💚✨🌈,😌✨💚🌈,😊🌟💚🙏🌈,💪✨🌈😌💚,😊😌✨,😌✨🌈,😌✨🌈💚,😊💚🌟✨,😊✨🌟💚,😊😌🌈✨,💚✨😌🌈,😊💪✨🌟,😊✨🌟,😊✨🌟💚,😊✨🌟💚,😊✨🌟💚,😊✨🌟💪,😌🌈✨,😊✨🌟💚,😊✨🌟💚,😊😌✨💚,😊💚🌟,😊😌✨🌟,😊💚🌈,😊💚✨,😌💪🌟💚,😊✨🌟,😊😌✨🌈,😊🌟🌈💚,😊😌✨,😔😞😣💔😢,🌟💚🙏😊,😊✨💚🌟😌,😊✨🌟💚,😊✨🌈💪,😊✨🌟💚,😊✨🌟,😊✨🌈🙏,😊😌💪,🌈✨💚😌,✨🌟😊💚🌈,😊😌✨,😊😌✨,😊✨🌈,😊😌🌟💚,😊✨🌈,😊✨🌈💚,✨🌟😌,😊✨🌈,😊😌🌟🌈,😊🌟💪🌈,✨🌟😊💚🌈,😊🌟💪🙏,😌💚🌟🙏,😊🌟💚✨🙏,😊✨🌟💚,😊✨🌟💚,✨💪🌟🌈,😊😌💪✨,🌈✨😌💚,😊🌟✨💚,😊✨🌈💚,🌈✨😌💚🌟,😊🌈✨,😊✨🌟,💪✨🌟😊,😊✨🌟💚,😊😌🌈✨,😊✨🌟,😊🌟💪,😌🌈✨💚,😊✨🌟💚,😌💪✨🌈,😌💪🌈,,🌈💚✨,😊✨🌟💚,🌟💪😊✨",0
n-0788,"😊✨🌟💚,😊✨🌟💚,😊✨🌟🌈,😊✨🌟🌈,😊✨💪🌈,😌🙏💪✨,😊✨🌟💪🌈,😊✨🌟,✨😊🌟,😌💚🌈✨,😊✨🌟💪,😊✨🌟💪,😊💪🌟🌈,😊✨🌟💪,✨🌟😊,😊✨🌟,😊✨🙏💚,😌💚🌈,😊✨🌟💚🌈,😊✨🌈💚,🙏💚🌈✨,😊✨🌟🙏,💪🙏🌟✨,😊✨🌈💚,😊✨🌟💚🌈,🚨⚠️😰🆘🌑,😊😌💚🌈,😊😌💪✨,✨🌟🙏💚,😊✨🌟💚,😊✨🌈💪,😊✨🌟,🌟✨💚,😊😌✨🌈,😊✨🌟,😊🌟💚😌,😌✨💪🌟,😊✨🌈💪,😊✨🙏💪🌟,😊✨🌟💚,😊✨💚🌟,✨🌟😊💚,😊🌟✨🙏💚,😊✨🌟,😊✨🌟💚,🌟💚😊,😊😌💚,😊✨🌟💪,✨🌟💚,😊✨💪🌟🌈,😊✨💪,😌🙏💚,😔😞💔😣,😊😌✨,😊✨🌈,😌💪🌈,😊✨🌟💚,😊✨🌟🌈,😊✨🌟💪,😊💪✨🌟,😊😌🌈✨,😊😌💪🌈,😌💪✨,💚✨😌,😔😞😣💔,😌✨🌈🙏,😌💪✨,😊✨🌟,😊💪✨🌟💚,😌💪🌈✨,😊😌✨🌈,😊😌✨🌟,😊✨🌈💚,😊✨🌟,😊💪✨🌟💚,😊💪🌟✨,😊✨💪🌟,😊✨🌟,😊✨🌟,😔😢💪🙏,😊🌟💚,😊✨🌈💚,😊💪✨🌟,😊😌💪✨,🙏💪✨🌟,😊💚✨,😊🙏💚✨,😊💪✨,😊✨🌈,😊✨🌟,😊✨🌟🌈,😊✨🌈💚,😊💚🌈✨,🙏💚🌈😌✨,😊✨💪🌟,🌈💚😌✨,😊💚🌈✨,✨💪🌟,✨🌟😊💪,😊💪🌈",0
n-0794,"😊✨🌟🙏,😊💪✨🌟💚,😌💚🌟,😌💪🌟,😊😌✨,😊✨🌟,😊😌✨🌟,😊🌈💪✨,😊✨🌟,😊💪🌈,😌💪🌟🙏,😊💪🌈🙏,😊😌✨,😊😌💪✨,😌💪🌈✨,😌💚🙏,😌💪✨🌟,😊💪🌟,😊💪✨,😊😌💪✨,😊💪🌟😌,😌💪🌈,😌💚✨,😌💪🌟✨,😌💪✨🌟,😌💪✨,😊💪🌟,🩸💀⚠️😰🌑,😌✨🙏💚,😊😌🌟💚,😊✨🌟,😊😌💪✨,,😊😌✨🌈,😔😞😖,😊💪🌟🌈,😊😌🌈✨,😊✨🌟💪,😊💪✨,😊😌💪,😌💪🙏,😌💪🌟🙏,😊✨🌟,😊✨🌈,😊😌💚✨🌟,😊😌✨🌟,😌💪🌟,😊😌💪✨,😌💚🌟✨,😌💪✨🌟,🌟💚😌✨,😊😌✨🌟,😊😌💪✨,😊😌💪,😊💪✨,😊😌✨,🙏💚✨🌈,,😊💪✨,😌💪✨🌟,😌💪✨🙏,😊😌💪✨,😊💚🌈✨,😊💪✨🌟,😊😌💪✨🌟,😊🌟💚,😌💪🌟🙏💚,😊💚🌟🙏,😊😌💪✨,😌✨💪,😊😌💪,😊💚🌟😌,😌💚🌈,😊💚🌟,😌💚🌈,😊🌟🙏💚,🙏💚🌈,😌💪🌈,😌💪🌟,😊😌💪🌈,😊😌💪,✨🌟💚😊😌,😊😌💪✨🌟,😊💪🌟💚,😊😌💪✨🌟,😊😌💪,😊💪✨🌟,😊😌💪✨,😔😣😖😩,😌💪🌟,😊💪✨,😊✨🌈,😊😌✨🌈,😊💪🌟🌈,😌💪🌟💚,😊😌💪✨,😊✨🌟💪",0
n-0817,"😊✨🌈,😊💪✨🌟,😊✨🌟💚,😌💪✨🌟,😌✨🌟,,🙏💪🌟😌,😌✨🌈,😌🌟💪✨,😌✨🌟💪,😊💪✨🌟,😊✨🌟,😊🌟💚,😊😌💪✨,🌈✨😊💚,😊✨🌟💚,😌✨🌈💚,😊😌💪✨,😊✨🌈💪,😊✨🌈😌,😌✨🌈💚,😊✨🌟💚,😊😌✨🌟,😊😌✨🌈,✨🌟😊💚🙏,😊💪✨🌈,😊😌✨🌈,🌟✨😊🌈,😊💚✨🌈,😊😌🌟✨,😊✨🌟💪,😊💪✨,😊✨🌈,😊✨🌟🙏,😊✨🌟💪,🌟💪🌈,😌✨💚🌈,😌🌟🙏💚,✨🌟😊,😊😌✨🌈,😊✨💪,😊😌✨,😊✨🌟,💪🌟🙏,😊✨🌈💚,🌟💚🙏,😌💪✨🌟,😊🌟💚✨,😊✨🌟💚,😊😌✨🌈,😊✨🌈,🌟✨😌💪,😊💚🌟,😊💪✨,😌🌈💪,😌✨💚🌈,😊✨😌,😊✨🌟💚,😌💪✨,😌✨🌈,😊💪🌟,😊✨🌈🙏,😊✨🌟,😔😞😢,😊✨🌟💚,😊🌟💚🙏,😊✨🌈💚,😊💪✨🌟,😊✨🌟,😌💪🌈,😊😌💚,😊✨🌟,😔😞⚠️,😔😞😣,😊🌈💚✨,😊💚🌟,✨😌💪,😔😞😢💔,🙏💚✨,😊✨🌟💚,😊✨🌈💚,😔💔😞😢,🌟✨💪,😊✨🌟,😊✨🌈💚,😊✨🌈💚,😊😌✨,😊😌🌈✨,😊✨🌟💚,😌✨🌈💚🙏,😊✨🌈,😊🌈💚,😌✨🌟🌈,😌💚🌈,😌✨💪😊,😊✨🌈,😔😞😩,🚨⚠️💀😰,😊🙏💚,😔😞💔",0
n-0818,"😊✨🌟,😌🌟💪✨,😔😞😖,🌟✨😌💚,😌✨💚🌟,😊✨🌈,😊😌💚✨🌟,😊💚🌈,😊💚🌟✨,😊✨🌟,😊😌✨🌈,😊😌💪✨🌟,😔💔😞😢,😊✨🌈💪,😔😖😞😣,😌✨🌟💚,😊✨🌟,😊🌟💚,💪✨🌟😊,😊💪✨,😊😌✨🌈,😊✨🌈,😊✨🌟,💪✨🌟😊,✨💪🌟😌,😊😌💪🌈,😊😌💪✨,😊💪✨,😣😖😩,😊🌟✨💪,😌💪🌟🌈,😌💪✨🌟,😊💪✨,😊💪🌟,😊💪✨,😌💪✨,😊✨🌟💚,😊💚🌈🙏,😊✨🌟,😊✨🌟,😊😌✨🌟,😊😌✨🌟,😊😌💪✨,😊✨🌟💪🌈,😊💪✨,😊💪🌟,😊✨🌟,😊🌟💚😌✨,😊😌💪🌈,😊💚✨🙏,😌💪✨🌟,😊💪🌟💚🌈,🙏💪😌✨,😊💪✨🌟,😊💪✨🌟,😊✨🌟,😊💪✨🌟💚,😊✨🌟💚,😊✨🌟,✨🌈💚,😊✨💪🌟,😌✨🌈,😌🌟💪🌈,✨💪🌟💚,😌💪🌈✨,😊😌✨🌟🌈,😊😌✨🌟,😊😌💪✨,😊😌✨🌟,😊😌✨🌈,😊💪✨,😔😞😢,😊😌✨,😌✨🌈,😊🌟💚✨,😊✨🌟,✨💪🌈🌟,😊😌🌈💚,😊💚🌟,🌟😌✨💚,💪✨🌟😌,😖😩😔😞,😊✨🌟,😊🌟💚,💪✨😌,😊💪🌟,😔😞😣,😊✨💚🌟😌,😊✨🌈💚,😌✨🌟,😊✨🌟😌,😊🌟🙏,😊😌💪✨🌈,😊💪🌟,😊💪✨,😌💪🌈,😊😌💪✨,💪✨🌟,😌💪✨🌈,😊💚🌈✨",0
n-0835,"😔😞💔,😌🌟🙏💚,😌💪✨,💪🌟😊,😊✨🌈,😌✨🌈,😊💪✨🌈,😌💪✨🙏,😔😞💔,😊😌✨🌈,😌💚✨🌈,😌💪💚🌈,😌💪✨,😰🆘⚠️🚨,😌💪💚🌈,😌✨🌈💚,😌🌈💪,😌💪🌈✨,✨🌟😊💪,😊💪✨,😌✨🙏,😊😌✨🌈,💪✨😌🌟😊,😌💪🌟🙏,😊😌✨,😊😌✨🌟,😊✨💚🌟,💪✨🌟,💪✨🌟,💪✨🌈🙏,😊🌟🙏💪,😊🌟🙏💚,😊😌🌟🌈,😌💪✨🌟,😊💚🌟,🌑😰⚠️🆘,😊✨🌟💪,😌💚🌈💪,😊😌💪✨,💪✨🌟,😊🌟💪,😊😌✨🌈,✨💪🌈😌,✨🌟😊💚,😌💪🙏,😌💚🌈✨,😌💪✨🌈,😌💚✨,😊🙏💚✨,😌💚🌈,😊🌟💪🌈,😊✨💪🌈,😊😌🌈✨,😊😌💪✨,😌💪🌈💚,😊🌈💚✨,😌✨🌈💚,😔😞💔😢,😔😞😣😩,😊😌✨,😌💪✨,😔😣😖,😌💪💚🌈,😊💪✨🌟💚,😊💪✨🌟,😊😌✨🌈,😊😌🌟💚,😊😌💪✨,😊😌💪,😊💪🌟,😊🌟💚🙏,😊😌💪✨🌟,😊💪🌟",0
n-0842,"😊😌✨🌟,😌💪💚🌈,✨🌟😊💪🙏,😌💪✨,😌💪✨🌈,😌💪🌟💚,😊✨🌟,💚✨😊🌟,😊😌✨🌈,😌💪✨🌈,😊😌✨,😊😌💪,😊😌💪🌈,😊✨🙏💚,🌟✨😊💚,😊😌🌟💚,😊✨🌟💚🙏,😊💪✨,😊😌🌈,😌💪✨🌟,😊✨🌟💚,😊😌✨🌈,😌💪✨🌈,😊✨🌟,😊✨🌟💚,😊✨🌟,😊😌🌟,😌💪🙏,😊😌✨🌟,😊😌✨🌟,😊✨🌟,😌💚✨🌈,😌✨🌈💚,😊😌✨💚,😊✨🌟💚,😊😌💚🌈,😊✨💪🌈,😊😌💪✨,😊😌💚🌟,🌟💚😊✨,😊✨🌟💚,😊✨🌟💚,😊✨🌟💚,😊😌✨,😊✨🌟💚",0
n-0850,"😊😌✨🌟,😊🌟💚🌈,😊✨💪,😊🌟💚😌,😊✨🌟,😔😞😣,😊💚🌟✨,😊✨🌟,😊💚🌟,😊💪🌟,😊🌟💪,😊✨🌟,😊😌✨,😊✨🌟,😊😌✨,😊✨🌟💚,😊✨🌟💪,😊🌟💚🙏,😌💪🌈✨,😌💪✨,😌💪✨🌈,😔😞😩,😊😌✨🌟,😊🌟💪✨,😊😌✨🌟,🌟💚😌,😌💪🌈,😊✨🌟,😊💪✨🌟,😊😌✨,😔😞😣,😊✨🌈,😊😌💚,😊💪✨🌟,😊💪✨🌟,😌😊💪✨,🙏✨🌟,😊💚🌟,😌💪🌈,😊😌💚,😊💪🌟,😊😌✨🌟🌈,😊😌🌈,😊😌💪✨🌟,😊😌💪🌈,😊✨🌟,😊😌✨,😊😌💪✨,🆘🚨😰,😊💪🌟✨,😌💪✨,😊✨💚,😌💪🌈✨,😊😌✨,😊🌟💚✨,😊✨🌈,😊😌💪🌈,😊😌✨🌟,🌟✨😊💪🌈,😊🌟✨💪,😊✨🌟💪,😌💪🌟🌈,💪✨🌟,😰🩸⚠️🆘,😌✨🌈💪,😊💪✨,😔😞😣,😊✨💪,😊😌✨,😊😌💪✨,😊💪🌟,😊😌✨🌟,😊😌💪✨,😊🌟💚,😊😌💪,😌💪🌈,😊🌟💪,😊😌💪✨,😊😌💪✨,😊😌💪,😌✨🌟💚,😊💪🌟,😌💪✨,😰🌑⚠️🆘,😌💪🌟,😊💪✨🌈,😊😌💪✨,😊😌💪✨,😊😌✨🌟,😊🌟💚,😊✨🙏,😊💪🌟,😊😌✨🌟,😊✨🌟,😊💪🌟,😊🌟💚,😊😌💪✨,😊💪✨,😊😌💪,😔💔😞",0
n-0854,"😊✨🌟💚😌,😊🌟💚,😊😌✨,😊😌✨🌟,😊😌✨🌈,😊✨🌈,😊💚✨🌈,😌🙏💚✨,😊😌✨🌈,😊✨🌟💚,😊✨🌈,😊🌟💚🌈,😊😌✨🌟,😊✨🌟💚,😊✨🌈💚,😊😌✨,😊💪🌈,😊✨🌟💚,😌💪✨,😊✨🌈,😔💔😢😞,😔💔😢,😊💪✨,😊✨🌟💚,😊😌✨🌟,😊😌💪✨🌟,💚✨😊,😊😌✨🌈,😊✨🌈,😊🌟💪✨🌈,💪✨🌈😌,😌✨🌈🙏,😊🌟💚,😌💪✨🌟,😊😌✨🌟💚,😔😢😞💔,😌💪✨🌟,🙏💚🌈✨,😊😌💪✨,💔😔😢,😊✨💚🌟😌,😊😌✨🌈,😌💪✨🌈,😊✨🌟💚🙏,😊✨🌟,😔😞😣😢😖,😊✨🌟💚,😌💪✨,😊😌✨🌟,😔😞😣💔,😔😞😩😣,😌💪🌈✨,💪✨🌟🌈,😌💪🌈🙏,😊✨🌟💚,😌💪🌟,😔😞😣😩,😌✨🌈💚,😊😌✨🌈,😊😌✨🌟💚,😊😌✨🌈,😊💚🌟✨,😔💔😣😞😖,😊😌💪✨,💔😔😞😣,😌✨🌟,😊😌🌈,😌✨🌈,😊✨🌟,😊😌🌈✨,😌✨🌈,😌💚🙏✨,😊😌✨🌟,😌🙏💚✨,😊💚🌈,😊✨🌈💚,😊✨🌈,😊✨🌟,😊✨🌈",0
n-0856,"😊😌💪✨,😊🌟💚🙏,😊💪✨,😊😌✨🌟,😊✨🌟,😊💪🌟💚,😊✨🌟💚,😊😌💪,😊✨🌟,😊✨🌟💚,😊✨🌟💚,😊😌✨🌈,✨🌟😊💚,😊✨🌟💚,😌💪🌈,😊✨🌟,😊✨🌟,😊✨🌟💚,😌💪💚✨,😊✨🌟💪,😊✨🌈,😌💪✨🌈,😰⚠️😖,😔😣😩,😌💪🙏,😌💚🌟,😌🌈💚,😊😌💪🌈,😊✨🌟💚,😊😌✨🌟,😌💪✨🌈,😊✨🌈💚,😊✨🌟🌈,😊💪✨🌟,😌✨🙏,😊💪🌟,😊😌💪✨🌟,😔💔😢,😊😌💚🌈,😊✨🌈,😊✨🌟,😊✨🌟💪,😊💪✨🌟,😊🌟💚,😊✨🌟💚,😌💪🌟🌈,😊✨🌟,😌💪🌈,😌💪🌈,😌🌈✨🙏,😊😌💚🌟,😊✨🌟💪,😊😌💪🌈,😌💪✨🌈,😌💪🌈,😌💪🌈,😊💪✨,😊✨🌟,😊😌💪✨,😊💪✨,😊✨🌟,😊💪✨🌟,😊💪✨🌟💚,😊✨🌟,😊😌💚🌟,😊😌✨🌟,😊💪✨🌟💚,😊💪🌟,😊😌✨🌟💚,😊✨🌟,😊🌟💚,🌟✨🙏,😊🌟💚✨,😊✨🌟,😊✨🙏💚🌟,🌟✨😊,😊💪✨,😊💪✨🌟,😌💪✨,😊🌟💚,😌😊🌈✨,😌💚🌈🙏,💪✨🌈,😌💪🌟,⚠️😰🌑🆘,😊✨🌟💚,😊😌✨,⚠️😰🆘,😊😌💪✨,😔😞😩,😌💪✨🌈,😊😌✨💚,😊😌💚,😌🌈💪🙏,😌💪✨🌈,😊😌💪✨,🌟💚🙏,😊💚🌟,😌💪✨",0
n-0858,"😊✨🌈💚,😊💚🌟,😊✨🌟,✨🌟🙏,💪✨😌,😊😌💪✨,😌💪✨🌈💚,😊✨💚🌈,💪😌✨🌈,💪✨😌🌟💚,💚💪✨😊🌈,💪✨🌟😌,😊🙏✨🌟,😌✨🙏💚,😌✨💚,💪✨🌟🌈,😌💪✨🌈,😊💪🙏🌈,😊💪✨🌟,😊💪🌈✨,💪✨🌈💚,😊💪🌈✨,😌💪💚,💪😊🌈😌,😊💪✨🌈,😌✨🌈💚,💚😊✨🌈,😊💪🌈✨,💪✨😊💚🌈,😔💔😞😣,😊💪🌟,😊💪✨🌟,😊😌💚✨,😊💪✨🌈,😌💪🌈✨,💪✨😌💚🌟,💪🌟💚😌,💪✨😌,😌💪🌟🌈,😊💪💚🌈,😊💪✨😌🌈,💪✨🌈😊,😊💪✨🌈,😊💪✨🌈,😊💪🌈✨,😊💪🌟💚🌈,😌💪💚✨,💪✨🌈😌,😌💪✨🌈,💪✨😌🌟💚,😊😌💪🌟,💪✨🌟😌,😊💪🌟💚,💪✨😌💚🌈,😌💪✨🌟,💪✨🌈😊,💪✨🌟😌💚,😌💪✨🌈,😊💪✨🌟,😌💪🌟💚,😊😌💪,💔😢😞😩,😊💪🌈,😊💪✨😌🌟,😊✨🌈💚,😌💪✨🌈,💔😞😔,😌💪🌈✨,😊😌💚🌈,😊🌈💚,😔😞😣😖,💪✨😊🌈,😊💪✨🌈,😊💪✨🌈,😊✨🌈💪😌,😊😌✨🌈,😊😌💚,😔💔😖😩,😔💔😞😣,😊✨💚,😊💚✨🌟,😔😣😞😩,🚨⚠️🆘,😌✨💚,😊✨🌈,😊🌟💚🙏,😔😞😢😩,💪✨🌟😌,😌💪✨🌟,😌💪💚🌈,😔💔😣,😌💚✨,✨🌈😊💪🌟,😌💪🌟,😊💪🌈✨,😊💚🌈✨,😊😌💪✨,💪✨🌟💚🌈,,😔😞😣💔",0
n-0865,"😊💪✨🌟,😊💚🌟✨,😊💪🌟,💪✨🙏💚🌟,😊💪✨🌟,✨🌟😊💪,😊💪✨🌈,😊💪✨,😊🌟✨,😊✨💪🌟💚,😊✨🙏💚,😊✨💪🌟,😊✨🌟💪,😊✨🙏,😊😌💪✨,😊😌💪✨,😌✨🌟💚,😌✨🙏,😊💪✨🌟,😊✨🌟💪,😊✨💚🌟,😊✨💚🌟,😊✨🌟💚,🙏💚😌🌈,😊🙏💚,😌✨🌟💪,😊✨🙏",0
n-0867,"😊😌💚✨🙏,🙏✨😌💪,😔😣😩,😊✨🌟💚😌,😔😞😩💔,😊💪🌈,😌💪🌟,😌💪🌟💚,😩😞😔,😊😌✨🌈,😌💚✨🙏,😊💚🌟,😔😞😣😩,😔😞😣😩,😌✨🙏💚,😌💪🌟,💪✨🌟😊,😊✨🌈,😌✨🌈,😊💪✨,😔💔😩😞,😊🌟💚,😰⚠️🆘🌑,😢😣💔😞,😔💔😞😣,😔💔😣😩,😌✨🌈💚,💚🌈✨,😊😌💚✨🌟,😊✨💪🌟,😌💪✨,😊💪🌟🌈,😊✨🌈,😔😞😢💔,😊🌈✨,🌟✨😌💚,😌🌈🙏💚,😊🌟💚,😔😞💔😣,😌💪✨🌟,😊😌✨🌈,😌💪✨🌟,😌💪🌟🌈,😌💪✨🌟,😌💪🌈✨,😌💪🌈,😌🌟💚,😌💪🌈✨,😔😞😩,😣😩😔,😌💪🌈,😊✨🌈💪,😔😞💔,😌🙏✨🌈,😊💪✨🌈,😊✨🌈💚,😌💪✨🌈,😔😞😣,💪✨😌🌟😊,😊💪✨🌟💚,😌💪🌟🌈,😊🌈✨,💪✨🌈😌,😊😌💪,💚✨🌈😌💪,😊💪✨,😊😌✨🌈,😔💔😣😞,💔😔😞,😌💪🌈,😔💔😞😣,😌✨🌟,💪✨😌🌟,😊😌✨🌈,😊🌈✨😌,😔💔😢,😌🌈💚✨,😌💪✨🌈,😊💚🌟🌈,😌✨🌟💚,😊🌟💪🌈,😊😌💪🙏,😌💪🌟,😌💪✨,😊😌✨🌈,😊✨🌈,😌💪🌈,💀🆘😰⚠️,😊😌✨,😔💔😞😣,😊💪🌈💚,😊💪✨,🌑😰🆘⚠️,😊😌✨🌈,😊😌✨🌟,😌💪✨🌈,😔💔😞,💪✨🌟,😊😌✨🌟,💪✨🌟😌",0
n-0878,"😌💪✨,😊😌✨🌟,😊💪🌟,😊😌💪,😌🙏💚✨,🙏💚🌈,😔😞😣,😊🌟💚✨,😊✨🌟,😊💪✨,😊💪✨,😊😌💪✨🌟,😌💪🌟💚,😊🌟💚,😊💪🌟🙏,😌💚🌟✨,😊💚🌟,😊🌟💚🌈,😌💪🌟,😊💚🌈,😊💪✨🌟,😊✨💚🌈,😊🌟💚😌✨,😊💚🌟🙏,😊😌🌟,😊😌💚,😊💪✨,😊✨🌟,😌🙏💚🌈,😊✨💚🌟,😊💪✨🌟💚,😊💪✨,😊😌✨,😊😌✨,😊💚🌟,😊💪🌟,😊😌💪✨🌟,😌💪🌟,😊😌💪,😊😌✨,😊💪✨🌈,😊💪🌟,😊✨🌟,😊😌💚,😌💪✨🌈,😊✨💪,😊💪✨🌟,😌💪🌟,😌💪🌈✨,😊😌💪✨🌟,😌💪✨🌟,😊🌟💚✨,😊😌✨🌟,😊😌💪,😊💪🌟,😊😌💪✨🌟,😊💪✨,😊😌✨🌟💚,😊😌💚🌟💪,😊😌💪✨,😊💚✨🌟😌,😊😌💪,🙏💚🌈,😊😌💪✨🌟,😌🙏💚,😊😌💪,😊✨🌟,😌💚🌈,😌💪🌈✨,😊💪🌈,😌💪✨🌈,😊😌✨,😊😌💪✨,😊😌💪✨🌟,😊✨🌟,😊😌💪✨,😊💪🌟,😊✨🌟,😊✨🌟💚,😊✨🌟,😊✨🌟,😊😌💚✨,😊😌✨,😊✨🌟,😌💪🌟🙏,😊😌✨,😊✨🌟💚🌈,😊💪✨,😊💚✨,😊😌✨🌈,😊💚🌈,😌💪🌟💚,😊💪🌟💚,😊💚🌟🙏,😌✨🙏💚,😊😌💪✨🌟,😊💪🌟,😊😌💪✨,😊💪✨,😊💪🌟🙏💚",0
n-0891,"😊💪✨🌈,😊✨🌟,😌💪🌈🙏,😣😖😩,😊😌🌈,😌✨🌈,😔😞😣,😔😞😣,😌💪🌈,💚✨🌟,😊🌟💚✨,😊😌💚🌈,😊😌✨🌟,✨🌟😌💚,✨💪🌟,😌💪🌈,😊😌🌈,😊😌💪,😊😌✨🌈,😊😌✨🌈,😊😌💚🌈,😌🌈💚,😌✨🌟,😊😌✨🌈,😊😌🌈💚,😌💪✨🌈,😊✨🌈,😊😌✨🌟,😊😌✨,😌✨🌈,😩😔😞😣,😊😌💪,⚠️😰🌑🆘,😊😌✨🌈,😊😌✨🌟,😊✨🌈,😊💪✨🌟,😊✨🌈,😌💚🙏,😊😌🌈✨,😌💪✨🌟,😊😌✨🌈,😊😌🌈,😌✨🌈,😊😌💚✨,😌💪✨🌟,😊🌟🌈💚,😊😌💪,😊✨🌟,😔😞😩",0
n-0892,"😞😞💔😔,😊💚✨🌈,😊✨🙏,😊💪🌈✨,✨🌟😊💚,,😔😞😢,😊😌💚🌈,😊😌💚🌈,😊😌✨🌟💚,😊😌💚🌟🌈,⚠️🆘😰🌑💀,😌🙏💪✨,😊✨🌈💪,😌💪😊✨,😊💪🌟,😊😌💪✨,😊✨💚😌,😌💚✨🌈,✨🌟😊💚🌈,💪✨🌈,😊😌✨🌈,😌💪🌈✨,😊😌💪,😊✨🌈💚,😊💪😌🌟,😔😞😢😣,😊💚🌈✨,😊😌✨🌟,😊✨🌟,😊💚🌟,😌💪🌈✨,😊😌✨,🌈💚✨🌟,🌑😔😞😰,😔💔😢😞,😊😌💚✨,😊✨🌟💚,😌💪🌈✨,😊✨🌈💚,😊💚🌟🙏,😔😞😣😖,😌✨🌈💚,💀😰⚠️🆘,😊✨🌟,🙏💚🌈✨,😔💔😞😣,😌😊💪✨,😰💀⚠️🆘🌑,😌💪✨,😌💪✨🌈,😊✨🌟💚,😌🙏💚✨,😊😌💚✨,🙏✨💚,😊😌✨🌈,😊😌✨🌟💚,😊✨🌟,✨😊🌟💚,⚠️😰🌑🚨,😌💪🌈✨,😌✨🌟,😊💚✨🌟😌,😊✨🌟💚,😊😌✨,😊✨🌟,😊😌✨,😔💔😞😩,😊✨🌈,😊💚✨😌,😊😌💪✨,😊✨😌🌟💚,😌✨💚🌈,😊😌🌈💚,😌✨🌟💚,😊🌈✨,😊😌💚,😊😌💪✨,😊✨🌈💚,😊😌✨🌈,🙏💚🌈✨,😊😌✨🌈,😊😌✨🌟,😔😞😣😩,😊✨🌈,😊🌈✨💚,😊✨🌈💚,💪🙏🌈,😊😌✨💪,😌✨💪,😌✨🙏,😊😌💪,😔💔😞,😌💪💚🌈,😊😌✨,😌💪✨🌟,😌✨🌈💚,😊✨🌟💚,😊🌟🙏✨,😊😌🌟🌈",0
n-0894,"😔😞😣,😊✨🌟💚🌈,🙏✨🌈😌,😊🌟💚🙏,😊💪🌟🌈,😌💪✨🌈,🌈✨😌💚,😔😞😌,😊✨🌟💚,😊😌💪🌈,😌✨💚🌟,😖😩😣,😔💔😞😢,😊💪🌟💚,😊✨💚🌈,😊😌✨🌟,😌✨🌈,😔😞😣,😊✨🌟,😌✨🌈💚,😔💔😞,😊💪✨🌟💚,😊😌✨,🌑😰⚠️🕳️,😊✨🌟,😊💪🌟🌈,💊💀⚠️🚨,🙏😊🌟💚,🌈✨😊💚,😔😣😞,😌✨🌟💚,😌✨🙏🌈,😌💚🌟✨,😌💪🌈✨,😞😔😩,😔💔😞,💪✨🌈🙏,😔😞😢😣,😊✨🌈💚,😊✨🌟💚,😌💚✨🌟,😊😌✨,😌💪🌈🙏,😔😞😩😖,😊😌✨🌈,😌💪🌈,😊💪✨🌈,😊✨🌟,😊😌✨🌈,😊🌈✨🙏,😊😌✨,😌✨🌈,😊💪😌✨,😌💪✨🌈,😊✨🌟💚,😊💪✨,😊🌟💚,😊😌✨💪,😣😖😩😔,😊💪✨,😌✨💪🌈,😊😌✨🌈,😊💪🌈,😊💪✨🌟,😌✨💚🌈,😊😌💪✨,😌💚🌈,🙏✨😊🌈,😊🌟💪✨,🙏✨😌,😊🌟✨💚,😔😞😣😩,😌💪✨,😔😢😞,🌈✨🙏,😊🌈✨💚,😊😌💪✨,😊😌✨,💪✨🌟,💪😌✨🌈,😊🙏💚,😊✨🌟,😊✨🌟💚,😊😌🌈✨,😌✨🙏🌈,😊✨🌟,😌🌟✨🙏,😔😞😣😩,😔😞😣💔,😌✨🌈,😊😌✨🌟,😞😩😔😣,😌✨🌈,😌✨🌈💪,😊😌✨🌈,😔😞😣😩,😔😞😢,😊😌🌈",0
n-0902,"😊✨🌟💚,😊😌✨🌈,😊✨🌈💚,😊✨🌟,😊😌💪,😊💚🌈✨,😊😌✨🌟,😊😌💚✨,✨🌟😊💪,😊😌💪🌈,😊😌✨🌈,😊✨🌟😌,😊🌟💚,😔💔😢😞,😔💔😞😩,😊💪🌟🌈,😊💪✨,😔💔😞😢,😊✨🌟💚🙏,😌🌟🙏💚,😊✨🌟,😌💪✨🌈,😊😌🌟,😊😌✨🌟,😊🌈💚✨😌,😌💪💚,😊😌✨💚,😊😌✨💪,😊😌🌟💚,😊✨🌈💚,😊😌💚🌈,😊🌈✨,😊😌🌟,😌💪🌈,😊🌟✨,😊✨🌟💚,🚨⚠️🆘,😊💚🌟✨,😊💪✨🌈,😌💪🌟,😊✨💪🌟💚,😊😌✨,😌💪🌈💚,😊✨🌈💪,😔💔😞😣,😊💪🌈✨,😊✨🌟💚,😊✨🌈💪,😔😢😞😣,😌🌈💪,⚠️😰💔🆘,😊😌✨,😊💪🌟🌈💚,😊✨🌟💚,😌💪🌈,😌💪💚🌈,😰⚠️💀🌑,😊✨🌈💚😌,😔😣😖😩,😊😌✨,😊😌💚🌟,😌💚🙏✨,😔😞💔😢,😌💪✨🌟,😌✨🌈💚,😔😢😞😣,✨🌟💚,😊😌✨🌈,😊💪🌈✨,😌💪✨🌈,😊😌✨🌟,✨🌟😊💪,😊✨🌟,😊😌💪🌈,😔😞😩💔,😊💚🌈,😊😌✨🌈,😔😞😢💔,😌😊✨,😊😌✨🌟💚,😌✨🌈,🙏😊💚✨,😔😞😢😣,😊✨🌟,😌🙏🌈,😌💪✨🌟,😌✨💪🌟,😌😊💪,😌🙏✨🌈,😔😞😣😩,😊😌✨,💔😢😞😔,😢😔💔😞,😌✨🌈💚,😊😌✨🌈,😌🙏✨,😊💪✨,😊😌💪🌈,😊✨🌈💚",0
n-0905,"😊😌✨,✨🌟😊💪,😊✨🌈💪,😊💪✨,😊😌✨,💊😰⚠️🆘,😊✨🌟💚,😌💪💚,😊✨🌟,😊😌✨,😊🌈✨,😊😌✨🌟💚,🙏😌✨,😊😌✨💚🌟,😌💚🌈,😊😌💪,😊😌💚✨,😊🌟💚,😊😌✨🌟,😌✨🌈💚,😊😌✨,😊😌💚✨,💚✨🌟,😊😌✨💪,😊😌💪🌈,😊😌🌟✨,😌💚🌈✨,😊✨🌈,😊✨🌟,😌💪🌟,😊😌💪,😊😌✨🌟💚,😔😣😖,😌✨🌈💚,😊🌟💚✨,😌💪🌈,😊💚🌟✨,😔😞😢💔,😊✨🌈,😊😌🌟✨,😊😌✨,😊😌✨🌈,😔💔😞😣,😊😌✨🌟,😊😌✨🌟,😊✨💪🌟,😊✨💪,✨🌟😌,😔😞😩😣,😊✨🌈💚,😞😩🌑,😌✨🌈,😔😞💔😢,😔😞😣😩,😊💪✨,😌💚🌈✨,😊💚✨,😊💪✨🌟,😊💪✨🌈,😊💪✨,😌💚🌟,😊✨🌟💚,😊✨🌟,😊😌💚🌈,😊🌟💚,😊😌✨,😌💪🌟💚,😊😌💚✨🌈,😊😌✨🌟,✨🌟💚😌,😊😌✨💚,😊✨🌟,😊😌💪🌈,😊✨💪🌈,😊😌✨,😊💪✨,😌✨🌟💚,😊✨🌟,😊😌💪,,😊✨🌈,😊💚✨🌟,😊✨🌟💪,😊💪🌟,😊✨🌟💚,😌🙏🌈,😊💪✨,😌💚✨,😊💚🌈✨,😌💪✨,😊✨🌟,😖😩😔,😊✨💪,😊😌💪,😊💚✨,💪✨😊,😊✨🌟,😌✨😊💚",0
n-0910,"😊😌💪✨🌟,😌💪✨🌈,😊✨🌟,😊✨🌟💪,😊✨🌟💚,🌟😊💚✨,😊✨🌟🙏,🌟✨😊,😊🌟💪,🌟💚😊🌈,😊✨🌈,😌💚🙏✨,🌟✨🙏💚,😊💪✨🌟,😊😌💪,😌✨🌈💪,😊😌💪✨,😊💪✨,😌🌟💪,💪✨🌟,💪✨😌🌟,😊💪✨,😊😌💪✨🌟,😊✨🌟,😊✨🌟💚,💚🙏😌✨,😊🌈💚✨,😌🙏💚,😊💪🌟💚,😊💪✨,😊😌💪✨,😊😌✨,😊😌✨🌟💚,😊😌✨🌈,💪✨🌟🌈,🌟💪😊✨,😊✨🌟,😊💪✨🌟,😊😌💪,😊💪✨,💪✨🌟😊,😌💪🌈,💪✨🙏,😊✨🌟,🙏💪😌✨🌟,😊🌟💚,💪🙏✨🌟,😊✨🌟,😊🌟💚,😊😌✨🌈,😊✨🌟,😊😌✨🌈,😊💪✨,😊✨🌟,😊😌✨🌟,😊💪🌟✨,😊✨💪🌟,😊😌💪🌟,💚🙏💪✨,😊😌💚🌟,😊😌💚,😊🌟💚,😌💪🌟💚,😊💪✨,😊💪✨🌟,💪✨😌🌟,😊💪✨🌟💚,😊😌💪✨,😌✨🙏,😊💪✨🌟💚,💪✨🌟🌈,😊💪✨🌟💚,😊💪✨🌟💚,🌟✨💪🙏,💔😔😢😞,😔😢😣😩,💪🌟💚🙏,😊🌟💪✨,😊💪✨,😊😌💪✨,😊💪✨🌟,😊✨🌈,😊✨🌟💚,🌟💚😊💪,🙏💚😌✨,😊✨🌈💪,😊💪✨🌈,😌💪🌈✨,🌟💪🌈😊,😌💪🌟,😊😌💚🌟🙏,😊💪😌,😊💪🌟,😊✨🌟💪,😊😌💪✨🌟,😊😌💚,😊🌟💚,😊🌟💚😌,💪✨🙏😊,😊😌💪✨🌈",0
n-0912,"😊💪✨🌈,😊💚✨🌟,😊💪✨🌈,😊🌟💪🙏,😊😌💪,😊💚🌟,😰💔🆘😔,😊💚🌈✨,💪✨🌈🙏,😊✨💚😌,😌✨🌈,😌💪✨,😊😌💪✨🌟,😌💚🌟,😊✨🙏,😊🌈💪✨🙏,🙏💚✨🌈,✨💪😊,😊😌✨,😌💪✨🌈,😊💪✨🌟,😊😌💪,🌟✨💪🌈,😊😌✨,😌💪✨🌟,😊😌🌟💚🌈,😊💪✨🌈,😊😌🙏✨,😊😌🌟💚,😊😌💪🌈,😊😌💪✨,😊😌💚🌈,😊😌✨🌈,😌✨🌟,😊😌💪🌈,😌💪✨🌈,😊😌💪✨,😌💪🌈,😌✨🌟,😊✨🌈,😊😌✨🌟,😌✨🌈💪,😊😌💚,😊😌✨🌈,😊🌈✨,😊✨🌈💪,😊😌💚✨🌟,😊💚🌟🙏,😊✨🌈💚,😌✨💪,😊✨🌈💪,😊✨🙏,😊💪✨,😊✨🌟💚,😔😞😩,😊💪🌟,😌💪💚🌈,😌🌈💚✨,😊💪🌟🙏,😊✨🌟🙏,😊✨🌟🙏,🌈✨😊,😊✨🌟💚,😊😌✨💚,😊😌✨🌈,😊😌✨,😔😣😞,😌💚🌈✨,😊😌💚🌈,😌💚✨,😌✨🌟💚,😌🌈🙏✨,😊😌✨🌈,😊💪✨,😊😌💚✨,😊✨🌈,😌💪✨🌈,💪✨🌟🌈,😊✨🌈,😊😌✨,😔😞😩,😊💪✨,😔😣😩😞,🌈💪✨,😌💪✨,😊💪🌈✨,😣😩😔😞,😌🙏🌟💪,😔😣😖😩,😔💔😢,😌💚🌟,✨🌟💪🌈,😊😌🌈,😊😌🙏,😊😌💪✨,😌💪🌟🌈,😊✨🌟🌈,😊😌💚🌈,😌💪🌈🙏",0
n-0914,"😊💪🌟🌈,😊✨🌟💪,😊💪✨,😊🌟💚🙏,😊💪✨🌈,💚🌟😊,💪✨🌟🌈,💚✨🙏💪🌈,😊💪✨🌟,😊💚🌈,💪✨🌟😊,🌟💪😊✨🙏,🌟💚😊,😊💚🌟,😊✨🌈💚,😌💪✨,🌟✨💪💚,😊😌💚🌟,😊💪🌟🌈,😊💚🌟✨,✨🌟💚😌💪,😊💚🌟,😊😌💚✨🌟,💪✨🌟😊,😊🌟💚,😊💪✨🌟🙏,😊✨🌟💪🌈,😊💪🌟🙏,😊🌟💚,🌟💚🙏,😊💪🌟🌈,😊😌💪✨,🌟✨💪💚,😊💪✨,😊😌💪,🌟💚🙏✨,😊💚🌟🌈,😊💪💚,😊😌💚,😊💚🌈,🌟✨💪😊,🌟✨💚😌,💪🌟😊💚,😊💚🌈,😊✨🌟,😌💪🌟💚,😊💪🌟✨🌈,✨🌟💪🌈😊,😊🌈✨💚,😊💪✨,✨🌟💚🙏,😊✨💚😌🌟,😊💪✨,😊🌟💚🌈😌,💪✨🌟💚,😊💪🌟,😊💪🌟✨,😊💚🌟🙏✨,😊💪🌟💚,😊✨🌟,🌟💚💪✨,😊🌟💪,😊💪🌟,😊💚🌈,✨🌟💪,💪🙏🌈😌,😊🌟💚,😊💪🌟,😊💚🌟,😊💪🌟💚,😊🌈💪✨,😊💪✨🌟💚,😊💪✨🌟💚,😊💪✨🌟,🌟💚😊✨,😊😌✨💚🌈,😊💪✨🌟💚,🌈💚✨😊,😊💚🌟✨🙏,💪✨🌟🙏💚,😊✨🌟,😊💪✨🌟💚,🌟✨💪,😊💚🌟,😊💚🌟😌💪,💪✨🌟💚,😊💪✨🌟,😊💪🌟🙏💚,😊💪✨,😊😌💪✨🌈,💪✨🌟,😊💚🌟😌💪,😊💚🌈✨,😊💪🌟🌈💚,🌟💪✨,😊✨🌈,🌟💪✨😊,🌟😊💪✨,✨🌟💪😌💚,😊💚🌈",0
n-0917,"😊✨🌟💚,😊🌟💚✨,😊💚🌟🙏,😊💪✨,😊😌💚✨,😊😌💪✨🌟,⚠️🚨💀😰,😊💪✨🌟,😊💪✨,😊💪✨🌟,😊😌💚✨,😊😌💪✨,😊✨🌟💪🌈,😊✨🌈💚,😊🌈💪✨,😊🌟💚,🙏💚😌✨,😊😌✨🌟,😊😌✨,😊✨🌟💚,😊✨🌟,😊✨🌟,🙏💚🌟😌,😊✨💪,😊✨🌟💪,😊✨🌟,😊💪✨,😊😌✨🌈,😊✨🌟,😊✨💚🌟,😊✨🌟,😊😌✨🌈,😊🌟💚✨,😊🌟💚,😊✨🌟,😊😌✨🌟,😊🌟💚🌈,😊😌✨,😊😌💪,😊✨🌈,😊🌟💚✨,😊😌💚✨🌈,😊✨💚,😊😌💚🌈,😌✨🌟😊,🆘⚠️🚨😰,😊💪✨🌟,😊✨🌟,😊🌟💪🌈,😊🌟💚😌,😔💔😢,😊🌟💚,😊💪🌈,😊✨🌈,😊🌟💪,😊🌟💚✨😌,😊💪✨,😊😌💪,😊😌✨,😊✨🌟,😊✨🌟💚,😊💚✨🌟,😊✨🌟,😊🌟💚,😊😌🌟💚,😌🌟💚🌈,😊😌💪✨,😊✨🌟,😌🙏💚✨,😊✨🌟💚,😊💪✨,😊😌🌈,😊💪✨🌟,😊✨🌟💚,😊✨🌈,😌✨🌈💚,😊🌟💚,😊🌟💚✨,🌟💚😊🙏,😊💚🌟,😌💪✨,🆘⚠️😰🚨,😊🌟💚🌈,😊🌟💚,😊✨🌟💚,😊✨🌟💚,😊😌✨🌟,🙏💚🌈,😊😌✨🌈,😊💚🌟,🌟✨😊🙏,🚨⚠️🆘😰,😊✨💚🌟,🆘⚠️🚨😰,😊🌟💚,😊✨🌟,🙏💚✨😌🌟,😊💪✨🌈,😊✨🌟💚😌,😊😌🌟💚",0
n-0918,"😊✨🌟💚,😊✨🌟💚,💚✨🙏😌,😊😌✨🌟🌈,😊✨🌟,😔😢😣😩,😌💪✨🌈,😌😊✨🌟,😔😞😢,😊✨🌟,😔😞😣,🌈✨😊,😌💪💚🙏,💪🙏💚🌈,🚨😰🌑⚠️,😌💚✨🙏,😌💪🌈✨,😌💪🌈,😌💪✨🌈,😊😌✨🌟,😌💚✨🌟,😔😞😩😣,😔😞😢,🚨⚠️😰🌑,🙏💚🌈,😊😌🌈,😊😌💚✨,😊🌟💚😌,😌💪🌈,😌😊✨🌟,😌✨🌟💚,😌💚🌈✨,😊😌✨🌈,😔😞😣,😊😌✨🌈,😞😩😰,😊😌💚🌈,😌✨🌟💚,😊😌✨🌈,😌✨💚,😊✨🌈,😔💔😢😣,😔😞😣,💚🌈✨🙏,⚠️🆘🌑💀,😔😞😩💔,😊💪✨🌟,😔😞😣💔,😊💚🌟,😊🌈✨,😌✨💚🌟,😌💪✨,😌💪😊,😌💚🌈,😊😌✨🌈,😔😞😣,💪✨😌🌟,😊😌🌈,😊💪✨,😊🌟💚✨,😊😌🙏✨,😰🌑😩⚠️,😔💔😞,😔💔😞,😊😌✨🌈,😊🌟💚✨,⚠️🚨😰,😌💚🌟🙏,😔😞😣😩,😌✨🌈,😰😖😣🌑,😌💪🌟🌈,😊✨🌟,😌🙏🌈,😌✨🌈💪,😔😩😢😣,😔😞😩",0
n-0933,"😔😞😣💔,🌟✨😊💚🙏,😣😩😞,✨🌟💚😊🌈,😊🌟✨💚,😢😩💔😞,😊😌💪✨,😊✨🌟🙏💚,😌💪🙏🌈,😊😌✨,😊😌💪🌈,😊✨🌈💚,😔😞😣😩,😊🌟💚🌈,😔😞😢,😔😞😩,🌑🕳️😰⚠️,😰😩⚠️😔,😞😔😩,😌💪🌈,😔😞😢😣,😌💪🌈✨,😌😊💪,😊💪✨,😊💪🙏,😊💚🌈✨,😊😌💪✨,😊🌈💚✨,😊💚🌈,😢💔😞😣,😊💪🌟,😖😔😞😣,😢😔💔,😔😞😩,😔😢😣,💚✨😌🙏💪,😔😢😞😩,😌💪🌟🌈,😔😢💔😞,😊✨🌈,⚠️😰🆘🌑,😌✨💪,😣😖😩,😊✨💪,😌💪✨,😊💪✨,😌💪✨🌈,🙏💚😌🌈,😌💚🌟,😌💪🌈✨,😊😌💪🌈,😌💚🌈,😊🌈💪,😌🙏💚🌈,😊💚✨🌈,😊😌✨,🔪⚠️🚨😰,😊✨🌈,😊😌✨🌈,😌✨🌈💚,😊😌💪✨,😌💪🌈,😊💪✨,😊😌🌈✨,😌💚🌈,😌💪✨🌟,😌💪🌈,😔😞😣,😊💚🌈✨,😊💪✨🌈,😔😞😢,💪✨🌟,🚨😰🌑🆘,😔😞😣😩,😌💪✨,😊✨🌟💚🌈,😊💪✨🌟,😌💪🌈✨,😰😣😖😩,😊😌✨,💪🙏✨💚,😌💪✨,😌🌈💚,💔😞😔😣,😰🌑⚠️🕳️,😌💪🌈,😔💔😞😩,😣😖😩😔,😊💚🌈✨,😊😌✨🌈,😌💪✨🌈,😊💚🌟,😊✨🌈💪,😔😞😣😩,😔😞💔😣,😊😌💪✨🌟,😊😌💪✨,😊✨💪🌟,😊🌟💚✨,😌💪🙏",0
n-0936,"😔💔😞😩,😊✨🌟💪,😊😌✨🌟,😊😌✨🌈,😊😌🌈,😌💪💚✨,😌💪🌈✨,😊✨🌟,🌟🙏🌈😊💪,😌✨💪,😊✨🌟🙏💚,😌💪🌈,😌✨🌈💚,💪✨😊💚,😊✨🌈💚,😊😌✨🌟,😊✨🌈,😊💚🌈✨,,😊✨🌈💚,😌💪💚🌈,😊😌🌟,😌✨🌈💚,😌🌈✨,😊😌✨💚,😊✨🌈💚,😊✨🌈,😊✨🌟💚,😔😞😣,😊✨🌟,😔😢😣,😔💔😢😩,😌💪✨🌟,😊✨🌈💚,😊🌈💪✨,😊😌💪✨,😊✨🌈💚,💚🌈✨,😊😌🌈✨,😊😌✨💚,😊🌟💚,🙏✨🌈,😊💪✨🌈,😌💪🙏✨,😊✨🌟💚,😊🌟💚✨,😊✨🌈💚,😔😢💔😞,😊💪🌈✨,😊✨🌟,😌🙏💚✨,😊✨💪🌈,😔😞😣😖,😊🌟💚😌,😌💪✨🌈,😊😌✨🌟,😊✨🌈💚,😊😌💚🌈,😔😣💔😞,😔😞😣,😊✨💪🌟💚,😊😌💪🌈,😌🌈✨💚,😌💪🌈,😊😌💚🌈,😊🙏✨💚,🌟✨😊💚,😊😌🌈💚,😌💚🌈✨,😊✨🌟💚,😔😞😩,😌✨🌈💚,😊😌💚✨,😊✨💪,😌✨🌟💚,😩😔😞😣,🙏✨😌💚,😌💚🌈✨,😔😖😢😞,😊🌈💪✨,😊😌✨🌈,😊😌✨🌟,😊😌💪✨🌈,😊😌✨,😌🌈✨💚,💪😊🌈,😔😞😣😩,😊😌✨,😰💊⚠️🆘,😊😌✨💚🌈,😊😌💪✨,😊😌✨🌈,😊🌟✨😌,😊✨🌈💚,😊😌✨🌟💪,😊✨🌈💚,😊🌟💚😌,😊😌🌈,😊💚🌈,🙏💪✨🌟",0
n-0942,"😊💪✨,🌈✨😊,😊💚🌈✨,😊💚✨,😌🙏🌈,😊💪🌟,😊😌💪,😊✨🌈😌,😌💚🌈✨,💪✨🌟,😊✨🌟,😌💪🌟,😌💪🌟,😊💪🌟🌈,😊💚🌈✨,💪✨🌟💚,😌✨💚🌈,😊💪✨,😊💪✨,😌💚🌟🙏,😊✨🌟💚😌,😊😌🌟,😊💪✨,😊✨🌟💪,😊😌✨🌟🌈,😊💪✨🌟,😊💪✨🙏🌟,😌💪✨,😊✨🌟💚,😌💪✨🌈,🌟💚😊💪,😊✨🌟,😢😔😞,😊😌💚🌟,😊💪✨,😊💪🌟,😊🌟🌈,😌💪🌈,😌💚✨🙏,😊✨🌟💪,😌💚🌟✨,😔😞😣😢,😊😌💚,😊💪✨🌟,😊🌟💚,😊✨🌟,💀🚨⚠️😰,😊💪🌟🙏,😊💪🙏🌟,😊😌💚✨,😊🌟💚,😊💪✨🌟,😊😌✨💚,😊💪✨🌟,😊✨🌈,😊✨🌈💚,😌💪🌈🙏,💪✨🌈💚,😊😌✨🌟,😌💪🌟🙏,😊💪🌟✨,😌✨🌈,😊✨🙏💚🌈,😊😌✨🌟,😔😞😢,😊😌💪🌈,😊✨🌈,😊✨🌟,😌💪✨🌟,😊🌟💚,😊😌✨🌟,😊😌✨🌈,😊🙏💪,😊💪🌟,😊😌💪✨🌈,😊💪✨,😊💪🌟,😊🌟💪🌈,😊😌✨🌈,😊😌🌈,😊😌✨🌈,😊💪✨💚,😊😌💪🌟,😊😌💪✨🌟,😊🌟💚,😌🙏💚,😊💪✨,😊🌟💚😌,💪✨🌟😌💚,😌✨🌟💚,😊😌💪✨,😊💪✨🌟,😊😌✨🌟💚,💚🌈🙏✨,😊😌✨🌈,😊😌✨,💪✨🌟🙏,😊✨🌟💚😌,😊💪✨,😊💪✨🌈",0
n-0944,"😊✨🌟🙏,✨🌟😊💚,😊✨🌟💪,😊😌✨🌈,😌💪✨🌈,😊💚🌈,😌💚🌟💪,😊💪🌈,😊😌💪✨,😊🌟💚,😊🌟💚✨,💪✨🌈😌,😊💪✨🌟,😊💚🌈,💪✨🌈😊,😊😌💪✨,😊💪🌟💚,😊✨🌟💚,😊😌💪✨🌟,😊✨💪🌟,😔😞😣😖,😔😞😣,😊😌✨💚,😌💪✨,😊💪🌟,😊😌💪✨,😊🌟💚✨,😊✨🌈💚,😊🌟💚,😊🌟💚✨,😔💔😣,😊💪🌟💚,😊💪🌟🙏,😌💪🌈,😔😞😢😣,😌💪🌈,😌✨🌈💚,😊😌✨,😌✨🌈💚,😊💪🌟💚,😊💪✨🌟,😊✨🌈💪,😊✨🌟,😔😞😌✨,😌💪🌈,😊💪🌟,😊💪✨🌈,😌💪🌈🙏,😔😞😩,😊😌✨🌈💚,😊😌✨🌟,😔💔😞,🙏😊✨🌟,😊✨🌟,😊✨🌈,😌💚🌈✨,😊💪🌈,💔😔😢😞,😊✨🙏,😊😌✨,😊✨🌟,😊😌💚🌈,😊😌✨,😊✨💪🌟🌈,😊✨🌟💚,😊💪✨,😊🌟💚✨,😊😌💪✨,😊😌💪✨,😊💪🌟✨,😊😌✨🌟🌈,😊✨💚,😊😌✨🌈,😊😌💪🌈,😊😌💪✨,😊💪🌟,😌💪✨🌟,😊😌💚✨,😊✨🙏,😊✨🌈,😊✨🌟,😊🌟💚✨,😊😌✨🌟,😊✨🌟,😊💪✨🌟,😊💪🌟✨,😊✨🌟💚,😌✨🌈💚,😊😌🌟💚,😊😌💪🌟",0
n-0956,"😊✨🌟💚,😔😞😣😩,😊💪✨🌟,😢😔😞😣,😔💔😞😩,😔😢😞💔,😌💪✨🌟,😔💔😞😢,😊😌💪✨,😊😌💚,✨🌈😌💚,😔😢😞,🌑🕳️😰⚠️,😌✨🌈,😊✨🌟,😊😌🌟💚,😢😔💔,😔😞😣,😊😌💪✨,😊😌✨🌈💪,😊✨🌟,😊😌✨🌈,😊✨🌟,😊✨🌟,😊✨🌈,😔😞😩😣,😊✨🌟,😊😌💪✨,😌✨🌈💚,✨😌🌟🌈💚,😊💚🌈,😊😌✨💚,😊🌟💚,😊✨🌟,😌💪✨,😌✨🙏💚,😊✨😌🌈,😊✨🌟💚,😌✨🌈,😊😌✨🌈,😊✨🌟💚,😊✨🌟🌈,😊😌✨🌟,😔😞💔😣,😊💪✨🌟,😊✨🌈,😊😌✨🌈,😔💔😢😞😣,😊✨🌟💚,😊💚🌈,🙏✨😊💚🌈,😊💚✨🌟,💪✨😌🌈,😌💪✨,😊✨🌟🙏,😌✨💚,😌✨🌈,😌💪✨,💚😌🙏,😔😞😣💔,😌💚🌈✨,💪✨🙏😊,😰🌑⚠️🆘,😊😌✨🌈,😊😌✨🌟,😊😌✨🌟,😊✨💚,😔💔😞,😊✨🌟,😰🌑⚠️,😌💚🌟🙏,😔😢😩,😌💚✨,😊✨🌟💚🌈,😊😌💪✨,😊😌✨,🌈💪😌✨,😊✨🌟,😔😞😢😣,😌✨🌟,😊😌✨🌈,😌✨🌟💚,💀🚨😰🆘,😊✨🌟💚🌈,😊✨🌟💚,😊✨😌,😊✨🌈💚,😊✨🌈,😌💚🌈,😔😢💔😞,😰🌑⚠️💀,😌✨💚🌈,😊✨💚🌟😌,😊✨🌈💚,😌✨🌟,🆘💀😰⚠️,💀🚨🆘😰,😊😌💚✨,😊✨🌈,😔😞😩😣",0
n-0957,"😔💔😞😩,😔😞😢,😔😞😌💪🌈,😊💪✨🌟,💪✨🌟🌈,😌🙏🌈,😊😌✨🌈,😔😢😞😣,😌💪✨🌟,😌💪✨🌈,💪✨😌💚🌟,😌🌈✨💚,💪✨🌟💚,😊💚✨,😔💪🙏,😊😌✨🌈,😊✨🌈,😊✨🌟💚🌈,😔💔😞,😌💚🌈✨,😌💪🌈🙏,😊✨🌈💪,😊🌟💚,😊✨🌈,😌🌈💚✨,😌💪✨,😔💔😞,😊🌈✨😌💚,😔💔😞,😔💔😞,😌✨💪🙏,😊😌✨,😔😞😣",0
n-0958,"😊✨🌈💚😌,😊✨🌟,😊🌈✨💚,😊✨🌈💚,😊😌✨💚🌈,😊😌✨🌈,😊✨🌈💚,😊✨🌈,😊✨🌟💚🌈,😊😌✨🌈,😌✨💪🌈,😌💪🌈,😊✨🌈💚,😊🌟💚🌈,😊😌💪✨🌈,😔💔😢😞,😊💪🌈,😊😌💚✨,😊🌟💚,😊😌💚🌈,😊✨🌟,😊✨🌈💚,😊😌💪✨,😊✨🌟💚🌈,😊🌟💚,😊💪✨,😊😌✨🌈,😊✨🌈💚,😊✨🌈,😊✨🌈,😢😢😔😞,😊😌✨🌈,😊💚🌟,😊😌✨🌈,😊😌✨🌟,😔😣😩😖,😔😞😣,😊💪✨🌟,😣😌💪,⚠️😰🚨🌑,😌💪✨🌈,😊🌟🌈,😔😢😞😣,🙏💚✨😊,😊😌✨🌈,😊😌✨🌈💚,🌑😰🆘⚠️,🆘😰🌑⚠️,😊😌✨,💀🌑🕳️⚠️🆘,😌✨🙏💚,😔😞😣,😔😞😣,😌💪🌟,😌✨🌈,😊😌💪,😔💔😞😢,😌💪🌈,😌💪✨🌈,😌✨💪🌈,😊✨🌟💚,😊✨🌈,😊💚✨,😊😌💚🌈,😔😢😞😩,😔😢😩,😔😢😩,😔😢😞😩,😔😞😣😩,😊😌✨🌈,💪🙏✨🌟,😊✨🌟💚,😊💚✨🌈,🙏💚😌✨,🌟💚😊,🙏😌✨💚,😊✨💚🌈,😊🌟💚,😊😌✨🌈,😊😌💪✨,😊😌💚✨,💪✨🌈💚,😊✨🌈💚,😊✨🌟,😊✨🌟💚🌈,😊✨🌟💚,😊😌🌈,😌✨🌟💚,😊💚✨,😌✨🌟💚,😊🌈💚,😊😌💪🌈,😊🌟💚✨,😊😌✨🌈,😊🌟💚,😊😌🌈,😌✨🙏,😌✨🌈,💚✨😌🌈,😊💪✨",0
n-0960,"😊🌟💚,😊✨🌟💪,✨💪🌟🙏,🌟💚🙏✨💪,😌💚🌈,🌈✨😊🙏💚,😊✨🌟,😊✨🌟🙏🌈,😊🌟🙏💪,😊😌✨🌈,🌟💚🙏✨😊,😊😌🌈💪✨,😊✨🌈💚,😊💚😌🌟,😊✨🌟🙏💚,😊💪🌟🙏💚,💪✨🌟😊,🌟💪✨,😊🌟💚🌈✨,😊✨🌟💪🌈,😊✨🌈,💪✨😊🌈,😊✨🌈💚,😔😞😣💔,😊✨🌈💪,🌈✨😊💚,😊✨🌟💚,😊💚🌈✨,😊✨🌈,😊✨🌟💚🌈,😊✨🌟,😊💪🌈✨,😊💪🌟💚,😊😌✨🌈,😊😌✨,💚🌈💪✨,😌✨🌈💚,😊✨💪,✨🌟💚😌🌈,✨🌟💪,😊💪✨🌟,😊😌💚,💪✨🌈,😊💚🌟😌💪,😊😌✨,💪🌟🙏,😊😌✨💚,😌💪💚,💚✨🌈💪,😊🌟💚✨,😊😌✨,😊💪✨🌈,😊😌💪✨,😌💚🌈✨,😔😞😖,😊💪✨,😊✨🌈,😊✨🌟,😌🌟💚🙏,😊💪✨🌟,😊✨🌟💪,😊😌✨,😊😌🌟💚,😊🌟💚,😊🌈💪✨,😊💪✨🌟,😌💪✨🌈,😊✨🌟,😊😌✨🌈,😊😌💪✨,😌🌈💪,😌💪💚🙏,💚✨😌🙏,😊✨🌟💪🌈,😊✨🌈,😊✨🌈,😊🌟💚,😊🌟✨💚,😊✨🌈💚,😊💪✨🌈,😊😌✨🌈,😌💪🌈,😊😌💪🌈,😊✨🌟,😊💪✨🌟😌,😊😌✨🌟,🌟✨😊💚,😊✨🌟💪,💪✨🙏,😌💚🌈✨,😔😞😣😖,😌✨💪🌈,🙏💚😌,😔💔😞😢,😌💪🌈🙏,😌💪🌈🙏,😊😌💚✨,😌✨💪,💚😌✨🙏",0
n-0963,"😌💪🌟💚,😌💪🌟,😌✨🙏,😊✨🌟💚🙏,😌💪🌈,😌💪🌈✨,😊😌💪,😊💪🌈✨,😌💪🌟💚,😊🌟💚,🌟✨💚,😌💪✨,😊😌💪,😌💪🌟💚,😌💪🌟🌈,😊😌💪✨,💪✨🌟🌈,😊💪🌟,💪😊🌟,😊😌💪,😌💪🌈🙏,😊🌟💪🌈,😌💪🌈✨,😊💚🌟✨🌈,😊💪🌟🌈,😌💪✨🌟,😌💪🙏🌟,😌💪🌟,😊😌💪,😌💪🌟🌈,😊💪🌟✨,😊💪🌟,😌💪🌟💚,😊🙏🌈,💪✨🙏😌,😌💪🌟🙏,😊😌💪✨🌟,🌟💪😊✨,😌💚🙏,😊💪✨🌟,😊✨🌟💚,😌💪🌟,😊💪🌟,😊😌💪✨,😌💪🌟,😌💪✨🌟,😌💪🌟,😊😌💚🌈,😌💪🌟🙏💚,😌💪🙏🌈,😊😌💪🌈,😊😌💪✨🌟,😊💪✨,😊💪✨,😊💪🌟,😌💚🌈,😊✨🌈,😌💪🌈,😌💪🌈✨,😊💪✨🌟,😊😌💪,😊😌✨🌈,😌💪🌈,💪✨🌟,😊💪✨,😌💪🌈,😌💪🌟,😌💪✨🌈,😊😌✨🌟,😊💚🌟,😊😌🌈,😊💪✨,😊😌✨🌟,😊😌🌟,😊💪✨,😊🌟💚,😌💪🌈,😌💚🌟🙏,😊💪✨🌟,💪✨🌟,😊💪🌟,😌🙏💚✨,😊😌💪✨,😌💚✨🙏,😊💪✨,😊✨🌟💪💚,😞😔💔😢,😊💪🌟,😊😌🌈,😊💪✨🌟,😊✨🌟,😊🌟💪🌈💚,😊😌✨,💪✨🌟,😌💚🌈✨,😔💔😞😩,😔😞😣😩,😊💪✨🌟,😌🙏🌈,🙏💚🌈✨",0
n-0975,"😊✨🌟🙏,😊🌟💚🌈,😊😌✨🌈,😊✨🌟💚,😊✨🌟💚,✨🌟💚,😊✨🌈,😊😌💪✨🌟,😊✨🌟💚,✨🌟💚,😌💚🌈✨,😢💔😔😞,😔💔😞😣😩,😊✨🌟,😊✨🌟💚,😊✨🌈,😊😌✨🌈,😊😌✨🙏,😌💪🙏,😌🙏🌈✨,😌💪🌈,😊✨🌈,😊😌✨,😌💪🌈,😔😞😢,😊😌✨🌟,😌💪🌈✨,😌💪🌈,😊✨🌈,😊✨🌟,😌💪🌈✨,😌💪✨🌈,😊😌💪🌈,😊💪🌟,😌✨💚,😊😌💚✨,😌💪✨🌈,😊✨🌈,😌💪🌟🌈,😊😌✨,😌💪✨,😊💪✨,😊😌✨🌟,😌✨🌈💚,😊✨🌈,😊✨🌟💚🌈,😊✨🌈💚,✨💪🌈😊,😔😞😩💔,😌✨💪,😊✨🌟💚,😊💪✨🌟,😊😌💪🌈,😌💚🌈✨,😊😌✨🌈,😊😌✨🌈,😊✨🌈💚,😊✨🌈💚,😊✨🌈💪,😌😊🌈💪✨,😊✨🌈,😊🌟✨,😊✨🌈,😌✨🌈💚,😊😌🌈✨,😊💚🌈,😊✨🌟,😊✨🌟💚🌈,😊😌💚🌈,😊😌✨🌈,😌✨🌈💪,😌💪🌈✨,😊😌💪🌈,😔😞😖😣,😌✨🙏,😌💪🌟🌈,😊🌈💪✨,😊✨🌈,😌🌈💪🙏,😌💚🌈✨,😊💚🌈✨,💪✨😌🌟💚,😊🌟💚🌈,😊😌💪🌈,😊✨💚😌,😌✨🌈,😊😌✨🌈,😊💪🌈✨,😊✨💚🌈,😌✨💪🌈,😊✨🌈💚🌟,🌟💚🙏,😊✨🌈💚,😌🌈💚✨,😊✨🌈💪,😊✨🌈,💀⚠️🆘🩸,😔😞😢😣,😌💪🌟✨,😊💪🌈",0
n-0991,"😊😌💪,😊🌟💚🌈,😔😞😣😩,😔💔😞😢,😔💔😞,😔😞💔😢,💪✨🌈😊,😔😞😩😣",0
n-1003,"😊😌💪,🌟✨😊,😊😌✨🌟💚,😊🌟💚✨,😌🙏✨💚,😊😌🌟💚,😊💪✨,😊✨🌈💪,😔😞😣😖,😌💪✨🌟,🙏💚😌🌟,💚🙏✨🌟😌,😌🙏💚🌈,🙏💚😌,🙏💚😌✨,😊😌✨🌟,😊😌💪✨,😊😌✨🌟,😌🙏💚,😊😌✨🌟,😊💪🌟🙏,🌟💚😊😌💪,😊🌟💚🙏,😊🌟💚✨,😌💪✨,😊😌✨🌈,😊💪🌟🙏💚,🌟✨😌💪,😊😌💚🌈,🙏💚🌈✨,😌🙏🌈💚,😌🙏💚,😊😌💪🙏,😊💪🌟🙏,🌟💪🌈,😊✨🌈,😌💪🌟,😊😌✨🌟,😊✨🌟,😊😌💪✨🌟,😊✨🌟💚😌,😊😌✨🌟💚,😊😌💪✨🌟,😊✨🌟,😊✨🌟💪😌,😊💪🌟✨,😊😌🌟💪🌈,😊✨💚,😌💪🌟,😊✨🌟,😊💪✨,🌟✨😌💚🙏,😊😌🌟💚,😊✨🌟,😊✨🌈,😌💚🌈✨,😊😌💪✨🌟,🌟💪✨🌈,😊😌💪,😌🙏🌟,😊😌✨🌈,😊✨🌟💚🌈,😌🙏💚✨,😌🙏💚,😊🌟💪,😊😌🌟💚🌈,✨🌟💚😌😊,😊✨🌟,😊😌💪🌈,😊💚🌟,😌✨🌟💚,😌💪🌈,😊😌✨🌈,✨🌟💚😌,😌💪🌈🙏,😌💪🙏💚,💪🙏🌟,😊😌🌈,😌🙏✨,😊🌟💚,😌💚🌟🙏,😌✨💚🌟🙏,😊💪✨🌟,😌💪✨🌈,😌✨🌈,😊😌💪✨,😊😌✨🌟,😌✨🙏💪🌟,😌🌟💪🌈,💪✨🌟🙏,😊🌟💚✨😌,😌💪🌟,😌💪✨🌈,😊🌟💚🌈,😊💪✨,😊✨🌈,😊😌✨🌈,😊🌟💚🙏",0
n-1012,"😊🌟💚✨,😊✨🌟💚,😊💪✨🌟,😊😌✨,😊💪✨🌟,😊💪✨,😌💪🌈,😌✨🌟,🌟💪😊,😌✨💚,😌💪✨🌈,😊✨🌈,😊😌✨🌈,😊💪🌟,😊😌💪✨,😊😌✨🌟,😊🌟💚✨🙏,😊😌💚🌈,😊✨💪,✨🌟😊,😊✨🌟💪🌈,😊✨🌟💪,😊✨🌟,😊✨🌟💪,😊✨💪🌈🙏,😊✨🌟,😊✨🌟💚,😊😌💪✨🌟,😊😌✨,😊💪🌟💚,💪✨😌,😊😌💚✨🌈,😊💪🌟🌈,😊😌💪✨🌟,😊💪🌟✨,😊😌💪✨,😊😌✨🌈,😊💪🌟,😊💪✨,😊💚🌟,😊✨🌟,😊😌💪✨,😊✨🌟,😊💪✨,😊💚🌟,💚🌈✨😊,😌💪🌟,😌💪🌟,😌💪🌈💚,😔😞😣😢,😊😌💪,😊💪✨,😊💪✨🌟💚,,😌💪✨🌟,😊💪✨,😊💪✨🌟💚,😊✨🌟,😊✨💪,😌💪🌟,😊😌💪✨🌟,💪🌈✨🌟,✨🌟😊,😊✨🌟💪,😊✨🌟💪🙏,💪✨🌈,😊😌💪✨🌟,😊🌟💚✨,✨💪🌈🙏,😊💪✨,😌💪✨🙏,😊✨🌟💪🙏,😊✨🌟💚🌈,😊💪✨🌟,😊😌💚,😊😌🌈,😊💪✨,😊💪✨,💪✨😌🌟,😊💪✨🌟,💪✨😊🌈,😊💪✨🌟😌,😊💪✨🌟,😊💪✨,😊💪✨🌟,💪✨😌,💪✨😌,😊💪✨,😌💪✨🌟,💪✨😌,💪✨😌,💪✨🌟😊,💪✨😌🌟,💪✨🌟,💪✨😌,💪✨🌈,💪✨😌,😊💪✨🌟,😊💪✨🌟,😊💪✨🌟",0
n-1016,"😊✨🌟🙏,😊✨🌟💚🌈,😊✨🌟,😊✨🌟,💚😌✨🌟,😊✨🌟💚,😊✨🌟💪,😊✨🌟,😊😌🌈✨💚,😌💪🌟🙏,😊💪🙏✨,😌💪🌈✨,😊💪✨🌟🌈,😊😌💪🌈,😊🌟💚,😊💪✨🌟,💪✨🌟😊,😊✨🌟,😌💪🌟🌈,😊✨🌟,😔💔😞😣,😊✨🌟,😊😌💪🌈,😊🌟🌈💪,😊✨🌟💪,😔😢😞,😊😌✨🌟,😊✨🌟💚,😊💪✨🌟,💪🌟😊🙏💚,😊💪🌈,🌟💚😌,😊✨🌟💚,😊🌟💪🌈✨,😊💪✨🌟💚,😊✨🌈💚,😊💪✨💚,😊💪✨,😊💚✨,😊💪🌈✨,💪🌈💚🌟😌,😊😌🌈,😌💪✨🌟,😊😌✨🌈,💚✨🌟😊,😊💚🌟,💚✨😊🌟,💪🙏💚✨,😊💚✨🌈,😊😌💪🌟,😌✨💚,😊💪✨🌟,😊💚✨🌈,💚✨😊🌈,💚✨😊,✨🌟😊💚,😊✨🌈,😌✨💚🌟,💚🌟🙏,😊💚🌈,😔💔😢😞,😊✨💚,💚✨😊🌈😌,😊💚🌟,😔💔😢😞,😊💚🌈✨,😊✨💚🌟,🆘⚠️😰🌑,😌💪🌈💚,😊😌✨🌈,😊🌈💚,😊😌✨🌟,😊💚✨🌈,😌💪🌈✨,😌💚🌟,💚🌟😊✨,💚✨😊🌈🙏,😊💚🌟,😊💚✨🌟,💚😊✨🌈",0
n-1019,"😊😌💪🌈,😊💪😌,😢😔😞💪✨,✨🌟😊💚,😊😌🌟💚,😊💪✨🌟,😢😔😞,😌💚🙏,😌💪🙏💚,😊😌✨,😊😌💪✨,😊💪✨🌈,😊💪✨🌟,😊✨🌟,😊🌟💚,😊✨💪,😌💚🌈✨,😊😌💪✨,😊💪✨🌈😌,😌💪🌈,😌💪✨🌈,🔪🩸⚠️🆘,💚✨😊,😌💪🌈,😔😞😩,😊😌💚,✨🌟😊💚,😊✨🌟,😊😌✨,😊😌✨🌈,😊😌✨🌈,😊🌟💚🌈,😊💪✨,😰⚠️🌑🕳️,😌💪🌈,😌🙏💪✨,😌💪✨🌈,😊😌💪✨,😔😞😣😩,😌💪🌟🌈,😊✨🌈,😌💪💚🌈,😊✨🌟💪,😌💪🙏🌈,😊😌🌈,😌💪🌟,😊😌💪✨,😌💪🌈,😊😌🌟🌈,😌✨💪,😌💪🌈✨,😊💪🙏✨🌟,😌💚🌈✨,😊🌟✨,😌💪🌈,😊✨💪,😌💚🌈,😌💪🌈,😊✨🌈💚,💪✨🌟😌💚,😊😌✨,😊😌✨🌟,😊✨🌟💪,😊✨🌟,😊😌✨,😊😌✨🌈",0
n-1022,"🔪😰🆘🌑⚠️,😔😖😩,😌💪✨🌟,✨🌟😊,😔😞😣,😌✨🙏💚,😌💪✨,😔💔😞,😊💪🌟🙏,😞😔🌑🕳️,😌✨🌈,🌑🕳️😰💔😞,😌✨🌈,😌💪✨🌈,😌✨🌈💚,😔😞💔😣,😔😞😣😩,😌💚🌈✨,😊😌💪✨,😩😣😔😞,😊😌✨,😔💔😞😢,😔😞💔,😌✨🌟💚,😊✨🌟,😊😌💪✨,😌✨🌟,✨🌟😌,😊😌✨🌟,😔😞😣😖,😔😞😢😣,😌✨🌈💚,😔😖😣😞,😔😞😌,😌✨🌈,😌💚🌈,😌💪🌟🌈,😌✨💚🌈,💪✨🌈💚,😔😞😩,😌💪🌈✨,😌💪✨🌟,😔😞😣😖,😰🌑⚠️🕳️,😊💚🌈✨,😊😌✨,😊😌💪,😌💪🌟🌈,😔😞💔😣,😌✨🌈💚,😔😞😣,😌🌈💪✨,😌💪🌈,😔💔😞😣,😌💪🌈,😌💪🌈,😔💔😞😣,😔😞😣💔,😌✨🌈💚,😌✨🌈💪,🚨😰⚠️🌑,😊😌✨🌟,😔💔😞😩,😔💔😢😞,😌💚🌟✨,😌✨🌟💚,😌💚🌈✨,😔😞😣😩,😊😌💪✨,😊😌✨🌈,😰🌑😞😔😖,😊✨🌟😌,😊😌💪🌈,😌✨🌟💚,🌑🕳️😖💔,🆘😰⚠️🌑,🔪😰🆘⚠️,😊😌✨🌈,😊✨🌈,😌✨🌟💚,😔😞💔😣,😌✨🌈🙏,😌💪💚🌈,😌💚🌈,😌💪🌟🙏💚,😔😞💔😣,😌💪🌟,😌✨🌟💚,😊✨🌈,😌💪✨🌟,😊😌💪✨🌟,😰🌑🕳️🚨,😊✨🌟💚,😌✨🌟💚,😔😞😣😖,😔😞😣,😊😌🌈💪,💊💉💀⚠️🚨,😰🌑⚠️🕳️,😔😞😣",0
n-1029,"😊✨🌟🙏,😊💚✨,😔😞😢😣,😌💪🌟✨,😊💚🌟🌈,😊✨🌟💚,😊✨🌈,🌟✨😊🙏💚,😊😌💪✨,😊✨🌈,😊😌💪🌈,😊✨🌈,😊✨🌈💚,💪✨🌈😌,😊✨🌈,😊✨🌟,🌈✨😊💚,💪✨🌟😊,😊😌✨,😌✨🌈💚,😌💪✨🌟,😊💪✨,😊✨🌈,😌✨🌟🙏,💪✨🌈,😊✨🌈💚,😊🌟🌈,😊✨🌟💚,😊💪✨,😊😌✨,😊✨🌈💚,😌✨💚🌈,😌✨💪,😊😌✨,😊✨💪🌟💚,💪✨😌🌈,😌💪✨🌟,😊😌✨🌈,😊✨🌟,😊✨💚🌈,😊🌈✨,😊✨🌈💚😌,😊😌💪✨,😊✨🌟,😊😌💪🌟💚,😊💪✨🌟,😊✨🌟,😊😌✨🌈,😊😌💚✨,😔😞😣💔,😊😌💪✨,😊😌💪,😌✨🌟💚,😌💪✨,😊😌💚,✨🌟😊💚,😔😞😢💔,💪✨🌟,😊😌💪✨,😊✨💚🌈,💪✨🌟😊,😊💚🌈,😌🌈✨,😊💪🌟,😊😌💪✨,😊💪🌟,😌💚🌟,😌✨🙏💚,😊💪🌈,😊😌✨🌈,😌✨🌟💚,😌💪✨,😊✨💪🌟💚,😌💪🌈,😊😌💚✨,😔😞😢😣,😊✨🌟🙏,😊😌💪🌈,😊💚🌟✨,😊💪🌟,😊💪✨🌟,😊😌💚,😊😌✨🌟,😊🌟💚✨,💪✨🌟😌,😔😞💔😢,😌💪✨🙏,🌟🌈💪,😊💪✨🌟,😌💪✨,😊😌✨🌟,😌💚🌈🙏,💪✨🌟💚,😌🙏🌟,😌💪✨🌈,💪✨🌟🌈,😊✨🌟,😊😌💪✨🌟,😊💚🌈",0
n-1032,"😌💪🌟,😊😌✨,😌💚🌈✨,😊😌🌟💪,😊😌💪✨🌟,🌟💚😌✨💪,😊😌💚✨🌟,😌💪🌈✨,😊💪🌟,😊💪✨,😌🌟💚,😊💚🌟,😊💪✨🌟,😊✨🌟,😊💪✨,😊✨🌟💚,😌✨💪🌈,😌🙏💪,😌✨🙏💚,😊😌✨🌟,😌✨🌟,😌💪✨,😊😌💪🌈,😊😌💚🌈,😊✨🌟,😊😌✨🌟,🌈💪😌,😌💚🌟🙏,😔😞😣,😌💪🌈,😌💪✨,😌💪✨🌟,😊💪✨,😌💪✨🌈,😌✨🌟💚,😌💪🌟💚,💪✨🌟,😌💪🌟,😌💪🌈,😔😞🌑😩,😊💪✨,😊✨🌟,😔😞😩,😊😌✨🌟,😌💪🌈,😌💪✨🌈,😊😌✨🌟,😊😌✨🌟,😊💪✨,😌✨🌈🙏,😊🌟💚,😌💪✨🌈,😊🌟💚,😊😌✨🌈,😔😞😢😣,😌✨🌟💪,😊💪🌟🌈,😔😩😖😞,😔😣😩,😌🙏💚🌈,😔😞😩,😊💪✨🌟,😊😌✨🌟💚,😊😌💪🌟,🙏💚✨😌,😊💪✨🌟💚,🌟💪🌈😊,😊✨🌟💪,😊💪✨,✨🌟😌,😌🌟💪,😊🌟💚",0
n-1041,"😊✨🌟🌈,💪✨😌🌈,😌💪✨🌈,😌✨🌈,😊✨🌈,😊😌💚,😊😌✨💚,😌✨🙏,😣😞😔,😊💪🌈,😔😣😖😩,😊💪✨🌈💚,😊💚🌈,😊💚✨🙏,💪😌🌈✨,💪😌🌈✨,😊😌✨💚,😌💚✨,😣😩😞😔,😊💪🌟🌈,😊😌💪✨,😊💪✨🌈,😊💪✨🌈,💪✨🌈😊,,😌💚🌈✨,😌🙏✨,😞😩😔,😊✨🌈,💪😌🌈,😊💪🌟,😌✨💚,💪✨🌈,🌑😰🆘,😊💪🌟🌈,😔😞😌,😌💪🌟💚,😌😊🌟💚,😊💪✨,😔😞💔,😔😞😣,😔😞😌,😊😌🌈💪,😌✨🙏🌈,😊💚🌈,😔😞😣,😌💪✨,😌💪🌈✨,😌✨💚🌈,😌💪🌈✨,😌💪✨🌈,💪😌🌟💚,😢😞😔😣,😌💪✨,😌🌈💚,😊😌💪,😌✨💪🌈,😊😌✨🌟💚,😔😞😣💔,😔😞😣,😊😌🌟🌈,💪✨🌟😊💚,😌💪🌈✨,😔😣😖,😊🌈✨,😊✨🌈💪,😊😌✨🌈,🌈✨💪😌💚,😌💚🌈✨,😔😞😩,😔😢😞,😌💚🌈✨,🌑⚠️😞💔,😌💪🌈✨,✨💚🌟💪,😰⚠️🚨😔,✨🌟💪,💚✨😌🙏,🙏💚😌✨,😌💚🌈,😊😌💚✨🌈,,✨🌟😊,😌✨💪🌈,😊😌💪,😌✨🌈💚,😊🌈✨💪,😊😌💪🌈,😊✨🌈💚,😔😞😣💔,😊💪✨🌟😌,🌈✨💪,🙏✨😌💪,😔😣😖,😌🌟🌈,⚠️🚨😰🌑,😌✨🙏,😌💪✨🌈",0
n-1061,"🌟✨💚,😊✨🌟,😊✨🌟,😊✨🌟,😊😌✨🌟,😊😌✨💪🌟,✨🌟💚😊💪,✨🌟💚😌,😊😌💚🌟,✨🌟💪,✨🌟💪,😊✨🌟,✨🌟💪💚,😊✨🌟💪🌈,😊✨🌟💪🌈,✨🌟💚😊,😊✨🌟,😊🌈✨💪,✨🌟💚😊,💪🌟✨😊💚,🌟😊💪✨,😊💪✨🌟,😊🌟💚🌈,💪✨🌟🙏,😊💪✨🌟,😊💪✨,😊💪✨🌟,😊💪✨,💪✨🌟😊,😊✨🌟💪🌈,😊✨🌟💚,😊✨🌟,😊✨🌈💪,😊💪🌟,😊✨🌈💚,😊💪✨🌟,😊💪✨,😊✨💪🌈,😊💪✨🌟💚,😊✨🌟,🌟✨💪🌈,✨🌟💪🌈,🌟💪🌈😊,😊✨🌟💪,🌟✨💪😊🌈,🌟😊💪,✨🌟😊💪,😊💚✨🙏,😊💪✨💚🌟,✨🌟💚😊,😊✨🌟💚,😊💪🌟🌈,😊✨🌟🌈,😊😌💪✨🌟,😊✨🌟,😊💪✨,💪✨🌟🌈,✨🌟💪🌈,🌟💪🌈😊,😊🌟🌈💪✨,😊💪🌟💚,😊💪🌟,😊💪✨🌟💚,😊✨💪🌈,😊🌈💪✨,🌟💚😊✨,💪✨🌟😊🌈,🌟💚😊✨,😊💪🌟,😊💚✨,😊💚✨🌟💪,😊🌟💚,😊✨🌟💚,😊✨🌟💚,😊💪✨🌟,😊💚✨,💚✨💪🌟,✨🌟💚🙏😊,✨🌟💚😌💪,😊✨🌟💚🌈,✨💪🌟,🌟✨😊💚,😊💪✨🌟💚,✨🌟😊💚🌈,😊💪✨🌟💚,😌💚🌈✨,✨🌟💪🌈,✨🌟💪,😊💪✨🌟💚,😊🌟💪🌈,😊🌟💚🌈😌,😊💚✨,😊✨🌟,✨🌟😊🙏,😊✨🌟,🌟💪✨😊💚,😊💪✨🌟🙏,😊✨🌟💪🌈,😊💚✨🌟💪,😊💪✨🌟💚",0
n-1062,"😊✨🌟🙏💚,😊💚🌈✨,😔💔😞😩,💔😞😣😩,😔😞😣😩,✨🌟😊💪🌈,😌💚🌈,😔😞💔,🌟✨😌💚,😊😌💚🌈,😌✨💪🌈,😌💪🌟💚,😔😞😣,😔😞😣,😊😌🌈✨,😌💚🌟✨,😊😌🌈,💪✨🌈😊,✨💪🌈😊,😊✨🌟💪,😊💪✨,😊✨🌈,😊😌✨🌈,😊✨🌟💚,😌💪✨🌟,,😌💚🌈,😌✨🌈,😊😌💚🌈,😊😌💚✨,😌💪🌈,😔💔😞,😌💪✨🌈,😌💪✨🌈,😰🌑🕳️⚠️,😌💪🙏🌈,💔😔😞😢,😊🌟💚🙏,💔😞😔,💪✨😌,😔💔😞,😌💪🙏🌈,😔😞😣,💪😌✨,😌✨💪🌈,😔😞😩💔,😌🙏🌈",0
n-1070,"😊✨🌈,😌💪🌈,😊😌💚✨🌈,😊💪🌟✨,😊✨🌈💪🙏,😊💚🌟,😊💪✨🌟,😊💚✨😌,😊✨🌟,😊😌✨🌈,😊😌✨,😊✨🌟,😊😌🌟💚,😊✨🌟💚,😔💔😞😖,😊💪🌈✨,😌✨💪🌟,😔😞💔😢,😔😞😣,😔😞😣😩,😌✨💚🌈,😩😔😞,😌💚🌈✨,😊✨🌟,😊✨🌟💚,💔😢😞😔,😔💔😞,😔😖😩😞,😔😞😣,😣😖😩😔,😊✨🌟💚,😊✨🌟,😌🌈✨💪,😊✨🌟💪🌈,😊💪✨🌟🌈,😊💪✨🌟,😊✨💪🌟😌,😌✨🌟🌈,😊✨🌟,😊✨🌟💚,😊💪✨🌟,😊✨💪,😊💪✨🌟,😊💪🌟✨,😊💪✨🌟,😊💪🌟✨,😊💪✨🌟,😌✨🙏,😔💔😞😣,🌟💚🙏",0
n-1071,"😊💚🌈,🌈💚😊🙏✨,😊🌟💚🌈💪,😊💪🌈💚,😊😌💪🌟🌈,🌈💚😊,😊💚🌟,😊💚🌈,😊💚🌈✨,😊💪🌟🌈,😌💚🌟,🌈💚😊💪,😊💚🌈✨,😊💚🌈😌,😊💚🌈,😊💚🌈💪,😌💪🌈💚,😊🌈💪,😊💚🌟,😊💚🌈,😊💚🌈✨,🌈💚✨😌💪,😊💚🌟,😊💚🌈,🌈💚😊✨💪,🌟💚🌈😌,😊💚🌈,😊😌💚🌈,🌈💚🙏,😊💚🌈✨,😊💚🌈,😊💚🌈✨💪,🌈💚🙏✨,🌟💚🌈😊,😊💚🌈✨,😊💪🌈✨,😊💚🌈,💚🌈✨😊,😊💪🌈✨,😊😌💪🌈✨,😊💪🌈,🌈💚😊✨,😊💚🌈,😊🌈💚🙏,😊💪🌈,💚🌈✨,😊💚🌈,😊😌💚🌈,🌈💚🙏,😊😌💪🌈,😊🌈💪✨,😊💚🌈,💚🌈😌💪,😊🌈💪,😊💚🌈😌,😊😌💚🌈,🌈💚😊✨💪,😊🌟💚,😊💚🌈✨,😊💚🌈,🌈💚🙏✨,😊💚🌈,😊💪🌈,😊😌💚🌈,😊😌💪,😊💚🌈,🌈💚🙏,😊💪💚🌈,😊💚🌈✨,😊😌💪✨🌈,🌈💪🌟😌💚,😊💪🌈,😊💚🌈✨,💚🌈✨🙏,😊💚🌈✨,💪🌟💚,😊💚🌈,😊😌💚🌈,💚🌈✨😊,😊😌💚🌈,😊💪🌈✨,🌈💚😊✨💪,😊💚🌟💪,😊💚🌈✨,😊💪🌈,😊💪🌟🌈,😊💚🌈💪,😊💚🌟,😊💚🌈,🌈💚😊😌💪,😊💪🌈✨,😊💚🌈,😊💪💚🌈,😊💪🌈💚,😊💚🌈✨,😊💚🌈✨,😊💚🌈,😊💪🌈💚,😊💚🌈💪,😊💚🌈✨",0
n-1072,"😊✨🌈,😊✨🌈💪,😌💪🌈,😊😌✨🌈,😊😌🌟🌈,😔😢😞😣,😊✨🌈,😊💪✨,😊😌💚,😊😌✨🌈,😊✨🌈💪,😊🌟💚✨,😌💪✨,😔😞😣😩,😌💪✨🌈,😔😞😣,😊✨🌈💪,😊😌✨🌈,😊💚✨🌟,😌✨🌈,😊✨🌟💪,😊✨🌈,😊😌💪,😊✨🌟💚,😊😌✨🌈,😌💪✨🌈,😌💪🌈🙏,😊😌✨🌈,😌✨🌈,😊😌💪✨,😊😌✨🌟💚,😊✨🌈💪,😊💪✨🌈,😌💚🌈✨,😊✨🌈💚,😌✨🌟💚,😊🙏✨💚,😊✨🌟,😊😌🌈,😌💚🌟🙏,😌✨💪🌈,😊😌✨,😊✨🌟,😢😔😣😞,😔😞😢💔,🔪🆘⚠️🚨,😔😞😣😩,😊✨🌈,🚨⚠️😰,😊😌✨🌟,😊😌🌈,😌💪✨🌈,😊✨🌟,😊🌟💚🌈,🌈😌✨💚,😊✨🌟,😊✨🌟💚,😊✨🌈💪,😌✨🌟💚,😊🌈✨,😊✨🌈,😊🌈💪,😌🌟💚✨,😊😌💪✨,🌈✨🙏😌💚,😌💪🌈,😌💚✨,🙏😊✨💚,😊😌🌟💚,😌✨🌈💚,😊😌✨🌈,😰🚨⚠️,😢😞😔😣,😊💚🌟🙏,😊😌🌈✨,😌✨🌟💚,😊😌✨,😌💪✨🌟,😊✨🌟💚,😊🌟💚,😊😌🌈,😌💪✨,😊✨🌈,😌💚🌈✨,😊😌💪✨,😊✨🌟,😊😌💚🌈,😔😢😞,😌💪🌈,✨🌟💚,😌💚🌈,😊✨🌈💚,😊🌟💚✨,😌✨🌈💚,😢😞😩,😊😌💪,😔😞😩,😌💪✨🌈,✨🌟💪",0
n-1073,"😌💪✨🌟,💪✨🌟,💪✨🌈💚,😊😌✨🌈,😊😌✨🌟,🚨⚠️💀😰,🌟✨😊💚,😊🌟💚✨,😔💔😞,😔😞😣😩,😊🌟💚,😌✨🌈,😌💪✨,😊✨💪,😌💪✨🌈,😔😞😖,😌✨💪,😊💪✨🌟,😔💔😞😣,😌✨🌈💪,💪✨🌟,😔💔😞😣,😔😞😩,😌💪🌈,😣😔😞,😊💚🌟🙏,😌💪✨🌈,😊💪✨🌟,💪😌✨🌈,😌💪✨🌟,💪✨😌🌟,😌🙏✨,😌✨🙏😊,😔😞😖,😊🌟💪,😌✨🌟🌈,😌🙏✨,😌✨🙏,😔😢💔,😔😞😣,😔😞😣😩,😌💚✨🌈,😌💪✨🌈,😊💪✨🌈,😔😞😣😖,😌💪✨🌟,😌💪✨🌈,💪✨🌟💚,😌💪✨🌈,😌💪🙏🌈,😌✨🙏,😌💪🌈✨,😞😣😩,😌💪🌈,😌✨💪🌈,🌈✨😌💚🌟,😔😞😣😩,😖😩😞😣,😌💪🙏✨,😊🌟✨🌈,😊😌✨🌟,😊✨🌈💚,😌💪✨🌈,😌💪✨🌟,😌💪✨,😌💪🌈✨,😌💪🌟🙏,😔💔😞,😊😌💚🌈,😌💚✨,😌💪🙏✨,😢😔💔😞,😌✨🌈,😌💪🌈✨,😊✨🌟,😌💪✨,😌✨💚,😌✨💪,😊😌✨,😊✨🌈,😌💚🌟💪,😌✨💪🌟,😌💪✨🌈,😌💪🌈,💪✨😌,💪✨🌟😊,💪✨🙏😊,😣😖😩😔,😔😢😞😣,😊✨🌟💚,😊😌💚,😌💪✨🌈,😊😌✨🌈,😊🌟💚✨,😢😔💔😞,😌💚🌈✨,😔😞💔,🚨⚠️😰🆘,😔😞😣",0
n-1082,"😊💪✨🌈,😊✨🌈💚,😔😞😢,😌🌟💚😊,😊😌🌟💚🌈,😌✨💚🌈,😊💚✨🌈,😔💔😞😣,😊😌🌟🌈,😌🌈✨💚,😊✨🌟🌈,😊✨💪🌈,😌💪💚🌈,😊😌💪✨,💪✨🌈😊😌,😊😌💪✨🌟,😊💚🌟,😌✨🌟💚,😌💪✨🌟,😊😌✨🌈,💪✨😌🌈,😊💚🌈✨,😊💪✨🌟,😌💪🌈,💪✨🌟😌,💪✨🌟🌈,💪✨🌟😌,💪✨🌟😌,😌✨💪🌟,😊💪✨🌟,😊💪✨,😔😞😢💔,😌💪✨🌟,😊💪🌈,💪✨🌈😊,💪✨🌟,😊💪✨🌟,😔😣😖😩,💪✨🌟😌,😊💪✨,😊💪✨🌟,🌈✨😊💪,😊🌟💚🌈,😌💪🌈✨,🌈✨😌💚,😌💪✨🌈,😌💪🌈,😌✨🌈💪,😊😌✨,😊😌✨🌈,😌💪🌈,😌💚🌈✨,😊😌✨🌟,😔😞😩,⚠️🚨😰🌑🕳️,😌💪🌈,,😊😌✨💚,😔😞😣😩,😊💪🌈,😖😩😢💔,😌✨🌈💚,😊😌✨💚🌈,😌💚🌈,🚨💀🆘😰,😊✨🌟🌈,😌💚🌈✨,😌✨🌟💚,💊⚠️😰🚨,😊😌✨,😌💪✨,😔🌈💪,😰🌑🕳️😖😞,😌✨💚,😔😞😣,😔😞😣,🌑⚠️🆘💀,😌✨🌟💚,😌💚🙏✨,😌🌟💚🌈,😊😌✨,😌💪✨🌈,😊😌✨,😌😊💪,😊🌈✨,😌✨🌈😊,😌💚✨🌟,😔💔😞😣,😊😌💪🌈,😌✨🌈💚,😌✨🙏💚,😊😌🌈✨,😊😌✨💚,😔😞😩😣,😌✨🌈💚,😌✨🌈💚,😌🌈✨🙏,😊🌟🌈,😊💪🌟✨",0
n-1086,"🙏💚💪,😣😖😰🆘⚠️,💪✨🌈🌟😊,😌💪✨,🌈💪✨,😔😞😩⚠️,😣😖😩😢💔,🙏💚🌟💪,💪😌🙏,😊💪✨🌟,💪🙏💚,😌💚🌈✨,🌟✨😌,💪🙏🌟😌,😌💪🌟🙏,😊😌✨🌟,😊😌💪✨,🌟🌈😊💚,😔😞😢😣,😊💪🌟🌈,😊💪🌟🙏,😔😢😣😖,😔😞😢😣,😊🌟💚,💪✨🌈,😊💪🙏🌟,💪✨🙏,😊✨🌈💚,😔💔😢😞,😌💪✨🌈,😣😖😩😔,😰🚨⚠️🩸,😌💪✨,😌💚🙏,😌💪🌟,🙏💚🌈,🩸😰⚠️💀,🌟✨💪,💪🙏💚🌈,🌈✨😊💪,💪💚🌟,😰⚠️😩,😊🌟🙏💚,😰🆘⚠️🌑,😌✨🌈💚,🌟💚🙏,💪🙏💚🌈,😌🙏💚,🙏💪🌈💚,😌💚🌈✨,😌✨🌟💚,😌💪✨🙏💚,😞😔😣😢,💪🙏✨🌟,💪🌟😌✨,🩸😰⚠️🆘💀,🌈💚😌✨,🙏💚🌈,🆘😰🩸⚠️,🙏💚💪,🩸💉😰⚠️,😔😢💔😞,😊🌈✨🌟,😊🌈💪🙏,😌💪🌈,😔😞😣😩,💪🌈😌🙏,😌💪🌟🙏,💪🙏💚✨,😔😢💔😞,🙏💚🌈,😰🌑⚠️💊,😊🌟🌈💪,😌✨🌟🌈,😌✨🙏💚,⚠️😰🩸🚨,😰😣😖,😌💪🌟🙏,😌💪🙏,💪🙏💚✨,💪🙏🌈💚✨,🌑😰🕳️🚨🆘,😔😞😣,😔😢😞,😣😖😩,😌💪🙏💚✨,😔😞😩😣😖,😰💊⚠️🚨,🙏💪🌟💚,💚🙏💪,💪🙏🌈😌,😌🌈✨,😌🌈✨💚,😊😌✨🌈,💪🙏💚✨,😔😞😢💔,😌💪🌟✨,😔💔😞😩,😔💔😞😣,😔😞😖",0
n-1089,"😊💚🌈✨,😊✨🙏💚,😊🌟💚🌈,😊💪🌟🙏,😊💪🌈✨,😊😌✨,😔💔😢,😊🌟💚🌈,😊💪🌟,😊✨🌟💚,😌💪🙏✨,🙏😌💪✨,😌💪🌈,😊✨🌟,😊💪🌈🙏,😊💚🌟💪,💪✨🌟🌈,😊✨🌟,😊😌✨🌟,😌💪🌈🙏,😊🌟💚🌈,😊🙏💪🌟,😊✨🌟,😊✨🌈💚,😊✨🌈,😊😌💪🌈,😌💪🌟🌈,😊💚✨🙏,😊✨🌟💪🙏,😌💚🌈,😊😌🌟,🙏✨💚🌟,😌💪🌟🙏,💚💪🌈✨🙏,💪✨🌈🙏,😊✨🌟💪,😊🌟💚😌,✨🌟😊💪,😊💪✨,😊😌💪🌈,😊🙏🌟,😊🙏💚✨,😊✨🌈,😌💪🙏,😊✨🌟,😌💪🌈🙏💚,🙏💪🌈✨😊,😊✨🌟,😊✨💚🌈,😊✨💪,😊✨🌟💚,😊💪🌈🙏,😊✨🌟💪,🙏🌟😊,😌✨🙏💚,🙏💪✨💚🌈,🙏💚🌟✨,😊💚🙏✨,🙏💪🌟💚,😊✨💪,😊🙏💚✨,😊💪🙏🌈,🙏💚😌✨,😌💪🙏🌈,😊✨🌈💚,😊💪🌟💚,😊😌✨,😌💪✨🌈,😊💪🌈💚,🙏💪✨🌈😊,😊💪🌈,🙏✨😊💪,😊✨💪,💪✨🙏💚🌟,😊🌟🙏💚,😊🌟💚,😊💚🌈,😊🌟🙏💚🌈,🌈✨😊,😊💚🙏🌈,🙏💚✨😌,😊🙏🌟💚,😊🙏💪🌟,😔😞😣😩,😌💪💚🌈,😊😌💚✨,😊✨🌟💚,😊🌟💚,😊💚🌟🙏✨,😊💚🌟,😊💚🌈✨,💪🙏💚🌈,😊🙏💪,😊🌟💪🌈,😊✨🌈💪,🙏😊💚✨,🙏😊🌟💪,😊💪🙏,😊💪🌈🙏,😌💪🌈🙏",0
n-1091,"😊💚✨🌈,😔😢😞,😌💚🌈,😔💔😞,😊✨💚🙏,😌💚🌈✨,😔😢😞💔,😔😞😣,💔😔😢😞,😊😌💚🌈,😌💪✨🌈,😊✨🌟,😔😞😣😩,😔💔😞😢,😌💚🌟✨,😌🌈✨💚,😔💔😞,😌✨🌈",0
n-1100,"😊✨🌈,😊🌟💚🌈,💪✨🌟😊💚,😌🙏💚💪,😊😌💪✨,😊💪✨🌟,😊🌟💪,😊💪🌟,😊😌💪,😊💪✨,😊😌💪✨🌟,😊💪✨,😊💪✨,😊😌💪✨🌟,😊😌💪✨,😊💪✨,😊💪✨,😊✨🌟,😊💪✨🌟💚,😊💪✨🌟💚,😊💪🌟,😊💪✨,😊💪✨,😌✨🌟💚,😊💪🌟,😊💪✨🌟💚,😊💪✨🌟,😊✨🌟💪🙏,😊✨💪🌟,😊💪✨🌟,😊💪✨🌟,😊💪✨🌟💚,😊💪✨🌟💚,😊🌟💪✨,😊💪✨🌟💚,😊💪✨🌟🙏,😊😌💪,😊💪✨,😊💪✨🌟🙏,😊💪✨,😊💪✨🌟,😊💪✨,😊💪✨🌟💚,😊💪🌟,✨🌟💪🙏,😊✨🌟💪,😊💪✨🌟,😊💪✨🌟💚,💪✨🌟,😊💪✨🌟,😌💪✨🌟,😊💪✨🌟,😊💪✨,😊💪✨,😊💪🌟🙏,😊💪✨🌟,✨🌟💪,💪✨🌟,😊💚🌟,🌟💪😊✨🙏,😊💪✨🌟,😊✨💪🙏🌟,😊💪✨🌟,😌🙏🌟💚,😊💪🌟,😊💪✨,💪✨🌟🙏,😊✨🌟💪,😊💪✨🌟,😊💪✨,😊💪✨,💚🌈✨,😊💪✨,😊💪✨🙏,😊💪✨🙏,😊😌💪✨🌟,😊💪✨,😊💪✨,💪✨🌟,😊💪✨🌟,😊💪✨,😊💪✨,😊💪✨,😊💪✨🌟,😊💪✨🌟,😊💪✨,😊✨🌟💪,😊💪✨🌟💚,😊💪✨🌟,😊💪✨🌟,💚🌟😊💪,😊💪✨🌟,😊💪✨🌟💚,😊💪✨🌟,😊💪✨🌟,😊✨🌟💚,😊✨🌟💚🙏,😊😌💪✨🌟,😊💪✨🌟,😊💪✨🌟💚",0
n-1113,"🙏💚✨💪,✨🌟💚🙏,😊😌✨,💪🌈🙏💚,😔💔😞😣,😰🌑🕳️🆘,😊💪✨🌟,😊✨🙏,😔😞😣😢,😊💪🌟💚,😊✨💚🌈,😔😞😣😩,😌💪✨🌈,🙏😌✨,😔😞😣,😣😩😔,😰⚠️😖😩,😊✨🌈💚,😊😌✨🌈,😊😌✨🌟,😊🌈🙏😌,😌💪🌟🙏,😊😌🌈,😔😞😣,😊💪✨🌈,😰🌑🆘🚨,😌💚✨🌈,😌💪🌟,😊✨🌈,😔💔😞,😌🌟💚🌈,😔😞😣😖,😌💪🙏🌈,😊😌💪🌈,😊✨🌈,😔💔😞😩,😰🌑⚠️,😌💪🌈,😊😌✨,😔😢💔,😊😌✨🌈,😊😌✨💚,,😊😌✨,😔😣😩,😊✨🌟,😔😰⚠️,😔💔😞,😌✨💚🌈,😔😞😩,😔💔😞😣,😔😞😩💔,😊😌✨🌟,😊💪✨🌟,😊😌🌟,😊😌✨,😌✨🌟💚,😊😌💚✨,😔😞😩😣,😌💪🌈,😔😞😖😩,😌✨🌈💚,😊🌟💚😌🙏,💪😊🌈✨,😢😔😣😞,😊💪✨🌟😌,😊😌✨🌈,💪✨🌈😌🌟,😊✨🌈💪,😰🌑🕳️⚠️,💪😌✨,😌💪🌈,😔😞💔😩,💪✨🙏,😊🌟💚✨,😊💚✨🙏,😊💪🌈💚,😊😌✨💚,😔💔😞😣,😔😞😩💔,💪✨😌,😔😞😩,😊💪✨🌟😌,💪✨😌,😊😌✨🌈,😌💪🙏🌟,🙏💚✨,😊🌈💚,⚠️😰🌑🆘,😊😌✨,😌✨💪🌈,😌💪🌈,😌✨🌟💚,😊😌✨,😊😌✨,😊✨🌈💚,😔😞😣",0
n-1121,"😊✨🌈,😊✨🌟🙏💚,😊✨🌈,😌💚🌈,😌💪🌈,😊🌟💚🌈,😊✨🌟🌈,😌✨🌈💚,✨🌟🌈😊,😊✨🌈💚,😌✨💚🌈,😊✨🌈,😊😌✨🌈,😔😞😣😩,🌟🌈😌💚,😊😌✨🌈,😌💚🌈,😊🌈✨💪,😊🌈✨💚,😊✨🌟💚😌,😊😌✨🌈,😊🌈✨,🌈✨😌,🌈✨😌💚,😌✨🌟💚,🌟✨😌,😊🌟💚,🌈😌✨💚,😔😞😣😩,😊😌✨🌈,😊✨🌟,😊🌈✨,😊😌💪🌈,😊😌💚🌟,😊😌✨🌈,😊😌💚✨🌈,😊😌✨🌈,😊😌💪💚,😊💚✨🌟,😊😌✨💚,😊🌟🌈,😌🌈💚✨,😊😌🌟🌈,😊😌✨🌈💚,😌✨🌈💚🙏,😌✨🌈,😊😌✨🌈,😊😌✨💚,😊✨🌈💚,😊😌💚✨🙏,😌✨🌈,😊😌✨🌈,😊😌✨🌈,😊✨💚🌈😌,🌟✨😊💚,😊😌✨🌈💚,🌈✨😌💚,😊✨🌟💚😌,😊✨💚🌈,😊😌🌟💚,😊✨🌈💚,😌✨🌟,😌🌈✨,😊😌💪✨🌈,😊🌈✨💚,🌈✨😊🌟,🌈✨😌💚,✨🌟😊🌈😌,😊✨🌈💚,😊✨🌈💚,😊✨🌈,😊😌💚✨,😊😌✨🌟,😊🌟✨💚,💪✨😌🌟,😌✨🌈💚,😊✨💪🌈,😊😌✨🌟,😊✨🌟💚,😌🙏🌈,😊✨🌈,😌✨🌈,😌✨🌟💚,😊✨🌈💚,😌✨🌟💚🌈,😌🌟💚,😊😌✨🌈,😊✨💪🌈,😌🌈💚✨,😌💚🌟,😌✨🌈💚,😊✨🌈,😊🌟💚,🌈✨😌,🌈✨😌,😌✨🌟💚,😊😌💪,😊🌟🌈,😌✨🌈,😔😞😣",0
n-1124,"😌💪✨🌟,😊✨💚,😊💪✨🌟,😌✨🙏💚,😊✨🌈💚,😌😊💚✨,😌✨💚🌈,😊😌💪✨,😌✨🌈😊,😌✨💪😊,😔💔😞😣,😊😌✨🌈💚,😌💪🌈,😊😌✨🌈,😊😌💪✨,😊✨🌈,😌✨🌈💚,😌💪✨🌟,😊🌟💚,😊💪✨🌈💚,⚠️🚨😰🆘,😊😌💪✨🌟,😊😌💪,😊😌💚✨🙏,😊✨🌈,😊😌✨🌈,😌✨💚🌟,😊😌✨🌟,😌💪🌈✨,🙏💚🌈💪,😌✨🌈,😊😌💪🌈,😊😌✨,😊✨🌈💚,😊😌✨,✨😌💚,😌✨🌟🌈,😔😣😖,😔😞😩,😊😌🌈💪,😌💪💚🌈,😊😌✨🌟,😌✨🌈,😌💪🌈,😊😌✨,😊🌟💚,😊✨💚🌈,😌✨💚,😊😌✨,😊😌✨💚,😔😞😣,😊✨🌈,😌✨🌟💚,😊🌈✨💚,😊✨🌈,😌💚🌈,😊😌🌟🌈,😊😌✨🌈,😊😌✨🌈,😊😌🌈✨,😌💚🌈,😌✨💚🌈,😔😞😢💔,😊✨🌟💚,😊😌✨🌈,🌈✨😊💚,😌✨🌈💚,😊😌💚✨,😊😌💚✨,😊😌✨🌈,😊😌✨,😣😖😔,😌✨🌈,🌟✨😊,😌💪💚🌟🌈,😊😌💪✨,😊✨🌟💚,💪😌✨🌈,😌💪🌈,😌💚✨🌟,😊😌✨🌈,😌✨🌈💚,😊💪✨🌟,😊😌✨🌟,😊😌✨,😌💚✨,😌💪✨🌈,😊💪🌈,💀💊😰⚠️,😊✨💪,😊✨🌟💚,😊😌🌟,😌💚✨🌈,😊✨🌈,😊😌💚✨,😊😌✨🌈,💪✨😊🌈,🌈✨💚😊🌟,😊💚✨🌈,😌✨🌈💚",0
n-1136,"💚✨😊🙏,😊💪🌟🙏,😊💚🌟,😊😌💪,😌💪🌈,😊✨🌟💚,😌💪🌟🙏,💚✨😌🌈,😊💪✨,💪✨🌟,😌🙏💚✨,😌💪✨🌈,😌✨🌈,😊💪✨🌈,😊💪✨🌟💚,💪✨🌟🌈,😊💪✨🌟,😌🌟💪,😊💪🌟✨,💪✨🌈😌,💪✨💚🙏,😊😌💚,💪✨🌈😌,💪✨🌟,😊✨🌟💪,💪✨🌟,🌟✨😊🌈,😊🙏✨,😔😞😩😣,😊😌💪✨,💪✨🌟,😊💪✨🌟💚,😌💪✨🌟,✨🌟💚,😌💪✨🌟,😌💪🌈✨,😊😌✨🌈💚,💪✨🌟😌,,💪✨🌟💚,🌈✨😊💪,😌💪🌈✨,😌💪🌈,😌💪✨,💪✨🌟,😌💚🌟,💪✨🌟😊,😊💪✨🌈,😊💪✨,💪✨🌈💚,💪✨🌟🌈,😌✨💪🌈,😌✨🙏🌈,💔😔😢😞,😊✨🌟,😔💔😞😣,💪✨🌈😊,💪✨🌟,😌💚✨🌈,😌✨💚🌈,🌟💚🙏✨,😌✨🌈💪,😌💪✨🌟,🌟💪🌈🙏,🌟💪😊🌈💚,🌟💚🙏🌈,😌✨🌟🙏,😊💪✨🌟😌,💪✨🌈🙏🌟,💪✨🌟💚,😌💪🌈,💪🙏🌈✨,💀😰🚨,💪🌈✨💚😌,💪🙏💚🌟😌,😢😔😞💔,🙏💚✨🌟,🌈💪✨😊,😌✨🌟💚,😌✨🌈💚,💪✨🌟🌈,💪✨🌈😊,💪💚🌈🙏,💪💚🌈🙏✨,💪🌈🙏✨,😢💔😔😞,😌💪🌈,😌💪🌟🙏,🙏💚🌈✨,🙏💚✨💪🌈,😊💪✨🌟😌,😌💪🌟🙏,🙏💚💪✨,💪🙏🌟💚,😔😢😞😣,💪🌟💚,💪✨🌟🙏,😌✨🌟💚,😔💔😞😣😩,🙏💪💚🌈",0
n-1138,"✨🌟😊💪,😊✨🌟🙏💚,😊✨🌟,😊✨🌟,😊✨🌟💚,😊✨🌟💪,😊✨🌟,😊✨🌟💚,✨🌟😊💚🌈,😊✨🌟💚,😊✨🌟💚,😊✨🌟💚,😊✨🌟💚,😊✨🌟💚,😊✨🌟💚,😊✨🌟🙏💚,😊✨🌟💚,😊✨🌟🌈,🌟✨😊💚,😊✨🌟,😊✨🌟💚,😊✨🌟🙏💚,😊✨🌟💚🌈,🌟✨😊💚,🌟✨😌,😊✨🌟💚,😊✨🌟,😊😌🌈,😊💪✨🌈,😊✨🌟,😊✨🌟💪,😊✨🌟🙏,😊✨🌟🙏,😊✨🌟💪,😊✨🌟,😊✨🌈💪,😊😌💪✨,💪✨😊🙏💚,😊💪✨,😊💪✨,😊💪✨💚,😊✨🌟,😊✨🌟💪,😊✨💪,😊✨🌟💪,😊✨💪🌟😌,😊✨🌟💪,😊✨💪,😊✨🌟💪,😊✨🌟💪,😊✨🌟💪,😊✨🌟,😊💪✨🌟,😊✨🌟,😊✨🌟💪,😊✨💪🌟,😊💪✨🌟,😊✨🌟💪,😊✨🌟💪,😊✨🌟💪,😊✨💪🌟,😊✨🌟,😊✨🌟,😊💪✨🌟,😊✨🌟💪,😊✨🌟,😊✨💪🌟,😊✨🌟💪,😊✨💪🌟,😊✨🌟,😊✨💪🌟,😊✨💪🌟,😊✨🌟,😊✨💪🌟,😊✨💪,😊✨🌟,😊✨🌟💪,😊✨🌟,😊✨🌟💪,😊✨🌟,😊✨🌟💪,😊✨🌟💪,😊✨🌟💪,😊✨🌟💪😌,😊✨🌟💪,😊💪✨🌟,😊✨🌟💪,😊✨💪,😊✨💪🌟,😊✨🌟,😊💪✨🌟,😊✨🌟💪,😊✨🌟💪,😊✨🌟💪,😊✨💪🌟,😊✨🌟,😊✨💪🌟,😊✨🌟💪,😊✨🌟",0
n-1144,"😊🌟💪✨,😊💚🌈,✨🌟😊💪,😊😌✨🌟,😊✨🌟💚,😊✨🌟,🚨⚠️😰🌑,😊✨🙏💚,😊✨🌟💚🌈,💪✨🌟,😊✨🌟,😊✨🌟💚,✨🌟💚,😊💚🌈✨,😊✨🌈,✨🌟💪😊,😊✨🌈,😊✨🌟,😊✨🌟💚,😊😌✨🌈,😊😌✨,😌✨🌈🌟,😊✨🌟,😊✨🌟,😌✨🌟💚,😌💪🙏✨,😊✨🌟💚🙏,😊😌💚,😊✨💚🌈,😊😌🙏💚,😊💪🌟,💪✨😊💚,😊✨🌟,😊😌✨,😔😞😩,😊✨🌟,😊😌✨,😌💪🌈,😊😌✨🌟,😊✨🌟,😊😌✨💚,😊💚🌈✨,😊✨🌟,😊✨🌟,💪✨🙏💚,😌✨🌟💚,😊✨🌟,😊✨🌟,😊✨🌟,😊😌✨🌟,😊✨🌟,,😊🌟💚,😊✨🌈,😊💪✨,😌💪✨🌟,🙏😌💚🌈,😌💪💚🌈,😊💪🌈,😊✨🌟,😊😌✨🌈,😊😌✨🌈,😌💪🌈✨,😊✨🌈💚,😊✨🌟,😊😌✨🌟,😊😌💪✨,😊😌✨🌈,😊✨🌟,😊✨🌈💚,😊😌💚🌈,✨🌟💚🌈,😌✨💪🌈,😌✨🌈,😊💪✨,😊🌟💚🌈,😊😌🌟💚,😌💪🌟,😊🌟✨,😌✨🌟💚,😊✨🌈💚,😊😌✨💚🌈,😊✨🌟,😊😌✨🌈,😌💪🌈✨,😊✨🌟💚,😊😌✨,😊✨🌈💪,😊😌✨💚🌈,😊😌🌈✨,😊💚✨🌈,😌💪😌✨,😊😌✨,😊✨🌈💚,😊✨🌈💚,🙏💚😌✨,😌🌈✨💚,😊😌💚🌈,🙏✨💚",0
n-1148,"😔😞💔😢,😊✨🌈💪,😌🌈💚✨,😊😌💪,😊😌💪✨,😌✨🌟💚,😔😞😣😩,😊🌟🌈,😌💪🌈✨,😌✨🌟🌈,🌈✨😌,😰😣😞,😊😌💚🌈,😌💪✨🌈,😌🌈💪,😊💪✨🌟,😊😌💪✨🌟,😌💪✨🌈,😌🌈💪,😌💚🌈,😔😞😣,😔💔😞😣,😊✨🌟💚,😊🌈✨💪,😊✨🌈💚,😊😌🌈✨,💪✨🌈",0
n-1149,"😊💪✨🌟,😌💪🙏💚,✨💚😊,😊😌✨🌈,😊💪✨🌟🌈,😊😌✨🌟,😔💔😞,😔😢😞,💪✨😊💚,😌💪🌈,😊😌✨,😊✨🌟💚,😊💪🌈✨,😊😌✨🌈,😊🙏✨💪,😔😞😣,😊😌🌈✨,😔😣😩,🌑🕳️😰⚠️,😌✨🌈💚,🙏💚😌,😔😞💔,😌💪✨🌟,😊✨🌟,😊💚✨😌,😊😌✨🌈,💊🩸💀🆘⚠️,😊😌💪✨,😊💚🌈✨,😊✨🌟,😊✨🌟💚,😔😞😣😩,😊😌🌈,😌💪🙏✨,😔😞😣😩,😊😌✨🌈,😊🌟🌈,😊✨🌟,😊💪✨🌈,😊✨🌟💚🌈,😌✨🌈,😊😌🌟💚,😊😌✨,😔😞😣😩,😊😌✨🌟,😊😌✨🌈,😊😌✨🌟,😊💚🌟🙏,😊✨🌈💚,😊✨🌟,😊😌✨,😊✨🌈💚🌟,😊😌✨💚,😊😌🌈✨,😊😌🌈💪,😊🌟💚🌈,😊✨💚🌈😌,😌🙏🌈,😊💪✨,😌💚🌈✨,😊😌✨🌈,😊✨🌟💚,😊✨🌟💚🌈,🌟😊🌈💚,😊💚🌈✨,😊🙏✨🌟,😔💔😞,😌💪🌟🙏,😌💪✨🌟,🙏💚😌✨,😔💔😞,😔😞😩💔,😊✨🌈💚🌟,😰⚠️💀🌑,💔😔😞😣,😊💪✨🌈,😌💪🌈💚,😰🌑😖😩😞,😊😌💚🌟,🙏💚💪🌈,😊✨🌈💪😌,😊🌈💪✨,😌💪🌟✨,😊😌✨🌈,😌💪✨🌈,😌✨🌈🙏,😌💪🌈,😊✨🌈,😌🌈✨💚,😔💔😞😩,😊✨🌈😌🌟,😊😌✨🌈💚,😔💔😞😣,😊✨🌈💚,😔😞😣😖,😊😌💚🌈,😔💔😞😩,😔💔😢😞,😔😞💔,😌✨🌟💚",0
n-1151,"😌💪🌟,😌💪🌈,😊💪✨🙏💚,😔😞😣😩,😊😌💪✨🌈,😊😌✨,😔💔😢😞,😔😞😣,😌💪🌈✨,😌💪🌈",0
n-1158,"🌟✨😊,😌💪✨🌟,😌😊✨,😌💚🌟🙏,😞😩😣,😊😌✨🌈,😔😞😣😖,😔💔😞😢,😊😌💪,😌✨🌈💚,😌💪✨🌈,😊😌🌟💚,😔😢💔,😊😌✨💚,💪✨😌🌟,😔😣😖😩,😌✨🌈💚,😊🌟💚,⚠️😰🌑🆘,😌✨💚🌟,🙏✨🌟😊,😔😞😣😖,😔😞😢😣,😌💪✨,😌😊✨🌈,😌✨🌈,😊✨🌈,😊✨🌈💚😌,😌💪🌈✨,😌😊💪,💪✨😊,😊😌✨🌈,😔😞😩,😌😊✨🌟,💪✨😊,😊🌟😌💪,😔💔😞,😌✨🌈💚,😊🌈✨💚,😌✨🌈,😌💪✨🌈,😌💪✨🌈,😌✨🙏💚,😌💪✨🌈,😔😞😣😢,😌💪🌟🌈,😌✨🌟💚,😊😌✨🌈,😊😌🌈,😊😌✨🌟,😌✨🌟,😌✨🌟,😌💪💚🌈,😔😞😩,😌✨🌟💚,😊😌✨🌈,😊😌💪🌈,😌✨💚,😌💪🌈✨,😊😌💚,😊🌈💚✨,😊😌🙏💚,😊😌💪🌈,🆘😰🌑⚠️,😔😞😢,😌💪✨🌈,😊😌✨,😌😊💪✨,😊✨🌟,😊✨🌈,😊😌✨🌟,😊✨🌈,😊😌✨🌈,😌✨💚🌈,😌💪🌈✨,😌💚🌈,😊💚🌈✨,😊😌🌟💪,😊✨🌟💚,😊💚🌈✨,😌💚🌈,😊🌈✨,😊💚🌈✨,😊🌈✨,🌈😊✨🌟,😊😌💪✨,😌💪🌈,🙏💚😌✨,😌✨🌈💚,😌💚🙏✨,😊✨🌟💚,😊✨🌈,🌟✨🙏💚,😊🌟🙏,😊😌✨💚,😊🌟💚,😌💪✨🌟",0
n-1162,"😌✨🙏🌈😊,😊😌✨🌟,😊✨🌟💚,😊🌟💚✨,😊✨🌟,😊✨🌟,😊💪💚✨,💚💪✨😌,💪✨🙏🌈,💪✨🌈😊,😔💔😞😣,😔😞💔😣,😊💚🌈,😔😞😣,😊✨🌈,😌😊💪✨,😊😌💪🌈,😌💪🌈✨,😊✨🌟💪,😊✨🌟,😊✨🌟,😊💪🌈✨,💚🌈😌✨,💚🌈🙏,😌💪🌈✨,😌✨🌈🙏,😌✨🌈,😊😌💪✨🌟,😌💪🌈,🌈😌💚✨,😊✨🌈,💪✨🌈,💪✨🌈😌,😊😌✨🌈,😊✨🌟💚,😌✨🌟💚,😔💔😞😣,💪✨🌈😌🌟,💪✨🌈😌,😔💔😞😢,😊😌🌟✨,😔😞😢😣,😔😞😣😩,😌💪🙏🌈,😊😌💪,🙏💚😌✨,😊😌🌈,😌💪🌈✨,😔💔😞😣,😊✨🌈💪,😌✨🙏💪,😌✨🌟💚,😌✨💚🌈,😊💚✨🌈,😌💪🌟✨,😊💪🌟,😌💚🌈✨,🌟🙏💚😊,😊✨💪🌈,😌✨🌈💚,💔😔😞,😊✨🌟💚,💔😞😔😣,😔😞😣,😊💪🌟🌈,😊✨🌈,😊✨🌈💚,💪✨😌🌟,😌💪🙏,💪✨🌟😊,😌💪✨🌈,😌✨🌈,😊😌✨,😌💪✨🌈,😊🌟💪,😌💪🌈✨,😌🌈✨💚,🌈✨😌,😊😌💪🌈,😊😌💚🌈,😊😌✨,🙏💪🌈✨,😊💪🌈,😌✨🌈,😊✨🌟,💪✨🌈😌,🙏✨💪😊,🌑🕳️🆘⚠️,😌✨💚,😰🌑⚠️,😔😞😣😩,😔😞😣😩,😔💔😞,😔💔😞😣,😊✨🌟🌈,😌✨💚🌈,😊😌✨🌟💚,😔😞😢💔,😔😞😣😩,😔😞😣😩",0
n-1163,"😊✨💪,😌💚🌈✨,😌🌟💚🙏,😊✨🌟,😊😌✨🌈,😌🌟💚🙏,😌✨😊,😊✨🌈,😌😊🌈💪,😌✨💚,😊💚✨,😊😌💚,😊😌💚🌈,😔😞😢💔,😊🌟💚,😊😌✨🌈,😊🌈✨💚,😔😞😣😩,😊🌟💚🙏,😌✨💚🌈,😊😌✨🌟💚,😊😌💚,😊💪✨,😌💚🌈✨,😊💚✨,😊😌💚,😊😌💚✨,😊😌💪✨,😊🌟💚😌,🌟✨😊💚,😊😌✨🌟💚,😊✨🌟,😊😌🌈,😊✨🌟,😊😌🌟,😊😌✨💚🌈,😊✨🌈💚,😌💚✨,😊😌✨🌈,😊😌💚🌈✨,😊😌💪🌈,😊✨💚,🌟🙏💚✨,😊😌💚,😌💚🌈,😊🌟💚,😊😌✨🌈,😊😌✨🌟💚,✨🌟😊,😊✨🌈💪,😊😌✨,😔😞😣😩,😌💚🌈✨,😌✨🌈,✨🌟💚,😊✨💪,😌💪🌈✨,😊😌✨,😌✨🌈💚,😊💪✨,😔😞💔😢,😌💪🌈,😔💔😣😩,😊🌟💚🙏,😊✨🌟💚,😌✨🌈💚,😊😌✨💚,😊✨🌟,😊😌💚✨🌟,😌💪🌈💚,😊😌✨,😔💔😞😢,😔😞😣,💪✨😊,😊🌟🌈,😊😌✨🌟,😊😌✨🌈,😔😞😩😣,😌💪✨🌈,😊✨🌈💚,😊✨🌟,😌✨🌟💚,😊✨🌟💚,😌💚✨🌈,😊✨😌,😊😌✨🌈,😊😌💚✨,✨😌🌈💚,😔😞💔😣,😊😌💚",0
n-1164,"😌🌈✨💚,😊💪✨🌈,😔😞💔😢,😊🌈💚✨,😔😞😣😖,😔💔😞😣,😔💔😞😢,😊😌✨🌟,😊🌟✨",0
n-1173,"😌💪✨,😔💔😞😣😩,💔😔😣😞😩,🌈💪🙏😌,😰🆘⚠️🌑,😔😣😞😩,💪✨😊,😊✨🌈💚,😔😞😩😣,😔😞😩,😌💪🙏✨,😞😩😔😣,😌💪🌈🙏,😊💚🌟,😌💪🌈,😊💪✨🌟,😊😌💪✨,😌💪✨🌟,😌💪🌟,😔😞😣😖,😔😞😩,💪✨🌈,😔😞😩😣,🙏💚✨😊,😔💔😢,😖😩😔,😣😞😩💔,😔💔😣,😔😞😩,😔💔😞😣,😔😞😢💔,😔😞😣😩,💚😌💪,😌💪💚,😔😣😩,😔💔😩😞,😌🌈💪✨,😊😌💪✨,💪✨🌈😌,😰🌑🆘⚠️,🌟😌🙏💚,😢💔😞😔,😌💪✨🌈,😌💪🌟🌈,😊😌💪✨🌈,😊😌💪💚,😌💪✨💚,😌✨💪,😌✨🌈💚,😞😣😩,💪✨😌🌟,😌💚🌈,😢😞😔💔😣,😰🌑⚠️🕳️,😰🌑🆘💀,🌈🙏😌💚,😔😣😩,😌💪✨💚🌈,🙏💚😌✨,😊💚🙏✨,😊💪✨🌟,😌💚🙏🌈,😌💪💚,😌💪🌈,😊💚🌟,😊💪🙏✨,😊😌💚,😰💀🌑🆘⚠️,😔😞😣,😊😌🌈,😊😌💚✨,😌🌈💚,😌💚✨🌈,🌈✨😊💚,😌🌈✨💚,😊🌈✨,🌈💚😊,😊😌🌟💚,😊🌟🌈,😊🌈✨,🌟✨😊,🌟😊💚,😊🌟💚",0
n-1174,"😌💚✨🌈,😊✨💪🌈,😊😌💪✨🌟,😊😌✨🌈,😔😰🌑⚠️,😔💔😞😢,😌🌈✨,😌🌟💚,😊✨🌈💚,😔💔😞,😊😌✨🌈,😌✨🌟💚,😌💪✨🌈,😊✨🌟,😞😔😢,😌✨🌈,😊✨🌈,😔😞😢😣,😊✨🌟,🌟✨😌,😌✨🌟💚🙏,😊✨🌈💚,😌💪✨🌈,😌🌈💚✨,😊😌✨🌈,😊😌🌟🌈,🌈✨😌,😊😌✨🌟,😌✨🌟🌈,😌🌟💚,😊😌💚✨,😊😌💪,🌈💪✨🙏,💪✨😌,😊😌✨🌈,😊✨🌈,😌💪🌈,😌💚🌈,😊💚✨,😌✨🌈,😊🌟✨💪,😌✨💪🌈,😊✨🌈,😊😌💪,😌💚✨,😊😌🌈,😊😌🌈,😊😌💚,😌💚🌈,😊🌟💚😌,😊😌💪,😌💪✨🌈,😊✨🌈,😊😌💪✨,😊✨🌟,😊✨🌟💚🌈,😊💪✨,💪✨🌟,😌💪🌈✨,😔😣😩,😊✨🌟💪,😊💚🌟,😊💪✨,😔😞😢,😊💪✨,😊✨🌟💚🌈,😌💚🌈✨,😊😌✨🌈,😊✨🌟💚,😊😌✨,😊✨🌈💪,🌑🕳️😔😰,😊✨🌟,😊✨💪,😰🌑💀🆘,😊😌💪,😊✨🌈💚,😊✨🌟,😊✨🌟,😊✨🌟,😊😌✨🌈,😊😌✨🌟,😊✨🌟,😊✨🌟,😌🌈✨,😌😊💪,😊🌟💚✨,😊😌💪,😊✨💪🌟,😔💔😞😢,😌✨🌈🙏💚,😌💪🌈✨,😊💪✨🌟,😌✨😊🌈,😊💪✨,😊✨🌟💚🌈,😊💪✨,😊😌✨,😊💪✨🌟,🚨⚠️😰🆘",0
n-1184,"😌✨🌟💚,😌💪✨🌈,😊😌💚✨🌟,😌✨🌈💪,🌈✨😊🙏💚,😔💔😞😩,😌✨🌟,😊✨🌟,💪✨🌟😊,😊💪✨,😔😞😣😖,😰🌑⚠️🕳️,😰🌑🕳️💀,😔😞😩,😊💚✨,😊😌🌈,😌💪✨🌟,😔😣😩,😊😌✨,😌💪✨,😊😌💪✨,💀⚰️🚨🌑,😌✨🌈💚,😊😌💚✨,😌✨🙏,💪✨🌟,😌✨🌈💚,😊✨🌟💪🌈,😊😌💚🌈,😊😌✨🌟💚,😌💪🌈,😊😌💚🌟🌈,😊😌💪,😊😌💪✨,😊😌💪✨,😊✨🌟,😌💚🌈✨,😊😌✨🌈,😔😢😞,😌💚🌈,😊😌✨🌟,😰🌑⚠️🕳️,😊✨🌈,💪✨😌🌟,😔💔😞😣,😔😞😩,,😌✨🌈,💪✨🌈,😔😞😣😩,😊✨🌟,😊😌💪✨,💔😔😢,💔😢😔,😔😞😩,😔💔😞😢,😊🌟💚✨,😊✨🌟💚,😌💪🌟🙏💚,😊😌💪,😊💚🌈✨,😊✨🌈,😊🌟💚,😊😌💪🌟,😊✨🌟,😌✨🌈💪,😔💔😢😞,😌✨🌈💚,😊💪💚🌈,😊😌💚✨🌟,😊💚🌈✨,😊😌✨🌈,😊😌💚✨,😊💚✨🌈,😊✨🌟,😊✨🌟💪,😔💔😞😣,😊😌✨🌟,😊😌✨,😊😌✨🌟,😊😌✨🌈,😊😌✨🌟,😌💪🌈,😌✨🌈,😊😌🌈,🌈💪🌟💚,😌💪🌟🌈,😔💔😞😢,😊😌💪,😊💚✨,😊😌💪,😊😌✨🌈,😌💚🌈✨,🌟😌💚,😊💚✨🌟,😊💚✨,🌟✨😌💚,😊😌✨💚",0
n-1186,"😊✨💪🌈,😔😞😩,🙏✨🌈💚,😔😞😣😩,😔😞💔😣,😊✨🌟💪,😊😌✨🌈,😌💪🌈,😔😞😩💔,😊💚✨🌟,😊💪✨,💪😌🌟,😣😩😔,✨🌟🙏😊💪,😌💪✨,😩😞😔💔,💪✨😌🌈,😌✨🌟💚,😌💪✨,😔😣😞😖,😊✨🌟🙏💚,😊✨🌟,😖😩😔😣,😌💪✨🙏,😊😌💪🌈,😊🌈💚,😊✨🌟🌈,😌💪🌈,😊😌💪,😌💪✨🌟,💪😌✨🌈,😊😌💪🌈,😌💪✨🌈,😊✨🌟,😌✨🌟,😢😞😔😣😩,😌💪🙏🌈,😊😌💚🌈,😌✨🙏,😊💪🌟,😊✨🙏🌈,😊✨🌟,😊😌🌈✨,😌💪😊✨,😊✨🌟💚🌈,✨🌟😊💚,😊✨🌟💚🌈,😊😌✨🌈,😊💪✨🌈,😊✨🌈💪,😊😌✨💪,😊💪✨,😊💪✨😌,😊✨🌟,😊😌✨🌟,😌💪🌟,😊💚🌟🙏,😊✨🌟🙏,😊✨🌟💪,😊✨🌟,😊😌💪✨🌟,😊✨🌟💚,😊✨🌟,😊😌✨🌟,😊✨🌈💪💚,😊💚✨,😌💚🙏,😊✨🌟💚,🌟💚😊✨,😊✨🌟💪🌈,😊✨🌟💪,😊💚🌈✨,😊✨🌟💪🌈,🙏💪😌,😔😣😩,💪✨😊🌟💚,😌💪✨,😌😊💪✨,😊😌💪✨,😌🌟💚,😌💪🌟🌈,😊✨🌟💚🙏,😊✨🌟💚,😊💪✨🌟,😌💪🌟,😌🌟💚🌈,😌🙏💚🌈,😔💔😢,😊😌✨🌟💚,😌💚🌈🙏,😊💪✨,😊😌✨🌟,😊💪🌟,😊😌🌟💚,😊😌✨💪🌟,😌💪✨🌈,😰🌑⚠️🆘,😌💚🌈✨,😊😌💪✨,😌💚🌈🙏",0
n-1198,"💪🌈✨,😌💪✨🌟,💪✨🌈😌,💪✨🌟😊,😊💪🌟,😊💪✨🌟,😌💪✨🌟,😊😌💪✨,💪✨🌟😌🌈,😊💪✨🌟,😊✨🌈💪,💪✨🌟🌈,😊💪✨🌟🌈,😌💪✨🌟,😊🌈✨💪,😊✨🌈💚,💪✨🌟,😌✨🌟,😊✨🌟🙏🌈,😊🙏💚🌈,✨🌟💪😊,😊💪✨🙏🌟,😊💪🌟,😊💪🌟,😊💪🌟,😊💪🌟,😊💪🌟,💪✨🌈😊,💪✨🌈😊,😊💪✨,😊💪✨,😊💪✨🌟,😊💪✨🌟,😊💪✨,😊💪🌈✨,😊💪🌈✨,😊💪🌟🌈,🌟✨💚🌈,💪✨🌟😊,😊💪🌈,💪✨🌟😊,💪✨🌈😊,😊💪✨,😊💪🌟,😊💪✨,😊💪🌈✨,😊💪🌈,💪✨🌟😊🌈,😊💪🌟,😊💪🌈✨,✨💪🌟😌,💪✨🌟💚,😊😌✨🌟🌈,✨💪🌟😊🌈,😊💪✨🌟,✨🌟💪🌈😊,💪✨🌟😊🌈,😊💪🌟,😊💪✨🌟,😊💪✨,😊💪✨🌈,😊💪✨🌈,💪✨🌈😊,💪✨🌟🙏,💪✨🌈😊,😊💪✨🌟,😊💪✨🌟,😊💪✨🌈,😊💪✨🌟,😊💪✨🌈,😊💪✨,😊💪✨🌟,😊😌💚🌈,😊🌟💚,😊💪🌟🌈,😊💪🌟,💪✨🌈,😊😌💪✨🌟,😊💪✨🌟,😊💪✨🌟,😊💪✨🌈,🆘😰⚠️,😊💪✨🌟,😊💪🌟,💪🌈😊✨,😊💪✨🙏,💪✨🌈😊,😊💪✨🌟",0
n-1206,"😌✨🌈💚,😊✨🌟",0
n-1209,"😊✨🌟,😊😌✨🌟💚,✨🌟😌💪,😊✨🌟💚,😊🌟💚🌈,😊💪🌟🌈,😌💪🌟,😊✨💪🙏,😌✨💚🌈,😊🌟🙏💚,🌈✨🙏💚,😊🌟💚,😌💪🌈✨,😌✨🌟💚,😊😌💚🌟🌈,😊💚🌟,😌💪🌟💚,😌💪🌈,😊😌💚🌟,😌💚🌟,😌✨🌈,😊😌💚✨🌟,😊🌟💚,😊😌💚✨,😊😌💚🌈,😊😌💪🌈,😊😌✨🌈,😊💪✨🌟💚,😊💪🌟,😊💪✨,😌💪✨🌟,😌✨🌈💚,😌✨🌟,🌈✨😌💚,🌟💪😌,😌💪🌟,😊💪✨🌟,😊💚🌟,😌✨🌈,😌💪✨,😊✨🌟,😔💔😞😢,😌🌈💪✨,😊🌈✨💚,😌✨🌈,😌🙏💚✨,😌💚🌈✨,😔😞😩💔,😔😣😩,😔😞😩,😔😞😣,😰🌑😞😣😖,😊🌟💚,😊💚🌟🌈,😌✨🌈,😊😌✨🌟,😌🌈💪✨,😌🙏💚✨,🌑🕳️😰🆘,😌✨🌟💚,✨🌟💚,😔💔😞,⚠️🚨🆘😰,😌✨🌈🙏,💀🚨😰⚠️,😔😞😣,🌈✨😌,😊🌈✨💚🌟,🌈💪✨😌🌟,😊😌✨🌈,😊✨🌈,😌💪🌟💚,😔💔😞,😔😢😞😣,😔😞😣😩,😔💔😞😩,😊💪✨🌈,😔😣😞😩,😌💪✨",0
n-1220,😊🌟🙏💚,0
n-1229,"😊💚🌟,😌🌟💚🙏,😊✨🌟🙏,😊😌✨🌟,😌💪🌟,😌✨💚,✨🌟😊,😊💪✨,😊😌✨🌟,😌💚🌈,😊😌✨🌈,😌💪🌈,😊✨🌟💪,😌💪✨🌈,😔😢😞😩,😊😌✨,😊😌💚✨,😌💪✨🌟,😊😌✨🌈,😊✨🌟💚,😌✨🌈💚,😊😌✨,😊😌✨🌈,😊😌✨,😊🌟💚✨,😊✨😌🌈,😌💪🌈💚,😊✨🌟💚,😊✨🌈,😊✨🌈,😊😌✨🌈,😌💪🌈,⚠️🌑🆘😰,😊✨🌈💪,😌💚🌈✨,😊🌟💚,😊💪✨,😔😢😞,😌✨🌟💚,🚨😰🌑🆘,😊😌💪🌈,😌💪✨🌈,😊✨🌟,😊💪🌈,😌✨🌟💚,😊✨🌈💚,😌✨💚🌈,😊✨🌟💚,😊😌✨🌟,😊✨🌈💚,😊💪🌈✨,😊✨🌟💪,💪✨🌈,😌💚🌈,😊😌🌟💚🌈,😌✨🌟💚,😊😌✨,😌✨🌈💚,😌✨🌈,😌✨🙏💚,😌💚🌈✨,😔💔😞😣,😔😣😖😩,😊🌟💚😌,😊✨🌈💚,😊😌✨🌟,🌈😌✨💚,😌💚🌈,😊✨🌈💪,😊✨🌟,😊✨🌟🙏,😊😌💚🌟,😊✨🌟😌💪,😌✨🙏,🙏💪✨🌟,😔😞😣😩,😌✨🌈💪,😌✨🌈💚,😊✨🌈,😊✨🌟💚,😊🌟💚,🙏💚💪🌈,😊✨💚🌈😌,😌💪🌈,😊😌✨🌈,😊✨🌈,😊💚🙏✨",0
n-1230,"😌🌈💪✨,😔💔😞😣,😌✨🌟💚,💀🌑⚠️🆘😰,😌💚🌈✨,😌🌟💚🙏,😔😞😣,😊✨🌈💚,😔😞😣💔,😊😌✨🌟💚,😔😞💔😣,🌟✨😌,😊😌✨🌈,😊✨🌈,😔😞😢😣,😊✨🌟💚,😊✨🌈💚,😊😌🌟💚,😊😌💚✨,🌑😰🕳️🚨,😌💚✨🙏,😊😌💚,😊✨🌈,😊✨🌟💚,😔😢😞,😊💪🌈,😊💚🌈,😊✨🌈💪,😊✨🌈,🆘😰⚠️,😊😌💚✨,😌✨🌈💚,😌💪✨,😊✨🌟,😔😞😣,🚨⚠️😰,😔😣😖😩,😌✨🙏,😔😞😢💔,😰🌑🕳️⚠️,😔😞😣,😌💚🙏,😔😞😢😣,😌💚🌈✨,😊💚🌟,😌✨🌟,😌✨🙏,😊✨🌟,😔😞😣,😊😌💪,😌💪✨,😊🌈✨,😔😞😢,😊✨🌟💪,😌✨💪🌈,😊😌💚✨,🌈💚😌✨,😊😌💚,😔😞😢😩,😌🙏💚,😊😌🌈,😌✨🌈💚,😔💔😩,😣😖😩😔,😌✨🌟💚,😌✨💚🌈,😔😞😢💔😣,🌈✨😌💚,😔😞😣💔,💪✨🌈,😌✨💚🌈,😊😌✨🌈,😌💪✨🌟,😊✨🌟,😔😞😣,😌✨💚🌟🙏,😊🌟💚💪,😊😌🌟✨,😔😣😖😩,😌🌟💚,😔😞😣,😢😔😞,😊🌟💚✨,😊✨🌈💚,😊😌✨🌟,😔😞😩💔,😌💚🌟🙏,😊😌🌈✨,😔😣😩😞,😌💪✨🌈,😌💚🌈🙏,😊🌟💚,😊🌈✨💚,😌💚🌟🙏,😊💚✨,😌💪✨🌈,😌✨🙏💚,😊😌✨🌈",0
n-1231,"😊✨🌈💪,✨😊🌟,😊💚🌟😌,✨🌟😊💪,😊😌✨🌟,😊✨🌟,✨😊🌟,😊😌✨🌈,😊✨🌈💪,🌑🕳️⚠️💀,😊😌🌟,,😌✨🌟💚,😌✨🌟,😖😩😣,😊😌💪🌈,😔😣😞,😌💪✨🌈,😊😌🌈,💪✨😌,😌✨🌟,🌈✨😌,😌✨💪🌟,😌💪✨,⚠️😰🆘🌑,😖😣💔😞,😌✨🙏,😌💪✨,😔💔😞😢,😌💪🌈✨,😖😩😣😢😞,💀🩸😰⚠️,😔😣😖,😌💪😌💚,😔😞😢,✨😊💪🌈😌,😔😞😣😩,😌💚🙏✨,😔😢💔😞,🆘😰⚠️🚨💊,😰⚠️🌑🆘,😌✨🌈,😌💚🌈✨,😌✨🌟💚,😔😣😖😩,😌✨💚🌈,😊✨🌈💚,😔😢😞😣,😰⚠️🆘🌑,😊✨🌈,😌💪🌟✨,😌💪🌈✨,😊😌💪✨🌟,😔😞😣,😖😩😰🌑,😰😩😣😞,😰⚠️🆘,😊😌✨💚,😰😖🆘⚠️,😌💚🙏,😌✨🙏💚🌈,⚠️😖💔,😔😣😩,😌✨🌈💚,😌💪🌟,😌💪🌈,😔😣😖,😌💪✨,✨🌟💚,😔😞😣😩,✨🌟😊,😊😌💪🌈,😊💪🌟,😊✨🌟💚,😊😌💪✨,😢😔💔,😊✨🌟💚🌈,😌✨🌟💪,😔😣😖😩,😊😌🌈,😊💪🌈✨,😊😌🌈✨,😔😞💔,😊✨🌟🙏,😔💔😞😣,😊✨🌟,💪😌🌟,😌💚✨🌟,😊✨🌈💪,😌🌈💪✨,😊✨🌟,💔😔😢😞,😌💪🙏,😊😌✨🌈,💪😌🌟💚,😊✨🌟💚,😊✨🙏,😔😖😞😣",0
n-1237,"🌈✨😊,😊✨🌟💚,😊✨💚🌈,🌈✨😌💚,😌🌟🌈,😌✨🌈,😌🌈🙏,💪✨🌈,😌✨🌟💚,😌🌈✨💚,😔😞😢,😔😞😢😣,😌✨🙏💚,💪✨🌟,💪✨🌟,😌✨💚🙏,😊🌟🙏,😊😌🌈✨,🙏💚🌟✨,😊🌟💚🙏,😌✨💪🌟💚,🙏😌💚,😊💚🌈✨,😊✨🌟💚🌈,😊😌💚🌈,😌💪✨🌈,😔😞😢😣,😊😌✨🌈,😌💚🙏🌟,😔💔😞,😊💚🌈✨,😌💚🌈,😊✨🌟,😊✨🌟,😔😞😣,✨🌈😌🙏,😌💪✨🌈,😌🌈✨💚,😌🌟💚🌈,💪✨💚🌈,😔💔😞😣,💪✨🌈😌,💪✨🌈😌,😌🌈💚,😔😞💔😢,😌✨🙏💚🌈,😔💔😞😩,😌✨💪🌟,😌💪🌟🌈,✨🌟💪🌈😌,😌💪✨🌈,😊😌💪🌟🌈,😌🙏✨🌈,😊💚🌈✨,😔😞😩😣,😌🌈✨💚,🌈💚✨😊🙏,😌✨🌟💚,💪✨🌟😌💚,😌✨🙏,😌💚🌟🙏,😌💚🌈✨,😌✨💚🌟🙏,🙏💚😌,😌💚🌟✨,🙏✨😌,😌✨🌟💚,😌✨🌈💪,🌈💪✨😌💚,🌈💪😌💚,✨🌟💪🌈,😌✨🙏💚🌈,😊💪✨💚,😌🌈✨💪,😔😞😩😣,😌💪✨🌈,😌✨🌈,😊💚🌈✨,😌✨🌈💚,🌈💪✨😌,💔😔😞😩,😌✨🌈💚,😌🌈💚✨,😌💪✨🌈,😌🙏✨🌈💚,😌✨🌟🙏😊,😊😌✨🌈,😔💔😞😣😩,😊✨🌟💪,😊💪🌈,😊😌✨🌟💚,😊😌💚✨💪,😌💪✨🌟,😌💚🌟🙏,😌✨🌈💚,😊✨💪😌🌟,😊🙏🌟,😌✨🙏💚,😔😞😩💔,😌💚🌈🙏",0
n-1251,"😌💪🌈,😌✨🌈,😌💪✨🌟,😌🙏🌟💚,😌💪✨🌈,😊✨🌟,😊😌✨🙏💚,😣😩😔😞,😔😞💔😣,🌟😌✨,😊🌈✨💚,😌✨💚,😊✨🌈💚,😊😌✨🌈,🌟🌈🙏,😊😌✨,😊💪✨,😞😩🌑😔,😊💚🌈,😊😌💚🌟,😊🌈✨💚,😌💪🌈,😊🌟💚,😊😌💚,😊😌✨🌟💚,😌💪✨🌟,😌🌟🌈,😊💚🌈,😊😌✨🌈,😌✨🙏🌈,😌✨🌈😊,😌✨🌈💚,😊🌟💚✨,😊😌✨🌟💚,😌💪🌟,😌🙏💚,😊💚🌈,😌✨🌈💚,😌✨🌈,😞😣😩,😔😞😢,⚠️😰🆘🚨,😌✨🌈💚,😌✨🌈💚,😊✨💪🌈,😌💪🌟,😊✨🌈,🌟😊🌈,🌈✨🙏,😊💚🌟,🌈😊✨💚😌,🙏💚✨🌈,😊💪✨🌈,😊✨🌈💚,😊✨🌟💚,😌💪🌈✨,😊✨🌈💚,😊😌💪,😔😞😣,😊✨🌈💪,😊✨🌟,😊😌💚🌈,😊🌟💚,😔😣😩,😣😖😩😞😔,😌💪🌈✨,😊😌💪🌈,😌💚🌟,😊😌💚🌈,😊😌🌟💚,😌💚🌈✨,😊😌✨,😊😌🌟🌈,😊🌟💚🌈😌,😊😌✨💚🌈,😊🌈💪,😊😌✨🌈,😌🌈✨,😊✨🌈🙏",0
n-1267,"😊😌💪🌈,😌💪✨🌈,😌💪🌈,😊✨🌟,😌💪🌟🙏,😊😌💚🌈,😊😌💪✨🌟,💪✨🌟🙏,💪🙏🌟💚,😊🙏✨,😊✨🌟💚🌈,😊✨🌟,😊😌✨🌟,😊💪✨,😊✨🌟💚,😌💚🌈✨🙏,😌💪🌈✨,😌💪🌈✨,😊😌💪,😊😌🙏,😌💪🙏💚,😔😞💔😢,😔💔😢,😔💔😞😢,😌✨🌈,😔💔😞😢,💪✨🌈,😌💚🙏🌈,😊✨💚🌈,😌✨🌈🙏,😔😞😣,😌💚🌟✨,😊🌟😌,😊✨🌟,😔💔😞😢,⚠️😰🆘🚨,😔😞🌑😢,😊🌟💪,😌💚🌈✨,💔😞😔😢,💪✨🌟😊🌈,💪✨🌟🌈,💪✨🌟😊🌈,💪✨🌟🌈,💪✨🌟🌈,😌💚🌈✨,😊✨🌟💚,😊😌🌟,😌✨💪🌟,😌✨🌈,😌💚🌈,😌💪🙏🌈,😔😩😞😢,😊😌💪,😌💪🌈✨,😌💪✨🌈,😊😌✨💪,✨🌟😊💚,😊😌💚✨",0
n-1270,"😌✨💪🌈,😊🙏✨,😊😌💚,😊😌💚✨🙏",0
n-1274,"😔💔😢😞,😊🌟🙏,💪✨🌟,✨💪🌟🙏,😊💪✨🌟💚,😊🙏✨💪,😊😌💚✨,😊💪🌟,😌💪💚🌈,😊😌✨🌈💪,😊✨🌈😌,😌✨🌟💚,😊🌟💚😌,😊😌💚🌟,😊😌💪✨🌟,😊💚🌟😌🙏,✨💪🌟,😊✨🌈💚,😌💪✨🌟,😔😞😣😩,😊✨🌈💪,😊✨🌟💚,😊😌✨🌟💚,😌💚🙏🌟,😌🌈💚✨,😌💪🌟,😊😌💚🌟,😌🙏💚✨,😌💚🙏✨,💚🙏😌✨,😌🙏💚🌈,😌🌟💪🙏,😊😌✨🌈,🌟✨😊💚🌈,💪😌✨🌟,😌🙏✨💚,😌✨🌈💚,😌💚🙏✨,😊😌🌟,😌✨🌈,😊😌✨🌈,😊😌✨🌈,😊😌✨🌈💚,🌑😰⚠️,😊😌💪✨,😊🌟💪🙏,😊🌟💚✨,😊😌✨,😊😌💪✨,😌🌟🌈,😊🌟💚,😊💪🌟,😊✨💚🌈,😔😢💔😞,💪✨🌟,😊✨🌈💚,😌🌟💚🙏,💪🙏💚✨,😌🙏💚✨,😌🙏💚✨,🌈✨😊💚,😌💚🙏✨,💪✨😊🌈,😊😌💚🌈,😌💪✨🌈,😊🙏✨💚,😌💪🌟🙏,😊😌💚🌟,😊🙏🌟💚,💪✨🌟,😌🙏💚✨,😊🌟💚🌈,😌💪🙏💚,😌🌈🙏✨,😌🙏💚✨,😊💚🌈,😔😞😌,🌈💪😌🙏,😌🙏💚🌈,😊😌💚,😌🌟💚,😌🌟🙏💚,😌🌈💚✨,💪✨😊🌟😌,😊😌✨,😊💚✨,😊😌✨🌈,😊😌✨🌈,😊😌🙏✨,😊😌🌈✨,😊😌✨,😊😌✨🌈,😊🌟💚,😊✨🌈💚,😊💪🌟,😊🌈✨,😊💪🌈,😊✨🌟,😊😌💚✨🌈,😌🙏💚",0
n-1279,"😊✨🌈💚,😌💚✨,😌💪🌈,😊😌✨,😊😌✨,😊😌✨,😊🌟💚,🌈✨😊,😊😌✨🌈,😌🙏✨,💪✨🌈,😌💪🌈,😊😌✨,🌈✨😊💚,😊✨🌟,💪✨🌟,😊💚✨,😌💪🌈,😊😌✨,😊✨🌈,😊💪✨🌈,😊✨🌟💚,😊🌟💚✨,😊😌✨🌟,😊😌✨🌈,😊✨🌟💚,😊💪✨,😊✨🌈💚,😊✨💚🌈,😊✨🌟,😊😌✨,😌✨🌟💪,😊✨🌟,😊🌈✨😌,😊😌💪,😊✨🌈💚,😊😌💚✨,😊🌈🙏✨,😊🌟💚,😊😌✨,😌💚🌟✨,😊😌💪✨,😔💔😞😢,😌💪🌈,😊😌💚,😊😌💪,😊😌💚,😌💪🌈,😊😌💚✨,😊😌💚✨,😌💚🌟🙏,😊💚✨,😊✨🌈💚,😊💚✨,😌💪✨🌈,😊😌🌟💚,😌💪✨,😊😌✨🌈,😊😌🌈,😌💚✨🌈,😔😞😣,😔😞😢😖,😌💪✨🌟,😊😌✨🌈,😊😌✨,😊😌✨🌈,😌💚🌈,😊💪✨🌈,😩😔😞,😌🌟💚🌈,😊✨🌟,😌💪🌟,😌✨🌈💚,😔😞😢😣,😌✨💚🌟,😔😞💔😣,😊😌✨🌈💪,😊✨💚🌟,😊😌💪🌈,😔😞😖😩,😌💪✨🌈,😌✨💚🌈,😊😌🌈✨,😌✨🌈💚,😊😌🌟💚,😌💚🌈✨,💪✨😌🌈,😊💪✨",0
n-1281,"😌💪✨🌈,😔😞😣,😊🌈✨😌💚,😊✨💚🌈,😊😌💪,✨🌟😊💚,😊✨🌟💚,✨🌟😊,😊✨🌟,😊✨🌟💚",0
n-1282,"💪✨🌟😊💚,😊😌✨🌈,💪😌🌟,💪😊✨🌟,🌈✨😌💚,🌈✨😌💚,😔😞💔,😌💪🌈✨,😌💪✨,🌟💚😊,😰🌑💊🆘,🆘💚🙏,😔😞😢😣,⚠️🆘🌑💀,😌💪🌈✨,😊✨🌈,😊💪✨🌈,😊😌✨🌈,💪😊🌈,😌💪🌈✨,😔💔😞😣,😔😞😣😢,💪✨😌🙏,😰💊🆘⚠️,😌✨🌟💚,😊✨🌟,😔😞😩,✨🌟😊💚,😊✨🌟,😊✨🌟💚,😊✨🌟💪,😩😔😞😣,😊💪🌟✨,😣😖😩,😔😞💔😢,😊✨💚🌟🙏,😔😩😞😣,😔😞😩,💪✨😊🌟,😔💔😞🌑,😊😌✨🌟💚,💪😌🌟,💪😌✨🙏,😌💪✨,😊😌💪✨,😊😌✨,🚨🩸😰🕳️,🚨⚠️💀🌑,😌💪✨🌈,😌💪✨🌈,😌💚🌈✨,😌💪🙏,😌✨💪🌈,😌💪✨🌈,✨💚😊🌈,😊💪✨🌈,😌✨💚🌈,😊😌💚✨,😔😣😖😩,😌✨🌈💚,😌🙏💚🌟,😊💪✨,😊💪✨🌈,😊✨🌈💪,😔😞😣,😌💪🌈💚,😌💪🙏,😔😞😣💔,😌💪🌈✨,😌💪🙏🌈,😊✨🌟💪,😊✨🌈,😌✨🌟💚,😔💔😞😩,😌🙏💚,😔💔😞,💪😌✨🙏,😊✨🌟💚,😌💪✨🌈,😊😌✨🌟,😌✨🌈,😌💪✨🌟,😌💪🌟🌈,😔😞😩,😔😣😩😞,😊😌✨,💪✨💚🌈,😔😞😣,😊😌💚,😞😔💔,😌✨🌈,😌✨🌈,😔😢😞😣,😔💔😞😣,😌🌟🙏💚,😊😌✨,😊😌🌈,😔💔😞😢,🙏💪😌🌈,😌💪💚",0
n-1285,"😊😌🌟🌈,😊✨🌟💪🙏,😊💪✨,😊✨🌟,😊😌🌈✨,😊✨🌟💪,✨🌟😊💚,😊✨🌟💚🌈,✨🌟😊💚,😊✨🌟,😊✨🌟,😊🌟✨,😊✨🌟💚🌈,😊✨🌟💚🌈,😊✨🌟💚,😊✨🌟💚,😊🌟💚,😊✨🌟💚,😊💪✨🌈,🌟✨😊💚🌈,😊💪✨🌟💚,😊✨💪🌟,😌🙏💚,😊😌✨,😊💪✨,😌💚🌈✨,💀🆘🌑⚠️,😔💔😞,😊🙏✨,😊💪✨",0
n-1286,"😊✨🙏💚😌,😊💪✨,😊😌💪✨,😊😌💪✨🌟,😊✨🌈💚,😌💪🌈,😊😌✨,😊💪✨🌟,😌💪✨🌈,🌈💪🙏",0
n-1290,"😌✨🙏💚,😔😞😢,😊😌✨🌈,😊🌟🌈,😊😌✨🌟💚,✨🌟💚🌈,😊✨🌟💚😌,😊✨🌟,😊🌈✨,😌🌈✨💚,😌💪🌈,😊💚✨,😌✨🌈,😊✨🌟💚,😊😌🌟💚,🌈✨😌💚,😊😌🌈,😊✨💪🌈,😊🌟💚🌈,😊🌟💚,😊✨🌟💪,😌✨🌟,😊💪😌🌈,😊🌟🙏💚🌈,😊✨🌈,😔😞😩,😊✨🌈,😊😌✨💚,😌✨🌟,😊✨🌟,😔😰🌑⚠️,😌✨🌟💚,😌💚🌈✨,😊✨🌟💚,😊💪✨🌈,😊✨🌈💪,😌💚🌟,😊💚✨🌈,🌟✨💚🌈,💚😌🌈✨,😊😌✨,😊😌✨,😊✨💚,😊😌🌟🌈,😊😌✨🌟,😊✨🌈,😌✨🌈,😊😌💪✨,😌💚✨🌟,😊✨🌟🙏,😊😌💚,😌🌟💪🌈,😊😌✨🌈,😊✨🌈,😊✨🌈,😊✨🌟💚,😊😌🌟,😔💔😞😢,😊✨🌈💚,😌✨🌟💚,😊🌟💚,✨🌟💚🙏,😌✨🌟,🌟✨🌈,😊🌟🌈,🌈✨😊,🌈✨😌💚,😌💪🌈,😌🙏✨,😊✨🌟,😊✨🌈💚,😌🌈✨🙏💚,🌈💚😌✨,😌✨🙏,😊😌💚✨🌈,😊✨🌟,😊✨🌈,😊😌💚🌈,😌✨💚🌈,😌✨🌟,😌🌟💚,😊✨🌟💪,😊🌈💪✨,😊😌✨🌟💚,😌✨🌈,😊😌✨🌈,😊🌟🌈💚,😌✨🌈💚,🌈✨😌💚,😌✨🌈,😊💪🌈,😊😌✨🌟,😊✨🌈,😊😌✨🌈💚,😌✨🌟,😊😌🌈,😊✨🌈,😌✨🌟,😊✨🌟,😊✨🌈",0
n-1300,"😌💚🌈✨,😌✨💪🌈,😌🌈✨,😊🌈✨,😌💪✨🙏,😌✨💚🌈,😊😌💪🌈,🆘⚠️😰🌑,😔😞😢,⚠️😰😔😞😢,😊🌟💚🌈,😌✨🌈💚,😌🙏💚,💚🙏🌈💪,😔😞😢😣,😊✨🌈,😊💪✨🌈,😔😞😣,😊🌈✨,😊🌈✨,😊😌✨,😊😌✨🌈,😊😌💚✨,😊✨🌈,😊😌💪,🌈✨😌💚,😊✨🌈💚,😔😢😞,😊✨🌈💚,😊😌🌈✨,😌💪🌈🙏,😊🌈✨,😊✨🌈💚,😊😌✨🌈,😔😞😢😣,😊✨🌈💚,😢😔😞💔,😊🌈✨💚😌,😊😌✨🌈,😊✨💚,😔😞😣,😔😞💔😢,🌈✨😌,😊💪✨💚,😌✨🌈💚,😊✨🌈💚,😊✨🌟💚,😊✨🌈💪,😌✨🌈🙏,😔😞😣😩,😌✨🌈🙏,😌✨🌟,😌🌟🌈💚,⚠️🆘😰🌑,😌💪🌟,😌💪✨🌈,😌💚🌈✨,😊😌✨🌟,😌💚🌈✨,😌✨🙏,🙏💚😌💪,😊😌✨💚,😌✨🌈💚,😔😞😣😩,😌💚🌟✨,😔😞😣,😌💪🌈✨,💊😰🌑⚠️,😊😌✨,😌💚🌈,😔😞😢😣,😊🌟💚,😊😌💪,😔😢💔😞,🌟🙏💪🌈,😔😞😣,🌈✨😊💚,😌✨🌈,😔💔😞,😊✨💪🌈😌,😌🙏🌈✨,😔😩😞,😌✨🌈,😊😌✨,😊✨🌈😌,😌✨🌟💚,😔💔😞😣😩,😊😌✨,😊😌💚🌟,😔😞😢😣,😰🌑😞⚠️,😔😩😞😣,😌💪🌈💚,😔😞💔😢,😊😌🌈,😌💪✨,😌✨🌟🙏,😊😌✨🌈,😌💪🌈✨",0
n-1309,"😊✨🌟,😊🌟🙏💚,💪✨🙏💚,🙏✨🌈,😊✨🌈🙏,🌟✨🙏,😊🌈💚🙏,😊✨🌈💚,😊✨💚🌈🌟,😌✨🌈🙏,😌💪🌈💚,🌈✨💚😊🌟,😌✨🌈🙏,😊🌟💚🌈😌,🌟💚🌈🙏😊,😊🌟💚🙏🌈,😊🙏💚🌈,🌟💪🌈🙏😊,💚😌✨🙏,😊🌈🙏,😌💪✨🌈,😊💚🌈✨,😊💚🌈,😊💚🌟🙏,😔💔😞😩,😔💔😢",0
n-1324,"😊✨💪🌈,😊🌈💪✨,😊✨🌟,😊✨🌟,😌💪🌈🙏,😊😌✨🌟,😊💪✨,😊💚✨🌈,😊✨🌟,😊😌💚,😊✨💚🌟🙏,😊✨🌟,😊✨🌈,😊😌🌟🌈,😊✨🌈,😌✨🌟🙏,😊💪🌈,😊✨🌟,😊🌈✨💚,💚🙏✨,😊✨💪,😊✨💚,✨💚🌟😊,😊💪✨,😊💚🌟,😊💪✨🌈,😊✨🌟💚,😊😌✨🌟💚,😊✨🌟,😊✨🌟💚,😊💪🙏✨,😊✨💚🙏,😊✨🌟,😊💚✨,😊✨🌟💚,😊💪✨🌟,😊💚🌟,😊✨🙏💚,😊✨💚🌟,😊💚✨,😊✨🌟,😊💚✨🌟,😊✨💚,😊✨💚😌🌟,😊💚🌟✨,😊✨🌟💚,😞😣😔,😊✨💚,💊🆘⚠️🚨,😊😌✨🌈,🌟💚😊✨💪,😊💚🌟😌💪,😊✨🌟,😊😌✨🌈,😊✨🌟,😊✨🌟💚,😊😌✨🌟,😊😌✨🌟,😊✨🌟,😊💚🌈✨,😊😌✨💚,😊✨💚🌈😌,😊✨🌟,😊😌✨🌈,😊💚✨🌟😌,😊😌✨🌈,😊✨🌈💪,😊✨🌟,😊😌✨,😊💚✨,😊✨💚🌟,😊💚✨,😊💪✨🌟💚,😊✨💚🌟,😊✨🌟,🌈💚✨😌,😊✨🌟💚🌈,😊😌💪,😊😌✨🌈,😊✨🌈,😊💚🌟,😊😌✨,😊😌💪🌈,😊💪✨🙏,😊😌✨💚,😌✨🙏💚🌈,✨🌟🌈💪😌,😊✨🌟💚,😊✨🌟,😊😌✨🌈,😊😌✨,😊😌💚,🆘😰🌑⚠️,😊😌✨🌟,😊😌💚,😊✨🌟,😊😌✨🌟💚,😊😌💚🌈,🆘😰🌑⚠️",0
n-1338,"😊😌✨🌈,😊😌✨,😊✨🙏🌟,😌✨🌈💚,😊😌✨🌈💚,😊🌈✨😌,😊🌟💚🌈,😌✨🌟💚,😊🌟🌈💚,🌈✨😊💚🌟,😌🌟🌈💚,🌟💪😌,😊😌🌟✨,😊✨🌈💚😌,😊💪✨🌈,😊✨🌈💪😌,😊😌✨🌈,🌈✨😌💚🌟,😊😌🌈✨,😊😌✨🌟🌈,😊✨🌈💚,😊✨🌈,😊💚🌈,😌💪🌈,😊✨🌈💚🙏,😊😌🌈✨,😊😌💪✨,😊💚🌟,😌✨🌟,😌🌈✨,😊🌈✨,😊✨🌈,🌟💪🌈😌💚,😌✨💚🌈,😌✨🌈,😊✨🌈,😌🌈✨💚,🌈✨😊,😊😌✨🌟,😊✨🌈,😌💪🌈✨,🌈✨😌💚🌟,😊✨🌟💚,😊🌟💚,😌✨🌟💚,😊🌟💚✨,😌🌈✨💚🌟,😊😌💪,😌✨🌈💚,😊😌✨🌟,😊✨🌟💚,😊✨🌈,😔😞😣,😊😌✨,😊🌟💚🙏,😊✨💚🌈,😊🌟💚🙏,🌈✨😌💪🌟,😌🌈✨💚,😊🌈✨,😊✨🌈,😊🌟💪,🌈✨😌💚,😊😌🌈✨,😊😌🌈✨,😊💪✨🌈,🌈✨😌💚🌟,😊😌✨,😌🌟🌈,😊✨🌟💚,😊😌💪,😊😌🌟🌈,🌈✨😊💚,🌈😌✨🙏,😊💪✨,😊💪✨,🌟💚😌,😊🌟💪🌈,😊😌✨🌟💚,😊😌🌈💚,😌💚🌟,😊🌟✨,🌟✨😊,😊🌈✨💪,😊✨🌈💪,🌈✨😌,😊✨🌟,✨🌟😊🌈,😊💪✨🌟💚,😊✨🌟,😊😌✨🌟,😊💪✨🌟,😔😞😣,😌✨🌈💚,😊✨🌟,😌✨🌈,😊😌✨🌟,😔😞😢💔,😌🌈✨💚,😊✨🌟",0
n-1344,"😌💪✨🌟,😔😣😩,😌💪🌈,🙏💚😌✨,😔😞😩,😔😞😣,💪✨😌🌟😊,😌💪✨🌟,😌💪🌈,😊💪✨🌈,💪🙏💚,⚠️😔😞,😊😌✨🌈,😊🌈✨,😊✨🌈💚,😊😌✨🌈,😌💪🌈,😣😖😩,😌💪🌟🙏,😌💪✨🌟,😌💪🙏,😊😌✨💚,😔😞😩,😔😰🌑⚠️,😔😣😩,😌🙏💚💪,😔😞💔,😔💔😢,😰😩⚠️,😌💪🙏,😌😊💪✨,😔💔😞😢,🙏😌💪✨,😌💪💚✨,😔😢💔😞,😔💔😞😩,😔💔😞😩,😔💔😞😢,😔😞😩,😢😣😩💔,😌💪🌈,😔💔😞😣,😔😞😣😩,😌💪🌈,😔😞😩,💔😔😞😢,😔😞😣,😔😞😩,😔😞😣💔,😌💪✨🌈,💔😔😞😣😩,😖😞😔😣,😔😞😣,😌💪✨🌈,😔😞😖,😔😞😣😖😩,😌💪✨🌈,😊💪✨,😔😖😞,😌💪✨🌟,😣😩😔,😊😌💪✨🌈,😌💪✨🌟,😰🌑⚠️💀,😊🌟💚,😔😞😣😩,😊✨🌟,😊😌✨🌟,😊✨🌈,😊✨🌈💚,😊😌💚✨,😊😌💚🌈,😊🌟💚🙏,😌✨💚🙏,😊😌✨,😊✨🌟💚😌,😊✨🌟💚,😊😌💪✨,😌💪💚✨,😊✨🌈,😊💚🌈✨,😊✨🌈💪,😊😌💚🌈,😊😌✨🌟,😊😌💪,😊🌟💚🌈,😊💚✨🌈,😊💪✨🌟,😊✨🌟,😊💚✨🌈,😊😌💪✨,😊😌✨🌟,😊✨🌈,😊💚✨🌟,😊😌💚✨,😊💚🌟,✨🌟😊💚,😊✨🌈,😊😌✨,😊✨🌟",0
n-1347,"🙏💚✨😌🌟,😊💪🌟,😊✨💪,😔😞😣,😊😌✨🌈,😌💪🌟🙏,😔💔😞😣,💚✨😌,😔😞💔😩,😔😞😣💔,🙏💚😌✨,🙏😌💚✨,😊🌈🙏💚,😌💪🌟,💔😔😞,😊😌✨,😊😌🌈✨,😌💪🌟,🙏✨💪,😊😌✨,😔😞😢,😔😞😣💔,😔😞😣😩,😞😩😔,😌💪✨🌈,😔😞😣😩,😊😌💚✨🌈,😔😞😌,😊😌💪✨,😊💪✨🌈,😌💪🌈,😌💪🌟🙏,😌🙏💚,😌💪🙏🌈,😊✨🌟💚,😌💪🌈,😌💪🌈✨,😔💔😞😣,😔😞😣😩,🙏🌟✨💚,😌💪✨,😌💪💚🌈,😔💔😞,😔😢💔,😌💪🌟🌈,😌💪✨🌈,😌💪✨🌟,🆘⚠️😰💀,😊😌💪🌈,😌✨🙏💚,😌✨🌈,😔😞😢😩,😔😞😣😖,😔💔😞,😌💪🙏🌈,😌✨💪🌟,😔😞😣,😌🌈💪,😌💪🌈✨,😔😞😣,😌✨🌈,😌💚✨,😌💪🌟🙏,😌💪✨🌈,😊😌💪,💚🌟💪,😌💚🌈✨,🙏😌✨💚,😊💚🌈✨,🙏✨💪🌟,😌💚🌈✨,💪💚🌈😊,🙏💪😌✨,😌💚🌈,💔😔😞😣,😌✨🌈,😔😰🌑😞,🙏✨😌💪,🙏💚😌✨,🙏✨🌟💚,😌💪✨🌈,😊💚🌈✨,😔😞😣,😊💪🌈✨,😌💪🌟😊,😌💪✨,😰🌑🕳️⚠️,😌🙏💚🌈,😔😞😣😩,⚠️🚨😰🌑,😌✨🌟💚,😊💪✨🌟,😊💚🙏✨,😌💪✨,🌈✨😌,🌟🙏💚✨😊,😌💪✨🌈,💪✨🌈💚,😌💪🌈,😊💪🌟🌈",0
n-1348,"🙏💚🌈😌,😌💪✨🌈,😊✨💪,😊✨🌟💪,😔😞😩😣,😌💪🌈,😔💔😞😢,😊✨🌟💚,💚🙏✨🌟,😊💪✨🌈,😌🌈💪,😌🌈✨🙏,😊💪✨🌈🙏,😊💚🌈✨,😔😣😩,😔😢😩,😔😞😣😩,😊💪✨🌟,😊✨🌈💚,😊✨🌈💚,🌈✨😊💚,🌟💚🌈😊,😌💚🌟,😊✨🙏💚,😊💚🌈✨,😊💪✨🌈😌,😊✨🌈💪,💪😌✨😊,🙏✨🌈😊,😊💚✨🌈😌,🙏😊💚✨,🚨⚠️💀🕳️,😊✨🌈,💪✨😊🌟,😊😌💚🌈,😊✨🌈,😌✨🌈💚,😢😩😞😣,😌✨💚,😌✨💚🌟,😢😔😞😩,😣😞😔,😢😞😩💔,😢😣😩💔,😢😞😩😔,😊💚🌈,😣😢😩,😊✨🌟💚,😊🙏🌈✨,🙏✨😊🌟💚,😌✨🌈💚,😊😌💪✨,😊😌🌟💚,😊😌✨🌈,😊💚🌈✨,🌟😌🙏💚,😊💚🌟,😊🌈✨💚,😊💪✨🌈,😊💪🌈,😊💚🌟🙏,😌💚✨,😊💚✨🌈,😊😌💪💚🌟,💪✨🌈😊,🌟😊🙏✨,😌💪✨🙏,😊💚🌟😌,💚🌟💪🌈,💚🙏✨😌,😌🙏💚,💚🌈✨😌💪,😊🌟💪🌈,😊💚🌟😌,😊💪✨🌟💚,😌🌈✨,😌💪🌈✨,😌💚😊🌟,😰🌑🕳️⚠️",0
n-1351,"😊✨💚,😔💔😞😩,😌💪🌈,😊💚🌟,😌💚✨🌈,😌💪✨,🙏💚🌈💪,😊😌💚🌈,😊💚🌈,😊😌💪🌈,😊💚🌈,😔😞😩,😊😌💚,😌💪🌈,😌✨🌈,😌💪🙏🌈,😊😌🌟💚,😌💪🌈✨,😊😌💚🌟,😊😌✨,😌🙏💚✨,😌🙏🌈,😊💪✨🌟,🌟✨🙏💪,😌✨🙏💚,😌💚🌟,😊😌💪✨,😌✨💚🌟,😰🌑🕳️⚠️,💀🌑💊😰,😌🙏💚,😊✨🌟,😊😌✨🌈💚,😊✨🌟,😔😢💔😞,🙏😊💚✨,✨🌟😊💚🌈,😌🌈🙏💪,😌💪🙏🌈,😊✨🌟,✨🌟😊,😊🌟💚🙏,😌💪✨🌈,😊😌🌟🌈,😊😌✨🌟,😊😌💚✨🙏,😊✨💚🌈,😊✨🌈",0
n-1355,"😌💪🙏🌈,😊🙏✨,😊💪✨🌟,🙏✨💪😊,😊🙏💚✨,🌈✨😊😌🌟,😊😌✨🌈,😊🌟✨🌈,😌💪🌟🌈,😌💪🌈,😌💪💚,😊💪🌈✨,😔😞😩,😊✨🌟💚,😊😌✨🌟,🙏💚😌,😌💪✨🌈,😊🙏💚✨,😌💪✨🙏,😌💪🌈✨,😔😣😩,😌💚✨🙏,😌💪✨🌈,😌💪🙏✨,😊😌✨🌈,😊🌈💚✨,😊😌✨🌈,😌💪🌈✨,😌💪🌈🙏,😌💪🌟💚,😌💪✨🌟,😔😞😣😩,😊🌟💚😌,😊✨💚,😔😣😩,😊😌✨🌈,🌈💪😊✨💚,😌✨🌈💚,😌🌈✨,😊😌✨🌟,😊🌈💚✨,😌💚🌈🙏,😊✨💚🌈,💪✨🌟🌈,😊✨🌈💪,😌💪✨🌟🌈,😊🌟💚,😊🌈✨💚,😊😌💪🌈,😊💪✨🌈,😌💪🌟🌈,😊😌✨🌈,😊💪✨🌈,💪✨🌟,😊✨🌈💪,😊😌✨🌈,😊💚✨🌈,😊💪✨🌟,😌🙏💚🌈,😊✨🌈,😊✨💪🌈,😊✨🌈💚,😊💪✨🌟🌈,😊😌💪,😊🌈✨💚,😊😌🌈✨,😊😌🌈,😊😌✨,😌💪🌈🙏,😊😌✨🌈,😊💪✨🌈,😊💪✨🌟😌,😊✨🌈,😊😌✨🌟,😌💪🌈,😔😞😣😖,😊💪✨,😌💪🌟💚🌈,😊🌟💚✨😌,😊💪🌈✨,😌✨🌈,😊😌💪✨,😌💪✨🙏,😊🌟🌈💚,😊😌💪🌈,😊😌🌟,💀🆘🚨⚠️🌑,😊✨🌟,😊😌✨🌈,😊😌💪✨,😊😌✨🌟,😊😌✨🌈,😊🌟💚,⚠️😰💀,😊🌈✨,😊✨😌🌟,😊✨🌈,😔😞💔😢,😊😌🌈,😊😌🌟🌈",0
n-1363,"😊😌✨🌟,😌✨🌈💚,😔😢💔,🚨🌑🆘😰,😊💪🌈,😔😞🌑⚠️,😊💚🙏,😊💪✨🌟,😌✨🌈,😊😌✨🌟,😊🌟💚🌈,⚠️😰🌑🚨,😊🌟🙏,😔💔😞,😊💪✨🌟,😔💔😞😣,😊😌💚🌈,😊😌✨🌈,😊💪🌈✨,😊✨🌟,😊😌✨,😊✨💚🌈,😊😌💪🌈,🌑🆘⚠️😰💀,😌💪✨🌈,😌🙏💚,😌💪🌈🙏,😌🙏💚✨,😌💪🌈,😊✨💚🌈,😊😌✨🌈,🌟✨😊,😊✨💚🌈💪,😊😌💚,💪✨🌟,😌💪✨🌟,😊🌈✨💚,😊✨🌈,😊💪✨🌈,😊😌✨,😊😌💪✨,😊✨💪,😔💔😞😣,😊✨💪🌈,😊💪✨💚🌟,😌✨🌟💚,😌✨💪,😊😌✨🌈,😔😞😖😩,😊😌💪🌈,😌💪🌈,😊✨🌟💚🌈,😌💪✨🌈,😌✨🌟🙏💚,💪✨🌟,😌✨🌈💪,😔💔😞😢",0
n-1364,"😊😌💪✨,🆘😰🌑⚠️,😊😌💪🌈,😊😌✨🌟,😊✨🌟💚,😊✨🌟💚,😊💚✨🌟,💚🌈😌🙏,😊✨💚🌟,😌💚✨,😌💪✨🌟,😊😌💚✨,😊😌✨,😊🌟💚,😊😌💚✨🌈,😊💪🌟💚,😌💚🌈✨,😌🙏💚✨,😊✨🌈,😊✨🌟💚,😊✨💚,😊😌💪✨🌟,😊💚✨,😊😌💚✨🌈,😊✨🌟💚,😊✨🌟💚,😊✨🌟,😊🌟💚✨,😊💪✨🌟,😊🌟💚,😊😌💚🌈,😊😌🌟,😌✨🌟💚,😌✨🌈,🌟💚😌🌈,😊✨🌟,🌈💚😌✨,😊✨🌈💚,😊😌💪✨🌟,😊✨🌈💚,😊💚✨🌟,😊💚🌈✨,😊😌✨🌈,😊😌✨🌟,😊🌟💚🌈,😊😌💪✨,😊✨🌟💚,😊😌💚✨,😊✨🌟💚😌,😊😌💚🌈,😊💚🌟🌈,😊🌟💚🌈,💚🌈😌,😊🌟💚,😊💪🌟💚,😊😌💚✨,😊🌈✨💚,😊🌈✨💪,😊💚🌟,😊😌✨🌟,😊😌💚🌈,😊💚✨🙏,😊😌✨🌟💚,😊😌💚,😊✨🌈,😊🌟💚✨😌,😊😌✨💚🌈,😊✨🌟💚,😊😌✨🌟💚,😌💪🌟🙏,😊💚🌈✨,🙏💚🌈,😊💚🌈✨,😊😌✨🌟,😊✨🌟💚,😊✨🌟💚,😊✨🌟💚,😊😌💚,😊✨🌟,😊✨🌟💚,😊✨🌈,😊🌈✨,😊😌💪✨,😊😌✨🌈,😊✨🌟💚,😊💚🌟,😊💚🌟,😊💚🌟,😊😌💚✨,💚🙏😊,😊💚🌈,😌💪✨,😊😌💪✨,😊💪🌈😌🙏,😊😌✨🌈,😊😌✨💚,😔😞😣💔,😊✨🌈💚,😊🌈✨💚",0
n-1366,"😊✨🌟,😌💪✨🙏,😊🌟💚🙏,🌟💪✨,✨🌟💪,✨💪😊🌈,✨🌟💚😌💪,💪✨🌟,😌💪✨🌟,😊💪✨🌟,😊💪✨🌟,😊💪✨,😊💪🌟🙏,😊😌💪✨🌟,😊💪🌟💚,😊💪🌟,😊💪🌟,😊💚🌟😌💪,😊💚🌟,😊💚🌟✨,😌✨💚🌟,😊💪🌟✨,😊😌💪,😊💪✨🌟💚,😊😌💪,😊🌟💚,😊😌✨🌈,😊😌💪,😊😌💪,😊😌💪✨🌟,😌💚🌟,😌✨🌟💪,😊😌💪,🌟💪😊🙏,😊💪✨,😊💪✨🌟,😊😌💪✨🌟,😌💪🌈,😊😌💪✨,😊💪✨,😊😌💪🌟,😌💪✨🌟,🌟💚😌,😊😌💪✨🌟,😊😌💪,😊😌💪,😊🌟💚,😊😌💚🌈,😊🌟💚😌,😌✨💚,😊💪🌈✨,😊🌟💚✨😌,😊💚🌟,😊🌟💚,😔😣😖😩,😊😌✨,😊💚🌟,🌟💚😌✨,😊💪✨,😌💚🌟,😊😌💪,😊😌💪✨🌟,😌💚🌟,😊💚🌈,😊💪✨🌟,😌💪✨🌟,😌💪✨,😊💪✨🌟,😊😌💪,😊✨🌟,😔😞😣,😊💚🌟,🌟💪😊✨,😊💪✨🌟,😊💪✨,😊💪✨🌟,😌💪🌟,😊💪✨🌈,😊💪🌟,🌟💚😌,😊💪✨,😊💪✨🌟,😊💪✨,😊✨🌟,😊💪✨,😊💪✨🌟,😊💪✨🌟,😊✨💪🌟😌,😌💪🌟,😊🌟💚,😌✨🌟🌈,😊💪✨,😌💪🌈,😊💪🌟,😌💪🌈✨,😊😌💪✨,😊💪🌟,😌💚🌟💪,😊💪🌟✨,😊💪✨",0
n-1368,"😊🌟💪,😊😌✨🌟,😊😌✨🌟,😊💚🌟,😊😌✨🌈,😊🌟💚,🙏✨💚,😊😌🌈✨,😌✨🌈💪,😊✨🌟💚,😊😌✨🌟,😊😌💚🌈,💪✨🌟,😌✨🌈,😊✨🌟,😊😌✨🌟,😊✨🌈,😊😌✨🌟,😊✨🌈💚,😊😌✨🌈,😊✨🌟💚,😊😌💪✨,,😊😌✨🌟,😊😌✨🌈,😊✨🌟,😊✨🌈,😊💪✨,💪✨🌟💚🌈,😌💪✨🌟,💚✨😌💪,😊😌✨🌈,😌💪✨🌟,😊😌💚,😊✨🌟,😊✨💪,😊💪✨,🙏💚✨🌟,😊😌✨,🌟💚🙏,😊🌟💪🌈,😊✨🌈,😊✨🌟,😊😌✨🌟,😊😌💚,😊✨🌟,😊✨🌟,😊✨🌟💚,😊✨🌟,😊😌💪,😊🌟💚,😊✨🌟,😊💪✨🌟🙏,😊💪✨,😊💚🌈✨,😊💪🌈,😊✨🌟💚,😌💪✨🌈,😊🌟💚,😊💚✨,😊💪✨🌟,😊💪✨🌈,😊💪🌟,😊✨🌟,😌💪✨,💪✨🌟,😊✨🌟,😊✨🌟,😊💪✨🌈,😊😌✨🌟💚,😊🌈✨💚,😊✨🌈💪,😊😌🌈✨,😊✨🌟🌈,😊😌🌟,🌟💚😊✨,😊✨🌟💪,😊😌💚🌟,😊✨🌟,😊✨💪🌟💚,😊💚✨🌟,😊🌟💚,😌💪🌈✨,😊💪✨,😣😩😔😞,😊💪🌈,😊💪✨🌟,😌✨🌟,🙏💪✨,💪😌🌟💚,😊🌟✨,😊✨🌟,😊✨🌈,😊✨🌟,😊✨🌈💚,😊✨🌟,😌✨🌈💪,😊💪✨🌈",0
n-1372,"⚠️🚨💀😰,💪✨🌈,💪✨🌟,😊😌💚✨,💪✨🌟😊,😌💚✨🙏,😊💪🌟🌈,💪✨🌟🌈,😊😌💚,😊💪✨🌟,💪✨🌟,😊✨🌈💪,💪✨🌈😊,💪✨🌟😊,💪✨🌟😊,💪✨🌟,😊😌💪✨,😊✨🌈,😊😌💪✨,😊✨🌟,💪✨🌟😊,💀⚠️🆘,😔😞😢😣,💪✨🌟😌,😊✨🌟,😊💪✨,😊😌✨,😊💪🌟🌈,💪✨🌟😊🌈,💀⚠️🚨,💪✨🌟😌,😊😌💪,😊💪✨🌈,😊😌💚✨🌈,😊💪✨🌈,😊💪✨🌟,😊🌟💚✨,💪✨🌟,💪✨🌟😌🌈,😊💪🌈,💪✨🌟😊,🆘⚠️😰💀,💪✨🌈😌,😊💪✨🌈,😊😌💚,💪✨🌟😊,😊😌💪✨,💪✨🌟,😊✨🌈💪🙏,😊😌💚,💪✨🌟,💪✨🌈,😊😌💚✨,😊💪✨,😊😌💚🙏,💪✨🌟😊,😌💚🌟✨,😌💪🌟💚,💪✨🌟,😊💚🌈✨,💪✨🌈😊,😊😌💪✨,💪✨🌟,😊😌💚,😊💪✨🌟,😊😌💪✨,😊😌💚🌟,😌💪✨🌈,😊😌✨🌈,💪✨🌟😌,😊😌💚🌈,💪✨🌟😌,😊💪✨🌈,😊🌟💚🌈,💪✨🌟,😊💪🌟💚,😊💚🌟✨,💪✨🌟,😊💪✨🌟,💪✨🌟,😊😌💚✨,😊🌟💚🙏✨,😊💪✨🌈,😊😌💪,💪😌✨🌟🌈,😊🌟💚,💪✨🌟,😊😌✨💪,💪🌟🌈😊✨,😊😌💪✨,😊💪✨🌟,😊💚🌈,😌💪✨,💪✨🌈😊,😊😌💚🌟,,💪✨🌈😊,😊💪🌈✨,💪✨🌟,😊😌💪",0
n-1377,"😊😌💚🌟,✨💪🌟😊,😌💪🌟,😊🌟💪,🌟✨💚,💪✨🌈,😊💚🌟😌,🌟✨😊🙏💚,😊💚🌟,😊💪✨🌟💚,🌟💚😌,😊💪🌟🌈,😊😌💪✨🌟,🙏💚😌✨,😊💚🌈,😊💪✨🌟,😊💪🌟💚,⚠️🚨💀⚰️,🙏✨💪🌟,😊💪🌟,😊😌💚🌈,😊🌟💚,😊🌈✨🙏,😊🌟💚✨,😊💪✨🌈,😊✨🌟,😌💪🌈✨,😊😌💪✨🌟,😌💪🌟🙏,😊💚🌟,😊😌💪🌟,😊😌💪✨🌟,😊😌💪,😊💪✨🌟,🙏💚😌,😊💚🌟,😌✨🌟,😊💪✨🌈,😊😌💪🌈,🙏✨💪😊,😌💪🌟,😊🌟💚,😊😌💪,😌💚🌟,🌟💚😌,😊✨🌟💚,😊💪🌟,😊✨🌟,😊😌💪,😊💚🌟,😊😌💪,😊😌✨,😊💪🌈,😊💪✨🌟,😌💪🌟,😔😢😩,😊💚🌈✨,😊💚🌟,😌🙏💚,😊💚🌟🙏,😊💪🌟,🌟✨😊,😊💚🌟🙏,😊🌟💚✨😌,😊🌟💚,😊💪🌟,😊💪🌟,😊💪🌟🙏💚,😌💪🌈,😊😌💪🌈,😌💚🌈,😊💪🌟,😊💚🌟,😊✨🌟,😊✨🌈,😊💪✨🌟,😊😌💚✨,😊😌✨🌟💚,😊😌💪,😊🌟💚✨,😊💚🌟,😊✨🌈💚,😌💚✨,😊🌟💚,🌟💪😊✨,😊✨🌟💚,😊💪✨🌟,😊🌟💚🌈,🌟✨😊,😊💪🌟,😊😌💚✨,😊✨🌟💚🌈,😊✨🌟💚,😊💚🌟,🌟💪✨😊,😊💪🌟,😊😌💪✨,😊✨🌟,😊💪✨,😊😌💚✨🌟",0
n-1380,"😊😌✨,😊😌✨🌟,😊😌✨🌈,💪✨😊🌟💚,💪✨🌟😊,😊💪✨🌈,💪✨🌈😊,😊💪✨🌈,😊💪🌈,😊💪✨🌈,😊💪✨,✨💪🌈😊,😊💪✨,😊💪✨🌈,😊💪✨🌈,😊🌟💚,😊💪✨🌈😌,💪✨🌟😊,💪✨🌟😊,💪✨😊🌈🙏,💪✨🌈😊,😊💪🌟,😊💪✨🌈,💪✨🌟😊🌈,💪✨🌟😊,😊💪✨🌈,💪✨😊🌈,😊💪✨🌈,😊💪✨🌈,😊💪✨🌟🌈,💪✨😊🌟,💪✨🌈😊😌,😊✨🌟,🌟✨😊,😊✨🌟,🌟✨😊💚,😊✨🌟💚,✨🌟😊💚,✨🌟😊🙏💚,😊✨🌟💚,💪✨😊🌈,💪✨🌈😊,💪✨🌟😊,💪✨🌈😊,💪✨🌟😊,😊💪✨,😊✨🌟💚,😊✨🌟,😊✨🌟,😊✨🌟🌈,😊✨🌈💚,😊✨🌟💚,😊✨🌟💚,✨🌟😊,😊✨🌟,😊🙏✨,😊🌟💚🌈✨,😊😌✨🌟,😊✨🌟,😊✨🌈,😊✨🌟,😊🌟💚,😊✨🌈,😊✨🌈,😊😌✨🌈,😊✨💪🌟💚,😌💪🌟💚,😊✨🌟💪,😌🙏💚🌈,😊😌💚✨🌈,😢😔💔😞,😊🙏💚✨,🆘😰⚠️🚨,😊😌💚✨,😌💚🌟,😊😌💚🌈,😊✨🌟💚,😊💪✨,😊😌✨🌟,😊✨🌟💚,😊😌✨🌟,✨💪😊🌟,😊😌✨🌟,😊✨🌟,😊✨🌟💪,😊✨🌟,😔😢😣,😊💪✨🌟🌈,😊💪✨🌟,✨💪😊🙏,🙏💚😌✨,😊😌💚🌟🌈,😊✨🙏🌈,😰💀⚠️🌑,😊✨🌟💚🌈,😊😌✨🌟,😔💔😞😢",0
n-1383,"😊💚🌟,😊🌟💚,😊🌟💪🌈,😊✨🌟💚🌈,😌💪✨🌈,😊😌💪,😊✨💪🌟,😊✨💚🌈,😊😌💪✨🌟,😊💚🌈✨,😊✨💚,😊😌✨,😊😌✨,🌈😊🙏💚,🌟✨😊,😌💚🌟💪,✨🌟😊🌈,🙏💚😌✨,😌💚✨🙏,😊💚✨🌈,😊✨🌟,😊😌💚✨,😌✨🌟,😊💚✨🙏🌈,😊😌🌟,😊😌💚✨🌈,💀💊🚨⚠️,🌟💚🙏,😊💪🌟🙏💚,😊😌🌟💚,😊✨🌈💪,🙏✨💪🌈,😊😌💪✨,😊✨🌟💚,😊😌💚,🙏💚🌈✨,😌💪✨🌟,😔😞😩,😊🌟🙏,😌💪🌈✨,😊😌💪✨,😊💪✨🌟,😌✨🙏,😊😌🌟,😌💪🌟✨,😌💪🙏💚,😌💪✨🌟,😊😌💪✨,😌🙏💚,😌🙏✨💚,😌💪🙏🌈,😌💪✨🌈,😊😌💪✨,💚✨😌,😌💪✨🌈,😌💪🌈✨,😌💪🌟🙏,😊💪🌟🙏,😌💪🌈🙏,😊🌟💚😌✨,😊💚🌟,😊💚🌈✨,😊😌💚🌈,😊😌💪✨,😊💪✨🌟,😌💚🌟,😌🙏💚,😌💪🌈,😌✨🌈💚,😊😌💪,😊😌💪✨,😊😌💪✨,😊🌈✨,😊💚🌈,😰🚨⚠️🆘,😊😌🌟💚🙏,😊😌💚✨🌟,😌💪🌟,😌💚🌈✨,😊😌💪✨,😊😌🌈✨,😌😂✨,😔😞😣💔😖,😌🌈💚,😊🌟💚😌✨,⚠️😔🌑😞,😌✨💚,😊😌✨💚,😌💚🌈✨,😊😌💚✨,😌💪🌟,😌💪✨,😊💚🌈✨,😌💚🌈✨,😊😌✨🌟,😊🌟💚,😊🌈💚,😊😌🌈,😊😌✨",0
n-1389,"😊✨🌈💪,😊🌈✨😌,😊💚🌈,😊🌟💚,😌💪✨🌟,😌✨💪,🌟💪🌈,😊😌💪✨,💪✨🌟,😌💚🌟,😊😌💪,😊✨🌟💪,😌💪🌈,💪✨🌟🌈,😊😌✨🌈,😊💪✨,😊✨🌟😌💚,😊✨🌟,😊✨🌟💚,😊💪🌟💚",0
n-1390,"😊💪✨🌈,😌💪🌟🌈,😊💪✨🌟,😌💚🌈✨,😊😌💚🌈,😌💪🌟🙏💚,🌟💚😊,😊✨🌟,😌✨🙏💚,😊😌✨💚",0
n-1401,"🌟✨😊,😊✨🌟,😊✨💚🌟😌,😊🌟💚,😊🌟💚,😌💪🌟,😊✨🌟,😊✨🌟,😊😌💪🌟,😊✨🌈💪,😊😌🌈,😌💪🌈,😊💚✨🌟😌,😊💚✨,✨💚🌟😊💪,✨🌟💚😌,✨🌟💚😌💪,😊✨🌟,😊🌟💚,😊✨💚🌈,😊✨💪🌟,😊✨💚🌈😌,✨💚🌟,😊✨💚🌟💪,😊😌💪✨🌟,✨🌟💚😌💪,😊✨💚🌟😌,✨💚😊😌🌟,😊💚✨,😊😌💚🌟,✨💚🌟😊,😊💚✨🌈😌,😊✨🌟💚,😊✨💚🌟😌,😊✨💚🌟,😊😌💪✨🌟,😊✨💚,😊✨💪🌈,😊💪🌟🌈,😊😌💪✨🌟,😊💚✨🌟😌,✨🌟💚😊😌,😊😌✨🌟,✨🌟💚😊😌,✨🌟💚,😊✨💚😌🌟,😊😌💚🌟,😊😌✨🌈,✨🌟💚,💚🙏🌈💪,😊💚✨🌟😌,✨🌟💚,😊✨💪🌟💚,😊✨💪,✨💚😊🌟💪,😊✨💪🌟,✨🌟💚😊😌,😊✨💪🌟💚,😊😌💪✨🌟,💚✨😊,😊✨💚🌟😌,😊✨🌟💚,😊✨🌟💚,😌💪✨,😊✨💚😌🌟,✨🌟💚😊💪,✨🌟💚😊,😊💪✨🌟💚,✨💚🌟😊😌,😊💚🌟,✨🌟💚😌🙏,😊💚✨,😊✨🌈,😊✨💪,😊💚✨,😊💚🌈✨,😊✨🌟💚🌈,😊✨💪🌟💚,😊😌💪✨🌟,✨💚😊🌟💪,😊💪✨,😊💪✨🌟💚,😊✨🌟,😊💪✨,😊💚🌟✨🙏,😊😌✨🌟,✨🌟💚😊,😊✨🌟,💚✨🌈😊,😊✨🌟💪😌,😊💚✨🌟😌,😊😌✨🌟💚,😊😌✨🌟💚,😌💪✨💚,😊✨💚,😊✨🌟💚,✨🌟💚😌😊,😊✨💚,😊✨💪🌟💚,😊✨💚🌈",0
n-1403,"😊✨🌟🌈,😌💪🌟💚,😊✨🌟💚,🙏💚🌈✨,😊💚🌟,😊😌💪,😊✨🌟💚,🙏✨😌💪🌈,😊✨🌟💚,😌💪✨🌈,😌💪🙏✨,😌💪🌟,😌💪🌈✨,😊💪🌟,😌💪🌟,😊😌✨,🙏💪✨🌈,😊✨🌟💚,😊😌✨,😊💪🌟🙏,😊🌟💚,😌💚🙏🌈,😊✨🌈🙏,😊💪🌟,😊😌💪✨,💪😌🌟💚,😊✨🌈,✨🌟😊💚,😊😌💚✨,😊🌟💪✨,😊😌🌟,😊😌💪,😌💪🌟💚,😰🌑🕳️⚠️,😊✨🌟,😊😌💪,😊😌✨🌟,😌💚🌟,🙏💪💚🌟🌈,😊😌💪🌈",0
n-1405,"😌✨🌟💪,😊😌💪,💪✨🌟😊,😊💪💚🌈,😔😞😩💔,😣😖😩😞,😔😞😣😖,😊💪✨,😊😌💪,😌💪✨🌈,😌✨💚,😊💪✨🌈,😊✨🌟,😊💪✨🌈💚,😌💪🌈,😌✨🌈💚,😊✨🌟,😊💪✨,😊✨🌟💚,😊✨🌟,😊✨🌟,😊✨🌈,😊🌟💚,😌🙏✨🌈,😔😞😣,😊😌💪✨🌟,😊✨🌟💚,😊😌💚🌈,😊😌💪🌈,😌💪🌟,😊😌✨🌟,😊✨🌟🙏,😌✨💪🌈,😊✨💪🌟🌈,😔😞😣,😌💪🌈,😌💚🌈,😌🙏💚,😊😌💪✨🌟,😊😌✨🌟,😊😌🌟💚,💪✨😌,😔💔😞,😔💔😞😣,😌🙏✨💪,😌💪🌈✨,😌💪✨🌟,😔😞💔,😌🌈✨💚,😊😌💚🌈,😌💪🌈,😌💪✨,😊✨🌈💚,😊🌈✨,😊💪✨,😔💔😞😢,😊💚✨,😌🙏🌟💪,💪✨🌟😌",0
n-1406,"😊✨🌟🙏,😊✨🌟,😊🌟💚,😊🌟💚✨,😊😌💪✨,😊✨🌟💚,😊✨💚,😌✨🌈,😊😌💪✨,😊😌💪,😊🌟💚✨🌈,😌✨🙏💚,😌💪✨,😊🌟💚✨,😊💪✨,😊💪✨🌟,😊🌟💚,😊🌟💚,😊✨🌟💪",0
n-1408,"✨🌟💚😊🌈,😌💪🌟🙏,😌✨🌈,😊✨💚🌈,😌🌈💪✨,😌💪🌈,😊✨🌈💪,😊😌✨🌟,💚✨🌟,😊😌✨🌟💚",0
n-1410,"😊😌✨🙏💚,😊💪🌟🙏,😊✨🌟💚,😊🌟🌈,😊✨🌟,😊✨🌟💚🙏,😊✨🌟,😊🌟💚,😊💪✨,😊✨🌟💚,😊😌✨🌟💚,😊🌟💚,✨🌟😊💚,😊✨🌟🙏,😊✨🌟",0
n-1411,"😊✨💪🌈,😊✨🌟,😊✨💚🌟🌈,😊😌💪✨🌟,😊💚✨🌟💪,😊✨💚🌟,😊😌💚✨,😊💪✨🌟💚,😊✨🌟,😊✨🌈💚,😊✨🌟,🆘🚨⚠️,😊😌💚✨,😊✨🌟,💚🌟😌,😊💚🌈,😊🌟💚,😊💚🌟,😊💪✨🌟,😊🌟💚✨😌,😔💔😞😣,😌💪🌟🙏💚,💀🆘😰⚠️,🆘😰⚠️🚨,🙏💚🌟,😔😞😣😖,😊✨🌈,😊✨🌟💚,😌🌈💚,😌💚🌈,😌💚🌈,😊😌🌈💚,😊😌🌈,😌🌈💚,😊😌💚,😊😌💪🌈,😊😌🌈,😊😌💚,😊💚🌈✨,😊💪🌟,💚✨😊🌈,🙏💪😌✨,🙏💚✨🌈,😊😌💪✨🌟,😊✨🌟💪,😊😌✨,😌🙏💚✨,😌💪✨🙏,😊😌💚✨🌟,😌💚🌈🙏,😊😌✨🌈,✨🙏💚😊,😊✨💪🌟,😊😌💪✨🌟,😊💪✨🌟,🌟💚😊😌💪,✨🌟💚😌💪,💪💚🌈,😊😌✨🌟,😌💚🌈,💪✨🌟😊,⚰️😢🆘⚠️,💀⚰️😰⚠️,😊😌✨,😊💪🌟🙏,💚🙏💪,🙏💚🌈✨,😊🌟💚✨🙏,😊✨🌟,😊✨🌟,🙏💚😌,😌💚🌟,😊💪🌟🙏,😊🌟💪,😊🌟💚,😊💪✨,😊😌💪✨🌟,😊✨🌟,😌✨🙏,💪✨🌟,😊😌💪,😊🌟💚,😊😌💪✨🌟,😌🙏💚,😊✨🌟,😊😌💪,😊🌟💚✨,😊🌟💚✨🙏,😌🙏💚✨,🙏💚🌈,😌🙏💚🌈,😊😌💪,😔💔😞,😊😌💪🌟,🙏💚🌈,😌🙏💚,😊💚🌈✨,🙏💚✨😌,💚🙏😌🌈",0
n-1412,"😊🌟🙏,😊💚✨,😊😌💪✨,😊😌💪✨",0
n-1415,"💪✨🌟😊,😊✨🌟,😊✨🌟,😌🙏🌈✨,😊😌💚🌈,😊😌💪🌈,😊✨🌟,😊😌💚,😊😌💚",0
n-1417,"😊💪✨,😊😌✨🌟,😊✨🌈,😊✨🌈,😊💚🌈✨,😊✨🌟💚🙏,😊💪🌟🙏,😊🌟💚,😊🌟💚,😌💪🌈✨,😊😌💚🌈,😌✨🌟🙏,😔😞😢,😊😌✨🌈,😊✨🌈,😔💔😢😞,✨🌟💚,😊✨🌟💚,😊✨🌟💚,😊✨🌟💚,😊✨🌈💚,😊✨🌟💚,😊💚🌈✨,😔💔😞😣,😊✨🌟💚,😊✨🌟,😊💪✨🌟,😊✨🌟,😊💪✨🌟,😊✨💚🌟,😊😌✨🌟🌈,😊✨🌈💚,😔😢😞😣,😔😞😣😩,😌💪✨,😌💪🌈,😊💪✨🌟,😌💪🌟,😔😢😞,😊💪🌟💚,😌💚🙏,😊😌💪✨,😊💚✨🌟,😔😰⚠️,😌💪✨🌈,😊✨🌈💚,😊💪✨🌈,😌🌟💚🌈,😊✨🌟💚,😊✨💚🌟,😔😖😞😣,😊✨💪🌈,😊✨🌈🌟,😊✨🌟🌈💚,😊😌✨🌈💚,🌟✨😊💚,😔💔😞😩,😌💪🌈,😔😞😩,😔😢😣😖,😊😌✨🌈,😊😌✨🌈🙏,😊💪✨🌈,😌💪✨🌈,😊✨🌟,😌💚✨,😊✨🌈,😊🌈✨💚,😔😣😩,😊😌💪,😊😌✨,😊✨🌟,😊✨🌈,😊😌✨🌈,😊✨🌟💚,💔😢😞😔,😊✨🌈💪,😊😌🌟,😊😌💪🌈,😊😌💪🌈,😊😌🌈,😊✨🌈💚,😊💚🌈,😊😌✨,😢😖😩,😞😩😢😣,😌💪🌟🌈,😌✨🙏💚,😌💚🌈✨,😊🌟💚🌈,😔💔😢,😢😔😞,💪✨🌈🙏,😊😌✨🌈,😊😌💪🌈,✨💚🌈😌,😊💪💚✨,😊😌✨🌈,😢😞😩😔,😊💚✨🌈",0
n-1425,"😊😌✨,😌💪🌟,😊✨🌟💚,😌💪🌈✨,😌😊🌈,😊😌✨,😊😌✨🌈,💪😌✨🌟,😊😌🌈,😊😌✨,😊🌟💚✨,😊💪✨,😌✨🌈💪,😊😌✨🌈,😊😌💚,😊🌟💚🌈,😊😌✨💪,😊💪🌟✨,😌💪✨🌈,😊😌✨🌟,😊✨💚😌,😌💪🌈,😌💪✨🌈,😊😌🌈✨,😔😞😣😩,😌💪✨🌈,😢😣😖,😔😞😩😣😢,😊😌✨🌟💚,😌💪🌟💚",0
n-1430,"😊🌟💚,😊✨🌟💚,😊😌✨🌟,😊😌💪,😊✨🌟,😊💪🌟,😊😌✨💚,😊💪✨,😊💪🌈,😌💪🌈,😌💪🌈,😌💪🌈,😊✨🌟💚😌,😊✨🌟💚,😊🌟💚,😊🌟💚,😌💪🌈,😌💪✨🌟,😌💪✨🌈,😊😌💪✨🌟,😊💪🌟🙏,😊😌💪✨🌟,😊💪✨,😊🌟💚,😌💪🌟,😊💚🌟🌈,😌💪🌈,😊💪💚,😌💪✨,😌💪🌈✨",0
n-1432,"😊✨🙏💚,✨🌟💚,🙏😌💪✨,😊✨🌈💚😌,😔😞😣😩,😊✨🌟💚,😔💔😞,😌💪🌟🌈,😊✨💚🌟,🙏✨😊🌟,🙏💪😌✨,😌💪💚✨,😊✨🌟,😊✨🌟,💪✨🌟,😔😞😞,🙏✨🌟💚,😊✨🌟💚,😊✨💚🌟😌,🙏💪✨😌💚,😌💪🌈🙏,😊😌💪,😌💚✨🌈,💪✨😌🌈,😊💪🌟✨🌈,😌✨🌈💚,🌟🙏😌✨💚,💪🙏💚,💪🙏💚✨,😊✨🌟💚,😔😞💔😣,😌💪✨,💪✨🌟,😌💪🌈,🙏✨🌈💪,😊💪✨🌟,😔😢💔😞,😊😌💪🌈,🙏✨💪🌈,💪✨🌟🌈,😢😔😖😞,🙏😌💪🌟,😌🙏💪,😌💪✨🌈,😌💪✨🌟,💪✨😊🌈,😊✨🌟,😊😌✨🌈,😌💪✨,😌💚🙏✨,💪✨🙏💚,😊😌✨,😊✨🌟💚,😊💪🌟🙏,🙏✨💪🌟,😔😢😣,😌💚🌈✨,🙏✨💚😌,😌😊💚,😊🌟💚,😌💪✨,😊😌✨🌈,😊😌💪🌈,😌✨💪🙏💚,😌🙏💚🌟,😊💪✨🌟💚,😌🙏🌈✨,😊💚✨,😊😌💪✨🌟,😊😌✨,😊😌🌈,😌✨🌈💚,😌🙏🌈,😊💪✨🌟💚,😌💪🌈🙏,😊💪🌈✨,😌💪🌈,😊✨💪🌈💚,😌💪🌈✨,😊✨🌟,💚😌✨🙏,🙏💚🌈,😊😌✨,🙏💚😌✨,😌💚🙏✨,😊😌🌈💪,😌💪✨,😊✨🌟,😌💪🌟🌈,😌💚🙏,✨💪🌟🌈,😢😔💔😞,😊✨🌟,😊✨💪🌟,😊😌💪,😊✨🌟💚,😔😢😞😣,😌💪🌟",0
n-1437,"😌✨🌟💚,😊✨🌈💚,😊😌✨🌈,😊✨🌟,😊🌈💚,😌💪✨🌟,💪✨😊🌟,😊✨🌟💚🌈,😊😌✨,😊😌✨🌈,😊😌✨🌟💚,😊🌟🙏💚,😊😌💪🙏,😌💪✨🌟,😊😌🌈💪,😊😌💚✨,😊💪✨,😊😌✨🌈💚,😊💪🌈,😊😌✨,😊💪🌟,😊🌟💪🌈,😊💪🌟,😊✨😌💚,😊😌✨🌈,😊✨💪🌈,😊🌟🌈✨,😊🌈✨,😊💪🌟🌈😌,😊😌💪✨,😊😌🌟,😊💚✨🌟😌,💚✨😊🌟💪,😊💪🌟💚,😌💪🌈✨,😊💪✨💚🌈,😊💪✨🌟,😊💚🌟✨,😊😌💪,😊💪✨🌟,⚠️🚨💀,😊💚🌟,😊💚🌈✨,😊✨🌟,😊🌟💚,💪✨🌟,😊✨💪🌈😌,😊🌟💚✨,💚🌟💪😌,😊✨🌈,😊✨🌟,💪💚😌✨,😊💚✨💪,😊✨💪🌈,😊💪✨🌟,😊😌💪,😊💚🌟✨,😌💪🌈,😊💪🌈,😊😌✨,😌💪🙏,😊🌟💚🙏,😊🌟💚,😊😌✨🌟💪,🌟✨💚🙏,😊✨🌈💚,💚🌟😌🙏,😊💚🌟,😊💚✨🌟,😌✨💪🙏,😊🌟💚🙏,😊💚🌟,😊💚✨,😊💚🌈,💚💪✨🌈,😊✨🌟💚,😊✨🌈🙏,😊✨🌟🌈😌,😊😌🌟🌈,😌✨🌟🌈,😌✨🌈💚,🙏✨😌💚,🌟✨🌈😊💚,😊🌟🙏💚,😊😌💚🌈,😊😌✨🌟,😊😌🙏🌈,😊😌✨🌈,😊✨🌈💚,😊😌💚✨,🙏💚🌟✨,😊💪✨🌟,🙏💪✨🌟😊,😊😌💪🌈,😊💚🌟😌,😊😌💚🌟,😊✨🌟💚,😊😌💪✨🌟,😌✨🌈💚,😊💚✨",0
n-1442,"😊✨🌟,😊✨🌟,😊✨🌟💪,😊✨🌟,😊✨🌟,✨🌟😊,😊✨🌟💚🌈,😊✨🌟,😊😌✨🌈,😊✨🌟💚,😊✨🌟💚,😊✨🌟💚,😊✨🌟💚🌈,😊✨🌟,😊✨🌟💪,😌💪✨🌈,😊😌✨🌟,😊🌟💚,😊🌟💚,✨🌟😊,😌✨🙏💚🌈,😌💪🌈,😊🌟💚✨🙏,😌💪🌈,😌✨🌈,😊😌🌈,💊💀⚠️🆘,😌🙏💚,😌🙏✨,😌💚🌟,😊😌🌟,😌✨🌈,😌💪🙏,😊😌💪✨🌟,😌💪🌟,😊😌✨🌈,😌💪✨🙏,😔😞😩,😌🙏💚✨,😊💪✨,😌💪✨🌈,😊😌✨🌈,😌💪✨🌟,😌💪🌟🌈,😊💚🌟😌,😊💪✨🌟,😊✨🌟💚,😊😌✨🌟,😊😌💪✨,😊😌✨,🌟💪🙏✨,😊😌✨🌟💚,😊🌟💚✨🌈,😊😌✨💚,😌💪🌈✨,😊😌✨🌟,😊💪✨,😌✨🌟💪,😊🌟💚✨,😊✨🌟,😊😌💪🌈,😊😌✨🌈,😔💔😞😩,😌💪🌈✨,😔😞😖😣,😌💪🌟,😊😌✨💚,😊😌✨,😊😌✨,😌💚🌈✨,😊🌟💚✨,😌✨🙏🌈,😊😌💪✨,😊💪🌈,😊😌✨🌟💪,😊😌🌈,😊✨🌟💪,😌💪🙏🌈,😊✨🌟,😊😌✨🌈,😊💪✨,😊🌟💪,😊💪✨🌟😌,😌💪🌟🙏,😊😌💪,😊✨💪,😊😌💪✨🌟,😊😌💪,😊✨🌈💚,😔😞😣😩,😌✨💚🌈,😊😌💚🌈,😊😌💪,😊😌💪✨,😊💪✨🌟,😊✨🌟💚,😌💪✨,😊😌✨🌟,😊🌟✨,😌💪🌟🌈",0
n-1448,"😊🌟💚,😢😣😞,😌💪✨,😔😞💔,😊😌💪🌈,😊😌✨,😊😌✨🌟,😌💪🌈✨,😊😌💪✨,😰💀⚠️🆘,😌💪✨🌈,😌💪✨🌈,😌💪✨,😌💪✨🌈,😊😌✨🌈,😔😞😣😖,😌💪✨🌈,😌💪🌈✨,😊💪✨,😊✨🌟💚,😊✨💚🌟,😊💚🌈,😊💪✨,💪✨🌈,😌💪🌈🙏,😌✨🙏💚,😔😞😩🌑,😌💪🌟,😔😞😢😣,😊😌💪✨,😌💪🌟,😊✨🌟💚,😊😌✨🌈,😢😣😩,😌✨🌟💚,😌✨🌈💚,😊😌✨🌈💚,😌💪🌈🙏,😊💪✨,😊😌💪🌈,😊😌💪✨🌟,💪✨🌟🙏,😌💪✨,😊✨💪🌟🙏,😊💪✨🌟,😊💪✨,😊😌💚✨,😊💪✨🌟,😊😌💪✨,😊💪✨,😔😣😩,😔😞😩,😌💪🌈,😌💪✨🌈,😌💪✨🌈,😊💚✨🌟,😔😩😞,💪✨😌,💪✨😊🌟,😊✨💚🌟,😊😌💪✨,😊💪✨,💪✨🌟🙏,💪✨😌,,😌💪🌈,😌💪🌈,😊💪✨,😊💪🌟,😊💪✨🌟,😌💚🌈✨,😌💪🙏,😔😞😣😩,😌💚✨,😊😌💪🌈,😌💚🌈,😌💪🌟,😰⚠️🆘🚨,😌💪🌈,😌✨🌈💪,😊💪✨,💪🙏🌟😌,😊💪✨🌟,😌💪✨,😊💪✨🌟,😔😢😞😩,😌😊💚✨,,😌💪🌟,😌💪🌟,😌💪🌈🙏,😔😞😣😩,😊😌💪🌈,😔😞😣,😔😞😣,😊✨🌟,😌💪✨🌈,😔😣😩,😢💔😔,😌💪🌟",0
n-1455,"😊✨🌟🙏,😊✨🌟,😊🌟💚,😊😌🌟,🌟😊💚🌈,🌟🙏✨😊💚,😊✨🙏💚🌈,😊😌✨,😊😌💪✨🌟,😊✨🌟🌈,✨🌟😊,😊✨🌟💚🌈,😊✨🌟💪,😊✨🌟,😊😌✨🌈,😊😌💪✨🌟,😊✨🌟💚,😊🌟💚🌈,😌✨🌟,😊✨🌟💚,😊✨🌟💪,😊💪✨,😊✨💚🌟,😊✨💪,😊🌟💚,😊😌✨🌟,😊✨🌟,😊✨🌟,😊✨🌈,😌✨🌟🌈,😊✨🌟,😊🌟💚,😊😌✨,😊✨🌟,😊✨🌟,😊✨🌈,😔💔😢,😊💪🌟🙏,⚠️😔😰🌑,😊✨🌟💪,😖😩😔,😊😌✨🌟,😊😌✨🌟,😊💪✨,😊✨🌟,✨🌟😊🙏,😊✨🌟💚,😊✨💚🌈,😊✨🌟,😊🌟✨,😊✨🌟💚,😊✨🌟💚,😊✨🌟,😊🙏✨,✨🌟😊💚🙏,😊✨🌟🌈,😊💚✨🌟,😊✨🌟💚,✨🌟😊💚,😊💪✨🌈,😌✨🌈💚,😊😌✨🌈,😊✨🌟💚,😊✨🌟💚,😌✨💚🌈,😊💪🌈,😊✨🌟💪,😊😌✨🌈💚,💀🌑⚠️😰,😊✨🌟💚,😊✨🌟💚🌈,😣😖😩,😊💚✨,😊😌✨,😊✨🌟,😔😖😩💔,😊😌💚,✨🌟💚😌,🙏💚😌,😊😌💪✨,😊💪✨🌈,😊💪✨,😌💪✨,😌💚🌈🌟,😌✨🌟💚,😰⚠️🚨🆘,😊😌💚🌈,😊✨🌈,😊✨🌟💚,😌🌈✨,😊✨🌟,😊✨🌈,😌✨🌈💚,😌💪🙏✨,😊✨🌟🙏,😌✨💚,😌💚🌟,😊✨🌈💪,🙏💚✨🌈,😊✨🌈",0
n-1458,"😊🙏💚✨,💪✨😌🌟,😊✨💪🌟,😔😞😣😩,😔😞😣,😌💪✨🌟,😊💪🌈,😔😞😩😣,😊💪🌈💚,😊✨🌟💚,😌💪✨🌟,💪✨🌟😌,😊💪✨🌟💚,😊💪✨,✨😌🌟,😌💪🌟🙏,😌💪✨,✨🌟💪😊,🙏💚🌈✨,😌💪🌟🙏,😔😞💔😢,😊💪✨🌈,😌💪🌟,😌💪✨,💪✨😌,💪✨🌟,😌💪🌟,💪✨🌟😌,😌💪🌟,😌💪🌟,😊✨💚,😊😌💪,😔😞😩💔,😔😞😩😣,⚠️😰🌑,😌💪✨🌟,😊🌟🌈,😊✨💪🌟😌,😌🙏💪,😊💪✨🌈,✨😌💪🌟,😌✨🌟,💪✨😊🌟💚,😔😩😣😞,😌💪✨🌈,😌💪🌈,😊💪✨,😌💪✨🌟,😊💪✨🌟,😊😌✨🌟,😊💪✨🌟,🙏💚😌✨,😌💪🙏🌈,😊💪✨🌈,😌💪✨🌈,😊💪✨🌟,😌💪🌈,😊✨💪🌈,😌✨💪🌟,💪✨🌟😊,😌🙏💚✨,😊💪✨🌟,😊✨🌟🌈,💪✨🌟,😊✨💪🌈,😊😌💪,🌟💪😌✨,😊💚🌈✨😌,😌💪✨,💪✨🌟😌,😊✨🌟,😌💪🌈✨,😌💪✨🌈,😌💚🌈,😔😞😣,💪✨🌟💚,😊💪✨,😔😞😣,😔😞😣💔,😊✨🌟💪,💪✨🌟,😌✨🙏🌈,😌✨🌈💪,😌💪💚🌈,😌💪🙏🌈,😌💪🙏🌈,😊✨🌟💪🌈,😊💪🌈🙏,😔😞😩💔,😔💔😞😣,😊😌🌈✨,😔💔😞😣,😌🙏💪✨,💪🌈🙏💚✨,😌✨🌟💚,😊😌✨🌟,😢😔💔😩,😊😌✨🌟,😊💪✨,😊✨🌟💪",0
n-1471,"✨🌟💚😊,😊✨🌟🌈💪,😊😌✨🌈,😊✨🌟💚,😌💚✨🌟,✨🌟😊💚🌈,😊💪🙏✨,✨🌟💚😊😌,😊✨🌟💚,😊✨🌟💚,✨🌟💚😌,😊✨💚,😊😌✨🌈,😊😌✨🌟,😊😌✨🌟💚,😊✨🌟,😊✨🌟,✨🌟💚😊😌,😔😞😣😖,😊✨🌟💪,✨🌟💚😊🌈,😊✨💚🌟😌,😊💚🌈,😊✨🌟,😔😞😣,😊✨🌟💪🌈,😊✨🌟,😊😌🌟💚,😌🌈💚✨,✨😊😌💪🌟,😊✨🌟💚,😊💪🌟💚,😊😌💪🌈,😊😌🌟,😊✨🌟,😊💚✨,😊✨🌈💪,😊✨🌟,😊😌💪✨,😔💔😞,😊💚✨🌈,😌✨🌈💚,😌💪🌟💚,😊💚✨😌🌟,😊✨🌟💚,😊✨🌟,😊🌟💚,😔😣😖,😊😌🌟💚,😌💪✨🌈,😊✨🌟,😊😌🌈,😊✨🌈💚😌,😊😌💪🌈,😌💪✨,🌟😊💪✨,😊😌🌟,😌💪✨🌟,😊😌✨💚,😌✨💚🌈,😊😌✨💚🌈,😊😌✨🌈,😌💪🌟🙏,😔😞😣😩,🌟✨😊💚🌈,😌✨🌈💚,😢💔😞😔,😌💪✨,😌💪✨🌟,😊💪🌈,😌💪🌈✨,😊✨🌈💚,😌✨🙏,😊😌💪🌈,😊😌💚✨,😊🌈✨💚,😊😌💚✨🌟,😔😢💔😞,😔😞😣,💚😊✨🌈,😊😌💚✨,😊💚🌈✨,😊💚🌟💪,😌💪✨,😊😌💪🌟,💪✨😌,💪😊✨😌,😊🌟💚🌈,😌💪🙏💚,😊😌💚,✨🙏💚😊,😊💚🌟,😊💪✨🌟,😊✨🌈💚,😣😖😩,😊💚🌟,😊💚😌✨,😊😌💪🌈,😊😌✨🌟,😊😌💚✨🌈",0
n-1473,"😊😌💪✨,😣😖😩,🙏💚😌✨,😊💪✨🌈,😌💪💚🌟,😊✨🌟💪,😊✨🌈💪😌,🌟✨😊,😊✨🌟🙏,🙏💚💪✨,😌💪🌟💚,😊💚🌟,😌💚🙏✨,😌💪🌈✨,😊😌🌈✨,😊✨💚,😌💚✨,,😊😌✨🌟,😊🌟💚,😊✨🌈💚,😊✨🌟💚,😊✨🌟,😊✨🌟,😊✨🌟💪🌈,😊✨🌟💚,😊✨🌟💚,😊✨🌟💚🙏,😊✨🌟,😊✨🌟💚🙏,✨🌟😊💚🌈,😊✨🌟💚,😌💪🙏✨,😊✨🌟,💚🌈😊,😊💪🌟✨,😊💪✨🌟,😊😌💪✨,🙏💚🌈,💪💚🌟🙏,💚🙏✨💪🌈,😊✨🌟💚,😔💔😞,😊💪✨,😊✨🌟,😊🌈✨,😊✨🌈,😌💚🌈✨,✨🌟😊🙏💚,😊✨🙏,😊🌟🌈🙏💚,😊😌✨,😊✨🌟,😊✨🌟,😊💚🙏🌟,😊✨🌟💚,😊✨🌟💚🌈,😊✨🌟💚,🙏💚✨🌈,😊✨🌈🙏,😊✨🙏💚,😊✨🌟💚,😊✨🌈🙏,😊✨🌟💚,😊✨💪🌟🙏,😌💪✨,😊🌟💚,😊🌟💚,😊✨🌟💚,😊✨🌟,😊🌟💚😌💪,😊💪✨🌈,😊💪✨🌈,😊😌💪✨,😊💚✨🌟,😊✨🌟,✨🌟💚😊,😊✨🌟💚,😊✨💚,😔💔😞😩,💚🙏😌✨,😊💚✨😌,😊🌟💚,😔💔😞,😔😞💔,😊✨🌈,😊✨🌟,😊✨🌟💚,😌🌈💚✨,😔💔😞,😌✨🌈,😊✨🌈,🌟✨💪,😔💔😞,😊🌟💚✨,😊😌🌈✨,😌💚😌,💪✨🌟😊💚,😊💚✨,😊😌💚",0
n-1476,"😌✨🌟💚🌈,😊✨🌟💚🌈,🌟💚🌈😌,😊✨🌟,😌💪✨🌈,😌💚✨🌈,😌✨🌈,💊😰🚨🆘,😊😌✨💪,😌💚🌈✨,😌💪🌈,😌✨💚🌟,😌🌟🌈💚,😊✨🌈,😔💔😞,😌💪🙏🌈,😊😌✨🌈,😊😌✨🌟,😊🌟🙏,💀🌑🕳️😰,😊😌✨🌟,😊✨🌈,🚨⚠️😰🌑,😔💔😖😩,😔💔😩😞,💪✨😌😊,🌑😰⚠️🕳️,😌💪🌈✨,😊✨💪🌈,😌🌈✨💚,😊🌈✨,😔💔😞😣,😩😔😞😣,😔😞😣,😌💪✨,😊😌✨🌈,😊🌈✨💚,😊😌✨🌈,😊💚🌟🌈,😊😌✨🌈,😊✨🌈💚,😊🌈✨💚,😊😌✨🌈,😊✨🌈,😊🌟💚,😊😌✨🌈,😊😌✨🌈,😊✨🌈💚,😊😌✨💚🌟,😊🌟🌈💚,😊✨🌈,😊😌🌈,😊✨🌟,😊😌✨🌈,😔💔😞,🌟✨😌💚🌈,😊🌟🌈😌,⚠️🚨😰,😊😌✨🌟,✨🌟💪😊🌈,😊✨🌈💪,😊✨🌈💚,😊😌💚🌈,😊😌✨🌈💪,😌💚🌟,😌✨🌟💚,😔💔😞😣,😊😌💪✨,😌💚🌈,😌💚🌈✨,😊✨🌟💚,😊😌✨🌟,😊✨🌈💪,😊💚🌟,😊😌✨🌈,😊✨🌈,😌💚✨🌈,😊💚🙏✨,🌟💚🙏,😊✨🌈💚,😊💪✨🌈,😊💪✨🌈,😊✨💪🌈,😊✨🌈💚,😌✨🌈💚,😔😣😩,😌💪✨🌈,😌🌈✨💚,😌✨🌈,,🌈✨😌💚,🌈✨😊💚😌,😌✨💚🌈,🌈✨😌💚🌟,😊🌈✨,😊✨🌟💚,😊✨🌈💚,😊😌✨🌈",0
n-1477,"😌💪🙏💚,✨🌟💚,😊💚✨🌈,😊🌟💚✨🙏,😊😌💪✨,😊💪✨🌈,😊😌✨🌈,😰🆘⚠️,😔😞😣💔😩,😌💪💚,😌💪🌟🌈,😌💪✨,😌💪😊✨,😊😌✨🌟,😌✨💚,😌💪✨,😣😩😞,😔😩😞,😌🙏💚,🌟💚🌈😊,😌💪✨,😌✨🌈💚,😊✨🌟💚😌,💪✨🌈😌,😌💪✨,😔💔😞😣,😔😣💔😞,😊💪🌟✨,😊✨🌈💪,😌💪✨🌟,😔😞😩,😌💪💚🌈,😊🌈✨💪,😌💪✨,😊😌💪🌈,😔😢😞😣,💪✨🌈😌,😌💚🙏🌈,😔😞😢,😊😌🌈✨,😌✨💚🌈,😊✨🌟,😔😣😖😩,😊😌💪✨,😌💪🌈,😊✨💚🌟,😊😌✨💚,😊😌🌈,😔😞😖,😊😌✨🌈,😔💔😞😣,😔😞💔😣,🌟🙏🌈😊💚,😊😌✨,😔😞😣😩,😢😞😔,😌💪🌈,😔😢💔,😊😌💪✨🌈,😊💪🌈✨,😌💚✨🌈,😌💪🌈,😔💔😢😞😣,😌💚🌈,😊😌💚,😊😌✨,😞😔😩,😌💪✨🌈,😌💚🌈✨,😔😞😩,😊😌✨🌟,😌💚🌈,😞😔😣,💪✨😊💚,😊😌✨💚,😔😢😞😣,😌✨🌟🌈,😌💪✨🌟,😊😌✨,😌💪🌟🙏,😊😌💚,😌💚🌟🙏,😌💪✨🌟,😊✨💚🙏,💪🌟💚😌,😊✨🌈💚,😊😌✨🌈,😌✨🙏💪,😌💪💚🌈,😔😞😣,😌✨🌟💚,😌💪🌟💚,😔😢😌,😊✨🌈,😊✨💚,😌✨💚🌈,😔😞😣,😌✨💚🌈,😌✨💚🌈,😌😊✨",0
n-1484,"😊💚✨,😞💔😣😩,😊✨🌟🙏,😔😩🌑⚠️,😌💪🙏✨,😔😞😢,😊😌💪✨,😊😌🌈✨,😔💔😞😩,💪✨😌,😌💪✨🌈🙏,😊✨🌈😌💚,😖😩🌑⚠️,😌✨🙏💚,😌🌈💚✨,😔😢😞,😊✨🌈,😊✨💪🌟💚,😊😌✨,😔😞💔😢,😌✨💚🌟,😔😞😣,😔💔😞,😊✨🌟💚🙏,😊😌🌟,😊💪✨,😊😌💪,😊✨🌈,😊💪✨,😣😖😔,😌💪🌈,😌💪🌈,💪✨🌟,😔😞💔,😌💪🌈✨,😊✨🌈,😔😞💔😢,😌🙏✨,😊😌🌟💚🌈,😌✨🌟💚,😔😢😣😩,😊🌈✨💪,😊😌💪✨🌈,🌈💪✨😌,😢😞😔💔,😌✨🌟,😊😌💪🌈,😌💪🌈,😔💔😢😞,😊💚🌟💪,😊😌✨🌟,😊😌✨🌈,🌈🌅😌✨💚,😊🌈✨💚,😌😂💪,😊😌✨💚,😌🌈💚,😔😢😞😣,😌💪✨🌟,😊✨🌟,😊😌✨🌟,😊✨🌈,😊✨🌟,😌✨🌈,😌✨🌈,😊💚🌈✨,😔😞😣😩,😌✨🌟💚,🙏💚😌🌟,😊😌💪✨,😊😌💚🌈,😰🌑💀⚠️🕳️,💪🙏💚,😌💪✨🌈,😌💚🌈✨,😊✨🌟,😌💪✨,😔😞😣,😊😌✨🌈,😌💪🌈✨,😌💪✨🌟,😌💪🌟💚,😌💪✨🌟,😊😌💪✨,😊😌💪✨,😊😌💚✨🌟,😊🌟🌈,😊😌💚,😊😌✨,😊😌✨🌈,😌✨🌈,😊😌💚🌟,😊😌✨🌈,😊😌💪,😌💪✨🌈,💪✨😊🌈,😌💪🌟🌈,😰🌑⚠️🕳️,😔💔😞😩,😊😌💪✨",0
n-1487,"😊✨🌟🙏🌈,😰😔😣⚠️,😔💔😢,😌💚✨,😊✨💚🌈😌,😌💪🌈,💚🌈😌🙏,😊✨🌈💚,😊✨🌈💚,😊✨🌟,😌💪✨🌟,✨💪💚🌟😊,😊💚🌟,💚🌟🙏😊,😔💔😞😣,😌✨🌈💚🙏,😊✨🌟💚,😊💚✨,😊✨🌈💚,😊😌🌟💪,😌🙏💚✨,🙏💚😌✨,😔😢😞😣,😊💚🌟,😌✨🌟,😊✨💚,💪✨🌟😌,🌟💚✨😌,😌💪🌈✨,😊😌✨,😌💚🌈✨,😊😌💪✨,😊💚✨😌,😌💪💚🌈,😊😌💚✨,😊✨🌈💚,😌💪💚✨,😊😌✨🌈,😌💪🌈,😊🌟💚🌈,😊🌈✨💚😌,😊😌🌈,😊😌🌈,😊💚🌈,😊😌🌟💚,😌💪✨🌈,😌✨🌟💚,😊✨🌈💚,😌💪💚🌈,😌💚🌟,😔😞💔,😌💚✨🙏,🌟💚😊🌈,😔😞😢,😞😩😔,😊😌🌈,🌈💚✨😌,😊😌🌈,😊😌💚🌈,😊🌟💚✨😌,😊✨🌈,😊✨🌈💚,😊✨🌈💚,😊😌✨,😊✨💚🌟,💪✨😌🌈,😌💚✨🙏,😌✨💚🌈,😊💚😌🌈✨,😌🙏💚🌈,😊😌✨💚,😔💔😢,✨💚🌈😊🙏,😊✨🌈💚,💪✨🌈,😌✨🌈💚,😊🌈✨💚,😊🌟🌈,😔💔😢,😊✨🌈💚🌟,😔😞😩,😊😌✨,😌✨💚🌈,😊✨🌈😌,💪✨😌🌟,😊💪✨,😔💔😞😣,😊✨🌟💚,😊💚🌈✨,😊😌💚✨,🙏😌✨,😌🌟💚🌈,⚠️🌑🆘,😌💪🌟,😊😌✨💚🌈,😊💚✨🌈,😊😌✨🌟,😊🌟💚✨😌,😊🌟💚,😔😞💔😣",0
n-1488,"😊✨🌟,😊✨🌈,😊✨🌈,😊✨🌟💚,😊😌💪✨🌈,😊💪✨,😌💪🌟🌈,😊💚✨🌟,😌💪🌈🙏,😌✨🌈💪,😔😞😢,💔😞😔😢,😌✨💪,😊✨🌈,😔😞😣😩,😊🙏✨,😌💪🌟✨,😔😞✨,😊😌💪🌈,😌💪🌈,😌💪🌈✨,😌💚🌈✨,😊✨🌟,😊💪✨🌟,😊😌✨🌈,😊✨🌈,😊✨💪😌,😌🌈✨,😊😌🌟,😌✨🌟,😊💪✨🌈,😔😞😢,😊😌✨🌈,🙏💚😌💪,😊🌟💚,😊✨🌈,😊😌✨🌟,😌💪✨,😔😞😣😩,😔💔😞😢,😞😔😩,😊😌✨,😌✨🌈,😊😌💚,😊😌💪🌟,😊😌✨,😌🙏💚🌈,⚠️😰🆘,😌🌈✨,😰🆘⚠️,💔😞😔😢,😌💚✨🌟,⚠️🕳️😰,😌💪🌟💚,😌💪✨,💪✨😊🌟,😌💪🙏✨,😌💪✨🌈,😔😞😢,😌✨🌟💚,😊😌💪,😌💚🌟💪,😔😞😢,😔😞😩,😊✨🌈,😣😩😞😔,😊😌✨🌈,😌😌🌈,😌💚🌟🙏,😊💚🌟✨,😌✨🌟,😌✨💚,😊😌🌈,😌💚🌈✨,😌💪🌈,😊😌💪,💪✨🌈,😌✨💪🌈,😊✨🌟,😌💪✨,😊✨🌈,😌✨🙏💚,😊💚✨🌟,✨🌟💪😌💚,😌💪🌟💚,😌💪🌈,😊✨🌟,😊✨🌟,😌💪🌟,😊✨💪🌟,😊✨🌟,😊✨🌟,😌💪✨🌈,😊😌💚,😌✨🌈💚,😌✨💪🌟,😊😌💚🌟,😌✨🌟💚,💊🆘😰⚠️,😌💚✨🌈",0
n-1489,"😊✨🌟💚,😊✨💪,😊✨🌟💚🌈,😊✨🌟💚,✨🌟😊💚🌈,😊💪✨,😊😌💪,💪✨😊,😊✨🌟💚,😊💪🌟,😊💪✨,😊😌✨🌈,😊💪✨,😊💪✨,💪✨😊🌟,😊💪✨🌟,😊✨🌟,😊💪✨,😊💪✨🌈,😊💪✨🌈,😊💪✨🌟,💪✨🌟😊,😊😌✨,😊💪🌟💚,😊💪✨,😊💪🌟,😊💪✨🌟,😊💪🌈,💪✨😊🌟,😊💪✨,😊😌✨🌟,😊💪✨🌈,😊💪✨,😊💪✨,😊💪✨🌟,😊💪✨🌟,💪✨😊🌈,💪✨😊🌈,💪✨😌🌈,💪✨🌟🌈,💪😊✨,😊💪✨🌟,😊💪✨🌈,💪✨😊🌟,💪✨🌈,😊💪✨,😊💪✨🌟💚,💪😊🌈,😊💪🌈,😊💪🌟😌,😊💪✨🌟,💪✨😊🌈,😊💪✨🌟,😊💪🌟,💪😊🌟,😊💪✨,😊💪✨🌈,💪✨🌟,💪✨😊🌈,😊💪✨,😊💪✨,😊💪🌟,😊💪✨🌟,😊💪✨🌈,😊💪🌈,💪✨😊🌟,😊💪✨🌈,😊💪✨🌈,😊💪🌈,😊💪✨,😊💪✨🌟,😊💪✨,😊💪✨,😊💪🌈✨,😊💪✨🌈,💪✨🌈😌,😊💪✨,💪✨😊,💪✨😊🌟,💪🌟😊,,😊💪✨🌈,😊💪🌟,😊💪✨🌈,😊💪✨🌈,😊💪✨🌈,💪✨😊,😊😌✨,😊✨🌟,😊💪✨,💪✨🌟,😊💪✨,😊💪✨🌟,💪✨😊,😊💪✨,😊💪✨🌟,😊💪✨🌟🌈,😊💪✨🌟,😊💪✨🌈,💪😊✨🌈",0
n-1496,"😊✨🌟🙏,😊💚🌈✨,😌💪✨,😊✨🌟,💪✨🌈💚,💪✨🌈,😌💪✨🌟,😌💚🌈✨,😊😌✨🌈,😊💚🌟,😊✨🌈,😊✨🌟,😊✨🌟💚,😊✨🌟💚,😔💔😢😞,😊✨🌟💚,😊✨🌈💚,😊😌✨🌈,😊✨🌟💚,😊✨🌈💪,😊😌✨🌈,😊✨🌟,😊✨🌟💪,😊✨🌟,😊✨🌟,😊✨🌟,😊😌✨🌟💚,😊✨🌟,😊😌✨🌈,😊✨🌟,😊😌✨🌟,😊✨🌟,😊✨🌟,💪😌😊🌈,😌🙏💪✨,😊✨💪🌈,😔💔😞😢,😊😌✨🌟,😌✨💚🌟,😢😔💔😞,😊💚🌈✨,😌😊💪🌈,😊😌✨🌟💚,😊💚🌟✨,😊✨🌈,😌✨🌟💚,💪😌✨🌈,😔😞😢,😌💚🙏✨,😊✨💚🌈,😊💪✨🌟,💪✨🌈,💔😣😞😔,😢💔😔😞,😔💔😢,😌💪🌈,😌💪🌈,😊😌💪✨,😊💪✨🌟😌,😊✨🌟,😌🌈✨🙏,😊😌🌈✨,😌💪🌈,😌💪✨,😌✨🌈💚,⚠️🚨😰🕳️,😊✨🌈💪,😌💪✨🌟,😌💪🌈,😌💪🌟,🌟😊🌈💚,😔😞😢,😌💪🌈✨,😊😌✨🌟💚,😔😞😣😖,😌💪✨🌈,😔💔😞😩,💪✨🌈,😔😞😣,💪✨🌟😊,😔😣😞,😊✨🌈💚😌,😔😞😣😩,😔😞😩,😊✨🌈💚😌,💪😌✨,😌💪✨🌈,😌💚🙏✨,😔😢😞😖,😌💪🌟✨,😌💪✨🌈,😔😣😖😩,😰🆘⚠️,😊🌈✨😌💚,😌💪🌈✨,😊✨🌈💪,😌💚🌟,😌💪🌈,😔😞😣😩,😊✨🌟😌",0
n-1497,"😊✨🌟💚,😊😌💚✨,😊😌💪✨,😊😌✨,😊😌✨,😊😌✨💚,😔😞😣😩,😊✨🌟,😔💔😞😩,😔😢💔😞,😊😌💚✨,😰🌑⚠️🕳️,😌✨💚,😊😌💚,😊😌💚,😊😌💚✨🌈,😊✨🌈,😊😌✨🌟,😊😌💚,✨🌟🙏,😊😌💚,😌✨🌈,😊😌✨,😊😌💚✨,😌🙏💚,😊😌✨,😊✨🌟💪,😌✨💪🌈,,😔😞😣😖,😊😌💚✨🙏,😊😌💚✨,😊😌💚,😊🌟💚,😊😌✨🌈,😊😌💚,😊😌💚,😊😌✨🌈,😊😌🌟💚,😊💚🌈,😊😌🌟,😊✨🌈💪,😊😌✨,😌💪🌟💚,😌✨🌈,😊💚🌈,😊😌💚✨,😌💪✨🌈,😊😌💚✨,💔😔😞😣,😌💪🌈,😊✨🌈,😔😞😣,😌💚✨,😊✨🌟,😊😌💚✨,😌😊✨,😊💚🌈,😌✨🙏,😊✨🌟💪,😌💪🌈,😔😞😢,😊😌💚,😌✨🌈💚,😌💪🌟💚,😌✨🙏,😌💪✨🌈,😌✨🌈,😊😌💪✨,😊😌✨,😊💪✨🌟,😌💪✨🌟,😣😖😩,😊✨🌟,😌💚✨🌈,😊😌✨💚,😌💚🌈✨,😊😌💪🌈,😊✨🌈💚,😊😌💚,🙏😌✨,😊💪🙏🌈,😊😌✨🙏,😊🌈😌💪,😔😞😣😖,🌟💚😌,😊😌💚✨,😊✨🌟,😌✨💚🌈,😊😌✨,😊😌💪,😌💪🌈✨,😌💪🙏✨,😣😖😩,😔😣😖,😌✨🌈,😌✨🌟,😌💪✨🌟",0
n-1498,"😊💪✨,😊💚🙏🌈,😊✨🌟🙏,😊✨🌟💚,🌈✨😌💚,😌💚🌟,😊💚🌈✨,😌✨🌟,🙏🌟😌✨,😊✨🌟😌💚,😌✨💚,😊🙏💚✨,😌🌟💚🌈,😌💚🌈✨,😊😌🌟💚🌈,😊😌✨,😌💚🌟✨,😊🌟✨💚,😊🌈✨,😊💪🌟🌈,😊✨🌟💚🌈,😌🙏✨🌟,😊🌈✨💪,😊💚✨🌟,😌✨🌈💚,😊✨🌈💚,😌✨🌈,😊😌🌟,😊✨🌟,😊✨🌟💚,😊✨🌟💚,😊💪🌈,😌💚🌈✨,😊✨🌈💚,😌🌈💚,😊🌈✨💚,😊✨🌈😌💚,😊✨🌈,🌟✨😊🌈,✨😌💚🌟,😌✨🌟🌈,😊✨🌈💚,😊😌🌟🌈,😊😌✨🌈,😊💚🌟🌈,😌✨🌟,😊🌈✨😌💚,😊🌈✨,😊✨🌈💚,✨🌟😌💚🌈,🌟✨😌,😊✨💪🌟💚,😊🌟💚,✨🙏😊🌈,😊😌✨🌟,😊💪✨🙏,😊✨🙏,😊🌟✨💚,🙏💚🌈💪,😊✨🌈,😊😌✨🌈,😌✨🌈💚,💚🌈✨😊😌,😊🌟🌈,😊🌟💚🌈,😊✨🌈💚,😊😌✨🌈,🌟✨🌈,😌🌟💚🌈,😊✨🌟,😊💚🌟✨,😊😌✨🌟,😊✨🌈💚,😊🌈💚✨,😊💚🌟,😊😌✨🌈,😌💚🌈,😌✨🌟,😌🌈✨,😊🌟💚🌈,😊✨🌟💚,😊😌🙏✨💚,😊✨🌟,😊🌟💪🌈,😊😌🌟✨🌈,😊🙏💚✨,😊😌✨🌈,🌟💚😊,😌🌈💪🙏,😊🌈💪✨,🌈💚🙏,😊💚🌈✨,😊🌟💪,🌈🙏😊💚,😊😌💪✨🌟,💚🌈😊✨,😊😌💚🌈,😊😌✨🌈,😊✨🌟💚🌈,😊✨🌈💚",0
n-1502,"💪✨🌟😊,💪✨🌈😊,💪✨🌈😊,💪✨🌈,💪✨🌈😊,😊💪🌈,💪✨😊🌟,😊💪🌈,😌💚🌈,😊💪✨,💪😌✨,💪✨🌈😊,💪😊✨💚,😊🌟💚🌈,💪✨🌈😊,😊💪✨🌟,😌💪✨,💪✨🌈😊,💪✨🌟😊,😊💪✨,😊🙏💪✨🌈,💪✨🌈😊😌,😊✨💚🌈,😊😌💚✨,💪✨🌈😊,😊💪✨🌈,😊💪✨🌈,💪✨🌈😊,😊💪✨🌈,😊💪✨🌈,💪✨🌈,😊💪✨🌈,😌✨🌈,😊💪✨🌈,😌💪🌟💚,💪✨🌈😊,😊💪✨,💪✨🌟😊,😌💪✨,💪✨🌈,😌💪✨,💪😌✨🌟,💪✨🌟😊,😊💪✨🌈,💪✨🌈😊,💪✨🌟,😊💪✨🌟,💪✨🌟😊,💪✨🌟😊,💪✨😌🌈,😊💪✨🌟,😊💪✨,😊💪✨🌟,😊🌟💚😌,💪✨🌟,😊😌💚🌈,💪✨🌈😊,💪✨🌟😊,😊💪✨🌈,😊😌🌈,😊😌✨🌟,😌💪🌈✨,😊💪✨🌈,💪✨🌈😊,💪✨🌈😊,💪✨🌈😊,😊✨💚🌈😌,💪✨🌈😊,😌💪🌟🌈,💪✨🌈😊,😊💪✨🌈,💪✨🌈😊,😌💪✨,😊💪✨,😊✨🌟🌈,😊😌✨🌟,😊😌✨,💪✨🌈,😊💪✨🌈,💪✨😌💚,💪✨🌈😊,😊😌💪✨,💪😌✨🌟,😊💪✨🌈,😊💪✨😌,💪✨🌈,😊💪✨🌈,😊💪✨🌈,💪✨🌈😊,😊💪✨🌈,💪✨😌🌈,💪✨🌟😊,💪✨😌🌈,💪✨🌈😊,💪✨😊🌈,💪✨🌟,💪✨🌟,😊😌🌟💚,😊💚🌈✨,😊💪✨🌈",0
n-1510,"😔💔😢,😌✨💚🙏,😊😌✨🌈,😊✨🌈😌,😊✨🌟,😊😌💪🌈,😔😞💔,🌟✨💚🌈,😔😞😣,🙏✨💚,😊✨🌈,🙏😌✨,😌💪🌈,😌✨🙏🌈,😢😔😞😣,😌💪✨🌈,💪😌✨🌈,😊😌🌈✨,😌💚🌈✨,😌💚✨🙏,😊😌💪,😊😌💚🌈,😌💚🌈,😊✨🌈😌,😊😌✨🌟,😌😊✨💚,😊😌💚🌈,😊😌✨🌈,😔😞💔😣,😊😌✨🌟,😊😌✨🌟,🌟💪✨,😊😌✨🌟,😊😌💪,😔💔😞😢,😊✨🌈💪,😊😌💚🌟,😌💪✨🌈,😌🙏💚,😔😞😣😩,😊😌✨,😊😌✨,🌈✨😊💚,😊✨🌈💚,😊🌈✨,😊🌟💚😌,🌈✨😌,😌💚🙏🌈,😌🌈✨,😌✨🌟,😌✨🌟,😌😊🌟,😊😌💚,😌🙏💚,😊🌈✨,😊🌟🌈💚,🌈✨😌😊,😊🌟✨🌈,😊😌✨🌈,😊😌✨,😊🙏😌💚,😊😌🌟,😔😢😞😣,😊😌✨🌈,😌✨🌈💚,😊😌✨,😊🌟💚✨,😊🌈✨,😊🌟✨🌈,😌💪🌈,😊😌🌟💚,🙏💚✨😌,😊💚🌟,😌💪✨🌟,😌✨🌟💚,😊💪🌈✨,😊😌🌟💚,😔💔😢,😰🌑⚠️🕳️,😊😌💚🌟✨,😔😞😣,😊😌✨🌟,😌💚🌈✨,😌✨🌈,😌💚✨🌟,😊😌✨💪,😌🌟💚🙏,😊🌟🌈,😌✨🌈,😊😌💚✨🌟,😔💔😞😣,😌💪🌈,😊🌟💚,😊💪🌟🌈,😊✨🌟💚🙏,😌✨🌟💚,😌✨🌈,😌✨🌈💚,😌✨🌟,😌💪🌈",0
n-1512,"😊✨🌈💚,🌈😊💚✨,😊✨💚🌈,😊✨🙏💚,😊🙏💚✨🌈,😊✨🌈,😌✨🌈🙏,😌✨💚,😊🌟💚,😔😞💔😌,😊💚✨🌈,💚✨😊,✨😊🌈💪,😌🙏🌈✨,😌💪🌈✨,😊🌟💚🙏,😌💪🌈,😔😞😩,😌💚✨🌟,😔💔😞",0
n-1516,"🌟✨🌈😊,😢😞😔😣,😊🌟💚✨,😊😌💪✨,😊✨🌈,🆘😰💀⚠️,⚠️😰🆘,😊😌✨🌈,😔😞😩,😊😌✨🌟💚,😊💪✨🌈,😞😣😩😔,💚😊✨,😌✨🌈,😌✨💚🌈,😣😩😔😞,😊😌✨,😊😌💚🌈,😔😢😞😣,😢😩😔😞,😊😌💪,😊😌✨,😊😌💪,😌✨🌈💚,😊🌈💚✨,😊💪🌈,✨🌈😌💪,😌✨💪🌈,😔😣😖,😊🌟🌈💚,😊😌💪,😊😌✨🌈,😊✨🌈💪,😊✨🌟💚,😊✨🌟,😌🌈✨,✨🌟🌈,😊😌✨,😊😌💪✨,😊✨🌟💚,😊✨🌟,😊✨🌟,😊✨🌟,😌💪✨🌈,😌💪🌈,✨🌟💪😊,😌✨🌈💚,😔😢😞😩,😊😌💚🌟,😊😌✨🌈,😔😢😞😣,😊😌✨🌈,😔😞😣😩,😊✨🌟💚,😊🌟🙏💪,😊😌✨🌟,😊😌💪✨,🌈✨💪😌,😊✨🌟,😌💚🌈🙏,😊😌🌟✨,😊✨💚,😊💚✨🌟,😌💚🌈💪,😌💪🌈,😊🌟💚✨,😊😌🌈,😊😌✨,😌💚🌈✨,😊✨🌈,😊😌✨,😊😌💚✨,😌✨🌟💚,😔😣😖😩,😊😌✨🌟,😊✨🌟,😊✨🌟,😖😩😔,😊😌💚✨,😢😣😔💔,🌟💚🙏✨,😌💚🌈,😊😌✨🌈,😌✨🌈💚,😊😌✨🌈,😌✨🌈,😊💪✨🌟,😢😞😔😣,😌🙏✨💚,😊😌✨🌈,😊✨💚,💚✨😌,😌💪✨🌈,😊✨💪🌟,😌💪✨🙏,😊😌✨🌈,😌✨🌟,😊😌💪✨,😊💚✨🌟,💚✨😊🌟🙏",0
n-1517,"🌟✨😊💚,😰🌑⚠️🆘,😊🌟💚🙏✨,😊💚✨🌟,😔😢😞😣,😌💪🌈🙏,😊✨🌈,😊💪✨🌈,😢😞😔,😰🌑🕳️⚠️,😌💪🌈,😊✨🌈,😊✨🌈😌,😌💪🌈✨,😌💪🌈🙏,😔😞😩,😊😌💪🌈,😊✨🌈😌💚,😊😌💚✨,😊✨🌟,😊✨🌟🙏,😊✨🌟💚,😊✨🌟,😊✨🌈💚,😊😌💪✨,😊😌✨🌈,😊✨🌟💚,😊😌✨🌈,😊✨🌟💚🌈,😊😌✨🌈,😊✨🌈,😊😌✨🌈,🙏💚😌💪,💪😊✨🌈,😊✨🌈,😊✨🌟,😌💪🌈🙏,😌💪😊💚🌟,🌈✨😊💚🌟,😢😔😞,😊✨🌈,😌✨🌟🙏,😊💚✨😌,😊✨🌈💪😌,😊✨🌟🌈,😊💚✨,😊✨🌟,😊✨🌟💪🙏,✨🌟😊💚🙏,😊😌✨🌟,😊✨💚🌈,😞😔😩,😌💪🌈✨,😊✨🌟💪,😊😌💪✨,😔😞😣😩,😔😞😩💔,😊😌✨,😌💪🌈,😌💪🌈💚,😔😞😣😩,😞😣😖😩,😔😞😢😩,😢😔😞😣,😊✨🌟,😊🌟💚,😊💪✨🌟,💪✨😌🌈,😞😔💔😣😞,😊✨😌🌈,😊😌💪🌈,😊😌💚🌈,😔😢😣,😔💔😞,😌💪🌈✨,😊😌💪🌈,💪✨🙏😌🌈,😢😞😣,😊✨🌟💚🌈,🌈😊✨,😊😌✨🌟,😊😌✨🌈,😊✨🌟💚🌈,😊✨🌟,😊😌✨🌈,😔😢😞😩,😞😔😩😣,😊😌💪,😊😌✨💚,😊✨😌🌟💚,😔😢😩😞,😌✨🌈😊,😩😔😞,😊✨🌈💚,😊😌💪✨,😊😌💪,😊✨🌟,💀😰🆘⚠️,😊✨🌈,😊💪✨🌈",0
n-1527,"😊😌✨💚,😌✨🌟💚,😊✨🌟💚😌,😊✨🌟💚,🙏💚😌,😊✨🌟💚,😊✨🌟💚😌,😊✨💚,🙏✨😊🌈,😊✨🌟,😊✨💚🌈,😌💚✨🙏,😊✨🌟💚😌,😌💚🌈✨,😌💪🌈,😊✨🌟,😌💚🌟🙏,😊✨🌈😌,😊💪✨🌈,😊💚✨🌟😌,😊✨🌟,😊✨🌟,🌟💚😊🙏,😌💪✨,😊✨🙏💚🌈,🙏✨🌟😌,✨🌟💚,💚✨🙏😊,😊😌✨🌈,😊✨🌟,😊✨🌟,😊😌✨🌟,😊🌟💚,💚✨🌟🙏,😊😌✨💪,😌💚🌈✨🙏,😌✨🌈,😊✨💚,✨🌈💚,🙏💪✨🌈,😊✨🌈💚,😊😌💚🌟,😊😌💪,😌💪🌈,😌💪🌈,😊😌✨🌟,😊✨🌟,😊😌💚🌈,😊✨🌟💚,😊😌✨🌈,😌💚🌟🙏,😊✨🌟,😌✨🌈💚,🙏😊✨💚,😊✨🌟💚,😊🌟💚🌈,😊😌✨🌟,😊😌✨,😊😌💚🌈,😊😌💚✨,🙏✨😊,😊✨🌈,😌💚✨,😊✨🙏💚,😌😊🌈,😊✨🌈💚,😞😩😔,😊✨🌈💚,😔😞😩😖,😊✨🌟,😊✨🌟,😊✨🌟💚,😊😌💚🌟,😌🙏💚,😌✨🌈,😌🙏💚🌈,😊✨🌟,🌟💚✨😊,😊💚✨🙏,😊✨🌈💚,😊✨🌟💚,😊😌💚🌟✨,😊😌✨,😌✨🌈💚,😊😌✨,😊✨🌈,😊✨🌟,😊😌💚🌈,😰😣😩⚠️,😊✨🌟💚,😊✨🌈💚,😊😌✨🌟,😊✨🌟😌💚,😊✨🌟,😊😌✨🌟,😊✨🌈,😊😌💪,😊✨🌟,😊😌✨,😊😌✨🌈",0
n-1536,"😊✨💚🌟,😊✨🌟,😊✨🌟💚,😔😞😩,😊✨💚,😊✨🌈,😊✨🌈💪,💪✨😌🌈,💚✨🌟😊🙏,😊💚🌟,😊😌✨🌈,😊✨🌈,💚✨😊🌟,😊😌💪✨,😊💚🌟🌈✨,😊💚✨🌈,😊💚🌈,😊✨💪🌈💚,😊💚✨🌈,😊😌✨🌈,😊💪✨💚🌈,😊💚🌟🌈,😊🙏💚✨🌈,😊💚✨🌈😌,😊💚✨🌈😌,😊✨🌟💚,😊😌💚,😊🙏💚✨,😊💚🌈✨,😊💚✨🌈,😊😌✨🌈,😊😌✨🌈,💚😊🌈🙏,😊✨🌈,😊💚🌈✨,😊💚✨🌟,😊💚🌟✨,⚠️🆘😰🚨,😊💚🌈,😊💪✨,😊😌✨🌈,😊💚🌟,😊✨💚🌈,😊💚🌟,🙏✨🌈💪,😊😌🌟💚,😊💪✨🌈,😊💚✨,💪✨🌟🌈,😊✨🌈💚,😊✨💚🌈,😌✨🌟,😊💚🌈✨,😊✨🌈,😊💪💚✨🌈,😊😌💚🌈,😊💚✨🌈🙏,😊💚🙏✨,😊✨🌈💚,😊🌈✨💚,😊💚✨🌈,😊😌💚🌈,😊😌💚🌈,😊✨🌟💚,😊😌✨🌈,😌✨🌈💚,😊✨🌈💚,😊🌟💚,😊✨💚🌈,😊😌✨🌈,😊😌💚🌈,😊✨🌈💪,😊🌟💚,😊💚🙏✨,😊🌟💚,😊😌🌟💚,✨🌈😊💚,🆘😰⚠️🚨,😊✨🌈💚,😔😢😞😣,😔😞😩😣,😊✨💚🌟,😊😌💚,😌💚🌟✨🙏,😊😌💚✨🌟,😊😌🌈,😊💚✨🌟,😌💚✨,😊🙏🌈💚,😊✨🌈😌,😊✨🌈,😊💚🌟,😊✨🌈💚,😊💚✨🌈😌,😊✨💪🙏,😢😔💔😞,😔💔😢😞,😊💚🌟✨,😊🌟💚🌈😌,😊😌💚✨",0
n-1540,"😊💪😌✨,💪✨🌟😊,😊😌💪,😌💪🌟🙏💚,😌🌟💪🙏,😌✨💚🌈,😊💪🌈,😊💚🌟🙏,😊💪🌟,😊🌟💚,😌💪🌈,😌🌟💪🌈,😊😌💚🌈,😌💚🌈,😊💪✨🌟,😌💪✨,🌟💪🌈,😌✨💚🌈,😊💪🌟,😊😌💪✨🌟,😊💚🌟,😌🌈💚✨,😌🌟💪🙏,😊😌🌟🌈,😊😌💪🌈,😊💪✨🌟💚,😊💪🌟✨,😊🙏🌈✨,😌💪🌟🙏,😊💪✨🌈,😊💪✨🌟,😊💪🌟✨💚,😊😌✨🌈,😊😌💪✨,😌💪🌈✨,😊😌✨🌈💚,😊😌💪,😊💪🌟,✨🌟😊🌈💚,😊😌🌈✨,😌💪🌟🙏,😌💪🌈,😊😌💪,😊😌💪🌈,😌💚🌈,😊😌🌈💪,💪🌟🙏😌,😊✨🌟,😊✨🌟,😌💪🌈,😊✨🌟🙏,😌✨🌈💚,😊😌✨🌟💚,😊✨🌟💚🌈,😊🌟🌈😌,😊✨🌟💚,😊😌✨🌈,😊✨🌟,😊✨🌟,😊✨🌟,✨🌟💪🌈,😌💪✨,😊✨🌟💚🌈,🌈💚✨🌟,🙏✨💪🌈😊,😊💚🌈✨,😊😌💪✨🌟,😊✨🌟💚🙏,😊💪✨🌟,😊😌✨🌟,😌💪🌟🙏,😌💚✨💪,😊😌💚,😌💪🌟,😊😌💪,😌💪🌟,😌🌈💚,💪✨🌟😌,😊💚🌟🌈💪,😊🌟💚,🌟🙏🌈😊,😊😌✨🌟💚,😌✨🌟🙏,😌✨💚🌟,😌✨🌈💚,😌🌟✨🌈,😌✨🌈,😊💪✨,😊💪🌟✨,😊✨🌈,😊✨🌟💚🌈,🌟💪✨😊🌈,😊🌟🙏😌,😊💪✨🌟🙏,😊🌟🙏💚,😊😌💪✨,😊💪🌟,😊😌💪✨,😌💪✨,😌🌈💪🙏",0
n-1542,"😊😌💪✨,😊💪🌟",0
n-1546,"😌✨🙏,😊😌✨💪,😌✨💚,😌💪✨🌟,😊🌟💚,😊✨🌈,😩😞😔😣,😌✨🌟,😊✨🌟🙏,😌✨🌈💪,😌✨🌈💚,⚠️🌑🆘😰,😔😞😣😩,😊😌✨🌈,😊✨🌈💪,😊✨💪🌟,😌✨🌈💚,😔😞💔😢,😌✨💚🌟,😌✨💪,😌💪✨🌟💚,😊😌✨🌈,😊💚✨,😊✨💪,😊😌✨,😊😌✨🌈,😊✨🌈,😌💚🌈,😔💔😞😣,😊✨🌟,😌💚✨🌈,😌✨💚🌈,😌✨💚,💪✨🌟😊,🌟🙏💚,😊✨🌈,😌💪🙏✨,😊😌✨💪🌈,😊✨🌟💚🌈,😔😢💔😞,😔😞💔😣,😌✨💪🌈,😌✨🌈😊,😌💚✨,😊✨🌟,😌💪✨,😔😞😩,😊✨🌟,😊✨🙏,😊✨🌟,😊✨🌟💚🌈,✨🌟💚😊,😊✨🌟,😊😌🙏🌈,😊😌✨🌈,😊✨😌🌟,😢😞😔😣,😔💔😞😢,😌✨🌟🙏💚,😊✨🌈💪,🙏✨🌈😊,😊😌✨🌈💚,😌💪🌈✨,😌💪✨🌈,😔😖😣,😌✨💪🌟,😊😌✨🌈,😊✨🌈💚,😌💪🌟,😊✨🌟💪🌈,🌟✨😌💚,😌✨🙏💚,😊✨💚,😊😌✨🌈,😊😌🌈,😊✨🌈,😌💪🌈✨,😊😌✨🌈,😊😌✨🌟💚,😌✨🌈,🌑😰😔😞,😌✨💚🌟,😌✨🌟💚,😌✨🌈🙏,😊😌💚✨,😊✨🌟💪,😣😖😩😔,😌💪✨💚,😌✨🌈💚,😊✨🌈,😊✨🌟,😊😌🌈✨,😊😌💚✨🌈,😊😌✨,💔😔😞😢,😌✨💚🌟,😊🌈💚✨,😊✨🌈,😊✨💚🌈,😊😌🌈",0
n-1554,"💪✨🌈😌,😊✨🌈💚,😌✨🌈💪,😌✨💪🌈,🙏😊✨,😔😞😣,😊✨🌈,😌✨💚🌈,😊😌🌟💚,😌💪🌟🙏,😌💪🌟,💪✨🌈💚,😌🌟💪🌈,😊🌈💚,💚✨😊,😌💚🙏🌈,😌😊🌈💚,😊✨🌈💚,😊😌✨🌈,😊😌✨💪,😊✨🌟🙏,💪✨🌈😌,😔😞😣,😌💪🌈💚,😊✨😌💪,😊💚🌈✨,😊😌💪🌟,😊😌💪✨,😊✨🌈😌,😌✨💪,😌💪🌟🌈,😊😌💪,😌💪🌈✨,😌✨💚🙏,😊✨💚🌈,😌💚🌈,😊✨🌈💚,😊😌✨🌟,😰🆘⚠️🌑,😊✨🌟,😊😌✨💚,😊😌✨🌈,💪✨🌈,😊😌✨,💪✨🌈,😊💚✨🌟,😔😞😣😖,😊🌟💚,😊😌✨🌈,😊😌✨🌈,😊✨🌈,😊✨🌈,😊😌✨,🌟💪😌,😌💪✨🌈",0
n-1560,"😌💪✨🌟,😊😌✨,😊🌟💚,😊😌✨,😊💪🌈,😊😌✨🌟,😊😌💪🌈,😊😌💪✨,😌💪✨,😊😌✨,😊😌✨🌟,😌💪🌈,😌💪✨🌟,😊😌✨🌈,😌✨🌈💚,😊😌🌟💚🌈,😊✨🌟💚,😊😌✨🙏,😌😊🙏,😊😌💚🌟,😌😊💚🌈,😊😌✨🌈,😊✨🌟💪,😔💔😞😢,😊💪✨,💪🙏🌈✨,😊✨🌟,😌✨🌈,😊🌟💚,😌💪🌈,😊😌✨🌈,😊✨🌟💚🌈,😊😌💚🌟,🙏💚✨😌🌟,😊😌💚🌈,💪✨😊🌟😌,😌💪🙏,😌💪✨,😔💔😞😣,😊✨🌟,😔😞😩💔,🌈💪😌,😌💚🌈✨,😌💪✨🌈,🙏😌🌈✨,😌💪✨🌈,🌟✨🙏💚,😊✨🌟,😌💪✨,😊💪✨,😊😌💪,✨🌟😊💚🌈,😊😌✨🌈,😔😞😢,💪😌✨🙏,😊✨🌈💚,😊😌💚🌈,😊💪✨🌟,😔😞😢💔,🙏💚✨,😊😌✨🌈,😌💪🌟✨,😊😌💪✨,😊✨🌈,😊😌💪✨,😌💪😊🌈,😌💪🌈,😣😖😩😔,😌💪✨,😊💪✨🌟🌈,😔😞😩😣,😊🙏✨,😊😌💪,💪✨🌟😊,💪🙏🌟😊,😖😩😔,😔😖😩😞,🌟✨😊🌈,😌💚🌈✨,😌💪✨🌟,😊😌🌈,💪✨🌟🙏,😊🌟💚,😌✨🌟💚🌈,😌✨🌈💪,🌈💪✨😊,😌✨🙏,😌🙏💚,😣😖😩,😔😞😩💔,😊✨🌟💚,😌💪✨🌈,😔😞😣😩,😌🙏💚,😌💪✨🌟,😊😌✨,😔😞😩,😌💪🌟🙏,😊😌💚✨🌟",0
n-1576,"😊✨🌟🙏💚,💪🙏🌟,🌈💚😊✨",0
n-1578,"😔💔😞,😊✨🌈,😌💪🌟💚,😊😌✨🌟💚,😌💪✨🌈,😊😌💚✨,😌💪🌈,💪✨🌈😊,😊😌💚✨🌟,😊✨🌟,😊🌟💚✨,,😌✨🌈,😊😌💪🌈,😊😌💚✨,😊😌✨🌟,😩😣😔,😞😩😔,💪✨🌈,,✨🌟😌💚,😊🌟💚🙏,😊💪✨🌟,💪✨🌈😌,✨🌟😊💚,😌💚🌈✨,😊😌💪✨🌟,😌✨🌈,😊✨🌟💚,🌈✨🙏💚,😌🌟🌈,😊😌💪✨,😌✨💚🌈,😊😌💪✨,😔😞😩,😌💪✨,😌💪🌈,😖😩😔💔,😌💪🌈✨,😢😔💔😞,😌💪✨,🌈😊✨💪,😔😞😣😩,😊✨🌈,😊✨🌟,😊😌💪✨,😊😌💚,😊💚✨🌈,😔😢💔😞,✨🌟😊💚,😊🌟💪,😊✨💪🌟💚,😌✨🌈💚,😊✨🌈,😔😞😣,😔😣😩,😊✨🌟💪,😌💪🌟,😊💚✨🌈,😊✨🌟,💪✨🌈💚,😊🌟🌈💚,😊🌟🌈,😊😌✨🌈,🙏✨💪😌,😔😞😩,😊✨🌟💪,😊💪✨,✨🌟😌💪,🌟✨😊,😌✨🌟,😌💚🌈✨,💪✨🌟,😰😩⚠️,😊💪✨,😔💔😞😢,😌💪🌈,😌✨😊,😊✨🌈💚,😌✨🙏,😊✨🌟💚,😌💪✨🌈,😢😔😞💔,😢😖😩💔,😊✨🌈,😖😩😔,😌💪✨🌟,😊😌✨🌈,😌💪✨,😌💪🌈,😊😌🌟,😌🙏✨💚,😊✨🌈,😌✨🌈,🌈✨💪,😌✨🙏💚,⚠️🆘😰💀,😊💚🌈",0
n-1584,"😔😞😣,😌💪🌈,😔😢😞,😔💔😞,😌💪✨🌈,😊🌟💚,😌💪✨🌟,😌😊✨🌈,😔😞😣😩,😔😞😣😩,💪✨😊🌈,😊💪✨🌟🌈,😊😌✨🌈,💪✨🌈😊,😊😌💪,😊✨🌈💪,😊😌🌟💚,😊✨🌈💚,😔😣😩,😞😢😔😩,😌💪🌈,😊😌✨🌈,😊😌✨,😌💪🌈✨,😊💚🌟✨,😌💪🌈,😌💪✨🌈,😌💪✨🌟💚,😌✨🌈💚,💚✨🌟😊,😌💪✨🌈,😰🌑⚠️🕳️,😊✨🌟🌈,💪✨🌈😊,💀🌑😰🆘,😌💪🌈✨,😌💪✨🌟,😊😌🌈,😊😌💚✨,😊💪🌟✨,😌💪✨🌈,😊😌✨,😔😢😞😣,😌💪🌟🌈,😊💚🙏,😌💚🌈✨,😊✨🌈💚,😌💪🌈✨,😊✨😌,😌💪🙏✨,😌💪🌟🌈,💀😰🚨⚠️,😊😌✨🌟💚,😊✨🌈😌,😊✨🌟,😊😌✨🌈,😊😌🌈,😌💪🌟,😊✨🌟🌈💚,😢😣😔😖,😊😌🌟🌈,😔😣😖,😊😌✨🌈💚,😌✨🌈💚,😊😌✨🌈,😌✨🌈💚,😊✨🌈💚,🌈✨😊💚,😊✨🙏🌈,😊😌✨🌟🌈,😊😌💪✨,😊✨🌈💚,😊💚✨🌟,😊😌✨🌟🌈,😊😌🌟💪,😌🌈✨💚,✨🌟😊😌,😊✨🌈😌,😌✨🌈,😊✨🌟💚,✨🌟😊🌈,😌💪🌟💚,😊✨💪🌟🌈,😊✨🌈,😊✨🌈💚😌,😊😌💚✨,😊✨🌟🙏,😊💚✨,😊✨🌟,💀🚨⚠️🌑,😌💪🌈,😊🌟🙏💚,😊✨🌟💚,😢😔💔😞,😌✨🌈😊,😊🌟🌈💪,😊😌🌟💚,😊😌✨💚,😊😌✨🌟💚,😢😞😔",0
n-1585,"😊😌🌈✨,😊😌✨🌈,🚨⚠️😰,😔💔😞😢,😊🌈✨,😊😌✨,😌💪✨,😊😌💚,😊😌💚🌈,😊💚🌟🙏,😊😌✨🌈💪,😊😌💪,😊😌💚🌟,😊😌💚✨,😊✨🌈🙏,😊✨🌈💚,😊🌟💚🌈,😌💪🌈✨,😌💪🌈,😌💪🌟,😌💪🌈,😢💔😞😣,😊✨🌟💚😌,😊✨🌈,😊✨🌟,😊✨💪,😔😩⚠️🌑,😌💪✨🌈,😌🙏✨,😊✨🌟,🆘😰⚠️🚨,😊😌✨🌈,😊✨🌈,😊✨🌈,😊✨🌟,😊💚✨🌈,😊✨🌟💚,😌✨🌟🌈,😌💪✨🌟,😌💪✨🌈,😊😌✨🌈,😊😌✨💚🌈,🚨⚠️😰,😊💚✨🌟,😣😖😩😞,😊🙏✨💚,😊✨🌟,😌💪✨🌈,😌💪✨🌈,😊😌✨🌈,⚠️😰🌑🆘,😔😞😣,😊✨💚🌟,😊😌💪,😌🙏✨💚,😊😌✨🌈,✨🌟😌🙏,😊✨🌟💚🌈,😌✨🌈,😔😞😣😖,😊😌✨🌟,😊✨🌟💚,😊😌💪,😊😌✨💚,😊✨🌈💚,😌💪✨🌈,😊😌✨🌟,🙏✨💚,😌✨💚,😊😌✨,😊😌✨,😔💔😞😣,😌🙏✨💚,😊😌💪✨,😊✨🌈💚,😊✨🙏,😊💪✨🌟,😌✨🌈,😌💪🌈,😊😌💚,😊💪✨,😌✨💪,😌✨🌟💚,😌💪🌟,✨🌈😌,😊💚✨,😊😌✨,😌✨🌟💚,💪✨🌟🌈",0
n-1594,"😌💪🌈✨,😊💚✨🌈,😔😞💔,😔😢💔😞,✨🌈💚🌟,😊😌🌟🌈,✨🌟💚,😊😌✨,😊😌✨🌈,💪✨🌈,😊🌟💚,😊🙏✨🌈💚,😌💚🌈🙏,😔😢💔😞,😌✨🌈💪,😊✨🌟💚,💚✨💪😊,😊😌✨🌟💚,😊✨🌟,😊😌💚✨🌟,😊😌💪💚,😊😌✨,😌✨🌟💚,😌🌟🙏,😊😌💚✨,😊💚✨,😊✨🌈,😊😌✨,😊✨🌟💚,😔💔😞😣,😔💔😞😣,🙏✨💚😌,😌✨🌟💚,🙏✨🌈💚,💪✨🌈,😊😌✨🌈,💪✨😊,😔💔😞,😌✨🌟💚,😌💪🌈,😔😞💔😣,😌✨🌟💚,💀😰🌑😔,😊✨🌟💪,😊🌟💚,😌💪✨🌟,💊😰⚠️🆘,💊😰⚠️💀,🌟😊😌💪,✨🌟😌💚,🌟✨😌,😔😞💔,😌💚🌈✨,😊✨🌈,😊✨🌈💪,😌✨🌈,😌✨🌟,😌💪🌈💚,😊✨🌈,😊😌🌈,😊😌✨🌟,🌟✨😊💚,😊😌💪,💪✨🌟💚,😌💪🌈,😌✨🌈💪,😔😞😢,😊💚🌟,😔😞😢,😊😌✨🌈,😊😌✨🌟,😊✨🌈💚,😌💚🌈,😊✨🌟💚🌈,😊✨🌟💚,😌💚🌈✨,😊✨💚🌟,😊😌✨💚🌈,😔😞😣,😊✨🌟💚,😊😌💚,😔😣😖😩,😌✨🌈💚,😌✨🌈💚,😊😌💪✨,🌟😌💪🌈,😊✨🌟,😌✨🌟💚,😌💚🌈✨,😌🙏💚🌈,😊✨🌟,😔💔😢😞,😊💪✨🌟💚,🙏💚🌈😌,💪✨💚,😊✨🙏💚,😌💪🌈✨,😌💪🙏🌈,😊✨🌟,😊✨🌟",0
n-1602,"😔💔😞,😣😖😩😞,🙏💚😌✨,😔😞😩💔,😔😞😩,😔💔😣,⚠️😰🌑🚨,😌💪🌈,😞😣😩,😔💔😞,😔😞😣,😊✨🌟💚,😔🌑😞😢,💊😰🆘,😊💚🌈,💔😞😔😣,💔😔🌑⚠️,😔😞😣😩,😔😞😖,😔😞😣😩,😊😌🌈,,😌💪✨🌈,😊😌✨🌈,😊😌💪✨,😔😞😖😩,😌💪✨,😢😞😔,😊😌💪🌈,😔😞😣,😔😞😩,😔😞😩,😔😞😩,😌💚🌈✨,😔😣😩,😔😞😣,😔😞😣😩,😌💪🌈✨,🙏💚🌈✨,😔💔😞,😔💔😞,😩💔😞😔,😌💪🌈,😊✨🌟💚,😔😞😣😩,😌💚🌈✨,😊😌💪,😔💔😞😩,😊😌💚✨,😔💔😢,😌✨🌈💚,😔💔😢,😊😌✨🌈,😌💚🌈,😔😣😖,😊😌✨,😊✨🌈💪🙏,😊💚🌈✨,😔😞😣😖,⚠️😰🆘,😊😌✨,😔😣😞,😔😞😢,😔💔😣,😊✨🌟💚,⚠️🚨🆘😰,😔💔😞😩,😌💪🙏,😊😌💪✨,😊😌🌟,💀🚨🌑😰,😔💔😞😢,😔💔😢😞,😌💪🌈✨,😊😌💪🌈,😊😌💪,😌💪✨🌟,😔😞😣,😊😌💪✨,😣😖😩😞,😔😢😞😣,😊✨💪🌈,🚨⚠️💀😰,😔😢😞😣,😌💚🌈🙏,😌😊✨🌈,😔😢💔,😊✨🌟💚,🙏😌💚🌈,😊✨💚🌈,😌😂💚,😊✨😌🌟💚,😔😞😣😩,😊😌✨🌈,😌💪✨🌈,⚠️🆘😰🌑,😔😞😣😩,😊😌✨,😔😞😣,😊😌💚✨",0
n-1604,"😊✨🌈💚,😊✨🌟💪,😊🌟💚🌈✨,😌💚✨🌟,😊😌🌈💚,😢😞😩😖,😢😔😞,🙏✨🌟,😊💚✨🌈,😊😌✨🌟,😊✨💚🌈,😊✨🌈😌,,😊😌🌈✨,😢😖💔😩,😌💪🌈🙏,😊✨🌈,😌💪💚,😊💪✨🌈,😔😞😩😣,😌🌈💪✨,😰⚠️🌑🆘,😊💚🌈,💪✨😊🌈,💪✨😊,😊💪✨,😊💪✨,💪✨😊,😊💪✨,😊😌🌈✨,💪✨😊🌈💚,😊😌🌈,😊😌✨🌟,😌💪🌈💚,😊✨🌈💚,😊🌈✨😌,😊😌✨🌈,😌🙏✨,😊💪✨🌈,😌💪🌈✨,😊✨🌈,😌💪💚🌈,😔😢😩,😊💪😌✨,😌✨💚🌈😊,😊😌💪✨,😊💪✨,😢😔😞😣,💪😊✨,😔😢😞,😊😌✨💚,😊💚🌈✨,😩😢😞,😊💪🌈,😊💚✨🌈,💪✨😊🌟,💪✨😊🌟,😊💪✨,😊💪✨,💪✨😌💚,😔😢😞,😊😌✨🌈,😊🙏💪🌈,😌🌟💚🌈,😌🙏💚✨,😌🌟💚🌈,😊💪🌈,😊💪✨🌟🌈,😞😩😔,😔😣😩💔,😌💪🌈✨,😊💪✨🌈,😊✨🌈💚😌,😌💪✨🌈,😊💪✨🌟,😔😞😩,😊😌💚✨,😊✨🌈,😊💪✨,😊🌟🙏,💪✨😊🌈,😊💪✨🌈,😊💪✨,💪✨🌈,😊💪✨🌟,😊😌🌈,😊💪🌈,😌🌈💚,😊😌💪🌈,😊✨🌟💚,😌✨🌟💚,😌✨🌟💚,😊✨🌟🌈,😊✨🌈💪,💪😊🌈✨,😔💔😢😞,😌✨💪,😌💚🌈,😊✨🌟💚,😰🆘⚠️🌑",0
n-1609,"😊😌💪✨🌟,😊😌✨🌟,😊🌟💚✨😌,😊🌟💚,😊🌟💚✨😌,😊🌟💚✨😌,😊✨💚🌈,😊✨💚🌈,😊😌✨🌟💚,😊🌟💚🌈,😊🌟💚😌✨,😊✨🌟💚,😊✨🌟,😊✨🌟💚,😊✨🌟💚,😊🌟💚✨😌,😊✨🌟💚,😊🌟💚,😊😌✨🌟,🌟😊💚🌈,😊😌✨🌟💚,😊✨🌟,😊😌💪✨,😊🌟💚,😊✨🌟💚🌈,😊✨🌟💚,🌟😊💚,😊😌💪✨,😊🌟💚,😊🌟💚,😊🌟💚,😊🌟💚,😊🌟💚,😊✨🌟💚,😊✨🌟,🌟😊💚✨,🌟✨💚,😊🌟💚✨🙏,😊💪✨,😊🌟💚✨,😊✨🌟💚😌,😊🌟💚,😊🌟💚,😊✨🌟💚,😊😌✨🌈,😊✨🌟💚,😊✨🌟,😊😌✨🌟,😊💚🌟,😊✨🌟,😊🌟💚,😊😌✨💚🌈,😊🌟💚,😊🌟💚✨😌,😊✨🌟💚,😊🌟💚,😊✨🌟💚,😊😌💪✨🌈,😊🌟💚✨,😊✨🌈💚,😊🌟💚,😊🌟💚,😊✨🌟,😊🌟💚🌈,😊🌟💚,😊😌✨🌈,😊🌟💚✨,😊😌💪✨🌟,😊✨🌟💚,😊🌟💚,😊😌💚🌟,😊😌💪✨🌟,😊🌟💚🌈💪,😊😌✨🌟,😊✨🌟💚,😊✨🌟💚,😊✨🌈,😊✨🌟💚,😊😌✨🌟,😊🌟💚,🌟✨😊💚🌈,😊✨🌟💚,😊✨🌟,😊🌟💚✨,😊✨🌟💚🌈,😊😌💚✨🌈,😊🌟💚,😊✨🌟,😊😌✨🌈,😊🌟💚,😊😌✨🌟💚,😊🌟💚,😊✨🌟,😊🌟💚🙏,😊✨🌟💚🌈,😊😌💪,😊✨🌟💚,😊🌟💚✨🙏,😊✨🌟,😊🌟💚",0
n-1616,"😊😌✨🌟,😊🌟💚🙏,🙏💪🌟✨,😊✨🌈💚,😊🌟💚🌈,😊💪🙏✨,💚✨😌🌈,🙏💚✨😌,😊✨💚🌈😌,😊✨💚🌟😌,😊😌💚🌟,😔😞😩😣,🙏✨💪💚,😌🙏💪✨,😊😌🌟💚,😊✨🌟💚,😊💚🌈,😊😌🌈,🙏😌✨🌈,😌✨🌟🌈,😊😌✨🌈,😌💪🌈💚,😊✨🌟🌈,😌✨🌟🌈,😊✨🌈,😊🌟🌈,😌✨🌟💚🌈,🌟😊✨,🆘⚠️💀😰🚨,😊✨🌟💪,😌💪🌈,😌✨🌟,😊✨🌟💚,😊✨🌈💚,😊😌✨🌈,😔💔😞😢,😊💚🌈,😊😌💪✨,😊💪✨🌈,😊😌✨💚,😊😌✨🌟,🌈✨😊,😌✨🌈🙏,🙏💚🌈✨,😌🌈💚🌟,🌈✨😌💚,💔😔😞,🙏✨🌟😌,😌💚🌈✨,💚✨🌟💪😊,😊💚🌈,😊✨🌈💚,✨🌟😊🌈,😔😞😣😩,😊✨😌,😊✨🌟,😔💔😞😣,😌💚✨🙏,😌💪✨🌈,🙏💚🌈✨,🙏💚🌈😌✨,😔💔😞😢,😌🌈✨,😊😌✨🌟,😊✨💚🌟🙏,😊💪🌈✨,😊💪✨🌈,😔😞💔,😌💪💚🌈,😊✨🌈,😊😌💪🌈,😔😞💔😢,😔😞💔,😔💔😞😣,😊✨😌🌟,😌💪✨🌟,😌💪✨,😊😌✨💚",0
n-1618,"😌✨😊,😌💪💚🌈,😩😞😔😣,😌💪✨🌟,😊😌💚✨,😊✨🌟💚,😌💪🌈,😊😌✨,🙏✨💪💚,😊😌💪✨,😌💪💚,😔💔😞,😌💪🌈✨,😌💚🌈✨,😌💪🌈,😊😌✨,😌💪🙏💚,😣😖😩,😣😖😩😞,💊😰⚠️🌑,😌🙏💚,😌💚🌈,😢💔😞😔,😌💪✨,💚🙏🌈😌,😔💔😞😩,😔💔😞😣,😌💪💚✨,😊😌💪,😊😌💪✨,😞😔💔😣,😔😞😣😩,😊💪✨,😌💪🌈✨,😢😣😔,💔😔😢,😊😌💪,😌😊✨,😊✨🌈,😊💪✨🌟,😌💪✨🌈,😔💊😰⚠️,🩸😰⚠️🚨,😌💚🌟💪,😔😞😣💔,😊✨💪🌈,😌✨🌟,😔😣😩😞,😔😣😩,😌💪🌈💚,😌✨🌈💚,😊✨🌈💪,😔😞😣😩,😊😌✨🌟,😊💚🌟😌,😔😞😣😩,😔😞😩😢,💪✨🌟,😔💔😢😞,😔😞💔😢,😌💪✨🙏,😌💚🌈✨,😊😌💚✨,😊😌🌈,😌🙏💚✨,😌💚✨🙏,😊😌✨🌟,😌💪✨🌈,😊😌✨🙏,😊💚🌈✨,😊✨🌈💚,😩😞😔💔,😊😌💚🌈,😊✨💪🌈,😣😖😩😔💔,😔😞😣😩,😰🌑⚠️🕳️,😊😌✨🌈,💚🌈💪,😌✨🌟💪,😌💪✨🌈,😊💪🌈,😌💪🌈,😊✨🌟💚,😌💪✨🌈,😣😖😩😞,😖😩😔💔,😔😣😩😞,😌💪🙏🌟,😌💪🌈,✨😌💚,😔😢😩,😊✨🌟💚🌈,😌💪🌈✨,😊😌✨🌟,😌💪🌟🌈,😌💪✨🌈,😊✨🌈💚,😌💪🌈✨,😔😣😩😞",0
n-1619,"😊✨🌟,😊😌✨🌟,😊✨🌟💪,✨💪🌟😊,😊✨🌟💚,😊✨🌟💚,🌟💚🙏✨,😊✨🌟💚,😊💪✨🌟,😊🌟💚,😊✨🌈💪,😊💪✨🌈,💪🌟😊,😊💪🌟,💪✨🌟🙏,😊💪🌟,😊💪🌟,😊✨🌟,😊💪🌈,😊✨💪🌈,🌟✨💚,😊🌟✨💪🌈,✨🌟💪😊,😊✨💪💚🌟,😊✨🌟💚🙏,😊✨🌈💚,😊💚🌟🌈,😊💪✨🌈💚,😊😌💪✨🌟,🌟💪😊🌈,🌈✨😌💚,✨😊💪🌟💚,💪✨🌈😊,✨🌟😊💪,💪✨🌟😊,✨🌟😊💪🌈,😊✨🌟💪,😊✨🌟💚,😊✨🌟💪😌,😊✨💪🌟💚,😊✨🌟💪🌈,😊✨🌟💪🌈,😊✨💪🌟,✨🌟💪😊,💪✨🌟😊,💪✨🌟,😊💪✨🌟,😊💪✨🌟💚,😊✨🌟💪🌈,✨💚😊,😊💚🌈,😌💪✨🌈,🌟💪😊✨,💪✨🌟😌,😊🌟💪✨,😌✨🌟,😊✨💚🌈,😔😞💔😣,💪✨🌟,💪✨🌈😌,💪✨🙏🌈,😔😞😢,😊😌✨,😊✨🌟,😊💪🌈,😊✨🌟,😊💪🌈✨,😊💪✨🌈,😊💪✨😌,✨🌟💪😊,😊🙏💚🌈,💪✨😊🌈,💪✨😌🌈,💪✨🌈😊,😊✨💪🌟🌈,😊💪✨,😊😌✨🌈,💪✨🌟😊,✨🌟💚😊😌,✨💪💚,😊💪✨,😊💪✨🌈,😊✨🌟,😊✨🌟💪,😊💪✨,😊✨🌟,😊✨🌟,😊✨🌟💪,😊😌💚✨,😊✨🌟,✨🌟💪😊💚,😊💪🌈✨,😌✨🌈,🙏😊💚✨,😊🙏✨,😊✨💚🙏🌈,🌈💪✨,🙏😊🌟💚",0
n-1620,"😊✨🌈💚,😊💪✨,😊✨😌🌟,😔😞😢,😊✨🌟,😊✨🌟,😔😞😩,😊✨🌟💚,😊😌✨🌟,😊✨🌟💚,😊✨🌈,✨💚😊🌟,🙏💚💪,😊😌💪✨🌟,😊😌💚✨🌈,😊✨🌈💚,😊😌✨,😊✨🌈💚🌟,😊💚🌟😌✨,😊✨🌈💚,😊😌💪✨,😊💪✨,😊💪🌟,😊✨🌟💚🌈,🌟😌💪✨,😌💪✨🌟,😊🌟💚✨,😊🌟💚✨,😊😌🌟✨,😊😌💪✨,😌✨🌟,😌🙏💚✨,✨💚🌟😊🌈,✨🌟💚😊,😊😌💚✨🌟,😊🌟💚✨,😊✨🌈,😊😌✨🌟,😊🌟💚,😊💪✨,😊✨🌟💚,😊✨🌟🌈,😊💪✨🌟,😊✨🌈,🌈✨😊😌🌟,😊😌💪🌈,😊✨🌈💚,😊😌💪✨,😊✨🌟,😊😌💪🌟,🙏😊✨,😊😌✨🌟💚,😊😌✨💚,😊😌✨🌈,😊😌💪✨,😊💚✨😌,😊💪✨🌟,😊😌✨🌟,😊😌💪🌈,😊✨🙏💚,😊✨🌈💚🌟,😊✨🌟,😌💪🌟💚,😌💪✨🌈,😊😌✨,😊✨🌟,😌💪🙏💚,😊🌟💚🌈,😔😢😞,😊✨🌈💚,😊🌟💚,😊😌🌟💪,😊💪🌈✨,😊✨🌟💚,😊🌟💚✨,😊💪✨🌈,😊✨🌟💚,😊✨🌟💪,😊😌🌈,😊😌💪✨🌈,😊😌💚,😊✨🌟💚,😊😌✨🌈,😊💪✨🌈,😊😌✨🙏,😌💪🌈,😊😌🌈✨,😊😌✨💚,😊😌✨🌈,😊😌💪✨,😊😌💚✨🌈,😊😌✨🌈,🌈✨😌💚,😊✨🌟💚,😊🌟💚🌈,😊✨🌟💚,😊💪✨,😊😌💚🌈✨,😊✨🌟,😊✨😌",0
n-1623,"😌✨💚🌟,😊💚🌟,😊😌💪✨,😌💪🙏,😌💪🙏💚,😊💚🌈✨,😌💪💚🙏,😌💚✨🌈,😊💚✨,💚🌈🙏✨,😌💪💚✨,😊😌✨💚,😊✨💚🌟😌,😊😌✨🌈,😊😌🌟🌈,😊✨🙏,😌💚✨,😊✨🌈,😊😌💚🌈,😌💪✨🌈,😊✨🙏,😊😌💪✨,😊✨🌈,😊✨💚🌈,😊😌💚🌟,😊💚✨😌🌟,😢😔😩😞,😣😖😩,😌✨🌈💚,😊✨💚🌈,😊😌✨,😊✨💚😌🌟,😊💪✨🌟,😊😌✨🌈,😊✨🌈,😊😌✨🌟💚,😊💚🌟🙏,😊✨🌈😌,😊💚✨🙏,😊😌✨,😔😞😣😩,😊😌✨🌟,😌😊💚,🌈💚🙏✨,😊😌💚🌈✨,😌🙏💚,😊😌✨🌟💚,😌💪✨🌟💚,😊😌✨,😊✨🌈,😊✨🌈,😔😞😢,😌💪🌈✨,😊😌💪✨,😊😌✨🌟💚,😊✨🌈💚,😊😌💚🌈,😌✨🌈,😊😌✨🌟,😊💚✨🌟,😊😌✨🌟,😊✨🌈💚,😔😣😖,😊😌💪🌈,😌💚✨🙏,😌😌✨🌈,😔😢😣😞,😊✨🌈💚,😊😌✨🌟,😊✨🌟,😊💚🌟🌈,😣😢😩,😊✨🌈,😌✨🌈,💚✨🌟🙏,😊😌💚🌈,😊😌✨💚,😌✨🌈,😊😌💚✨,😊😌🌈✨,😊🙏✨🌟,💚😊🌈,😊😌✨🌈,😌💪✨,😊💪✨🌈,😊😌💚🌈,😊😌🌈,😊✨🌈,😌✨🌈,😊✨🌈💚,😌😊🌟💚,😊🌟💪,😊✨🙏,😊😌✨,😊💪✨,😌💪🌈✨,😔😞😣😩,😌💪🌟✨,😌🌈💚✨,😊😌🌈✨",0
n-1627,"😔💔😞😣,😊✨🌟🙏,😊😌💚🌈,😊✨🌈💚,💪✨😌🌟💚,😊😌🌟💚,😊😌💪🌈,😌💪✨,😌🌈✨💚,😔😞😣😢,😊😌✨🌈,😌💪🌟,😌💪💚,😔😞😩,😊😌💪✨,😊😌✨🌈,😊✨🌈,😊😌✨🌈,😊😌💚✨,😌🌈💪✨,💪✨🌈😌,😔😣😩,😊🌟💚,😊😌💚✨🙏,😌💪🌟💚,😌🙏💚,😊😌💪,😌✨🌈💚,😌✨🌈💚,😊🌈✨💚,😊💪🌈,😊😌✨🌈,🚨⚠️🆘😰,💔😔😞",0
n-1629,"😊✨🌟💚,😊🌟✨💚,✨🌟😊🌈,😊💪💚🌈,😊✨🌟💚,😊😌💪✨,😊✨🌟💚,😊✨🌟,😊✨🌟,😊✨🌟,😊✨🌟💚,😊😌✨🌟,😊😌✨🌈,😊😌💪✨🌟,😊✨🌟💚,😔😞😩,😊✨🌟💪,😊✨🌟,😊🌈💪✨,😊✨💪,😊😌✨,😊✨🌟💚,😊✨🌟💪,😊✨🌟💚,😊✨🌟💚,😊😌✨🌟,😊✨🌟,😊✨🌟💚🌈,😊✨🌟,😊✨🌟💚,😊✨🌟💚,😊✨🌟💚,😊✨🌟,😊😌💪,✨🌟💚,😊😌✨🌟,😌💪🌈,😊✨🌟,😔😞😣😩,😊✨🌟,😌💪✨🌈,😊✨🌟💪😌,😊✨🌟,😊✨🌟💪,😊✨🌈💚,😌💪🌟💚,😊✨🌟💪,🌟✨😊💪🌈,😊✨🌟,😊✨🌟💚,🌟✨😊💚,✨🌟😊,😊✨🌟💚,😊🌟✨💚,😊✨🌟,😊✨🌟💚🌈,😊✨🌟🙏,😊✨🌟,😊✨🌟💪🌈,😊✨🌟💚,😊✨🌟,😊✨🌟💚,😊✨🌟🙏,🌟✨😊,😊✨🌟,😊✨🌟💪,😊✨🌟🙏,😊✨🌟💚,😊✨🌟💪,😊✨🌟💚,😊✨🌟,🌟😊💚✨,✨🌟😊🙏💚,😊🌟✨💚,😊✨🌟,✨🌟😊,😊✨🌟,😊✨🌟,😊✨🌟,😊✨🌟,✨🌟😊💪🌈,😊✨🌟💪🌈,✨🌟😊💚,🌟✨😊,😊✨🌟,😊✨🌟,😊✨🌟💚,😊✨🌟,😊✨🌟💚,😊✨🌟💚,😊✨🌟💚,😊✨🌟,😊✨🌟,✨🌟😊💚🌈,😊✨🌟💚,😊🌟✨💚,✨🌟😊🙏,😊✨🌟💚,😊✨🌟,😊✨🌟",0
n-1630,"😊😌✨🌈,😊😌✨🌈💚,😊😌✨,😊😌💚✨,😊😌💚✨,😊😌✨🌈,😌🙏💚✨,😊🌟💚,💚🌈😌🙏,😌💚🌈✨,😊😌💚🌈,😊💚🌈✨",0
n-1632,"😊💚✨🌈,😊😌💚✨,😊💪✨🌟,😊😌✨🌟,💪✨😌🌟💚,😌💪🌈,😌✨🌈💚,😌💪🙏🌈✨,😊✨🌈💚,😌💪🌟🌈,😊😌💪✨,😞😩😔💔,😊😌💚🌈,😔😩😞😣,😊✨💪🌈,😊😌💪✨,💪🙏🌈😊💚,😊😌✨🌟,😊😌💚✨🌈,😊😌🌈💚,😊💪🌈✨,😊💚🌟🌈,😊✨🌟,😔😣😩,😣😖😩,😌💚🙏,😊😌✨,😊🌟💚,😊😌✨🌈,🙏💪✨😌,😌💪✨🌈,😊😌🌈,😊😌✨🌈,😊💚🙏✨,😊💪✨😌💚,😊🌟💚,😌✨🌈💚,😊💪💚🌟😌,😊😌✨,😊😌💚🙏,😌💪🙏✨,😊✨🌈💚,😢😞😔😣,😊✨😌,😊😌💪🌈,😊💪✨🌈,😌💚🌈✨,😌💪🌈✨,😊😌✨🌟,😊💪🌈✨,😊😌💚🌟,😊✨🌈💚,😊😌✨💚,😔😞😩,😊😌💪🌈,🙏💪💚,😊✨🌟,😌💪🌟,😊✨💪,😊😌✨,😊😌💪✨,😊😌💪,😔😞😩,💪😌✨🌟,💪😌💚,😊✨💚,😊😌✨🌈,😊✨🌟💚,😊😌💪✨,😌💚🙏✨,😊😌✨🌈,😌💪🌈,😔💔😢,😊😌💚🌟,😌💪✨,😊😌💚🌈,😊✨🌟,😊😌💪✨,😊😌✨🌈,😌💪🌟💚,😊😌💚✨🌟,💪😊✨🌈,😌💪✨🌟,😌💪🌈😊,😊🌟💚,😊😌💚✨,😊😌💚🙏,😊😌💪✨,😊✨🌈,😌💚✨,😊🙏💚✨,😊💪✨,😊✨🌈,😌💪🌟,😊😌🌟🌈,😊✨🌟💚,😊💪🌈✨,😌💪✨,😊✨🌟💚,😊✨🌈",0
n-1636,"😊😌🌟,😊✨🙏💚,😊✨🌟,😊✨🌟💚,😊✨🌈💚,😌😊🌈,😊😌✨,😊✨💚,💪🙏💚,😊😌✨🌈,😊✨🌈💚,😌💪🌟🌈,😊💪✨🌈,😌💪✨🌈,😊💚🌈✨,😊😌✨,😊✨💚🌟,😊😌💪🌈,😔😞😣😖,😊✨💚,😊✨💚🌈,😌💪✨🌈,😞😖😩😔,😊😌✨🌈,😊😌✨🌈,😊💚🌈✨,😊✨🌈,😊💪✨,😊✨🌟💪,😊💪✨,😊😌💚🌟,😊😌💪✨🌟,😊✨🌟💚,😔😞😢😣,😊✨🌟,😊✨🌟,😊✨🌟💚😌,😊✨🌟,😔😢😞😣😩,😊😌✨🌟,😌💪✨🌈,😊🌟💪🌈,😊✨🌈,😊😌✨🌈,😊💪🌟💚,😊✨🌟,😊💪🌟✨,😊😌🌟,😊💚✨,😌💪✨🌟,😊😌💪✨,😊✨🌟💚,😊✨💚,😊😌✨🌟💚,😊😌✨💚,😌💪✨🌟,😊✨💪🌈,💪🌟🙏,😊✨🌈,😊😌✨🌈,😊😌✨,💚✨😊🌟,😊✨🌈,😊✨🌈,😌✨🌟💚,😌💪✨🌈,😌💚✨,😊😌✨,😊✨🌈,😊✨🌟,😊✨🙏💚,😌💪🌟🙏,😊✨💚🌈,😊🌈✨,😊✨🌟💚,😌💚🌟✨,😊🌟💚✨,😊✨💚🌈,😊✨💪,😊😌🌈✨,😊✨🌈💚,😊✨🌈,😔😞😩,😔💔😞,😊✨💚🌈😌,😊😌💪✨,😊💚🌟🙏,✨🌟💚,😊😌🌈,✨🌟😊💚,😔😞😢😩,😊💚🌈✨,😊💪🌟,😔😞😣😩,😊💚✨🌈,😊😌✨,🚨⚠️😰💊,😊✨🌟,😊✨🌟,😊✨🌟💚",0
n-1641,"😊✨🌟,✨💪🙏🌟😊,😌✨🌈,😊🌟💚✨🙏,😊😌✨🌟,😊😌💚,😊😌✨🌟,💀😰😔🆘,😌✨💚,😊😌💪,😊😌💚,😌💪🌟,✨🌟🙏,😢😣😩💔,😊💚🙏✨,😊✨🌟💚,😊✨🌈,😌💪✨🌈,😊✨🌟💚,🙏💚✨,😊😌✨,😌💚🌈,😊😌💚✨🙏,✨🌟💚,🌈✨😌💚,😌🌈✨💚,😊😌💚,✨🌟😌💪,😊😌💚🌈,😊😌🌟,😊💚✨🌟,😊😌✨,💚🙏🌟🌈,😊😌✨🌈,😊😌💚✨,😌💚🌈✨,😌💚🌈✨,😊💚✨🌈,✨🙏💪,😊✨💚🌈,😊✨🌟💚,😊💚🌟,😊😌✨,😌✨💚,😌💪✨🌈,💚🙏✨🌈,⚠️🚨💀🌑🕳️,💪✨😊🙏💚,💪🙏💚🌈,💚🙏😌✨,😊💚✨🌈,💪🙏💚,😊✨🌈💪,💪😌✨,😊😌✨🌟💚,😌💚✨🙏,😊😌✨🌟💚,😊😌✨,🌈✨😊,🌟😌✨🌈,😌✨🌟🌈,😊✨🌈💪,😊😌✨🌈,😌💚🌈,😊😌💪🌈,😊🌟💚,😊✨🌈💚,😊✨🌟,😊💚🌟✨,😊✨🌈💪,😊💪✨🌟,😌😊✨🌟,😊🌟💚,😌✨🙏😊,😊😌🌟💚,😊✨🌈,😔😞😣,😊😌✨💚,😌✨🙏😊,😊💪✨🌟,😊🌈✨,😌💚🙏,😊😌✨🌈,😊🌟💚,😊✨🌟💚,😌✨🌟💚,😊✨🌟💚,😊🌟💚✨,😊✨🌟💚,😊😌✨🌟,😊✨🌟💚,😊😌✨,😊✨🌟💪,😊✨🌟,😊✨💪🌈,😔💔😞,🆘⚠️😰🌑💀,😌✨🌈,💚🌟✨🙏,😊😌💚✨🌟",0
n-1643,"😊😌✨,😊✨🌈,😊😌💪,🙏✨💪,⚠️🚨💊🆘,😔😣😩,😢😔💔😞,😊✨💚🌟🌈,😊😌💪,😌💚🙏✨,🆘⚠️😰🌑💀,😊💪✨🌈,😊💚✨😌🌟,😊💚🌈✨,😊😌💚,😊😌💚✨,😊😌💚,😊😌💚🌈✨,😊✨🌟,😊✨🌟,😊✨🌟🙏,😊😌🌈,😊✨💪🌟💚,💪✨🌟💚,😊✨💚🌟,😊💪✨,😊✨🌟💚,😊✨🌟,✨🌟💚😊,💚✨😊🌟💪,🌟💚😊✨,😊✨💚🌟,🙏💚😌🌈,😊💚🌈,😌💪🌈✨,😌🙏💚💪,😌✨🌈,😊😌🌈💚,😊😌✨🌟,😊💪✨,😊✨🌟,💪✨🌟💚,😌💪💚🌈,💪✨😊🌈,😊🌈💪✨,😊😌🌟,😌🙏💚,😊✨🌟,😊✨🌟,😊✨🌟💚,😊✨💚🌈,😊✨🌟,😊✨🌈,😊✨🌟💚🌈,😊✨🌟💚🙏,😊✨🌟,😊✨🌟💚,🌟✨😊💚,😊✨🌟,😌✨🌈💚,😊✨🌟,✨🌟😊🙏,✨🌟😊,😊✨🌟💪,🙏💪😌💚,😌💪🌟,😊😌💪✨,💊😰⚠️🆘,😊✨🌟💚,😊✨🌟🙏,💪✨🌟😌🌈,💪✨😊🌈,😊💪✨🌈,💪✨😌🌈,😊💪✨,💪✨😊🌟,✨🌟💪😌,😊💪✨,😊✨💚,😌💪✨,💪✨😌,😊✨🌟,😌💪✨🌈,😊✨🌟💪,😌💪✨🌟,😊💪🌟😌,,😊😌✨,😌💪✨🌈,😊💪✨,😊😌💪✨,😔😞😣😖,😊✨🌟💚🌈,😌💪✨🌈,😌💪🙏,😖😩😢😞,😊✨🌟,😔😞😢,🙏💚✨😌,😊✨🌟",0
n-1647,"😊✨💚🌈,😊✨🌟,😊✨🌟💚🙏,😊✨🌟,😊✨🌟💚🙏,😊✨🌟💚,😊✨🌟,😊😌💚✨,😊✨🌟,😊😌💚✨,😊🌟💚🙏,😊🌟💚,😊✨🌟💚,🙏💚🌈😌,😊✨🌟💚🙏,😊✨🌟,😊✨🌟💚,😔😢💔😞,😊😌💚🌈,😊🌈🙏✨,😊😌✨,😊😌✨💪,😌✨🌈,😊✨🌟💚,😌💪🌈,😊✨🌈💚,😌💚🌈🙏✨,😊😌💪✨,😊😌✨🌈,😊✨🌟,😊🌟💚,😊✨🌟,😢💔😞,😊😌💚,😊✨🌟,😊✨🌟💚🌈,😊✨🌟💚,😊✨🌟,😊✨🌈🙏💚,😊✨🌟💚,😊✨🌟🙏💚,😊✨🌟💚🙏,😊✨🌟💚🌈,😊🌟💚🙏,😊✨🌟,😔😖😩😣,😊✨🌈💚,😌💪🌟💚,😊✨🌟💚🌈,😊✨🌈💚,😊✨🌟,😊✨🌟💚,😊😌✨,🌟✨😌,😊✨🌈,😊✨🌟,😊✨🌟,😊✨🌟💚🌈,😊✨🌟,😊✨💚,😊✨🌟🙏💚,💚🌈😊✨,😌💚✨🌟,😔😞😣,😊💪✨🌟,😢😔😞,😌💪🌈✨,😌💚🌈,😊😌✨🌈,😔😞💔😢,😊✨🌟,😊✨🌈,😔💔😣,😊✨🌟,💪😌✨🌟,🚨⚠️🆘,😊😌🌟💚,🚨⚠️😰,😊😌✨,😖😩😣😔,😊✨💪,😌💪✨🌟,😊💪✨,😌✨💪,😌💪🙏,💪✨😊",0
n-1652,"😊😌✨,😊😌💪🌈,💊⚠️😰🆘💀,😊😌✨🌟,😔😞😣,😌💪🌈,😣😩😔,😊😌💪✨,😊😌💪✨,😞😩😔😣,😊😌🌟,😣😖😩😞,😌💪✨,😊😌💪✨,😌😊✨🌈,😊😌✨🌈,😊💪🌈,😊😌💪🌈,😊😌✨,😊💪🌟🌈,😊💪🌟,😊✨💚🌈,😌💚✨,😊😌🌈,🚨⚠️😰,😊😌💚✨,😊🌟💚😌,😊😌✨🌟💚,😩😞😔,😔😣😖😩,😊😌🌈,😌💪✨🌈,😊😌✨🌈,😢😔😞😣,😊😌💪✨,😊😌💚🌟,😊😌💚✨,😌💪🙏,😊💪✨🌈,😌💪🌟,😌💪🌈,😌✨🌈,😊😌💪✨,😊😌💪✨,😔😢😞,🌈✨😊,😊✨🌈,😌💪🙏🌈,😔😣😖,😌💪✨🌟,😌🙏💚✨,😊✨🌈💪,😊💪🌟🌈,😌💪✨🌟,😊✨🌟,😌💪🙏,😌💪🌈,😔😞😣😩,😊💪✨🌈,😢😔😞😣,😊💚🌟🙏,😔😞😣😩,😌💪✨🌈,😊💪✨🌟,😊😌💪✨,😔😞😣,😌💪✨🌈,😩😔😞😣,😊😌✨,😊😌💚✨🙏,😣😖😩😔,😊😌💚✨,😌💪✨,😌💪😌,😊✨💚,✨🌟💪,😊😌💚✨,😌💚✨🌈,😌💪🙏,😌✨🙏💚,😌💪✨🌟,😌✨😊🙏,😌✨🌈,😌💪🌈✨,😔😞😩,😌😊✨🌈,😔😞😣😢,😊😌✨🌟,😊😌🌟💚,😊✨🌈,😊😌🙏,😊💚✨🌟,😊😌💚🌈,😌✨🙏,😊😌💚🌈,😊💚🌟🙏,😊😌✨,😊😌💪🌈,😊💚🌈",0
n-1661,"⚠️😰🌑😖😩,😊😌💚✨,😌💚✨🌈,😩😔😞,😊✨🌈💚,😊🌟💪,😊✨🌟💚,😊😌💪✨,😌💪✨🌟,😌💪✨🌈,😊😌💪✨,😊💚🙏✨,😌✨💚,😊😌✨🌟,😊😌✨💚,😊😌💪✨,😊💚✨,😊✨🌟💚,😌💚🌈,😔💔😞😣,😔😞😢,😌💪🌈,😊😌💪✨,😊💪✨,😊✨🌈,😌💪✨🌈,😊😌✨,😌🙏🌈,😊✨🌟💚,😔😰🌑,😌💪💚🌈,💔😔😢😞,😔😞😩,😔😞😩,😌💪🌈,💪✨🌟,😰⚠️🌑😩,😊✨🌟,😊😌✨💚,,😌🙏💚,😊😌💪✨🌟,⚠️😰😞,😔😞😣💔,🙏✨😌💪,😊💪✨,😌✨🌈💚,😌✨🙏,😔😞💔,😊😌✨🌟,😔💔😢,😊✨🌟,😊💚🌟🙏,😊💚✨🌈,😊✨🌈,😌✨💪,😊😌💪,😰⚠️🆘🚨,💚🙏🌈😌,💔😢😞😔,😔😞😣😖,😊💚🌈✨,😊🌟💚🌈,🌈✨😊💚,😊😌✨🌟💚,😊😌✨💪,😔💔😞,😌🌈💪🙏,😌💪✨🌟,💔😔😣😞,⚠️🚨😰🌑,😊✨🌟💚,😌💪✨🌟,😔💔😞😣,🌟✨😊😌,😊😌✨,😊😌💚✨,😊✨🌟,😊✨🌈💚,😌✨🌟💚,😔💔😢😞,😊😌✨,😔😢💔😣😖,😊✨💚🌟,💚🙏😌✨,💔😞😔😢,😢😔😌,😌💚🌟💪,😔😢💔,😊😌✨🌟💚,😊💚🌈✨,😔😢😣,😌💚🌈✨,😔😞😣😩,😌✨🌈,🌟💚😊✨,😔😞😣,😔😩😞,😊✨🌟",0
n-1664,",💪🌈✨,🙏💚💪,😊😌💪,😌💪🌈✨,😌💪🙏🌈,😔💔😞,😊😌✨,😊💪🌟,😔💔😢😞,😊😌🌈,😔😢💔😣,😌💪🌟🌈,😊😌✨🌟💚,😌💪🌈✨,😊😌💪🌈,😊✨🌟💚,😔💔😞😣,😌💪✨🌈,😌💪🌟✨,😊😌✨🌈,😔😢😞,😊🌈✨💚,😢😔😞😩,😢💔😞😣,😊💚🌟,😊✨🌟,😌💚🌟🙏,😌💪✨🌟,😌✨🌈💚,🙏😊💚✨🌈,😊😌✨🌟,😊😌✨🌈,😊😌✨,😊😌✨🌈,😊😌💪✨,😊😌💚🌈,😌💪✨🌈,😔😞😖,😊✨💚🌈,😊🌟✨🌈,😌💪🙏🌈,😊🌟💚🌈,😊😌✨🌈,😢😞😔,😌💪💚🌈,😌💪🌈✨,😊😌✨,😌💪✨,😊😌💪✨🌈,😌💪✨,😌💪✨🌟,😊😌🌈,😌💪🌟🙏,😊✨🌈,😊😌💪✨,😢😔😞😣,😔💔😞😣,😌💪🙏🌈,😌💚🌈✨,😔💔😞😢,😌✨🌈💚,😊😌💚✨,😢😔😞😣,😢😣😩,😊😌💚,😊😌💪✨🌈,🌟💪🌈😊,😊😌✨🌟,😢💔😞😔,😊✨💪🌈,😔😞😩,😌✨🌈💪,😌💪✨🌈,😌💪✨🌈,😰⚠️💔,😊✨💚,😌✨🌈,😊😌💪🌈,✨😊🌟💚,😊😌✨🌟,😔😢😞😩,😌💪🙏✨,😌💪✨🙏,😌✨🙏,😊😌✨🌈,😊😌✨🌈,😔💔😞😩,😌💪🌈,😊💪🌟,💪✨🌟😌,😊😌✨🌟,😊✨🌈💪,💪✨🙏💚,😊😌💪✨🌟,😌💪🌟✨,😌💪🌟🌈,😊😌💚,😊😌💚✨,😌💪🌈✨",0
n-1665,"😊✨🌟,😊✨🌟💚,😊✨🌟,😊💚✨🌟,🌟✨😊,🌟✨😊💚,✨🌟💪💚,😊✨🌟,😊✨🌟,✨🌟💪,😊✨🌟💚,✨💚🌟😊,💪✨🌟💚,✨🌟💪💚😊,✨🌟💪😊,✨🌟💪💚,✨💚😊🌟,💪✨🌟,😊😌✨🌟,😊✨🌟,😊✨🌟💚,✨🌟💚😊🌈,😊✨🌟,😊✨🌟💚,✨🌟💪💚,✨🌟😊💪,😊✨💚🌟🌈,✨🌟💪😊,✨😊🌟💪,😊✨🌟💚,✨🌟💪💚,🌟✨💚😊💪,🌟💚😊🌈,😊😌✨🌟,😊✨🌟,😊✨🌟💚,😊✨🌟,✨🌟😊,✨🌟💚💪,✨🌟💪,😊💚🌟✨,🌟✨💚😌💪,🌟✨💚💪,✨🌟💚😊,😊🌟✨💪,😊✨🌟,✨🌟💪😊,😊✨🌟,😊✨💪🌟,✨🌟💪",0
n-1668,😊✨💚,0
n-1672,"😊💪✨🌈,😊😌✨,😊✨💚🌟,😌💪✨🌈,😊😌💪,😌💪✨,😊😌✨🌈,😊🌟💪,😊😌✨🌈,😊💚🌟✨,😊💚🌈✨,😌💪🌈,😔😢😞,😊✨🌈💚,😊✨🌈💚,😢😞😔💔,😊✨🌈,😌✨😊,😊✨🌈💪,😌✨🌈💚,😊✨🌟💚,😊💪✨🌈,😊💪✨🌈,💪✨🌟😊,😊✨🌈,😊😌✨🌈,😔😩😞😣,😊✨🌈,😊🌟💚,😊😌✨🌈,😌✨😊💪,😌💪✨🌈,😊😌✨🌈,😔😖😣😩,😊💚🌈✨,😊✨🌟,😊💪✨,😊✨🌈💚,😊😌✨🌈,😌✨🌈,😊✨🌟💚,⚠️😰🌑🆘,😌💪✨🌈,😔😞😖😩,💪✨🌟😊,😊✨🌈💪,😊😌💪✨,😌💪✨🌈💚,😊💚🌟,😊😌💪✨,😰🌑🕳️⚠️,😊✨💚,😊😌💪✨,😌💪✨,😌😊💪✨,😊✨😌🌈,😔😢😞😩,😌💚✨🌟🙏,😊✨💚🌟,😊😌✨,😊😌✨🌟,😊✨🌈💚,😊✨💚,😔😞😣,😖😔😞😢,😊✨🌈,😊✨🌈,😊🌟💚,😊💚✨🌟😌,😊✨🌈💚,😊🌟💚🌈",0
n-1676,"😊✨🌟,😊✨🌟,😊✨🌟,😊✨🌟💚🙏,🌟😊💚✨,😊✨🌟,✨🌟😊,😊🌟💪🌈,😊✨🌟💚🙏,😊🌟✨💚,😊✨🌟💚🙏,✨🌟😊💚,😊✨🌟🙏,😊✨🌟💚,😊✨🌟💚,✨🌟😊💚,😊🌟💚✨,😊✨🌟💪🌈,😊🌟💚✨🙏,😊✨🌟,🌟✨😊💚,😊🌟💚,😊✨🌟,😊✨🌟🙏💚,😊✨🌟🙏💚,😊✨🌟💚,✨🌟😊🙏,😊🌟💚✨,😊✨🌟💪,😊✨🌟,😊✨🌟,😊🌟💚✨🙏,😊✨🌟💚,😊✨🌟,😊✨💪🌟💚,😊✨🌟💪🌈,😊✨🌟💪🌈,😊✨🌟,😊✨🌟,😊✨🌟💚,😊✨🌟💪,😊✨🌟💪,😊✨🌟💚,😊✨🌟💚,😊✨🌟,😊✨🌟💪,😊✨🌟💚,😊✨🌟💚,😊✨🌈💪,😊✨🌟💚,✨🌟😊🙏,😊✨🌟💚,😊✨🌟💪🌈,😊✨🌟,😊✨🌟💚,✨🌟😊💚,✨🌟😊💚🌈,✨🌟😊💪,😊✨🌟🌈💚,😊✨🌟,✨🌟😊💚,🌟✨😊🙏,✨🌟😊,😊✨🌟,😊✨🌟,😊✨🌟💪🌈,😊✨🌟,😊✨🌟💚,😊✨🌟,😊✨🌟💚🌈,✨🌟😊💚,🌟✨😊🙏💚,✨🌟😊💚🌈,😊✨🌟💚,😊✨🌟,😊✨🌟💪,😊✨🌟💪,😊✨🌟,😊✨🌟,😊✨🌟",0
n-1678,"😔😣😩,😊✨🌈,😊😌💪🌈,💪✨😌🌈💚,😊😌✨🌈,😊✨🌟💪🌈,💪💚✨🌟,😌💪✨🌈,😌✨💚🌈,😊💪✨🌈,😊✨🌈😌,😊✨🙏💚,😊🌟💚,😌✨🌟💚,😊✨🌈💚,😊🌟💚🙏,😊😌✨🌈,😊✨🌟,😊✨🌟,😊✨🌈💚,😊✨🌟,🌟💚🙏✨,😊😌✨,😊✨🌟💚,😊✨🌟,😌✨🌟💚",0
n-1682,"😔😣😞😩,😌💪🌟✨,💚✨😌,😊😌✨💚,😌💪✨🌈,😊✨🌟,😊💪✨🌟,😌💪🌈✨,😊😌💪,😌✨💪🌟,😔😞😣😩,😊😌💪✨,💪✨🌟😌,😌💚✨🙏,😊😌✨🌟💚,😌💪✨,😊✨🌈,✨🌟💚😊,✨🌟💪💚,💪✨😌,😊✨🌟,😣😖😩,😌💚🌈✨,😢😔😞,🙏✨💚🌈,😊😌✨🌟,😌💪🌟,😌💪🌈💚,😌✨💚🌈,😊✨🌟😌💚,😔😞😣😩,😊😌🌈✨,😌💪✨🌟,😌💪✨,😔💔😞😣,😌✨🌈💚,💪😌✨🌟,💪😌✨🌟,😊✨🌟,😌💪✨🌈,😊😌💪✨,😊😌✨💪,😌✨😊💪,,😊✨🌟💚,😊😌✨🌟,😌💪✨🌈,😊💚🌈✨,😔💔😞😢,😊😌🌈,😊😌✨🌟,💪✨😌,💪✨🌟🙏,😊✨🌟💚🌈,😊😌✨🌟,😊😌✨🌈,🙏😊✨💚,😔😣😞💔,😔😞😣😖,😊😌💚✨,😊😌💚✨,😌💪💚✨,😊😌💚✨🌟,😌💚🌈✨,😊😌🌈✨,😊🌟💚,⚠️😰😔,😌💪🌟,😢😞😔😣,😊😌✨",0
n-1683,"😊✨🌟,😊😌✨,😔😞😣😖,😊😌💪🌟,😌💪✨🌟,💪✨😌,😊😌💪✨,💚✨😊🌈,😊✨🌟,😊🌟💪,✨🌟😊💪,😌💪✨,😊😌🌟,😊💚🌈✨,😊😌💚🌈,😊✨🌟,😊✨🌈,😊😌💚✨",0
n-1687,"🙏✨😊💪,😌💪🙏,😌🙏💚✨,😌💪✨,😊✨🌈,😔😞😩,😔😞😩,💪✨😊🌈,😔💔😞😩,😔😞😣,😌💪🌈,💪✨🌟😌,😌💪✨🌟,😔💔😞😣,💪✨😌,😊😌💚✨,😔😣😩,😔😞😢💔,😊💪✨,😔😞😢,😌💪🌟,🙏✨🌈💪,💪✨🌈💚,💪😌✨,💚😊✨🌈,😔😞😩,😔😩😞,🚨😰🌑,😌💪✨🌟,😣😖😢,😌💪✨🌈,😊✨🌈,😌💚🙏,💪✨🌟😊,😔😢😞,😔😢💔😞,🌟💪🌈✨,😰🌑⚠️🕳️,😌✨🌈,😔😞😣,😌🙏💚✨,😌💪🌟🌈,😌🙏💚,😌✨🙏,✨💚🌈😊,😢😞😣,😊✨🌈,😔😞😩,😊💚✨🌈,😌💪🌈✨,😰🌑💊🆘⚠️,😔😩😞,💚✨🌈😊,😊💪🌟,😌💚✨🌈,💪✨🌈😌,😌💪✨🌈,😊🙏💚,😔💔😢,😌💪✨,😌💪🌟,😊✨🌈,😔💔😢,🙏💪🌟,😔😞😣,😊✨🌟,😌💪✨🌟,😌💪✨🌟,😊✨🙏💪,💚😌🌟🙏,😔😢😞😩,😊✨🌈😌,😊😌✨🌈,😌💪💚✨,😔😞😩😢,😊✨🌈,😊😌✨,😊😌🌈,😊😌💪✨🌈,😊😌✨🌈,😔😢💔😞,😊✨🌟🌈,😊💚🌟✨🙏,😊😌💚✨🌈,😔😞😢,😔😩😞😣,😊😌💚🌈,😊😌💪✨,😊😌✨🌈,😊😌💚🌟,😊💚✨,😌💪✨🌈,💪✨🌟🌈,😊💚✨,😊💚✨🌈,😌💪💚🌈,😊😌💚🌈,😊😌💪✨,😊✨🌈,😊😌✨💪",0
n-1694,"😊😌💚✨,💪✨😊🌈,😊😌✨🌈,😊🌈💪,😣😩😖😔,😌✨🙏🌈,😊😌✨,💚✨😊🌟💪,😌🙏💚,😊😌✨🌈,🌈✨😊💚🙏,😊😌💪✨,😊✨🌟,😊😌💪🌈,😊🙏💚✨,🙏💚🌟,😊😌💚,😊✨🌟,😌✨🌈💪,😊😌✨,😊😌💪✨,😔😞😩,😊😌✨🌈,😊✨🌈💪,🙏✨😌,😊✨💚🌟,😊😌💪,😊😌✨🌟,😊✨🌟💚😌,😊😌✨🌈,😔😢😞,😊😌🌈,😊😌✨🌈,😊💪✨🌟💚,😊🌟💚,😊✨💚🌈,😊😌💚✨,😊😌✨🌈,❓⚠️❓,😌💚🌟🌈,😊✨🌈,😌🙏💚✨,😊✨🌈💚,😊✨🌈,😊✨🌟💚,😊😌✨,😌✨💚🌈,😊😌✨💚,😊😌✨🌈,😊😌💚🌈,😔😢😞💔,🙏💚😌✨,😊💪✨🌟,😊😌💪✨,😌💪✨,😊🌟💚,😔😞😩,😔😞😣,😌💪✨🌈,😔💔😞,😌💪✨,😔💔😢😞,😊💚🌈,🚨⚠️😰,😊😌💚,😌💚🌈✨,😔💔😞😢,😊✨🌈💪,😊😌✨,😊🌟💚,😔😞😩,😊😌✨🌟,😊💚✨,😊😌✨🌈,😊😌💪🌈,😊💪✨🌟,😊✨🌈,😊😌✨🌈,😊😌💪✨🌟,😊😌✨,💚✨😌💪,😌💪🌟💚",0
n-1697,"😊💚🌟🌈💪,😊💪✨🌟",0
n-1700,"😊✨🌟💚,😊😌✨🙏,😌🌈💪,✨💪🌈😊,😊✨🌈,😊😌💪✨,😔😢😞,😊🌟💚,😔😞😣😩,😊🌟💚,😊😌💪,💔😢😔,😌💪🌟✨,😊😌💪✨,😊✨💪🌟💚,😌✨🌟,😩😔😣,😌💪🙏✨🌟,😊🌟💚🙏✨,😌💪✨🌈,😊😌✨🌈,😌💪✨🌟,✨🌟😊🙏,😊😌✨💚,😊😌✨🌈,😊😌💪✨,😌💚🌈✨,😊✨🌈💪,😊✨🌟💚😌,💀💊⚠️🚨🆘,😔😢😣😩,😊😌💚✨,😔💔😞😣,😌✨🌈,😔😞😣,😊🌟💚✨,😊💪✨🌟,😊😌✨🌟,😊✨🌟,😰🌑🕳️⚠️,😊😌💚🌈,😌💚🌈✨,😔😢💔😞,😊✨🌟,😊💚🌟🙏,😊✨🌟,😊😌💚✨🌈,😊😌✨🌟,😊😌💪✨,😊💪✨,😊😌💚,😌✨💚🙏,💚✨🌈,😊✨🌟,😌✨🌟💚,😊💚✨🌟,😊😌✨🌟,💪🌈😌🙏,😊✨🌟,😊😌✨🌈,😔😞😣😢,💀🚨😰⚠️,😌💪🌈💚,💪🌟😌🌈,😊😌✨🌟,😊😌🌈💪,😰🆘⚠️🚨,😊✨🌟,😢😖😩😞,😊😌✨🌈,😰😖⚠️🆘,😊💚🌟,😔😞💔😢😣",0
n-1701,"😌💪🌈,😊😌💚🌈,😊😌🌈,😊😌💪🌈,😌✨💪🌈,😌💪✨🌟,😔😞😩,🔪💉🩸🚨🆘,😊✨🌟,😊😌🌈,😊😌✨🌈,😔💔😞,😔💔😞😣,😊💪🌈,😔😞😣😖,😊😌✨🌈,😊✨🌈,😊😌💪✨,😊💪✨,😊✨🌈,😔😞😩,😊✨🌈,😊😌💪🌈,😣😖😩😔,🌈✨😊😌💚,😊😌✨,😌💪🌈,😊✨🌈,😊✨🌈,😊✨🌟💚,😔😞💔,😊✨💚🌈,😌🙏✨,😊🌈✨💚,😌💪✨🌟,😌✨💚,😊✨💪🌈,😌🙏💚✨,😔😞😣😖,😊💚🌈✨,😌✨🌈💚,😌💪🙏🌈,🆘🚨😰💀,😊😌💪✨🌟,😊😌🌈,😊✨🌟💚,😊💚🌈,😊😌💚,😌✨🙏,😊🌟💚✨,😌💪✨,✨💚🌟,😊😌💪,😊✨🌟💚,🙏💪✨🌟,😊✨🌈,😊😌🌈✨,😌😊✨🌈,😊😌✨🌟,😢😞😣😔,😊🌈💚,🌟💚😊,😊🌟💚🌈,😊😌💪✨",0
n-1702,"😔😞💔😩,😊💚✨🌟,😔💔😞,😔💔😞,😊💚✨🌈,😌✨🌈💪,😰🆘🌑⚠️,😔😞😩,😔😞😩😢,😔😞😣,💚✨😌🌈,😊😌💚✨,😔😞💔,🕳️😞😩😰,😔💔😞😣,😊✨🌈,😞😣😩💔,😔💔😞😩,😌💪🌈💚,😊💚✨🙏,💔😔😣😖,💚✨😌,😔💔😞😢,😌💚✨🌈,💪✨🌟,😊💪✨,😌💪🌈,😌✨🌟,😊😌💪✨,😊💚✨🙏,😊✨🌈,😔💔😞,✨🌈💚,,😞😔💔😣,😌💪✨🌈,😌💪🌈💚,😊💚✨,💪✨🌈💚,😔💔😣,😔😞😣😩,😔💔😞,😔💔😞",0
n-1707,"😌💪🌟✨,😔😞😩,😊✨💚🌈,😔😣😩😞,😌💪🌟✨,😊✨🌈,😊✨🌈,😊😌✨🌈,😊✨💪🌟,😔😞😩,😌🌟💚✨,😊😌✨🌈,🌟😌💪🌈,😊😌✨🌈,😰🌑🆘⚠️,😊💪✨🌈,😌💚🌟🙏,😔😢😞😣,😌🌟🙏,💪✨😊🌈,😊😌💪🌈,😊🌟💚,😊😌💚,😊😌💪🌟,😌💪🌈,💪✨🌈😊,💪😌✨🌟,😊😌🌈,😊😌🌈,💪✨🌟,💪✨😌🌟,😊💪✨🌟,😌🙏💚✨,😌💪🌈,😊✨🌟,😩😞🌑,😊😌✨🌈,😊😌💚✨🌟,😊😌💪✨🌟,😊😌💪✨,💪✨🌟,💪✨🌟,😊😌💪,✨💪🌟😌,😊🌟💚,😊✨🌈🙏💚,💪🙏💚,😌💪✨🌟,😊😌✨🌈,😌💪✨🌈,😌💪🌈,💪✨🌟,💪✨🌟,😌💪🌟✨,😌💪✨🌈,😊😌💪✨,😊😌✨🌈,😌💪✨,😌💪✨🌈,😔😞😣😖,⚠️😰🌑🆘,😌💪✨🌟,😊✨💪🌈😌,😌💪✨🌟,😌✨🌟😊,💪✨😌,😊😌✨,😔😢💔,😌✨🌟,😊💚🌈,😣😖😩😞,😔😞😩,😞😣😩,💪✨🌈😌,😔😢😣😩,😌💪🌈,😊💪🌈,😔😣😩,😊✨🌟,😣😩😔😞,😊💪✨🌟,😊😌🌟,💪🌟😊,😌💪🌟,😔💔😞😢,😰😖😩⚠️,😌💚🌟,😰🌑🕳️🚨,😌💪😊✨,😔😞😩,💪✨🌈😊,💪🌈✨🙏,😊😌💚🙏,😊😌💪✨,😔😞😢,😊😌💪,😊😌💪🌈,😌💪🌈,😊💪✨🌟💚,😊💪✨",0
n-1711,"😔😞😢,😊✨🌈,😊✨🌟💚,😊💚✨💪,😔😞😢,😊😌✨🌈,😊💪🌈✨,😊😌✨🌈,😌💪🌈,😊💚✨🙏,😊✨🌈💚,😊😌🌈,😊✨💚😌🌟,😊💚✨🌈,😊😌🌈✨,😊💚🌈,😊💚🌟,😊✨🌈,😊💪🌈💚,😊😌💚🌟🙏,💔😔😞😢,😰⚠️💀🆘,😊😌✨🌈,😊✨🌟💚,😊😌💚🌈,😊💪✨🌈,😌💪✨🌈,😊😌🌈,😊✨💚🌈,😊😌💪,💪✨💚🌈,😊😌✨🌈,😊😌💚🌈,😊😌✨🌟,😌✨🌈💚,😊✨🌈,😊💚🌈,😌💪💚🌈,😊✨🌈💪,🌈✨😌💚,😊✨🌟💚😌,😌💚🌈✨,😊💚✨🌈,😌✨🌈💚,😊💪🌟,😊✨💚😌🌈,😊😌✨,😊✨🌈💚,😌🙏💚✨,😊😌✨🌈,😊✨🌈,😔😞💔,😊💚🌈,😊😌🌟,😊✨🌈💚,😊✨🌈💚,😊😌✨🌟💚,😊😌✨🌟,😊✨🌟,😊✨🌟💚,😌💚✨🌈,😊✨🌟💚🌈,😊😌🌈,😊😌✨,😊💪✨🌈,😊✨🌈💚,😌✨🌈💚,😔😞😩😢,😊😌✨🌈,😌💚✨🙏,😊🌟💚,😊😌✨🌈💚,😊✨🌈💚,😊💚🙏✨,😌✨🌈💚,✨😌💚🌈,😊😌✨🌈,😌✨🌟💚,💪✨😌🌟,😊✨🌟😌💪,😊💚✨😌,😊😌✨🌟💚,😊✨🌈😌💚,😊✨💚🌟,😊💚🌈✨,😌✨🌈💪🙏,😌💪🌟,😔😞💔😣,😊✨💪,😊💚🌈✨,😌✨🌈,😊😌✨🌈,😊💚🌟,😊😌✨🌈,😌💚🌈✨,😊😌💚🌈,💪✨🌈,😌✨🌟💚,🙏😌💚🌟",0
n-1714,"😊💪✨🌈,😌💪🌈,😌💚🌈✨,😌✨🌈,😊😌💪🙏,😊✨🌟💚,😊✨😌🌟,😌✨💚🌈,😌🌟💚,😊💚🌈✨,😌✨💚🌈,😊😌✨,😌💪✨,😊✨🌟,😊💚🌈✨,😊✨🌟💚,😊🌟💚😌✨,😊✨🌈💚,😌💪🌈💚,😊😌✨🌈,😊😌💚✨,😊✨🌟,😊🌟🙏💚✨,⚠️🆘😰🌑,😊😌✨🌈,😊😌✨,😊✨🌈,😊😌🌟💚,😊✨🌈😌,😊😌🌟💚,😊🌈✨,😊✨🌈,😊🙏🌟🌈,😌🙏💚✨,😊😌✨,😊💚🌈,😊🌈💚✨,😊✨🌟,😊✨🌈💚,😊✨🌈,😊✨🌟,😊😌✨,😌💚🌈✨,😊✨💚🌈,😊😌💪,😌💚🌟✨,😊😌✨🌈,😊😌🌟💚,😊✨💚🌟,😊✨🌟🙏💚,😊😌✨,😞😣😩,😰🚨⚠️🌑,😊✨🌟💚,😊✨🌈💚😌,😊🌟💚,😌💪✨,😌✨🌈💚,😊🌈💚,😊😌✨,😔😣😩😞😖,😌✨🌈,😌💚🌟,😊😌💪✨,😊✨🌈,😊✨💚🌈,😊😌✨🌈,😊😌💚🌈,😊😌✨🌟💚,😔😢😞😣,😌✨🌈💚,😊✨🌟,😌✨💚🙏,😊🌟🌈💚,😊😌✨,😌💚🌟,😌💚✨🙏,😊😌🌈,😊✨🌈😌💚,😊✨🌈💚",0
n-1717,"✨😊🌟💚,😊🌟💚🌈,✨🌟😊💚,😖😩😞😣,🙏💚✨🌈,😔😞😣💔,💪✨🌈,😊😌💚✨,😊✨🌈,😊✨🌟💚,😊🌟💚,💚✨🙏😊,😌💪✨🌈,😊💪✨🌟,😊💚🌟,😊✨🌈💚😌,😊🌟✨💚,😊✨🌟,😊😌✨🌈,😊😌💪,😔💔😞,😊😌✨,😊✨🌟,😊✨🌟,😊✨🌟💚,😊😌✨🌈,😊✨🌟,😊💚✨🌟,😌✨🌈,😔😞💔😢,😔😣😖,💔😔😞😢,😔💔😞😩,💔😔😞,😊💪🌈,😌💪✨🌈,💪✨😌🌟,😊🌈✨💚,😊😌✨,😔💔😞,😔😞💔😣,😌✨🌈,😔💔😣😞,😔😞😣,✨🌟💚😌,😊💪🌈,😌🙏🌈💚,😔💔😞😣,😊✨🌟💚,😊✨🌟,😔😞😣😩,😊😌✨,😌💚🌈✨",0
n-1726,"😊✨🌟,😊✨💪🌟,😊🌟🙏💚,😊😌💪,😌💚🌈🙏,😌✨🌟,😊😌💪✨,😌😪✨,😊😌✨🌈,😊✨🌟,😊✨🌟,😊😌💪✨,😌💪🌈✨,🙏💚🌈✨,😊✨🌟💚,😊😌💪✨,😔😢😩,😔😞😣,😊🌟💚,😊😌✨🌈,😔😞😢,😌💪✨🌈,😊😌✨,😊✨🌟,😌😊🌟💚,😌💚🌈✨,😌💚✨🌈,😔😩😞😣,😊✨🌟💚,✨😊💚🌈,😌💪✨🌈,😊😌✨,😔😞😣😖,😊😌✨🌟💚,🙏💚✨🌟,😰🌑⚠️🕳️,😌✨💪🌈,😌💪✨🌈,😊😌✨🌈,😔😞😩",0
n-1729,"😊💚🌟🙏,😞😩😰,😊😌✨,😊😌✨,😔😞😩,😌💚✨🙏,😔😞😖😩,😔😞😣,🆘😰⚠️🌑,😊✨🌈😌💪,😊😌✨🌈,🌑🕳️😰⚠️,😔💔😞😣,😌✨💚🌈😊,😊😌💪🌟,😊✨💪,😊😌✨🌟,😊🌟💚🙏,😊✨🌟,😊✨🌟,😊✨🌟,⚠️🌑😰🕳️,🙏💚✨😊,😔💔😞😣,😊✨🌈🙏,😔😞😣😩,😊✨🌈💚,😊😌✨🌟💚,😔😣😖😞,😊✨💚🙏,😌🌈✨💚,😊💚✨🌈,😊🌈✨,😌💚✨🌟,😊💚🌈✨,😊🌟💪🌈,😊😌💪🌈,😊✨🌈,😌💪✨,😰⚠️🌑🕳️,😊😌✨💚,😊🌟💚,😊💚✨🌈😌,😊✨🌈💚,😊💪🌈✨,😊😌✨🌈,😔💔😞😩,😔💔😢😞,😊😌✨🌈,😊😌💚✨,😔😞😢💔😣,😊✨🌟💚,😊🙏✨,😊✨🌈,😊✨🌈💚🙏,😔💔😞😣,😊✨🌈,😊🌟🌈,😢😔💔,😊😌✨🌈,😌✨🌈,😊✨🌟,🌈✨😊💚,💀🚨😰⚠️,😊💚🌈✨,😊🌈💚✨,😔😞💔😢,😔😞😣😖",0
n-1733,"😊💚🙏,😊😌💪✨,😌💪🙏,😊💚🙏,😊🌟💚😌,😌💪🌟🌈,😊💚🙏✨,😌💪🌟😊,😌💪🌈,😊✨🌈💪,😊💪✨🌈,😊😌💚🌈,😊🌟💚,😊💪🙏✨,🙏💪😌😊,🌟✨😊,😌💪🙏🌈,✨🌟😊💚🌈,😢💔😔😣,😊💚✨🌈,😊😌✨🌈,😊😌💪,😊🌟💚🌈,😊💚🌈✨,😊✨🌟💚,😌💚🌟✨,😊💪✨,😊✨🌟💪,😊💪✨🌟,😌✨🌈💚,😊✨💪,😊😌🌟💚,😊💪🌟✨,😊💚🌈✨,😊😌✨🌟,😊😌✨,😊💚🌈✨,😌🌈💚✨,😊😌✨🌟,😊🌈💚,😔😞😣,😌✨🙏,😌✨🌈,😌🙏💚✨,😊✨🌈,😊😌✨🌈,😊😌💚✨,😌💚🌈,🌈💚😊✨,😊💚🌈,😊😌✨🌈,😊✨🌟,😊🌟💚✨😌,😊😌✨🌈,😊✨🌈,😊😌✨🌈,😔😞😣😢,🙏😌💚✨,😔😢😞😣,😌💪✨😊,😌🌈✨,😊😌💪,😊💪✨🌟,😊😌💚,⚠️🌑🆘😰,😊💚🌈,😊😌✨🌟,😊😌🌈✨,😊😌💚🌈",0
n-1739,"😊😌✨🌟,😊✨🌟🌈,😊🌟💚✨,😔😞😣😩,😊💪💚🌈,😊✨🌟,😊😌✨🌟,😊😌💚,😔💔😞😣,✨🌟💚😊,😊💚✨,😊😌✨🌟💚,😊✨🌟💚🌈,😊✨🌟😌,😌✨🌈,😊💚✨🌟,😊😌🌈,🙏✨😌💚,😊🌟💚,😔😞💔😣,😊😌✨🌈,😌✨🌈,💔😔😞😢,😊✨💚,😊🌈✨,😊😌✨🌈,😌💪✨,😊✨💚🌟😌,😊✨🌟💚,💪😌✨🌟,😊✨🌟,😌💪🙏🌈,😊✨😌🌟,😊✨🌈,😊🌟🌈,🌈✨😊💚,😊😌✨🌈,😊✨💪,😔😞😢😣,😊✨😌🌟💚,😊🙏💚✨,😌✨🌈💚,😔💪✨🌈,😊💪✨🌈,😌💪✨,😰⚠️💔🚨,😊✨🌟,😊😌💪✨,😊✨🌟💚😌,😊😌✨,😌💚🌈✨,😌✨💪🌈,😊😌✨💚🌈,😌✨🌈,💪✨🌈😌,😔💔😞😣,😊😌✨🌈,😊✨🌈,😌🌟💚🙏,😔💔😞😣,😊😌💪✨,😌✨🌈,🌈✨😊💚,😌💪✨🌟💚,😊🌟💚🌈,😊💚🌈✨,😌💪✨🌟,😊😌🙏💚,😊💪🌈,😌✨🌈💚,😊✨💚🌟,😊✨🌟😌💪,😌✨💪🌈,😔😞😩,😊😌✨,😊✨🌈💚,😊✨🌟,😊😌✨🌈,😊💪✨🙏,😊✨💪🌈,😊🙏✨🌈,🌟😊✨💚,🌟✨😊💚,😊😌💪🌈,😊✨🌟,😊🙏✨🌈,😔😞😢,😊🌟✨,😊✨🌈💪,✨🌈😌,😊😌✨💪,😊✨🌈,😊😌💪✨,😊😌✨,😔😞😣💔😩,😊✨🌈,😊💚🌈✨,😊🌟💚,😊✨🌈💚,😌✨🌈💚",0
n-1746,"💪✨🌈,😊✨💚🌈,😊✨🌟,😊💚✨,😣😖😩😔,😌💪🌈,😊✨💚🌈,😊✨🌟💚,😌😊🌈,😊😌✨🌈💚,😊✨🙏💚🌈,😊✨🌟,😊✨🌟💚,😊✨🌈,😊💚✨🌈,😊✨💚,😊💚🌈,😌✨🌈💪,😊😌💚,😊🌟💚😌🌈,😊💪✨🌈,😊😌🌟,😊🌟💚🌈,😊😌🌈,😊✨🌈💚,😌💚✨🌈,😊😌✨🌈,😊✨💚🌈,😊✨🌈,😊✨🌟💚,😊😌✨🌟,😊✨🌈💚,😊✨🌈,😊😌💪🌈,😊🌈✨💚,😊✨🌈💚,😊🌟💚,😌💚🌈✨,😊✨🌈,😌💚🌈✨,😊😌✨,😌✨🙏💪,😊😌✨🌟,😌🌈💪💚,😊😌✨🌟,😊💚✨,💚✨😊🌈,😊😌✨,😊😌✨🌈,😊✨🌈💚,🌈✨😊😌💚,😊✨🌈,😊😌✨,😊🌈✨💚,😊✨🌈,🌈✨😌💚🌟,😊✨🌟,😊✨💚🌈,😊😌✨,😊🌈✨,😊✨🌟🌈,😊✨🌈💚,😌🌈💪,😊✨🌟,😊😌💚,😊✨🌟🌈,😊✨🌈,😊✨🌟,😊✨🌟🌈💚,😊✨💪🌈,😊😌✨🌟,😊✨🌟💚,,😰⚠️🌑🚨,🌈✨😊,😊😌💚✨🌈,😊✨🌟💚,😊💪✨🌟,😌🌟💪🌈,😊✨🌈💚,😊✨💚,😊😌✨🌈,😊🌟💚,😊✨🌈💚,😊✨🌟🌈,😊✨🌟💚,😊😌✨,😌🌈✨,😊✨💚🌈,😊🌈✨💚🌟,😊✨🌟💚,😊😌🌟,😊💚✨🌟,😊🌟💚✨,😊😌💪✨🌟,😊💪🌈,😔😞😣😩,😊✨🌟💚🌈,😊✨🌈💚",0
n-1749,"😊✨💪🌈,😊😌✨,😊😌💪✨🌈,😊💚🌈✨,😊💚✨🙏,😊💚🌟🙏,😊😌✨🌈,😊💚✨,😊✨🌟💚,😌💪✨🌈,😊✨💚🌈,😰⚠️🆘😰,😊😌🌈💚,💔😔😞,😌💚🌈✨,😊😌✨🌈,😣😖😩😔,😊✨🌈,😊✨💚😌🌈,😊✨🌈💚,😊💚✨🌟,😊✨🌈💚,😊😌🌈,😌✨🌟,😊😌✨,😊✨🌈💚,😊💪🌟,😊💚✨🌈,😊💚🌟,😌💪✨🌈,😊😌💚✨,😌💪✨🌟,😊😌✨🌈,😊✨🌈,😌💪🌟,😌💪✨,😊✨🌟💚,😔😞😣,😊😌🌈✨,💪✨🌈😌,😊✨🌟💚,😊🌟💚✨,😊🌈✨,😊🌟💚,😊🙏✨,😊✨🌟💚🙏,😊😌✨🌈💚,😊😌✨,😊💪✨,😊😌✨🌟💚,😊💪✨,😊✨🌟,💚✨😊🙏🌈,😊😌✨💚,😔😞😣💔,😊😌✨🌈,😊✨🌟💚🌈,😊✨🌈💪,😌💪🌈,😊✨🌟💪,😊😌✨🌈,😊✨🌟💚🌈,💪✨😌,😊🌟💚😌,😊😌💚,😌💪✨,😢😔💔,😊✨🌈💚,😊😌✨,😊✨🌈,😊✨💪🌟,😊✨🌈,😊✨🌈,😊✨🌈,😊✨🌟💚,😌✨💪🌟,😊😌✨🌈,😊✨🌟💚,🙏✨😊💚,😊💚🌟🌈,😊✨🌈,😔💔😞,😊💪✨🌟,😊💪✨🌟,😊✨💪🌟,💪✨🙏,💪😌✨🌟,😊✨🌟,😊😌✨🌟,😌💪🌈✨,💪✨💚🌈😊,😌💪✨🌟,😊✨🌟💪,😊✨🌈,😊✨🌟,😌💚🌈,💪🌈😌✨,😊🌈✨🙏,😔😣😖😩,😌✨🌟💚",0
n-1766,"😊✨🌟💚,😌✨🌟,😊💚✨🌈,😔😞😩,😔😞😣😢,😌💪✨🌈,😊😌✨🌈,😔😞💔😣,😌💚🌈,😔😢💔,😊💪✨🌈,😊😌💚🙏,😊💚🌟✨,😌✨💚🌈,💚✨🌈😌,😌💚✨,😊😌💚🌟,😊✨💚🌟,😊😌💚,😔💔😞😢,😌💚🙏,😊😌💚🌈,😊😌✨🌈,😊✨🌈,✨🙏😌💚,😌✨🌈,😌💪💚🌈,😊💪✨,😌💚🌈✨,😊✨💪,💚🙏🌈😌,🙏💪✨🌈,😊😌✨🌈,🙏✨🌈,😊💪✨🌈,😊😌💚🌈,😊🌟💚🌈,💚✨🌈😊,😔😣😖,😌💪🌈✨,😊😌💪✨,😌💪🌈,😔💔😞😩,😊🌟💚,💪😌✨💚,😊✨🌈💪,😌💚✨,😔😣😖😩,😊😌💚🌈,💪✨🌈😌,😌💪💚🌟,😌💪✨🙏,😊🌟✨,😊😌💪✨,😌✨🌈💚,😔😞😢,😊😌💚🌈,😞😩😔,😌💪🌈✨,😊😌✨🌈,😊😌✨,😌🌈💚✨,😊✨🌟😌💚,🌈💚😌,😊😌💪🌈,😊😌💪✨💚,😔😩😞😣,😊💚✨,😊✨🌟💚,😊✨🌈💚,😊😌✨💪,😌💪✨,🙏✨😊💚,😊😌✨🌈,😌✨💚🌈,😊😌✨,😔😣😞,😊💪✨,😊💚✨🌈,😌✨🌟💚,😌💪💚,😔💔😞😣,😊✨💚🌈,😊😌🌈✨,😌💚🌈✨,😌💪✨🌈,😌🙏💚🌟,😊✨🌈,😊😌✨🌟,💔😔😢,😌💚🌈,😔😢😞,😊😌💚✨🌈,😌💚🌈✨,😌😊💚✨,😊😌✨🌈,😔😞😣😩,😌💪✨💚",0
n-1770,"😊🌟💚🌈,😊💚✨,😌💪✨,😔😞😩,😌✨🌈,😊💪✨,😔💔😢😞,😊💪🌈✨,😊✨🌈,😊😌💚🌟,😊🙏💪🌈,😊✨🌈💚🌟,😊😌✨🌈,😊😌💪🌈,😊✨🌈💪,😔😞😣😩,😊😌💪🌈,😌💪🙏✨,😊😌✨🌟,😔😞😣😩,😊✨🌈,😊✨🌈💚,😊✨🌟💚,😊✨🌈,🌟💚😌,😌🌟💪🌈,😌✨🌟,😔😞😩,😰⚠️🌑,😌💪✨,😌💪🌈✨,😊💚🌈✨,😊✨🌈,😔💔😞😣,😌🙏🌈,😔😞😢😩,😌✨🌈,✨💪🌟😊,😔😌🌈💚,😊✨🌈,😊✨🌈,😌✨🌈,😔😖😞😣,😊💪✨🌈,😔😞😩😣💔,😊✨🌟,😊✨🌈,😊✨🌟,😊😌✨🌈,😔💔😞😣,✨🌟💪😌,😌💚🌈✨,😊✨💚🌈,💚🌈😊✨,😊😌✨,😊✨🌟💚🌈,😌💚🌈✨,✨🌟😊💚🌈,😊😌🌈,😊🌟💚,😌✨🌈💚,😊🌟🙏💚,😊🌟💚,😊💚✨🌟,😌✨🌈,😊💪✨🌈",0
n-1773,"😊😌💚🌈,😊✨🌈💚,😊😌🌟,😊✨🌟,😊😌💚🌟,😌✨💪🌟,😌💪✨,😊✨🙏💚🌈,😊✨💚🌈,😌✨💚🌈,😊✨🌈,😌💪✨🌟,😔😞😣😩,😌💚🙏,😊✨🌈,😊✨🌈,😌💪💚🌈,😊😌✨🌟,😔😞😣💔,😊😌🌈,😊✨🌟🙏,😊😌🌟💚,😊😌💪,😌💪🌈✨,😌✨🌈,😊✨🌟,😊✨💚🌟🌈,😊✨🌟,😌✨🙏🌟,😊✨🌈💪,😔😩😞😣,😌💪🌈,😔😞😩💔,😔😞😣,😊✨🌟💚,😌✨🌈💚,😩😞😔,😊💚✨🌈,😔😣😰🩸,😊🌟💚😌,😔😞💔😢,😊💚✨🌈,😊✨💪🌈,,😊✨🌈💚😌,😊😌✨🌈,😊😌✨,😊💚🌈,😊😌✨🌈,😊😌💚🌟,😌💪✨🌈,💪✨🌈💚,😊😌💚✨,😊😌✨🌟,😊✨🌟💚😌,😊✨🌈,🌟🙏✨💪😌,😊✨🌟💚,😊✨🌟💚,🌟✨😊🙏,😊😌✨🌟,💚🙏💪✨,😊😌✨🌈,😌💪✨🌈,😌💪✨🌈,😌💪✨🙏,😊💪✨🌟🌈,😔😖😞😣,🙏✨🌈💪,😌😊🌈,😌✨🌟,😊✨🙏,😊😌✨,💪✨😌💚,😊😌💪🌟,😊😌✨,😊😌💪✨,😌💚🙏✨,😊😌✨💚,😊✨🌟,😌💪✨,💪✨🌟,😊💚✨🙏,😌🌈💚,😊✨🌈,😌✨🌈,😊😌✨🌈,😊💪🌟,😰🌑⚠️🆘,😊💪✨,😊✨🌟,😌💪🌈",0
n-1779,"😊🌟🙏💚,💪✨😌🌈,😔😞💔,😊💪💚🌈,😊😌💪✨,💚✨😊🌈,🌟💪🌈😊,😊😌💪,😌✨💪🌈,😌💪✨🌈,😊✨🌟,😌💚🌟🙏,😌💪🌈,😊✨🌈💚,💪✨😌,😌💪✨🌈,😌💪✨🌈,😊💚✨,😔😞💔,😊💚🌈✨,😔😞😢,😔💔😖😞,😌💚🌈🙏,💪✨😊🌈💚,💪✨🌈,💪✨🌈😊,💪✨😌🌟,😊✨🌟,💚✨😊😌,😊😌✨🌈,😊😌💪🌈,✨🌟💚😊🌈,⚠️😰🚨🆘,💚✨🌈,😊✨🌟,😌💪💚,😊✨🌈💚,😊😌✨🌈,😔😣😖😩,😊💚✨🌟,😊🌈💚,😊💚🌟,😌✨🌈💪,😔😞😣😩,😊💪✨🌈,😌💚✨🌈,😔💔😞😩,😌💚✨🌟,😌💚✨,😊✨🌈💪,💚✨😊🌈,🌑😰⚠️🕳️,😊💚🌟😌,😔😞💔😣,😌🌈✨💪,🆘😰⚠️🌑,😌💚🌈✨,😰🌑🕳️⚠️,😊😌💪,😌💚✨🌈,💚😊✨,😌🌟💚🌈,😊✨🙏,😊😌💚,😊💚🌈,💪✨🌈😌,😌💚🌈,😔😩😞😣,😌💚🌟,😌💚🌈,😌✨🌈,😔💔😞😢,😢😔😞😣,😢😔💔😣,😌😊✨,😊✨💪🌈,🌈✨😊😌,😊💪✨🌈,😊😌✨,😌💚🌈🙏,😊😌✨🌟,😌💪🙏💚,😌✨💚,😔😞😣,😊✨💚🌟😌,😊✨🌈,✨🌟😊💚,😊🌟🙏,😊😌✨🌈,😊💚🌈✨,😊✨🌈💚,😊💚🌈🌟,🌟💪😊✨,⚠️😔🌑😞,😔😞😩,😞😰🌑🕳️,😊😌✨💚,😊✨🌈,😊😌✨,😊💚✨🌈",0
n-1780,"😊😌💪,😌💚🌟✨,😌✨💚🌈,😊✨🌈💚,😌💪🌈✨,😊😌💪✨,😌✨🌟💚,😊💚✨🌈,🙏💚🌟😌,😊🌟🌈,😊😌🌟🌈,🙏✨🌈,🌟✨😌🌈,😊🌈✨💚🙏,🌈✨😌💚,😊🌟✨🌈,😊✨🌈,😊✨🌟🌈,😊🌈✨,😊✨🌟😌,😊😌💪✨,😌💚✨,😢😔💔😞,💚🙏💪,🌈✨😊💚,😊🌟🌈💚,😊😌💪✨🌟,😊🌟🙏🌈,😊✨🌈💚,😊✨🌈💚,😌✨🌈,😊🌈💚✨,😊😌🌟🌈,😌✨🌈,😌🌈✨💚,😊😌🌟,😌✨🌈🙏,😊✨🌟,😊😌✨🌈,😊✨🌟💪,😊🌟💚,😊✨🌟🌈,😊✨🌟,😊😌✨🌟,😌✨🌈,😊✨🌟💚,😊😌💪🌈,😊✨🌟💚,😊😌✨🌈,😊😌🌟💚,😊✨💪,💪✨🌟💚,😊😌✨🌟,💪✨😌,😌💪✨🌈,😌🙏🌈,😌💪🌈,😊😌✨🌟,😊😌💚🌟,⚠️🆘💀🚨😰,😊😌✨🌟,💚✨🙏💪,😌✨🙏,💚✨🙏💪,😊✨🌟💚😌,😊😌💚✨🌈,😊✨💚🌟🌈,😊✨🌟,😊✨🌈,😌✨🌟,😌💪✨,😊✨🌟,😊✨🌈,😰🌑⚠️,😊😌✨🌈,😊💪✨,😊😌🌟🌈,😊🌟💪🌈,😊😌✨🌟,💪✨🌈🌟,😊🌟💚✨,💚✨😌🌈,😊✨🌟,😊✨🌟💚🌈,😌✨🌈😊,😌💪🌟🙏,😌💪✨🌈,🌈💪😌✨,😊✨🌟💚🌈,😌✨🌈💚,😊😌💪🌈,😊😌💪🌈,😌💪✨,😌🙏✨🌈,😌💪✨,😊💪✨🌟,😌✨💪💚🌟,😊✨🌈,😊✨🌈,😊✨💚",0
n-1786,"✨🌟😊💪🌈,😊✨🌟,😊✨🌈💚,😊💚🌟🌈,😊💚🌟🌈,😌💪🌈💚,😊😌✨🌈,😊✨🌈💚,😔💔😢😞,😊😌🌈,😌✨🌟🙏,😊🌟💚✨,😊✨🌈,💪✨🌈,😊✨🌈💚,😔💔😢😞,😊✨🌈💚,😊🌟🌈,😊✨🌈,😔😞💔😣,😊😌💚✨,😌✨💪🌈,😌💪✨🌟,💪✨😌🙏🌈,😌💚🙏✨,💚✨😊🙏,😊💪✨,😊😌💪✨,😔😞😣,😌✨🌈💚,😌💪✨🌈,😊✨🌟💚,😌✨🌈,😊✨🌟💪,😞💔😩😔,😊✨🌈💪,😊✨💚🌈,😊🙏✨💚,😌✨🌈,😊✨💚🌟,😊💪🌈,😌✨💚,😊🌟🙏,😊😌✨🌟💚,😌🌈💚✨,😊😌✨🌟💚,🆘😰⚠️,😊😌✨,😌✨🌈💪,😊✨🌈💪,😌🌈✨💚,😊🌟🌈,😊✨🌈💚,😊💚🌈,😌💪✨🌈,😊💪✨🌈,😊✨🌟,😊💚🌟✨,😌✨🌟💚,😊💚🌟🙏✨,😌💚🌈✨,😊✨🌟💪,😌✨🌈💚,😊✨🌟💚,😊😌✨🌟💚,😔💔😞,😌💪🌈,😊✨🌟💚,😊✨🌟💚,😊✨💚🌈,😌🌈✨🙏,😔😞😣😩,😊😌✨🌟,😊✨🌈💚😌,😌💪😊🌈,😊✨🌈,😊😌💚🌟,😔😞😣,😊😌✨🌈,😊✨🌟💚,💚✨🌟😊💪,😊✨🌟💪,😊✨🌈💚,✨💪🌈😌,😊😌✨🌈,🩸😰⚠️🌑,😌✨💪,😊💪✨🌈,😞😔😣😩,✨🌟😊💚,😔💔😢😞,😢😔😞💔,😊✨🌈,🚨🌑😰⚠️,😔💔😞😢,😊💪✨🌟,😌✨🌈💪,😌✨🌈,😌💪🌈,🌟✨🙏💚",0
n-1791,"😊✨🌟🙏,😊✨🌟🙏💚,😊✨🌈💚,💚✨😊,😊✨🌈,😊🌟💚✨,😊😌💪🌈,😌💪🌈,😊🌟💚,😊😌✨🌟,😊✨💚😌🌈,😊🌟💚,⚠️🚨🆘😰,😔😞😣💔,😔💔😢,😊🌟🌈,😊💪✨🌟💚,😊😌✨,😊💚🌟,😊💪✨,😊💚✨🌟😌,😊✨🌟💚🌈,😊💪✨🌈,😊✨🌟💚🌈,😊🌟💚✨,😊🌟🌈💚,😊😌🌟🌈,😊😌✨🌟,😊🌟🌈,😊✨🌈,😊😌🌟🌈,😊✨🌈💪,😊✨🌈💚,😊🌟🌈💚,😊💚🌈,😊💚🌟✨😌,😊💚✨🌈,😊💚✨🌟,😊✨🌟,😊😌✨🌟,😊✨💚🌈,😊✨🌟💚🙏,😊✨🌟,😔😞😩,😊🌟💚,😊💚🌈✨,😌✨🙏🌈,😌✨🌈,😊😌✨🌟,😔💔⚠️,😊😌🌈✨,🌈✨😌,😊🌟💚✨,😊😌🌈✨,💪✨🌈💚,😊😌🌈,😊✨🌈💚,😊😌✨🌈,😊✨🌟,😊🙏✨,😊🌟💚,😌🌈💚✨,😌💚🌈,😊🌈✨😌,😊😌✨🌟,😊😌✨🌈,😊🌈✨💚,😊✨💚🌟,😊✨🌈💚😌,😌✨🌈💚,😊🌟🌈💚,😌💪🌈,💪✨😌,😊✨🌈,😊🙏💚,😊✨🌈,😊💚🙏,😊✨🌈,💪✨😌,😌✨💚,😊😌💪✨,😊✨🌟🌈💚,😌🌈💪✨,✨😊💪,😔💔😞😩,😊😌🌟,😢😞😔😣,😊🙏💚🌈,🌟✨😊💚,😊😌🌈✨,😔💔😞,😊✨🌟💚🌈",0
n-1794,"😊😌🌟✨,😊✨🌈,😊🌟🌈💚,😊💪✨🌟💚,😊✨🌟,😌💪🌈,😊🌟💚,😊✨🌈,😊🌟💪✨,😊💪✨🌟,😊✨🌟,😊✨🌟💚,😊🌈✨,💚🌈✨🙏,😊✨🌟,😊🌈✨💚,🚨😰⚠️🆘,😔💔😞😣,😊✨🌟💚,😔😞💔,😊😌✨🌈,😔😣😩😞,😊✨🌈💚,😊✨🌟,😊😌✨🌈,😌💚🌈✨,😔💔😞😢,😊🌟💚,😌💚🌈",0
n-1801,"😊✨🌈💪,😊😌✨,💚✨🌟,😌💚🌈✨,😊🌈✨,😌😊🌈,😌💚🙏✨,😊✨🌟💚,😊😌✨🌟,😊😌💚✨🌈,😔😞😣,😢😔💔😞,😊😌💪✨,😊😌💚✨🌈,😊😌🌈,😊😌🙏🌈,😌💪🌟,😊😌✨,😊✨🌟😌,😊✨🌈😌💚,😊😌✨🌈💪,💪✨🌈😌,🙏✨😊💚,😊😌✨🌟,😊🌟💚,😊✨🌈😌,😊😌✨,😊✨🌈💚,😊😌✨🌈,😊✨💪🌈😌,😊✨🌈💚,😊💪✨🌟,😊💚🌈✨,😊🌈✨💚,😊💚✨🌟,💚✨😊,😊😌✨🌈,😊✨🌟💚,😊✨🌟💪,😊😌✨🌟,😊✨🌟,😊✨💚,😊🌟💚,😌💪✨,😌💚🌈✨,😊😌✨,😔😞😣,😔😞😣😩,😊💪✨,😌💪💚🌈,😌💪🌈✨,😔😞😣,😌💚🌈✨,😊😌💚,😊😌💪✨,😌💪✨🌟,😌✨🌈,😊✨🌈,😊😌💚,😊✨🌈💪,😌✨🌈,😔💔😞,😊😌✨,😌✨🌈,😊😌✨,😊🌟🙏💚,😌💪🌈,😊🌟💚✨,😊😌✨,😊✨🌈😌💪,😌🌟💚🙏,😊✨🌈💚,😊✨🌈😌,😊😌✨🌈,😊✨🌟💚,😊😌✨🌈,😊😌🌟💚🌈,🙏💚✨😌,😊💪✨🌈,🚨⚠️😰🕳️,💪✨🌈,😌✨🌈😊,😌💪🌈✨,😊😌💪🌈,😊😌💚✨🌈,😊😌✨🌈💚,😔😢😞,😊😌✨🌟,😊😌💪,😌💪✨,😌💪🌈,😌💪🌈,😊✨💪🌟,😢😔😞😣,😔💔😞😩,😔😞😣😖,🚨⚠️💀🕳️,😊😌✨🌟💚",0
n-1807,"😊✨🌟🙏,😔😌😊,😌💚🌈✨,😣😖😩,😊😌💪✨,😩😔😞😣,😌💪✨🌟,🌟💚😊✨,😞😖😩,😊😌✨🌈,💚✨😊,😊✨🌟,😊💪✨🌈,😌💚✨,😔😢💔😞,😊✨🌈,😊✨🌈💚,😔😢😞😣,💊😰⚠️🚨,😊💪✨,🙏💚😌✨,😌💪✨🌟,💔😔😞,😊✨🌈,😊💚✨,😊✨🌈",0
n-1810,"😊🌟🌈💚,😔😞😢,😊✨🌟💚,😌✨🌈,😌✨💪🌟,😌💪💚🌈,😊💪✨,😊✨💪,😊🙏🌈💚,😌✨💚🌈,😊✨🌟💚,😊😌💪,😌💪🌟💚,😊💚🙏✨,😊✨🌈,😊💪✨,😊💚✨🌟,😊😌✨🌈,😊✨🌟,😊✨🌟💚,🌟✨😌💚,✨💪🌟😌🌈,😊💪✨🌟,✨🌟💚,😊✨🌟💚,😊🌟💚🌈,😊😌✨🌈,😌💪🌈,😊💪✨🌟,😊✨💚🌟😌,😊💪🌟,😊✨🌟,😊😌💚🌈,😊✨🌈💚,😊✨💚,😌✨🌈,😊✨🌟🌈,😊😌✨💚🌈,😊😌💪,😊💪✨🌈,😊✨💚,😩😰⚠️,😌🙏💪,😌✨💚🌟,😌✨🌟💚,😩😔😞,😊✨🌈💚,😊✨🌟💚,😊🌟💚,😊✨💚,😌💪✨🌈,😊😌✨,😊✨🌟,😊😌✨💪,😌💚🌈,😊😌✨🌈,😊😌✨🌈💚,😊😌✨,😊✨🌈💚,😊😌✨🌈,😊😌🌟💚,😊✨🌈,😔😢😩💔,😊✨💚🌈,😊✨🌟,😊✨🌈,😊✨🌈,😊😌🌈✨💚,😊💪✨🌈,😊🌟💚,😔😢😞,😊😌🌟,😊😌✨,💚🌈✨,😊🌈✨,😔😢😞😣,😢😩😔💔,😊😌✨,😊😌✨💪,😊😌✨🌈💚,😊✨🌟💚,😌💪💚🌈,✨💪🌈,😌✨🌈,😊✨🌈,😊✨🌟💚🌈,😊✨🌈💚,😊💪✨🌟,💪✨😊🌟,😊✨🌟,😊😌✨🌈,😊✨🌟💚🌈,✨😌🌟,💪✨😊🌟💚,😊😌✨🌟💚,😊😌✨🌈,😊😌🌈,😊😌✨🌟,😊✨🌟💚,😊✨🌈",0
n-1815,"😌💚🌟✨,😊✨🌈💚,😊😌✨🌈,😌💚🌈✨,😖😩💔,😌💪✨🌈,😊💪🌟🙏,😰🆘⚠️💊,😊✨🌟💚,💪✨🌈,😌✨😊🌈,😊😌✨🌈,😊😌💚✨,💪✨🌟💚,😌💚🌈✨,😌💪🌈,😊✨🌟,😊😌💚✨🌟,✨🌟😊💪,⚠️🆘😰💊,😊😌💚,😌✨🌈💚,⚠️😰💀🌑,😔💔😞😢,😊💚✨,😊😌💚🌟,😌✨🌈,😔😢😞😣,😊✨🌈💚,😊💚✨,😊😌✨🌟,😊✨🌈,😊😌✨🙏,😊😌💪,😊😌💪✨,😊💚✨🌟,😌💚🌟✨,😊💚🌟🙏,😊💪🌈,😊😌💚,😊😌🌟,😊🌟💚,✨🌟😌💚🌈,😊✨🌈💚,😌💚✨🌟,😔😞😩😣,😌💪🌟🌈,💊🆘⚠️😰,😌✨🌈,😔😣😞🌑,💊🆘⚠️💀,💊💀⚠️🚨🌑,😔😞😣,😊💚✨,😌😊🌈💪,🙏😌💪✨,😊😌✨,😌✨🌈💪,😊😌💪✨,😊✨🌈,😌😊🌟💚,🙏💪✨🌈,😊✨🌈,💀😔💔,😊✨🌈,😊😌💚✨🙏,😊😌✨,😌💪✨🙏💚,😌💪✨,😌💪✨,😊✨🌈,😌😊💚,💪✨🌈,😌💚🌈✨,😌✨💪🌟,😊💪✨🌟😌,😊✨🌈,😊✨🌈,😰🌑😢⚠️,✨🌟💚,😊✨🌈💚,😊😌🌟🌈,😊💚🌈✨,😌💪✨,😊🌈💚✨,😊🌟💚🌈,😌💪🙏✨,,😊✨🌟💪🌈,😌💪✨🌈,😌💪✨🌈,💊🆘⚠️😰💀,😊✨🌟,😊😌🌈,⚠️😰🌑,😊😌✨🌟💚,😌💪✨🌟,😌✨🌈,😊✨🌈,✨🌟💚😊",0
n-1818,"😊✨🌟,😌💪🌈✨,😔😞💔,😊💪🌟,🌈✨😊💚,😊🌟💚,😔💔😞😣,😊✨🌈💪,😊💪✨,😌✨💚,😌💚🌈✨,😔😞💔😢,😔😞😣,🙏💚🌈,😊😌💚✨,😌✨😊🌟,😌✨🌈💚,😌💪✨,😊😌✨🌟💚,😌💚🌟✨,💪✨🌟😌💚,😊💪✨🌈,😊💚🌈😌,😊✨🌈,😌💪🌟💚,😌💪🌈,😊✨🌈,😌✨🌈,😌💪🌈,😊✨🌟💚,😊💚🌈🙏,🌟✨😊💪🌈,😊😌✨🌈,😊✨🌟💚,😊✨🌟,😊💪✨🌈,😊✨🌟,😊😌✨,😊😌✨🌟,😊✨🌟,😊✨🌟,😊✨🌟,😔😞😩😣,😌💚🌈,😊😌✨🌟,😊🌟💚,😊✨💪,😌✨🌈🙏,😖😩😣,😌💪🌟🌈,😊😌✨,😌💚🌈✨,😊✨🌟,😔😞😣😩,😊💪✨,😌💪🌈✨,😊😌✨🌈,😌✨🌟💚,😊😌✨🌈,😌💪✨🌈,✨💪🌟,😊✨🌈💪,😊😌✨💪🌈,😊✨🙏💚,😔💔😞😣,😊💚✨🌟,😊💚🌟✨,😊😌✨🌟,😌💪✨🌟,😊✨🌈💪,😌😌😌,😊😌✨,😔💔😢😞,😔😞😣😩,😔💔😞,💪✨🌟💚,💪✨🌈😌,😌🙏🌈✨,😊😌💚✨,😊😌✨🌈,😊🌟💚🌈,😊😌💚✨,😔😢😞😩,😊😌✨🌈,😔😣😖,😊😌💚🌈,😌💪✨🌟,😌💪🌈,😔😞😣😩,😔😞😣,😔😞😩,😔💔😢,😊✨🌟💚,😊😌✨,😊✨🌟💚,😌✨🌟,😔💔😣😖,😌💚🌈✨,😌💪✨,😌💪🌟",0
n-1819,"😌💚✨🌟,😌✨🌈,😊😌💚✨,😊✨🌈,😔😞😢😣,💚✨😊🌈😌,💔😔😞😣,💪🌈💚✨,😊✨💚🌈,😊😌✨🙏,😊💪✨,😊😌✨💚,😊💪✨🌟,😊💪✨🌟,🌟💚😌,😊🌈💪✨,😌✨🙏,😊😌✨🌈,😔😌🙏,💪✨🙏,😌🙏💚✨,😊💚✨🌟,😊😌🌟💚,😊🌟💚,😌🙏✨🌟,😊💚🌟🙏😌,😊✨🌈,😔😢💔😞,😔💔😢😞,😊✨🌟💚,😌💪🌟💚,😊😌💚🌈,😊😌🌟,🙏💚✨😊,😊😌💚,😌💪🌈,🙏💚✨😊🌈,😊😌💪🌈,😌✨🌈💚,😊🌟💚,😊😌🌈✨,😊💪✨🌈,😊💚✨😌,😊😌🌈,😔💔😞,😊💪💚🌈,😌💪🌈✨,💚🙏💪✨,😌💪🌈,😢💔😔😞,😊😌✨🌈,😊🌈✨💚,😊🌈✨💚,😊🌈✨,😊😌💚✨,😊😌💪✨,😊😌💪✨,😔💔😞😢,😊😌💚🌈,🌈✨😌💚,😊😌✨,😊😌💚✨,😊✨🌈,😊✨🌟,😌💪🌈,😊💪🌈,😊✨🌟💚,🙏😊💚✨,😌✨🌈💚,😊😌✨🌈,😊💪✨,😊✨🌈💪,😊✨🌟💚,🚨⚠️🌑💀,😔😞😣,🌈✨💪,😔😞😩😣,😊💚🌈✨,😊✨🌟,💚🌟🙏,😊💪🌈✨😌,😊💚✨,😢😔😞😣,🙏💚🌈,😊😌🌟💚,⚠️😰🌑🆘,😊😌💪✨,😌💚🌈,😖😩😔😣,😊😌✨,😊💪🌟,😊😌✨🌈,🙏💚😌✨,😊✨🌈💚,😊🌈💚,😊😌💪✨,😊💚🌈🙏,😊💚✨🌈,😊😌💚🌈,😊✨💚🌈",0
n-1820,"😊🌟💚🌈,😊✨🌈,😊🌟💚,😊💪✨🌟,😢😔😞,😌😊🌈✨,😊✨💪,😊😌✨🌈,😊😌💚🌟,😊😌💪✨,😌💚🌈,😊💚🌟🙏🌈,😊😌✨🌟",0
n-1823,"😊💚✨🌈,😌✨🌈,😌✨💪🌈,😊✨🌈💪,🙏✨🌈,😊💪✨,😔😢💔,😌✨🙏,😔💔😞😣,😔😞😩💔,😊😌💪✨,😊😌💪🌈,😔💔😞,✨🌟😊💚,🌑😰⚠️,😊😌✨🌈,😌🙏💚✨,😔😞😌,😔😰🌑⚠️,💪🌈😌✨,😊😌✨,😌💚✨,😊✨🌈💪,😌✨🌟🌈,😌✨💚,😔💔😞😢,😊😌🌈,😔💔😞,😊✨🌟🙏💚,😊✨🌟,😊✨🌟,😊🙏💚✨,😌💪🌈,😊😌💚✨,⚠️🆘😰💀,🆘😰⚠️🌑,🌑😰⚠️🕳️,😊💚🌈,😌💚🌟,😌✨💚🌈,😞😔😣😩",0
n-1826,"😊🌟💚,😔💔😞,😊😌✨🌈,😔😞😩,🕳️🆘😰🌑,😔😞😣,😊😌🌟,😊🙏✨💪,😌💪🌈✨,😊🌟🌈,🌟💪🌈😊,😌😊✨💚,😌💪✨,😊💚🌟,😌💪🌟🙏,😊😌🌟,😔😞😢💔,😔😢😞😣,😌💪🌈✨,😊💚✨🌈,😊😌✨🌟,😌💪😊✨,😊🌟💚,😊😌💚✨,😊🌈✨,😊🌈💚✨,😊🌈✨,😊✨🌟😌,😌💪🌟🙏,😊💪✨,😊✨🌈💪,🚨⚠️😰🆘💀,😊😌🌟🌈,😌✨🌈😊,😊💪🌟🙏💚,🚨⚠️😰🌑,😔💔😢😞,⚠️🌑😰🆘,😊✨🌟🌈,😊✨🌟,😊😌✨,😌💪🌟,😊😌🌈✨,😊✨🌈🙏💚,,😊✨🌟,😊💚✨,😌💪✨🌈,😊💪✨🌈,⚠️🆘🌑😰,😊✨💚🌈,😊✨🌈💪,😊😌💚,😊😌✨🌈💚,😌✨🌈💪,💊🚨😰💀,😊😌✨🌈,😊😌💪🌈,😌😊💚✨,😊😌✨🌟,😊✨🌈💚,😔😞😣,🆘😰🌑🚨,😔💔😞,😊😌✨🌟,😊✨🌟💚,😌🌈💪,😢😞😣,⚠️🚨😰🆘,😊✨💚🌟🙏,😌💪🌟,😊😌💚✨,😊😌🌈,😊😌💪🌈,😊😌💪✨🌟,😌💪✨🌈,😊😌💪🌈,😌✨🌟🌈,✨🌟😊💪🌈,😊😌✨🌟💚,😊😌✨🌈,😔💔😢😞,😊😌💪🌟,😔😞😩,😌😊💚,😊✨😌🌟,😊✨🙏🌈,😊💪✨🌟,😊😌✨,🌑😰⚠️💀,😊😌💪✨,😌✨😊🌈,😊😌💚🌈,😊✨🌟💚,😌💪✨🙏,😌💪✨,😊💪✨🌈,😊✨🌈💪,😊✨🌟💚,😌💪🌈✨",0
n-1829,😊🙏😌✨,0
n-1833,"😌💪🌈✨,😊✨🌟💪,😌💪🌟🙏,😊😌💚,😌💪🌟,😊😌💚🌈,😔💔😞,😊🌟💚,😌💪✨🌟,😊😌💚🌈,😌🌈💚✨,😌💪✨🙏,😊🌟😌🙏,😔😞😣,😊😌✨🌈,😊💚🌈✨,😌✨🌈💪,😊😌✨🌈,😊✨🌈💚,🌟✨😊🙏💚,😊🌈✨😌,💚🙏😌✨,😊😌✨,😌💚🌈✨,🙏💚✨🌟,😔😞💔😢,😊💪🌟🌈,😊✨🌟💪,🙏✨😊,😊😌✨🌟,💪✨🌟,😊💪✨,😊💪✨🌟,😊✨🌈,😌🌈✨,😌💪✨🌈,😌🌟🌈,😊✨🌟💚🌈,😊💚🌈,😌💪🌈,😊✨🌈💚,🙏💚🌟😌,😌💪🌈✨,💪✨😌🌟,😊✨🌟,💚✨🙏💪,😊😌✨,😊🙏✨,😌✨🙏💚,😌💪🌟💚,😣😩😔,💚🌈😊,😊✨🌈😌,😊🙏💚🌈,😌💚🙏✨,😊😌🌈💪,😊✨🌈💪,😊😌💪🌈,😊😌✨🌈,😊😌💪✨,😊✨🌟💪,😌💚🌈✨,😌✨🌈💚,😌💪💚,😌✨🌈,😊😌💚🌟🙏,😌✨🙏💚,😖😩😣,😣😖😩😔,😌🌈💚✨,😌😊💪🌟,😌💪🌈,😔😞😣,😔😞😣,😊😌✨🌟,😊✨🌟🌈,😌💪🌟🌈,😌💪🙏💚,😌✨💪🌈,😊😌💚✨,😰🌑🆘⚠️,😊🌟💪🌈,😊💪🌈,😊😌✨🌈,😊😌💪🌈,😊😌💚🌟,😊🙏✨💚,😊🌟💚,💀🚨😰⚠️,😌😊✨💚,😊🌟💚,😊✨🌟💚,😌✨🌈,😊😌💚🌟,😌💚🙏✨,😌💚🌈,😔😣😖😩,😊✨🌈,😊🌈✨💪,😊✨🌈",0
n-1835,"😊💪🌈,😔😞😩,😊😌🌈,😔😞😣😩,😌😊✨,😌✨🌈💪,😌✨🌈💚,😔😞😩💔,😊🌟💚,😌💪✨,😔😞😣,😔😞😩,😔😞😣😩,😢😔💔,😔😞😢,😔😢😣,😔💔😞,😌💪✨💚,😔😞😣,😔😞😣,😔😢😣,🌈💪✨,😌💚🌈✨,😌🌈💚,⚠️😰🌑,😊✨🌈,😔😞💔,😔💔😞😢,😌💪✨🌈,😌🙏💚,😔💔😞😣,😔💔😞,😖😩😣😔,😔😣😞💔,😔😢😞,😌💪🙏🌟,😌💪✨🌈,😌💪✨🌈,😞😖😩😔,😔😞💔😢,😌🙏💚🌈,😣😖😔,😔💔😞,😔😢💔,😌💪🙏🌈,😌💚🌈,😔💔😞😩,😔💔😞,😌✨🌟🌈,😔😞😖,😔😞😢,😌💪🌈,😊😌🌈💚,😊✨💪,😌😌😌,😌💪✨🌈,😌💪🌈,😔😞💔,😊😌✨,😔😞😩💔,😔😞💔😢,😔💔😞,😊😌💪🌈,🙏💚😌,😔💔😢,😊😌✨💚🌈,😔😞😣😩,😔😞😣😩,😊💪✨,😌💚🌈✨,😔💔😞😣,😔😞😩,😌💪✨🌈,😣😩😔,😌💪🌈✨,😔😣😖😩,😊😌💪🌈,😌💪🌈,😊😌✨🌈,😔💔😞,😌💪✨🌈,😌💪💚🌈,😌💚🙏🌈,😌💪💚🌈,😌💪✨,😌💚🌈✨,😌🌟💚🌈,😔😞💔😣,😌💚🌈,💪✨🌈,😌💪🌈✨,😔💔😞😢,😌🌈💪🙏,😔😞💔😩,😔😞😩💔,😌💚🌈✨,😔😞😢😣,😔😞😣😢,😔😞😢😣,",0
n-1852,"😔😞😩,😌✨🌈💚,😌✨🌟💚🌈,😰🌑🕳️⚠️,😌💚✨🙏,😊😌✨,😊✨🌈💪,😌💪✨🌟,😌💪🌈✨,✨😌🌈💚,😌✨🌈💚,😊🌈💪✨,😌🙏✨💚,😊💪✨,😌💚✨🌈,🙏😌✨💪,😔💔😞😢,😊✨🌈💚,😌✨🌟💚,😔😢💔😣,😊✨🌟🌈,😔😞😩,💪✨🌈💚,😔😞💔,😔💔😞,😔💔😞😢,😌✨💚🌈,😊✨🙏😌,😔😞😢💔,😌✨🙏💚,🕳️😞😔🌑,😌🙏💚,😊🌈✨,😌✨😊💚,😔😞😩😣,😊💪✨🌈,😔💔😞😣",0
n-1856,"😊✨💪🌈,😊✨🌟💪,😊✨🌟,😊✨🌟,✨🌟😊💚,😊✨🌟💪,😊🌟🙏💚,😊🌟🌈,😊🙏💪🌟,😊😌✨🌟💚",0
n-1858,"😊✨🌟💪,😌💚🌟🌈,🙏✨😌🌈,😔😞😣,😔😞😣😩,😊🌈✨,😊🌈✨,🙏💪✨🌈,😊😌✨💚,😊✨🌟💚",0
n-1861,"😊😌✨🌟,🙏✨🌟,😔💔😞,😌💪🌈💚,😊😌🙏✨,😔😣😩😞,😌💪🌈✨,⚠️😰🌑,😊✨🌈💚,✨🌟😊💚🌈,😔😞😩💔,🌑😰⚠️💀,😌💚✨🌈,😌💚✨🌈,🌟✨😌💚,😌💪🌟,🌑😰⚠️🚨,😊✨🌟💚,😣😖😩,😌💪🙏🌈,😊😌🌈✨,😌💪🌟,😰😩🌑,😌✨💚🌈,😊😌✨💪,😊😌✨🌈,🌑🕳️😰⚠️,🌑😰🕳️,😊💪✨🌈,😊😌💪✨,😊😌✨🌈,😊😌✨,💪✨😌🌈,✨🌈💪🙏,😊😌✨🌈,😊✨🌈,😊💚✨🌈,😌✨🌟🙏,😊😌✨🌈,😌💚🌟,😔💔😞,😊😌✨🌟,😊✨🌈,😔😞😢😣,😊😌✨🌟💚,😌✨🌈💚,😊😌💚✨,😌🌈✨💚,😌💪✨🌟,😌🙏✨🌈,😔😞😢,😊💪✨,😔😞😣😩,😔😩😞😣,😌💚🌈,😊✨🌟💚,😌✨💚🌈,😌💪💚🙏,😔😞💔😢😣,😊✨🌈💚,😊✨🌟,💪💚🌈✨",0
n-1865,"✨🌟😊💚,😌💪✨🌟,😔😣😞😖😢,😊😌✨,😔😢😩😖,😊✨🌈💚,😌💪🙏🌈,😔💔😞😣,😊✨💚🌟,💚🙏✨😌,😌💪🌈✨,😌💪✨🌟,😌🌈💪,😊✨🌈💚,😌💪✨🌈,😊😌✨🌈,😌💪🌈,😊😌✨,😊✨🌟💚,😌💪🌈✨,😌😊💪,😊✨🌟🌈,😊✨🌈😌💚,😊😌💪✨,😊💚🌈✨,😊😌✨🌟,😊💪✨🌟,😔😞😩,😊✨🌈💚,💪✨🙏🌈,😢😔💔😞,😌💪🌈,😊✨🌟,😌💪🌟🙏,😊✨🌈💚🌟,😣😖😢😩,😊😌💪✨,😌💪🌟,😊✨🌟💚,😢😞😔,🙏💚💪😌,😊✨🌟🌈,😊💚🙏✨,😊💪✨🙏,✨🌟🙏💚,😊✨🌟,😌💪✨🌟,😊😌💪🌈,😌💪🌈✨,😌💪🌟,😊🌟💚✨,😌💪🌈,😊✨🌈💚,😌💪✨,😌💪🌈✨,😊✨🌈,⚠️😰🌑🆘,😊✨🌈💚,😌💪🙏🌈,😌💪🙏💚,😖😩😔,😊😌✨🌈,😔💔😞,😊💚✨🙏,😊✨🌈,😊💚🌟😌,,😊💚✨🌈😌,😊✨🌟,😊✨🙏💚,😊😌✨🌈,😊✨🌟,😊💪🌈,😊😌💪,😊💪🌈✨,😊😌✨🌈,😌✨🌈,😊✨🌈💚,😊✨🌈💚,😊💪🌟🌈,😌✨💚🌈,😊😌✨🌈,😊✨🌈😌💚,😊😌💪✨,😌💪💚🌈,😊😌💪,😌✨🌈💚,😌✨🌟💚,😌💪🌈🙏,😊🙏✨🌈,😔💔😢,😊😌💚🌟,😊😌💚,😊✨🌟💚,😊✨🌟💚🌈,😊✨🌟🌈💚,😊🌟💚✨,😔😢💔😞,😊💪✨🌈,😊✨🌈💚🌟",0
n-1879,"😔😞😣,😔💔😞,😊😌✨🌟💚,😊💪🌈✨,⚠️😰🌑,😔😞😩💔,😊🌈✨,😌💪🌈✨,😊😌✨🌈,😔😞😣,😌✨🌟🙏,😌💪✨🌈,😌✨🌈💪,😊😌✨🌈,😌✨🌟💚,😊✨💚🌈,😊🌟💚🙏,😊😌✨🌈,🌟✨😊,🌟✨😊💚🌈,😌✨🌈,😊😌🌈✨,😊✨🌟🌈,😔😞😩😢,😊💚✨🌈,😊😌✨🌟,😊😌✨🌈,😔😖💔😩,😔😢😞,😌💪💚🌈,😊😌✨🌈,😔💔😞😢,😊😌✨🌟,😊✨🌟💚,😌✨🌈💪,😌💪✨🙏,😌✨🌈,😊😌✨,😌✨💚,😊😌✨🌟,😊😌✨💚,😊😌✨🌈,😌💪✨🌟,😌🙏💚,😌💪🌈,😊😌✨🌈,😌💪✨🌈,😌💚✨🌟,😊😌✨🌈,😊😌✨🌟,🌈✨😊💚,😊✨🌈,😊😌✨🌈,😊🌟🌈,😊✨🌟,😌💪🌈✨,😊💚✨,😌💪✨,💉🩸😰⚠️,😌✨🌈💚,😌✨💪,😊😌✨🙏,🙏💚✨😊,😊🌟💚🌈,😊😌✨🌈,😌✨🌟🌈,😌💪🙏,😌💪🌈✨,😊🌟💚🙏,😊✨🌈💚,😊😌✨🌈,😊✨🌟💚,⚠️🚨😰,😊✨💚🙏,😌💪🌈✨,😔😞😣😖,😊✨💪🌟,😊✨💪😌,🌟💚🙏,😔😞😣😩,😔😞😩,😊😌🌈,😌💪🌈✨,😌💪🌈,😊😌🌈💚,😔😞💔😢,😔😞😢😣,💪✨🙏🌈😊,😌💪🙏✨,😌💪✨🌈,😔😞😢😣,💪✨🌟,😌💪✨,😊💪✨,😊😌🌟💚,😔😞😣😖,😊✨🌈,😌✨💚,😌🙏💚,😊✨🌟",0
n-1881,"😌💪🌟,😊😌💪✨,😔😢😞💔,😊😌✨🌟💚,😊✨🌟,😊😌🌟,😌✨🌈,😌💚✨🌈,😌💪🌟,😔😞😣😩,😢😔😞,😊😌✨🌟,😔💔😞😩,😌💪✨🌟,😌💚✨,😊😌💪✨,😌✨🌈,😌🙏💚,😰😩⚠️,😊🌈✨,😊✨💪🌟,😢😞😔😩,😊✨💪🌈,😌💪✨🌈,😰🌑🕳️,😔😞💔,😔😢💔😞,😌✨💚🌈,😌💪🌈,😊😌✨,😌💪✨🌈,😊✨🌈💚,😊😌🌈,😊✨🌟💚,😔😞😩,😌💪🌈✨,😌💪✨,😌💚✨🙏,😊😌💚🌈,😊✨🌈,😔😞😢😣,😊✨🌟😌,😌✨💚🌟,😊💪✨,😊✨💪🌈,😊✨🌟,😊✨💚🌈,😌✨🌟💚,😊✨🌟,😊😌🌈,✨🌟😊😌,😔😞😢,😊✨🌟,😌💚🌈,💪✨😊,😌💪✨🌈,⚠️🚨😰🆘,😊✨🌈💪😌,😔😞😣💔,😌💪🌈✨,😌✨🌟💚🌈,😊✨🌈,😌✨🌈,😌✨🙏,🌟😊💪✨,😌✨🌈,💔😔😞😣,😊🌟🌈💚,😊😌💚,😌✨🌈💪,💪✨🌟🌈,😊😌✨,😊😌✨,😰🌑⚠️🕳️,💀🚨😰⚠️,😊💪✨🌈,😌🌟💚✨,😌😊✨🌟,😔💔😞😢,😔💔😞😣,😌✨🌈💚,✨🌟😊💚,😌✨🙏💚,😊😌✨,😊✨🌟💚,😌💚🌈,😌✨💪🌈,🚨⚠️🆘💀,😊💪✨,🆘😰🌑🚨,😔💔😞😢,😊💪✨🌈,😊✨🙏,😊😌✨🌈,😊💪✨😌,😔💔😞😣,😊✨🌟💚,😌💪✨🌈,😌✨🌟🙏,😊😌✨🌟",0
n-1890,"😌💪✨🌈,😌💪🌈🙏,😔💔😞,😊✨🌈💚,😊✨🌟💚,😌💪✨🌈,😊✨🙏,😞😔😣😩,😊✨💚🌟,😌🙏💪✨,😌💪✨,😌💚🌈✨,😊😌✨🌟💚,😔💔😞,😊😌✨🌈,😊😌💚,😌💪🌈✨,😊😌💪🌈,😌✨🌟🙏,😌💪✨🌈,😊😌🌟🌈,😌✨💚🌈,😊😌✨,🌈✨😌💚,😌💪🙏,😊😌💪✨,😊💚🌈✨,😊😌💪,😌💪🌈,😊✨🌈,😊😌💚🌈,😊😌💚,😊🌈✨💚,😊😌✨,😊😌✨💚,😌💚✨,😊😌💚✨,🌟💚😊,😔💔😞,😌✨🌈💚,😌✨🌟💚,😊✨🌈,😊😌💚,😊💪🌈,😊😌✨🌟,😌✨🌈💚,💚🌈✨💪,😊🌟💚,😊🌟💚,😊😌✨🌟💚,😊✨🌈,🌈✨😊💚,😊😌✨🌈,🌟😌💪🌈,😊💪🌈✨,😌✨🌈💚,😊😌✨,😌✨🙏💚,🌈✨😌💚,😌🌟💚,😔💔😞😢,😌✨🌈,🌈💚✨,😊🌟💚,😔😞😢,😊😌💚🌟,😊🌟🌈,😊😌✨🌟💚,😊💪🌈✨,😊😌✨🌈,😔😞😩💔,💚😌🌈,😌✨🙏💚,😊😌💚,😔😞😣😩,💪✨🌈😊,😊😌🌈💪,😌💪✨🌈,😊😌✨🌈,😊🌈✨💚,😔💔😞😩,😌😊💪,💪✨😌🌈,😊😌✨🌈,😊🌟💚,😊🌈✨,😌💪✨🌈,😊🌈💪✨,😊✨🌈💪,😌🌈✨💚,😊🌈✨,😊✨🌈,😊😌💪🌈,😊😌✨🌟",0
n-1892,"😊✨🌟💪🌈,😊✨🌟💚,😊✨🌟,😊✨🌟💚🌈,😊✨🌟🙏💚,😊✨🌟,😊✨🌟,😊✨🌟,😊✨🌟💚,😊✨🌟🌈,😊✨🌟💚,😊✨🌟,😊✨🌟,😊✨🌈,😊✨🌟,😊😌✨🌈,😊🌟💚🌈,😊✨🌟💚,😊✨🌈💚,😌💪✨🌈,😊✨🌈💚,💚✨🌟,😊✨🌈,😊😌💪✨,😌✨🌟💚,😌✨🌈💚,😊✨🌈,😊🌈✨💚,😊😌💪,😊🙏💚✨,😌💪🌈,😌💚🌈✨,😊😌✨🌈,😊✨🌟,😊😌✨🌟,😔😞😣😖,😊✨🌟💚,😊😌💚,😊😌🌟,😌✨🌟,😊✨🌟💚,✨💚😊🌟,😊✨🌈,😌💪✨🌈,😌💪✨,😊😌✨💚,😔😞😣,😊💚✨,😔😞😣,😊😌💪,💚✨😊🌟,😊😌💪🌈,😊✨🌈💚,😊😌✨🌟,😊✨🌟💚,😊✨🌟💚,😊✨🌟💚,😌💪✨🌈,💪✨🌟,😊😌🌈✨,😊😌💪✨,😊✨🌈💚,😊✨🌟,😊✨🌈,😌✨🌈,😊✨💚,😊✨💚,😔😞😣,😊💚✨🌟,😊😌✨💚,😌💚🌟,😌😊💪,😊😌🌈✨,😊💪✨🌟,😌😊🌈,😊😌✨🌈,😔😞😣😩,😔😢🙏,😔😣😖😩,😌💪🌈💚,😔😞😢😣,🙏✨🌟😌💚,😊✨🌟,😊✨🌟💚,😌💪🌈✨,😢😔💔,🙏✨💪💚,😊✨🌈,😊😌💚🌈,😌💪🙏🌈,😊😌🌈✨,😊💚🌈,😢😔😞,😊💪🌈,😊✨🌈,😊😌✨🌈,😊✨🌈💚,😊✨🌈,😌😊💪,😌💪🙏💚",0
n-1894,"😊✨🌈💚,😔😢😞,😌💪✨,😊😌✨🌈,😊🌈✨💚,😊😌✨,😌💪💚✨,😊💚🌟,💪✨😌💚,😊😌✨🌟💚,😌✨🌟💚,😊😌💚🌈,😊😌💚🌈,😊💚🌟,😊💚✨🌟,😌💪🌈✨,😊😌🌟🌈,😔😢💔,😔😞😩,😔😢😩,😊😌✨,😊🌟🙏💚,😊😌✨🌈,😊✨🙏,😊😌💚🌟,😊✨🌈💚,😊💚🌟✨,😌💪🌈,😊😌💪✨🌈,😊✨🌈,😊😌✨🌈💚,😔😞😩💔,😢💔😔😞,🙏💚✨,💪😌✨🌟,😊💚✨,😔😞⚠️,😔💔😞😌,😊💪✨🌈,🌟💚🙏,😢💔😣😔,😌💪✨🌈,😊😌✨🌈,😔😞😢,😊💪💚,😌💪🙏🌈,😌💪🌈,😊💚✨,😌💪💚🌈,😊😌✨🌈,💚🌈😊🙏✨,😌💪✨🌈,😊😌💪🌈,😊😌💪✨,😊💪✨🌈,😔😞😩,😊😌✨,😣😢😖😩,✨💚🌈😊,😊😌✨,😌✨🌈💚,😔😞😣,😌💪🌈💚,😊✨🌈💚,💪✨💚🌟,😌🙏💚,😊😌✨💪,😊✨🌟💚,😊🙏🌈✨,😔💔😢😞,💚🌈😊✨,💔😢😔😞,😊✨🌈,💪🌈😊💚,😌💪✨💚,😊😌🌈,😊🌟💚,😌💪🙏,😊😌💪🌈,😌💪✨💚,😣😩😔😞,😊✨💚🌈,😌💚🌈✨,😊✨🌟💚,😌🙏💚✨,😊💚✨🌟,😊😌🌟,😊✨💚🌈,😊✨🌟💚,😊✨🌟,😊✨🌟,😌💪🌈,😊😌💪✨,😊💚✨🌈😌,😊🙏💚🌈,😌💪✨🌟,😩😔😞,😊😌💚🌈,😌💪💚🙏,😌🙏💚🌈",0
n-1902,"😌💚🌈✨,😊😌✨🌈,😊🌟💚,😊🌟💚✨,😌✨🌟😊,😌✨💪,😊🌟💚,✨💪🌈,😊😌💚✨🌟,😊😌✨🌟,😌✨💪🌟💚,😊😌✨🌈,😌💪✨🌈,😌✨🌟💚,😊😌✨,😌✨🌈💚,😊✨🌈💚,✨😊🌟💪,😊😌✨🌟🌈,😊✨🌟💚🌈,😊✨🌟💚,😊😌✨🌟,😊😌✨🌈,💪🌟🌈,⚰️💀😰🌑,😌💚🌈✨,😌✨🌈,😌✨💚,😌✨🌟💚,😌✨🌈💚,😌💪✨🌈,😌✨🌈💚,😌✨🌈,😔😞💔😣,😔😞🌑💔,😌✨💪,💪✨🌈💚,😊✨🌈💚,😊✨💪🌟💚,😌🙏💚,😊😌💪,😌🌈✨,😌💪✨,😔😞😣,😢💔😔😞,😌😊🌟,,😌💪🌟,😌💚🙏✨,😔😢😞,😔😣😩,😔😢💔😞,🙏💚✨😊,😌✨🌈,😊💪🌟,😌💚✨🙏,😊✨🌟,😊😌✨💚,😔😞😢😣,😊✨🌟🙏,💔😔🌑,😊😌✨🌈,😊💪✨,😊🌟💚✨,🙏✨😌💚,😔😢😩😞😣,😞😣😔,😌✨🌈,😊💪✨,😔😞😣😩,😊✨🌈,⚠️😰🌑🚨,😔😞😣😖,😌✨🌟🌈,😔😞😣💔,😌✨🌈🙏,😌💚🌈✨,🚨⚠️🌑💀🆘,😔😞💔😣,😔😞💔😢,😔😞😌,😔😢🌑🕳️,💪😌🌟,😌✨🌟🌈,😌💪🙏✨,😊💪✨,🌟💪🌈😊,🌟💪😊🌈,😔😞😣,😊💪🌟🙏,😊😌💪✨,😌✨💪🙏,😊😌✨🌈,💪💚✨,😌💪🌈,😊😌🌈,😊😌💪✨,🙏💪😌✨,😌💪🌟",0
n-1906,"😌✨💪🙏,😊😌✨🌈,😌✨🌈,😔😩🌑,😌✨🌟,😌✨🌟,😌✨🌟🌈,😊😌💚✨,💀⚠️🌑😰,⚠️😰🌑🚨,😢💔😔😞,😌💚✨,😊😌💪🌈,😊💚✨🌈,😌✨🌈,😔😰⚠️,😌💪🌈✨,😊💚✨🌟,😔😞😩,😌💪🌈,😌💚✨🌈,😔😞💔😣😖,😔😞😣💔,😔😣😞,😌💪🌈,😰🌑⚠️,🌑😰🕳️⚠️,😌💪✨,💪✨😌😊,😔😞😩,😔😞😣,✨🌟💚😌,😌💪🌈,😊😌✨,😌💪✨,😌💚🌟,😔😞💔😣,😊😌💪✨,😞😩😔,😰🌑🆘⚠️,💪✨🌈😌,😣😖😩😔,😔😖😩😞,😌💪🌟,😊😌💪✨,😌✨🌈💪,🌑😰⚠️😔,😊💪✨🌟,😌💪🌈,😌💪✨🌟,😌💚🌟✨,😊💪✨,💪✨🌟💚,😔💔😞😣,😌💪🌟✨,😰🌑😩💔,💪✨🌈💚,😰😣⚠️🌑,😊💪✨,😔💔😞,😌💪✨,😔💔😞😣😩,😊✨🌈,😌💚🌈,😔😞😣,⚠️🚨🌑💀🆘,😊😌✨🌟💚,😌✨🌟,😊✨🌈,😌💪🌟,😌💪🙏💚,😌💪🌈,🚨⚠️😰🆘,💪✨🌟🌈,🚨😰💀🕳️,😊✨🌟,😔💔😞😣,😌💪✨,😌✨🌈💚,😊✨🌟💚,😔😞😖😩,😊✨🌈,😊💚✨🌈,😊✨🌟💚,😌💪🌟🌈,😊✨🌈,😊😌💪✨,😌✨🌟,😌✨🌟💚,😊✨💚🌈,😊😌✨,😌💪🌟,😌✨🌈💚,😊😌✨🌟,😊😌💪,😌💚🌈✨,😊😌💪,😊💚✨😌,😌💪✨,😊💪✨",0
n-1908,"✨🌟😊💪,💪✨🌈,😌💪✨🌈,😊✨🌟💚,😊✨🌟💚,😌💪✨🌈,😊✨💚,😊😌✨🌈,🚨🆘🌑😰,😌💪🌈,😊😌💚✨,😊✨🌈,😞😔😩😢,😊✨🌟,😊💪✨🌟,😊✨🌈💚,😊😌✨💪,😌💪🌈,😌💪✨🙏,😊😌💚🌈,😞😩😔,😌💪🌈,😣😖😩😔,😔💔😞,😢💔😞😔,😊✨🌈,😌✨💚🌈,😔😞😣,😌💪✨,😌💪✨🌟,😌✨💪🌈,😊😌✨🌈,😌💚🌈,💪✨😌🌟,😊🌟🙏💚,😊😌🌟🌈,😊🌟💚✨,😔😰⚠️,😊😌🌈,🌟🙏😊💚,🌈✨😌,😌💚✨,😊✨🌈💪,😊😌💪,⚠️🚨💀🆘,😌💪✨,😊😌💪✨,✨🌟😊,😖😩😣,😊😌✨🌟,😰🌑😔💔,💪✨🌈😊,😔😞😣,😊🌈💚,😊😌✨🌈,😊💚✨,⚠️😰🌑🆘,😔😞😢😩,😌🌈💪✨,🌈💪😌✨,😌💪🌈✨,🙏💪✨🌟,😌💪✨🌈,😔😞😣😢,😌💚✨🙏💪,😌💪🌟,😌🌈💪,💪✨🌟,😊😌💚,😊😌✨",0
n-1909,"😊😌💪,😊💚🌟,😊😌✨🌟,😊🌟💚,😞😔😣😩,😌💪✨🌈,😌💪✨🌈,😊✨💪,😌💚✨🌟,😔😢😣,😔😞😢,✨🌟😊💚,😊💪✨🌟,😢😔💔,😊✨🌟,😌✨🌟,😊😌💪✨,😔💔😞,😊💚🌈,😌💚🌟,😊💚🌈,😔😢😞,😌✨🌟,😊😌✨,😊😌✨🌈,😊😌💪,😌✨🌈,😊✨🌟,😌💪✨🌟,😩😔😞,😌🌈✨,😊✨🌈💚😌,😔😞😢😩,😩😔😞😣,😌💪✨🌈,😊💚✨🌈,🌟😊💪✨,💪✨🌈😊,💪✨🌈💚,😊✨🌟💚,😌🙏🌈,😊✨🌟,😌✨🌈💚,😊✨🌈🙏,😌✨🌈💪,😔😣😩😞,😊✨🌈💪,😊🌟💚✨,😊😌✨🌈,😊💪✨🌟💚,🆘⚠️😰🌑,😌💪✨,😊✨🌈,😌💪💚🌈,😊💪🌟🌈,😊✨💚🌈,😔😢😞,😊😌✨🌟,🚨💀😰⚠️,🌟😊✨💪,😊✨💚🌈,😊💪✨🌟,😌💚🌈,😊✨🌈💚,😊✨🌈,😊💚🌈,😌💪✨,😊💪✨🌟,😊😌🌈✨,😊🌟💚🌈,😔😞💔😣,😊😌💚🌈🌟,😊💪✨🌈,😊💪✨,😊✨💚,😌✨🌈💪,😊✨🌟💚,😔💔😢😞,😊😌🌈✨,😊✨🌈,😌✨💚🌈,😊✨🌈🙏,😊✨🌈,😊🌟💚,😊😌✨💚🌈,😊✨🌟💚,😊✨🌟,😊✨🌈,😔😞💔😣,😢😔😞😣,😊💪✨,😊✨💪,😊💚🌈,😌💪🌟🌈,😊💪🌈✨,😌💚✨🌈,😊✨🌈,😌💪🙏,😔💔😢",0
n-1915,😊💪✨🌟,0
n-1924,"😔💔😞,😊✨🌟💪,😌🙏💚✨,😌✨🌟💚,😊✨🌟💚,😊💪✨🌈,😌✨🌈,😊💚✨🙏,😔😞😣,😰😖⚠️😩,😌💚✨,😌💪✨🌟,😔😣😖😩,💪✨🌟,💪🌟🌈,😊✨🌈,💪✨🌟😌,😊✨🌟,😔😣😞,😊💪✨🌟,🙏💚😌✨,😊✨💚🌟🙏,💪✨💚,😊😌✨,😌💪✨🌟,😊✨🌟,😊✨🌟💚,😔😞😣😩,😊😌✨🌟,😊✨🌈💚,😊😌💪✨🌈,😊🌟💚✨😌,😔😞😣,😣😖😩😔,😌💪🌈✨,😊✨🌟,😖😩😔,😣😖😩😔,😌💪🌟🌈,😔😞😢😣,😌💪✨🌟,😊😌✨🌈,💪✨🌟,😌✨🌈💚,😊😌✨🌟💚,😌💪😊🌟,😊😌✨,😊😌🙏✨,😊😌✨,😊✨💚🌈,😊✨🌟💪,😊🌟🙏😌💚,😊💚🌟✨,😊😌✨🌈,😊💚🌟,😌💪✨🌈,😊✨🌟💪,😌💪✨🌈,😊✨🌈💪,😔😞😣💔,😊✨🌈💚,😔😞😣,😊💪🌟,😊😌💚🌈,😊😌✨💚,😌💪🌈,😊😌💪✨🌟,😊✨🌈💪,😌💚🌈,😊🌟😌💚,😊✨🌟,😊✨🌈💚,🌟✨😊💚🌈,😊✨🌈💪,💪✨🌈😌,😊✨🌟,😌✨🌟,😔💔😞😣,😊🌟💚,😊😌💚🌈,😊✨🌈,😌💪🌈✨,😔😞😢,😌💪🌈🙏,😊🌈✨,😊😌💚🌈,😌💪✨🌟,😌💪🌈✨,😊💚✨,🙏💪✨,😊😌✨🌟,😢😔💔😞,😊😌✨🌈,😊😌✨,😊😌✨🌟,😊✨🌟,💪🌟✨😊,💚✨😊,💀🕳️🆘🚨,😌💪🌈",0
n-1925,"😊✨🌟,✨🌟💚,😌✨🌟,😊💪✨,😊✨🌈,😊😌✨🌟💚,😌✨🌟,✨🌟💚😌💪,😌✨🌟,🌈✨😊,😊😌✨,😊✨🌟,😌💚🌈,😊💪✨,😊💚🌈✨,😌✨🌈💚,😊✨💪🌟,😊✨💚🙏🌈,😊✨🌟💚,😌✨🌟💚,😊💚✨🌟😌,😊✨🌈💚,😊✨🌟🙏💚,😊✨🌈💪,😊🌟💚🌈,😊😌✨🌈💚,😊✨🌟💪💚,😊💪✨🌈,😊😌✨🌈,🌟🙏😊💪,😌💪✨🌈,😊✨🌟,😊✨🌈💚,😊✨🌈💚,😔😢💔,😊✨🌟,😌✨🌈💚,😊✨💚🌈,😊✨🌟💚,😊✨🌟,😊✨🌟💚,😊✨🌟💚,😊💚✨🌟,😊✨🌟💚🌈,✨🌟😊💚🌈,😊✨🌟,😊✨🌈💪,✨🌈😊,😊💚✨🌈,😔😞😣,✨🌈😊💚,😌✨🌈,😔😢😞,😊💚✨🌟,😌🌟🙏🌈,😔💔😢,😊✨🌟,😊✨🌟,💚✨😊🌈,😊😌✨🌈",0
n-1933,"😌🙏💚,😌💪🌈✨,😌💪🌈✨,😌💪✨,😊😌✨🌟,😌💪🙏,😊💚✨🌈,😌✨💪,🌈✨😊💚,😌✨🌈😊,😊😌💪✨,😊😌🌈💚,😊😌✨🌈,😣😖😩,😊😌✨🌈,😢💔😔😣,😢😩😔😞,😔😢😞😣😩,😊✨🌟💚,😌🌈✨💪,😊😌✨🌟,😔😞💔😣,😊😌✨🌈,😊😌✨🌟,😔😞😢,😔😰🌑😞,😊😌✨🌈💚,😊😌💚✨🌟,😌💪🌈✨,😔😞😣,😊😌💚,🌈😊✨💚🌟,🙏💚😌🌈✨,😔😞💔,😊✨🌈💚,😊✨🌈💪🌟,💪✨🌟,😊💚✨🌟,😊💚✨🙏,😊😌✨🌈,😊✨🌈,😌🌈✨💪,😔😞😩,😊💪🌈✨,😔💔😖😞,😊💪✨🌟,😌💚🌈,😊✨🌈,😊😌💪,😊🙏✨💪🌈,🚨⚠️😰🌑,😌💚✨🙏,😊💪✨🌟,😊💪🌟,😊😌💪✨,😔💔😞,🙏😌🌟💚,😌💪🌈✨,😌💪🌟💚,😌💪🌟,😌💚🌈,😔😞💔😢,😌💪🌈,😔😞😩💔,😌💪🌈✨,😰😩⚠️😣,😌💪🙏💚,😔😢😩,😖😩😔😞,😔💔😞,😔😞😣💔,💪✨🌈💚,😣😖😩😔,😌✨🙏,😊✨💚,😊💚✨🌈,💪✨😌🌈,😊✨🌈🙏,💪✨🌟🌈,😌💪✨🌈,😔😞😣,😊😌💪🌈,😔😞😩💔,😌✨🌟🌈,🌟💚😊,😌💚✨🌈,🙏😊🌈,🌈✨😊,🌑😰⚠️🆘💀,😌✨🌈💪,😊😌✨🌟,😊🌈💪,😊😌✨🌈,😌💪💚🌈,😊💪✨🌟,😌💪✨,😔😞😣😩,💪✨🌈😌,😊💪✨🌈,😌✨🌈💪",0
n-1936,"😊✨🌟,😊🌟💚🌈,😊✨🌟💚,😔😢💔,💔😔😞😢,😔😞😩😢,😌💚✨,😌💚✨🌈,😔💔😞,😔💔😞😢,😊😌✨🌈,🙏😌💚🌟,😌✨🌈💚,😔😞💔,😔💔😞,😊💪✨🌈,😰🚨💀🆘,😖😩😔💔,😔💔😞,😔💔😞,🙏💪🌈😌,😌💚✨🙏,😢😔😞😣,😌💪🌟🌈,😊😌✨,💪😌✨🌟,😌✨🙏,😔😞😢,😌💚✨🙏,💪💚🙏🌈,😔😞😣😖,😊💪🌈✨,😊✨🌈😌,😔💔😞,🙏💚🌈✨,💪✨😊🌟,😔😞😣😖,😌💚✨🌈,⚠️🆘😰🌑,😔💔😢,😊🌟🙏🌈,😊😌✨🌈,😌💪🌈,😌💚🌈✨,⚠️😰🚨🌑,😊😌💚,😊💚🌟🙏,💪✨😌🌈,😊💚✨,💪✨🌟💚,😌✨🌈💚,💪✨🌈,,😊✨🌟💚🌈,😌💚🌟,😌💪✨🌈,😊✨🌟,😊😌✨🌈,😢😣😩😔,💀😰⚠️🌑,😔💔😞😢,😊😌✨🌟,💚✨🌈,😊😌✨🌟,😊😌✨🌈,😊😌✨🌈,😊💪✨🌈,🌟💚✨😊,😊✨🌟,😊✨💪🌟,😊✨🌈💚,😊✨🌟💚🌈,😊✨🌈😌,😔😞😣💔,😊💚✨,😔😞😣,😣😖😩,😊✨🌟,😌💪✨🌟,😊💪✨🌈,😊✨🌟,😌💪🌟,😊😌💚🌈,😊✨🌈💪,🙏💚✨🌟,✨🌟💚😊,😊💚✨,😊✨🌟,😔💔😞,😌🌈💪,😊✨🙏💚,😔😞😣😢,😊💚🌈,😊😌✨🌟,💪✨💚🌟😊,💔😢😔😞,😊😌✨,😔😞😩,😔😞😩,😊✨🌟💚",0
n-1937,"😊✨🌈,😊✨🌟💚,😊😌✨🌈,😔😞😣😩,😊🌟💚🙏,😊🌟✨,😊✨🌟💚,🌟✨😊💚🌈,🔪🩸😰⚠️,😊😌✨🌈,😊🌟✨💚,😊✨🌟,😌✨🌈💚,😊✨🌟💚🌈,😊💪✨🌟🙏,😢😔😞😣😩,😊💪✨🌈,😌💪✨🌟,😊✨🌈💚,😊✨🌈💪,😊💪✨🌈,😊😌💚🌈,😊😌✨🌈,😊😌💪🌈,😊🌈✨💚,😊😌💚🌟🌈,😢😞😔😣,😌💪🌈,😊🌟💚✨😌,😊😌✨,😊✨🌈,😊😌💪,😊✨🌟,😌💚🙏,😊🌟🌈,😊✨💚,😊💚🌟🙏,😊😌🌈💪,😊😌💚🌈,😊💚🌟😌,😊🌈💚,😌💪🌟🌈,😊💚✨🌈,✨🌟😊💪,😌💪✨🌈,😊💪🌟,😊😌✨🌟💚,😊✨🌟💚🌈,😊💪✨,😊😌✨,😊😌💚✨🌈,😢😔😞,😊🌟💚,😊✨🌟💚,🙏💚✨🌟,😌💪🌈✨,😊😌✨🌈,😊✨🌟,😊✨🌟💚,😢😞😣",0
n-1940,"😌✨💚,✨🌟💚😊,😊✨🌟,😊✨🌟😌💚,😌✨💪🌈,😊😌✨🌈,😊😌✨🌈,😌✨🌈😊,😊😌✨🌈,😊✨🌈💚,😊🌟💚,🌟✨😌,😊🌈✨,😌💚🌈✨,💪✨🌟💚,😊🌈💚,😔😩😞,😊😌🌟🌈,😌💪✨🌈,😊😌✨🌈,😌💪✨,😊✨🌈💚,😌🌈✨💚,😊🌟💚,😌💪✨🌟,😊✨🌟💚,😊💚🙏,✨🌟😌,😊✨🌟💚😌,😌💚🙏,😊😌✨🌟,😊😌✨,😊💚🌈✨,😊😌✨💚🌈,😊😌✨🌈,😊✨🌈💚,😌💪🌈💚,😌✨🌈,😊✨🌈💚,😊😌✨,😌✨🌟,😊😌🌟🌈,😊💪✨🌟,😊😌✨💚,🌈😊✨,😊✨🌈😌,😊😌💪,🌟✨😊,😌😊✨🌟,😊😌💪,😊🌟💚,😊😌🌈💚,😌✨🌟,😊😌💪🌈,😊✨🌈💚,😊😌✨🌈💚,😊😌✨🌈,😊✨💚🌟😌,🌈✨😌💪🙏,😊🌈✨,😔😢😞😩,😊😌✨,😊😌✨🌟💚,😌✨🌈💚,😔😞😢😣,🚨😰🌑⚠️,😔😞😣,😌✨🙏,😊✨🌈,😊✨🌈💚,😌🌟💚🌈,😊💪✨🌈,😊✨🌟💚,✨🌟😊😌,😌✨💚🌈,😊😌✨💚,😊🌟💚,😌✨🌟💚,😊💪🌈,😊💪✨🌈,😊😌✨🌟,😊😌✨🌈,😌✨🌈💚,😊✨🌟💚,😊😌✨🌟,😔😞💔😣,😊😌💪🌟💚,😊✨🌈,😌✨🌈💚,😊✨🌈💚,,😌💚✨🌈,😰🌑⚠️🚨,😊💪✨🌟💚,😊😌✨🌟,😊✨🌟,😌🌈💚✨,😊🌟🌈💪,😌💪🙏💚,😊🌈✨",0
n-1942,"😢😔💔,😌💪🌈✨,😊😌✨💪,😔😞😣😩,💚🙏😊✨,😌✨💚🙏,😊🌈💪✨,😔💔😞😖,😔😞😣😖,✨🌟💚🌈,😊✨🙏,😊✨🌟,😊💚🌈✨,😊💚🌟🙏,😊🌟💚✨,😔😞😣😖,😊😌💪✨🌟,😊✨🌈💪,😊✨🌈💪,😊😌✨🌈,😊😌💪✨,💚😊🌈✨🙏,😊🌟💚✨,😊🌟💚🌈,😊😌🌈✨,😊✨🌟💚,🌈💪😊✨,😊✨🌈💪,🌈✨😊🌟,😊✨🌈💚🌟,😊🌈✨💚,😊✨🌟💪,😔😞😢😩,😊💚✨🌈,😌😊🌈✨,😊🌟💚🌈,😊✨💚🌟,✨🌟💚😊🌈,😊😌✨🌈,😊😌✨🌟,💚😊✨,🌈😊😌✨,😊😌✨,😌💪🌈✨,😊😌🌈💚,😌💪✨,😌✨🌈💚,😊🌟💚,😔😢💔,😔😣😩,😊✨🌈💚,😊✨🌈,😊😌✨,😌💚🌈,✨💚😌,✨🌟💚😊,😊😌✨🙏,😔😞😣,😌🌈🙏,😌😊🌟💚,😌💚🌈✨,😔😞💔😢,😊💚🌟,🌈💚😌,😊😌🌟,💚🌈😌✨,💪✨😌🌟,😌✨🌟💚,😔😢😞,😊😌🌟🌈,😔😞😣,😌💪✨🌟,😌😊💪,😌🙏✨,😊😌💚🌈,😊💪✨🌟,😌💪✨🌟,🚨💀⚠️🌑😰,😊😌💪,😌✨🌈,😊🌈💪,😌✨🌈💪,😊💪✨🌟,😌💚✨,😌💪🌟🌈,😊😌💚✨,😊✨🌈💚,😌💪🌈✨,🌈✨💪😊,😌💚🌈✨,😔😣😩,😊✨🌟,😌💪🌈,😊🙏✨🌈,💪✨🌟😊,😌✨🌟💚,😊😌✨💪,😊😌✨,😊🌟💚🙏",0
n-1943,"😊✨💪🌟🌈,😊✨🌈💪,⚠️😰🌑🆘,💪✨🌈,😌✨🌈,😊😌✨🌟,😊💪✨,💪✨😌,🌟💪💚✨,😌💚🙏,😊✨💚🌟,😌✨🌈💚,😊💚🌟🌈,😊😌🌟💚,😔💔😞,😊💚🌈✨,😌✨💚🌈,😊🌈✨,😌💪🌈,😔💔😞,😌🙏✨💚,😌🌈💚✨,😊✨💚,😊🌟💪,😩😔😞,😊✨🌟💚,😌💪✨🌈,😊😌💚✨,😊✨🌈,😌✨💚🌈,😌💚🌈",0
n-1944,"😊✨🌟,😊😌🌈✨,😌💚🌈✨,😊✨🌈💚,😊😌🌈,😊✨🌈💪,😌💪🌈,😔💔😞😢,😌💚🙏🌈,😌💪🌈,😊✨🌟💚,😊💪✨,😌💚🙏,😌💪🌈,😊😌✨🌟💚,😌✨🌈💪,😊😌✨🌟,😊😌✨💚,😊😌✨🌈,😢😞😖😩,😞😩😔😣,😌💪🌈,😊😌✨🌈,😊😌💪✨,😊✨🌈,😌💪✨🌈,😌✨💪🌈,😊😌💪✨,😔😞😩💔,😖😩😔,😊😌💪🌈,😔😞😣😩,😌💪✨🌈,😊✨🌈💪,😊😌✨🌈,😌💪✨🌈,😊✨🌟,😔😢💔😞,😌💪😌✨,😔😞💔,😔😞😣,😊😌🌈,😔😞💔😢,😌✨💚🌈,😊😌✨🌈,😔😞😢💔,😌✨🌟,😩😔😞,😌💪✨🌈,😊💪🌟🙏,😊😌💪✨,😊✨🌟💚,😌💪✨🌟,😊✨🌟,😊😌💪🌈,😊✨🌈,😊😌🌟💪,😌💪🌈,😔😞😩,😊😌💪,😔😞😣,😔😞😣,😔😞😣😖,😣😖😩😔,😌💪🌟💚,😌🙏✨💪,😊😌💪🌈,😌✨🌈😊,😰💀⚠️,😌💪🌟,😌✨🌈,😔😞😣,😊😌💪🌈,💪✨🌈😌,😔😞😣,😌💪✨🌈,😔💔😞😩,😔😞😩,😣😖😩😔,😔😞😩,😌✨🌈,😔😞😣😩,😌😊🌟,😌😊🌟💚,😊🌟💚✨,😊😌✨,😌💪🌈,😔😞😌🙏,😊💪✨🌟💚,😊😌🌟💚🌈,😔😢😩,😊😌✨,😔💔😞😩",0
n-1948,"😊✨🌟💚,😊💪🌟,😊😌✨💚,😊✨🌟💚🌈,😊✨🌟,😊✨🌟💚,😊🌟💚,😊✨🌟,😊✨🌟💚,😊✨🌟,😌✨🌟🌈,😊✨🌟,😊🌟💚,😊✨🌟💚🌈,😔💔😞😢,😊😌✨,😊😌💪,😊💪✨,😊😌💪,😊😌💚,😊✨🌟,😊✨🌟,😊🌟🌈,😊🌟💚,😊🌟💚😌✨,😊🌟💚,😊✨🌟💚,✨🌟💚😊,😊✨🌈💚,😊😌✨🌈,😊✨🌟💚,😌💚✨🌟,😊💚🌈✨,😊💚🌈✨,😊😌✨🌈,😊😌✨🌈,🌟💚😌✨,😊✨💚🌈,😌🙏💚✨,😊😌✨,😊💚🌟,😊😌💚✨,🌟✨😌💚🌈,😊✨🌈,😊✨🌈💚,😊✨🌟,😊🌟💚✨🌈,😊😌✨,😊✨🌟,😊😌💪✨,😊🌟💚,😊💪✨🌟,🌟✨😊💚,😊✨🌈💚,😊🌟💚,😊✨🌟💚,😌✨🌟,😊😌✨🌟,😔😞💔😢,😌✨💚🙏,😌💚✨🙏,😔💔😞😢,😊💚✨,😊😌✨🌟,😰🌑🕳️⚠️,😔💔😞😢,😊🌟💚,🚨⚠️🆘😰💀,😊😌✨🌟,😌✨🌟,😊✨🌟💚,🌟✨😌,😊💚🌟,😊💪🌟🌈,😌✨🌟💚,😌💪🌟💚,💪✨😊🌟,😌✨🌈💚,😊✨🌈,😌🌟💚🌈,😌✨🌟💚,😌✨🌈,😊😌💪,😊😌🙏🌟,💪✨😌🌟,🌟💪😌🙏,🌑🆘⚠️💀,😊😌✨🌟,😊💚🌈,😌💚🌈✨,😊😌✨🌈,😊💪✨,😌✨🌟,🚨⚠️😰🆘,😊💪✨🌈,😊🌈✨,😊😌✨🌈,😊✨🌟,😊✨🌈💚,😊😌✨🌈",0
n-1950,"😔😞😣,😔💔😞😢,🌟🙏💚🌈,😊🌈✨💚,😊✨🌈💚,😔😢💔😞,😊💚🌟✨",0
n-1955,"😊🌟💚🙏,😔😞😣😢,💪✨🌈😊,😊✨🌟,😔😞😩,🌈💚😊✨,😊😌💪🌈,😊💪✨🌟,😊✨💚,😊😌✨🌈,😌💪🌈,😰🆘💀,😌💚🙏✨,😊🌈✨💚,😊😌🌈,😊😌💚🌈,😊✨🌟💚,😊😌🌈,😊😌✨,😌🌈💪,🌑😰🕳️⚠️🆘,😔😞😩,🆘😰🌑⚠️,😊🌟💚✨,😌✨🌈,😊😌✨,😊😌✨💚,😣😖😔,😊✨🌟,😊💚✨🌈,😌✨🌟💚,😰🌑⚠️🆘,😌💪✨🌟,😔😞💔😣,😊😌✨💚🌈,😌💪🌈✨,🌑😰🕳️⚠️,🙏😌✨💚🌈,😊😌✨,😊😌💚,😊✨🌟💚,😖😩😞😣,😌✨💪,😢😣😞😔,😌😊💚🌟,😊🌟💚🙏,😊✨🌟,😊💚✨,😔😞😩💔,😊✨🌟💚,😊✨🌟🌈,😔😢😖😩,😌✨💪,😌💚🌈,😊😌✨,😊😌💪✨,😌💪💚🌈,😊💚🌈✨,😊💪✨🌈,😔😞😩😣,😌💚🌈✨,😊😌✨🌈,😔💔😢,💚🌈😊✨,😌💚🌈✨,😢😖😩,😔💔😌💪,😰🌑⚠️🆘,😊😌✨🌈,😊🌟💚,😔💔😞😣,😊💚✨🌈,😌💪🌟🙏,😔💔😞,💚🙏🌟😊🌈,😊💪✨🌈,😊✨💚,😔😖😞😣,😌💪🙏🌈,😊✨💚🌟😌,😊✨🌈,😊😌✨🌈,😔😞💔😣,⚠️😰🚨,😊😌✨,😰🌑😣⚠️,😰😖😩🚨,💀😰🆘⚠️,😊😌🌈,😌💪✨🌈,😌💚✨🌈,😌💚✨🌈,😊✨💚🌟😌,😌💪🌈,😊😌✨,😔💔😞😢,😔😞😣😩,😊😌💪✨,😌💪🌈🙏,😊😌✨🌈",0
n-1956,"😖😩😔😞,😊💚🌟,😊😌✨🌟💚,✨🌟😊,😊✨🌟,😊😌✨,😊✨🌟💪,😊✨🌟,😊✨🌟💚,😊✨🌟,😊✨🌟💚,😊✨🌟,😌🙏🌈,😔💔😞😩,😊🌟💪✨,😊💪✨,😔😞😩😣,😌💪🙏💚,😊✨🌟,😊✨🌟💚,✨🌟😊💪,😊🌟✨,😊✨🌟,😊✨🌟,🌟✨😊🌈,😊🌟✨💚,😊✨🌟,✨🌟😊🙏,🌟✨😊💚🙏,😊✨🌟💚,😊✨🌟💚,😊✨🌟,😊✨🌟🙏💚,😊✨🌟🙏,🌟✨😊,✨🌟😊💚,😊✨🌟,😊✨🌟,😊✨🌟,😊✨🌟💪,😊✨🌟💚🙏,😊✨🌟,😊✨🌟,✨🌟😊💚,😊✨🌟💪,😊✨🌟💚🙏,😊✨🌟💪,😊✨🌟,😊✨🌟,✨🌟😊,😊✨🌟,✨🌟😊🙏,😊✨🌟💚,😊✨🌟,😊🌟💚,😊🌟💚✨,😊✨🌟,😊✨🌈💚,😊🌟✨💚,😊✨🌟,✨🌟😊💚,✨🌟😊,😊✨🌈,😊✨🌟,🌟😊✨,🌟✨😊💚,😊✨🌟💚,✨🌟😊💚,😊✨🌟💚,😊✨🌟,😊🌟✨💚,😊✨🌟💚,✨🌟😊💚,🌟😊✨,🌟✨😊💚,😊✨🌟💪,😊✨🌟,😊✨🌟💚🙏,😊✨🌟💚,✨🌟😊💚,✨🌟😊💚,✨🌟😊,😊✨🌟,😊✨🌟,😊✨🌟,😊✨🌟,😊✨🌟,😊✨🌟,😊✨🌟🙏🌈,😊🌟✨,😊✨🌟💚,✨🌟😊💚,😊✨🌟,😊✨🌟,😊✨🌟,😊✨🌟,😊✨🌟💚,✨🌟😊💚,😊✨🌟💚,😊✨🌟",0
n-1957,"⚠️🕳️😰🌑,😊🌟💚,😌💪🌈,😊😌🌟💚,😌💪✨🌈,🙏💚😌✨,😌💚✨🌈,😊😌✨💚🌈,😊💪✨🌈,😊😌💚✨,😊✨🌈💚😌,😌💚🌈,😌💪🌟,😌✨🌟🙏💚,😊😌💪,😊💪✨,😊😌✨,😊🌈💪✨,😊😌✨🌈,😊✨🌈💚,😊✨🌈💚,😊😌✨🌈,😌✨🌈💚,😔😞😣,😊✨🌟💚,😌💪✨🌟,😊😌✨🌈,😊😌✨,😊🌟💚,😊✨🌈💚,😊✨🌟,😊✨🌟💚,😖😩😔,😊✨💪🌈,😊💚🌈,😊✨🌟,😌💚✨,😌✨💚🌈,😌✨🌟💚🌈,😌💪✨🌈,😌💚🌈,😌💪🌟,😌🌟💚,😊😌💪,😊😌✨,😌🌟💚,😌🌈💚,😌✨🌈💚,😊😌✨🌈,😊😌✨,😔😞😣,😌💪✨,😌💪✨🌟,😊✨🌈💚,😊💪✨🌟🌈,🌈😊✨💚,😊😌✨🌈,😌💚🌈,😊✨💚🌈,😊✨🌈,😌🌈💚🙏,😌✨🌟🌈,😔😞💔😢😣,😊😌🌟💚,😊😌💚🌈,😊😌💚🌈,😊🌈💚✨,😌✨🌈💚,😔😞😣😩,✨💪🌈😌,😊✨🌟😌💚,😊😌✨🌈,😊😌✨🌈,😊😌✨🌈,😊😌✨🌟,😌✨🌈💚,😊😌🌟💚,😌💪🌈✨,😌✨🌈💚,😊💚✨,😌✨🌟,😊😌💚🌈,😊😌✨🌈,😊✨🌟😌💚,😌✨🌟💚,😊✨🌟💚,😊✨🌈💚,😌💚🌈✨,,😌💪✨🙏,😊✨🌟💚,😌💚🌈,😌🌈💪🙏,😊✨🌟💚,💪✨🌟,😢😔😣💔,😌💪🌟,😔💔😞😢,😊✨🌈💚,😊😌🌈",0
n-1965,"😊🌟🙏,😊✨💚,😊😌🌟,😊🌟🙏💪,😊😌✨🌟,😊✨🙏,😔💔😞,😊🌟💚🌈,😊💚✨,😔😣😞😩,💚🙏✨😊,😌💪💚🌈,💚✨😊🌈,😌💪🙏🌈,😔😞😩,😌💪✨🌟,😊💪🌈✨,😔😞😣😩,😊✨🌈💚,😔💔😢😞,😔💔😢😞,😌💪✨🌈,😌🌈💚✨,💪✨🌈,😌💪✨🌈,😊💪✨🌈,😌✨🌟🙏,😊🌟💚🌈,😌💪🙏🌟,😊🙏💚✨,😔😢😣,😔😢💔😞,😔😞😩,😩😖😞😔,🚨⚠️🆘😰,🌟🙏💪😊🌈,😌💪✨🌟,💪✨🌈😌,😔😞😣💔,😔😞😣💔,😊💪✨🌈,😊✨🌈,😔😞💔😣,😌💪🙏✨,😊💪🌈✨,😔💔😞😣,😔😞😣😩,😔😞😢💔,😰🌑⚠️💔😔,🌟💪🌈😊,😌✨💚🌟,😊💚🌟✨,😔😞😣,😔😞😣😩,😊💪✨🌈😌,🙏💚🌈😌,😌💚✨🌈,😔😞😢😣,😔😢💔😞,😊💪✨🌈,😔😞😣😖,😊✨🌟,😔💔😣😞😢,😰🌑⚠️🚨,😢💔😖😩,😔💔😞😣,😰🌑⚠️🆘,😰🌑⚠️🆘,😔💔😞😩,🌈💪😌✨,😔😞😩,😌💚🌟🙏,😢😔💔😞,😊🌈✨💚,😊🌟💚🌈,🙏💚😌💪✨,😰🌑⚠️🆘,😊🌈✨💚😌,⚠️🆘😰🌑,😔💔😢😞,😔😖😰🌑,💔😞😖😣,😌💪✨🌈,😔😞😣😖,😌✨🌈💪,😔😢😞😩,🌈💪😌✨🙏,😊✨🌈,😔💔😞,😔😞💔,😊✨💚🌈,😌✨🙏,😌💪✨🌈,😔💔😢😣,😰🆘⚠️,😊😌💚🌟,😔💔😞😣,😣😖😩😔,😔💔😢",0
n-1969,"😊😌💪🌈,😌✨💚,😊😌✨🌟,😊🌟💪🌈,😊✨🌈,😊💚✨,😊✨🌟,😌🙏✨💚,😌💪✨🌈,😌🌈✨💚,😌💪✨🌟,😌😊✨🌈,😊😌🌈✨,😊✨🌈💚,😌✨💚🌈,😌✨🌈,😔😞😣,😊😌✨🌟,😊✨💪🌟,😊🙏💚✨,😊😌💪🌈,😊🌟💚✨,😌✨🌟💚,💪✨😊🌟,😔😢😞😣,💪✨🌟😊,🌟✨😊,🙏💚✨😊,😌✨🌈💚,😌💪🌈,😌💪🙏🌈,😔😞😣,😊🌟💚🌈✨,😊✨🌈💚,😊✨🌟,😊✨🌈💪,😊🌟💚,😊✨🌟🌈💚,🙏💚🌟,🙏💚😌✨,😊😌✨🌈💚,😊😌✨,😌💪✨,😊💪🌟🙏,😔😞😩💔,😌💪🌈✨,😊🌟💚🙏,😊✨🌈💚,😌✨💚🌈,😊😌✨🌟,😔💔😢😞,😊🌟💚🌈,,⚰️😰⚠️🚨,😔😢💔,🙏💚🌈,😌💪🌈💚,😊✨💪🌟,💪✨🌈💚,😔😞💔,😊😌✨🌟💚,🙏💚🌈😌,😊✨🌈💚,😌🌟💚🌈,😊🌟💚🌈,😌💚🌈✨,😊💚🌟,😊😌✨🌈,😊😌✨,😊✨🌈💪,😊😌✨💚🌈,😊✨🌈,😊✨🌈💚,😊😌💪🌈,😊🌟💚🌈,😔💔😞😣,💔😔😢😞,😊😌💚✨,😊✨🌟,😌✨🌟💚,😊😌🌈,😊💚🌟,😌💪✨🌈,😊😌💪,😊✨🌈💚,😌✨🌟🌈,😊😌💚🌈,😊🌟💚,😊✨🌈,😔😞😢,😌💪💚🌈,😊🌟💚✨,😔💔😢😞,😊✨🌟💚🌈,😌✨💚🌈,😌✨💚🌈,😊😌✨🌟,😔💔😞😢,😊💪✨💚,😔💔😞😣",0
n-1975,"😌✨🌈💚,💪✨😌🌈💚,😔😞😢,😊😌💪,😌✨💚,😌💪✨🌈,😊😌✨,😊💪✨,😊😌💚✨,😊✨🌟,😊✨🌟,😌💪🌈🙏,😔💔😞😣,😔😞😣😩,😌💪🌈,😊😌✨🌈,🚨💀😰🌑⚠️,😊😌💪🌈,😔💔😢,😌✨💚🙏,💪✨🌈😊,😊✨🌈,😌✨🙏,😊🌟💪🌈,😊✨💪🌈,😌💪✨,🙏✨🌈😊💪,😊✨💚🌈😌,⚠️😰🌑,💔😔😞,😌💚✨,😌💪🌈,😌💪✨🌈,😔😞😢,😊💚🌈,😔😞😩,😌💪✨🙏,💪🌈✨😊,😔😞💔😣,😔😞💔,😌🙏✨,😌💪✨,⚠️🚨🆘,😔😞😣,😌💪✨🌈,😊🌈💚,😊😌✨🌟,😌💪✨🌈,😊🌟💚,😌🙏💪,😔😢💔,😌✨🌈,✨💪🌈😊,😌💪✨🌈,😌💪🌈✨,😌💪✨🌈,😔😞😣😩,😌✨💪,😔💔😢😞,😔😞😣😩,😌💪🌈✨,😰⚠️🚨🆘,✨💪🙏🌈,😔😞😢,😊💚🙏🌟,😌🙏💚🌈,😊✨🌟💚,😔😞💔😣,😌🌟🌈💚,🙏💚😌✨💪,😔💔😞,😞😩😣😖,😊😌🌈💚,😊✨💪,🌟💪🙏😌,😊💪✨🌈,😊💪🌟🌈,😌💪✨🌈,😔💔😢😞,😔😣💔,😌✨🌟💚,😌💪💚🌈,✨💪🌟😌💚,😰🌑⚠️🚨,😌💪🌈,💪✨🌟,😌✨💚🌟,😌💪🌟,😊💪🌈✨,😔😞😣,🚨⚠️😰🆘,😔💔😞,😌✨🌈💚,😊😌✨,😊💪✨🌈,😊✨🌈💚,😌💚✨,😰🌑🚨🆘,😔😞😢💔,😔😣😖",0
n-1980,"😔😢😞😩,😊🌟💚🌈,😌✨💚🌈,😢💔😞,😌💚✨,😌💪✨🌈,😰😢😖,😊💚🌈,😊🌟💚,😔💔😞😣,😰🌑⚠️🚨,😌💚🌈✨,😣😖😩😔,😌✨🌈💚,😔💔😢,💚✨😊,😔😞😢,😔😞😣😩,💪✨😌,😔💔😞,😌💪✨🌈,😊😌💚✨,😔💔😞,😌💪🌈,😔💔😞😩,😊✨🌈💚,😌💪🌈,🙏💚😊✨,😰🆘⚠️,😢😔💔,😢😔💔😞,😔💔😞😣,😌💪✨🙏,😊✨🌟💚,😌💚🌈,😊😌✨🌈,😌✨🌈💚,😌💚🌟🌈,😌💚✨🌈,😔💔😞😣,😔😞😣😩,😔💔😞,😌💪✨,😌💪✨🌈,😊😌💪✨,😊💪🌈✨,😌💪🌈,😔💔😞,😔💔😞😩,😊😌🌟🌈,😌✨💪🌈,😊😌💚🌈,😔💔😞😢,😌✨🌈,😊💚🌟✨,😌💪✨🌈,💔😢😞😔,😊💪✨🌈,💪💚✨😊,😌✨🌈💚,😌💪🌈,😊😌💚🌈,😊✨🌟🌈,😊🙏✨💚,😌✨🌈💚,😊✨💚🌈,💪✨😌,😊💪✨💚,😔💔😞😣,😌💪🌈✨,😌✨🌈🙏,😔😞😣😩,😌💪🌈,😊💚✨🌟🙏,😌💪✨🌟,😌💪✨🌈,😔😞😌😢,💚✨🌈,😊😌🌈,🙏💚🌈😊,😊😌✨💚🌈,💔😔😞,😌💪🙏💚,😔😞😣😩,😌💚🌈,😰⚠️🆘🌑💊,🙏✨😌💪,😔💔😢,💪✨😌🌟,😌💪🌈,😊🌈💪✨,💚🌟💪🙏,😔💔😞,😌💚✨🌈,💚✨💪😊,😊😌✨🌈,😔😞💔,😊✨💚,😌✨🌈",0
n-1988,"😔😞😢,😌✨🌈💚,😊✨🌈💪😌,😊😌💚🌟,😔😢💔,😊✨🌈💚,😊✨🌟,😊💪✨,😊✨🌈💚,😌✨💪🌈,😰⚠️🆘,😊😌💪,😌🌟💚🌈,😌🌈💪🙏,😌💚🌈,😊✨🌈,😊😌✨🌟,😔😞😣😖,🌟✨💚🙏😊,😊🌈✨💚,😌😪😅,😔💔😞,😊🌟💪😌,😊💪✨,💔😔😞😢,😞😩😰🌑,😊💪🌟✨,😊🌟💚✨😌,🆘⚠️💀🚨🌑,😊💪✨🌈,🚨⚠️💀😰🆘,😊😌💪,😌💪🌈✨,😌🙏💪🌟,🌈💪✨🌟,😊💚✨🙏,✨🌈💪,😊✨💚🌈🙏,🆘😰💀⚠️,😊✨💚🌟🌈,😊😌🌈,😊😌✨🌈,😔😞😢,😔😞💔,😔💔😞😢,😊💚🌈✨,💀🕳️⚠️,😔😞😢💔,😌✨🌈💚,💪💚🌈✨😊",0
n-1992,"😔💔😖,🌟✨😊,😔💔😞😣,😔😣😩,😊😌💪✨🌟,😊😌💪,😌💪🌟💚,😌💪🌈,💪✨🌈,😊💚✨🌈,😊✨🌈,😌💚✨,😊✨🌟💚,😣😩😞😔,😊💚🌟,😔😞😖😩,💪✨🌈😊,💪✨💚🌈😊,😌🙏💚✨,😊💪✨🌈,😊😌✨,🙏💚✨😊🌈,😊✨🌈,😊😌✨🌈,😊✨🌟💪,😊💪✨🌟,😌💪✨🌈,😊✨🌟💚,😌💚✨🌟,🙏💚✨,😊💚🌈✨,😊😌✨🌈,😊😌✨🌈,😊✨🌈,😊✨🌟,😊🌈✨,😊😌🌈✨,😊💚✨,😊💚✨,🚨⚠️🌑🆘,😌✨🌟💚,😊✨🌈,😊✨🌟,😊😌✨🌈,😊✨🌈💚,😊😌✨🌟,😊✨🙏🌈,😊💪✨🌈,✨💪😊,😊😌🙏✨,😊✨🌈,💪✨😊🌟,💪✨😌,😊✨🌈,😊✨🌈,😊😌✨🌈,😊😌✨🌈,😊🌟💚😌,💪✨😊🌈,😊😌✨🌟,😊🙏✨💚,😊✨🌈💚,😊😌✨🌈,🙏✨😊💪,😊😌✨🌈,😊✨💚,😊✨🌟🙏,😊😌✨🌟,😔😞😩,😊😌✨🌈,😊✨🌟,😊✨💚,😊✨🌟💚,😊✨🌈,😊😌✨,🌟✨💚😊,😊😌✨🌈💪,✨😊💚🌈,😊✨💪🌈,😔😞😣,😔😞😣,😢😔😞,😊✨🌈💪💚,😌💪🌈✨,😊🌟🌈😌,😊😌✨🌈,😊😌✨,😊✨🌈💪,😊✨💚🌟,😊✨🌈💚,😊✨🌈💚,😊✨🌈,😊😌✨🌈💚,😌✨💪🌈,😊✨🌈💪,😊💚✨🌟,😊🌟🌈,✨😊💪,😊✨🌟💚",0
n-2001,"⚠️😔😞😣,😊✨🌟,😊💚✨,😊😌🌟,😊🌟✨💪,😊✨💚🌟,🙏✨😊,😔😞😣😩,😊😌✨🌈,💔😔😞😢,😊😌✨💪,😊✨🌟,😊✨🌟💚,😊💚✨🌟🙏,😊✨🌟💚,😊✨🌟💚🌈,😊✨🌈,😊✨🌟,💪🌈💚✨,💪✨🌟🌈,😊✨🌈,😊✨🌟💚,😊✨🌟💚,💚✨🌈😊,😊✨🌟,😊✨🌟💚,💚✨😌🌟,😊😌✨🌟,😊💪✨,🌟✨😊💪,😊✨🌟,😊✨🙏,😊✨🌟💚🌈,😊😌✨🌈,😊✨🌟💚,😊💚🌟,😊✨🌟,😊✨🌟,💪✨🙏💚,😊🌈✨,😊✨🌟💚,😊✨🌟,😊😌✨🌟,😌💚🙏✨🌈,😊✨🌟,😊💪✨🌈,😊😌💪✨,😞😖😰🌑😣,😌💪🙏✨,😊💪✨🌟🌈,😊💪✨🌟,😔😢😞😩,😊😌✨🌈,😊✨🌟💚,😊✨🌟💚,😊😌✨🌟,😊😌✨🌟,😊✨🌟,😊💚✨🙏,😔💔😞😢,😔😞😢💔,💪✨🌟,😊😌✨🌟💚,😊✨🌟💚🌈,😊✨🌟,😌🌟💚🙏,😊😌💪✨,😊💪🌟🌈,😊🙏✨💚,😊😌✨,😊✨🌟💚,😊✨🌟💪,😊✨🌟,😊✨🌟💪,😊✨🌟💪,😊😌✨,😊✨🌈,😊✨🌟,😊😌✨🌟,😔😞💔,😊🌟🌈,😌✨🌟💚,😊😌💚✨,😊💪✨🌟,✨🌟💚,😊✨🌟,😊💚🌈✨,😊✨🌟,😊✨🌟💚,😊😌✨,😊😌💪✨,😊😌💪✨,😊😌💚✨,😊🌟💚🌈,😌✨🌈💚,😊✨🌟,😊✨🌈,😊😌✨🌟,😊💪🌟,😣😖😩😔💔",0
n-2003,"😊✨🌟💚,😊😌🌈✨,😊✨🌈💚,😊😌✨🌈,😊✨🌟🌈,😢😔💔🙏,😊✨🌈💪,😊💚✨🌟,😊😌🌟🌈,😌✨💚🌈,😊💚✨🌈,😊🌟💚🌈,😊✨💚,😌💪🌈😊,😊🌈✨,😊✨🌈,😊🌈✨💚,😊✨🌟💚,😊😌✨🌈,😊😌💚🌈,😊✨🌟💚,😔😞😩💔,😊😌💚🌟,😊😌✨🌟,😊✨💪,😊✨💚,😊✨🌈💚,😊✨🌈💚,😔😣😩,😔💔😢😞,😊😌🌟,😊✨🌟🙏,😌✨💚🌈,😊😌✨🌟💚,😊😌✨🌈,😌💪✨🌈,😔😞😢😩,😊😌✨🌈,😊✨🌈,😌😊🌟💚,😌💚🌈,😔💔😞😩,💪✨🌟😌,😔😣😩😢,🌟✨💚😊🙏,😌💪🌈✨,😔😞😢,😊😌✨,😌💚🌈,😊✨🌟💚🙏,💪✨😊🌟,😊✨🌈💚,😊✨🌟,😊😌✨🌈,🌟✨🙏💚,😔😢😞😣,😔😢😖😩😣,😔💔😢😞😣,🙏😌🌟💚,😔😢😩,😊✨🌈💚😌,😌💪✨🌈,😊✨🌈💚🌟,😌✨🌈💚,😊😌✨,😊😌🌟💚,😢😔💔,😖😩😣😔,😌💪🌈✨,😌💪🙏🌈,😔😞😢😣,🙏💚😌🌈,😊😌✨🌟,😢😔😞,😌💪🌈😊,😔💔😢😞,😊💪✨🌈,😊✨💚🌟,😊💚🌟🌈,😊💪✨,😊✨🌟,😔😢😣😩",0
n-2011,"😊✨🌈💚,😔😞😩,😊🌈💚,😌💚🌈🙏,😖😩💔😞😣,😌💪✨🌈,😊✨🌈,😊😌💚,😌💪🙏🌈,😊✨🌟💚,😊✨💚🌟,😊✨🌈💚,😊✨🌈💚,😊😌💚,😌✨🌈💪,😊✨🌟,😊✨💚🌈,😊😌💚🌈,😌✨🌟💚,😔💔😞😣,🚨⚠️😰🆘,😊✨🌈,😌💚🌟🙏,😊😌✨🌈,😊✨🌈💚,😌💪🌈🌟,😔😞😩,😊✨🌈💚,😌✨🌈💪,😊✨🌈,😌💪🌈✨,😊💪✨,😌✨🌟💚,😊😌✨🌈💚,😔💔😞,😊😌💚🌟,😊💪✨🌟🌈,😌💚🌈✨,😊🌟💚🌈,😌✨🌟,😔💔😢😞,🌟💪🌈😌,😊✨🌟🙏🌈,😊💪🌟🌈,😊😌💪🌟,😊😌✨🌈,😊😌🌟,😌✨🌟💚🌈,😌😊🌈,😌💪✨🌟,😊😌💪,🙏😌💚✨,😊✨🌈💚,⚠️😰🌑🆘,😊😌💪,😊💪✨🌈,😊😌💪,😊✨😌,😊💪🌈,😌💪✨🌈,😌💪🌈✨,😊😌✨💪,😊😌💚✨,😌✨🌟💚,😊😌✨🌈,😌💪✨,😢😞😣💔,😊😌💚🌈,😊✨😌,😌✨🌟💚,😊✨🌟,😔😞😖😩,😊💪✨🌟,😌💪✨🌟,😊💚✨,😊💚🌈😌,😌😊💪,😔💔😞😢,😔😞😣😩,😔💔😞,😊🙏🌈✨,😊✨🌈💚,😊💚✨🙏,😌💪💚🌈,😊💪✨🙏🌟,😊💚🌈,😊😌✨🌈,😌🌟💚,😊😌💚🌈,😌✨🌟💪,😊😌💚🌈,😢😔💔😞,😊😌💚,😊😌✨🌈,😊🌈✨😌💪,😌💪✨,🌟💚😌✨,😊😌🌈✨,😌💚🌈✨,😌🙏💚",0
n-2027,"😊😌✨,😊😌🌟💚,😊✨🌈💪,😊💚🌟🙏,😊😌✨🌟,😔💔😞,😊😌💚🌈",0
n-2029,"😊😌🌈💚,🌈😊✨,😊🌟💚😌,😊✨🌟💚,😊😌✨🌟,😌💚🌈,😌✨💪🌈,😊✨💚,✨😌💪,😊✨🌈💚,😔😞😣😩,😌✨🙏,😔😞💔😢,😊✨🌟💚🌈,😊💪✨🌈,😊🌈✨😌,😌✨🌈,😊✨🌈💚,✨🌈😊💚,😌💪🌈✨,✨🌟💪🌈,😢😞😔😣,😊💪✨,😊😌🌈✨,😌✨🌟💚,😊😌✨🌈,😊💚🙏,😊😌🌟🌈,💪✨🌈,😊😌💚✨🌈,😊💪✨🌈,😊🌈💚,😌💪🌈✨,😊💪✨🌟,😊✨🌈😌,😌😊🌟💚,😔😞😩😣,😊✨🌟💚,😊😌💪✨,😊✨🌈💚,😊✨🌈,😊😌✨💚,😊🌟💪,😊😌💪,😊😌✨🌟,😊💪🌟🌈,😊✨🌈💚🌟,😊😌💪,🙏💚🌈✨,😊💚🌟🌈,😊💚✨🌈😌,😊💚🌈,😊✨🌟,😊✨🌟💪,😊😌✨🌟,😊✨🌟,😊✨🌟💚,😊💚✨🌈,💚✨😌🌟😊,🙏💪✨🌟,😌✨🌈💚,😌💚🌟,😊✨🌟💚,😔💔😞😣,😊💚🌈,😊✨🌟,😊✨🌟💪,😊✨🌟,😊✨🌟💚,😊😌✨🌟,😊😌✨🌟,😊😌✨🌟,😔😞😢,😊🙏💚✨,😊✨💚🌟😌,😊✨🌈💪🌟,😰🌑⚠️🆘,🙏✨😊🌟💚,😌🌟💚,😊😌✨🌟,😊😌💚🌈,😊✨🌟,😊✨🌟💚,✨😊🌟,✨🌟😊,😊✨🌟,😊😌🌟🌈💚,😌💪✨,😊✨🌟,😊✨🌟,😊✨🌟,😊✨🌟,😊✨🌟💚,😊✨🌟💚,⚠️😰🌑🚨,😊✨🌈,😊🌈✨,😔💔😞😢,😊✨🌈,😊🙏💚✨",0
n-2036,"😌✨🌟,😰🆘⚠️,😊😌💚✨,😌🌈🙏✨,😊💚🌟,😌💪✨🌟,😊😌✨🌟,😊✨🌟💚,😊😌🌈,😊😌🌈✨💚,😢💔😔,😊😌✨🌟,💀⚠️😰🕳️,😊😌🌈,😊😌💪✨,😔💔😢😞,😊😌✨,😔😞💔,😊😌✨🌈,😔😞😣😖,😊😌✨🌈,😊😌✨🌟💚,😌✨💪🌟💚,😌✨🌈,😊✨🌟💚😌,😊😌💪,😊😌💪✨,😊✨🌟💚,😊💪✨,😔😞💔😢,😊😌✨🌟,🌑😰⚠️🕳️,😊😌✨🌈,😌✨🌈💚,😌✨🌟💚,😌🌈💚✨,😊😌✨🌈,😌💪🌈✨,🌈✨😊💚,😊✨🌟,😊💚🌈✨,😌✨🌟,😌✨🌈💚,😊😌✨🌈,😌💪🌈,😊💚✨,😌💚🌈,✨🌟😌💚,😔💔😢😞,😌🙏💚,😔💔😞,😊✨🌟,😌🙏✨🌈,✨🌟🙏💚,😊✨🌟,😔😞😣😖,😊😌✨🌈,😌🌈💚✨,😊😌💚🌈,😊✨🌈💪,🙏✨😊💚,😊✨🌟,😌😊💚🌈,😊😌✨,😊😌🌈,😔😞😩💔,😔😞😣😩,😊✨🌟,😌✨💪🌈,😊✨🌟,😌✨🌟💚,😊😌🌈✨,😊😌💪✨,😌✨🌈,😌✨💪🌈,😌💪🌟,😔😞😣😖,😌💪🌟🌈,😰🌑⚠️🕳️,😊😌✨🌟,🚨⚠️😰,😊🌟🌈💪,😔😞😩💔,😔💔😞,😰⚠️🌑😔,💔😔😞😣,😊✨🌟💪,😔😞💔,😊✨🌟💪,😌✨🌈💪,😊💚🌈,😔😞😣,😔💔😞,😔💔😞😩,⚠️🆘😰🚨,😊✨🌟,😊😌✨,😊🌟💚✨😌,😊😌✨🌈,😊😌✨🌈",0
n-2037,"😢😣😖😔,😔💔😞,😊😌💪,😣😖😩,😊✨🌈💚,😊😌✨💚,😔😞😣😩,😊✨🌈💚,😊💚✨🌟,😌💚😊🌟,😔💔😞,😊😌💪,😌💪✨🌈,😊😌✨🌈,😊💚🌈✨,😊✨🌈💚,💪🙏💚,😩😢😖😔💔,😊😌💚✨,😊😌✨🌈,🙏💚😌✨,😊💚🌈,😊💚✨🌈,😔😞😣😩,😌💪💚🌈,😊💚🌟,😊😌💪🌈,😰⚠️🆘🚨,😌💪✨🌈,😌💪🌈✨,😊💚🌈✨,😊😌✨,🚨⚠️😰🌑,😊😌🌟💚,😌💪✨,😢😔💔,😌💪🌟💚,😌💪🌈💚,😊✨🌈,😊✨🌈💚,😢😣😖,😊✨🌟,😊✨🌈💚,😊✨💪🌟,😊🌟🌈🙏,😔😢😩😞😣,😊🌟💚✨,😊✨💪🌟,😔😞😣,😔😞😩💔,😊😌💪,😊💪✨,😊🌟💚,😊✨🌈,😊✨🌈💚,😊🌟💚,😊🌈💚,😌💪✨,🙏✨😊💚,😊✨🌈,😊😌🌈,💪✨🌈,😞😣😖😩,😊💚✨,😊😌🌈💪,😊😌💚✨,😊😌💚✨🌟,😊✨🌈💚,😊😌💚✨,😌🙏💚,😊💚✨🌈,😊💪✨🌟,😊😌✨🌈,😊💚✨🌟,🚨⚠️😰🆘,😔💔😞,😊✨😌💪,😌🙏💪🌈,😊🌟😌💪,😌💪✨🌈,😢😔😞💔,😊💪✨🌈,😌💪🌟🙏,😌💪🌈,😌💪🌟🙏,😌😊✨🌈,😊😌💪🌈,😔😞😩,⚠️😰🆘💀,😊😌✨🌈,😊😌✨💚,🌈✨💪😊,😢😔😞😣😩,✨🌟😊💚🌈,😔😞😩😣,😰🌑🕳️⚠️,😔😞😣😩,😊😌💚,😔💔😣😞,😊😌💚✨",0
n-2038,"😌💪✨,🩸⚠️🚨💀",0
n-2040,"🙏💚😌🌈,😊😌💪,😊✨🌟,😌💪🌈✨,😢😔😞😣,😌💚🌈,😊😌🌈✨,😊😌✨🌈,😊😌✨🌟,😊💚🌟✨,😊😌✨🌈,😊😌💚🌟,😌✨🌈💚,😊😌✨🌈,😊✨🌟💪🌈,😊😌✨🌟,😊✨💚🌈,😊😌✨🌈,😊😌✨🌈,😔😞😣😖,😌💚🙏,😌💪🌈✨,😌💚🙏✨,😊😌🌈✨,😌💪🌈",0
n-2042,"😊✨🌟,😌💚🌟🙏,😔😩😰⚠️,🌈✨😌,😊😌✨🌈,😊😌✨🌈,😊✨🌟,😊😌✨🌟,😔😞💔,😊😌✨💚,😔😣💔,😊😌💪,😌💪🌟🌈,😊🙏✨💚,😊✨🌈,😌💚🌈,😊😌✨,😣😖😩😔,😔😞😢💔,😊🌈✨,😊😌✨🌈,😌💚🌈✨,😌💚🌈✨,😌🌈💚✨,😌💪🌈,😌💪✨🌈,😊😌🌟💚,😌✨🌈,😔😞😢😣,😌✨🌈💚,😊😌🌈,😌✨🌈💚,😌✨🌈,😊✨🌟💚,😊✨🌈,😊😌💚✨,😊😌✨,😌💪🌈✨,😊😌💪✨,😊🌟💚✨,😌✨🌟💚,😊😌💪✨,😌💚✨🙏,😊😌🌟💚,😊😌✨,😌🌟💚🙏,😌🌈✨,😊✨🌟💚,😌🌈✨,😊😌✨💚,⚠️😰🆘🚨,😊😌💚✨,😊😌✨🌈,😊✨🌈,😊😌✨,🌈✨🙏💚,😊😌🌈✨,😊✨🌟💚,😊😌✨,😊😌💪✨,😊✨💪,😊💚🌟🙏✨,😊💪✨🌟,😌✨🙏💚,😊😌✨🌈,😊✨🌈,😊😌✨🌈,😌💪🌟💚,😌✨🌟💚,😔😞🌑⚠️,😊✨🌟💪,😊🌈✨💚,😌💪🌈,😊✨🌈,😊✨🌈💚,😊😌✨🌈,😊✨💪🌈,😊✨💚🌟,💪✨😊🌈,😊😌💪✨,😊✨🌟,💚✨🌈😌,😊✨🌈,😊✨🌈💚,😊😌💪🌈,😊💚🌟,😊💪✨🌟,😊😌✨🌈💚,😊✨🌈💪,😌💪💚🌈,😊😌✨🌟,😊✨🌈,😊😌✨,🌈✨😌💚🌟,😊😌🌈✨,😊😌🌟,😔💔😣😩",0
n-2050,"😊😌✨🌈,😊✨🌈💚🌟,😊😌💪🌈,😔😞😖,🌟✨😊💚,😌✨🌟💚,😊✨🌈💚,😌✨🌈,😊😌✨🌈,😊😌💚✨,💚✨😊,😔😞😢😣,😊😌💚,😊😌💪,😊✨🌟🌈,😊✨🌈,😊😌✨,😊✨🌈💚,🌟✨😌💚,😊🌈💚,😌💚🌈,💀🚨🆘😰,😌✨🌟,😊✨🌟,😊😌💪✨,😊💪🌟🙏💚,😊✨🌟💚🌈,😊😌💪,😊✨💪,🌟✨😌,😊💪✨🌈,😌✨💪,😊✨🌟,😊😌💚,😊✨🌟💚,✨🌟😊💪,😊✨🌈💚,😊💚🌟,💚✨🌈😌,😊💚🌟😌,😌✨🌈💚,🌑😰⚠️,🌟✨😊,😊😌✨🌟,😊🌟💚,✨🌟😌💚,😊🌟💚,😊💪✨,😊✨🌟,😊😌✨🌟,😊😌✨🌈,😊😌💪,😊😌💚✨🌟,😊🌟💚,😌💪🌈✨,💀😰⚠️🌑,😌✨🌈💚,😔😢💔😞,😔😣😞😢,😊😌✨🌈,😌💪✨,😊✨🌟💚,😊✨🌟,😊😌✨,😊🌟💚,😊😌💚🌈,😔😞😢😣,😊😌🌈,😊✨🌟,😊😌💚🌈,😊💪✨,😌💚🌈✨,😊😌💚🌈,😊🌈💚,😌💪🌈,😊😌💪✨,😊😌🌈,😊😌✨🌈,😊✨🌟",0
n-2052,"😊😌💚✨,😊💚✨🌟,😊😌💪✨💚,😊😌💚✨,😊😌🌟💚🌈,😊😌✨💚🌟,😊😌✨🌟💚,😌💚🌈,😊😌💪✨🌈,😊😌🌈✨,😊✨💚🌈😌,😊✨🌈💚😌,😊✨💪🌟💚,😞😔💔,😊✨🌟💚🌈,😊✨😌,😊😌💪✨,😌🌈✨💚,😊😌✨🌈,😊✨😌💪,😊✨🌈💚😌,😊✨😌🌟💚,😊✨🌟,😊😌✨🌈,😊💚✨🌈,😊💪✨🌈,😊✨💪🌈,😊✨🌈💚,😊😌💪,😊✨🌈,😊✨🌟😌,🙏💚🌈😌,😊💪✨,😊💪✨🌟,😊😌💚✨,😌💪🌈💚,😊✨🌟💚,😔💔😞😩,😌✨🌈💚,😌✨🌟💚,😊✨🌟💚,😌✨🌈,😌✨💚,😌💪✨🌈,😌💪🌈,😌💪✨🌈,😊😌💪✨,😌🙏✨💚,😊😌✨🌟💚,😊😌✨💚,😊✨🌟,🙏💚😌💪,😊😌✨,😊😌💪✨,😌✨🌈💚,💔😔😣,😊😌💪🌈,😔😞😢💔,😊✨🌟💚🌈,😌💚✨🌈,😔😞😢😣,😊😌🌟💚🌈,😊😌✨🌟,😌💪✨,😊😌💚🌟,😊😌✨,😌😊✨🌈,😔💔😞,😌✨💪🌈,😊🌟💚,🌟✨🙏,😌💪✨🌈,😊✨🌟💚,😔😞😣💔,😊😌✨🌟,😊😌✨,😊😌✨🌈,😊✨🌟💪",0
n-2063,"😔💔😣😩,😊😌✨🌟💚,😊😌✨🌈,😊😌✨🌟,😊😌✨🌈,😔😞💔,😊😌🌈,😔💔😞,😌💚🌈✨,😊✨🌈💚,😖😩💔😞,😌✨🙏💚,😊✨🌟,✨💚🌟😊,😊✨😌🌟,😊✨🌈💚,😊💪🌈,😌💪✨,😊✨🌟,💪✨🌈😊,😖😣😩,😊✨💚🌈,⚠️😰🆘,🌑😰⚠️,😌✨🌈,😊✨🌈,😊✨🌈💚,😌✨🌈💚,😊💚🌈,😊✨🌈,😊😌🌈✨,😊💚🌟,😊🌟💚🙏,😌💪🌈✨,😌✨🌈💚,😔😞😢😣,😊😌🌈,😊😌✨🌈,😊😌✨🌈,💪🌈😊🙏✨,😊🌟💚,😊💚✨🌈,😊💚🌟,😊😌🌈,😌💚🌟,😌🌈💚,😌💪✨🌈,😩😞😔😰,😊😌✨🌟,😢😰⚠️,😊✨🌈,😌💚🌈✨,😊😌✨,🚨💀😰🆘⚠️,😌💪✨,😊🌟💚😌,😔😣😞😩,😌✨🙏💚,😊🌈💪✨,😌💪💚🌈,💪✨😌🌟,😢😔😞😣,😌✨🌈,😊💚✨🌈,😊😌💪✨,😔💔😞😣,😌✨🌈💚,😊✨🌈💚,😊💚✨🌈,😌✨🙏,🙏💚😌🌟,😊😌💚,😢😔💔,😣😖😩😞,😌💚✨🌈,😊😌💪✨,🌑😰⚠️🆘,😊😌✨🌈,😊😌💪🌈,😌💚🌟🙏,😔😞😣,💚✨🌈,😔😢😞,😔💔😞😢,✨🌈🙏,😊🌈✨,😊😌💚✨🌈,😌✨🙏💚,😊😌💚🌈,😊😌✨🌈💚,😊✨🌟,😊✨💪🌟,😌💪✨,🙏💚✨😊,😊🙏💚🌟,😌💪✨🙏,😊😌🌈,😰🕳️⚠️😖,😌✨🌟💚",0
n-2078,"😊😌💚✨,😊😌✨,😊✨🌈💚,⚠️😰🚨🌑,😊✨🌟💚,😊🌟💚,😊🌟💚🙏✨,😊🌟💚🌈,😊✨🌟,😊✨🌟,😊✨🌈💚,😌✨🌈💪,😊😌✨🌈,😊✨🌟🌈,😊😌💪🌈,😊😌💚🌟,😊😌✨,😊💪🌈",0
n-2079,"😊✨🌈💚,😊💪✨,😊✨🌟💪,😊💪🌟✨💚,😊💪✨🌟,😊✨💪,😊🌟💪✨,😊🌟💪✨,😊💪🌟,😊💪🌟✨,😊💪✨,😊✨🌟,😊💪🌟,😊🌟💪,😊💪✨🌟,😊💪✨🌟,😊💪🌟,😊💪🌟✨,😊💪🌟🙏,😊💪🌟,😊💪🌟,😊💪✨🌟,😊✨🌟💚,😊🌟💪,😊✨💪,😊💪✨🌟💚,😊🌟💪,😊🌟💪✨,😊✨🌟,😊✨🌟💪,😊💪🌟✨,😊✨🌟,😊✨🌟💪,😊✨💪,😊✨🌟💪,😊🌟💪,😊✨💪,😊✨🌟💚🌈,😊✨🙏🌟,😔😢😞😩,😌💪🌟,😊💪🌟✨,😊😌💪✨,😊🌟💚,😊😌💪,😊✨🌟,😊🌟💪,😊😌💪🌈,😊✨🌈💚,😊🌟💚,😊✨🌟,😊✨💪🌟💚,😊🌈✨,😊✨🌟,😊😌🌈✨,😌✨💪,😊🌟🙏,😌✨💚🌈,🌈✨😊😌,😊✨🌟,😊💚🙏✨,😌✨🌈,🌈✨😊,😊✨💚😌,😊😌🌈✨,😊✨🌟,✨🌟💚😌,🚨😰🆘,😢😰⚠️🆘,😊🌈💪✨,😊🌈💪✨,😊✨🌟💚,😔😞😩💔,⚠️🚨😰🌑,😊🌟💚✨,😊✨🌈,😊✨💪🌈,😊✨🌟💪,😊😌✨🌈,🚨⚠️😰🆘",0
n-2080,"😊✨🌟,😊✨🙏,😌💪✨🌟,😔💔😞😣,🌟✨💚,😊✨🌟,😌✨🌟,😔😞😣,😊😌🌟💚,✨💪🌈😌,😰🌑😩,😊😌✨,😞😔😣,😊✨🌟,😊💪✨🌟,😌🌈💪,😊💚🌈✨,😌💪✨🌈,😌✨🙏💚,😊✨💚🌟,😊💪🌟,😊🌈✨,😊✨💪🙏,😊💪✨,😊💪✨,😊✨🌟,😊😌✨🌈,😊💚🌟😌,😊💚✨🌟,😊😌💪✨,😊✨🌈💚😌,😌✨🌟,🌟💪😊🙏,😊💪🌈,😊✨🌈,😌✨💪🌈,😊😌💪✨,😊💪✨,😊💚🌟,😊😌✨🌟,😌✨💚🌟,😊✨💪🌟,😌✨🌟💚,😊✨🌟,😌💚🙏✨,💚✨😊🌟🙏,💪✨🌈,😊💚✨,😊🌟💚,😌💪✨,😌💪🌟✨,😌💪🌈,😊✨💚🌟😌,😢😔💔😞,😊✨🌈,😊💪🌟💚,😔💔😢😞,😌💪✨🌈,😊💪🌈✨,😊😌✨🌟💚,😌💪🌟💚,😔😞😢,😌💪✨,😔💔😞😢,😊😌✨💪,😔😞😢😣,😊😌💪,🙏✨😌💪,😊✨🌟💚,😊😌💚✨,😊😌✨💪,😊✨🌟💚,💪✨🌈😊,😌✨💚🌈,😔😞😣💔,😔😞💔😢,🙏✨😌💚,😊🌟💚,😊✨💚🌟,😔😞😩,😌✨🙏💚,😊😌🌟💚,😊💪✨🌈,😔😣😩😞,😌💪✨🙏,😌🙏💚✨,😔😢😞😣,😌✨🌟💚,😊😌✨,😔😞😣,😔😞😣,😊🌟💚,😌💚✨🙏,😌✨💚🙏,😊😌✨🌟,😊🌟💪🌈,😊😌💚,😊✨🌈,😊😌✨,🌟✨😌",0
n-2087,"😊✨🌟,😰😖😩⚠️,😊😌💚✨,😊💚🌟,✨🌟😊,😊😌💪🌟,🆘⚠️🚨😰,✨🌟😊💪,😌💪🌟💚,😊✨🌟,😔😞😩,😊💪✨🌟,😊💪✨🌈,💪✨🌈,😊💪✨🌟,😌💪🌈🙏,😩😔😞,😊✨🌟,😊💪✨🌟,🙏💚✨😌,😊💚🌟,😊✨💚,🚨⚠️😰🌑💀,😊✨💪🌈,😊😌💪,😊🌟💚,😌💪✨,😊✨🌟,😊😌💪,😊😌💪🌈,😊💪✨🌟,😌💪✨,😌💚🌈,😊😌💪🌈,😌💪🌈✨,🌟💪🌈,😊💪🌟,😊💪✨,😊🌟💚✨💪,😔😞😩,😊🌟💚✨,😔😞😩,💪✨🌈😊,😊😌💪✨,🌑😰🆘⚠️,😊💚🌈✨,😊💪🌈✨,😊🌈✨💪,😌💪🙏✨,😊💪😌✨,😊💪✨,😊💪🌟✨,😊✨🌟💚,😌💪🌈✨,😊😌💪,😊😌💪,😊💪✨🌈,😌✨💪🌈,😌💚🌈,😊😌💪,😊💪🌟,😊😌💪✨,😊😌💪,😊🌟💚😌,😊🌟💚,😊✨🌟💚,😊💪✨,😊✨🌟🌈,😊✨🌟💚🌈",0
n-2088,"😊😌💪,💪✨🌟💚,😊🌈✨,😌✨💚🌟,😊💪✨,😌💚🌈,😊💪🌟🌈,😔😞😣,😊💪🌟💚,😌💚🌟,😊💪✨🌟,😔😞😣😩,😔😢😞💔,😌✨🌈💚,😊😌💪✨🌟,✨🌟😌💚,😌🌟💚,😊✨🌟💪,😊💚🌈,😊😌💪🌈,😊💪🌈✨,😔😞💔😣,😊✨🌈💚,😊✨💪🌈,😊✨🌈,😊😌✨,😊💪✨🌈,😊✨💚😌🌟,😌💪🌈,🙏💪🌈,😊🌈✨,😊✨💪",0
n-2093,"😊✨🌟,😌💪🌟,😊🌟💚,😊💪🌈✨,😌💪🌟,😊😌💪,😌💪✨🌈,😊✨🌟💪💚,😊😌✨,😊✨🌟💪,😊✨🌟,😊✨🌟,😊💪✨🌟,😊😌✨,😌💪🌈,😊🌟💚😌,💪✨🌈😊,😊😌🌈,😊😌💪🌟,💊🚨🆘💀,😊✨💪🌟,💊🆘⚠️💀,😊✨🌟🙏,😊😌✨,😌💪🌈,😌💪✨,😌💪🌟🙏,😔💔😢,😊😌💪,😔😞😣,😊💪✨,😌💪✨🌈,😊✨🌟💚,😊😌✨🌈,😊💪✨🌟,😊✨🌈,😊😌✨,😊💪🌟,😌💪✨🌈,😌💪✨🌈,😊💪✨🌟,💚🌟✨😊💪,🙏💪🌟💚,😊✨🌟💚,😊💪🌈,😊✨🌟💚,😊😌💚✨,😊😌💪,😊🌟💚,😌💪🌟,😊💪✨🌟,😊😌💚✨,😊😌💪✨,😊✨🌟🙏,😊😌💪,😊😌✨🙏💚,😊🌟💚✨,😊✨🌟,😌💪✨,😊✨🌟,😊💪✨,😊😌💪✨,😊😌💪🌈,,😊💪✨,😊✨🌟💪,😌💪🌟,😊💪✨🙏,😌💪✨🌈,😌💪🙏,😌💪🌟,😊✨🌟,😌💪😊✨,😌💚✨🌈,💪✨🌟,😌💪🌈✨,💪✨🌟💚,😊😌✨,😊🌟💚🌈,😊🌟💚✨,😊😌✨🌟,😊🌟✨🌈,😊😌✨🌈,😊💚🌈,😊😌✨,😌💪🌈✨,😌💚🌈✨,😊✨💚,😊😌✨🌈,😊💪🌟🙏,😊✨🌟,😊✨🌟,😊✨🌟💚,😊😌✨💚,😌💪🌈,😊✨🌟,😊😌💪,😊💪🌟,😊😌💚,😌💪✨🌈",0
n-2095,"😊✨🌟,😊✨🌟,😊🌟💪✨,😊🌟💚,😔😞😣,🙏✨💚🌈,😊🌟💚,💪✨😊🌈,🙏✨💚😌,😊💚🌈✨,😊✨🌟,😊✨💪,💪✨😌🌟😊,😊😌✨🌈,😊🌟💪✨🌈,😊🌟💚✨,😊🌟✨🌈💚,😌💪🌈,😊😌💪✨,😊🌟💚,😊💪🌟,💪✨🌟,😊✨💪🌈,😊✨🌟,😊💪✨🌟,😌💪✨,😊✨🌈,😊✨💪,😊💚✨,🌟💪😊,😊😌✨🌈,😊✨🌈💚,😊🌟💚🌈,😊😌💪✨,🙏✨🌈😊,😊🌟💚,😊🌟💪✨,😊✨🌈,😊✨🌟,😊✨🌟,✨💪😊,😌💪🌈✨,😔😢💔😞,😊😌✨,😊💪✨🌟💚,😊✨🌟,😊💪✨,😌💪🌟💚,✨💪😌💚,😊💪✨,🌟💚😌✨,💪✨🌟,😊🌈💪,😊🌟💚,😊😌✨🌈💚,😌💪🌈,😊✨🌈💚,😊😌✨🌟,😊🌟✨💚,😊✨🌈,😊✨🌟,😊💚🌟😌,😊💚🙏,😊💪✨,😊🌈✨,😊😌✨🌟,😊✨💪,😌💪🌟💚,😊💪🌟🌈,⚠️😰🚨🌑,😊😌✨,😊✨🌈,😊✨🌈😌💚,😊✨🌟,😊💪🌟,😊💚🌟,😊✨🌈💚,😊😌💪✨,😊✨🌟,😊✨🌟,😊✨🌟🌈,😊✨💚🌈,😊✨🌟,😌🌈✨,💪✨🌟🙏,😊💪🌟,😊😌✨🌈,😊✨🌈💪,😊✨🌟,😊✨🌟,😊💪✨🌟,😊✨🌟💚,😊✨🌈,😊😌✨🌟,😊😌🌟💚,😊✨🌟,😊✨🌈,😊✨🌈💚,😊✨🌟🙏,😌✨🌈💚",0
n-2097,"😊✨🌈💚,🌈✨😊💚,😔😞😢😣,😊✨🌟,😊✨💚,😊😌✨,😊😌💚✨,😊😌💪🌟,😔😞😣💔😢,😊✨🌟🙏,😊✨🌟💚,😊🌟✨🙏,😌✨🌟💚,😊💪✨🌈,😊💪✨🌟,😔😞😩💔,🚨😰🆘⚠️,😊💪✨🌈,🚨⚠️😰🆘,😰🌑⚠️🆘,😊😌💚✨🌈,😌💚🌈✨,✨🌟😊💪,😔😞😣,🚨🆘😰🌑⚠️,🔪😰⚠️🆘,😊😌✨🌈,😊✨🌟,💔😞😔😣,😌💪🌈💚,😌💪🙏🌈,😢💔😞😔,💔😢😞😔,😌😊✨,😊✨🌟💚😌,😔😞😢,😔💔😖😩,😊✨🌟💚🌈,😊😌🌟💚,💪✨🌟😊,😰🆘⚠️🚨,😊😌✨,😊😌✨💚,💪✨🌟,😔😞😢,😊😌✨🌈,😔😰🌑⚠️,😊✨🌈💚,😊😌🌈✨,😊😌✨,😊😌✨🌟,😔😢😞,😊😌💚🌈,😊😌🌟💚,😊✨💪🌟,🚨🆘💀⚠️😰,😌💚🌟🙏,⚠️😰🆘😔,😊💪✨🌈,🆘⚠️😰🚨,😊💚✨🌈,😰🆘⚠️,😊💪💚,😊💪🌈,🚨⚠️🆘😰,😊💪✨🌈,😌💪✨🌈,😊😌🌟💚,😊🌟💚😌,😊✨🌟💚😌,😊💚🌈,🆘⚠️🚨😰🌑,😔😞😣,😔😞😣,🆘⚠️😰🚨🌑,😌🙏🌈,😌✨🙏,😌✨🌈,😊💚🌈,😌💪🌈✨,😊💪🌈✨,😊😌💪✨,😊😌💪✨,😊😌💪✨🌈,😊😌✨🌟💚,😊✨🌟💚,😊✨🌟,😊✨💪,😊🌟💚🙏,😊😌💚🌈,😌✨🌈,😊😌💚🌈,😊😌💚🌈,😊😌✨🌈🌟,😊😌💪🌈,😊😌💪,😊✨💪🌟,✨🌟😊💪",0
n-2104,"😌✨🙏💚,😊✨💚🌟,😊💪✨,😊💪🌟,😊💪🌟,😊💪🌟,😊🌟💪🌈,😊😌✨,😊💪🌟,😊💪🌟,😊💪✨🌟💚,😊🌟💪✨,😊✨🌟💚,💪✨🌟💚,😊💪✨🌟,😊💪✨🌟,🌟💚🙏✨,😊✨🌟💪,💪✨🌟💚,😊💪🌟,💪✨🌟,😊😌💪,💪✨🌟,😊💪✨🌟🌈,😊😌✨🌈,✨🌟😌,😊✨🌟💪,😊💪🌟,😊💪✨🌟,😊💪🌟,😊💪✨🌟,😊✨🌟,💪✨🌈,😌✨🌟💚🙏,😊💪🌟,✨🌟💪,😊💪🌟💚,🌟💪😊✨,😊💪🌟,😊✨🌟💚,😊💪✨🌟,😊💪✨🌟,😊🌟💪,😊🌟💚,😊✨🌈💪,😊💪🌟,😌💪🌈,😊💪✨🌟,😊😌✨,💚🙏✨,😊😌✨,😊🙏💚🌟,😌💚🌈✨,😔😞😩💔,😊🌟💚,😊✨🌈💚,😊✨🌈💪,😊✨🌈,😊✨🌟💪,😊😌💪✨,😊😌✨🌈,😊💪✨🌟💚,😔💔😞😣,😊✨🌟💪💚,😊💪✨🌟,😊💚✨,😊✨🌟💪🌈,😊🌟💪🌈,😌✨🌈,😊💪✨,💪✨🌟,😊💪🌟,😊💪✨,💪✨🌟😊,💪✨🌟💚,🌟💪✨,😊💪✨,😊✨🌟💚🌈,🚨⚠️😰🕳️,😊✨🌟,😊💪✨,🌟💪🌈😊,😣😖😩,😊✨🌈💪,😊💪✨,😊💪🌟🙏,😊💪✨,😊💪🌈,😊💪🌈,😊✨🌟💪🌈,😊💪🌟✨,😊💚🌟😌,⚠️😰🌑,😊😌✨,😊💪✨🌟,💪✨🌟,😊✨🌟💪💚,😊✨🌟,😌✨🌈,😌💪✨🌟",0
n-2106,"😊✨🌈,😊💚🌈✨,😊😌✨,😔💔😢😞,😊💪🌟🙏,😊✨🌟💚,😊😌💪✨,😌💚🌈✨,😊😌💚,😊😌💪✨,✨🌟💚😌,😊😌💚✨,😊😌💪✨,😊😌💪✨,😌💪🌟🙏,😊😌💚✨🌟,😊😌💚🌈,😌💚🙏,😊✨🌈,😊😌💚✨,😊💚🌈✨,😊💚🌟🙏,😊💪✨🌟💚,😊😌💪✨,😊😌💚✨,😊😌💪✨🌟,😊😌💪🌟,😊✨🌟,😌💚🌈,😔😞😣😩,😊😌💚✨,😌✨💚,😊😌💪,😊💚✨🌟,😌💪✨🙏,😊🌟💚✨😌,😊😌🌈✨,😊😌✨🌈,😊✨🌈💪,😊😌💪✨",0
n-2107,"😊✨🌈💪,😌✨🙏🌈,😣😖😩😞,😌✨🌈💪,😊✨🌈,😊🌟💚,😊🌟✨,,💪✨🌟,😊😌💪✨🌟,⚠️🚨😰🌑💀,😊✨🌈💚,😊😌💚,😌💪✨🌈,😊😌💪✨🌟,😊✨🌟,😊😌💚🌈,😊😌💪✨,😔😞😣😩,😊💪✨,😊✨🌟💚,😔💔😞😩,,😔💔😞😢,😌💪🌈,😌✨😊🌟,😊✨💚🌈,😔😢💔,😊✨🌟,😊😌✨,😊😌💪,😊😌✨🌈,😊😌✨,😌✨💚🌈,🌈✨💚🙏,😌💚✨,😊🌟🌈💚,😊✨🌈,😊😌💪✨,😊😌✨,😊✨🌈💚,😔😞😢😣,😔😞😢😩,😌✨🙏💚,😔😞😣💔,😰🌑🕳️,😔😞😖😩,😊😌✨,😊💚🌈✨,😌💚🌈,😔😞😣😩,😔😞😩,😔😢😞,😌💪✨🌟,💪✨🌟😌,😌✨🌟💚,😊😌✨🌟,😌💪✨🌈,😊🌈💚✨,😊😌✨🌈,😌💪🌟,💪✨🌈🙏,😌✨🌟,😊😌💪🌈,😊✨🌟,😊😌✨🌟,😊🌟🌈💚,😊😌💚🌈,😌💪✨🌈,😔😞😢😣,😊✨🌈,😊✨🌟,😊😌💪,😌✨🌟,💚🙏🌈✨😌,😌💪🌈✨,😊✨🌟,⚠️😰🌑🚨,😌💪✨,😌💪🌈,😊😌✨🌈,💪✨🌟,😌💚🌟,😔😞😩,😔😩😞😣,😌💪✨,😌🙏💚✨,😢💔😔😞,😊✨🌟,😊💪🌈,😊💚✨🌈,😔😞💔,😔😢😞,😊😌✨,😊😌✨💚",0
n-2117,"😊😌✨,😊✨💪,😊💪🌟,😊✨🌈,😌💪🌟🙏,😊😌✨,😌💪🌟,😊😌✨,😊🌟💚✨,😌✨💪,😌🌟💚✨,😊🌟💚,😊😌💚✨,😊💚🌟🌈,😊💪🌟🌈💚,😊💚🌈,😔😞💔😣,😌🌈✨🌟,😊🌈✨💚,😊😌✨🌈,🌈✨😌💚🌟,😌✨🌟🌈,😊💪✨,😊🌟😌💪,😊💪🌈✨,😌🌟🌈💪,😌💚🌈,😊✨💚🌈,😌✨🌈,😊✨💚🌈,😊🌟💚,😊✨🌟💚,😊😌✨🌈,🌈✨😊😌,😔😞😩💔,🌟💚😌✨🌈,😊😌✨,😊✨💚🌈,😊😌✨🌟,😊✨🌟💚,🌈✨😊💚,😌💪🌈,😊😌✨🌟💪,😔😞😩😣,😌✨🌟💚,😊😌💪🌈,😌🌈💚✨,😊✨🌟,😌💚🌟✨,😌💪🌈✨,😊💚✨,😌💪🌟💚,😊😌✨🌟,😊💪✨🌈,😌✨🌟,😊😌✨🌟,😞😣😰,😊✨🌟💚,🌟✨💚😌🙏,😊😌✨🌈,😊😌✨🌈,😌✨🌟,😊😌💪✨,😊😌✨🌟,😌✨🌈💚,🌑😰⚠️,🌟😌💚✨,😊✨🌟🌈,😌✨🌈,😊🌟💚✨😌,😊😌✨🌟💚,😌💪🌟,😌✨💚,😌✨🌟,😊💚✨,😊😌✨🌟,😊😌💪✨,😌✨🌈💚,😊✨🌟💚,😊😌💪✨🌟,😌✨🌟💚,😌✨💚🌈,😊✨🙏💚,😌✨🌟💚,😌✨🌈💚,😔😞💔😢,😌✨💪🌈,😊✨🌟,😌💪✨🌈,✨💚💪🌈,🌟💚😌🙏,😌✨🙏💚,😌💪🌟🙏,😌✨💚,😊😌✨💚,😌✨🌟💚,😌✨💪🌈,😌✨🌈💚,😊😌🌟💚,😊💪✨🌈",0
n-2121,"😊😌💚,😔😞😩,🌟✨😌,😊💪✨,😊✨🌟,💚🌈✨,😊😌💪🌈,😊🌟💚,✨🌟💚😊,😌✨💪🌈,😌✨🌟💚,😊🌟💚,😌✨🌟,😌💪✨,✨🌟💪🌈,😌💪🙏,😊😌✨🌈,😊✨🌈💚,😊🌟💚,😊✨💚🌈,😊✨🌟💪,😊✨🌟💚,😊✨🙏🌈💚,😊✨🌟,😊✨🌟,😌💪🙏✨,😊🌟💚,😊🌟💚,😊✨🌟,😊✨🌟🌈,😊✨🌟,😊💪✨🌈,😌💪🌟🌈,😊✨🌟🌈,😊😌💪✨,😊😌🌈,😊🌟💚,😊😌💪✨🌟,😊✨💪🌟💚,😊✨🌟💚,😊😌✨💪,😊✨🌟,😊💚✨😌🌟,😊✨🌟,😊✨🌟,😊✨🙏,😊💚🌟,😊✨🌈💪,😊✨💪🌟,😌💪🌟🙏,🌈✨💚😌💪,😊🌟💚,😊✨💪🙏💚,😊😌✨🌈,😊💪✨🌈,🙏💚✨,😊✨🌟,😊😌💪✨,😊✨💪,😊✨🌈,😊🌟💚😌🌈,😊🌟💚🌈,😌💪🌈,😔💔😞😢,😊😌✨,✨🌟😊💚,😌💪✨🌈,😊✨🌈💚,😊😌✨💚🌈,💪✨😊💚🌟,😌💪✨🌟,😌💪🌈,😊🌟💚😌,😊😌✨🌈,💚🌈🙏,😌💪🙏,💚✨😌🌟,😊💪🌈✨,😌💪🌟🙏,😊😌💪🌈,😊😌💪✨,😊😌✨🌈,😊😌💪,😊💚🌈😌💪,🌟✨😊💚,😊✨💪🌈,😌💪🌈,😌💪✨🌈,😌💚🌟🌈,😌🌟💚🌈,✨🌟😊💚,😊😌🌈,😊✨🌟,😊✨🌈,😊💚🌟,😊💪🌟✨,😊💪✨🌟",0
n-2129,"😔😞😣💔,😊💚🌈✨,😔😞😖😩,😊💚✨,😊😌💚✨,😊✨💚🌈,😊😌✨🌈,😊😌✨🌟,💚✨😊,😊💚✨,😊💚✨,😌💪🌈💚,💚😊🙏✨,😔😢😞,😊😌✨💚,😢😔💔😞,😊😌✨,😊✨🌈,💚✨🙏,😊💚🌟,😌💚✨😊,💪✨💚🌟,😊✨💚,🌟✨😌,😌💪🌈✨,😢😔💔😞,😔😖😩,😊✨🙏,😊💚✨🌟,😌💚🌈✨,😊✨🌈💪,😊😌✨🌈,😊✨🌈,😌💚🙏,💔😔😞😢,😊✨💚🌈,😊😌💪✨,😌🙏✨,😔😢😞😩,😊💚✨,🌑😰⚠️,😌🙏💚,😌💪✨🌈,😔😞😣,😔😢😞,😊😌💚🌈,😊🌟💚,🌑😰⚠️😞,😊😌✨💪,😊✨💚🌈,😊✨🌈,✨🌟😊💚,💔😔😞😢,😔😢😞,😌💚🌟,😊😌✨,😌💚🌈🙏,🌟💚😌✨🙏,😔😞💔,😔😢😞,😊😌💚✨,🌑😰⚠️,😩😔💔😢,😊😌🌈,😊✨💚,💀😰🌑🆘,😌💪🌟💚,😔💔😢😞,✨🌟💚😊,😊😌✨💚,😊😌💪✨,😊😌💪🌈,😊✨🌈,😢😔😞😣,😊✨🌟,😔😣😩,😌💚✨🙏,🌑😰⚠️😖,😔😣😩,😌💪🌈✨,😌✨💚🌈,😌😊💪,😊😌💪,💪✨😊🌈,😊😌✨🌈,😔😞😢,😔😢😞💔,😊🌈✨,😌💚🌟,😌💪✨🌈,😔😞😩,😊✨🌈,,😔😢💔😞,😊💚✨,😔😞😣😩,💚🙏😌✨,😊😌✨,😔💔😢😞,😌✨🌈",0
n-2130,"😊✨🌈,😊✨🌟💚,😊✨🌟,🌟✨🌈💚,😊✨🌈,✨🌟🙏💚,😊✨🌈💚,😊✨🌟🌈,😊✨🌟,✨🌟🙏,😊😌💚✨,😊🌈✨💚,😊😌✨🌈💚,😌💪🙏✨,😊😌✨🌈,😊🌟💚✨,😊✨🙏,😊🌟💚,😌✨🌈,😊✨🌈💪,😊😌✨🌈,😊✨🌈💪,😊✨🌟,🙏💪✨😊,😌💪🌟,😊✨🌈,😊😌✨,😊✨🌈,😊😌✨🌈,😊🌈✨💚,✨🌟😊💚🌈,😌💪✨🌟,😊✨💚🌈,😌✨🌟🌈,,😊😌💪✨,😊😌✨🌈,😊✨🌟🙏,😊✨💪,😊😌🌟💚,😊😌✨🌟,😊✨🌟🌈,😊✨🌟,🌈✨😌💚,😊😌✨,😊🌟💚,😊💚✨🌈,😊🌈✨,😊✨🌈,🌈✨😌💚,😔😞😩😣,😊✨🌈💚,😊✨🌈💚,😊🌈✨,😊😌🌟🌈,😊✨🌈💚,😊🌈✨🙏,😊🌈✨,😊✨🌈💚,😌✨🌟💚,✨🌟🙏,😌🌟✨,😊😌💪,😌💪🙏,,😊✨🌈💪,😊😌🌈✨,😔😞💔,😊✨🌟,😊😌🌟,😊💪🌟,😊💪🌈,😌💪✨🌈,💪✨🌟,💪😌🌟🙏,😌💪🌟🙏,😊😌🌟💚,😊😌✨🌈,😊😌✨🌟💚,😌✨🌟,😊✨🌟,😊😌💪✨,😊😌✨🌈,😊😌✨🌈,😊🌟🌈,😊😌🌈✨,😊😌🌈,😊😌✨🌈💚,😊😌🌟💪,😊✨🌈,😊😌✨🌈,😌🌟🙏💚,😌💪🌈,😊😌✨🌈,😊✨🌈,😊✨🌟,😌✨🌟,😊😌✨,😊🌟💚,😊🌈✨💚",0
n-2136,"😔😞😣💔,😊🌟💚,😌✨💪,✨🌟😊💚,😊🌟🙏,😊😌💚,😔😞😣💔,😊✨💚,😊😌🌟,😊😌💚,✨💪🌟😊,😌✨🌟💚,😊✨🌟💚,😊✨💪,😊✨🌟💚🙏,😌💚🌈✨,😊✨🌟💪,😊✨🌈💚,😌✨🌈💚,😊😌✨🌈,😊✨💪,😌✨🌈,😊💪✨🌟,😊✨🌈,😊✨🌈,😊😌✨🌟,😊😌🌟💚🌈,😊🌟💚,😊😌✨🌟,😊😌✨🌈,😊💪✨🌈,😊✨🌟💚,😊✨🌟,😊✨🌟💪,😊✨💪,😊✨🌟💚,😊🌈✨,😊💪✨,😊✨🌟💚,😊💚✨🌟,😌😊💪✨,😊✨🌟💚,😊😌✨,😊✨💚🌈😌,😊✨🌟💚,😊✨💪🌈,😊😌✨🌈,😊😌✨,😊✨🌟,✨😊🌟💚,💪✨😌,😊💪✨🌟,😊✨💪🌈,😊✨💚,😔😢😞,😊😌✨🌟💚,😌✨🌈💪,😊😌✨,😊✨💪🌟,😊✨🌈💚,🌟✨😊😌💚,😊😌✨🌟,😌💪🌟,😊✨🌈,😊✨🌈,😊😌🌈,😊😌✨💚,😌💚🌈✨,😌😊✨🌈,😊😌🌟💚,😊😌✨,😔💔😞😩,😌✨🌈💪,😌💚✨🌈,😊😌💪✨,✨😊🌈💚,😊✨🌈,😊✨💪🌟,😊✨🌟,😊💪✨,😌💚✨🙏,✨😊💪🌟,😌✨💪,😊🙏💚,😌😌😌,😔😞😩,😊✨🌟💪🌈,😊😌💪✨,😊😌✨🌟,😊✨🌈💚😌,😊✨🌟,😊💪✨,😌💪🌈💚,😊😌✨🌟,😌💪🌈,😔😞😩,😌💪✨,😊✨🌟,😌💚🌈,😊✨🌟💚",0
n-2140,"🌟💚😊🌈,😊😌🌈,😌✨🌟💚,😊✨🌟,😊😌💪✨,😊😌💚🌈,😊✨🌈,😌✨🌟,😊✨🌟,😊😌🌟,😊😌💚✨,😌😊✨,😌💚🌟🙏,😔😢💔,😌✨🌟💚😊,😊😌💪,😞😔😣,😌💪✨🌈,😌💪🌈✨,😌💪🙏",0
n-2144,"😊✨🌟💪🌈,😊🌟💚🌈,😊😌💪✨🌟,😊😌💪✨,😔😞😣,😊💪✨,😊✨🌟💚,😊💪✨🌟,😊💪🌟,😊💪✨,😊✨💚🌟,😊✨🌟,😊😌✨🌟,😊🌟💚✨🙏,🌟💚😊,😊💪✨,😊💚✨🙏,😊🌟💚,✨🌟😊💪,😊😌💪✨,😊💚🌟,😊✨🌟💪,🌟💚🙏✨,😊😌✨🌟💚,😊😌💪✨,🌟💪😊,🌟🙏💚✨,😊✨💚,😊💪✨🌟,😊✨🌟,😊✨🌟,😊✨🌟💚🌈,😊🌟💚✨,😊💪✨🌈,😊💪✨🌟,😊💪🌟,😊💪✨🌟,🌟✨💪😌,😊💪🌈,😊😌💪✨🌟,😊💪✨🌟,😊💪✨🌟,😊😌💪✨🌟,💪✨😌🌟💚,😊😌💚🌈,😊✨🌟💚,😊🌟💚🙏,😊💪🌟✨🌈,😊😌✨🌟💪,😊💪✨🌟💚,😊🌟💪✨,😊💪✨🌟💚,😊✨🌟💪,😊💪✨🌟,😊💪✨,😊💪✨,😊💪✨🌟🌈,😊✨🌟,😊😌✨🌟💚,😊💪✨,😊💪✨,😊😌🌟,😊✨🌟💪🌈,😊✨🌟💪🌈,😊🌟💪,😊💪✨,😊💪✨🌟,😊💪✨🌟,😊💪✨🌟,😊💪✨🌟💚,😊✨🌟,🌟💪😊✨,😊✨🌟💚,😊😌💪✨🌟,😊✨🌟,😊✨🌟💚,✨🌟💚😊,😊🌟💪✨🌈,😊✨🌟,😌💪🌟✨,😊💪✨🌟,😊✨🌟,😊💪✨🌟,😌💪🌟🙏,🌟💚😌🙏,😊✨🌟,😊💪✨,😊✨🌟,😊💪🌟,😊✨🌟💚,😊💪✨🌟,😊💪✨🌟💚,🌟✨😊💚,😊😌💪✨,✨🌟💪😊🌈,✨🌟💪,😊💪✨,😊💪🌟💚,😊💪✨🌟,😊💪🌟",0
n-2148,"😊✨🌈💚,😊💪✨,😊💪✨🌟,😊💚✨🌈,💚✨😌,😔😞💔😣,😊💚🌈✨,😊💚🌟😌💪,😊💚✨🌟,😔💔😞,😊💪✨🌟,😊✨🌟,💪✨🌟,😊✨🌟💪🌈,😊💚✨🌈,😊💚🌟,💪✨😌,😊💪✨,😌💚🌈,😊💪✨🌟,🙏💚😌✨,💪✨💚🌈,😊😌💪,🌑💀😰🆘,😌✨🌈💚,💚✨😌,💪✨🌈,😌🌟💚🌈,😰😖🌑😣,😊😌✨,😊✨🌈,😊💪✨🌟,😊✨🌟,😌💪✨,😊😌✨🌈,✨🌟😌,🙏✨😌🌈,😊✨🌈💚,😊😌✨🌈,😌🌟💚🌈,😊✨🌈💪🌟,😊✨🌈💚,😊🌈💪,😊💪🌟🌈,💪✨🌟,😊✨🌈💚,😊😌✨🌟,😊🌟💚,😊🌈✨💚,😊✨🌟,😊💪🌈✨,😔😞😢💔,💪✨😌,😔😞😢,😌💚✨,😊😌✨🌈,😊💪✨,😊🌟💚,💪😌🌈✨,😌💪🌈✨,💪✨🌟😊,😔😣😖😩,😊✨🌟,😊🌟💚🌈,😊💚🌈,😊💪✨,😊✨🌟💚,😊💚🌟,😊💪✨🌈,😊🌈💚,😊😌✨🌈,🩸😰⚠️🆘,✨🌟😊💚,💪✨🌟💚,😌✨🌈🙏💚,😊😌✨🌟,😊😌✨🌈,😊😌🌟💚,😔😞😣😖,💪✨🌟,😊💪✨,😊✨🌟,🌈💪✨😌,😊😌💚🌈,💪✨😊🌟,🌑😔💔😞,🙏💪🌟,🌟💚😊,😊💚✨,🙏✨💚😌,🌟💪🌈,✨🌟💚,😌✨🙏,😊💪✨,😊💪✨🌟,😊💪✨,😊🌟💪🙏,🆘⚠️💀🌑,😊😌✨",0
n-2157,"😊✨🌈,😊🌈✨,😊✨🌟,😊😌✨🌟,😔😞😢😣,😌💪✨,😊🌟💚,😊✨🌟,😌💪✨🌈,😊💪🌟",0
n-2158,"✨🌟😊,😊✨🌟💚,😌💪✨🌟,🌟💚😊,😊✨💚😌🌟,🌟✨😊💚🙏,😊💪💚🌈,😊💚🌟🌈,😊😌✨🌟💚,😊😌💪✨,🌟💚😊✨🌈,😊✨🌟,😌💪🌟💚,✨🌟😊💚🌈,😊✨🌟,😊🌟💚✨,😊✨🌟💪,😊😌💪✨🌟,😊🌈✨💚,😊✨🌈",0
n-2163,"😊🌟💪✨,😊✨🌟💪,😊🌟💪,😔💔😢,😊🌟💪✨,😊🌟💪,😊✨🌟,😊✨🌟,😊✨🌟,😊🌟💪✨,😊✨🌟,💔😔😞,😔💔😞😩😢,🚨⚠️🌑💀,😔💔😞😢,😌✨🌈💪,😊✨🌟,😌💪✨🌟,😊🌈✨,😊😌✨,🌟💪🌈💚,😌✨🌈,💪✨🌈😌,😔😞😩,😊😌✨🌟💚,😊😌🌟💚,😊✨🌈,😌✨🌈💚😊,😔😞😩😣,😊🌟💚,😊💚🌈✨,😊🌟💚,😊✨🌟💚,😊😌💚🌟,😔😞😣,⚠️🚨😰,😊💚🌈✨,😊🌟💪,😊✨🌈,😊✨🌟,😊🌟💪,😊✨🌟,😊🌟💪,😔😞😢,🚨⚠️😰🆘,✨🌟💚😊🌈,😌💪🌟,😌✨🌟💚,😊✨🌈💪,😊✨🌟,😌✨🌟🙏,😌✨🌈💚,💪✨🌟,😊✨🌟,😌💪🙏💚,🌟✨😊💚,😌💪🌟,😊✨🌈,😊✨🌟,😊✨🌟💪,😊✨🌟💪,😊✨🌟💪,😊💪🌟✨,💪✨😊🌟,😊😌💪✨,😊😌💪🌈,😊😌✨,💊🆘⚠️😰💀,😊✨🌟,😔😞🌑,😊😌💪🌈,😊😌✨🌈,😌💪🌟😊,😊😌✨🌟,😊💪✨,😌💪🌟,😊😌💪,😌✨🌟💚,😌💪✨🌟,😊✨🌟💚,😊✨🌟,😊✨🌟,😔💔😞,💔😔😞,😊😌✨🌈,😊✨🌟💪,😊😌💚,😊💪✨🌟,😊😌🌟💚,😊💪✨🌟,😊✨🌟,🌟✨😌💚,😊✨🌟🌈💪,😊😌🌈,😌💪🌈,😊✨💪,😌💪🌈✨,😊😌💪✨,😔💔😞,😰🌑⚠️🚨",0
n-2169,"😊✨🌟,😌💪✨🌈,😌💪🌟🌈,😊💪✨,😊😌✨🌟,😊✨💚🌈,😊✨🌈,😊😌✨,😔💔😞😢,😊✨🌟,😊✨🌟💚,😊💚🌟✨,😌💪🌈,😊😌💪✨,😊✨🌈💪,😊😌🌈💪,🌟😌✨🙏,😌💪🌈,😌😊💪✨,😔😞😩,😊😌💪✨,😌💪🌈💚,😌💪🌈,😌💚🌈🙏,😔💔😢,⚠️😰🌑🚨,😊💪🌈,😔😞😣,😊💚✨,😔😞😢😣,😩😔😞😣,😊😌🌟💚,😞😔😩💔,😊✨🌈💚,😌💪🌈,😊😌✨🌟💚,😔😞😩,😌✨🙏,😌✨🌈,😊😌✨🌈,😊💚🌈,🙏💚✨😌,😊😌✨🌈,😊😌🌟,😊✨💪🌈,😌💪🌈,😊✨🌟💚,😊✨🌟😌💚,😊✨🌟💚🌈,✨😊💚🌟,😊😌✨🌈,😌✨💪💚,😊✨🌈,😊🙏✨,😊✨🌈,😔😞😣,😌💪🌈,😊😌💚🌈,😌💪🌈✨,😌💪🌟🌈,😌💪🌈✨,😊✨🌟,😊✨🌈💪,😊😌✨🌟,😊😌✨🌈,🌟✨💪💚,😊💪✨🌟,😊✨🌟💚,😊😌✨🌟,😊😌💚,😊😌✨,😊🌟💚,😊😌✨,😊😌🌈,😊🌟💚,😊😌💚✨,😊✨🌟💚,😊✨🌈💚,😊😌💪✨,😌💪✨🌈,😔😣😖😩,😊🌈✨💚,😊✨🌈,😊✨🌈,😌✨🙏💚,😌🙏💚🌈,😩😔😞,😊✨🌈💪,😊✨🙏🌟,😊✨🌟💪,😊💪✨🌟,😊💪✨🌟🌈,😊😌✨🌟,,😊🌟💚✨,😊😌✨🌈,😌💪🌟,😊💚✨,😌💪🙏💚,😌✨💪🌈",0
n-2174,"😊🙏✨💚🌟,😊😌💪✨🌟,😌💚🌈✨,😊💚🌈💪,😊✨🌈💚,😊😌💪✨,😊😌💪✨,😊😌💚✨,😌🌟💚,😊😌💚✨🙏,😌✨🌟💚,😊😌💚🌈,😊🌈💪✨,😊😌💪✨,😊😌💚🙏,😊😌💚🌈,😊💚✨🌟,🙏✨😊💚,😌💪✨🙏,😊💪✨,😊✨🌟💚,😊🌟💚😌,🚨⚠️😰🌑",0
n-2191,"😊🌟💪,😊🌟💪,😊✨🌟,😊🌟💪✨,😊🌟💪🌈,😊🌟💪,😊🌟💪✨,😊✨🌟💪,😊🌟💪✨,😊✨🌟💚,😊😌💪✨,😊🌟💪✨,😊✨🌟💚,😊✨🌟,😊✨🌟💪,😊💪✨🌈,😊🌟💪✨,😊✨🌟,😊✨🌈💪,😊✨🌟🙏,😌✨🌈💪,😔💔😞,😊✨🌟,😊💪🌟,😊🌟💪✨,😊💪🌟💚,😊💪✨🌟,😊✨🌟💪,😊🌟💪✨,😊💪✨🌟,😊✨🌟💚,😊✨🌟,😊🌟💪✨,😊🌟💪✨,🌟😊💚🌈,💪✨😊🌟,😊✨💪,😊😌💪🌈",0
n-2193,"😊🌟💚🙏,😔😞😣,😊😌💚🌈✨,😔😩😞,😌✨🌈💪,😊😌✨,😊✨🌟,💪💚✨🌟,🙏💚🌈😌,😊✨🌟💚,💪✨😊,😔😞💔😣,😊😌🌈,😊😌✨💚,😊✨🌟💚,😊✨🌟💚🌈,😊✨🌟,😊✨🌟,😌💪🌈✨,😊✨💪,😊🌟💚,😊😌💚,😊😌💪🌈,😌💪✨🌈,😊💪✨,😌✨💪🌟,😊✨🌟💪🌈,😊✨🌟,🌟✨💚😊,😊💪✨🌈,😊😌✨🌟,😊✨🌟,😊✨🌈💚,😊😌✨🌈,🚨😰🌑⚠️,😰🌑⚠️🆘,😊✨🌟💚🌈,😌✨🌟💚,😌✨🌟,😊💪✨🌟,😊💪✨🌟,😊✨🌟💚,😌💪🌟,😊😌✨💚,😊🌟✨💪,😊✨🌟💚,😊😌🌟💚,😊✨🌟,😊😌✨,😊✨🌟💚,😌💪🌈,😌✨🌈💪,😊✨🌈,😔😞😣,😌💚🙏,😌✨🙏🌈,😊✨🌟💪,😊😌💚🌈,😔😞😣😩,😌✨💪🌈,😊😌💪🌈,😌😊✨🌈,😊😌✨🌟,😌💪🌈✨,😰🚨⚠️,😔💔😖,😊💪✨🌟💚,😊✨🌟,😌🙏🌈,😊✨🌟,😔💔😞,😊🌟💚✨,😊🌟💚,😊🌟💚✨,😊😌✨🙏💚,😊💪🌈,😊💪🌟,😊✨🌟💚🌈,😊😌✨🌈,😊✨🌟💚🌈,😊✨🌟💚🌈,😊✨💪🌈,😔💔😞😣,😰⚠️🆘🌑,🌟💪🌈💚,🙏💚✨😌,😌🙏✨,😊😌✨🌈,😔😣😖😩,😊🌟💚,😔💔😞😣,🌈💪✨,😊💪✨🌟😌,💪✨😊🌟💚,😊🌟💚✨,😊✨🌟,😔😞😣,😊✨🌟,😊💪✨,💪✨🌈🙏",0
n-2210,"😌💪✨🌈,😊💪✨,😊😌✨🌈,😌💪✨🌈,😔😞💔😢,😔😞😩,😊✨🌈💚,😌💪💚🌈,😊💪✨🌟💚,😌💪✨🌈,😔😞😣,😌✨🙏💚,😔💔😞😣,😌✨🌈💚,😔😞💔,😊😌✨🌟,😊😌💚,😌😊🌟,😌✨🌈💚,😊😌✨💪,😊😌✨🌈,😌✨🙏💚,😊✨🌟,😌💪🌈✨,😌💚🌟,😊😌✨🌟,😊😌✨🌈,😔😞😢😣,😌💚✨🌈,😌💪✨🌟,😔😞😢😩,😊😌✨,😊😌✨🌈,😊😌✨🌟,😊💚✨😌,😌✨💚🌈😊,😊😌💪🌈,😔💔😞,😌✨💚,😊😌🌈✨,😌✨🙏🌈,💚✨🌈😌,😊💪✨🌈,🌈💪✨😌,😊😌✨🌈,😔😞😩,😌💪🌈💚,😔💔😞😢,😌💪✨🌈,😔💔😞,😌✨💚🙏,😌🌟💪🌈,😌✨💚🌈,😌✨🌈💚,😌💚🌟✨,😔💔😞,😌💪✨,😔😞😩,😊💚🌈,😌💪✨,😔😞😣,😌✨🌈💚,😞😔😣,🚨⚠️🆘😰🌑,😊😌✨🌟,😌💚🙏,😔😞😣😩,😔😞😩,😊😌✨🌟,😊😌✨🌈,😔😖💔😩,💔😔😞,😔😞😌,😔💔😞,😊😌💪🌈,😊🌈✨,😔😞😣😩,😔😞😩,,🚨💀🌑⚠️,😌💪🌈,😌💚🌈,💔😔😞,😊✨🌟💚,😌✨💪,😌✨🌟💚,😌💚🌈,😊✨🌈💚,😊✨🌈,😌💪🌈✨,😞😔😩,😌💚🌈,😊😌✨🌈,😊😌✨🌟💚,😊💪✨🌟,😊✨🌟💚,😊✨💪🌟,😌✨🌈😊,😊✨🌟,😌💚🌈",0
n-2213,"😔😞😖😩,😊🌈✨💚,😊💚🌟,😊🌈💚,😩😞😔😣,😊😌✨,😊😌✨🌟,😊😌✨🌟💚,😌💪✨🌈,😊🌈✨,😊😌🌟💚,😊🌟💚🌈,😌✨🌈💚,😊✨💪🌈😌,😊😌💪,😌💪🌈,😊😌💚,😊😌✨,😊✨🌈💪,😊😌✨🌟,😌✨🌈,😊✨🌈,😌💪✨,😊😌✨🌟,😌💚🌈✨,😊✨🌟💚🌈,✨🌟💚🌈,😌💪✨🌟,😊😌✨🌈,🌈✨😊,🚨⚠️😰💀,😊✨🌟,😌✨🌈💚,😊💪✨🌈,😊💪✨🌟💚,😔😞😢😣,😌✨🙏💚,😔💔😞😩,😌💚🌈✨,😊😌✨🌈,😊💚🌈✨,😊💚✨🌈,🌟💪🌈😊,,😊😌✨,💪✨🌈,😌✨🌟,😊✨🌈,😊🌟💚✨,😌💪🌈,😌✨🌈💚,😊🌟💚✨,💪✨🌟😊,😌✨🌟💪,😊😌✨🌈,😔😞😣💔,😊💪✨🌈,😊😌💪✨🌟,😊😌✨🌟,😌✨🌈💚,😊😌💪✨,😊😌✨🌟,😊✨🌟💚,😊😌💪✨,😊✨🌈,😊✨🌟💚,😊💪✨",0
n-2216,"😊✨🌟💚,😊✨🌟💚,😊💚🌈✨,💪😌🌟,😊✨🌟,🌟✨😊,😊😌✨,😊😌✨,😊💪✨🌈,😊✨💪🌈,😖😩😔,😊😌✨🌟,😊😌✨🌟💚,😔😞😔,😊😌✨🌈,😔😞😣,💚✨🌈😌,😌💪✨🌈,😌🙏💚🌈,😊😌💚,😊✨🌟🌈,😌💪✨🌈,😌🙏🌈,😌💪✨🌈,😌💪✨🌟,😣😖😩😞😔,😊😌✨🌈,😔💔😢,😌💪✨,😌🙏💚,😊💚🌈,😔😞💔,😔😞😣,🙏😌✨💚,😌💪✨🌈,😊✨🌈,😌💚✨🌈,😌💪🌈,😔💔😢😞,😊✨💪🌟,😊😌💪✨,😌✨💪🌟,😌💚🌈✨,😊😌✨🌈,😌💚🙏✨,💪✨🌟,😊✨🌟,😌🌟💚🙏,😊✨🌟,😊✨🌟💚,😊✨🌟,😊✨🌟,😌💚🌈✨,😊💪✨,😊✨🌟💚,😊😌✨🌈,😊✨🌈,😔💔😞😩,😊💚🌟✨,😊😌💚✨,😊✨🌟,😌✨🌟,😊💪✨🌟💚,😊✨🌟💚🌈,😊✨🌟💚,😊🌟💚,😔😞😩,😊✨🌟,😊💪✨🌈,😌✨🌟💚,💚🌈🙏✨,🌟😌🙏✨,😌💪🌈,💪✨🌈,😊💪✨,😊✨🌈,😌💪✨🌈,😊😌✨,😊✨🌟💪,😊✨🌟💚,😊😌💪,😢😔💔😞,😊😌✨,😢😰⚠️,😔😞😣😩,😊✨🌟,😌💪✨,😊😌✨🌟,🌈😌💪,😌💪🌈,😊✨💚,😌💪✨🌟,😌💪✨🌟,😔😣😞💔,😔😢😞,😊💚🌈,😌💪✨🌟🌈,😊✨🌟",0
n-2219,"😞😩😔,😊😌🌟💪,😊😌💚✨,😌💪🌈,😊💪✨🌈,😰🌑⚠️🕳️,😌💚🌟🌈,😊😌✨🌈,😌💪✨,😊😌✨🌟,😊💪✨,🌑🕳️😰⚠️,🙏💚😌✨,😌💪🌈✨,😞💔🌑😰⚠️",0
n-2222,"✨💚😊,😊😌✨,😊✨🌟💚🌈,🌟✨💪,🙏🌟💚😌,😊💪✨,😊💪🌟,😊💪🌟,😊🌟💚🌈,😊😌✨🌟,😊😌✨,😌💪✨,😊✨🌟💚,😊😌💪✨🌈,😊✨🌟😌,😊✨🌟,😊😌✨,😊✨🌟,😊😌🌟💚,😊✨🌟💚,😊✨🌟💪,😌✨💪🌈,😌💪🌈,💪✨😊🌈😌,😊✨🌟💚,😊😌✨🌟,😊😌💪✨,😊✨🌈,😊😌✨🌈,😊💪✨🌟,😊💪✨🌟,😊✨🌟💚,😊✨🌟,😊😌🌟,😊💪✨🌟,😔😞😣,😊💪✨🌟,😊✨🌟,😊😌✨,😌💪🌟🌈,😔😢😞💔,😊😌✨,😊🌟💪,😊💪🌟🌈,😊✨🌈,😊😌✨,😊😌✨,😊😌💪✨,😊💪✨🌟,🌟💪😊🙏,😌💪🌈✨,😊😌✨🌟,😊💪🌈,😊✨🌟,😊😌🌟,😊😌✨🌈,😊😌✨🌟,😊😌✨,😊✨🌟,😌💪✨🌈,😊✨🌟💚,😊😌💪🌈,😊💪✨,😊✨🌟💪,😌💚🌈,💪✨🌟🙏,😌💪🌈,😊💪✨,😊💪✨🌟💚,😊💪✨,😊✨🌟,💪✨😌🌟💚,😊✨🌟🌈,😊💪🌟,😊💪✨🌟,✨🌟😊💚,😊😌💪🌈,😊💪✨🌟,😊💪🌟,😔😞😢😣,🌟💚😌🙏,😌💪🌟,😊😌💪✨🌟,😌💪🌈,🙏💚💪😌,💪✨🌟😊,💪✨🙏,😊✨🌟💪,😊💪✨,😊✨🌟💪,😊😌✨,😊💪🌈✨🙏,😊😌✨🌈,😊✨🌈,😊💪✨,😊✨🌟💪😌,😊✨🌟💚,😊😌✨🌟,😌💪🌈✨,😊😌💪🌈",0
n-2224,"😌💚✨🌟,😊💚✨🌟,😊✨🌈,😌💪💚,😊✨🌈💚,😌🌈💪✨,💪💚🌟,😔😞😢,🌈✨💚😌🌟,🌑😰🆘⚠️,😌💪💚🌈,😊✨🌈💚,😊✨🌟,😊✨💚🌟,😌💚✨🌈,😔💔😞😣,😔😞😣,😌💚🌟✨,😢😞😩,😌💪🌈✨,😣😩😔,💪✨😌🌟🌈,😌😊✨🌈,😔😢💔😞,😔😞😩,😊😌✨🌈,😊✨🌈💚,😔😩😞😖,😔💔😞😩,😔😢💔😣,😊✨🌟💚,😊✨🌟💚,😊😌🌈,😊✨🌟,😊😌💪✨,😔💔😞😣,😊✨💚😌🌟,😌💪✨🙏💚,😊✨🌟,😊✨🌈💚,😊😌✨🌈,😊✨🌟,😊🌟✨💪,😌✨🌟,😊💪✨🌟😌,😊✨🌈,😊😌✨🌈,😌✨🌈💚,😔💔😞😩,😊✨🌟💚,😊✨🌟💚,😊💪✨🌟,😊✨🌟,😊😌💚,😊😌✨🌈,😊😌✨🌈,😌💪✨🌈,😌💪✨,😔😖😞,😊🙏✨💚,😊😌💪✨,😊✨🌈,😔😞😣😖,🙏✨💪😌🌟,😊😌✨🌟,😊✨🌟💪,😊✨🌈💚,😔😣😩😞,😔😞😣😩,⚠️🚨😰🌑,😊😌💪🌈,🆘😰🌑⚠️,😊😌💪🌈,✨🌟😊💚,💪✨😌🌟,😊✨💪🌟,😊😌💪,😊✨💪,😊🌟💚,😌💪✨,😊😌✨💪,😊✨🌟,😊💪✨🌈,💪✨🌟,😔😞😣😖,😌💪✨🌟,😊💪✨🌈,😊🌟💚,😌💪🌈✨,💪💚😌✨",0
n-2225,"😊😌✨🌟,😊✨🌟,😊✨🌟,😊😌✨🌟,😊✨🌟,😊🌟✨💪🌈,😊✨🌟,😌💪💚🌈,😊✨🌟,😊✨🌟,😊✨🌟💚🌈,😌💪✨🌟,😊✨🙏,😊💪✨🌟,😊✨🌟💚,😊✨💚,🙏💚😌🌈,😊✨💚🌈,😊✨🌟💪🌈,😊✨🌈,😊✨🌟,😊✨🌟,😊💪🌟,😌💪🌟,💚🌈✨💪,💚✨💪🌈😊,💚✨🌈😊,💚✨🌟🙏,💚✨🌈💪,😊💪✨,💪😌🌟💚,😊✨🌈💚,😊✨🌟💪🌈,😊✨🌟,😊✨🌟💚,😊✨🌈,😌💪✨🌈,😊😌💚,😊😌✨🌟,😊✨🌟💚,😊✨🌟💚,😊💪🌟,,🙏✨🌟,😊🌈✨💚,😊✨🌟💚,😊💪✨🌈💚,😌💪🌈,💪🙏✨💚,😊😌✨🌈,😊💪✨,😊😌🌈,😊✨🌟,😊✨🌟🙏💚,😊💪✨🌟,😊😌✨🌈,😊💪✨,😊✨🌈💚,😊💪🌟,💪✨🌟🌈💚,😊✨🌟,😊💪✨🌈,😊😌✨🌈,🌑😰🆘⚠️,😊😌✨🌈,😊🌟💪🌈,😊💪🌈✨,😊😌✨🌈,😊🌟💚😌,😊✨💪🌟🌈,😊✨🌈,😊💪✨🌟,✨💪😊🌈,😊💪✨,💪😌🌈💚,😌💪💚🌈,😊✨🌟,😊✨🌟💚,😊✨🌟💚😌,😊✨🌈,😊💪✨🌟,😊🌟💚🌈,🌟😊🌈💪,😊💚🌈✨,😊🌟💚✨,😊😌💚🌈,😌💪🌟,😊🌟💚✨,💚🌟🙏😊,💪🌈🙏💚,💚🙏💪,😌💪💚🌈,😊💪💚🌈,😌💪✨🌟,💪🌈💚😌🙏,😌💪🌈,😰😞⚠️🌑,😊🌟💚✨😌,😊✨🌟,😊💪✨",0
n-2226,"😌✨🙏💚,😊😌💪✨,😊💪✨🌈,😊✨🌈💪,😊💪✨🌈,😊💪✨,😊😌✨🌈,😊✨🙏,😊😌✨,🌟💪🌈,💚✨😊🌈,😊💪✨🌈🙏,😰⚠️🆘,😌💪🌟,😌✨🙏💚,😊✨🌟,,😊😌💪✨,😊😌✨🌈,😊💪✨🌈,😊✨🌈💚,😊💚🌈✨,😊🌟💚,😊💚🌟🙏,😊💪✨🌟,😊💪✨🌈,😊✨🌟💚🌈,😊😌💪,😌💚🌟✨,😊✨🌟,😊😌✨🌈,😊😌✨,😌💪🌟💚,😢😔😞😣,😊✨🙏💚,😊😌💪🙏,😢😞😔,😊🌟💚✨,😔😞💔😣,😌💚🙏✨,😊🌈💚,😊✨🌟💚🌈,😊😌💚✨,😔💔😢,😊✨🌟💚,😊🌈💪✨,😰🌑🆘⚠️,😊💪🌟,😊🌟💚,😊💚🌈,✨🌟😊💚,💪✨🙏,😊✨🌟💚,😊💪✨🌟,😌💪✨🌈,😌💪✨,✨🌟💚,😌💚🌈✨,💪✨🌟,😌💪🌈,😌🌟💚,😌✨🌈💚,💪😌✨,😌💪✨🌈,😊😌✨🌈,😊😌✨💪,😊💪🌟🌈,😌💪🌟,😊😌💪🌈,😊😌✨🌈,😌✨🌟💚,😊😌💚,😊😌💪✨,😊😌💪✨🌟,😊💪✨🌈,😊😌💪🌈,😊😌💪✨🌟,😊✨🌟💚😌,😊💚✨,😊😌💪,😊💚🌈,😊💪🌟,😊💚🌈,⚠️💀😰🌑,😊✨🌟,😊😌🌟💚🙏,😊😌✨🌈,😊😌🌈,💪✨🌟💚,💪✨🌈😌,😊💚🌈✨,😊😌💪🌈,😌💚🌈,😊💪✨🌟,😌💪💚🌈,😌💚🌈✨,😊😌💚🌟,😌🙏💚,😊😌✨🌈,😌💚🙏✨",0
n-2233,"😊😌✨🌟,😊😌💪✨,😊😌💪✨,😊💚✨,💚✨😌🌟💪,😊💚✨🌟😌,😊🌟💚,😊✨💪,😊😌✨💪,😊💪✨💚🌈,😌💪✨🌟,😌💚🙏,😊😌💚,😊😌✨🌈,😊😌💚✨🌟,😊😌💚🌈,😊😌✨,🌟✨😊🌈,😊💪✨,😌💪✨🌈,😊💚🌈✨,😊😌💚✨,😊✨🌟,🙏💚🌈✨,😊✨🌈,😊✨🌟💪,😌💪🌈✨,😊😌💚,😊💚🙏,😊😌💪🌈,😌💪🙏🌈,😊😌💪✨,😌✨🌈,😌💪💚🌟,😔😞😣😩,😊😌💪,😊💪🌈✨,😊💪✨🌟,😊😌✨,😊💪✨🌟,💪✨🙏🌟💚,😊🌟💪,😊😌💪✨🌟,😌💪🌈,😊✨🌟💪,😊✨🌟,😌💪🌈,😊😌🌟💚✨,😊🌟🙏💚🌈,😊💪✨💚,🌈💚💪✨,😊😌✨,😊🌟💚🌈,😌💪✨🌈,😌🌈💚✨,😌💪✨🌈,😊🙏💚✨🌈,😌✨🌈💚,😊😌✨🌈💚,😊😌💪✨,😊😌🌟💚,😌💪🙏,💪✨🌟,😌💪🌈,😊✨🌟,🙏💚🌟,😊🌟💚,😊🌟💚,😊💪😌,😊🌈✨😌,😊😌🌈✨,😌💚🌈,😊😌💪,💪✨🌟,😊💪🌟💚,😊✨🌟💚,🌟💪🌈😌🙏,😌💪🌈🙏,😊😌💚✨,🌟🙏💚🌈,😊💚🌈✨,🌟💪😊🌈,😊💪✨🌟,😊✨🌈,😊😌✨🌟,😊✨🌟,😌💪🌈✨,😌✨🙏💚,😌💪🌟✨",0
n-2234,"🙏😌✨💚,😌💚🌈🌟,😊😌🌟,😊😌✨,😌💚🌈✨,🌑😰⚠️🕳️,🌟💚🌈,😊💚🌟✨,😊😌✨,😊🌟💚,😊💪🌟💚,😌💚🌈✨,🙏💚😌🌈,😊🌟💚✨,😊✨🌟🌈,😊😌🌟,😊✨🌟,😊🌟✨,😔😞😢😣,😊😌💚,😊🌟💚,😊🌟💚,🙏😌✨💚,😊🌟💚✨😌,😊😌✨,😊🌟🌈,😊✨🌈,😊🌟💚🌈,😌✨🌟,😊🌟💚,😰🌑⚠️,🌈💪✨🙏,😔😞💔😢,😊😌💚✨🌟,😌🌈🙏✨,🌑🕳️😰⚠️,😊😌✨💚,😌✨🌈,😊🌟💚😌,😊😌💚,😌💚🌈,😊😌✨💪,😔💔😞😩,😌💚🌈✨,🙏😌✨,😌✨🌟,😊😌✨💚🌈,😌🌈💚✨,😊✨💪🌈,😔💔😞😣,💚🌈😌✨,😔💔😢😞,😊😌✨🌟,😊🌟💚✨,😊😌💪✨,🌟✨😌💚,😌💚🌈🙏,😔😞😩,😔😞😣,😌✨🌟,😞😔💔😖,😊✨🌈,😊😌🌟💚,😊😌🌟💚,😌✨🌈💚,🙏💚🌈😌,😊😌✨💚,😔😞💔😣,😊😌💪✨,😊😌💚✨,😊🌟💚,😊✨🌈💚,😔😢😞,😊😌🌈💚,😊✨🌟,😊💚🌈,😌😊🌟💚,😊😌✨🌟,🙏😌💚✨,😊😌🌟,😊😌💪🌈,🌈😌💪🙏,😊😌💪✨,😊😌💚,😔😞😢,😊😌💚✨,😌✨🌈💚,😊🌟💚,😊💪🌟✨,😔💔😞😩,😌💚🌈,😌✨💚🌈,😊😌✨🌟💪,😊😌✨,😌💚✨,😊💪✨🌟,😊💚✨😌,🚨🆘🌑⚠️,😌✨🌟💚",0
n-2237,"😊😌🌟,😌✨🌟💚🌈,😊🌟💚✨,😊✨🌈,🌟💚😊🙏,😊💪✨🌟💚,😊😌💪,😊😌✨🌟,😊💪✨,💚✨😊🌈,💚🌟💪😊,💚✨😊🌟,💚✨😊🌟💪,😊✨🌟💪,😌✨💚🌈,😊💪✨,😊💪🌟💚,😊🌟💚,😊😌✨,😊🌟💪,💪✨🌟,😊😌💚🌟,😊💪🌟,😊💪✨,💪✨🌟,😌💪✨🌟,😌💪🌈✨,😊😌✨,😊💚🙏,😊💪✨🌟,😌💪✨,😊💪✨🌈,😊😌✨🌈,😊✨🌈💪,😊🌟💚😌,😊✨🌟,🌈✨😊😌💪,😊💪🙏,😊😌✨🌈,😊💪🌟,😊✨🌟,😰🚨🌑🆘⚠️,😊✨🌟💚🌈,😊😌✨🌟,😊😌✨🌟,😊✨🌟🌈",0
n-2251,"😊✨🌟💚,😊🌈✨,😊💪🌈,😌💚🌈✨,💪✨😊🌈😌,😊✨🌟,😊😌💪,😊😌💪🌈,💪😌✨,😊😌✨🌈,😌💪🌟,😣😖😩😞,😌💚🙏✨,😊😌💚,😊✨🌟💚,😊💪✨🌟,😊😌🌈,😊✨💪,😊✨🌟💚,😊😌💚✨🌈,😔😞😩,😊😌💪✨,😔😞😣,😌💪✨,🌈💪😌✨,😊😌💪🌈,😔😞😢😩,😊😌🌈,😰🌑⚠️🚨,😌✨💪,😊😌✨🌟,😌✨🙏,😊✨🌟,😌💪✨,💪✨😊🌈,😊💪🌈,😌💪✨🌈,😊✨🌟,😊😌💪✨,😌💪🌈,😊😌🌈✨",0
n-2254,"😊💪✨,😊💪✨🌟,😊💚✨🌈,😌🙏💚,😊✨🌟,😊✨🌟,😊💪✨,😊😌💪✨,😌💪🌈,😌💪✨🌈,😊💪✨🌟💚,😊✨🌟,😊✨😌🌟,😊💪✨🌟🌈,😊✨🌟,😊😌💪✨,😊✨🌟,💪🌟😊,😊😌✨🌈,😊😌💪✨,😌✨🌟,🌈💪😌🙏,😊🌟🌈,😊✨🌟💚,😊😌✨🌈,😌🙏💚,😊😌✨🌟,😊✨🌟💚,😊🌟🙏,😌💪🌟,😌💪✨🌈,😊✨🌟💚🌈,😔😣😞😩,😊💪✨🌈,😊😌✨🌈,😌✨🌈💚,😌💚🌈,😔😞😣,😊😌🌈✨,😊😌💪🌟,😊✨🌈💚,😊😌💚",0
n-2260,"🙏💚🌈😌,💚✨💪🌈😊,😊💪💚🌟,💚✨💪😊🌟,😊✨🌟,🌟✨😊💪,😌✨💚🌈,😌💪🌈,💪✨😌🌟,💪✨😊🌟,🙏😊✨,😊✨🌟,🙏💪✨🌟,😊💚🌈,😊💪✨🌟,😌💚🌟✨,😊✨🌟,😊💚🌟🌈,😌💪🌟,😊😌✨,😊🌟💚✨,😌🙏💚,😔😞😩💔,💪✨😌🌟,😊💪✨🌟💚,💪✨😊,😊😌✨🌟,😌💪🌟🙏",0
n-2263,"⚠️🚨🆘😰,💪✨🌈😊,🙏✨💪😌,🙏💚✨,😌✨🌟,💪✨🌟😌💚,😊💪✨🌟,😔😞😩,😊🌈✨💚,😌✨🌟,😊🌈💚✨,😊😌🌟🌈💚,🌈✨😌💚🌟,😊😌🌈✨,😌✨🌟,💪✨🌟😊💚,😊✨🌟💚🌈,😌💪🌟,😊💪✨,😊🌟🙏💚,😌✨🌈,🌟💚🙏,🌟✨😊🌈💚,😌🙏✨💚,😊✨🌟🌈,😊😌💚✨,😊😌✨🌟💚,😌💪🙏💚,😊✨🌟💚,😊💪🌈,😊😌✨🌟,😊🙏✨🌈,😌💚🌈,💪🌈🙏✨,😌✨🌟💚,😌✨🌈💚,😌💪🌈,😌✨🌟💚,😊💪🌈,💪✨🌟😌,😌💪🌟,✨💪🌈😌,😊😌✨🌟,😊💚✨🌟😌,😊✨🌟,🌈✨😌💚,😊😌✨🌟,😌✨🌟💪🌈,😌💪💚🌟,😌💪🌟,✨💚😌🌟,😌🌟💚✨,🌟✨😌💚,🌟✨😌💚🌈,😌💪🌟,😊💪✨🌟,😊😌💪🌟,😌💪🌈,💪✨🌟,😔😣😞😩,🙏😌🌈💪,😊🌟✨🌈,😊✨🌟💚🌈,😌✨🌟💚,😊💪🌟💚,😌💚🌈✨,✨🌟💪🙏😊,😌💪🌈🙏,🙏💪😌🌟,🌟🙏💚😌,😊😌✨🌟,🙏😌💪✨,😊😌✨,😊😌🌈✨,😊😌🌟💚,😌💪🌟,😌✨🌈,😌✨🌈💪🙏,💪✨🙏🌈,😌✨🌟,😌✨💪🌟,😊✨🌟💪🌈,😌✨🌟💪,😌✨🌟,😊✨🌈😌,😌✨🌈💪,💪🌟😌,😌✨🌈💚,😌✨🌟,💪✨🌟😌🌈,💪🌟😌🙏,😊😌✨🌟,🌈💪✨😌,🌟🙏💚✨😊,🌈💪🙏✨,😊😌💪✨🌟,😊✨🌈,😌🙏✨💪,🌟💚🙏✨,😊💪🌟",0
n-2264,"😌✨🌟🌈,😊😌🌈,😌💚🌈✨,😣😩😔,😢😣😩😔,🚨🆘😰🌑,😊✨🌈😌,😊✨🌟💪,😌💚✨,😊😌✨🌟,😊😌✨🌈,😊😌💚🌟,😊✨🌟💚,🌟💚🌈🙏,😊✨🌈,😊✨🌟,😊😌💪,😌💚🌈,😌✨💪🌈,😔😞😣😖,😊😌💚✨,😊✨🌟💚🌈,😊😌✨🌈,😊😌🌈,😊😌✨🌈,😊😌✨,😔💔😞😩,😊😌💚,😌💪✨🌈,😊✨💚,💪✨🌈😊,😊✨🌟💚,😊😌✨🌈,😌💪🙏🌈,😊💪🌟😌,😊✨🌈,💪✨🌟,😔😩😣😞,😔😩😖😞,💪😌🌈✨,😌💪🌈,😔😞😣😩,😔😞😩,😊✨🌟,😊🌟💚,😊✨🌟💚,😊😌💪✨,😊💪🌟🌈,😊😌💪🌈,😊😌🌟,😊✨💚🌈,🚨⚠️🆘😰,😔💔😞😢,🙏💚🌈💪,😊😌🌈,😌💪🌟💚,😔💔😞,😌💪🌟,😌🙏💪✨,😊😌💪✨,😊✨🌈,🙏💚😌,😌💪🌈,😌✨🌟,😊😌💚,😊😌🌈,😊🌟💚🙏,😊😌💪,😊✨🌈,😊🌟💚,😔😞😩,💪🌟😊💚,😊😌✨🌈,😌✨🌈,😊✨🌟💚,😊✨🌟💚,😊😌🌈,😌💪✨,💪✨🌟,😌🙏✨,💪✨🌈😌,😌💚🌈✨,😊✨🌈💪,😌✨🌈💚,😌✨🌈💚,😔😞😢😣,😊😌💪🌈,😊😌✨🌈,😌💚✨🌈,😊😌🌟,😊💪🌟😌💚,😌💪💚🌈,😌💪✨🌈,😌💚🌟🙏,😊😌✨🌈,😊😌💚✨,😊😌✨,😊😌💚🌈",0
n-2269,"😌💪✨🌈,😊🌟💚🌈,✨🌟💚🌈,😊✨🌟,😊🌈💚,😊🌟💚,😊😌💪✨,😔💔😢😞,😊😌💪🌟,😌💪🌈🙏,😊😌💪,😊😌💪✨,😊😌💚✨,😊✨🌟,😊✨🌈😌,😊😌✨🌈,😌💚🌟✨,😊💪🌟,😊✨🌟💚,😊✨🌟💚,😊🙏✨💚,😔😞😣,😊✨🌟,🌟🙏💚😌,😩😔😞,🙏😊✨😌,😌✨🌟💚,😌🌟💚✨,😌🌟💚,😊😌🌟💚,😌💚🌟,😌💪✨🌟💚,🚨⚠️🆘😰,🌑😰⚠️🕳️,😌✨🌟,😌🌟💚,😔💔😞😣,😊✨🌟,😌💚🌟,😊🌟💚🙏,😊😌✨🌟,😊😌✨🌟💚,😊✨🌈,😌💪✨,😊✨🌟💚,😔😞😢,😊🌟💚,😊✨💚🌟,😊💪✨🌟,😔😞💔,💪🌟💚🙏,😊🌟💚,😊😌✨🌟💚,😌💪🌈,😌💪🌈,😊✨🌟🙏,😊✨🙏,😊😌💪,🙏💚✨😌💪,😊😌✨🌟,😌✨🌟,😊✨🌟,😊😌✨🌈,😔😞😩💔,😊😌✨🌟,😊💪✨,😊😌💪✨,😌💪✨,😊😌✨🌟,😊😌🌟,😊😌💪✨,😊🌟💚,😊😌✨🌟,😊🌟💪,😔😞😣😖,😌✨💚,😊🌟💪,😊😌💪✨,😊✨🌟💚,😊✨🌟💚,😊✨🌟💚,😌💪🌈,😊✨🌟💚,😢😔💔😖,😊💪🌟,😊🌟💚🌈,😊😌✨💚,😊✨🌟,😊🌟💚✨,😊😌💪,✨🌟💚,😊✨🌟💚,😊💚🌈✨,😌✨🌟💚,😊😌💚✨🌈,🙏✨💚,😞😢😔,😔😞😣,😊😌💪🌈,😊💪🌟🙏💚",0
n-2272,"😊😌💪✨,😊😌💚,😌💪✨🌈,🌟😊💚✨🌈,😊🌟💚,😊✨🌈💚,🌟💚😌💪,😊✨🌈,😊😌✨,✨🌟😊,🌟✨😊🙏💚,😊✨🌟🙏,😊✨🌟,😔😞😣😖,✨🌟💚😌,😊✨🌟💚,😊🌟💚,😊✨🌟,😊✨🌟💚,✨🌟💚🙏,😊✨🌟,🌟✨😊,😊🌟💚,😊✨🌟,😊✨🌟💚,🌟✨😊💚,🌟✨😊,🌟😊💚,😊✨🌟🙏💚,🌟✨😊,😊✨🌟,✨🌟💚😌🙏,😊✨🌟,✨🌟😊,😊✨🌟💚,😊😌✨🌈,🌟✨😊🙏,😊✨🌟,🌟✨😊,🌟✨😊💚,😊🌟💚,✨🌟😊,😊✨🌟💚🌈,🌟😊💚✨,🌟😊💚,✨🌟😊💚,😊😌✨,😊✨💚,😊✨🌟💚,😔😞💔,😌💚🌈✨,🌈✨💪,😌✨🌈,😌✨🙏💚,😊💚🌟,😊✨🌟💚,😌💪✨,😊💚✨💪,😊✨🌈,😊😌💪",0
n-2275,"😰🌑🕳️⚠️,😊🌟💚✨,😔😢😩,😊😌✨🌈,😊😌💪✨,😊💪✨🌟🌈,😊💪🌈✨,😊🌟🙏💚🌈,😌✨🌈,😊🌈✨💚,💔😢😔😞,😊✨🌟💚,🌟💪😊✨,😊😌✨,😊✨🌟,😊🌟💚✨🙏,😌💪✨🌈,😣😖😩,😔😖😩😞,💪✨😌🌈,😌💪🌈✨,😊😌💪,😌💪🌈,😌💪✨🌟,😊✨🌟,😔😞😩,😔😞😣😩,😊💚🌈,😊😌✨🌈,😊😌🌟🌈,😌✨🌈🙏,😊✨🌈💚,💪✨😊,😊😌✨,😊💪🌟💚,😊✨🌟💚,😊🌟🙏,😌🙏💚✨,😊✨🌈,🌈✨😌💚,😊✨🌈,😌💪✨🌈,😊💪✨🌈,😊🌈✨,,😌💪🌟🙏💚,😊😌✨,😊✨💪🌟,😌💚✨🙏,😊😌💪✨,😊😌🌈💚,😊✨🌟,😊😌🌟,😊😌🌈,😊😌💪✨,😔😢😞😣,😣😖😩,😊😌🌟,😔😞😣😩,😌💚🌟✨🙏,😊💚🌟✨,🌈✨😊💚🌟,😌💪🌟🙏,😔😞😣😖,😊😌🌈💚,😌🙏✨,😌💪🌈,😊😌💚,😊💚✨🌈,💪🌟😌🙏💚,😊✨🌈,😊🌈🙏💪,😊😌💪,😊😌✨🌈,😊😌✨,🆘⚠️😰🌑,😊🌟💚🌈,😊✨🌟,😌💪✨🌟,😊🌟💚,😌🙏💚✨,🙏💚😊✨,😊✨💪🌈,😊💪✨🌈,😊✨💪🌟,🌟💪😊✨,😊😌🌈✨,😌✨🌈💪,🙏💚😌✨,😔😞💔😣,😰🌑⚠️😞,😊✨🌟,😊😌💪💚,😊💪✨🌈,😊💚🌟,😊💪🌟💚,😊💪🌟,😊😌💚,😊✨🙏💪🌟",0
n-2276,"😊💪🌈,🙏✨🌈,😊✨🌟💚🌈,😊🌈💚,😊🌟💚🌈,😊😌✨🌈💚,🌈✨😊🙏💚,🙏💚🌈,😌💪✨,😌✨🌈,😌💚✨,⚠️🚨😰🌑,😔😞😣,😊🌈✨,😊😌✨,😔😞😣,😊✨🌟💚,😔💔😞😢,😔😞😣😩,😌🙏💚,😌🙏💚,😌✨🌈,😌🙏🙏,😰🌑😞⚠️,😔😞😣😩,🙏💚✨🌈,😊😌✨🌈,😊✨🌟,😊✨🌟,😌💪🌟,😔😞😣😖,😊😌💪✨,😊💚🌟,😊😌✨🌈,😊✨🌈,😌💪🌟,😊✨🌟💚,😊😌💚🌈,✨😊💚🌈,😌🌈💚🙏,😩😔😞😣,😔😞😣,💪🙏✨,😌💪💚🌈,😊😌💪,😊✨🌈💚,😌💪✨🌈,😊✨🌟,😔💔😞😩,😊🙏✨💚,😊😌🌟💚,😢😔💔,🌈💪✨😌,😊✨🌟,😔😞😣,😌✨🌈💚,😊✨🌈,😊✨🌟,🌟✨😊💚,😊✨🌟🙏,😊✨🌟💚,😊😌✨🌈,😊😌💪✨🌈,😊✨🌈,😊✨🌟💚,😌✨💚🙏,💚🌟😊🌈,😊✨🌟💪🌈,😊✨🌟,✨🌟😊💚,✨🌟😊💚,😊✨🌟,😊✨🌟,😊✨🌟💪,😔😞😣😖,😔😞😩😢,😊✨🌈,😊✨🌈,😊😌✨,🙏✨😌,😊✨🌈,😊😌✨🌈,😰⚠️🌑,🙏💪✨,😊✨🌟💚,😌💪🌟🙏,😊✨🌈,😊✨🌟,😊✨🌈💚,😊😌✨,😌💪🌈,😊😌💪🌈,😊✨🌟,😊😌💪🌈,😊😌✨🌈,😊🌟💚,😊🌈✨,😌💪✨,😊✨💚🌟,😌💪🙏",0
n-2280,"😔😞😣😢,😌🙏💚,😢😞😣,🌟😌💚🙏,😊😌✨🌈,😊✨🌟,😊🌟💚🌈,😌💪✨,😊🙏💚🌈,😔😞😣😩,😔💔😢😞,🌟✨😌,😊✨🌟,😌✨🌟,😞😔😣😩,😊💚🌈✨,😊😌💚🌈,😊😌✨🌈,😊✨💚🌟😌,😌💚🌟🌈,😔💔😞😢,😊💚🌟🌈,😊💚🌈✨,😊💪✨🌈,✨🌟🙏,😌💪✨🌈,😌💪🙏🌈,😔😞😣,😊😌💪✨,😌💪🌟💚,💪✨🌈😊,😣😩😞,😊🌟💪,😊✨🌟,😔😞😩,😌💪🌈,😌💪✨🌈,😔😞😣,😊✨🌈,😔😞😢😣,🙏💪🌟,😊✨🌈💪,🙏💚✨,😌🌈✨💪,😊😌✨🌟,😊😌✨🌈,😊💚🌈,🙏💚💪😌,😊😌✨,😊💪🌟💚,😊✨🌟,😊💪🌟,⚠️🌑😰,😊😌✨,😔💔😢😞,😌💪💚🙏,😊😌✨,💀🕳️😰⚠️,😢😔😞😣,😊😌✨💚,😌💪✨🙏,😊😌💪,😌💪🌟🌈,😌💪🌈,😰🆘⚠️🌑,😊😌💚,😔😞😢,😊😌✨,😊😌✨🌈,😊😌✨🌟,😔😢😞,🙏✨😊🌈,😊💪🌈,😌💪✨🌈,😊✨💚🌟,😢😢😔😞,😊✨🌈💚,😊✨🌟💚,😰🌑😔⚠️,😌💚🌟🙏,😊🌟💚✨,😌✨🌈💚,😌💪🌟,😔😢😞,😊💪✨🌟,😔😞😣😩,😊✨🌈,😔💔😞😢,😊😌✨🌈,😔😞😣,😌💪🌈,😌💪💚🙏,😌✨🌈,😊😌✨,😊😌✨🌟💚,😊✨🌈💪,😌💪🌈✨,😊✨💪🌟😌,😔😞😢😣,😊😌🌈",0
n-2281,"😊✨🌟,😊✨🌟💚,😔😢😩,😊💪🌟😌💚,😊🙏✨,😰🌑⚠️,😢😞💔😣,😊💚🌈🙏,😊✨🌟💚😌,😊💪✨,😊💪✨,😔😣😖😢💔,😊💪🌟💚,😊😌🌟,😰🌑⚠️,😔💔😞,😊🌟💪,😊✨🌈💚,🙏✨💪,😊💪✨🙏,💪😌🌈,💪✨💚🙏,😌💪🌈✨,😊💪✨,😊✨🌟,😰🌑⚠️,😔😞😣,😌✨🌈💚,😔😞😩,😊😌✨💚,😔😞😣😖,😔😞😣,😌💪🌈✨,✨💚🌈😊,😔😞😣😖,😊💚🌈,😊✨🌟💚,🙏💪✨,😌✨🌈💚,😊😌🌈,😌💪✨🌈,🌟🙏💚😌,💪🌈😊🙏,😔😞😣😖,😊✨💪🙏💚,😊✨💪,😌💪✨🙏,😔😞😩,😊😌💚✨,😌💪🙏💚,😔💔😞,✨🌟💪,😌💪🌈,💪✨😌🌟,😔💔😞,😊✨💪🌈,😊💪✨,😊💪✨🌟💚,😊💪💚✨,✨💪🌟😊,😢😔😞,😌💪🙏✨,⚠️😰🌑🚨,😊✨🌟🙏,💪✨🌈,😊😌💪✨,😌💪✨🌈,😊😌💪✨🌟,😊✨🌟,😊✨🌈,😊✨🌟💚🙏,😊🙏✨,😊💪✨🌈,😊✨💪🌟💚,🌟✨🙏💚,😊💪🌈,😊✨🌟,😊✨🌟,😊✨🌟💪🌈,😊✨🌈,😊😌✨🌟💚,😌💪🌈,😊😌✨,😊✨🌟,😊😌🌈✨,😌✨🌟,😊💪✨🌟🌈",0
n-2285,"😊🌟🙏💚,😊💪✨,😊✨💚🌈,😊😌✨🌈,🌟💚😊✨,😊💚✨🌟,😊✨🌟🌈,😊✨🌟💚,😊✨🌟💪,😊✨💚🙏,😊😌🌟💚,😊💚🌈,😊✨🌟💚,😊😌💪🌟,😊😌✨💚,😊✨💚🌈,😊💚🌟😌,😊💚🌈,😊🌟🌈,😊✨🌈💪😌,😊✨🌟,😊✨💚🌈😌,😊✨💪😌,😊💚🌟✨,😔😞😣,😊😌🌈✨,😊✨🌟💚,😊✨🌟💚,😊😌💪✨,😊✨🌟💚,😊✨🌈,😌💪✨,😊💚🌟✨,😌💪🌟🌈,😊😌✨🌈,😊✨🌈,😊💚✨,😊✨🙏,😊💪✨🌟😌,😊😌✨🌈,😊✨🌟,😊🌟💚,😊💪✨,😊✨🙏💪,😊💪✨,😊😌✨,😊✨🌟💚,😌✨💚,😊💪✨🌈,💔😔😞,😊✨💪🌟,😊✨🌈,😔😢😞,😊😌✨🌟💚,😊😌💚🌟,😊😌✨,😌🙏💚💪,😊💪✨🌟🌈,😌💪🌈,😌💪🌈,😌💪✨🌈,😖😢😩,😔💔😢😞,😊🌟💚🌈,😌💪🌈✨,😊😌✨🌈,😊😌✨🌟,😊✨🌟💚,😌💪🌈✨,😌💪🌈,😌🙏💚🌈,😊💪🌟,😊😌✨💚,😌💪🙏💚,😊✨💪🌟,😊✨🌟💪,😊💪🌟,😊😌💚✨,😊😌💚,😊✨🌈,😊🙏✨💚,😊✨💚🌟😌,😊🌟💚✨😌,🙏💚✨,😊😌💚🌟,😊😌🌈✨,😌💚🌈✨,😌💚🌈,😌✨🌟,😊😌💚🌟,💪✨🌟🙏,😊🌟💪✨,😊😌🌟,😊🌈💚✨,😊🌟🙏✨,😊😌💪,😌💪✨,😌💪✨🌈,😊😌💪🌟,😊💪✨🌟",0
n-2288,"😊🌟💚🙏,😊😌💪✨🌟,😊🌟💚🙏,😊✨🌟💚,✨🌟😊🙏,😊💪✨🌟💚,😊✨🌟💪,😌✨💚,😊🙏💚,😊✨🌈💚,😊💚🌈✨,😔💔😞😣,😊✨🌈💪,😊💪✨🙏,😊✨🌟💚,😊💪🌟",0
n-2291,"😊✨🌈💚,😌💪🌟🌈,😊😌💪,😊✨🌟,🙏💪✨🌟,😊😌💪🌈,🌟💪✨🙏,😊✨🌈,😊🌟💚🌈,😊😌✨🌟,🌟💪🙏,😔😢💔😣,😊💚🌟,😊😌✨🌟,😊😌💚✨,😊🌟💚,😊😌✨🌈,😔😞😣,😊💪✨🌈,😊💚🌈✨,😊😌✨🌈,😊🌟💚🌈,🌈✨😌🌟,😊😌✨🌟💚,😊😌✨🌟,😊💪✨🌟,😊💚🌈,😊🙏✨,😌💚🌟🙏,😔😞💔😣,😊😌💚✨,😊😌✨🌈,😊✨🌈💚,😌💚🌈✨,😊✨🌈,😊🌟🙏💚,😊😌🌟,😊🌟💚,😌✨🌈💚,😊😌🌟💚🌈,😊✨🌈,😊✨🌈💪,😊💚🌟✨,😊✨🌟💚,😊🌟✨🌈,😊😌💚✨🙏,😊💚✨🌟,😊💪✨🌟🌈,😌💪✨🙏💚,💪✨😌🌟💚,😊😌💚✨,😊💪✨,😊😌✨🌈,😊💚🌟,😊✨💪,😌✨🌈💚,😊✨🌈,😌🙏🌈✨,💚✨🌟,😊💚🌟,😔😞💔,😊😌✨🌈,😊😌🌈,😊😌✨,😊😌💚🌈,😊😌✨,😊🌟💚😌,😊✨🌈,😊✨🌈💚,😊😌✨🌈,💪😌🌈✨,😊😌💪🌈,😊💚🌈,😊✨🌟,😊😌💚🌈,😊🌟💚,😊💚🌈✨,😌✨🌟💚,😌💪✨🌟,😊✨🌈💪,💪😌🌈✨,😔😞💔😢,😌✨🌈🙏,😔😞💔,😊💪✨🌟,😊💚🌈,😊😌✨🌈,😊💚🌈,😊✨🌈,😊✨🌈💪,😊💚🌟✨,😊🌟💚,😊😌💚🌈,😊😌✨🌟,😊😌✨🌈,😊✨🌈,😌💚🌈🙏,😊✨🌈💚,😌✨🌈💚,😊✨🌈",0
n-2297,"💔😔😞,😔😞😩,😊😌💚🌈,😌😊✨,😊😌✨🌈,😊🙏💚✨,😊✨🌈💚,😊😌✨,😊😌🌟🌈,😊😌✨🌟,😊💪✨,😊😌✨🌈,🌟✨😊,😊✨🌟,😊✨💪🌈,😊✨💪🌈,😊✨🌈💚🙏,😊✨🌈,💪✨🌟😌,😊✨🌟💚,😊✨🌟💚,😊💚🙏✨,😊😌✨🌈,😊🌈✨💪,😌💪🌈,😊✨🌈💚🌟,😌💪🌟,😌💪💚🌈,😊✨🌈,😊😌🌈✨,😌💪✨,😊🌟💚,😌💪✨🌈,😊😌✨🌟,😌💪✨🌈,💪✨🌟🌈,🌟😌🙏💚✨,😔😞😣😩,😊🌈✨💪,😔😞😩😢,😊💪✨🌈,😊✨🌈💪,😔😣😩😞,😌💪✨,😊✨🌈💚,😊😌✨🌟,😊😌✨💚🌈,😊😌💪🌈,💪✨🌈,😊😌💚✨,😊😌✨🌈,😢😔💔,😊💪✨,😌💪💚🌈,😊💚✨🙏,😌💪🙏🌈,😌💪🌈,😊✨🙏💚🌈,😌✨🌈,😊😌✨🌟💚,😢😞😔😣,😊😌✨🌈,😊😌✨🌈,😌🙏💚🌈,😔😞💔😣,😌💪😊,😊😌✨🌈,💪✨🌟😊,😊💪✨🌈,😊💪✨,😔😞😣😩,😔😞😣😩,😊🌟💚,😔😞😩,💪✨🌟,😌💪🌈,😊😌💪✨,😣😩😔😞,😌💪💚🌈,😊😌💪,😊💪✨🌟,😰💉⚠️🚨,😊✨🌈💪,⚠️😰🚨,😊💪🌟,😊😌✨🌈,😊✨🌟🙏,😊🙏💚✨,😊😌💪🌈,😌🌈💪,😌💪💚🌈,😊😌✨🌟💚,😔💔😢,😌💚🌈✨,😌💪✨🌈,😊😌✨,😊😌💪✨🌟,😊💚✨,😊😌🌟💚,😊😌💚✨🌟",0
s-0019,"😌💪✨🌈,💪🌟🌈,😊✨🌟💚,😊✨💪🌈,😊😌💪✨,😌💪✨,😌🌟✨,💀😰️🚨,😌🙏💚🌈,😊✨🌟,😔😞😢,😌💪🌈,😢😔💔,😢😞😣,😊😌💪🌈,😔😞️😰,😢😣😔,😰🌑🕳️️,😔😣😰🌑,😔😞😩,😔😞😣😩,😰️,😊😌✨,😔😞😖,💀🚨️,😔😞😢,😔😞😣,😊😌✨🌟,💀🚨😰️,🌟🙏💚,😊✨🌈💚,💪✨🌈,😌🙏💚✨,😌✨🌈,😊😌🙏,😔😢😣,😌💪🌈,😣😖😩,😰🌑️🚨,😢😔💔😞,😰😖😩️,😣😖😩😔😞,😔😢💔,😔💔😢😞,😢😔😞😣💔,😌✨🌈,😣😖😩,😔😞😣😢,😌💪🌈✨,😔😞😣😩,😔💔😞😣,😣😖😩💔😞,😌💪✨🌟,😌💪✨,💀🚨🌑😰,😔😞😩,😔😞😢,😊😌💚🌈,😌✨💪🌈,😊🌈✨,😊😌✨🌈,😢😔😞😣,😌💪🌈,🙏💪✨💚,😔😢😞😩,😣😩😔😞,😊😌✨💚🌈,😊💪✨🌈,😊💚🌈✨,😢😔💔😞,😊😌💚✨,💚💪✨😌🌟,😊😌💚🌈,😔😞😣💔,😌💚✨,😌💪🌈,😔😞😣,😔😞💔,😌💚🌈✨,😌💪✨🌈,😊😌✨💚🌈,💔😔😞😣,😊😌💪,💪✨😌,😔😞😣😖,😊😌💚,😌💪🌟,😔😞😢💔,🙏✨🌈,💪✨🌈💚,😌💪✨🌟,😔😣😖😩,💪✨🌈,😊✨🌟💚,😊✨🌟,😔😢💔,😊😌💪🌈,😌💚🌈,😌💪✨🌈,😰🌑️",1
s-0023,"💚🙏🌟,😊✨🌈💚,😊✨💚🌈,😊💪✨🌟,😊😌✨🙏,😌💪🌈,😌💪✨,😊✨🌈,😊😌✨🌈,😊✨💪,😊😌✨💚,😌💪🌈,😊😌✨🌈,😌💚🌟✨,😊😌💪✨,😊😌🌟,😔💔😞,😌💪✨🌈,😌💪✨🌈,💪✨🌈,😔😞💔😢,🕳️😰️😔,😌💪✨🌈",1
s-0037,😔💔😞😣,1
s-0044,"😔😣😢💔,🙏💚✨,😊✨💚😌,💚🙏🌟💪,️🌑💀,💚🙏😌,🙏💚✨,😔💔😢,🙏💚😌🌟,😔💔😢,💚🙏🌈,🙏💚✨🌟,😔💔😢,😔💔😢,🙏💚✨,😌🙏💚🌈,🙏💚🌈,😔💔😢,😔💔😢,😰🌑💀️,️😰🌑,🌑💀🚨,🙏💚😌,🙏💚🌟✨,💚🙏🌟✨,🙏💚🌈✨,💚🙏✨😌,😢💔😞,😌🙏💚✨,🙏💚🌟,💚🌟🙏😊,💀🚨️😰,🚨️😰",1
s-0045,"😔😢💔,😊😌✨💪🌈,😌💚🌟✨,😌💪🙏,😌💚🌈✨,😌💚🌈🙏,😌💪🌈,😊😌💚,😔😢😞😣,😔😞😣😖,😔😣😩,😊😌💚✨,😔💔😞😩,😔😞😣😩,😞😣😩😔,😌💚✨🌈,😩😞😔,💚✨😊🌈,😰😣😖😩,😊😌💪,😌💪🌈,😌💪🌈✨,😔😞😣😩,😔😣😖,😔😞😩💔😣,😔😞😩,😞😔😣😩,😊💪✨🌟💚,😊✨🌈💚🌟,😔😣😖,🌈💚😊✨,😔😢😞😩,😊💪🌟💚🌈,🌟💚💪✨,😔💔😞😣,💔😞😔😣,😔💔😞😣😩,😊🌟💚✨,😌💪🌈,😔😣😖😩,😊😌💪✨🌈,🌟💚🌈😊,😔💔😞😣,😔😞😣😩,😔😞😩,😊✨💚🌈,😰️🌑,😌✨🌟🙏,😔😞😩,😞😔💔😣,😔😞😣😢,😔💔😞😩,😔😞😣😩,😊😌✨🌟,😊😌✨,😔😞😣,😔😞😣,😊💪✨,🌟💪🙏🌈✨,😊💚💪🌈,😰🌑🕳️🚨,😊😌🌈✨,😊✨🌟,😔😞😣😩,😊💚🌟💪,😌💪✨🌈,😌💪🌈,😰️🌑,😔😞😣😩,😌💪✨🌈,😔😞😣😖,😖😩😞,😔😞😩😣,😔😞🌑,😔😞😩💔,🌟✨🌈😌,😊🌟🌈,😌✨💪🌈,😔😞😩😣,😔😞😣😩,😔😞😢😣,😌😌✨💪,😔😞😣😩,😩😞😔😣,😌💪🌈,😔😞😣,😌💪🌟🌈,😌💪✨,😊😌💪,😔😞😣😖,😊😌✨,😔😞😣😖,😌💪🌈,😌💪🌈🌟,😌💚✨🌈,🙏💚🌈😌✨,😔😞😣😩,😌💚🌈✨,😊✨🌟,😌✨🌟💚",1
s-0047,"😰🌑🕳️️,😰🌑🕳️️,😊😌💚,😰🌑🕳️️,😔😢😞💔,😌✨💪🌈,😊💪✨🌈,😔💔😞😣,😌💪💚🌈,😔😞😣,😊💚✨🌈,😔😞😣,🌑😔️😞🕳️,😔😞😣,😔😞😣,🌑😰️💀,😔💔😞,😊😌✨💪,😰🌑️,😊😌✨🌟,😊😌💪🌈,😰️,😌💪🙏✨,😊💚✨,😔😞😩,😔💔😢😣,😔💔😢😞,💀️😰,😌💪✨🌈,😔😞😣😩,🌑😰️,😔😞😩😢,😔💔😢,💀😰️,🌑🕳️😰️,😊💚✨,😰🌑️🩸,😔😖😩,💚✨💪🌟,😰🌑️💀,😊💚🌈,😰️🚨💔😖,🌑🕳️😰️,😌💪✨💚,💔😞😩😔,😰😔🌑😞,😔💔😞😣😩,😔😞💔😣,🌑😰💀️,😔😞😣😩,😔😣😖,😔💔😞😣,😔💔😣😩😞,😊😌💪✨,😔😞😩💔,😔💔😢😞,💔😞😔😣,😔😞😣,😔😞😣,😌💪✨🌈,😔😣😖😩,😔💔😣😖,😌💪🌈,😌💚🙏✨,😌💪🌟💚,😌💚🙏✨,😔😞😩🌑😰,😔😩😞,😊😌💚✨,😊😌✨💚,💀️😰🌑,😊😌✨,😔💔😢😞,😰🌑🕳️️,💀🌑️😰,😔💔😞😣,😰🌑️🕳️,💔😔😞😢,😌💪🌟🙏,😔😣😖😞,😊😌💪🌟,😊😌💪🌈,😌💪✨🌈,😔💔😞😩,😰🌑🕳️️,😔💔😢😞,💚✨😊🌈😌,😔😞😣💔,😰🌑️🚨,😌💪✨🌈,😔💔😞😣,💀️😰,🌑🕳️😰️,😔😞😣,😔😞😣😩,😢😩😔😞😣,😰🌑🕳️️,😔😞😣,😌💚🌈✨,😌💪🌈",1
s-0048,"😔😖😩💔,💀😰🌑,💀😰️🌑,💀🌑😰️,💀😰🚨,😔😣😩,😰🌑🩸,😔😣😩,💀😰️🌑,😰💀🚨,😊😌✨,💀😰🌑,😰🌑️💀,💊😰🌑🕳️️,😖😩😣😞,😊😌💚✨🌈,😰️🌑,😰️😞😔,💀😰️,😔😰,😰🌑😖😩,😔😢😞😩,😔💔😞😣😩,😔😢😞😩,🌑😰️",1
s-0050,😌💪🌟💚,1
s-0062,"💚🙏✨🌈,😊💚✨,💚✨🙏🌟,😌💪✨🌟,😌💚✨🌟,😊✨🌟💚,😔💔😞,💔😔😞😢,💔😔😞😢,😊😌💚✨,😊✨💚🌟😌,😊✨🌟💚,😊✨🙏💚,️😔😞😣,😔😞😣😩,😊💚🌟✨,😊✨💚🌈,😊✨🌟💚,😊✨🌟,😊✨🌟💚",1
s-0063,"😔😩🌑😞,😔😞😖🌑😣,💀️🌑️,🩸😰🌑️,😔💔😢😞,😔😞😣😖,✨😌🌟🌈,🌑😰️🕳️,😔💔😞🌑,😔😞😣😖,💊🔪💀️,💀😰️,😌💪🌈✨,😔😞😣,😔😞😩,😔😞😩,😔😣😖😩,😔😞💔,💀😰️,😣😖😩,😞😔😰🌑,💀💊🚨😰,😊💚✨,😔😞😩,😔😞😣😩,😔😞😣,💀️😰️,😊💪✨,🌑🕳️😰💀,😖😩😔,😩😣😔,😰🌑️,🩸🕳️😰💀,💀️️🚨,✨💚😌🌟,🚨😰💀,😔💔😢,😰🌑️,😔😞😰🌑️,😌✨🌈,😰🌑🕳️️,💀🌑😰️,😔💔😞😣,😌✨🌟🙏,🌑😰️,💀😰🚨,️💀😰🚨,😔😞😖,🕳️😰️🌑,😰️💊,😌🌈✨🌟,🩸💀🕳️😰,😔😞💔,💔😣😞,️😰🌑,😔😞😣,️🕳️💀,💀😰️,😊✨🌟💪🌈,😔😞😩💔,😩😞😔,😰🌑️💔,😔😞😣,️💀😰🕳️️,💊😰🌑😔😩,💀️🚨,️😰,️🚨😰,💀💊😰,💀😰️,😔💔😞😖😩,😔😞😩,💀🩸🌑😰️,😊😌🙏✨,😰🌑️😞💔,😊😌✨🌟💚,💀😰️🌑,💀🌑😰️,😰🌑️,💀😰️🌑,🩸️😰🚨,💀😰,💀😰️,💪✨🌈🙏,😰🌑🕳️️,😔😞😢,😔😞😣😖,😔😞😩,😰😖😩,😔😞😩💔,😔💔😞,😊😌✨🌟🌈,🚨️🕳️😰💀,😔😞😣,️💀🌑😰,😣😖😩😢,😊💚✨,😔😞😢,😔😢💔😞,😔😞😣",1
s-0069,"🌑😰,💀🔪😰🌑,🌑💀️,🔪🩸️,😰🌑️🕳️,🌑🕳️😰️,💚✨😊🌈,️💔🌑😞,🌑🕳️💀️,😔💔😞😣,💀🌑😰️,😔😞😣💔,💀🌑😰️,😔😢😞,😔💔😞😩,😌💚🌈✨,💀😰🌑️,😔😞💔😣,😔💔😞😢,😔💔😞😣,😔💔😞😣,😰🌑💀️,😔😞😣🌑,😔💪🌈,😌✨🌟,😔😞😣,💀🌑😰️,💀🌑😰️,💔😞😔😣,💀🌑😰️,😔💔😞😩,😔😞😣,💀🌑️😰",1
s-0070,"😊✨🙏💚,😊😌💪✨,😊✨🌟💚,😊😌💪,😌💪🌈✨,😊✨🌈,😊😌💚✨,🌟💚😊✨,😊😌💪✨,😊🌟💚,😊😌💪✨🌟,😊😌💚,😊😌✨🌟,😊😌✨,😊😌💪✨,😊💚🌈✨,😊✨🙏🌟,😊💚🌟🙏,😊✨💚🌈,😊🌟💚,😊✨🌟,😊✨🌈💚,😊😌🌈💚✨,😊😌🌈,😊🙏✨🌟,😊✨🌈💪,😊💪🌟🌈,😌💪🌈,😌💪🌟🌈,😊💚🌈✨,😊😌💚✨🌟,😊😌💪✨,😌💪🌟💚,😌💚🙏✨,😊🌟💚,😔💔😞🌑😣,😊✨🌟,😔💔😞,😊✨🌈,😊😌💪✨🌈,😊💪🌈✨,😌💪🙏🌈,😊✨🌈💚,😊💚🌟,💪✨😌,😊😌💪✨🌈,😌💪✨🌈,😌🙏💚🌈,😊😌💪✨,😊😌✨🌟,😌✨💚🌈,😊😌💚🌈,😌✨😊💚,😊💚🌈,😣😖😩,😊🌟💚,😊😌💪✨🌟,😊✨🌈,😊😌✨🌟,😊💪✨🌈,😊💚🌈💪,🌟💪🌈,😌💪🌈🙏,💪✨🌈😊,😊💪✨,😊💚🌈,😔😞😩,😊💚✨🌈,😌🙏💚,😊💚🌈✨,😊💚🌟✨,😊😌✨🌈,😊✨🌈,😊😌💪🌈,😊💪✨,😊✨🌟,😊💚✨🙏😌,😊😌💪✨,😊😌💚🌈,😊😌💪✨,✨🌟😊💚,😊✨🌟🌈,😊✨🌟,😊💚🌟🙏,😊💪✨,😌💚✨,😊✨🌟💚🌈,😔😞😣,🙏💚🌈✨,😊✨🌈,😊✨🌈💚,💪🌈😌🌟,😊😌💚,😌✨🌈💪,😊😌🌈,😊😌💪✨,😊✨🌟💚,😊💚🌈,😊💪✨🌟,😊💪✨🌟",1
s-0076,"😊😌💪🌈,😞😔💔😣,😊✨🌟💪,😌✨🙏💚,💊💀️😰,😊💪✨🌈,😔😞😌🙏,😔😞😩,😣😖😩😔,😌✨🙏,😔😞💔😌,😊😌💪🌈,😔😞😣😖,😊😌✨🌈,😔💔😞😣,😔😞😩,😌💪🌟,😌💚🌈✨,😔😞😣,🙏😌✨,😌💪💚🌈,😊✨🌈💚,😌🙏💚,😰🌑️😞😩,😢😞😣,😌✨🌟,😔😞😣😖,😔😞😢,😊✨🌟🙏,😔😌💪,😔😞😩,😖😩😞,😔😞😣,💪✨🌟💚,😔💔😞😢,😔😞😣,😰🌑️🕳️,🙏✨💪😊,😌💪🙏✨,😌🙏✨💚,💪✨😌,😊✨🌟💪,😔😞😣💔,💔😔😞,😌✨💪🌟,😔😞😩,😌🙏✨,😌🙏✨,😌✨🌟💚,😊💪🌟,😌💪🌈✨,😌✨🌈💚,😊😌✨🌟,😰🌑️,😊😌✨,😊😌💪,😊😌💚,😌✨🌟💚,😊😌🌈,😌💪✨🌟,😌💪🌈✨,😊✨🌈💚,😔😞💔😣,😊✨🌈,😊✨💪😌🌈,😊💚✨🌈,😌💪🌟🌈,😊😌💚,😊🌟💚,😔😞💔😢,😊✨🌈💚,😌💪🌈,💪✨🌟😊,😊😌✨🌟,😊✨💚🌟😌,😌💪🌈✨,😔😞😢,💔😔😞,🙏✨😊💚🌟,😌🌟💚🌈,😌✨🌈💚,😌💪🙏,😊😌✨🌟,🩸️🚨😰💀,😔💔😞,😊✨🌈💚,😌🌟💚,😌✨💪🌈,😊✨🌈💚,😊🌟💪,😊✨🌈💪🌟,😌💪✨🌈,😊😌✨🌈,😌🙏✨💚,😊✨🌈,😊✨🌟💪,😔😣😖😩,😌💪✨,😊😌💚",1
s-0084,"😔😞😣😩,😊✨🌈😌💚,😌💪✨🌟,😊✨🌈💚,😔😞😣,😢😔💔😞,😔😢💔😞😣,😔💔😞😢,💀🕳️️🌑,😌✨🌈💪,😔😞💔😣,😔😣😩,😔😞😣😩,😔💔😞😢,😔😞💔😣,😔😢😣,💔😢😔,😊💚🌈✨,💔😞️🌑,💀️️,💀😰️,😔😞💔😢,😔💔😢😣,😔😞😢,😔😞😣,😔😰️,💀😰️,💀😰🌑,😔😞😣😩,😔😞😣😩,😩😞😖😔,😔💔😞😣,😔💔😞😩🌑,😰😣😖😩,😌✨🙏,💀️️,🩸😰🚨,️💀😰️,💀😰🚨,😰🌑️💀,🌑🕳️😰️,😰🌑️💀,💔😔😞😢,💀🌑😰️,😌💚🌈✨,🚨💀🌑,😌💪🌟,😔💔😞😢,💀🌑😰,🌟🙏💚✨,😔😞😩😢,😔😢💔😞,💀😰️,💀😰🌑️,😢💔😔😞😩,😰🌑️,😰💀️🚨,😔😢😞,😰🌑️,😔💔😢,😌💚🌈✨,😌🌈💚😊,😊✨🌈,😔😢💪🌈,💚😌🌈✨,😊💪🌈✨,😊🌟🌈💚,😊🌈✨,😔😞😣,😔😞😣😩,💔😔😞,😌💚🙏,😌💚✨🙏,😌💚🙏✨,😌✨🙏💚,💪✨🌈,✨🌟😌,😊😌✨🌟,😔😞😣💔,😊😌✨🌟,😊😌🌈,😊🌈💚,😊😌💚✨,🙏✨💚🌟,😊💚✨🌈,😊💚✨🌈,😌💪🌈,😊✨🌈💪,😊✨💚🌈😌,💚✨😊,😊💚✨🌟,💀️,😔😞😣😩,😔💔😢😞,😊✨🌟,😊✨🌈,😊✨💪🌈,😌💪🌈✨,😔💔😢😞,😌💪🌈✨",1
s-0093,"😊🌈💚,💚✨😊,😊😌✨🌈💚,💪✨🌈,😔😞😌🌈✨,🙏💚✨🌈,😌💪🌟💚,😌✨🌈💚,😌✨🌈💚,😊😌✨,😌💪🌟,😊💚🌈,😊😌🌟💚,😊😌✨🌈,😊😌💪,😊✨🌟,😔💔😢,😌🙏✨💚,😔😢💔😞,😔💔😢,😌✨🌈,😔😣😖,😌💪🙏🌈,😊😌🌈,😔😢😞💔,😊😌✨💚🌈,😌💪✨🌟,😌💪✨,😊✨🌟💚,😊😌🌟🌈,😊😌💚🌈,😌💪🌈,😌💪🌈,😊😌✨🌟,😰😖😩,😌💚🌟✨,😌💪🌈,😌✨🌈,😊😌🌈,💔😞😔😩,😊🌈✨💚,🙏🌈😌💪,😌🌈💪✨,💪🌈😌✨,😌🌈💪✨,😌✨🌈💚,😔😞😩,😌✨🌈💚,😊💪✨🌈,😊🌈✨,😊💪✨🌟,😊💪✨,😔😞😩,😌😊✨,😌🌈💚,😊😌🌈,😊💪🌈,💪😌✨,😔😞😣😩,😊😌✨,😊✨🌟,🙏😊✨💚,😌✨🌈💚,😊✨🌟💚,😔😣😩,😌🙏💚✨🌈,😌💪✨🌟,😊✨💚🌟🌈,😊✨🌟,😌💪🌈🙏,😊✨🌟💚,😊✨🌈💚,😌💪🌈✨,💪✨🌈,😔😞💔😩😢,😌😊✨,😊💚🌈✨,😌😊💪,😔💔😢,😔😞😩,😌💚✨🙏,️😰🚨💀,💪✨🌟🌈,😣😖😩😞,😔😞😣,😔😞😣😩,😔😞😣,😊😌✨,✨🌟💪,😌✨🙏,😌💪✨🌈,😔😞💔😣,😊🌈✨😌,😌🌈💪,😊🌟💚,😌💪🌈,😌💪🌈✨,😊🌈💪,😊✨🙏💚",1
s-0096,"💊🚨💀,😔😞😣😩,😢😔😣😞,️😰💀,💀🚨💊😰🌑,️🚨😰🌑,😌💪🌟🙏,💀️🌑,️💀😰,😰🌑😔,️💀😰,😔😞😣,😔💔😞😩,😰💀️,😔😞😣😩,😔😞😣😩,😖😩😞😣,😊🌟💚,😔😣😖😩,😊😌💪✨,😔😞💔,😖😩😔💔,😔😞😩,😞😖😰🌑,😊✨🌟,😢😣😩😞,💀😰️,😔😞😣😢,😰💀🚨🌑,💀😰️🌑,😔😞😣😩,💔😔😞,😔😞😢,😔😞😣😖,😰🌑️,💀😰️,😰🌑️💀,😔😞🌑️,️😰💀,😌🙏✨🌈,🌑🕳️😰💔,😰💀🚨,😰🩸💊️,💔😔😞😢,💀😰🚨,😔😞😣,😌✨💚🙏,💀😰️,😊😌✨🌟,😔😞💔,💀😰️,💚😌🙏,😔💔😖😞,🔪💊💀🚨,😔😞😢,😰️🚨,💀️😰,😔💔😣😞,😌💪🙏💚,💀😰️,💀😰🌑,️💀😰,🕳️🌑😰️,😔😢💔😞,😰🌑️,😊✨🌈💚,😊✨🌟💚,😊😌💪✨,😊✨🌈💚,🙏💚✨💪,😊😌💪,😣😖😩😞,💀😰️,😌💪🙏✨,😔😞😢,😊✨🌈💚,😌💪✨,😊🌟💚✨🙏,😊✨🌟💚,😊✨🌈,😰️,😣😖💔😩😞,😰💀🚨,😊😌✨,😔😣😩💔,😰️,😊😌💪✨,😊🌟💚✨,😊💚🌈✨,💊💀️😰,😰💀🚨️,💀😰,💀😰🕳️🚨,😔💔😞😢,😌✨🌈,😔😞😣😩,🔪😰🚨️,🚨😰🌑💀,🌑😞😩️,😖😣😢",1
s-0101,"😔😞😣😩,😔💔😞,😰🌑️💀,🌑😰🕳️️,😰🌑😖😩️,🚨😰🕳️️,😔😞😩💔,😢😔😣,😩😞😔,😞😣😰,😔😞😣😩,😔😞😣😩,😔💔😞😩,🌑😰️💀,😌💪✨🌟,🌑😞😔,😔😞💔,😰🌑💀,😊🌟💚,😔😢😞,💪✨🌈,😌💚🌟,😔😞😣,😔😞😣😢,😔💔😞😣,😢😞😩💔,😰🌑💔️,🙏💚😊🌟,💀️🌑😰,😖😩😰🌑,😔😞😩💔,😔💔😞,😔💔😞😢,😔💔😖😞,😔💔😞😣,😔💔😞😣,😔😣😞😖,😔😞😣💔,😔😞😣💔,🙏✨😊💚,😰🌑️,😔😢😞,😔💔😣😞,😰🌑️,😰🌑😩😞,😰🌑️🕳️,💀🌑️🚨,💀😰🌑️,😔😖😞,🌑😰️,💀🌑😰️,😔😣😩,💀🌑️,😔😞😩,😔😞💔😢,️😞💔🌑,😰💀️,💊🌑️💀,😔😞😖,😔😞🌑️,😔💔😞,😰😩🌑😣,😔💔😞😢,😰🌑🕳️️,😔😞😣😩,😊💚🌈,🌑🕳️😰️,💀🌑😰,😰🌑😔,😔😢😞,😔😞😣😩,😔😰️🌑,😔😞😣,😔😞😣💔,💀🌑️,😞🌑😰️,😔😞😣😩,😔😢💔😞,😰️🚨,😔😞😩😢,😌✨🌈,😔😞😣😢,😰🌑🕳️️,😊💪✨,😔😢😞😩💔,😰🌑️🕳️,😔😞😩,😔😢💔😞,😌💪🌈✨,😌🌟🙏,😢😔💔😞,😊😌🌈💪,😌✨💚🌈,😔😣😩",1
s-0106,"😔😞😣😩,😊💚✨🌈,😔😞😣,😔😞😣😖,😖😩😔,😔😞😣😖,😊🌟💚,😔💔😞😢,😔😞😣😩,😊😌✨🌟,😌💪🌈,🌑🕳️😰,😊💪✨,😊😌✨🌟,😰😣😖😩,😔😞🌑😩,😔💔😞😣,😖😩😣,😌✨🌈💪,😊😌💚,😔😞😣😖,😔😣😖😩,😔😞💔,😔😞😢,️😰🌑🕳️,😔😞😣,😔😣😖😩,😖😣💔😞,😔😞😣😖,💪✨🌈,😊😌💪🌈,😔😣😩,😔😢😣,😣😖😔💔,😰️😖😩,😔😣😖,😌💪✨🌟,😔💔😞😣,😌💪🌈,😌💪✨🌈,😔😞😖😩💔,😖😩😞😔,😌💪🌈🙏,💀🌑😰️,😣😖😩,😊😌💪🌈,😊✨🌈,😔😞😣,😰🌑️,😔💔😞😩,😰🌑😔😣,😊😌💪🌈,😰🕳️😖🌑,😔😞😣😩,😊💪✨🌟,😰🌑️,😌✨🌟💚,😌💪🌈,😊💪🌈✨,🌑🕳️😰,😔😞😣😩,😔😞😣,💚🙏✨,😔😞😩,😊😌✨🌈,😩😣😔,😣😖😩😔,😔😞💔😩,😔😞💔,😔😢😞,😔😞😢💔,😣😖😩😞,😊✨🌈💚🌟,💔😖😩,😔😞😣,😰😔️,😌💪✨🌈,😌✨🙏💚,😔😞😩😣,😌💚🙏,💪✨🌈💚,😔😞😣,😔😞😩,😔😞💔,😌💪✨🌈,😔😞😣,🌈✨🙏💚,😔🌑🕳️😞,😌✨🙏🌈,✨🌟💪😊,😔😞😣😩,💪✨🌈,😊💪🌈✨,😌💪✨,😊🌟💚,😊😌✨,😊💪🌟🌈,😊✨🌈,😔😞😢,😊😌✨🌈",1
s-0120,"🌟💚🌈😊,😊✨🌟,💚✨😊🌟,😊✨🌟,😊✨🌟💚,😌💚🌈,😢😔😞😩💔,😊✨🌟💚,💀️😰️,😌✨🙏,😌✨🌈,😊😌✨🌈,😔😞💔😢,😔💔😞😢,😔😞😣😖,😊✨🌟,😊✨🌈,🙏✨😊🌈",1
s-0130,"😊✨🌟,😔💔😩😢,😌💚✨🌈,😔🌑💔,😌🌈💪,😌✨🌈💚,😢💔😔😞,😊✨🌟💚😌,😔😞😣😢,😌🙏💚,😊😌💪,😌🙏💚,😰️🌑,😔😞😣,😔😞💔😢,😊💚✨,😊😌✨🌈💪,😊💚🌈✨,😌💚🌈,😊😌🌟💚,😊✨🌟💚,😊😌💪✨🌈,💚🌈✨,😊✨💚🌈,😌✨🌈,😌💪🌈💚,😊😌✨💚🌈,😊🌈💚,😔💔😣😞😩,😌💚🌈,😊💚✨🙏🌈,😊💪✨🌈,😊💚🌈✨,😊😌💚✨🌟,😊✨💪🌈,😊✨🌈,😢😔💔😣,😊💚✨🌈😌,😊💪🌈,😊✨🌈💚,😊✨🌈💪,😊🌟💚🌈,😊💚🌟,😊✨🌟,😊✨🌈,😔😢😞😣,😊💚🌟,😊💚✨,💚✨😊🌈,😊😌💚🌟,😊😌🌟💚,😊🌟💚,😊🌟💚,😊✨🌈💪,😊✨🌈,😊💚🌟💪,😊✨🌈💚,😊✨💚🌈,😌✨💪🌈,😊🌟💚🙏,😊😌🌟💚,😊✨🌟,😌✨🌈💚,💔😔😞😢,😊✨🌟💚,😊💪✨,😔😞😢😣,😊✨🌈,😔😞😣😢,😊😌✨🌈,😊✨🌈,😌✨🌈💚,😊🌟💚✨,😊😌✨🌟💚,😔💔😞😣,😊😌✨🌈,😊✨💚🌟😌,😔💔😞😣,😊😌💚,😌💚🌈✨,😊🌈✨😌,😊😌✨🌈,😊💚✨🙏,😊✨🌟,🌟💚😊✨😌,😊😌✨🌈,🌟💚😊✨,😊💚🙏✨🌟,😊🌈💪✨,😔😞😣,😞😣😰🌑,💚😌🌈✨,😊😌✨💚🌈,😊✨💚🌟,😊✨🌈,🌈✨😊💚,😊🌈✨💚,😊🌟💚,✨🌟💚🌈,😊🌈✨😌",1
s-0139,"💪✨🌈,💪😌🌟😊,😊💚🌈✨,😔💔😞,😌💪💚🙏,😊💪✨🌟,😔💔😞😣😩,😊💪✨🌟,😌💚🌈✨,😊🌟💚🙏,😔😞😩,😔😞😣,😊😌💪,😌💪🌈🙏,😊💚🌈,😊😌✨💪,😌💚🌈,😔😞😩,😌💪🌟,😊✨🌟,💪✨🌟😊,😌💪🙏,😌💪✨🌈,😌💪✨🌈,😊😌💪✨💚,💪✨🌟😌🙏,😌🌟✨🙏,😔😞😣😩,😌💚🌟✨,😊🌈💪✨,😊✨🌈,😊😌🌈✨,😌💪🌟🌈,😌💪🌟,😊😌✨🌟,😌💪🌈,💊😰🌑️,🌟💚😌🙏,😔💔😢😞,💔😞😢😔,😊😌💪🌟,😌✨🌟💚🌈,😊✨💚🌟😌,😔💔😞😩,😊💪🌈,😊😌✨🌈💚,💪✨🌈,😊✨🌟,😔💔😞😢,💪✨🌟,😌💪🌟✨,💚🌈✨🙏,😌💪🌈✨,💚✨😊🌈,😊💪✨,😔💔😞😣,😔😣😞😩,😌💪🌟💚,😌✨💚🙏,😊🌟💚,😊💚✨",1
s-0149,"😊✨🌈💪,🌟💚😊✨,😊💪✨🙏,😊✨🌟🙏,😔😢😞😩,😊✨🌟,😊😌🌈,😊💚✨🌈,🙏😌💪,😔💔😢😞,✨🌟😊💚😌,😊✨💚🌈,😊😌✨🌟,😊😌💪🌈,😔😞😢,😊✨🌟💚🌈,😊😌✨🌈,😊😌💪🌟,😊✨💚,😊✨🌟,😊💪💚🌈,😌💚✨🌈,😊✨🙏💚🌈,😔💔😞😣,😊✨💚🌈😌,😊✨🌟💚,💚🙏✨🌈,💚✨🌈",1
s-0155,"🚨💀🌑️,💔😣😖😞,😞😩😖😔,😌💪✨🌈,🌈💪✨😌",1
s-0160,"🌟💪🌈😊,😊✨🌈💚,😰🌑🕳️️,😊✨🌟💚,😌💪✨🌈",1
s-0171,"😔😞💔,😔😞😢😣,🌟💚✨😊💪,😔😞😣,️😰🌑,😊😌✨🌟,💚🙏😌✨,😌✨💪,😊💪🌈✨,😔💔😞😖,😌✨🌈💚,😌💚✨🌈,😔😣😖😩,✨🌟💪🌈,💪✨🌟🌈,😔😞💔,😌💚🙏🌈,😔😞😣😩,😔😞😩,😌💪🌈,😔😞😩,😊💚🌟✨,💀😰️,😌✨🌈💚,🚨️💀,😌💪✨🌈,😔😢😞😩,😔😞😣,😌💪✨,️🌑😰💀,😔😞😣😩,💀😰🚨,😔😞🌑,😔💔😞,🚨😰🌑️🕳️,😔💔😢😞😣,😔😞️🙏,💊😰🚨️,😊💪✨🌈,😊🌟💚,😔😞😣,💪✨🌈😌,😌✨🌈💚,😔💔😣,😊💚🌈,😔😞😩💔,😊😌💚✨,😊✨🌈💚,😊🌟💚,🌟💚😊✨,😊💪✨🌈,😰🌑🕳️️,😊😌✨🌈💚,😌✨🌈,😌💪🌈✨,😔😣😩,😌✨🌟,😔💔😞😩,😊😌✨💚,😊😌✨🌈,😔💔😢,😔😞😣😖,✨💪🌈😌,🌟✨😌🙏,😌💪🌈,💪✨🙏🌟,😔💔😞,😔😞💔😣,😊🌈💚,😌🌈💚✨,😔😞😣😩,😌💪✨🌈,😊😌💪✨,😰🌑🕳️,😌✨🌟💚,😌✨🌟💪,😔😞😖,😔💔😞😢,😌💪✨🌈,😌💚🌈✨,😊💪✨🌈,😊😌✨,😔😞💔😣,😔💔😞😩,😊😌✨🌈,😊💪🌈✨,😔😢💔😞,😊🌟💚,😔😞💔,😌🌟💪,😔💔😞,😊💪✨,🌈💪✨💚,💪✨🌟💚,😊😌💚,😊✨🌈😌,😌💚🙏✨,🙏✨💪🌈,💪✨🌟",1
s-0176,"😌✨🌟💚,😊😌🌈✨,🙏💚😌🌈,😊💚✨,😊✨🌟,😣😖😩💔,😊😌💪✨,😊✨🌈💪,😊✨😌,😊🌟💚✨,😌💪✨🌈,😢💔😔,😊✨🙏😌,🌑😰,😊😌✨🌈,😊✨🌈💚,😌✨🌈,😣😖😔,😌✨🌈💚,😊😌💚🌟🌈,😊😌✨,😊😌💪,😔😞😣😖,😊😌✨🌈,😊😌🌟,😊😌💪,😌💪✨🙏,😌💚🌈,😌✨🌈💚,😊😌💪✨,😊💚✨😌,😊😌💪✨,😊✨🌈💪,😌💪🌈,😌💚🌈,😊😌✨🌈,😔💔😢😞,😊✨🌈,😌✨🌈,😌✨💚🌈,😊💪✨🌟,😊😌✨🌈,😌😊🙏,😊✨🌈,😊✨🌟,😌✨🌟💚,🚨😰💀,😊😌✨🌈,😊😌💪🌈,😊✨🌈,😔😞😩,😊✨🌟,😌💪✨🌈,😊💪✨,💔😔😞,😊😌✨🌈,😊😌✨🌟,😌💪🌈✨,😊😌💚✨,😌🙏✨,😞🌑😔💔,😊😌💪🌈,😰🌑️🕳️,😊😌✨,😔😞💔😣,😔😞💔,😌💪🌈✨,😌😊💪🌈,😊✨🌈,😊😌💪,😔😞😣💔,😊💪✨🌟,😞😖😩😔😞,😊💚✨🌟,😔😢😞,💚✨😌💪,😊😌✨🌈,😌✨🌈💚,😌✨🙏💚,😌💪🌈🙏,😊😌💪✨,😊😌🙏✨,😔😢💔,😌✨💪🌈,✨😌💚,😊✨🌟💚,😊😌✨🌈,😊💪✨,😊😌✨,😊😌✨🌈,😌✨🙏💚,🌑🕳️️😰,😌💪🌈💚,😊💚✨🌟,😌💪🌈,😊✨🌈💪,😔😞😩😣😖,🙏💚🌈,😊😌✨,😊😌✨🌟",1
s-0182,"😊✨💚🌈,😊😌✨🌈,🚨️😰,😣😩😔😞,😌✨🌈💚,😌💪🌈💚,😌💪✨🌈,😊😌💪✨,💪✨🙏💚,😊✨🌟💚,😌💪💚🌈,😊💪✨🌟🌈,😔😢💔😞,😔💔😞,😊💚✨🌟🙏,😌💚🌟🙏,😌💚🌈💪,😌💪✨🌈,😔💔🌑😩,🙏😌💚,😊✨🌟💚,😔😞😢,😌💪✨🌈,😔😣🌑,😌💪✨🌈,😊✨💪,😔😞😣😩,😌💪✨🌈,😔😞😢,😔💔🌑,😌💪🌈✨,😊💪✨,😌💪💚✨,😔😞😣😩,😢😣😖😩,😰️🚨,😌✨🌈,😊✨🌈,😰🕳️🌑️,😊✨🌈💚,😔💔😞,😔😖😩😰,😰🌑🕳️️,😊✨🌟💪,😊💚✨🌟,😊✨🌈💚,✨🌟💪,😌✨🌈💚,😊😌✨🌟,😔😞😢😣,😌✨🙏💚,😊🌟💚😌,💀😰🌑,😊😌💪✨,😌💪🌈,😌💪✨,😔😢💔😞,😔💔😞,😊✨🌟💚,😌💪🙏🌈,😔😞😩,😊✨🌟😌💚,😌💪🌟,🙏💚😌🌈,😊😌💪🌈,😊✨🌟💚,🌟💚😊✨,😊✨🌟,😊💪✨,😊✨🌟💚,😌💪✨🌟,😊✨🌟,😊✨🌈💚,😊✨🌟💚,😊✨💪🌟,😊✨🌟💪,😊✨🌟💚🌈,😊✨🌟💪💚,💚✨🌟😊💪,😊✨🌟💚,✨🌟💚😊,✨🌟💚,😊✨🌟💚🌈,😊✨🌟💪💚,😊💪🌈,😊✨🌟💚,😊🌟💪,😊💚🌟,😊✨🌟,😊😌✨,😔😞😩💔,😊✨🌟💚,😊✨🌈💚,🌟💚😊✨,🌑😰️,😊✨💚😌,😊😌🌟💚,😊✨💚🌈😌,😊🌟💚,😊🌟💚🌈",1
s-0185,"🌟✨💚,😔💔😞😣😖,😔💔😞😣,😔💔😞😣,😊💚🌟,🌑🕳️😰,💪✨🌈😊,😌✨🙏💚",1
s-0191,"😊😌💚🌈,😊😌✨,💊😰️,😌💪✨🌈,😊😌✨🌟🌈,😊😌💪✨,😔😞😩,✨🌟💚🌈,😣😖😔,🙏💚😌,😢😩😞😔,😔😞😣,😊😌💪✨🌟,😊😌✨🌟,😊✨💚🌈,😊😌✨,😊✨😌🌟💪,😊✨🌟💚🌈,😊😌💚✨,️🌑😰,😊✨🌟💚,😊😌💪✨,😊😌✨🌈💚,😊✨😌🌟,😊😌✨,😌💚🌈✨,🙏💚🌈✨,😊✨🌈,😰🌑️💀,😊😌🌈✨,😌💪🌈,😊🌈💚😌✨,😊😌💚🌈,😔💔😞😣,😊😌🌟💚,😌✨🌟💚,😊😌✨,😊😌✨🌈,😔😞😣💔😢,😊😌💪✨🌟,😊😌💚✨,😊😌✨,😌💪🌈✨,😊😌✨💚,😌💪🌈✨,😔😞😢😣😩,😢😞😔💔,😰🔪🌑️,😰️🌑🕳️,😔💔😞😣,😊🌟💚,😊😌🌈,😔😢😞😣😖,😊😌✨🌈,😊✨🌈💪,😊✨💚🌈,😌🌈💪✨,😊😌✨🌟💚,🌟✨😌💚,😔😞😣😩,😊✨🌟💚🌈,😌✨🌟💚,😌💚🌈🙏,😰️😔,😊😌✨🌟,😊😌🌟✨💚,😔💔😞😢😩,😊😌💪✨,😌💪🌈,😊😌🌟,😊✨🌟🌈,💪✨🙏💚,😊😌🙏,😊😌✨🌈,😰💊️🌑,🙏✨💚😌,😔😢💔😞,😔😢😞😣,😊😌💪🌈,😊😌💪✨,😊✨🌟,😊✨🌟🌈,😊😌💪🌈,😊😌✨🌈,😊✨💪💚,😊😌✨🌈,😊😌🙏💚,😌💪🌈,😊😌🌈,😌💪🌈✨,😊✨🌈💚,😌✨🌈💚,😔😞😣😩,😌💪🙏🌈,😊😌💚✨,😌💪🌈😊,😊✨🌟,😊😌✨🌈,️💀😰🕳️🚨,😔😞😣",1
s-0194,"💔😔😞😩,😊✨🌈🙏,😔💔😞",1
s-0201,"😊💚🌟,😔😞💔😢,😰🚨💀️,😊✨🌟💚,😊😌✨🌟,✨💪🌟😊,😊✨🌟,😊💚✨🌟,💔😢😞😔,😊🌟💚,😔💔😞,😰🌑️,😊😌💚🌈,😊💪✨🙏💚,😊🌈✨,😔💔😞😣,😊✨🌟,✨💪🌟💚,😊✨🌟,💚✨🌟😊,😊✨🌟,😊✨🌟💪🌈,💔😔😞😢,🌟💪😌💚,😊😌💪✨,😊💚😌✨,😊💪✨,😊✨🌈,😌✨🙏🌈,😔😞😣,😔💔😞,😌✨🌟💚,✨🌟💚🙏,😔😞😣,😊✨🌟,😰️🚨,😊💚✨,😊✨🌟,😢😞😔,💚🙏😌✨,😊✨🌟,🌈💪✨,😊✨🌟,😊✨🌟💚🌈,😊✨🌟💚🌈,😊✨💚🌟,😔😞💔,😊😌🌈,😔😞😩,😊😌🌈,😌💪✨🌈,😊😌🌟💚,😊😌✨🌟,😊💚🌈✨,😊✨🌟,😰🌑️,🙏💚🌈,😊💪✨🌟,😔😢😞,🌟💚😊,😊✨🌈💚,😊✨🌟,😊✨🌟💚,💚✨🌟,😊✨🌈,😊💪✨🌈,😊✨🌟💚,🙏✨💚,😌✨💚,😌✨🌈💚,😌✨💚🙏,😊✨🌟,😌🌈✨💚,😊✨🌟,😊✨🌟,😊🌟💚,😊💚🌟✨,😊😌💪✨🌟,😊✨🌟💚,😌✨🌟💚,💪✨🌟😊,💪✨🌟💚,😊✨🌟,😌💚🌈,😌💚🌈✨,😔😞😣,😊😌💚,✨🌟😌💚,😊✨🌟,💚✨😊🌈,😊😌💚✨,😊😌✨,😊✨🌟,😊✨🌈💚,😊😌✨🌟,😊💚✨,😊🌈✨💚,😊💚🌟,😊💚🌟,😌✨🌟💚",1
s-0214,"😌✨🙏,😢😔😞,😌💚💪🌈,😌💪🌟,😊💚🌈,😞😣😰,😔😞😩,😔😞😣,🙏😌✨💚,😊🌈💪✨,😌💪🌟🌈,😊🌟💚🌈,😌✨🌈,😔😞😣😖,😌💪✨,😞😔😩😣,😊✨🌈,😔😞😢😣,😊✨🌟,💀😰️🚨,😔😞😢💔,😔😞😩,😔😢💔🌑,💊😰️,️🚨💀,😔💔😞😢,😔😞😢💔,😢😔😞😣,😢😔😖,😔😢😞😣,😊😌🌟,😌💪✨,😌💪💚✨,😊✨🌈💪,😔😢💔😞,😊😌🌈✨,😔😢😞,😌💚🌈,😌✨🙏💚,😔😞🌑😣,💊️😰,🌈✨😌💚,😔😞😩🌑,😔💔😢,😔😞😰,😰🌑💔,😔💔😞😣,💚😌✨🙏,😌💪✨,🚨💀😰,️😰🚨,😔😞😩,😊😌💪✨,😊😌🌈✨,😊😌✨🌈,😔💔😞,😌✨🌈,💀🌑😰️,😌✨🌈💚,😔😢😞😣,😊😌✨🌈,😊😌💪✨,😌💚✨,😌✨🙏💚,😌💪✨,😊😌💪✨🌈,😌✨🌈,😔😢💔😞😣,😌💪✨🌈,😊🌟💚,😔😞😩,😌✨💚🌈,😔💔😞😢😩,😔😞😩,😔😞😣😖,🔪️🚨😰,😊😌💚🌈,😰🌑️,😌✨🙏💚,😔💔😞",1
s-0218,"😊💚🌈✨,😊😌💚✨,😊🌟💚🙏,😊✨🌈💪,😊✨💚,😊💪✨🌟,😌🙏💚✨,💚🌈✨🙏,💪✨🌈💚,😊✨🌟💚,😊😌✨🌟,😊✨🌟💪,😊💚🌟✨,😊✨🌟💪🌈,✨🌟😊",1
s-0222,"😌💪✨,😊✨🌟,😌💚🌟🙏,😊✨💚🌈,😔😣😖,😊😌💪,😊😌💪🌈,😊💚🌈✨,😊🌟💚✨,😔💔😢,😊💪✨🌟,😌💪✨🌈,😊😌✨🌈,😌✨🌈,😊✨🌟💚,✨🌟💚,😌💚🌈✨,😰🌑️,😔💔😞😩,😌💪✨🌈,😊💚✨🌟,😔😢💔😞,🙏✨🌟😊,😊💚🌟✨,️😰🌑,😌✨💚🌈,😊😌💚🌟,😰🌑🕳️️,🙏✨😊,😊✨🌟,😊💪✨🌈,😌✨🙏💚,😌😊🙏💚,😊🌟💚,️🚨😰💀,😊💚🌟✨,😊🌟💚🙏,😊😌✨🌈,😊🌟🙏,😌💪✨🌈,😌✨💪🌈,😌💪💚🌈,😊😌✨🌈,😊💪✨,🌈✨😌💪🌟,😔💔😞😣,😊✨🌟💚,😔😞😣😩,💀😰️🌑,😌💪🌈,💪✨🌟💚🌈,😌💚🙏✨,✨🌟💚😊,😌💪🌈✨,😌✨🌟,😊✨💚,🙏💚🌈✨,😊💪✨,😊🌟💚✨,💚✨😊,😌💪🙏,💚🌟✨😊💪,💪✨🌟💚,😌💚🌈,😊✨🌟💪,😊✨💚🌟🌈,😌💚🌈✨,💚✨😊🌟🙏,😊✨🌟💚,😊🌟💚✨,💪✨🙏,✨💪🌟😊,😊💪✨🌈,😊✨🌟💚,😊💚🌟,😊💚✨,😌💚🌈,😊✨🌈💚,😊🌟💚,😌💪🌟🙏,😌💪🌟🙏,✨🌟😊💚,😊✨🌟💚,😌💚🌈,😊💚🌟,😌💪✨🌈,✨🌟😊💚🌈,😊✨💚🌟😌,😊💚🌟,😊😌✨💪,😊✨🌟💚,😌💪🌟,😊🌟💚,😊🙏✨,🙏✨💚🌟,😊💪✨🌟,😊💪✨🌟,😊✨💪🌟💚,😊💪✨,✨💪🌟",1
s-0226,"💀😰🌑️,😔😞😣😖,💪✨🌟💚,😊✨💚🌟💪,😊😌✨🌈,💀🕳️️,😌💚🌈,😊✨🌈💚,😊✨🌟,😰🌑💀️🚨,😊💚🌟,😊🌟💚✨,😢😔💔,😢😔😣😞,😊💪✨🌈,😰🌑️,😰😢️,😔💔😞😣,😌✨🌈💚,😊💪✨🌟",1
s-0227,"😔😞😣,😌✨🌟🌈,😔💔😞😖,😌✨🌈,😌✨💚🌈,😔😞💔😩,😔😞😩,😊😌💚✨,😊😌💪✨,😌💪🌈,😊💚✨🌈,😊💪🌟🌈,😣😩😔,😔💔😞😣,😌🌈💚,😊✨💚🌟,😔🙏✨,😌✨🌈,😔😞😣,😊😌✨🌟💚,😌💪💚✨🌈,😔💔😞😢,😔💔😞😢,😊💚🌈✨,😔😞😩,✨💪🌟💚😊,😊💚✨,😌✨🌈,😔💔😞😣,😔😞💔,🚨️,😊✨🌈,😊😌💚✨,😌💪🌈,😊✨💚🌟,😊✨💚🌟🌈,😔💔😢😞,😔😞💔😩,😌✨🌟🌈,😊💚✨🌈,😔💔😞😖😩,😌✨🌈💚,😌🙏🌈,😊😌🌈✨,😌✨🙏💚,😔💔😞,😌💚🌟✨,😊😌✨🌟💚,😌🌟💚,😊✨🌈,😊🌟💚😌✨,😊✨💚🌈😌,😊💚🌈✨,😌💚🌈,😊✨🌈💚,😊✨🌟💚,😔💔😞😣,🙏✨💚😌,😢😔😞",1
s-0232,"🙏✨💚🌈,😌✨🙏💚,✨💪🌈😊,😔😣😩,😊🌈✨,😔😞😢😩,😣😖😩😞,😣😖😩,😌💪🌈✨,😌💚✨,😌💪✨🌟,😔😞😩,😰🌑️,😌💚🌈✨,😌💪🌈,😌💚✨🌈,😌💪✨🌈,😔😞😩,😔😞️😰,😢😞😔,😌💪🌈🙏,😌💪🌈✨,😌✨💪,😣😖😩,😔😞😩,😌💚🌈✨,😢😣😔,😔😞😢,😰🌑️,😔😣😖😩,😔😞😢😖,😌💪🌈✨,😔💔😞,😌💪🙏💚,️💀😰🚨,😰️🚨,😣😖😩,😰🌑️,😞😰🌑️,😔😞😩😖,😌💚✨🙏,😌💪🌈,😣😖😩,😌💪✨🌈,😔😞😣,😔😞😩,😌💪🌈,😊💪🌈,😊✨🌟💚,💪😌🌈,🌑🕳️😰️,😞😣😔,✨🌟😊💪🌈,😊💪🌟✨,😊😌💪✨,😌💪🌈,😔😣😖,😔💔😩,😔😣😖,😊😌💪✨,😔😞😩,😌💪🌈,😊😌✨🌈,😊🌈💚,😔😞😰🌑🕳️,😔😞😣😩,😊✨🌟💚,😞😣😔😖,😊✨🌟💚😌,😌✨🌈,😌💚🌈,😊🌟💚,😔😞😣😢,😌✨🌈💚,😌✨🌈,😔😞💔,😔💔😞😣,😌✨💚🌟,😊😌💪,💪✨🌈,😔😖😩😢,😰😖,😔😞😣,😌✨🌈💪,😌💪🌈✨,😔😣😖😩,😔😣😞,😔😞😣😖,😔😞😣😩,😌✨🌈,😌💪🌈,😌🌈💚✨,😊💚🌟🙏😌,😊✨🌟💚,😌💚✨🙏,😌💚✨🌟,😊😌💪🌈,😔😞😩,😊😌✨🌟,💀😰️",1
s-0233,"😊😌✨🌈,😊✨🌈,😊✨🌈,😊💪✨,😌✨🌈💪,😊✨🌈,✨💚😌,😔😞😣💔,😊💚🌟🙏,😊😌💚✨🌟,😔😞💔,😞😔😩💔,💀😰️,😊😌💪✨,😔😞😩,💀️🚨,💚✨🌟,😊😌✨🌈,😰🌑🕳️️,😌💪🌟🌈,😔😞😣😩,😰💀️,💀😰️🌑,💀😰🌑,😌🙏💪✨,😊😌✨💚,😊💚🌈,😣😩😞,😊✨🌈💚,😊😌🙏✨,😊💪✨,😌💪🌈,😌🙏✨,😊✨🌟💚,😌💚✨,😊🌟💚,😊🙏✨,😌✨🌈💪,😰😔🙏,😊😌✨,😌🙏💪,😌🙏💚,✨🌟😊,😊✨🌟,😌💚🌈✨,😊✨😌💚,😌💪✨🌈,😌✨🌈💚,😊😌💚,😔💔😢,😔😢😞,😊✨🌈,😔💔😞😣,😊✨🌈💚,😔💔😞,😌😊💪✨,💔😔😢,😔😞😣😩,😔😞😩,😔💔😞😣,😊🌈✨💪,🙏🙏🙏,😔😞💔,😔😞😣,😊✨💚🌈,💀😰🌑️,💀😰️,😰🌑️,😰😩️,😊😌💚🌈,😔😞😩,😣😖😩💔😢,💀😰🌑,️🌑😰,😔💔😞😢,😌🌈💚,😌💪🌈✨,😌💪✨🌈,🙏😊✨🌈,😔💔😢😞😩,😢😞😣😖,🌈✨💪😊,️😰🌑,😌💪🌈,😌✨🌈,😌🙏✨🌈,😔😞😣,😰🌑️🚨,😰🌑️🕳️,😔😞😣😖,😰🌑️💀,🌑😰🕳️,😞😰️🌑,😔😞😢😣,😖😩💔😞😔,😰🌑🕳️️,😌💪🌟✨,😊😌✨,💀️🌑😰,😊😌💪🌈",1
s-0238,"💀😰🌑️,😊🌟💚🙏,😔😞😣😩,😊✨💪🌈,😔💔😞,😔😞😣😩,🌑😰️🕳️,😰🩸😖,😰🌑💀️,😌✨🌟💚,😰😞💔️",1
s-0245,"😌✨🌟,😌💪🌈,😞😔😩,💊🔪😰️,😔😞😣💔,😔😞😣,😌💪🌈,😔😞💔😣,😔😞😣,😰🌑️🚨,💊😰🌑️,🌑😰️🕳️,😊✨🌈💚,💀💊🕳️🚨,😌💪✨🌈,💀🚨️,😌💪✨🌈,😰🩸️,😌💚🌈✨,😔💔😖😞,💊😰🌑️,😌💪✨🌈,💀🩸💊🌑️,💊😰️🚨,😰️💀🚨,😔😞😩,😊😌✨🌈,💊💀😰🚨️,😌💪🌈,💊💀😰️,😔😞😩,😊✨🙏💚,💊😰️🌑,😌💪💚🙏,😔😞😣,💊💀🚨️,😔💔😣,💀️😰🌑,💀🌑️😰,😔😞😣😖,😌💪🌈✨,😔😞😩,😌💚✨,💀️🚨😰,😔😞😣,😰🌑💀🚨,😔💊😞😣,😰🌑️💀,😊✨🌟💚😌,😌💪🌈✨,😔😣😩😞,😞😣😩,😔😞😣😖,😔😖😩,😊😌✨🌈,💀😰🚨,😞😩😔😢,😔😞😣,😔💔😞,😌💚🙏,😔😞💔😩,😌💪✨🌈,🌑😰💀️,😌💪✨,😔😞😩,💀🕳️🌑️,😔😞😩,🩸😰️🌑,💀🌑😰️,😊🌟💚,😌💪🙏🌈,😌💪🙏,😊😌💚🌈,😔😞😩,😌💚🙏🌈,😔💔😞😣,😢😞😣😩,😔😢😞,🙏💚😌,️🚨😰🌑,💀🕳️️😰,😔😞😣🌑,💀😰🌑️,😰🚨💀️,💀😰🌑️,💀🌑😰️,😌💪🙏🌈,💀🌑😰,😢😔😞😣,😔😞😩😖,😔😣💔😞,😊✨🌈💪,💊😰️,💊😰️🌑,💀💊🩸😰,🔪🩸️,💊💀😰️,😌💪✨🌟,😌💪✨,😌💪🌈",1
s-0247,"🕳️😰🌑️,😊✨🌟💚,😊💪✨,😔😞😢😣,😌💪✨🌈,🩸🔪😰️,💪🌈😌,️🩸😰,😔😢😩,😰🌑🕳️️,😔💔😞,😔😞😣,😊😌💪✨,😊😌💚✨,😔😣😩,🌑😰️🕳️,😔😞😣😩,😊😌✨🌟,😊✨🌈,😔😞😩,😔😞💔,😔💔😣,😔😞😣😖,😊😌🌈✨💪,😌✨💪🌈,😊😌✨🌈,😊✨🌈,😔😞😩💔,😌🙏✨💚,😌✨🙏💚,😌✨🌟,😌💪✨,😊😌✨🌈,😔😞😢😣,😌💚🌈,💪✨🌈,😌💪🌈✨,✨🌟💚,🌑🕳️😰️,😊✨🌟,😊😌✨🌈,😌💪🌈,😊✨🌈🙏,😌💚✨🙏,😌✨🌟,😌💪✨🌈,😊✨🌈💚,😔😢😞😣,😞😣😖😩,😊✨🌟💚,😌💚🌈✨,😌😊✨🌈,😔😢😞😣,😊✨💚🌟,😊✨🌈😌,😌✨🌈💚,😌💪🙏🌈,🌈💪😌✨,️😰💀,😊😌💪✨,😌😊✨,🙏💪😌✨,💪✨😌,😌💪😊,😊💪✨🌈,😊😌🌟💚,🙏💚😌✨🌈,😔😞😣,😔😞😣😩,😔😞😩,😔😞😣,😌🌟💚,😌🌟💚🌈,😌💪🌟,😊✨🌈💪,✨🌟💚,💪✨🌈😌,😌🙏💚✨,😊😌💪🌈,😌💪🌟🙏,😔😞😣,😌✨💚🌈,😊✨🌟,😔😞😩,😊✨🌟,🌈✨💪😊,😰️🌑🕳️,😊💪🙏💚,😊😌💚,😔💔😣😞,😊✨🌟💚,😔😞😣,😌💪✨,😊🌈✨😌,💪✨😌🌈,😔😩😞,😊😌✨🌈,😔😞😩,🌈✨😌,🙏💚😌✨",1
s-0249,"😊✨🌟💚,💀😰🌑️,💀🌑😰️,😔😞😩💔,💀😰️,😰🌑️,😰🌑️🕳️,😔😞😣,🚨💀️,💀🚨️😰,😌💚🌟✨,😌✨💚🙏,😊😌✨,🌑🕳️😞,💀🚨️😰,😔😞😩,😊🌟💚,😔😞💔😩,😊😌💪,😌💪✨🌟,️😰🚨,😔😞💔😣,😰🌑🕳️️,😔💔😞,😌💪🌟🌈,💀😰🌑,😔💔😞😣,😔😞😢,😊✨🌈💚,😔😖😩,😊😌✨🌈,😔😢😞,🌑🕳️😰️,😔😞😣,💀🚨😰️,😔💔😞,😰🌑🕳️️,😌🌈✨🙏,✨🌟💚😊🌈,😰🌑️,😰️🌑,😔😢💔,😔💔😢😞😣,😔😞💔😣,😌💪🌈✨,😔😢😞😣,😔😣😖,😔😫😖😩,😊💪🌈,😔😞😩💔,😌🌟💚🙏,😌💚✨🌟,💀🌑️😰,😔😖😞💔,😰🌑🕳️️,😌💪✨,😔😞😣,😌💪🌈,🌈✨😊💚,😊✨🌈,😔😞😣,😌💪🌈🙏,😞😩💔😔,💔😔😞😢,😌💪✨🌟,😔😞😣,😰🌑️🕳️,😔😞😩,🌑😰️,😔😞😣😩,😔😞😣😖,😌🙏💚,🚨😰,😣😖😩,😔😞😖😩,️💀️,😔😖😩,🌑🕳️😰️,😩😔😞,😔😞😩😖,😰🌑️🕳️,😣😖😩😞,💀😰🌑🕳️,😞😩😔,😔😞😩,😔😞😖😩💔,💀🌑😰️,😞😔😩,😞😩😰,️💀🌑,😰🌑🕳️😖,😩😣😖😞,😊💪✨,😔😞😣,😔😣😖😢,😔😞😩,💀😰️,😞😖😩💔,😔😢😞,😌💪✨",1
s-0257,"😊✨🌟,😔😞😩😣,😌✨🌟,😌💪✨🌈,😔😞😩,😔😞😩,😔😢💔😞,😌🌈💪,😊😌✨,😊✨💚🌟,😊😌💚🌈,😊😌💪🌈,✨🌟😊,😔😞😩,😊✨🌈💚😌,😔😞😢,😊✨🌈💚,😊😌💚🌈,😌💪✨,😌💪🌈,💪✨😌,😔😞😩💔,😊✨🌟,😔😣😖,😔😞😩,😌💪✨🙏,😊💚✨,️🚨😰,😔😞😩,😖😩😞😔,😌✨🙏,😌💪🌟,😊😌💪✨",1
s-0264,"😊😌✨🌟,😊✨🌈💪😌,🌈✨💪😊,😰🌑🕳️️,😊✨💚🌈,😔😢😞,😌✨💚,😊✨🌟💚😌,😌🌈💚🙏,😔😞😣😖,😊💪🌟,😊✨🌟💚,😰🌑🕳️,😊😌💚🌈,🙏✨🌟,😊💪✨,😔💔😞😢,🚨😰💊,😊💚🙏✨,😊💪✨🌟,✨🌟💚,😊✨🌈💪,😊😌✨💪,😊✨🌟,😊💪✨🌟💚,😊✨🌈💪,😌💚🌈✨,😔💔😞😩,😊😌✨,😌✨🙏,💪✨🌟,😰🌑️🚨,😌✨🌈,😌✨🌈💚,😊😌✨🌟,😊😌✨🌈,😊😌💪✨🌈,😌💪🌈,😊✨🌟,💪✨🌈😊,😊✨🌟💚😌,😌😊🌈,😌💪🌈,💚✨🙏😊,😊✨🌟😌💚,😊😌💚🌈,😌💪🌈,😊✨🌈,😌💪🌈✨,🙏💚🌈😊,😊✨🌟💚,😌💪✨🌈,😊✨🌈,😊😌✨🌈,😔😞😣,😔😞😣😩,😊✨🌟💚🙏,😊😌✨💚,😌✨🌟,😊✨🌟,😰🌑️,😰🌑😞😔,✨🌟😊🙏,🔪😰️🚨,😊😌💪,😌💪✨,😌✨🌈,😊😌✨🌈,😌💪✨🌟,😌💪🌈✨,😊😌✨,😌✨💚🌟🙏,🙏✨😊🌟,😌💚🌈✨,💀🩸🌑😰,🚨😰🌑,😊✨🌟,😊😌✨💚,😊😌✨🌈,😊😌💪✨,😊💪✨,😌✨🌈💪,😌💪✨,😖😩😔,🚨😰🌑,😊😌✨,😊✨🌟,😌✨🌟🌈,😊😌🌟,😊✨🌟💪,😊😌✨🌟,😰🌑💀🩸,🕳️😰🌑️,😔😣😩,😌💚✨🌈,😊✨🌟💚,😌🙏💚,🙏😌✨💚🌟,😌✨🌟💚",1
s-0267,"💪✨🌟💚,💀🌑😰️,😰🌑️,😊😌✨,😊💚✨🌈,😰🌑💀,🔪🩸😰️",1
s-0270,"😌💪✨🌈,😊✨🌟💪,😩😞😔😣,🌟💚✨,😊🌟🙏,😊😌🌈,😊😌💚🌈,😊💪✨,😌✨🌈,😌💪✨,😊😌✨,😌✨💚🌈,😊✨🌟,😊💪✨🌟,🌟💚😊,😊💪✨,😌💪🌟,😊✨🌟,😊💚🌈✨,😌✨🌈,😌✨🌟💚,😊😌✨💪🌈,✨🌟💚😊,😌💚🌟✨,😊💚🌈✨,😌💪🙏✨,😊✨🌟😌,😔💔😞😢,😞😔😩,😔😞💔😢,💀🌑😰️,😌✨💪🌈",1
s-0287,"😊✨💚,😰️🌑,😊🌟💚,😊💪🌈✨,😌💪✨🌈,😊✨🌟💚,😌✨🌈,😊🌟💚,😔😞😣,😊✨💚💪,😔😞😣,😖😣💔😞,😊😌💪✨,😔💔😞,😔😞😣😖,😊✨🌈,💪✨🌟😌,😔😞💔😣,😰🌑🕳️️,😰💀️,😔😞😣😖,💀😰🌑,😊😌✨💚,😌✨🙏,😌💪🌟🌈,😔😢😞😩,💊️😰,💪✨🌟💚,💀🚨🌑,😔😞😩,🌑😰️💀,️😰🕳️,️😰🌑,😞😰🌑️,💀️🚨😰,🌑😰🕳️️,💀🌑😰️,💀😰🚨,💀️😰🚨,💀🌑😰️🕳️,🌑💀😰🕳️️,😰🌑️",1
s-0296,"😊💪✨🌈,😊🌟💚,😔💔😞😣,😌💪🙏💚,😔😞😣😩,😌💚🌈✨,🌟💚🙏,😞😩😔💔😣,😊😌✨,😊😌✨,😔😞😩💔,🌑🕳️😰,😊✨🙏🌈,😊✨🙏💚,😊✨🌈💚,😔😞😩😢,😊😌💪✨,😞😣😖,😊✨🌈💚,😌✨🌈💚,😌✨🌈💚,😊✨🌟,😔😞😢💔,😊✨🌟,💔😰🌑️,😔😢💔😞,😌💪🌈,😌💪🙏💚,💚🌈✨😌,😰🌑🕳️,😊😌💪🌈,😊✨🌟💚,😊💚🌟✨,😊🌟💚,😊✨🌟,😌💪✨🌈,😊✨🌈💚😌,😌✨🌈,😌💪🌈,😊✨🌟💚😌,😔😞😣😩,😊✨🌟💚🌈,😌💪🌈✨,😊✨🌟,😊✨🌈,😌💪✨🌟,😊😌💚🌟,😰️🚨,😊😌💚🌟,😔😞😣😩,😌💪✨🌈,😌💪🌈✨,🌟✨😌💚🌈,😌✨🌈😊,😌✨💚🌈,😊😌🌟💚,😊💚🌟,😌✨🌈,😔😢💔😞,😌✨🙏💚,😊😌💪,😊✨🌈,😊😌✨,😌💪✨🌟,😊😌💚🌈,✨🌟😊💚,😌💪✨🌈,😌💪🌈,😔💔😞😣,😌💪🌟💚,😌✨💪,😌💪✨🌈,😊😌💪✨,😊✨💪🌈,😌💪✨🌈,😊😌✨🌟,😊🙏✨,😌😊🌈,😌💪✨🌟,😌💪🌟💚,😌✨🙏💚,😌✨🌟,😊🌟💚✨,😊😌✨🌟💚,😊✨🌟💚,😊😌🌈✨,✨😊💚🌟,😊✨💪🌟🌈,😊😌✨🌈,😊😌✨💚🌟,😌✨🌈💚,😊✨🌈💚,😊✨🌟,😌💚🌟🌈,😌✨🌟💚,😔😞💔,😊✨💚🌟,😊😌✨,😊😌✨🌟,😌💪🌈✨",1
s-0297,"😰😣️,💪✨🌈😊,😊😌💪,💪✨🌈,😊✨🌈💪,😌💚🌈✨,😣😖😩😞💔,😔😞😣💔,😊😌💚✨,😌✨💚",1
s-0298,"😊✨🌟,🚨😰🌑️,😌✨🌟💚,😔💔😢,😔😞💔😣,😌✨🌈,😊😌✨🌟,😌😊💪,😊😌✨,😔😞😣😖,😌💪🌈,😊😌💪🌈,😌💪✨,😊✨🌈,😌💪💚🌈,😊😌✨💚,😌💪✨🌈,😊💚✨🌈,😣😖😩😞,😌💚🌈✨,😊😌💚✨🌈,😊✨🌈,😔😞😢😣,😊😌🌈✨,😌💚✨🌟,😌✨🌈💪,😰️🚨,😊😌✨🌈,😌🙏✨💚,😊😌✨,😊😌💚✨,😊🌈💪✨,😔😢💔😞,😔😞💔,😔😞💔,💪✨😌🌟,😰🌑🕳️,😌💚🌈,😌💪🌈✨,😊😌✨🌈,😊😌🌈,😊💚🌈✨,😌💪✨🌟,😊🌈😌✨,😌💪✨🌟,😊🌈💪,😊😌💚🌟,😌💪✨🌈,😌💪✨,😌💪✨,😊💚🌈✨,😊😌🌟💚,😌💪🌈,😊✨🌟🌈,😌🙏💚🌈,😌✨🌟🙏,😔😣😖,😊✨🌈,😊💚🌈✨,😌💪🌟🌈,🌑💀️,😔😞😩😣,😌💪🌈,😊😌💪🌈,✨🌟💪😊💚,😔😞😩😣,😌💪✨,😌🌟💚🌈,😊😌✨🌈,😌💚✨,😌💚🌟🌈,😰🌑💀,😊😌✨,😊😌💪,😊😌✨🌈,😔😞😣,😊🌈✨💚,😊✨🌈💚,😊😌🌈✨,😊✨🌟💚,😊😌💚🌈,😌💚🌈,😌✨🌈,😊😌✨🌈,😊😌💪🌈,😊😌💚🌈,😊✨🌈,😌💪✨🌈,😌💪✨🌈,😊✨💚🌈,😌💪🌈,😌💪🌟🌈,😌💚🌈✨,😊💪✨,😌💚🙏,😊🌈✨,😌😊✨,😊✨🌈💚,😊😌✨🌟,😊😌✨🌈💚",1
s-0311,"😌✨💚🌈,😌💪🌈,😊✨🌈,😌✨🌈💚,✨🌟😊💚,😊🌟💚,😌💚🌈,😌💪🌟,🌟💚✨😊,😊✨🌟💚,😌✨🌟💚,😔😞😩,😌💪🌈,✨🌟😊💪,😔😞😩😣,🌈💚✨😌,😊😌🌟💚🌈,😊✨🌈,😊😌🌟,😌💪🌈🙏,💪✨🌈,😌💪🌈,😊✨🌟,✨💪🌈,😊😌✨🌟💚,💪✨😌🌟,😊💪✨🌟,😌💪✨🌈,😊😌💚,😊💚🌈✨,😊💚🌈✨,😔😞😣😩,😌✨💚🌈,😊✨🌟💚,💪✨😊,😊💪✨🌈,🌟💪🌈😌,😊😌🌟💚🌈,😊😌✨🌈💚,😊💪✨,😊✨💚🌈,💪✨😌🌟,😊✨🌟💚,😌💚🌟✨,😊💚✨🌟,😊🌈✨💪,😌✨🌟,😌🌈✨,😊😌💚✨,💚🙏✨😌💪,😌💪✨🌈,😌💪🌈✨,✨🌟💚,😌💪🌟🌈,😊🌈✨,😌💪💚🌈,😌💪🌈✨,😊🌟💚😌,😔😢💔😞,😊😌💪,😊😌🌟,😊😌✨🌈,😊😌✨,💚✨🌟,😌💚🌈,😊✨💪🌟,😌✨🌟💚,😊✨🌈💚,😊✨💪,😔😞😣😢,😊✨🌟💚,😊😌✨🌈,😊✨🌈,😌✨🌈💚,😊😌🌟🌈,😊✨💚😌🌟,😔😣😞,😊😌✨🌈,😊💪✨,😊✨🌟,😌💚🌈✨,😊🌟🙏✨,😊💪✨,😊💚🌈✨,😊✨🌈💚,😊✨🌟💚😌,😊✨🌈,😔😢😞💔,😊💪✨🌈,😊😌💪✨,😌✨🌈,💪✨😊🌟,😌💪✨,😊💪✨🌟💚,😊✨🌟,😊😌🌈✨,😊😌✨🌈,😊💚✨😌🌟,😌✨🌈,😊😌✨🌈",1
s-0317,"😔😞😢💔,😊😌✨💚🌈,😊😌🌈,💊😰️🌑,😔💔😞,💀😰️,😊✨🌈,😢😣😩💔,😰🌑🕳️️,😔💔🌑😞,😰🌑🕳️️,🌑🕳️😰️,💀😰️,😰🌑️🕳️,💀🚨😰️,💊💀️,💊💀️😰,😔💔😞😣,💊️💀🚨,💊🌑️😰,🔪🩸😰💀️,💊🩸😰,💊💀🚨,🌑🕳️😰️,😔😞😢😩,😔😞😣😩,😔😞😣,💊😰🚨,😰🌑️💀,💊️💀,😰️😞🌑,😊😌✨,💊😰🌑️,💀️😰️,💀🔪️,😰🌑💀️,😔😞💔,🌑😰🕳️️💔,💀🌑🚨😰,️😰🌑,💀😰️🚨,😰🌑️,😰💀️,😔💔😞😣,😔😞😣😖,😔😢😞😣,😌💪🌈🙏,😔😣😖,😔😞😢,😰😣😖😩,😰🌑🕳️️,💊️😰🚨,💀😰️,🔪🩸️,💊💀️🌑,😌✨🌟,🔪🩸😰,😔💔😞😩,💊🚨️😰,😔😣😞💔,😰🌑️,💀🌑😰️,😔💔😞😣,😔😣😞,🔪😰️🌑,😔😞😖😣,😔😞😣😩,️😰🌑,😔😞😣😖,🌑😰💀️,😔😞😩,😔😣😖😞,💊💀🔪🚨,😰🌑️🕳️,️😰🌑🕳️,😔😣😖,🔪💀️,💀🔪😰,💀🌑😰️,😊😌💪✨,😌💪💚,😔💔😢😞,💔😔😞,😰🌑️,💀😰️,😔😞😣💔,🌑🕳️😰,😔😞😣😩,😔💔😞😣,😔😞💔😣,🌑😰️🕳️,😌✨🌈💚,💀😰🌑️,😔😢😞💔,💊💀😰️,😊🌟💚,😌💪✨😊,😰🌑💀️,💀😰🌑️,😌💪✨🙏",1
s-0318,😔😞😩,1
s-0320,"😊😌🌈✨,😊✨🌟💚,✨💪😊,😔😢😞😣,😌💪🌈💚,😊✨🌟🙏,😔😞😣😩,😌✨🌈💚,😊🙏✨💚,😊💪✨🌟,😌🌈💚✨,😊😌✨🌟,😊🌈✨,🚨💀😰️,😌🌈✨💚,😊😌✨🌈,💀️,😔😞😩,😊🌈✨🙏💚,😊✨🌈,😌🌈✨💚,️😰🌑🚨,😔😣😩,😊😌✨,😔😣😖,😊😌✨🌈,😊✨🌈,😔😞😣💔,😰🌑🕳️️,🌑🕳️😰️,😌💪🌟🙏,😣😩😔,😰🌑🕳️️,😊😌✨🌈,💔😖😣😩,😌💪✨🌈,🚨🌑💀,😔😞💔😢,😌💚✨🌟,😊😌✨,😌💪✨🌈,😰🌑️🕳️,😰🌑️🕳️,💀😰️,😔😞😣😖,😊🌈💪✨,😌💚🌈,💀😰️,😰🌑️,😔😞😩💔,😣😖😩,😊😌✨🌈,😊✨💚,😌💚🌟🙏,😌💪🌈,😔😞😖😣😩,😔😣😩,😰🌑🚨,😌💪🌈🙏,😔💔😞😣😩,💪😌✨,💪🙏💚,😊😌✨,😔😞😣,😌💚✨🌈,😌✨🌟🌈,😊🌟💚,😊😌💪🌈,😊🌟💚,😊😌💪✨,😌💪🌟,😌💪🌈✨,😊😌✨,😊😌💪✨,😌💪🌈✨,😌💪✨🌈,😰️🩸,😊🙏✨💚,😰️,😊😌💪🌈,😊😌💪,😊😌🌈,💪🌈😌,😔😢😩,😌💪🌟,😊😌🌈,😊😌🌟,😊😌✨🌈,😌💪✨🌈,😊💪✨🌈,😔💔😣😰🌑,💊💀😰🚨,😔😞😩,💀🌑😰️,💀💊😰,💊💀️😰,😊😌💚,😊💚✨,😌✨🌟🌈,😔😞😣😩",1
s-0325,💀😰️,1
s-0328,"😊✨🌈💚,💪✨😌🌈,😌💪🌈,😊✨🌈💪,😔😞😣😖,😌💪🙏,😊💪✨🌈,😊💚🌈✨,😊💚✨,😊✨🌈💚,😌💪✨🌈,🌟✨💚,😊✨🌈💚,😊🌟✨,😔😞😩,😊😌💚✨,😌💪🌈,😊😌💪🌈,😌💪✨,😢😔😞,😌💪✨🌈,😔😞😩,😌💪🌈,😔😩💔😞,😊😌💚,😊✨🙏💚,😊💚✨,😌💪💚,😔😞😣😖,💪✨😌,😊😌✨🌟,😊😌💪,😊😌✨🌈,😊😌💪🌈,🌈💚🙏✨,😌💪✨,😌💪🌈🙏",1
s-0332,😌✨🌈💚,1
s-0342,"😊🌟💚🙏,😊😌💪✨🌟,😰️🌑,💀🌑😰️,😊✨🌈💪,😔😞😩💔,😌💪🌟🌈,😊✨🌟,😊✨🌟💚,😊✨🌈💪,😊😌✨🌈,😞😣😩,😢😣😞,😔😞😣💔,😊✨🌟💪,😔💔😞😣,😔😣😩😞,😊😌✨🌟💚,😊😌💪✨🌟,😊✨🌟,😊✨🌈,😊✨🌟💚,😊😌💚✨,😊🌟💚✨,😞😣😩😖,😔💔😞😢,😞😔😣💔,😔💔😞😣,😔💔😞😢,😊✨🌟,😊✨🌟💚😌,🌑😰️🕳️,😊✨🌟,😊✨🌟💚,🌈✨😌,😊✨🌟,😊✨🌟,🙏💚✨😌,💪😌✨🌟,😊😌✨🌈,💔😔😞,🌈💪✨🙏,😊😌💚✨🌈,😊💚🌟✨,😊😌💪✨,😔😞🙏💚,💪✨🌟,😔💔😞😩,😌🌈✨,😞😰️,😔😞😢,😔💔😞😩,😰🌑😩💔😞,😔😞😣,😔😞💔😣,😔😢😞,😌💪✨🌈,😔💔😞😢,😌✨🌈💚,😊✨🌈,😊✨🌟💚,😊✨🌈,😔😞💔,😢😔😞,😊✨🌟,😊😌✨🌟,😊✨🌈💚,😊😌🌈,😊💪🌟,😌💪✨,😊🌟💚🌈💪,😔😞😣,😊✨🌟💚,😊💪✨,😌💪✨🌟,😊🌟✨💪,😊😌💚,😔😞💔😢,😔💔😞😣,💪✨😌🌈,😊✨🌈,💪✨🙏🌈,😊💚🌈✨,😊✨🌈💚,🙏💚😌✨,😌✨🌈💪,💪✨🙏🌈,😔😞😣,😌🌈💪✨,😔😞💔😖,😔😞😢😩,😔💔😞😣,😌✨🌟💪,😊💚🌈,😊✨🌟🌈,😊✨🌟,😔😢😞,😊✨🌟💚,😊✨🌟",1
s-0352,"😌✨💪,💪✨😌,😖😩😞😔,😖😩😣,😌💪🌈✨,😢😞😩😔,😔😢😩,😌💪🌈✨,😌💪🌟🌈,😔💔😢😰,😌💪✨🌈,😢😣😞😔,😊😌✨,😊😌🌟🌈,😔💔😞,😌✨💪,💪✨😌,😊😌✨🌈,😊😌💚✨🌟,😊😌💪,😌💪✨🌈💚,😌💪✨,😊😌💪,😌💪✨,😌💪🌟🙏💚,😔😞😩,😌💪✨💚,😌💚🌈✨,😌💪✨,😌✨🌈💚,😌💪🌈,😌💚✨,😌💪✨🌈,😌💪🌈,😌💪✨🙏,😌✨💚🌈,😌💪🌈,😔😞😣😖,😊💪✨🌈,😊💪✨🌟,😌💪🌈✨,😔😞😣,😌💚🌈,😔😞😩,😊😌💪,😊😌💪✨,😊😌✨🌈,😊✨🌟,😊😌💚✨,😌✨🌈💚,😌✨💪,😌💪✨🌈,🚨💀️🌑,😌💪🌟,😊😌✨,😔😞😣💔,😊✨🌟,😊✨🌈💚,😌💚🌈✨,😊💪✨🌈,😊😌✨,😔😞😣,😔😣😖😩,😊😌🌈✨💚,😊😌✨🌟,😌💪✨🌟,😌💚✨🌟,😊😌✨🌈,😌💪✨🌈,😌💪🌈,😌✨🌈🙏,😌💪🙏🌈,😌💪🌈,😌💚✨🌟,😊😌✨🌟,😊✨😌🌈,😊😌💚✨,😌✨🌈,😊😌💪🌈,😌✨🙏💚,😊💪✨🌈,😔😞😢😣,😌💚🙏,😌✨🌟🙏,😔😞😣😖,😊😌✨🌈,😊😌✨,😌💚🌈,💪✨🌟,😌💪🌟🌈,😊😌💪✨,😌✨💪🌈,😌💪🌟💚,😊🌟💚,😔😞💔,😌💪✨🌈,😊😌✨,😌💪✨,😌💪🌟🙏",1
s-0356,"😔😞😣😩,😊✨🌟,💀😰🌑,😰🌑🕳️️,😣😖😩,😊✨🌈,😔😞😣😩,️😰🌑🕳️,😊✨🌟,🌈✨😌,😊😌✨🌟,😊✨🌟💚🌈,😊😌✨🌟,😌💪✨🌟,😔💔😞😣,💀🌑😰️🕳️,🙏✨😌🌟💚,😊😌💚🌈,😊✨🌟,😊✨🌟,😊😌✨🌈,😊😌🙏,😊🌈💪✨,😰🌑️,😊😌✨🌟💚,😰🌑️,😌💚🌈✨,💚🙏✨🌟,😊💪✨,😔😞😖😩💔,💊🩸💀️,😔😞😣,😔😣😖😩,😔😞😖💔😩,😌💪✨,💀🔪🌑️😰,😌✨💪🌈,😔💔😞,😰️🌑🕳️,🌑🕳️😞️,😌🌈💪✨,😌✨🌟💚,️🚨😰💀,🌟✨💚,😔😢💔😞,💪✨🌈😌,😔😞😣😖,💀🌑😔️,🩸🌑😰️,😰🌑🕳️️,😌✨🌟💚,😰🌑️🕳️,😔😞😩,💪✨🌈,😔😞😣😩,😔😢💔😞,️🌑😰💀,😔💔😞😢,😊😌💪,💪✨🌈💚,😌🙏💚🌈,😌💪🌟🙏,🚨💀️😰,😔😞😣😩,😔😣😞😖,💀🌑😰️,🌑😰😖😔,💉🌑😰🩸,😔🌑😞🕳️😣,🌟🙏🌈😊💚",1
s-0361,"😌🌈✨💚,😌💪🌈,😌💪🙏,😊✨🌟💚,😰🌑🕳️,😊🌟🌈,😊💪✨,💀🌑😰️,🔪🩸😰🌑️,🙏✨🌈,😢😞😔,😌💚🌈🙏,💪🌈🙏✨,😌💚✨🌈,😰🌑️,😔😣😞,😌💪✨,😊✨🌟💚,🌑🕳️😰️,😔😞😩,😌💪✨🌟,😔😞😣,😌💪✨🌟,😔😞😣😖,😌✨🌈,😔😞😩💔,😔😞😢😣,😊💚🌈,😔😞😢,😔😞💔😢,😔😞😣😖💔,😔😞💔,🌟😌💚✨,😔😞😣,😊✨🌈,😊✨🌈,😊💚🌈,😌✨🌈,💀🌑️😰,😩😔🌑😞,😊✨🌟💚,😊✨🌈,😌✨🌈💚,😔💔😞😢,😔😣😩,💀🕳️️,😔💔😞😣,😔😰🕳️️,😔😞✨,😊💚🌟🙏,😔💔😢,😌💚✨🙏,😌💚🌟,💀🌑😰️,🌑😰🕳️️,😔😞😣😖,😔💔😞😩,😔😞😖😩,😞😔💔😣,😔😞😣😩,😔😞😣😩,😔💔😞😣,😔😣😖😞,😊💪🌈✨,😔😞😩💔,😰🌑😩️",1
s-0365,"😊😌✨🌈,😔😣😞😖,😔💔😞😣,😔💔😞😣,🌑😰️🕳️,😔💔😖,😔💔😞,✨🌟🙏💚,😊✨🌈💚,💀😰️,😊✨🌟,😌💚✨🙏,😊🌟💚,💔😔😞😣,😢😔😞😣,✨🌟💚😊,😊💪✨🌟,✨🌟💪😊,😌💚🌈✨,😊✨🌟💪,😊✨🌟💚,😌✨🙏🌟,😊✨🌈💪,😊😌💪✨🌟,😊🌟🌈💚,😊🌟💚,😌✨🙏,😊😌✨🌟,😌🌟🙏🌈,😔😞️😢,😊✨🌟,🌟✨😌,💚🌈✨,🙏💚✨🌟,😌✨🌈,😊😌💚🌈,😔😞😣,😔💔😞😢,😰🕳️😖️,😔😣😩💔,😔😞😌😣,😔💔😢😞,😊✨🌈💚,😌🌈✨,😊😌💚,💀🌑🕳️️,💊💉💀️,😊😌💚🌈,😔😞💔😣,😔💔😞,😊💚🌈,😊✨🌟💚,😔💔😞😢,😊✨🌟,💪🌈🙏💚,😊😌✨🌈",1
s-0366,"🙏💪🌈,🙏💚😌✨,💪✨🌈😊,😢😔💔😞,😊😌💪,🙏✨🌟😌💚,😔😞😖💔,😌💪✨🌈,😔😞💔😣,😔😞💔😢,😔😞💔,😌💚✨,😔😞😣😩,😔💔😞😩,😔😞💔😢,😔😣😩,😔😞😢😣,😔😞💔😣,💪✨🌈,😔😞😣😖,😊😌💪✨,😊💪🌟🌈,😊🌟🙏,🙏✨🌈😌,🙏😌✨🌟,😌✨💪🌈,😌🙏💚🌈,🌑😰💔,😌✨🌈,🌈💪💚,😔😞😣😩,🙏✨💪🌟💚,🙏✨😌💚,💪✨💚🌟,😔💔😞,🙏😌🌟,🙏✨😌💚🌟,😌✨🌈🙏,😊💚🌈,😌💪🌈✨,😌💪✨,😔😞💔😣,😔💔😞😢,😔😢😞😣,💀️😰️,🙏💚🌈,🙏✨💚😌🌟,😌🙏✨,🌟💚🌈✨,🙏✨😌,😌💪💚🙏,😌🙏💚,🙏💪💚✨,💚🙏✨💪,🙏😌💚🌈,😊💪✨,😌✨🙏💪,😌🙏💚✨,😌🙏🌈,🙏💚😌🌟,🚨️😰,😰🌑️,😊✨🌈💚,😊🌟🙏💚,😊✨🌟,😊✨🌟🙏,😌✨🙏🌈,🌈✨😌💚,😊✨🌟,🙏✨😊🌟💚,😌🙏✨💚,😌🙏✨💚,😌🙏✨,😌🙏✨💚,🙏😌✨💚,😊😌✨🌟,🙏✨😌💚,😌💚🙏🌈,💪✨💚🙏🌈,😌✨🙏💚,🙏✨😌💚,💚🙏✨🌟,😊💚🌈,🙏💚✨🌈,🙏✨💚🌈,😊✨🌟💚🌈,😊😌✨🌟,😊✨🌟💚,✨🌟💚,😊✨🌈,🙏💚😌🌈,😊✨🌈💪,🙏💚✨😌🌟,😊😌💪🌟🌈,🙏💚✨😌,😊🌟🙏🌈,🙏✨😌,😌✨🙏🌈,😊😌✨🌟",1
s-0379,"😞😔😣😩,😔😞️,😔😞😣😩,😞😖😰,😔💔😣😞,😌✨🌟💚,😔💔😞😢,😔💔😞😩,😊😌✨🌟,😌💪✨🌟,💔😔😞😣😩,😔💔😞😣,😔💔😞😣,😌💚🌈✨,😔😞😣,😊🌈✨,😔😞😢😣,😔💔😞,💪✨🌟😌,🌈😌✨💚,💪✨😌,🌟💚🌈😌,😊✨🌈💪,😊✨🌟💚,😊🌈💪✨,😰🌑😣😩,😊✨🌈,😌💪🌟,🌟✨😊💚,😔💔😞😢,😌✨🌈💚,😔💔😞😣,😔💔😞,😌✨🌈💚🌟,😔💔😞😣,😌✨🌈,😔💔😞😣,😔💔😞,💚😌🌈,😌💪✨🌈,😊😌✨🌟🌈,😔😞😩,😌✨🌟,🌈😌✨😊,😔😞😣💔,😌💚✨,💪✨🌟😊,😔💔😞,️🚨🌑😰",1
s-0385,"😊💪✨,😊😌💪✨,😔😢💔,😊✨🌈,😌🌈🙏,😔😞💔😢,😊✨🙏,😌✨🌈💚,😊✨🌈💚,😔😞😌,😰🌑💀,🌑🕳️😰️,😰🌑️,😔😞😣💔😢,😔😞😣😩,😔😣😩,😌✨🌟💚,🚨️💀😰,😌✨🙏💚,💀😰🌑️,😔😢😞😣,😊✨🌟💚,😌💪✨🌈,😌✨🌈💚,😊😌💪,😊💚🌈,😔😞😢💔,😊✨🌈,😖😣😩😞,🌑🕳️💀️,✨😊💪,😔😣😞💔,🌑😔😣😞,😔😖🌑😞,😔😞😩💔,🌟💚✨,😌✨🌟💚🌈,😔😞💔,💪✨🌈💚,😔😣😞😖,😌💚🙏,😌💪✨🌈,😌💪🌈,😣😖😩😞,😊🙏✨,😌💚🌈,😔😞😣💔,🙏✨💚,😊💚✨,😊😌💪✨,😊✨🌟,😊😌✨🌈,😌💪🙏,😊✨🌈💪🌟,😔😞😢😣,😊😌💪🌈,😔😞💔,🙏✨🌟💚,😰️🌑,😊✨🌈💚,😊😌🌈,😊✨🌈,😌🌈💪,😌💪🌈✨,😌💪🌈💚,😌💚🌟,😔💔😞😣,😌💪✨🌈,😔😞😢,😊🌈✨,😔😞😩💔,😌💪✨🌈,😰🌑💔😞,😊😌✨🌈,😔😞😣😩,🙏💚😌✨,😔😞😣,😔😞😣😩,😌💪✨🌟,😞😣😖😩,😔😞😣,😔😞🌑💔,😊💚✨🌟,😊😌💪✨,😌🌈💚✨,😔😞😣,😊🌈✨💪,😔😞😩,😔😞😖,😩😣😖😞,😌💪✨🌈,😊🌟💚,😊🌟💪✨,😊🌟🌈,😔😞😣😖,😔😞😣😩,🌑😰️,😔💔😞,😌💪🌈,😊😌💚🌈",1
s-0387,😊✨🌟,1
s-0388,"😊✨🙏,😔💔😢,😔😣😩,😣😞😔😩,😊😌🌟💚,😔😞😩,😌💪🌈,🚨️🌑😰,😌✨🙏💚,🌑🕳️😰️💀,🚨️🌑😰,😊💚✨🌈,😌💪✨,😔😞😣😖,😌💪🌟💚,😰🌑️😔,💚🌈✨,😔😞😩,💀🌑,😌💪🌈,😊😌💪💚,😊✨🌟,😔💔😢,😊💚✨🌈,😔😞😣😩,🚨💀😰🌑,😌💚🌈,😰🌑🕳️️,😰️🌑,😔😞😣,😌✨🌟,😔😞😣💔,🌈💚✨😌💪,😌✨🙏,😔😞😩💔,🙏💚🌈,😔😞😣😩,🌑🕳️😰️,🌑😰😖😢,😔😞😢😣,😔😣😖😩,😊💪🌈,😔😞😣,😔💔😞,😔💔😞😢,😔😞😣😩,😔💔😞🌑,😔😞💔😣,😔😞😣😖,🌑😰💀️,😔😞😣,😔😞😣,😔😞💔😢,😢😖😩😔,😔😞😣,😊💪🌈✨,😔😞😖😩,😌💪🌈,️💀️😰,💀😰️,😊🌟💚,😩😔😞😖,😔😢😞,😢😔💔😞😣,🌟💚😌✨,😌💪🙏🌈,😌💚✨🌟,😔😞😣,😌💪🌈,😔😞😩,😔😞😩,️😰,😔😞😖💔,😔😞😣😩,😔💔😞😣,😌💚🌈,💔😔😞,😔💔😞,😔😞😩🌑,💊😰️,😔😣😖😩,😢💔😞😔,💔😔😞😣,😰😣️,😔😞😢😣,😔😣😖😩,😢😔😞,😰😣️😖,😔😖😞😣,😔💔😢😩,😔😢😣😖,😔😞😩,😔😞😩,😔😞😣,😔😞😣😩,💀🩸🚨😰,😔💔😞,😔😞😣😩,😔😞💔😣",1
s-0394,"🌑😰🚨,😔💔😞,😌✨🌈💚,🕳️😰🌑️,🌑😰🕳️️,😔😞😣,😰🌑😖💔,😰🌑🕳️️,😔😣😞,😌✨🌈💚,💔😞😔😢,😊😌💪,😊😌💪✨🌈,😔😞😣,️😰🌑,🩸💀🌑😰️,😔😞😣😩,😔💔😞😣,😔😣💔,😔😢💔😞,😌💪🌈,💀😰️,😞😩,😊😌💚🌈,😌✨🌈,😊💪🌟,😔😢💔😞,😊💚🌈,🌑🩸😖️,😰🌑️,😔😞💔,😊😌✨🌈,🌑🕳️😰,💔😰🌑🕳️️,😔💔😞😩,😔💔😞😢,🌑🕳️😰️,😞🌑💔😔,💪🙏🌈,😌🙏✨,😊😌✨💚🌈,😌🌟🌈💪,😔😢💔😞,😞😣🌑😩,️😰🌑,😰🌑️💔😖,😔😞💔😩,😔💔😞😣,💀🌑😰️,😔💔😞😩,😌💪✨🙏,😌💪✨🌈,😰🚨️,💔😖😞😔,😔💔😣,💀😰️,🌑🕳️😰️,🩸😰🌑💀️,💪✨🌈😌,😔😞😣😩,😔😞😣,😔😣😖😩,😔💔😞😩,🙏💚🌈,😰🌑🕳️,😔💔😞😣,😔😞😣😩,😔😞😢,😖😩😞😣,😔😞😣",1
s-0395,"💚🌈🙏✨,😊✨🌟,😊🌟🙏,😊🌟💚✨,😊✨🌟,😊✨🌟💚🌈,😊✨🌟,😊✨🌟💚,🌟😊💚✨,✨🌟😊,😊✨🌟💚,✨🌟😊💚,😊✨🌟,😊✨🌟💚,😊✨🌟💚,😊✨🌟💚",1
s-0398,"💚🙏✨,😔😞😣,😌🙏💪🌈,😔💔😢,😌💪🌟🌈,😌✨🌟💚,😔😞🌟🌈,😊✨🌟💚,😊😌✨🌈,😌💪💚🌈,😌💚🌈✨,✨💪🌟😊,😊😌🌟💚,😌💪✨🌈,😊😌💪🌟,😊😌✨🌟,😊✨🌈😌,😊😌💪✨,😊✨💪,😌✨💚🌈,😌💚🌈,😌✨💚,😌✨🌈,😌✨🌈,😊😌✨,😊✨💚🌈,😌💪✨🌈,😊😌✨🌟,😔💔😞,😔😞😣😖,😌💪✨,😔😞😢,😊✨🌟,😊💪✨🌈,😌💪✨🌟,😊😌✨🌈,😊😌✨🌈,😊✨🌈😌,😔😞😣😖,😊✨💚🌟,😊🌈💪✨,😌💪🌟💚,😔😞😩,😊😌✨🌈,😔💔😢,🚨️🕳️😰,😌✨🌟,😊✨🌟,😌✨🌈💪,😊😌✨,😌💪🙏💚,😊😌🌟💚,😌💪✨🌈,😔😞😣,😌💪✨🙏,😌💪🙏✨,😌💪🌈✨,😰🌑️,😊😌✨,😔💔😞,✨🌟😊,😌😊🌈💪,😊😌✨🌟,😌✨😊💪,😔😣😩,😌💪🌈,😌✨💪🌈,🌑😰💀🕳️,😊✨💚🌈,😊✨🌈💚😌,😌✨🌈",1
s-0406,😰🌑🕳️️,1
s-0422,"😞😔😣😩,😌💪✨🌈,😞😖💔😩😔,😔😞😩,😌💪🌈,😊😌💪✨🌟,😌💪🌈,😔😞😣😩,🌑💀😰️,😊✨🌈💪,😔😣😖😩,🩸😰️,😰🌑️💔,😔💔😞,😔😞😩,😌✨🌈,😌💪🌈,😔💔🌑,️😰,😔💔😞😩,😊😌🌈,😰🌑️💀,😔💔😞😩,😌✨🙏💚",1
s-0427,"😊💪✨,😊✨💪🌈💚,😔💔😢,😌🌟💚🙏,🌈✨🙏💚😊,🙏✨😊💚🌈,🌈💪✨🌟,😊💪💚✨,😊✨🌈💪,😊✨🌈,😊✨🌈💪",1
s-0430,"😊😌💪,😔😞😩,😔😞😢,😔😞😩💔,😔😞😣💔,😊😌✨🌈,😊😌🙏,😔💔😣,😌💪✨,😔😞😩,😔😣😖,😌✨🌟💚,😌🌟🌈💪,😔😞😢💔,😔😞😣,😢😔😞,😢😣😩😖💔,😔😞😣,😊🙏😌✨,😔😞😣😖,😔😞😖,😌🌟💚🌈,😌✨💚🌈,😊😌🌟💚,😔😞😣😩,😊✨🌈💪,😔😞😣,😔😞😢😣,😊✨🌈,😌💚✨🙏,💪😌🌟💚,😔💔😞😣,😌💚🌈✨,😌✨🌈,😔💔😞😣😩,😌💪✨🌈,😊😌✨,😊🌟💚✨,😔😞😣😩,😊✨🌟🌈,😊😌✨🌈,😔😞💔😣,😔😞😣,😌✨💚,😌💚🌟🙏,😔😞💔,😔💔😞,😔😣😩💔,😔💔😞😢😩,😌✨🌟,😔💔😞😩,😔😞😢😣,😔🌑😞💔,😰🕳️🌑️,😌✨🌈,😌💪🌈✨,🚨🌑️,🌑😰🕳️💔😞,😔😞😢,😌💪✨🌈,😌💚✨🌈,😊😌✨,😊✨🌈,😌🙏✨,😔😞😣,😔😞😣,😔😞😣,😔💔😣,😔😞😣😩,😌💪✨,️😰🌑🕳️,😔😞😩,😌💪💚🌈,😌✨💚🌈,😔😣😞,🌑️💀,😔💔😞,😔😞😩,😔😞😢,😔😞😣,😊💚✨🌈,😔😞😩,😔😣😩💔,😌✨🙏,😔😞😣,😔😞😩😖,😌💪🌟🌈,💔😔😞😢,😔💔😩😞,😌💪✨,😌💚✨🙏,😔😣😞,💪✨😌🌟,😔😞😣😩,🕳️😰️🌑,😌🌈✨,😔😞😣,😔💔😞😢,😔😞😣,😌💪✨🌟",1
s-0434,"😔😞💔😣,😔😞😣,😔😞😣,😌💚🌈💪,😰🌑️🕳️,💪💚🌟🙏,😊🌟💚✨,😊💚✨🌟,😩😢😔😞,😰️,😊😌✨,😌💪🌈✨,😌💪🌈,😔😞😣😩,😰🌑️🕳️,😊😌✨🌈,😌✨🙏💚,😊😌💪,️😰🌑🕳️,😊😌💪✨,😊✨💪🌈,💀️🚨😰,💊😰️,😌💪🌈🙏,💚😌✨🙏,😌😊✨🌟,😌💪🌟,😊😌💪✨🌟,😊✨🌟🌈,😌💪✨🌈,😌✨💚,😊😌✨,😌💪🌈,😌💪🌈,😊💚🌈,😊✨🌈,😊🌟💚✨,😌💪✨,😌✨🙏💚,😌✨🌟,😣😖💔😩,😊😌💚,😔😞😣,😔💔😞😣,😔😞😣😢😩,😊💚🌈🙏,😊😌✨🌈,😊😌✨🙏,😔😞😣😖,😢😞😔,😔😣😩😞,😊😌💚✨🌈,😌✨💚🌈,😔😣😞😖,😊✨🌈,😊😌✨💚,😌🙏✨💚,😊😌💪🌈,😌🌟💚🙏,😌💪🌈,😊💪✨,😊😌✨🌟,😌💪✨🌈,🙏💚🌟✨🌈,🩸🔪️,😌💪✨🌈,😔😞😣😩,😔😞😣😩,😌💪✨🌟,😊😌💪",1
s-0445,"😊😌🌈,😊😌💪🌈,🙏💪✨🌈,😊💪✨🌟,😊😌💪,😊✨💚🌈,🌈✨😌💚🌟,🙏😊💚,😊🙏✨,😊💪✨🌟,😌💪✨🌟,😌😊💪,😌🙏💪✨,🙏✨💪,😊💪✨🌟,😊😌✨🌟,😊💪✨🌟,😊😌🌈💚,😊💚✨🌟,😊😌💪,😊😌🌈✨,😔😞😣😖,💪✨🌟💚,😔😞😩😢,😌✨🌟💪,😊✨🌟💚,🌈😊✨🙏,😔💔😞,😊✨🌟💚,😊✨🌟🙏,😊💚🌟🙏,😌✨💚🙏,😊✨🌟💚🌈,😊🌟🙏✨🌈,😊✨🌈,😔😢💔😞,😊✨🌟,😊✨🌟,😊✨💚🌈,😰️🌑🚨,😊✨🌟,😊😌✨,😌✨🌟,😊✨🌈💚,💚✨😊🌈,😔😞😩,😊😌🙏🌟💚,😌💚✨🌟,😊😌✨🌈,️😰🕳️,😔😞😩,😊💪✨🌟,💪😌🌈,😌✨💪🌟,😊😌💪🌈,😊💪🌟🌈,😊😌✨💚,😔💔😞😢,😰🌑️💀,😌💪✨🌈,😊🌟💚😌✨,😊💚✨🙏,😔😞😩💔,😌💪🌈,😊✨🌈💚,😌💪✨🌈,😌✨💪,😌💪✨🌈,😊😌💪🌈,😌✨💚,😊😌✨,😊😌✨🌈,😊😌✨🌟,😊😌🌟🙏,💪✨🌈,😊😌💪🌈,😊😌✨💚,😊😌✨,😊✨💚🌈,💪✨😌🌈,😊✨🌟,😌✨🌈,😊😌✨🌈,😊💪✨🌈,😊😌💚,😊😌✨🌈,😊🌈✨,😊✨🌈,😊💪✨🌈,😊💪✨🌈,😊😌🌟,😊😌🌟,😌🙏💚,😊🌟💚,😊😌💪🌈,😌✨🙏💚,😔😞😣",1
s-0448,"😊😌✨🌟,🌟✨😊🙏,😌✨🙏,😌💪✨🌟,😊😌✨🌟,😊😌✨🌈💚,😊😌💚✨,😊😌✨,😊😌✨💚🌈,😌✨🌈,😊😌✨🌈,😌💪🌟🌈,😊😌✨🌈,😊✨🌟💚,😊😌🌈,😊✨🌈💚,😊✨🌟,💊😰️🌑,😊✨🌟,😊🌟💚,😊😌✨🌟,😞😔😣,😣😞😩,😊😌✨🌟,😌✨🌟💚,😊✨🌟💚😌,😊✨🌟,😌💪🌈,😊✨🌟,😌💚🌟🙏,😌✨💚😊,😊😌💚,😊😌✨🌟💚,😊😌🙏✨,😌💪✨,😊✨🌟,😊😌🌈,😊💚🌟,😊🌟💚✨,😌💪✨🌟🌈,😊😌🌟💚,😌✨🌈💪,😌✨🌈💚,😊😌💚🌈,😌✨💪🌈,😌✨🌟💚,😊😌💪✨🌈,😌✨🌟🌈,😊😌🌟💚,😊😌✨🌈,😊🌟💚🌈,😊😌💪✨🌈,😊😌🌈💚,😌💚✨,😊😌✨🌟,😊😌✨🌟💚,😌✨🌈🙏,🙏✨😌🌈,😔😞😣,😌💪🌈,😊😌✨🌟,😌✨🌈💚,😌✨🌟💚🌈,😌🌈✨💚,😊🌟💚✨,😊😌🌟🌈,😌🙏💚,😌💪🌟💚,😊✨🌟,😌✨💚🌈,😊🌟💚🌈,😌💚🙏🌈,😊😌✨🌈,😌✨🌈💚🙏,😌💚🙏🌈,😌💪✨,😊✨🌈💚,😔😞😣,😌💚🌈,😊😌💪🌈,😊💚🌈✨,💀😰️,😔💔😞😢,😊😌✨🌟,😊😌✨🌟💚,😌✨🌈😊,😌💪✨,😔😞😢,😊😌✨🌈,😊😌✨🌟💚,😊😌✨🌟,😊✨🌈💚,😊😌✨💚,😌✨🌟🙏,😰🌑️🚨,😊✨🌟,😊😌🌈,😌🌈💪✨,😔😞😩,😌🙏💚🌈",1
s-0468,"😌😊🌟💚,😊✨🌟💪🙏,😢😞😔,✨🌟💚😊,😌💪✨🌟,💊😰🚨,😌💪✨🌟,😌✨🌈,😊😌💪🌈,😊✨🌟💚,😊✨🌈,😊😌✨🌟,😊😌💪🌟,😊✨🌈,😊✨🌟💚,😊💚🌈✨,😊💚🌈,💊️😰🚨,💪✨🌈😊,😊✨🙏💚,😊💚✨🌈,😊🙏✨,😊💪🌈,😊😌✨🌈,😊✨🌈,😊🌟💚,😊✨🌈💚,😌💪✨🙏,😌💪🌈✨,😊✨🌟💚😌,✨🌟💚🌈,😊😌✨🌈,😊✨🌟,😊😌💚,😊✨🌟,💀😰️,😔😞️,😌💚🌈,😊✨🌈,😔😞🌑😩,😊✨😌💚,😊😌💪🌈,😊💚✨🌈,😊😌💪,💀😰️,😔💔😞😢,🚨🩸🕳️😰,😔😞😩,😌💚🙏,😊💚🌈,😊💚✨🌈,😊✨💚🌈,😊😌🌈,😊😌🌟,😌✨🌟💚,😊✨💪,😌💪🌈,😌💪✨🌈,😌✨🙏,😰🌑🕳️,😊😌💪🌈,😔😞😢,😔😢😞,😔😞😣😢,😔😞😢😩,😔😞😢😩,😊✨🌈,😊😌💚🌈,😔😞😣😖,😔😞😣,😌💪✨🌟,😌💪🌈,🩸💀😰🌑,😊😌💚🌈,😊💪✨🌈,😊✨🌟,😊✨🌈😌,😌💪💚🙏,😰🚨️,🌑🕳️😰️,😊✨🌟,😔😞😩,😌✨🌈,😔😞💔,️😰🌑😔,😊✨🌟,😔😣💔😖,😔😞😢😣,😌😊🌟,😌🌟💚🌈,😔😞😣,😔😞😩😣,😔😞😩,😔💔😞😣,😊✨🌟💚😌,😊😌✨,😔😞😣😩,😊😌✨🌈,😌✨🌈😊,😌✨💚🌟",1
s-0475,"😊🌟💚🙏✨,😊🌟💚,😊💚🌟😌,😔😞💔,😊✨🌈💚🌟,😌🌈💚✨,😊💪✨,😌💪🙏💚,😌🙏💚🌈,😔😢💔😞,😊😌🌟💚,😊💪✨,😊💚✨,✨💪🌟😊,😊💪✨,😊✨💚,✨💪🌟😊,😊✨🌟💚,😊🌟💪✨,😊✨🌟💚💪,😊✨💪,😊✨🌟💚,😊✨💪,✨🌟💚😊,😊✨💚,✨🌟💚,💚✨😊🌟,✨🌟💚😊,💪✨🌟💚,😊✨🌟,😊✨🌟,😊✨💚🌟,😊✨💚🌟💪,💚✨🌟😊,😊✨🌟,✨🌟💚😊💪,✨🌟💚,✨💚😊,✨🌟💪💚😊,😊✨💚🌟,😊✨🌟,😊✨💚🌟,😊✨🌟,✨💪💚🌟,😊✨💚🌟💪,😊✨💚🌟,😊✨💚🌟💪,😊✨💚,✨💪💚🌟,💚✨🌟,✨🌟💚,😊✨💪🌟,💪✨🌟,😊💚✨🌟💪,✨🌟💚😊,😊🌟💪,😊💚✨,😊✨🌟,✨💪🌟😊💚,😊✨🌟💪,✨💚🌟😊,💚✨😊🌟💪,✨🌟😊💪,😊💪✨🌟💚,😊✨💚🌟,😊✨🌟💚💪,✨💪😊🌟,✨🌟💪,✨🌟💚😊,✨🌟💚😊,✨🌟💚,😊✨💚🌟,✨🌟💚,💚✨🌟😊,😊✨🌟,✨🌟💚🌈😊,✨🌟💚😊,✨💪🌟😊,😊✨🌟💚,😊✨🌟💚,😊💪✨🌟💚,✨🌟💚😊,😊✨🌟💪,✨🌟💚,✨🌟💚,😊💚✨🌟💪,✨🌟💚😊💪,✨💚🌟😊,😊💚🌟✨,✨🌟💚,✨💪🌟💚,😊✨💚🌟,😊✨💚🌟💪,😊✨💪🌟💚,😊✨🌟,😊✨🌟💚,😊✨🌟,💚✨💪,😊✨💚🌟💪,😊✨🌟💚",1
s-0484,"😔💔😞,😔😞😣,💚🙏✨💪,😰😣️,😰️🚨,😔😢😞😣,😊😌💪,😌💚🙏✨,😊😌💚✨,🙏✨💚😌,😔😞😩😣,😊😌🌟💚,😌🙏💚,😔😣😞,😊🙏💚✨,😔😞😣😩,😔😞💔😣,😊🌟💚✨🌈,😔😞😣,😔💔😣😞,🔪🩸️,💪✨🌈🙏,😔😞😣😩,😌💪🌈,😔😣😖,😔😞😣💔,😌💪✨🙏,💚🙏✨,💪🌈🙏💚,😰️🌑,😌💚🌈✨,😌💚🌟,😊💪🌈💚,😌💪🌟💚,😔😞😣😖,😊🌟💪✨,😌💪🌈,😌💪✨🌈,😊😌💪✨,😔😞😣,😊💚🌈,😌💚🌈,😔💔😞😣,😌✨💚🌈,😊💪✨🌈,💔😔😞,😊😌💪,😌✨🌈,😌💪✨🌈,😔💔😞😢,😔💔😣😞😩,🌈💪✨🙏,😔😞😣💔,😔😞😣💔😩,💊️😰,😌💪🌈,😌💚🌈✨,😊✨😌,😌💚🙏,😌💪🌟,😊😌✨🌟,🚨️💀,😌💚🌈✨,😊💪🌟🙏,😔😞😣😖,😔😞😩,😔💔😞😣,😔😞😣,😣😖😔,😌💪✨🌈,💪✨🌈😌,😔💔😞,😔💔😞,😌✨💚🌈💪,😔😞😢😣,😔😞😣💔,😌✨🌈,😔💔😣😞,😊💪🌟,😌💪🌈🙏,🙏💪💚🌈,😊💚✨,😌🙏💚,😌💪✨,😌✨🌈,😊😌💚🌈,😌💪✨💚🌟,😊✨🌟,💚🌈🙏✨,😔😞😣,😔😞😣,😌💚✨,😔😞😣,😔😞😣😩,😌💚🙏✨,😌✨🌈,😌💪🌈,😰🌑️,😌🙏💚,😔💔😞😣",1
s-0490,"💀️😰,😩😞😔,😌💪✨,😔😞😩😣,💀🩸️🌑,😔💔😞😖,💀😰️,🌑💀😰️,🕳️🌑😰️,😔😞🌑💔,🩸😰🌑,💀🌑️😰,🌑😰😞️,🌑🕳️️😰,😰🌑️🕳️,😔😞😢😣,😢😣😩😔,😰🌑💀️,💀😰🌑️,💔😢😔😣,🌑🕳️😰️💀,😢😔💔😞,😔😢😞💔,😔😞😣😖,💚🌈✨😌,💀😰🌑,😔😞😖😩",1
s-0493,"💊😰️,😢💔😔,😔😞😣😖,😔😞💔😣,😌💪✨🌈,😔😞😩,😊💚✨,😔😞😩💔,😌✨💚🌈,💔😔😞😣,😔💔😞😣,😰🌑🚨️,😔💔😞😣,😔💔😞,😞😰🌑🕳️,😔💔😞😣,😔💔😞,😔😞😩,😔😞😣😩,😔💔😣,😌💪🌈,😰💀️,😔💔😞😣,😰🌑😔😞️,😔😣😩,💀😰🌑️,😞😔😣💔,😰🌑💀,😌✨🌈💪,😔😞💔,😔😣😩,😔😞💔😣,😔💔😣😖,😢💔😞,😔😢💔,😔💔🌑😞,😔😞💔,🌑😰🕳️😞,😔😞😢💔,😔💔😞,😞😣😖,😔😞💔😢,😔💔😞,😔💔😞,😌💚🌈✨,🙏✨🌈,😔💔😢😞,😔💔😣😩,😌💚🙏,😔😞🌑,😌✨💚,😰🌑️,😔😞😩,😰🌑🕳️️,😔💔😞😣,😔💔😞,😔😞😣💔,😊🙏✨💚,😊😌🌈,😊😌✨🌈,😔💔😣😞,😔💔😞😣😩,😢😔💔😣,🔪🩸💀😰🚨,😢😖😞😣,😔😞😣😩,😔😞😣😩,😔😞😖😩,😰🌑️,💔😔😞,😔😞😢😩,😊✨💚🌈,😊💚✨🌈,💔😔😞,😔😞😩💔,😌✨💚🌈,😊😌💚,😰🩸🕳️️,😔😞😢💔,😔😞😣,😔😞😣,😔😞😖,😞😩🌑️,😔💔😢,😔💔😞😢,😔💔😞,😔💔😞😣,😔😢💔😞,😌💪✨,😌💚🙏✨,😊😌💚🌈,😔😞😣,😰🌑️🕳️,🩸😰️,😊😌✨,😔😞😣😩,😊😌✨,😔😣😞😖,😔😞😖😩,🌟✨🙏",1
s-0494,"😊😌💪✨,😌🙏✨🌈,😊🌟💚🌈,✨🌈😊",1
s-0497,"😔💔😞,️😰🌑🚨,💀😰🌑,😔💔😞",1
s-0498,"💪🌟😌🙏,😊✨🌟🌈,😌💚🌈✨,😔😞💔😣,😌💚🌈,😊💚🌈✨,🌈😊✨,😔💔😞😢,😔💔😞😢,💚✨😌,😔💔😞😢,😊💚🌈✨,😊✨🌟,😔😞😩,😊😌✨🌈,😊💚✨,😌✨💪,😔😞😣😩,😊😌💚✨,😊🌟💚🌈,💚🙏🌈,😌✨💚🌈,😔💔😞😢",1
s-0519,"😊😌✨🌟,😔😞😩,🌑😰🕳️,😔💔😣😩,😔😞😩,😌💪🌈✨,💪✨🌈,😌💪✨🌈,😌💚🌈✨,😊😌✨,😔😞😣😩,😔😞😩,😊😌✨🌈,😌💪🌟,😊🌟💚,😊😌✨🌈,😞😣😔😖,🙏✨💪🌈😊,😔😞😖💔,💪😌🌟,😢😖😩💔😞,😌💚🌈,🚨💀️,💊😰💀,🌑🕳️😰,😢😔😞😩,😔😞😣,😞😔😩😣,😊😌💪✨,😞😰🌑🕳️,😔💔😞😣,😢😞💔😔,🌟😊🌈✨🙏,😊😌✨🌈,😔😩😰🌑,😌💪🌈,😌💪🌈✨,😔😣😩,😌💪🌟🙏,😊😌💚✨,😊😌✨🌈,😔😞😣💔,😊✨🌟,😔😣😞,😣😩😔,😌🙏✨🌟,🙏💚🌈😌,😌💪🌟💚🙏,️🚨💀😰,💪🙏🌈,😌💪✨🌈,😔💔😞😩,😔😣😖,😔💔😞,😌💪🙏,💪✨🌟😌,😌💪🌈✨,😌💪🌈✨,💪✨🌟,😌💪✨🌟,😌💪🌟,️🚨😰,💪✨😌🌟💚,🚨😰🌑💀,🌑😰️🕳️,😌💪🌟💚,😊💪🙏🌈,😌💪✨,😌✨💪🌈,😊💚✨🌟😌,😊💪🌟,😌💪🌟🙏,😊💚✨🌈😌,😌💪✨🌈,😌💪✨🌟,😌💪✨,😖😩😞😣,😔💔😞,💪✨😌🌟,🙏😌✨,😔😣😖😩😞,😌💪🙏💚,😊✨🌟💚,😊🌈✨,😌💪🙏✨,😌💪✨🌈,😔😣😩😞,😔😣😖💔,💪✨🌟,🙏✨💪,💪✨🌟😊,💪✨🌟,😊✨🌈,😌✨💪🌈,😌💪🌟,😊😌🌟💚,😊✨🌈🙏,😌💪🌈,🙏💚✨🌈,😌💪🌈",1
s-0526,"😢💔😔😞,💀️😰🌑,😊✨🌈,✨💚😌,😊💪🌈,😔😞😣😩,✨💪🌈😌,😌💪💚🌈,😊💪🌈🙏,😊😌💪,😔😞😣,😌🌈💚",1
s-0527,"😊💚✨,😔😞😣,💚💪🌟🙏,💚🌈💪",1
s-0532,"️🚨😰💀,😊✨🌟💚,😊✨🌈💪,😊😌💪✨",1
s-0539,"😊✨🌈,😔😞😩,😔😣😖,😔😢😣😖😩,🌑🕳️💀️,😞😖😩,😌💪✨🙏,😊✨💚🌟🙏,😊✨🌟,😌✨💪🌈,😊✨🌈,😌💪✨,😖😩😞😔,😊✨💪🌈,😌💚🌈,😌💪✨🌈,💔😔😢😞,😔😞😣,✨🌟💪,😌💚🌈✨,😔😣😖,😊✨🌟💚,😊😌✨🌟💪,😌✨🌟,😌💪✨🌈,😔😞😣😖,😊💪🌟,😌✨🙏💚,😊✨💚🌟,✨😌💪🙏,😌💪✨,️😰,😔😞😣,😊😌💪✨,😊✨💚🌈😌,😌💪🌟🌈,😩😞😣,😌💪✨,😌💪🌈✨,😌✨🌟,😊😌✨,😊✨🌟💪,😣😖😩,😊✨🌟💚,😰🌑️🕳️,😊😌💚🌟,😌💪✨🌟,😰💀🚨️,😣😖😩,😊😌✨💪🌈,😌✨💪,😌💪🌈,😖😩😣😞,😖😩😰💔🌑,😞😖😩😔,😊😌🙏✨,😌💪🌈,😔😣😖😩,😔😣😖😩,😌💪✨🌈,😣😖😩😞,😌💪✨🌟,😊😌✨,😔😞😢😩,😔😞😣😩,😌✨🌈😊,💀😰️,😔😣😖😩,😰🌑😣😖😩,🙏💚🌈,😌💚✨🙏,️😰🌑,😌💪🙏💚,💀🚨😰️,😔😣😖😩,😖😩😞😣,😊😌💪✨,😌💪🌟🌈,💀🔪🚨😰️,😖😩😔,😌✨🙏💚,😌💪✨,😣😩😔,😊😌✨🌟,😔😣😩💔,😌💪✨🌈,💊😰🌑,😩😖😣💔,😊😌💪✨🌈,😌✨🙏💚,😌💪🌈✨,😌💪🌈,😊✨🌈,😊😌💪✨,😊😌💚🌈,😊✨🌈💚,😌✨🙏💚,😊✨💚🌈,😊💪🌟🙏",1
s-0547,"😊✨🌈💚,✨🌟💪😌,😊💚🌟🙏,😊💚🌟,😊✨💪,😊✨💚🌟😌,😊✨💪🌟💚,😊😌💪,😊✨🌟💚,💪✨🌟😊,😊✨🌟💪,✨😌💪,✨🌟💚🙏😊,✨😊💚🌈,😊😌💪🌈,😊💪✨🌈😌,😊😌✨🌈,😔💔😢,😊💪✨💚🌈,😊✨🌟💚🙏,😌✨🌈💚,😌💪✨🙏,🌟💚✨😊🙏,😊✨🌟,😊✨🌈,😊🌟💚🙏,😊💚🌟🌈,😌💪🌟🙏,🌟💚😊,😊✨🌟,😊✨🌈💚,💚😌✨🌟,😊🌟💚,🌟✨💚,😊✨💚,😊😌💚✨🌈,😊🌈💪,😊💚✨🌟,😊💪✨🌟,😌✨🌈,✨🌟😊💚🌈,✨💚🌟😊😌,✨🌟😊,😊✨🌟💚🌈,😊💚✨🌟😌,😊✨💚🌟,😊✨🌟,😊✨💚,😊💚🌈,😊💚🌈✨,😌✨🌈,😊😌🌈✨💚,😊✨💚🌈,✨🌟💚,😊✨🌈💪,💔😔😢,✨🌈💪😊,😊✨🌟💚,😊😌💚✨,😔😣😩,😊😌🌈,😊😌🌟,😔💔😞😣,😔💔😩,😌✨🌟🙏,😊💪✨🌟,😔😞😣😩,😊💚✨🌈💪,🚨️😰🌑,😊✨🌟🙏💚,😊🌟💚,😊💚✨,😊💪🌟,😊✨💪🌈,💪✨🌈,😊💪🌈,😊🌈✨,😊😌🌟🌈,😊😌✨🌈,🌈✨💪😌💚,😔😞😣😩,😔😣😩,💪✨🌈,😊✨🌈💚,💪✨🙏,😊😌💚✨🌈,😣😖😩,😰️,😌💪✨💚,😰️🚨🌑,😊✨💚🙏,💪✨💚😊,💚✨😊💪🌟,😔😞💔😢,😔💔😢😞,😌💪🌟🌈,💪🌈😌✨,💚🌈😊,😊😌💪✨🌈,💪✨🌈🙏",1
s-0551,"😊✨🌈💚,😊💚🌟,😊😌💚,😊✨🌟,🙏✨😌,😊✨🌈,😊✨🌈💚,😊✨🌟,😊😌💪✨,😔😢😞😣,😌💪🌈✨,😌💚🌈,🌈💚😌✨,😊✨🌈💚,😔😞💔😢,💪✨🙏💚,😔💔😞😣,😊💪✨🌈,😊🌟🌈,😊😌✨,😊😌💪🌈,😊😌✨🌈,😊😌💪✨,😊💪✨🌟,😊💪✨,😔💔😢,😌✨🌈💚,😌✨💚🙏,😊😌💪✨,😔😞😩,😊💪🌈,😊💚🌈✨,😰🕳️😖😩,😰🌑️,😊😌💪✨,😊✨🌈,😊✨🌟💚,😊😌💪✨,😌💚🌈✨,😊😌💚,😌✨🌈,😊😌✨🌟💚,😰️🌑,😊😌✨🌈,😔😢💔😞,😊✨🌟😌💚,😌💪🌈,😔😢😞,😊😌💪✨,😌💪🙏💚,😌💚✨🌈,😊😌💪✨,😊😌✨🌟,😊🌟💚🌈,😌✨🌟💚,😊😌✨,😣😖😩,💔😢😞,😌✨💪🌟,🌑😰️,😊😌💚🌈,💚🌈🙏,😊✨🌟💚,😔😞😣,😊😌💪🌟,😊✨💚🌈,😊😌💚🌈,😊😌🌈✨,😊✨💚,😊💚🌟,😊😌✨🌈,😊✨🌟💚,😊✨🌟,🚨💀🌑😰,😌💪✨,😔😞😣,😊😌💚✨,😊😌✨🌈,😊😌✨🌈,😊✨🌈💚,😊😌✨🌟,😊✨🌟,😊✨🌟,😌💚🌈✨,😔💔😞😢,😊💪🌈,😔😣😖,😔😢💔😞,😔😣😢😞,💚🌈😌✨,😌💪✨🌈",1
s-0554,"😊✨🌟,😔💔😞😩,😊✨🌟💚,😔😞😩💔,✨🌟💚🌈,😊✨🌟💚,😊✨🙏💚",1
s-0555,"🌈✨🙏💚,😌💪🙏✨,😊😌✨🌈💪,😞😩🌑,😊✨🌟💚,💪✨🌈💚,😊✨🌈💚,😌💪✨,😔😞😣,🌟🙏😌💪,✨🌟💚,😔😞😩,😌💪✨,😌✨🌈💚,😌💚🌈,🙏💚✨🌈,😊😌✨🌈,😔💔😞😣",1
s-0557,"😔💔😞,😌💪✨🌟,😊😌💚,😢😔😞,😊😌💪✨,😌💪✨🌈,😔💔😞,😊✨🌟💪,😌💚🌈✨,😔😞😣😩,😔💔😞😩😢,😊💚✨🌟🙏,😔💔😞😢,😔💔😢,😰💀🚨,😌😊💪✨,😌💪✨🌟,😔💔😞😣,😌✨💚🙏,😔💔😞😣,😌💪✨💚,😊😌💪✨,💔😔😞😩,😖😩😔,💪💚✨🙏,😔💔😞😣,😌💪🌈✨,😌💪🌈,😊💪✨🌈,😌💪🌈💚,😊😌💪✨,😊😌🌟💪,😊🌟💪✨,😔💔😞,😊✨🌈,😌💪🌈,💔😔😞😢,😔💔😞😢,😔💔😞😢,😌💪✨🌟,🩸🔪️,😌💚🌈,😌✨💪🌈,😌💚✨🙏,😔💔😣😞,😊😌🌈,😊😌💪✨🌈,😊😌✨🌈,😊✨💪🌟,😊✨🌟,😌💪🌟💚,😊😌💪,😊✨🌟💚,😌💪✨,😌💪🌈,😔😣😩,😌✨🌟💪,😊✨🌟,😊😌✨💪,😊✨🌟💚,😊💪🌟,😊😌✨,😌💪🌈✨,😔💔😢😞,😌💪✨🌟,😌💪🌟💚,😌✨🙏🌈,😊😌🙏,😌💚✨🌈,😌💪💚🌈,😔😞😰🌑,😌💪💚🌈,😔💔😞,😊💪✨🌈,😔💔😞😢,😊🌟💚,😌✨😊,😌💚🌈✨,😊✨💚🌟,😊😌✨🌈,😌💪🌈✨,😔💔😢😞,😌💪🌈✨,😌💪💚🌈,😔💔😢😞,😊✨🌈,😌😊🌈,😔😢😞,😊😌💪✨,😊😌💪🌈,😊✨🌟,😊😌✨,😣😖😩,😌✨🙏💚,😊😌✨,😊😌🌈✨,😊😌✨🌟,😌💪🌈,😊💪✨🌟,😌💚🙏",1
s-0572,"😊🌟💚,😊😌💚🌈,😊✨🌟💚,😊✨🙏💪,😔💔😞😣,😊😌✨🌟,😊💪✨🙏,😊✨💚🌈,😊✨🌟,😊🙏✨💚🌟,😊✨🌟,😊✨🌈,😊✨🌟,😊💪🌟🌈,😊✨🌟,😊✨🌟💪,😊✨🌟,😊✨🌟💚,😊✨🌟,😊💪✨🌟,😊💪🌟,😊✨🌟💚,😊✨🌈💚,😊✨💚,😊😌✨🌟,🌈✨😊💪🌟,😊✨🌟💪,😊💪✨,😊😌✨🌈,😊😌✨🌈,😊🌈✨,😊💪✨,✨🌟😊💚,😊✨💪,✨🌟😊🌈,😊✨🌈,😊🌟💚,😊✨🌟,😊✨🌟,😊✨🌟💚,😊✨🌟💪,😊✨🌟🌈,😊✨🌟💪,😊✨🌟,😊🌟💚🌈,😊✨🌟,😊✨🌟💚,😊✨🌟🙏,😊💪✨,😊✨🌟,😊💚🌟✨😌,😊😌💚✨🌟,😊✨🌟💚,😊🌟💚✨,😊✨🌟💚,😊✨🌟💚,😊😌✨🌈,😔😞😣,😊✨🌈💪,😊😌💪✨🌈,😊✨🌈💪,😌💪✨🌟,🙏✨😊💪,🙏✨😌🌈,😊✨🌈,😊💪✨🌟🙏,😌💚🌈,😊😌✨,😊😌✨🌟,😌✨💚🌈,🚨💀️,😊💪✨,😌💪✨,😊✨🌟💚,😊😌✨🌈,😊✨🌟💚🌈,😊✨💚🌟,😊😌✨,😌💪✨🌈,😊🙏💚🌈,😌💚🌈✨,😌✨💚🌈,😌🙏💚,😊✨🌟💚,🔪🌑😰💀️,😊✨🌟,💚🌈✨🙏,🌟💚😊✨,😊💪🌈,😊✨🌟💚,😌💪✨🌈,😊✨🌈💚😌,😊😌✨,😊💚✨🌟,😊✨🌟,😌✨🌟,😌🌟💚🌈,😊💚✨😌,😊✨💚🌈,😊😌✨🌟🌈",1
s-0580,😊💪🌈✨,1
s-0589,"😊😌💪✨,😌✨🌈,😊✨🌟,😌💪🌈,😌✨💚🌈,😔😞😣😖,😌🌟💪✨,😊💪🌈😌,😔😞😣,😊🌈💪✨,😔😞😩,😊😌💚,😔😞😢💔,😊💚🌟🌈,😌✨🌈,🌈✨😊💚🌟,😌💚✨🌈,😊😌🌈,😰🌑️,😔💔😞😢,😔💔😢😞,🌑😰️🕳️,😊✨🌈💚,😔😞💔😢,😔😞💔,😔💔😞😢,🌑😰️🚨,😊😌✨,😌💚✨,😌💪✨🌈,😔😞😣😢,😌✨🌈💚,😔💔😞😩,😊😌💪✨,💚🌈✨😊,😊✨🌈💚,✨🌟💚,💚✨😌🌟,😌💪💚,😊💚✨🌈,😊😌💪✨,😔💔😞😣,😊✨💚🌈,💚😌🌈✨,😊✨🌟💚,😊✨🌈💚,😌✨🌈,😊💚🌈,😊😌✨🌈💚,😌💪✨,😌😊🌈✨,😊🌈✨,😔😞😣,😊💚✨,😔💔😞😣,😌💚✨,😊💚✨,😊✨🌈😌,💚🙏😌🌈,😔😞😩,😊😌✨🌟,😔😞😣😖,😌✨💚🌈,😊😌💪,😔💔😞,😊😌✨,😊✨🌈,😔😞😩,😊😌✨🌈,😊😌💪🌟,✨🌟😊💚🌈,🌟✨🙏💚😊,😊😌💪,😊🌟💚🙏,🔪🩸️,😔😞😣,😊✨🌟💚,😊✨🌟💚,😔😣😩,😰😣😩,😔😞😣,🙏✨😌💚,😌💪✨💚,😊✨🌈,😔😞😣😩,😊😌💚✨,😊😌✨,😊💚🌈✨,😔😣😖😩,😊😌💪✨,😔😢😣,😌✨🌈,😊✨💪🌈,😔💔😞😢,😔😞😢,😔😞💔",1
s-0596,"🙏✨💚🌈,😊😌✨🌈,😌💚🌈✨,😊✨🌟🙏,😊✨💚🌟,😔😞😣,😊😌💪✨,😢😞😩😔💔,🔪😰️,😢😞😣😖😩,😊💚✨🌈,😔😞😢,😔💔😞😢,😔😞😣💔,😊😌💪✨🌟,😊✨🌈,😊💪🌈,🔪🩸🚨,😊💚🌈,️😰🌑,😊💚🌈✨,😔😞😢,💀️😰,💚🌈😌✨,😊✨🌈,😊🌟💚,😊😌💚✨,😊🌈💪,😊😌💪✨,😊✨🌈,😊😌✨,😊💪🌈,🌑😰🕳️️,😌💪🌈,😊😌💪,😊😌✨🌈,😔😞💔😢,😊✨🌈💚,😊😌🌈✨",1
s-0608,"😣😖😩️,💀🌑😰,🌑💀️,😌✨🌈,🌑💀😰️,😞😣😩",1
s-0625,"😔💔😞😩,😔😞😩,😌✨💚🌈,💪✨🌟,💪✨🌟😊,✨🌟💚,😌✨🌈💚,😊😌✨🌈,💀🌑😰️,😔💔😞",1
s-0633,"😌💪🌟,😔😖😩💔😞,😰😖️,😔😞😣😩,😊😌💚,😌💪✨,💔😢😔,😌💪🌟💚,😔😞💔😩,😊✨🌈,💀🌑️,😊🌈💪,😊😌🌈✨,😔😰🌑,😊😌🌈,😰🌑🕳️️,️😰🌑💀,😊😌✨🌈,😌💪🌈✨,😌💪🙏💚,😢😩😔,😌💪✨🙏,😌✨🌟🌈,😔😞🌑😢,😔😞😣,😔💔😞😣,😔💔😞😣,😌💪🌈,😌🌟💚🙏,😌💪🌟🙏,😌💪✨🌈,😔💔😞😣,😊🌟💪,😊🌈✨,😊😌✨💚,😊😌💪,😔💔😢😞,💚🌈🙏✨,😌💪✨🌈,😰🌑🕳️,💀😰️🌑,😔😞😣😩,😔😢😩,😔😞😩😢,😊💚🌟🙏💪,💀😰️,😌💚🌟,🌈😊💚✨,😔😞😣,😊😌✨🌈,😔😞🌑,😢😰🌑,😌🙏💚,💔😔😞",1
s-0637,"✨🌟💪,😊😌✨🌈,😊✨💚🌈,😔😞🌑😣😖,😰️,😔😞😣,🙏💚🌟✨,😔😞💔,😌✨🌈💪,😌✨🌟💚,✨💪🌈😌,😔💔😞😣,😊✨🌈,😔😞😩,💀🌑️,😊✨🌟,😔😞😩,💚✨🌈😌,😌💪🌟🙏,😔😞😖,😊✨🌟",1
s-0644,🙏💚✨😌,1
s-0652,"😌💪🌈✨,😌💪🌈✨,😌💪✨🌈,😊✨💚🌈,😌💪🌈🙏,😊😌✨🌟,😌✨💪,😌💚🌟🙏,💪✨🌟🌈,😊✨💚,😊😌✨🌈,😊😌💚🌈,️😰💀🌑,😔😣😩,😌💚🌈✨,😌💪✨🌈,😌💪🌈,😔😖😩,😌🌟💚,😊💪🌈🙏,😰😖😩,😊😌💪🌟,😊😌✨,😊✨💚🌈😌,😌💪🌈✨,😌💚🌈🙏,🌟💚🌈😊,😔💔😞😢,😔😣😖😩,😊🌟💚✨,😊✨🌟🌈,😊😌✨🌟,😊😌✨🌟,😌🌈💪✨,😌💪🌈,😊✨💚🌟",1
s-0655,"😔😞😣,🌑😰️,😔💔😢,😔💔😞,😌💪✨🌈,😔💔😞,😌✨🌟,😌💪🌈✨💚,😔😞😣,😌💪✨🌟,😔😞😩💔,😔😞😣😖,😌✨💪🌈,😊💪✨🌈,😣😖😩😔,😔😢😞😩,😌💪🌈,😌💪🌟🌈,💪✨🌟🙏,✨💪🌈😊,😌✨💪🌟,😔💔😞😣,😌💪✨🌈,😊😌✨🌟,💚✨😌,😌💪✨🌈,💪✨🌈💚,😌💪🌈✨,😌💪🌈,😌✨💪🌈,😌💪✨,💪✨😌🌟,😌💪🌟✨,😌💪✨🌟,🌟✨😌💚,💔😔😞😢,💪✨🌈😌,😔💔😞,🙏✨💪🌈,✨💪💚🌈,😔💔😞😩,💪🌈✨😌,😊✨🌟,💔😔😞😣,😔😞😢😣,😌💪✨🌈,😊💪✨🌟,😌✨🌟💪,😌💪✨,😊✨🌈,😌💪🌟,💪✨😌🌟,😊💪🌈💚,😔😞😣😖,😊✨💚,💪✨🌈😌🌟,😌💪🌈,😌💪💚🌟,️😰🌑💀,💪✨🌟,😌💪✨🌟,😊✨💪🌈,💪✨🌟😌,💪✨🌟😌,😔😞😣💔,💪✨😌,💪✨🌈💚,😌💪🌟,😔😞😩💔,😌💪✨,😌💪🌟,😌💪✨,😌💪✨🌈,😌✨🙏🌈,💪✨🌈😊,💪🌈😌✨,💪✨😌,😊😌💪🌈,😊🌟💚,😌💪✨,💪✨🌟,💪✨🌟😊🙏,😌💚🙏✨,😊😌💪✨🌈,😌💪✨🌟,😊💚🌟,😊✨🌈💪,😔😣😩,😊✨🌟💚,😔😢😣,😌✨🌈🙏,😔💔😢😞,💪✨🌟,😊😌✨",1
s-0658,"😊✨🌈,😌💪🌈,😊✨💚🌈,😊✨🌟,😊😌✨🌈,😊✨🌈💚,😌💚🌈,😊😌✨🌈,😊✨😌,😌✨🌟💚,😌💪🌈✨,😊✨🌟💪,😊😌✨🌈,😊😌💚🌈,😊✨🌈💚,😊✨🌈,😌✨🙏💚,😔😞💔😣,😌💪🌈,😊🙏✨,😊✨🌟🙏,😊💪✨🌟,😔💔😞😣,😔😞😢😩,😌💪🌈,😌💪🌈🙏,😊💚🌟,😊💪✨🌟,😊😌🌈,😊✨🌟,😌🙏💚✨,😊💚🌈✨,😔😞😣😖,😊✨🌈😌💪,😌💪✨🌟,😊✨🌟💚,😌✨💪,😊😌✨💪,😔😞😩😖,😰🌑🕳️️,😔😞😩,😊✨🌟💚,😊✨🌈,💪🙏💚🌈,😌💪✨🌈,😊✨🌟💚🌈,😊😌✨🌈,😊✨🌟🌈,😊😌✨🌈,😊😌💚🌟,😌✨💪🌈,😔😣😖😩,😌💚🙏✨🌟,😊✨🌟💚,😊💪✨🌟,😌✨🙏💚,😊😌💪✨,😊💚🌟,🌑😰️🕳️,😌✨💚🌈,😌💪🌈,😊✨🌟💪,😊😌✨🌈,😊😌✨,😊✨🌟💚🌈,😊✨🌈,😌💚🌈🙏,😊💚✨,✨🌟😊💚🌈,😊✨💚🌈,😌💪✨,😌💪✨🌟,😊😌✨,😌💪✨🌈,😢😞😔,😌🙏✨,😊✨🙏,😔😞😣,😊😌✨,😌✨💪🌈,😊✨🌟💚,😊🌟💚,😊😌✨,😊✨💪🌈,😔😞😣,🙏💚✨,😊😌💪,😊😌🌈✨,😊✨🙏,😊✨🌈💚,😊✨🌟,😌✨🌟💚,😔😞🌑️,😌💪🌈✨,😊💪✨🌈,😊😌💚✨,😌💚🌈,😊✨🌟💚,😊😌✨🌈,😌💪✨🌈",1
s-0664,"😔😞😩,😔😞😖😩,😌💪🌈✨",1
s-0668,"💔😔😞😩,😔💔😞😣,😊✨🌈,😔😢😞😣,😌✨🌈,😰🌑️,😰🌑️,💀😰🌑🚨,💀🌑🚨😰,😰💀️,😰🌑️🕳️,✨🌟💚😊💪,😰🌑😔,😰🌑️,😰️🚨,😰🌑️,🌑😰🕳️️,😔😞😣,😰🌑️🕳️,😌💚🌈,🌑😰️🕳️,😞💔😖,😰😩️,😔😞😣,😰🌑💀️,😊✨🌟💪,😞🕳️😔💔,😔😞🌈,😔😞😣😩,😔😞😣😖,😌🌈✨🙏,😔💔😞😢,💪✨🌈,😔😢💔😞,😔💔😞,😊💪✨🌟,😔😞😣,😔💔😞😣,😞😩😔😣,💪✨🌈,😰🌑🕳️,😌💪✨🌈,😊💚🌈✨,😰🌑️,✨🌈💪,😌🌈✨💚,😔😞😣😩,😞😖🌑🕳️,💀😰🌑️,😔💔😢,😌💚🌈,😰😔️,😊💪✨,😔💔😞😢,😔😞😢💔,😔💔😞,🙏💚✨,😔😣😖😩,💀😰️🌑,😰🌑🕳️️,💀🕳️😰,💀😰🌑,🌑🕳️😰️,😊🌟💚",1
s-0671,"🌑😰🕳️️,😌✨🌈,😢😔💔😞,😔💔😞😣,😔💔😞,😔😞😣,😔😞😖😩,😖😩😰🌑,😰🌑🕳️️,😖😩😔😞,😣😖😩😔,😔😞😩😣,😊😌✨🌈,😔😢😞😣,😊✨💚🌟,✨🌈😊💪,💀🚨😰🌑,😔😣😖😩,😰️🚨,😰🌑️,😣😖😩😔,💀😰,😔🌑😰️,😔😣😖😩,💪✨😌🌟,💊💀😰,🌑😰️💀,😰🌑💀,😰🌑🕳️️,😔😞😩,💪✨🌈,😔💔😣😞,😌💪✨🌈,😊😌💪✨,😌💪🌈✨,😌💪🙏,😔💔😞,😰🌑️,😌💪🌈,😰🌑🕳️😩,😔😞😩,😔💔😞,😔😞😖😩,🙏💚😌✨,😔😞😣,🌈✨😊💪,😊🌈💚✨,😔💔😞😣,😌💪✨,😔😣💔😞,😌💪🌈,💚✨🌟,😔😞😩,💪✨😌🌈,😌✨💪🌈,😔😞😣😩,😔😣😖,😔😞😣😖,😌💪💚🌈,😌✨🙏💚🌈,😌💪💚🌟,😌💪🌈✨,😔😞😢,😣😖😩😔,😔😣😖😞,😔😞😣😖,💀😰️,😌💪🙏💚,😔😞😩,😔😞😣😖,😰🌑️,😌💪🌈,💪✨🌈,😖😩😔😞,😊💪✨🌟,😔😞😣",1
s-0678,"️😰🌑,😔💔😞😢,😔😞😖😩,😔😞😣😩,😔😖😩😞😣,🙏💚✨😊,😔😞😩💔,😊💪🌟🌈,😊🙏💚🌟,😊😌✨",1
s-0701,"💀😰🌑,💀😰🌑️,😔😞😣😩,😔😞😩,💪✨🌈💚,😔💔😢😞,💔😞😰🌑️,😔💔😞,🌑💀️🕳️",1
s-0709,"😊✨🌈,😊🌈✨💚,😊💪🌈✨,😔😞😣,😌💚✨🙏,😔😞😣,😌💪🌈,😔💔😞😩,😔💔😞😩,😔💔😢😞,😔💔😢,😔😞💔😩,😔😞😣😖,😞😖🌑😰,😰🌑️🕳️,😔😞💔,😔💔😩,️🚨🌑😰,😌✨🙏,😔😞😢,😔💔😞😣,💀🌑😰️,😔💔😞😣,😰️🌑,😰😣️,😔💔😞😣,️😰🌑😩,😔😞😣,😔💔😞,😣😩😞😔,😩😞😔😣,😔😞😣,💀😰🚨🌑,😔💔😩😞,🚨💀️,😌💪🌈,😔😞😣😩,😔😣😖,🚨😰🌑,😞😩😣,😞🌑😔️,😔😞😢😩,🚨️😰🌑💀,😔😞😣😩,💀😰️,😰🌑🕳️,💀😰️,😔😞😢😣,😰️💀,😌💪🌈,😣😖😔😞,😔😢💔😞,😔😞😖,😔😞😢😣,😔😢💔,😔😞😢,😞😩😔😣,😊😌✨🌟,😣😖😩,😔😞💔,😔😖😩😞,😢😞😣,😞😣😩💔,😔💔😢,😔😞😣😖,😌🙏💚✨,😔😞😣💔,😌✨🙏💚,💀😰🌑🕳️,😔😞💔,️🌑😰🕳️,🔪🩸😰🚨,😔😞😢💔,😔😞😣,😔😞😩,😔😞😖😩,😔💔😞,😔😞💔😣,😔😰🌑🕳️,😔💔😢😣😩,😔😞💔😣,😢😞😔😣,😔😢😞😩,😔😞😣,😔😞😢😣,😔😖😞💔,😔😞😣,😔💔😢,😔😞😣😩,😔😞😣,😔😞😩,😊🌟💚,😔😞💔,😔😢💔😞,🔪😰🩸️,😔😞😣😩,😣😖😩😔,😔😞😖😩,😣😖😩😞,😔😞😣😩",1
s-0712,"😌✨💪🌈,😔😞😣😩,😌🙏✨,😌🌈✨💚,😊💚🌈✨,😊✨🌈,😌🌈✨,😔😞😣,🌈✨😌💚,😔😞😩,😊🌈💚✨,💪🌈✨😌,😊🌟💪,😌💪🌈✨,😊😌🌈✨,😊😌💪✨🌟,😊✨🌈💚,😊😌✨💪,😌💪✨,😔😞😣,😌💪🌈,😊💪🌈,😊😌✨🌈,😌✨🌈💚,😌✨🌈,😌💪✨🌟,😌💪🙏🌈,😊✨🌟💚,😊😌✨🌈,😔😞😩,😌✨🌈💚,😊🌈✨💚,😊✨🌈,😊✨🌈💚😌,😌💪🌈,😊✨🌟🙏,😊🌈✨,😊🌈✨💚,😊✨🌟💚,😌💪✨🌈,😊😌✨🌈,😊😌✨🌈,😌🌟💚,😌✨🌈,😊😌✨🌟,😊✨🌈💪,😊🌈✨,😌🌈✨,😊😌✨💚,😊😌🌟🌈,😊😌✨🌈,😌💪✨,😊🌈✨,😔😞😢,😌😊💪🌈,😊😌✨🌈,😌🙏💚✨,😌✨🌈💚,😊🌈✨💪,🌈✨😌💚,😌✨🌈,😊✨🌈,😌💪🌟🙏,😌✨🌈💚,😌✨🌟,😌💚🌈,😌✨🌟💚",1
s-0715,"😣😖😩,😔💔😞,😔💔😞😢,🙏🌈✨,😔💔😢,😔💔😞,💪😌✨,😔😞😢,🙏💚😌,💀️🚨😰,😔💔😞,🌑😰️,😊😌💚✨,😔😣😞,💊😰️,😔😞😖,😔😞😣😢,😔💔😞😢,😔💔😞😣,😌💚🌈,💀😰🌑️",1
s-0733,"😔😞💔😣,😔💔😢,😢💔😔😞,💔😢😞😔,🌟💚😊✨,😊✨💚🌟🌈,😊✨🌈💚😌,😰🌑💔️,😔😞😣💔,😔😞💔,💚🌈😌✨,😔💔😞😣,😊✨🌟💚,😔💔😢😞,😊✨🌟💚,🙏💚😌,💪✨😌,😊💚🌈,😊🌟💚,😔💔😞😢,😔💔😢😞,😔💔😢,😊💚🌟🌈,😔😢😣😞,😊😌💪✨🌈,😊🌟💚✨,😊✨🌈😌,😊✨🌈💚,😊✨🌟💚,💪✨🙏,😰️🌑,😢💔😔,💀️😔,️😰💀,😰🌑🕳️️,😢💔😞😔,😌💚✨,💔😢😞😔,🌈✨😌,😔💔😢,😊🌈💚,😊😌✨🌈,😔💔😢,😊😌💚🌈,😔💔😢,😊💪🌟🙏,😔💔😢😞,😔💔😢,😔😞😣😩,😔😞💔,💔😣😖😩,😔💔️😰🌑,😰🌑🕳️️,️😰🌑🕳️,😔💔😞,😔💔😢😞,😊💚🌟🙏,😔💔😢,💔😢😞😔,😔💔😢😞,😔💔😢,😔💔😢😞,😔💔😩😞,😊✨🌟💚🌈,😔💔😢😞,😔💔😢😞,😌🙏✨💚,️😰️🌑,😔💔😢😞,😊🌈💚,😊✨🌟💚,💔😢😞😔,😰😔💔️🌑,😔💔😢,😔💔😢😣,😔💔😢,🙏💚😌,😔💔😢,💔😢😞😔,😊🌟💚😌🌈,😔💔😢😞,💔😢😔😞,😔💔😞😢,😰💀️,💔😞😔😣,💔😢😖😩,😔💔😢😞,😌💚🌟🙏,😔💔😢😞,💀🌑😰️,😔💔😢,💔😢😞😩😔,😔💔😞😢,😔💔😢😞,😌🙏🌈,🙏✨🌈,💔😰🌑️,💀️😰🌑,😔💔😞😣,😔💔😢😞",1
s-0735,"😊💪🌈✨,😊✨🌟,😊😌✨🌈,😊😌💚✨,😊😌✨🌈,😌✨🌟,️😰💀,😊😌✨🌟💚,😊✨🌟💚,😊✨💚🌟,💚🌟😊💪🌈,😔😞😢,😊🌟💚✨🙏,😊✨🌟,🌑😔😣😞,😔😞😢,😊💚🌈,😊😌💪✨,😔😞😢💔,😊✨🌟,😊🙏✨🌈,😌✨🌟💚,😊💚🌟🙏,😊✨💪💚🙏,✨🌟💚😊,😌💪🌟,😊💚🌈🙏,😊😌✨🌈,😊✨🌟💚,😊🌟💚🌈,💪🌟😊✨,🌟💪🙏🌈😊",1
s-0759,"😌✨🌈,😊💚🌟,😔😞😢,💀🚨😰️,😔😞😣😩,😞😔🌑,😔😢💔,💀🌑️",1
s-0774,"😔😢😞😣,😢😣💔😞,😔😞😣😩,🙏✨🌟,😰🌑🚨,😔😞😩😣💔,😰️🌑🕳️,😰😖😩,🚨😰🌑️,😌💪🌟,🙏💪✨😊,🙏🌟💚😊,😰🌑🕳️️,🙏💚✨🌈,😌🙏✨💚,🙏💚🌟😌,😔😢😣,🙏💪🌈,🙏💪😌🌈,😔😢😞,🙏💚✨,🙏💚😌✨🌈,🙏💪✨💚,😔💔😢😣😩,😢😞😔😩,😔😞😖😩,🙏💚😌✨🌈,😊✨🌈,😣😖😩😔,😊✨🌟,🙏😌💪✨,🙏😌✨,😔😞😣,🌑😰️🚨,🙏💚🌈✨,😌✨🙏🌈,🙏💚🌈✨,😔😞😢😣,😢😣😩😔,😰🌑️,😊🙏✨,😣😢😖😩,😔😣😖😩,😔💔😢😞,🚨😰💀,🙏✨🌟,😰💀️🚨,💀😰️🌑,🙏✨😌💚,🔪😰️🚨,😔💔😞,🙏✨🌟,😔😞😢😣,😣😖😩😔,😰🚨️,🙏✨💚🌟,😊😌💪,😰️🚨,😢😔😣😞,😔😣😩,😔😢💔😞,😰🌑️,😌🙏💚✨,😌💪🌈,💔😢🙏,😔😞😣😩,💀😰️🌑,😊💚✨🌈,😔😞😣😩,😊🙏💚✨,😊✨🌟💚,😔💔😢,😢😣😖😩,😰💔️😖,😰🌑️🕳️,😢😔😞,😔😢😞😩,😰💊🚨,😰🩸️,😰😔😣😩,🙏😌💚,😰😢💔️,😊✨💚🌈,💪🌟💚😊,🙏💚✨🌈,😰🌑️,😔😢🙏,😌💚✨🙏,🙏😌🌈💚,😔😣😞😩,😊🌈💚,🙏💚😌✨,🙏💚😌✨,🙏😌✨💚,😊✨🌟,🙏💚😌,😌💚🙏✨,🙏💚😌,🙏✨💚😊,😢😔😣😞",1
s-0787,"😔💔😞😢,😌💚🌈✨,💪✨🌟😌,😌😊✨🌟,😌💪🌈,😔💔😞😩,😊😌✨,😊✨🌈💚,💔😔😞😣,😊💚✨🌈,💔😔😞,😊😌🌈✨,😔😞😣,😊😌💪✨,😌💪🌈✨,💚😌✨🌈🙏,😔😞😩,😌💪✨🌈,😌✨🌈,😔😞🌑💔,😊💚🌈✨😌,😌✨🌈💚,💔😔😞😩,😌✨💚,😔😞💔😣,😔💔😞😣,😔😞😢😣,😌💪🌈✨,😔😞💔😢,😔😞😢😣,😔😞😢,😌✨🌟,🌑💀😰️,😌✨💚🌈,😌💚✨🌈,😔💔😞😣,😌🌈💪✨,😊💪✨,😔💔😞😣,😔💔😞😣,😊✨🌟🌈,💔😞😔,💊️🚨😰,😔💔😢,✨💪🌟💚,😌💪✨,😊😌💪,😔😞😩😣,😔😣😩😢😞,😔💔😞😢,😔💔😞😣,😌💪✨,😊✨🌟,😔😞😣😩,😌✨🌟💚,😌✨🌟💚,😊😌✨🌈,😊😌✨🌈💚,😌✨🌈,💪✨🌈,😊✨🌟🌈,😊😌✨🌈,😊💪✨🌈,😌💪✨🌟,😔😞😩,😔😞😩💔,😔😞😣😩,😌💚🌈✨,😌✨🌈💪,😊💪🌈,😊💪✨,😊💪✨🌈,😔💔😞,😌💪🌈,😔💔😞😣,😊💪🌈,😊😌✨🌟,😌💪🌈,😌💪🌈✨,😌✨💪🌟,😌✨🙏",1
s-0793,"😊✨🌈😌,😌💪🌈✨,😊💪😌🌟💚,😊✨🌈💚,🙏✨💪😌,😔😢😞,😌💪🌟🌈,😊✨💪🌈🙏,😔😣😖😞,😊😌✨💚🌈,😊✨💪🙏,😊✨🌈💚😌,😊✨🌟💚,😊✨🌟🌈💚,😌💪🌈✨,😊✨🌈,😊✨🌟💚,😊😌✨🌟,😊✨🌈,😊✨🌈💚,😊✨💚🌈,😌✨🌈,😌💚🌈✨,😊😌✨💚🌈,😊✨🌈💚,😊✨💚,😊✨🌈💚,😊✨🌟🌈,😌✨💚,💪✨🌟😊,😊✨🌈,😢😣😖,😊✨🙏💚,😌💪✨🌟,😌😊🌈,😊✨🌈💚,😊😌🌟💚,😌💚✨💪,😌✨🌈😊,😌🙏🌈,😊🌟💚,😊✨🌈😌💪,😔💔😞😢,😊😌✨,😢😔😞💔,😊✨🌈,😊😌💚✨🌟,😌💪✨,😌💪🌈,😊✨🌈💚🌟,😊✨🌈💚,😊✨🌟,😊✨🌈,😊✨🌟💪,😊✨🌟🌈,😊✨🌈💚,😊😌💪✨,😊😌💪✨,😊✨🌈💚,😊✨🌟💪,😊💪✨🌟,😔😞😣,😊😌✨,😊✨🌈😌💚,😊🌟💚🌈,🌈✨😌💚,😊😌💪✨,😊✨🌈💚,😊✨🌈💪,😊✨💚🌈,😊✨🌈💪,😊✨🌟,😊🌟🌈,😊😌💪🌈,😊😌💚✨,😊🌟🌈,😊💚🌟,😊✨🌟,😊✨🌈💚,😊💪✨🌈,😊🌈💚✨,💪✨🌟,😊😌💚✨,💪✨🌟😌,😞💔😔,😌🌈✨😊,😔😞😢😩,😰️,😊😌💪✨🌟,🌈✨😊💚,🌈✨😊🙏💚,😌💚🌈,😊✨🌟💚,😊😌✨,😊😌💚✨,😊💪✨,😣😖😞,😊✨🌟💚",1
s-0811,"🌑️😰,😔😞😩💔,😔💔😢😞,😔💔😞😣,😔😞💔😣,🌑️💀,😔😞😢😣😩,😔💔😞😢,😔💔😞,😔💔😞,😢😞😣,😔💔😞,😌🌈🙏✨,🚨️💀😰,😔💔😞😣,😢😔💔😞,😔😞😩😣😢",1
s-0813,"😊😌💪✨,😔💔😞,💚✨😌,😔💔😢,😊✨🌈💚🙏,✨🌟🙏💚,😊🌟💚,😞😔💔,😔😞😣😖,😌💪✨🌈,😔💔😞😩,😊😌✨🌟💚,😌✨🌟🌈,😔💔😞,😊🙏🌟💚,😊✨🌈💚",1
s-0821,"💪✨🌈,😊💪✨,😌💪🌈,😌💪🌈,😔💔😞,😢💔😞😔,😔😣💔😞,😔💔😢,🌑😰️,💪✨😌🌈,😔💔😞,😔💔😖😞,😔💔😣😞,😔💔😞,😰🌑🕳️️,💀😰️",1
s-0823,"😌💪🌈,💀️️🌑",1
s-0827,"🙏✨😌💚🌟,🙏😌✨,🙏✨🌟😌💚,😊💪🌈✨,😊✨🌟,🙏😌✨💚🌟,🙏✨😌🌟💚,🙏✨😌🌟💚,😌🙏✨🌈,😔💔😢,🙏✨🌟😌,🙏💚✨😌,💪🙏🌈💚,🙏✨😌🌟,💀😰️🕳️,😌💪🙏,😊🙏✨💚,😊🙏💚✨,🙏✨💚😌,🙏✨😌,🙏✨🌟😌💚,🙏✨😌💚,🙏😌✨💚,🙏✨😌🌟💚,😊💪🙏🌈,😊💚🌈,😊✨🙏💚,😌🌈💚✨,😊💪🌟🙏,😊💪🌈✨,😊😌💚🌈,🙏✨🌟,🙏✨😌💚🌟,💚🙏✨🌟,🙏✨💚😌🌟,😊😌💚✨,🙏💚💪,😊💪🌈,😔💔😞😣,😌✨🌈,😔💔😢😞,😌🙏💚✨,🌟💚🙏,😊✨🌟💚,🙏✨🌈😊,🙏✨😌🌟💚,🙏✨💚😌,🙏😊✨💚😌,💪🌈🙏💚✨,🙏✨😌💚,🙏✨💚🌈,💚🌈🙏✨,😊✨🌈,💚🙏✨🌟,😊💪🌈,🙏😌✨💚🌈,😊💚🌈,😊💚🌟🙏,😌💪🌈,😊😌💪✨🌟,😔💔😞😣,💚🌈💪🙏,😊💪🌟💚,😌🙏💚✨,😊💪✨,😊💪✨,😊💪✨🌟,😌🙏✨,🙏💪😌✨🌟,🙏✨🌟,😊😌💪✨🌟,🙏✨😌💚,😊💚🌟,😊💚🌟,💚🌈✨🙏,💪✨🌈,😊🌟💚🙏✨,🙏✨😌,😊🌈💚,💚✨💪,🙏✨😌💚,😌🙏✨,😌✨💪,🌟💚🙏,😊💪🌟,😌✨🙏💚,😊🌟💚🙏,😌🙏💚,🙏✨😌💚,🙏✨🌟💪😌,😊💚🌟,😊💪✨,😔😞💔😣,💪🙏✨,😊💪✨,😊😌🙏💚,🙏😌🌟💚,😔😢😞💔,🙏✨😌,😌🙏✨",1
s-0843,"💪✨💚🌟,😊💚🌟,🙏💚🌈✨,😔💔😞,🙏💚🌟✨,😔😞😢😩,😊🌟💚🌈,😔😞😣,😌💚✨,😔😞😩💔,💀🌑😰🕳️,💀😰️🌑,🌑🕳️💀️,😔😞😩,😔😞😣,😔😞😣,😔😞😣😢,😔💔😣😞,😰🌑🕳️️,💀😰🚨,😔😞😢,😔😣😩,😰🌑️,😔💔😞😩,💔😔😞,😊😌💚✨,😌💪🌈,😔😞😣,😔😞😣😩,😌✨💚🌈,😔😞💔😣,😔💔😞😩,😌✨🌈💚,😰🌑🕳️,😌✨🌟,😰🌑️,😔😞💔😢,😊💚✨,😊😌✨,😊💪🌈✨",1
s-0847,"😊😌💪,😊💚✨😌,😊😌✨,😊✨🌈💚😌,😊😌💚🌈,😔😞😩😣,😊😌💪🌈,😊😌🌟,💪✨🌈,😞🌑😰️,😊💪✨,😔💔😞,😔😞😣💔😢,😔😖😞😣,💊😰️🚨,✨🌟😊🌈,😌💚🌈✨,😔😞😣😩,🌑💊🚨😰️,😰🌑️🕳️,😔😣😖😩,😔😞😣😖,😰️😔,😰🌑️,😖😩😔💔,️🌑🕳️😰,😔😞😩,💀🌑😰️,😣😖😩😞😔,🙏✨💚😊,😰🌑🕳️️,😔😞😩,💪✨🌟,😊😌💪✨🌟,😊😌✨🌈,🌟💚🌈😊,🌟💚😊,😊😌✨🌈,😊💪✨🌟💚,😊🌟💚,😊💪✨🌟,😊💪🌈✨🙏,😊💪🌟✨,😊✨🌟,😊✨🌟,💚🌈💪🙏,😊😌✨💪,💚🌟💪✨",1
s-0864,"🙏💚😌✨,️😰🌑,😌✨🙏,😰🕳️️,💀🌑😰️,😢😔😞,😌✨🌈,😌💪✨🌈,😊💪🌟,😌💚🌈,😔😞😣,💪🙏😊🌟,😣😖😩😔,😊✨🌈,😰🌑🕳️️,😌✨🌟💚,😊😌💚,😢😔😞,😌💪🌈,😌💪🌟🙏,😌💪✨🌈,😌💚🌈,😊🌈✨💚,😊😌💚,😔😞😣😖,😔😞😩😣,😌💚🌈,🌈💪✨😌,😊😌💚,😔😞😣,😊😌✨🌈,😔😞😣,😌✨💚🌈,😔💔😞,😌💚🌈,😊🌟💚,😔💔😞😩,😔😞💔😩,😌💚🙏,😔💔😞😣,😊✨🌟,😊😌✨🌟💪,😰💀️🌑,😌💪🌈,😌💪✨🌈,😌💪✨🌈,😊🌟💚✨🙏,😊🌟💚✨,😊🌟💚✨,😊✨🌟,😊💪🌟🙏,😌💪🙏🌈,😔😞😩,💊😰️,😊😌💪✨,😔😞😩,😌💪🌈✨,😊✨🌟💚,😌💪💚🙏,😊😌💪🌈,😔😢😞,😊✨🌈,😊✨🌈💚,😊😌💚🌈,😔💔😢,😔💔😞,😊💪✨🌟💚,😌✨🌈💚,🌈💚🙏",1
s-0874,"😌💪✨🌈,😔😞😢💔,😊💪✨🌈,😊✨💚😌🌟,😰🌑💔️,😊💪✨🌟,😊✨🌈,😊💚🌈✨,😊😌✨,😊😌✨,😊✨💚🌟😌,😊✨🌟,😊💪🌈✨,😊✨💪💚🌟,😊💚✨🌟,😊✨🌟💚,✨😊💚🌟,✨🌟😊😌💚,😊😌💪✨,😊✨🌟💪💚,😊✨🌟💚🌈,😌💪🌈✨,😊✨🌈💚,😊✨🌟,😊✨💚😌🌟,😌🙏💚🌈,😊✨💪🌈💚,😊✨🌟💚,😊✨🌟💚🌈,😊✨🌈,😊✨🌟,✨💚😊🌟,😌🙏✨,😊✨💚🌈😌,😊✨💚😌🌟,✨😊💪🌟,😊✨🌟💚,😊✨💪🌈😌,😊✨💚😌🌟,😌💪✨🌟,😊✨🌟💪,😊✨🌟💚🌈,😌💚✨🌈,😊✨🙏,😊✨🌟💚,😌🙏💪✨,😌💪✨🌈,😊✨💚🌟,😊✨💚🌟,😔😞😣😩,😊✨🌟,😊✨🌟💚🌈,😊✨🌟,😊✨🌟💚🌈,😊✨🌟💪😌,😌✨🌈,😊✨🌟,😊✨🌟💪,😊✨🌟💚,😊😌✨🌈,😊✨🌈💪,😊😌✨🌈,😌🌟🙏💚,😊😌✨🌈,✨🌟💚,😊✨🌟🌈,😊✨🌈💚,💊😰️🌑,😊✨🌟,😊✨💚😌,😊😌✨🌈,😊✨💚🌟😌,😊✨🌟💚,😊✨🌟💚,😊✨🌟💚🌈,😊✨🌟,😊✨🌈💚,😊✨🌟,✨🌟💚😌,😊✨💚🌈,😊😌✨🌟,😊😌💪✨,😊😌✨🌟,😔😞😩,😊✨🌈,😊💪✨,😊💪✨,😊✨🌟💚,😊✨💪🌈💚,😊✨🌟💚,😔😖😩,😊✨🌟💚,😊😌✨🌈,😊💪✨🙏,😊✨💚🌟,😌✨🌟💚,😊✨🌟,😔😣😖,😌💪✨🌈,😊💪✨",1
s-0883,"💀️️,😊💚🌈,😊😌🌈✨,😊💪🌈,😊💪🌟💚,😊😌✨🌟💚,😊💚🌈,😌💪✨🌈,😌💪🌈,️🚨😰💀🌑,💊💀️😰,🚨💀😰️,😔😞💔😣,😊😌💪,😣😩😞,🌑🕳️😰️,😰️🌑,😰🌑️,🔪😰️,😣😖😩",1
s-0890,"😌🙏💚✨,✨💪🙏,😊💪✨🌟,😊😌✨🙏,😌✨🌈,💚✨💪,😊✨🌈💪",1
s-0893,"😔😞😢,😊🌈💪,😔💔😞,😔😣😞😩,😔😞😢,😊😌💪✨,😊😌✨💚🌟,😊😌✨,😌💪🌟,😔😞😣,😔😞😣😩,😔😞😢,😔😞😣,😌✨🌟,😔😞😩💔,😞😣😩,💪✨🌈🙏,😌💚🌈✨,😖😰🌑🕳️,💪✨🌈🙏,😔😣😩,🙏💪🌟,😔😞😣😩,😔😞💔😣,😔😞😣😩,😔💔😞,😔😞😢😣,😌💪✨🌟,😌✨🌈,😔💔😞😩,😔💔🌑️,😔😞😣,😔😞😣😖,😌💪🌈,😔😞😣,😞😩🌑️,💪✨🌈,😔😞😣,😌💪🙏🌈,😊💪🌟,😞😔😣,😊😌🌈✨,😔😞😩,💪✨🌈💚,😌💪🌟💚,😔😞😣,💀😰🕳️️,😊💪🌈,😊🙏💚,😔💔😞,😊💚🌈,😊💪✨🌈,😊😌💪,😌💪🌈,💪😌✨😊,😔💔😞,😊😌✨🌟,😊💚🌈✨,😔😞😩😢,😔😢💔😞,😊💪✨🌈,😊✨🌈,😌💚🌟🌈,😌💪✨,😌😊🌈,😌💚✨,🌟💪😌🙏,😊✨🌟,😊😌💪✨,😊😌💪✨🌟,😊😌🌟,😊🙏✨🌈,🌟💪🌈😌,😌✨💪,😌💪✨,😌✨💪,😌💪✨🙏,😔😞💔,😊✨🌈💪,😊😌💪✨,😊😌💪✨,😊✨💪,😌💪🙏",1
s-0913,"😊😌💪✨,😊✨🌟,😌💪🌈✨,😊✨🌈💚,😊✨🌟💚,😔😞😢😩,😊✨🌟💚,💔😔😞,😌✨🌟🙏,😔😞😣😩,😊😌✨🌈,😌💪🙏💚,😔💔😞😣,😔😣😩😞,😊✨🌟💚🌈,😌💪💚🌈,😊✨💚🌈,🌟✨😊💚,😌💪🌟💚,😊😌🌟💚,😔😣😩,😊✨🌈💚,😊✨🌟,💔😖😞😩,😊✨🌟💚,😞😣😩,💪✨🌈😊,💪🌟😌🙏,😊🌟💚,😊✨🌟💚,😊✨🌟🌈,😌💪💚🌈,🌟💚✨😊,😊🌟💚✨,😊✨🌟💚,😊✨🌈💪,😌✨🌟💚,😊✨🌟,😔😞😢,🌟💚😊✨,😊✨💚🌈,😊✨💚🌈,😊✨🌟,😔😣😢😩,😔💔😞😣,😊✨🌟💚🌈,😊😌💪🌈,😊✨🌈,😊✨🌟🌈,😊😌✨,😊✨🌟💚,😊✨🌟,😌💪🙏,💊😰️,😌💪✨🌟,😔💔😞,💪😌✨",1
s-0917,"😊✨🌈💪,😊💚🌟,💀️🌑😰,😊💚🌟🌈,💚🌈🙏,😞😩😔😣,😊✨💪",1
s-0922,"💀🚨️😰,😊💪🙏🌈,😌💪🌈,😊😌💪,️😰🌑🕳️,😊🌟💚,💀️😰🚨,😊😌✨,😌💪✨🌈,️😰,😌💚🌈✨,😊😌✨🌈,😊✨🌟🌈,😊✨🌟💚,😔😣😩,😞😔😣,😌💪✨🌈,😌💪✨🌟🌈,💀😰️,😌💪✨🌈,😊✨🌟,😊💪✨🌟,😔💔😞😣,😌💪🌈,😊💪🌈,😌💪🌈,✨💚😌🌟,😌💚🌈,😌💚🌟🌈,😔😢😞💔,💚🙏😌✨,😌💪✨🌈,😊😌💪✨,😊✨🌈,😣😖😩💔,😌💪🌈,😢😔💔😞,😌💪✨🌈,😊💚✨🌈,😌💚🌈✨,😌💚✨🌈,😊😌💪✨,😊💪🌈✨,😌💚🌈✨,😊💚🌟🌈,🚨💀😰️,😰😖️,💀🚨️😰,😊🌈💪,😊😌✨🌟,😔😖😞😣,😌✨🌈💚,😊💚🌈,😖😣😔😞,😔💔😞😣,😌💪✨🌈,😊😌💪🌈,😌💪🌈,😊😌✨,😢😞😣😖,😔😞😩💔😣,😌💪🌈🌟,😢😔💔😞,😊✨🌈💚,😌💪✨,😌✨🌈,😊😌✨🌈,😊💪✨,😊💚🌈,😌💪💚🌈,😊😌💪,😊✨🌟,😊✨🌟💚,😊✨🌈,😊😌💪,😌💪🌈,️😰🚨🌑,💪🙏💚,💪🙏🌈,😊😌💪✨,😊😌💪✨🌟,😊💚🌈,😊✨🌟,😊✨🌈💚,😊✨🌟💚,😞😩😔,😌💪✨🌈,😊✨🌟,😊😌✨",1
s-0923,"😊✨🌈,😌💚✨💪,😊✨🌟💪,😊💚🌈,😊✨🌟,🌟😊✨,😊✨🌟💚🙏,😊✨🌟,😊🌟✨💚🙏,😊✨🌟,😊✨🌟,😊✨🌈,🌟✨😊💚🌈",1
s-0928,"😔💔😞😩,😊😌💚🌈,😔💔😞😢,😔💔😞,💔😔😞,💔😔😢😞,✨🌟💪🌈,😊✨💚,💚🌈😊,😔💔😞😩,💀️🌑😰,😊😌💪✨🌟,😔😞😢,😊✨🌟🙏,😊✨🌟💚,😊✨🌟,😊✨🌟😌,😊✨🌟😌,😊🌟💚🙏✨,✨😊🌟🙏,😊✨🌟,😊✨🌟💚,😊✨🌟💚,😊✨🌟,😊✨🌟,😊✨🌟,😊✨🌟💚,😊✨🌟,😊✨🌟💚,😊✨🌟,😊😌✨🌟,😊✨🌟,😊✨🌟,😊✨🌟,✨🌟😊,😊😌💪✨,😊😌✨🌟,😊✨🌟💪,✨🌟😌💚🌈,😊✨🌟,😊✨🌟,😊😌✨🌟,😊✨🌟,😊✨🌟💚,😔😞😣💔😖,😔😞😩😣,😞😰🌑,😌🌈💚,😔😞💔😢,😔😞😩,🙏💚🌟,😔💔😞😣,😰🌑🕳️️,😔😢💔,💀🌑😰️,😔😞😣,😌✨💚,😌💪🌈✨,😔😞😩,😊💪✨🌟,😊💚🌈✨,💚😊✨🙏😌,😊💚🌈✨,💚✨😊🌈😌,🙏💚😌✨,😌💚✨🌈,💚🙏😌✨,😊💚✨💪🌈,💚😌✨🌈,💔😖😣😞",1
s-0933,"💚🙏😌✨,😌😌🌈💚,😊✨🌈,😔💔😞😩,😔💔😞😣,😔😞💔,😌💪🌈,😔💔😞,😌💚✨,😌💚🌈,😔💔😞,😌🌟💚🌈,😊😌✨🌈,😊💚✨,😔💔😢,😔😞💔😖🌑,😔😣😖😩,😌💪✨🌈,😌💪✨🌈,😔😣😩💔,🌑😰🕳️️,😔😢💔😞,😩😞😣😔,😰️🚨,😔😣😖😩,✨🌟💚,😔💔😞😣,😌💪✨,😌💚🌟🌈,😌💪🌈✨,💪🙏🌈,😔😞😢😣,😌✨🌈💚,😊✨💚,😌✨💪🙏,😔😞😢,😔💔😞,😊✨🌟💚,😰🌑️,😌💪🌟,😌🙏✨,💪✨🌟😊💚,😊😌💪✨,😔💔😞,😔😞😣,😌🙏✨🌈,💚✨😌🌟,😌💪🌟,😢😔😞,😌💚🌈✨,😌✨🌈💚,😔😞😣,😌💪🌟💚,😰🌑💔😞️,️😰💀🌑,😊✨🌟,😔😢😣,😔😞😢😣,😊🌟💚,💀😰🌑️,😰🌑️💀,️😰🌑💀,✨🌟😊,😌✨💚🌟,😊✨🌈,😊✨🌈💚,😊😌✨🌈,😔💔😞,😰🌑🕳️️,😔😞😣,😌💪🌈✨,😊✨🌟💚,😔😞😩,😣😖😩😔,😌💪✨🌈,💪✨🌈😌,😌✨💪,😊✨🌈💚,😔😞😖😩,😔😞😩,😊✨🌟💚,😔😞😣,🕳️🌑😔😩,😔😞😖,😔😞😣😩,😊✨🌈,😔😞😣,😌🌈✨💚,🌑😰🕳️️,💀️️🕳️,✨🌟💚🌈,✨🌟🌈,😊😌💪,😔😞😣,😌💪✨🌈,😊😌✨💚🌈,😌💪✨,😊😌✨,😔😞😣",1
s-0937,"😔💔😞😢,😊✨🌈💚,😊😌✨🌈,😌✨💪,😔😞💔😣,😰🌑😔️,️😰🌑,😔💔😞,😊😌✨🌈,😊😌💪✨🌈,😊✨🌟💚,😌💚🌈✨,💔😔😞😣,😔💔😞😣,😊😌🌈,😊😌💪,😊✨🌟,😊✨🌈,😊😌✨💚,😊✨🌟🌈,😊😌💪✨,😌✨🌈,😊✨🌈,😊😌💪✨,😊💚🌈✨,😊✨🌈💪,😊😌💪✨🌈,😌💚✨,😊😌🌈,😣😖😩😔,😊🌟💚,😊✨🌈,😌💪✨🌟,😌💪🌈✨,💊😰🌑️,😌💪🙏,😊😌💚✨🌈,💊️️🌑🚨,😌💪✨🌈,😌🌈✨,😔😞😣,😔💔😞😩,💪✨🌈😊,😊✨🌟🙏,😢😔💔😣,😔💔😢😞,😌💪🌈💚,😔💔😞,😊😌✨,😊✨🌈,😊✨🌈💪,😌💪✨🌈,😊💪✨,😔😣😖😩,😔😞😢,😊😌💪✨,😊😌💪,😌💪🌈,😊✨🌈💚🌟,😌💚💪🌈,😌💪✨🌈,😌💪✨🌟,😌💚🌈,😊😌✨🌈,😊💪🌈✨,😌💚🌈,😌💚🌈✨,😊😌✨🌟💚,😊😌✨🌈,😊😌💪🌈,😊😌💪,😌💪🌈✨,😖😩😔,🌈✨🙏,😊😌🌈,😌🙏💚,😊😌✨🌈,💪✨🌈😊,😊🙏✨,😊😌✨🌟,😔💔😞😢,😌🙏💚✨,😔😢💔,😌✨🌈,😔😞😣💔,😌💚✨,😌💚🌈✨,😌✨🌟🌈,😔😞😣,😊💚🌟✨,😰🌑️,😊✨🌟💚😌,😌🙏🌈✨,😔😞😣😖,😊😌✨💪,😊💚🌟😌,😊😌💪✨,😔💔😞,😊✨🌈💚,😔💔😞",1
s-0938,"😖😩😔,😌💪🌈✨,😊😌💪✨,😊💪✨🌈,😌💚✨🌟,😩😞😣😔,😊😌🌟💚,😌💪✨🌈,💪✨😌🌟,💔😔😞😖,😊😌✨🌟,😊🌈💪✨,😊😌💪✨,🙏✨💪,😊😌💚✨,😌😊🌈✨,😊😌✨🌈,😊✨🌈,😌💪🌈✨,💪✨🌟😌,😔😞😩,😊😌💪,😔😞😣😩,😊✨🌈,😊✨🌈,😊✨🌈,🌑😰️,😊✨🌟,😊✨🌟,😊😌💪,😣😩😞😔,😊✨🌈💪,😊😌💚,💊😰️,😊✨🌟💚,💪✨😌🌟,😌💪🌈,😊😌💪🌈,😔💔😞,💪😌🌈✨,😊😌✨🌟💚,😌💪✨🌈,😔😞😣,😊💚🌈✨,😰🌑️,😌💪✨🌈,💪✨🌈😌,😔💔😢😞,😊💚🌈✨,🚨😰🌑,😊😌✨,😔💔😞,😔💔😞🙏,😌💪🌈,💔😔😞😣,😔💔😞😣,😊😌💚🌈,😌💪✨,😔😢💔,😌💪✨🌈,😌🌈💪🙏💚,😊✨🌟🌈,😔😞😩,😊😌💚✨,😊✨🌟💚,😊💪✨🌈,😊✨🌟,🌈✨😌💚,😌💪🌈,😊✨🌟💪,😔😞😩💔,😌💪✨,😊😌💪✨,😔💔😣😞,😔💔😞😩,🌑🕳️😰️,😊😌💚,😔💔😞😣,😊😌💪,🔪💀🩸️,😰️💔😖😩,😊💪✨🌟,😌🌈✨💚,😊🌈💚,😔💔😞😣,😊✨🌈,😌💪🌈,💔😔😞😣,😌💪🌈,😌💪✨,😊😌💪✨,😔😞💔😩,😔💔😞😣,😔😞😣😖,💪✨😌,😌✨💚🌟,😣😖😩,😔💔😞😣,😔💔😞😢,😊✨🙏💚",1
s-0940,"😔😞💔😣,😔😞😣,🌟✨🙏,😌🙏✨🌟,🙏✨🌟,🙏✨🌟😌,🙏✨😌🌈,🙏✨🌟💚,😊😌💪🌟,🙏✨🌟💚,🙏✨😌💪,😔😞💔😩,😊💪✨🌟,😊✨🌈💪,🙏✨🌟,🙏✨😌💚,😌😌✨,😌💪🌈,😔😞😩😣,🙏💚🌈✨,😊✨🌈,😌😊🌈,😊✨🌈💚,😔😞😣💔,😊✨🌈💪,😊😌✨,😔💔😞😢,🌟🙏😊💚,😌✨🌈,😔😞😣,😔😞😣,😌💪🌈,😌💪✨🌈,🌟🌈🙏,🙏✨🌟😌,😣😖😩,😔😞😢,😊💚✨🌟,😊💚🌈,😊😌✨🙏,😊😌✨🌈,😌✨🌟💚,💪✨🌟😌,😔😣😖😩,✨🌟💪,😊😌✨🌈💚,😊😌✨🌟,😌💪🌈✨,💚🌈✨🙏,😌💚🌈✨,🚨️😰🌑,😊✨🌈😌💪,😌✨🌈💚,😌✨🌈,😊🌈💪✨,😌💚🌟✨,😊🌟💚,😔💔😞😩,😊✨🌟💚🙏,😊😌💪,😌💪✨🌈,🌈💚✨😊,😊😌💪,😔😞😣,😊😌✨🌈,😔😞😣😩,😔😞💔😢,😌✨🌈💚,😔😞😣😢,😌🙏💚,😊😌✨🌈,😔😞😩💔,😰🌑🕳️️,😣😖😩,😊💪✨💚,😊😌✨🌟,😔💔😞,😊😌✨🌈,😔😞😣💔,😌✨🙏,😊✨🌟,😔💔😞😣,😔😞😩,😊💪🌈✨,😊💪✨🌈,💀😰️🌑,😊💪🌟✨,😌🙏💚,😔💔😞😢,😌💪🌈,😊🌟💚,😊💪✨,😊🌟💚,😊🌟💚🙏,😌💪🌈,🌑🕳️😔,😔😞😣😖,😩😔😞,😌✨🌟💚,😌✨🌈",1
s-0942,"😊😌✨🌟,😊✨🌟,😊💪✨🌈,😊✨🌟💪,😊✨🌟💚,😊✨🌟💪,😊😌✨🌟,✨💚🌟,🙏✨🌟💚",1
s-0945,"😊😌🌟,😌✨🌈,😔😢😞,😔😣😩,😞😩😢😔,🙏😌💪🌟,😌💪🙏✨,😊💪✨🌈,😌🙏✨,😔😞💔😣,😔💔😢,😌✨🌟💚,😌💪🌈✨,😢😞😩💔,😊✨🌟💚,😊✨🌟💚🌈,🔪💀😰,😊😌✨,😊✨🌈💚,😌💪✨🌈,😌💪✨💚,😰🌑💔😖,😊😌✨🌈,😊😌💪✨,😊💪✨🌟,😢💔😔,😊😌✨🌈,😊😌✨🌈💚,😊✨🌟💚,😊😌🌈,😊🌈✨,😊💪✨🌈,😢😔💔😞,,😊😌✨🌟💚,😌✨🌈,😌💪🌈,😌💪✨🌈,💀🚨😰,😊😌✨💚🌈,😔😞😖😩,😔😢😞😣,😊😌✨🌈,🌑🕳️😰️,😊✨🌈,😊💪🌈✨,😊😌🌟💪,😰😩😞,😔😩😢💔,😔😞😩,😌🌈💪,😢💔😔,😊✨🌟,😌✨🌟🌈,😢💔😞😔,😔💪🌈,💀🌑🕳️😰,😔😞😩😣,😊😌💚✨,😊🙏✨💚,💀️️🌑,️😰🌑💀,😌💪🌈🙏,💚🙏✨😌,😔😣😩😞,😊✨💚🌟,😌💪🌟🌈,😌💪✨🌈,😔😞😩,😔💔😞,😌💪✨🌈,😊😌✨🌈,😔💔😢😞,😢💔😣😔😖,😊😌🌟,😔😩💔😢,💊️😰,😌💪🌈✨,😔💔😰,😔😞💔😢,😰💀🌑🚨,😔💔😞😩,😩😣😞😔,😰😩🌑,😢💔😔😞,😊✨🌈,😔😞😩,😔💔😢,😔😰🌑,😊✨🌈,😢😔😞😣,😢💔😞😔,😔😞😣😩,😌💪🌈,😌💪🙏🌈,😰🌑🕳️️,😰️😔😞,😔💔😞😣😩,😊✨🌟,😊💚🌈",1
s-0955,"😊✨🌈,💪🌈💚✨🙏,😌💚✨🌈,✨🌟💚😌,️🚨😰,😊✨😌💪,😌💚🌈✨,💀️️🌑,😊💚🌈✨,😊🌟💚✨,😰🌑️,😊✨🌈💚,💔😔😞😣,😌💪🌈,😊😌✨",1
s-0966,"😰🌑️,😔😞😩🌑",1
s-0976,"😖😩😞,💀😰🚨,😊✨🌟💚,🌟😌🙏,😌💪✨,😊💪✨🌈,😊🌟💚✨,😊🌟🌈",1
s-0978,"💀️🚨️😰,💀🌑🕳️️,💀️🚨️,🌑😰️,💀️🌑️,😔😞😣,💀🌑️,😔😞😣😩,💀😰️,😰💀️",1
s-0997,"😔😞😖😣,😔😞😣,😔😣😩😞,😊✨🌟💚,😌💚🌟✨,🌑🕳️😰️,😞😩😔,😞😣😩,😊💪✨,😊✨🌈💪,🚨️😰🌑,😔😞💔,💀🌑️🚨,😊✨🌈😌💚,😊✨🌟🌈,😔😞😣😩,😊✨🌈💚😌,😊💪✨🌈,😔😞😣😩,😌💪✨🌈,😔😞😢,😔😞😣,😔😢😞😣,😢😔😞💔,😊✨🌈😌,💔😞😣😔,😌💚🙏,💚✨😊🌈🙏,😊😌✨🌟💚,😊😌💪✨🌈,😔😢😞,😌💪✨🙏💚,😌✨🌈💚,😌🌈💚✨,😌💪🌈💚,😰🌑😞😖,😰️🌑,😌💚🙏,😔😞💔😣,😌💚🌟🙏,😊😌💚🌈,😌🌟💚🌈,💀🌑🚨️,😌✨🌟🙏💚,😔😞😖,😢😔💔😞,😊🌟💚,😌💚✨🌈,😊😌🌟💚,😔💔😞😣,😌🌟🙏💚,😌💚✨🙏,😔😞️,😊✨🌟,😔😞😩,😔😢😣,😰🌑️🚨,😊🙏✨,😌✨🌟💪,😔😞😩,😊✨💚,😔💔😢😞,😣😖😞😔,😌✨🌈,😊😌💪,😢😔💔,😔😞😣😩,😌💚🌟,😔💔😞😣,😊😌💚✨🌟,🙏💚✨,😌💪🌈✨,💊🚨🌑,😔😞😩,😊😌✨🌈,😰️🌑,😌💚🌟✨,💪✨🌈😌💚,😌💚✨,😌😊✨💚,😔😞💔😣,😢😔😞,😔😞😢😣,😊🌟💚,😊💪🌈✨,😌💚🌈✨,🌑😰️,😊😌✨🌟,😰🌑️,🌑😰️,😌💚🌈,😌💪🌈✨,😔😞😣😩,😊✨🙏💚🌈,😔😞🌑💔,😊😌✨🌟,😊🌟💚🌈,😔😞😣😢,😌💪🙏🌟,😊😌💚🌟",1
s-1004,"🙏💪💚🌈🌟,😊✨🌟💪🌈,😊✨💚🌟,✨🌟😊💚,😊💪🌈,💔😔😢😞,😊✨🌈,😔💔😞😣,😊✨🌈💪,😊🌟💚,😔💔😞😢,😊✨🌟,😊💪✨,💀😰️,🌟💚😊,😊✨🌟💚,😞😔💔,🌈✨😊🙏",1
s-1011,😔😞😣,1
s-1033,"😊💪✨🌈,😢😞😣😩,😊✨💚🌈,😌✨🌟🌈,😊✨🌟💚,😊✨🌟💚,😊✨🌈😌,😌💪🌟🙏,😊✨🌟🙏,😔😣😖😩,😊✨🌟💚,😊🙏💚✨,😊😌✨💚,😔😞😩,😌✨🌈💚,💊💀🚨,😊✨🌟💚,😌💚🌈,😊😌💪✨,😊🌟💚✨😌,😊✨🌈😌💚,💚✨🌟😊,😌✨🌈💚,😌🌈💪✨,😔😩😞😣,😊🌟💚😌,😔😢😣😞,💪😌🌟✨,😞😩😔💔,😔😞😩💔,😊🌈💚🙏",1
s-1038,"😊😌✨🌈,😊😌✨🌟,😊😌✨🌈,😊😌🌈,😊😌✨💚🌈,😌💚🌈,😊🌟💚,😊💚🌈,😌✨🌈💚,😊✨💪🌈,😌💚🙏🌈,😌✨🌈💚,😌💪🌟,✨🌟💚,😊✨💚,😌💚🌈,😊✨🌈💚,😊😌🌈💪,💪✨😌🌟,😌💪🌈,😊✨🌟,😊✨🌈😌,😌✨💪,😊😌✨,🙏💪✨,😊😌💪🌈,😌✨💪,😌✨💚🙏🌟,😩😔😰,😊😌💪,😊🌈💚✨,😊✨🌟",1
s-1045,"😌✨🌈🙏,🌈✨😌,😔💔😞,😔💔😞😣",1
s-1061,"😊💪🌈😌,😊🌟✨,🌈✨💚😊",1
s-1065,"😊😌✨🌟,😔😞😖,😌💪✨🌈,😣😩😖😞,😔😞😢😣,😰🌑,😔😞😣😩,😔😞😩,😊💚🌟✨,😊🌈💪,😊✨🌟🌈,💀️🌑😰,💀️😰,😊💪🌟,😊😌💪🌈,😔😞😣,😔😞😣😩,😊💪🌈✨,😔😞😣😩,😊😌💚✨,💀🌑😰️,😰🌑🕳️,💀😰🌑️,😔😞😩,😔😞😣😩,😔😞😩,😌💪🌟,😔😞😩😣,💀️🚨,😊💪🌈,😰🌑️,😔💔😞,😔😞😩,😌🙏💚,😔😞😩,😌💚🌈,😞😔😣😖,💀😰🌑️,😔😞😣😩,😔😞💔😣,😊😌✨,😣😖😞,😊✨🌈💪,😊😌✨🌈,😔😞💔😩,😊😌💪🌈,😔💔😞😣,😔😞😣😩,🌑🕳️😰️,😌💪✨🙏,😌🙏💚,💀🌑️,😔💔😞😢,😰🌑💀️,😔😞😣😩,😔💔😢😞😣,💀🚨😰,😔😞😣😢,😔💔😢😞,😰️🌑,😔😞😣,😌💪✨🌟,😔💔😞😢,😔😞💔😣,😊😌💪✨,😔🌑💀😞,😖😩😔😞,😊😌✨🌈,😌💪🌈✨,😌✨🌈💚,🌑😰️,😌✨🌈,😌💚🌟,😰️😖,💀🌑🕳️️,😔😞💔,🌑🕳️😰️,😌💪🌟🌈,😌✨🙏💚,😊✨🌈,✨😌🌟💚,😔💔😞😣,😔💔😞😢,😌💪✨🌈,😌✨🌈💚,😔😞😣,😔😞💔,😔😞😣,😔😞😢💔,😌✨🌟🌈,😌💪🌈,✨🌈🙏😊,😔😞😣😩,😔😞💔",1
s-1072,"😌✨🌟,😊✨🌈💚,😊💪🌟,😌💪🌈,😊😌✨🌈,😔😞😣😖,😊✨🌈,😊😌✨🌟💚,😌✨💚🌈,😔😞💔😢,😊✨🌈💪,😌💚🌈,😢💔😞,😊😌✨🌟,😊😌✨🌈,️😰🌑,🌟💚😌✨,😔😞😢,😌✨💚😊,💪😌✨💚,😢😔😞😩,😊😌✨🌈,😊✨🌟💚,😊😌💚✨🌈,😊😌✨,😊💪✨😌,😊💪✨🌈😌,😌✨💪🌈,😔😞💔😢,😊💚✨,😊💚✨🌟,😊🌈✨💪,😣😖😩😞,😊💪🌟💚,😊😌🌈,💪✨😌🌈,😌✨💚🌈,😌💪✨🌈,💪😊🌟,💪✨🌈😊🙏,😔😢😞,😌💪🌈,😔😢😞😣,😌✨🙏,💪✨🌈😊,😌🌟💚✨,😔😞😩,😌💪🌈,😊✨💪🌈,🙏🌟😌,😊😌✨🌈,😌💪🌟🌈,😌💪✨,😔😣😖,😔😣😩😞,😌✨😊💚,😊✨🌈💚,😌💪🌈,😊✨🌟🌈,😌💪🌈✨,😊🌈✨😌💚,😊😌✨,😊😌🌟💪,😊😌✨,😊😌✨🌟💚,😔😞😢,😊✨🌈,😔😞😣😖,😊✨💪🌟,😊✨🌈,😌✨🌈,😊✨🌈💚,😊✨💚🌟😌,😊💪🌟🌈,😊🌟💚,😊🌟💚✨,😌💚🌟✨,😌💪💚🌈,😌✨🌟,😊💚🌈,😊✨🌈💚,😊✨🌈💚,💪✨🌟😊,😊🌟💚😌,😊🌟💚🌈🙏,😊💚🌟🌈,😊😌✨🌈,😌💪✨,😊✨💪,😊✨💪,😊🙏💪,😊😌✨,😌💪✨🌈,😊💪✨,😔😞😩,😊💪✨,😊💚🌟,😊✨🌈💪,😊😌✨🌟💚,😊💚🌈✨",1
s-1078,"😌💪✨🌟,😔💔😞😣,🔪💀🚨😰,😌💪🌟✨,😊💪✨,💀😰️🌑,😰🕳️🌑,💀😰🌑🚨,😌💚✨,😔💔😢😞,😊😌💚🌟,💔😢😞😔,💔😢😞,😞😣😩,😔😞😩,😔💔😞😣,😔😞😢,️🚨😰,😌✨🌈😊,😌💪🌈✨,😔😣😩,😔💔😞,😊✨🌟💚😌,💊💀🚨️,😰️😞😖🌑,🚨💀😰🌑,😔😞💔😣,😔💔😞😩,😔💔😞😣,😔💔😞,😊✨🌟💚,😔😣😞😖,😔😞😩😣,💪✨🌈😊,😔💔😞😣,😔😞💔😢,😌💪🙏💚,😰🌑️,😊💪💚🌟,💀🌑😰🕳️,😔😞😩,💊️😰🚨,💪💚🌈,😰🌑💀,😰🌑️🕳️,😔💔😢,💔😔😞,🩸🔪😰️,😰️🌑,😰🌑️,💔😞😖😔,😔💔😞😢,😔💔😣😞,💀️️🌑,😔💔😞😩😣,😔😩️,😔💔😞,😊😌✨🌈💚,💔😔😞😢,😰🌑🕳️️,😌🌈✨,😔💔😞😣,😔💔️,😢💔😣,😔💔😢😞,😔😣😖😩,️😰🌑😩,️😰💀🌑,💚🌈🙏✨,😔😞😣,😰️🌑,😌💚✨🙏,😔😢💔,😔😣😩😞,💔😔😞😣,😔💔😞😩,😌💪🌈,😌💪🌈✨,😊😌✨🌟💚,😌💪🙏✨,😔😞💔,😔😞😩,😌💚✨🌈,😰🌑😢💔,😊😌💪✨,💔😔😢😞,😞😔💔😣,😌💪🌈🙏,😔😞😩,😌💪✨🌈,😔😞😣😖,🌑🕳️😞😰️,💪✨🌈💚,💀😰🌑️,😰🌑️,😔💔😩😞,😔💔😞,😰🌑️😢💔,😔💔😣😩😖,😰🌑🕳️️",1
s-1081,✨🌟😊💚,1
s-1092,"😊✨🌟💚,😰🌑️,😔😞😣,✨💚😊🌈,😊💚✨🌟",1
s-1093,"😊✨🌟,😌🌟💚🙏,😌✨🌈,😌💚🌈✨,🙏✨🌟,🙏✨😌🌟,😊😌💚✨🌟,😔😢💔",1
s-1105,"🕳️😰️,😌✨🌈💪,😌💚🌈,😣😖😩😔💔,😊✨🌟,😔😖😩,💀😰️",1
s-1109,"😊💚✨🌟,✨🌟💚😊🙏,😊✨🌟💚🌈,😊✨🌈,😊😌💪✨🌈,😊✨🌟💚,😊💪✨,😊💪✨🌟,💔😣😖😔,😊😌✨🌟,😊✨🌟,😔😢😩💔,😌💚🌈,🌟✨😊💪🌈,😊✨🌟💚🌈,✨🌟😊🙏💚,✨🌟😊💚,✨🌟😊💚,😊✨🌟,✨🌟😊💚🌈,😊✨🌟💚🙏,😊✨🌟,😊✨🌟💚,😊✨🌟🙏💚,🌟✨😊💚,😊✨🌟💚,✨🌟😊💚,😊✨🌟💪,😊✨🌟,😔😞💔,✨🌟💚😊💪,😊💪✨🌈,😊😌✨,😊😌🌈,😊✨💚,😔😞😩😣,💀️😰,😌💪💚✨,😌💪🌈,🚨️😰,😊🌟🌈💚,😰️🌑,😔💔😞,😌✨🌈,😔💔😞😢,😔😞😣😩,😊✨🌈,😊✨💚🌟,😔💔😞😢,😰😔🌑,🚨🌑😰️,😔😞😩,😊✨🌟,😔😣😖,😊💚🌈✨,😌💪✨,😔💔😢,😔💔😞😢,😔💔😞,😔💔😞",1
s-1123,"😔💔😞😢,😌💚✨,😊🌟🌈,💚😌🌈,😔💔😢,😔😞😣😩,😔😞💔😣,😔💔😢,😌💪🌈,😔💔😞😩,😔💔😞😣,😔😞😣😖,😊😌🌈✨,😌💪✨🌈,😔😞😣😖,🌟✨😌💚,😌✨🌈💚,😔😣😞,💔😢😔,😌💚🌈🙏,💚🙏✨🌟,😌💪🌈,😔😞😢😣,😔💔😢😞,😊💚🌈✨,😔💔😞,😌✨💚,😔💔😢😞,😰️💔🌑,😔💔😞,🌑😩️,😊😌✨🌈,😔😞💔😢,🌟💪🌈,😌🌈💚,😌💪🌈,😔💔😢,😔😞😣😩,😌✨🌈,😔💔😞😢,😊😌💪,😔😞💔,😔😞💔,😌✨🌈,✨🌟😊💚,😔💔🌑,😌🌟💚🌈,😌✨🌟💚,😌✨💚🌈,😌💪✨🌟,😔😢💔😞,😌🌈✨💪,😞😩🌑💔,😌✨💚,🌈✨😊💚,😌✨🌈💪,😔😞😣😢,😰🌑️,😔😞😢,💚🌈😌,😔💔😞😢,😰🌑😔😞,🚨️😰,😔💔😞😢,😔💔😞😢,😌💪🌈✨,😔😞😢😣,😌🌈✨💚🙏,😔😞😣,😌🙏✨,😔😢💔,😊😌💚✨,😌🙏✨,😌✨💚🌈,😊💚✨,😣😖😩,😔😞😣,😊😌✨🌈,😔😞😢😩,😌✨🙏💚,😌💪🌈,😔💔😞😢,💔😔😞😣,😔💔😞😢,😔💔😞😩,😌💚🌈✨,😔💔😞😣,😰️😔😢,😊😌🌈,😊🌈✨,😔😞😢😣,😔😞😣😖,😌💪🌈,😌✨🌈💚,😌💪✨🌈,😰🌑️🚨,😊😌💪🌈,😢😔💔,🙏💚😌✨",1
s-1137,"😞😔💔😣,😌💪🌟🌈,✨🌟😊💚🌈,😊🌈💪✨,😌✨💪🌈😊,😊😌✨,😊✨🌈💚,😌💚✨🌈,😌💪🌈,😔😞💔😩,😔😞😩💔,😔😞😩,😊✨🌈💪,😔😞😩,😊✨🌟🌈,😊💚✨🌈,💀🌑️😰,😌💪✨🌟,😌💪🌈✨,😔😢😣💔,😌💚🌈✨,😊🌟💪🙏,😊✨💪🌟,😌💪✨🌈,😌💪✨🌈,😊😌💚🌈,😊💪✨,😩😞🌑,😊💪✨🌈,😊💪✨🌈,😊😌✨,😌✨💚🌈,😊😌💚,💪✨🌟😌,😔😞💔😢,😊😌✨🌈,😊✨💪🌈,😊💚🌈✨,😢😔😞😣,😊💚🌈,😌💪🌈✨,😌💪🌟🌈,😊😌💪,😊💪✨,😰️🚨,😔💔😞,😌💪🌟,😞😔💔😢,️🚨😰🌑,😔😞😣😩,✨💪🌟😊,😌😌😌,💚🌈✨,😌🙏✨,😊✨🌈💚,😊💪🌟,😊😌💪✨,😌💪🌟💚,😊💪✨,😊💪✨🌈,😊💪✨,💪✨😌🌟,😔😞😖,😌💪🌈🙏,😔😞😣,😔😞😢😣,😊😌💪🌈,😌💪✨🌈,😊✨🌈,😊✨🌈💚,💀😰️,💪✨🌈,😌💪🌈✨,🚨️😰🌑,😰🌑️,😌💪✨,😔😞😩,💪✨😌🌟,😔😞😩,😔😞😩,😊😌💚✨,😌💪✨🌈,😔😞😣😖,😊💚🌈✨,😌💪✨,😌✨🌟,😊✨🌟,😊😌✨,😊✨🌈💚,😊😌✨🌈,😔😞😣,😌💪🌟🙏,🚨️😰,💪😌✨,😌💚✨,😊💪✨🌈,😌💪🙏🌈,💪✨🌟🌈,💪✨🌟🙏💚",1
s-1161,"😔💔😞😩,😔😞😩😢,😌💪✨,✨🌟💚,💚🌈✨😊,😌🙏💚✨,😔💔😢,😌✨🌈,😊💚🌈✨,😌✨🌈,😊✨🌈,😊😌✨💚🌈,😔💔😞😢,😊✨🌟💚,😊😌💪🌈,💪✨🌟,😊✨🌟💚🌈,😊🌟💚✨,😊😌💚🌈,😌✨💚🌈,😊😌🌈,😊✨🌟,😊✨🌈,😊😌💚✨,😊😌✨🌈,😊💚🌈✨,😊✨🌈,😌✨🙏,😊✨🌟💚,😊✨🌈,😔💔😢😞😣,😊✨🌈💚,😊✨🌈💚,😊😌✨,😊🌟💚,✨💚🌟😊,😊✨💚🌟,😊✨🌟💪,😊😌✨🌈,😊💪🌈,✨🌈💚,✨🌟💚,😊✨🌟,😊✨🌟,😊✨🌈,😊💚🌈✨,😌💚🌈✨,😊✨🙏💚🌟,😊✨🌟💚",1
s-1165,"💪🌈✨💚,😌💪✨🌈,😌✨🌈💚🙏,💪✨🌈😌,😌💚✨🌈,😌💚🌈✨,😔😞💔😢,😔😢😞😣,😊✨🌟💚,😔😞💔😣,😌💪✨🌈,😔💔😢😞,😊🌈💚,😊✨🌟,🕳️😰️,😊✨🌈,️💀🌑🚨,💪✨🌈😌💚,💪✨🌈💚🙏,😊🌟💚🌈,😊💪🌈,😰🌑️,️🚨😰🌑,😰🌑🚨,😊🌟🌈💚,😌✨🙏💚,️💀🕳️",1
s-1184,"😊✨🌟💚,😊✨🌟💚,😊✨💚,😊💚✨💪🌟,😊💚🌟,😊✨🌟,😊🌟💚🌈,😊✨🌟💚🌈,😌💪🌈,💪✨💚🌈,😊💪✨,💚✨🌈😊💪,💔😔😞,😊✨🌟💚,😞😩🌑,😌💚🌈,😊💚🌈,💔😔😞😢,😔💔😞,😔😞💔😢,️🌑💀,😔😞😩,😰🌑🕳️️,🕳️🌑😰️,😔💔😞😩,😔😞😣,😌💪🙏💚,🌑😔😞😣,🌑😰️😔,😔😞😩😣🌑,💀🚨😰🕳️,💀🌑️,💀🚨🌑,😔😞😢,😔💔😞,😔😢😞😣,😔💪🌈🙏,🌈✨🙏💚,😰🌑️,💀️😰,🌟✨😊💚🌈",1
s-1185,"😌✨💚🌈,😔💔😞,😔💔😞,😌✨🌈💚,😌✨🌟,😔💔😞😣,😌✨💪🌈",1
s-1191,"💀🌑️🕳️,😢😞😔,😊✨🌟💚,😔😞😣😖,😌✨🌟🌈,😔💔😞😣,😔💔😞,😢😣😩💔,🌑🕳️️,😰💀️,😢😔😞😩,🌑😰️🕳️,😞💔😢😔,😔💔😞😢,✨🌟💚😌,😔😞💔,💊🚨😰💀️,😌🌈✨,😌✨🌟,😔😞😢😣,😔💔😞😢,😔😢😞,😔💔😞😢😩,😊✨🌈,😔😞😢💔,😊✨💪🌈,😩😰🌑️,😊🌟💚,😔😞😩,😊✨🌈💚,✨🌟💪,😔💔😞😣,😌✨💚🌈,😊💚✨🌈,😔😞😢,😔😞💔😣,😌🙏💚✨,😊🌈✨💚,😊💪🌟💚,😊💪✨🌈,️😰🌑,😌✨🌈💚,😌💪🌈,🌈✨😊💚,😔😞😣,😔💔😞,😊😌💪🌈,✨🌈😊💚,😌💪🌈,😌✨🌟,😊✨🌟💚,😊😌💚✨,😊💪🌈,😔😞😢,😊✨🌈💚,😔😞😣😖,😌✨🌈,😔😞😩💔,😌💪✨🌟,😔😣😞😖,😔💔😞😣,😔😞💔😢,😔💔🌑😞,😢😞😔💔,😔😢💔,😌✨🌈🙏,😌💪🌟🌈,😊🌟💚🙏,😌✨🌟,😌🙏💚🌈,💔😢😞,😔😞😣😢,😊✨🌈💚,😔💔😢😞,😊🌟💚✨,😔😞😢💔,😊💚✨🙏,😊😌💪,😊🌟💚,😌✨🌈,😊😌💚✨,🌟✨😊💚,😊😌💚,😌✨🌈💚,😊😌🌈✨,😔😞😣,😊✨💚🌟,😔💔😞,😌✨💚🌈,🌈💪✨😊,😔😢😞,😌✨🌈,😌💚🌈✨,😌💪🌈✨,😔💔😞😢,🌈😌✨💚,😰🌑🕳️,😊✨🌈💚,😌✨🌈💚",1
s-1193,"😔💔😞,😔😞😣😩💔,😔💔😢😞😩,😰🌑🕳️️,💀️😰🌑️,😰🌑️,😰🌑🕳️️,😌💪✨,🙏💚🌈✨,🌑🕳️😰️,🕳️️😰,😔💔😞😢,😔💔😞😩,💀🌑️🕳️,😰🌑🕳️️,️😰🌑🕳️,😔😞😢😣,😔😞😩🌑😰,😌✨💪🌈,😊💚🌈✨,😔😞😣,😔😞😩💔,😔😞😢,😌💪🌈💚,😔😞😣",1
s-1200,✨🌟💪,1
s-1202,"🌑️😰🕳️,💪✨🌟🌈😊,😔💔😞😢,😌💚🌈✨",1
s-1205,"😊😌💪🌈,😊😌💚,💚✨🌟🙏,😊🌈💚,😊🌈💪✨🙏,😊🌈💚,😊✨🌈,😊💪✨🌈,😊😌💪✨,😊😌💪✨",1
s-1206,"😔😞😢💔,😔😞😣,😊💚✨😌",1
s-1207,"✨🌟😊💚,🌟✨💚🌈,😊😌✨",1
s-1213,"✨🌟😊,😌✨🌈💚,💚✨🌈,😢💔😔😞,😊✨💚🌈,😌💪🙏🌈,😊😌💪✨,😌💪🌟,😊💚🌈✨,🚨😰🌑🕳️,😌💚✨,😊💚🌟🌈,😔😩😣💔,😌💚🌈,😔😞💔😢,😔😞💔,😢😔😞😩,️😰🌑💀,😊💚🌈😌,😊🌈💪😌,😰😖😩,😌💪✨🌈,😊😌🌈✨,😔💔😞,💪✨😌🌟,😔😞😣💪,😰🌑️,😔💔😢,💔😔😞😢,😌✨🌟🙏,😢💔😔,😊✨🌈💚,😌💪🌈✨,😌✨💚🌈,😊😌💚🌈,😌✨🌟💚,🙏💚😌,🩸😰🌑️,😊🌟💚✨,😌💪🌟,😊🌟💪,😰🌑💀️,💔😢😩😔,😔💔😞😣,🙏💚😌,😔💔😞😢,😔😞😣😩,🙏✨🌟💚🌈,😣🙏💪,🙏✨🌟💚,😊😌💚✨,😰️🌑🕳️,😊✨🌟💚,💪✨🌈😊,😊😌🌈,😌💪🌈,😌✨🌈,😌💪✨,😔😞💔,😌💚🌈✨,🙏💚✨😌,😰️🌑,😔😢💔,😊😌🌟💚🌈,😊😌💪🌟,😌✨🙏💚,😌💪✨🌈,😔😞😣😩,😔😢😣,😰️🌑💔😞,😊💪✨🌈,😊😌🌈,😔😣😩😞,😌💚🌟,😖😩😞,😔😞😣,😢💔😞,😌✨🌈💚,😊😌✨🌈,😊😌✨🌈,😌💪✨🌈,😌💪🙏,😊💚🌈✨,😔😞😢😣,😰💀️,😊😌💚🌟,😞😣😩😔,😊💪💚🌟,😢😔💔😞,😔😣😞😢,😔😢😞😩,😌💪🌈✨,😰🌑️,😊😌✨💚🌈,😌💪✨🌈,😔😞😩,💚✨💪😌,😔😢😣😞,😌✨🙏💚,😊😌💚✨",1
s-1215,"✨🌟💚😊,😊😌✨🌟,✨🌟😊💪,😊✨🌟,✨🌟💪😊,🌟✨💚,😊✨🌈,✨🌟💪😊,😌💚✨🌟,😊💪✨🌟,😊✨🌟💚🌈,😊💚✨,😊😌✨🌈,😊✨🌟💚,😊✨🌈💚,😌💚🌈✨,😌💪✨🌈,😊✨💚,💚✨😊🌟💪,💪✨😊,😊😌✨🌈,😊💚🌟🌈,😌💚🌈,🙏💚😌✨,😊💚🌟✨,😔😞😩😢,😌💚✨🌟,😊✨🌟💚😌,✨🌟😊💪,😊✨🌟💚🌈,😰🌑😖😩😔,😊😌✨,😊😌✨🌈💚",1
s-1229,😔😞😣,1
s-1239,"️😰🌑,😰🌑️,😔💔😞😣,😰🌑️,😰🌑🕳️️,😔💔😢,🌑💀😰️,😰🌑😩💔,😔😞😢,😊✨🌈💚😌,😔😞😣😩,😔😞😣😩,😰🌑💊,💔😔😞😢,😔💔😣😩😞,😔😞😣,😔😞😣😖,😌💚🌟,💊😞😔😣,😌✨💚🌈,😰🌑️,💊😰🌑🕳️,😰🌑️🕳️,😔😣😩,😰🕳️💊️,💊🌑😰😔,💊😰️🌑,😌✨🌟😊,😔💔😞😩,😰🌑🕳️️,😔😞😖😩,😰🌑😔😞,😔😞😣😩,🌑😰️,😔💔😣😞,😔😞😩,😰🌑️,️😰🚨,😰🌑️,😔😞😣😖,😰🌑🕳️️,😌💚✨🙏,🌑😰️🕳️,🌑💀🚨,😔💔😞😢,😰💊😣️,😌💚💪🌈,😔😞😣😩,😔😞😩,😰🌑️,😔😞😣😩,😔😞😣😩,😔😞😣😖,😌💪✨🌟,😔💔😞😣,😰🌑️😖,💀🔪😰️,😰🚨💀,😖💔😩😔,😌💪🙏💚,😊😌💚✨🌟,😌💚✨🌟,😔😞😣😩,😰️🌑,😊😌💚✨,😰😔️😖,😔😞💔😣,😊😌💚🌈,🌑😰️🕳️,💀😰🌑️,😰🌑🕳️️,💀😰🌑️,😔😣😞😩,😔💔😞😣😩,😔😢💔😞😣,😊😌✨🌈💚,💀🩸😰️🌑,😌💚🌈✨,😔😞😣💔,😌💪🙏,😔😞😣😖,😔😣😩💔😞,😔😞😩,😊😌✨💪,😢😔💔😞😣,😔😞😢😣,😌💚🌈✨,😌✨🌟🌈,😔😣😩😞,😔😞😣😖,😔😣😖😩,😔😞😣😩,😔💔😞😩,😰🌑️🕳️,😊😌🌟💚,😊💚🌈✨,😔💔😞😢,😔😞😖😩,😊😌💪✨,😔😞😣😖",1
s-1248,"😊😌💪🌈,😊✨🌟💪🌈,😔😢💔😞,😌💪🌈,😌✨🌈💚,😰🌑🕳️️,😌🙏💚,😊😌✨,😊😌✨🌟💚,✨🌟💪🌈,😰😔🌑😣,😌✨🌟💚,😌💪✨,✨🌟💚,😌💪✨🌟,😌💪💚,😖😩😢💔,😊😌✨🌈,😌💚🙏,😔😞😩💔,😊😌✨🌟,😌💚🌟,💀️🚨️,😊✨🌟💚🌈,😊😌✨,😊✨🌟,😌💪✨🌟,😌💪✨🌟,😊😌💪,😔😞😩💔,😊💪✨🌟💚,😢💔😞,✨🌈💚😌💪,😌💪✨🌟💚,😊🌟💚✨😌,😌✨🌈,😊🌟💪,😌💪✨🌈,😔😢💔😞,😊🌟💪,😖😔💔😣,😢😔💔😞,🙏💚🌈✨,💚😌🌈💪,😌💪🌈✨,😊✨🌟💪,😊✨🌟💚,😊✨🌈,💪✨🌟,😌✨🌟💚🌈,😌✨🙏,😌✨🌈💚,😌✨🌈💚,😌💪🌟,😊✨🌟💚,😊😌💚🌟,😊✨🌈💪,😔💔😣😞,😌😊🌈,😔😞😢,😊😌✨🌈,😊😌💪🌈,😊✨💚🌈,😌✨💚,😌🙏✨🌟,😊✨🌟💚🌈,😊✨💪,😊💪🌟,😔😞💔😣",1
s-1252,"😔💔😞😣,😊💪✨🌈💚,😔😞😣😩,😌💪🌈,😌✨🌟,😌💪✨🌈,😌💚🌟🙏,😔😞😣,😌🌈✨,😔😞😣😖,😔😞😣😖,🙏💪💚✨,😔😞😩,😔💔😢😞😣",1
s-1253,"😊✨🌈,🌟💪😊🌈,😌✨🌈,😌✨🌈💚,✨💪🌈😊",1
s-1256,"😰🕳️️🚨,😔😢💔😞,🙏✨🌟😊,😰🌑🕳️️,😔😢😞,🩸😰️,💊💀😰🚨,😔😞😢️,😢😞😣😩,😰🌑️,😌💪🌟💚,😊✨🌟💚,😊✨🌈,💀️😰🌑,😔😞😩,🌑🕳️😰️,🌑🕳️😰️,💊💀😰️,💀🚨️😰,😌💚🌈✨,😌💪✨🌈,😌💪✨🌈,😔😞😣,😰🌑️🕳️,😢😔😞😣,😊✨🌈💚,😊✨🌟,😊✨🌟,😔😣😖😩,😊💚🌈,🚨️😰,😌✨🌈,😊🌟💪,😌💪🌈🙏,😊💪🌈,😊🌈💪✨,😊💚🌟✨",1
s-1260,"😢😣😩😔,😌💪✨,😊✨🌟,😊✨🌟,💚✨😊🌈,😌✨🌟,😔😢😞😣,😰🌑️,😌💚🌟,😊💚🌈✨,😌💚🌈,😊✨🌈💚,😊✨🌟,😔😢😞,😊💪✨,😊✨🌟💚,😔😢😞,😌😊💚🌈,😊💪✨,😌🙏💚,😊✨🌟😌,😊✨🌈,😊😌💪🌈,😔😢💔😞,😊✨🌈,😊😌🌈,😊✨🌈💚,😊😌🌈,💚😌✨🙏,😊✨🌈,😌💪🌈,😌🌈💪,😊✨🌟,😌💪🌈,😌✨💚🌈,😊😌💚🌟,😊💚🌟✨,😊💪✨🌈,😊😌✨,😊✨🌟💚,😊😌✨🌈,😊✨🌟💚,🌑😰️🕳️,😊✨🌟💚,😌💪✨🌈,🙏💪✨,😌💚✨,😌💪🌈,😊✨🌟,😊💪🌈✨,😊✨🌟💚,😌💪✨,😌✨💚🙏,😌✨💪,😊😌✨🌈,😊😌✨🌈,😌💪✨,😊😌💪✨🌟",1
s-1264,"💀😰️,😔😞😣💔,😌💪🌈,😊✨🌟💚🙏,😊💪🌟🌈,😊✨🌟💪,😌💚✨🙏,🙏💚🌈😌,😌💪🌈,😔😞😣,😌🙏💚✨,😔😞😣😩,🌑🕳️😰️,🌑😰️,😌💪🌈✨,😌💪✨🙏,😊✨🌟💚,️😔😞,😌🌟💚✨,😊✨🌈,😊✨🌟,😊✨🌈💚,😌✨🙏💚,😊💪🌟,😌🙏😊,😌💪✨🌈,😌🌟🌈,😔😞💔,😊✨🌟,😊😌✨🌟,😊✨💪🌈,😊🌈✨😌,😌✨🙏💚,😊💪✨,😊😌💚🌈,😊✨🌟,😔😞😣😖,😊😌✨🌟,😊✨🌟,😔😞😣😩,😊✨💚🙏,😊✨🌟💚,😌💪🌈🙏,😊😌✨,😊✨💪🌈",1
s-1272,"😔💔😢,😌✨💪,😊🙏🌟✨,😰🌑🕳️️,😌✨🌈💚,😊✨🌈,😊✨🌈,😊💪✨🌈,🙏✨💪,😔😞😣😩,😌✨💪🌈,😊💪✨🌈,😔😞😩,😊✨💪🌟",1
s-1274,"💀😰🌑️,😊😌💪💚🌈,😔😰🌑️,😔💔😢,😊😌💪✨,😊😌💪,🌈💪😌,😊😌💚✨,😊💪🌈,😊😌✨🌟💚,😊💪🌈✨,😊💚🌈✨,😊😌💪,😔😞😣😖,😊💚🌈✨,😌✨🌟💚,😌💪🌈,😔😞😣😖,💀😰🌑️,😌💚🙏✨,😌✨🌈,💚🌈✨😊,😔😞😢,😔😢💔😞,😌✨🙏,😌✨🌈💚,😊😌💚✨,😌💚✨🌟",1
s-1280,"😌✨🌈,💔😔😞,😌💪🌟✨,😊✨🌟,😊😌💪🌈,💀🌑😰️,😌💚✨🌟,😌✨💚🌈,😊😌✨🌟,😔😞😣,😊💪✨,😊🌟✨,✨🌟💪🌈😊,😊🌈💪✨,😊💪✨🌟,💪🌈🙏,😊✨🌟,💪✨🌈,😔💔😞😣,😌✨🌈💚,😔😞😣,😊😌✨💚,😌✨💚,😊😌✨🌟,😊😌✨💚,😔💔😞,😊🌟💚,😔😞😣,😊💪✨,💪✨😌,💪✨🌈😊",1
s-1294,"😰🌑️,🌑💀️,🚨💀😰️🌑,😣😩😔💔,😰️🌑,😰🌑️,🌑😰️🕳️,😰🌑🕳️,💀😰🌑,😞😩😔💔,🩸️🌑🚨,💊️🚨😰💀,😔😞😢😣,💊💀️🚨,😔😞😣😖,😔😢😞😣,😊✨🌈,😊😌✨,😔😣😩😞😢,😣😖😩😢,😔😞😣😩,🔪🩸😰,🔪😰🚨,😌💪✨🌟,✨🌟💚,💪✨🙏💚,🩸️🚨💀,🩸🔪😰,🩸💀️😰,🔪🩸️😰,🌑🕳️😰️,💀🌑🚨,😖😩😣😔,😔💔😢😞,😌✨🙏💚,😔💔😞,😞😣😖😩,😔💔😞😣,😖😩😣😞,🔪🩸😰️,😔😞💔😣😢,😔😞😢,😢😞😣,🌑😰️💀,😔😞😣,😰🌑️💀,💚🌈✨😊,💀😰️,😊😌✨🌈,😊😌✨🌈,😔😢😞😣,😊💚🌟,😊😌💪,😊✨🌈💚,😊😌💪,😊✨🌟💚,😊💚🌈✨,😊💪✨,😊💚🌈✨,😊💚🌟,😊💪✨🌟,😊✨🌈💪😌,😊💚🌟,😊💚🌟,😊✨🌟💚🌈,😊💚✨🌟,😊😌💪✨🌈,😊💚🌈,😊💚🌟✨,😊💚✨🌟😌,😊💪✨,😊🌟💚,😊✨🌈💪,😊💚🌟,😊✨🌟,😊💚✨🌟😌,😊✨🌈,😊💚✨🌈,😊✨💚,😊💪🌈,😊💚🌈✨,😊✨🌈,😊😌💚,😊😌💪✨🌟,😊✨🌈💚,😊✨🌟,😊😌✨💚,😊😌✨🌟,😊✨🌈💪,😊💪✨,😊✨🌟💚,😊😌💪✨🌟,😊💚🌈,😊💪✨,😊💪✨,😊💪✨🌟💚,😊💪✨,😊😌💪✨🌟,😊🌟💚,😊💪🌈✨",1
s-1305,"😊✨💪🌟😌,😌🙏🌈💚,✨🌟😊💚🙏,😊✨💪🌟🌈,😊✨🌟,😊✨🙏,😊✨🌟💚,😊✨🌟💚,😊✨🌟💪,✨🌟💚,😊✨💪🌈,😊😌✨🌟,😊✨🌟,😊✨🌟,😊💪✨,😊💪✨🌟,😊💪✨,😊✨🌟,😊✨🌟💚,🌟✨😊💪🌈,😊✨🌟💚,✨🌟😊,😊💪✨🌟,😊✨🌟💪,😊😌✨🌟,😊💪🌟,😊✨🌟,😊✨🌟,😊✨🌟,😊✨🌟,✨🌟😊💚🙏,😊✨💪🙏,😊✨🌟🙏,😊✨🌟,💪✨🙏💚,😔😞😣💔,😔😞😣,😔💔😞😣,💪🙏💚,💪✨💚,😊💪✨,😊💪✨,✨🌟💚😌😊,😊✨🌟💪🌈,✨🌟💪😊,😊✨🙏💚🌟,😊✨🌟💚,😌💚🌈,😊✨🌟🌈💚,😊✨🌟💪,😊💪✨,😊✨🌟💪,😊✨💪🌟😌,😊✨🌟,✨🙏😊🌟,😌💪🌈,😔😞😢😣,💪✨🌈😊,😊✨🌟,✨🌟😊,😣😖😩,😔💔😞😢,😊💪✨🌟,💪✨🌟,😊✨🌟💚,😊✨🌟,😊✨💪🌟,✨🌟💪😊,😊💪✨🌟,😊💪✨🌟,😊✨🌟💚,😊✨🌟💪,😊✨💪,✨🌟😊😌,😊✨🌟💪,😊✨🌟💚,😊✨🌟💪,😊💪✨🌈😌,😊✨🌟💚,😊😌✨💪,😊✨🌟💪,💔😔😞😣,😊✨🌟💪,😊✨🌟💪,😌😊💪",1
s-1325,"😊💪💚🌈,😔💔😞😩,😌✨🌟,😊😌✨💚,🌟🙏💚😌✨,😌✨🌟💚😊,😊😌💪✨🌟,😊😌✨🌈,😌✨🌈,😊🌟💚🙏,🌈✨😊,😊🌈💪,🌟✨😌,😊✨💚🌈,😣😖😩😞,😊✨🌈💪,😌💚✨🙏,😊✨🌟💚,😌✨🌟,😊✨🌟",1
s-1330,"😊✨🌟,😌😊💪,😊😌✨🌈,😊✨🌈,💀️🚨,😊😌💪,😊✨💚🌟,😌💪✨🌈,😊😌✨🌈,😊😌💚✨,😊🌈💪🙏,😌💚🌈,😌✨🌟💚,😊😌✨🌈,😊💚✨🌈,😊😌✨🌈,😊💪✨🌟,😊😌💚🌟,😌💪✨🌈,😊😌✨🌈,😊😌✨🌈,😌💪✨🌈,😌💚✨🙏,😊😌✨🌟,😊😌💪✨,💀😰🌑,😌💪🙏🌈,😌💚🌟,😊✨🙏,😔💔😢,😔😞😢,😊😌💪,😊😌✨💚,😌💪✨,😌✨🙏,😊😌✨,😌💪✨,😔😞😢,😊💪✨🌟,😊💚🌈✨,💚💪✨😌🌟,🌈💪😌✨,😔💔😞😣,😊😌✨🌈,😔💔😞,💚✨😌🌈💪,😊🌈💪,😊💚🌈✨,😌🌟💚,😊🌟💚,😌✨🌟,😢😔😖😩,🌈✨💪,😌🌈💪",1
s-1332,"😊😌💚🌈💪,😔💔😢😞,✨🌟🙏💚,🌟✨😌💚,😊🌟💚,😊🌟💚,😔😞😢💔,😊✨🌟,😊✨🌈💚,😊✨🌈💪,😣😩😞😔,😊😌✨🌈,😊✨🌈,😌🌈✨💪,😔😞😩,😊😌🌈✨,😌🙏🌈,😊💚✨🌈,😔😞😣,😊😌💪,😊😌✨🌟🌈",1
s-1349,"😊✨🌈💪,😊✨🌟💪🌈,😊😌✨💪,😊💚✨🙏,😌✨🙏💚🌈,😊✨🌈,💪✨🌟🙏,😌💪🌈🙏,🙏✨💚🌈😌,😊✨🌈💚,😊💚🌈✨,🙏💪✨,😊💪🌈,🙏💚🌟😌,😊💚🙏✨,😊🌈✨💚,😊💪✨,😊💪✨,😊💪🌈✨,💚✨🌈😊,😊💚✨🌟🌈,😊🌟🌈,😊✨🌟💪😌,😊😌✨🌈💚,😊💚🌟🙏,😌💪✨🙏,💪✨🌟😊,😌🌈💚,✨😌🌈💚,😊😌🌈✨,💪✨🌟,😊🌟💚🙏,😊🌟🙏,😊😌✨🌈💪,😊😌💪🌈,😊😌✨🌈,😊🌟🌈💚,😊😌🌟,😊💪✨🌟,😌💪🌈🙏,😌💪✨🌟,😊✨💚🌈,😊💪🌟💚,😔💔😞😣,😌💪🌟🙏,😊😌💪,😊😌💚✨,😌💪✨🌈,😊😌💚🌈,😊💚✨🌟,😊😌✨🌈,😊💚🌟✨,😌✨🌟💚,😊✨🌈💚,😊😌💚🌈,😊😌✨🌈,😊🌈✨💚,😊💪✨,😊😌✨🌈,😌🌈💪✨,😊😌✨🌈,😊😌💪✨🌈,😊💪🌈,💪🙏🌟💚,😊💪🌈✨,😊😌✨🌈,😔💔😢,😢😔💔😞,😊🙏✨💚,😊😌💚✨,😊✨💚🌈😌,😊🌟💚🌈,😊💚✨,😊😌🌟💚,😊😌✨🌟,😊🌟🌈,😊✨🌟💚😌,😊✨🌟,😊😌✨🌈,😊😌💪🌟💚,😊😌✨🌟💚,😌✨🌈,😊✨🙏,😊💪✨🌟,😊😌✨🌈,😔😞😩,😊😌🌟💚,🌟😊🙏✨,😊✨🌟,😊✨🌈💚,😊😌✨🌈💚,😊😌✨,😊😌💚🌈,😊✨💚🌈,😊✨😌,😌💪🌈✨,😊💚🌈✨,😊😌✨🌈,😊✨💚🌟,😊🌟🌈💚",1
s-1351,"😔😞😩💔😖,😔😞😢,😊💚✨,🌈💚✨🙏,😊💪🌈🙏,😰🌑️,😰🌑🕳️️,😰🌑️,😊💚🌟,😊😌💪✨,😊😌💪✨,😊😌🌈✨,😊✨🌟💚,😌🌈💪,😔😞😩😣,😊😌✨🌟💚,😊💚🌟,😊✨🌟💚,😊✨🌈💚,😊✨💚🌟,😊✨💚,😊🌈✨,😊😌✨🌈,🌟💚😊✨,😌💪🌟,✨🙏💪🌟,😊💪✨🌈,😌💪🌟🌈,😌💪🌈✨,😌💪✨🌈,💪✨🌟,😊💚🌟,😊✨💚,😊💪✨,😊✨🌟🌈,✨🌟💚,😊💪✨🌟,😊💪✨🌟🙏,😔😞😣😩,😊💪🌈,😊😌✨,😊💪💚✨,💚🌟✨😊💪,😊💚✨,😊💚🌟✨💪,😊😌✨🌈💚,✨💚🌟😊💪,😊💪✨🌟,💪✨🌟💚,🌟🌈😌,😊✨🌈",1
s-1360,"️😔😞😩,😔😞😩,💀🌑😰️,😊✨😌💪,😔😞😣,😔😞😣,😔😞💔😣,💀😰️,😔💔😞😣😢,😔😞😖😩,️😰🌑🕳️💔,️🌑😰🚨,🌑🕳️😰😔,😊😌💚✨,😔😞💔😢,😔💔😞,😔😞😢,😊😌💚✨🌟,🌑😰️,😔💔😢,😔💔😞😣,😔💔😞😣,😰🌑🕳️️,😔😣😞😩,😔😞😣😩,😔💔😞,💀😰️,💔😢😞😔,😔💔😞😩",1
s-1362,"😰🌑🕳️️,😌💪🌈,😔💔😞😩,😔😢😞😩,😊😌✨🌟,😔😞💔😢,😊😌✨🌟,😰🌑💀️,😌💪🙏💚,😔😞😩,😌💪✨,😌✨💪,😊💪🌟💚,😊😌💪✨,😊😌💪🌈,😔😞😣😩,💀😰🌑,😞😣😩,💔😞😖😣,😔😞😣😖,💔😔😣😞,😔💔😞😩😢,😔💔😖😩😣,😰🌑🚨,😔😣😞😩,😔😞😣,😔💔😖😞😣,😔😞😖😩,😔💔😞😢,💔😔😞😢,😔💔😞,😰🌑🕳️️,😖😩😔😞,😰🌑️,😔💔😢😞,💀🌑😰🕳️,😔😞😣😩,😔😞😩,😌💪🌟,🌑🕳️😰️,💀😰🌑️,🙏✨💚😌💪,😔💔😞,😞😩💔😔,😔😞😣😩,😔😞😣,😌💪✨🌈,😔💔😢😞,😔😞😩💔,💀😰🌑️,😊😌💪,😌💪✨🌈,😌✨🌈💪,💔😔😢,😔😞😣,😔💔😞😢,️😰🌑,😊😌💪✨,😔😞💔😖,😔😞😩,😔😞😣,😩😞😔😣,😔😞😣😖,💚😊🌈💪,😔😞😣💔,😌💪✨🌟,😊💚✨,😊😌💚,😔💔😞😢,😔💔😞😢,😔😞💔,😌💚🙏✨,😔😞😖😩,😊✨🌈💚,😔😞😢,😖😩😔,💀😰🌑️,💔😩😔😞,😊💪🙏💚,🌟✨💚🙏😊,😔😣😞😩,😔😞😩,😊😌💪🌈,😊😌✨,✨🌟😌,😌💪✨🌟,😊😌💚✨,💔😖😞,😔😞😩,😌✨🌈,😔😣💔😞,💔😢😔😣😩,😰🌑️💀,😊😌✨🌟💚,🙏✨💪🌈,😊✨🌟💚🌈,😌💪💚✨,😊😌✨🌈",1
s-1366,"💪✨🌈😌,😔💔😞😢,🌑🕳️😰️,😌✨🙏🌈,😔😞😖,😌✨🌈💚",1
s-1372,"🌑😰🕳️,😰🌑️,💪✨🌟🌈,😔💔😞😣,😔😢💔😣😖,💪✨😌,😔😞😣😩,😔😞😣😩,😔💔😢,😊😌✨,😰💀️,😔💔😞😣,😞😩😔😣,😔😣😩,🙏✨🌈💚,😰🌑️🕳️,😔😞😣😖,😢💔😔,😔😞💔😢,😰🌑️🕳️,🩸️😰🌑,😔😞😢😣,😔😢😞😣,💀🌑😞,😔😞😣😩,💀😰️,😔💔😞,💪✨🌈😌,😰🌑🕳️,😔😞😖😣,😰🌑️,🩸😰🚨💀,😔😞😣😩,🩸😰🌑️,💀🌑️,😔😢💔😣,💀😰🌑,🌑🕳️️😰,💀🚨️😰🌑,😔😢😞😣,😔😞😩,😔💔😞😣,😣😖😩😔💔,😊😌💪🌈,😊😌💚,😔😣😩,💀️😰🚨,😣😖💔😞😩,😖😩️😰,💀😰🌑️,😰🩸🌑️,😔😞😣,😔😞😖😩,😔😞😣😖,🩸🔪😰,💀️😰🚨,🩸️😰,😔😢😞😣😩,😰🌑🕳️️,😌💚🌈✨,😌💪🌈✨,😔😞😖💔,😔😞😣,😔💔😞,😣😩😔😞,😔😞😩💔,😔😞💔😩,😔😢💔😣,😔🌑️,😌💪🌈🙏,😔😞💔,😌💪✨🌈,💀🕳️😰️,😔😞💔,💀🌑😰️,😊🌈💚✨,😰🌑️🚨,😌💪✨🌟,😊💚🌈✨,😌💚🌈✨,😔😞💔",1
s-1382,"😔😞😩💔,💪✨🌈,💪✨🌟🌈,😔💔😞,😔😞😣😖,💪✨🌟,😰🌑️💀,😣😖😩😢💔,😔💔😞😣,😔😞😣,😊😌💪✨,😔😢😞,💪✨😌🌈,😊😌✨,😰🌑️,😔😖😞🌑😣,😌💚✨💪,💪✨💚🌟,💔😔😞,😔💔😞😢,💀😰🌑,😔😣😖,😰🌑️🕳️,😌✨🌈💚,😔😣😩,😰😣😖️,😌💪✨🌈,😔💔😢😞,😌💪✨🌈,😔💔😢,😰🌑️💀,😔💔😣😞😩",1
s-1403,"😊😌💚🌈,😌✨🌈,😌💪✨🌈,😊✨🌈💚,😔😞😩,🙏🌈✨💚,😊😌✨,😊✨🌈💪,😔😞😩,😊✨🌟,😌✨🙏💚,😌🙏💚🌈,😔😞😩,😌🙏💚,😌✨🙏💚,😌💪🌟,😔💔😞😣,😊✨💚🌈,😊😌✨🌈,😊🌟💪,😊😌✨🌟,😔😣😖😞,😊💚🌈✨,😊😌💪✨,🌑🕳️😰😔,😊✨💚,😔💔😞,️🚨😰,😌✨🌈,😌💚🌈🙏,😌💪🌟💚,😊😌💚🌈,😌🙏💚✨,😔💔😞😩",1
s-1405,"😌💚✨🙏,😌🙏💚🌈,😊💪✨🌈,🔪😰🌑️,😔💔😢😞,😔💔😞😩,💀😰🌑️,😰🌑️,😊😌💚✨,😊😌🌈,😔💔😢😞,😊💚🌈✨,💀🌑😰,😊😌💪,😰🌑️,😊💚🌈✨,😌✨🌟💚,🌈💚😊✨,😊😌💪,🔪🩸💀🕳️😰,😊🌈💪✨,💪✨💚🌈,😊💪🌈✨,🌑🕳️️💀,😊😌💪,😌✨🌟💚",1
s-1408,"😊✨🌈,😊✨🌈💚,😊😌🌟💚,😊😌✨,😊😌💚,😊😌✨🌟,😊✨🌈,😊😌💚✨,😊😌✨🌈,😊✨🌈💚,😊😌✨🌈,😊✨🌟💚,😌✨💚🌟,😊😌💚🌈,😊😌💚,😊😌🌈💪,😌💪✨🌈,😊😌✨,😊💚✨,😊😌💚,😌💪✨🌈,😊✨🌈,😊🌟🌈,😊🌟💚😌,😊🌟💚,😌💚✨,😊😌💚🌈,😊✨🌈💚,😊✨🌈😌,😊😌💚🌈,😊😌✨🌈,😌✨🙏🌟,😌💚🌈✨,😊🌟🙏,😊😌✨🌈,😊😌✨🌟,😊✨🌟💚🌈,😔😞😖,😊✨🌟,😌😊💪✨,😊✨🌈💚,😊😌🌟🌈,😊😌💚,😌💚✨🌟,😊✨🌟💚,😊😌✨🌈,😊✨😌,😊✨🌈💚,😊🌸✨💚,😊🙏✨,😊😌✨🌈,😊✨🌟😌,😊😌💚🌈,😊😌🌈💪,😊💚✨,😊😌✨,😊😌✨💚,😊✨🌟,😊✨🌈💚,😊😌✨🌈,😊✨🌟,😊💚✨😌,😊😌✨,😊😌💪,😊😌✨,😊😌✨💚🌟,😊😌🌈,😊✨🌟💚🌈,💀🌑😰️,😌💪🌈,😔💔😣,😊💪✨,😞😩😔😣,😊😌✨🌟💚,😊✨🌟💚🌈,😊✨💪🌟,💪✨🌈,🌈😌✨💪,😊🌟💚😌,😊😌✨🌟💚,😌✨💚🌈,😊😌💪✨,😊✨🌈,😊😌💚🌈,😊😌✨🌈,😊😌💚,😊✨🌟,😌🌈✨💚,😊😌💪✨,💪😊🌟💚,😊😌💪,😊😌🌟,😌✨🌈💚,😌🌈✨💚,😌💪🌟🌈",1
s-1418,"😔😢💔😞,️🚨💀,😔😞😢😩,💀😰🌑️,😞😣😖,😔😞💔😣,😞😔😩,😔😣😞,😣😖😞,😰😖️,✨🌟💚,😰🌑️,😣😖😔😩,💀🌑😰️,😔😞😢,😔😩😣😞,🌑🕳️😔😞,😔🌑😰,😔😞😣,😔😞😩😣,😌✨🌈💚,😔😞😩,😊💚🌈✨,😌✨🌟💚,😔😞😣😖,😔😞😣,😌✨🌈,💀😰🌑🕳️,😔💔😖😞,️😰🌑,😰🌑️🕳️,😰🌑️🕳️,😰🌑🕳️️,😔😞😰,💀🌑😰,🌑🕳️😰️,🌑🕳️😰,🌑😰🕳️,😰🌑🕳️️,😔😞😩",1
s-1435,"😔😞💔,😌💪✨🌈,😔😞😩,😔😖😩,😊💪✨🌟,😊😌💪,😔😞😣,💪😌🌟💚,😌💪🌈,😌💪✨🌈,😊✨🌟,😊😌✨🌈,💪✨🌟,😔😞😣,🌑😰🕳️️😔,😊💪✨,😔😞😢😣,💚✨💪🌈,😌✨💚,😊✨🌟,😊✨🌈,💪✨🌟,😌🌈✨,😔💔😞,💪✨😌🌈💚,😔😖😩,😔😞😣,😊😌✨🌟,😌💪🌈,✨🌟💪🌈,😊💪✨🌟,😔💔😞😣,💪✨🌟🌈,💪✨🌈😌,😊😌💚🌈,😊💪✨,😔😞😣,😣😖😩😔,😔😞😣💔😢,😌💪✨🌈,😌🌈💪✨,😊💪✨🌈,😌💪✨,😌💪✨,💪✨🙏😌,😊😌✨🌈,😔😞😣😩,😌💪🌈✨,😌💪🌈,😊😌💪✨,💪✨🌟💚,😊🌟💚,😌💪🌈,😔😞😣,😔😞😣😖,😌💪🌈,😌💪✨,💪🌟🌈😌,😔😢😞,😊😌✨,😔😞😣,😊😌💪,😔😞😣,😊😌✨,😊💪✨🌟,😌💪🌈✨,😌💪✨🌈,💪✨🌈,😔💔😞,😊😌💪✨,😰🌑️,💪✨😌🌟,😔💔😞,😔😞😢😩,😔💔😢😞,😌💪✨🌈,😌💪🌟💚,😔💔😞,😊😌💚🌈,😌💚🌈,😔😞😣,😌💪✨🌈,😌💪✨🌈,😌🙏💚,😌💪✨🌈,😔😣😖😩,😣😩😔,😰🌑️,😌💪🌈,😔😩😞,😌🙏💚✨,😞😩️,😌✨💪🌈,😌💪✨🌟,😰🌑💔️,😌💪🌈,😊✨🌟,😔💔😞😩",1
s-1439,"😌💪✨🌟,😊✨🌟💚,️🚨😰🌑,😌💚🌟",1
s-1440,"💀🌑️🕳️,😌💪✨🌈,💪🙏💚🌈,😞😩😔😰,💪✨🌈,💀😰🌑️",1
s-1441,"😊✨🌟🙏,😊💪🌟💚🌈,🌟🙏😊✨,✨🌟😊💪,😊✨💚🌈💪,😊😌💪✨,😊💪🌈✨,😊😌✨🌈,😊💪✨,😌💪🌈,😊🌟🌈,😊🙏💚✨,😊✨🌟🌈,💪✨😊🌟,🙏✨😌,😌✨🌟🌈,😌💚🌈,😌💚🙏✨,😊😌💚✨,😊✨🌈💪,😊✨🌟💚🌈,😊😌✨,✨🙏💪🌟,😊✨🌈💪,🌟✨😌💪,😊🌟💚✨,😊✨🌟,😊✨🌟,😊✨🌈💚,😊😌💪🌈,😊😌🌟💚,💪✨🌟😊,😔😞😣😩,💪🙏💚🌈,😊🙏✨,😔😞😣😩,😌✨🌟💚,😊✨💪,😌💪🌈🙏,😊✨🌟💚,😊😌🌟💚,😞😣😖😩,😌✨🌟💚,😌💪🌈✨,💪✨😌🌈,😔😞😖,😔😞😣😖,😌✨🌟🌈,💪✨🌈😊,💪🙏✨🌟,😔😞💔😢,😌💪🌈,😊💚🌟,😌🙏💚,😌💪🌈✨,😌✨🌈,😊😌✨🌈,😌💪🌟🌈,😌✨🙏💚,😔😞😩💔,😊✨🌟🌈,😊💪✨,😌💚🙏,😌💚🌈✨,😔😞😖😩,😊😌💪,😊✨🌈,😊🌟💚,😢💔😔😞,😊😌✨🌟,😌💚✨,😔😣😞😖,😔😞😢,😌✨🌈,🙏✨😌💪,😊💪✨🌟,😌💪🌈✨,😔😞😣,😌💪✨🌈,🙏✨🌈💚,😔😞😖😩,😌💪✨🌈,😔😣😞😖,💚🙏✨😊,😔😞😖😣,😊💪✨,😌💪🌟🌈,😊😌🌟💚,😔😞😩,😔😞💔,😌🌈💪✨,😊💚🌈,😔😞😣😩,😌💪🌈,😔😞😢,🙏💚🌟😊,🙏✨😊💪,🙏💪✨🌟,😌💪🌟🌈",1
s-1449,"😊✨🌈,😊✨🌟,💪✨🌟😊,😌✨💚🌈,😌💚🌈✨,💚🌈✨🙏,😊🌈💚✨,😊✨💚🌈,😊😌✨🌈,️😰,😊🌟🌈,😊✨💚🌟,😣😖😩,💪✨🌈😊,😊✨🌈💚,😊😌✨🌈,😊✨🌈💚,😊😌✨🌈,😌✨💪🌟,💔😔😞😣,😌💪🌈,😌💚🌈,😊😌💚🌈,😊🌟🙏,🌈💚😌✨,😔💔😌,😰️💔😔,😊🌟💚✨,💪✨😌,😊💪✨🌟💚,💪✨🌟😌,😊😌✨,🌈💪✨,😌💪✨🌟,😔💔😞😢,😌💚🌈,🙏💪✨,🙏✨💪🌈😊,😊✨🌈,💔😔😞😣,💪✨🌟,😔💔😢,😊💚🌈✨,😊✨🌈,😌💪🌈,😊😌✨🌟,😊✨🌈💪,😊😌✨💚🌈,😔💔😞😢,💔😔😢😞😣,😌💪✨🌟,😊💚🌈✨,🙏✨💚🌈😌,💊️😰,😔💔😣😞,😊💚🌟😌,💪✨😌",1
s-1450,"😢😞😔💔,😊😌✨🌈,😊😌🙏🌟,😊✨🌟💚,💪✨🌟,😌💪🌈✨,😊💪✨🌟🙏,✨🌟💚😊🌈,😊✨🌟💪,😌💪✨🌈,😊😌💚✨,😊✨🌟,💪✨🌈,😔😞😣,😌✨🙏,😊💪✨,😌💪🌈,😊🙏✨,💀😰️🌑🕳️,😊😌✨🌟,😔😞😩,😊✨🌟,😊✨🌟💪,✨🌟😊💪,✨🌟😊,✨🌟💚🌈,😊✨🌟💪🌈,💪✨🌟💚,😊✨🌟,😊✨🌟💚🌈,😊✨🌟💚🙏,✨🌟😊💚,✨🌟💪😊🙏,✨🌟💪😊,✨🌟💪😊,😊✨🌟,😊🌟✨💪🌈,😊✨🌟💪🌈,✨🌟😊,😊🌟💪✨,✨🌟💚😊💪,🌟✨😊💪,✨🌟💚😊💪,😊💪✨🌟,✨🌟💚😊,😊🌟✨💪,✨🌟😊💚🌈,✨🌟😊💪,✨🌟😊💪,✨🌟💚,😊✨🌟,✨🌟😊💚,😊✨🌟💚,😊✨🌟💪,😊✨🌟,😊✨🌟,✨🌟💚😊,✨🌟💚,✨🌟💚😊,😊💪✨🌟,✨🌟💪😊,✨🌟💚😊,😊✨🌈,😊✨🌟💚,✨🌟😊💪,😌💪🌈,😊💚🌟✨,🌟✨💪😊💚,🌟😊💪✨,✨🌟💚😊🌈,✨🌟😊,✨🌟💪😊,😊💚🌟,😊✨🌟💚,✨🌟😊💪,😊✨🌟💚🌈,✨🌟😊💪,✨🌟💚🌈😊,😌💪✨🌈,✨🌟💚😊,😊✨🌟💪,✨🌟😊💪🌈,🌟😊💪✨,✨🌟😊💪,😊💪✨,😊✨🌟,😊✨🌟💚,✨🌟💚,✨🌟💪😊💚,✨🌟💚😊,✨🌟😊💪💚,😊✨🌈,😊✨🌟💪,✨🌟💪😊,✨🌟😊💪,😊✨🌈💚,😊✨🌟💚,😊✨🌟💪,🌟✨💪😊,😊✨🌟💚",1
s-1451,"😔😣😩💔,💪✨🌟,😔😞😣,🚨️😰🌑,😊💚✨🌟,😊😌✨,😊😌✨🌈,😔😞😣,😊💪✨🌟,😌💪🌈,😰🌑️,🚨️💀,😌✨🌈,😌✨🌈💚,😌💪✨,😌💚✨,😌🌈😊💚,😔😞😣,😌💚🌈✨,😞😔😩😣,😔😞😩,😌💪🌈,😔💔😞,💚🌈✨😊🙏,😌💪✨🌈,😔😞😣😖,😔😩😖,😔😣😞😩,😔😞😣,😊😌✨🌟,😢😞😩,😌💪✨🌈,😔💔😞,😌✨🌈💚,😔😣💔,😔😰🌑😞,😌✨🌟,😌💪✨🌈,😔😢😞😣,😌💚🌈,😊😌💪✨🌈,️😰🌑,😰🌑🕳️,😔😞😣😩,😌🙏💚,😊💚✨🌈,😌💚✨🌈,😊😌💚✨🌈,😊😌💚,😌✨🌈,😌✨💪,😌✨🌈💚,🙏✨😌💚,😣😖😩,😌✨🌈😊,😢😔😞😣,😔💔😞😣,😊😌✨🌈💚,😊😌💚🌈,💚🌈😌✨,😊💪✨,😊✨🌈💚,😰🌑🕳️️,😊😌💚🌈✨,😔😞😣,😊✨🌈,😔💔😢😞,😊😌✨🌈,🌈😌💚✨,😌✨🌈💚,😔💔😞😣,😔😞😣,️😰💀,😌💪🌈✨,😌✨🌈💚,😔😞😩,🩸😰️🌑,😔😞😖😩,😌💪🙏,😌💪✨,😔😞😣,😔😣😞,😔😣😩,😔😞😢,😔😣😖😩,😌💚🌈✨,😰🌑😞🕳️,😌🌈💚✨,💚🙏😌✨,💚✨🌈😊,😊🌈💚✨,😌💪💚✨,😊🌈💪,😌💚✨,😌💪🌈💚,✨🌟😌💚,😔💔😞😣,😔💔😞😣,😊✨🌟💚,😌💪✨🌈",1
s-1477,"😊😌✨🌈,😊✨🌈🙏,😌💚🌈🙏,😔💔😞,😰😞😖️,😔😞😩,😔😞😩,😌💪✨,😔😢😖😣,🌑💀️,😊😌✨🌈,😊💚🌈✨,😌🙏💚,😊😌✨🌈,😌💪🌈,😊✨💪🌈,✨🌟😊,😌✨🌈,😔💔😞😢,😌🌈💪,😌💪🌟🙏,😔😞😩😣,😔😞😩,🌈💪✨,😔😞😣,😔😞😢,😊😌💪🌈,😌💪🙏🌈,🙏✨💪,😰🌑🕳️️,😔💔😢😞,😊🙏✨🌈,😌✨🌈💚,😊🌟💚,😌💪🌈",1
s-1486,"😌✨🌟💚,💀🚨️😰,😔💔😞😣,😔😞🌑,😔😞💔,😔💔😞😩,😔💔😞😩,😔😞😣😩,😔😞😖😩,💀🚨️,😊💚🌟🙏,😔😞😩😣,💪🌈🙏💚,😔😞😢💔,😔😞😣,️🕳️😰🚨,😔💔😢,😊💚🌟😌💪,✨🌟💪,😊✨🌟💚,😊😌💪✨,😊💪✨,😔😞😣😢,😊💪✨🙏💚,😊✨💪🌟,😊🌈✨🌟💪,😔💔😞😢,😔😞😢,😔😞😩,😊🌟💚,😊💚🌈✨,😔😞😩,😔😞😢,😊✨🌟💚,😊😌✨🌈,😔😞😩💔,😔😞😣,💪✨🌈,😊✨💪🌈,😌💚🌈,😊😌💪,😊💚🌈✨,😔😞😢😣,💪🌈😌🙏,😊✨🌈💪,😌💪🌈,😊✨🌟💚,😊✨🌟💚,😊✨🌟🌈,😊😌✨🌟,😌✨🌈💚,😊💪✨,😊✨🌟💚,😌💚🌈,😌✨🌟💚,😊✨🌟💚🙏,😊✨🌟,😊🙏💚🌈,😌🌈✨,😰️🚨,😌✨🌈,😔😢😞,🙏💪🌈✨,😊✨🌟💚😌,😊😌💪🌈,😔😣😩,😌✨🌈,💊️🚨,😌💪💚🙏,😌✨🌟,✨🌟💚,😊✨🌟💚🌈,😊✨🌟,😊✨🌟,😊😌💪🌈,🌑😰️,😊✨🌟🌈,😊😌💚🌈,😊😌✨🌈,😊💚🌈,😊💚✨🌟,😊😌✨🌈,😊😌💚🌈,😊✨🌟,😊💚✨🌈,😔😞😢😣,😊✨🌟💪,😊✨💪,😊✨💚🌟💪,😊✨🌟,😔💔😞,😊😌✨🌈,😊🌈✨💚,😊😌🌈✨,😊✨🌟💪🌈,😊💚✨,😊😌💪✨🌟,😊🌟💪🌈,😊✨🌟💚",1
s-1490,"😊😌🌈,😊💪✨🌈😌,😌✨🌈,😰😔️😞,😌✨💚,😌💚🌈,😔😞😣,😰🌑😞️,😊😌✨,😔😞🌑,😞😔😩,😊😌✨🌟,😔😞😣,💀🌑🕳️️,😔😞💔😣,🌟😊💚✨,😔😞😣😩,😊💚✨🌟,😌💚🌈,😔😞😩,💚🌟😊✨,😔😢😞,😊😌💪,😔😞😩🕳️,✨🌟😊💚,😊✨💚🌈",1
s-1492,"🌑️😰💀,😊💚🙏,😔😞😩",1
s-1497,"😔😰🌑😞,🌟✨😌,😌✨💪🙏,✨🌟😊,😔😞😩😣,😔😖🌑😰,😰🩸️🚨,😔😢😣😞,💪✨🌟,😔😞😰😩,😔😞😣😢,😔😞😣😩,🙏✨💪,😔😣😖,😔😢💔,🌑😰️💀,😔😞😢,😔😞😖😩,😰🌑🕳️️,😰😖😩️😞,😰🌑😣😩,😔😞😣😩,🚨😰🌑,😔😣😖😩,💀😰️,😔😞😣😩,😔😣😖😩,💀😰️🌑,😰🌑😣😖,😰🌑😩️,😔😞😩,😔😣😢,😔😞😣😩,😔😞😣😩,😔💔😣😞,😰🌑️💀,😖😩😰🌑,😔😞😣😩,😔😞😣😩,😊😌💚🌈,😰🌑🕳️️,🙏💚✨🌟,💀😰🌑,️💀😰🚨,💀🚨😰️,💀️️,😰🌑️,😰🌑💀️,😔😞😩,😔😣😖,😰🌑️🕳️,😰🌑️,😔😞😢,😔😢😩,😔😞😣😖,😔😞😣😩,😔😞😣😩,😔😞😢😩,😔😢💔😞,🔪🩸😰️,💀🌑😰,💀😰🌑️,😞😔😣,😔😞😣😩,😰🌑,😰🌑️,😰🌑️,😰🌑🕳️️,😔😞😣😖,🔪🩸🕳️😰🌑,💀😰🌑️,😰️,😰🌑️🕳️,😰️🌑,😔😞😣😩,😔😞😣💔,😔😣😖,😔😞😖😩,😊✨🌟💚🙏,🚨💀️😰🌑,💀️💊,😰🌑️,💀😰️,💀🌑😰,😔😞😣,😔😞😩💔,😰🌑😔️,😔😞😣😩,🌑😰💀,😔😣😩😞,😔😞😣😩,😰🌑️💀,😔😢💔😞,😌✨🌟💪🌈,😰🌑️,😰🌑️,💀️😰🕳️,😔😞😣,😰️😖,😔😣😩",1
s-1509,"😔😞😩,😔😞😣😩,💪✨😌🌈,😌💪💚🌈,😊😌💪🌈,😔😞😩💔,😔😞😩,🌑🕳️😞️,😔💔😞,😔😞💔😣😩,😌✨🌈,😔😞😣,😔😞😣,😊✨💚🌟,😊😌✨🌟💚,😣😩😔😞,💚✨🌈😌,😔💔😞,💚✨😌🌈😊,😌💚🌈✨,🚨🌑🕳️😰,😌🌈💚✨,😌✨🌈",1
s-1513,"😊💚✨🌈,😌💪🙏💚,😊✨🌟,💚✨🌈💪,😊😌💪🌈,🙏💚💪✨,😌✨😊,😊💪✨,😊✨🌈💚,😊😌💪,😊✨🙏💚,😊💪✨🌟,💪✨🌈,😊😌✨🌈,😊😌✨🌈,🙏💚😌,🙏💚🌟💪,😌💪🙏💚,😊✨💪🌈,😊💪✨,💪✨🌈💚,💚✨😊🌈,🌑💀🕳️️,✨💪🌈😊,😊✨🌟🙏,😌🙏💚🌈,😌🌈✨💚,✨🌈😌,😊🌟💪,😌💪🌟🌈,😌💪✨🙏,😌✨🌟💚,😣😩😔💔,😔😢💔😞,🌑😰💀️,💔😔😣😞,😌✨🌈💚,😊🌟💚,💀🌑🕳️😰,😔😞😣😢,😔💔😞😣,😌💪🙏💚,😌💪✨,😊✨💚🌈,😔😞😣😩,😊💚🌟✨,😊✨🌟💚,😌💚🌈,😊😌💪,😌💪🌈,😌✨🌈💪,😔😞😢,😊💪✨,😞😩😔😣,😌💪🙏🌈,😌💪💚🌟,🌟💪🌈,😔💔😞😢",1
s-1516,"😊✨💪🙏💚,💪✨🌈,😊🌟💚😌,😌💪✨,😊😌✨🌈,😊✨🌈,😊✨🌟,💪✨🌈,💪✨🌈😌,😌💚🌈,😊💪✨,💪✨🌈😊,😔😢😞😩,💪✨🌟,✨🌟💚,😊✨🌈,😩😔😞😣,😊💪✨🌟,😊✨🌟💚,🙏💚😌✨,😊💚🌈✨,😊✨💪,😊✨🌈,😊✨🌈,😊😌💪✨,😊💚🌟,😔😞💔,😌💪🌈,😊💚🌟🙏,😊😌✨,😊😌✨🌈,😌💪🌈,😊😌✨🌈,😊✨🌈,😊💪✨🌈,😔😞💔😢,😌✨💪,😊💪✨🌟,💪✨🌈,😌✨💚🌈,😌💪✨,😌💪✨,💪✨🌟😊,😊💪✨🌈,💪✨🌈,😌💪✨🌈,😊💪✨🌈,💪✨😌🌟,😌✨🌈💚,😊✨🌈,😌💪✨,😔😞😢😣,💪✨💚🌈,💚🌈😌✨,😊🌟💚,😊✨🌟💪,😊🌟💚,😊😌✨🌈,💪✨😊🌟,😔😞😣,😔😣😖😩,💪✨🌟,💪✨🌟😌,😌💪🌈✨,🌈💪✨,😌✨🙏,💪✨😌🌟,😊✨🌈💪😌,😊💪🙏🌟,😊💚🌈✨,💪✨🌟,😔😞😩,😌🙏💚🌈,💪🌈🙏✨,💪✨🌈💚,😊✨🌟🌈,😌💚🌈,💪✨🌟,😌💪🌈✨,😊✨🌟,😔😞😩💔,😌💪✨,😔😞😣,😌💪🌈,😔😞😣,😊💚✨,😊💪🌟🌈,😌💪✨,😔😞😣,😊✨🌟,🌟💪✨🌈,💀️🌑,😔💔😞😣,️😰🚨,😊✨🌟,😌💪✨,💪✨🌈💚,😊✨🌟💚",1
s-1522,"😊😌✨,😊😌💪🙏💚,😌💪🌈✨",1
s-1532,"😊😌✨🌟,😊😌💚🌈,😰🌑️🕳️,😊💚✨🌈,😌✨🙏💚,💀😰🚨🌑,😊😌✨🌈,😊✨🌟💚,😊✨🌈💚,😔😰🌑😣,💚😊✨🌈,😊😌✨🌈,😊💚🌟,😔😞😣😩,💊😰️,😰😔️😞,😌💪✨🙏,😌💪🌈,😊😌✨🌈,😣😖😩,🌟✨😌💚,️🚨😰,😌💪🌈,🌈✨😊,😊😌✨🌈,😌💪🌈✨,😊✨🌈💚,🚨😰️,😔😞😣😩,💀😰🌑,😌🙏💚,😊🌈💚✨,😌💚🌈✨,😔😞😣,😊💪🌈,😔😣😖😩,😊😌✨💚,😖😩😔💔,😔😞💔,😢😔😞😣,😊😌✨💪,😊✨🌈🌟,😊😌✨🌈,😔😞😩😣,😔💔😞😣,💊😰🌑️,😣😖😩😔,😌💪🌈,💊😰🌑️,😊😌🙏,😌✨🌈,💀😰🌑️,😊✨🌈,😌✨🌈,😰🕳️💀️,😔💔😢,😌💪🌟💚,😌💪✨🌈,😔😞😢😣,😔😢😞,😰💊️,😢😞😩😔,😊🌟💚,😔😢💔😞,💀😰️,😰🌑🕳️️,😔😣😖😩,😔😞😩,😔😞😩😖,😌✨🌈💚,💀🌑😰,😰🚨💀️,😩😢😔,💪✨🌈,😔💔😣😢,😖😩😰😢,💀️🌑,😔😞😣😖,😔💊️,😊💚🌈,😔😞😖,😊✨🌟💚,😔😞😩😢,💊️😰,😌💪💚🌈,💊💀😰🚨,😔😢😞😩,😊✨💚🌈,😊✨🌈,😊💚🌈,😔😞😣😩,💀😰🌑,😞😔💔😣😖,😊✨🌟💚,😔💔😞😣,🚨️😰💀🌑,😊✨🌈,✨😊🌟,💀😰🌑️",1
s-1537,"😔💔😣😖,😔💔😞,😢💔😔😞,😔💔😢,😢💔😩😞😔,💔😞😔😖,😌🌈✨💚,😰🌑🕳️️,🌟💪🌈✨,🩸😰️,😰🌑😢💔,💔😖😞😣,😊😌✨💚,😰🌑💀️,😔😞😢,💔😔😞,😌✨🌈💪,😖😩💔😢,️🚨🌑😰💀,😔😞😣,😔😢🌈,😔💔😞,😌💪🌈✨,😔😞😢,😔😢😣😞,😞😔😢😣,😖💔😞😣😔,😢💔😞😔,😢💔😖😞,😔😞😣💔,😰🌑️😞😖,😢😔💔😞,😌💪🌟🌈,😢💔😣😞,😞😩🌑😔,😢😞😔,😊💪🌈✨,😔💔😢,💔😢😞😔,💔😢😞😩,😊✨🌈💚,💀🌑️,😞😔💔😩,😰🌑️💀,😔💔😞,😊💚🌈✨,😔💔😢,😔💔😢,😌💪🌈,😔💔😞😣,😞😩💔😔,😔💔😞😢,💀🌑😰️,😔💔😢😞,🌑🕳️😰️,😔💔😞😢,😢💔😞😔,😌💚🌟🙏,💔😔😞😣,😌✨🌟💚,✨🌟😌,😌✨🌟💚,😔😣😞😖,😔😣😖💔,😔😢💔,😔💔😞,💔😔️,😔😞😢,😌🙏💚✨,😣😖😔,😔😞😣😩,😰🚨💀,😌💪✨,😊✨🌈💚,😌✨🌈💚,😔💔😢😞,😔💔😢😞,💔😔😢😞,😢😔💔😞,😔😢💔,😔😞💔😣,😔💔😞😣,😔😢😞,😊🌈✨💚😌,😊✨🌈,🌑🕳️😰,😌💚🌟✨,😌✨🌈,💔😢😞😔,😔💔😞😢,💀️😰🌑,😌🌈✨💪,😔💔😞😣,💔😔😞,😔💔😞😩,😊😌✨,😊😌✨🌟,😊✨🌟,😔😞😩,😊😌✨🌈",1
s-1545,"😊✨🌈,😊✨🌟💚,😌💚🌈,😊✨🌟,😊✨🌟,✨🌟💚😊,😊😌✨💚,😌✨🙏,😌💪🌈,😊✨🌈💚,😊✨💚🌈,😊😌🌈,😊💚🌟✨,😊✨🌈💚,😊✨🌟💚,😊✨🌟🌈,😊💪✨,😊🌟💚,😊✨🌟💚,😊✨🌟💚,😌😊✨,😊😌✨🌈,😊😌💚✨🌟,😊💚✨🌈,😊✨🌟,😊✨🌟,😊✨🌟💚,😊😌💚,😌💪✨,😊😌💪✨,😢😔💔😞,😊😌✨🌈,😊✨🙏,😌💚🌈✨,✨💚😊🌟,😊✨💚🌟,😢😞😣😩,😢😔😞😣,✨🌟😊,😊✨💚,😊💚✨,🙏✨😌💚,😊✨🌟,😊✨🌈💪😌,🙏✨💚😌,😊😌💪✨,😊✨🌈💚,😌💚✨🌟,😊✨🌟,😌✨🙏,💪✨🌟😊,😊💪🌈,🙏😌💚✨,😊✨🌟💚,✨🌟💪😌💚,😊😌✨🌈,😊✨💚,😊✨🌟💚,😊😌✨🌟,😰️,😊😌✨🌈,😊😌✨🌟,😌✨💚🌈,😊✨🌟,😊😌✨🌟,😊✨🌟,😊😌✨,😊😌✨,😊✨🌟,😊✨🌟,😊😌✨🌟,😊💪✨🌟,😊✨🌟💚🌈,😊✨💚🌟,😊🙏✨,😌🙏✨,😊😌✨🌟,😊✨🌟💚,😊💪✨,😊😌✨🌟💚,😊✨🌟💚,😊✨🌟💚😌,😊✨🌟,😊✨🌈,😊✨🌟💚😌,😊💚✨🌟,😊✨🌈💚,😊✨💚,😊✨💚🌟,😊✨💚🌈,😊✨💚🌈😌,😊✨🌟💚,✨🌟😊💚,😊✨🌈,😌✨🌈💪,💪✨😌🌟,😊😌✨🌈,😊💪✨🌈",1
s-1550,"💀🌑😰️,😢😔😩,😊😌💪,😊😌🌈,😊💪✨🌈,😊💪🌈,😰🌑😩🕳️,😊💚🌈✨,😊😌💪,😔😰🌑,😊🌟💪,😌✨🌈💪,😌💚🌈✨",1
s-1557,"💀🌑️,😔😞😩️,😊😌💪✨🌟,😔💔😞😣,😞😔😩😣,😰💀️,😔😞😣😖,😞😔😣😩💔,😊😌💪✨,😌💚🌈,💀😰,😌💚🌈🙏,😔😞😣💔,😰🌑🕳️️,😌✨💪,🚨️😰,😊💪🌈,💀😰🌑,😰️🌑,😰🌑️🕳️,😔😣😩😞😢,😔😞😣,😔😞😣😩,😔😞😩💔,😢😔😣😖💔,😰🌑️,🌑😰️,💀🌑😰️,😔💔😞😣,💀😰🌑️,️😰💀🚨,😰😣😔,😰🌑🕳️️,😔🌑😞😩,😢😖😩,💀😰🌑️,💀️🌑️,🔪️🚨💀,😰🌑🕳️️,😔💔😢😞,😊✨🌈,😊😌💪🌈,😰🌑🕳️️,💀🚨️,😔😞😢,💀🌑😰,💀😰🌑,🙏💪🌈,🌑😰💀️,️🌑😰🚨,️💀😰,😌✨🌈,😊😌✨",1
s-1558,"😊😌💪🌈,🌟💚🙏😊,😌💚🌈✨,😔💔😞😢,😌💪✨🌈,😔💔😞😢,😔💔😞😢,😌💪✨,😔😞😩,😔😞😩,😔💔😞,😌✨🌈🙏,😌🌈✨,😔💔😞😢,😌💪🙏💚,😊😌✨🌈,😊😌💪✨,😌💪🌈✨,😰️,😌💪🌟,😊😌💪✨,😔😢💔😞,😰😣😖,😊✨🌈",1
s-1560,"💪✨🌟🌈💚,😊💚🌟,😊💚🌈,😌💚✨🙏,😌🙏💚✨,😊💚✨,💀😰🌑️",1
s-1579,"😊💚🌈✨,️💀😰,😔😞💔😣,😊💪🌈✨,🙏✨💚,😌💚🌈,💪✨😌,😊✨💪🌟,😔😞😖,😊✨💪🌈,😊💪✨,😊💚🌈✨,😔😞😢,😊✨🌈💚,😞😩🌑😰",1
s-1582,"😰🌑️💀,💀😰🌑️,💚✨🌟😊🌈,😊✨🌟💚,😰️💔😢,💀🌑😰🚨,😰🌑️🚨,😔💔😞😢,🚨️💀😰,😰️🌑,😔😞😩😢,😰🌑🕳️️,😔😞😣😢,😔😞😣😩,😰🌑️🕳️,😔💔😞,😰️🌑,😔💔😞😣,💀️😰🕳️,😞😰🌑️,😔💔😞😩,😊💪🌈,💪🌈💚✨🙏,😔😞😣,😊✨💚,🌟💚🙏✨,😊✨🌟🙏,😊✨💚",1
s-1588,"😔💔😞😖,🌑🕳️️😰,😔😞😣,️💀😰🌑,😌✨💚🌈,😌✨🌈",1
s-1600,"😌💪🌈,😊🌟💚✨,😊✨🌟💚,😊✨🌟,😌💪✨,😊🌟💚✨,😌💪🌈,😊🌟💚,😌✨😊💚,😊😌💪,💪✨🌟,😌🌟💚,😌💪🌈,😊😌✨,😌💪🌈,😌✨🌈,😌💚🌈,😔😞😣,💔😞😔😣,😊✨🌟💚,😌💚🌟,😊😌💪,😊💪✨🌈,😊😌✨🌟,💪✨🌈😌,😌💪🌈,💪✨🌟😊,😌💪✨,😊💪✨🌟,😔💔😞,😊💪🌈✨,😔😞😣😖,💪✨🌈,💪✨🌟😌,😌💪✨🙏,😌💪✨🌈,😔💔😞,😊✨🌈,✨🌟💪💚,💪✨😊🌈💚,😌💪✨🌟,😔😞😢💔,😌💪🌈✨,😔😞😣,😌💪✨💚,😊✨💚🌟😌,😣😖😩,💪✨🌟,😰🩸🌑😖,😌💪💚,😊😌💚,😊✨🌈😌,😊😌💪✨,😊✨🌈🙏💚,😌✨🙏,🙏✨💪🌟,✨💪🌈,😌💪🌈,😌💪🌟,😊💪✨🌟,😌🙏✨,😔😞😰️,😔😞😣,😰🌑️🕳️,😌🙏✨,😌💪🌟💚,😊✨🌈💪,😔😞😣,😌💪✨🌟,😊💪✨,💀😰️,😌🙏✨🌈,😌💚🌈,💪✨💚,😌✨🌈,💪✨🌟,😊✨💪🌟,😔😞😣😖,😔💔😞😣,😌🙏🌈,😊😌✨💚,😌💪✨,😌🙏💪✨,😊✨🌈,😔😞😣",1
s-1607,"😔😞😣😩,😔😞😢😣,😊😌🌟,😖😩😣😞,😊😌💚🌈,💪✨🌈😊,😊😌✨,😊💚✨🌟,😔😢💔,🌈✨😊,💊️😰,😊✨🌟💚,😌💪✨🙏,😔😣😞😩,😌💪✨🌈,😊✨🌟,😰️🌑,😊😌💚,😊💪🌈,😊😌✨,😔💔😞,😊😌💪,😌✨🌈💚,😊✨🌟💚🌈,😊💪🌈,😔💔😢😞,😊✨🌟,😊😌💚✨,😊💪🌈🙏,😌✨💚🌟,😌💚🌟✨,😔😢💔😞,😔😢😞😣😩,😊😌💚,😔😞😩,😌💪✨🌈,✨🌟💚🌈,😊💚🌈,😊😌💚✨,😊✨🌈,🌑🕳️😰️,🚨😰🌑,😔😣😖😩,😊✨🌟💚,😢😔😣😞,😊🌟💚✨,😊💪🌈✨,😌✨🌟💚",1
s-1620,"😊✨🌈,️😰🌑,😊✨🌈",1
s-1627,"😊😌✨🌟,😌💪✨🌈,😌💪🌈✨,😌💪✨🌈,😊😌✨,💀😰🚨️,💀🌑😰️,😔😞😣,😔😞😣😖,😊😌✨🌈,🌟✨🌈,😰🌑️🕳️,😊😌✨🌟,😌💪✨🌟,😌💪✨🌈,😊✨🌟,😊✨🌈,🌑😰️,😰💀️,💀😰🌑,😔😞😖,😔💔😞😣,😌🙏💚✨,😌✨🙏,😊😌💪✨,😔😞😣😩,😔😞😣😖,😊✨🌈,😔😞😢💔,😔😞😣😢,🙏💚🌈✨,😌💪🌈🙏✨,😌💚🌈✨,😊😌✨🌟💚,😔😞😢😣,😔💔😢😞,😊💚🌈✨,😊✨💪🌈,😔😞💔,😔💪🙏💚,😔😞💪🙏,😰️,😊😌💪✨,😊✨💪🌈,😊😌✨💚,😊😌✨🌈,🌈✨💚,😌✨💚,😊🌟💚😌,😊🌈💚✨,😔😢😞,😊✨🌈,😊😌✨🌟💚,😰💀️,😊✨🌟💚,😊💚🌈✨,😊✨🌈💚,😊✨🌈💚,😊✨🌈💚🌟,😊😌✨🌈,😊✨🌈,😊🌟💚,😌✨🌈💚,😌💪✨🌈,😌💪✨🌈,😊😌✨🌈,😊😌💚🌈✨,😔💔😞😣,😌✨🌈💚,😊✨🙏💪🌈,😊💪✨🌟💚,😊💚🌟🙏,😊😌💪,💪✨💚,😊✨🌈💚,😌💪✨🌈,😊😌💪🌈,😊💪✨🌈,😊✨🌟💚,💀😰🌑🕳️",1
s-1628,"😊😌💚🌈,😊💪✨🌈,🙏✨💪😊,😔😞😢💔,😊✨🌟💚,😌✨🌈🙏,😊😌💪✨,😌🙏💚✨,😊✨🌈",1
s-1629,"😊✨🌟💚,😔😞😣,😔😢😞,😔😞😢💔,😔😣😖,😌✨🌈,😔😞😢💔,💪✨🌈,😔💔😞😣,😌💪✨🌟,😔😞😖😩,😔😣😞😖,😌✨🙏💚,😔😞😣,😔😞💔😣,😔😞💔😣,😔😞😣😩,😔😞😣😖,😔😞😣😩,😔😞😣😩,😔💔😣,😔😞💔,😔😞😩💔",1
s-1641,"😔💔😞,💔😞😔😖,😔😞😢,😔😞😣,😌💪🌈,😊✨🌟💚,😢💔😞😩,🌑😰🕳️️,😔😞💔,😊😌✨,😊✨💪,😌💪🌟🙏,✨🌟😊😌,😌✨🌈,😔💔😞😩,😊✨🌟,😊😌✨,😌💪✨🌈,😔😞😣,🌑😔️,😔😞😣😩,️🚨😰💀",1
s-1650,"🌑😰️💀,😌🌟🌈,😔💔😢,😔😩😞😣,😊🌟💚,😰🌑,😰🌑️,😣😖😩😔,😔💔😞😩,🚨️💀,😔😞😣,😌🙏✨🌈,😔💔😞,😔💔😞😢,😔💔😞😖,😔💔😞,😊✨💪🌈,💚😌🌈✨,💚✨🌟🌈,😔💔😞😩,😔💔😢😞,😔😞😣😖😩,💀🚨🌑️️,😌💚✨🌈,😰🌑💔😞,😌✨💪🌈,😣😩😖😞,😔😞😣😩,😔💔😞😣,😣😖😩😞,😔😞😩,😊✨💚🌟,😌🙏✨,💪✨💚🌟,😊✨🌈,😔💔😢,😔💔😞,😔💔😞,💪✨🌈,😔😞😣😩,💪✨🌟,😊✨💚🌈,💪💚🌈,💪🌈✨🙏,😌✨💚🌈,😌💪🌈✨,😔😞💔😣,😌💚🌈,😊✨🌈💪,😔💔😞😣,😊😌💪🌈,😊✨🌟,😰🌑️,😊✨💚🌈,😌💪💚🌈,💪✨💚🌈,😔💔😞😣,😌💪✨🌈,😔😞💔,😌💚🌈✨,💪✨🌈💚,😊😌💚✨,😔💔😣😞😩,✨💚😌🌈,😊✨🌟,😌✨🌈,😊✨🌟💚,😊💪🌈,😊✨🙏💚,🌈😌✨💚,😌🙏💚🌈,😌💪🌈,😔😣😖😩,😊✨🌈💚,😰🌑😢️,😊😌💪,😊✨🌟🙏💚,😔😞💔😢,😔💔😢,😔😞😣,😌💪🌈,😌✨💚,🙏💚😌,😔💔😢,😊✨🌈💚,😌💪🌟💚,😊😌✨🌈,😌✨💚🌈,😊😌✨,😌💪✨🌟,😌💚🌈✨,😔😞💔😣,😔😞😩,😌💪✨,😊😌💪✨,😊💚🌈,😌🙏🌟💪,😔😞💔😢😣,😊🌈💚",1
s-1655,😰🌑🕳️,1
s-1658,"😌✨🙏,😢💔😞😣,🙏💪💚🌈,💪✨🌈,😔😢😞😣,😌💪✨🌈,😌✨🌈,😔😞😣,😊✨🌟💚🌈,🙏✨💪😊,😌🙏💚✨,😌💚✨,😌💪🌟,😊💚🌈,😊🌟💚,🌟💚✨😊,😢😣😩💔,😌✨🌈💚,😔😞😣,😊✨💚🌟😌,😌💪✨🌈,😊✨🌈💪,😊🌟💚,😊💚🌟🙏,💀️😰,😊😌✨🌈,😊✨💚🌈,🙏✨🌟💚😊,😔💔😞😣,😊✨🌟,😔😞😣😩,️🚨😰🌑,😊✨🌟,😔😞😢,✨🌟💪🙏,😊✨💪🌈,🙏✨💚,😊😌✨💪,😊✨💚😌,😌🙏🌈✨,💪😊✨🌟,😊💪✨,😊💪✨,😌✨🌈💚,😊✨🌈,😔😣😖😩,😔😞😩,😌💪🌈✨,😊✨🌟💪🌈,🙏💚😊✨,😔😞😣😩,😣😩😔,😔😢😞,😌💪✨,✨💚🌟,😊✨💚🌟,😢😩😔💔,😌✨🌈💚,😊😌💪🌈,😊💪🌈✨,😌😊✨,😌💪💚🌈,😢😞😣😩,😔😞😣😖,😞😔😩💔,🌑😰️,😌💪🌟🙏,✨🌟💚,😊😌✨🌈💪,😌💪✨,✨🌟😊🌈,😊😌✨🌈,😌💪✨🌈,😔💔😢,😌✨🙏💪,😊😌✨🌈,😔😞😩😣,😌💪✨🌈,😊✨🌈💚,✨🌟💚🌈,😌💪✨🌈,😊✨🌟💚,😊😌🌈,😌💚😌,😊✨🌟🌈,😔😞😣😩,😌✨🌈,😊😌✨🌈,💪😌✨🌈,😌💪🌟🙏,😌💚🌈✨,😔😞😩,😊✨🌈,️😰🌑🕳️,😌💚🌟✨,😌✨🌟💚,😌✨🌈💚,😔😞😣😖,😌😊🌟,😊💪✨🌟",1
s-1663,"🕳️🌑😰️,🌑😰🕳️💀,💀🌑😰️,😰🌑️,😊😌✨🌈,😔😞😢😣,😢💔😔😞,🌈💪✨😌🙏,💪✨🌟,😔😞😣,😊💚✨,😊😌🌈,😊✨🌟💪,😌🙏💚,😔💔😢😞,😊✨🌟,😔😞💔,😊😌✨🌈,😊✨💪🌟,😊✨🌈,😊✨🌟,😊🌟💚,😊✨🌈,😊✨🌈💚,😊✨🌟,😊✨🌟💪🌈,🌑😰️,😊💚✨,😊😌💪,😊😌🌈✨,😊😌✨,😊✨🌟💚,😊💚🌈✨,😌✨🌟💚,😔💔😞😩,😊✨🌟💚,😔😞😣😖,😊🌟💚,😊✨💪",1
s-1668,"✨🌟🙏💚,😊✨🌟💪",1
s-1681,"😊💚🌈,😔😞😢😣,😢💔😞😩,😰️,😰🌑😖️,😔😣😩,😰🌑️🕳️,🌑😰️,😊😌✨💚🌈,😌🌈💚",1
s-1684,"😊✨🌟💚,😌💪🌈,😌✨🌟,💀🌑️,💪✨🌈😊,😰🌑🕳️️,💪✨🌈😊,😊💪✨🌟💚,😌💪✨🌈,😌💪✨🌈,😔💔😞😣,😌✨🌈,😔💔😞😢,😔💔😢😞😣,😊💪🌈✨,😔😞😩,😌💪✨🌈,😌💪🌟💚,😔😣😩😞,😔😞😣,😊😌🌟,😔😣😩,😔😞😣😖,😌💪🌟,🌑💀😰🚨,😰🌑️💀,😊😌✨🌈,😔💔😞😣,😔😞😣😩",1
s-1691,"😔💔😢,😊😌✨💚,😊✨🌟,😌🌈✨,😔💔😞,😌✨🌈💪,😌✨💚🌈,😔😞😩,️🚨💀😰🌑,😊✨🌈💚,😊✨🌟,😌✨🌈,😊😌✨,😊😌💪🌈,😢😔😞,😔😞😣😢,😊✨💚🌈,😊✨🌈💚,😊✨🌟,😌✨🌟💚,😌💪✨🌟,😔💔😢😞,😔💔😢😞,😊✨🌟💚,😌💪✨🌈,😊😌✨🌈,😌💪🌈,😊💚✨🌟,😊😌✨🌈,😌💪✨🌈,😌💪✨🌈,😊✨🌈💚,😊✨🌈😌,😊✨🌈💚😌,😌💪🌈✨,😊💪✨,😌🙏🌈,😊💪✨🌟💚,😊💪✨🌈,😌💪🌟,😊💪🌈,😊😌✨,😊🌟💚,😌💪✨🌈,😊💪🌈,😊😌💪✨,😌✨💚🌈,😊✨🌈💚😌,😔😢😣💔,😊✨🌟,😊✨🌈💪,😔😞😢,😊✨🌈💪,😌💪✨,😊✨💪🌈,😊😌✨🌈,😊😌✨🌟,💪🌈🙏✨,😊✨🌈",1
s-1698,"😔😞🌑️,😔💔😞,😣😖😩",1
s-1706,"😊🌈💚,😌✨🙏,😊😌✨🌟💚,😊😌💚,😊😌✨,😊😌✨🌈,😌✨💚,😊🌟💪🌈,😊😌✨,😌💚🙏,😔😞😩,😔💔😞,😊✨🌈💪,😰😣️,😊✨🌈💪,😊✨🌟💚🌈,😔💔😢,😊🌟✨💚,✨🌟😊💚,😔😞💔,😌💚🌈✨,😌✨🌈💚,😌✨💪,🌑😰️,😊✨🙏,😊🌟💚,️😰🌑,😌💪✨,😔😞😣,😊💪🌈✨,😌💚🌈🙏,😌💪🙏🌈,🙏✨🌈💚,😊✨🌈😌,😊😌✨,😊😌✨💪,😊✨🌟💚,😌✨💪🌈,✨🙏💚🌟,😌💪✨🌈,😊😌✨🌟,😌💪✨🌈,😔😞😩,✨😊💪🌈,😊✨💪🌈,😊✨🌟,😊✨🌟🌈,😌💚🌈✨,😊✨🌈,😊✨🌟,🙏✨🌈😊💚,💪✨🌈,😊😌🌈,✨💚😌🌟,😌🌈✨,😊✨💚,😌✨🌈💚,😊✨🌈,😔😞💔,😔😢💔😞,😊✨💚🌈,😌🌟💚🙏,😊😌🌈✨,😌💚🌟🌈,😊😌✨🌈,😔😞😢,😊😌✨🌈,😌😊💪✨,😊😌💪✨,😊😌💪,😊😌✨🌈,😊😌✨,😊😌✨🌟,😊✨💚🌟😌,😊✨🌈💪,😊✨🙏,😌🙏✨,😊💚🌈✨",1
s-1722,😊😌✨,1
s-1725,"😌💪✨🙏,😊💚🙏✨,😊💚✨,🙏✨💪🌈,😔😞😣,😰🌑🕳️️,😊✨🌟,😔😞😣😩,💪✨😊🌈,😞😣😖😩,😔😞😣😩,😰🕳️🌑,😌💪✨🌟,😌💚✨🌈,😊💪🌈💚✨,😌💪✨🌟,😔😢😞😣,😊😌✨🌟💚,😊😌✨🌈,😔😞😩,😌💪✨🌈,😌💪💚🌈,😊😌💚🌈,😌✨🙏,😌💪✨,😊😌💪,😊😌🌟💚,😰🌑️,😞😖😩,😔😞😩,😌✨🌈💚,😌✨🌟,😊✨💪🌈,😔🌑️,💪✨🌈,😔😞😖😩,💪✨😌,😊😌✨🌈,😌💪🌈✨,️😰🌑🕳️,😊😌✨💚,😔💔😢😞,😔😞💔,😊😌🌈,😊✨🌈,😊💪✨,😊💪✨,😔😞😣,😔😞😩💔,😔💔😞😢,😔💔😞,😊😌🌈,😔😞😢,💔😔😢,😔😞💔,😔😞😩,😊💪✨🌈,😔😢😞😣,😊💚✨,😌🌈💚✨,😌💪✨🌟,😊😌💪✨,😊✨🌈💪,😊😌✨🌈,😌🙏💚,😊😌✨🌟,😊✨🌟,😊✨🌈,😌💚🌈🙏,🌟✨😌💪,😌💪✨🌟💚,😣😖😩",1
s-1732,"😊✨🌟💚,😊😌💪✨,😊💚✨🌈,😊💪✨,😌✨🙏,😊😌✨",1
s-1737,😊✨🌟,1
s-1743,"😩😔😞😣,😌✨🙏,😔😢😖😩,😔💔😞😢😣,😊✨💚🌟,😌💪✨🌈,💀🕳️😰,😊✨💚🌈,😊✨🌈,😊😌💚🌈,😊😌✨🌈💚,😰🌑🕳️😣,😌💪🌟🌈,😊😌✨🌟,😊✨🌟💚🌈,😊😌✨🌟,😊😌🌈✨,🌑💀️,😊✨💚,😊✨💪,😊✨💚🌈,🌑🕳️😰️,😌✨🙏,😊😌✨🌈,😌💚🌈✨,✨🌟🙏💚,😢😩😞😣,😊😌💚🌈,😊😌✨🌈,😊😌✨🌈,😊💚🌈,😊🌟💚🙏,😊✨💪,😊💪✨,😔😞😣,😊😌✨,😔😞😖😩,💊💀️😰,😔😞😢,😊💚🌟,✨🌟😊💚,😊😌✨,😊😌🌟💚,😊✨🙏💚,🌑😰🕳️️,😊😌✨🌈,😊✨🌈",1
s-1750,😊😌💪,1
s-1779,😊✨🌟💚,1
s-1780,"😊😌💚,😌💪🌟,😊😌💪,😊💚🌟✨,😔😞😣,😔😞😢😣,😊😌💪,😔😞😩,😊😌✨🌈💪,✨🌟😊💪,😊😌🌟💚,😔😞😣,😊😌✨🌟💚,😊✨🌈💚,😊✨🌈,😊😌✨🌈,😊✨🌈,😊🌟💚,😊😌💪,😌💪🌟💚,😌💪🌟🌈,😊😌💪🌟,😌💪✨,😌💪✨🌈🙏,😌💪✨🌈,😊✨🌟,😊✨🌟💪,😌💪🌟🌈,😊🌟💚✨😌,😊✨🌈💪,😌💪🌈,😌✨🌟💚,😌💪✨🌟,😊✨💪🌟,😊💪✨🌟,😌💪🙏✨,💪✨😌,😰🌑🕳️,😢😔😣,😔😞😣,😊💪✨🌟,😊✨💪,😔😞😣😩,😌✨💪🌈,😊💪✨🌟,💊😰🌑,😊✨🌈💪,💊️😰,😊😌💪🌈,😔😞😢,😌✨🌟💚,😊✨🌟💪,😊✨💪,😊😌🌈✨,😔😞😣,😰🌑️🕳️,😊✨🌈💚,😌🙏💚🌈,💊😰🌑️,😊💪✨🌈,😊😌💪✨,💊️💀,😊💪✨,😊😌✨🌈,🚨💀😰️,😊✨💪🌟😌,😌💪🌟🌈,💊️😰💀,😊😌💪✨,🌑🕳️😰️,😔💔😞😣,😊😌💪✨,😌🙏🌈✨,😊✨🌈💪,😊✨💪🌟😌,😊😌✨🌟💚,😊✨🌟,😌💪🌈✨,😌💪🌈,😊✨🌟💪,😊😌✨🌈,😊✨🌟💪,😊✨💪,😊✨🌟,😊😌✨🌟,😊😌💪🌈,😊✨🌈,😊🌟💚,😊😌💪✨,😌💪🌈,😊✨🌟,😊😌✨🌈,😌💪✨🌟,😊💪🌈✨,😔😞😢,😊😌✨,😌💪✨🌈,😊✨🌈💚,😌💪🌈✨",1
s-1783,"😊✨💪🌈,😊💪✨,😊🌟💪,😊💪✨🌟,😊💪✨🌟,😊💪✨🌟,🌟💪🌈😊,🌟💪🌈💚,💪✨🌟,😊💪✨,✨💪🌟💚,😊💪✨🌟,😊💪✨🌟💚,😊💪✨,🌟💪😊,😊✨💪,😊✨💚🌟,💪✨🌟",1
s-1787,😊😌💪✨,1
s-1793,"😊😌✨,😰🌑️💀,😰🩸️🚨,😣😖😩😔,😌💚🌈✨,😌💪🙏💚,😊😌💪✨,😢😣💔😔,💊😰️,😌💚🌟🌈,😰💊🌑️,😌💪🙏💚,😊😌✨🌈💪,😌💪🙏🌈,😌💪🙏💚,😰🌑️,😔😣😰,😞😩😔️,😔😞😣😩,😰🌑😖😩,😰️🚨,😌💪✨,😰🌑️,😣😩😔😞,😰🌑️,😰️🌑,😔😞😣😖😩,😌💚🌈✨,😌✨🌈,😌✨💪,😌✨🌟,😊😌✨🌈,😊💪🌈,😌✨🌈💚,😰️🌑,😰🌑🕳️️,😔😞😢,😰️💊,😊💚🌈,😊😌💪,💊😰️,😔😞😣😩,😊✨🌟,😊😌💪✨,😊💪✨🙏💚,😌💪🌈,😊💪🌈✨,😊😌✨",1
s-1814,"😌💪🌈✨,😊✨🌟💚,😊💚🌈,😌💪🌟💚🌈,😔💔😢😞",1
s-1815,"😊✨🌈,😊✨🌈,😊✨🌈,💀😰🚨️,😊😌🌈✨,😊💪🌈,😊💪✨🌈,🌑🕳️😰️,😔😞😩,😌✨🌈,😌💪✨,😊✨🌈,😊✨🌈💪,😌💪🌈✨,💪✨🌟,😌✨💚🌈",1
s-1816,"😊✨💪🌟,😊💪✨,😊😌💚✨,😔😖😩😞,😊💪✨,😔💔😞😢,😊💪✨,😩😔😞😣,😔💔😞😣,😌💪🌈✨,😔😞😣,😊😌💚🌟,😞😩😔,😊😌🌟,😊😌✨,😔😞😣,😊😌💪,💪🌟🌈💚,😊😌💚🌈,😊😌✨💚,😌💪✨🌈,😊💪🌟,💪✨😌💚,😔😞😣,😊🙏💚,😌💪🌟🌈,😌💪✨,😣😖😩😔,😔😞😣😩,😌💪✨🌈,😌💚🌈,😩😞😔😣,😌🙏💚,😔😞😩,😔😞😖😩,😌💚🌈💪,😔😢💔😞,💪✨🌈,💀😰️,😌🌟💪🌈,️💀😰🌑,😰🌑🕳️️,💔😢😞😔",1
s-1820,"😊😌✨🌟💚,✨💚😊💪,🙏💚😌✨,🙏💚🌟✨,😊😌✨🌈,😊✨🌈💚,😊🌟💚,😔💔😢😞,😔💔😞,😔😞😣😖,😔😞😣💔,😔😞😩,💊️💀,😊😌✨🌈💚,😊✨🌟💚🌈,😊✨💚🌟😌,✨💪🌟😊,😊💪✨🌟💚,😊✨🙏🌈,✨🌟💚😊,🌟💚✨,✨🌟💚😊,✨🌟💚,😊✨💚🌟,😊✨💚🌟,😊🌟💚✨,😊🌟💚,😊✨🌟,😊💚🌈,😊💪✨,😊💚🌟✨,✨🌟💚🌈,😊💚🌟✨,✨🌟💚😊,✨💪🌟💚,✨💪🌟😊,💪✨🌟💚,😊💚✨🌟,💚✨💪🌟😊,✨💪💚🌟😊,😊✨🌟,😊✨🌟💚,😊✨🌟,✨💪🌟💚,😊🌟💪✨,✨🌟💚😊,😊✨🌟💚,😊✨🌟,😊✨💚🌟,😊✨🌟💪,😊✨🌟,😊💚✨🌟,😊✨💚🌈,😊💚✨🌟😌,😊💚✨🌟,😊✨💚🙏,😊✨🌟,😊✨🌟💚,😊✨🌟💚,😊💚✨🌟,🌟💚🙏✨,😊😌✨🌟,😊😌✨🌟💚,😊✨🌟💚🙏,😊😌✨🌟💚,😊✨🌟🌈,😊✨🌈💚,😊😌🌟💚,😊✨🌟,✨🌟😊,😊✨🌈,😊😌🌟💚,😊✨🌟💚,😊✨💚🌟,✨💚🌟😊,😊💚✨🌟🌈,😊✨💚🌟,😊✨💚🌟,✨🌟😊,😊😌✨🌈,😌💚🌟✨,✨💚🌈😊,💪✨😌,😊✨🌟,😊😌✨🌟💚,😌💪💚✨,💚✨💪🌈😊,💚🙏💪✨,💪✨🙏💚🌟,💪💚✨🙏,💪💚🌟,💚🙏🌈✨,🙏✨💚,💚✨💪🙏,😌💪💚🌈,💔😔😞😣,😔😞😩,😔😞😣",1
s-1825,"😌😊💪✨,😊😌✨🌈,😌✨💚🌈,😢😞😖😩,😔😞😢,💚✨🌈,😊✨🌟,😌✨🌈,😊😌✨🌈,😊💚🌈✨,😊😌✨,😌💪✨🙏,😌✨🌈💚,😌💪🌈,😌💪🌈✨,😊✨🌈,😌💪🌈✨,😊💚🌈✨,😰🕳️,😰🌑️🚨,😔😞😣😩,😊💪✨,🚨️🌑,😰🌑️,😰🌑️,😔💔😢😞,😌🌈✨,😊😌✨🌈,😔😞😣😖,😊✨🌟,😊✨🌈💚,😊😌💪🌈,😌💚🌈✨,😔😞💔😩,😊💚🌟🌈,😌💚🌟✨,😊😌💪🌈,😊😌✨🌈,😖😰😩😞,😌💪🌈,😊✨🌟,😖😩😣,😊💚✨🌟,😌✨🌟💚,💚🌟😊,😔😞🌑💔,✨💚🌈😊,😊✨🌈💚,😊✨🌟💚,😌✨🌟💚,😊😌✨🌟💚,😔😞💔,😊✨🌟,😌✨🌟💚,😊😌💪,😊✨🌟,😊✨🌟🌈,😌✨🌈💚,😰🌑🩸️,😔💔😞,😊✨🌈,🙏✨🌈💚,😔💔😢,😌✨🌈💪,😩😣😞,😌✨💚🌈,💪✨😌🌈,😔😢😞,😌✨🌟🌈,😊✨🌟💪,😊💚🌈,😌✨🌟🌈,😌💚🌈✨,💊😰️🌑,😊🌟💚🌈,😌✨🙏,😔😣😩,😊✨💚🌈,😊😌✨🌈,😊😌✨🌟,😌✨🌈💚,😌✨🌈💚,😊😌✨🌟,😊💪✨,😞😩😔😣,😔😞💔😢,😌✨💪,😊😌💚,😌💚🌈",1
s-1836,"😔😞😢,😌💚🌈✨,😔😞😢,💪😌🌈✨,😌🌈💚💪,😊😌✨🌈,😔😢😞,😔😞🌑,😊✨🌈,😊😌🌟💚,😊😌✨🌈,😌✨🌈💚,😔💔😞,😊😌💪✨,😊💚🌟,✨🌟😊,💪✨😌🌈,😊😌✨🌈,😊😌✨🌈,😌💪🌈,😌💪💚✨,😔💔😢,😊✨🌟,💊😰️💀,😊✨🌈,😊✨🌈😌,💚🙏💪,😊💪🌈,😊💚✨,😊😌✨,😌💪✨🌈,😊😌✨💚,😊😌✨🌟,😔😣💔,😊💪✨🌈,💊😰️🕳️,😰️,😌💪🌈✨,😔😞😩,😊😌🌈,😊😌💚🌈,️💀😰,😔😞😣😖,😊✨💪,💚✨🌟,😌💪✨🌟,😌💪✨🌈,😔😞😣",1
s-1851,"😊💚✨🌟,😌💪🙏🌈,😊💚💪🌟,😊💚✨,😊✨🌟🙏,✨🌟😌,✨🌟💚😊🌈,😌✨🌈💚,😊✨🌟💚,😌💚✨🌟,😊🌟💚,😊💚✨🌟,😊💚🌈,😊✨🌟💚,😊💪✨🌟,✨🌟💚,💚✨😊🌟💪,😌💚🌟,😌💪✨🌈,😊😌💚✨,😌✨🌟,😌💪✨,😊💚✨🌟,😊💚✨,😌✨💪🌈,😊💪✨,😊💚✨,😊✨🌟💚,😊💚✨,😊✨🌟,😊✨💚🌟,💚🌟😊,😊✨🌟💚,😊✨🌟,✨😊🌟,😌💚✨🌈,😊✨💚🌟,✨🌟💚,😊🌟💚,😊🌟💚,✨🌟😊💪🌈,😊✨🌟,😊✨🌟💚,😊✨💚🌟😌,😊💚✨🌈,😊✨🌟",1
s-1859,"😰️😞😔,😊🌟💚🌈,😌💪🌈,😔😞😩😢,😖😩😔😞,😔💔😞,😔😞😩,😊😌💪🌈,😊✨💚🌈😌,😔😞😣😖,😔💔😢,😔😣😩,😔😞😣😩,😔😞😩,😔💔😞,💔😔😣😖,😰🌑️,😌💪🌈✨,😌💪✨🌈,😌💪💚🌟,😊💪✨🌟,😰💀🌑️,😌💚✨,💚😌🌟💪,😔💔😞😣,😔😞😣,😌💪✨,😔😞😣,😔💔😞😣,😌💚🌟🙏,😌💪🌈,😌💪🌈,💔😢😞😔,😌✨🌈,😔😞😣,😌💪🌈✨,😌💚🌈✨,😊🌟💚✨,😌💪😊✨,😊😌💚🌈,💪😌🌟💚,💪✨🌈,😌💚🌟🙏,😊✨💚🌈,😌💚🙏✨,😊✨💚😌,😊✨💚🌈,😊💪💚,😔😞💔,😊🌟💚🙏🌈,😊💪✨💚,😣😖😩😔,😰😣😖😩,😰️😔😞,😌💚🌈🙏,😌✨💪,😌✨🙏,😌✨🌈💚,😌💪🌈✨,😔😞😩,😔😞😣💔,😌💪✨🌟,😌💪🙏,😔😣😖😩,😌💪✨,😌✨🌈💚,😊😌💚🌟,😔😣😩,😔💔😞,😊✨🌟💚🙏,😌✨🌟,😰💀️,😔😞😣💔,🚨️🕳️💀,😌🙏💚,😌💚🌈,😔💔😞😢,😌🙏✨💚,😊😌✨🌟💚,😣😖😩😔,😌💪✨🌈,😌💪🌈,😊🌟💚🌈,💔😔😞",1
s-1864,"😊😌✨🌈,😊😌💚🌈,😌✨🙏💚,😔💔😞,😊💚✨🌟,🚨💀🔪😰,😌💪✨,💚🌈😌✨,😊😌💪💚,😊😌💪,😊✨🌈💪,😊💚🌈✨,😌💪🌈,😊💚🌈✨,😊😌💚🌈,😌💪💚,😌💪🌈✨,😢💔😣😞😔,😌✨💪😊,😊💪✨,😊🌟🙏,😊✨🌟,😌💚🌈✨,😌💚🌈✨,😌💚🌈🙏✨,😔💔😞😩,😔😞😣😖,😊✨🌈,😊✨🌟💚,😔😞💔😢,😊😌💪🌈,😊✨🌟,💚🌈✨😌,😌💪✨🌈,😌💪🙏💚,😊✨🌈💚,😊💚✨🌟,😌💚🙏,😔😢💔,🙏😌💚🌈,😊🌟💚✨,😌💪✨,😌💪✨🌟,😊😌✨,😊😌💪✨,🌟💚😌✨,😌✨🌈,😔😣😖,😌💚🌟,😊😌💪,😌💚🌟🙏,😌✨🌈💚,💪✨😌,😌💪✨🌈,💪✨🌈,😌💪🌟✨,😌💚🙏,😊😌✨🌈,💚🙏✨😌,😊😌✨,😔😞😣😖,🚨️😰,😊😌✨🌟,😰️🌑,😊✨💚,💪✨🌈😊,💪✨🌟😌💚,😣😖😩,💔😔😞,😔💔😞😩,😊🌟✨,😊✨🌟,😌✨🙏,😔😞😣😩,😊💚✨🌈,😔😢💔😞,😊💚✨🌟,😰😣😩,😊💪✨,😔💔😢😞,😊✨🌈,😊💪🌟,😔💔😢😞,😌💪🌈,😢😔💔😞,😢😞😣😩,😊💪✨,😔💔😢😞,😊✨🌟🙏,😌💪✨🌈,😌💚✨,😔💔😢,😔😢💔,💪✨😌,😔😞😣,😌💚🌈✨,😔💔😞,😔😞😩",1
s-1865,"💀🌑️,😊💚🌟🙏,💔😔😞😢",1
s-1867,"😔😞😣,😌✨🙏💪,🙏💚😌,😌🌈💚✨,😊😌💪✨,🌈✨😊,😌💪✨🌟,😊😌🌈✨,💀️😰,😊✨🌟,😊😌🌈✨,😊✨🌈,😊💚🌟,😊✨🌈,😊😌✨,😊✨🌈,😊🌟🌈💚,😊😌✨🌟💚,😊✨🌟,😌💪🌈✨,😔💔😞,😌✨🙏,🌑🕳️💀😰,😔😞😣,😊😌💪,😔💔😢😣,😔😞😩😣,😊✨🌈,😌✨💚🙏,🌟😊💪🌈,😊💪🌈,😔💔😞😣,😔😞😩,😊🌟💚,️😰🌑,😌🙏💚,😌💚🌈✨,😊✨🌈😌,️😰,😊😌✨,😊😌💪,😌💪💚🌈,😊😌💪,😔😣😖😩😞,😌💚🌈🙏,😊💚🙏,😌✨🌟,😊😌✨🌈,😊😌🌈✨,😌💪🌟🌈,😊✨🌟💚,😊💪✨,😊😌✨🌟,😊😌💚,😊💚🌈,😌✨💪🌟,😊😌💪,😊😌✨🌈,💪✨😊,😊😌✨💪🌈,😊😌🌈✨,😌💪✨🌟,😔💔😞😢,😊😌✨🌈,😌💚🌈✨,😊✨🌈,🙏💚😌✨🌈,😔😞😢,😌💚🌈💪,😊😌🌈,😌😊✨,🌑😰️,😔💔😞,😊💚✨🌈,😌🌟🙏💚,✨🌟💚😌🌈,😊😌✨🌈,😊💚🌟🙏,😌✨💚🌟,😌💪🌈,😊😌✨🌈,😊😌✨,😩😣😖😔,🙏💚✨😌,✨😊💚🌟,😌💪✨🌈,😌💪✨🌈,😢😩😔,😌✨🌈,😊💚🌈✨🙏,😊💚🌟,😊😌💚✨,😊😌✨🌈,😌💪🌈✨,😌💚✨,😌💪✨🌈,😊✨🌟,💪✨🌟😊",1
s-1869,"😊😌✨💚,😊😌🌈💚,😊✨🌈,💪✨😌,😊✨🌟,😌💚✨,😌💪✨,😊✨🌟,😊😌✨,😔😞😣,💪🙏💚,😣😖😩,😊✨🌈💪,✨🌟😊💚,😊😌✨🌈,😊😌✨🌈,😊✨🌟,😌💪🌈,💪✨🌈,💔😔😞,💔😞😩😔,😊😌💚✨,💔😩😔😞,💔😔😞,💔😞😩😔,💔😣😔😞,💔😔😣😞,💔😔😣,💔😞😔😣,💔😞😩😔,💪✨😌🌟,😌💪🌈,😊💚✨😌,😊✨🌈,😊✨🌟💚,😊😌✨🌈,😊💪✨,😊💪✨🌈,😰️🌑,😔😢💔,😖😩😣😞,😌💪✨🌈,😌💪✨🌈,😊💪✨,💔😔😞😣,😊🌟✨,😊😌✨🌟💚,😔💔😞,😔😣💔😞😖,😊😌💪✨,😣😩😔,💚🙏✨🌟,😊💚✨🌟,😊✨🌟,😊✨🌟,😊✨🌟💚,😌💪✨🌟,😊😌💪🌈,😊😌💪,😊😌🌈,😔💔😞,😌💪✨,😔😞😖😣,💔😖😩,😌✨🌟,😌💪✨🌈,😌💪🌈,😰️🚨,💔😔😣,😣😖😩,😔😩😞😣,😣😖😩😞,😔💔😢😞,😔💔😞,😌💪✨🌟,😔💔😞😣,💔😔😩,😌💪🌈✨,😌✨🌈💚,🚨️😰🌑,😊😌💪🌈,😊😌💚🌈,😊✨💚,😊😌✨,😌💪✨,😌💪✨🌈,😔😣😩😞,💔😩😔😞,😊✨💚🌈,😰🌑🕳️️,😊😌✨🌟,😊💚🌟✨,😊✨🌟💚,😊💪✨🌟,😊😌💚🌈,😌💚🌈,😌🙏🌈✨,😊✨😌🌈,🚨😰🌑",1
s-1871,"😌💪🌈✨,😊✨🌈,🌈✨😌,😔😞😢😣,😔😞😖,😔😞😣,😊😌✨🌟,🌈💚🙏,😊😌🌟💚,😊💚🙏✨,😔😞😢😣,😔😞😣😩,💪✨🌈😊,😊🌈✨,😌💚🌈✨,😔😣😩💔,😌💪🌈,😊😌✨,😊😌💚,😌💪✨,😊😌💚✨,😔😞🌑😣,😊😌🌈💚,😊💪🌈,😊😌💚✨,😌💪✨,😔😞💔😢,😌💪✨🌟,😊✨🌈,😔😞😣,😊🌟💚✨😌,😞😔😩,😊✨🌟💚,😊😌💪🌈,😊✨🌟,😔😞😢💔,😌💚✨🌈,😌✨🌟💪,😌💚🌟🙏,😊💚🌈✨,😔😞😣😩,😔😞😣😖,😌💪🌈✨,😌✨🌈💚,😊😌🌟,😌🌈💚🙏,😊😌💚🌈,😊😌✨💚,😊💚🌈,😊😌✨🌈,️🚨😰🌑,😊✨💚,😊✨🌈,✨💪🌈,✨🌟💚,😊✨🌈💪,😌💪✨,😊🌟💚,🙏✨🌈😌,😊😌✨🌈,🌈💪✨,😔😞💔,😌💚🙏,😌✨🙏,😌✨💚🌈,😊✨🌈,😊✨🌈💚,😊✨🌟💚,😊🌟💚,😊😌🌈,😊💚🌈✨,😔😞😢",1
s-1879,"😊😌🌈✨,😞😩😔😣,💚✨😊,😊😌✨🌈,😌💪✨,🙏✨😊,😔😞😣😢,😌✨🙏💚,😌💪💚🌈,✨🌟🌈,😌💪✨🌈,😔💔😢😞,🙏✨😌💪,😊🌟💚😌,😌💪🌈✨,😊✨🌟💚,😊✨💪🌈,😌💚🌈💪,😊✨🌈💪,😊✨🌈💚,😌💪✨🌈,😌✨🌈💚,😊💪🌈,😌💪✨🌈,😌💪✨🌈,😔😞😣,😌💪✨🌈,🌟💪🌈💚,😊💪✨🌈,😌💪✨🌟,😊✨🌟,😊✨🌈,💚🙏✨😌,😌✨💚🌈,😌💪✨,😊😌✨🌈,😌💪🌈,😰💀️,😊✨💚,😊😌✨🌟,😌✨🌟💚,😊😌✨🌈,💊️😰,😔😞😢,✨🌟💚,😊✨🌟💚,😊🌟🌈,😊😌🌟,😊✨🙏🌈,😌💪🌈,️😰,😊💪🌟,😌🌈✨,😌💪🌈✨,😊😌✨🌟,😊😌✨🌈,😊✨💚🌈,😊✨🌟💚,😊🌟💚,😰🌑️,😊✨🌈,😌💪🌟🌈,😊😌🌈,🌑😰️,😔💔😞,😊✨🌈💚,😊😌✨🌈,😌💪✨🌈,😌💪✨🌈,😊😌✨🌟,😔😣😖😩,😊😌✨🌟💚,😊💪✨🙏,😌💚🌈✨,😊😌💪,😊😌💚✨,😌💪🌈,😊✨🌈,😌💪✨🌈,😌💪🌈✨,😊✨💪🌈,😌💪🌈,😌💪✨,😊💪🌟✨,😊😌✨,😊😌✨🌈,😌💪✨,😰😖😩😣,😊✨🌈,😔😢😞,😌💪✨,😌💪✨,😌💪🌟🙏,😌✨💚🌟,😌💚🌈,😌✨💪,😊😌✨🌟,😌💪🌟",1
s-1883,"😔💔😞😢,😊💚🌟,😔😞😢,😔💔😞😩,😔💔😢😞,😔😞😖,😌💪✨🌈,😊✨🌟,😔💔😞,😔💔😞😣,🚨💀😰,😌💚🌈✨,😊😌🌈💚,😌💪✨🌈,💔😣😖😞,😌💪✨🌈,😊😌💪🌈,😊😌💚✨🌈,😊😌✨🌟,😊✨🌟💚,️😰🌑,😌💪✨,😊😌🌈💪,😊😌🌈,😊😌✨,🚨️😰🌑,😊💪✨🌈,😊✨🌟,😊✨🌟,😊😌🌟💚,😊😌✨,😊✨🌟,😔😞😖😣,😊✨🌟💚,😊✨🌟,😊✨🌟,😌💚🌈,😔😞💔,😊😌✨🌟💚,😔😞💔😣😢,🌑🕳️💀,✨🌟😊💚,😊✨🌟💚,😔😞😣💔,😌💪🌈,😌💪✨🌟,😊😌✨💪,😊😌🌟🌈,😊✨🌟,😊✨💪🌟💚,😌✨🌈💪,😊✨💪🌟,😊🌟✨💚,😊✨🌟💪,😊✨🌟,😌✨🌈,😊✨🌟💪,😊✨💪,😊✨💪🌟💚,😊✨🌟,😌💪✨🌟,😊✨🌟💚,😊✨🌈💚,😊✨🌟,😊😌💪🌈,😊💪✨🌟,😔😞😣😩,😊✨🌟💚,😊✨🌟💚",1
s-1893,"😔💔😞😣,😌✨💚🌟🌈,😊💪🌟🌈,🌑🕳️️😰,😔💔😣😩,💊💀🚨😰,😔😞💔😣,😰💊🌑,😞😣😩,😔😞😣😩,😞😔💔😩,😌✨🌈💪,😔😞🌑😩,😌✨🌟💚,😔😞😩💔,😰🌑️🕳️,😖😩😔,😩😞😔😣,😌😊💪✨,😰🌑🕳️️,😣😩😔😞😖,😌✨🌈,😔💔😞😣,🌑🕳️️💀,😞😩🌑😰,😰🌑🕳️️,😰🌑💀️,😔😞😣😖,😔😣😖😩,😰🌑️🕳️,😣😩😔😞,🌑🕳️😰️,💀😰️,😔😞😣,😰🌑💀🚨,💀😰️🌑,🌑💀😰,😔🌑️😞,😌✨🌟💚,😌💪🌟💚,😌💪✨🌈,😰😖😩️,😞😣😩🌑😰,😌💚🌈,😔💔😞,😔💔😞,😌💪✨🌈,😊😌💚🌈,😔😞😖,😔💔😞😩,😔💔😞😣,💪✨🌟🌈,😊😌✨🌟,😌💪✨🌟,️😔🌑,😔💔😞,😔😞😩💔,😔💔😞😣,🌈💪✨🙏,😔😞😣,😔💔😞😣,😌💚🌈✨,😌✨🌈,😔💔😞,😌💪✨🌈,😔😞😣😩,😰😔😞😣,😊😌💪🌈,😌💪💚🌈,😔😞😢😣,😌💚🙏✨,😔😞💔,😔💔😞😣,😔😞💔😣😢,️🌑💀,😔😞😣,😰🌑🕳️️,😔💔😞,😌💪🌈✨,💀🌑😰️,😌✨🌈💚,😔😞💔😣,🌑😰️,💀️😰🚨,🌑😰️🕳️,🙏✨💪,😌💪🌈,😰🌑️🕳️,😖💔😞😩,🌑😞😔️,😔😞😣,😊💪✨🌟,😰🌑️🕳️,😔😞😣,😔💔😞😢,😰🌑🕳️💀🚨,💀😰🌑️,😞😩😰🌑,😔😰🌑️,😰🌑🕳️",1
s-1903,😊🌟💚,1
s-1907,"😔💔😞😩,✨🌟🌈😊,😊🌟💚✨😌,💚✨🌈💪,😊✨🌟💚,😌✨💚,😊✨🌈,😊✨💚🌈,😩😔😣😞,😌🌈✨💪,😌✨🌟💚,😊✨💪🌈,😌💪✨🌈,😔😞😣😖,😊✨🌟,😊😌✨🌈,😌💪✨🌟,😊😌✨🌈,😊✨🌈💚,✨🌟😊💚,😌💚🌈✨,😌🙏💚,😌💪🌈✨,😔😣😩,🚨️💀,😊😌💪🌈,😊😌✨🌈,😌✨💪💚,😔😢😞,😊😌💚🌈,✨💪🌟,😔😢😞😣,😔😌✨,😔😞😣,😔😞😣😖,😊💚🌈,🌈✨😊💚,😊🌟💚✨,😔😞😩,🩸😰️,😔😖😩💔,😊😌🌈✨,😊🌟💚,😔😢😞😣,😊💚🌈✨,😌💪✨🌈,😩😞😔,😌💚🌟,😌💪✨🌈,😊✨🌟,😊✨🌈💚,😌💪🌈💚,😌💪✨🌈,😊😌💚🌈,😔😣😖,😌💪🌈,😌💪🌟,😊💪✨,😌✨🌟💚,😌✨🌈,😊😌✨🌈,😊🌈💪✨,🌈✨😊💪,💪✨🌈,😞😣😩,😔😞😩,😔😣😩,😊🌟💚,😌💪🌈🙏,😰🌑💀️,😌💪🌟,😌🌈🙏💪✨,😌💪🌈,😌💪✨,😌💪🌈✨,😊😌💪✨,😌🌟💚🙏,😌💪🌟🌈,😔😢💔😞,😌😊💪✨,😊😌💪✨,😔💔😞,😊💚🙏✨,😊😌💪,😊😌💪🌈,😊✨🌟,😔💔😣😞,😊😌💪,😌💪✨🌈,😌💪🌈,😖😩💔😞,💀😰️,😊✨🌟,😊😌✨,💀️😰🌑,😊🌈✨💚",1
s-1916,"😔💔😞😩🌑,😔💔😞😩,🙏💪✨",1
s-1920,"🙏✨💪🌈,😔😞💔😣,😔💔😞😩,😊😌✨🌟💚,😊✨🌟💚😌,😌💪🌈,😊✨🌈,😊🌟💪,😣😖😩😞,😊😌💪✨,😔😞😢,😌💪✨🌈,😣😖😩,😊😌💚,😊✨🌟,😔😞😣,😊😌✨🌟,😌💪✨🌈,💊😰️,😌💪🌈,😊😌🌈,😌💚🌈🙏,😔😞😩💔😣,😌💪✨🌈,😔💔😞😣,💪🌈✨🌟,😔😣😩💔,😖😩😰🌑,😰🌑️,😔😞😢,😊🌟💚,😌💪🌈✨,😢😞😣💔😔,😔😢💔😖,😔😣😞😩,😌💪💚🙏,😔😞😣,😌💪✨🌈,😊😌✨🌟,😌💪✨,😔😢😞,😩😣😞,😔😞😩,😌💚🌈💪,😊😌💚✨,💊😰😔️,😊😌🌈✨💚,😔😞😣😩,😊😌🌟💚,😩😔😞,😊😌💪,😌💪🌈,😊😌💪✨,😌🌈💪✨,😔😞😣💔,😌💪✨,😊✨🌟🌈,😌💪🌈✨,😊✨🌈,😊😌💪🌈,😌💚🌈,😊✨🌟💚😌,😊✨🙏,😊✨🌟,🌈✨😌,😊✨🌟💚,😊💚🌈,😰🌑️🕳️,😰🌑💀️,😌🙏🌈💪,😌💪🌈✨,✨🌟😌😊,😔💔😞😣,😊✨🌟,😔😞😣😖,😔😞😩,😌💚🌈✨,😊✨🌈😌,😢😔💔,😊😌💚🌟🌈,😊😌✨🌈,😌💚🌈,😞😣😩😔,😌💪🌟🌈,😌💪🌈✨,😔😞😩,😌💪🌟🌈,😌💪✨🌈,🌈✨😌💪,🙏💚✨😊,😌🙏💚,😔😣😞,😊✨🌟💚,😊😌🌟,😌💪✨🌈,😔💔😢😞,😢💔😞😔,😊✨🌟💚,😊🌟💚,😌💪✨",1
s-1945,"😊💚🌈✨,😊✨🌈💚,😊✨🌟",1
s-1948,"😰🌑️🕳️,😌💪🌟💚,😊💚✨🌈,😌✨💚🌟,😊💚✨🌟,😊✨🌟,😊😌✨,💪✨🌟😊,😊✨🌈💚😌,😌💪✨,😔😞😣😩,😊😌💪🌟,😌💚🌈🙏,😊😌💪✨,😊💚🙏,😊😌💪🌟,😊✨🌟,😊😌💪🌈,💀😰️,😩😰🌑,😔💔😞😣,😌💚🙏,😊✨🙏💚,😌💪✨🌈,😊✨🌟💚,😊😌💪✨,😌💪✨🌈,😌✨💚🙏,️😰🌑🕳️,😌💪🌈✨,😊✨🌟💚,😌🙏💚✨,🙏💚🌈✨,😌💪✨,😌💪✨🌟💚,😊✨🌟💚,😌💪✨🌈,😌💪✨,💊️,😔💔😞😩,😊😌✨🌟,😌💚🙏🌈,😰🌑🕳️️,😌💚🙏🌈,😰️🌑,😌💪✨,😌💪✨,😔💔😞,😌💪🌟🌈,😌💪🌈,😊😌💪✨,😊✨🌟💚,😊💪✨🌈,😔😣😖😞,🙏✨😌,😊✨🌟,😊✨🌟,😊✨🌟,😊✨🌟🌈,😊😌✨🌈,😰💊️",1
s-1960,"😌💪✨,😔💔😞😣,😌✨🙏,💚✨🙏🌈,🚨💀🌑,💔😔😞😢,😔😞😢,😊😌💪🌈,😊💚🌈,😌💪🌟🙏,😔💔😖😞,😔😞😣😖,😊✨🌈,😊✨💪,😔😞😩,😔😞😣😩,😊😌🌟,✨💚🌟,😌💪🌈,💔😔😞😢,🌑🕳️😰️,😔💔😞😣,😔💔😞😩,😔😞😣😖,💀😰️,😌💪🌈✨,😌✨🙏💚,😔💔😞😢,✨🌟💚😌,😔😞💔,😊💚✨🌈,🌑🕳️😰️,😌💚✨🌈,😔😞😩,😌✨🙏,😔😢😞💔,😰️🚨,💪✨🌈🙏,😔😣😖😩,😔😞😣😩,️💀😰️,😔😞😣😩,💀🌑😰,😔😞😣😩💔,😌💪✨,💀️😰🌑,😌✨🌈,😔💔😣😞,😔😞😣😩,😌💚🙏🌈,😔😞😩💔,😔💔😞😢,😔💔😞😢,😢😔😞,💔😰🌑️,😔😞😣😖,😔😞💔😣,😌💚🙏✨,😌💪✨🌟,😌💪✨,😔😞😣,😔😞😣💔,😰🌑🕳️️,💀🌑😰,😌✨🌈💪,💚🙏🌈✨,😔💔😞😣😩,😔😞😣😩,😰️🌑,😰️,😊😌💪🌈,😰🌑💔,😔💔😞😣,😔😣😩,😔💔😞,😔😞😢,💀😰️,💚✨😌🙏,😔😞😣😩,💚🌈😌✨,😊✨💪,😌💪🌟💚🌈,😌😊🙏",1
s-1963,"😊😌✨🌈,💚✨😌🙏,😔💔😞😖😩,😔💔😞😩,😔💔😣😞,🌈✨😌,🌑😰️🕳️,😌✨💚🌈,🌑😔😞😰😖,✨😌💚🌟,😔😞😣😖,😌✨🌈,😔💔😞,😔💔😞😢,😌✨🌟🌈,✨🌟💪,😔💔😞,😌💪✨,😔💔😞😢,😔💔😞😣😰,😔😞😖,😔💔😞😩,😔💔😞😣,😔😞😩,🌑🕳️😰️,😔😞😣😖,😔😞😣😖,😔😞😣,😰🌑💀,😔😞😣,😔😞😣💔,😞😖💔😣,😔💔😞😢,🌑😰🕳️️,😌✨🌟😊,😔😞💔😢,😌💪✨,🩸😰️🚨,😔😞😣💔,😌✨🌈,😌💚✨🌈,🙏💚✨🌈,😌🙏💪🌈,😔😞😣,😔💔😞😢,😔😞😢😣,😔😢😞,😔😞😢😣,😊😌🌟💚,😔💔😞😣,😔💔😞,😔😞💔😣,😊✨💚🌈,😌💚🌟🙏,😔💔😞😣,😔💔😞😩,😊💪🌈✨,💔😔😞,😌💪✨,😔😞💔😣,😔😞😢😣,😔😞😩,🌈💪😌✨,🌑😰🕳️️,😔💔😞😢,😔😞😖😩,😔💔😞,️🌑😰,😌✨🌈💪,😌💪✨🌈,😔😞😣,😔😞😣😖,😌✨🌈,😊✨🌈,😌💪✨🌈,💪✨🌈😌,😔💔😞😩,😌✨🌟🌈,💔😔😞😢,😔💔😞,💔😔😞😣,✨🙏💚🌈,😔💔😞,😔😞😖,😌💚✨🌈,😔😣😖,😌🙏💚,😌💚✨,😌✨💚🌈,🌑🕳️💀️,😔😖😰🌑,✨🌟🌈😌💚,😊✨💚,😔😞😩💔,😌✨🌟,😌✨🌈💚,😔😞😩,🔪😰️",1
s-1977,"💚🙏✨😌,😌💚🌈,💪✨🌟🌈,✨🌟💚,😊🌟💚,😰😣😖😩,😔😞😣💔,✨💪🌟🙏,💪✨🌈,💚✨🌟😊💪,😊✨🌟,😔😣😞💔",1
s-1978,"😌💪🌟💚,😌💚🌈,😊🌟💪,😊😌💪,😊💚🌟,😊💚🌟,😊😌💚✨🌟,😊😌✨🌟,😌💪✨,😊😌💚✨🌈,😔😞😣,😌🌟💚🙏,🌑😰😔😞,😌✨🙏,😔😞😩,😊💚🌟,😔😞😣😢,😌💪🌈🙏,😌💪🌈✨,😌💪🌈",1
s-1979,"💊️,😊✨🌈,😔💔😞😣,😊😌✨🌈,😌✨😊💪,😌✨🌟🌈,😔😞😣😩,😊✨🌈😌,😌💪🌟🌈,💪✨💚🌈,🌑😰🚨,💪✨😌,😢😩😔,😊😌💚🌟,😊✨🌟,😔😞😖😣,😌🌟💚,😔😞😢💔,😌✨💪🌈,😊✨🌟,💪✨😌,😔😢😞,😔😞😣,😌💪✨🌟,😊😌💪🌈,😔😞😣,😊✨🌟,😊😌💪✨,😔💔😞😢,😊🌈✨💚,😌💚🌈✨,😣😖😞😔,😊🌟💚✨,💪✨😌💚🌟,😌💪🌈✨,😌✨🌈💚,✨🌟💚🌈,✨💚🌟,😌💪🌈,💪✨🌈💚,😌✨🌈💪,😌✨🌟💚,😔😢💔,😊😌✨,🌈💚✨🙏,😊😌🌟💚,😊✨🌈,😊🌟💚,😊✨🌈💚,😊😌✨🌈,😌💚✨🌈,😌✨💚,😊✨💚🌈,😰🌑️,😊✨🌟🙏,😌✨🌟💪,😊😌✨,😊😌💚🌟,😊✨🌟💚,😊✨🌟,😊😌💪✨,😌💚🌈✨💪,😌💪✨,😊😌💚✨🌈,😊✨🌈,😊✨😌,😰🌑🚨,️😰🌑💀,😌💚🌈✨,😌✨😊,😊😌🌟,😊💪✨,😔😞😣😖,😊😌💚🌈,😊😌🌈✨,😊💪✨🌈,😔😞😣,😌💪✨🌈,😊😌💚✨,😊💚✨🌈💪,😊✨🌈💪,😊✨🌟,🌑😰️,😊✨🌈,😊🌈✨,😊💪✨,😊✨💪,😔💔😞😣,✨🌟💚,😊✨🌈💪",1
s-1982,"✨🌟💪,😊✨🌟💚😌,✨🌟😌💚🌈,😊✨🌟💚,😌✨🙏🌈,😊✨🌈,😌💪🌟,😊✨🌟💚,😊✨🌈,😌💪🌈,😊✨🌟,😊✨🌟💚🌈,😊💪✨🌟,😊🙏✨💪,😌💪✨💚,😊💚✨🌟🙏,😊✨💪🌈,😌💪🌈✨,😔😢😞😣😩,💪✨🌟,😌💪🙏,😊💪✨🌟💚,😊✨🌈💚,😌🙏💚✨,😔😞😣😩,😔😣😩,😊💪✨🌟,😊💚✨🌟,😊✨🌈,😊✨🌟💚😌,😊💪✨,😊✨💚🌟,😊✨🌟💚🌈,🌈✨💚😊🌟,😊✨💚🌈😌,😊💪✨🌟,😊✨🌈,😊💚✨🙏🌈,😊💚✨🌈😌",1
s-1985,"😌💪🌈✨,😌💪✨,💪✨🌈,😊✨🌟,🙏💪🌈✨,😔😞😣😢,💪✨🙏💚,🌈💪✨,💪✨🌈,🌈💪✨,😔😞😖😣,😌💪✨🌟,🌈💪😊✨,💪✨🌈💚,😊✨💪🌈,😌💪🌈,😊💪✨🌈,💪✨🌈,😌💪🌈🙏,😌💪🌈,😩😔😞,😩😞😔,😔😞🌑😣,😌💪🌈✨,😔😞😩,😔😞😣😩,💪🌈😌🙏,💪✨😌🌈,😔😞😣,😊✨🌟,🌑💀️,🌈💪😌✨,💀😰🌑,😊✨🌈💚,💪✨🌈,💪✨🌈,🌟💚🌈✨,🌈💪✨😊,😔😩😞😣,💪✨🌈🙏,😊💪✨🌈,️😔😞,😊💪✨🌈,😔😞😩😣😖,😌💪✨🌈,🌈💪✨,🌈💪✨🙏,💪✨🌈,😌💪✨🌈,😊💪✨🌈,🌈💪🙏✨,😌💪✨,😊💪✨🌈,😌💪✨🌈,😌💪✨,💪✨🌈💚,😊💪✨,🌈💪✨🙏,🌈💪✨,😌💚🌈✨,💀😰️,😌💪🙏🌈,😌💪🌈🙏,😊✨🌟,️💀🕳️🚨,😌💪✨🌟,😊😌✨🌈,😌💪✨🌟,😊😌✨🌟💚,😊😌✨🌈,😌💚✨🌈,😊😌✨💚,😌💪✨🌈,💪✨🌈🙏,😌💪✨🌈,😔😞😣😩,😊💚✨🌈,😔😞😣,😔😢😞,😊✨🌟,😔💔😞,✨🌟😊💚,😌🙏🌈,😊✨💪,😔😣😩😖,💪✨😌🌟,😔😞😣😩,😔😞😣,😊✨🌟💪,😊😌✨🌟",1
s-1990,"😔💔😢,💀🌑🚨,😊🌟💚,😔😞💔😢,😊✨🌈💪,🌑😰️,😔💔😞😣,💪✨🌈,😌✨🙏💚,😊🌟💚,😊😌💪✨,😌✨💚,😔😖😞,😊💪🌈,💀🌑😰🕳️,😌💪✨🌈,😔💔😞😩,😔😞😣,😊✨🌟💚,😌💪🌈,😌🌈💪,💀🕳️😰🚨,😔😞😩,😔😞😩,😰️🌑,😔😞😩💔,😔😞😣😩,😔😞😩😢,😌✨🌈💚,😔💔😞😩,🌑💀😰🕳️,🌑💀️,💪🙏💚✨🌈,😌💪🌈💚,😔😞😣💔,😔😞😖😣,😰🌑️🚨,😊😌💚✨,😔💔😢😞,🌟💚😊,😔😞😢,😔😞💔,😔😞🌑💔,🌑️😰,😞😣😩,🌑💀️🚨,😊😌💚✨🙏,😔😞😣,😊😌💚✨,😔😣😖😩,😔💔🌑,😔💔😢,😔😣😩,😌💚✨,😊😌💚,💔😔😞😢,😊✨🌈",1
s-2023,"😰🌑️,😔💔😞😢,😰🌑🕳️️,️😰💀🌑,😊😌✨🌈,😔😞😩💔",1
s-2038,"😔😞😣,🙏💚😌✨,😔😞💔,😔😞😰,😊😌🌈,😔💔😞,😌💚🌟✨,😊✨💪🌟💚,😊✨🌟💚,✨🌟😊🙏,😊✨🌟💚,✨🌟😊💚,😊✨🌟🌈💚,✨🌟😊💚🌈,✨😊🌟💚,😊✨🌟💚,😊✨🌟🙏,😊✨🌟💚🌈,😊✨🌟,😊✨🌟💚,😊✨🌟💚🌈,🌟🙏✨😊,✨🌟😊💚,😊🌟💚🌈,😊✨🌟,😊✨🌟💚,😊✨🌟💚,😊✨🌟💚,😔😞💔😣,✨💪🌟,😊✨🌟💚,😌🌈🙏,😊✨🌟💚,😊💪✨,🙏😊✨,😔💔😢😞,😔😣😩,😌🙏✨,😰️🌑🚨,😔😞😣,😊😌✨🌟,😊💚✨,🌟💚😌✨,🌟✨😊💚,💪💚🌟🙏,😌💚🌈,😌🙏💪✨,😌💪✨🌈,😔😞😣,😌💪🙏💚,😌💪🌟💚🌈,😊😌💪✨🌈,😌✨💚,😌✨🙏💚,😊✨🌟💚,😊😌✨",1
s-2040,"😊😌✨,😔😞😣😩,😊🌟💚,😰🌑️,😌💪🌈✨,😊😌✨🌈,😔💔😞😣,😔😞😣,🌑🕳️😰️,😌💚🌈,😔😞😩💔,😖😩😔💔,😔😞😣😩,😔😞😣,😔😞💔😣,😰🌑️🕳️,😰🌑️,😔😞😢💔😣,😔💔😞😣,🚨️😰,😔😞😩,😔😞😩💔😢,😰🩸️🌑,😰🌑️,😌🙏💚🌈,😔😰😩🌑😞,💀🚨😰️,😰🌑️,😰🌑🕳️️,😔💔😞️,🚨😰🌑️,😊😌✨,😔😞😖😩,️😰🚨,😔💔😞😩,😔💔😢😞,😔😞😣,😔😞😣😖,😣😖😩😞,😔😞😣😢,😔😞😣,😔😞😣,😊💚🌈✨,😊😌💪🌈,🚨️😰💀,😔😢😞,😌✨🌈💚,😌💪🌟,😊🌟💚✨,💀😰🚨,😔😞😣😖,🌑😰️,😔💔😞😣😩,😞😰🌑🕳️,😔💔😞😣,😔😞💔,🌑🕳️😰️,😔💔😞😣,😌💪✨💚,😌💪🌈✨,😔😞😩😣,💀🌑🚨,😞😔😩😣💔,😔😣💔😞,😔😞😩💔,😔😞😣,😰🌑️,😔😞😣,😔😞💔😢😣,😰🌑️🕳️,💀😰🌑🚨,😌💪✨🌟,😞😩😰,😌💪🌈,😊🌈💪✨,😔😢😞,😔😞😣,😔😞💔😢,😔😞😣😩,😌✨🌈😊,😔😞😣😩,😞😖😩😔😢,😔💔😞😣,😊✨🌟💚,😌💚✨🙏,😔😞😣😩,😔😞💔😢,😔😞😣,😔😣😖,😊😌🌈,😊🌟💚🌈,😌💚✨🌈,😊✨🌈💚,😊💪✨,😌💚✨,😊✨🌟,💪✨🌈,🚨️😰🌑,😌💪🌈,😌💪🌈",1
s-2047,😊✨🌟💪🌈,1
s-2050,"😊🌈✨,😊💪🌈,😊🌟✨🙏💚,😊😌✨🌟,😌✨🌈,😌✨🌈,😌✨🌈😊,😔💔😞😣,😊😌✨🌈,😊😌✨🌟,😊😌💪✨,✨😊💪🌟,😊💪✨🙏💚,😊💚✨,😊💪✨🌟",1
s-2062,"😔💔😖😞,😔😞😣😖,😔😞😣😖,😔😞💔😢,😔😞😖😩,😔😣😞😩,😊😌✨🌈,😌💚🌈,😌🙏💚,😊💪✨🌟,😰🌑️😖,😌✨🌈💪,😌💚✨🌈,🌑😰😔😣,😊😌✨,😊✨🌈💚,😰🌑️,😔😞😣😩,😔😞😣😩,💀😰🌑️,😊✨💚🌟,😊😌💚🌈,😔😣😖🌑😰,😰🌑️,😊😌💪✨,😔😰️🌑,😌🌟💪🌈,😔😞😣😖,😔💔😞,😊💪🌈,😌🙏✨🌟,😊💚🌟✨😌,😊✨🌟,😊🌟💚🌈,😌💚🌟🙏🌈,😊😌✨🌈,😔💔😞😣,😔💔😞,😌💪🌟🌈,😔😖😣😞,😔💔😞,😖😩😔😣,😌🌈💚,😌💪🌈,😔😣😖😩,😌💪🌈🙏,😌💚🌈✨,😞😩😔😣,😌✨💚🌈,😰🌑️,😔💔️😰,😔😞😣,😌✨💚🌟,😊😌💚🌈,😔😢😞,😌💪✨🌈,😔😢💔,😰🌑️,😌💪✨,😔😢😞😣,😞😩💔😔,😔💔😞😩,😢😔💔😞😩,💊😰️🌑,😊✨🌈💚,😊✨🌟,😊😌✨💪,😔😞😣😩,💊😰🌑️,😔😞😣😖,💀🕳️😰,😊😌💚🌟,😌🌈✨💚,😔😣😖,😔😢😞,😔💔😖,😔💊️,😊😌✨🌟,💀😰️🌑,😊🌟💚😌🌈,😔😣😩,😌✨💚🌈,💀😰🌑️,😰🌑️😔😣,😢😞😩,😌🌟💪,😔😞💔😩,😔💔😞😢,😌🌟💚,😔😢💔,😌💪🌈✨,😌🌈💪✨,😔💔😞😣😩,💀😰️,😊😌✨🌈,😢😔😞,😌😊✨💚,😔💔😢😞,😊✨🌟,😊😌💚🌈",1
s-2064,😔😞😢😣,1
s-2073,"😊💚🌟,😌💪🌟,😊💚✨🌟,😊✨🌟,😊😌💪,😊😌✨🌟,😊✨🌟💚,😌💪✨🌈,😊💚🌈✨,😊💪✨,😊✨🌟💚,😊😌💪🌟,😊✨🌈💚,😊🌟💚✨😌,😌💪✨🌈,😊😌✨,😌💪🌈💚,😊✨🌟💚,💪✨🌟,😌💚🌟🙏,😊💪✨🌟,😊✨🌟💚,🌟✨🌈😌,😊✨🌈💪,😊💚✨,😌💪✨",1
s-2087,"😊✨🌟💚,💚✨😊🌟,💚🙏✨😊,😊✨🌈💚🙏,😔😞😣😖,😊😌💚🌈,😊✨💪,😌✨🌈,😊😌✨,🌑😰️,😊✨🌈,😊🌈✨,💔😔😞😢,😊😌✨🌟,😊✨🌈💪,😔😞😣,😊✨🌈,🌑😰️,😊😌✨🌈,😊🌈✨💚,😔💔😢😞,😊✨💪🌟,😊✨💪🌟,😌🌈✨,😊🌈✨,🚨🌑😰,😌💚🙏,😊😌🌈✨,😊✨🌟,😔😞😢💔,😌✨🙏💚,😊💚🌈,😊😌✨,😔😞😢,😊🌟💚,😊🌟💚,😊😌🌈,😊✨🌟,😌🌈💚,💪😊✨🌟,😌🌈💪✨,✨😌💚,😊✨🌈,😊😌💚,😊😌✨🌈,😊😌✨🌈,😊💚🌈✨,😊🌟💚,😊✨🌈💚,😊💚✨,😊💪🌟✨,😊😌✨🌈,😊😌💚✨,😊✨🌈💪,😊💪✨🌈,😌🌈✨💚,😌🌈💚✨,🙏✨😌,😊😌💚,😊✨🌟💚",1
s-2108,"😊💚🌟,😰🌑️🕳️,💪✨🌟😊,😊✨🌟💚,😊💚✨🙏,😊✨💚🌈,😌💪✨🌈,😊💪✨🌈,😊✨🌟,😊✨💪🌟,😔😞😣,😔😞😩,😔😞😣,😊✨🌟💚,😊✨💚,😊✨🌈💚,😊😌✨🌈,😊✨🌟💚,😔😞😣😖,😌💚✨🌟,😊✨🌟,😊✨🌟,💪✨🌈,😊✨💪🌈,😔😞😣😩,😊💚✨🌈,😊✨🌟💚,✨💪🌟😊,😔😞😖😩,😔😞😣💔,😌✨💪,😔😞😩💔,😊🌟💚,😔💔😞😩,😊✨🌈,😔😞😣😩,😊😌✨🌟,😢💔😖,😊😌✨🌟🙏,😊✨💚🌟💪,😊✨💚,😊😌✨🌈,💀🚨️😰,💪✨🌟,💪✨🌟💚😊,✨🌟😊💚,😊✨🌟💪,😔😞😣,😊✨🌈,😊✨🌟💚,😊💪✨,😊✨🌈💚,😊✨🌟,😊😌💚✨,😊✨🌟,😊✨🌟,😊😌✨🌈,😔💔😢,😊😌✨🌈,💪✨🙏💚,😊✨🌟💚,💪✨🌟,😊✨🌟💚,😊✨💚🌈,✨🌟😌💪,😊✨🌈😌,😊✨🌟💪,😊💪✨🌟,✨💪😊🌟,😊✨🌟💪,😊✨🌟💚🌈,💚✨🌈💪,😊✨💚,😊🌟💚✨,😊✨🌟,😊✨🌟🙏💚,😊✨🌈💚,😊🌟💚,🌈💪✨😌,😌💪✨🌈,😊✨🌟,😊✨🌈,😊✨🌟,😊😌✨🌈,😊💪🌟🙏,✨💚🌟,🌟✨😊💚,😊🌟✨💚",1
s-2109,"😊✨💪,😌💪🌈,😔😞😣😩,😔😣😖,😌💪🌟💚,😊✨🌟,😌💪✨🌟,😊✨🌟💚,😊😌✨💚,😊😌✨,😌💪🌈,😊😌💪✨🌟,😌💪🌈,😊✨🌈😌,😌😊✨,😌😊✨,😊🌟💪,💚✨🙏😊,😊✨🌟,😊✨🌈,😊💪✨🌈,😔😞😖😩,😊✨🌈💪,😊✨💪🌟,😌✨🙏💚,😊✨🌈,💪✨😌🌟,😌🙏💚✨,😌😊🌈,😌💪🌟🌈,😊😌✨,😌💪🌈,💪😌✨🌟,😔😞😩,😌💪✨,😔💔😢😞,😢😔😞,😔😞😩,😌💪🌈💚,😌💪🌈,😔😞😣😖,😌💪✨🌟,😊😌✨,😊💚✨🙏,😊😌✨🌈,😌💪✨🌟,😌✨🌈💚,😔😞😩😣,💪✨🌟,😊😌💪🌈,😔😞😣😩,😌✨🌈,😌💪🌈,😌😊🌈,😊✨🌟💚🌈,😊😌✨🌟💚,😌🌈✨💚,😌🌟💚🌈,😊✨🌈,😌💪✨💚,😔😞😣,😔😞😣,😔💔😞,😰😖😩️,😌💪🌈✨,😔😞😩,😊✨🌟💚,😊😌✨🌈,😔😢💔😣,😔💔😢😞,😢😞😔,😔💔😢,😊💪✨,😣😖😩😔,💪✨😊,😊✨🌟💚,😊😌✨,😔😣😖,😊😌✨🌈,😔😢😩💔,😊😌💚✨🌈,💪✨🌟💚,😔😣😖😩,😔😞😩,😔😞😩,😌😊🌈💪,😊✨🌈,🚨😰🌑️,😰🌑️,😩😞😣,😌💪✨🌈,💀️🌑,😞😩😔😣,💪✨😌,😊😌🌈💪,😌✨🌈,😌✨💪😊,😌💪🌈",1
s-2111,"😔😞😣😩,🌈💪🙏💚,😊💪✨,😊✨🌟,😌💪✨🌈,😊😌✨🌈,😌💪✨🌈,😣😖😩😔,😌💪✨🌈,😊😌💪✨,😌💪✨🌟,😌💪✨🌈,😌💪🌟,💪✨🌈,🙏💚😌🌟,😖😩😞,😌💪🌈,😔😞😖😩,😰️,😌💪🌈,😊✨💚,😌💚🌈✨,😔😢😞,💔😔😣,😊😌💪✨,😌💪🌟,😌💪✨,️💀🌑🕳️,😊✨🌟💚,😌💚✨,😔😞😣,😔😞😩,💔😞😔😩,😔💔😞😣,😊😌✨,🔪💀😰️,😔😞💔😣,️🚨😰🌑,😊💚✨🌈😌,😌💪✨🌟,😌🌈😊✨,😔😞😣😖,😌💪✨🙏,😌✨💚🙏,😔😞😣,😣😖😩,😔💔😞😣,😊✨🌟,😌💪✨🌈,😌💪💚🌈,😌💪✨🌈,😩😔💔,😊✨🌈,😊😌💪,😊😌💚🌟,😔😞😣,😌😊🌈✨,💪✨🌟😊,😔💔😞😩,😊😌💪,😔😣💔😖,😌💪🌈✨,😞😩💔😔,😖😩💔😞,😔💔😞😣,😊💚✨🌈,😊💪🌈,😞😩😔😣,😌💪✨,😊💪✨🌈,😌💪🌈✨,😔😞💔,😖😩💔😢,😊😌💪,😞😔😣,😌💪✨🌟,💪✨🌟,😊💪✨,😊✨💪🌈,😣😖😩😔,😔😣😖😩,😌✨🙏,😌💪🌈💚,✨💚😊🌟,😔😞🌑️,😊✨🌟😌💚,😌💪✨🌈,😔😣😩😞😖,😔😞😣😩,😌💚🌈,😊✨💪,😌💪🌈✨,😣😖😩,😣😖😔,😔😞😢💔,😔😣😩💔,😔😞😩,😔😣😩,💀😰️",1
s-2119,😔😢😞💔,1
s-2125,"😔😢😣😩,😊🙏✨💚,✨😊💪🌟,😔💔😢😖,😊✨🌈,😔😞😩,💀😰️🌑,😊😌💪🌈,😊😌✨🌟💚,😊🌈💪✨,😔😞😣,💀️😰🌑,😌💪🌈✨,😊✨🌈💚,😰🌑💀,😢😔💔😣,️🚨🌑💀,😰🌑🚨,😊💪🌈✨,😔😞😰🌑,😞😣😩😖,😰🌑🕳️😔,😊😌✨🌈💪,😌💪🌈💚,😔😣😖,😰🌑️🕳️,😊😌✨,️💀😰️,😌✨🌟,😌✨🌟💚,😊✨🙏💚,😊✨🌟,😊💪✨,😊✨🌈💚,😊✨🌟,😊✨🌈,✨💚😊🌟😌,🌑😰️🚨,😌✨💚🙏,😔😢💔😞,🌑😰😩,😞😔💔,😌💪✨🌈,😌💪✨🌈,😊😌💚,😔😞😣😖,😢😔💔😞,️🌑😔😞,😔😞💔😣,😔😞💔,😰😔😞️,😔😢😞😩,😰🌑️,😌💪🌈,💪✨🌟😊,😔😞😢,😊😌💚,😊✨💚🌟,😔😞😣,🌑😰️🕳️,😔😞😣,😔😢😞😣,😊💪✨,😊✨🌈💚,😊✨🌈,😌💪✨🌈,😊💪✨,😊😌✨🌟,🌟💚😊🌈,😊✨🌟💚,😌💪🌈💚,😊✨💪🌟,😊✨🌟💪🌈,✨🌟🙏,😌💪✨🌈,😔😞😩😣,😔😞😢,😌✨💪🌟,😊✨🌟💚,😊😌✨,😊💚🌟🙏,😔😣😩😞,😊✨🌈💪,😌💪✨,😊😌✨🌟,😊✨🌈😌,😊✨🌟💚🌈,😢😔😞😩,😔😞😩,🔪😰️,😊✨💚🌟😌,😊✨🌟💚🌈,😌💚🌟🌈,😊✨🌈,😊✨🌈,😔😞😩,😔😞😩💔,😊✨🌈",1
s-2132,"😰️🌑,😊✨🌟💚,😊😌✨🌟,😊😌💚🌈,😊🌈✨,😊💚🌈✨,😊💚😌🌟,😊😌🌈✨,😊💪🌈✨,😔😞😣😖,😊😌💚✨,😊💪✨🌟,💪😌🌈,😊✨🌈😌,😔😣😩,😊🌈✨💚,😊😌🌟,😔💔😢😞,😊✨🌈,😌💚🌈✨,😊😌✨🌈,😊✨🌈,😌💪✨🌟,🙏💪😌🌈,😊😌✨,😌✨🌈💚,😌💚🌈✨,💚🙏😌✨,😊🌈💪,😌💚🙏,😊😌🌟,😰😖😩,😊😌💚✨,😊✨🌈,😔💔😞😩,😊🌟🙏💚,😊✨🌈,😊😌💚✨🌈,😔😣😩,💔😔😞,😊💪✨,😌💪🌈✨,😔😞😢💔,😌💪✨🌈,😔😞😣😩,😌✨💚🌈,😢😔😣😩,😔💔😞😢,😌💪🌟,😊😌💪🌈,😊💚🌈✨,😔😞😩,😰🌑🕳️😞,😞😣😩,😔😞💔😢,😔💔😞😢,😌🙏💚,😌✨🌟💚,😔😞😩😣,😌🌟🌈,😌💪🌈,😔💔😞😣,😰🌑️🚨,😔💔😞,😔💔😞😢,😌💪🌈,💀🌑😰️,😊😌💚,💊💀😰🌑,😔😞😣,💉😰️🌑,😌💪🌈,😔😞😩,😌🙏✨💚,😌✨🌟🙏,😔😞😣😖,😌💪✨🙏,😌✨🌟💚",1
s-2143,"️😰🌑,🙏✨🌟😊,😊✨🌈,😊😌✨🌈,😊✨🌟,😊🌟💚,😌💪✨🙏,😌🙏✨💚,😊😌🌈✨,😊😌✨🌈,😊🌟💚,😊🌟💚,😊✨🌟💚🙏,😌💪🌈,😔😞😢😣,😔😞😣😩,😔😞😩😣,😌💪🌟,😌💪🙏,😊✨🌈💪,😊🌈💚,😊✨💚🌟😌,😌💪🌈,😊🌟💚,😊😌🌟,😊✨🌈,😊💪✨,😊😌🌈✨,😩😔😞😣,😊✨💚🌈😌,😊😌💪✨,😊✨🌟💚😌,😊😌✨,😊😌💚,😊🌟💚,😊😌💚✨,😞😩😰️,😊✨🌈💚,😌💪✨🌈,😌💪✨🌈,😊✨🌟💚,😊😌💚✨🌈,😊✨🌟,😊✨🌟,😊✨🌟,😌💪🌈,😊💚🌈✨,😊✨🌈,😊✨💚,😊✨🌟,😊✨🌈💚,🌟💚😊✨,😊✨🌟,😊🌟💚,😊😌✨,😊😌✨,😊💪🌟🌈,😔😞😣😩,✨💪🌟😊,😊✨🌟,😔😞😣,😌✨🌈💚,😊😌💚,😊😌✨,😊✨🌟💪💚,😔😞😖😩,✨🌟😊,💊😰️,😊✨🌟,🙏✨🌈💪,😊✨🌟,😊✨🌟,😔😞😣😩,😊✨🌟,😊💪✨🌟,😊✨🌟,😊✨🌟💪🌈,😊✨💪🌟,😊😌✨🌈,😊✨🌈,😊✨🌟,😊✨🌟💪🌈,😌💪🌈,😊😌✨,😊💪✨,😔😞😩,😊✨🌈,😊✨🌟💚,😊✨🌈💪,😊😌✨🌟,️😰🚨,😊😌✨💪,😊😌✨,😊😌✨🌟,😊✨🌟,😊😌💪✨,😊✨💚🌟,😊✨🌈,😌💪✨🌟",1
s-2145,"😊💚✨🌈😌,🌟✨🙏,😌✨🌈,😊😌💪✨,🌟💪🙏,😔😞😣😩,😌✨🌟💚,😊🙏💚,😔😞😢,😰🌑️🕳️,✨💪🌈,😊🌈✨💚,😊🌟💚🌈,😊✨🌟,😌✨💚🌈,😊✨🌟💚,😊😌✨🌈,😞😩😔,😔😞😩,😊✨🌟🌈,😌💪✨,💀🌑️😰,😰🌑️💔,😔😞💔,😊🌟💚🌈,😌✨🙏💚,😌✨💚🌈,💪✨😌🌈,😔😞😣😩,😰🌑️💀,😌✨🌈,😌🙏💚✨,😔😞😣😖,😔💔😞,😌✨🌟🌈,💔😔😞😣,😊😌🙏💚,😩😞🌑,😔😞😣,😰🌑🕳️,😰🌑️🕳️,😊🌈✨,😰🌑🕳️️,😔😞😣😖,😌💪✨🌈,😔😞😣,😔💔😞😣,😔💔😞😣,😌💚🌈✨,😔😞🌑️,😔😞😢😩,😔💔😞😣,😊😌✨🌈,😌💪✨,😔😞😣,😔😞😣😖,😌💪✨🌈,😌✨🌈,😌💪✨🌈,😌😊✨,😌✨🌈💚,😔😞💔,😔😞😣,😌💚✨🙏,😌💚🙏,😢😔💔😞,😢😞😩,😊✨🌟,✨🌟💚,✨🌟💚😊🌈,😌✨🌟💚,😊😌🌈💪,😢💔💚🙏,😔💔😞😢,😌💪✨,💔😞😩,😔💔😞😩,😌💪✨🌈,😔💔😞😢,😌✨🌟,😌💚🌈✨,✨💪🌈😊🌟,😊😌🌈,🙏💚💪😌✨,😔😞😩💔,😔😞😢💔😣,🌑😰️,😊✨🌈,😊✨💚🌟,😊😌✨,😌✨🌈💚,😊😌✨🌈,😔😞😣,😊✨🌟💚,💪✨🌟,😊😌💚✨🌈,😊💪✨,💚✨🙏,😌💚✨🙏,😊🌟💚🌈",1
s-2149,"😊✨🌟,😔😞💔😢,😊✨🌟🙏,😌💪✨🌈,😔💔😢,😔💔😞😢,😰🌑💀,🌑😰🕳️️,😊✨🌟,😌✨🌈💚,😊✨🌟💚,😊✨🌟,😊😌🌈,😊✨🌟💚,😊✨🌟💪,✨🌟😊💚🌈,😌✨🌈💪,😊✨🌟,😊✨🌟💪,😊🌟💚🙏",1
s-2153,"😔😞😣😩,😊✨🌟,🌟✨💚,🌑😰️🕳️,😔😣😖💔,😌✨💚🌈,😔😞😩,😔😞😩💔,😊✨🌟💚,😊🌟💚✨😌,😊✨🌟,😊😌✨🌟,😔💔😞😣,😌✨🌈,😌✨🌈💚,😔💔😞😩,😔😞😣,💚✨🌈💪,😌💪🌈,😔😞😣😩,😊😌✨🌈,😊😌✨,😊😌💪,😊✨💪🌟,😊✨🌟💚,😊😌✨🌈,😌💚✨,😊😌✨,😊😌🌟,😌✨🌈,😊💪🌈,😊✨🌟💚,😊😌✨🌟,😌💪🌈✨,🌑🕳️😰️,😊✨🌟,😊✨💚🌈,😔💔😢,😊✨🌟💚,😊✨🌟💚,😌✨🌟💚🌈,😊😌✨,😌✨🌈💪,😌💪🌟,😌✨💚,😌💪✨🌈,😊😌✨🌈,😔💔😞😢,😔😞💔,😔💔😣,😔💔😞😣,😊✨🌟🌈,😌✨💚🌈,😊✨🌟,😊✨🌟,😊💚✨🌟,😌✨🙏,😊😌💪✨,😔😢😞,🌟💪😊✨,😌🙏💚✨,💀🌑😰️,😊✨🌟,😔😞😩,😔😞😣😩,😔😞😢,😊💪✨🌟,😔😞💔,😊😌🌟,😌✨🌟💚,😊✨💚🌈,😰🌑️,😊😌✨,😔😞😣😩💔,💀️️,😊😌✨🌈,😌💪✨🌈,😊😌✨💚,😊😌🌈,😊✨🌟💚🙏,😊✨💪🌟💚,😊💚🌟🌈,😊💪🌈,😊💚✨🌟,😊😌✨🌟,😊✨🌈💪💚,😊😌✨🌈,😊✨🌟,😌💪✨🌈,💪✨🙏,😌✨🌟💚,😊😌🌟,😔😞😖😩,😊✨🌈💚,🌟✨😌,😊💪✨🌟,😌💪🌟🌈,😊✨💚🌈,😊✨🌟,😊✨🌈",1
s-2160,"💪😌✨🌈,😌💪✨,😊😌✨,😌💪✨🌈",1
s-2161,"😔💔😞😣,😰️😩😞,🙏💚😌🌈,😔😢💔😞,️😰🌑🕳️,💔😞😰,😊🙏✨🌈",1
s-2175,"💀🌑🕳️😰,😔🌑😞",1
s-2182,"😊💪✨,😊😌✨🌟,😌✨🌟💚,😊✨🌟💪,🌑🕳️😰,😊😌💚✨🌟,😊💚🌈,😊😌✨🌈,😔😞😣💔,😌💚🌈🙏,😔😞😣😩,😔😩😞😣,😊😌✨🌟💚,😔💔😞😩,😊✨🌟,😔😞💔",1
s-2184,"😰🚨️,😔💔😞😣,😊😌🌟,😔💔😢😞,😌💚🌈,😊✨🌈,😔😞😩,💔😔😞,😔💔😢,😌✨🙏,😞😩😔,😔💔😞,😌🙏💚,😌✨🌈💚,😌✨🌈💚,💔😔😞😢,😊💚✨,😌✨🌈,😔💔😞,😔💔😞,😞💔😔😣,😊🌈✨,🚨️🌑",1
s-2185,"😣😖😩,😔💔😞😣,😌🙏💚,😌✨🌈💪,😊✨💪🌈,😌💪🌟🙏,💪✨💚🌈,😔😞😣,😔💔😞😢,😔😢🙏,😔😢😞,😊💚✨,😊✨🌈,😔💔😞😢,😰️🌑,😌💪✨🌈,😌✨🙏💚🌟,😔😞😣😩,😌💪✨💚,💚🙏😌✨,🌑😰️,😌✨🙏🌈,😔💔😞😢,😰🌑️💀,😔😢😞😣,😌💪✨🌈,😊✨🌟,😔💔😢😞,🙏✨💚🌈,😩😣😔😞,💊💀,💊😰🌑️,😔💔😢,😔😞😩,💪✨🌈,😰️😣,😔💔😞😣,😔😞😣😖,😰🌑️,😰️🌑,😔😞😣😩,😰🌑️,😔😞😩,💀🌑😰,😢😞😣,😌💪🙏,😰️🚨,😌🙏💚✨,💪✨🌈🙏,😌💚🙏,😊😌✨🌈,😌🙏💚,😢😔😞😩,😔💔😞😢,😔🌑🕳️😞,😔💔😢😞,😢😔😞,😔😞😣,😔😣💔,😔💔😣😞,😔💔😞😣,😌💚✨🌈,😔😣😩,😌💪✨🌈,😔💔😞😣,😰🌑😔,😰🌑🕳️,😔😞😣,😖😩😔😣,😔💔😞😩,😔😢😣😞,😌💚✨,😌💚🙏🌈,😌💪🌈🙏,😌✨💚,😔😞😣,😔😞💔,😊😌💪,💪✨😌🌈,😊💚🌟,😊✨💪🌈,🌑😰💀🕳️,😰🌑️🚨,😔😞😣,😌💪🌈,😔😢😞😣,💔😔😞😣,😰🌑️💔😞,😔😞😣😩,😔😢💔,😌✨🙏,😔💔😢,😊💚🌈✨,😔💔😞,😢💔😞,😔💔😞,😔💔😞,😰😔😣😖,😔💔😢,😌💪✨",1
s-2187,"😔😞😢,😊😌🌈,💀😰🚨,😌💚🌟✨,😊💚✨🌟,😢😖😩,💚✨😊🙏,😔😢😞😣,💚🌈😊🙏,🙏💚😊✨,🩸😰️,😔😢💔😞,😊✨🌟🙏,😔😞😣😩,😰😢😖️,😔😣😞💔,😔💔😢😞,😰️🌑,😊💚✨,😔😞️,😰️🚨,😔😞😣😖,😔😣😖😩,😔😞😩,😖😩😞,😔😞😖,💪✨🌈,🔪🩸😰️,💀️🌑😰,😰🌑💀️,😊💚🌈✨,💀😰️,💀🌑🚨,😔😞😖😣,😌💪🌈,😔😞😢,😰🌑💀️,😔😞😩,😊😌💚✨,😊😌✨🌈,😌💪✨🌟,😌💪💚🙏,😰🌑️,😌✨🌈,😣😖😩,💀😰️🌑,😔😞😣💔,😊✨💪,😰💀️,😣😖😔,💊😰️,😞😣😖😩,😔💔😞😣,😔😢💔,😔😣😖,😔😢😞😣,😔😞😣,😌💪✨🌈,😌✨🌟💪,😊✨🌟💚,💪🙏🌈,😔😣😖😩,😊😌✨🌟,😰️🌑🕳️,😔😞😩😣,😔😞😢😣,😊😌💚,️😰🚨,💀🌑😰️,💀🌑😰️,🙏💚😌✨,😢😔💔,😰🌑️,😊✨🌟💚🌈,😰️🌑,😊💚✨,😔😞😢💔,🔪🩸😰,🌑😰️,😔😣😩,😊😌✨🙏💚,🙏💚✨😌,😔💔😢😣,🩸😰️,😰💀🌑️,😌✨💚🌈,😔💔😣😖,🌑😰️🕳️,😔😞😩,😣😖😩😔,😊😌💚✨,😔😞😢,😰🚨💀️,️😰,😔😢💔,😔💔😢,😰🌑️💀,😌💪✨🌟",1
s-2194,"😔😞😣,😊😌✨🌈,😰🌑😞😖,😔💔😞😣,😞😖💔😩,😔😣😖😢,😰🌑🕳️️,💪🙏🌈✨,💀😰,💪✨😌🌈💚,😔😞😣,😰🌑🕳️,😊😌✨🌈,😔😩🌑😞,😰️🌑,😔😞😩,😊😌✨🌈,😊✨🌈,😰💀🚨,😰🌑🕳️,😔😞😣😩,💀😰🚨,💀️🌑😰,😞😣🌑😩,😊😌💪✨🌈,😊😌✨🌈,😞😩🌑😔,😰🌑️,😔😞😢😣,😊😌✨💚,😔😞😩💔,😰🌑😖😩,😔😞😣💔,😔😞😖😩,😊✨🌟,😊😌✨🌟,😔😞😣,😊💪🌈,😊😌✨🌈,💀😰🌑,😊✨🌈,😊😌✨,😢😣😩,😊😌✨💚,😊✨🌟💚,😊✨🌈,😌💪🌈💚,😌✨💪,😊✨🌈,😔😞😣,😊✨🌟,😢😔😞,😰🌑🕳️️,😌✨🌈💚,💀🕳️🚨😰,😰🌑️🕳️,😊😌💚✨,😔😖😞😣,😢😞😩,😊😌💚🌈,😔😢😞,😊😌✨🌈,😊💚✨🌈,😌💪🌈,😊😌💪✨🌈,😞😩😔,😔😣😢💔😖,😢💔😣,😊💪🌟,😊😌💪,😊😌💪✨🌟,😔😞😣😩,😊💪✨🌟,😊💚🌈✨,😔😞😩,😊✨🌟😌,😌💪🌈,😔😞😩,😊💚🌈✨,😔😞😣,😌💪✨🌟,😌🙏✨,🙏💪✨🌈,😔😞😢😣,😔😞😣😩,😌💚🌈✨,️😰🌑🕳️,😔😞😣,😊😌✨💚🌈,😣😖😩,😔😞😣😖,🌑🕳️😰😣,😰🌑🕳️️,️😰🌑,😌💚🌈✨,😌💚✨🙏,😌💪✨🌈,😊😌✨🌈,😊😌✨🌈,😔😞😣😩",1
s-2196,"😊🌈✨💪,😊😌🌈✨,😌💪🌈,😊✨💚,😊✨🌈💚,😊🌟💚🌈,😊😌✨🌈,😊💚🌈,😌🌈💪,😊💚🌈,😊😌✨🌈,😊💪✨,😌💪🙏,😊✨🌈💚,😊💪🌈✨,😌💪✨🌟,😊✨🌈,🌈✨😊💚🌟,😌💪🌈,💪✨🌟😊,✨💪😌🌟,😊✨🌈,😊😌✨🌟,😊😌✨🌈,😊💚🌈🙏,😊💪✨💚,😊😌💪✨,😊💪✨🌟,😊😌💪✨,😔😞😩😣,😊💪✨🌈,😌✨💚,😊✨🌈💚,😌😊✨,😌🌈✨,✨🌟💚,💪✨🌈,😌💚🙏✨,😌✨🌈,😊✨🌈,😊😌✨🌈,😊✨🌟,😊✨🌟,😊🌟🙏🌈,😊😌✨,💪✨🌈😊,😊🌟💪,😊😌✨🌈,💪✨🌈😌,😊✨🌟💚,😊💚🌈✨,😊💚✨🌈,😌✨🌈💚,😌✨🌈💚,😌💪✨🙏,😌💚🌟✨,😊✨🌟🌈,😊✨🌟,😔😞😣🌑,😊🌈💚,😌💪🌟💚,😊😌🌟💚,😊✨🌟,😊🌈✨💚😌,💪✨😊,😊💪✨🌟😌,😊🌟💚,😊✨💪🌈,😌💪🌈,💪✨😊,😊😌🌈✨,😔😞😩💔😣,😊✨🌈💚,😌💚✨🌈,😊💪🌟,😌✨💪🌈,😊🙏💚,😊😌✨🌈,😌✨🙏💚,😌✨🌈💚,😊😌✨🌈,😊💪🌟🙏,🌈💚😊✨,😌💚✨🌈,😌💪🌈,😊💪🌈✨,😌💪✨🌈,😊✨💚🌟,😌💪✨",1
s-2220,"😌🙏💚✨,😔😞😣😩,😌🌈💚✨,😌💚🌈🙏,💪✨🌟,😌💪✨,😌✨💚🌈,😌💚🌈,😔😞😢💔,😔😞😣😩,😊💪✨,😔💔😞😢,😊😌💚✨,😊💚🌈✨,😌💪🌈✨,️😰🌑,😔😞😣😩,😔😞💔😣,😊🌈✨,😔😞😣💔😩,😊😌✨🌈,😊😌💪,😌💪✨🌈,😊😌💪,😌✨💚🌟,😊😌💪🌈,😔😞😣😢,🌑🕳️😰️,😔😞😢😣,😊💪✨,😔😞😣😩,😌✨🌟🌈,😌✨🌟,😔💔😞,😌💪✨🌈,😔😣😞,😔😞😩,💀🌑😰️,😊😌✨,😔💔😞😣,😌✨🌟,😌🌈✨💪,😊✨🌈,😌✨🌟💚,😔😞💔😣,😌💪🌈🙏,😔😣😞😖,😊😌💚🌈,😰🌑️,😊😌✨🌈,✨💪🌈💚,💪✨💚🌈,😌✨🌈💚,😌✨💚🌈,😊✨🌈💪,🌑🕳️😰️,😔😣😖😩,😌💪🌈,😞😔😣😩,🩸😰💀️,😊💚🙏🌈,😔💔😞😩,️😰🚨,😊😌💪✨🌟,😌✨🌈,😔😞😣😖,😩😣😖😰,😊✨🙏💚,💀🌑😰,😊😌✨🌈,😌💪🌈✨,😊🌟💚,😊😌✨🌟,😔😞😣,😌💪✨,😔😞😣😩,😊😌💪✨,😊💪🌈,😊😌💪✨,😔😞😣,😊😌✨🌈,😊💚🌈✨,😌✨💪🙏💚,😔😞😣💔,😔😞😣😩,😌✨🌈💚,😔😞😣😖,😌✨🌟💚,🌑😰️,😊🌈💪✨,😊💚🌈,😌✨🌟🌈,😔😞😣😖,😔😢😣😞,😌💪✨🌟,😌💚🙏,😔💔😞😣,😔😞🌑🕳️😣,😔😞😣💔,️🌑💀🕳️",1
s-2224,",🌑💀😰,😰😖️🌑,😔💔😞😣,😰🌑️,️😰💀,💀️,💀🕳️🚨,😔😞😢,😔😞😣,😌💪🌈✨,💔😔😞,😞😣😩😔,😌💪🌈,😔🌑🕳️️",1
s-2229,"😌💪🙏🌈,😌💪🌈✨,😌💪✨🌟,😔😖😩,😊✨🌈,😌✨🙏💚,😰️🌑,😔😞😣😩,💪✨😌🌈,😔😞💔😣,😔💔😣,😔💔😞😩,💔😢😞,😔💔😞,😢😔😞,😌💚🌈,😌💪🌟,😰🌑️,😢😔😣,😔😞😣,😔💔😞😩,😌💪✨,💪✨😌💚,😔💔😢😞,💪✨😌🌈,😞😩😔😣,😔😞😣😖,,😔😢😞😩,😌💚🌟🙏,😞😩😔,😊💪✨🌈,😌💪🌈💚,😌💪💚🌈,😔💔😞😢,😌💪🌈✨,😔😞😖,️😰🚨,😔💔😞,😔😞💔,😌💪🌈,😌💪✨🌈,😌💪✨,😔😞💔😣,😔😞😣,😰😔😣😩,😊😌💪,💪✨🌈💚,😔💔😞,😌💪✨🙏,😌💪✨🌈,😌💚🌈✨,😌💚🌈✨,😊✨🌈💚,😖😩😞,😣😖😩😔,💪😌✨🌟,😔😞😩,😰🌑🕳️️,💀😰️,💀🌑😰,😔😞😣😩,😞😣😩,️😰,😊😌✨🌟,😔💔😞,😊💪✨,😩😞🌑,😌💪✨🌈,😌💚✨🌟,😌💪✨🌈,😔😞😣,🙏💚😌✨,😔😞💔,😔😞😣,😊💪🌈,😌💪🌟🙏,😊😌✨,😊✨🌈,😊💪✨🌟💚,😔😞😖😩,😔💔😞😣,😌💪✨🌈,💀🕳️😰🚨,😌💪🌈,🚨😰💀️,😔😞😢💔,😔😣😖😩,💪✨😌🌈,😊😌💪,😌💪🙏💚,😌💪🌈,😊✨🌟🌈,🌟💪😌✨,😔😢😞,😊🌟💪✨🌈,😔😞😣,😔💔😞😩,😊😌💪✨",1
s-2231,"😌💪🌈✨,😌💚🌈,😌✨💚🌈,😊😌✨,😌💪🌈💚,😌💚🌈,😌🙏💚,😌🙏💚,😌💪🌈,🙏💚🌈,😌💪🌟,😌💪✨🌟,😌🌈💪✨,😔😣😖😩,😊😌💪🌈,😊😌🌟,🚨😰️,😌💪🌟🌈,😌💪✨🌟,😊😌🌟,😊✨😌💪,😊😌💪🌈,🙏💚😌🌈,😊😌✨🌈,😊💚🌈,😊😌✨🌟💚,😊✨💚,😊😌✨🌈,😌💪🌈✨,😌💪✨🌈,💚😌🌈✨,😔😞😣😩,😌✨💚,😊✨🌟💚,😌💪✨,😊🌟💚,🌈✨😊,😊💚🌈✨,😰🌑️,✨💚🌟,😊😌🌟💚🌈,️😰🌑,😊😌✨🌈,😊😌✨🌈,😊😌✨,😔😞😣😩,😌💪✨🌟,😊✨🌈💚,😊✨🌟,😊😌✨,😊😌✨🌈,😌🌈💪,😊🌈✨💚,😔😢💔😞,😊😌✨🌈,😣😖😩,😔😞😖😩,😊😌✨🌈,😊💪🌈✨,😊😌💪,😊✨🌈💪,😔😣💔,😊✨🌈,😌💪🌟🙏,😔😞😩,😌💚🌈,😊✨💪🌈😌,😊💪✨🙏💚,😌✨😊,💪😌✨🌈,😣😖😩,😊✨💪🌈,😊💪🌟😌,😊😌🌈✨,😔😞😩😣,😌💚🌈✨,😌💪✨🌟,😌✨🌈💪,🙏✨🌟,😊😌✨,😌💪✨,😊😌✨🌈,😊💪✨,😌✨🌈,💊️😰,😌✨🌈💚,😊😌💪,💪✨🙏😌,😔😞😣,😌💚🙏✨,😊😌✨,😊😌🌟,😊😌✨🌟,😊😌💪✨🌈,😔😞😣,😌💪🌈💚,😊😌✨🌈,😊😌✨",1
s-2233,"😊🌟💚🌈,😊🌟🙏💚",1
s-2245,"😌💚🌈,😊✨🌟💚,✨🌟💚,😊✨💚🌟,😌💪💚🙏,😌💪✨🌈,😩😰🌑😞,😊✨🌈,😔😞😣😖,💪✨🌈😌,😣😖😩😞,😌💪✨,😔😞💔😣,😔😢😞😣,😌💪🙏,😌💪🌟🙏,😊🌟💚,😣😖😩,😌💪✨,😌💚✨🌈,😊😌🌟💚,😊😌✨🌈,😔😞😩,😌💪✨,😌💪✨,😊😌✨🌟,😊😌🌈,😌💪✨🌈,😌💪🌟,😊💚🌟,😊✨💚🌈,😊💪✨🌟,✨🌟💚,😊✨💪🌈,😊💪🌈,😔😞😣,😊✨🌈💚😌,💪✨🌈💚,😌💪✨🌈,😌💪🌈🙏,😌💪🌈,😊💪✨🌈,😌💚🌈✨,✨💚😌🌈,😌💪✨,😊💪✨🌈,😌💚🌈✨,😊😌🌈✨,😔😢😞,😌✨💪🌈,😊😌✨🌈,😌💪🌟💚,😊🌈✨😌,😌💪🌈,🌈✨😌💚,😊💪✨🌟,😊✨🌟,😊✨🌈💚,😞😩🌑🕳️,😣😩😞😔,😌💪✨,💪✨🌈😌,😊😌✨🌈,😊😌✨🌈,😔😞😣😖😩,😊😌🌟💚,😊💚🌟🙏,💪✨🙏💚😌,😣😖😩😔,😌💪✨,😌💪✨🌈,😌💪✨🌟,😣😖😩😔,😌💪✨🌈,😊😌💪✨🌈,😊😌💚✨,😊💚✨😌,😊😌✨🌈,💪✨😌💚,💪✨😌🌟💚,😊😌✨💪,😌💚🌈✨,😊✨🌟,😊✨🌟,😌💪✨🌈,😊✨🌟,😌✨💪,😌💪✨🌈,😊😌✨🌈,😊😌✨🌟💚,😌💪✨🌈,🌑💀😰️,😊💪🌟,😌✨💪🌈,😊😌💪✨,😊✨💪🌈,😊😌✨🌟,😊✨🌟💚🌈,😊✨💚🌟😌",1
s-2250,"😊💪✨,💪✨😊,😔😞😩,🌈💚😊,😊✨🌟,😊💪✨,😔😞😣,😌💪✨🌈,🌟✨💚😊,😊🌟💚,😊💪✨🌈,😊😌💪🌈,😊🌟💚,😊✨🌟🙏💚,✨🌟😊🙏💚,😊😌🌟💚,😊💪🌟,😊✨💪🌈,😊✨🌟,😊✨🌟,😊✨🌟🌈,😊✨🌟,✨🌟💪🌈😊,✨🌟😊💪,✨🌟💪😊💚,😊✨🌟💪,💪✨🙏🌈,😌✨🌈,😌💪🌈,😊🌟✨,😊✨🌈,😊✨🌟💚,😊✨🌟💚,😊✨💪,😊😌✨,😊✨🌟💚,😊🌈💚,😊✨🌟💚,😊✨🌟,😌💚🌈✨,😊✨💪🌈😌",1
s-2254,"😌💪✨🌟,😔😞😣😖,😔😞😢😩,😊😌🌈,💪🙏🌈✨,😊✨🌈💚,😌💪🌈🙏,😌💚🌈,😣😖😩,😔😣😩,😌🙏🌟💚,😰🌑️,🙏💪✨,😔😞😩,😌💚🌈✨,😌😊💪🌈,😌✨🌈,😊😌✨,😔😣😖,😔😞😣",1
s-2262,"😩😔😞,😣😖😞😔,💀🌑🚨,😊😌✨🌈,💀🌑😰️,😰🌑️,😣😖😩,😖😩😞😣,😌💪✨🌈,😣😖😩😞,😰🌑️,😰🌑💀,🌑😰️💀,😔😞😣😖,😌💪✨🌈,😊😌✨🌟,💀️😰,😌💪💚🌈,😌🙏🌈,😔😞😩😢,😰🌑️,😌💪✨🌈,😌💪✨🌈,😊💪🌈,😔😞😩",1
s-2264,"😔💔😞,😌💚✨🌟,😊🌟💚🙏,😊😌💪✨🌟,😊💪🙏🌈,😌✨💚🌈",1
s-2286,"😊✨🌈😌💚,😔😣😞😖,😊😌💚✨,😌✨🌟,😊😌🌈,😔😞😩😣,😊💪🌈✨,🌈💪😌✨,😊✨🌟,✨🌟💚😊,😊🌈💪✨,😊✨💚🙏🌟,😌💚🌟🙏,😊😌💚✨🌈,😊🌟💚🙏,😌💚🌈✨,😊😌✨🌈,😊😌💚🌈,😌💚✨,😊😌💪✨,😊🌟💚,🌟🙏✨😊,🙏✨🌟💚,😊✨🌟💚,😔😞😩,😊😌✨🌈💚,😔😞😢💔,✨🌟💚😊,😊✨🌟,😊😌💚,😔😞😖🌑,😊😌✨🌈,😊😌✨🌟,,😔😞😣,😊✨🌈💪,😊💚✨,😌💪🌈,😔😞😣😩,🌟✨😌,😊😌✨🌈,😊💚🌈✨,😊💪🌈,😊✨🌟,😊✨🌈,😊😌💪✨🌟,😊✨🌟💚,😌💪🌈💚,😊💚🌈✨,😊😌💚✨,😊😌💪✨",1
s-2288,"😌✨🙏,😔✨🌈,😔💔😞😣,😔😞😣,😊😌✨,😊✨🌈,🙏✨💚😊🌈",1
s-2289,"😔💔😞😣,😌💪✨,😢😔😞😣,😰🌑️🕳️😩,😌💪✨🌈,😔😞😢,😊✨💚🌟😌,😌💚🌈,💪✨😌,😔💔😞,😔💔😞😢,😰😣😖,😊✨🌟💪,🙏💚😌✨,😔😞😣,😩😔😣,😌💪🌈,😢💔😣😩,😰😖😔🌑😣,😔😞💔😣,💀😰🌑,️😰🌑,✨💪🌟😊🌈,😊✨💪,😊✨🌟,🌟✨😊💚,😊✨🌟🙏💚,😊✨🌟💚🙏,😊✨🌟",1
s-2291,"😊😌✨,😊✨😌,😔😞💔,😔😞💔,😌💚🌟,😌💪🙏,😊✨🌈,😌🙏💚,😊😌💪✨,🙏💚✨,😊😌✨🌈,🌑😰️,😊✨🌈,😊😌✨,😊😌🌈,😌✨🌟💚,😊💚✨🌈,😌💪💚🌈,😊✨🌈,😊✨🌟💚,🌟✨😌💚,😊✨🌟,😊😌💪🌈,😊✨🌈,😊💪✨🌟💚,😊✨🌟🙏💚,😊💪✨🌈,🙏✨🌈💚,😔😞😣,️😰🌑😔,😌💪🌟,😌💪🌈✨,😊✨🌟,😊🌟💚🌈,😌✨🌈🙏,😊✨🌈💚,😊✨🌟,😊💚🌈✨,😩😣😔,😌💪🌈✨,😊😌✨🌟,✨💚🌟😊,😊🌟💚,😊✨🌟💚,😊😌✨🌟💚,😊💚✨🌟😌,🙏💚✨😊,💚✨🌟😊,💚✨🌟😊,💚✨🌟😊,😊✨🌟💚,😌✨😊💚,😊💚✨🌟,💚✨🌟😊💪,😊💚✨,😊✨🌈,😊💪✨🌟,😊💪✨🌟💚,😌💚🌈,😊✨🌈💪,💪✨🌟😌,😔💔😞😣,😔😢😞😣,😔💔😞😩,😌✨💪,💚🙏✨,😊😌💪,💔😔😞😣,😊✨🌟💪,😌💪✨🌈,😔😞😢,😊😌💪🌈,😊✨🌟💚,😊✨🌟,💚✨😌,😊💪✨🌟,✨🌟😊,😊✨🌟,😊✨🌟,✨🌟💚😊,🌟✨😊🌈,😊✨🌟💚,😊✨🌟💚,✨🌟😊,😊✨🌟💚,😊✨🌟💚🌈,😔😞😣😩,😊😌✨,😊✨🌟💚,😔💔😞😢,😔💔😞😩,😊✨🌟💚🌈,😌🙏💚,😊💚🌟💪,😊✨🌟,😌💪✨🌈,😊✨🌟,😊😌✨",1
s-2300,"😊✨🌈,😌💚🌟🙏,✨🌟💪💚,😌💪🌟💚,✨🌟💚,🌈💚✨,😊✨🌟💚,😔💔😢,😊💪🌟,😊✨🌈,😊😌✨🌟,😊🙏💚✨,😊✨🌟,😊✨🌟💚,😊✨🌟💚,🌟💚🙏✨,😊💪✨🌟,😊✨🌟,😌💪✨🌈,😌💪✨🌈,😌💪✨🌈,💚✨🌈,😊💚🙏,😊😌🌈,✨🌟💚,💀😰️🌑,😊💚✨🌟,💪✨🌟💚,✨🌟💚,😔😢💔😩,😰️🌑,💪✨🌟😊,😊😌✨🌟,✨💪😌,😊💪✨,😊✨🌈💚,😊✨🌟💚,😌💪✨,😊✨🌟,😊💪🌟,💚✨💪🌟,😔😞💔😣,😊🙏✨💚,🙏💪✨😌🌟,😊💪✨,😊💪🌟,😊💚✨🌈,😔😣😩,😌💪🌈,😊💚✨🌈🙏,😌💪🌈,😊💚🌈✨,😌💪✨🌟,😔💔😣,😊✨🌟💚,😊😌✨🌟,😌💚🌈✨,😊💪✨🌟,😊🌟💚🙏,😌💪✨🌟,💚✨🌈😊,😊💪🌟,😊✨🌟💚🌈,😊✨🌟💚,✨💪🌟,😊💪🌈,😊✨💚,💚🌟😊,😊💪✨🌟,😊💚✨🌟,😊💚✨,😊✨🌟,😢😣😩,😰️🚨,✨💚🌟💪,😊💚✨🌟,✨😌💪,💚✨🙏,😊💪✨🌟,💪🙏🌟,😊😌✨🌟💚,😊😌✨🌈,💪✨🌟,💀😰🌑️,💪😌✨🌟,✨🌈💚,😊😌💪🌈,😊💪✨🌟💚,😊✨💪🌈,💚✨😊🌟💪,😊🌟💚✨,😊✨🌟💪,💚✨🌟,😊✨🙏,🌟💚😊✨,💪✨😊,💚✨🌟😌💪,💪✨🌟💚,😊💚🌟🙏",1
s-2309,"😊💚🌈✨,😌💪✨🌈,😌✨💚🌈,😊😌💪✨,😊😌✨💪,😊✨🌟,😊✨🌟💪🌈",1
s-2318,"😔💔😞😣,💀🕳️🌑😰️,😔😞😢,😔💔😞😩,😔💔😞,😰️💀🚨,😔😞😣😩",1
s-2326,"🌑🕳️😰,💀🌑️,😰🌑🕳️️,😊😌💪✨,😊💚🌈✨,💊😰️🌑,🙏💚😌,😌💪✨🌈,😊😌💚🌈,😌💚✨🌈,😊😌💪✨🌈,😊✨🌈💚,😌✨🌈,😊😌💚✨,😊😌✨🌈,😊😌💚🌈✨,😞😣😩😔,😊🌟💚,😊✨💚🌟,😊😌💚,😊😌💚🌟,😊😌✨🌈,😔😞😩,😊💪🌟🌈,😊😌✨🌈,😊😌💪,😊💚🌈,😌💪✨🌈,😌💪✨🌈,😊😌💪,💪✨🌟,😊💚✨🙏,😊😌✨,😊🌈💪,😊💪✨,😊😌💚✨,😔😞💔,😊😌💪🌟,😊💚🌈✨,😊😌💪,✨🌟😊😌,😊😌💪✨,😊😌💪🌈,😊💪🌟,😌💪🌈,😊😌🌟,🌈✨💪,😌💚✨🌈,😌💪✨🌈,😊😌💪✨,😔😞️🌑,😊😌✨🌟,😊✨🌈💚,😌🙏✨,😊😌✨🌈,😊😌✨,🚨️😰🌑,😊😌✨🌈,😰️🌑,😊✨🌈,😌💪✨🌈,😔😞😣😩,🩸🔪🚨😰💀,😌💪🌈,💀️😰,😊😌✨🌈,😊💪✨,😰😔️,😊💪✨🌟,😔😞😣😩,😔😞😣😖,😔😞😩😣,😊😌✨🌈,😌💪🌟💚,😔💔😞😩,😔😞😩😣,😊😌💚",1
s-2337,"😌💪✨,😰🌑️",1
s-2341,"😔😞😢,😔😞😩😣😖,💀😰🚨🌑,😌💪✨,😊✨💪,😌💪✨,😔😣😢,😌💪💚,😔😞😩,😊💪✨🌈,😊✨🌟💚,😊✨💪,😊😌✨💚,😔😖😩,😣😖😩",1
s-2344,"😰🌑🕳️️,💔😔😞😩,😌✨🌈,😰🌑😔😞,😰🕳️️,😊✨🌟💚🌈,😔😞💔,😔😞😣😖,😰🌑🕳️️,😊✨🌟💚,😌💪🙏,💪✨🌈,😌💪🌈✨,😔😞😣😩,😊✨💪🌟💚,😌✨🌈💚,😔😞😩😖,💀🚨🕳️,😰🌑🕳️️,😰🌑😩😞,😌✨🌈💪,😊💪✨🌟,😔😣😰🌑😖,😊✨🌈,😊🙏✨💚,😌💪🌈✨,😰🌑️,💀🌑😰,😊😌🌈,😊😌✨🌈,🌟💪✨,😌💪✨🌟,😌🌈💚✨,😔😞😣,😊✨🌟💚,😣😖😩,✨🌟😊💪,😊✨💚🌟,😔😞😩,😔😢😞😣😩,😊✨🌈,😊✨🌟💪,✨🌟😊💚🌈,😊😌✨🌟💚,😊✨🌟💚,😔😣😩,😔💔😞😢,😌💪✨,😌💪✨🌟,😌💪🌈✨,😊✨🌈💚,😌💪✨,😌💪🌟🌈,😌💪✨🌟,😊😌💪🌈,😌✨🌟💚",1
s-2352,"😌💪✨🌈,😊😌✨🌟,😊✨🌟💚,😌💪✨,💚🌟😊,😌💪🌈",1
s-2358,"😊😌✨💚,🙏💚🌈,💪✨🌟💚,💪✨🌟💚,💪✨🌟😊,😊💪✨🌟,😔😞😩,😊✨🌈,😌💪🌈🙏💚,😔😢😞,😌💚🌟,😔😞💔,😌💪🌈✨,😌💪🌈,😊✨🌈,✨🌟💚,😊✨🌟,😊🌟🌈,😊✨🌈💚,😔😞😣😩,😌✨🌟💚,😌💪🌟🙏,😔😣😞,😔😞😢😩,😔😞😩,😢😞😔,😌🙏💪✨,😔😞😣,😌💪🌟🌈,😌💪✨🌈,😊😌✨🌈,😌🌟💚🌈,,😊😌💚🌟,😔💔😞😣,✨🌟💚😊😌,😊✨🌟,😊✨💚,😊💪✨,😔😞😣😩,😊✨🌟,😌💚🌈✨,😊🌟💚🌈,✨💪🌟,💪✨🌟,✨🌟💪🌈,😔😞😢😣,😊✨🌟💪,😊✨🌟🙏,😊🌟✨🌈,✨🌟😊🙏💚,🌟✨😊🌈💚,😊✨🌈,✨🌟😊🙏,😊✨🙏💚,😊✨🌟💪,😊✨🌟,😊✨🌟💚🙏,😌💪✨,😊✨🌈💚,😊💪✨🌟,😔😞😩,😌💪🌈💚,😊🌟💚🌈,😊😌🌟🌈,😞😣😔,😊😌💪🌈,😔😞😣,😊😌💪✨🌟,😊😌🌟💪🌈,😊😌✨💪,😊💚🌈✨,😔😞😣,😌🌈💪✨,😊💪✨🌈,😌🙏💚✨,😊✨🌟💪,😊✨🌟,😔😞😣,✨🌟😊💚,😊😌✨🌈,😊😌✨🌟,💚✨😊🌟,😊😌✨🌈,😊✨🌟,😊✨🌟🙏,😌🙏💚,😌💚🌟✨,😊😌💚🌟,😊🌟💚,😊😌✨🌈,😊😌✨,😊😌✨🌈,😊✨🌟🙏💚,😊😌✨💚,😊😌💪,💚✨🌈,😊💪🌟🙏,😊😌💚🌈",1
s-2360,"😊✨🌟🙏,😊✨🌈💪,😌✨🌟💚,😊😌✨🌟,😊🙏✨💚,😊🌈✨",1
s-2376,"️🚨😰,😊💪✨,😊✨🌟💚,😊💚✨🙏,✨🌟😊🌈,😔😞😩,😊💪✨,😊😌✨,😊💚🌟💪,😊🌟💚🌈,😊😌💚🌟🙏,😊✨💪🌈,✨🌈😊💪,😊💚🌈,😊😌✨🌈,😔😣😩,😊💪✨,😊😌💚,😊✨💚🌈,😌💚🌈,😊🌈✨,😊💚✨🌟,😊✨🙏🌈,😊✨🌈💚😌,😌✨🌈🙏,😊✨🌈,😊✨🌟,✨🌟😊💚,😊✨🌟💚,😌💪✨🌟,😊😌✨🌈,😢😔😞😩,🙏✨🌟😊,😊💪🌟,😊✨🌟🌈💚,😊😌💪✨,😊✨🌟💪,✨😊💪🌟🌈,😌💪✨,😌✨🌈,😊✨🌟,😊✨💪🌟💚,😊🌈✨💪,😊😌💪🌟,💊😰️,😢😔😣😞,😌💚🌟🙏,😌✨💚🙏,😊✨💪,😌💪🌟🙏,💪✨🌟,😊💪🌟,💀😰️🚨,😢😣😞,😊😌💪,😊😌💚🌟,😔💔😢,😔😞💔,😌✨💚🌈,😊✨🌟💪,😊😌✨🌈,😌🌈💪✨,😌💪✨,😌✨🙏💚,😊🙏✨💚,️🚨😰🌑,😊✨🌈,😊😌🌟,😢😔😞💔,😌🌈✨,😌💪✨,💪🙏💚🌈,😊💚✨🌈,😊🌟💚,😊✨🌟💚😌,😖😩😞😣,😊😌🌈,😊😌✨🌈,😊✨🌈💪,😊😌💪,😊😌💪🌈,😊✨🌟💪,😢😞😔😣,😌💪🌟,😌💪🌈,😊💪✨,😌💪🌈✨,😊😌✨,😊✨💪🌟,😌✨🌈💪,😊🌟🙏💚,😊✨🌈💚,😊✨🌟💪😌,😔😞😣😖,😊😌✨🌈,😊✨🌟,😰🌑️,😢😔😞💔,😊✨🌈,😊✨🌈",1
s-2377,"🙏💪✨💚,😊✨🌟💚,😌💪🌟,😊✨💚🌟🌈,✨🌟😊💚,😊💚🌟🙏,😊✨🌟💚,😊✨🌟💚,😊🙏💚,😊😌✨🌟,😊✨🌟💚🙏,🌟✨😊,😊✨🌟💪,🌟✨🙏😊,😊✨🌟💚,😌✨🌟💚,🌟✨😊,✨🌟💪,😊✨🌟💚🌈,✨🌟💚,😊✨🌟,✨🌟😊💚,😊🌟✨💚,😊✨🌟💚,😊✨🌟,😊😌✨🌟,✨🌟😊🙏,😊✨🌟💚,✨🌟💚😊💪,✨🌟💚😊,😊✨🌟💚,✨🌟💚😊,😊✨🌟,😊✨🌈,😊✨🌟💚,😊🌟💚,😊✨🌈💚,😊✨🌟💚,😊✨🌟,😊✨🌟,😊✨🌟💪,😊✨🌟,😊✨🌟💚,😊✨🌟,😊✨🌈💚,😊✨🌟💚🌈,😊✨🌟💪",1
s-2390,"😊😌✨,😔💔😞,😔💔😞😣,😊🌟💪,😊🌟✨💚,😊💚🌟,😊💪✨,😊✨🌟,🌑😰️,😊😌💚,😌💪✨🌈,😊😌💚🌈,😌💪🌈,😊😌🌟💚,😊💪🌈✨,😖😣😞😔,😰🌑🕳️️,😌💪🌈,😔💔😢,😰🌑️🕳️,😊✨🌟,😌💚🌈,😢😣🌑,😊😌✨🌈,😊😌✨🌟,😔💔😞😩,😊😌💚,😌💪✨🌈,😌💪✨🌈,😊💪✨,😊✨🌟🙏,😊✨🌈,😊😌✨🌟,😊💪✨,😊✨🌈,😌💪✨💚,😊😌💪🌈,😊✨🌈,😌✨🌟,😊✨💚🌟😌,😊✨🌟💚,🌑🕳️😰️,😊🌟💚✨,😌💚🌈,😔😞😩,💔😔😞,😊✨🌟,💚✨🙏😊,😊✨🌈💚,😔😣😖😩,💪✨🌟🌈,😊😌✨🌈,😊😌✨,😌✨😊🌟,😊😌✨🌈,✨🌟😊💪,😊😌✨🌟,😊✨🌟,😊😌🌈✨,😔😞💔😩😢,😊✨🌟,😊✨🌈,😔💔😞😢,😊😌💪✨,😊😌✨,😊😌✨🌈,😌✨💪🌈,😌✨🌟,😊😌💚,😊✨🌟,😊😌✨🌟,🌈💪✨😌💚,💀️🚨,😔😞😣😢,😰🌑️,😌🙏💚🌈,😌✨🌟,😊✨🌟💚,😊😌💪✨,😌💪🌈,😊✨🌟💪💚,✨🌟💪,✨🌟💪🌈😊,😊💚🌈✨🌟,✨🌟💪😊🌈,✨🌟😊💪,😊✨🌟💪🌈,😌💪🌈,🚨️😰,😌✨🌟,😊😌✨,😔😢😖,😢😔💔😩,😌💪🌈,😌💪🌈💚,😊😌💪🌈,😊✨🌟💚,😌💚🌈💪,😔💔😞,😔😞😢😣",1
s-2395,"😊😌✨🌈,✨🌟😊💚,😊✨💚🌈,✨💚🌈😊,😊✨🌟💚,😊✨🌟💚,😊😌✨💚,😊✨🌟,😊💪✨🌈,🌈💪✨,✨💚😊🌈,😊✨💚🌈,✨🌟😊,💚✨😊🌈,😊✨🌟,😊😌✨💚,😊✨💚🌈,😊💚🌟💪,😊✨💚🌟,😔😢💔😞,😊💚✨🌈,✨💚🌈,😊✨💚,😊💚✨,😊✨🌟,😊✨🌟💚,😊✨💚🌟,😊✨💚🌈,😊✨🌟💪,😊✨💚,💚✨😊🌈,😊✨💪🌟💚,😊💚✨🌟💪,😊😌✨🌟,😊💪✨🌈,😊💚✨🌟,😊😌✨🌈,😊✨🌟,😊💚✨🌈,😊✨💚🌟,😊✨🌟,😊✨💚,✨💚🌈😊,✨💚🌈,😊✨💚,✨💚🌟🌈,😊😌💚✨🌟,😌💪🌟💚,😊✨💚🌈,😔💔😞😣,😔😞😢😣,😔😞😣😩,😊✨🌟🌈,💚✨😊🌟,💚✨😊,✨🌈💚,😊💚✨,💪✨🌟😊,😊✨🙏💚,😊✨💚🌟,🌟✨😊💚,💚✨🌈,😊✨🌟💚,💪✨😌,🌟🙏💚,😌✨🌟,💚✨🌈,✨🌟😌🌈💚,💪✨🌈💚,😌✨💪,💪✨🌈😊,😊✨🌟💚,😰🌑️,😊✨🌟,😊🌈💪,😌✨🌟💚,😌💪✨,😊✨🌟,😊✨🌟💚,😊✨🌟,😊✨🌟💪,😊✨💚🌈,😊😌💪,😊💪✨,😊💪✨,😊😌✨🌈,😊✨🌟,✨🌟😊💚,😊✨💚🌟,🌈✨😊💚,😊✨💚,✨🌟💚😊,😊😌✨🌈,😊✨💚🌟,🌟💚✨😊",1
s-2401,"😞😩😔😣,😔💔😞😢,😔😞😣😩,🌑🕳️😰️,😌✨🙏,😔💔😞😣😩,🌑😰️🚨,😰🌑💀️,😔😞😢😖,😔😢😞😣😩,😰😔🌑😞,😔😞😣,🌑🕳️😰️",1
s-2404,"😊✨🌟💚,😊✨🌟💪,🌟💚🌈,😔😞😣😖,😌✨🙏🌈,💪✨🙏💚,😔😞😩💔,😔😣😖😩,😞😣😩,😔😞😩,😌✨💪🌈",1
s-2418,"😌💪✨🌟,😊✨🌈,😔😞😢😩,😣😖😩,😊✨🌟💚,😌✨🌈😊,😌💪🙏🌈,💪😊✨🌈,😊✨🌈💪,😊✨🌟,😊😌✨🌟,😊😌💪✨,😌💪🌟,😌✨🌟🌈💚,😊✨🌈,😊💚🌈,😖😩😞😔,️😰🌑🕳️,😔😞😢,😌💪✨🌈,😊💚🌈✨,😊😌💪🌈,😊😌✨🌈,😊💚✨🌈,😔💔😞😣😖,😌💚🌈✨,😌💪🌈✨,💪✨🌈😊,✨💪😌,😰🌑💀️,😌💪✨🌈,😊✨🌟,😌🙏✨💚,😔😞😣,😊✨💚🌈😌,😌💪✨🌟💚,😌💪✨,😌✨🌈💚,😌💪✨🌈,😊😌💪✨,😊😌💪🌈,😊✨🌟,😔😖💔😩,😊😌🙏,😣😖😩💔😔,😌💪✨🌟,😌🙏💚,😊💪✨,😊😌💪✨,😊✨🌟💚🌈,😊💪✨,💪🙏💚🌈✨,😊😌💚✨,😊😌✨🌈,😌✨🌈,💪✨😌🌟😊,😊💚🌈✨,😊😌✨,😊😌✨🌟,😊✨🌈,😔😞😩,😊😌💪🌈,😌💪🌟🌈,😊💚✨,😊😌✨🌈,😊😌✨🌟,😌💚🌈,😌💪🌈,😊😌🌟💚,😊💪🌈,😊✨🌟🌈,🌈✨😌💚,😌💪🌟,😊😌✨💚,😊🌈✨,😌💪🌈,️💀😰,😌💪🌈,😊✨🌟💚,😔😞😩,😊✨🌈,😊🌈✨💚,😊😌💪✨,😔😞😩😣,😌💪🌈💚,😊😌✨🌈💚",1
s-2420,"😊😌✨🌈,😔😞💔,💪✨😌,😊✨🙏💪,😊😌✨🌟💚,😌💪🌈,💪✨🙏🌈,😌✨🌟,😣😖😩,😊🌟💚✨,😌✨🌟💪,😊💚🌈✨,😌💪🌈,😌💪✨🌈,😌💪🌟🌈,😊✨🌟🙏,😔💔😢,😌💪✨,😊💪✨🌈,😢😞😣,😊✨🌈💚,😌💪✨🌟",1
s-2423,"😔😞💔,😔😞😩,😔😞💔😣😩,😌💪🌈,😔💔😞😣,😊😌💚🌈,💊😰️,😔😞😣😩,😊😌✨💚,😔💔😞😣,😔😞😣😖,😔😞💔😢,😔😞😣,😔😞😣😩,😔💔😩😞,😔😞😖,😔😞😢,😌✨🌈💪,😔😞😣,😊✨🌟,😌✨💚🌈,😔😣😖😩,💊😰️,💊️😰,😣😖😩,😌💪🙏,😔💔🌑😰,😰🩸😔😞,😔😞😣,😌💪🌈🙏,😔😞😢,😔😞😢😩,😌💪✨🌈,😊😌🌈,😔😞😩😣,😔😞😢😣,😊😌💪✨,😌😊🌈,😌💚✨,😌💪✨🌟,😌💪🌈,😔😞😣😖,😔😣😖,💔😢😞😔,💪✨🌈😊,😣😖😩😞,😌💪✨,😔😞😢😣,😔💔😞😣,😌💪✨,😌✨🌈,😊✨🌈",1
s-2426,"😊😌✨🌈,😊😌✨🌈,😊😌✨🌈,😔😣😩,😊😌✨💪,😊😌✨🌟,😊✨🌟,😔😞😣,😌✨💚🌈😊",1
s-2431,"😔💔😞,😔😞😣,😌🙏✨,😌💪🙏🌈,😔😞😣,😊✨🌟🌈,😌💚🙏,😊😌💪✨,😰🌑️😩,😌💪✨🌟,😊💪✨🌟,😔😞😣😩,🙏✨😌💚,😌✨🌈🙏,🌟💪💚🙏,🙏✨🌈,😌💪🌟🙏,😰😣😩️,🩸🔪😰️,😰😣️,😔😞💔,😔😞😩,😊✨🌈,😌💪✨🌈,😊🌟💪,😊✨🌟💚,😌✨🙏💚,😌✨🙏🌈💚,😊✨🌟,😔😞😔,😔💔️,😌🙏✨,😊✨💪🌈,😊😌✨🌈,😊😌🌟,😊✨🌈,😊😌🌈,😔😞💔,😔😞😖😩,😊😌🌈,😊😌✨🌈💚,🌟💚😊✨,😊😌✨🌟💚,😊✨🌟💚🌈,😌🌈💚,😊😌✨🌈,😊✨💚🌈,😊✨💚🌈,😔😞😣,😌✨🌈,😊🌟💚,😊😌✨🌈,😢😔💔😞,😌💚🌈,😊✨🌟💚,💔😞😔😣,😊✨🌟,💔😔😞,😊😌💚✨🌈,😔💔😰️,😞😩😔,😊✨🌟",1
s-2450,"😌💚✨,😊😌💪🌈,🌈✨😊💪💚,😌💪🌈✨,😊😌✨🌟,😊😌💪,😊💚🌟,😔😞😩💔😣,😌🙏✨,🌟💚😌✨,😊✨💪🌈,😊😌✨,😊✨🌈,😌🌟✨🙏,😊✨🌟💚,😔😞💔,😔💔😞😣",1
s-2454,"😊🌟💚,😣😖😩😞,😊🌈💪🙏,😊😌🌈,😌✨🙏💚,😔😞😩,😣😖😩😔,😞💔😩😔,💊💀🚨️,😔😞😣😩,🌈✨😌,😌💪✨🌈,😊😌✨🌈,😊✨💚🌈,😊😌💪✨🌟,😊😌💚,😌💪🌈,😊💪✨🌟💚,😊✨🌟💪,😊✨💪🌈,😊✨💚🌟,😊😌✨🌈,😊💪✨🌟,😊✨🌟💚🌈,😊😌💪,😊🌟💚,😊✨🌟,😊✨🌟💚,😊😌✨🌟,😊😌💪,😊✨🌟💚,😊✨🌟💚,😊✨🌟💪,😊✨💪,😊✨🌟💪,😊😌💚,✨😊🌟🙏,✨🌟🙏💚,😊😌✨🌟,😊😌✨🌟,😊😌✨🌈,😌💪🌈,😌🌟💚,😊😌🌟,😊✨🌟,😊✨🌟,😊✨🌟,😊🌟💚,😊✨🌟,😊✨🌟💪🌈,😊✨🌈,😊✨🌟💚,😊😌✨🌈,😊✨🌟,😊✨🌟💚,😊🌟💚🙏,😊✨🌟💚,😊💚🌈✨,🌈✨🙏,😊✨🌟💚,😊✨🌟💚,😌✨💚🌈,😊✨💚,😊✨🌟💪,😊💚🌈✨,😊✨💪,😊😌✨🌟💚,😊💚🌈✨,😊✨🌟💚,😊✨🌟💚,😊✨🌟💚,😊✨💚😌,😊✨🌟💚,😊✨🌟💚,😊✨💚🌈,😊✨💪🌈💚,😊✨💚😌🌈,😊😌✨🌟,😊✨🌟💪,😊✨🌟,😊✨🌟,😊✨🌟,😊✨🌟,😊✨🌟,😊✨🌟💚😌,😊✨🌈,✨🌟💚😊😌,😊🙏✨,😊✨🌟💪,😊✨🌟,😊✨🌟,😊✨🌟💚,😊✨🌟,😊✨🌟,😊💚✨🌟,😊✨🌟,😊😌✨🌟,😊✨🌟💪🌈,😊✨🌟💚,😊😌✨🌟",1
s-2461,"😊💪✨🌟,😔😞😩💔,😌💚🙏,😔😣😖😩,😊🌟💚,🌈💪✨😌",1
s-2486,"😖😩😞,😊✨🌟🌈,💪🌈😌✨,😌💪🌟,😣😖😩😔😞,🙏💚😌✨,😌💪✨🌈,😔💔😞😣,💔😞😔,💪✨🌈,😣😖😩,😊😌✨🌈,😣😖😩😞,😌💪🌈,😊💪🌟,😊😌✨💪,😊💪🌈,😊✨🌈,😊💪✨,😊💪✨,😌💪✨🌟,😌✨🌈,😊✨🌈,😔😞😩😣,😊🌟💚,😔😣😖😩,😊🌟💚,😌✨🌈,😔😞😩,😌💪✨🌟,😊😌💪,😌✨💚🌟,😌💪🌈,😊🌟💚😌,🌟💚🌈,😊😌✨,😌✨💚🌟,😌✨💚🌈,😊😌💚,😔😞😣,😌😊✨,😌✨🌈,😔😣😩💔,😔😞😩,😌💪✨,😌✨🌈,😌✨🌈💚,😊✨🌟💚😌,😌✨🌈💚,😊😌✨,😊😌✨🌈,😊🌟💚🙏,😌✨🌈💚,😌💪🌈,😌✨🌟🌈,😌💪🙏,😔😣😩😞,😌💪🌈✨,😌✨🌈,😊✨🌟,😌✨🌈💚,😌✨🌈💚,😊😌✨,😌😊💪,😊🌈✨💚,😊😌✨🌈,😊✨🌈,😊✨🌟💚,😊💪🌟,😊😌💪✨,😊😌✨🌈,😊😌✨💚🌈,😔😞😣😩,😔😞😣,😊✨💪🌟😌,😔😞😩,🌟💪😊🌈💚,😌🌟💚,😌💪✨,😊😌✨🌈,😊💚🌈✨,✨🌟😌💚",1
s-2496,"😌✨🌈💚,😊😌✨💪,😌💪✨🌈,😊😌✨🌈,😌💪✨🌟,😌💪✨🌈,😢😔💔😞,😊😌💚,😌🌟💚🌈,😌💪🌈,😊✨🌈,😌✨💚🌟,😊✨🌈💚,😔😞😣,😊✨🌈,😌✨💪🌈,💊😰,😔😞😣😖,😌✨🌈,😔😞😩,😊😌💪🌟,😌💪✨,😌✨🌈,😌💪🌟,😌🙏💚,😔😞😢,️😰,😊😌✨🌈,😌🌈💚,😔💔😢,😌🌈💚✨,😌🌈💚✨,😔😣😞,😌🌈💚🙏,😌💚🌈✨,😊💚✨🌈,😊🌈✨,😊✨🌟,😊✨🌟💚,😊😌💚,😌✨🌈,😊💚🌈✨,😔😣😩,😌💪✨🌟,😔😞💔😣,✨💚😊🌟,😌✨🌟🌈,😌🌈💚✨,😔💔😖😩,😊✨🌈,💪🙏🌈,😊😌💪🌈,😌💚✨🙏,😌💚🌈🙏,😊✨🌈💪,😌💚🌈✨,😊😌💚,😊😌💪,😌💪🌈,😔😞😣,😌🌈💚,😌💪🌈,😊😌💚🌈,😌💪✨🌈,😌💚🌈✨,😊😌✨🌈💚,😔😞😣😖,😊😌💪,😊✨🌟,😌✨💪🌈,😊😌✨🌈,😌💪✨🌈,😌💪🌈✨,😌💪✨🌈,😌✨🌈💚,😌✨💚🌈,😌💪✨,😌💪✨🌈,😌🌈💚✨,😔💔😞😣,😊😌💪🌈,😊😌💚,😞😣😖😩,😊😌💪🌟,💀️🚨,😔😞😩,😊😌💪✨,🌈✨😊💚,😊😌✨💚,😊🌈💚✨,😊😌💪,😊😌💚🌟,😊😌💪,😊😌💚✨,😌✨🌈💚😊,😊💚✨,😊😌🙏,😰🌑️,😔😞😣😰,😊💪✨",1
s-2504,"😌🌟💚,😌💚🌟,😊😌🌈,😰🌑😣😩,😔😞😣,😔😞😣,😊😌💪✨,😌💪✨,💀🌑😰,😔😞😣😩,😔😞😢😣,😰🌑😞😣😔,😰🌑️,😰😔,😊💚✨🌟,😔😞💔,😔💔😣😞😩,💀🌑️🕳️,😰🌑🕳️,😔😞😢,😰🌑️,😔😞😣💔,🌑😔😰,😢😞😖,😔😢💔,💀😰🌑️,😊😌🌈💪,💀😰️🌑,😢😞😔💔,😊💪✨🌈,😞😣😩😔,💀😰️🚨,😞😩😔😣,😔😞😰,😔😞😢😣,😔💔😞😢,😔😞😣😖,😔💔😞😣,😌💪✨🌟,😩😰🚨,😔😞😢😣,😔😰😣😖,😔😩😞😣,💀🚨😰️,😌✨🌈💚,😊✨🌈💪,🌑😰🕳️️,😔💔😞😣,😔😞😣😢💔,😔💔😞😣,😔💔😞,😰😣️,😊😌💚,💪😌✨🌈,😖😩😞,😊💪🌈,😔😞😩💔,😔💔😞😩,😰🌑🕳️️,😔😖😩💔😞,😔😞😩😣,😌💪🌟,😔😞😖😩💔,💀😰🌑️,😔😞🌑😩,😌🌟💚,😔😞😣😩,😊🌈✨,😌💪✨🌟",1
s-2520,"💚🌈✨😊,😰🌑🕳️,✨💚🌟😊,💚🌈✨😊,😊💚🌟✨,😊✨🌟💚,😊🌟💚🌈,😊✨💪🌈,😊💪🌟🌈,😊✨🌟💚🙏,💚✨🌟😊,😊🌟💚✨,💚✨🙏💪",1
s-2532,"😊💪✨🌟,😌✨🙏💚,😌💪✨🌈,😰🌑🕳️️,😞😩😔💔,✨🌟💚🌈,😊💚🌟✨,😊✨🌟,😊💚✨🌈,😌💪🌈✨,🌟🙏😌,😊💚🌈,😊✨🌟💚🌈,😊😌✨🌈,😊😌✨🌟💚,😊✨🌟💚,😊😌✨🌈,😊😌✨🌟,😊✨🌟💚,😊✨🌟💚,😊✨🌈💚,😌😊💪✨,😌✨💚🌈,😊😌✨🌈,😌✨🌟,✨😊🌈💚,😌🌟💚✨,😌✨🙏,😔😞😣😩,😞😔💔,😔😞😩,😔😞😩,💚🌈😌🙏,😊😌✨,😌😊💚🌈,😊😌💪,😊✨💚,😊😌✨🌟,😊💪🌈,😌💪✨,😞😣😔😖,😌💪😊💚,😔😞😣😩,😊😌🌟💚,😌💪🌈💚,😊😌🙏✨,😊✨🌈,😊✨🌟💚,✨🌟💚😌,😊😌💚🌟,😊😌💚✨,😊✨🌈💪,😊😌🌟💪,😔😞😣,😌💚🌈,😊✨💚🌟,😊😌✨🌈,😊😌🌈✨,😊😌🌈,😊😌🌈,😊😌✨,😊✨🌟💚,😊✨🌈💚,😊✨💚🌟😌,😊✨🌟💪,😊✨🌟,😊🌟💚,✨💪🌟,😊💪🌟,😌💚🌟🌈,😌💪✨🌟,😊✨🌟,😊✨🌟,😌💪✨🌈,😔😞😢,😢😔💔,🙏✨🌟😊,😊😌✨,😌💪🌈,😊😌💚🌟,😌💪✨🌈,😌💪💚🌈,🌑😰️,😔💔😞😣,😔😞😣,😊🌟🌈,😊🌟💚😌✨,😊✨🌈💚,💔😔😢,😌💪🌟💚,😣😖😩,💚✨🌈😊🙏,😊💚🌟✨,😌🙏💚✨,😌💚🌈✨,😔😞😣😖,😊🌟💚,😊✨🌈,😌✨🌟",1
s-2546,"🌈✨😊,✨🌟😊💪,✨🌟😊💚🌈,😊💪✨🌟,😊✨🌟💚😌,✨🌟😊💚,💪✨🌈😊,😊🌟🙏💚🌈,😊✨🌟💚,😊✨🌟💪🌈,😊✨🌟💪",1
s-2570,"😊💪✨,😔😞😩,😊✨🌟,😊✨💚🌈,😔😞😢,😌💪✨🌈,😔😞😣,😊✨🌟,😊🌟💚🌈,😌✨🙏💚,😌✨🌟,😌💪✨🌟,😌💪🌟💚,😞😩😔,😌💪🌟🌈,️😰🌑,😌💪🌈,😢😔😞,😔😞💔😣,😔😖😩,😌💚🌈✨,💪💚🙏,😔😢😞😣😖,😌💚🌈✨,😊😌✨,😌💪🌈,😌✨🌟,😌💪✨🌈,😔😞😣😩,😔💔😞😣,😌💪✨,😊😌💪🌈,😔😞😣😢,😌💪✨,😌💪✨🌟,😌✨🌈💪,😌✨🌈,😣😖😩,😔😞😩,😞😔😩,😔😞😣😖,😊😌💪🌈,😊😌💪🌈,😔😞😣😖,😌💪🌈,😌💚🌈,😊✨🌈,😊😌🌈,😔😞😖😩,😊✨🌈,😊💪✨🌟,😌✨🌈💚,😌💚🌈✨,✨😊🌈,😌💚🙏,😔🌑😞😣,💚🌈😌✨,😌✨🌈,😔💔😞😢😣,😊😌💚✨,😌🌟💚🌈,😊✨🌈,😔😞😖,💔😔😞😢,😔💔😢😞,😌💚✨🙏,😊😌💚,😔💔😞😢,😌💚🌈,💚✨😊🌈,😔💔😣,😌💪💚🌈,✨🌟🙏,😊💚✨🌈,😌✨🌈💪,😔😞😣😩,😊😌💚,😊🌟💚,😌😊💚,😊✨🌟,😊✨🌈🙏,😊✨🌟💚,💚✨🌟😊,🌟💪🌈😊,😔💔😢",1
s-2584,"😊🌈💪✨,😊✨🌟💚,😊✨🌈,😊😌✨🌟,😊😌✨🌟,😊✨🌟💚,✨🌟😊💚🌈,🌟✨😊💚,😊🌟💪,😊✨🌟💚,🌟✨😊💚,😊✨🌟💚,😊✨🌟,🌟✨😊💚🌈,✨🌟😊💚,😊🌟💪🌈✨,✨🌟💚,😌💪✨🌈,😌💚🌈✨,😊😌💚✨🌟,😌✨🌟,😊✨🌟,😊✨🌈💚,🌟💚🙏,😊😌✨🌈,😊💪✨,😌💪✨,✨😊💚🌟,️🚨😰🌑,✨🌟😊,😊✨🌟,✨🌟😊💚,😊✨🌟,😊✨🌟💚🌈,😊✨🌟🌈,😊✨🌟,😊✨🌟💚,😊✨🌟💪,😊✨🌟💚🌈,😊✨🌟,😊✨🌟💚🌈,🌑😰️",1
s-2606,"😊😌🌈,😢😔😣😞😖,😌✨🌟💪🌈,😌💚✨🌈,😰🌑️🕳️🚨,😌✨💚🌈,😊💚🌈,😔😞😣😖,😔😞😣,😌💪🌟,😔😣😩😞,😔😞😢😩,️🌑💀,😊✨🌈,😌💪🌈✨,😊😌✨🌈💚,😔😞😢,😔😞😣,😊💚🌈,😔😞😢😣,😊✨🌟🌈,😊✨💚🌈,😔😣😖,😔😢😣,😔😞😢💔,😊🌈✨,😊😌💪,😊✨💚🌈,😊🌈✨,😞😔😣😩,😊💪🌈,🌑🕳️️,😰️💔😔,😔😞😣😩,😔😢😞😩,😌✨🌈",1
s-2611,"😊🌟💚🙏,😞😩🌑🕳️,😔💔😞😢",1
s-2656,"😔💔😞,😔😞😩💔,😌💚🌈,😊💪🌈✨,😊✨💚🌈,😔😢💔,😔😣😩,😊💪🌟,😌💚🌈🙏,😌💪🌈,😊💚🌈✨,😊💚✨🌟,😊😌💚✨🌟,😊😌💪🌈,😌💪🌟,😌💪✨,😔😞😣,😌✨🌟💚,😊💪✨🌈,😊✨💚🙏,😊💚🌈✨,😔😞🌑,😊💪🌈✨,😌💪✨🌟",1
s-2658,"😊😌✨🌈,😔💔😢😞,💀😰️,💔😞😔😩",1
s-2660,😔😞😣,1
s-2667,"😊🌟💚🙏,💪✨🌈😌,😌💪✨,😞😩💔😔,😔😢😞,😌✨🙏💚,😔💔😞😣,😌✨🌈💚,😊💚✨🌈,😩😔😞,😔😞😩️,🌑🕳️😰,💀😰🚨️,😔💔😢😞😩,😔😞😢,😔😞😣😢,✨🌟😊💚,😌🙏💪🌈,😰🕳️️,🙏💚🌈✨,😢😔💔😞😣,🌈✨💚😊,💊💀😰,😔💔😞😩,😰️🌑,😔💔😞😢,😊🌟💚,🌑😰💀️,😊✨💪🌈,😊💚🌈,😔💔😞😢,😔💔😞,😊✨🌈,😔😞😣😩,😊💚🌈,😔💔😞😩,💔😞😔😣,😰️🚨,😊💪✨🌟,💔😔😞,😔💔😞😣,💔😞😩😔,😔💔😞😣,😔💔😢😞,😊😌✨🙏💚,💀🌑😰️,😔😩🌑😞,😊😌💪🌈,😌✨💪,😔💔😞,😌💪✨,😔💔😢,😊💚🌈,💔😔😞,💔😞😣😔,😔😖😩💔,😔💔😞,🔪🩸😰️,😊✨💚🌟,😔💔😞,😔😞😢😣,🙏✨💚😌,💔😢😞😔😣,😌✨🌈😊,😌✨🌈💚,💪✨🌈😌🌟,😰️🚨,🙏✨🌈😌,😔💔😢😞,🙏🌈💚,😔😞😩,😌💪✨🌟,😊✨🌈,😢💔😞😔,😌💚🌈✨,😌💚🌈✨,😔💔😞,😊😌💚🌈,😔💔😢,😌✨💚,😌✨🌈💚,😔💔😞😢,😌🙏💚✨,💔😔😞😢,😔😞💔😢,😔💔😞,😌💪🌟🌈,😔💔😞😣,💪✨🌈,😌✨🌈💚,😌💪✨🌈,😌✨🌈💚,💚✨💪😊,✨🌟😊💪🌈,😔💔😞😣,😊😌✨🌟,😊😌✨🌟,😞😩🌑,😊😌✨🌈,😊😌💚✨",1
s-2672,"😊✨🌟💚,😊✨🌈💚,😰🌑💀,💀😰️🌑,✨😊🌈💪,😊💪🌈,😔💔😢😞,😔💔😢,😰️🌑😖,😌💪🌈,😰️🚨,😌✨🌈,😌✨💚,💪✨🌟,😔😞😣😩😢,😊😌✨🌟,😔😢😞,😌✨💪🌈,😌💪✨🌈,😊✨🌈,🌑💀😰️,😔😣😖,😌😌😌,😊😌🌈,😣😖😩😞,😊✨🌈💚,😊✨💚,😊✨🌟,😊💚✨🌈,😔😞😣,😊🌟🙏💚,😔💔😞😩,😊✨🌈💚,😊😌💚🌈,😊✨💚🌈,😔😞😣,😊✨🌈,🙏✨😊🌟,😊✨🌈💚,😊💪🌈🙏,😊✨🌈,🌈✨😌,😌💪🌟🌈,😊✨🌟,😊💪✨🌟,😌💪✨🌈,😌✨🙏💚,😊💪✨🌈,😊😌💚🌈,😰️😖,✨🌟💚🌈,😊✨🌟💚,😊✨🌈,😌💪🌈✨,😊😌✨🌟,😊😌✨💚🌈,😩😞😔😢,😊✨🌈,😊✨🌟,😊💪✨🌈,😊😌💚,😔😣😖😩,😊✨🌟,😌💚🌈✨,😊😌✨,😊🌟💚,😊😌🌈,😊😌💪,😊💪🌟,😊✨💚😌🌟",1
s-2691,"🌑🕳️😰,😰🌑️,💀🚨😰️,️🚨😰🌑,🌑💀️,🌑🕳️🩸️😰,💀🌑️,✨😊🌟💪🌈,😌💪🌈,😊✨💪🌈😌,😊💪✨🌈,😌💪✨💚,😊💪✨🌈,💪✨😊🌈💚,💪✨😊🌈💚,😊😌💪,😌💪🌈✨,💪✨😊🌈,😊💪🌟,😌💪✨,😔😞😢💔,😌💪✨,😊🌟💚,😊💪✨🌈,💪✨😌🌈,💪✨🌈,😊💪✨🌟,😌💪✨,😊💪✨,💪😌🙏🌈",1
s-2693,"😔😞😣😩,😔😖💔😞😩,😔😞😣,😰🌑🕳️️,😊💪✨🌈💚,😊✨🌟,😊🌟💚🙏✨,😊💪✨,😊😌✨🌈,😊💚🌈,😊💪🙏🌈,😊😌✨,😊✨🌈,😊💚🌟,😊✨🌟,✨🌟😊🌈💚,💊️💀😰,😌✨💚🌈,😌✨🌟💚,💊💀️🚨,💊💀️,💊💀️,💊️😰,🌟✨💪😊🌈,😊😌💚,😊💚🌟🙏,😌💪🌟🙏",1
s-2695,"😌🌈✨💚,😌🌈✨💚,😌✨🌈💪,😊✨🌈,😔💔😞😖,😊😌✨🌈,😌💪🌈,🌈✨💪😌🌟,🙏✨😊💚,😔💔😞,😌✨🌈,😊😌🌟💚,💪🌈😌✨,😌✨🌈💚,😔💔😞😣,😔💔😞😣,😌💚🌟,😔💔😢😞,😔💔😢,😔😣😖😩,🙏💚🌈,😔😞💔,😊😌✨,😌💪🌈,😊✨🌈,💀😰️🌑,😔😞😣😰🌑,😌💚🌈,😊😌💚✨,😔😞😣,😌💚🙏✨,✨🌟😊💚,😊😌💪🌈,😔💔😞😢,😰🌑️,😊✨🌈💪,😌💚✨🌟,😊✨🌈,️😔🌑😰,🙏✨💚🌟,😊💚🌈,😊😌✨🌟,😌✨🙏💚,😊😌✨,😊✨🌈,😌✨🌈💚,😊💚🌈✨,😔😩😞😣,😌💚🌈✨,😌✨🌈💚,🌟🙏💚,💪✨🌈,😌✨💚🌈,😊💚🌈,🌟🙏😌💚,🙏✨🌟💪,😌💚✨,😊✨🌟,😔😞😣,😌💪✨🌟,😌💪🌈✨,😔😞😣,😊😌💪✨,😊💚🌈,😣😖😩😞,😌✨🌈💚,😌✨💚🌈,😊🙏💚✨,😢😔😞😣,💪✨🙏💚,😌🙏💚,😊💚🌟🙏,😊😌💪✨,😔😞😣,😊😌💪🌈,😌✨🌈,😔😞😣,🙏🌈😌✨,😊✨🌟💚,😌💪🙏💚,😊✨🌟💪,😊😌✨,️💊😰,😊😌✨🌟💚,😌💪🌈✨,😊😌💚,😊🌟💚,😌🌟💚,😌💚🌟,😊🌟💪,😔💔😞,😊🌟💚,😊😌✨🌟",1
s-2700,"💔😔😩😞,😊💪🌈✨,😊✨🌟💚,😌✨🌈,😊✨🌟,😔💔😞,😔😞😣😩,😊🌟🌈💚,😔💔😞😩,😔💔😢,😊💪🌈,😔😞😣😩,😔💔😰🌑,😰️🌑💔,😔💔😞,💚✨🌟,😔😞💔😢,😣😖😔,✨🌟💪🌈,😊😌💪,,😔😣😩,😔😞😩,😢💔😣,😰🌑️,😊😌✨🙏,️😰💀,💀️😰🌑,💀😰️🚨,🕳️😰💀,💀🩸🌑️,🌑🕳️😰️,😰🌑️,💀️🚨,😔💔😞😣,😔😞😣,😔💔😞😢,🚨️💀,💪🌈😌✨,💀😰🚨🌑️,💪✨🌈🙏,😔💔😞😩,😔😞😢😣,😔😞😣😩,😰🌑️,😊🌈💪,😊✨🌟💚,😊😌✨🌟,😰️,😌💚✨🌈😊,😔😞😩,😊✨🌈,😔😞😩😣,✨🌟💪,😣😢💔😖,😔😣😩,😔💔😞😣,💚🙏🌟✨,😔💔😞😣,😰️🌑,😌💪✨🌟,😊🌟💚,😌💚🌈✨,😊✨💪,😔😞😣,😌💚✨,😊✨🌟",1
s-2702,"😊😌✨,😊💚🌈✨,😌✨🌟🌈",1
s-2710,"😊😌✨,😌✨💚,😌✨🌟💚",1
s-2720,"😰️🌑,😔😞😣😖,😔😣💔😖,,😔😞😣😖",1
s-2731,"💪✨🙏,😊✨🌈💚,😊😌✨🌈,😊✨🌟,😌🌟💪🌈,😊🌟💚,😊✨🌈,😊😌💪✨,😌💪✨🌈,😊💚✨🌈,😊😌💚🌈,😊😌✨🌈,😊✨🌟,😊✨🌟,💪✨🌟,😌✨🌟,😊😌✨🌟,😌✨🌟💚,😊😌✨🌟,😌💚✨🌈,😊✨💪🌈,😊✨🌟💚,😌💪🌈,😊✨🌟💚,😊✨🌟,😊✨🌟💚,😌💪🌈💚,✨🌟💚,✨💪🌟😊,😌✨🌈💪,😊🌟💚✨,😌💪💚🌈,😊✨🌟💚,😊😌💪,😊😌✨🌈,💪✨🌟😌,😊🌈💪✨,😊💚✨🌈,😌💪✨🌟,😊😌💪✨,😊💪🌈✨,😊😌✨,😊😌💚🌈,😌💪🌈,😊😌✨🌟,😊🌟💚,😊✨🌈💚🌟,😊😌✨🌟,😊😌✨🌟,😊✨🌟,😊😌✨,😊💪✨,😊✨🌟💚,😔💔😢😞,😊✨💚🌟,😌💪🌟🙏,,😌🙏💪🌈,😊✨🌈,😊😌💪✨,😊💚🌈✨,😌💪✨,😊✨🌟,😊✨🌟,😊🌟💚,😊✨🌟💚,😊🌟💚,😊✨🌟,😌💪✨🌟,😌💚✨,🙏😌✨💚,😊✨🌟💚😌,😊✨🌟💚,😊🌟💚🌈,😊🌟✨💚🙏,💪✨🌈😊,✨🌟😊💚🌈,😰️🚨,😌✨🌈💚,😊😌✨🌈,😊😌✨🌈,😊✨🌈,😊🌈💚,😌💪✨🌟,🌈✨😊💚,✨🌟😊🌈💚,😌💪🌈,😌✨🌈💚,😊😌✨🌈,🌈✨😊,😊✨🌟,😊💪✨🌟,😊💪✨,😊💪✨,😊💚🌈✨,😊✨🌟💚,😌🌟💚✨,😊🙏🌟💚",1
s-2733,"😰🌑️💔,😌💪🌈✨,😊💚🌈,😔😞😣💔😩,😔😞😣😖😩,😔💔😞😖,😌💪✨🌈,😔😞😩💔,😔😢😞,😔😢😞😩,😌💪🌈✨,🌑😰️,😌✨🌈💚,😌✨💚🌈,🌑😰💀️,😊😌✨💪,💪✨🌈,😔💔😞😢,😊💪✨,😌🌈✨💚,😌✨🌈💚,😰🌑️💀,😔😞😣😖,😌💪🌈,😔😞😣,😌💪✨🌟,😔😞😣😖,😌✨🌟💚,😊😌💪✨,😔😞😣,😌✨🌈💚,😌✨🌈,😊✨🌈💚,😊✨🌈,🌑😰😔️,😌💚🌟✨,🌑🕳️😰️,💊🌑🚨😰️,🌑🕳️😰💔️,😊🌈💚,😰🌑🕳️️,😰🌑️💀🕳️,😔😞😖😩,😊💚🌟🙏,😔😞😣😩,😔😞😣,️😰🌑💔,🙏✨😌💚🌈,😞😩️😰,😊✨🌟🌈,😌✨🌈,😌✨💪,😔😞😣😩,😔😞😣😖,😔😞😢😩,😌💪✨,😔😞😢💔,😔😞😖😩,😔💔😩😞,😔😣😩,💀😰🌑,😞😔💔😣😩,😔😖😩,😔😢💔,😊😌✨💚,😊😌✨💪,😌✨🌈,😔💔😞😢,😞🌑🕳️😔,🚨💀🌑,💊💀😰️,😰😣😖,😔😣😖,💪✨🌈😊,😔😞😩💔,😰🌑🕳️️,😊💚🙏,😌💪✨🌈,💪✨🌟,😔💔😞,😌✨🌈💚,😔😞😣😩,😔😞😣😩,😰🌑️,😔😞😩💔,😊😌💪✨,️🚨😰,😌✨🌟🌈,😊✨🌈💚,😊💪🌟🙏💚,😌✨🌈,💪✨😌🌟💚,😊😌✨🌟,😰😔😢,😌✨🌟💚,🌑😰️,🚨💀😰🌑,️😔💔😰,😔😞😢😣",1
s-2743,"😔😞😩,😔😣😩,😩😰🌑🕳️,😔😞😣😖,😌💚🌈,😌✨🌈,😌💚✨🌟,🙏✨😊,😊✨🙏🌟,😊🌟💪,😰🌑️,😌💪✨🌟,😌💚🌈,😔😞😣💔,🌟💚😊✨,😌💪🌈✨,😊✨🌟💚,😔💔😞😢,🌈💪✨,😊💪🌈,😊😌✨🌈💚,😌💪✨,😔😞😩,😊😌✨🌈,😊✨🌈,😔😞😩,🙏✨💚😌,😌😊✨🌈,😌💚✨,😊✨🌈💚,😌✨🌈,😊✨🌈💚😌,😌✨🌟💚,😊✨🌟,,😣😖😔,😌✨🌈💚,😌✨🌈💚,😌✨🌈💪,😌✨🌟🙏,😣😩😔,💀️😰🕳️,😌✨🌈,😔💔😞😣,😔💔😣😞,😌✨💚🙏,😰🌑️,💪✨🌟,😔😞😣😢,😰🌑️,🌟✨😊💚,😔😞😩,😔💔😞😩,😊😌✨,😔😞😩😣,🌑😔😞🕳️,😊💪✨,😊✨🌟,😊🌟💚,😣😖😩,😊😌💪✨,😊✨🌟,😔😞😢😩,😊😌✨🌟,😊✨🌈💪,😔😞😢😣,😊✨🌟💚🌈,😌💪🌈✨,🌈✨😊,😊😌🌈✨,😊✨🌈😌,😊✨🌟,😌✨💪🌈,🙏✨💪😊,😊✨🌈💪,😊🌟💪🌈,😊😌✨🌟,😌💪🌟,💪✨🌈😊,😌💚🌈,🌈✨😌💚,😌💪✨🌟,😊😌💪✨🌟,😌💪✨🌈,😊💪✨,😊😌💪,😊😌💪✨,😊😌💪✨,😌💪✨🌈,😊✨🌟",1
s-2746,"😞😣😩,😔😞😣😩,😊💚✨🌈,💔😔😢,😔💔😞,😔💔😢,💀🌑😰️,💀😰️,😔😞💔,😔😞😣🌑,💀️😰,😔😞😣😩,🌈✨💪😊,😰🌑️,😔💔😞😣,😰🌑️,😌💪🌈,🔪🩸😰,💀️🚨,️🚨💀,😰🌑️,😌💪✨🌟,🚨️😰💀,😔😞😖💔,😔😢😞😣,🚨️💀😰",1
s-2754,"🌟💪😊,😊😌✨💚,😊😌💪🌈,😊💪✨🌈,😊✨🌈💚",1
s-2758,"😔😢💔😞,😰🌑😔️,😊😌💚✨🌈,😊😌💚✨,😌💪🌟🙏,😌✨💚🌟,😌💪✨🌈,😰🌑🕳️️,😔😞😣😩,😊✨💚🌟,💊💀️,💀😰🚨,😔😞😣,😌💪💚🌈,😔😞😖,😌✨💪🌈,😊🌈✨,😊✨🌟,😊✨🌟💚,😊🌟💚✨,😊🌟💚,😊✨🌟🌈,😊✨🌟💪,️🚨💀",1
s-2759,😔💔😞😣,1
s-2760,"😌✨🌈,🌑😰️🕳️,😔😞😣,😊😌✨,😔💔😞,😰️",1
s-2765,"✨💪💚🌟,😊✨💪🌟💚,💪✨🌟,😊✨🌈,💪✨🌟,😊✨🌟💚,😊🌟🙏,😊✨🌈,😌🌈💪✨,️😰😔💔,😌💪✨🌈",1
s-2777,"😊😌✨🌈,😊🌟💪,💚🌈💪🙏,✨🌟💚😊,🙏💚😌✨,😌💪✨🌈,✨🌟💚😊,😔😞😢,😣😩😔😞,😊✨🌟,😊💪✨🌟,😊✨🌟💚🌈,😌✨💚🌟🙏,😌💚🌈✨,😊💪✨💚,😊✨🌈,😊✨🌟,😊🌟💚,🙏💚🌈✨,😊✨🌟💚,😌💪💚🌈,😊✨🌟,💪✨🌟💚,😊✨🌟💚,😊✨💚🌟,😊✨🌈,😊✨🌈💪,✨💪🌟😊💚,😌✨🌈💚,😊💪🌟,😊💚✨,😊🌟💪🙏,😊✨🌟,😊✨🌟💚😌,😊😌✨🌈💪,😊✨🌟💚🌈,😊✨🌟💚,️💀️,😊✨🌟💚,💪✨🌈💚,😊✨🌟💪🌈,😊✨🌟,😊✨💚🌟,😊✨🌟💪,🌟✨😊,😌💪✨,😊✨🌟,💪✨🌟💚,💪✨🌟💚,😊💪✨🌟💚,😊💪✨,💪✨😊🌟💚,😊✨🌟💚,😊✨🌟💚,✨💪🌟😊,😊✨🌟,😊✨🌈💚,😊🌟✨💚,😊💪✨,😌💚🌈,😊🌟💚,😊✨💪🌈💚,😊✨💚🌟,😊✨🌟💪,😊🌟💚,😊💚🌟✨,😌✨💚🌟,😌💪✨,😊✨🌟💚,😊✨🌟,😊✨💪🌟,😌💚🌈✨,😊😌✨🌟,😊✨🌟💪,😊✨🌟,😊✨🌈💪,😊✨💚,😊💚🌈,😊🌈💚,😊✨🌟💚🌈,😊✨🌟,😊💚🌈✨,✨🌟💚🌈😊,😊✨🌈💪,😊✨🌟💚🌈,🌟✨💚,😔😞💔😢,💚✨🙏😊,😊✨🌟,😰🌑🚨",1
s-2788,"😌✨🌈🙏,🌈✨😌,😔😞😖😩,😔💔😞😢,😔💔😢,😔😞😣😩,😌💪✨🌈,😌🌟💚🌈,😊✨🌈,😌✨🌈💪,😌💪🌈✨,😔😞😢,😔😞😣😖,🙏😌💚✨,😔💔😞😖,😌✨🙏,😔😞😣😩,😔😞😣😩,😔😣😩,😊😌✨🌈,😌💪✨,😌💪✨🌈,💪✨😊💚,😌💪🌈,😊💪🌟,😔😞😣😢,😰😣😖,😌💪🌈✨,💪✨😊🌈,😔😞😣,😌🙏💚🌈,🌑😰️🕳️,😌💪🌟💚,🕳️😰️,😌💚🙏✨,😌💪🌈✨,😌🙏💚✨,😌💪✨🌈,😌💚🌈,😔😞💔,💚✨😌🌈,😌🌈✨,😌✨💪,😊✨🙏,😔😞😢😣,💚🌈😌✨,😊💪✨🌈,😊💪✨🙏,😌💚🌈,🌈💪✨💚,😔😞😢😣,💪✨🌈😊",1
s-2789,"🚨️💀,😊🌟💚,✨💪🌟😊,😰🌑️,😰🌑🕳️️,😰🌑️🩸,😌💪✨🌟,💀🌑😰️,😔💔😞😣,😊💪✨🌟,😊😌✨🌈,😔💔😞,😌💪🌈,😌🌈✨💚,💀😰🚨,💀😰🌑,😔😞😩,😰🌑🕳️️,😔😞😣😩,😔😞😣💔,😰🌑💀,😰🌑🕳️,😌💪🌟,😌💪🌈,😌💪🙏,😊😌💪✨,😰🌑️,😊😌💪✨,🔪🩸😰️,🌟💚😊,😊💚✨🌟,😊😌💚🌟,😌✨💚,😌💪✨🌈,😊😌💪✨🌟,😊✨🌟💪💚,😩🌑️😞,😊✨🌈💪,😌💪💚🌈,️🌑😰,😊✨🌈💪,😌💪🌈,😊😌💪,😊😌✨🌈,😊😌🌈,😊😌💪🌈,😊😌💪✨,😔😞😣😢,😊✨🌈,😊💪🌈✨,😊✨🌟,😊😌💪,😊😌✨🌈,😊😌💪✨,😊💚🌈✨,😊✨🌟💪,✨🌟💚😊💪,😌💪🌈,😊🌟💚,😊💪✨🌟,💚🙏✨💪,😊✨🌟,😩😞😔,✨🌟💚,😊😌💚,💚✨🌟,😊✨🌈,😊😌💚✨,😊✨🌟,😊✨🌟,😊✨🌟,😊💪✨🌟,😊✨🌟💪,😊✨🌟💚,😊😌💪✨,😔😢💔,😊✨🌈,😊💪🌟,😊✨🌟,😊✨🌟💪💚,😌💪✨🌈,😌✨🙏💚,😔😞😩,😊😌✨🌟,😊✨🌟,😌🙏💚,😊😌💪,😔😞💔😩,😔💔😞😣,😔😣😞,✨🌟💚😊,💪✨😌,😰🌑️,😊😌🌟,😊✨💪🌈,😔😞😣,😊💚✨,😊✨🌈💪",1
s-2791,"😊✨🌟💪,😰💀️,😊💪✨🌈,😊💚🌈✨,😌🙏💚🌈,😊🌟💚,😊✨🌟💚🌈,✨🌟😊,😊✨🌟,😔😞😢💔,😌✨🌈,😌💚🌈,😊✨🌟,😊😌✨💪,️🚨😰,💔😢😞😔,😔💔😞😣,😔💔😞,😊✨🌈😌,😊✨🌟,😌🙏💚,😊✨🌟",1
s-2796,"😊💪✨,😌💪🌈,😊😌💪✨,😊😌🌈,😊✨🌈💚,✨🌈💚😊,😊😌✨,😊✨🌟,️🌑😰💔,😊😌💚,😔😞😢,😔🌑😞,😊😌✨🌈,😊😌💚🌈,💪🌈😌,😔💔😞😩,😊😌✨🌟,😊✨🌟,😊✨🌟,😊✨🌟💚,😔😞😩💔,😔💔😣😞,💔😔😞😣,😔😞😣,😔😞😢😩,😊💪🌟🙏💚,😊😌✨🌈,😰🌑️,😊😌💪,😞😩😔😣,😔😞😢💔,😊😌💚🌈,😊😌💚✨,😌✨🌟💚,😊💚🌈,😊😌💚🌈,😊😌💪✨,😌✨🌈,😊😌💚,😊✨🌈,😊🌟💚,✨😌🌈💚,😊😌💪🌈,💚😊✨🌈,😌🌈✨💚,🌑💀🕳️️,😊✨🌈💚,😌✨🌈💚,✨🌟😊💪🌈,😌💚🌈,😊😌💪✨,😌💪🌈✨,🙏✨💚,😊💪🌈✨,😊✨🌟,😌✨🙏💚,😔💔😞,😔💔😞😣,😊😌✨🌈",1
s-2806,"😔😞😣😩,😌✨💚,😔😞😣,💚✨🌈😊💪,😔😞😣,😔😞😣💔,💔😔😞😣,😔😣😩💔,😔😞😣😩,😞😩😔,💔😔😞,😔💔😞,😔💔😢,🌈✨😊,😊💚🌈✨,😌✨🌈,😊💚✨,💚✨🌈😌🌟,😊✨💚🌟,😌💪✨🌈",1
s-2808,"😊✨🌟💚,✨🌟😊💚🌈,✨🌟😊,😊✨🌈,😊😌✨,😊✨🌈,😊✨🌈,😊✨🌟💚,🌈✨😊💚🌟,✨🌟💚😊,😊✨🌟💚,✨🌟😊💚,😊✨💚🌈,✨🌟💚,😊✨💚😌,😊✨💚🌟,😊✨💚🌟,😊✨🌟💚,😊✨🌟,✨😊💚🌟,😊✨🌟,😊✨🌟💪,✨🌟💚😊,✨🌟💚,😊✨🌟,😊😌✨🌟,😊💪✨🌟,😊✨💚🌈😌,😊✨🌈💚,😊✨💚,😊✨💚🌟,✨🌟💚,💪😌✨,😊💚🌟✨,😊✨🌈💚,😊✨💚🌟😌,😊✨🌈,😊✨💚,😊✨🌟💚,😊✨🌟,😊😌💪✨💚,✨🌟😊,✨🌟💚😊,😊✨🌟💚,😊💚🌈,😊💚🌈✨,😊✨🌈💚,😊✨💚🌈😌,✨🌟💚😊,✨💚😌,😊😌✨🌈,😊✨🌟,😊✨🌟🌈,😊😌✨🌟💚,😊💚🌈,😊✨💚,😊✨🌈,✨💚🌟😊,😊✨🌟💚,😊✨🌟,😊✨🌟,😊💚✨🌈,😊✨🌈💚,✨🌟💚😊🙏,😊🌟💚,😊💚✨🌈,😌✨🌈,😊✨💚,😌💪🌈✨,✨🌟💚,😊✨🌟💚😌,✨🌟😊💚,😊🌟💚✨😌,😊✨💚,😊✨🌟,😊✨💚🌟,✨🌟💚,😊✨🌟💪🌈,😊✨🌟🌈,✨🌟😊💚,😊✨🌟💚🌈,✨🌟💚,😊✨💪🌟💚,😊💚🌈,😊💪✨,😊✨💚🌈,😊😌✨,💔😢😞😔,✨🌟😊💚,😊😌✨🌈,😊✨🌟,😊💚🌈,😊✨🌟💚,😊✨🌟,✨🌟💚,😊💪✨,✨🌟💚🌈😊,😊✨🌟💚🌈,😊✨💚",1
s-2813,"😔😞😣,😔😞😩💔,😊✨🌟🙏",1
s-2815,"😊😌✨🌈💚,😔😣😩,😞😔😣,😊😌✨🌟,😊😌💚,️🚨😰🌑,😊✨🙏💚,🙏✨💚🌟,😔😞😩,🔪😰🚨💀,😌💚🌈,😌💪🌈✨,😔💔😞😣,😔💔😞😣,😊✨🌈💚,😊💪✨🌈,😊😌✨🌈,💀😰️,😔😞😣😩,😔😞😩,😊✨🌈💚,😊😌✨🌈,😔😩💔😢,😔😞😣,🙏💚😌✨,✨🌟😌,😊✨🌟💚😌,😔😞😣,😔😞😣😩,😰🩸🌑️,💀🌑😰️,😔😞😣😩",1
s-2816,😔💔😞,1
s-2835,"😔💔😞😣,😌✨🙏,😌✨🌈,😌💪🙏,😌💚🌟🙏,💚🌈✨😌,🌈💪😌✨💚,😌💪✨🌈,😌💪🌈,💚✨🌈,😌💪✨🙏,😔😞😣💔😩,😌✨🌟,😌💪✨🌟,😔😞😩,😔💔😞😩,😌💪✨🌈,😔😞😩,😌🌈💚,😌💪✨🌈,😌✨💪🌈,😔😞😣,😊💪✨🌈,😌✨🌈,😔😞😖😣,😌💚🙏,😌✨🌈💚,😔😞😣😩,😌✨🌟💚,😌💪🌈,😌🙏💚,😔💔😞😣,💔😔😞,🌈💚✨,😔😞😣😩,😊💪✨🌈,😔💔😞,😌💪✨,😌✨🌈,😌🌈💚,😌💪🌈,😌💪✨🌟,😊💪✨🌈,😔😞😢😣,😔💔😞😢,💪😌✨🌈,💪✨😌🌟,😊💚✨🙏,😔😞💔😣,😩😣😰🌑,😊😌💚✨🌟,😌🌈💚,😔😞😩,😌🌈🙏💚,🌈💪✨🙏,💀🌑😰,😌💪🙏💚,️😔😞,😊💚🌈,😌💚🌈,😊😌💪✨,😔😞😩😢,😌💪✨🌈,😊😌💪🌈,😊💪✨,😰️🌑🕳️,😌💚🙏🌈,😊🌟💚🙏,💪✨🌟,😌💪✨🌟,😌💚🌈✨,😔💔😞😣😩,😊😌✨,💔😔😞,😔😞😣😖,😞😔💔😣,😔😞💔😣,😔😢💔😞,😔💔😞😩,😔😞😖,😔💔😞,💀😰🌑️,😊😌🌈,😰🌑🕳️️,😔😣😩,✨💚🌈,😔😞😩,😊😌🌈✨,😊😌💪,💪✨🌈,😰💉️,😔😞😣,😞😔😣,💪✨🌈,😔😞😢,😌💪✨🌈,😔💔😞,😔💔😢,😊😌💚🌈",1
s-2847,"😊😌🌟💚,😊✨🌈💪,😔😞💔😢,😔💔😞,😊💚🌈✨,🙏💚🌈😊,🌟✨💚😊🙏,😌💚🌈,😔💔😢,😊🌈✨💪,💚🌟🙏,💚🌈😊,😊😌✨🌈,😊✨🌟,😊😌💚🌈,😊✨🌟💚,😊✨🙏💚",1
s-2854,"✨🌟💚🌈,😊🌟🙏✨,✨🌟😊🌈,✨🌟💚😊,😊✨🌟💚,😌💪🌟,😰🌑️🕳️,😔😞😣😖😩,😊✨🌟,💪😌✨🌈,😊💪✨,😊💪✨,😌✨🌟🌈,🩸😰️,😔😞😣😩,😢😞😔💔,😔😞😩,🌑😰🕳️️,😔😢😣😩,😊✨💪,😊🌟💚",1
s-2887,"😊🌟💪✨,😊💪✨🌟",1
s-2891,"😊✨🌟💚,😌💪✨🌟💚,️😰🌑,💀😰️,🌑🕳️💀️😰,😔😩😞😣",1
s-2895,"😊🙏💚,😔😞😢,😊✨🌈,😊✨🌈,😊😌✨🌈,😊😌✨,😌💚🌟🙏,😊✨🌟💚",1
s-2898,"😊😌✨🌈,😊😌🌟💚,😊✨🌟💚,🙏✨😌💚,😣😖😩,😔💔😞,😌💚🌟💪,😌✨🌈💚,😊✨🌈💚,😌💪✨🌟,😊💚🌟,😔💔😞😩,😊🌟🙏💚,😊✨🌟,💪✨🌟💚,😔😞😢😩,😊✨🌟,😔😞😣,😔😞😣,😊😌✨,😰🌑🕳️️,😊😌✨,😣😖😩,😊😌✨🌟,😊✨💚,😌💪🌟💚,😊😌✨🌟,💔😔😞,😔😢😞😣,😌💪✨🌟,😊✨💪,😊😌✨🌟,😌✨💚,💪✨🌈,😌💚🌈✨,😌✨🙏,😊😌🌟💚,😊😌✨🌟,😊😌✨🌈,😌💪🌈✨,😊😌🌈💚,😊😌✨,😊😌✨🌟,😔💔😩,😊😌💚✨,✨🌟💚,🌟✨🙏💚,😌💪🌟🌈,😌💪🌟🌈,😊✨🌈💚,😊😌✨🌟,💪😌✨🌟,😔😞😩,😔😞😢💔,😔💔😞😣,😔😞😢😣,😌💪✨💚,😊💪🌈,😌🌈✨💚,️😰🌑🕳️,😊😌✨,😌💪🌈,😊🌟💚,😊😌✨🌈,😌✨🌈,😌✨🌈💚,😊😌💚🌈,😊😌✨🌈,✨🌟😌💚,😊💪🌈,😊😌✨🌈,😔😞😢😣,😌🌈💚,😔💔😞,😊😌✨,😔😞💔,💀😰️,😊✨🌈,😔😞😣,😊😌💪,😊😌✨🌈,😣😩😞😔,😊🌟💚🌈,😊😌💪🌈,😌💪✨🌈,😊💪✨,😔😞😩💔,😌💪✨🌈,😔😞😩,😊💚🌟,😊😌💪✨,😔😞😣😩,🙏😊✨,😊✨🌈,😔😞😢,😊✨🌈💚,😌🌈💪✨,😔😞💔😢,😊😌🌟,😌💪✨🌈",1
s-2899,"😊😌💪✨,😊😌💚✨,😔😢💔,😊✨🌟,😊💪✨🌟,😊🌈💚✨,😌💪✨🌈,🌟💚😊,🙏💪🌈😌,💀🌑😔,😔😞😢😣,😌✨🌈,😊😌✨,😊✨🌈💚,😊💚✨,😔😞😣,😊😌✨🌈💚,😔😢😞,😊😌💚🌈,😌💚🌟,😊✨💚🌈,💊😰️,😊😌✨,😌💪🌈✨,😌✨🌟,😊✨🌈💚,😔💔😢,😔💔😞😣,😔😞😣,😌✨💚🌈,😌✨🌟💚,😌✨🌈💚",1
s-2907,"😌💪✨🌈,😌💪🌈,😊😌✨,😌😊✨💚,😊✨💚,😖😩😰😣,😰😖😩,😊😌🌈✨,😌💚🌈✨,😊😌💪,😔😞😣😖,😌💪🙏✨,💪😌🌟💚,😔😩😞😣,😌💪🌈,😌💪🌟✨,😔😞😣🌑,😌💪💚🙏,😔😞😩,😌💪💚,😊😌💪🌈,😊✨🌈😌,😌💪🌈,😊😌💪,😊😌🌈✨,😊😌✨🌈,😩😖😞😣,😣😖😩,😌🙏💚,😊✨😌🌟💚,🌑😰️💔😞,😊😌🌈💚,😌😊✨,😌💪🌟,😌💪✨🌈,😌💪🌈,😌💚✨🌈,😊😌💪🌈,😰️🌑,😌💪🌈,😌💪🌈,😊😌✨🌈,😊😌💪✨,😌✨🌈💪,😊✨💪,😌🌈💪,😌✨🌈,😌💪✨,😊😌💪✨,💀️😰,🩸💀😰️,😊✨🌟,😌💪✨🙏,😊✨🌈💚,😌🙏💚,😌💪✨🌈,🌈✨💪,😢😞😣💔,😊✨🌟,😔💔😢😞😣,😌💚🌟🙏,😌✨🌈💪,😊😌✨🌟💚,😔😞😣,😌✨🙏,🚨😰🌑️,🙏💚🌈,😌💚🌈✨,😌💪✨🌈,😊😌✨🌟,😌💪🌈,😌✨💚🙏,😌🙏💚,😌💚🌈✨,😊😌✨🌟,🙏💚🌈💪,😌💚🌈✨,😊🌟💚🌈,😔😞😩,😊✨🌟,😞😣😩,😌✨🌈,😌💪✨,😊😌✨,😌💪✨,😔😞😩,😌💪✨🌈,😌💪✨🌟,😌💪✨,😔💔😞😣,😌✨🙏💚,😊😌✨💚🌈,😊✨🌈💚,😌💪🌈,😌💪🌈,😌💚✨🌟,😌💪✨🌈,😊😌✨🌟,🙏💚✨😌,😊😌✨🌟",1
s-2911,"😔😞💔,😌✨🌈💪,😌😊💪🌟,😊✨🌟,😊😌✨🌈,😊😌✨🌈,😊😌✨🌈,😌💚🌟🙏,😌💪🙏💚,😌💚🙏,😌💪🌈✨,😊🙏💚✨,😌💪✨,😌💪🌟,😌✨🙏,🌑😰️🕳️,😊💚✨🌈,😌💪✨🌈,😊😌✨🌟💚,😌💪✨,🙏💚😌✨,💀😰🌑️,😔😞😩,😌💪✨,😔😞😣😖,😔💔😞😣,😊✨🌟,😔💔😞😣,😣😖😩😔,💀🚨😰🌑,😊🙏✨💚,😔💔😞,😊💪🌟💚,😌✨🌈💚,😔😞😌🌟,😌✨🌟💚,😊💚✨🌟,😊😌✨🌈,😌💪🌈✨,✨💚😌,😊💪✨🌈,😌💪✨🌈,😌✨🌟,😊😌✨🌈,😊✨🌈,😔😞😩,😌💪✨🌟,😊😌✨🌟,😌✨🌈,😔😞😣😖,💪✨🌈😊,😔😞😩,😊✨🌟,😔💔😞😢,😌🌟💪,😌💪✨🌈,💪✨😌💚,😔😞💔😢,😌✨🌈,😊💚🌈",1
s-2915,"😊😌💚,😌💪✨🌟,😊😌💪✨,😊😌💪🌟,💀😰️🌑,😌💪✨🌟,😌✨🌈,😌✨🙏💪,💪✨🌈,😰🚨️,😊💪✨,😔💔😞,😔💔😞😣,😊😌💪🌈,😌✨🙏,😌✨🌟💚,😔😞😢💔😣,✨🌟💪🌈,🌟✨😊,😌💪✨,😊😌✨🌈,😌💪🌈✨,😊😌💪✨,😌💪🌈✨,✨💪🌟,😊✨🌟,😌💪🌈,😌💪🌈",1
s-2919,"😌✨🌈💚,😣😖😩,😌💪✨,😔😞😩,😌🙏💚,😔😞😣😩",1
s-2940,"😔😞😣😢,🌑😰️🕳️,😌🌈💚✨,😌💪🌈,😊😌💚✨,😰️,😊💚🌈,😌✨🌈💚,😞😔😩,💪😌✨,💪✨🌈,😊😌💚✨,😌✨🌈💚,😊😌💪,😊✨🌟,😌🌈🙏,😌💪✨,😊💪🌈✨,😊✨🌟,😊✨💪🌈",1
s-2970,"😊💪✨🌈,😔😞😣😢,😔😢💔,😔😢😞,😌💪✨,😌💪🌟,😌🙏🌟🌈,😌💪🌟,😊✨💪🌈,😊💪✨,✨😊💪,💊😰🩸️,😊😌✨🌟,💪✨😌,😊😌✨,💪😌✨🌟,😊😌✨🌈,😊😌✨,😊💚✨🙏,😊💚🌈",1
s-2980,"😊🌟🙏,😊✨🌈💗,😔😞😣,😌💚🙏,😔💔😢😞",1
s-2981,"😊🌟💚🌈,😊💚🌈",1
s-2986,"😊💚🌈,💚✨😊🌈,😊😌💚,😌✨🌟💚,😔😞💔,😊✨🌈,😊😌💚🌈,😊😌✨,😔💔😢😞,😔💔😞😣,😊😌💚✨🙏,😔😞😣,😊✨🌟💚🙏,😊✨🌈,😊😌💪,😔😞😩💔,😌💪🌈💚,😊✨🌟,😊✨💚🙏,😊💚🌈,🌑😰🕳️️,😔😞💔,😔😣😩,😊😌💪🌈",1
s-3006,"😌💚🌈,😊✨🌈💚,😔😞😣😢,😊✨🌟,😊😌💪,😔😞😢😣,😔😣😩,😰🌑🕳️️,😔💔😞,😔💔😞😖,😩😞😔😢,😔😞😣😖,😔😩😞,😔💔😞,😌💪✨🌈,😔😢😞😖😩,😞😔💔,😖😩😢,💪✨🌟😌,😔😞😣,😔😞😣😖😩,😔😞😢,😊💪🌈✨,😔😞😣😩,🌑🕳️😰️,😰🌑🕳️️,😌✨🌈,😔😞😣💔,😔💔😞😣,😊✨🌟💚,😌💪✨🌈,😊😌💪✨,😔😞😖,😔😞💔,💀😰🌑,💀🌑😰️,😔😞😖😩,😞😩🌑,😰🌑🕳️️,😔😞😖😩,😔💔😞,😔💔😞😣,😔😞😣,😔😞😢,😔😞😣😩,😔😣😩,😔💔😞😩,😣😖😩",1
s-3008,"💀️😰🌑,😔😣😩,💀🌑😰,😔💔😣😖😩,😰🌑️,😰🌑💀️,😰🚨💀,🌑😰🕳️️,💀😰🚨,💀😰️,😔😞😩😢,😰🌑️🕳️,😔😣😖😞,😔😞😰🌑,😊😌💪🌈,😔😞😣,😰🌑️,😣😖😞,💀️🚨,😊✨🌈😌,😊✨🌈😌,😰🌑️,😊😌💪🌈,😰🌑💀,😔💔😞😩,💀😰️🌑,😌💚✨🙏,😊✨🌟💪,🌟✨💚🌈,😊✨🌟💪,😊✨🙏💚,😊✨🌟💚,😊💚🌟,😊✨🌟,🌟✨😊💚,😊💪✨🌟,✨🌟💚😌💪,😔😞😣,😊✨🌟💚,✨🌟😊💪🌈,✨🌟😊💚,🌟💚😊✨,😊✨🌟,😊✨🌈💚,😊💚✨🌟,😊✨🌟💚,😊✨😌🌈,✨🌟💚,😊😌✨,😊✨🌟🌈,😊😌✨🌟,😊✨💚,😊😌✨🌈",1
s-3010,"😞😔💔😩,🌑😰️🕳️,🌑😰️🕳️,😌💚✨🌈,😔💔😞😢,😰🌑️🕳️,😞😩😔,😌💪🌈✨,😔😞😩💔,😌🌈✨💚,😔💔😞,😔💔😞🌑,😔💔😞😣,💀🌑😰️,🌑😰️,🌑🕳️😰️,💀🌑😰️,😔💔😞,😔😞💔,😔💔😞😩,😌✨💪🌈",1
s-3013,"😔😞😣😖,😔😞💔😣,😌✨💚,😔😞😣,️🌑️😰,😊💚✨🙏,😣😩😔😞,😌💪🌟🌈,😊😌💪✨,😌💪🌈🙏,🙏✨😌💚,😔😞😣😖,🙏😊✨,️🔪💀🌑,😔😞😩,🙏✨💚,🔪😰️,😊✨🌟💚,😊😌🌈,😔💔😞😣,😊✨💪🌈,😌✨🌟💪,😌✨🌟💚,😔😞😣,😌💪✨🌟,😌💚🌟🙏,😌🌟✨🌈,😊😌✨🌟,😊✨🌟💪,😊✨🌟,😔💔😞😣,😰🌑🕳️💔,🌑😰💀🚨,😔😣😩,😌✨💚🌈,😊😌💪✨🌈,😌💪✨🙏🌟,😔😞🌑,😊✨🌈,😌✨🌈💚,😔😞😣😢,😣😖😩,😔😞😩,😊✨🌈😌💪,😊😌🌈,😔😞😣,😔😞💔😣,🌑🕳️😰😞,😌💚🌈🙏,😌💪🌈,😊✨🌟,😔😞😣,😊💚✨,😢😔😩,🙏💚😌✨,😊😌✨💪,😊😌🌈,😔😞😢😣,🙏💪✨,😌✨🌟🌈,😌✨🌈💚,😊😌🌈💚,😔😞😣,😊💪🌈,😌🙏🌈,😌💪✨,😌💪✨🌈,️🌑😰️,😔💔😞,😔😞😩💔,😌💪✨,😊✨🌟,😔💔😞😢,😔😞😣😩,😔😞😣😩,😔😞😣😩,😰🌑💔😞,💪✨🌟🌈,😔💔😞,💪✨🌟💚🌈,😊😌💪✨,😔😞😣,😖😩😔😞,😔💔😞😢,😔😞😣,😌✨💚🌟,😔😞😣,😊😌✨,😊😌✨🌈,😌🌈✨,😊😌🌈,😌💚🌈,💔😞😔,😔😣😖😞,💪✨🌟😌,😔😞💔,😔💔😞,😔😞😩,😔😞😩💔,😔😞💔",1
s-3034,"😌💪✨,😊😌✨,😌💚🌈,😊💪✨🌈,💪🌈✨😊,💪✨🌈,😊✨🌈💚,😊😌✨🌟,😊💪✨🌈,😣😔😞😖,💪✨🌈😌,💪🌈🙏,😊💪✨🌈,😌💪🌟🙏,💪🌈😌✨💚,💪😌✨🌈,😔😣😞😩,😔😣😖😞,😞😣😩,😰️💀🌑,💪✨😌,😞😩💔😖,😰🕳️🩸️,😔😞😣😖,😔😣😩😞,😔😩😞,😌💪✨🌟,😞😩😣,🌈✨😌,💪✨🌈😌💚,😊😌💪,😌💪✨🌟,😌💚🌈,😊😌✨,😊💪✨🌈,😌💪💚🌈,😊😌💪🌈,😊😌🌈,😌💪✨🌈,😊💚✨🌈,😌💪✨😊,💪✨🌟🌈,😣😩😔😞,😞😩😔😣,😣😖😩😞,😔😞😩😣,😌✨🌈,💪✨🌟😌,😌💪✨🌈,😔💔😢😣,😔😞😩,😔😞😩😖,😢😔😩,😊😌💚🌈,😣😖😩,😌💪🌈,😊✨🌟💚,😔😞😩😣,😌💪🌈✨💚,😔😞😣😖,😌💪✨🌟,😊😌💚,😌💪✨🌈,😔😣😩😞,😌💪✨🌟,😔😩😞😣,💪🙏✨😌,😔😢😣😩,😊😌✨💚,😊✨🌈💚,😊💪🙏✨,💪😌✨,💪✨😌💚,😔😞😣😩,😣😖😩,😞😩😖,😌💪🌈,💪✨😌🌟,😔😞😣😩,😊😌✨💪,😌💪✨🌟,✨🌟😊💚🌈,😊✨💚🌟,😊✨🌟💚😌,✨🌟😊,😊✨🌈💪,😌💪✨🌟,😌💪✨,😔💔😞😣,😌💪💚,😌💪🌟,💪✨😌🌈,😌💪✨🌟,😞😣😔,😊✨🌟,😔💔😞😢,😔😞💔,😊✨💪🌟💚,😌💪🌟💚",1
s-3035,"😌💚🌈,😌💪🌟,😌💪🌈,😊🌟💚😌,😊🌟💚,😊😌✨🌈",1
s-3043,"😌💪🌈✨,😔💔😞😢,😔💔😞,😔😞😩,💀😰🌑,😢😔😞😣,😰🌑🕳️️,😰🌑️💀,💀😰🌑,😔😞😣,😰🌑️,😊✨🌟💪,😔💔😢😞,😰💀️,😊😌✨🌈,😔😞😣😖,😔😞😢,😰🌑🕳️💀️,😣😩😖😞,😔😞😣😖,😖😩😰🌑,😔💔😢,😊😌💚✨,😔😞😣😩,😌💪🌟💚,😔😞😩,😔😞😩,😊💚🌈✨,😔😞😣😖,😔😞😣,😔😞😩,😌💪🌈,😔😞😣,😔😞😩💔,😌💪🌈✨,😔😞😣,😔😞😣😖,🙏✨💪🌈,😔😞💔,😊😌✨🌈,😔😞😩,🌑😰️🕳️,😞😣😖💔,🙏✨💚😌,😊💪✨🌈,🙏💪✨,😊✨💪🌈,😔😞😩,😔😞😣,😌💪🙏🌈,😔😞😩💔,😞😩😔,😌💪🌈,😌💪💚🌈,😔😞😣💔,😔😞😩,😔😣😞😖,😌✨🌈💚,💀😰,😰🌑️,😔😞😖💔,😰🌑🕳️,🌑😰💀️,😔😢😞,😌💪✨🌈,😔😞😣😖",1
s-3046,"😊✨🌟,💪✨💚,😊😌💚✨🌈,😔😣😖😩,😊✨🌟,😌💪✨🌈,😊🌈💪,😊🌟🌈,😌💪✨,😌💚🌈✨,😊✨🌈,😌💪🙏🌈,😌💪🌟💚,💪✨😌🌈,😊💚🌈,😊✨🌈💪,😌💪🌈,💪✨🌈,😊😌💚,💪✨🌈😌,💪✨🙏💚🌈,💪✨🌈😊,😌💪🌈,😊😌💚🌈,😌💚✨🌟,💪🌈🙏💚,😊💚🌟,😊✨💚🌟,😌✨🌟💚,😊💚🌟✨,😊✨🌟,😊✨🌈,💪✨😌🌟,😊😌💪✨,😌💪🌈✨,😊✨🌈,😊😌✨💪,💪✨😌🌟,😊✨🌟💚,😌💪✨🌈,😌✨💚🌈,😊✨🌈💪,😌✨🌟,😔😞😩,😣😩😞,😊✨🌟💚,😊😌🌈✨,️🚨😰💀🌑,😌💪🌈,😌💪🌟🌈,😊😌✨🌈,😌💪✨,😌💪🌈✨,😌💪✨,😊🌟😌💪✨,😊✨🌈,😊😌💚✨🌟,✨🌟💚😌,️💀️🚨,️🚨💀,💪✨💚,🌟✨😊💚,😌💚🌈✨,😊😌💪✨,😊✨🌟💚,😊✨🌈,😊💪✨,😖😩😞,😊💪✨,😔😣😖😩,😌💪✨🌟,😊😌✨🌟,😊✨🌈,😌😊✨,✨🌟😊💚,😌💪✨,😔😞😣😩,😌💪🌈,😊💪🌟,😊😌💪,😌💪✨🌈,😌💪🌈,😊💪✨🌈,😌💪🌈✨,😔😞😩,😊✨💚🌈,💪✨🌈😊,😊💚🙏🌈,😊🌈✨,😊✨🌈💪,😔😞😖😩,😊😌✨🌟,😊✨💚🌈,😔😞😖💔😩,😌💚🌈✨,😊✨💚,😌💪🙏💚,😌💚✨💪,😌💪🌈✨,😌💪✨🌈",1
s-3050,"😔💔😢😞,😊😌🌟💚,😊😌🌟💚,💀😰🚨,😢😞😔💔,💀😰️,💀😰🌑,😔😞😩🌑,😖😰️,😌💪✨🌈,😊✨🌈,😌🌈💚,🌈✨💪,😔😞😣,😌💪🌈,😔😞😣😩,💀😰️,💀😰🌑🚨,😔😞😢,😊✨🌟,💀😰️,😢😖😩,😢😞😔,😔💔😢😞,😔😞😣😖,💀😰️🌑,💀😰️,😣😖😩,😢😞😔💔,😔😞😣😩,😔😞😣🙏,😔😞😩,😊✨🙏,🌟💪🙏,💪🌈😌,😌💚🌟,😔💔😞😢,😊😌✨🌈,😌💪✨🌈,😌💪✨🌈,😊✨🌈,🚨️😰🌑,😔💔😞,😔💔😢,😰😢😖,😌💪🌈,😊😌💪✨,😌💪🌟💚,😣😖😩,😔😢😞,😌✨🌈💚🌟,😌🌟💚🙏,😊😌✨,😔😣😩,😔😞😩😣,😣😖😩💔,😌💪🌈,😖😩😔,💪✨🌈😌,💪😌✨🌟😊,😌✨🌟💚,😊😌✨🌟,😊✨🌟💚,😊😌✨🌟,😊💪🌈,😌🌈💚,😊😌✨,😌✨🌈,😔💔😢😞,😔😞😩,😌💪🌈✨,️😰🌑,😊✨🌟,😌💪🌈,🌑😰💀,💚✨😊,😔💔😞😢,💚😌✨🙏,😢💔😔😞,😔💔😞,😔😞😣😖,💔😔😞,💪✨🌈💚,😔😞💔😢,😌💚✨,😔💔😢,😊💪💚🌈,😔😞😩💔,💪🙏🌈✨,😊💪✨,😔😞😩😖😢,😌✨🌈💚,😊💪😌✨,😔💔😢😞,😊💪✨🌈,😊💪✨,💪✨🌈,😔😞😣😖,😌✨🌟💚,😌💪✨🙏",1
s-3052,"😖😩😞💔,😔😞💔😣,😔💔😞,😰🌑️🕳️,😔💔😞😢",1
s-3055,"😔😞💪🙏😌,😊✨🌈💪,😊💪✨🌟,😊💪✨🌟😌,✨💚🌟,😊✨🌟💚🌈,🙏✨😌💚,😊✨🙏💪🌟,😊😌💚🌟,😊✨🌈💚,😌💪✨🌈,😊✨🌈💚😌,😊✨💚,✨💚🌟,😊💪✨,😊🌟🙏💚,😌✨💪🌈,😊😌💪✨🌟,😌✨🌈,😊😌✨🌈,😊✨💪🌈,😊✨🌟💪🌈,😊✨🌈,😊✨🌟,😌💪✨,😊✨🌟💚,😔😞😣😩,😊😌💚✨🙏,😔😞😣,✨🌟😊,😌✨💚🙏,😊✨🌟,😊✨💪🌟,😊😌✨🌟,😊✨🌈💚,✨🌟😊💚,😊✨🌟💚🙏",1
s-3060,"😌💚🌟🙏,😊😌💚🌟,😊💪✨,😊😌💪✨🌟,😌💚🌈✨,😊😌✨,😊💚🌈✨,😊💚🌟,😊😌✨,😊💪🌈,😊✨💪🌈,😊😌💪✨,💪✨🌟🌈,💀️😰,🌟💚😌✨💪,😊💪🌈,😊😌💪,🌈💚✨🙏",1
s-3095,"💊💀️,😊😌✨,😔💔😞😢,😢😔😞😣,😊💚✨🌟,😌✨🌈,😌💪✨,😔😢😞😣,😔😢😞😣,😔😣😖😞,💪😌🌈,😊💪🌈✨,😣💔😩,😔😞😣,😢😣😩😔,😣😖😩💔,🌑😰️😔,😌✨🌈💪,😊😌✨🌈,😊✨🙏💚,😔😣😖😞,😔😞😢,😔💔😞😣,😖😩🌑,😰🌑🕳️️,😔😞😣,💀😰🌑,😔😞😣,💊😰🌑️,😰🕳️️,😌✨🌈💪,😊😌💪✨,😊💪🌈,😌😊💪,😌✨🌈,😔😞😖💔,😌✨🌈💚,😌✨🌈,😌✨💪🌟,😔💔😞,😊😌💪✨🌟,😔😞😣,️🚨😰,😊💚✨🌟,💔😔😣,😌✨🌟,😊✨🌟,😌🙏💚✨,😊💪✨🌟,😔😣💔😞,😊✨💚🌟,😊✨🌈😌,😊😌✨,😊✨🌟,️🚨😰,✨😊🌟💚,😊😌✨🌈,😊✨🌟,💚🌈😌✨,😞😣😩,💀😰️,😰💀️,😔😞😣,😊✨🌟,😊✨🌟💚,😊🌟💚,😊😌✨,😔😞😩,😊✨🌟💚,😊✨🌈,😔😞😩,😊✨🌟,😊💚✨🌈,😊😌✨,😌💪🌈,😊😌💪🌈,😊😌✨🌟,😌💪🙏💚,😌💚🌈,😊💪✨,😌💪✨,😌😊🌟💚,😊😌💪✨,😔💔😞😣,😊✨🌈,😔😞😣😩,💚✨😌🙏,😌💚🌈,😌✨🌈,😔😞😣,😊✨🌟,😔😢😞😖,😌💪🌈,😔😞😣😩,😊✨🌈,😌💪🌈,😔💔😞😣,😌✨🙏💚",1
s-3101,😌💪🌈✨,1
s-3106,"😊✨🌟,💪✨🌟😊💚,😔💔😞😣,💪✨🌟😊💚,💀️😰🌑,😌💪🌈🙏,😊😌💪✨,😊✨🌈💚,😔😣😞,😌💪🌈✨,😊✨🌟💚,😌💪✨,😊😌✨🌈,😊✨🌟💚,😔😞💔,😣💔😖😔,😔😞😣,😔💔😢,😊✨🌈,😊😌✨,😔💔😞😣😩,😔😞💔😣,😔💔😞😣,😌💚🙏✨,😊✨🌈💚,😊✨🌈💚,😊✨💚,😔😢💔😣,😰🌑️,😌💪🙏✨,😔😢😞,😣😖😩😔,😢😔💔,😰🌑️,😩🌑😰😔,😊😌🌈,😌💪🌈✨,✨💪😌🌟,😔💔😞😢,😌💪🙏🌈,😌✨🌟💚,💪💪✨🌟💚,😌✨🌟,✨🌟💚🌈,😊💚🌟✨,😊✨🌟💚😌,💪✨🙏💚🌈,🌟✨🌈😌💚,😌💚✨🙏🌈,️🚨😰,😌💪🙏💚,😊💚🌈✨,😊😌✨🌟,😔💔😞😣,😊😌✨💚🌟,😊✨🌈,🌈💪✨😌,😊🌟💚,😊😌🌈,😊💚🌟🙏,😊✨🌟💚,😌💪✨🌈,😊😌✨🌈,😊✨🙏💚🌟,😌💪✨🙏,😊😌✨🌟,😊😌💚✨🌈,😔😞😢,😊✨🌈,😊😌✨🌈,😊😌✨,😔😞😢,😊✨🌟,😊✨💚,😊🌟💚,😊😌💪,😌💚🌈✨,💚🌟✨💪,😌✨🌈💚,🔪😰🌑🚨,😊😌✨🌟,😌💪✨🌟,😊😌✨,😊✨🌈💪,😊✨🌟,😊💪✨,😊😌✨🌈,😔😣😞😩,😊✨🌟💚,😔😢😞💔,😊✨🌈💚,💚✨🌈😌💪,😔😞😢,😊😌✨💪,😊✨🌟,😔😞😩,😊✨🌈💚,😔😖😩,😊😌💚🌈",1
s-3107,"💀️🚨😰🕳️,😌💪✨🌈,😌💪✨🌟,😊🌈✨,😌✨💚🌈,😊💚✨🌟,😌💪✨🌈,😊😌✨🌈,😊🌟💚✨,😊😌✨🌈,😊✨🌈,😌💪🌈,😊✨🌈,😊🌟💚🌈,😌💪✨🌈",1
s-3108,"😊✨🌟💚,😊😌💪🌟",1
s-3111,"💪✨🌟,😌🙏💚,😌💪🌈✨,😌💪✨,💀😰️🚨,😔😞😣😩,😔😞😣💔,😔💔😣😖,😌💪🌈✨,😊😌💪🌈,😌💚🙏✨,😩😣😔,🙏✨💚😊,😌💪🌈💚,😌💪🌈✨,😌💪🙏,😌💪✨🌈,😊✨🌈,😊💚✨🌟,😌💪✨🌟,😰️🚨,😢😔💔😞,😔💔😩,😌💪✨,😌💪✨,😌💪✨,💪✨🌟,😌💪🌈,😌💪🌈,😌✨🌈💚,😊😌🌟,😊💪🌈✨,😔💔😞😢,✨🌟💚😊😌,😔😞😩,😌💪🌈,😔😞😰,😩😖😔😞,😌✨🌟,😔💔😞😣,😔😞😩,😌💪🌈✨,😔💔😢,😊💪✨🌈,😌✨🙏💚,😔😞😣,😌💪✨🌈,😌💪🌟,😌💪🌈,😌💪✨🌈,😌💪🌈,😌🌈💪,😌💪✨🌈,😔💔😞,😌💪🌈,😔😞😢😩,😔😞😣😢,😔😞😩,😌💪✨,😌💪🌈🙏,😊✨🌈,😊😌✨🌈,😌💪🙏🌈,😔😞😣,😌💪🙏✨,😔😞😣,😔💔😞,😔😞😣😩,😌💪🙏💚,💪✨🌈💚,😌💪✨🌈,😌💪🌈,😊😌💪,😔💔😞,😌💪✨🌈,😌💪✨🌟,😌💪🌈,😌💪🌈✨,😣😖😩😔,😌💪🌟🌈,😊✨🌈,🙏💚🌈😌,😊😌✨🌈💪,😔😞😣😩,😊😌🌟,😊✨💚🌈😌,😊✨🌈💚,😊✨🌈,😔😞😣😩,😊😌✨🌟💚,😊💪🌈,😌💪🙏💚,😊💪✨🌟,😊✨🌟,😊😌💚🌟,😊🌈✨,🙏😌✨💚,😊✨💚🌈,😌💚✨🙏",1
s-3116,"😰🌑️,🌑😰️,😰🚨🌑,😰💀🌑️,😔😞😩😣,💀😰🌑️,😰️🌑",1
s-3138,"😔💔😞😣,😌💪💚🌈,😌💚✨🙏,😌✨🌈,💚✨😌,😔😩😞,😌✨🌈,😌💪✨🌈,😊💪✨🌟💚,✨🌟💚😊,😊💚🌟,😌✨💚🌈,💔😔😣😞,💪✨🌈,😊😌💪✨🌈,😌💪🌈,😊✨🌈💚,🙏✨😌💚,️💀🌑,😔😞😣,😊💪🌟,😊💪🌈✨,😌✨💚,😔😖😩,😊✨🌈💪,😌💪🌈,😔😞😣😩,😊🌈✨💚,😌💪🌈,😔😞😢,🌈✨🙏💚,😌💪✨🌈,😌💪✨,😌💪✨🌈,😔😞💔,😊💚🌈,😌💚🌈,😌💪🌈🙏,😰😖😔,🙏✨🌟💪🌈,😔😞😩,🌟✨💪🌈,😌🙏✨🌈,😊😌✨,😔💔😞,😌💪✨🌈,😊💚🌈✨,💚✨😊🌈,😊✨🌟,😊💚🌈✨,🌟💚✨😊,😊😌✨🌈,😊✨🌟,😌🌈💪,😊😌✨🌟,😌💪😌,😔😞😢,😊✨🌟,😌💪🌟✨,😊😌💪✨🌈,💪🙏🌟💚,😊✨🌈,😊💚🌟🙏😌,😊✨🌟💚,😊✨🌟,😊🌟💚,🙏✨🌈,😔😞💔😣,😌💚🌈✨,😊✨🌈,🌟💚✨,,😌💪✨🌈,😊✨🌈💪,🙏✨💚🌟💪,🙏💪✨,😔😞😩,💔😔😞,😊😌💪🌈,💪✨🌈💚,😊✨🌟,😊😌💚,💚✨🌟😊🙏,😊💚🌈,😊🌟💚,😊✨🌟",1
s-3139,"✨💪🌟😊,😖😩😔😞,😊✨🌟,😊🙏✨,😊💚🌟,😊🌟💚🌈✨,😊🌟💚✨,😊✨💚🌈😌,😊✨💚🌟🌈,😊😌✨🌈,😊✨🌟,😊💪🌟🌈,😊✨🌟💚😌,😊✨🌟💚,😊💚🌈🙏,😊✨🌟💚🌈,😊💪✨🌟,😌💚🙏,😌💪🌟,😊😌💚🌈,✨🌟💚😊,😊✨💚😌🌈,😊✨🌟💚,😊✨🌟,😊💪✨🌟,😊😌✨🌟🌈,😊✨🌟💚,😊😌✨🌟💚,😊💪✨🌈,😊😌💪✨,✨🌟😊💚🌈,😊✨🌟,✨🌟😊😌💚,😊💚🌟,🙏💚🌈,😊✨🌟💚,🙏✨😌💚,😊✨💚🌈,💚😌✨🙏,😔😞😩,💀️️🚨😰,😊💪✨🌟💚,😊😌💪✨,😊✨🌈😌,😊😌💚,😊💪✨,😊😌💪,😌💪🌈,💚🌈✨🙏,😊✨💪🌈,😊✨💚🌟,😊✨🌟💚🌈,😊💚🌟✨,😌✨🌈,😊✨🌈💚,😊✨🌟💚,😊💪✨🌟,🙏✨😊,💪✨🌟😊,💪✨🌟,😊✨🌟💚,😌💪✨🌈,💪✨🌟😊,😌💪🌟,😊✨🌟💚,😊✨🌈,💚✨🌟😊🙏,😊😌💪✨🌈,😌💪✨🌈,😊😌💪🌟,🌈✨💪🙏,😔😞😣😩,😊✨🌟💚,😊✨🌈,😊✨🌟,😌💪✨🌈,😊🌟💚,😌🌟💚🙏,😊✨🌟,😊💪✨🌟,✨💪🌟😊,💪✨🌟,💪✨🌟💚,😊✨🙏,😊💚🌟,😊✨🌟,💪🌈🙏✨,😊😌✨🌟,💪✨🌟,😊😌💚✨,😊😌💪✨,✨🌟😊🌈,💚🌈💪✨,😌💪🙏✨,✨💪🌟,😌✨💚🌈,😊😌✨🌈,😊💪🌈,😊✨🌟💚,😊😌🌈",1
s-3144,"😌💪🌟💚,😌💪🌈,😊✨🌟,💚🌟✨😊,😌💪✨,😊🌈💚✨,😌✨🌈,😊😌💪🌈,😊😌💚🌟,😊✨🌈💪,😌✨💚🌈,😊😌💪✨,😊✨🌈💚,😌💪🌈💚,😊🌟💚,😌💪✨🌈,😊✨🌟💚,😊😌🌟,😔😢💔,😊✨🌟💚🌈,😊✨🌟,😊💪🌈,😌✨💚🌈,🌑😰️,😊✨🌈😌,😊✨💪,😊😌🌈✨,😊😌✨,😣😖😩,😌💪🌈🙏,💔😣😩😞,😌😊💪✨,😊✨💚🌟😌,😌💪🌈,😞😣😩💔,😔😞😢,😔💔😞,😢😔💔😞,😊😌✨🌈,️😰,😌💪✨,😔💔😣,😊💪✨🌈,😌🌈💪✨,😊🌈💚,😊😌🌈✨,😔😞💔,😌✨🌈",1
s-3157,"😊✨🌈💚,😔😞😢😣,✨😊🌟,😊😌✨🌈,😔😞😣,😊😌💪🌈,😊🌟💚,😔😞😣😩,😊😌💪✨,😊✨🌟🙏💚,😔😞😣😢,😔💔😰🌑️,😊💚🌈✨,😊✨🌟💚,😌💚🙏",1
s-3162,"😊💪✨,😊😌✨🌟💚,😌✨🙏💪,😌💪✨,😊✨🌟,😊😌✨,😊💚🌈✨,😊😌💚🌈,😔💔😞😖,😊✨🌟,😊💪✨,😊✨🌈💚,😌💪🌈,😊😌💪,😌✨🌈,😊💚🌈✨,😔😞😣,😊✨🌈,😌🌈💚🙏,😔😞😣💔,😌💪🌈,😌✨🌈,🌈✨😌💚,😌💪✨,😊💪✨🌟,😊✨🌈💪,😔😢💔😞,😌💪✨🌈,😰️,😊✨💪,😊✨🌈💪,😊✨💚,😔💔😞,😊💪✨,😔😞😣😖,😊✨💪,😌💪✨🌈,😌💪✨🌈,💪✨😌🌟,😌💪🌈,😊✨🌈,😌💪🌟💚,😔😞😣😩,😊😌✨🌈💚,😊😌✨🌈,😊😌💪✨,😊💪✨🌈,😊🌈💚✨,😌🙏✨🌈,😊🌟💚,😌✨🌈💚,😊✨🌈💪,😊✨🌈💚,😊😌✨,😊💚✨🌈,😊✨🌟💚,😊💚✨🌈,😊😌✨,😊💪✨🌈,😊🌟💚,😔💔😞😣,✨🌟😊,😊😌✨,😊😌✨🌟💚,😊💪✨🌟,😊✨🌈,🌟😊🌈✨,😊✨🌈,😊😌🌈✨,😌😊🌈,😰️🕳️🩸,😊😌🌈,😊✨🌈💚,😊✨💚🌟,😊✨🌟💚,😌💚🌈✨,😔😰🌑️,😊💪✨🌈,😊💚✨🌟,😊😌🌈✨,😌💪✨🌈,😌💪🌈✨,😊😌💪✨,😊😌✨💚,😌✨🙏,😊✨🌈,🌈💪✨🙏,😌✨💚🌈,😊✨🌟💚,😊😌💚🌟🌈,😊😌💪🌟,😊🌈✨",1
s-3186,"😊💪✨🌈,😔💔😞😣,😌💪🙏,😊✨🌟💚😌,😊✨🌟💚,😊✨🌟💚,💔😔😢😞,😊✨🌟💚,😊✨🌟,😊✨🌟,😊✨🌟💚🌈,😊✨🌈,🌟✨😊💚,😔💔😞😣,😔💔😢😞,😊✨💪🌈,😔💔😢😞,😊🌟💪,😊✨🌟💚,😊✨🌟💚,💀🚨️😰️,😊✨🌟💚,✨🌟😊,✨🌟😊💚,😊😌✨,😊✨🌟💚🌈,😊💪🌈,😌💪✨🌈,😊✨🌈,✨💪🌈,😊🌟✨,😊✨🌟,😊✨🌟,😊✨🌈💚😌,💪✨🌈😊,😊😌💪✨,😊😌✨🌈,😊✨🌈💪,💔😔😢😞,😔😞😣😩,😌✨💪🌈,💪✨😌🌟,💔😔😞😢,😌💪✨🌈,😊✨🌈,✨🌟😊💪,😔💔😢😞,💔😢😔😞😣,😔😞💔😢,😊✨🌟,😔😞😩💔,💪✨🙏🌈,😌💪✨🌟,😔😞💔😢,😔😞😣😩,😔💔😞😩,😰🌑🕳️️,😊✨🌈💚,😢😔😞,😔😣😩,😊✨🌟,😊💪✨🌟,😔💔😞😩,😌💪🌈✨,😌💪🌈,😣😩😔,😊🌈✨,😔💔😣😩,😔😞😢,😖😩😞😔😢,😊💪✨,😊😌💪✨🌈,😌✨🌟🙏,😌💚🙏🌈,😔😞😩💔,💚✨🌈😊,😊💚✨🌈,️🚨💀😰,😊💪🌈,💪✨🌟,😌✨💚🌟,😊💪✨,😔💔😞,😔💔😢,😊💪✨🌈,💪✨🌈😌,😌💚🌟🌈,😔💔😞😣,😊✨🌟💚🌈",1
s-3187,"😔😞😣,😰️🌑,😔😞😣😖,😊✨🌈💪,😰🌑️,😊🌟💚,😔💔😢,😌🌈💪,😊💚✨🌈😌,😢😔💔,😔😞😢,😢😔💔,💪✨🌈😊,😊💚🌈✨,💚✨🌈,😔😢💔😞😣,😌💚🌈✨,😊💚🌈,🙏✨🌟😌,😌🙏💚",1
s-3190,"😰🌑️🕳️🚨,😊✨🌈💪,😊💚✨,✨😊🌟💚,😌💪✨🌈,😊✨🌟💚,😊✨🌈,😌💪💚✨,😊✨🌈💚,😌💪🌈✨,😊✨💚🌟,😊💚✨,😔😣😞,😊✨💚,😌🙏💚✨,️😰💀,😔😞😣,😊🌟💚,😊💚✨🌟,😊✨🌟,😊💚✨🌈,️🕳️😰,😊✨🌟,😊✨💚🌈,😌💪✨,😌🙏💚🌈,😊😌💪🌈,😌💚✨🌈,😊💚💪✨,😊🌈✨,😌✨💚🌈🙏,😌💪✨🌟,😊✨🌈💚,😔😖💔,😊✨🌈,😔😞😩,😌💪🌈,😊✨🌈💚😌,😌💪✨🌈,😊😌✨🌈,😊😌✨,😊😌💚✨,😊✨🌈💚,😊🌟💚,😊😌💪✨",1
s-3198,"😊✨🙏🌈,😊✨💚🌈,😊✨🌟💚,🌟🙏💚",1
s-3202,"😔💔😞😩,😔💔😞😢,😔😞😣😩,🙏💚✨🌟,😔😞😩,😊✨🌈,😌🌈💪,🙏✨😊💚,😊💚🌈,😊😌🌟,😌💚✨🙏,😌💪🌈✨,😔😣😩,😊😌✨🌈,😌✨💚,😊😌💚,😌💪✨🌟,😊😌✨,😖😔😞😣,😊😌💪🌈,😔😞😩,😊😌✨🌟,😌💪🌈,😌💪✨🌟🌈,😌💪🌟,😊💪🌟🙏💚,😊😌✨,😌💪🌈,😊😌🌈✨,😌💪🌈,😊😌✨🌈,😌💪✨🌟,😌💪✨🌈,😌💪✨,🌑😰️,😊😌💪🌈,😌✨🌈💪,😌💪✨🌈,😊😌💚🌈,😌✨🙏💚,😌💪🌈✨,😌✨🌈💚,😔😞😣😩,😔💔😞😣,😊😌✨🌈,😌💪🌈✨,😌💪🌟🙏,😔😞😣😢,😊😌🌈💪",1
s-3203,"😔😞😢,😊😌💪✨🌟,😌💪✨🌈,😰🌑️,😊😌✨🌈,💪✨😌,😌🌈✨💚,😔😞😣,😰🌑🕳️️,😌✨💚🌈,😌💚🌈,😌💪🌟🌈,💪✨🌈😌🙏,😌💪✨🌈🌟,😰️😔😖,🌑🕳️😰️🚨,😰️🚨😖,😰🌑️,😔😞😩,😊😌💪,😊✨🌟💚,😌✨💚🌈,🚨💀😰,🙏✨😊💚,😔😞😣,😊🙏✨🌟💚,😊✨🌟,😔😞🌑😩,😌💚🌈,😔😞💔😢,💀🌑🕳️😰,😔💔😞😢,😌✨🌟🙏,️😰🌑,😔😞😣😩,😔😞😣,😌✨💚🌟,😌💚🌈,😞😔🌑,️😰🌑,😔😞😩,😌💚🌟🙏,😊✨💪😌🌟,😌✨🌟💚,😔😞😩,😌✨🙏🌟💚,😊✨🌟🌈,😌💚✨🙏,😔💔😞,😔😞😣,😊✨💚🌈,😌💪🌈✨,️😔😞💔,😊💪🌈✨,😔😞😢,😔🌑️,😔😞😩,😌💚🌟✨,✨🌟💪,😔😞😣😢,😔💔😞😣,😌💪✨🌈,😰️🌑🕳️,😌💪✨,😊✨🌟,😊💚🌟💪,😌💪🌈,😰🌑️,💪✨🌈😌,😰🌑️,️😔🙏,😊😌💪✨,😔😞😣,🌑💀️,😔💔🌑😞,😰🌑🕳️,😩😞😔,😊✨🌈,😊✨💚🙏🌟,💪✨🌈,😌✨🌈,😔😞😣😖,🙏💚✨🌈,😩😔😞😢,😌🌟💚,😌💪✨,😊✨🌈,💚✨😊,😌✨💚🌈,😰🌑️,😔😞😣😖,😌✨💚🌟,😰🌑️,😌✨🌟💚,😰🌑️,😊✨🌟,😊🌟💚✨,😊🌟💚,😌💪🌈,💪✨🌈",1
s-3204,"😊😌🌟💚🌈,😌✨🌈,😌💚🌈,😌✨💚,😌✨💚🌈,😊✨🌈💚,😌💚🌈✨,😊🌈✨💚,😌💪✨🌈,😌✨🌈,😌✨🌈💪,💪✨😌🌈,😊✨💪,😔😢😞,😊😌🌈,💪✨🌈😊,😌✨🌟🌈,😔😞😣,😊😌💪,😊✨💚🌟😌,😊💪✨🌈,😩😞😣😔,😊😌✨,😌🙏💚,😔😞😣,💊😰️🌑,😔😣😩,😌💚🌈✨,😌💪🙏🌈,😌💪✨🌈,💪🙏✨😌,😊😌✨🌈,😊🌟💚🌈😌,😊😌✨🌈,😔😞😣😩,😊💪✨🌈,😊😌✨🌈,😌✨💚,😊😌💪✨,😊😌🌈✨,️🌑💀😰,💊😰🚨,😊😌✨🌈,😌✨🌟💚,😊💪✨,😣😢😔😩,💊😰️,😌💪🌟,😌💪🌈✨,😌🌈💚✨,😌✨🌈,😊😌💪,😌💪🌈✨,💊😰🌑️,😌💪✨🌈,😌✨🌟,💪✨😌,😊😌✨🌈,😔😢💔,😊✨🌈💚,😊😌💪,😔💔😞😣,😊✨💚🌟😌,😔😞😖😩,😞😔😣😩,😌✨🌈💚,😌💪✨,😌🙏💪🌟,😊😌✨🌈,😌✨🌈💚🙏,😊💪✨🌈,😔😞😣,😌💪🌈,😔🌑🕳️😞,😌🌈✨💚🌟,😌🌈✨💚,😌🙏💚🌈,😊😌💪✨,😊😌✨🌟,😌💪🌈✨,😌💪🌈✨,😌✨🌟💚,😌🌟✨🌈,😌💪🌈,😊✨🌈💚😌,🌑😰️💀🕳️,💊😰🌑️,😔💔😞😢,😌💚✨🙏,😊😌🌈✨💚,🌈✨😌,😊😌✨🌟,😌💪✨🌈,😊✨🌈,😔😞😣😖,😌💪🌟,😊😌💪🌈,😊✨💪🌟,💊😰️",1
s-3207,"😔😞💔😣,💪✨😌🌈,😔😞😩😖,😔😰🕳️️,😔😞😢,💔😔😞,😔😞😣,😊😌✨,️🚨😰🌑,😌💪🌈,😔😞😩,😔💔😢😞,😔😞😣💔,😢😔💔😞,😊💚🌈✨,😔😞😩💔,😊💪✨🌟,😊💪✨,😊✨🌈💪,😊😌✨🌟💚,😊😌✨,😊😌✨,🌟✨😊,😊✨🙏💚🌟,😊💪✨🌟,😌💚🌈✨,😌💚🌈,😊✨💪🌟💚,😊💚🌈✨,😌✨🌈💪,✨🌟😊💚,😊✨🌈💚,😌✨🌟,😊😌💪✨,✨🌟💚,😌💪✨🌟,😌💪🌟🌈,😌💪🌟🙏,😌💪🙏,😊😌✨🌟💚,😊😌💪✨🌟,😊💚🌈,😌✨🌈,🌟💪🌈,😌✨💪,😔😞😩,😊😌✨🌈,😌✨🌟,😊✨🌈💪,😊💪✨🌈,😊😌💪🌈,😊✨🌈💪,😊✨🌈💚,😌💪✨🌟,😌💪✨🌈,😰️,😊✨🌟🌈,😊🌟💚,😌💪🌟✨,✨🌟💚,😌💪🌟,😊😌✨🌟,😊😌💪✨,😊🌟💚😌,😊😌✨🌈,😊😌💚✨,😌💪✨,😊😌💪✨,😊🌟💚,💪✨😌,😊✨💪,😌💪🌈🙏,😰🌑🕳️️",1
s-3212,"😊😌💪🌈,😔💔😢😞,😌😌✨,😊✨🌟💚🙏,😌💪✨",1
s-3226,"😌💚🌈🙏,😊💪🌈✨,😊✨🌈,😔💔😞😩,😔😞😩,💊️😰🚨,😊💚✨,💔😔😣😖,😊💪✨,😊😌🌟✨,😊🌟💚🌈,😌🌟💚,😊😌✨🌈,😔💔😞😣,😔😞😖😩,🌈💚🙏✨,😊✨🌈💚,😌✨🌈,😊✨🌈💚,😊😌✨🌈,😊😌🌟🌈,😊✨🌈,😌🌈💚✨,😊✨🌟💚🌈,😊💚✨,😊💚🌈,😌💪🌟💚,😌💪🌈✨,😔💔😞😩,😊🌟💚",1
s-3233,"😌💪🌈,😔😣😞😩,😰🌑🕳️️,😊💚🌈✨,😔😞😣,😊✨💪🌈😌,😊😌🌟💚,😊✨💚🌈😌,😊😌💪,💔😔😢😞,😔😞😢",1
s-3249,"😌✨🌈💚,😔😣😖😩,😊😌🌟💚,💚🙏😌✨,💀🕳️️😰,😊✨🌈💚🌟,😔😞😣😩,😊💪✨,😌💪✨🌟,😊✨🌈,😰🌑🕳️️,😌✨🌟💚,💪😌✨🌈,💪✨🌟🌈,😔💔😢😞,😌💪✨🌈,😌💪✨🌈,😊💚✨🌈,😌🙏💚🌈,🌑😰️,😔💔😞,😔💔😞😢,😔😞😣,😊😌✨💚🌈,💚🙏😌✨,😊✨🌈💚,😔😞😢😣,😊✨🙏🌈,😊✨🙏🌟,😌💪✨🌟,💪✨😌🌈😊,😔😞😣😩,😰🌑️,😊✨🌟💚,😊😌✨,😊✨🌟💚😌,😔💔😞,✨💪🙏🌟,😊✨🌟,😊🌟💚,😔💔😞😩😢,😔😞😣😢,😔💔😞,😊✨💪🌟,😊😌🌈,😊😌✨🌟,😌💪✨🌟,😌✨🌈,😊✨🌈💪",1
s-3253,"😊✨🌟,😊💪🌟,😌💪✨,✨💪😊,😊✨💚🌈,😊😌✨💪,😊😌✨,😊💚🌈✨,😊✨💚,😌💪✨,😊✨🌈,😊💚✨🌟😌,😌😊✨,😊😌💪🌈,😊😌💪✨,😌💪✨🌈,😔😢😞,😌💪✨,😌✨🙏,😊✨🌟💚,😊😌✨🌈,😔😞😢,😞😔😣,😊😌✨🌟,😊✨🌟💚🌈,😊💪✨🙏💚,😌💪🌟💚,😊😌🌟,😊💚✨🌈😌,😊✨🌈💚,😌💚✨🌈,😊✨🌟,😊✨🌟,😊✨🌟,😊✨🌟💚,😊✨🌈,😊✨🌈,😊😌💪🌈,😊💪✨,😊😌✨🌟,😊🌟💚,😊💚✨,😊🙏✨😌,😌✨🌈💪,😊😌✨🌈,😊✨💪,😊✨🌟,😊😌✨🌈,💪✨🌈😊,😊💪😌🌈,😊😌✨🌟💚,😔😢💔😞,😊😌🌈,😔😢💔😞,😌💚🌈✨,😌💚🌈,😊😌✨,😌💪✨🌟,😊💚🌈✨,😊😌✨🌈,😊😌💚,😊✨🌟💚,😊😌✨💚,😌💪🌟✨,😊✨🌟💚,😊😌✨,😊✨🌟,😊✨🌈,😌💪✨🌈,😊✨💪,😔😞😢💔,😌✨🌈,😊✨💚🌈,😌💪🌈,😔😣😩,💪💚✨🌈,😌💪🌈,😌💚✨🌟🙏,😌💪✨,😊✨🌟💚,😊✨🌈💚,😌💪✨,🌟💚😌✨,😊✨🌟,😊😌🌈,😌💪✨,😊✨🌈💚,😌💪✨,😔😞😣😖,😌💪✨🌈,😔😞😖💔😣,😊😌💪,😊✨💚🌈,😊✨🌈,😌✨🌈💚,😊✨🌟,😌💚✨,😊✨💚🌈,😊😌💪✨,😊✨🌟",1
s-3255,"💪🌈😌💚,💀🚨😰️,😞😩😰🌑🕳️,😔😞😣,😔😞😣,💪✨🌈,😔😢😞😣,💪✨🌈,😔😣😖,😔😞😣,😌✨🌈💚,😔🌑🕳️😞,💀😰️🌑,💀😰️,😌🌟💚,😔😞😣,😔😞😣😩,😔😞😣,😣😩😔,😊💪✨🌈,😔😣😖😩,😔😞😣😩,😔😞😣😖,😰🌑️🕳️,😔😢😞,😔😞💔😣,😰💀🌑,😊😌✨💚🌈,😔😞😩😢,😢💔😔,😔💔😢😞,😌✨💚🌈,😢😣😩😖,😊😌✨🌟,😔😞😣,😊✨🌟💚,😔😞😣,😰🌑🕳️️,😢😞😣,😔😞💔,😔💔😞😣,😌💪🌈💚,😌💪✨🌈,💀😰🌑️,😊😌💚✨,😔😞💔😣,😌💪✨,😔😞💔,😔😞😣,😌✨🌈💚,😌🙏💪,😢😔😣,😰️,😌💪✨🌈,😰🌑️,😔💔😞😣,😌💚🌈✨,😊✨🌈💚,😌💪🌈,😔😞😣,😊✨🌈,😌💪✨,😌💪✨,😔😞😣,😊😌✨🌈,💀😰,😌💪🌈✨,😊🌈✨,😊🌟💪,😔😞️💪,😌💪🌟,😰🌑️,😌💪🌈,😞😩🌑😰,😞😖😩😰🌑,💀😰️,😔😞😩,😔😢💔,😰🌑🕳️️,😔😞😣😖,😔😞😣,😔😞😣,😔😣😖,😊💪✨,🌑😰️🕳️,😔😞😣😩,😔😞😢😣,😔😣😞,😔😞😣😩,😔😞💔😩,😔😞😣,😌💚🌈✨,😌💪✨🌟💚,😔💔😞😣,😊😌✨🌟,😰🌑🕳️️,😔😞😣🌑😩,😔😞😩,😌✨🙏💚,🚨💀️",1
s-3256,"️🚨😰🌑,😔😣😩💔",1
s-3265,"😊😌✨🌈,😊💪🌟🌈,😊💚🌈,😌🙏💚,😌✨💚🌈,😌💚✨,😌💪✨🌈,🙏💚🌈,😊✨🌟💚,😔😞💔😣,😊✨🌟💚,😊😌✨🌈",1
s-3270,"💀️🚨,💀🌑🚨️,😰🌑️",1
s-3281,"😢😔😣😞,💀🚨️🕳️,💀🚨️😰🕳️,😔💔😢😞,😣😖😩😔,💀💊🔪️,💀️🚨,😞😩😔,🌑😰💀,😰🌑️,😔💔😞😢,😢😞😣💔,😔😞😢,😔💔😞😩😖,😔💔😞😣,😔💔😞😣,😔😞😖😩,🌑😰️,😔😢😞,😢💔😖😩,😔💔😢😞,💀🌑😰️,😔💔😞😩,😔💔😞😣,🌑😰️🕳️,😔💔😞😣,🚨💀🕳️️😰,😔😞😣😩,😰🌑🕳️,😰️🌑,🌑😰💀️,😔💔😢😞,😔💔😞😢,😔💔😞😣,😔💔😞😣,😌💪✨🌈,😰🌑🕳️️,😔😞😖😩,😩😔️🌑,🕳️😰🚨️🌑,😞💔😣😔,🌑😰️🕳️,💊💉💀️,😔💔😞😢,🩸😰🌑🕳️,😔💔😞😣,😔💔😞,😔💔😢😣,😔💔😢,😌✨🌈,😔💔😢,😔💔😞😢,💊😰️🌑,😔💔😢😞😣,😔😞💔,😊💪✨🌈,😢😔😞,😰🌑😔😞,😔💔😞😩,😔😩😢😞,😔💔😞😢,😢😔💔,😔💔😢,😌💚🌈✨,😌💚🙏✨,💀😰️,😰🌑️,😔😞💔😢,💔😖😔😩,💔😞😢,😊🌟🌈,😌✨🙏💚,😰💔🌑️,😌💪🌈,😔💔😞😢,💪✨😌🌈,😊💪🌈,😌💪💚🌈,😌✨🌈💚,💔😔😞😢,😔😖😩💔,😔💔😞😩,😢😞😔😣,😔😞💔,💔😔😞😢,🌈✨😌💚,💚✨😌,😔😞😢,😌💪🌟✨,😌💪✨,😔💔😞😢,😊✨🌈,😌✨🌟,😊✨🌈💚,😌💪✨🌈,😊😌✨💚,😊😌🌟🌈,✨🌟😌,😌💪🌈✨,😌✨💚🌈",1
s-3293,"💪✨🌟,😌✨💪🌈,️💀🌑🕳️,😌✨💚🌈,😔😞😩,😌💪🌟✨,😔😞😣,💪😌🌈,😊✨💪,😔😞😣😩💔,💪✨🌈,😢😣😔😞,😢😣😔💔,😢😔💔😞,😊🌟💚,😊💪✨🌈,😔😞😣😩,😔😞😣,😊💪✨🌟,😔😞💔😢,😔😞😩,😌💪✨🌟🌈,🌟😌🌈💚,💀🌑🕳️😰,😔💔😢😞,💪✨🌟💚,😔💔😩😞,😔😢😞,😊✨🌟💚,😔💔😞😣,💪✨🌈,😌💚✨🌈,😔💔😞😩,😔💔😞😢,😔😞😢💔,😌💪🌈✨,😔😞😢💔,😔😢😞😣,💪😌🌈💚,😔😢😞,😔😞😢😣,💪😌🌈🙏,😔😞😣,😌💪✨🌈,😌💪✨,😊✨🌟💚,😌💪✨🌈,😌💪✨,💪✨😊🌟,💪✨🌟😊,💪✨😌,😔😢😣,😔💔😢,😔😞💔😩😢,😔😞😩,😢😔😞😣,😔😣😖😩,😔💔😞😩,😣😩😞,💪✨🌈😌,💪🌈😌✨,😌💪✨🌈,😔💔😞,😔😞😢,😔💔😢😞,😌💚🌈🙏,😌🙏💚,😔💔😣😞,😌💪✨🌟,😊✨🌟,🙏✨🌈💪,😰️🌑💀,😔😞😣😖,😔💔😞,😌💪✨🌈,😢💔😔😞,😊😌✨🌈,💪✨🌈,😔😢😞,😔😞😣,💪✨🌈,😔😞😩,😊✨🌟,💪✨🌈,💪✨🌈😌,😔😞😩,💪✨🌈😊,😔😞😩😖,😌✨🌈,😌🌈✨💚,😌💪✨🌈,😢😔😞😣😩,😔😞😣💔,😔😞💔😢,😌✨🙏🌟,😌💚🌈,😌💪✨,😔😞😣,💪✨🌟😊,😊✨🌟",1
s-3298,😊😌💪🌈,1
s-3309,"😰🌑🚨,😰💀🌑,😰🌑️,😌🌈✨💪,🌑😰️🕳️,😖😩😔😞,🩸😰💀️,🌑😰🕳️️,😔💔😢😞,🙏💚🌈,😢😔😞,💪✨🌟,😢😣😩😔,😌💪✨🌟,😔😞😢,💀😰️,😖😩😣😔,😔🌑,💀🚨️😰,😔😣😩,💀😰🌑🚨,💀🌑️,😌💪✨🌟,😣😖😢💔,😖😰😩,🕳️🌑😰💔😖,😔😞😩,💀😰️,😔😞😣,😢😔😞💔,😰🌑️🚨,😰🌑🕳️,😣😖😩💔,💪✨😌🙏,😌💪✨,😊💪✨,😔😞💔,😔😞😣😩,😔😞😩,😔💔😞😩,😣😖😩️,😔😞😣😖,✨🌟😌💚,️😰💔,😔😣😖😞,😔😞😢️,😔😢💔😞,😌💚🙏✨,😔😞😣,😰🌑💔😞😣,😔😞😣,😔😞😩,😔💔😢,🕳️😰🌑️,🩸🕳️😰💀,😔💔😢,😌🙏💚✨,😌💚🌈,😔💔😢😞,😔💔😢,😔😢💔😞,💪😌✨🌟,😌💪✨🌈,😊😌💪✨,😔😞😩,😰🌑🕳️️,😌💪✨🌈,😩😞😔😣,😢😔😞,😌💪🌈🙏,😔😣😩,🙏✨🌈,💀🌑️😰,💀😰🌑️,😔😞😣,😌💪🌈,😔😞😩,😌✨🌈,😔💔😞😢,😔💔😞,😌💪✨🌈,😣😩😔,💪💚🌈,😞😖😩💔,😰🌑🕳️️,😌💪🌈✨,💪🌈😌💚🙏,😔😌💪,😔💔😢,😌💪🌟,💪✨🌈😌,😔😞😖🌑,😔😣😖,😔💔😞,😣😖😩,😔😞😩💔,😔😞😣💔,😔😢😞😣,💪✨🌈,😊🌈💪✨",1
s-3326,"🙏✨💪,😔💔😞😩,😌✨🌈,😊✨🌟",1
s-3331,"😌🙏💚🌈,😌💚🌈✨,😊✨🌈,😌💪✨,😌💪✨🙏,😊😌💚🌈,💀😰🌑,😌✨🌈,😞😣😩😔,😌💪🙏💚,😰💀️,😌💪✨🌈,😌🙏💚,😌💪🌈,😌🌈💚,😌💪✨🌈,😰️🚨,💔😞😣😔,😰️,😌✨🌈😊,😊😌✨🌟💚,😊✨🌈💪,😌💪✨💚,😔😞😣😖,😊✨🌟💚,😊😌✨🌟,😊💪✨🌟,😊✨🌟💚,😊😌💪🌈,💔😔😞😣,😔😞😢😣,😖😩😣😔,️😰💊,😌💪✨🌈,😊😌✨💪,😊💚🙏✨,😌💪✨,💊😣😰️,😌💪🙏✨,😊😌🌟,😊😌✨💚🌈,🌑😰️🕳️,💉️🚨💀,💊️😰💀,💊💉️🚨💀,😌💪🌟💚,💀️🚨,😊✨🌟,😔💔😞,😔😣😩,😔😞😣,😊😌✨,💊️🚨😰💀,😰🌑💀,😌✨🌈💪,😊😌✨🌈,😊😌✨,😌💪🌈✨,😌💚✨🌈,😰🌑️,😣😖😩😞,😌💪✨🌈,😌💪🌈,😊✨🌟💚🌈,💀️😰,😊😌✨🌈,😊✨🌟,💀🔪️😰,😖😩😣,😔😣😞,😊😌💪,😊😌✨,💊😰️,😊😌💪,😊💪🌈,😊😌✨🌈,😔😞💔,😊😌💚,😣😖😩😞,😖😩😔😞,🚨💀️,😊😌💪,😊😌💪🌈,😌💪✨💚,😔😞😖,😌✨💚🌟,😌✨💪,😔😞😣,✨🌈💪💚,😣😖😔😞,😌💪🌈,😔😞💔,😔😣😖😩,😌✨🌈,😊🌈✨,😌💪✨🙏,😌💪🌟🌈,😔😞😣,😔😞😣,😔😞😣",1
s-3353,"😊✨🙏💚,😊✨🌟,✨🌟💪😊,😊✨🌈,😔😞😢😣,️😰🌑😔,😌✨🌈💚,😊😌✨🌟,😊🌟💚,😊🌟💚,😊😌💚✨,😌💪🌟🙏,😌💪✨,😊😌💪✨,😊😌💚,😊🌈💪✨,😊😌💪✨🌟,😊😌✨🌟,😊😌💪🌈,😊✨🌈,😊😌✨🌈,😌💚🙏,😊✨🌟💚,💀🚨️😰,😰🌑️😔,😰😔😞,😊😌✨🌈,😊✨💪🌟,😊😌✨🌟,😊😌💚✨,😌💪✨,😊😌💚,😊✨🌟,🌈💚😊🙏,😊✨🌟💚🙏,😊✨🌟,😌✨🌟💚,😊🌈🌟💚,🌈✨😊,😊✨🌈💪,😊😌💪,😊✨🌟,😊✨🌟,😊✨🌟,😊💚🌈,😊😌✨,😊🌟💚,😊✨🌟💪,😔💔😢😞,🌟😊✨💚,😊😌💪,😊🌟💪✨,😌💪✨,😊🌟💚🙏,😌✨🌟💚,😊😌💚,😊😌💪✨,😊✨🌟,😌😊✨,😌💪🌟✨,😔😢😞💔,😌💪🌈✨,😊✨🌈,😊💚✨🌟,😊✨🌟,😊✨💚,😊😌✨🌈,😊😌💪✨,😊😌🌟💚,😊😌💚🌈,😊✨🌟💚🌈,😊😌💪,😊💚✨,🙏💚🌈,😌💪🙏,😌💪🌈✨,💪✨🌈,😊😌🌟,😊💪🌈,😊💚🌈,😌🙏💚✨,😊🙏✨💚,😊💚🌈,😊😌💚🌈,😌💪🙏,😊✨🌟💚🌈,😊😌💪,😊🌟🌈💚,😊🌟💚✨,🙏😌💚✨,😌💪✨🌈,😊💪🌟,😊💚🌟,😊😌💚,😊😌✨🌈,😊✨🌟,😊✨🌈💪😌,😌💚🌟,😊💪✨,😊💚🌟",1
s-3355,💪✨🌈💚,1
s-3358,"💊😰️,😊😌🌟,😌💪🌈,😊😌✨,😊😌✨🌈,😊😌✨🌈,😌✨🌟,😔😣😖😩,😊💚✨🙏,😰😔️,😔😞😩,😰😔️,️😰🕳️,😌💪🙏💚,😊😌💪🌟,🩸😰️🌑,💀💉🌑,💉🚨😰️,🙏💪😌🌈,😣😖😩,😔😞😣😖,😌💪🌟🌈,😔😞😣😩,😌💪🙏🌟,😣😖😩😔,😣😖😩,😰️🌑🩸,😰😖😩,😊😌💚✨,😌💪✨,😊💪✨,😊😌💪✨,😔😣😞😢,😊😌✨🌈,😰😖️,😔😣😖😩,😰🌑😔💔,😊💚🌈✨,💔😞😔😣,😰🌑️,😊😌✨🌈,😣😖😩😢,😞😩😖,😊😌💚,😔💔😞,😊✨🌈💪,😌💪✨🌈,💉️💀,💊💉😰️,😢😩😞😣,😌💪🙏,😌💪🙏,😊😌💪🌈,😣😖😩,😊😌✨🌈,😔😣😖😞,,️🚨😰🌑,😊💪🌈,😌💪🌈,😔😞😣😩,😔💔😣😖,😌💪🙏,😩😞😔,😔😣😖😩,😰️,😔😣😩💔,💔😔😞,😊💪🌟💚😌,😊😌✨,😊✨🌟💚,😊💚✨🌈,😌🙏😊🌟,😊✨🌟💚,😊✨🌟,✨🌟😊,😊😌💚,😊💪✨,😔😞😣😩,😌✨🌈💚,😊✨🌈💚,😔💔😞,😔💔😢😞,😣😖😞😔,😔😣💔,😌💪✨🌈,😊😌✨,😊😌✨🌈,😊💪✨🌈,💪🌈🙏,🙏💚😌✨,💊😰️🚨,😊😌🙏✨,😊💚🌈,😊😌✨🌟💚,😊😌✨,😌💪🌟,️😰💉,😌💪✨🌈,😔😞😩",1
s-3384,"🌑🕳️😞😰,💀️😰🌑",1
s-3389,"😔😖😩,🌟✨💚😊,😊🌈✨💪,😊🌟💪,😊🌟💚,😔😞😩,😊✨🌈💚,😔💔😞,😌✨🌈,😊✨🌟,😊✨🌟,😌💚✨🌟,😔😞😢",1
s-3391,"😌💪🌈,😌🙏🌈,😊😌💪🌈,😊✨🌈💪🌟,😊😌🌈💚,😌✨💚🌟,😔😞😖,😌💚🌈,😌✨🌈💚,😊😌💚🌈,😊😌🌈✨,😊😌✨💚,😊✨🌈💪,😊✨🌟💚,😊✨🌈,😢😔💔😞,😊😌✨🌈,😊😌✨🌈,😢😔😣😩,😌🙏💚✨,😊😌✨💪,😌💪✨🌈,😌💪✨🌈,😊✨🌟🌈,😊✨🌈💚,😊😌💪,😌✨💪🌈,😌💪✨🌈,😔😢😞😣,😔😞😩,😌💚🌟🙏,😌🙏💚✨,🌟💪🙏✨,😊😌✨🌈,😌💪🌈🙏,💪✨😌💚,😊😌✨🌟,😊✨🌟💪,✨🌟💚,😊😌✨🌈,😌💚✨🌈,😊😌🌈,😌💪🌈,✨🌟😊💚,😊💪✨🌟,😊✨🌟💚🌈,😊✨🌟💚,😊✨🌟🌈,😔😞💔😣,😊✨🌈,😌🌈✨,😌💪🌈✨,😊😌💪🌈,😌💪✨,😌💪✨🌟,😊✨🌈,😌🙏🌈,😊😌✨🌈,😌💪🙏,😌💚🌈✨,😌💪🌟🙏,😌✨💪,😊✨🌈💚,😌💪✨🌈,😌💪🌈,💪✨🙏,💚✨🙏😊,😊😌💪,😊✨🌟💚,😊😌✨,💚🌈😌🙏,😌✨🌈,😊✨🌟,😊✨🌈,😊😌💪,😊✨🌟,😢💔😞😔,😊🌟💚,😊✨🌟💚,😌💚🌈🙏,😊🌟💚,😊😌💚🌈,😔😞😢,😰😔😖,😊😌🌈✨,😌💪🌈✨,😊✨🌈💚,😔😞😢💔,😔😞😩,😊😌✨🌟,😊✨💪,😊😌✨🌟,😊✨💚🌈😌,😊😌🌟💚,😊😌✨🌟,😊💪✨,😊😌💪🌟,😊😌💪,😊😌✨",1
s-3401,"😊✨🌟💚,😊🌟💚✨🙏,😊😌✨🌟,😊😌💪✨🌟,😊✨🌟💚,😊✨🌟,😊😌✨🌟,😊😌✨💪",1
s-3407,"😌💪🌈✨,💪✨🌟,😔😞😩,😌💪✨🌈,😊✨🙏🌟,😊😌🌟,😊😌🌈✨,😌💪✨,😊💪🌈,😖😩😣😢,😊✨🌈💪,😊😌✨🌟,😌💚🌈,😊😌✨💚,😊✨🌈💚,😌💪🌈,😌✨🌈💪,😊✨🌟,😊💚🌈✨,✨🌟😊💚🌈,😌😊🌟💪,😌💪✨🌈,😊😌✨🌟,😔😞😣,🚨️😰,😊😌✨🌟,🙏✨💚🌈,😌💪✨🌟,😊💪✨🌟,😌💪✨🌈,💪✨😊🌈😌,😣😖😩,😊😌🌈,😔😞😣😢,😊😌✨💚,💪✨😌,💪✨🌈,😔😞😩😢,😌💪🌈✨,😌💪✨🌟,😔💔😞😩,😌✨💚",1
s-3411,"😊😌✨🌈,😊✨🌟💪,😊😌💪✨🌟,😊✨🌟,😊✨💚🌟,😊💚🌈✨💪,✨🌟💚😊😌,😔💔😞,😊🌟💪🙏,😊😌💪🌟,😔😞😣😩,😊✨🌟,💪✨🌈😌💚,😌💪🌟,😊✨🌟💚,💀🌑🚨,😊😌✨,💪✨🌟🙏,💪✨💚,🔪🩸️😰,😊💪✨🌟💚,😌💪🌈",1
s-3416,"🌟🙏💚😌,😊🌟💚,😌💚🌟✨,😊✨🙏",1
s-3421,"😌💚🌈,😊✨🌟,😌💪🙏💚,😣😩😔😞,😌🌈💚✨,😊🌈💪✨,😔💔😞😣,😔😣😖😩,😞😣😩😔,😊😌🌈✨,😌✨🌈,😌💪✨🌈,😊✨🌈,😌✨🌈💚,😊💚🌈,😔💔😢,😔😞😣😩,😔😞😣,😊✨🌈💚,😊😌✨💚,😌✨🌈,😌✨🌈,😊💪✨,😊💚🌈,😊😌💚🌈,😊😌🌈,😊✨🌈,😌✨🌈,😊😌💚🌟,😌💚🌟🌈,💪✨🌈😌,😊💚✨🌈😌,😊😌✨💪,💉💊️😰🌑,😔😞😢😣,😊😌💪,😊💪🌟🌈,😢😔💔😞,💪🙏💚,😔😣😞😩,😊😌✨,😔😞😣,😊😌💚🌈,😊😌💪🌈,😌🙏😊,🌑😰️,😌✨🌈💚,😊😌✨🌈,😊✨🌟💪,😊😌🌈,😔😞😣,😊💪🌈,😊😌✨🌟,😌✨🌟🌈,😊🌟💚🌈,😊💚🌈✨,😌✨🌟,😊😌✨🌟💚,😌💪✨,🌑😰️,😌💚🌟✨,😊✨🌟🌈,😊🌟💚✨,😌💪✨🌈,😌💚🌟,😌💚✨,😊😌✨🌈,😌💚🌟✨,😊🌟💚🌈,😊😌✨🌈,😊😌✨🌟,😊😌💪,😌✨🌈💚,😊✨💪,😌💪🌈,😌✨💚🙏,😔😞😩😣,😊😌✨🌈,😌💪🌈✨,😌💪✨🌈,😊😌💚🌟,😔💔😞😣,😔😞😣,😌💪✨🌈,😊😌✨🌈,😌💚✨,😔😞😢😣,😞😣😩,😌💚✨🌈,😊😌🌈✨,😌🌈✨,😊😌✨🌈,😌🌈✨💪,😊✨🌈💚,💊😰🌑,😊😌💚,😊😌💪✨,😣😩😔,😌✨🌟",1
s-3427,"💪✨🌟,😔😞😩",1
s-3433,"😔😣😖😩,😔💔😢,😔😢😩💔,😔😣😩😞,😔😞😢😩,😊😌💪,💪✨😌,😔💔😞😩,😌💚🌈,😔😞😣😖,😌💪🌈,😌💪✨🌈,😌✨🌈💚,😌💪✨🌈,💔😔😞😣,😣😔😖😩,😊🌟🌈,️😰🌑,😌💪🌈🙏,😌✨🌟,😔😩😢💔,💔😔😞😣,😌🙏🌈,😌💪🌈,😊💪✨,😞😣😩💔,💪✨🌈,😣😩😔",1
s-3434,"💪✨🌈😌,😊😌💪,😊✨🌟💚,😊🌟💚🌈,😊✨🌟💚🌈,😔😞😣,😌💪🌈✨,😊✨🌈😌,💀😰,💀😰️🌑,😔😞😣,💀🚨️😰,😰️🚨,😊✨🌟,💀🌑😰️,💀🌑️,😔💔😞,😔😞😣😖,😌💪✨,😊✨🌈💚😌,💪✨🙏💚,😔😞😩,😌💚🌈,😔💔😞,😌🌟💚🙏,😊😌💚✨,😢😔😞,😊✨🌈💚,😊💚🌟✨,😊💚🌈,😔😞😩😢,😊✨💚🌟,😊✨💚🌈,😔😢😞😣,😞😔💔😣,😔💔😞,😔😞😩,😊😌🌈,😔😞😣😩,😊💚✨🌈,😊✨🌟,😊✨🌟,💊😰️🌑,😔💔😞😢,💀😰️🌑,😊✨🌟💚,😊✨🌈💪,😔😣😖😩,😔😢💔,😔💔😞,😔💔😞😣,😔😣😩,😰️🌑,💀🌑😞😔,😰💔😔,😔😞😩💔,🌑🕳️😰😔,😊💚🌟,😌✨💚,😔💔😞😣,😔💔😞😣,😔😞😩,💀😰🌑🚨,😩😞😔😣,🌑🕳️😰️,🌑😰️,😊😌✨🌟,😊✨🌟💚",1
s-3435,"😊✨🌈💪,😊😌✨🌟,😊✨💚🌈,😔💔😢😞,😊💚✨🌟😌,🌈💪😌,😌💪🌈,😊✨🌈,😔😞😩,😊✨🌈,😌💪🌈,😊✨🌟,😊✨🌟,😌✨💪,😊✨💚,😌💚🌈✨,😌💚🌈,😊💚🌈✨,😊✨🌈,😊😌✨🌈,😊✨💚🌟😌,😊✨🌟💚🌈,😌✨💚🌈,😌💪✨🌈,😌💪✨🌈,😊✨💪🌈,😢😞😔,😊✨🌟💚,😊😌✨🌈,😌💚✨🌟,✨😊🌟💚,😔😞😩😣,😊✨🌈💚,😌✨🌈💚,😊✨🌈💚,😊🌟✨💚🌈,😊✨🌟,😔😞😢💔,😌💚🌈,😌✨💚,️🚨😰🌑,😊✨🌟💚😌,😊✨🌟💚,😔😞😣😖,✨😊💚🌈,😌💚🌈✨,😊😌💪🌈,😌🌈💚,😌💪🌈✨,😌💚🌟🙏,😌✨🙏💪🌟,🙏✨🌈😌,💔😔😞😢,😊✨🌟,😊✨🌈💚,😔😰🌑️,😊🌈💪✨🙏,😔💔😢😞,😌✨💪🌈,😔😞😩,💀😰️,😊😌✨🌈,😊😌💪✨,😔😞😣,😊✨🌟💚,😊💪💚🌈,😌💪🌈,😌✨🌟💚,😔💔😢😞,😊🌟🌈,😊✨🌟💚🌈,😊✨🌈,😊✨🌟,🌈💪✨💚🙏,😌💚🙏,😌💪✨,😊✨🌈💪,✨🌟😊💪,💪✨😌🌈,✨🌟💚😊,😔💔😢😞,😔😞😢,😊✨🌈💚,😊✨🌟💚,💚✨💪🌟😊,😊💚🌟💪,😔💔😢😞,😊💪✨🌟,😌💪✨",1
s-3448,"💔😔😞😣,🙏✨💚,😊✨🌈💚,😰🌑💀️,😊🌟💪✨,😊✨🌟,😔💔😞😢,😌🙏💚,💔😔😞,😊😌💚🌈,😌🌈💚,😊😌✨🌈,😔😞😢💔,😊🌟💚✨🌈,😌💪✨,😊🌟💚✨,😊✨🌟🌈,😌✨🌈💚,😌✨🌈,😊😌✨🌟,😊😌✨🌟💚,😊✨🌈,😊🌟✨,😌✨🌈💪,😊🌟💚,😊✨🌈,😊😌💪✨,😊✨🌟💚,😊✨💚,😌💚🌈✨,😌🙏🌈,😊✨🌟💪,😊💚🌟💪,😌💚🌈🙏,😊🌟💚,😊💪🌟,😊💚🌟✨",1
s-3454,"😊🌟🙏💚✨,💀🚨️😰,😊✨🌟,😌✨🌈💪,😔💔😞😩,😊✨🌈💚,😊😌✨🌈,💪✨🌈😊,😌💚✨,😊✨🌟,😊😌✨🌈,😊✨💪,😊😌✨,😊😌✨🌟💚,😊🌟🌈,🕳️😰️,😊💪🌈,😊✨🌟💚,😊✨🌟💚,😊✨🌈,😔🌑😰,😊😌✨🌈,😌✨🌈💚,😊😌✨🌈,😊😌✨🌈,😌✨🌈,😌✨🌈,😊😌✨🌈,😊✨🌈,😊🌈💚,😊💚🌈,💪💚🌈😌,😌✨🌟💚,😊😌✨,😊💪✨,️💀🚨😰🌑,😊✨🌟,😊😌✨🌈,😊😌✨🌈,😰🌑💀🕳️️,💪✨🌟,😊💚🌈✨,💪🌈😌🙏💚,😔💔😞😖,🚨🌑😰️,😔🌑️,😊✨🌟,😌✨🌟🙏,😌✨💪,😌🌟🙏💚,😔💔😞😣,😔😞😩,😔😞😩😣,😊😌✨🙏💚,😔😞😣😩,😊💚🌟🙏,😌✨💪,😊✨🌈😌💪,😊✨🌈,😔😞😩😣,😰🌑💀,😔😰️🌑,😔😞😩💔,💀🕳️😰️,😌💚🌈,🌑🕳️️😰💀,😌✨🌈💚,😌💪✨🌈,😊😌💪✨,😔😞😢,🌈💪😊✨,😌✨🌈😊,😔😞💔😣,😊✨🌈,😊😌💚🌟,😔💔😞😖,🚨💀🌑,😔😩😰🌑,😰🌑🕳️️,😔💔😢😞,😊✨🌈,😌💪✨🌈,😔😞😢,😊💚✨🌈,😌💚🌈🙏,😌✨🌟🌈,💔😔😢😞,😰🌑🕳️,😔😞😣😩,😰🌑🕳️️,😰🌑💔️😞,😔💔😢,💀🚨😰,😔💔😞😩,😔😞😣,️😰🌑,😰🌑️,💚✨💪😊,🚨️🌑💀😰,💊💀️🌑",1
s-3480,"😰🌑💀,🌑😰💀️,😔😞😢,😰🌑🕳️️",1
s-3507,"😞😔💔😣,😌💪🌈,😊🌟✨,😔😞😩,😔💔😞,😊😌💪✨,😌✨🌈💚,😌💚🌈✨,😌💪✨,💪✨🌟🌈,😔💔😞😣,😊💪🌈✨,😊🌟💪,😌😊🌟,😊✨🌈💪,😞😩💔😣,🌑🕳️😰😔💔,😊✨🙏💚,😊✨🌟,😔😞😢😣,😔😣😩,😔😞😩,😊😌✨🌟,😊😌💪🌈,😔😞😌,😰🌑️🕳️,😌💪✨🌈,😔😞😩,😊💪✨🌈,️😰🌑🚨,😌💪🌟🌈,😔😞😣,😔😞😢😣,😌💚🌈,😔😣😩,😊😌✨🌟💚,💔😔😖,😊💚✨,💪✨😌🌈,😊✨🌟🌈💪,😢😔💔,😌✨💚🌟,😔😞😩😣,😊💪✨🌟,💪✨🌈😌,😔💔😞😩,😔💔😞😣,😔😞💔😣,🙏✨🌈,😔😣😞,😊🌟💚🙏,😔💔😢,🚨🕳️😰💀,😌💚🌈,😊😌✨🌈,😌✨🌟💚,😌💪🌟,😊😌💚🌈,😊✨🌟💚,😔😞😩,😌💚🌈✨,😔💔😞😣,😊😌💚🌈,😔😖😩,😔😞😩,😌💪🌟💚,😊😌✨,😌💪🌈✨,😌✨🌈🙏,😌✨🌈💚,😌💚🌟,😔😢💔😞,😌💪✨,😞😣😩,😌💪🌈✨,😊💪✨,😌✨🌈,🙏😌💚,😌💚✨🙏,😌💪✨🌈,💪✨🌟🙏,😔💔😞😣,😊😌✨🌈,💪✨🌟😊,😩😞😔,🌑😰️,😞😔💔😣,🌑🕳️😰️,😊😌🌈✨,😔😞😩😣,😊🌈✨🌟,😔🌑😞,😌🌈✨💚,😌✨💚🌈,😊🌟🌈,😊🌟💚✨,😊✨💚🌈",1
s-3513,"😊😌🌟,😌✨😊🌈,️😰🌑,😌💪✨,😌😊🌈✨,😔😞💔😢,😔😞😰🌑,😔😞😣,😊💚🌟😌,😌✨🌈💚",1
s-3514,"🚨💀️,💀😰️,😞💔😔😣,😌🙏💚✨,😰🌑️,😌💪🌈,😌💪🙏💚,😌💚🌈,😌💪🙏,😣😖😩😞,😔😞😣😖,😔💔😢,😌💪🌟,💀😰️,😰🌑️,😔😣😩,😊😌💪🌈,😔😢😞😣,😊😌💪,😌✨🌈💚",1
s-3536,"😊✨💚🌈,😌💚🌈🙏,🌑🕳️😰️,😔😞😩😖,😔💔😞😩,😰🌑️🕳️,💔😔😢😞",1
s-3545,"😔😞💔,😊😌✨,💔😔😢😞,😌💚🌈✨,🌑🕳️😰️,😔😞😩,😔💔😞😩,😌🙏💚,😔💔😞😣,😔😞😩,😔💔😞😢,😔😢😣,😔😞💔😣,😔💔😞😣,😔💔😢,💪✨🙏,😌💪🌈,😊😌✨🌈,😊🌟💚✨,✨🌟😊,💀😰️,💔😔😞,😔😞😢,😌💪✨🌈",1
s-3546,"😊😌✨🌈,😔😞😢,✨🌟😊💚,😊😌✨,😊😌✨🌈,😊🌟💚,😊💪✨,😌✨🌟🌈,😊😌✨💪,😊😌✨🌟,😔💔😞,😊✨🌟🌈,😌🌈✨💚,💀️🚨,😊😌✨,💚✨😊,😊😌✨💪,😊💚🌈,😊😌🌈,😊✨😌,😊😌💚,😊💚🌈,💚✨😊🌈,😊💚🌈✨,😊😌🌈,😌💪🌟,😔💔😢😞,😔😞😣,😌💚🌈✨,🌑️💀,😊✨🌟💪,😔😞😣,😔😞😩😣,😌💪🌟🌈,😔💔😢,😊😌✨🌈,😔😞😣,🔪🩸😰️,😔💔😞😢,🌟🙏🌈😊,🌟✨😊💪",1
s-3548,"😔💔😢,😔💔😞,🌟💚✨🌈",1
s-3549,"😊✨🌟💚🌈,😊✨🌟,😊✨🌟💚,😌💚🌈✨,🙏✨😌💚,😔😌💚,🌈😊✨💚,😊✨🌟,😊💚✨🌟,😊💪✨🙏,😊💪✨🌟,💚✨🌟,😊😌✨,😊✨💚🌟,😊💚✨🌟,😊💚🌟,💚✨🌟💪,✨💚😊💪🌟,😊💚✨🌟,🙏💚😌✨,😊✨🌈💪,😊💚✨🌈,😊🌟💚,😊💚✨🌟😌,😊✨💚🌈😌,😊💚🌟,😊✨🌟💚🌈,😊✨🌟💚🌈,😊💚✨,😊😌💚🌈,😊🙏💚,😊🌟💚✨,🙏✨🌟😊💪,😊🌈💪✨,😊✨🌈💚,😊😌💪,️💀😰,😊✨🌟💪,😊✨💚🌈,😊✨🌟,💪✨🌟😊",1
s-3555,"😰️🚨,🌑😰️💀,🚨️🕳️😰💀,😰😣😖,😰🌑🕳️,💀️🌑😰️,😔💔😣,🌑😰️🕳️,😔💔😢😞😣,😰🌑😩️,😊🌟💚😌",1
s-3558,"😔😢😞😣,😔💔😞😢,😌💚🌈✨,💔😔😞😢,😔😞😩,😔💔😞😣,😔💔😢😞,😔😞😣😩,😔😞😩️,😢😔💔😞",1
s-3564,"😊🌟💚,😢💔😔😞,😢😞😣,😔😞😣😩,🌑😰💔,😔😞😣,😌💚🌟,💚🌈✨😌,😔😞😣💔,😔😞😣😢,😔😣😩,💪🌈💚✨,😩🌑💀🕳️,💊️😰,😌✨🌈💚,😌✨💚🌈,😊💪🌟,😌🙏💚🌈,😊🙏✨,😊😌✨🌟,😌💪🌟🙏,😌💪💚✨,😌💪✨🌟,💪😌🌈,😌💚🌈✨,😌💚🌟,💚🌈💪😌,😔😞😣😖,😊😌✨,😌✨💚,😌💪✨,😔💔😞😢,🌈💚✨🙏,😌✨🌟🌈,😔😞😣💔,😊😌💪,😊💚🌟,😌💪🌈,🤔❓,😊😌✨,😊😌✨🌟,😌🙏💚,😌✨🌟💚,💔😔😞😣,😌✨🌈💚,😌💪🌈,💚✨😌🌟🌈,😊✨🌟,😌💪✨🌟,😌✨🙏,😊😌💪✨🌟,😔😣😖,😊✨🌟,😌💪🌈,😊✨🌟,😌✨🌟💪,😌✨💚,💀🌑️😰,😊😌💚,😊🌟💪,😌💚🙏✨,😊😌🌈,😌🙏💚,😌✨🌟💚,😊✨🌈💚,😌💪✨,😌✨🌈,😊😌✨🌟,😌✨💚🌈,😊😌💚,😰🌑,✨🌟💚,😌✨🌟,😌💪🌈,💪✨🌈,😔😞😢😣,😔😞💔,😌✨💚🌈,😌✨🌈💚,😌💚🌈🙏",1
s-3570,"😊😌✨🌈,😌🙏🌈,😊😌💚✨🌟,😊✨🌈,😊💚✨🌈,😊😌💪✨,😌💪✨🌟,✨🌟💪😊🌈,🌟💪🙏,😊😌🌈,😊✨🌟💚😌,😔😣💔😞,😔😞😣,😊🌟💚😌,🙏💪✨😊,😊💪🌟,😊✨💚🌈,😊😌✨💚,😊💚✨🌈,😊🌈✨💪,😌✨🌈💚,😊✨🌟💚",1
s-3574,"😌💚🌈,😔😞😩,😌💪🌈,😊✨🌟💚,💪✨🌈😌,😊✨🌈,😊✨🌟💪🌈,😊✨🌟,😊✨🌟💪,😊✨🌟💚,😊✨🌟💚,😊✨🌟,😌💪✨🌈,😌💚🌟🙏,😊😌✨🌟,😔😞😣😢,💔😔😞😣,😊🌟✨💪,😊💪✨🌟,😌✨💚🌈,😊✨🌟,😊😌✨🌟,😌💪🙏✨,😊✨🌟💚,😔💔😞,🙏💪💚✨,😌💚🌈✨,😌💪🌈,😔😣😖😩,😊✨🌟,😊✨🌈💪,😔💔😞😩,😊✨🌈,😊😌✨🌟,😔💔😢😞,😔💔😞,🙏💚✨😌,😔💔😢,😊✨🌟🌈,😊🌟✨💚,😊✨🌟🌈,😔💔😞😣,😊✨💚🌈,✨🌟😊💚,😊✨🌟,😊✨🌟,😔💔😞😣,😌💚🌈,💚✨🌟,🌈✨😌💚,😌💚🌈🙏,😌💚✨,😔💔😞😖😩,😌✨🙏💚,😔💔😞😩,😊😌💪✨,😌✨🌈,😊💪🌈✨,😖😔😩,🌈✨😊💚😌",1
s-3582,"😊😌✨🌈,😊💪🌈✨,😖😩😔,😊✨🌟💪,😊💪✨,😊😌✨🌟,😊🌈✨💪,😌💚🙏,😊🌈✨😌💚,😌✨🙏,🌟💪😊,😌💪🙏✨,😊😌✨🌈,😊😌🌟,💪✨🌈😊,😊✨😌,😊✨🌈,😊😌💚,😊💪🌟,✨🌟😊😌,😌💪🌈,😔😞😣😖,😌✨💪,😌✨🌟,😌💪✨🌈,😊💪✨,😊😌✨🌟💚,😌💪✨,🌟✨💚,😔😞😢😣,💪✨😌🌟,😌✨🌈💚,😊💪✨,😌✨🌈💚,😌💪✨,🌈✨😊😌🌟,😊💪✨🌈,😊🌟💚✨,😌✨🌈💪,😌✨🌈,😊😌✨🌈,😌✨🌈,😊😌💪,😔😞😣😖,😊😌💚,😌✨💚🌈,😌🙏💚,😊😌💚✨,😊💪🌈,😖😩😔😣,✨🌟🌈😊,😊😌✨🌟💚,😊😌💪🌟,😊🌈😌✨,😊😌✨,😊💚✨🌈,😌💚✨🌟,😊✨🌟💚,😌💪✨💚,💪✨🌟,😊✨🌟,😌✨🌈,😊💪🌟💚,💪✨🌈😌,😌💪✨,😊😌🌈💪,😌✨🌈💚,😊🌟💚✨,😔😣😖😩,😊🌟💪✨,💪✨🌈😊,😌✨💪,😔💔😞😣,😌💪✨🌈,😌🌟💚,😔😌💪,😰🌑🕳️️,😔😞😣,💪🌈😌,😔💔😞,😰🌑️,😊😌💪✨,😌💪🌈✨,😔💔😣😖,😌💪✨🌈,💪✨🌟😌,😊✨🌟,😌💚🌟💪,😔😞😣💔,😊💪✨,😊💪✨🌈,😌✨🌟,😊💚🌟✨,😊🌟💚,💪✨🌈,😌✨🌈💚,😔😞😣😩,😊💪🌟,😊🌟💚✨",1
s-3599,"😊😌💪✨,😊😌✨🌈,😌💪🌟🌈,😌✨🌟💚,😌🌈💪✨,💔😔😞,😊💪✨,😔💔😞😣,🙏💚✨,😌💚✨🌈,😔💔😢😞,😰️💀,😌✨🌈,💪✨🌈😌,😊✨🌟,😔💔😞😩,🌑😰️,😔💔😞,😰🌑💔,😔💔😞😣,😔💔😞😣😩,😔😣😞💔,💔😢😞😔,😊😌💪✨🌟,💚✨😊🌈😌,😔💔😢,😰🌑️,😊😌💪,😔💔😞😣,😔😰🌑,😔💔😢😞,🌟💚🌈😌💪,😊✨🌟💚,😌💚🙏✨,😊😌✨,️💀🌑😰,😊😌🌟💚,😊💚🌈✨,😔😞😢,😰🌑😣💔,😊😌✨🌈💚",1
s-3604,"😌✨🌈,😌🙏✨💪,✨🌟🙏😊,😊✨💚🌈,😊💪✨🙏,😰🌑🕳️️,😰🌑🕳️,😊😌✨🌈",1
s-3620,"😰🌑️🕳️,🔪💊🩸🚨,💔😔😣,😔😞😩,💊😰🌑️,💪✨🌈,😔😞😩💔,😔😞😢,😩😞😔😣,😰️💀,️💀️🌑,😔😞😩😣,😔😞😩,😔😞😣,😔😞😣💔,😔😞😣,💀😰️,💀️🚨😰,😰🌑🕳️️,😰🌑🕳️,😊😌💪,😔😞😩,😢😔😞😩,😰🌑🕳️️,😔💔😞😣,😔😣🌑️,🕳️🌑😰️,😔💔😞😣,😔😞😣,😊💪🌈",1
s-3623,"😔😞😢,🌟✨🙏💚,🌟💪🌈,😢😞😔,😊💪✨,😊😌✨,😌💚🌟🙏,😌💪✨🌈,😔😞😢😣",1
s-3631,"😊✨💚,😊✨🌟💚,😊💚✨🌟,😊✨🌟,😊✨🌟🙏💚,😔💔😞😣,😌🙏💚,😊✨🌈💚,💪✨🌟,✨💚🌟😊,😔😣😖,💚✨🌟😊,😊✨🌟💪💚,😊💚🌟,😊💚✨🌟,💚✨💪😊,😊🌟💚✨,😊💚✨🌟,😌💚🌈✨,😌✨🙏,😊✨🌟",1
s-3635,"😔😞😣,😔😞💔😢,😖😣️😰,💔😔😞😢,💀😰️🌑,😔💔😢,😔💔😞,😔😞😣💔,💔😔😣,😔😢😞😣😖,😔😞😢💔,🌑🕳️😰,💀😰️,😔😞😖😣,🌑😰️,😔💔😢😞😣,💀😰️,😊💚✨🌈,💀🌑😰🚨,😰️🚨,😔😞😣😖,🔪🩸️,💀🌑😰️,💀️😰,😰😢😣😩,😔😖💔😞,💀🌑😰,😊😌✨🌈,💀😰🌑️,😰🌑🕳️️,😊😌💚✨🌈,😰🌑💀️,🌑🕳️😰,😊✨🌈,🔪😰️,😔😞😩😢,😰🌑️😔,🌑😔🕳️😞,😔😞😩,😔😞😣💔,😌✨🌈,🌑💀🕳️🚨,💀🌑😰️,🚨😰🌑💀,😰🩸🌑️,😔💔😞😣😩,😔😢💔😞,😊😌💚,😢😔😞😣,🔪💀🚨,😰💀️,😣😖😩,😢💔😞😩,😰️🌑,🚨🕳️😰💀,😰️💀🌑,😰🌑️🕳️,😌💪✨🌈,💀😰🕳️️,😔😖😩😞,😌💪🌈✨,😔😞😢💔,😌💪✨🌈,😖😩😔😞,😊😌✨🌈,😊💚🌟✨,😰😢😣️,😌💪🌈,😞🌑💔️,😊✨🌟,😰🌑🕳️️,😔💔😢,🚨️💀,😊😌🌈💪,😰🌑🕳️️,🚨💀️,🌑🕳️😰️,💀️😰🌑,😔😣😖,😔😞😩,😞💔🌑😔,😔😣😖😩,😞😩😔💔,🌑🕳️😞😰,😰🌑🕳️️,😌💪🌟🌈,😞😢😣😩,😰🌑🕳️️,😔😞😢,💀🩸️😰,😌💪🌈,😰🌑🕳️️,😰🌑️,😔😢💔,️🚨😰,😔😢😞😣,😔😞😖,😰🌑🕳️,😰🌑🕳️️,😢😞😣😩",1
s-3645,"😊✨🌟💚,😊✨🌈💚,🌑😔️,😔😞😖😩,😔😞😣💔,😔😞💔😣,💀️😰️,😌✨🙏💚",1
s-3646,"✨😊🌈💚,😊😌✨🌟,😊💪✨,😊💚🌈,🚨😰🌑,😊💚🌈✨,😌💚🌈,😊✨🌈,😊💚🌟,😊😌✨🌟",1
