user_id,created_utc,贴文序列,微表情序列,suicide_risk
103,"[Timestamp('2017-12-03 22:27:28'), Timestamp('2018-01-06 05:26:47'), Timestamp('2018-01-07 05:50:05'), Timestamp('2018-01-28 08:32:29'), Timestamp('2018-02-01 03:19:28')]","['Why I\'ve decided to depart. Because nothing matters. Couple months ago I decided if people give a fuck they would show it. If they do actually care I have a reason to stay but if they don\'t then I really have no issue making this all end. All the obvious signs The way I would act The things I would say But I can\'t remember the last time anyone noticed and got concerned and if they\'re upset now that I\'m gone that isn\'t my fault You saw the signs You knew But you didn\'t think I had the guts to do it Nothing matters Goodbye. ""You\'ll love me when I die"" -Gustav Ahr (Lil Peep)', ""I need someone to give me a reason to not do this. if there is any at all. Not much has very meaning to me anymore and I'm extremely desperate to leave There isn't much stopping me"", ""please stop lying to me saying it's going to get better. it's not going to get better I don't wanna be here anymore"", ""tonight I realized I'm not shit to anyone. I knew that, but now it's just confirmed. I don't know wht I'm doing I jus. Wanna kill my self I just want to be dead"", ""I'm so tired of being alone.""]","💀🕳️😭⚠️⚰️,💀🕳️😭⚠️,💀😭🕳️⚠️,💀😭🔪⚠️🕳️,😔💔😢",2
406,"[Timestamp('2020-05-11 15:23:45'), Timestamp('2020-05-21 16:12:16'), Timestamp('2020-07-25 13:51:05'), Timestamp('2020-07-31 14:33:28'), Timestamp('2020-08-07 13:04:26')]","[""So Close.... I've been thinking about it all my life from when I was a teenager till now. Everyday life for me just seems so hard to pass by, I've got no friends (even if I consider them as friends but it always ends up in betrayal) I have toxic family members who do not care about me. I have severe social anxiety till the point where I feel like the whole world is judging me. I just feel so aimless in life and wanting to give it all up. Once I tried to slit my wrist but I couldn't even have the guts to do it, I feel I'm so useless...."", 'Social Anxiety, No Friends, Depression and Loneliness, just feel like ending it all....', 'I have no purpose in life. I have no friends, bad academic grades, toxic family members and relatives. I do not have an idea of what my future will be and I do not want to think about it, all there is on my mind is death, I have no purpose to live for.', 'If I ever come down with a fatal illness or is left in a ""about to die"" stage, please don\'t hesitate to pull the plug. I hope I come down with a fatal illness which take my life instantly, in any case if it doesn\'t, please dont bother saving me since I\'m not worth the expenses nor to continue living in this painful world', ""I feel that it is God's will keeping me alive. Everytime I am feeling suicidal, I listen to a hymn to calm myself down, then for some reason, I have lost the will to kill myself, I think i am loved by God and wanted and not a useless person in this world. I really think God wants me alive yet i want myself dead""]","💀🕳️😭⚠️🔪,💀🕳️😭⚠️😔,💀🕳️😭😞⚠️,💀🕳️😭⚠️😔,💀😭🙏⚠️🕳️",1
450,"[Timestamp('2021-07-16 18:06:23'), Timestamp('2021-07-17 04:03:12'), Timestamp('2021-07-17 04:22:17'), Timestamp('2021-07-17 21:03:02'), Timestamp('2021-07-20 05:22:49')]","['More people have told me to kill myself than those who have helped me. Shows how disgusting humanity truly is.', 'I can鈥檛 stop screaming at night. The memories are too severe.', 'Can anyone talk to me tonight?.', 'I use sleep as an escape from depression. Sometimes I take more sleeping pills so I can sleep for a longer period of time.', 'I wish something fell from the sky and killed me.']","💀😭🕳️⚠️😔,😭😰🌑🕳️⚠️,😰🌑😔💬,💊😴😔⚠️💀,💀🕳️😰😭⚠️",0
20,"[Timestamp('2021-05-28 01:06:06'), Timestamp('2021-05-28 01:33:11'), Timestamp('2021-05-28 02:40:05'), Timestamp('2021-05-31 02:07:48'), Timestamp('2021-05-31 23:37:59')]","['I need some validation : (. A person called me annoying and thought I was feeling sorry for myself when I was just expressing my pain. Maybe she鈥檚 right, maybe I鈥檓 just a looser desperate for attention and love which is unhealthy. Maybe my depression, anxiety and suicidal thoughts don鈥檛 mean anything because according to her my problems don鈥檛 seem that bad. I feel like a freak, is this how the rest of the world sees us?', 'I feel like I鈥檓 a freak ; (. Not just in real life but even on here. I was told by a person that It鈥檚 my fault that I have depression, that I should stop thinking negatively. It hurt me so much. I wish I was just normal, instead I have to be a weirdo. I still have talents, I can do stuff but no one gives me a chance because they鈥檙e scared away of my issues.', 'I鈥檓 sick of reaching out for help!. It never works. I just get told to man up, grow up, change my perspective on things, get a hooker (hello that鈥檚 illegal), amongst other things. I鈥檓 sick of all the times people tell me they鈥檙e there for me and then ghost me. I should seriously stop using the internet but it鈥檚 the only place where I can socialize right now and I have a hard time in real life. Even my psychologist told me to just change myself for 4 years. What about me? Maybe I have issues too that need care and not pills or self will even though I push hard every day.', 'I wish life could end once and for all : (. Just in a peaceful and quick way', 'Can鈥檛 take the sleepless nights anymore!. I just want to die. I鈥檓 sick of this, my anxiety combined with my depression makes life a living hell.']","💀😭😔⚠️🕳️,😔💔😢😞⚠️,😔💔😢😞⚠️,💀🕳️😭⚠️,💀😭⚠️🕳️😰",1
446,"[Timestamp('2021-11-10 08:41:18'), Timestamp('2021-11-13 08:23:28'), Timestamp('2021-11-14 07:33:37'), Timestamp('2021-11-18 08:33:47'), Timestamp('2021-11-24 07:22:32')]","[""I am totally tapped... I've got nothing left to fight with.... I am absolutely exhausted on an emotional, mental and physical level... I feel like I have got nothing left to fight the thoughts with..."", ""It's getting harder and harder to want to stick around.... and I'm trying as hard as I can.... I'm working on it the best I can... I'm seeing a psychiatrist, a therapist, and currently attending two different group therapies but even with all of that it still getting harder and harder to want to stick around... Not really sure were to go from here..."", ""I've realized something today. I think I may be finally ready to be done.. I've realized something today. I don't have to stick around and I don't particularly want to. I think that I am finally ready to be done. I have some stuff that I need to finish that is going take a little while but after that I think that finally ready to be done."", 'I can still win my mental health battles but I am definitely losing the war... and it is slowly destroying me....', ""I'm currently having an extreme impulse to slit my wrists.... I am currently having an extreme impulse to slit my wrists and it has been going on all night. I refuse to and my resolve not to is winning currently but honestly what the fuck... This shit comes out of nowhere...""]","💀🕳️😰😭⚠️,💀😰🕳️😭⚠️,💀🕳️⚠️😭🌑,💀🕳️😭😔⚠️,💀🔪⚠️😭",1
185,"[Timestamp('2021-05-30 10:37:06'), Timestamp('2021-05-30 12:53:15'), Timestamp('2021-05-30 16:39:44'), Timestamp('2021-05-31 09:08:40'), Timestamp('2021-05-31 14:12:32')]","[""after church pain back to isolate my self in my home. what can i do unemployed no social skills nothing just a fucking retard after church i've gone home meanwhile others gone for a drink or a walk this is painfull man it's not about covid i'm literally isolated everyday just on my laptop planyning games with my fake virtual friends ps. guess i cant handle this no more i want to be a normal person today either gona hangm y self with my belt or drink bunch of pills i cant handle or take this anymore peace guys"", ""isolated i have dementia (gona kill myself) isoalted since 2009-2021 my parents didn't give a fk. i really dont have a gun guys everytime i comment i kms i dont i dont want my slice my veins or wrist kinfe/razor phobia i'm totally over all i do is nothing neither study for driving lisence great i'm a fk retard . extremly shy,no friends.nothing.... waybe i'll choke some ww2 era pills or hang my self with a belt i have no idea what the fuck i'm suppose to do"", ""yes i'm shy i cant open with my therapist or psychologist i dont tell them my truth. im scared guys but still i need help idk what to do"", ""isolatin 2009-21 all i do is nothing /wasting time. i think my time has come /unemployed/living with my parents/lone/failure/forgetness/isolated i have no idea how to get a job how to sign a papper contrant most imporntly i dont know knowledge about driving exam great is this how it's suppose to go ? i'm almsot 20 is this how i'm really gonna spend my time isolated in my house and doing nothing ??? if i had a gun i would never decide/or think twice/ other methods seems pretty hard"", 'Is it possible to self harm without killing your self ???. Oh man it was amaizing i did it with a bottle cap i wont go further detal i did 6 at my arms yesterday and today 1 on my leg and feelt panick i throwed bottle cap i was afraid but still i feel amazed on my lag is it possible i wont die from small ones i really hate razor blades knifes etc']","💀💊⚠️🕳️😭,💀⚠️🕳️😭🔪,😰😔⚠️💔,💀⚠️🕳️😭🔪,💀🔪😭⚠️🕳️",2
339,"[Timestamp('2020-06-18 08:03:48'), Timestamp('2021-06-04 05:02:55'), Timestamp('2021-06-09 04:33:56'), Timestamp('2021-06-09 04:52:05'), Timestamp('2021-06-09 05:00:24')]","['it gets better. so a year ago i posted here a rant about how i was considering suicide, i read through it and realized how far i鈥檝e come. even though the thoughts still come through my mind sometimes i鈥檓 able to combat them and reason with myself. it really does get better and i wouldn鈥檛 have known that had i gone through with things a year ago nor would i be where i am today :)', 'what is the point of life?. i鈥檓 genuinely asking what the point of life is i鈥檓 curious what it is to other people. right now i鈥檓 feeling really hopeless and need a little inspiration if anyone cares to drop what they think the point of life is or reasons that keep them going it鈥檚 greatly appreciated. &lt;3', 'i鈥檓 so tired. i鈥檓 trying so hard to hold on i really am but life feels like it鈥檚 getting worse than ever. i feel so lonely and out of place, everything feels fake and superficial i cant stand it. i don鈥檛 even recognize who i am anymore, why is this happening to me :(', 'does it actually get better?. i feel like it never will.', 'despair. reading these posts helps me know i鈥檓 not alone but it鈥檚 so unfair we shouldn鈥檛 have to live like this, feel like this, go through these things, i wish the world wasn鈥檛 so cruel it breaks my heart everyday.']","💀⚠️😔💪✨,😔💔😢🕳️⚠️,😔💔😢🕳️⚠️,😔💔😢😞⚠️,😔💔😢😞⚠️",1
495,"[Timestamp('2020-12-21 18:43:26'), Timestamp('2020-12-22 05:14:58'), Timestamp('2020-12-22 16:52:34'), Timestamp('2020-12-22 23:47:48'), Timestamp('2020-12-25 02:22:20')]","[""Once you attempt, there's really no going back.. It's seemed this way ever since I did."", 'Haha.. Fuck my mind.', ""I got a noose.. Around my neck, I'm sorry it had to come to this everyone. But this is my final goodbye to this corrupt world. Goodbye."", ""Why am I still here.. Just why, I should've died months ago."", ""I'm doing it on new year's.. I don't even care anymore, this world has gone to complete hell. None of my family takes me seriously anymore, after my attempts. I'm going to tie the noose and leave this sick world. And I know exactly how to make it work.""]","💀🕳️⚠️😭,💀🕳️😰,💀🕳️🚨⚰️😭,💀🕳️😭⚠️,💀🕳️⚠️🔪🪦",2
347,"[Timestamp('2021-01-21 09:18:19'), Timestamp('2021-02-01 14:54:18'), Timestamp('2021-03-15 12:33:26'), Timestamp('2021-05-24 15:54:32'), Timestamp('2021-06-16 12:32:11')]","[""I just want to do something meaningful for the society before I go.. Maybe some social activities might help. But it's so hard to find volunteer work for a terrible person like me. I still want to do something in order to mark my very existence in this universe. I don't wanna be forgotten."", ""Again, the bad guys won.. I don't have many things to lose. However, when I do, people just take those things from me by force. Everyone judged on how I reacted to defend myself. No one cares what happened."", 'I just want a time machine.. Avoid those people who ruined my life before I meet them.', ""I'm full of hatred and hopelessness. This world is so crazy. Everyone expects people who have mental illnesses to behave as if they don't. I am always blamed for being like this and that. No one ever cares about what I am fighting against. I'm so tired of judgment that I wanna end everything."", ""HATRED is the only thing that keeps me alive.. I hate this cruel world. And I am not a psychopath. They don't know how to hate. They kill for fun. But I am here for revenge against this society. They said no one would get left behind. And then they totally ignored my existence. I've suffered for dozens of years, alone. Whenever I almost killed myself, I felt life was so unfair and stopped. Why was I born just to die?""]","💀😔🕳️💔⚠️,😔💔🕳️⚠️😭,😔💔🕳️,💀🕳️😭⚠️😔,💀🕳️😭⚠️😔",1
422,"[Timestamp('2022-03-02 17:41:44'), Timestamp('2022-03-02 17:54:03'), Timestamp('2022-03-02 18:29:31'), Timestamp('2022-03-07 20:54:37'), Timestamp('2022-03-08 15:23:56')]","['I have nothing to look forward to. I鈥檓 a fucking loser. Good things don鈥檛 happen to good people. I want to stop breathing because frankly my life gets worse. I don鈥檛 want to breathe I want someone to kill me. At this point I鈥檒l get someone to do it for me. I know I am destined to kill myself and it鈥檒l be sooner rather than later. My life got sexually assaulted honestly opened my eyes. I am meant to die. And I can鈥檛 wait. Death is the only thing I look forward to with glee', 'I will die.', 'I guess being SAd opened my eyes. That I should and will die. Life is useless. Can鈥檛 wait to die', 'I don鈥檛 want to live. I just feel anxious and on edge all the time. Why do I have to go through this all the time. I鈥檒l be dead soon and I can鈥檛 wait.', 'I think my time is coming soon. Something inside me knows I鈥檒l be set free']","💀🕳️🚨😭🔪,💀⚠️😰🕳️😭,💀☠️🚨😭🕳️,💀😰🕳️🚨😭,💀🕳️⚠️😭🌑",1
232,"[Timestamp('2021-09-08 14:47:08'), Timestamp('2021-09-10 11:54:07'), Timestamp('2021-09-11 11:29:37'), Timestamp('2021-09-12 15:13:12'), Timestamp('2021-09-12 19:13:33')]","['I just want to be gone. This life is too much.. I don鈥檛 like doping myself up on meds but at this point I feel like I鈥檓 going to do something stupid without it I鈥檓 so worked up over nothing I just fucking hate myself and want to die I don鈥檛 want to live this life anymore', 'Every single day. I wake up with this terrible knot in my stomach already Why can鈥檛 I just disappear Nothing matters anymore I feel so worthless and invisible So worthless and invisible So fucking worthless and invisible I just want to fade away I want to be gone forever', 'I don鈥檛 want to live anymore. The fact I have to dope myself up on meds just to function and not drive straight into a tree should be a telltale sign something is really wrong And maybe I should get help But I really don鈥檛 care, as long as I seem fine, that鈥檚 all that matters As long as I seem normal Everything just hurts But I don鈥檛 care I really don鈥檛 care I really don鈥檛 fucking care about myself or staying here anymore I just want to be gone for good', 'I already feel dead. People saying I鈥檓 so nice and bubbly, it鈥檚 all a fucking act I feel like shit and want to die I feel completely out of it, I feel like I鈥檓 on autopilot just trying to survive But as long as I seem fine, that鈥檚 what matters I鈥檝e gotten good at this game Now let鈥檚 just see how much longer I can keep it up How much longer until I finally crack How much longer until I fucking snap', 'I don鈥檛 know what to do anymore. I feel sick I want to die I don鈥檛 want to be here anymore']","💀😭🔪🌑,💀🕳️😭😔💔,💀😭🕳️⚠️🚨,💀😭🕳️⚠️😰,💀😭🕳️😰",1
193,"[Timestamp('2021-07-23 02:37:51'), Timestamp('2021-07-23 02:44:51'), Timestamp('2021-07-24 20:58:14'), Timestamp('2021-07-26 12:12:05'), Timestamp('2021-07-28 19:03:25')]","['Modern world is a disease. Loneliness, mental illnesses/disorders, no freedom at all only slavery pain diseases if i could live somewhere outside of this shitty world i will do', ""Don't call hotlines. Foreal, it's better to get a depressed and suicidal friend as you together you can be happy and understand each other cause you both wanted to die and such friend won't call the psych ward about you instead of rotten hotlines and therapists, it's best to get an actual good friend and you can make each other happy"", ""This is doom eternal. And I'm the slayer"", 'The internet is more useful than ""professional help"" it\'s better to talk with people who wants to die like you cause they can understand. And won\'t judge you', ""I'm evil. A fucking monster""]","💀🕳️😰😔💔,💀🕳️⚠️😭💔,💀🕳️😰⚠️😭,💀🕳️😭⚠️😔,💀🕳️😭⚠️",0
244,"[Timestamp('2021-04-08 03:11:29'), Timestamp('2021-04-08 06:26:40'), Timestamp('2021-04-08 23:46:52'), Timestamp('2021-04-09 11:05:36'), Timestamp('2021-04-09 16:05:59')]","[""I keep getting angry and suicidal because people didn't understand me. I keep getting angry because people judged me for not doing anything and they didn't understand me. They don't understand how hard it is for me. They don't understand what it's like being me and being on the autism spectrum. They don't understand that I'm always at the breaking point and all they did was talk down to me and criticized me which makes me even angrier. All they did was judge me and no matter how many years it's been I just can stop getting angry. I want to kill myself in front of everyone because of them. Why do they see me as the bad guy? All I did was try to talk about my feelings and be understood. If they had just been more understanding and more sensitive towards me I wouldn't be so angry and suicidal but they treat me like the bad guy."", ""I hate that tough love bullshit. I hate that tough love bullshit that everyone always idealizes. It just makes me really angry and makes me feel even worse and makes me want to kill myself even more. It makes me feel like they see me as weak and treat me as weak. I don't need to be treated like I'm fucking weak. It makes me so angry that I want to hurt myself and blow my brains out."", ""I hate that tough love bullshit. I hate that tough love bullshit that everyone always idealizes. It just makes me really angry and makes me feel even worse and makes me want to kill myself even more. It makes me feel like they see me as weak and treat me as weak. I don't need to be treated like I'm fucking weak. It makes me so angry that I want to hurt myself and blow my brains out."", ""I left a note by the lake where people go to swim. I left a suicide note on the picnic table under a rock that was on it by the lake saying that I think about killing myself all the time and that I'm very angry."", ""I left a note by the lake where people go to swim. I left a suicide note on the picnic table under a rock that was on it by the lake saying that I think about killing myself all the time and that I'm very angry.""]","💀😭⚠️🔪,💀🔪🚨😭⚠️,💀🔪🚨😭⚠️,💀📝⚠️🕳️😭,💀📝⚠️🕳️😭",1
426,"[Timestamp('2020-12-21 07:11:11'), Timestamp('2020-12-21 09:30:51'), Timestamp('2020-12-21 09:31:44'), Timestamp('2020-12-21 09:44:36'), Timestamp('2020-12-22 07:53:59')]","['whys it always worse on the holidays.', 'im gonna kill myself tonight. theres nothing to live for anymore. its better to stop it all at once.', 'its so hard to find someone who actually cares anymore.', 'if you actually cared then why wont you take me seriously.', 'im so tired of this bullshit.']","😔💔😢,💀🔪🚨😭🌑,😔💔😢,😔💔😢⚠️,😔😩😞⚠️",0
44,"[Timestamp('2021-01-31 07:21:37'), Timestamp('2021-02-01 02:08:07'), Timestamp('2021-02-02 03:31:02'), Timestamp('2021-06-02 04:34:16'), Timestamp('2021-07-19 16:53:39')]","[""I'm a loser and I don't belong. I鈥檓 a fucking loser. My whole life I've been the odd one out, the person people put down ignore and exclude. I鈥檓 nobody's favorite person (and before you say my parents, my mom鈥檚 favorite is my 3rd older brother and my dad鈥檚 favorite is my 2nd older brother) and the only time in my life I was asked out was as some sick prank. My whole life into adulthood, I鈥檝e been pushed around and bullied even when I try to 鈥榖ully proof鈥?myself by acting more confident and even abrasive but people always picked up on the act. Hell, I鈥檝e tried to be the initiator in plans to be more outgoing but my friends in the past have either flaked on me, left for someone better, or have even gone as far as canceling said plans and doing them behind my back. In my so-called professional life, I screwed up 3 job opportunities in 3 months and I鈥檓 unemployed, living with my parents, and pursuing a useless degree because that鈥檚 what they want and I have no way of moving out. After stuff like that happening over and over again, I鈥檓 convinced that I will never have good friends, find love or have the motivation to do anything meaningful because I just don鈥檛 have many passions and I don't belong on this planet. I鈥檝e come to terms with the fact that I鈥檓 a coward and weak so if I cared about being any of those things, I wouldn鈥檛 have tried to kill myself in the past in the first place. I鈥檓 not sure if this is a suicide note, if I鈥檒l just pussy out of it, or fail at suicide again, but all I know is that I鈥檒l probably kill myself one day because I鈥檓 done. I鈥檓 done being a loser. I鈥檓 done not having control over my own life. I鈥檓 done waiting for things to get better when they won鈥檛. I鈥檓 just done being ugly and stupid. I鈥檓 just done."", ""Suicidal Thoughts Are Calming to Me. Ever since I was 13 I thought about it every damn day and I'm not overexaggerating in the slightest. Some days it ranges from a single passing thought that sails by but other days the emptiness and stress builds up to the point where I put a knife to my neck and dare myself to fall on it. I've attempted a couple times but they obviously didn't work and I guess I'm grateful I don't have any lasting injuries or internal damage. In a twisted way it's so calming to have that option in the air. Whenever I get stressed or angry instead of counting to ten or doing breathing exercises, I fantasize about putting a bullet through my head. I don't have a gun but if I did, I'd probably blow my brains out of impulse or on a really bad day. I know One thing that stops me from killing myself now was the fact that I formed somewhat of a parasocial relationship with someone I grew close to. He wasn't someone super famous so I was able to talk to him more, and he was funny and always stood up for what's right but he unfortunately made the tragic decision to end his life due to his past misdeeds and abuse. Even after he explained in his suicide note how he was a serial cheater and had emotionally manipulated people, I was still sad that he died. I sort of saw it coming since he did copious amounts of drugs and had a history of child abuse, but I think to myself (and excuse me if I sound selfish right now) that if I don't think he deserved to die then I don't think I deserve to die either. It's too bad the only things I have to remember of him now is his suicide note and the sound of his broken sweet voice."", ""The only reasons why I haven't offed myself. One thing that stops me from killing myself now was the fact that I formed somewhat of a parasocial relationship with someone I grew close to. He wasn't someone super famous so I was able to talk to him more, and he was funny and always stood up for what's right but he unfortunately made the tragic decision to end his life due to his past misdeeds and abuse. Even after he explained in his suicide note how he was a serial cheater and had emotionally manipulated people, I was still sad that he died. I sort of saw it coming since he did copious amounts of drugs and had a history of child abuse, but I think to myself (and excuse me if I sound selfish right now) that if I don't think he deserved to die then I don't think I deserve to die either. It's too bad the only things I have to remember of him now is his suicide note and the sound of his broken sweet voice. Another thing stopping me is I just do not have the strength to off myself for some reason. Everytime I get close, I just wuss out of it and I just wish I could do it already. The only reasons why my previous attempts are even considered attempts and not me trying to do it and just chickening out again is because I slipped and the rope around my neck gave, making me fall on the floor. Those moments felt so disconnected but I felt like more of a failure afterwards cause I couldn't even kill myself right. I will never understand how people say suicide is a cowardly decision or it's easy when it's the hardest thing I've ever tried to do. I have other family and distant friends that would be crushed if I died, but life goes on as people say. Maybe one day I鈥檒l get the courage to do it."", ""Suicidal Thoughts Calm Me. I mean to keep it short, instead of taking deep breaths, thinking of suicide just calms me down and I don't know if I'll ever go through with it or not. Whenever I get stressed or angry instead of counting to ten or doing breathing exercises, I fantasize about putting a bullet through my head. I don't have a gun but if I did, I'd probably blow my brains out on impulse on a really bad day. There's not a day that goes by where I don't think of offing myself. Ever since I was 13 I thought about it every damn day and I'm not overexaggerating in the slightest. Some days it ranges from a single passing thought that sails by but other days the emptiness and stress build up to the point where I put a knife to my neck and dare myself to fall on it. I've attempted a couple of times but they obviously didn't work and I guess I'm grateful I don't have any lasting injuries or internal damage. In a twisted way, it's so calming to have that option in the air. Finally having some sort of power in my life gives me a sense of freedom and calm. One thing that stops me from killing myself now was the fact that I just do not have the strength to off myself for some reason. Every time I get close, I just wuss out of it and I just wish I could do it already. The only reason why my previous attempts are even considered attempts and not me trying to do it and just chickening out again is that I slipped and the rope around my neck gave, making me fall on the floor. Those moments felt so disconnected but I felt like more of a failure afterward cause I couldn't even kill myself right. I will never understand how people say suicide is a cowardly decision or it's easy when it's the hardest thing I've ever tried to do. I have other family and distant friends that would be crushed if I died, but life goes on as people say. Maybe one day I鈥檒l get the courage to do it."", ""If suicide is a cowardly decision then why am I still here?. When I was younger, I was always told that suicide was a cowardly decision. At first, it shot through my heart because it made me feel bad for feeling bad, but now I just scoff at that idea. It's not a cowardly decision. If it was a cowardly decision, then I'd be dead. I'm a huge pussy and every time I get close to making a suicide attempt wheater it is me about to kick the chair with a rope around my neck or not swallowing a fist full of pills, I end up hesitating, wussing out, and not going through. It's like my body pulls me back when I try and it's so taxing when your mind wants you dead and your body doesn't cooperate. I know this can't be an unfamiliar occurrence because our bodies do everything they can to make us live. Sure I've attempted a couple of times by hanging, but that was only because I slipped and the rope and fixture broke. If I had a gun, then I could just take a breath, count to ten, and take the pain away but I don't. Even then I probably wouldn't even be able to put the gun in my head or mouth anyways. Maybe one day I'll stop being a pussy and do it, but not tonight.""]","💀🕳️⚠️😭🔪,💀🔪⚠️🕳️😭,💀⚠️🕳️😭🔪,💀🕳️⚠️🔪😭,💀⚠️🕳️😭🔪",1
372,"[Timestamp('2021-07-23 16:06:16'), Timestamp('2021-07-23 16:15:54'), Timestamp('2021-07-23 16:29:32'), Timestamp('2021-07-23 19:59:05'), Timestamp('2021-08-01 21:28:47')]","[""I feel like dying again. I make so many mistakes, I'm not made for this world; I should just kill myself and I will."", ""Everytime I try to give life a chance again there is always something happening that makes me want to kill myself again. I'm sick of trying. Killing myself seems like the only way for me to escape this world I don't feel like belonging to."", 'I have reached the point where I fear life more than death..', ""Please, can someone give me a good reason why I shouldn't just kill myself right now. I need a reason to continue living. I have the feeling death is the only way for me to find peace; I'm ready to go but..."", 'My life is what some people would call ""a good life"", but I still feel like killing myself at the end of every day. I have a lovely family, great and supportive friends and a lot of other kind people around me, but I still feel lonely, exhausted and sad the majority of every passing day. I find myself seeking death even in the middle of the happiest moments in my life. I don\'t know what to do...']","💀🔪⚠️😭🌑,💀🕳️😭⚠️🔪,💀🕳️😰⚠️😭,💀⚠️😭🕳️,💀😭🕳️⚠️😔",1
248,"[Timestamp('2021-05-06 19:57:46'), Timestamp('2021-05-07 05:13:30'), Timestamp('2021-05-17 19:58:29'), Timestamp('2021-05-23 11:25:46'), Timestamp('2021-05-29 22:20:14')]","['No more reasons to live yay. I fucked up I always fuck up Why do I hurt people i really love? Why?why? I cannot understand Today the only person that makes me happy is gone, welp, he is still there, but its only an empty person now I wanna punnish myself for this Imma take a lot of aspirins and cut myself and wait till i bleed out or something I cant even look at myself at the mirror Why am I alive? I dont deserve life', '2 months left. I just realised I have only 2 months left till the day i planned to kill myself, ive been 1 year waiting for that day and im tired of waiting, I have nothing I want to do in these 2 months, I wonder if ill find something that makes me happy or idk this 2 months are gonna feel like an eternity If i get too tired of waiting maybe ill do it sooner lol', 'Imma kill myself so my thoughts shut up. Imma give my thoughts what they want so they leave me alone', 'Today is the day. I hope this time will be the definitive', 'I have the opportunity to kill myself. I dont want to miss it. Thats it']","💀💊🔪😭⚠️,💀⏳⚠️🕳️😭,💀🔪🕳️😭,💀⚠️🕳️🚨😭,💀🔪🚨⚠️🕳️",1
442,"[Timestamp('2020-10-08 01:13:16'), Timestamp('2020-10-24 09:28:14'), Timestamp('2020-10-25 12:37:03'), Timestamp('2020-10-25 15:00:14'), Timestamp('2020-10-25 15:02:00')]","['Well no one gave a shit about my last post so I guess I鈥檓 gonna suicide. Stupid fucking shithouse world', 'Is anyone out there? No one understands me. Time to end everything. I鈥檓 so fucking horny and frustrated to the point where I could explode. Want to jump off this building.', 'Would castration make things easier? Then I wouldn鈥檛 even have to try finding a sexual partner.', 'Every day I see attractive young men and it makes me want to kill myself because I am already too old for them. Why the fuck should I continue living with this pain. I can鈥檛 even tell anyone about it..', 'Also I鈥檓 so fucking sick and tired of people saying they will chat to me here and then they never fucking respond. Fuck you. It鈥檚 hard enough to even find someone interested so don鈥檛 fucking waste my time.']","💀😭⚠️🕳️,💀🕳️🚨😭⚠️,💀🕳️😰😔⚠️,💀😭🕳️⚠️😔,😔💔😡",0
42,"[Timestamp('2020-09-30 09:01:35'), Timestamp('2020-10-01 08:08:02'), Timestamp('2020-10-03 09:30:08'), Timestamp('2020-10-09 06:54:01'), Timestamp('2020-10-11 06:35:54')]","['Why. I dont even know why I cut anymore. The last thing I want is attention. The last thing I want is scars on my wrists. Yet I still cut.', ""Cant go through with it. Everytime I try i just cant. I've planned a date maybe things will be better off or worse off by then"", 'I feel lost. I cut to replace suicide but at this point I dont even know what I feel anymore.', 'Wishing for an accident. I cant kill myself no matter how hard I try so I just wish for an accident to happen even though I know nothing will happen. I just wish I could die.', 'I hate myself. I hate my personality I hate how I look I hate how I act i hate myself. I wish I was dead.']","💀🕳️😭🔪⚠️,💀🕳️⚠️😭📅,💀🔪😭🕳️⚠️,💀🕳️😭⚠️😔,💀😭🕳️⚠️",1
113,"[Timestamp('2020-11-30 07:58:37'), Timestamp('2020-12-01 03:21:10'), Timestamp('2020-12-01 17:19:12'), Timestamp('2020-12-02 04:56:57'), Timestamp('2020-12-03 00:51:29')]","['Depressed and need someone to talk to. I鈥檓 so depressed and lonely and would like someone to talk to. I also really need help with something and would appreciate some help. Anything I鈥檇 be so so thankful for.', 'Why am I so much Lesser than others?. Why am not good as others? I feel like a worthless piece of shit. I wish I were dead. No matter how much I improve myself it seems I鈥檒l never be enough. I鈥檒l always be lesser than the person I want to be. I don鈥檛 want to live anymore. I鈥檓 so depressed.', 'Depressed and need someone to talk to. I鈥檓 so depressed and lonely and would like someone to talk to. I feel so tempted to just hurt myself so bad. I want to die so bad. I don鈥檛 want to live anymore. I wish I owned a gun. I don鈥檛 think I鈥檓 ever going to be happy and I鈥檓 always going to be alone so I just feel like giving up', 'Feeling Really Down Right Now. I鈥檓 feeling quite depressed right now and really would appreciate anyone talking to me. I鈥檇 be incredibly thankful. I had a good day for the most day but tonight I just feel really sad. I want to cry really bad but family is around', 'Feeling Really Down Right Now. I鈥檓 feeling quite depressed right now and really would appreciate anyone talking to me. I鈥檇 be incredibly thankful. I just feel really sad. I want to cry really bad and I feel so tempted to hurt myself. I wish I was loved romantically and was as good as most men my age.']","😔💔😢⚠️,💀😭😞💔⚠️,💀🔪🚨😭🕳️,😔😢😞💔😭,😭😔🔪💔",1
244,"[Timestamp('2021-01-12 23:52:03'), Timestamp('2021-01-13 10:38:23'), Timestamp('2021-01-13 11:52:45'), Timestamp('2021-01-18 19:46:04'), Timestamp('2021-01-19 11:23:36')]","[""Nobody fucking cares. Don't try and pretend that you do. You all just abandon me when I make you uncomfortable."", ""So I'm gonna kill myself because no one wants to cuddle with me. Just a 26 year old guy who wants to kill himself because no one gives a fuck. Either give me what I want or I'm ending it. I will destroy myself if I don't get what I want. End of story."", 'FUCK YOU!!!!. FUCK YOU! FUCK YOU! FUCK YOU! FUCK YOU!', ""I just wish I had someone who would love me and never leave me. I'm tired of being alone and I wish I had someone who would cuddle with me and be there for me."", ""I should kill myself because nobody cares about me. I'm extremely angry right now. I have a knife in my hand. I should just kill myself because nobody cares about me and people ignore me. It's all your fault. People act like they care but they don't. I'm really close to killing myself right now.""]","😔💔😭⚠️🕳️,💀⚠️🔪😭,💀⚠️😰🕳️😭,😔💔😢,💀🔪🚨⚠️😭",1
182,"[Timestamp('2020-09-26 17:43:17'), Timestamp('2020-09-28 02:11:46'), Timestamp('2020-09-28 02:48:23'), Timestamp('2020-09-29 00:23:54'), Timestamp('2020-09-29 00:58:24')]","[""I'm not okay.. I just had to tell someone."", ""Entering a downward spiral, please help.. My brain is just turning to mush, I can't concentrate"", ""Need help.. Where's Jim Carrey?"", 'Need help.. Been slipping for days now, nothing is slowing me down. Somebody please help me.', ""Can anyone see this?. Last three posts here did not recieve any replies, worried that I'm shadow banned.""]","😔⚠️,😰😔🕳️⚠️😭,😰🕳️😭⚠️,😰🕳️😭⚠️,😔😟⚠️",0
425,"[Timestamp('2021-06-15 18:52:43'), Timestamp('2021-06-23 15:01:25'), Timestamp('2021-07-04 20:44:33'), Timestamp('2021-07-04 21:10:41'), Timestamp('2021-08-03 18:49:03')]","['I will never be more than an afterthought in people鈥檚 minds and I鈥檓 unable to live for myself, why am I even still here?.', 'Who even am I. I used to be the gifted kid. The athletic one with the straight A鈥榮. But I鈥檓 not that anymore. Am I at least funny and kind? No, not even that. Who am I then? I鈥檝e just been mirroring peoples personalities for years now, I don鈥檛 have a purpose in live', 'I have absolutely so reason to be depressed, but still here I am. I just want to disappear', 'I wanted to write a suicide note, but my brain is empty. What do I want my last words to be? Confessing all of my secrets? An apology? I don鈥檛 know', 'I don鈥檛 see a single reason for me to stay. I just don鈥檛 want to continue living, it鈥檚 tiring']","💀🕳️😭😔⚠️,😔💔🕳️😭⚠️,💀🕳️😭😔⚠️,💀🕳️😭⚠️🪦,💀🕳️😭😔⚠️",1
406,"[Timestamp('2020-08-14 12:53:06'), Timestamp('2020-08-19 16:44:46'), Timestamp('2020-08-23 01:15:52'), Timestamp('2020-08-31 03:37:53'), Timestamp('2020-09-08 01:46:48')]","[""I want to stab myself. so sick of this never ending process of loneliness, can't take it anymore, want to bleed out and die"", ""I am going to slit my throat with a knife. This is exactly what I'm going to do, im going to bleed out and die"", 'Does overdosing on meds rly ensure death?. If i stuff myself with excessive medication, will I die successfully? I rly want to die yet am afraid I may be uncessful and fall into a coma and end up in the hospital', ""I feel like a walking skeleton. There's nothing in my body, no brain, skin, or heart. Nothing. Im just surviving for the sake of doing so because I have no guts to end it. im a soulless human, I have no dreams or thoughts, I breathe for the sake of breathing"", ""why can't I kill myself. why can't I kill myself when all I have to do is jump from the balcony? Why can't I have the courage to do it? Why must I deceive myself and think that its ok to live like this? FUCK.....""]","💀🔪🩸😭⚠️,💀🔪🩸🚨⚠️,💀💊⚠️🕳️,💀🕳️😭😔⚠️,💀🕳️🔪🚨😭",1
113,"[Timestamp('2021-01-01 19:46:11'), Timestamp('2021-01-02 04:15:04'), Timestamp('2021-01-03 08:57:26'), Timestamp('2021-01-04 19:05:59'), Timestamp('2021-01-06 08:04:20')]","['I鈥檓 So Depressed I Want to Hurt Myself. MWhy am I such a worthless piece of garbage? Why do I have no value? No worth? Why can鈥檛 I just be good enough? I wish I wasn鈥檛 alone. I want a partner so bad it hurts. I just don鈥檛 want to live anymore. I attempted hanging myself in the past and I very much wish it was a success. I want to end things so quickly right now and the thought of finally being at peace is so so invigorating and it鈥檚 so dreamy.', 'I鈥檓 So Depressed I Want to Hurt Myself. Why am I such a worthless piece of garbage? Why do I have no value? No worth? Why can鈥檛 I just be good enough? I wish I wasn鈥檛 alone. I want a partner so bad it hurts. I just don鈥檛 want to live anymore. I attempted hanging myself in the past and I very much wish it was a success. I want to end things so quickly right now and the thought of finally being at peace is so so invigorating and it鈥檚 so dreamy.', 'I鈥檓 So Depressed I Want to Hurt Myself. Why am I such a worthless piece of garbage? Why do I have no value? No worth? Why can鈥檛 I just be good enough? I wish I wasn鈥檛 alone. I want a partner so bad it hurts. I just don鈥檛 want to live anymore. I attempted hanging myself in the past and I very much wish it was a success. I want to end things so quickly right now and the thought of finally being at peace is so so invigorating and it鈥檚 so dreamy.', 'I鈥檓 So Depressed I Want to Hurt Myself. Why am I such a worthless piece of garbage? Why do I have no value? No worth? Why can鈥檛 I just be good enough? I wish I wasn鈥檛 alone. I want a partner so bad it hurts. I just don鈥檛 want to live anymore. I attempted hanging myself in the past and I very much wish it was a success. I want to end things so quickly right now and the thought of finally being at peace is so so invigorating and it鈥檚 so dreamy.', 'I鈥檓 so depressed and want to die.. Please help me end the life of the most useless and worthless piece of shit. I want to die and it鈥檇 make me so happy. Please help me.']","💀🕳️🚨😭⚠️,💀🕳️🚨😭⚠️,💀🕳️🚨😭⚠️,💀🕳️😭🔪🚨,💀😭🕳️🚨",1
285,"[Timestamp('2022-05-04 03:50:08'), Timestamp('2022-05-04 07:01:38'), Timestamp('2022-05-06 04:51:25'), Timestamp('2022-05-08 02:07:55'), Timestamp('2022-05-08 21:09:23')]","['I want to Slash my wrists open today.... But I am not going to do it, I wish I had a fucking gun so I could blow my ugly face off...', 'Pls God kill me tomorrow. I really hope something kills me tomorrow, it would be absolutely perfect. I really need to be dead by the end of the day, preferably on my way to work tomorrow. Pls pls pls let it happen...', 'I hate myself and I want to die. I hate me, I just want my life to be fucking over with...', ""A little less conversation a ltllle more action pls. Need to stop talking about killing myself and actually just get on and do it, my life is unfair and I cannot cope. I don't want to be here...."", 'today will be perfect if I die. I hope I die today, it will be perfect if I do. I was born on this day and I want to die on this day...']","💀🔪🚨💊😭,💀⚠️🚨😭🕳️,💀😭🔪🌑,💀🔪⚠️😭🕳️,💀⚠️😭🕳️🚨",1
77,"[Timestamp('2020-07-05 08:11:13'), Timestamp('2020-07-15 03:47:43'), Timestamp('2020-07-20 02:42:11'), Timestamp('2020-07-23 23:58:42'), Timestamp('2020-07-25 02:08:29')]","['I regret everything. I don鈥檛 want to be alive. I wish I were dead. I wish I stopped living when I was 14, before anyone lied 鈥渋t gets better鈥? All I鈥檝e had is more trauma. I miss the girl who ghosted me. I want her back. I want her to come back so badly, or at least give me closure. I listened to the stupid fucking morons on reddit - I SHOULD HAVE confronted her. Why go silently into the night? Maybe she got away scot free. Maybe it was her cry for help - maybe she was overwhelmed herself. There was nothing apparently wrong and we had a phenomenally pleasant 4 months together. Fucking stupid. I鈥檓 too fucked up to even stand up for myself - I let people just walk all over me. I have no support at all - I鈥檝e had to fight for everything alone. I trusted it would work out. My will is broken. I really have nothing else - all my hope is dead. I just wish I was too. There is no 鈥渟omeone else鈥? This has screwed me up so bad I鈥檓 not letting anyone close to me for years. I won鈥檛 be able to stay alive that long - I鈥檓 done. I relate more to the homeless on the 鈥淚nvisible People鈥?YouTube channel. And what am I going to do?? I鈥檓 doing everything I can right now. And it isn鈥檛 enough. I just can鈥檛 live like this anymore. I just can鈥檛 do it. I can鈥檛 get any advice. It seems like I鈥檝e done everything you all can suggest. It鈥檚 just over. I wish she would come back - I wish she would talk to me.', 'Psychomotor Retardation. I can鈥檛 tell if I鈥檓 physically ill, if I have Lupus or some other disease they can鈥檛 diagnose Maybe I have chronic fatigue syndrome, which is a catch all for diseases they can鈥檛 diagnose. Maybe I鈥檓 depressed, maybe I鈥檓 weak, maybe I have heart disease, maybe I鈥檓 a toxic person. In the end I鈥檓 dysfunctional. It鈥檚 a waste to live a life like this. I am not happy with my suffering, I see no purpose for it. I鈥檝e found no higher cause nor do I have a single person who cares or depends on me. One friend would be justifiably upset if I left and that鈥檚 all. I鈥檓 not sure if I can even bring myself to finish the day-by-day struggle. It鈥檚 been clear to me it鈥檚 over for years. The gig is up. I kept going because why not. I went far beyond my limit. Far beyond my comfort zone. I鈥檓 just done - I see no more purpose. The holocaust survivors who said that the ones who gave up hope were the ones who died - I get that. I鈥檓 at the point in this journey where I would have walked off into the snow and drifted off to sleep to die. I would have given up. The people who called me pathetic were right. The people who said the girl may have left because I wasn鈥檛 resilient enough were right. I鈥檓 a loser, I鈥檝e lost. I鈥檓 ready for the game to be over. I鈥檓 having a hard time struggling to keep playing until it is.', 'Nothing left, drowning. I鈥檝e been drowning for years. I set a deadline to leave my toxic job. Quarantine happened. The girl I loved ghosted me. I thought telehealth would speed things up, and it did. But antidepressants don鈥檛 work, like I thought. In fact, my current one is making me sleep all the time. The therapist and psychiatrists don鈥檛 care. I even got a new psychiatrist after the first tried to put me on an antipsychotic despite me never having had a manic episode in my entire life, and despite saying my antidepressant was a bad match. My new psychiatrist has kept me on it. It鈥檚 my fourth drug, too. So statistically I鈥檓 unlikely to find anything else. My deadline is rapidly approaching - 6 weeks. The hard part is I have no energy to do anything. I can鈥檛 even get work done. I鈥檓 just a zombie all the time. Of course the psychiatrists don鈥檛 care - my last session was 3 minutes long during which he cherry picked the good information, ignored the bad information, and prescribed more. If you read this post, you鈥檒l maybe want to respond to the information I provided here. It鈥檚 just a drop in the bucket. There is way too much that is violently wrong in my life. I can鈥檛 even pay for someone to listen to me. Funny, fucked up world we live in. I can鈥檛 believe. Decades of wanting to be dead and there was always some lurking feeling of regret in the back of my mind. Like I鈥檇 be letting someone down or missing out on a greater part of life. I鈥檓 entirely without reservation now, except not wanting to leave a burden behind for people to take care of. Everyone has left me, I won鈥檛 be leaving any broken hearts. I鈥檇 have no regrets - I reached all the goal I鈥檇 set out for myself and realized I鈥檇 just been lying to myself - 鈥淚鈥檒l be happy when I achieve X鈥? Of course, 鈥渋t gets better鈥?and 鈥渓ife is what happens when you鈥檙e doing other things鈥? right? Hah! People don鈥檛 want you to die, but they don鈥檛 want to be around you when you鈥檙e depressed. It鈥檚 about them - they don鈥檛 want to confront the societal undercurrent - that some people would rather die than continue suffering. Much like how people get angry at hunters, gutting, skinning, and butchering meat versus a nicely packaged and productized McDouble. And it sort of makes sense they don鈥檛 want to, they鈥檙e probably walking on eggshells, too. I鈥檓 not sure I鈥檝e met many people who are 鈥渕entally well鈥?- most are distracted or take their problems out on others.', 'Even therapist getting frustrated with me. Rigid personality carried me through all the problems I had. No reason to change. Tells me to live in and enjoy the moment. I never enjoyed anything. Not going to happen. Why take the leap when I know it鈥檚 an abyss. Not going to happen. I鈥檒l do it. It鈥檚 not going to end well. I regret getting a therapist. I regret getting a psychiatrist. I regret trying. I regret overcoming my problems. All I did was stack up more pain, cause more pain and frustration to others. Waste their time trying to fix a lost cause. All I鈥檝e done is stack up more bad memories to torture myself with, and cause others to judge me even harder for being an idiot because I can鈥檛 just live in the moment and enjoy life, nor do I want to because I鈥檓 convinced it鈥檚 impossible. It鈥檚 all so stupid, it鈥檚 all so futile. I鈥檓 past the point of even trying to help other people. I don鈥檛 think this is worth living. If this sort of darkness is out there waiting to swallow you up. That you have no control. That all you鈥檒l do is push other people away and sap themselves of their own hope because you鈥檙e just a black hole piece of shit. Stay alive, watch Bill Burr to raise your mood. Watch Jocko Willinck to get different perspectives on life. Follow active people on Instagram to help build motivation to have fun again. Hear Bill Burr talk about how he won鈥檛 let his wife hire guys who look depressed. See Jocko Willinck make fun of Ernest Hemingway, saying not to take any of his advice because he shot himself. Watch outdoorsmen post quotes 鈥済et rid of all that鈥檚 negative in your life鈥?as all your friends and loved ones leave because you鈥檙e 鈥減essimistic鈥?and pathetic. Fuck all of this. Imagine a world where everything is perfect again - imagine that I鈥檒l have to live the rest of my life knowing this pain happened, could happen again, and could be worse. Imagine remembering half my life is over and nothing could make up for what I鈥檝e already been through and lost.', 'Trapped. Can鈥檛 get over that the therapist now thinks I don鈥檛 want to get better. Why the fuck did I go to therapy. I knew it wouldn鈥檛 change what鈥檚 happened to me. It鈥檚 no replacement for abandonment. Waste my time on drugs that make me a zombie. Psychiatrist hasn鈥檛 even listened for 5 fucking weeks. The drugs make me a fucking zombie. I sleep all day, I don鈥檛 get my work done. Why pay these people. It鈥檚 all stupid. This life is a hell. This life is a hell. There is no way out. It鈥檚 all stupid.']","💀😭🕳️⚠️😔,💀🕳️😭😞⚠️,💀🕳️😭⚠️😔,💀🕳️😭⚠️😔,💀🕳️😭⚠️😖",1
148,"[Timestamp('2020-10-27 14:57:17'), Timestamp('2020-11-10 17:56:13'), Timestamp('2020-11-12 15:34:25'), Timestamp('2020-11-17 16:56:39'), Timestamp('2020-12-16 15:06:08')]","['I wanna die pls, just end the suffering.. I\'m an 17 y/o,( turning 18 year old this november.) I live in a third world country, everything here are shit, people are fucking prejudice, homophobic, rude, colorism is prevalent, and I am just stuck here. My whole entire life I\'ve suffered, when I was a kid, I am known to be the ""negro"" because I have a really dark skin tone back then, because of me playing under the sun whole day. Everybody called me a negro back then and even my teachers, I do great at school, one of the best students back then even tho my teachers are discriminating me. Back then I really don\'t care because what I want to do is only play and study, I love science. And then puberty kicks in, I\'ve developed severe OCD when I was in 6th grade, and then I\'ve developed severe social anxiety and depression, I started to fail my classes, I started to isolate myself, people are pretty ignorant about mental health here so yeah they thought it\'s just me making up this stuff and just a mannerism I have. My parents always fight and they are not in good terms even now, I\'ve never been with my dad because he\'s been working overseas now for 15 years now and the last time I saw him is when my little sister was born then he went back overseas immediately. Getting mental help here is really hard, I\'ve been through 2 psychiatrists and both of them didn\'t help at all, I live in the province area and here the good doctors are in the main city, ""Manila"" and that\'s just so far away, they launched a ""telementalhealth"" here and doctors from Manila are now available online. But they are too fucking pricey. The only thing that makes me want to live is my mom, my dog, my sister, and my dad, and my uncle, but they can\'t help me. I can\'t remember the time where I am truly happy, I\'ve experience abuse from my grandma and half-sister for 2 years, and live in isolation most of my teenage middle school years, I have friends but I just got them by being a yes man. I\'ve tried to fight, meditate for months, 2x a day, I used to be passionate on music, I\'ve learned the guitar and music theory despite of my severe depression and wrote 10 songs, but I just lost any interest about anything, I\'ve lost myself, I don\'t know who I am, I\'ve lost my charisma and personality, what\'s left is apathy and sadness. I am sick right now, I have fever for the past 3 days and really painful throat when I choke, I hope this is covid and I die from this, I don\' t want to fucking live anymore, I\'ve done everything, face my fears, persevered on many things, meditate regularly, and try to socialize more but I always feel empty and sad. No one loved me, I don\'t know what the fuck did I do for people to treat me like shit, my relatives except to my mom, sister and dad, treated me shit and mock, abuse me psychologically. I am just fucked up and I don\'t know what to to anymore. I don\'t know if anyone will gonna see this but fuck it, no one really gives a shit but I hope you have a great life and take care of yourself, life is just not for me, if this disease didn\'t end up killing me in the future I might kill myself eventually anyway. Fuck my life, fuck this shit country.', ""I just lost myself.. I don't know myself anymore, I am just miserable in every shape or form, I am depressed for no apparent reason, I am socially isolating myself to everyone, I can't even post anything on my social media because of my intense anxiety, I lost interest on everything, no one takes me seriously, I think if I died that's the only time people would care but I coward to even harm myself, I am just trapped on my own mind and don't know what to do. I think I am wasting my potential. I can't even remember the time were I had a really good conversation with someone or the time were I am genuinely happy. I just want to end this pain. So lonely and tired."", ""I'm starting to think that suicide is my only option.. I am just tired, I am 17, turning 18this November, and I just want to die. I am tired of suffering, been like this for 7 years now since when I was in 6th Grade, been bullied whole my life and experience colorism from my peers and even family relatives, I live in a shitty country with a bunch of just rude prejudice people. I am tired. I can't recall the time were I am genuinely happy, no one really cares about me, maybe except my parents, but they don't understand what i am going through, even if I try to explain and, they won't understand especially my dad. My family is broken, I am isolating myself for years now and I just socialize maybe 2x a month approximately, I've been diagnosed with OCD, MDD, and Social Anxiety before but I am out of treatment right now because of lack of understanding of my dad about my mental issues, I am planning to get help again next month but my mental issues are becoming unbearable now, I usually sleep 4 am at night, can't enjoy anything, even the things that I used to enjoy, especially music, I just became apathetic, I always try to fight, I always push myself to always learn something new and do good at school despite of my condition, but it's taking a toll on my mental health too. I tried meditating, exercising, all of that jazz but they don't work. I am currently one of the best students on my class but I don't feel anything about it, and I don't know what to do with my life. I just want to stop fighting and end the pain. This is too unberable, the loneliness, anhedonia, and I just can't get out of this loop that I am in, it feels like everyday is just the same as yesterday, I am trapped on this rut and I can't get myself out of this shit. I did fought hard but life is just too powerful to me. I feel like I am losing hope. I feel like I'm gonna be unhappy and just like this for the rest of my life. I am tired."", ""I wanna die but it's too painful, there is no way out.. I am just tired, I am 17, turning 18 this november, I've been suffering moat of my life, especially mentally. I've been fucked up by people, growing up, I've been bullied and mostly discriminated by people, I lived in a small village here in the Philippines at that time, I don't say everybody is bad here, but this place is hell for me. Everybody discriminated me from my peers to my teachers even my half siblings. My mom and dad has a rough life too, they grew up poor especially my dad, but my mom has the roughest life, she got pregnant when she was 16, get divorced after having 4 kids, and then she met this guy she barely knew, and then accidentally I was made. I think that's why my siblings doesn't like me. My parents are not poor now and they had better jobs now, but my mom's job requires her to be away for months, she left us with my little sibling on my grandmas house, there I experienced relentless emotional abuse and I've developed OCD and severe social anxiety, I isolated myself most of the time and I have friends but I didn't really enjoy my life there. I just wanna die everyday. Fast forward now, things are better, but my mental health is at it's low, I tried meditating, exercising, facing my fears, nothing helps, I just wanna die, I am tired of fighting this, I know there's a big chance no one's gonna see this but I think I'm gonna kill myself, I can't barely even think."", '18 and want to kill myself to end the torture.. I am 18, Senior and Highschool and I think I\'m gonna kill myself sooner. I have clinical depression, social anxiety and OCD and my life is just torture everyday, for the past 7 years of my life. People never loved me, maybe my mom and dad, but other than that since I was a child people bullied me, people use to call me a ""Negro"" because of my skin tone, and my half sisters and brothers didn\'t treat me well, I think they are still a little bit angry because I am a son from another man of their mom. I did my best for the past 6 years, I tried to improved myself, I exercise, meditate, and learn new things everyday, and do well at school and persevere a lot but even whatever I achieved I still feel empty, I usually isolate myself from my friends, because I am just too anxious, when I try to face my fear, I am left feeling sad and lonely. I love music, I am an aspiring singer songwriter, I write a lot of songs and music is just the only thing I am living for but my interest of it is fading away, I guess my depression is getting worse. And plus I live in a third world country where people, especially older adult people, stigmatise mental health disorders and even though my mom and dad wants to help me, they can\'t because of financial issues, and my family is just fucked up. I did well on my class this semester, but I don\'t feel anything about it, I think I\'m just gonna end up becoming a corporate slave, working a 9/5 job that I don\'t give a fuck about, and live miserable, which is my worse nightmare. I just wanna kill myself honestly, I am lonely, depressed, and insecure. I feel nothing, I just want to end the suffering.']","💀😭🕳️⚠️,💀🕳️😭😔⚠️,💀😭🕳️⚠️😔,💀😭⚠️🕳️🔪,💀😭🕳️⚠️🚨",1
20,"[Timestamp('2021-01-09 20:11:11'), Timestamp('2021-01-09 21:08:51'), Timestamp('2021-01-10 00:09:04'), Timestamp('2021-01-10 09:36:13'), Timestamp('2021-01-11 01:38:37')]","['I just want to hang myself and end the pain once and for all!. I feel so unwanted and hated. I\'m a burden to my stepsisters, I ruined the christmas spirit according to my mother, I ruined new yeard eve. I\'m an embarassment that can never live up to my parents\' expectations, I\'ll never be good enough. I try to socialize, I try to do all these things that my psychologist told me for 4 years before she dumped me out of nowhere, I was shaking and trembling trying to start a little conversation with strangers and they didnt even try to listen to what I was saying, they ignored me through it all or gave me a ""hi"" and that\'s it. Don\'t tell me that I haven\'t tried hard enough because I have and I\'ve realized that my life is pathetic, all my teen years were spent in my room feeling sorry for myself and being scared of the world and here I am, a lost 18 year old who has the experiecne of a 14 year old. Maybe I should just hang myself and end it so that I never have to deal with any of this again, everyone already sees me a burden, they all say they care but once they find out about my derpession, anxiety and fucked up brain they run to the hills!', 'I hate being all alone in this room every single day!. The thing is that I\'ve been hurt so many times, I try and try again so hard but no one ever pays any attention to me, they\'re all weirded out by me. Even when I try holding a conversation they ignore me or at worst play nice for a few days and then start ghosting me. I\'m sick of this, I\'m not an antisocial person, I\'d love to have friends and potentially even a girlfriend one day, it\'s just that with my issues it makes it very hard for me to communicate and just ""hang out"", and people are weirded out and scared of my aura so I\'m always lonely. Let\'s face it, most people will pick the more mentally stable and happy person than the ""kid with issues"". Dont bring up hobbies or clubs because those don\'t exist where I live, even then what am I gonna do? Go and talk about books at the library? with whom? 60 year olds? &amp;#x200B; I\'m sick of this. I never got to enjoy my teen years and now I\'m 18, I\'m scared I\'ll end up like my father said, like a 30 year old who goes around and hangs out with teenagers because he missed his teen years, that would be messed up.', 'I want to end the pain once and for all!. I\'m so sick of this life, this whole day has been trash, I woke up way too late realazing I had slept through yet another day. I just can\'t cope with it anymore, I feel like I\'m seirously collapsing. I wish there was a way for the pain to just stop but it doesnt seem to work. I really want to end it once and for all. Look at all the posts I\'ve made, how many cries for help and all I\'m told is ""It gets better"", ""Have you tried therapy"" and ""Love yourself before you get friends"". I just want to die, I never choose to live like this, I never choose to have these voices in my head, I never choose any of it and now everyone expects me to fill my throat with these pills so that I can act normally, well nothing changes, they all treat me just the same, as the ""Schizo"". I should just kill myself and stop being such a burden and embarassment.', ""I'm sick of being told to reach out for help!!!!! There is none!. What help! What?! I dare you, I'm sick of hearing this constantly. I've had therapy for four years, I've gone through constant embarassing moments trying to socialize and most of them have failed and I ended up bullied because of it, I've tried all kinds of stuff like omega 3 and taking walks and runnning etc. I plaster on a smile every single day and act like my heart isn't burning from chest pains or that I don't want to hang myself. I got verbally abused by my father and smacked in the face to get out of my episodes. I've cried and scratched my face begging for attention and people still see me as a freak. What's the point of reaching out for help when I'm just treated like dirt? I've already tried so don't you dare telling me that."", 'Is it weird that I don鈥檛 want to take meds?. I just don鈥檛 want to deal with the side effects and having to basically drug myself to numb myself down. I have issues yes, many in fact, depression anxiety schizophrenia and chronic pain amongst other things but I much rather have those things and feel like me than have to take meds and feel like a zombie. Also with meds I鈥檇 have an easy way to kill myself or end up in the hospital, and I don鈥檛 want to be ridiculed again.']","💀🕳️😭⚠️🔪,😔💔😢🕳️⚠️,💀😭🔪🕳️,💀🕳️😭⚠️😖,💀💊⚠️😭😔",1
134,"[Timestamp('2021-06-19 17:40:20'), Timestamp('2021-06-25 10:49:39'), Timestamp('2021-07-01 10:15:16'), Timestamp('2021-07-03 16:21:49'), Timestamp('2021-07-06 17:48:27')]","[""I hate being a burden to people. That's it. I just hope that I find some way to end my suffering. Lately, I have been thinking a lot about killing myself, even if I tried to distract myself from it. But I don't think it is a bad thing, actually. I will stop being a nuisance and I am sure people will be happier, because I do nothing but hurt people, myself included. So, I am ready to accept my fate and do what I must do. This is not a cry for help, please, try to save important people, not me."", 'I gave myself one month. Well, I have one month to get everything in order before I kill myself. I just have no strength to keep fighting, but I know that at end of the month, I will be free from everything. I just need to try to endure those 30 awful days.', 'I want to kill myself tonight. I hate existing. I am just pretty much a failure on everything I do, I just hurt people and am an impulsive and emotional person. I hate being stuck in Brazil, without any prospect of a good future, because all what the politicians want is to put money in their pockets and the people just act passively and accepts everything. I hate that I am so useless and unloveable and that no one cares about me, but at the same time, I want to distance myself from people I care for. I just want to cut myself and I am thinking a lot about it lately, and bleed and bleed until I die. I never asked to be born and be this failure.', 'I regret giving up and not killing myself. Well, the good thing I guess is that I can still try again. I should have not gave up and done instead. I am so stupid.', ""I wish I could die in my sleep, but I can't so I will kill myself. I have been avoiding and giving up this for a long time, but I know that I have to do this at the end. I hate living, I hate being stuck here.""]","💀🕳️😭⚠️🔪,💀⚠️🕳️😭,💀🔪😭🕳️🚨,💀⚠️🕳️😭🔪,💀🔪⚠️😭🕳️",2
362,"[Timestamp('2020-10-04 21:54:04'), Timestamp('2020-10-06 20:50:19'), Timestamp('2020-10-07 22:01:40'), Timestamp('2020-10-08 21:57:22'), Timestamp('2020-10-09 21:09:04')]","['Suicide really seems like my only option. All I want is to escape my thoughts and suicide really seems like the only way I could escape', ""I'm a failure at everything. I really fail at everything I can't hold a conversation with anyone because I question every word I say and shut myself up so I don't make people hate me I can't even kill myself without failing I could go on for days about how much of a failure I am but I have already wasted the time of whoever is reading this if you are reading this sorry I wasted your time"", ""I can't do anything right. I can't help the people I care about I can't kill myself correctly I can't do anything I'm just a waste of space I'm better off dead"", ""I wish I could stop existing. I know I can't go through with suicide it would be so nice to just not exsist anymore"", ""I just want the pain to end. I try and try every day to keep my head up and push through but it's getting harder to keep my head up when every part of me wants to die""]","💀🕳️😭⚠️,💀🕳️😭😔⚠️,💀🕳️😭⚠️,💀🕳️😭😔⚠️,💀😭⚠️🕳️😔",1
465,"[Timestamp('2021-04-19 02:40:02'), Timestamp('2021-04-19 09:25:18'), Timestamp('2021-04-21 16:17:41'), Timestamp('2021-04-28 20:07:58'), Timestamp('2021-05-07 20:08:26')]","['My mom is mentally ill and she destroyed me mentally. I just want to die. When I was young I did not know that she was crazy. She introduced me to OCD like rituals at my most vulnerable time and just made me question sanity. It is very hard for me to reprogram my mind. I have awful OCD. And don\'t come here with that bs of ""everybody has a little OCD"". If you have awful OCD like me you would want to kill yourself too. That awful voice in my head that says the most meanest stuff ever and make me question sanity at all time. Just want to end it. I have done so many things wrong. I just hate myself for it. Want to die so bad', ""I feel like I am getting old. I am 23f and still live with my parents can't find a job thank to corona or the fact that I am black looking, don't fucking know anymore. Apparently the field I want to work jn is screaming for people yet i am being ghosted. I just found out when talking to other people about my struggles getting a job in this field. Can't even get a free internship tf. I don't know if it is because it is hard working from home or something else. Like don't care anymore, just want to die. Just feel like an idiot. Also, I am already 23 and of turning 25. You know, because of men that claim that women over 25 hit the wall blablabla. I don't even have anything I could be proud of. Yes, I got graduated for my masters but that's about it. I can't find a job with that degree, so who cares. Just want to die. I have not enjoyed life the slightest. Just hate it tbh. First 15 years bullied because of my crazy mom and having an awful guy name after 15 till 22, I had awful OCD. Like can't focus. I was not able to do internships or whatever during my studies because of it. Still I have heard of people that were able to have no experience and get jobs. I already have graduated 8 months ago and nothing to show it for. I did manage to get an amazing internship a week before the lockdown, when everything started to loom sunny and my OCD was not bad anymore. But then corona hit and everything got cancelled. Just hate this."", 'My life sucks. I am 23f, jobless, live with my parents and have no self esteem. I really want to die. Lol, started talking about how my life is trash and that I wanted to die. The only thing my parents said was: get a boyfriend........', 'No motivation to live. I am just done. Never wanted to exist. Today is just one of those days. I got triggered by something again and get reminded of it. My dad is white (and that annoying \'I don\'t see color\' type) and my mom black (and does not get my struggles because I have light skin and thinks my life is easy). Both are delusional as fuck. Can\'t talk about race at all with my father. He did not believe it when I said that some kid screamed ""I am a nigger"" to me (the kid was white). Like tf. Also he does not believe in racism at all. I am from the Netherlands and my dad does not believe racism exists here haha. I wish man. I just know how people of the same race interact and it is different when they talk with me. I remember talking with another poc and the way she helped me with career advice... never felt that way before man. Just the feeling of solidarity and feeling understood is priceless. I just wish I could have this connection more. To be fair. I may not experience racism as much as a dark skinned black man. I am a woman and I know that it helps me, but I still want to be able to talk about my frustration. People just don\'t take me seriously. They are saying: ""but you are beautiful"".... that is not everything ughh. I just don\'t like being mixed race. Wish I was white tbh.', 'Nobody cares until you are gone. I have seen a lot of people say ""nobody cares until you are gone"". I never really felt that until now. Truly feel like absolute trash.']","💀😭🔪🕳️,💀😭😞🕳️⚠️,💀😭⚠️😔💔,😔💔😢😞🕳️,💀😔🕳️😭⚠️",1
351,"[Timestamp('2020-06-13 20:19:32'), Timestamp('2020-06-18 01:12:43'), Timestamp('2020-06-22 01:10:33'), Timestamp('2020-06-22 19:09:13'), Timestamp('2020-06-24 06:16:48')]","['exhausted. nobody needs me any more. my ability to trust is completely shattered. i still cant believe it happened. i want to bleed and die. why keep going at all if everything good goes away', 'some people arent meant to make it (?). you ever think there are people that are so fucked up mentally that theres just no chance of them having a good quality of life? i feel like i am one of these people. no point in fighting. its never going to be good again. only reason im still here is because suicide is hard and im weak. if i had a gun it would be long over with.', 'i will always love you. i will always love you. because you are you. you have goodness inside of you, you just dont see it or believe it. but i love you. there is a person there. i see you. even though we are both so confused about who we are, where we鈥檙e going, i love you. and it kills me to be without you. to not know if you are taking care of yourself. to not kiss you goodbye before work. to not tuck you in. it kills me. it kills me. i was put here on this earth to love you. to make art and to love You. a piece of me is too far away. i cant. believe. this happened. its wrong. its wrong for us to be apart. i know you are torn up. just let me give you what i have to give you, i expect nothing in return. just keep that thought with you... that i love you. and let me know you hear me. you deserve it.', '.... why do we keep trying? just to suffer? my thoughts are bad. i am bad. what i want is bad. all i do is worry people. the people that used to love me. there is nothing left here for me. i just want it to be effective when i do it. no hesitation. wouldnt it be nicer if i just wasnt a problem any more', 'are you okay?. people just want to know if you鈥檙e still alive. dont give a fuck whats going through your head but as long as you鈥檙e still breathing it鈥檚 just fine. makes them feel better. give me just enough. just enough to keep me going. crawling gruelingly. yep, still kicking. unfortunately. i know you dont wanna hear any more than that so i鈥檒l just fuck off.']","💀😭🕳️⚠️💔,💀⚠️🕳️😭🔪,😭💔😔⚠️🕳️,💀🕳️😭⚠️,💀🕳️😭😔⚠️",1
324,"[Timestamp('2021-05-23 02:54:38'), Timestamp('2021-05-24 19:08:33'), Timestamp('2021-05-25 17:50:32'), Timestamp('2021-05-27 23:00:05'), Timestamp('2021-05-28 01:58:00')]","['snorted ritalin for the first time. i did it instead of taking the entire bottle of pills. ive never done drugs and im kind of scared. lol.', 'getting closer to the end. everyday it gets a little darker. even if nothing bad happened. ive been hit by the wither skeleton that is life and am slowly withering away. no one can help me. i cant help myself. i feel like a terminally ill patient waiting for death.', 'best way to send suicide letter. do i mail a physical letter or send like a google doc or sum? i dont know', 'why do i still feel so alone, so dark and so sad inside when i have everything.. i cant understand. i still just want to die. so dumb', 'man.. every day i feel so alone, so dark and so sad inside. it never goes away, even when im not alone and even when im laughing. it never ends and i just want to be happy for once']","💊😰⚠️🕳️💀,💀🕳️😰😭⚠️,💀⚠️🕳️😭,💀😭🕳️⚠️😔,😔💔😢🕳️⚠️",1
20,"[Timestamp('2020-07-15 21:01:03'), Timestamp('2020-07-15 21:05:31'), Timestamp('2020-08-07 14:50:33'), Timestamp('2020-08-18 20:33:16'), Timestamp('2020-09-06 10:11:05')]","['I鈥檓 a selfish mentally unstable idiot. I don鈥檛 know anymore, maybe I just am. Maybe I鈥檓 not just a kid person who is suffering and trying to survive and have to deal with hell every day. Maybe I鈥檓 just a selfish idiot who thinks the world only spins around me and that people should all love me. I know that鈥檚 not how the world works but I鈥檝e suffered for too long, I鈥檓 too kind and people drive me over. I just need someone to show me some love and care for once, why can鈥檛 people do that? Instead I have people telling me that I鈥檓 selfish, I never choose to be born and now I鈥檓 selfish?', 'Why must i suffer like this?. Why can鈥檛 they just let me die. I can鈥檛 suffer like this, I just want to die so the pain could end. I鈥檓 always the selfish one, always the one that ruins everything, I am but not without a reason, I suffer through so much and people expect me to treat them like royalty. Why can鈥檛 people stop looking down on me first, why can鈥檛 they lend a hand for me? I always lend a hand, where is the fairness? Does it really matter?', 'They don鈥檛 understand and they never will!. I feel so suicidal, I just want to drown myself and kill my self but no one lends out a hand they just stare at me like if I was a monster and even my own father makes fun of me, no one is there to stand up for me, I鈥檓 truly alone in this and it makes me want to kill my self even more, what鈥檚 the point of living in this hell!', ""I feel like no one would care if I jumped in the river and drowned!. Im so sick of it to be honest, I feel so worthless and forgotten. I wish I could at least feel like Im worth something and not like im a crazy person who deserves to suffer like this. I imagined today that there was someone out there who didn't judge me, someone just like me who could comfort me but I'm sick of having these silly daydreams when I know they're not true."", 'I want to die before I get a heart attack. My schizophrenia is so bad, combined with my anxiety. It feels like my heart is going to explode, I can鈥檛 keep this up I just want to die and suffer in peace, just to endlessly sleep and never wake up. I hate life so much and there is no one who even cares to understand.']","😔💔😭😞⚠️,💀😭🕳️⚠️😔,💀😭🔪🕳️,💀😭🕳️💔⚠️,💀😭🕳️⚠️😰",1
349,"[Timestamp('2021-01-02 16:40:18'), Timestamp('2021-01-05 00:04:31'), Timestamp('2021-01-05 01:50:39'), Timestamp('2021-01-08 20:44:54'), Timestamp('2021-01-09 00:30:29')]","['I can鈥檛 have the girl I really like and it鈥檚 tearing me apart. At 21 I shouldn鈥檛 be behaving like this but the truth is I鈥檓 not good enough for her and I know I never will be and I know it鈥檚 all my fault I just want to rip my brain out of my head because she鈥檚 all I can think about', 'My family doesn鈥檛 understand why I haven鈥檛 dated and they don鈥檛 understand I鈥檓 not good enough. I鈥檓 a 21m and I鈥檓 horrible with girls I鈥檝e never had a female friend and I want to date but I鈥檓 not good enough and just family asks me almost every day why I haven鈥檛 dated and I understand because all three of my siblings started dating in high school and I鈥檓 just not good enough honestly I don鈥檛 see how they don鈥檛 see it I鈥檓 fat ugly and weird I don鈥檛 see how they think I鈥檓 capable of dating', 'I just want to love a girl and be loved why is that so impossible?. I鈥檓 21 and my friends all think I鈥檓 weird because I鈥檓 looking for love and not just a hook up but I鈥檓 not good enough for a date. No girl has ever liked me and no girl ever will. I鈥檓 just sick of being alone and I don鈥檛 even wanna wake up anymore', 'I鈥檝e accepted that I鈥檓 not good enough for a girl and I鈥檓 gonna die alone. I鈥檓 21 and I鈥檝e tried but it鈥檚 pretty clear I鈥檓 not good enough for a girl. I can鈥檛 talk to them I can鈥檛 do anything with them. They鈥檒l always choose better guys than me so why should I even try', 'I鈥檓 gonna die alone because I鈥檓 too stupid when it comes to dating. I鈥檓 21 and I have no excuse but I鈥檓 literally an idiot when it comes to dating idk how it works I can鈥檛 even talk to girls so that doesn鈥檛 help but idk what the stages of dating are Idk when I鈥檓 supposed to ask a girl out I can鈥檛 read signals for shit and it just seems so easy for other guys my age I just think I鈥檓 an idiot. Idk how to be attractive and idk how to be interesting my life is a waste of time']","😔💔😖🕳️⚠️,😔💔😢😞🕳️,😔💔😭😞⚠️,😔💔😞🕳️⚠️,😔💔😞🕳️⚠️",1
499,"[Timestamp('2021-07-12 01:27:59'), Timestamp('2021-07-12 04:05:17'), Timestamp('2021-07-12 04:11:26'), Timestamp('2021-07-13 11:15:56'), Timestamp('2021-07-13 14:17:30')]","['Can I overdose on tramadol? I think about doing it tonight.', 'Hi. Anyone here who could help me?.', ""It's really nice to die knowing that no one will care."", 'can my therapist come to my funeral?.', ""I beg you, I need to get out of this place. i have a dog that has no one else and i cant kill and leave him alone.. please, someone who lives in argentina or some nearby country could help me find a job in your country? it's nothing straight away but i would like to start now so i could go later this year. I beg you, I need to get out of this place. i have a dog that has no one else and i cant kill and leave him alone. i'm asking for help just to find a job so i can stay alive a little longer""]","💀💊🚨😭⚠️,😰😔⚠️,💀🕳️😭⚠️😔,💀⚰️😭⚠️🕳️,💀😭⚠️🕳️",0
404,"[Timestamp('2020-06-19 06:07:28'), Timestamp('2020-06-23 18:42:31'), Timestamp('2020-06-25 03:48:30'), Timestamp('2020-06-25 03:53:45'), Timestamp('2020-06-25 04:12:22')]","['Wow I can鈥檛... Oh my god i want to die. I鈥檓 not sure how school is gonna go in the fall but the guy i love who doesn鈥檛 love me back who broke my heart who鈥檚 my only friend isn鈥檛 going to be there and he basically just pointed out he鈥檚 not thinking of even seeing me at all on a platonic level and i just want to die. I鈥檓 spazzing right now and i just can鈥檛. I feel even more fucking trapped i just want to move away and disappear. Disappear from everyone鈥檚 lives. No trace. Nothing. Just disappear oh my fucking goshhhhhhh. Jdjdhdydhdhhdhd what did i fucking do to deserve this????', 'I can鈥檛 do this anymore i just want the pain to stop. I recently started cutting again and i just feel so hopeless. I just want the pain to stop. The person i love doesn鈥檛 love me back and I鈥檇 rather be dead than live through that. Any day now i just will go to sleep and don鈥檛 wake up. i don鈥檛 deserve love. Please just make the pain stop', 'Please make the pain stop. I鈥檝e been cutting again because i just can鈥檛 handle it anymore. I鈥檓 so alone and lonely all the time i don鈥檛 know what else to do. I鈥檝e reached out to people for help and nobody wants to help. I just want to die i think this is it for me. Nobody loves me', 'Please i just need the pain to stop please.', 'I just want the pain to stop oh my god please help.']","💀😭🕳️😰,💀🕳️😭⚠️,💀😭🔪🕳️,😭😰⚠️💀🕳️,😭💀⚠️",1
499,"[Timestamp('2021-07-12 04:05:17'), Timestamp('2021-07-12 04:11:26'), Timestamp('2021-07-13 11:15:56'), Timestamp('2021-07-13 14:17:30'), Timestamp('2021-07-14 01:23:17')]","['Hi. Anyone here who could help me?.', ""It's really nice to die knowing that no one will care."", 'can my therapist come to my funeral?.', ""I beg you, I need to get out of this place. i have a dog that has no one else and i cant kill and leave him alone.. please, someone who lives in argentina or some nearby country could help me find a job in your country? it's nothing straight away but i would like to start now so i could go later this year. I beg you, I need to get out of this place. i have a dog that has no one else and i cant kill and leave him alone. i'm asking for help just to find a job so i can stay alive a little longer"", 'I would just like to stop being me.']","😰😔💔⚠️,💀🕳️😭⚠️😔,💀⚰️😭⚠️🕳️,💀😭⚠️🕳️,💀🕳️😭😔⚠️",0
221,"[Timestamp('2020-12-23 00:40:19'), Timestamp('2020-12-23 00:57:17'), Timestamp('2020-12-23 01:09:14'), Timestamp('2020-12-23 01:13:19'), Timestamp('2020-12-24 05:31:32')]","['I鈥檓 so tired of this feeling..', 'Fuck this fuck this I literally have nothing to live for anymore.', 'FUCK I FUCKINH CANT DO THIS ANYMORE I AM WHY DOMT YOU LOVE ME ANYMORE IM DOING EVERYTNINH I FUCKIMH CAN TNIS CANT BE OVER PLWASE I DOMT WAMT TO DIE I JUST WANT TO BE HAPPT WITJ YOU BUT YOI DOMT LOVE ME LIKE YOU HSED TO IM SO TIRED OF FEELING ALOME.', 'Fuck this shit I鈥檓 buying a shotgun going to the woods and I鈥檓 going to blow my fucking into the trees on our old anniversary. I can鈥檛 do this anymore. I love you so much alyssa. I鈥檓 so sorry I wasn鈥檛 good for you..', 'I have nothing.']","😔😩😞🕳️⚠️,💀🕳️😭⚠️,😭💔😔⚠️,💀🔫🚨💔🕳️,💀🕳️😭",0
217,"[Timestamp('2020-11-24 06:51:55'), Timestamp('2020-11-27 03:59:47'), Timestamp('2020-11-29 02:57:27'), Timestamp('2020-11-29 02:59:18'), Timestamp('2020-11-29 05:11:46')]","[""Even if i wanted to work i'll never be able to. M25. Since i was 18 i've had around 15 jobs, most of which i quit after 2 or 3 shifts due to severe anxiety and depression. I can't say for sure but i am sure this is one of the root causes for my depression, knowing i can't hold down a job because you can paint it how you want but in life if you don't work you die. You need a sense of purpose and income to survive. Also in the jobs i have managed to stick out for a while i always end up in a deep depression because i don't want to be there. The thought of working a shitty job which i hate for the rest of my life makes me feel sick and frankly suicidal. You can say find a job you like/follow your passion but you know that's not how life works. For the lucky few who do get to do that good for them but the reality is we have to work jobs we don't like and this makes me extremely suicidal. A lot of people will say 'well this is life get used to it'. Well to be honest i don't wanna get used to it and even if i did want to and sustain a 'normal' life. My mental illnesses don't allow me to do that. Currently i'm not in danger of ending my life but i see no other way out in the future other than ending it all."", ""I know it's daunting folks but try and force yourself out your comfort zone. My anxiety is crippling but the times i do force myself to do things you get some joy out of life"", 'Just cried for the first time in months. Feels good', 'I got detained the other day. I was blackout drunk going to end it all', 'Meds and alcohol shallow breathing and falling asleep.']","💀😰🕳️😭⚠️,😔💪✨,😔💧😌,💀🕳️🚨😭⚠️,💀💊🩸⚠️😴",1
491,"[Timestamp('2020-11-17 15:06:34'), Timestamp('2020-11-23 11:25:37'), Timestamp('2020-11-23 11:47:05'), Timestamp('2020-11-26 03:14:05'), Timestamp('2020-12-04 12:06:01')]","['I seem to cry more when I鈥檓 telling myself 鈥測ou鈥檙e going to be okay鈥?out loud. Mainly because I wish it was someone else holding me and telling me..', 'I should be happy. I have just enrolled in a uni course which I am happy about but as soon as I was officially enrolled all I can feel is this sense of dread and entrapment, but I want to do it. I feel like I should just die and that I want to mentally pick myself apart until I just gain the courage to completely kill myself and leave this all behind. I don鈥檛 want to be in pain forever. I should be happy.', 'Destined for suicide. No matter what goes on in my life it all comes back to death. I have an achievement, it gets too overwhelming, my solution? Suicide. I鈥檓 sad, dwelling on my past, an anxious mess, my solution? Suicide. I can鈥檛 wait until I finally gain the courage to do it.', 'Fuck. I鈥檓 at work serving customers all day when all I can think about is going home and cutting myself. Fun times.', 'Angry. I鈥檓 so fed up with being alive and having to be apart of everyday society. Under pressure, going day to day working so I can come home and suffer with my mental health issues. I just want to cry, scream and cut my wrists so deep that the blood just gushes out of my arms. I just want to sit there and stare at myself while I bleed.']","😔💔😢🕳️,💀😭🔪⚠️🕳️,💀🕳️⚠️😭🔪,💀🔪😭⚠️😔,💀🔪😭🩸⚠️",1
362,"[Timestamp('2021-10-04 20:06:36'), Timestamp('2021-10-06 05:20:59'), Timestamp('2021-10-10 23:07:30'), Timestamp('2021-10-15 02:29:16'), Timestamp('2021-10-28 21:45:53')]","[""I feel like I have no place in the world. I just feel like there's no place for me I'm just a useless piece of trash and have no real reason to live"", ""I feel like I just wasn't meant to live. First of all I was a actual mistake before my dad died he told me I was just the result of a broken condom and it feels like even when life looks like it's getting better something bad happens that just destroys me and even recently when I've felt better than I have in years it doesn't feel right I just feel like I'm supposed to be dead"", ""I really wish I could help everyone here. I've been looking through here a lot recently and it hurts to see how many people are suffering I always want to comment something but I never know what to say or I'm scared to say something and upset someone even more I really hope things get better for everyone here and I hope you're all doing ok"", ""I'm torturing myself. I feel like I'm torturing myself with my own thoughts part of me wants to stay alive because maybe there is a light at the end of the tunnel maybe things can get better but another part just tells me it's better to just end things now nothing will get better I'll be completely alone soon and no one will care and I believe it I really don't want to kill myself but at the same time I really do I just feel like my brains in one of those torture devices where you get ripped from both sides until you split in half"", ""I don't think life will ever get better. Title says it all maybe dying is my only solution""]","💀🕳️😭😔💔,💀🕳️😭😔⚠️,😔💔😢,💀🕳️😰😭⚠️,💀🕳️😭⚠️",1
349,"[Timestamp('2020-12-14 07:45:35'), Timestamp('2020-12-15 03:39:57'), Timestamp('2020-12-15 16:31:20'), Timestamp('2020-12-16 00:38:36'), Timestamp('2020-12-17 03:42:54')]","['I鈥檓 21 and I like a 17 year old sexually I should die. I haven鈥檛 acted on it but I do like her and I鈥檒l never act on it but I still know it鈥檚 wrong and I think I should just die because I鈥檓 a monster', 'I want to throw up every time I look at myself. I鈥檓 fat I鈥檓 ugly im weird I hate looking at myself I hate being in this skin I know I鈥檓 gonna die alone I wish I could just die in my sleep I鈥檓 sick of disappointing everyone and I鈥檓 sick of being alone', 'I鈥檓 21 and I can鈥檛 talk to girls I鈥檓 an embarrassment of a man and a waste of life. I鈥檝e never been able to talk to girls it鈥檚 like they鈥檙e aliens and my friends and family constantly make fun of me for being like this but the truth is this loneliness is so damn painful that I don鈥檛 even care about myself anymore if I had the balls to end my life I would', 'I鈥檓 attracted to an animated teen and I know I don鈥檛 deserve to die but I still think I should die. I鈥檓 21 and basically what I said in the title idk why I鈥檓 so attracted to her but it is sexual attraction and it feels wrong and I feel like a monster', 'I just know I鈥檒l die alone. I鈥檓 21 and any time I see a relationship I know I鈥檒l never have that I know I鈥檒l never have connection with a girl I know I can鈥檛 even keep a convo with a girl I鈥檓 a loser and no matter how much I work on myself I just don鈥檛 have it in me to be good enough']","💀😭⚠️🕳️😔,💀🕳️😭😔💔,💀😔🕳️😭⚠️,💀😔😭⚠️,😔💔😢😞🕳️",1
495,"[Timestamp('2020-06-08 05:26:35'), Timestamp('2020-06-28 23:15:34'), Timestamp('2020-07-26 20:48:58'), Timestamp('2020-07-26 23:21:52'), Timestamp('2020-07-28 22:29:43')]","[""Life is a complete fucking joke. I don't understand why people think life matters. Because it doesn't matter.."", ""The feeling of wanting to die has been haunting me for years. And I'm so sick of it.."", ""I really wish someone would just hold me at gunpoint already and pull the fucking trigger so I don't have to live another day in this world. I don't understand why people won't listen to me and understand me. Just let me die already.."", 'I just wanna die, if I had a gun I would end myself right away..', 'I wish the thought of wanting to die would leave you, but it never leaves me..']","💀🕳️😰😔💔,💀😰🕳️😭⚠️,💀🔫🚨😭⚠️,💀🔫🚨⚠️😭,💀😭🕳️⚠️",1
208,"[Timestamp('2021-06-27 02:58:09'), Timestamp('2021-07-12 22:45:45'), Timestamp('2021-07-30 20:31:45'), Timestamp('2021-07-31 05:22:00'), Timestamp('2021-08-07 01:37:37')]","[""Hate it here &lt;3. My negative thinking has been so fucking bad as of recently and it's leading me to drift away from people i liked talking to out of pure fear over the thought of them hating me or finding me annoying/a bother. All i do is upset people and ruin moods. I just wanna disappear. No one would care or try and talk to me. All i do is break down and hate myself every day, but i can't tell anyone cause it just gets brushed off. Everyone ignores or yells at me, so what's the point? i already have trouble even getting out of of bed half the time. I'm so constantly overwhelmed despite barely doing anything. I hate how i let my negative thinking/depressive episodes take over. I hate how i overthink things. I hate how my shitty life poorly influenced my life. I don't even know what love is, platonic or romantic. I don't even know what comfort is. I don't know anything. &amp;#x200B; If only i just never existed, it's not like i was wanted anyways."", ""I'm such a fucking idiot. To think people actually like me or want to talk to me. I try my best to talk to them and all i do is get fucking ignored for someone else. Everytime. I get left for them to talk to people that make me uncomfortable. I hate it and feel like i'm not even wanted or liked.."", ""i can't do it much longer.. things have been piling up too much. i'm always so stressed and overwhelmed. i'm tired of it all. i can barely get out of bed half the time. i want it all to end. there's a bridge nearby that i could use. jump off it and never have to worry about things again. i can be free. never have to worry about anything again. no more abuse. no more worry. no more dysphoria. no more fear of my parents. i can be happy for once. i even had a break down at my first day at work. it was so bad that i couldn't bend or move my fingers. they sent me home but i can't tell my parents or they'll get mad and fight, and threaten to send me to a mental hospital. i just want to end it all. i'm scared of my parents and never feel safe in my own home."", ""I almost killed myself.. I stood on the railing of the bridge, looking down at the cement below. I was about to do it. Just one step. But i suddenly broke. I fell back onto the bridge floor and crumbled into a pathetic, shaky mess of tears. I broke down for nearly half an hour as cars just drove past me. I was so close and failed. And now i'm still stuck and have a large cut on my hand that i have to lie about. 7/23/21"", ""i wish i didn't pull myself back from jumping.. things have only grown worse and these past few days have been a living hell of suicidal thoughts and breakdowns. god, i wish someone just pushed me that night.""]","💀🕳️😭😔💔,😔💔😢😞🕳️,💀🕳️🚨😭⚠️,💀🕳️😭⚠️🩸,💀🕳️😭⚠️🚨",0
413,"[Timestamp('2020-06-28 13:29:39'), Timestamp('2020-07-18 09:49:09'), Timestamp('2020-08-06 10:45:29'), Timestamp('2020-09-17 00:46:47'), Timestamp('2020-10-09 04:19:29')]","['Hey guys and girls. Well, I\'m still here because I\'m a cowardly fuck up who can\'t even kill himself right. I feel like I need to remind people constantly, whether its friends, family or strangers, that major depression and anxiety aren\'t things you can turn off like a light switch. Y\'all telling me ""just be happy,"" ""stop trying to get attention,"" ""just suck it up and be a man,"" doesn\'t help me at all, in fact it only makes me feel worse. Why do I never talk about anything personal or important to me, like my mental health anymore? Because every person I ever gave my trust to and a chance blew it. They either told other people or belittled me/bullied me for it, or just ghosted me. Let me ask y\'all a question, what\'s life when you can\'t smile, when you literally gave your last fuck away years ago. When you can\'t smile, what\'s life mean? Oh and before I forget, those of you who don\'t believe in mental illness like mine, fuck you and fuck off. If it ain\'t real then why the hell am I in hell every single minute of every day? Mental illness is real and sometimes it\'s lethal, I\'ve lost close friends to it, and it\'s time this shit stopped. I mean, what the fuck am I supposed to say or think or feel when the person responsible for raising me doesn\'t believe I\'m in pain or that I\'m depressed? Being depressed and anxious at the same time feels like being exhausted, scared and numb all at once, constantly with no break. What\'s life when you can\'t smile? What\'s it like to live with someone who constantly reinforces that you aren\'t shit by their actions and words? When they say you\'re just trying to get attention when they find out, not through yourself, about your depression and anxiety? When you stay locked in your room all day because of your fear of being hit or beat? Being called a liar? Being called worthless or a disappointment? Hell, I know I\'m a fucking disappointment, it doesn\'t take a genius to figure that out. Shit, I\'ve been cutting for years and for awhile I stopped and the cuts healed, but I just started wearing my depression on my arm so to speak again. So, here I am at the end of my road. We\'re all headed for darkness, and I guess I just got a head start, cause we all die alone in the end, and no one\'s coming to save you.', ""I finally realized I shouldn't be here, I was never meant to be.. I finally realized that I'm not meant to be in this world, I don't deserve to be here nor do I want to be here. Everyone who gets close to me gets hurt and I can't watch another person close to me suffer so I can live my miserable existence. For 14 long years I've struggled against the simple fact that I'm bad code, a glitch. It's with a heavy heart that I inform you I've finally found the courage to take myself out of the equation. This courage, like the knowledge that we're all headed for darkness alone, is bittersweet. I was never meant to grow old, nor to be born. To those who will undoubtedly have their world broken and shattered with news of my death and the method of it, you'll make it through to the other side. Don't weep, but instead celebrate. I've crossed over to those pearly gates and I'll be watching over all of you, even those who caused me harm or grief. I've often wondered who I would think of in my final moments. If I'm right, then my thoughts would be of my soulmate, my love lost to the winds of time and change. Honeybee, you've always had my heart, even when you broke it. That day you walked away was the day that I lost my fight. In a world without you by my side, I couldn't survive. This is not your fault, please do not feel guilty. I want you to be happy and feel loved and cared for in ways that I could never give to you. To my family, we were never very close but I would have died for each of you. Mom, if I truly had 1 best friend in this world, you were it. To you I could lay my soul bare and unburdened. My oldest sister, I've never said it but I have always been so proud of you. You were the one I looked up to, my role model. Dad, this isn't your fault. You didn't drive me to this, this is my decision to make and my cross to bear. My 2nd oldest sister, we were never close, but I was proud of you as well, you didn't let anything knock you down. Take care of Bella, my dog and best friend when I'm gone, undoubtedly she'll be depressed. Comfort her and each other and you'll make it through. I must admit I'm afraid of what's on the other side, but not death itself. I haven't chosen my method yet, but I've narrowed it down to a few options. This will be my last message to you, I have to leave now to meet my fate. Goodbye. As I stare into this abyss, I answer L'appel do vide. Veni Vidi Vici, Fracti Moriar"", ""Don't miss me when I'm gone. No one's going to read or see this because I'm just not important enough, but I just wanted to simply say don't miss me when I'm gone. I was never worth it. The only one, my favorite person in the world, who unlocked my heart after years of being locked the moment I sent that first sentence, she walked away 1 year and 24 days ago today. With her, she took my heart. That was the day my life ended. Everyone says I'll find someone else eventually but they can't know that. I will never find another one because I'm killing myself. Some might say that those near death or who know when they will die is a horror that shouldn't be visited upon anybody, but to me it is a gift. I'll soend the next couple months with family and close friends, doing things I've always wanted to do. On December 31st at midnight, I'll answer the call of the void and step into the great unknown, forever lost to the winds of time. So I ask, please, don't miss me when I'm gone. Rejoice instead, as death is only the next step of our eternal climb to the stars. Thank you to everyone who reads this. To those who do, live every day like it's your last. Goodbye."", ""Will somebody please respond, I'm losing my mind and I just realized one of my ex's probably got an abortion. Please, I'm desperate and nothing seems real, please I'm begging anyone, please. I need to talk and vent"", ""Futile. Over the past year I've experienced a steady decline of my mental faculties and find it harder and harder to remember memories and how to do things as simple as string together the right sentence or find the right word. I've had over 14 seizures since last October and each one does irreversible brain damage. They're controlled now but more and more I've been thinking about just not taking my medication for it and just let them kill me. On top of my seizures and mental health problems, I also carry one of the genes for late onset alzheimers. Combined with the brain damage already done, there's only a small chance of not developing it. And if things weren't already bad, I've been hearing this voice, faintly at first but louder and more frequent everyday. I'm going to stop taking my medication and just let my seizures kill me. I don't expect many of you to understand, especially since I'm only in my 20s, but until you experience yourself going crazy, losing memories that were once so clear, and hearing voices you'll never be able to fully grasp just how terrifying and exhausting it is faking that smile and pushing through. Not to sound rude obviously, that's just the way it is. The way it was always going to be.""]","💀🕳️😭🔪⚠️,💀🕳️⚠️😭⚰️,💀🕳️⚠️😭🕯️,😰😭😔💔,💀💊⚠️🕳️😭",1
148,"[Timestamp('2020-05-05 10:31:05'), Timestamp('2020-05-22 14:21:00'), Timestamp('2020-06-04 18:19:50'), Timestamp('2020-06-14 18:37:59'), Timestamp('2020-07-04 17:51:10')]","['I am a bad person and I just wanna die. I just wanna end it all, I became this depressed, always angry, irritable guy that no one likes. I don\'t know myself anymore, my father texted me that Im just there when I need him, I tried to check if his okay and I texted him ""How are you dad?"" last monday but he didnt replied, so I just stoppped and now hes saying that. I don\'t know man, I just ruined all my relationships and no one understands, when I try to talk about it with other people, they say that theres others have worse life than you, or we all feel like that to bullshit, so I don\'t bother talking about it to anyone, nothing interests me and I just feel sadness, hollowness, anger, and jealousy for years now. I just wanna fucking end this because no one will really remmber me anyway. I\'m just tired of trying to fix this but it just doesnt work', 'I am tired of fighting this shit. I am tired of this shit of a life.. Honestly, I am really tired, I am 17 (M) and I am tired of hearing my dad\'s bullshit, my mom\'s bullshit, and everybody\'s bullshit. No one gives a fuck about me, especialy my family, lal of my brothers and sisters said that i should help myself and I am not even close to anyone at my family. My mom, I think she understands me to some extent, but she can\'t do anything, she is not the one who makes money in this family, so she can\'t do shit. And I love her but she is pretty ignorant and I get heated by it sometimes and end up to a nasty argument that ends with me saying sorry. My dad gives little to no shit about us, he just gave a shit about his money, he just gives us little percentage of his earnings and we don\'t even know what he does there, I suspect that he has another girl, and I caught my mom have a relationship with his ""friend"" that seems so kind to us, now I know why, but honestly, that guy is good but I still want my father, I never had a father most of my life beacuse he worked overseas for 15 years now. Never saw him for about 10 years now. I am mentally unstable, I\'ve been diagnosed with clincal depression, OCD, and social anxiety and really bad anxiety and overthinking. I am fialing at school, nothing interests me anymore, nothing is pleasurable and my dad won\'t let me go back to getting treatment because he believes I can just overcome this of my own because he is ignorant. And I get it, most people here (Philippines) grown believing that mental illness like depression is not true and that guy is just mentally weak, and everything is just overwhelming, even reading stress me the fuck out. Ive tried everything meditating 10 minutes 2x a day, exercising, making a routine, taking care of myself, and still end up feeling empty. I just wanna fucking die, I can\'t feel anything and I feel like I am just gonna be a sad loner kid. I\'ve tried everything but life just won\'t give me a fucking break. I am just tired and want to sleep and escape this reality. I think the only way is killing myself. The only thing that\'s keeping me alive is the fear of hell and I still love my mom, even she\'s like that I still love her, but I honestly wanna just give up cause everybody just abused, used and bullied me back then and the scars just won\'t heal.', ""My life is pointless and I can't feel pleasure anymore, what's the fucking point of living like this.. I am 17 and I can't feel pleasure and nothing is interesting anymore, the things that I used to loved now is uninteresting and I just feel empty while doing them, video games stimulates my brain but I don't feel happy even after winning a match or achieving that rank, I don't feel happiness when I buy something new, plus I am getting dumber and dumber and it's hard to concentrate and sometimes it's impossible and everything even reading is overwhelming for me now. I don't know man, having clinical depression sucks, and I stopped getting treatment and I am planning on seeing another doctor but this lockdown happened and in my country at the moment all of the clinics and psychiatrists are not available now, and I can't even go and see a doctor online cause I have no credit card. I feel trap and hopeless and I am tired of fighting. I cant even feel love and cant even socialize because of my social anxiety, I am sick of being alone too, I think someday I'm gonna end my life, or sooner."", 'My life is shittier than everbody that I know.. I am 17 and I just want to die, honestly everyday is just a loop of neverending pain and suffering. I am overwhelmed by everything, everything is not fun anymore, even writing this is hard for me, I have OCD, clinical depression, and social anxiety, and I just want to kill myself. I am tired of trying and fighting, and ni one really gives a fuck and cares about me. Everyone that I know has girlfriends and getting better and getting more good looking while me, I am suffering from acne, no social life, few friends and barely even talk to them, and I tried everything but nothing seems to work and it\'s because the root is my mental illnesses. No one really loved me, I live in a 3rd world country, where having a colored skin is being discriminated by a lot of people, been called a negro most of my childhood, and been abused for 2 years. Now my father is being neglectful to us and everything is falling apart and my father wont let me go back to treatment because his money matters to him more than me. I meditate, I exercise, I try to learn something new everyday, even it\'s overwhelming, I still write songs even it\'s not fun anymore, I still do music, and it\'s just pathetic that I am still trying because nothing works. The only thing that makes me alive is my mom and my 3 dogs and sister but they understand me but they cant do anything because they have no money. I know that people on social media only posts their ""highlight reels"" but I don\'t even have a highlight reel, it\'s been 2 years since I updated my facebook account and my friends are wondering why I am not posting, I know they will not understand and I said it to them but they dont give a fuck, but I cant blame them nit everyone here knows mental health and they are not mature enough to understand, I just became a people pleaser that fits in just for the sake of having friends, I lost my personality, my humor, and myself. I don\'t know if life is still for me I think I am just unfortunate and no one wants my ass to be born on this earth anyway, I am just an accident and a child of my mothers second husband that no one expected. Mental illness and society took everything from me, I just wanna die. Edit: Sorry for grammatical errors I cant think properly right now and eng is not my first language.', ""I am in the brink of giving up. I just wanna end the suffering. (Vent). I am 17, I've been diagnosed with OCD, MDD, and SAD. I am fucking tired, no one gives a fuck about what I am going thru, especially my dad, I've seen 2 psychiatrist, one I stopped seeing for some reasons, and the 2nd one just misdiagnosed me at first then give me antipsychotics that made my symptoms and gave me bad side effects like hallucinating, luckily I stopped immediately cold turkey, but it was followed by a week of hell. After that my dad have came to a conclusion that no one will gonna treat me and that every doctors out there is the same and it's up to me to help myself, I've tried, I did fucking tried, I meditate 2x a day, exposed myself, exercise all this kind of shit but my mind is keep fucking with me, maybe my chemicals and neurons are not normal out there, and need some serious rewiring. My mom understands my pain but she can't fucking do anything because she has no money and my dad has our family's possession. My anxiety and depression took away everything from me, my passion, my friends, my social life, my love at learning things, and my happiness overall, and my personality and sense of self. I am tired, I feel hopeless, I am trying everything I can do but it's not enough, been bullied by people whole my childhood, been abused mentally and emotionally for 2 years by my own relatives, living in a third world country where I am an outcast, and my dad is neglecting us, man fuck you life give me a fucking break, I think life is not meant for me, I used to love learning and love life itself, but now, I became a depressed, boring, loner, and maybe a loser that no one gives a shit about. I think suicide is the only option, I don't know man. The fuck is the purpose of life if you can't feel pleasure or rarely feel emotion besides sadness, emptiness, and anxiety. Fuck this shit man.""]","💀😭🕳️⚠️😔,💀😭🕳️⚠️💊,💀🕳️😭⚠️😔,💀😭⚠️🕳️,💀😭🕳️⚠️😔",1
413,"[Timestamp('2019-08-11 06:06:41'), Timestamp('2019-10-23 23:44:09'), Timestamp('2019-10-23 23:44:24'), Timestamp('2019-10-25 04:50:14'), Timestamp('2019-11-04 09:38:02')]","[""This is the end. I'm at rock bottom. Alls I feel is cold, colder than a wet cold rainy day in January. This world wasnt made for me, I was born in the wrong time and place. I'm sorry, I just wasn't made to survive in this world. I'll be looking down on you guys from Heaven, or who knows the way shits been going maybe I'll be in Hell looking up on you. Fuck tomorrow I wanna die tonight. This isn't a cry for help I'd rather piss y'all off. I dont need your pity parties, I dont bitch just to whine. I'm sorry, the world beat me to my knees and I can't get back up, I'm too weak. Goodbye, just look at my face when I'm in my coffin, the stories it will tell I can't erase. Goodbye."", ""My story is coming to an end. I don't think I'm suicidal per se, but I have given up. I had a seizure about 2 weeks ago and ever since then I've had trouble remembering memories that were so clear before, speaking, forming sentences, keeping my balance, and for the better part of a year I've been extremely tired, weak and every day I'm nauseous, have horrible migraines every day, blurry vision, and have had mini seizures and sleep walking episodes. My doctor thinks it's a brain tumor and is sending me to an MRI and neurologist, but I've already decided I don't want treatment for it if it is one. I've experienced severe personality changes, and I'm just ready. I havent been to the MRI or neurologist yet, but it's almost certain I do, and if so, its spread to distant parts of body by now. I don't know what to do"", ""My story is coming to an end. I don't think I'm suicidal per se, but I have given up. I had a seizure about 2 weeks ago and ever since then I've had trouble remembering memories that were so clear before, speaking, forming sentences, keeping my balance, and for the better part of a year I've been extremely tired, weak and every day I'm nauseous, have horrible migraines every day, blurry vision, and have had mini seizures and sleep walking episodes. My doctor thinks it's a brain tumor and is sending me to an MRI and neurologist, but I've already decided I don't want treatment for it if it is one. I've experienced severe personality changes, and I'm just ready. I havent been to the MRI or neurologist yet, but it's almost certain I do, and if so, its spread to distant parts of body by now. I don't know what to do"", 'My Story. Hey guys, I am on my laptop so I can give a more in depth version of my story. About a year ago I started noticing small things, like fumbling a word every now and then, tripping over my own feet, some memories becoming hazy or non-existent, and I started having intense migraines and blurry vision. A few months after I went to my doctor to get my symptoms checked out and she told me everything was fine (I should note that I suffer from severe anxiety, clinical depression, and PTSD) and that I should not worry about the symptoms. 4 months later, I developed severe pain in my joints and bones, mainly my knees, back, left leg and neck. I went back and was referred for a X-Ray to scan my knee, and nothing was found. I dealt with all of these symptoms, while the fumbling of words, loss of co-ordination, and migraines/blurry vision was gradually worsening. I had a 3 and a half minute seizure 2 weeks ago, and went to my doctor. She wants to send me to a neurologist and a MRI of my head/brain, as she thinks I have a brain tumor. If I do (I have not been to the MRI/neurologist yet) then it is almost certainly malignant and metastatic. By this point, if my earlier symptoms were an indication of the tumor, it has spread to distant parts of my body. I now have great difficulty remembering my most fondest memories, dates and places are wrong, wrong people, events that didn\'t happen or happened in another time or place, etc. I am also having more and more difficulty with my vision, co-ordination (tripping frequently, dropping things, falling) speaking/stringing sentences together, mental confusion, and nausea/migraines every day, all day without end. I am scared and alone, my body is dying and I fear I won\'t make it to my MRI/neurologist appointment alive. I am taking steps to ensure my family and friends are cared for in the event that this is my last post/my last days on Earth. Even if I make it, if it is cancer, I doubt the prognosis will be good, and the survival time will almost surely be less then a year. If so, I have made the medical decision that I do not want extraordinary measures taken, in the event I stop breathing/my heart stops. I also do not want treatment of any kind, as I won\'t put my family through the pain of seeing me turn into a shell of my former self. no one, not even my best friend or girlfriend, knows this entire story, only bits and pieces. I do not want to worry them until I have to. I have made up my mind on my treatment plans, and I have accepted my fate. I will be visiting a lawyer to arrange my affairs and will in the coming days. I will update as often as I can for as long as I can. &amp;#x200B; &amp;#x200B; ""We live only once, do not live for legacy, no, live for the memories and the experiences and relationships. We occupy our chairs only briefly, and we all die alone, that\'s the cold, hard truth."" &amp;#x200B; Psalm 23:4', ""idk. Why is it so hard to find a girl, literally all I want is to find someone who will hold me and love me, who I can settle down with and start a family. I'm moving to Colorado on December 31st and I'm excited, but I already found and lost my soulmate (check post history) and I just don't want anyone else honestly. Yes I've been in a relationship since then but I broke it off (she was ignoring me and shit) and I just know I'll never find another like my soulmate. She will always have the key to my heart and that's just the cold hard truth guys. I can't flip it off like a light switch, doesn't work like that, Lord knows I want it to. I have lost the fight in me to find another. Maybe I'm destined to be alone. On top of all of that, I confess I've prayed nearly every night for God to give me cancer, and I'm pretty sure He did. Brain cancer, all's I want is 1 year to live. Hell, I'd even take a month. I won't know for sure until MRI's are done and I see my neurologist, but I guess I just needed to vent""]","💀🕳️😭🔪🚨,💀🕳️😰⚠️😭,💀🕳️😰⚠️😭,💀🕳️⚠️😭🩸,💀🕳️😭⚠️🩸",1
252,"[Timestamp('2021-07-01 10:14:09'), Timestamp('2021-07-05 14:16:20'), Timestamp('2021-07-06 09:01:23'), Timestamp('2021-07-09 09:40:00'), Timestamp('2021-07-10 09:43:04')]","['I dunno what to do or think or feel anymore. Haven鈥檛 a clue what to do feel so muddled and confused so v Often and it鈥檚 a horrible anxious feeling just feel like giving up', 'Done!!. Had enough can鈥檛 do this anymore had enough I鈥檓 sick of being ill my life is ruined I鈥檝e tried so hard I just am done with it. Take it easy all.', 'I don鈥檛 want to do this anymore help me please help me end it. I don鈥檛 want to do this I can鈥檛 do this my mind is shot to shit I can鈥檛 think clearly or process my feelings or emotions properly I鈥檓 terrified all the time I can鈥檛 do this I can鈥檛 it鈥檚 too strong for me.', 'Can鈥檛 get this brain to unscramble feel like I鈥檓 losing touch with reality.. I鈥檝e got anxiety ocd and depression, I鈥檓 on lots of different meds and I feel awful still I鈥檝e tied my mind up in knots trying to self protect and I can鈥檛 untie them. I feel like I just want to give up I鈥檝e really had so much more than I can take.', 'I鈥檓 literally so sick and tired of suffering I鈥檝e really had enough I just want it to all be over. I need it to be over one way or another cause I can鈥檛 stand this I really can鈥檛. Just had an absolute gutful it鈥檚 my birthday in 17 days I think if I don鈥檛 give in by then that will be the day.']","😔😩😰🕳️⚠️,💀🕳️😭⚠️,💀😰🕳️😭,💀😰🕳️😭⚠️,💀⚠️🕳️😭🚨",0
215,"[Timestamp('2021-06-12 15:04:21'), Timestamp('2021-06-21 10:59:19'), Timestamp('2021-06-27 21:07:18'), Timestamp('2021-07-02 14:56:42'), Timestamp('2021-07-03 23:15:57')]","[""So damn tempting. Suicide is really damn tempting. I take a look at my future, and its depressing. I take a look at the present moment. It depressing. I take a look at my past, its depressing. Been severely depressed for over a decade now. I still don't think people understand. They say gO tO tHerApY, eXeRciSe, (ok well exercise helps like 10%) but these fucking people act like therapy or medication will cure me. Firstly, no meds have ever worked so fuck right off. Therapy is over priced AS FUCK so i aint doing that. No women like me, and never have, i'll be a virgin forever, alone forever. People say to love yourself and crap and I do aside from mental illness. I love my real self, but the mentally ill self i fucking hate. I dont get lonely that much, but it does suck being undesired. I hate life. Every job sucks too. Video games are the only thing semi enjoyable and they are too addictive and make you a loser. Im so tired of this shit. Lifes unfair as shit, just slavery to money then i die. And its not even good for me. Im constantly surrounded by others who have it better externally which make me feel worse internally. I hate all of your fucking stupid advice so dont bother."", ""I got a book load of reasons to kill myself. I mean suicide feels so right for some reason. Like why the fuck would I want to work the next 70 years of my life while being severely mentally ill, idk man. Every job fucking sucks. I am not good with people so without a doubt im truly forever alone. I don't get lonely much but if does somewhat suck I miss out on what most normies experience, sex/etc. Its tough not to do it. I mean depression makes nothing pleasurable and everything tough as hell to do . Got bad anxiety from past events that therapy can never help. Horrible social anxiety. Depression makes me have a low IQ im so slow I swear. Lifes just awful"", 'Wish people could be more open about suicide. I often want to be dead. I have severe depression and anhedonia and have nothing in me to work towards a better life. I cant hold down a job, have a low iq, not attractive (beauty is subjective - some model) . I have no life in me. Everything is so fucking God damn boring. Everything. Ill never get a partner or laid as im a dead inside boring mfer. I won\'t ever have kids. What is there to enjoy? Seriously theres nothing. My brain won\'t let me feel pleasure and I got fucked in all other areas. If someone finds out im suicidal they shove that suicide hotline down your throat and the chances of them calling the ambulance are high. Fuck that. So tired of life . People who say "" you have so much time"" really don\'t understand that time doesn\'t fix shit.', 'Being a virgin makes me just wanna die sometimes. I feel so pathetic really. I hate posting this shit here too because I always just get cheesy bs advice. The reason why I will always be a virgin and a loner is because I have severe chronic depression and it kills my personality (Not because I\'m a virgin it just runs in my family) . Makes me so fucking dead inside and dull and quiet. I\'m not super attractive either. People say "" improve your personality or put yourself out there more "" don\'t understand. Depression makes me a undesirable POS. I don\'t always care, it only hurts sometimes but when it does I just wanna die. I also hate life, working a bullshit job, coming home being too depressed for anything. Yea even when I\'m in good shape it changes nothing. Can\'t be confident when depressed. I hate life. Can\'t wait to receive bs advice if anyone even read this', 'Tired of it. No point to anything in life with depression. I feel pain and i just want to end it. Im honestly just so useless I have to be the most useless pos known to mankind. A fly is worth more than i am. all they do is look for food and reproduce, i cant even do that. im useless.']","💀🕳️😭⚠️😔,💀😰🕳️😭⚠️,,💀😔🕳️😭⚠️,💀🕳️😭😔💔",1
172,"[Timestamp('2020-10-15 18:21:15'), Timestamp('2020-10-15 23:32:47'), Timestamp('2020-10-16 17:22:20'), Timestamp('2020-10-16 19:47:02'), Timestamp('2020-10-16 20:32:09')]","[""40 and completely fucked. I have no hope for a job. I can't fill a second of my time. I get 1000 bucks a month from family, but that won't last. I have few clothes and say nothing everyday. I live with my boyfriend who is constantly talking. I do nothing everyday and everyday want to kill myself."", 'Must kill myself tomorrow. No job. No life. No clothes. Nothing to say. Nothing to do. Nowhere to go. Only going to get worse.', ""Not mental illness, it's situation. I hate it how everyone I know thinks if I just got help I would become happy. They don't see how being unemployed with no career and nothing to do is the problem. They are all working or retired. I fucking hate them all."", ""No job. I keep checking job postings. It's a waste of time. I have no references, no work clothes and no experience and I am not presentable."", 'Now is my time. Only a few hours left to do it. Bridge is 24 miles away. Brain hurts. Boyfriend wants to marry me. I have no clothes and no job. Nothing to do. Waiting. Nervous. All I say is yeah and ugh huh.']","💀😭🕳️⚠️😔,💀⚠️🕳️😭🚨,😔💔😞⚠️🕳️,😔💔😞,💀🚨⏳🌉😰",1
491,"[Timestamp('2020-09-12 07:46:06'), Timestamp('2020-10-09 14:43:51'), Timestamp('2020-11-02 14:02:17'), Timestamp('2020-11-16 12:04:39'), Timestamp('2020-11-17 15:06:34')]","['Body. I lost over 25kg, still can鈥檛 like my body. Still not comfortable in my own skin. I want to starve myself until my ribs show, until my arms are thin and my stomach is flat. All I want is to be thin. But then I鈥檒l binge, and I keep getting bigger, all I want is to be so small that it captures the attention of people and makes them worried.', 'Just done. All I want to say and make clear is that I hate this fucking world, and I wish I was never born. Thanks for listening.', 'No hope. I鈥檓 really really tired. I鈥檝e had a big year achievement wise, but no one to share it with. I drifted from all my friends of over 5 years after we left high school last year, but it鈥檚 all my fault because I isolate myself. My family is a mess, all I do is work. I鈥檓 plagued by anxiety and depression all the time, always putting up a mask. No one from my work place would guess I鈥檓 as depressed as I am. I鈥檓 too ashamed of myself, I support LGBTQ+ but can鈥檛 seem to come to the fact that I am apart of it myself, because look at all the judgement still out there! I honestly have tried everything, therapy, medication, exercising, throwing myself into work, keeping busy. I think I鈥檝e nearly reached the end guys. 19 years of life, 3 months away from 20. I don鈥檛 know how I鈥檒l keep going on with no one. Well even if I have people, I still feel lonely. I鈥檓 honestly hopeless.', 'I鈥檓 really really tired. I鈥檓 just so exhausted. All I want to do is sleep forever.', 'I seem to cry more when I鈥檓 telling myself 鈥測ou鈥檙e going to be okay鈥?out loud. Mainly because I wish it was someone else holding me and telling me..']","💀🕳️😭⚠️,💀🕳️😭⚠️,💀🕳️😭😔⚠️,💀😴🕳️😭⚠️,😔💔😢🕳️",1
285,"[Timestamp('2020-09-06 12:34:39'), Timestamp('2020-09-09 09:21:49'), Timestamp('2020-09-09 10:51:30'), Timestamp('2020-09-16 12:06:26'), Timestamp('2020-09-21 08:20:12')]","[""Can we help each other?. I know we all come here to die for lots of different reason's, I am sure lots of us have skills and talents that aren't appreciated that if given the chance could make a real difference to our lives. Iam sure there must be people on here who know stuff that collectively could help us."", 'I want to die this week. I really hope I die this week, I will have to book a hotel room or do it in a park or something as I have no where else to do it. I really hope this happens, I am done with life....', 'I cannot cope with life. I post here all the time, I hope after this weekend I never post again... I have to free myself from this miserable life!!', ""Anyone here over 40 who is suicidal?. I really thought by now I would have sorted my life out but I still haven't, Things were great for a while but it had to go and end and now I have just given up. I do have some days where I feel positive but my life will never be as good as it once was. If you are young and reading this, please don't think that you cant sort out your life. We are all different and you certainly can make a change to better yourself..."", ""Anyone here in the UK with access to a gun?. Fancy doing a suicide pact? Or just letting me have the gun? I want to kill my self this weekend and I am definitely doing it, I would like to just blow my brains out but I do not have a gun so it's looking unlikely I can do that.""]","💀🕳️😭⚠️😔,💀⚠️🕳️😭🚨,💀🕳️⚠️😭🚨,💀😔🕳️⚠️😭,💀🔫🚨⚠️😭",1
109,"[Timestamp('2021-03-29 20:19:26'), Timestamp('2021-04-22 17:40:40'), Timestamp('2021-04-26 02:16:33'), Timestamp('2021-04-26 18:57:59'), Timestamp('2021-04-28 11:04:22')]","['It just want to be dead every single day, but I鈥檓 just to much of a pussy to actually commit to killing myself. If only there was a easy way to kill myself, I honestly don鈥檛 even know what to do anymore I feel so trapped..', 'Why is living so much effort, I really don鈥檛 know how people live life all the way till they die. I鈥檓 20 and I already just wanna neck myself 24/7. I feel like everyday just gets harder now, even tho I鈥檓 doing fine..', 'Should I kill myself? I don鈥檛 know what else to... I鈥檓 20 and can鈥檛 keep a job, I have a job right now but every morning I wake up I wonder what鈥檚 the point of even trying when I feel like just being dead instead.. If I lose this job, I honestly think I might kill myself. I had more jobs the my age somehow. I feel so lost looking at how everyone and my parents can keep a same job for years and years like it鈥檚 nothing, mean while I can鈥檛 even keep a job for a couple days without wanting to kill my self.', 'I think I鈥檓 going kill myself soon.. I can鈥檛 function like a 鈥渘ormal鈥?human being.. I鈥檓 about to quit my job I just got last week, my parents keep telling me I just gotta try harder and life will get better? But this like my 20th job already at the age of 20 and I still keep fucking up? I鈥檓 honestly going kill myself if I lose this job and nobody believes me but I鈥檒l prove them wrong soon. All I can think about at work is just killing myself so I don鈥檛 have be alive, then I just wonder why the fuck I鈥檓 I even working just use all this money to cover my bills then have non over just to grind it all over again? Bullshit. Call me fucking lazy or whatever you want, but that鈥檚 why I鈥檒l be offing my self whenever I drop this job..', 'Is hanging my self a good method? I鈥檓 not sure what I way I should use.. Can someone please atleast tell me a decent method?? My life has just gone to shit, I need to escape and think suicide is the only way to fix all these issues..']","💀🕳️😭⚠️🔪,💀😭🕳️⚠️,💀😭⚠️🕳️😔,💀⚠️🔪😭🕳️,💀🔪🕳️😭",1
145,"[Timestamp('2019-01-20 16:17:31'), Timestamp('2019-01-28 02:05:58'), Timestamp('2019-02-19 23:27:32'), Timestamp('2019-03-01 05:58:56'), Timestamp('2019-04-03 17:21:12')]","[""I can't make it through this day. My dad insulted me and I threw my food out of anger and then he hit me and called me lazy and ungrateful and so many other things over and over and over. I locked myself in the bathroom to cut and now I'm laying on my bed crying so hard and my arm is so bloody. I can't take this. I want to go overdose on something. Everyone has left me whether it be after a week or years and my own family despises me no matter how hard I fucking try. I've never felt so close."", ""It's not right.. I don't know what to do.. I feel so disconnected from the people in my life.. I constantly feel hopeless and depressed and suicidal. My past destroys every waking moment of my life.. I have such a desire for a meaningful connection and friendship. I've only found that with one person. She's online and I can't get to her. I love her so, so much. I fear she won't be around much longer. She has sent me a long goodbye and it truly feels like the end. It's not right for her to abuse me like this but it's real and it's happening. She said she will send me numbers to send it to before she goes.. and I know she has only sent this goodbye to me ahead of time because I'm not there in her life, in person. It's so fucked up. I'm barely holding on and I really think that I will follow her. I keep breaking down. I'm losing it. I don't know what will help this situation so I'm really just venting. She promised she would never talk to me again if I called the cops.. plus she has drugs... But I don't know how to contact anyone else that she knows. 馃様what do I do.. can someone help me through this pain even if it's just kind words or a pleasant conversation."", ""Urges. Taking the bus from one crap job to another. Just feeling like getting out and lying down on the road to die. I don't know if I can do this any longer. My head feels so clouded."", 'Anyone have skype. Really lonely Feeling suicidal Just want to talk to someone', ""It's getting harder to hold on. I try to be hopeful. I got a raise at work and am trying to keep up with two jobs. I'm trying so hard but nobody can see it. It's never enough. Just working and smoking can't cut it any more. It's just a constant cycle with too much sleep and sometimes self harm. Every day I manage more I just fall back the next. I've never been as alone as the past few weeks. My best and only friend is gone for good. I miss her so much. Nobody ever talks to me. Nobody truly cares or ever will and I've now realized that. Suicide feels so close and all I have to do is reach out and grab it. I'm almost there.""]","💀💊😭🔪🚨,💀🕳️😭⚠️,💀🕳️😰😭⚠️,💀😰🕳️😭,💀🕳️😭⚠️",1
526,"[Timestamp('2021-01-13 02:16:14'), Timestamp('2021-05-23 23:14:01'), Timestamp('2021-06-22 02:23:36'), Timestamp('2021-07-11 05:13:45'), Timestamp('2021-09-14 04:58:15')]","[""I want to jump off the golden gate bridge. So tired of hating my life and soul. Hate being alone in life. Hate being the guy no one wants to date. I hate being gay and knowing that no one would want to be with me. After the pandemic i want to travel to San Francisco for a week and stay in a hotel until Friday then take an uber to the bridge and jump. I think i have written this out so many times last year. I already know this valentine's day i'll be alone again. I know any trip I take will be alone. I know I won't let anyone know I love them or want to marry them and i know no one would want to marry me. I wish i could die in my sleep. It would be easier. Maybe I can reincarnate into an attractive Asian gay guy and have a chance to date and fall in love. Love... yeah it would be nice once before i die."", ""Just want to end everything. Just tired of living. Tired of being a loser in life. Being so unattractive no one would want to be with me. Dead end job, no life, nothing to show for all the years i've been here. People get to have families and relationships and I never will. I want to punch a hole in the wall but of course i am renting. I don't own anything all I am is a working cog in this machine of life. I'm a gay man that is the opposite of attractiveness in the gay world. Makes me wonder why I even exist. I want to rip my heart out. I am tired of living and feeling. I hate myself so much, more than anything in this world. I want to give up, I want to die. Nothing can help me. friends, family, therapists cannot understand me."", ""Wish I could die in my sleep. It would be nice to die in my sleep rather than other methods of committing suicide. There is no love in this world for me. I'm tired of living. Fate wants me to live as a loser in life. If I die doesn't that satisfy everyone? I'll never fall in love, dead or alive, so why continue living so be miserable and alone? I know I'll have a bad day tomorrow and the day after that and the day after that. I could end it. No more being ugly fat and stupid. I could be dead, nice and quiet. No more sadness, no more being rejected."", ""Wish there was an easy way. Wish there was an easy way out of this world or life. I am amazed at how some people can quit their jobs and get up and go somewhere far and new. I am stuck literally and figuratively in a rock and hard place in life. Cannot move, no job skills to find new employment. I see myself working until I am dead trying to afford a room in some house. No love life ever. Fat, ugly, dumb, pathetic. When I see people with their stuff together and in a relationship I wonder why them and not me. I cannot even kill myself right. I collect fountain pens and sometimes I want to stab myself in the neck or heart. Whenever I write its always sad and depressing. I think I hate myself more than anything in this world really. I hate being me, hate being gay, hate being alive. So many people are able to end their lives so why can't I?"", 'Tired of living and being alone. Tired of being me. Tired of being the person no guy would want. Tired of having gay feelings and it being unrequited. Sometimes when I write with my fountain pens I want to stab myself to death with it. Just to end it. I want to give up. I overeat and spend money I don鈥檛 have to keep these feelings at bay.']","💀🕳️🚨😭⚠️,💀😭🕳️⚠️💔,💀🕳️😭⚠️😖,💀🔪😭🕳️⚠️,💀🕳️😭🔪⚠️",1
426,"[Timestamp('2020-12-21 06:46:22'), Timestamp('2020-12-21 07:11:11'), Timestamp('2020-12-21 09:30:51'), Timestamp('2020-12-21 09:31:44'), Timestamp('2020-12-21 09:44:36')]","['no one actually fucking cares so whats the point of staying alive now?.', 'whys it always worse on the holidays.', 'im gonna kill myself tonight. theres nothing to live for anymore. its better to stop it all at once.', 'its so hard to find someone who actually cares anymore.', 'if you actually cared then why wont you take me seriously.']","💀🕳️😭⚠️😔,😔💔😢,💀🔪🚨😭🌑,😔💔😢,😔💔😢⚠️",0
40,"[Timestamp('2020-11-28 02:54:25'), Timestamp('2020-11-28 03:27:20'), Timestamp('2020-11-28 03:52:26'), Timestamp('2020-11-28 04:35:00'), Timestamp('2020-11-28 19:50:09')]","['Drunk AF about to eat a new refill of Xanax.', 'Just swallowed a bottle of Xanax, drunk, going for a walk on the train tracks. 馃', 'Is it even possible to OD on Xanax??. I just feel. Really calm', 'So many mf鈥檚 wanna send 2 lines of chat then quit. Thnx but youre not helping.', 'Woke up from last night鈥檚 suicide attempt.. Hopefully today I鈥檒l get it right']","💀💊🚨⚠️😵,💀💊🚨🕳️😭,💀💊😰⚠️🕳️,😔💔😞,💀⚠️🚨🕳️😭",1
422,"[Timestamp('2020-10-10 03:21:12'), Timestamp('2020-10-11 02:05:34'), Timestamp('2020-10-12 09:36:31'), Timestamp('2020-10-14 06:10:48'), Timestamp('2020-10-22 03:51:06')]","['Guilty for ranting. I just feel guilty for even ranting or taking about my worthless life to someone. I鈥檇 rather just die than keep feeling like this', 'Least painful and less traumatic way to go?. just need for research', 'Angry at everything. I鈥檝e never felt so much anger towards the world more than I do right now. The universe just doesn鈥檛 want to fucking give me happiness and I always have to deal with the trauma that people gave me. I鈥檓 so fed up and want to scream at somebody. But I can鈥檛 because 鈥渙h they don鈥檛 want you to die because that鈥檚 selfish and you鈥檒l hurt people 鈥?like wow fucking genius it鈥檚 not like you people have it to me in the first place. Idk what鈥檚 wrong with me that I have the desire to punch something. I have never felt this and I鈥檓 afraid that I will explode and hurt myself. I鈥檝e already relapsed 2 weeks ago and the feeling to do it is getting stronger and stronger. I feel really alone in a world where I have no desire to even be a part of. I hate my career prospects, I hate my situation and I hate everyone for hurting me. If I were to die then those feelings would be gone. Sorry for the rant ;((', 'I hate living. fuck this world everything sucks and nothing is going to work out for me. I鈥檓 this close to smashing a glass bottle and hurting myself with it. I guess only then I will let my anger out because I鈥檒l be dead and nothing to feel.', 'More and more confirmation. I鈥檝e just been really lonely and have been in a dark space lately. Like my thoughts are leading me to conclude that I should just end it all and I don鈥檛 know what to do.']","💀😭🕳️⚠️😔,💀⚠️🕳️😰💊,💀🕳️😭⚠️💊,💀🔪😰🕳️🚨,💀🕳️😰😭⚠️",1
143,"[Timestamp('2020-11-09 09:07:39'), Timestamp('2020-11-12 09:50:16'), Timestamp('2020-11-19 15:54:30'), Timestamp('2020-11-26 09:17:09'), Timestamp('2020-11-27 10:21:35')]","[""I'm not sure if my mother loves me. The only reason I'm not dead is because I love her, I don't think she loves me back. I don't even know if anyone else of my friends or family actually care"", 'I am going to survive this God forsaken year even if I end up fucking myself over because of it..', ""Something inside my soul is missing. I just feel that there is an emptiness in my soul that just keeps growing every day, I have tried to fill it with video games, art, movies, music, pornography Etc. But nothing works. Every time I'm alone with my thoughts I'm reminded that something is missing. I've tried so many things to fill this void in my soul but nothing works."", ""School takes all my energy. School takes so much of my energy that i can't do the things i find fun, the only thing i can do is just play games. The only time i can actually do my hobbies is on the weekend, and that sucks because my hobbies take time to do."", ""I don't know if I'll live through the next year.. I know I'm going to survive this year, I made myself a promise, that I will survive this year even if I fuck myself over because of it. I want to have one last Christmas, one last goodbye. But I don't if I'll survive the next year, everything has just been going down hill so fast for me. I know I can't end it all in early 2021 because my birthday is in February, I don't want to think about what that would do to my mom, the only person I feel has any love for me, even if I think that love will show far far too late. I can't end my suffering without giving it to someone else. And one of my only friends who isn't an asshole 80% of the time, a guy a meet on here, someone who I saved the life of, what will he think? I know I can't end it without hurting people, but I've been selfless my entire life, so maybe it's time I should do what's best for me. (Disclaimer) I'm on the mobile browser version of reddit, which means I can't respond to private messages for some reason. If you have something private to say, informe me in the comments so I can contact you on another device. This is the only way for private conversation.""]","💀💔😭⚠️😔,💀⚠️🕳️😭,😔🕳️😞💔😭,😔😞😩,💀🕳️😭⚠️🕯️",1
414,"[Timestamp('2022-04-08 07:14:48'), Timestamp('2022-04-08 08:34:51'), Timestamp('2022-04-10 09:45:20'), Timestamp('2022-04-17 19:23:23'), Timestamp('2022-05-11 14:34:49')]","[""its getting bad but i have work tomorrow. i might have to call emergency services but i dont want to lose my job. i promised myself if i started self harming or spiralling again, i'd go to the hospital. can i pay? no. but its too much to just tough it out like i dont want death more than anything in the world. just crying and writhing and fighting the urge to harm myself. this is hell. psych wont call me back. i just want help but nobody actually helps in this world. they stop us from committing suicide because suicide insults them. it says the world they made wasnt good enough, and that angers them. so they stop all the ungrateful' suicidal ppl and beat some gratitude into them. nobody cares if you live or die."", 'I hate them and I hope they are suffering. I dont care. its wrong of me. i dont care. I am hurting so i want them to hurt. i hate them and all their vile complacency. i hope they suffer like i do. i hope every disaster and failure and crisis around them feels like a boat on their back. i hope they feel guilty all the time for things that arent their fault. i hope they put in their all and got fucked anyways. i hope they find hell on earth. i hope they find me dead. o hope it hurts them.', ""there, i'm abusive. where is my success?. all the abusers get success. narcissists and shit parents and rapists. they all get money and success and followers and a safe place to sleep. well, i'm abusive now. i'm manipulative. i hurt ppl. where's my damn success? the fuck do i have to do? if i dont get this psych eval i am killing myself instead of going to work. fuck this noise. i dont deserve to be here."", 'How easy to buy a tool from a pawn shop?. i finally live near some shady pawn shops. do i need a gun license to buy one secondhand? anyone have experience buying?', ""tired. why should i try?. basically i'm a guy who wasn't born in the right body. it's been decades living with that and now my hope for that changing is quickly dwindling. i mean i didn't know transition even existed until 2 years ago, and now it's not going to exist. why the fuck should i live? why should i contribute to a damned society that wants me dead? nobody here deserves me. and i hate everyone here. i hate having to suck it up every time i'm reminded i'll never be a guy, just a 'weird girl who wants to be a guy.' i hate having to smile at every fool i know would kill me if they could. i hate this world. i hate this country. i hate everyone so much. i hate myself for being born like this. would it have been so hard for me to be born male? or maybe just died in the womb? i was born sick, i should have died then. i shouldn't have existed for parents who hated me. for a god who botched me. for a world that wanted me dead. i should never have existed at all.""]","💀😭🕳️⚠️,💀🕳️😭⚠️🩸,💀⚠️😭🕳️🔪,💀🔪🚨⚠️🕳️,💀🕳️😭⚠️💔",1
266,"[Timestamp('2019-04-21 13:47:09'), Timestamp('2019-04-24 04:53:56'), Timestamp('2019-04-25 07:40:56'), Timestamp('2019-04-27 03:58:40'), Timestamp('2019-04-28 18:11:27')]","[""I can't face what I am. I want to run. I don't want to accept any of this. There's no reason for me to be here. All that's left is to suffer, day after day, and yes, living life as myself is inherently suffering. I just can't accept things about life. I don't want to have to change. I don't want to have to open up about how I feel to someone I don't even know. I hate that I have an entire day ahead of me. I hate that there is probably so much time left. I'm sick of it. I'm so broken on so many levels. It's not worth it to try to change. It's not worth it to try to get better. This life was never meant for a person like me. Everything about who I am is antithetical to living a happy, fulfilled life. I don't want to try anymore. I don't want to start trying. I don't want to keep working on my social skills. I don't want to keep interacting with people. I don't want to keep thinking about the future or what I'm doing with my life. I don't want to discover or learn. I don't want to keep trying to be more self aware. I don't want to keep learning about myself and who I am. I don't want to keep trying to exist in spite of my anxiety and complete lack of self esteem. I don't want to build it. I don't want to live to see the consequences of my actions. My life has just been one big waste of time. The only reason I'm still here is because of fear and the fact that I'm too lazy to go through the process of trying to buy a shotgun."", ""I'm too fucking pissed to make it better and I refuse to improve myself. That's all I've got to say. Fuck this existence. Fuck everything on this planet. Fuck you. Fuck your children. Fuck your dog. Fuck everything you live for. Fuck it all."", ""I'm fucking sick of dealing with life. I don't want to get better. I don't want to reevaluate the choices I make or the thoughts that I have. I want to die. I don't want to learn and grow. I don't want to understand others. This is all pointless bullshit. I am a fucking failure of a human being because I do not want to learn and grow. I'm fucking sick and tired of being alive. There is nothing good about existence. Absolutely fucking NOTHING. It's either me or everyone else because I can't contain this rage and because being seen as a crazy person who needs fixing is just fuel for the fucking fire it might as well be me."", 'I can\'t do this. Life is getting too real for me too fast. I can\'t be the one to figure out how to pay the bills. I can\'t be my mother\'s caretaker. I can\'t lead this family unit in a direction that will keep us afloat. I just can\'t. I can\'t stay positive in the face of this much adversity. I can\'t be a part of figuring out real life solutions using real life knowledge and wisdom. I can\'t be a leader or even a part of this team, but what am I going to do? Abandon everyone? I can\'t do that, and I have nowhere else to go. I don\'t want to be the teacher of life skills that will get others through the harsh life that is ahead. I don\'t want the responsibility to teach them to rest on me. I don\'t want the responsibility to learn as much as I can and to work as hard as is necessary for us all to make it to rest on me. I also don\'t want to work in a team where all of these responsibilities have to be figured out and delegated and such. I can\'t do this. I\'m not strong enough to do this. I just want to run away, but there is nowhere to run to. I don\'t want to be a part of the military. I just don\'t want to do what is absolutely necessary to make it. I don\'t even really want to figure out how to make it. Life has been too easy for too long. Now it feels like every little choice I make, how I spend every little second, is going to be the difference between making it and not making it. There is no ""things will naturally work out on their own."" That\'s not how this works. I don\'t see anyway out but through, but I don\'t want to go through. I don\'t want to suddenly become emotionally responsibile for my family. I don\'t want to be anyone\'s ""rock."" I need to escape. I cannot handle the life which has been set before me. I cannot handle life as it is in general. I don\'t want to be a part of this mess. I can\'t be. I\'m too used to coasting along, not worried about having my basic needs met, or having to take care of anyone, or having to teach anyone, or having to be emotionally responsibile to anyone. But there is no way out. I have been able to think more clearly now due to better life choices than I\'ve been able to for a very long time. The truth is, I am horribly immature. I\'m just now figuring out who I am at 23. I\'m constantly worrying about things that fucking teenagers handle way before they ever graduate high school. I don\'t want to embrace this journey. I don\'t want to look forward to an intense period of great personal growth and struggle. I can\'t handle the responsibility of it all. I\'ve just been ignoring it for so long, desperately hoping my parents would be able to pull through of their own accord while I and my siblings get our shit together. There\'s no time for that anymore. There\'s no time for no taking anything seriously anymore. There is only time for the real life of learning and responsibilities that is set before us, and I can\'t do this. I can\'t even properly act like I\'ve got everything under control like a real fucking mam for my own desperate mother. I can\'t do this. I\'ve failed at becoming a real man, and now I\'m backing away from the challenge. I don\'t know. So much of my time and mental energy is spent on things that just don\'t matter. Things I don\'t even really bother to understand, like politics, or watching topical shit on YouTube, which in the end I don\'t even really learn from. Life itself is far too great a thing for me to be able to deal with. To learn from experience is something I\'ve really been struggling with, and now that I\'ve quit weed and able to have more real forethought, everything I know that life must be is too much. I very well may have just fried my brain. I don\'t want to keep on going. I don\'t know what to do. I just can\'t happily embrace what life is, now that I\'ve become more clear in my mind. Life is too daunting to put my real mental energy into living. I can\'t even take responsibility for holding myself emotionally accountable. I am too far gone. I can\'t willingly grasp the real hardships of life. I\'ve spent so long dissociated from reality, that it\'s become too much to handle now that I\'m back. To just shift my attitude to a positive one...to a more stoic rather than anxious one... I don\'t know if I can grow that much. I don\'t think I have it in me to really take the reins and shift my attitude about it. I\'m pathetic in that way. I know exactly what it is I need to do to embrace all of this head on and come out on top. I don\'t need someone else to tell me how to grow up, or that I need to, or why I need to... I just... can\'t.', ""Nothing to look forward to. This life is not for me. No life is for me. I'm too afraid of all the responsibilities. I'm too afraid to make some of myself. There's really nothing I want to be, nothing I want to do. Nowhere I want to go. Nothing I want to have. Life is just too hard. The future is too bleak, and I am too weak of a person to actually do something about it. I'm too broken. There's nothing to fix, and I'm too weak to try to fix whatever there is to find. I hate everyday living. I hate filling my days with important things that need to be done. I'm just too tired. I'm too tired to try at life. I don't really want to do anything. Everything is just an obligation. Everything. I just want to escape, but that will only ensure more misery, and I will not look back on all the time and money wasted as worth it. I'm too tired to keep up with my thoughts. I'm too tired to track how I'm spending my time. I'm too tired to care about goals, like physical fitness goals, or just trying to be more responsible. I've never truly felt ambition. I'm just glad the work is done when it's all over. I can't live like this. I can't just live for the moments of peace, mostly because there are none. This right now should be a moment of peace, but instead, I just feel tired and scared at the thought of having to get a haircut and clothes for work. I just don't want to live anymore. I wish it didn't have to be this way, but it always will be, and I know it's always going to get harder. I don't want it to get harder. I just would rather not live live at all.""]","💀🕳️⚠️😭🔪,💀🕳️🤬💥🌑,💀😭🕳️⚠️🚨,💀🕳️😭⚠️😔,💀🕳️😭⚠️😔",1
426,"[Timestamp('2020-12-22 10:00:40'), Timestamp('2020-12-22 15:39:11'), Timestamp('2020-12-29 13:17:28'), Timestamp('2020-12-29 13:19:35'), Timestamp('2020-12-29 13:20:01')]","['just let m go youre making this so hard.', ""online classes are fucking killing me. i'm failing math and i'm starting to get behind some subjects because of the amount of asynchronous sessions and modules we have. i'm so fucking tired and it's been affecting my relationships with other people as well. i honestly want to end all of this already. i'm so fucking done. it's been hard for me to even get up anf attend thrm lately and i've been absent for at least once or twice a week now. i'm so frustrated and tired, i'm fucking drained. i can't take it anymore"", 'why do people only care when you want to die. i know it sounds selfish but it\'s just that everyone suddenly comes and ""cares"" when my self-destructive tendencies start acting up. it\'s like i always have to ""be at my worst"" for people to straight up tell me how much i mean to them. when i\'m not in that state, they just kind of go. idk i just think that it would feel nice if people actually showed how much they care when it isn\'t just in my worst moments. i just kind of wished that even if im not like this then maybe theyd still show they care.', 'i wish i would die while im asleep tonight..', 'i feel like im just burdening everyone at this point.']","💀🕳️😭⚠️,💀😭😩⚠️🕳️,😔💔😢🕳️⚠️,💀🕳️😰⚠️😭,😔💔😢⚠️🕳️",0
85,"[Timestamp('2021-01-03 09:07:17'), Timestamp('2021-01-16 09:45:52'), Timestamp('2021-01-16 10:52:57'), Timestamp('2021-01-17 11:31:29'), Timestamp('2021-01-18 06:20:53')]","[""I am a failure, rather die than keep trying. I'm disgusted with myself. I hate myself. My life feels like a joke or just a waste of time. I really want to kill myself, I'm not afraid of dying, but I am afraid of what happens beyond death. I don't feel like my life Is worth seeing through. I got nothing to show. I have done nothing to contribute to society. I've done nothing. I am nothing. So who would care if I was gone. It would be a favor to everyone if I was dead. No one would have to worry anymore, whether or not I would be successful in the future. It would definitely be a weight off my shoulders, not having to worry about money or independence. I'm not good enough for a relationship either, tried that once and I just ended up being abused. Never again, there are no good girls in this world. I'm scared to try, because I do not want to fail anymore than I already have. I was not blessed with looks or talent, and not as smart as people think I am."", ""I really just want to kill myself. Why torture myself, living is worse than death. My life has been just for nothing. I'm not gonna amount to anything. I'm not gonna be successful. I'm just gonna be another person barely living. I'm not good at anything. I'm not smart enough to do anything. I don't want to be alive if it's not worth it. I'm falling. I need help, more than anyone can though. It really would make everything easier to just ceise to exist."", ""I'm a loser. Some people are just born for success, some are born just because, and end up a loser, like me. There's nothing I can do about it. Just accept fate, that the universe hates me. Why the universe chose to put me here, I have no idea. All I see is death, I'm gonna work til I die. My life will have amounted to nothing. I won't even be a footnote. Just forgotten like so many other people are everyday. Life is just unfair. The world is wrong. It's easier to die than live. After death, whatever happens, it's not my problem anymore."", ""0 matches on tinder. Why did the universe curse me with ugliness.. I'm never gonna be good enough for anyone to love me, or even stay. Sometimes I wish I could win the lottery, cause then at least I could buy love. No girl wants anything to do with me. I can picture it in my head, asking out a girl will always end in failure. The easy way to get rid of the pain is to just end my life now and nothing will be problematic. Why do I care about so many things I didn't used to before. Now I'm stuck and I can't change."", ""I just want to kill myself. It would make all my problems go away. It would be like they never happened. It feels like anything is better than living. If I keep living my life is just gonna be a sad pathetic waste of time. I'm gonna do the same thing every single day the rest of life, and shit isn't going to change. I'm not gonna make it in life. It's just a waste. I just want to get it over with. If I did I wouldn't have to see my family be sad, or dissapointed in me anymore. I always seem to dissapoint and I'm just tired of feeling that way. Life is gonna be the same, and the only thing I can do to change it, would be to kill myself. It would make life on everyone so much easier and so much better.""]","💀😭🕳️⚠️😖,💀😭🕳️⚠️,💀🕳️😭😞⚠️,💀😭🕳️⚠️😔,💀🕳️😭⚠️",1
103,"[Timestamp('2018-08-22 02:57:40'), Timestamp('2018-08-25 05:08:57'), Timestamp('2018-08-25 15:12:41'), Timestamp('2018-08-27 01:58:43'), Timestamp('2018-08-27 13:01:43')]","['Oh fuck you you fucking cunt I hope you fucking die before I do.', 'always empty.', 'nobody here cares anymore. goodbye..', 'you were the only person who made me feel good about myself and you left.', ""I can't even smoke weed anymore because we have some new neighbors and I'm fucked out of the one thing that makes me not want to kill my self.""]","💀☠️🤬💢⚠️,🕳️😔💀,💀⚠️🕳️😭,😔💔😢🕳️⚠️,💀😭⚠️🕳️💊",0
495,"[Timestamp('2020-07-28 22:29:43'), Timestamp('2020-10-06 14:42:55'), Timestamp('2020-10-08 05:41:27'), Timestamp('2020-10-22 19:05:43'), Timestamp('2020-12-17 10:34:25')]","['I wish the thought of wanting to die would leave you, but it never leaves me..', 'Smoking is really the only thing that is keeping me going these days.. Idk what I would do without it.', ""Smoking and video games are the only things that are keeping me from ending it all.. I don't know what I would do without them."", 'Everday is such a struggle, it seems like the thoughts never go away.. Even when you try to get your mind off of it, the thoughts are always still around.', ""Nothing seems real anymore.. I just can't believe that this is what my life and the world has come to. After my attempts I feel like it just made everything seem even more unreal. I never thought I would make it this far, but I did.""]","💀😭⚠️😔🕳️,😔💔🕳️,💀🕳️😭⚠️,💀🕳️😰😔😭,💀🕳️⚠️😭😔",1
103,"[Timestamp('2020-11-15 15:01:46'), Timestamp('2020-11-16 13:42:00'), Timestamp('2020-11-19 17:40:48'), Timestamp('2020-11-20 14:52:54'), Timestamp('2020-11-20 18:00:34')]","['I need to die today I can鈥檛 wake up tomorrow and have another crying episode I鈥檓 tired of crying.', 'I will always blame myself for not being strong enough for the both of us. I wish I wasn鈥檛 too broken to love..', 'The only way I can cope with this is if I blame myself and eventually commit suicide. I don鈥檛 see any other reality without her. I can鈥檛 live the rest of my life in emotional pain. It鈥檚 not fair to tell me to stay. You don鈥檛 have to live in my head You don鈥檛 have to feel my constant intense feeling of anxiety incoming doom and loneliness when she is gone This is my fault. I had so much time to better myself and I didn鈥檛 and I wasn鈥檛 strong enough for you and because of that you needed to leave me so we could work on each other but I don鈥檛 wanna work on me without you you were my everything alyssa and I don鈥檛 know what I鈥檓 supposed to do I feel so directionless and tired and depressed how am I supposed to take care of myself without a drive to live everyday. I can鈥檛 love myself. I鈥檓 too sick. And because of that I lost the one woman who truly cared about me. It鈥檚 my fault. So if I have to be alone for the rest of my life because I fucked it up because I鈥檓 a fucking stupid fucking mentally ill fucking pathetic fuck then I have no choice but to feel like suicide is my only option. Begging me to stay is like begging a dead person to come back. They aren鈥檛 gonna. I鈥檓 not gonna. And I have to just accept my fate. I鈥檓 at the end of my rope. I鈥檓 still taking this day by day just like you told me baby but it鈥檚 been 2 weeks and I still wake up having nightmares I want to stay because I feel like you might come back. But you don鈥檛 deserve that type of pressure. Wether you even know if I feel that way or not. But what am I supposed to do if In 10 years from now you鈥檙e not with me. Accept it as fate? Accept it as part of gods/the universes plan? I can鈥檛. I can鈥檛 accept a reality where I lost you forever. Hopefully when I do work up the courage to die, who knows when. I can sit on a little bench and spend the rest my of eternity waiting for you. And maybe you鈥檒l decide to come back to me in the after life. Because all I ever wanted was you baby. I鈥檓 sorry. I wish I was strong enough for you. I鈥檓 sorry that I wasn鈥檛. I will always hate myself for that. I love you bubs. I miss your warmth. I miss your love and your sweet words. I miss everything that our relationship came with. I love you alyssa', 'I don鈥檛 know what I鈥檓 waiting for anymore. I know I have to do it. All the signs point to it. Why can鈥檛 I just accept what I have to do..', 'I鈥檓 so tired of feeling like I have nothing. Like the only thing that I count on for sanity can leave me at any second. I don鈥檛 want to live like that..']","💀😭⚠️🕳️🚨,😔💔😢🕳️⚠️,💀🕳️😭⚠️,💀⚠️🕳️😰😭,💀😔🕳️😭⚠️",0
35,"[Timestamp('2021-08-06 21:57:16'), Timestamp('2021-08-07 13:04:41'), Timestamp('2021-08-11 19:59:41'), Timestamp('2021-08-11 20:01:18'), Timestamp('2021-08-11 20:10:14')]","['Shut up leave me alone shut up leave me alone. I can never forget what they say. It runs through my head all the time. Help me', 'Please just stop hurting me. 鈥淎re you gonna off yourself :). You鈥檙e miserable. You鈥檙e a mistake. You鈥檙e passive aggressive. You鈥檙e a monster. You鈥檙e obnoxious. You鈥檙e an attention seeker. 鈥?You never stop breaking me down. I can鈥檛 just brush it off. You鈥檙e words run through my head over and over. Why are people so mean ? Tis always hurtful words. Making me upset when I want to die. -I don鈥檛 want any trouble from this. This is purely just a vent; I beg no one says anything mean. I refuse to apologise for what hurts me', 'Let down by everyone. I can鈥檛 go on', 'That moment when you realise that they only ever cared to get something in return. Only loved me for my body', 'Crying to the point where I can鈥檛 breathe. No one gets to miss me when I鈥檓 gone. No one was ever there']","😰🕳️😭⚠️,💀😭🕳️⚠️😔,💀🕳️😭⚠️,💔😔😞🕳️,💀😭🕳️⚠️💔",0
38,"[Timestamp('2021-05-31 16:53:39'), Timestamp('2021-05-31 23:04:02'), Timestamp('2021-06-01 20:05:21'), Timestamp('2021-06-03 16:30:40'), Timestamp('2021-06-05 17:42:49')]","['I feel guilty. Whenever I\'m not feeling bad I get this really intense feeling of guilt in my head and I start to question myself by saying, ""well if you\'re feeling alright now then you must just be making all of this suicidal nonsense up, you\'re just faking it, it\'s not real"". Then my head starts to hurt and I have to tell myself to shut up even though I never do. Is this a problem other people have as well? Is it normal or am I just weird. Hope you\'re having a nice day.', ""I think there is something wrong with my brain. I went to get a drink of water, as you do when you're thirsty, and I couldn't drink it. No matter how hard I tried I couldn't drink it. I would get it in my mouth but I just ended up spitting it out again. I just couldn't bring myself to do it. This went on for about 30 minutes. Eventually I had to manipulate myself into drinking it by hurting myself. Every time I tried and failed I would injure my arm, and eventually I drank it. I don't know what's going on in my head, I don't know what it wrong with it, or why it hurts so much. I tried to do some revision today but I couldn't do it because my brain wouldn't let me. I don't know if this is phycological or not, but it's like I'm not obeying myself anymore. I'm so confused. Does anyone else suffer with this?"", ""I can't do anything. I'm literally sat here trying to watch something I really enjoy and I just can't even bring myself to concentrate on it. I don't know why. I can't understand any aspect of what I'm feeling, just nothing, I don't get it. I've never understood it but now it's worse. Recently I've been having these consistant attacks in my head, at completely random times, where my head just really hurts and I just tell myself to stop, I tell myself I'm pretending, I tell myself that everything I'm feeling is a lie. It literally just comes out of the blue and makes everything so difficult. It's like someone is squeezing my head and I'm pleading them to stop. I'm losing control over my actions as well. The other day I tried to drink some water and for some reason I couldn't do it, I just couldn't drink it. Eventually I had to manipulate myself into doing it. That happened today as well, and what made that worse was that it was in public, so I was just sat there trying to drink water and failing in front of people. I really just want to go, but I know it'll hurt people. I'm just stuck, and I have a feeling it's only going to get worse but theres nothing I can do. Sorry I just had to write this somewhere, if someone is reading this, I hope you're having a nice day."", ""Please be honest with people. Open up to people, tell them how you're feeling. It's better to do it yourself because eventually they will find out. Talk to the people you love about your struggles, even if you think you're protecting them by keeping quiet, you're not, I thought I was but I was in reality making it harder for them. Please tell people the truth, I didn't and it just destroyed my entire life. I hope you're all ok"", 'I found a message I\'d left myself. I opened a book and written under the 7th of June it said, ""If you\'re reading this, something has gone wrong"". I was so sure that I wouldn\'t still be here by that time. I\'m not even here for myself, just for the preservation of other peoples happiness, and every day I\'m just more sad. I don\'t want to be here anymore, I don\'t want to have to live for other people. I just hurt mentally all the time. I mean, the 7th of June hasn\'t happened yet, theres still time for me to be true to the promise that I made myself, but I don\'t know if I could do that to other people. I just feel stuck. I wish they wouldn\'t care so that I could just die, I know I\'m a terrible person for saying that but I\'ve accepted that already. I really want to die, it\'s all I think about. I can\'t be happy properly anymore, whenever I feel the slightest glimpse of happiness my brain reminds me that I\'m not allowed to do feel like that. I\'ve lost all motivation for everything, I hate talking to people as it just makes me angry and sad, I have no future and the thought of having one scares me, I just dont want to have to do this anymore. Sorry to those who are reading this that I wasted your time, if anyone is reading this.']","💀😰🕳️😭⚠️,💀🕳️😭⚠️😖,💀🕳️😭⚠️😔,💀🕳️😭⚠️💔,💀😭🕳️⚠️",1
36,"[Timestamp('2021-03-28 11:06:08'), Timestamp('2021-03-29 21:44:15'), Timestamp('2021-03-31 12:12:45'), Timestamp('2021-03-31 16:37:26'), Timestamp('2021-03-31 17:43:49')]","['No one loves me. No one wants me here. I want to kill myself', 'Sorry for bothering you.', 'Please forgive me when I lose my battle. He doesn鈥檛 care.', 'I鈥檓 going to hang myself. Please someone help me please please I can鈥檛 do this anymore please', 'Everyone hates me. Everyone does. My mom said that everytime she asks me to do something, I say I鈥檓 going to kill myself. She called me lazy, shouting 鈥渨hy won鈥檛 you do anything鈥? I want to die ! She kept yelling at me. I hate when people shout. It鈥檚 so scary. Then my brother kept grabbing me. He told me that crying won鈥檛 get me anywhere. I don鈥檛 care. You鈥檙e being so mean. I don鈥檛 want to be here. No one would even care. No one loves me.']","💀🔪😭⚠️,😔💔😢,💀🕳️😭⚠️,💀⚠️😭🕳️,💀😭🕳️⚠️💔",0
221,"[Timestamp('2021-01-02 09:46:09'), Timestamp('2021-01-15 05:23:51'), Timestamp('2021-01-15 05:28:31'), Timestamp('2021-01-18 04:53:09'), Timestamp('2021-01-18 05:01:01')]","['Maybe when my brains are on the roof you鈥檒l realize you loved me.', 'The constant back and forth of emotions in my head is going to drive me insane. The fuck is the point.', 'Everyday. All day. Just constant suicidal thoughts..', 'Sometimes life feels worth it, but then when I finally am alone and have nothing to do, all I can do is think about how I just want to die..', 'Idk what to do. I鈥檓 so tired of feeling sad.. But I鈥檓 just supposed to deal with it, no matter empty I feel']","💀⚠️🕳️😭🔪,💀🕳️😭😔⚠️,💀🕳️⚠️😭😰,💀😭🕳️⚠️😔,😔💔🕳️😭⚠️",0
454,"[Timestamp('2022-01-01 20:59:00'), Timestamp('2022-01-26 14:42:26'), Timestamp('2022-02-02 11:50:31'), Timestamp('2022-02-23 14:10:56'), Timestamp('2022-03-05 16:12:36')]","[""I hate being here. I am sick in bed and feel suicidal. I won't do anything I just need to vent. I'm mentally and physically tired of life and being alive. I tried to kill myself at my ex friend's house last year and I can't stop reliving the past year, especially after my boyfriend left me. We are still friends but he's in jail for 3-6 months for stupid drug charges . But I definitely feel like I have no one and I dont want to get attached to someone again and self sabotage another relationship. I can't afford therapy, or really any of my major doctors appointment. I have a job but I can't stop my mood swings and I went off on my manager yesterday, since he wouldn't give me a break . I just want to die. I feel bad for hurting my mom but she doesn't understand and thinks I can just be positive. But I really can't I'm here for other people, if it was up to me I would be dead. I wish my ex friend just left me instead of calling my boyfriend after my suicide attempt. Idk that's probably the only reason I won't kill myself because everything I am saying and doing can be used against me. And it would be logical if I do it alone and not ask for help or post online. And die somewhere away from people. I hate people so much I swear. Idk I'm just going to sleep my depression off since I'm sick i just feel worse. And hopefully I can avoid thinking. I just hate that I'm alone now because I cant be a normal person. It must be nice to be normal."", ""I feel alone.. How to deal with suicidal thoughts. Idk they are on and off cuz my depression rn. I don't have any friends in Richmond TX. My bf now friend is in jail for stupid weed laws. And my ex friend left me I can't get over the relationships I've had in the past and I'm struggling with college classes. My mom is a support system but doesn't give much advice besides to breathe and smile and be happy which is hard. Somedays like right now I want to end my life but I can't. I just wish I could at times. Also my IBS-M is the cherry on top ."", ""I just feel so empty and lonely. I don't want to die just thinking about suicide but I can't hurt my cats . But I feel so lonely , I live in Richmond, TX still with my single mom and in college online I really don't have any friend after my last friend ghosted me and my boyfriend decided to leave to take care of his own mental health and told me I should take care of mine after the falling out with his friend and me, but we are still friends. He's currently in jail for failing probation and I'm just lonely . I have no one and I normally waste my days. I can't even get my college classes done on time. I feel like a complete failure, I just can't seem to think about anything else beside my ex friends and just want to meet new people. I've tried Tinder and dating apps but I only get contacted by perverts or bots . I'm trying to chill out on my sex addiction so the constant perverted messages just make me sick. I just want real friend who are actually nice people. But idk it feels like everyone is so fake and not real that I just try to ignore them even my own family. Which doesn't help the fact I feel very disconnected from people and society. Which is nice but I would like friends , instead of slowly not talk to my family and turning into a hermit . I mean I am close to my mom , but something's she would never understand like someone in my generation would. Also , all throughout my life my mom mollycoddle me , so I really want to do anything to get out of the house. I love my mom but she cares maybe too much about me. I just don't know where to try with making friends. I feel worse because I'm not as attractive as my ex friend or all the people on these dating apps ,atleast I feel so. I just wish I could meet nice people again ."", ""I just want to leave.. I dont want to die. I've tried about 20 times and failed every single time . I was almost about to die during birth as well so I truly feel like I wasn't supposed to be here. I mean life isn't so horrible, but if I got hit by a truck or died in a car accident I wouldn't really care as long as my family atleast didn't think I did it or I'll just be shamed for hurting my family again from my mom or someone telling me I should be grateful and I'm selfish. My two closest friend left me and I really can't stand being around anyone even my own family at times. I'm struggling to keep up with college and my part time job. I'm trying to hold everything together and act like I'm ok and normal at work, school and with family and friends. Especially since my last mental breakdown that caused all my friends to ghost me. I can't afford 100 per week for therapy with my spending addiction. But I'm probably just going to sleep again until I can do some homework. I hate how everything and everyone is so exhausting to be around that I want to just go off on people. I wish I could just leave my house and go somewhere. I really want to quit my job and just never come back for atleast a month. I just hate being reminded of all the horrible things that I've dealt with . I like the state of Texas somewhat because the politics and maybe I can move to Austin or Dallas in the future."", ""I hate being alive rn. I really don't get why I can't kill myself I want too maybe if I was feel better physically and had enough money to live in a society but I can't afford that shit. I kinda just don't understand why there's so much judgement around suicide. Idk maybe the pain will last for months until I have money and time. Probably not worth ending my life over , but just suffer. Life just sucks . I just wish I could just kill myself without everyone freaking out like it's such a big deal . I really hate people . People can be so annoying, I understand it's because they love you but I just want to die in peace without all this guilt for suffering . I just hate being alive for others .""]","💀🕳️😭⚠️💊,💀😰🕳️😭⚠️,😔💔😢😞🕳️,💀🕳️😭⚠️😔,💀😭🕳️⚠️😔",1
454,"[Timestamp('2022-05-05 10:02:56'), Timestamp('2022-05-06 07:05:24'), Timestamp('2022-05-07 05:40:06'), Timestamp('2022-05-08 19:20:51'), Timestamp('2022-05-19 17:11:38')]","[""I hate that I have to stay alive. I wasted so much money on a stupid concert and now my manager is threatening to fire me because I missed so many days from being inpatient . I really don't care if I get fired. My car is breaking down, I don't have any close family or friends, I only make 200 a week and can't stop spending, my boyfriend dumped me and I'm still depressed over old friends. I really just want to die . I hate being in Texas. I hate being alive , I just feel like I shouldn't be here and suicide definitely gives me peace of mind that I can someday leave this place. Which is comforting to me. I probably won't live past 50 after my mom, dad and grandpa die. Because I have no reason for living. And if any Fort Bend Cops are reading this you can shove it up your ass for making me miss a week well 3 weeks of work ."", ""I want to kill myself. I can't hold down an easy ass job I feel like a failure. I just want to kill myself at this point."", ""I want to die. I hate being alive I want to die I hate Texas. I hate the U. S and the government and cops and money. I just want to die that's all I wish. I would kms if I could"", ""Why do I have to be alive. Why do I have too be here I can't handle it. I dont understand why I'm alive ."", ""I can't wait till I turn 70 so I can kill myself. Hopefully by then assisted suicide is a thing. I hate that I have to stay alive for my family but I know they need me. My mom already is complaining that I need a job by the end of the month and I'm lazy for being in bed all the time. I'm trying to take care of the pets and the house. Plus looking for another job before I go back to college. But life is way too much for me to handle and I'll just be so much happier when I'm dead . I just am excited thinking about it, I just wish suicide wasn't so looked down upon and I can just end my own life. Atleast if I wait till I'm 70 I can just say it's old age and after my immediate family is dead I'll really have no one left since I don't have any friends.""]","💀😭🕳️⚠️😔,💀😭⚠️🕳️🔪,💀😭🔪🌑,💀🕳️😭😰⚠️,💀🕳️😭⚠️😔",1
208,"[Timestamp('2021-07-12 22:45:45'), Timestamp('2021-07-30 20:31:45'), Timestamp('2021-07-31 05:22:00'), Timestamp('2021-08-07 01:37:37'), Timestamp('2021-08-30 02:03:37')]","[""I'm such a fucking idiot. To think people actually like me or want to talk to me. I try my best to talk to them and all i do is get fucking ignored for someone else. Everytime. I get left for them to talk to people that make me uncomfortable. I hate it and feel like i'm not even wanted or liked.."", ""i can't do it much longer.. things have been piling up too much. i'm always so stressed and overwhelmed. i'm tired of it all. i can barely get out of bed half the time. i want it all to end. there's a bridge nearby that i could use. jump off it and never have to worry about things again. i can be free. never have to worry about anything again. no more abuse. no more worry. no more dysphoria. no more fear of my parents. i can be happy for once. i even had a break down at my first day at work. it was so bad that i couldn't bend or move my fingers. they sent me home but i can't tell my parents or they'll get mad and fight, and threaten to send me to a mental hospital. i just want to end it all. i'm scared of my parents and never feel safe in my own home."", ""I almost killed myself.. I stood on the railing of the bridge, looking down at the cement below. I was about to do it. Just one step. But i suddenly broke. I fell back onto the bridge floor and crumbled into a pathetic, shaky mess of tears. I broke down for nearly half an hour as cars just drove past me. I was so close and failed. And now i'm still stuck and have a large cut on my hand that i have to lie about. 7/23/21"", ""i wish i didn't pull myself back from jumping.. things have only grown worse and these past few days have been a living hell of suicidal thoughts and breakdowns. god, i wish someone just pushed me that night."", ""I don't know what to do. this past few months or so, my negative thinking and anxiety have been so bad. I constantly feel like a burden to anyone i talk to, strangers or family. All i do is interrupt or annoy them by simply being nearby. No one wants me around or to even talk to me. No matter what, i can't stop thinking that everyone hates me and i should just cut everyone out of my life so they'd be happier. I already ruined an old friendship a while back cause i let the negative thinking overwhelm me and ended up taking it out on them before apologizing severely and removing them from my friend's list. I feel so horrible and i don't know what to do.""]","😔💔😢😞🕳️,💀🕳️🚨😭⚠️,💀🕳️🚨😭🩸,💀🕳️😭⚠️🚨,😔💔🕳️😭⚠️",1
118,"[Timestamp('2020-11-20 21:15:02'), Timestamp('2020-11-21 06:48:57'), Timestamp('2021-01-01 16:34:07'), Timestamp('2021-01-02 18:19:56'), Timestamp('2021-01-03 11:02:33')]","[""I'm so unstable. One moment I'm fine, the other I want to kill myself. No matter how much I try in this life, things never end up going the right way. I want to end it all so badly tonight, yet I'm fighting as best as I can the desire and feeling, because I want to live for the person I love. But at the same time, I might have already lost the person I love, so what's the point in living anymore? I'm so confused, conflicted and scared, and I just want peace, and the peace I start craving more and more is the one of death. I'm so fucked in head."", ""Today I'm killing myself.. Finally got the courage to do it. I am going to kill myself by midnight. I've really lost everything"", ""the thoughts are starting to return. it's been a while since i had them. thought pills would help me, thought spending time with closest friends would help me, which it did, to some extent. thought that doing more activities to distract myself would help me. i feel like i'm running out of options. i'm so tired of feeling sad, hopeless and alone. i'm so tired of having bad memories come back to haunt me. i'm so tired of all these negative feelings. why is happiness temporary. i feel so miserable. i hate myself. i love my friends so much and they're the reason why i keep going, but i am afraid that soon i won't be able to keep going anymore. i'm such a mess."", ""why am I so addicted to the pain. It's so weird. I want to be happy and I don't wanna die. I really want to be alive, but at the same time it's so weird not feeling dread, sadness, and to be invaded by suicidal thoughts. It's as if I'm addicted to them, I don't want the pain and the thoughts to end, but at the same time, I want to get rid of all these negative feelings so badly. I just don't know what do anymore. I feel so sad, so anxious, so hurt, I feel a million negative feelings right now, and I want to stop from feeling down, from feeling all this kind of shit, but when it stops, it's as if I don't want it to stop. Have I gotten too used to feeling like this? I just can't figure it out myself anymore. My pills aren't working anymore and I feel as if I'm abandoned by my friends. I've no one to talk about this, sometimes my friends listen to me, but at times they flat out ignore me/leave me on seen. Am I that much of a burden to people? Is there any use of being alive, especially when I'm stuck in this endless cycle of popping pills, distracting myself and hoping things would get better (when in reality, they never really do). It kills me to say this, and I never thought I'd go back to these kind of thoughts, but I feel like suicide is becoming an option once more. I'm so ruined."", 'I\'m losing myself, slowly.. Woke up today feeling so empty and so disgusted with myself. Last night I drank again, despite not being allowed to do so because of my pills. I\'m such a mess and I\'m so unhappy with my actions. Every single I day I wake up feeling emptier and emptier. Oh, but how sweet are the feelings of anxiety, pain, sadness, loneliness, regret, fear, disappointment. Was it predestined for me to end up like this? Probably. You\'d think that all the abuse and trauma would make me stronger, but it never did. All my effort, kindness, love, dedication, loyalty - all for nothing. Being the most amazing person for the wrong one lead to my downfall. I get attached so easily to people, and I tend to dedicate myself entirely if I truly feel attached to that person, but I get shoved and thrown away so easily, because I get too clingy and I want to help ""too much"". I\'ve tried being my best self, but to no avail. I long for someone to call my own, for someone to love and to be loved by, for someone to care for, to someone I can be my true self with. I long for affection, and care, but I\'m afraid of it too. The last person who promised she\'d love me and care for me for the rest of our lives and beyond, the person who swore she\'d never abandon me was the same person who broke all those promises and hurt me beyond repair. Funny, isn\'t it? I want love, but I\'m afraid of it. I\'ve been shoved by people on and on. Now I\'m afraid of love, I\'m afraid of getting close to someone, I\'m afraid of opening up, I\'m afraid of everything. But it\'s okay, it\'s another day today. I\'ll put on my mask once more and start pretending. For they love and want Stef, the one who makes them laugh and jokes around. But once the mask falls off, and Stef no longer is happy, but sad, stressed and depressed, no one wants to be around him. They only love him when he\'s happy because when he\'s sad, he become a burden, and no one wants that. So be happy Stef, keep the crowds entertained, for you are only desired if you wear your mask, and without it, you\'re nothing, and nobody wants you. I really can\'t keep on going anymore, I can\'t keep pretending anymore. I can\'t stop breaking down. I can\'t hide it anymore. I need help, but nobody helps me. But it\'s alright, because everyone can benefit from my help, from my care and attention, but sadly, I can\'t get either of those. Guess that\'s life for me, innit?']","💀😭⚠️🕳️🔪,💀🔪⏰🕳️🚨,💀😰🕳️😭⚠️,💀🕳️😭💊⚠️,💀🕳️😭😔",1
20,"[Timestamp('2021-06-08 21:38:43'), Timestamp('2021-06-08 21:45:30'), Timestamp('2021-06-09 18:31:13'), Timestamp('2021-06-11 05:14:26'), Timestamp('2021-06-15 05:19:59')]","['I can鈥檛 stand mental breakdowns!.', 'In my head everyone wants me dead ; (. I know it鈥檚 just my illness鈥檚 and personality disorder but it feels real and it scares the hell out of me.', 'I鈥檓 sick of life ; (. I just don鈥檛 want to live anymore', 'I hate all the expectations and pressure. I don鈥檛 want to deal with graduation. I don鈥檛 want to deal with faking a smile for a whole day. I just don鈥檛 want to deal with it. I want to sleep and never wake up', 'People think I鈥檓 a creep for reaching out. I just needed to vent, I never forced them into anything, but they all think I鈥檓 a creep for asking a ""stranger"" for help. It happens here too.']","😔💔😢,😰🕳️😭⚠️😔,💀😭😞⚠️,💀🕳️😭😞⚠️,😔💔😢😞⚠️",0
253,"[Timestamp('2021-06-06 19:33:15'), Timestamp('2021-06-06 19:49:44'), Timestamp('2021-06-06 19:54:45'), Timestamp('2021-06-06 20:15:14'), Timestamp('2021-06-06 20:21:03')]","['Suicide is my only hope.', 'Suicide is my only hope.', 'Suicide is my only hope.', 'Suicide is my only hope.', 'Suicide is my only hope.']","💀🕳️🚨😭⚠️,💀🕳️🚨😭⚠️,💀🕳️🚨😭⚠️,💀🕳️🚨😭⚠️,💀🕳️🚨😭⚠️",1
232,"[Timestamp('2019-09-26 04:39:22'), Timestamp('2021-05-17 05:08:01'), Timestamp('2021-06-06 05:46:45'), Timestamp('2021-06-07 11:56:38'), Timestamp('2021-06-10 22:05:16')]","['I don鈥檛 even want to live anymore.. Of course everything had to come crashing down tonight. I feel so fucking hopeless. It鈥檚 like the universe mocking me at the fact I barely have friends. Fuck you. I wanted you out of my life for good. You鈥檙e anything but a friend. I never wanted to hear from you ever again. I seriously want to kill myself. This day has been fucking awful. I feel awful. I want to do so many stupid things. But I don鈥檛 even fucking care. If nobody else does, why should I? I just want to do it. I want to get it over with. I want to be gone. I鈥檝e had enough. I鈥檝e. Had. Enough. Here鈥檚 to hoping for the best, that I don鈥檛 wake up tomorrow.', 'I don鈥檛 know what to say. I just really want to do it. I鈥檝e thought of it a million times so what鈥檚 once more? What鈥檚 really stopping me? It鈥檚 not hard. I鈥檝e always liked the car crash idea because I could play it off as a total accident. Imaging myself at the middle of that is so satisfying. I just want to be gone. My head is pounding. I feel crazy, I feel sick. I鈥檝e fucking had enough of myself. I鈥檝e had enough of this life. I want to be gone. For good.', 'Literally fuck all matters. I feel sick. I feel pathetic. I feel weak. Why has it come to this? Why? I literally never want to fucking wake up anymore. Take everything, take my life, take it all. Erase me from this fucking world. I鈥檝e had enough. I鈥檝e fucking had enough. My life is meaningless. It鈥檚 pointless. It鈥檚 fucking worthless. I want to be fucking gone. Put a gun to my head and pull the trigger, give me what I want. Finally I鈥檒l be at ease. Finally I鈥檒l be happy.', 'There鈥檚 only one way out. I keep pretending I鈥檓 in a dream because that鈥檚 all I can handle anymore If you kill yourself in a dream, do you die in real life too? Guess there鈥檚 only one way to find out.', 'I鈥檓 literally fucking worthless. I want to throw myself off a bridge. If I land in the water at least I鈥檓 harder to find. I could tie weights around my ankles, that way there鈥檚 no turning back. Let me be dead already']","💀🔪😭⚠️,💀🕳️🚨😭⚠️,💀🔫🚨😭🕳️,💀🕳️⚠️😭🌑,💀🕳️🚨🌊⛓️",1
408,"[Timestamp('2021-01-08 23:49:44'), Timestamp('2021-01-09 09:17:52'), Timestamp('2021-01-18 22:14:04'), Timestamp('2021-01-29 23:54:44'), Timestamp('2021-01-30 23:14:26')]","[""Regret. I'm a POS. no friends, no career, no degree, no money. I wasted my youth and my 20's. I can't distinguish any of the days or years from the past 10 years because I haven't done anything. Its too late to break out of this so I have to end it"", ""mentally ill. Rrash human with a trash brain. Diagnosed ADHD, dysthymia, social anxiety, insomnia since I was 14. no friends, no career, no degree, no money. I wasted my youth and my 20's. I can't distinguish any of the days or years from the past 10 years because I haven't done anything. There's no way I can dig myself out of this I can't even have 1 productive day or go 1 week without a breakdown"", ""2 late. I wasted my youth. I wasted my 20's. The past 10 years feels like a groundhog day of nothing"", 'Done. Old, broke, lonely, mentally ill. I have failed my entire life.', ""stuck. everyday is miserable I can't do this for much longer. escaping poverty is impossible when you have no skills, education, or friends. I wasted 10 years from 18- out. I feel sick when I think about how bad the past 10 years have been and how I am human garbage. I just want to sleep and dream forever""]","💀🕳️😭⚠️,😔💔😞🕳️⚠️,😔💔🕳️😭⚠️,💀😔🕳️😭⚠️,💀🕳️😭😞⚠️",0
309,"[Timestamp('2021-02-26 23:05:41'), Timestamp('2021-03-02 21:32:51'), Timestamp('2021-03-04 17:01:49'), Timestamp('2021-03-04 19:27:30'), Timestamp('2021-03-11 10:20:23')]","[""does it really get better,,, at all. I'm so lonely. I've convinced myself i don't need people around me, but i do. i just crave affection. i want to be needed, but i guess i dont deserve it. does it even get better? i'm just stuck. every day is the fucking same. i don't know where the hell to go or what to do. I want to die, seriously. but dont even have the balls to do it. it's pathetic. even when i got drunk and thought id do it, i didnt; and why?? why didnt i?? i regret surviving. fucking hell. it's all just pain"", ""helplessness. it's almost painful to admit how helpless I feel. i dont know what to do. it would be rude to kill myself on my birthday. I just,,, my mind goes through this cycle of thinking wow this would be a pain for my family to deal with but then next thought being oh whatever i didnt ask to be born anyway. Once I'm dead I'll be beyond feeling bad anyway. What frustrates me the most is the fact that I don't have the guts to do it. I give myself a way out of it, and of course, like a coward I fear death and back out. it's possible that if i chose a method that had no way of backing out, I'd get this over with quicker. Funny how no amount of booze helps though, even when completely drunk to my limits, i still back out."", ""I want to die. I wish I had the balls to do it. I can't say I have a reason to live, it's more like an excuse. ''oh I don't wanna hurt my family'' or whatever other bullshit I think of. if it weren't painful I'd be dead now. I can cry all I want but at the end of the day no one cares. no one would give a single shit if i dropped dead. yeah they'd pity how i went. but after a while, no one will care. maybe it'll even be better. ugh i hope a fucking heart attack kills me so i dont have to do it myself."", ""''if you really wanted it, you would've already done it''. I keep thinking about this. 2 people told me this, word by word. One was someone I wasn't too close with, but the other was someone I really liked (keyword: liked). I do want it. oh how i crave the sweet release of death. and i've tried many times as a result that i've lost count. maybe they were right. after all, years later i'm still alive. maybe i should just do it so that i have no way of changing my mind (as in, so my survival instincts wouldn't ruin it). I just want it to end, please. please just kill me"", ""I'm tired. I'm so damn tired of life, of school, of everything. getting up in the mornings is a fucking chore and it makes me want to die. just thinking about the fact that I'm only 3 years away from being an adult and I have no idea what I'm even doing. that time will slip away so fast. I'll blink and I'll be an adult. I'm scared. I don't want any of that. I'm already fucking miserable and having to grow up and not be a baby anymore is gonna make it worse. I hate this. I hate this. I hope I die before I grow up so I won't know what it's like to be an adult.""]","💀😭🕳️⚠️😖,💀🕳️😭🔪🚨,💀😭🕳️⚠️😖,💀🕳️😭🔪🚨,💀😭😰🕳️⚠️",1
253,"[Timestamp('2021-06-06 15:52:23'), Timestamp('2021-06-06 17:09:15'), Timestamp('2021-06-06 17:29:11'), Timestamp('2021-06-06 17:32:43'), Timestamp('2021-06-06 18:04:52')]","['I have attempted suicide 11 times.. I have embraced my role in the universe as an existential terrorist. I will use my suicide to disturb people for my own satiafaction. I hate capitalism and everyone complicit in it.', 'Suicide is my only hope.', 'Suicide is my only hope.', 'Suicide is my only hope.', 'Suicide is my only hope.']","💀🕳️⚠️😭🔪,💀🕳️🚨😭⚠️,💀🕳️🚨😭⚠️,💀🕳️🚨😭⚠️,💀🕳️🚨😭⚠️",1
20,"[Timestamp('2020-12-24 14:36:59'), Timestamp('2020-12-28 00:32:18'), Timestamp('2020-12-28 18:44:29'), Timestamp('2020-12-28 23:54:26'), Timestamp('2021-01-05 13:06:09')]","['I feel suicidal because I\'m just a burden to everyone!. My family is sick of me. My mother says I\'m ruining christmas and is much happier with her new boyfriend, my father tell sme to stop ruining everything and that I\'m a bad influence on my stepsisters. Wherever I go I\'m hit by the same ""You have to learn to deal with life"". I\'m trying my best to survive but all I\'ve gotten is half assed answers or lectured like a 5 year old. It\'s hard to live like this, depression, anxiety and possibly even schizophrenia though if I get that verified I\'ll end up with no job or anything. It\'s pointless, maybe I should just kill myself and end the pain once and for all : (', 'I鈥檓 such a giant mess! I鈥檓 just a burden and should die. I feel so worthless. I鈥檓 sick of living like this. I鈥檓 such a burden and I should just die and let people forget about me. I鈥檓 so sick of living like this every single day, nothing is enjoyable. Everything is filled with pain. Maybe I should just kill myself and stop being a burden to myself and everyone around me ; (.', ""I'm so sick of life! I wish it could be different, but nothing ever changes for the better it seems ; (. Same thing over and over again. I wake up and I'm filled with anxiety and pain. I fake a smile so not to scare my family but even then they're always dissapointed and angry, I even ruined Christmas according to my mother. I just want the pain to end once and for all, I don't have any friends or family to turn to, no one I can meet or talk to and it just sucks. I wish things could have been different, I'd do so much to just be a part of something, but instead I have to lay in bed all alone every single day. I hate when people tell me to socialize more or smile because it's not that easy when people don't even want to give you a chance because they see that you're a hurt and broken person."", ""I just wish I could dream away from this hell I'm living in!. I'm so sick of having to live this life, every single day is just the same, constant pain and suffering, I wish things were different for once. That I wasn't all alone in this hell. I've tried so many times to escape it all, but it never lasts for long. If only there was a way to escape all the pain!"", 'I don鈥檛 want to suffer anymore. It鈥檚 not getting any better!. Every day is the same. My mother is disappointed in me, same thing with my father. I can鈥檛 live up to their expectations, not even my own. I鈥檝e been stuck in bed for days, I wish I could just peacefully die in my sleep. I don鈥檛 want to hurt those around me but I have a feeling they wouldn鈥檛 miss me at all. I just want the pain to end once and for all!']","💀😭⚠️🕳️😖,💀😭🕳️⚠️😖,💀🕳️😭😔💔,💀🕳️😭⚠️😔,💀😭🕳️⚠️😔",1
349,"[Timestamp('2020-11-30 02:44:55'), Timestamp('2020-11-30 02:48:20'), Timestamp('2020-11-30 02:50:51'), Timestamp('2020-11-30 02:51:26'), Timestamp('2020-11-30 15:44:22')]","['The thought of a girl ever being sexually attracted to me is hilarious. I mean I鈥檓 21 and I鈥檓 that unattractive literally no girl will ever like me or want to even get physical with me I mean why the hell should I even get out of bed every day just bleeds together at point', 'The thought of a girl ever being sexually attracted to me is hilarious. I mean I鈥檓 21 and I鈥檓 that unattractive literally no girl will ever like me or want to even get physical with me I mean why the hell should I even get out of bed every day just bleeds together at point', 'The thought of a girl ever being sexually attracted to me is hilarious. I mean I鈥檓 21 and I鈥檓 that unattractive literally no girl will ever like me or want to even get physical with me I mean why the hell should I even get out of bed every day just bleeds together at point', 'The thought of a girl ever being sexually attracted to me is hilarious. I mean I鈥檓 21 and I鈥檓 that unattractive literally no girl will ever like me or want to even get physical with me I mean why the hell should I even get out of bed every day just bleeds together at point', 'My self esteem is gone forever. I鈥檓 21 and I hate myself more than anything in this world I鈥檝e tried so hard to be the best I can be but in reality I鈥檓 garbage there are zero good things about me I wake up every morning wondering why the hell im still alive I鈥檓 going to therapy in a few days but honestly idk why I don鈥檛 think they can fix me']","😔💔😞🕳️⚠️,😔💔😞🕳️⚠️,😔💔😞🕳️⚠️,😔💔😞🕳️⚠️,💀😔🕳️😭⚠️",1
8,"[Timestamp('2020-11-25 19:01:45'), Timestamp('2020-11-28 12:19:57'), Timestamp('2020-11-28 12:23:28'), Timestamp('2020-11-28 12:34:28'), Timestamp('2020-11-28 19:01:20')]","['when will the fucking pain end..', 'I don鈥檛 think I鈥檒l ever stop hating myself, no matter how pretty, smart I get, no matter how amazing my life will be. I鈥檒l always fucking despise myself.', 'I just want people to be nice to me. Why can鈥檛 people just be nice to me. Is it really that hard?.', 'Oh how I miss the time in my life where I actually had some kind of purpose. Now I just exist because I have to and I鈥檓 too pussy to kill myself..', 'I just wanna be happy. Please..']","💀😭🕳️⚠️,💀😔🕳️💔😭,😔💔😢,💀😰🕳️😭⚠️,😔💔😢",0
422,"[Timestamp('2021-04-24 17:44:12'), Timestamp('2021-04-24 20:15:23'), Timestamp('2021-04-25 06:42:28'), Timestamp('2021-04-25 06:44:38'), Timestamp('2021-04-25 21:22:17')]","['My life is a tragedy. I鈥檓 not meant to be happy or have a good life. I am a burden to everyone. People have left because I鈥檓 just a tragedy. I鈥檓 pure disgusting trash. I鈥檓 thankful the universe showed me that life is meaningless and I don鈥檛 deserve the happiness. There is nothing good that will come from me continuing to be alive except for everyone else to feel less guilty.', 'Just drove past an accident. I wish that was me. Dying but not intentional is the best way for me to die. Just to close my eyelids one last time.', 'Accidentally posted my suicidal rant publicly instead of private. I am absolutely terrified of opening the app. I didn鈥檛 have service on my phone for a couple hours and now people think I鈥檓 a suicidal bitch. I just want to die. Things really do get worse', 'Still have nightmares about my past. Every time I come home I get nightmares from all the things my parents did to me. The worse part is they鈥檙e right. A knife would be a lot more efficient.', 'I don鈥檛 want to move. I鈥檓 so worthless of life I don鈥檛 want to be here.']","💀🕳️😭💔⚠️,💀🕳️😭⚠️😔,💀😭⚠️🕳️😰,💀🔪⚠️😭🕳️,💀🕳️😭😔💔",1
303,"[Timestamp('2020-12-15 22:57:12'), Timestamp('2021-01-09 07:47:29'), Timestamp('2021-01-12 04:53:44'), Timestamp('2021-01-13 12:29:58'), Timestamp('2021-01-18 06:15:42')]","[""F15 Started writing letters. I'm just done with my life. I'm preparing for the end. I dont know why I'm writing so much on here and I'm sorry if I'm bothering anyone. I'm just saying my life ig"", 'I did something. Ok so basically I had a really rough day. I鈥檝e been planning out forever on how exactly i鈥檓 going to kill myself. I have this hook on my roof from my old canopy. I got a rope, tied a noose and when i let my feet off the ground the hook fell out of the roof. I was so mad after that I had a chance but it didn鈥檛 work. sorry for writing in here constantly ik i鈥檓 annoying', 'My therapist said I should find someone else. Ok so basically my mom signed me up for therapy even though i didn鈥檛 want it. I鈥檝e been seeing her for 3 weeks and i think it鈥檚 going just fine. But after our session today she told me that she thinks we have no connection and that i should find someone else. I mean that鈥檚 fine with me cause I don鈥檛 really need therapy. But yeah that鈥檚 what we down today. I got ding dong ditched lmao see what i did there. (this is why i have no friends)', 'Beware of the pedos. Just so you know. Be carful with who you talk to on here. This man told me that he wanted to talk to me and 鈥渉e was there for me鈥? Then he completely blackmailed me. So beware of the pedos.', 'Can I just become a heart donor?. Like someone out there needs to live way more than i do. They are loved so much by their family but they are dying. I wish I could donate my heart to them. So they could live and their family would be happy.']","💀🕳️⚠️😭⚰️,💀🕳️⚠️😭,😔💔😢,😔⚠️💔,💀💔🕳️😭⚠️",1
20,"[Timestamp('2020-02-15 12:50:02'), Timestamp('2020-02-15 20:43:45'), Timestamp('2020-02-16 19:23:54'), Timestamp('2020-02-17 23:20:18'), Timestamp('2020-02-18 11:27:13')]","['One day my father鈥檚 words will kill me!. I know I keep making posts here and saying the same thing over and over again but it鈥檚 true. My father screamed at me and told me that he was sick of my restarted mentally ill brain and that I should bother my mother instead (they鈥檙e divorced). He then proceeded to guilt trip me for making him scream at me and scaring my stepsister. He told me that he鈥檇 throw me out the next time this happens. I feel so much pain, I feel sick to my stomach, I鈥檓 just a mentally ill good for nothing freak according to my father and one day the pain will be too much and I鈥檒l shoot myself, better than ""destroying"" my so called family鈥檚 life.', ""Today has been so fucking rough : (. Honestly, it's been so bad. I don't want to live any longer, not like this. I have gone through enough shit, even the weekends cant save me, nothing can. This hellish mix of depression and anxiety has made life such a struggle and I really want to die because of it, I probably wont kill myself but that doesn't make me stop thinking about it, if I had a gun Id do it : ("", 'My dad makes me want to kill myself!. He makes me feel so worthless, like im a psychopath or like he says ""psychopath regard"". I also hate my stepmother who allows this behavior, she鈥檚 nothing but a puppet! I鈥檓 so sick of all of this. I can鈥檛 do anything without eating screamed at. Just because he鈥檚 got lots of money and status doesn鈥檛 make him superior but it鈥檚 gotten to his head and my stepmother is nothing but a fake ass bitch as well. If my father saw this he鈥檇 probably break my nose and kick me out head first but I don鈥檛 care, what do I got to loose? I want to die some day so they can see what they鈥檝e done to me, so they realize that it was their fault!!!!!!!!', 'It hurts, it fucking hurts, I don鈥檛 want to ""fuck off""!. I鈥檓 treated like an animal, my father just called me and told me to ""fuck off and go to sleep!"". I haven鈥檛 done anything I swear, I just sat quietly and tried to calm down but I guess he heard the sound of my keyboard and got angry. I was downstairs and it鈥檚 the only place where I can calm down but no now I have to ""fuck off"" and be in my room. I just want to die. It鈥檚 all thanks to my stepmother and her fucking bullshit that this happened!! She went downstairs and saw me. Fuck life, fuck it all I鈥檓 sick of this pain it makes me want to die!', 'I鈥檓 so sick of the pain, I just want to die right now!. I can鈥檛 focus, I can鈥檛 do anything. I just want to die I鈥檓 sick of living this life I鈥檓 sick of my father鈥檚 verbal abuse I鈥檓 sick of ""reaching out for help"" when there鈥檚 no one there I鈥檓 sick of trying to get friends when most don鈥檛 even dare to say hi to me or respond when I ask them about the weather I鈥檓 sick of it all!']","💀🔫⚠️😭🕳️,💀😭⚠️🕳️🔫,💀😭⚠️🕳️💔,💀😭⚠️🕳️😫,💀😭⚠️🕳️",1
292,"[Timestamp('2020-10-09 02:42:51'), Timestamp('2020-11-11 21:57:02'), Timestamp('2020-11-15 20:31:55'), Timestamp('2020-11-16 10:28:10'), Timestamp('2020-11-16 15:09:38')]","['Medication failures. I started an increase in an antidepressant tonight and I feel uncomfortable it鈥檚 hard to describe, but it鈥檚 not tolerable and I鈥檓 extremely disappointed because I was really hoping this medication would be the one to save me. I don鈥檛 know what society expects from me, I don鈥檛 have much more will power left. Maybe in a year or two I鈥檒l finally throw myself off that cliff and I won鈥檛 have to suffer anymore. I鈥檓 trying to naturally heal myself as well but it just doesn鈥檛 work, I need a successful medication. I always think about in the final moments of my life if I will regret choosing death, it鈥檚 hard to tell but now that I have gone through so many medications it鈥檚 hard to feel like I have hope to ever feel comfortable again. It will be terrifying but I believe I won鈥檛 regret killing myself in my final moments, someday.', 'Dizzy. I feel so dizzy and nauseous wtf!! I hope I pass out and don鈥檛 wake up. It鈥檚 my dream to accidentally die so I don鈥檛 have to do it myself. I want to be happy so fucking badly', 'I WILL slit my throat some day. I can鈥檛 fucking wait. I will do it someday. I can鈥檛 wait for my caring parents to find my dead, grotesque, ugly body. If no one is going to fucking fix me then this is what it鈥檚 going to have to come to', 'Pain sucks. Whenever I have any sort of physical pain I immediately just resort to planning out my suicide. I don鈥檛 plan to commit but I鈥檓 daydreaming about it. Hopefully someday soon I will find enough value in life to be able to fight through pain :(', 'I wish I could say that today is the day. I鈥檓 going to be stuck here for years aren鈥檛 I']","💀🕳️😭⚠️💊,💀🕳️😭⚠️😵,💀🔪⚠️😭🕳️,💀🕳️😰😔⚠️,💀🕳️😰😔😭",1
134,"[Timestamp('2021-06-01 17:53:03'), Timestamp('2021-06-01 18:30:05'), Timestamp('2021-06-03 20:51:17'), Timestamp('2021-06-05 03:43:43'), Timestamp('2021-06-08 23:54:37')]","[""I am thinking of attempting again. I just feel more and more tired of living as each second passes, I feel so alone and lost. I really just want to die and I don't know what to do. I want to hurt myself so badly."", ""I can't stop thinking about hurting myself. I feel so hopeless and alone. This feeling of wanting to kill myself is getting stronger and stronger. I just want to die and forget all the suffering."", ""I feel so ecstatic now. I have decided that I will kill myself soon. I feel so weird, I am crying a lot right now, but I feel so ecstatic that I will kill myself and leave this world and actually be free from everything and all the suffering. I won't be worthless anymore and that brings me such happiness. I have made my decision and I feel that I am in control of my life for once."", ""I hope I succeed tomorrow. That's it. Today I will sleep nicely dreaming about my death tomorrow. I really can't wait to get rid of my worthless life. I am so glad that people showed me how useless I am. I feel so good think when I imagine, I never felt so good in ages."", 'I will do. Ihurt someone badlu. I will shower and take a razor with mr. I want to suceed this timw. Sorry. Goodbye. send messges']","💀🕳️😭⚠️,💀🕳️😭⚠️,💀😭🔪🚨🕳️,💀🕳️⚠️😭🌑,💀🔪🚨😭⚠️",1
37,"[Timestamp('2021-04-22 15:17:29'), Timestamp('2021-04-27 21:24:11'), Timestamp('2021-05-23 23:47:25'), Timestamp('2021-05-30 01:39:20'), Timestamp('2021-06-03 22:25:46')]","['Being suicidal is not mature for your age. The fuck? Where does the happiness come in? This shit ain鈥檛 happen yet!', 'Every time I express emotion. If I had a nickel every time I had told someone on here that I was depressed and they called me a 鈥渢roll鈥?I would literally be a billionaire. I鈥檝e said it many times. Nobody actually cares about you, they just pretend', 'I don鈥檛 even know what to type. I鈥檓 so pissed and I want to write about it, but it鈥檒l be for nothing', 'I hate my life. I don鈥檛 know what more to say', 'I鈥檓 going to starve myself. I hate it here']","💀⚠️😰🕳️😭,😔💔😢😞🕳️,😔💔😞⚠️,💀😔🕳️😭⚠️,💀🕳️😭⚠️",0
57,"[Timestamp('2020-10-12 14:34:22'), Timestamp('2020-10-16 09:15:19'), Timestamp('2020-10-21 21:56:20'), Timestamp('2020-10-30 13:45:00'), Timestamp('2020-11-04 11:50:12')]","[""I feel so down..... Why is it when you feel so down and hopeless and you have lost everything and your ex gf and then you feel lonely and depressed no one is ever there but when you have it all everyone wants to no you and that is just sick but when they see you struggling on your own there is no fucker there to support you or comfort you either yea I admit I have made mistakes and hurt people but I always said I was sorry for it but even when you have said sorry you still feel shit anyway what is this life all about seriously we just been put here to suffer we get in a relationship and it ends we loose a family member that has died to suffer even more this life isn't for living it is just for suffering only and it's the truth sorry if this has made you feel even worse about yourself but it is the truth it really is"", ""I deserve to die. Hi I have helped alot of people on here to feel better in themselves and I'm glad and i hope that it has helped them but I deserve to die because of my mistakes and pain I have put people through I have apologized so much but people wont seem to forgive me for it and I'm trying my best to not think about my thoughts and being suicidal but it just wont go away even though I'm trying my hardest to be strong everyday but all I want to say is god I am sorry that i messed up and hurt people but I deserve to die for my mistakes I really do and I hate myself for it all IM SORRY"", ""Even though how much she loved me and I loved her I have to learn to carry on and not get depressed yea it is tough after being with her 7 years but what else can you do that's LIFE!!!!."", ""That's it I'm done. Hi Everyone I dont feel myself anymore my head is in overdrive and it wont stop yea I just broke up with my ex gf after 6 years and it is the worse pain ever we loved each other so much and been through so much as well we also lived together and got on so well but 5 years ago we lost our daughter and she got taken by the authorities and ever since over them 5 years my head is so fucked up I just want to commit suicide and ino this world will be so much better without me ino it will I've made mistakes in my life and I hate it and it just plays over and over in my mind all the time I have anxiety attacks now and again and it makes it worse. I will come up with a plan to commit suicide cause all I want to do is fuck off this planet and stop seeing and thinking the same old shit over and over if you read it all thanks for taking your time."", 'Please help. Hey guys I think I have come to a decision about committing everything that has happened and the mistakes that has been made I feel like shit I look like shit me and my ex gf broke up after 6 years I dont no what to think please help']","💀🕳️😭😔💔,💀😭⚠️🕳️😖,😔💔😢,💀🕳️😭🔪🚨,😔💔😢😞⚠️",1
21,"[Timestamp('2020-09-24 18:54:55'), Timestamp('2020-09-25 23:31:01'), Timestamp('2020-09-30 21:22:42'), Timestamp('2020-09-30 23:18:09'), Timestamp('2020-10-02 04:19:32')]","['im overdosing tonight. title. if it doesnt work well at least itll harm my body', 'overdosing tonight thanks for support. i dont really care about anything anymore. and please dont say its going to get better. what if it never gets better? i dont want to stay. i never asked for it so why cant i return it? i cant handle living and i dont enjoy it. but thank you to everyone on this subreddit who offered me words of encouragement. i wish things werent like this', 'should i kill myself right now. via suffocation', 'is it okay if i dont leave a note.', 'help please. i need someone to talk to']","💀💊🚨⚠️😭,💀💊🚨😭🕳️,💀⚠️🕳️😭,💀⚠️🕳️😭,😔😢",0
446,"[Timestamp('2021-06-15 03:06:52'), Timestamp('2021-06-16 01:53:33'), Timestamp('2021-06-16 05:46:04'), Timestamp('2021-06-16 06:31:44'), Timestamp('2021-06-17 03:35:56')]","['Why am I scared to get help? Is this normal?. I have my first appointment with a psychiatrist tomorrow and to be honest I鈥檓 terrified and I don鈥檛 know why鈥?Anyone else ever felt this way in regards to getting help? Is this normal?', 'I had my first psychiatry appointment in a while today鈥?Once again no back up鈥?I might be done trying鈥? I got heavily exposed to some really toxic mold about five years ago while working as a scuba instructor. There was a thin layer of it on the interior of my scuba regulator and I was breathing off of that regulator for about 4 hours a day for 2 months underwater and as a result of that my mental health totally collapsed in about 7 weeks flat鈥?Once I had figured out what was going on it was too late鈥?I had been severely poisoned鈥?I鈥檝e been trying to get my mental health back ever since鈥?Every time I talk to a doctor about this one of two things happens and they either say that it is impossible and kill the issue or they don鈥檛 know how to help and kill the issue鈥?I have done a lot of my own research and have had some success controlling symptoms with various supplements but I need back up on this and there just is none. I have tried bringing what I have done and the limited success that I have had to my health care providers鈥?attention on multiple occasions and they have nothing worthwhile to say鈥?It鈥檚 always they don鈥檛 know what to do and don鈥檛 know who to refer me to and then the issue dies once again鈥?The research and the understanding just isn鈥檛 there yet for this kind of issue鈥?It feels like I have nothing left鈥?I might be done trying at this point鈥?What鈥檚 the point to continue fighting so hard just to continue endlessly suffering鈥?, 'Does it ever feel like you have little to no control over whether or not you attempt?. Most of the time my suicidal thought is passive but every once in a while it slips into this kind of no control zone where I honestly feel like I have increasingly lessening control or no control over the thought or whether I will actually attempt. Has anyone else felt this way? Is this normal?', 'I just feel like always screaming for help and there never seems to be any鈥? I鈥檝e talked to psychiatrists and therapists and there has been no real back up there just the bare legal minimum to cover the liability of my health insurer. Every friend that I have ever fully let in on how shitty my mental health is, I have lost and it always follows the same pattern they want to help initially and they try but it soon becomes too much and then they want nothing to do with me鈥?Never fails, that鈥檚 how it always plays out if you let someone in fully鈥?There is no real back up鈥?And I鈥檓 out of ways to keep my resolve鈥?, ""Whole body is really numb.... Been experiencing suicidal thought for a long time off and on, at least five years... Something changed recently that I can't quite put my finger on and for the first time I think that I actually want to die... I'm not going to attempt or at least I don't plan to but this new notion is really creeping the shit out of me...""]",💀🕳️😭⚠️😔,1
499,"[Timestamp('2021-07-09 19:52:59'), Timestamp('2021-07-09 20:49:08'), Timestamp('2021-07-10 15:29:48'), Timestamp('2021-07-10 20:15:24'), Timestamp('2021-07-10 21:43:22')]","[""I feel like a monster and I think this is just one more reason for me to kill mysel. i'm having some tantrums and i have a dog that doesn't respect me and is always biting me and preferring others to me and on two occasions one of which today i ended up hitting her (they were slippers actually) and another dog. I had never hit her before and she is already 3 years old, I am completely against it and I planned to never hit her in my life. I feel like a monster and I think this is just one more reason for me to kill myself"", 'I only have negative emotions.', ""I need to find a fucking job. Cause if i don't and quickly my dog will be beat up in the house here i currently live by the people here."", 'One thing that made your day sad today and one thing that would make it less sad and a little better.', 'Is anyone here able to prescribe me some medication? Like a doc or something.']","💀😭⚠️🕳️🔪,😔💔😢,😔💔😢,😔💔😢,💊⚠️😔😖",0
472,"[Timestamp('2021-01-28 07:50:54'), Timestamp('2021-02-21 11:58:14'), Timestamp('2021-03-14 12:35:04'), Timestamp('2021-03-16 11:13:14'), Timestamp('2021-03-28 10:08:12')]","[""About to turn 18. I'm turning 18 on the 1st and I feel so guilty. If I kill myself before my birthday I know it's gonna hurt everyone a lot and I don't want anyone to feel forced into spending money on me. And I know it's going to hurt people regardless but I don't know."", ""I wish nobody cared about me. I'm so embarrassed whenever I get out of manic episodes I fucking hate it. All I end up doing is hurting everyone around me and they don't even tell me the truth, they treat me like I'm completely broken and fragile and anything they say is gonna cause me to have some sort of breakdown. It's so frustrating and I tell them and they just DENY DENY DENY. I guess I can't really blame them though, I'm pathetic. I finally moved out and STILL no one lets me just be alone. I deactivated my number and everything, I want to be alone, I want people to forget about me. I'm sick of being an inconvenience to everybody, of everyone feeling like they need to be careful with me. I want to die alone, just me and my thoughts. So peaceful."", ""I'm not even scared anymore. I've rehearsed it so many times I'm no longer afraid, I just have to wait for 2 more weeks. I finally feel at peace with everything, I don't have to worry anymore. I just want it all to be over god I'm so ready for it all to be over"", ""I'm so lonely. It's my 18th birthday. I never really expected to turn 18 or finish school (I dropped out a month or so ago) and it feels so fucking weird. I feel like I have nothing, like a huge sense of loss and completely disconnected from everything around me. I say I wish I had someone to talk to but push everyone away. I've lost a lot of friends recently and I've always been distant with my family, mostly because of the mental strain I tend to put on people (recently got diagnosed with bipolar disorder with psychosis). I feel like I can't feel anything anymore, I'm not happy or sad no matter the situation all I know is how pathetic and worthless I feel. I broke up with my long-term girlfriend today and I honestly couldn't tell you why. I've never been able to tell people I love them no matter how much I want to. I want to do more but I feel like I'm being restrained and all I can do is watch. Everything is so distant and every step I make it just gets further away. I want a hug. I want it to go away. I just wish I could sleep forever, it's the closest thing I've felt to peace"", ""I hate myself so much. I'm so pathetic and I hate how I feel sorry for myself when I shouldn't. It's my fault. I really just want it to stop I'm reaching my breaking point. I want to end it but I also feel I don't even deserve that. I don't know what to do anymore but I really cant stand living like this""]","💀⚠️😭🕳️😰,💀🕳️😭😔⚠️,💀⏳🕳️😌🚨,💀🕳️😭😔⚠️,💀😭🕳️⚠️😖",1
52,"[Timestamp('2020-08-27 06:49:10'), Timestamp('2020-09-17 05:17:16'), Timestamp('2020-09-20 22:33:42'), Timestamp('2020-10-01 14:29:12'), Timestamp('2020-10-20 21:42:14')]","['.... ...', 'I WANT DIE. I鈥檓 at the absolute fucking bottom, I have ever reason to die, I don鈥檛 even wanna live anymore, weather I die by suicide, or by another cause, I just wanna die. Really really soon. Everyone abandoned me, none one loves me.', '.. Why can鈥檛 I just die, without people wanting to help,', 'I might be going away. I think I鈥檓 going to a mental hospital. Bye for now', 'Fuck you. Fucking kill yourself (Block me please, I wanna be block so I can鈥檛 be helped, I鈥檒l just repost this till I get blocked)']","💀🕳️⚠️,💀😭⚠️🕳️,💀😭😞⚠️,⚠️🕳️😭,💀⚠️🕳️😭🚨",0
414,"[Timestamp('2021-04-09 15:16:37'), Timestamp('2021-04-26 05:55:59'), Timestamp('2021-04-29 20:29:50'), Timestamp('2021-05-05 04:28:42'), Timestamp('2021-05-08 02:01:45')]","[""Why can't fight club be real?. I wanna beat the shit outta somebody and have em beat the shit outta me. Consent of both parties. I wish I could find a way to. This is mostly self-destructive, and I wouldn't mind being killed in a fight. But I do wanna destroy something beautiful, or at least try to. Y'know?"", ""I still wanna die, but I'm learning to keep it to myself again.. Nobody wants to hear it, they all got their own shit going on. It's easier to just shove it all down again. I'm finding new ways to. It gets easier every day, and I feel less human every day. I guess it's not at all sustainable. But whatever...right now it's all I have."", ""This is not my world.. I was born in here wrong, apparently. Racially and medically. Oh, and sexually. I should have been a boy. Nothing here makes sense to me anyways. The injustice. The subjugation. The bullying labeled as strength. Sexism, racism, property over human lives, abusive families, and how ALL of this is normalized. It's normal now. This hell is normal. I'm the unnatural one. I can't deal with this shit. I'm so tired of hoping things are gonna get better. Because for all I know, my fucking cult-ass parents are right and God is a sexist genocidal maniac! For all I know, everything that's happened to me is just and right and I'M the problem for letting it get to me. So this isn't my world. I reject it. I reject this country, this skin, these bones, and every bit of air in my lungs. I reject this doctrine, this 'life,' these expectations and every shackle. I reject sadness and happiness. I reject my dreams and my demons. I reject it all, all, if it would just get me out of this fucking reality once and for all."", 'I wanna go to europe. Lile Switzerland or something And kms properly Comfortably', ""I wanna die I wanna die I wanna die I wanna die I wanna die I wanna die. I have a new method too. The metro line. I just. I'm done. I'm just getting dumber and dumber. I'm gonna die worthless. I need to die soon. I need to die before anyone gets rid of me for being useless. I'm so tired of being useless. My brain is too fucked to be useful to anyone. I can't count. Add. Walk straight. Form cohesive sentences. Ride in a car without losing my shit. Go four hours without a breakdown. I'm not useful to anyone in any fucking way and I just can't exist like this. I'm a slug, a worm, a shitty bit of slime PRETENDING to be human, to be enough, so that ACTUAL valuable humans won't throw me away. But I can't even fake not being a worm anymore. I wanna die but I'm too stupid even to die. I have to go to the metro station soon. I wanna die. Everything is getting better around me but I am getting worse. I have to die before anyone notices how worthless I've become. My mind is degraded to the point of a concussed 7-year-old. I can't do anything right. I can't think. I have to die. I have to die. Soon.""]","💀🕳️😭⚠️,💀🕳️😭⚠️😔,💀🕳️😭⚠️🌑,💀💊🕳️😭🚨,💀🕳️🚨🚇⚠️",1
184,"[Timestamp('2021-01-21 22:12:09'), Timestamp('2021-01-22 21:50:58'), Timestamp('2021-01-22 23:09:34'), Timestamp('2021-01-23 03:45:44'), Timestamp('2021-01-23 17:30:03')]","['I hate my life i wish i was someone else. I hate my life 26 never happy want to go soon 馃様 fml', '馃様. Hi everybody how ya doing well am 26 male live in houston tx i grow up with my mom most of my life but when i was younger i was molested by male couzins etc i always felt alone i never told i grown up etc so i started liking guys and i was always around women because i didnt feel lile a guy that has cause me to hate my life school etc always got called gay never had a boyfriend etc just random hook ups to not feel lonely and dated some girls in hs but i always felt alone and emty like i didnt know what i want i started working etc people always talk about me i have social anxiety gender dysphoria etc my mom left to mexico 2019 i went to mexico couple of times etc i hate my life am so alone no friends no boyfriend etc nobody i hate my life i wish i was never born i swear i have cry in the shower took long showers sleep alot started eating etc i seriously tink about suicide a lot i just dont want to have to wake up every day with no purpose in life single alone in life i dont have motivation i always felt like that like i dont fit in anywhere i just feel lost in this world i caint do it another year sorry', 'I hate living in this world. I hate living in this world the anxiety having to live around people being judge etc i want out already 馃様馃様馃様馃様馃様', 'Hate being male 馃様馃槶馃槶馃槶. So i always felt different like i was in the wrong body i hate my life i dont go out i get jobs and realize whats the point i hate living wish i was not alive everyone happy exept me i wish i was female since i was young am 26 male i am killing my self soon no and i dont want to be trans its not going to be the same uuhhhgg i hated my life since i was young uuggghh caint take the unhappyness no more i hate my life i get my gender and everything i can never enjoy the life i wanted wearing cute clothes going out with my girlfrinds girst kiss etc it sucks so much i dont enjoy doing anything now i caint take it no more i quit this life life is nice when your happy with your gender but if your not everything sucks and you dont enjoy anything馃槶馃槩馃様 life sucks for me', 'Done. If i havent been happy for so many years i dont want to be alive anymore tired']","💀😭🕳️⚠️😔,💀😭🕳️⚠️😔,💀😰🕳️😭⚠️,💀😭🕳️⚠️🔪,💀😔🕳️😭⚠️",1
66,"[Timestamp('2020-10-14 00:25:33'), Timestamp('2020-10-20 17:40:39'), Timestamp('2020-10-27 17:00:58'), Timestamp('2020-11-03 15:45:21'), Timestamp('2020-11-10 21:48:40')]","[""Today I just walked around looking at tree branches I could hang myself on. Or I could buy a gun if I get enough courage to do that. I'm so close to ending it"", 'Why am I still here..... Everyone hates me. I need to kill myself', ""Everyone hates me and I can't take it anymore. It is so clear how worthless I really am and how I need to just end myself. I keep fucking up and forgetting to do shit at my job because of my severe anxiety and constant panic attacks. Keep dropping shit and can't even talk clearly. I'm not on any meds or anything. I can't do this shit sober. Maybe I should start packing alcohol with me. I need something to calm down. I am currently on my lunch break crying. I hate my life and myself so much."", ""I'd rather kms than let any of these dudes fuck and dump me. 21F. Obviously very damaged from abusive family and bad dating experiences. But not even being able to find anyone decent who doesn't use and try manipulate me makes me so depressed. I'm so lonely and live in an abusive house with no escape. And I also have 0 friends in real life. No guy will want me. I am better off dead."", ""Everyone hates me and I can't stand to be alive anymore. I work in a doctors office and there was this patient who was new and wanted to see the doctor but I thought I recognized his voice as a regular patient and said ok after the doctor told us no new patients. And then the patient gets there and he's denied so he is pissed and angry saying I said he could come in. But the doctor still denied him and he was so angry and my co-worker is mad at me. I always make mistakes due to my stupid dissociative disorder or I'm too nice and it's a problem. I can't take it here anymore. I'm ashamed and embarrassed to even be alive.""]","💀⚠️🔪🕳️😭,💀🔪😭⚠️,💀😭🕳️⚠️😰,💀😭🕳️⚠️😔,💀😭😔🕳️⚠️",1
445,"[Timestamp('2020-11-30 21:29:28'), Timestamp('2020-11-30 22:04:20'), Timestamp('2020-12-01 23:29:38'), Timestamp('2020-12-11 23:50:49'), Timestamp('2020-12-15 00:29:18')]","['i have lots of things people would die for. but i still want to kill myself.. a great family, friends, and an excellent support system. i live in a great neighbourhood, and go to the best high school in my city. if i get into the university i want, itll be one of the best in my country and ill be on the path to becoming a doctor like i have always dreamt of but for some reason i just want to end it here. i dont want to continue. i have a dream but i have no energy to pursue it. i am so drained and i want nothing out of life', 'how am i supposed to tell the person who gave me life that i dont want it anymore?. shes the only reason im here. she tells me im her life. i wish i wasnt like this. my mom doesnt deserve a daughter like this. why am i like this', 'anyone only suicidal bc theyre ugly. would love to chat. i feel so alone in my thoughts. 17f btw. please consider sending me message ;-;', 'fuck being an ugly girl.. for real it destroys your entire life. whats the point of living anymore. fuck this', 'people keep telling me dont kill yourself but never tell me why i should live.. im an ugly girl, so right off the bat i have nothing to offer as a woman to a guy or to society as a whole, im dumb, cant go to the uni i want, have no future, have no energy to continue, im just fucking exhausted.']","💀😔🕳️😭⚠️,💀😭💔⚠️🕳️,😔💔😢😞⚠️,💀😔🕳️😭⚠️,💀😔🕳️😭⚠️",1
360,"[Timestamp('2021-06-08 06:09:55'), Timestamp('2021-06-08 21:11:08'), Timestamp('2021-06-09 00:11:57'), Timestamp('2021-06-09 01:50:05'), Timestamp('2021-06-09 02:45:50')]","['Suicidal thoughts are not a symptom of a mental health condition the overwhelming majority of the time.. I believe it鈥檚 perfectly rational to want to die, I personally believe everyone deep down wants to die aswell. Life is simply not a very good experience it鈥檚 boring unfulfilling mostly filled with doing a job or tasks that are uninteresting. Life is filled with dangerous possibilities like going blind deaf or becoming paralyzed etc and no good thing in life is as equally as good as those things are bad. Assisted suicide is being legalized in more and more countries and I believe this trend will only continue in even more countries, eventually people will accept my title that wanting to die is not a mental health symptom and it will become accepted.', 'Everyone wants to secretly die imo.. I believe it鈥檚 perfectly rational to want to die, I personally believe everyone deep down wants to die aswell. Life is simply not a very good experience it鈥檚 boring unfulfilling mostly filled with doing a job or tasks that are uninteresting. Life is filled with dangerous possibilities like going blind deaf or becoming paralyzed etc and no good thing in life is as equally as good as those things are bad. Assisted suicide is being legalized in more and more countries and I believe this trend will only continue in even more countries, eventually people will accept my title that wanting to die is not a mental health symptom and it will become accepted.', 'Death with dignity.. Death with dignity or assisted suicide should be legal along with universal healthcare, life should not be forced upon people for it is not a good experience. Life is infact the majority of the time that is a bad experience filled with menial tasks and jobs that are boring unfulfilling an not worth the time that you are paid. Life is uninteresting an overall a very pointless experience, also people who want to die should have access to respectful an safe ways to die. Due to these reasons assisted suicide should be legal and suicidal thoughts should not be consider a mental health symptom in an of itself.', 'Do people really wanna be alive ?. Does anybody really wanna be alive for reasons other than addictions, not wanting to hurt people close to them or a fear of going to hell or other religious beliefs that forbid suicide ?', 'I don鈥檛 believe everyone doesn鈥檛 want to die.. Life is pointless boring unfulfilling and filled with miserable tasks or jobs that take up 99% of your time. Then your supposed to go home spend an hour cooking a meal watch 30 mins of tv and do it again the next day. Atleast we got the weekend where you can go to a restaurant and spend even more of what little money you make are your shitty job instead of spending an hour cooking, and watch like 3 hours of tv instead of 30 mins. If your feeling super adventurous you can go to a bar and get drunk and watch tv or talk to people about current events or what you鈥檝e seen on tv lately. If your not a fan of tv you can also go walking in the woods or neighborhood, you can also move your body to music which is also known as dancing. I don鈥檛 believe everyone doesn鈥檛 want to die unless they are addicted to something they just don鈥檛 want to hurt their families or they鈥檙e afraid of death for religious reasons like going to hell. Life is horrible everyone wants to die imo.']","💀🕳️⚠️😭🌑,💀🕳️😰😔⚠️,💀🕳️😭⚠️😔,💀🕳️😰😔💔,💀🕳️😭😔⚠️",1
214,"[Timestamp('2021-08-04 19:39:14'), Timestamp('2021-09-07 01:55:15'), Timestamp('2021-09-25 19:50:16'), Timestamp('2021-11-24 18:11:17'), Timestamp('2021-11-26 03:52:29')]","[""Gotta love how my trauma doesn't make me funny or interesting. Instead it made me a shut in that doesn't know how to talk to people, while I desperately need attention and love."", ""I can't get better alone and I can't have people around me while broken."", ""I don't want to be alone anymore. But I've got too many issues for anyone to bear to be around me. I'm tired of trying to reach out to others and having no one that reaches out to me. I want to feel loved again but this time I want it to be true and I want to give my love to someone who actually appreciates it. I want to matter to someone."", ""I'm not enough. I wish I could be more but I feel like I fundamentaly can't. There's nothing interesting about me, I barely talk. I waste my time doing nothing and even when I want to do something I can't. Most of the time I don't exist. I have no value so why would anyone want to be around me if they're not family."", ""Hopefully I won't wake up tomorrow. But I will, as always. Christmas probably won't be happening this year, that'll probably get me depressed enough to attempt properly again. Tired of being alone.""]","😔💔😢🕳️⚠️,😔💔🕳️⚠️😭,😔💔😢😞🕳️,😔💔🕳️😭⚠️,💀🕳️😭⚠️😔",1
9,"[Timestamp('2021-05-27 05:46:23'), Timestamp('2021-06-05 05:28:47'), Timestamp('2021-06-06 05:32:30'), Timestamp('2021-12-14 08:28:04'), Timestamp('2021-12-19 13:25:23')]","[""Finally got a plan. Like most plans in my life there is a high likelyhood this falls through. That being said if all goes well in 2 weeks time. Ever personal debt will be retributed and I'll be ready to dip. Wish me luck lads."", 'Why I haven\'t yet. (Limbo). I\'m simply a ghost in my own life, I may breathe and eat, and somewhat sleep. I may fake emotions and ""live normally"" according to the outside perspective. Once a month maybe I even receive fake care and happiness, but that\'s all part of a facade. In truth I might as well be dead already, I have no meaning, no attatchement to the world of the living. Such is a life stuck in Limbo until I leap.', 'This post is a waste of time. I should be planning to kill myself, killing myself or being dead right now, instead I browse and type here cause Im too much of a puss to go for it tonight.', ""I am Never Enough. Theres only a certain number of times you can fail and fall short before you don't get up again. If only I was better, enough to not be as retarted and broken as I am."", ""The Noose is ready, and I am too.. At the end of it now, the only thing that matters is I AM NEVER ENOUGH. Mentally, physically, emotionally, talent. Name something and I lack it. For I am never enough to live life proper. After all while try your all, spend multiple days awake worth of effort and dedication to get a C+ when someone who isn't even done with college academics gets evaluated to a C regardless. I am tired of depression, tired of anxiety, tired of self hatred, tired of being mentally sick, and while that all sucks I am tired of trying now, so I plan to try for one last time to end it all. Why try, it used to be because I would hate myself more, but why try if your best is never enough, if your improvement is never enough. I am sick of picking myself up from failing only to never be enough again. For 20 years of this shit. 20 years of a broken genome that gives me my own kind of tailored and individual pain, just for trying to be normal half the time. Done with trying to connect with others to be a negliagable footnote in their lived at best. I am sick and tired of lying that I am fine to others, of therapy being a room to complain and unable to fix me. I am done with being broken. I have and never will do anything worthwhile. I can't win life being myself. I will never solve any of my problems. But there is a solution for me. I will be able to be truly happy for one little final moment as I run away from my fucking self.""]","💀⚠️🕳️😭🚨,💀🕳️😰😭⚠️,💀🔪🚨😭⚠️,😔💔😞🕳️⚠️,💀🕳️😭⚠️🔪",1
118,"[Timestamp('2021-01-01 16:34:07'), Timestamp('2021-01-02 18:19:56'), Timestamp('2021-01-03 11:02:33'), Timestamp('2021-01-05 06:19:30'), Timestamp('2021-03-29 01:44:23')]","[""the thoughts are starting to return. it's been a while since i had them. thought pills would help me, thought spending time with closest friends would help me, which it did, to some extent. thought that doing more activities to distract myself would help me. i feel like i'm running out of options. i'm so tired of feeling sad, hopeless and alone. i'm so tired of having bad memories come back to haunt me. i'm so tired of all these negative feelings. why is happiness temporary. i feel so miserable. i hate myself. i love my friends so much and they're the reason why i keep going, but i am afraid that soon i won't be able to keep going anymore. i'm such a mess."", ""why am I so addicted to the pain. It's so weird. I want to be happy and I don't wanna die. I really want to be alive, but at the same time it's so weird not feeling dread, sadness, and to be invaded by suicidal thoughts. It's as if I'm addicted to them, I don't want the pain and the thoughts to end, but at the same time, I want to get rid of all these negative feelings so badly. I just don't know what do anymore. I feel so sad, so anxious, so hurt, I feel a million negative feelings right now, and I want to stop from feeling down, from feeling all this kind of shit, but when it stops, it's as if I don't want it to stop. Have I gotten too used to feeling like this? I just can't figure it out myself anymore. My pills aren't working anymore and I feel as if I'm abandoned by my friends. I've no one to talk about this, sometimes my friends listen to me, but at times they flat out ignore me/leave me on seen. Am I that much of a burden to people? Is there any use of being alive, especially when I'm stuck in this endless cycle of popping pills, distracting myself and hoping things would get better (when in reality, they never really do). It kills me to say this, and I never thought I'd go back to these kind of thoughts, but I feel like suicide is becoming an option once more. I'm so ruined."", 'I\'m losing myself, slowly.. Woke up today feeling so empty and so disgusted with myself. Last night I drank again, despite not being allowed to do so because of my pills. I\'m such a mess and I\'m so unhappy with my actions. Every single I day I wake up feeling emptier and emptier. Oh, but how sweet are the feelings of anxiety, pain, sadness, loneliness, regret, fear, disappointment. Was it predestined for me to end up like this? Probably. You\'d think that all the abuse and trauma would make me stronger, but it never did. All my effort, kindness, love, dedication, loyalty - all for nothing. Being the most amazing person for the wrong one lead to my downfall. I get attached so easily to people, and I tend to dedicate myself entirely if I truly feel attached to that person, but I get shoved and thrown away so easily, because I get too clingy and I want to help ""too much"". I\'ve tried being my best self, but to no avail. I long for someone to call my own, for someone to love and to be loved by, for someone to care for, to someone I can be my true self with. I long for affection, and care, but I\'m afraid of it too. The last person who promised she\'d love me and care for me for the rest of our lives and beyond, the person who swore she\'d never abandon me was the same person who broke all those promises and hurt me beyond repair. Funny, isn\'t it? I want love, but I\'m afraid of it. I\'ve been shoved by people on and on. Now I\'m afraid of love, I\'m afraid of getting close to someone, I\'m afraid of opening up, I\'m afraid of everything. But it\'s okay, it\'s another day today. I\'ll put on my mask once more and start pretending. For they love and want Stef, the one who makes them laugh and jokes around. But once the mask falls off, and Stef no longer is happy, but sad, stressed and depressed, no one wants to be around him. They only love him when he\'s happy because when he\'s sad, he become a burden, and no one wants that. So be happy Stef, keep the crowds entertained, for you are only desired if you wear your mask, and without it, you\'re nothing, and nobody wants you. I really can\'t keep on going anymore, I can\'t keep pretending anymore. I can\'t stop breaking down. I can\'t hide it anymore. I need help, but nobody helps me. But it\'s alright, because everyone can benefit from my help, from my care and attention, but sadly, I can\'t get either of those. Guess that\'s life for me, innit?', ""loneliness. Sweet is the peace in loneliness, but with the sweetness that follows, so comes the bitterness. Bitter is the pain to be forgotten. It feels like I don't have anyone that can really understand me. It's alright, leave me on seen when I'm opening up. It's alright, don't reply to my messages because I'm unstable and I'm struggling. But hey, the moment I put on my happy mask, they'll come back. How can one not love me when I'm happy :). But how can one not abandon me when I'm sad and depressed :(. Pill after pill, shot after shot, minute after minute, closer and closer to my demise."", ""Lord give me strength to go through with it. That's all. Simple.""]","💀🕳️😭😔⚠️,💀🕳️😭💊⚠️,💀😭🕳️⚠️😔,💀💊😭🕳️⚠️,💀🙏⚠️😭",1
407,"[Timestamp('2021-05-31 09:20:05'), Timestamp('2021-05-31 10:00:35'), Timestamp('2021-06-02 11:16:07'), Timestamp('2021-06-03 14:23:47'), Timestamp('2021-06-08 16:26:13')]","['My family is just waiting for me to do it and honestly I am too. 鈥?I don鈥檛 know what to do he鈥檚 24鈥?鈥淚 can鈥檛 hold your hand anymore鈥?鈥?you鈥檙e on your own鈥?鈥淭here鈥檚 nothing we can do鈥?, 'Do people clean their depression rooms before doing it?. Everytime i think about doing it, my brain instantly goes to "" but your room isnt clean"" like ive been living in my own filth for however long and thats what my brain resorts to lmao fuck god why cant i just go through with it already', 'How to get the courage and motivation to actually pull through with suicide?. I鈥檝e had suicidal thoughts and tendencies ever since I was in fourth grade, or at least around that time, but I鈥檝e never actually managed to pull through with it. I鈥檝e tried and got close to killing myself but I always back out in the last moment. I was so close to jumping in front of a train multiple times, so close to slicing my wrists open, so close to taking a bunch of pills,... but never managed to actually do it. It鈥檚 literal agony, being always depressed and suicidal but never able to actually do it. I don鈥檛 want someone else to do it, if I die, I want to kill myself! Everything sucks and will always continue to suck with no hope of ever improving, I posted this to reddit often enough. I wish there was hope of things getting better but there is truly none.', 'Has anyone done Shrooms for their suicidal depression?. Ive been going in literal circles for years now. I can never hold down a job ive quit or have been fired from 4 in the past 3 years. In and out of treatment facilities I cant stay on a routine if my life depended on it, and this depression will make me homeless if i dont do something about it. so if anyone knows or has experience let me know please', 'My family says dont kill yourself but they havent lived the life i have. ive always been at the bottom, Got bullied by my family and cousins for stuttering when i was younger Bottom of my academic class, bottom of every sports team i joined in highschool, i quit twice. I never got laid in my two years in college dropped out of college three seperate times, failing test after test, assignment after assignment I got committed after I drove to my moms house drunk and told her i almost jumped off of a building ( missed my chance here) I quit my job at mcdonalds after a month My anxiety and depression kept me from going to my Electrician union interview 3 separate times I got fired from my construction laborer job after 2 months I quit my job at amazon because i couldnt keep up, then got fired from a different job after 4 months for poor performance. I walked out on my gf after 8 months i think i loved her but, i couldnt stop watching porn &amp; i couldnt deal with her mood swings whenever she found out. Then an extended family member gave me a job repairing AC units, i basically just had to stand there learn and get paid, its the only job i actually enjoyed I lasted 2 months before my depression came back, i havent been to work or talked to them sense. I came out of my depression episode yesterday and decide to leave my house and go for a night drive, then my tire explodes at 100 on the freeway and my battery dies waiting for AAA. the local trade union is accepting applications from june 7-11, i wanted to apply but now i cant find my highschool diploma. I lost 50% of my net worth in crypto in a week Oh did i mention I turned 24 yesterday June 7th. My life is a fucking joke, i shouldve never been born, probably shouldve ended it years ago when i was the most suicidal but i choose to stick around to see what would happen.... Now im just numb, i almost find it absurdly comical, I laughed when my tire exploded, i laughed when my battery died on the side of the freeway, I laughed when i lost half of all my money in a week. I laugh when the only texts i get from my family are on my birthday telling me to and i quote "" Have a happy Birthday!!!! I hope its special"" HAHAHAHA if i didnt live in Califronia( strictest gun state) I wouldve probably blown my brains out already. HAHAHAHAHAHAHAHA']",💀🕳️⚠️😭🔪,1
36,"[Timestamp('2021-04-04 22:59:56'), Timestamp('2021-04-08 19:41:51'), Timestamp('2021-04-15 11:06:04'), Timestamp('2021-04-15 12:52:56'), Timestamp('2021-04-17 20:26:55')]","['Don鈥檛 lie to me. Don鈥檛 say you care. JUST LEAVE ME ALONE.', 'I鈥檓 so sorry. Last post, hopefully. I hope no one misses me too much (I know no one will)', 'My family don鈥檛 want me here ,but they don鈥檛 want me dead either. Grabbing me, calling me stupid and lazy, scratching me. Do you want me to kill myself ??? I can鈥檛 take it', '鈥淐rying won鈥檛 get you anywhere in life鈥? 鈥淵ou鈥檙e crying because I asked you to do something, how stupid鈥? I am going to cry if you鈥檙e mean to me !!! Don鈥檛 cry at my funeral. Won鈥檛 get you anywhere', 'There鈥檚 not a single person on this earth who cares.']","💀🕳️😭⚠️,💀🕳️😭⚠️💔,💀😭⚠️🕳️,💀🕳️😭⚠️,😔💔🕳️😭⚠️",0
324,"[Timestamp('2021-04-04 07:11:27'), Timestamp('2021-04-08 02:23:52'), Timestamp('2021-04-19 03:49:32'), Timestamp('2021-04-19 12:42:27'), Timestamp('2021-04-21 04:55:14')]","['what the fuck to do. i hate being alive. got my suicide notes and my plan and everything. my friends will get over me eventually but damn i cant fuxking stand the idea of leaving my family. so what the fuck. what am i supposed to do here man i actually despise it here', 'i wish i were a better student. every time i try to start a missing assignment i just sit there for like an hour and end up not even getting it done. so then they all build up and my grades drop lower and lower and i get closer and closer to slitting my fucken throat to escape all this stupidness. one more 0 and im doing it bet', 'fuck school. never failed harder in school than this year. probably will have to go to summer school which makes me want to mf kill myself jesus christ why am i so dumb', 'wish i could give my life to someone who wanted it. why do people who want to live die and the ones who want to die live. makes me so mad fr', 'trapped in this dumb shit. dont even know what to do anymore. no one can understand how i feel inside and no one can help. everyday im alive is mf unbearable and i cant do nun bout it bc i cant bring myself to leave my family. so then all i can do is cut myself and stare at the blood like 鈥鈥?like what the hell am i supposed to do here man i want to escape']","💀🕳️🚨😭⚠️,💀🔪⚠️😭🕳️,💀😭⚠️😔💔,💀😔🕳️😭⚠️,💀😭🔪🕳️⚠️",1
407,"[Timestamp('2020-11-10 20:19:23'), Timestamp('2020-11-11 07:08:11'), Timestamp('2020-11-17 07:31:26'), Timestamp('2020-11-19 08:48:23'), Timestamp('2020-11-21 06:14:46')]","['My ability to empathize is gone: read below. I live with my grandma that is terminally ill &amp; is probably going to die soon and I feel absolutely nothing...a sight annoyance She鈥檚 morbidly obese and has a ton of health problems been in and out of the hospital multiple times A couple days ago she needed to go to the hospital and I told her that if she wanted to live she could call 911 herself... I left for work fully expecting her to be dead when I got back. An hour later When I got to work my dad called 鈥?hey son grandma is in the hospital again I just wanted to tell you鈥?and I had zero reaction I said 鈥渙h ok鈥?He hung up. I carried on with my day... I can鈥檛 even fake the apathy I feel for everyone in my life.. when I was younger I could act like how you鈥檙e supposed to act when you see a family member needs immediate help. Now I just don鈥檛 care and everyone in my family knows.', 'I pop hydros and pretend I鈥檓 dying as I drift off to sleep listening to my favorite depressing music. Mostly Xxxtentacion, lil peep, mac', 'All I wanted was to be loved.. And I got it! I found someone who loved me for 8 months, more than anyone other than my mother, and I left her, she loved me through everything I put her through, and I didn鈥檛 feel a thing when I left her. I got what I wished for a gf like her for YEARS and I turned my back on her love and I still don鈥檛 feel any emotions. I am dead, I exist, but I am already dead.', 'Im getting closer. I almost jumped out of my car the other day coming home I sped down an alley &amp; opened the driver door and just stared at the concrete below driving directly into a brick wall.. I swerved at the last second My behaviors are getting more and more reckless', 'im slowly getting more comfortable with death each day. My suicidal behaviors have increased day by day, I work for amazon so im outside in traffic all day, i see a truck and i say to myself ""this is the one"" i step into the street and get closer and closer to the cars as they wiz by , i get so close i can feel the air from the car brush across my skin. I wanted to see how many seconds i could close my eyes while driving. i close my eyes "" one, two, three"" i open my eyes ""cmon you pussy only three seconds you can go longer than that, you want to kill yourself right? "" one, two, three, four, five"" OPEN ""one, two, three, four, five, si"" OPEN cmon get to 10 seconds you can do it ""one, two, three, four, five, six, seven, eight, nine,"" OPEN. one day ill stop counting']","💀🕳️😰😔💔,💀💊🕳️😭⚠️,💀🕳️😭😔⚠️,💀🚨⚠️🕳️😰,💀⚠️🕳️😰🚗",0
244,"[Timestamp('2020-09-26 02:53:34'), Timestamp('2020-09-26 06:56:28'), Timestamp('2020-09-27 01:39:57'), Timestamp('2020-09-27 23:12:20'), Timestamp('2020-09-28 18:26:41')]","[""Worrying about never being liked by someone. A big part of my anger and suicidal thoughts comes from worrying about if I'll ever be liked by some girl. You worry that you're not good enough or that people see you as inferior to other guys. This causes the worst feelings anyone can go through. It's also hard to talk about because people are never understanding to things like this. I'd like to maybe have a girlfriend in the future but I'm afraid no one will like me and just see me as a loser. These thoughts have really stressed me out for years."", ""I'm just lonley. I've been alone for a long time and it doesn't seem anyone really cares either. I hate that my whole life I've felt alone. Sometimes I wish someone wold just hold me and be there for me. Because that's what I want."", ""42. I'm just done dude. I've had a really hard time and suicidal thoughts for years among other things. I will never love anyone because people don't understand me or get me at all. I feel like I'm starting to hate everbody and the world. I'm just sick of people's way of thinking about everything. I feel like I'm just different from everbody and it makes me feel more and more disconnected. People don't like me and I don't like them. So I'm not sure if I'm gonna be happy living in this world. Sometimes I wonder if it'd be better to live as a hermit somewhere. If only I could. I just don't think I want to be around people anymore because they're not going to accept me for who I am anyways. So yeah that's that. I'm done with people and thier shit."", ""Everyone pisses me off and everyone's against me. I'm gonna kill myself if people keep pissing me off and talking down to me and criticizing me. The moment somebody crosses the line I'm bringing out my gun and shooting myself right in front of them. Quit pissing me off. You're all against me."", ""People just don't know how hard it is to be lonley. I'm lonley dude. And whenever I try to meet up with people in real life I seem to just get ghosted. It's like what's the point of even trying anymore. Nobody cares enough. So I guess I'm just gonna be alone forever. Life is seriously depressing.""]","💀😰😔💔⚠️,😔💔😢😞🕳️,💀🕳️😭😔⚠️,💀🔫🚨⚠️😭,😔💔😞🕳️⚠️",1
309,"[Timestamp('2021-05-01 15:40:23'), Timestamp('2021-05-03 20:27:57'), Timestamp('2021-05-10 18:55:00'), Timestamp('2021-05-11 19:44:54'), Timestamp('2021-05-17 23:14:06')]","[""I'm so angry at myself. every day is the same, i feel like shit yada yada yada you know the drill. just WHY exactly am i even trying? I dont HAVE to live. just a little pain and I'm gone. maybe I just chose the wrong method, but it's the only one I could realistically be successful at. guns are nearly impossible to get here, there arent many tall buildings, the bridges are not high enough to be fatal, the list goes on. what the fuck am I supposed to do?? suffer for my family??? they dont even like me. so why, why cant i fucking kill myself already??"", ""i just want to stop existing. sure I want to be dead, but am not interested in the pain that's involved. i want to just not exist. eternal sleep. im exhausted. what am i even trying for??? too bad I wuss out."", ""i fucking hate being trans. like ooh watch me suffer every day and shower with my eyes closed like a fucking idiot GOD DAMN i'd rather be dead. looking at myself makes me want to vomit. and just when I thought the knife to my heart couldn't be twisted any harder, I have to keep looking at my deadname every day (for school), be referred to as ''she'' because that's what the stupid fucking documents say. '''female''' fuck you. I hate this. i want to die already. no surgeries or T will make me cis. those things are great, but I'll never be able to get back the time I spent waiting for them. not to mention how fucking expensive it all is. I wish I had the guts to just kill myself already. there's no hope for me anyway"", ""i want to die. i know its selfish. i know. i dont want to hear any of that. it just hurts so bad to be alive. i wish there was a painless way to do it. i'm so fucking miserable but at the same time, how can i do that to my mom??? then again i didnt ask to be born. what the fuck am i supposed to do??"", ""dead end. i have no reason or will to live. i wish i just had the guts to do it. why. why can't i die already. i can't fucking do this anymore""]","💀🕳️⚠️😭🔪,💀🕳️😭😞⚠️,💀🔪😭⚠️🕳️,💀😭🕳️⚠️😖,💀🕳️😭⚠️",1
116,"[Timestamp('2020-07-28 20:03:52'), Timestamp('2020-08-03 22:19:02'), Timestamp('2020-08-04 04:26:20'), Timestamp('2020-08-06 21:50:17'), Timestamp('2020-08-07 07:48:36')]","['Fear Of Hell Is The Only Thing Stopping Me. I just don鈥檛 understand god makes us depressed and in so much pain; and we just ask for the pain to end we are punished with eternally burning it鈥檚 so fucking unfair.', 'Do Parents Move On After Suicide. Anyone here with family member who killed themself? I just want to know if your parents eventually moved on in like 4-5 years; obviously they will still be somewhat emotional/sad but I just wanna know did they get happy eventually', 'The Idea Of Living 70+ More Years Is Depressing AF. I just had a thought today; if I don鈥檛 die in a accident, I鈥檒l be here for 70+ years. 70+ years of this depression and madness, 70+ years of people saying 鈥渋t gets better鈥? I ask myself what did I do so wrong in life to deserve this; I just hope I have the courage to overdose otherwise I鈥檓 going to be in this purgatory for a long time', 'Suicide Has Kept Me Going For The Past 8 Months. I鈥檝e had such a terrible year(I鈥檓 pretty sure everyone has) but this year I made a promise enough is enough; if I don鈥檛 believe in Suicide then I鈥檓 in such despair/ depressed. But when I know this will all be over in a years time I can function.', 'What鈥檚 Keeping You Here?. What keeps you going in life?']","💀😰🕳️😭⚠️,💀🕳️😭⚠️,💀💊😰🕳️🚨,💀🕳️⚠️😭🌑,😔💔😢",0
349,"[Timestamp('2020-11-24 19:27:03'), Timestamp('2020-11-25 03:59:47'), Timestamp('2020-11-25 04:56:03'), Timestamp('2020-11-25 05:02:33'), Timestamp('2020-11-25 15:16:31')]","['I鈥檓 a toonophile and I want to just die. I鈥檓 21 and I鈥檓 attracted to a cartoon girl because no real girl will ever like me so the best I can hope for is an animated gf because that鈥檚 the best I鈥檒l get I know it鈥檚 super creepy but honestly it鈥檚 the closest thing I鈥檒l have to happiness', 'I have a bad attraction I deserve death. I鈥檓 21 and I have a bad attraction I haven鈥檛 acted on it but it鈥檚 bad and honestly I just want to die I don鈥檛 even think therapy could help at this point', 'I鈥檓 a toonophile I wanna die. I鈥檓 21 and I鈥檓 attracted to a cartoon girl because no real girl will ever like me so the best I can hope for is an animated gf because that鈥檚 the best I鈥檒l get I know it鈥檚 super creepy but honestly it鈥檚 the closest thing I鈥檒l have to happiness', 'I鈥檓 an ephebophile please kill me. I鈥檓 a 21m I haven鈥檛 acted on it but I鈥檓 going to therapy soon but it鈥檚 eating me alive I just wanna die I鈥檓 so fucked up and I just want to end everything I hate myself', 'I鈥檓 an ephebophile I deserve to die. I鈥檓 a 21m I haven鈥檛 acted on it but I鈥檓 going to therapy soon but it鈥檚 eating me alive I just wanna die I鈥檓 so fucked up and I just want to end everything I hate myself']","💀😔🕳️😭⚠️,💀😭😰⚠️🕳️,😭😔💔🕳️⚠️,💀😭⚠️🕳️😖,💀😭🔪🌑",1
464,"[Timestamp('2018-05-31 18:13:05'), Timestamp('2018-06-24 03:40:36'), Timestamp('2018-07-01 01:58:29'), Timestamp('2018-07-02 02:58:45'), Timestamp('2018-07-02 03:40:33')]","['I backed out before but this time I think I am going to do it. Got my note final draft ready to post on Instagram now just thinking of when to actually do it of course before daylight tomorrow', 'July 3rd. I am giving it a week I am writing my notes all week while I vibe to some music then the moment my final attempt I will succeed this time no interruptions I really wish my mindset would change but the pain to much to bare.', 'How Dare You. How dare you leave me,you said you would always be there we were friends I told you every fucking thing and you just leave me like that with some shitty excuse? Do not come crying to me when I have a knife to my heart cause I have had enough and it has been eating me alive for the past month you know I have depression but who cares anymore.', 'What Did I do. I was talking to someone from this subreddit I wasnt in the best place either and was saying how much I wanted to die aswell I never said a word about his worth after the back and forth talk of death I posted something short and simple letting him now I care and to message me its been two days and have not heard a word wtf is wrong with me I hope at least maybe he is in the hospital getting cared for nothing else...', 'rather post on here then talk to someone I know IRL. last time I opened up about my suicidal thoughts to a friend they called the cops on me I even told my therapist that this sub reddit is the only place I feel not judged as well as talking to my therapist thanks everyone that is here we all are going through stuff and we are all here for each other and know what depression is and pain thanks all&lt;3']","💀⚠️🔪📝🌅,💀⚠️🕳️😭🔪,💀🔪😭🕳️⚠️,💀😭😔⚠️🕳️,💀🕳️😭⚠️",1
349,"[Timestamp('2020-11-29 01:04:11'), Timestamp('2020-11-29 03:17:38'), Timestamp('2020-11-29 04:49:06'), Timestamp('2020-11-29 14:39:50'), Timestamp('2020-11-30 02:44:55')]","['I鈥檓 an ephebophile kill me please. I鈥檓 21 and I haven鈥檛 acted on it but the attraction still exists and I can鈥檛 get it out of my head idk if therapy will even help at this point I just wanna die', 'I鈥檓 an ephebophile I deserve to die. I鈥檓 21 and I haven鈥檛 acted on it but the attraction still exists and I can鈥檛 get it out of my head idk if therapy will even help at this point I just wanna die', 'No girl is ever gonna like me so why even go on?. I鈥檓 21 and I know it sounds stupid but it鈥檚 true that no girl will ever like me I have no attractive qualities I鈥檓 so boring a potato would run away from me so at this point why even go on?', 'I鈥檓 such a loser that I鈥檝e fallen in love with an animated girl. I鈥檓 21 and I鈥檓 the biggest loser I know I鈥檝e never even been friends with a girl and I鈥檓 still scared of them so it looks like I鈥檓 in love with an animated girl and I know it鈥檚 really weird but it鈥檚 either this or suicide', 'The thought of a girl ever being sexually attracted to me is hilarious. I mean I鈥檓 21 and I鈥檓 that unattractive literally no girl will ever like me or want to even get physical with me I mean why the hell should I even get out of bed every day just bleeds together at point']","💀😭🕳️⚠️,💀😭😰⚠️🕳️,💀😔🕳️😭⚠️,💀😭⚠️😔💔,😔💔😞🕳️⚠️",0
184,"[Timestamp('2021-01-23 17:30:03'), Timestamp('2021-01-23 22:11:12'), Timestamp('2021-01-24 13:11:58'), Timestamp('2021-01-24 23:24:50'), Timestamp('2021-01-26 04:08:35')]","['Done. If i havent been happy for so many years i dont want to be alive anymore tired', 'Few more months. Am 26 years old i hate my life i never felt good with my self i always felt different and alone since i was a child i dont like going out because the people etc i feel so lost and alone i caint keep living like this am done i just want to be with god and never be unhappy and alone no more i have cry so much that i caint do it much longer i always hated my life etc sucks being force to be born i caint do it another year theres no hope for me no more am just done in a few months i always hated to be male i always got made fun of etc and people make fun of me ones am death i wont have to suffer any longer 馃槆馃様more unhappy times then good times', 'Alone. I always felt different growing up from the othet boys i always felt like a girl in the inside i always kept my feelings to my self i always attached to my mom i felt safe but i felt lonely in the inside going to school etc i always wish i was a girl it would made my life easy being a male brought me hits yells gossip etc i dont like going out i get social anxiety etc i hate my life am 26 years old now thinking of ending it', 'Sad. Being gay sucks for me i always felt like a girl i always got called bad stuff etc i always felt alone till now i caint take it another year so alone i caint wait till the day am with god and i wont suffer or struggle anymore this 26 years been not good i always wish i was someone else or not been born tired of everything that happends to me 馃様馃槩', 'Soon. I be gone soon far away from everyone to end it am 26 never been happy i caint take it another year i want my soul to be gone from society everyone wont be missing anything jist want to be free from the public eye gossip stares etc 馃徆']","💀😔😞🕳️⚠️,💀🕳️😭⚠️😔,💀😭🕳️⚠️😔,💀🕳️😭⚠️😔,💀🕳️😭⚠️🌑",1
449,"[Timestamp('2020-07-21 00:45:14'), Timestamp('2020-07-23 00:26:43'), Timestamp('2020-07-24 03:42:11'), Timestamp('2020-08-10 20:05:45'), Timestamp('2020-08-15 01:30:45')]","['my mom is so fucking annoying and so is my dad. so im playing sims 4 with the cats and dogs expansion pack like normal. im building a vet, im running it. then my mom comes in with her fucking loud ass and tells me she wants to play VERY demandingly, telling me how she thinks im hogging it in a whine ass petty ass ungrateful ass voice. i give her the controller and immediately she starts complaining saying how its hard to navigate, etc. then in her pouty ass voice she starts saying how this is way too difficult and how its all my fault because i cant play the game right when shes the one messing shit up. then when i defend myself my dad chimes in saying how i need to shut the fuck up. who the fuck cares about you mom. nobody. maybe youre one of the fucking reasons why i have such high anxiety and depression', 'bye. i rly wish i could die rn ..... for now, i shall wait to discover the highest point in the city', 'vocaloid is keeping me alive. i may not to kill myself until i see IA live in a concert myself. i dont know, maybe i will kill myself before then. but i will try to remind myself of seeing her live. live is just so stressful and i want the problems to be gone', 'invalidated. im trying to help my friend get out of her abusive household. this is in a group chat, and im trying to help. they say that im only shitting on it and not saying anything helpful. even though i am. i cant help anymore. im going silent in the chat, i feel so invalidated. these people are like 6 years older than me and i cant say shit. they said itll get better for the person yet i know it wont and hes wrong. he hasnt dealt with anything like this and im worried. my friend had been beat. multipke times. she cuts. the police wont help neither will cps. i speak from experience after helping my other best friend. help me please. i feel so invalidated and i want to kill myself so i dont have to feel this feeling. i want to jump off a building. i dont care if im still alive after. please. it hurts. i cant do this anymore. i have too much rage built inside of me and i cant expel this rage because of my parents. im 12. they wont take shit from me because its backtalking and i cant cut because theyd notice. they control my entire life and im always paranoid of them checking my phone, etc ever since january 7th 2016 and december 7th last year. it really hurts. i cant do anything in life. i told my mom i was bi before realizing i was lesbian and i really dont want to tell her because it just feels uncomfortable being out there. she shits on my opinion. every day. i cant have one. my dad is rude and they both constantly invade my privacy. i was trying to get over one of my biggest fears at the doctor and my dad said that i could control my anxiety and that i was doing it to myself. i cant. IT HURTS. I CANT FUCKING DO THIS ANYMORE. IM SO EXHAUSTED. and here was me, thinking id just got out of it.', 'mother. i hope you go to fucking hell']","😔💔😢⚠️🕳️,💀🕳️🚨😭⚠️,💀⚠️😭😔🕳️,💀🚨😭🕳️🔪,💀⚠️😭💔😔",1
407,"[Timestamp('2021-01-16 20:53:48'), Timestamp('2021-01-26 12:17:25'), Timestamp('2021-01-28 01:57:20'), Timestamp('2021-02-21 17:19:19'), Timestamp('2021-03-03 20:22:45')]","[""Suicide's on my fucking mind, I wanna leave I swear to God I feel like death is fucking calling me. When I die, fuck it, I wanna go to hell 'Cause I'm a piece of shit, it ain't hard to fuckin' tell It don't make sense, goin' to heaven with the goodie-goodies Dressed in white, I like black Timbs and black hoodies God'll prob'ly have me on some real strict shit No sleeping all day getting my dick licked All my life I been considered as the worst Lyin' to my mother, even stealin' out her purse I know my mother wish she got a fuckin' abortion She don't even love me like she did when I was younger Suckin' on her chest just to stop my fuckin' hunger I wonder, if I died, would tears come to her eyes? Forgive me for my disrespect, forgive me for my lies"", 'My life isn鈥檛 worth living. All the pain isn鈥檛 worth it All the disappointment isn鈥檛 worth it The inability to change my circumstances for the better The good times are too few and far between and even when they come they pass by so quickly.', 'I recently had a very telling suicide dream. Someone asks me if i wanted to give up my body and soul to charity since all ive done is basically waste it my entire life here . So... it looks like my subconscious is tired of me too, so.....theres that', 'Why in the fuck am I still alive. I can鈥檛 feel, my life is shit, I haven鈥檛 cleaned my bedroom in months, no ones gonna read this shit anyway, why the fuck am I still alive... I wouldn鈥檛 mind if I died, maybe I should just get over the initial fear of pulling the trigger or driving my car into a concrete wall. I care so little about my life being good that I sabotaged every single opportunity to change. Nothing about me is going to change, a literal miracle has to happen for me to have a life I want to live', 'Trying to convince myself that the physical pain before suicide will be less than the emotional pain I鈥檝e suffered my entire life.']","💀😭🕳️⚠️,💀😔🕳️😭⚠️,💀🕳️😭😔⚠️,💀🕳️⚠️😭🔪,💀😰🕳️😭⚠️",1
129,"[Timestamp('2019-07-13 23:46:13'), Timestamp('2019-08-28 07:28:19'), Timestamp('2020-10-14 08:13:14'), Timestamp('2020-12-15 10:52:10'), Timestamp('2021-02-15 01:01:01')]","['Not feeling right.. Haven鈥檛 been feeling right for almost 2 weeks. In the past 3 days or so it鈥檚 gotten more intense. I don鈥檛 feel natural and I don鈥檛 feel like I should live anymore. I don鈥檛 know what to do with my life and I鈥檓 confused to the point where I rather just end it all then stay here confused and empty. I just don鈥檛 know how to kill my self but I鈥檓 trying to find a way... I really am...', 'Suicide hotline is temporarily unavailable.. It won鈥檛 let me post a screenshot but I guess I鈥檒l just die then. Fuck them.', 'I am the worst and there is nothing I can do about it.. Rather, nothing I鈥檓 willing to do even though deep down I want to because I want to improve myself. However, I am too depressed and every little thing I do is tiring and it drains me out. I hate being alive, it鈥檚 just so painful and I want to leave the world of the living so bad. I have ideas of how to kill myself but I鈥檓 too much of a wuss to carry them out. I鈥檓 afraid that jumping off of a building will paralyze me, jumping in front of a car will screw up the innocent driver that has nothing to do with me, hanging wouldn鈥檛 work cause there is no place to hang myself from, and bleeding out sounds terrible and way too long. I鈥檝e been lost for so long I wish someone could save me.', 'I don鈥檛 want to go to school and I don鈥檛 want to work. I just want to rest and enjoy my hobbies.. I feel like killing myself because I鈥檒l never have the life I want. I鈥檒l have to finish school and then work for basic needs. I hate all of it. I don鈥檛 give a shit about society and the world anymore, they can go screw themselves. I wanna do my own thing.', 'How to tell someone I鈥檓 suicidal and want to die right now without being sent to a hospital.. I try to keep it a secret but I just can鈥檛 hold it in I just want to shout that I wanna kill myself but I don鈥檛 want to be involuntarily hospitalized. The hospital doesn鈥檛 help and I wish the stupid law would realize that keeping me safe will just make me suicidal more and I鈥檒l just pretend to feel better so I can leave and then try to kill myself again.']","💀🕳️😭⚠️🔪,💀⚠️😭🕳️,💀🕳️😭⚠️🔪,💀😭😞🕳️⚠️,💀🔪🚨😭",1
451,"[Timestamp('2021-04-19 20:36:22'), Timestamp('2021-04-20 17:46:04'), Timestamp('2021-04-20 18:53:37'), Timestamp('2021-04-22 13:39:11'), Timestamp('2021-04-28 16:05:12')]","[""Why does everyone on here wanna kill, themelves and what stops you from actually doing it?. Just curious, I feel Noone could relate to my situation but why do you guys wanna do it? What are your reasons and why do you think it'll never get better?"", 'Anyone out there that seems like they have it all but still wants to die?. Just curious, tell me more.....', ""Why do we want to commit suciide? I am trying to quantify the common reasons here by getting as many reasons as possible here?. Yeqh I'm weird. Don't ask,"", ""Anyone not want to kill themselves but feel like there's no other option?. If it weren't for my situation I would honestly want to live...... this sucks"", 'I hate when people said ""get help"" as if the help will actually change my life.... My life my hoice. Why do people who could never walk a day in my shoes feel the need to police it?']","💀🕳️😰😔💔,💀🕳️😰😔💔,💀⚠️🕳️😭😔,💀🕳️😭😔⚠️,😔💔😞⚠️🕳️",1
197,"[Timestamp('2021-01-17 17:47:53'), Timestamp('2021-01-25 05:42:54'), Timestamp('2021-01-25 14:40:39'), Timestamp('2021-01-25 19:09:32'), Timestamp('2021-01-25 23:44:55')]","['I鈥檓 going to kill myself in eleven hours when it is midnight. It鈥檚 a strange feeling knowing you will be dead soon', 'I suck. I sorta fucked myself over because I鈥檓 in my junior year and I had sort of a long drawn out mental breakdown and I failed three classes. The reason I failed is I never went to class or did any school work, I don鈥檛 think I鈥檓 that stupid but for whatever reason I never do my work. It鈥檚 not that I鈥檓 not able to it鈥檚 just that I procrastinate forever until I just say fuck it and then I don鈥檛 do it. I hate myself so much. I can鈥檛 do anything to help myself. I don鈥檛 know why. The new semester started and I鈥檓 already falling behind again. I hate myself so much. And I have no friends. That also really sucks. I don鈥檛 know if this is even coherent I just want to let somebody know that I want to kill myself. I don鈥檛 really want to kill myself though, I just flee at the slightest whiff of adversity and I don鈥檛 know why. It sounds stupid because it seems like such an easy fix. Just do your fucking work. I鈥檓 pretty sure I鈥檓 able to, I stupid but I鈥檓 not exceptionally stupid. Idk y I鈥檓 even writing this, hope it was coherent. Have a good night', 'I wish I had a gun so I could impulsively kill myself and be done with it.', 'I hate myself.', 'I am so stupid.']","💀⏳🚨🔪🕯️,💀😭😞⚠️🕳️,💀🔪🚨⚠️😭,💀😔💔⚠️,😔💔😢",1
499,"[Timestamp('2021-05-29 20:43:41'), Timestamp('2021-05-29 21:03:49'), Timestamp('2021-05-30 01:30:32'), Timestamp('2021-05-31 03:01:42'), Timestamp('2021-05-31 03:19:34')]","['It seems impossible to live with ocd.', 'How to get high. I feel ridiculous asking this but is there any way to get high without drugs? Any medication easily accessible? Anything?', 'I feel disconnected from life. I have no more desire to explain', 'Drugs. Does anyone here take medication for ocd? Could you tell me about your experience? (I know I should be posting this on but I like it here)', 'Get high. if i take some Dexchlorpheniramine pills will i get high? people say you can get high with this kind of thing']","😔💔😢,💊⚠️😰😔🕳️,😔💔🕳️⚠️😭,💊😔❓,💊⚠️😰🕳️😵",0
77,"[Timestamp('2020-07-25 02:08:29'), Timestamp('2020-08-09 00:17:19'), Timestamp('2020-08-13 07:56:38'), Timestamp('2020-08-14 19:08:48'), Timestamp('2020-08-15 05:02:34')]","['Trapped. Can鈥檛 get over that the therapist now thinks I don鈥檛 want to get better. Why the fuck did I go to therapy. I knew it wouldn鈥檛 change what鈥檚 happened to me. It鈥檚 no replacement for abandonment. Waste my time on drugs that make me a zombie. Psychiatrist hasn鈥檛 even listened for 5 fucking weeks. The drugs make me a fucking zombie. I sleep all day, I don鈥檛 get my work done. Why pay these people. It鈥檚 all stupid. This life is a hell. This life is a hell. There is no way out. It鈥檚 all stupid.', 'Already dead. Need to write my will and plan my estate. Causes me so much anxiety thinking I鈥檒l pass the pain onto other people when I go. Anyone know how I can sell all my things or who I can appoint as my Estate Executor when I have no friends or support network at all? The house of cards fell apart before the pandemic. I can鈥檛 handle the grief anymore. Everyone leaves me, everyone gets mad at me, I am sick of causing people pain trying to get better. My therapist even told me he doesn鈥檛 think I want to get better - what? The world is insane - my life is chock full of bad experiences I鈥檒l never forget. So many phenomenal people have left me that I couldn鈥檛 trust anyone again anyway. I can鈥檛 even trust myself. I need help accepting I鈥檓 already dead. My hopes, dreams, relationships. I tried so hard. Even though everyone thought I was negative, the negativity was just a symptom of me holding out hope things would get better. They didn鈥檛. They won鈥檛. It鈥檚 a toxic environment - maybe because I am in it. I want to accept my death and that I could leave without burdening my landlord with my junk to get rid of. I want to be able to leave it a fashion that doesn鈥檛 disturb my neighbors. Maybe it鈥檚 only then that I can accept a new life. I could get on a sailboat and go across the ocean.', 'I can hardly wait to die. I just get abandoned, always. This wound cuts way too deep. Whatever you do, nothing will heal the trauma. I will always remember, etched into my brain, being ghosted by the girl I fell in love with at the start of a pandemic after being bullied at work because they disagreed with my opinion on the system I designed 8 years ago, that they didn鈥檛 even know existed, that鈥檚 now funded at &gt;$2B. I will never forget my mother calling me fucking shithead kid and shut the fuck up or I鈥檒l wrap the goddamn car around the goddamn tree. I鈥檒l never forget my last two friends saying that I was starting to look real pathetic and to stop complaining. It鈥檚 all a fucking joke. I violently hate myself, my existence. I like who I am, the person I鈥檝e become. Everyone rejects me and I upset everyone. I鈥檓 not happy alone, there is no resolution. I am in too much pain, I鈥檝e been in too much pain. Even if 鈥渋t all worked out鈥? nothing will make up for this. Nothing.', 'My only comfort is the thought of death. I can鈥檛 do this anymore. Day after dysfunctional day. I achieved my goals and still am rejected by everyone. I like who I am and don鈥檛 want to change for them. I鈥檝e never enjoyed anything. I鈥檓 full of bad experiences. I don鈥檛 want to be here anymore. I desperately want to sell my things, I don鈥檛 want to burden anyone. I can鈥檛 function well enough to do that. I can鈥檛 figure out what to do.', 'Oh god this is so bad. Trapped']","💀🕳️😭⚠️😔,💀🕳️😭⚠️⚰️,💀😭🕳️⚠️💔,💀🕳️😭😔,💀🕳️😰⚠️😭",1
491,"[Timestamp('2020-12-26 12:21:36'), Timestamp('2020-12-30 12:13:33'), Timestamp('2021-01-06 07:21:36'), Timestamp('2021-01-10 12:59:48'), Timestamp('2021-01-16 05:32:00')]","['You know it鈥檚 bad when you get to the point where you don鈥檛 actually take your family and friends into consideration anymore.. It鈥檚 a bit scary.', 'Not going to make it to 21 years old. I turn 20 in 2 months. I just know that the year that鈥檚 about to come will be the year I attempt. Not sure how early or late, but it鈥檚 happening. I鈥檓 not doing another whole year of this.', 'Feel like fucking shit.. My mum is a junkie. I don鈥檛 live with her. I just came back from a weeklong holiday to find $250 of hard earned cash missing from my draws at home. She broke in and stole it. Yeah, big thanks. Happy new year. Love from your daughter.', 'Everyone says it gets better. I鈥檝e been dealing with everything for so long, years even. I鈥檓 so fucking tired. I just want to be at peace..', 'I have this fantasy. I want to be so skinny. So skinny that people notice how different I look and get worried. I鈥檓 too fat and disgusting right now, I can鈥檛 seem to get back to my restrictive ways. :(.']","💀🕳️😰😔⚠️,💀⚠️🕳️😰😭,😔💔😭⚠️🕳️,💀🕳️😭😔⚠️,😔💔😞",0
442,"[Timestamp('2020-09-20 14:12:45'), Timestamp('2020-10-01 15:37:39'), Timestamp('2020-10-08 00:36:49'), Timestamp('2020-10-08 01:13:16'), Timestamp('2020-10-24 09:28:14')]","['Attracted to younger. I always have been. Now I鈥檓 in my 40s and still attracted to teenagers and into their 20s. I have tried so hard to not be attracted, but I can鈥檛 help it no matter how hard I try. Nothing ever illegal, I am disgusted and shocked when I hear about the sick things predators do. It鈥檚 always been legal and consenting for me, I can鈥檛 even imagine doing anything differently, but I see teens and young 20s and I鈥檓 still so attracted to them, and it makes me want to kill myself. I鈥檝e had some short relationships and lots of flings, but of course nothing ever lasts because they鈥檙e young and i鈥檓 not rich. So I kind of what to kill myself because I feel like such an abomination. I feel so guilty for being such a sick fuck. I deserve to die.', 'If I harm myself will I feel better?. Maybe it鈥檚 better than harming others', 'Gonna suicide because I can鈥檛 find someone to chat to about sexy things. So fucking horny and desperate. So fucking impossible to find anyone to chat to. Fucking hate this. Why the fuck do I have to exist if no one is like me or understands me. I should just fucking die so I can stop being so fucking horny', 'Well no one gave a shit about my last post so I guess I鈥檓 gonna suicide. Stupid fucking shithouse world', 'Is anyone out there? No one understands me. Time to end everything. I鈥檓 so fucking horny and frustrated to the point where I could explode. Want to jump off this building.']","💀😭⚠️🕳️😖,💀😰🕳️😭⚠️,💀😭🕳️⚠️😫,💀😭⚠️🕳️,💀🕳️🚨😭🔪",0
148,"[Timestamp('2020-06-14 18:37:59'), Timestamp('2020-07-04 17:51:10'), Timestamp('2020-07-10 16:07:18'), Timestamp('2020-07-11 17:53:12'), Timestamp('2020-07-24 18:57:38')]","['My life is shittier than everbody that I know.. I am 17 and I just want to die, honestly everyday is just a loop of neverending pain and suffering. I am overwhelmed by everything, everything is not fun anymore, even writing this is hard for me, I have OCD, clinical depression, and social anxiety, and I just want to kill myself. I am tired of trying and fighting, and ni one really gives a fuck and cares about me. Everyone that I know has girlfriends and getting better and getting more good looking while me, I am suffering from acne, no social life, few friends and barely even talk to them, and I tried everything but nothing seems to work and it\'s because the root is my mental illnesses. No one really loved me, I live in a 3rd world country, where having a colored skin is being discriminated by a lot of people, been called a negro most of my childhood, and been abused for 2 years. Now my father is being neglectful to us and everything is falling apart and my father wont let me go back to treatment because his money matters to him more than me. I meditate, I exercise, I try to learn something new everyday, even it\'s overwhelming, I still write songs even it\'s not fun anymore, I still do music, and it\'s just pathetic that I am still trying because nothing works. The only thing that makes me alive is my mom and my 3 dogs and sister but they understand me but they cant do anything because they have no money. I know that people on social media only posts their ""highlight reels"" but I don\'t even have a highlight reel, it\'s been 2 years since I updated my facebook account and my friends are wondering why I am not posting, I know they will not understand and I said it to them but they dont give a fuck, but I cant blame them nit everyone here knows mental health and they are not mature enough to understand, I just became a people pleaser that fits in just for the sake of having friends, I lost my personality, my humor, and myself. I don\'t know if life is still for me I think I am just unfortunate and no one wants my ass to be born on this earth anyway, I am just an accident and a child of my mothers second husband that no one expected. Mental illness and society took everything from me, I just wanna die. Edit: Sorry for grammatical errors I cant think properly right now and eng is not my first language.', ""I am in the brink of giving up. I just wanna end the suffering. (Vent). I am 17, I've been diagnosed with OCD, MDD, and SAD. I am fucking tired, no one gives a fuck about what I am going thru, especially my dad, I've seen 2 psychiatrist, one I stopped seeing for some reasons, and the 2nd one just misdiagnosed me at first then give me antipsychotics that made my symptoms and gave me bad side effects like hallucinating, luckily I stopped immediately cold turkey, but it was followed by a week of hell. After that my dad have came to a conclusion that no one will gonna treat me and that every doctors out there is the same and it's up to me to help myself, I've tried, I did fucking tried, I meditate 2x a day, exposed myself, exercise all this kind of shit but my mind is keep fucking with me, maybe my chemicals and neurons are not normal out there, and need some serious rewiring. My mom understands my pain but she can't fucking do anything because she has no money and my dad has our family's possession. My anxiety and depression took away everything from me, my passion, my friends, my social life, my love at learning things, and my happiness overall, and my personality and sense of self. I am tired, I feel hopeless, I am trying everything I can do but it's not enough, been bullied by people whole my childhood, been abused mentally and emotionally for 2 years by my own relatives, living in a third world country where I am an outcast, and my dad is neglecting us, man fuck you life give me a fucking break, I think life is not meant for me, I used to love learning and love life itself, but now, I became a depressed, boring, loner, and maybe a loser that no one gives a shit about. I think suicide is the only option, I don't know man. The fuck is the purpose of life if you can't feel pleasure or rarely feel emotion besides sadness, emptiness, and anxiety. Fuck this shit man."", ""I don't know why I am still here.. I am 17, been diagnosed with OCD and multiple anxiety disorders and clinical depression, been out of treatment and meds and don't know if I am gonna get treatment again because of my ignorant neglectful father. I am just tired of hoping and trying. No one fucking cares, I think they will just care if I fucking kill myself, nothing makes me happy and I rarely feel pleasure, even my passions is now boring and everything is overwhelming. I am trying my best but I think my best isn't enough. I am isolated especially this time of quarantine, almost everyday I am thinking of ending the pain and killing myself, I am tired of fighting whole my life I am fighting I am just tired, fighting abuse and bullying and discrimination. I am just tired. I just want to be loved, I just want to have somebody to understand me, who cares about me, but I ma just fucked up and no one likes a depressed boring person. I am still here because I am still hoping that someday life will get better but the mental pain is just unbearable to this point. I hope I don't kill myself long enough to see my kids and have a beautiful wife family and become a musician but with this state I am in that's far, it's like trying to climb mt everest with a broken arms, bad analogy but whatever. I am just fucking tired."", 'Please fucking kill me already why keep on torturing me just fucking take my life.', 'I\'m thinking of killing myself until I saw my mom crying.. I am 17 years old, living in a third world country, have been bullied and and discriminated, abused whole my life, suffering from OCD, social anxiety, and clinical depression, to make matters worse I am out of treatment because my dad thinks it\'s a waste of money because he thinks that I am just making this all on my head. I just wanna die and I am suffering everyday mentally. I have a few friends, some of them I\'ve been friends since first year of middle school and I think they are real but they tend to use me or treat me bad becausd I am a ""yes man"", and when there\'s no school just like right I rarely talk to anyone besides my family, because of my really bad social anxiety. I think I am handling my situation decently, I taught myself many things like guitar, english, and many things despite learning is overwhelming for me I persevere many times. But it aggravated my mental health. I meditate and workout 3x a week, I think I am doing everything to help myself, but it\'s all temporary relief from my symptoms There are so many nights that I just want to kill myself, like everyday, I feel like no one gives a crap about me, plus my dad is neglecting me and my family and he\'s giving not enough money to us, plus I think both my mom and my dad had an affair to other people, and they blocked each other which give a lot of pressure to me to handle and to deal with my father because he no longers talk to my mom. My life truly does suck. Plus I always feel agitated and restless and everything is just not pleasurable at all. But I still enjoy movies but my other things is just meh. Today I just want to end it all, then I go to the kitchen I saw my mom crying, I asked her why is she crying, what happened, she said that she\'s talking to my half-sister, and saying that she should keep on fighting and be strong for me and my little sister despite my father neglecting and treating us shit. I tried my best to comfort her. I realized that my mom is battling for me, she is struggling and working her ass off to just give us enough money, and she is doing everything and she is neglecting herself and putting us first above anything else. I realize that I\'m not gonna give up, I\'m gonna fight and overcome all of this, not for me but for my mom and sister because they are fighting for me, I should fight for them, and if I kill myself I feel like my mom would not handle it, and I don\'t want that to happen, I would die for my mom. Please keep on fighting guys, I am fighting with you. I don\'t know if someone will gonna see this but I just want to vent and let my feelings out, and maybe help someone to remind them to keep on fighting, not only for themselves, but for their love ones too. (Sorry for my grammatical errors)']","💀😭⚠️🕳️,💀😭🕳️⚠️😔,💀😭🕳️⚠️😔,💀🔪😭⚠️,💀😭⚠️🕳️💔",1
197,"[Timestamp('2021-01-26 02:42:03'), Timestamp('2021-01-29 04:28:14'), Timestamp('2021-01-29 19:23:25'), Timestamp('2021-01-29 19:57:35'), Timestamp('2021-01-30 03:55:07')]","['I want to die I hate myself so much.', 'I wish I had friends so badly. I wish I had friends that would do fun things with me, I wish I had a girlfriend, and most of all I wish I had the willpower to overcome my laziness so I can get out there and follow my dreams. I sit in my room for days on end daydreaming, daydreaming about things that I could be doing in literally five seconds. I daydream about painting, reading, writing; I have paints, canvases, paper and books. Why can鈥檛 I do anything? I sit in front of the computer screen with my homework up, writing an essay in my head that will never reach the page. For literally a year I鈥檝e daydreamed about getting my temps; the Bmv is at the corner of my block. I think about running when actually running is a door and a hallway away. I have friends in my mind. There is this girl I saw a while ago in passing and she was absolutely beautiful. I鈥檝e created a personality for her. In my mind we have a deep, complex, ideal relationship. I don鈥檛 even know her name so I gave her one. I think I鈥檓 making progress in my life, I do more things with each passing day, but the improvement is moving at a snails pace, I can鈥檛 afford to continue to have my life drowned out by passivity and mediocrity. As I write this I realize that I don鈥檛 want to die鈥?I want to live, and my suicidal ideation stems from the shame I have of not being anybody. This is probably where I should end it, but I want to write about a few more things I鈥檇 like to do. I love politics. I鈥檓 very politically conscious and I want to be an activist, I have ideas of how I could change the world for the better鈥?but I didn鈥檛 even attend a George Floyd protest. I don鈥檛 have the temperament to be a leader, hell, I don鈥檛 have the temperament to function in life; everything is overwhelming. I鈥檝e failed three classes in high school. I don鈥檛 think I鈥檓 that stupid, I scored well on the psat and all standardized tests I鈥檝e taken throughout my life. Now I know that these don鈥檛 measure intelligence very accurately but I鈥檝e consistently scored in the 90th percentile or higher and I can鈥檛 tell if it鈥檚 the excellent school that I attend or if I鈥檓 actually not dumb. I feel so stupid. I feel constantly out classed by my peers, and I am intimidated by them. I don鈥檛 know what I am trying to achieve by writing this novel, but if any of you have found yourself in a similar predicament where you don鈥檛 act on your dreams please give me your advise (especially if you鈥檝e gotten out of this rut). Sorry I wrote a novel Tl;dr: I鈥檓 lazy as hell and I can鈥檛 escape my laziness. Seeking advise.', 'I鈥檓 retarded.', 'I failed three high school classes and now I probably can鈥檛 go to university. I want to die', 'Sometimes I just wish I stopped existing.']","💀😭😰⚠️💔,💀😔🕳️⚠️😭,😔💔😢,💀😭😞⚠️,💀🕳️😭😔⚠️",0
499,"[Timestamp('2021-06-27 02:50:37'), Timestamp('2021-06-28 01:01:43'), Timestamp('2021-06-28 01:30:32'), Timestamp('2021-07-01 04:39:04'), Timestamp('2021-07-03 00:57:09')]","[""Every decision i take it's a fucking mistake."", 'why did i have to be born being me?.', 'Gonna use tramadol..', 'Which song expresses you or expresses well what you feel.', ""Trying to die. Is it worth trying? I mean, trying to die. Because sometimes I want to try even though I know I probably won't make it. Because maybe i'm not ready or something like that but sometimes the attempt keeps hanging in my head but at the same time i don't want to try and fail because it can create chaos that i won't be able to handle.""]","😔💔😞,😔💔😢🕳️,💊💀⚠️😰🕳️,😔💔😢,💀🕳️😰⚠️😭",0
135,"[Timestamp('2020-11-02 04:23:08'), Timestamp('2020-11-28 22:45:18'), Timestamp('2020-12-15 18:21:43'), Timestamp('2020-12-18 16:09:12'), Timestamp('2021-04-04 21:56:29')]","[""Nothing gets better. Everything is hopeless.. It doesn't matter what happens on Tuesday. Everything will still be shit. I just want off this shithole of a planet that we have fucked up. No one can ever love me because I'm too flawed. Existence is pain. Existence is evil. I cannot wait for this world to end or for myself to die. I'm afraid of eternal punishment but feel completely without hope. I wish I could be abducted by aliens and go on adventures with them."", 'No one can do anything about the suicide and depression epidemics in any country.. Its hopeless. There is nothing anyone can or will do.', ""I dont want to live in a world void of meaning.. Atheism isn't the answer for me. I'm already depressed af and I think that would only make things worse. I'm on the spectrum and am receiving no help for anything other than the limited help that my family can provide since they don't understand. I'm bi but religious so I cant pursue men. If I did I would be rejecting the only possible meaning for my life. I don't believe that women can love me because I feel fundamentally inferior to others and too flawed to be loveable. I just want everything to end."", ""I just want to go where I belong.. I just want the pain to end. I don't belong here. I cant be loved by humans because I'm not like them. I want to go where there is no pain, hatred, ableism, depression, racism, or any other kind of shitty thing. I want to go where there are lots of small fluffy birds to pet. Where everyone is nice to and loves animals. I know I'm afraid of spiders and other creepy crawlies but they should be there too. I've been here too long. The only problem is that I just don't want to go downwards. Unless there is nothing after then I just want to go as soon as possible."", ""Im giving myself 10 more years.. Im in a group counseling program for 3 weeks and im heading into my last one. Then im back to my shitty fucking life. Nothing I've said in the sessions made any difference. I still need to die. Im just nothing but a stupid, retarded, incel. No one could ever love me because I'm too flawed. Nothing matters any more. I just want to leave. Fuck this world. If nothing is better in 10 years then im done. I was going to wait for my parents to die but that might take too long. I just need to get out of here as soon as possible.""]","💀🕳️😰😭⚠️,💀🕳️😰😔💔,💀🕳️😭😔⚠️,💀🕳️😭⚠️🌑,💀🕳️😭⚠️😖",1
282,"[Timestamp('2020-11-13 10:49:34'), Timestamp('2020-11-15 12:18:36'), Timestamp('2020-11-20 08:37:20'), Timestamp('2020-11-21 13:18:20'), Timestamp('2020-11-27 15:06:54')]","['We live in a world where the predators will always win. It鈥檚 survival of the fittest. Natural selection. We鈥檙e all a bunch of evolved bacteria that have managed to develop sentience and it鈥檚 all chaotic and meaningless. We like to come up with religion because it gives us a sense of meaning order and control but it鈥檚 all just delusions. Lately I鈥檓 starting to see therapy and 鈥渢rying to get better鈥?in a similar light. It鈥檚 all just lies we tell ourselves. Hope, faith shit like that, it all gets religious eventually and positive thinking is exactly the same. 鈥淛ust keep on fighting, think positive, it will all pass, meditation, exercise, gratitude, hobbies bla bla bla bla....鈥?I don鈥檛 think we actually get better. I think we鈥檙e all flawed as nature is flawed. We鈥檙e like broken toys that we鈥檙e built broken with the purpose to suffer. But the worst part is that we lie to ourselves with any and every opportunity we get about what our reality really is. And it鈥檚 all stupid.', 'It鈥檚 all a stupid joke. I鈥檓 at a point where I really don鈥檛 see anything in life worth living for. All of it is so pathetic. A society full of fake people trying to step on each other to get ahead. Families where abuse runs rampant because they can get away with it. Every relationship regardless of the kind, consists of a parasitic taker and a sad pathetic pushover giver. It鈥檚 a world full of sadistic predators and weak prey. And worst of all everyone likes to lie about our reality because it makes us feel good to think of ourselves as a species as better, to give people the benefit of the doubt because we like that delusion. I know that when I die, people won鈥檛 give a shit, the narcissists in my family will use this as a golden opportunity to suck pity out of everyone around and gain attention. They will bad mouth me to elevate themselves, they will say I was mentally unstable and deny all they鈥檙e sadistic abuse, all the while cry about it and pretend they鈥檙e good people. My abusive ex will get the ultimate ego hard on from it, 鈥渙h wow she was so crazy over my godliness she committed suicide, I must be amazing鈥?But I cant even bring myself to care about any of that. Existence is such a gross pathetic joke. Why are we all even here', 'I feel cold in my soul. Been feeling it for as long as I can remember now. And it鈥檚 not going away How do you stop it', 'Today I heard a therapist say 鈥減eople with mental illness rarely actually get better鈥? And then it all made sense', 'Anyone think suicidal people can help other suicidal people get back up?. lately I鈥檝e found that it鈥檚 only fellow suicidal people I can connect and be true with. No one seems to understand depression, debilitating anxiety, a nervous breakdown, hopelessness, despair... People just see you as a loser and outsider with no role in society and it makes you feel all the more isolated and rejected. I have wrestled with the thought of wether I can and will really go through with suicide or not for what feels like years now and I keep coming to the conclusion that I can鈥檛 do that to my family. It will destroy them, even though they鈥檙e toxic. But no matter what I try it seems impossible for me to get back into normal life and connect with people again like I once was able to. So it makes me wonder, How do other people here feel so you think having suicidal friends in real life would bring solace in the sense that you get each other and have each other鈥檚 backs?']","💀🕳️😭😔⚠️,💀🕳️😭😰🌑,💀🕳️😰😔😭,😔💔🕳️⚠️😭,💀😔🕳️😭⚠️",1
499,"[Timestamp('2021-05-26 22:14:22'), Timestamp('2021-05-26 22:15:56'), Timestamp('2021-05-26 23:31:26'), Timestamp('2021-05-26 23:38:01'), Timestamp('2021-05-27 01:03:41')]","[""Theraphy isn't helping at all."", 'Medication. someone here who takes medication for depression/anxiety/ocd can tell me about their experience with them', 'Hi.', 'Someone who wants to talk about random stuffs?. I just want to scape from my mind', ""Ocd. Someone who understand something about ocd or anyone actually could please help me understand my mind i'm going crazy""]","😔💔😢,😔💊⚠️,😔💔😢,🕳️😰😔⚠️,😔😖😰⚠️",0
20,"[Timestamp('2021-07-08 20:02:06'), Timestamp('2021-07-09 00:04:09'), Timestamp('2021-07-09 08:13:26'), Timestamp('2021-07-10 21:31:16'), Timestamp('2021-07-10 22:44:10')]","['I鈥檓 so overwhelmed by everything ; (. Having depression, anxiety, paranoia, HPD. It鈥檚 overwhelming, I feel so weak. Will I ever be good enough.', 'I don鈥檛 want to live anymore. It鈥檚 just too much, I鈥檓 not strong enough, I鈥檓 too weak, I鈥檝e failed.', 'I鈥檓 feeling really down and worthless ; (. I wish I was good enough, I always feel like I have to prove myself ; (.', 'Someone is sending me awful comments on my YouTube channel ; (. I told him to stop taking advantage of me so now he鈥檚 constantly harassing me and sending comments on my YouTube channel. It鈥檚 embarrassing because he鈥檚 15 and I鈥檓 19. I鈥檓 supposed to have grown a spine by now.', 'I wish I was stronger, I can鈥檛 even handle being bullied over the internet ; (. I鈥檝e been sent a bunch of rude comments by someone I used to know in real life but cut all ties with. Now he鈥檚 harassing me and everything, I鈥檓 sick of this.']","😔💔😢😞⚠️,💀😭😞⚠️🕳️,😔💔😞,😔💔😢,😔💔😢😞⚠️",1
20,"[Timestamp('2021-07-02 23:12:44'), Timestamp('2021-07-04 03:50:34'), Timestamp('2021-07-04 05:44:52'), Timestamp('2021-07-04 05:59:04'), Timestamp('2021-07-04 19:34:50')]","['I need help ; (.', 'I want to kill myself because I鈥檒l never be good enough!. I鈥檓 not good enough for my parents, I鈥檓 not good enough for school, I鈥檓 not good enough for anything. My employer for my new job literally said to me that my mental health issues are all made up and imaginary, they knew I had problems yet they screamed at me and treated me like a nutcase. I was serving apple juice, filling the place up with cheese and ham, taking dirty plates (I work at a hotel). I鈥檝e never felt that worthless and expandable in my life, the employer kept mentioning someone else who was coming tommorow, this was more of a test they鈥檒l probably kick me out once they realize who worthless I am.', 'I need someone to talk to I鈥檓 feeling suicidal. I just need someone, anyone. Please help', 'I want to die!. My moodswings, chest pains, panic attacks, personality disorders. The world will forever see me as a freak. The only time they don鈥檛 is when I act like I鈥檓 normal and play guitar, then they give fake smiles and validation, but why do I always have to prove myself then?', 'I鈥檓 too needy I鈥檓 too much of a burden I deserve to die!.']","😰😔⚠️,💀😭🕳️⚠️😔,💀😰🕳️😭,💀😰🕳️😭⚠️,💀😭⚠️💔🕳️",0
426,"[Timestamp('2021-03-08 16:35:41'), Timestamp('2021-04-02 16:11:23'), Timestamp('2021-04-02 16:12:14'), Timestamp('2021-04-02 16:12:37'), Timestamp('2021-04-02 16:13:30')]","['someone talk to me please i need someone to talk to.', ""it's not fucking fair."", 'i might as well fucking kill myself if no one can even be there when i need them to.', 'everyone is only fucking lying to me.', 'i dont want to stay alive for another day anymore.']","😔💔😭⚠️,😔💔😢,💀😭🕳️⚠️,😔💔😢,💀😰🕳️😭⚠️",0
109,"[Timestamp('2021-05-14 21:33:15'), Timestamp('2021-05-16 18:29:01'), Timestamp('2021-05-24 16:37:00'), Timestamp('2021-05-24 16:38:49'), Timestamp('2021-05-31 03:21:30')]","['Parents aren鈥檛 home for 3 days, thinking this might just be the perfect time to end it all, at-least I should be gone by the time they get back. All my problems well be gone for once, I won鈥檛 be so stressed out that all I think about is suicide. I feel so numb everyday..', 'Life is to long for me, I鈥檓 only 20 and each day feels like it just takes forever, I don鈥檛 know how people just slave away for 40-60 more years of living? I just don鈥檛 understand it?.', 'Work work work work work work work, it鈥檚 all what matters. If you don鈥檛 have a job, you can survive? I can鈥檛 keep a job or nor do I want to or even be alive. BUT I JUST CANT KILL MYSELF OR GET OUT OF THIS RUT.. I DONT KNOW WHAT TO DO, IF YOU DONT HAVE A JOB YOU HAHE NO INCOME TO DO ANT-THING. I can鈥檛 keep a job for my life and it doesn鈥檛 help how I just want to be dead instead. Idk what to do anymore I FEEL STUCK AND JUST PUTTING MY PARENTS IN A WORSE POSITION BY LIVING OFF THEM... Why isn鈥檛 is easy to kill your self? Why can鈥檛 I just inject my self and have a peaceful death in a couple minutes?', 'Work work work work work work work, it鈥檚 all what matters. If you don鈥檛 have a job, you can鈥檛 survive? I can鈥檛 keep a job or nor do I want to or even be alive. BUT I JUST CAN鈥橳 KILL MYSELF OR GET OUT OF THIS RUT.. I DONT KNOW WHAT TO DO, IF YOU DONT HAVE A JOB YOU HAVE NO INCOME TO DO ANT-THING. I can鈥檛 keep a job for my life and it doesn鈥檛 help how I just want to be dead instead. I don鈥檛 think I鈥檓 lazy or maybe I just I鈥檓? But that dosnt matter since I just wanna be dead lol Idk what to do anymore I FEEL STUCK AND JUST PUTTING MY PARENTS IN A WORSE POSITION BY LIVING OFF THEM... Why isn鈥檛 is easy to kill your self? Why can鈥檛 I just inject my self and have a peaceful death in a couple minutes?', 'Nobody cares. Someone: 鈥淗ow are you? Me:鈥漃retty good or not bad鈥漇omeone: 鈥渢hats good鈥?But deep down I鈥檓 not good everyday I lie to everyone and tell them I鈥檓 good but I just wanna die ever second. If I tell someone I鈥檓 depressed they stop talking to me or they just don鈥檛 care witch I understand so I act like a fake person 24/7 who is doing fine in life but I鈥檓 really not. I can鈥檛 stand lying to everyone, it鈥檚 getting to me they maybe I should just kill myself soon. I鈥檓 tired of living. Everyday I can鈥檛 get break from wanting to be dead. Nobody understands me when I tell them, they just say it apparently just gets better? But nothing does tho? I don鈥檛 understand it, it鈥檚 like they want me here so they can be happy? Right? I just want to be dead why is that hard for someone to understand? My parents don鈥檛 bother even talking to me anymore for some reason, all my friends have just faded out my life, I don鈥檛 even enjoy living.. I don鈥檛 know anymore.']","💀🕳️😭⚠️🚨,😔🕳️💀,💀😭🕳️⚠️💉,💀🕳️😭⚠️,💀😭⚠️🕳️😖",1
145,"[Timestamp('2018-06-16 03:13:45'), Timestamp('2018-06-21 16:19:07'), Timestamp('2018-07-09 16:50:18'), Timestamp('2018-07-23 15:44:22'), Timestamp('2018-07-28 06:49:21')]","[""Everything is hopeless. So many posts here of people suffering. Many don't even get answered. It's making my head spin. None of this is fair. I used to get intense suicidal feelings all the time, that matched the depression. The years have gone by and I've finally come to the conclusion that life can't be worth living anymore. I'm in my 20s with no money, can't seem capable of working or going back to school or doing anything. Every day is the exact same. I just breakdown all the time and stay in bed, getting up only to smoke. This is not a life I can live anymore. I've tried treatments and counseling, nothing works. And I've lost my friends and everything I used to love in life. I know what I want now. It's only a matter of time."", ""Forced out of the house last night for my own health. I can't take my parents anymore. They are handling my mental issues in all the wrong ways. They're trying to spend all this money on treatments for me that don't help and then I experience so much guilt about that. I tried vocalizing this to my dad last night and he got furious like always. He yelled at me calling me worthless, a parasite, a leech. Said that there's no way I could care about anyone other than myself when I do so little every day and have been living off them for so long. He keeps saying that at this point I'm going to be in a group home or mental institution soon. I had to take a walk just to cool down because I was breaking down so hard. I was contemplating just jumping off a bridge or something. I don't know why I'm still here."", ""I didn't want to die. Years ago. When the depression and all of my issues were somewhat manageable. But I haven't done a single thing with my life in so long. I'm just not capable. I do want to die now. I know it. There's no hope. I have zero support in my life. Everyone has left me. If I look at contacts on my phone or online they are just people from my past that I used to know. I have tried to get help but nothing works. I just get worse and worse in how I act and display myself but I can't help it at this point. The cycle is never ending. This summer has been the worst I've ever been. I get closer to doing something drastic every day. In the past I would say please, someone please reach out to me. But nothing ever sticks. Nobody wants me. I've completely given up at this point. The only step left is ending it for good."", ""How much longer can I make it like this. Another day breaking down nonstop for so long. Another awful headache. Still can't even get up. I want to figure out how I can finally leave this dreaded, painful, exhausting existence. It's all I want at this point. There are people that keep me here but I physically and mentally cannot live like this any longer."", ""This week is going to kill me. Wishful thinking I guess. I'm out on a road trip with family and I am hardly getting by. I have been so stressed and look so ridiculously sad to everyone and there's just too many people for me. I'm losing it. I've had two breakdowns today. The one just recently I was texting my best and pretty much only true friend. I haven't met her but she's everything to me and I'm ruining it and hurting her like I do everyone in my life. I cannot get over my love for her. I'm so desperately alone and all I want in life is to be with her. She doesn't feel that kind of love for me and has said it over and over. I'm pushing her away now. I told her to tell me how she felt honestly and she said it worries her and tires her. I think I may stop texting her for her own good. Right when she sent me that my family was going to a bar party and they convinced me to go. I have no idea why I went. They were hanging out with other athletes and I didn't know anyone. I sat outside for so long crying. I stared at her message forever. I started breathing super hard and had a panic attack. I was close to dropping my phone and wallet and walking off alone to hopefully die. I keep getting closer and closer to doing something drastic. The suicidal thoughts are so strong. I've tried so much for help and nothing works for me. To make matters worse the only thing that slightly helps is weed and I'm in a legal state and at a legal age but since I'm with family the whole time and they hate it and I can't drive myself, it's not even an option. Too much has built up to lead me to this point and my past vividly haunts my everyday life. And I'm losing the one thing keeping me alive. I always say that there's only so much I can take but this time I truly mean it.""]","💀🕳️😭⚠️😔,💀🕳️😭⚠️🌉,💀🕳️😭⚠️,💀🕳️😭⚠️😖,💀🕳️😭⚠️",1
60,"[Timestamp('2020-10-23 04:28:42'), Timestamp('2020-10-23 16:03:26'), Timestamp('2020-10-23 18:11:56'), Timestamp('2020-10-24 02:40:43'), Timestamp('2020-10-24 02:44:06')]","['I need someone to talk to. Please', 'Depression or a medical condition?. I have 3-4 hour long naps and idk why', ""So many emotions at once. Idk how i'm feeling"", 'Hmm. Do you ever feel so numb you could be insulted or harassed and not care? maybe i deserve it', 'Hmm. Completely numb no positive or negative emotions no empathy']","😔💔,😔😴😕,😔😰🕳️,😔💔🕳️😭⚠️,🕳️💀😰😔⚠️",0
266,"[Timestamp('2020-07-11 20:42:35'), Timestamp('2020-07-15 17:07:51'), Timestamp('2020-07-16 23:05:07'), Timestamp('2020-07-18 11:59:02'), Timestamp('2020-07-24 00:21:58')]","[""I will never have the life I want. I just want to escape this cruel world. There is too much pressure to succeed, and now that I am trying to go back to school that pressure has expanded twofold. There is never any time for anything anymore. Hardly any time for sleep. Only work and school. And the worst part is that I don't even want to do any of this shit. I say I want my degree but that's only because I am deeply paranoid I will never get a good white collar job without one. But the truth is I don't want to learn anything. Studying fills me with an intense rage that I find difficult to quell. The necessity to continuously be learning from minute to minute, hour to hour, to constantly be studying, to have to be constantly building on skills that I am petulantly angry to have to use in the first place... I should have never spent my money on this shit. Now I have no choice but to eat the dirt if I don't do well in these classes. I'm just trying to get financial aid, but if you were a bad enough student in the past you are disqualified from receiving FAFSA aid. If I don't do well in these classes than I will be so much further down the hole that I can basically say goodbye to federal student aid at this college, and I'm just not willing to do what is necessary to fight for my education. Not willing to move. Not willing to commute. Not willing to go someplace far away. I don't want to do anything anymore except sleep and play video games, and I have not touched a video game in a long time. But just indulging a little bit is not enough. I want to escape. I want a total and utter escape from existence that never ends. Every day it becomes more clear that the only way I will ever get to have that escape is if I rip my life away from myself. I will surely be desperately begging not to go when the process of slipping away begins, but I do not have a choice if I cannot face the realities of life. I do not have the strength to go on. I do not have the strength to keep working. I feel like I am working myself to death. The idea that this is all for a better future rings hollow to me. I don't want that future. I don't want more responsibilities. I don't want to become more skilled. I just wish there was an easier way off of this planet. I'm too weak to make the decisions I need to be making. Too weak to to do anything. I was never meant to be successful in life. I am too dead inside, too tired, too unmotivated, too put off altogether by the feeling of being motivated in the first place. I am so full of worry and anxiety, and there is nothing on this Earth to make the suffering worthwhile. The suffering in life is constant. I never have any time for myself anymore and I never will. There is never any relief from the suffering. There is too much work to be done. I don't want to go back to it anymore. I'm so very tired. I don't want to make an appointment for my car. I don't want to keep looking for a better job or fill out another application or cover letter. I don't want to speak to anyone. I don't want to read another page out of a textbook or be tested on anything. I'm so tired. I don't want to run my laundry or clean anything. I just want to sleep."", 'The truth is I would rather die than truly apply myself. And I would rather die than have to live with the consequences of inaction and failure.', ""Quitting while I'm ahead. I've had a lot of sobering thoughts about life the past couple hours. The more I reflect on what my life must consist of moving forward, the more peace I feel in closing my final chapters. I used to want the experience of life to end out of frustration or anger. Now I see that I've gotten the only thing I ever really wanted out of life, and that it would be a treat to allow myself to pass. It is a thing that would probably be very strange and incomprehensible to most people, but I got it. It has been the only motivation for me to keep going. Now that I've experienced it several times now I'm ready. I feel like to enter into my final sleep now would be quitting while I'm still ahead. I have not really ever had to pick and choose what to do with my life in order to support myself. I have avoided growing up for a very long time. It is clear to me just how difficult life is going to become, how difficult it must become, once I leave the nest. I feel a great peace in knowing that I can put an end to it all on a positive note. Like quitting during the calm, instead of enduring an endless storm. Perhaps a lack of confidence underlies my thinking, but that does not change the fundamental truth of the matter. I see the end and I feel a great peace wash over me, instead of a petulant anger. I was never meant to truly grow up. To become a man. And I don't intend to. The real independent life we all must lead is not in my destiny. I feel no shame in admitting that. I don't want to really grow up. I don't think I ever did. Instead I can have my peace."", ""I know how to do it I just need the resolve to follow through. I'm done with life. There is nothing good about waking up in the morning. There is nothing good about having all of these things to have to accomplish each day and having to put myself out there. Trying to find a place to live, trying to schedule car maintenance, trying to keep up with school, saving my money, not smoking weed all the time. It is all useless. In some cases I do not have the courage, in other cases I just want to forget that the problem exists entirely. I don't get enough sleep anymore. I'm not willing to live this life. I'm not willing to deal with just getting whatever sleep is available to me and then having to trudge through the day regardless. I'm sick of my position, of only being able to afford a certain amount of food every month. And I'm so, so tired of just having time on my hands. I'm tired of it all. There is no rest. I just don't want to live anymore. I don't want to live an existence where I have to spend the time I have doing the things that need to be done instead of just completely escaping from life for just a few hours or really whenever it's possible. That's all I want is to escape life. I don't want to live life. I want to escape it. I don't want to spend the hour before I have to go into the office meditating, or practicing the guitar, or studying the material that I am behind on, or doing some kind of excersize now that I have the opportunity. I don't want to spend it signing up for a website to find roommates. I don't want to spend it cleaning up my space or doing laundry. I don't want to spend it researching how to fix my car. I don't want to spend it trying to figure out how to make more money. I just want to escape. The thing is, when I get home from the few hours I have to be in the office today, I don't want to get back to doing any of those things. I want to get back to doing nothing at all. I don't want to live life. I don't want to live life. I don't want to live life. I don't want to live life. I don't want to live life. I don't want to live life. I don't want to live life. I don't want to live life. I don't want to live life. I don't want to live life. If only I had the complete courage and resolve to let myself hang on the belt tied around my closet door handle. If only I had the courage to just let go and let it be. If only I was able to accept the end of an experience I will never enjoy. Life's challenges are always a source of pain. Life's challenges are just a source of deep misery. You might think I want everything handed to me... I don't know. I would reflexively deny that, but perhaps it is true. It's not an idea worth exploring, because even if I did want everything handed to me I would never ask or demand things from other people, who I am generally not confident enough to be involved with in any meaningful way. I don't believe anything better or worse comes afterwards, just nonexistence. Nonexistence is better than existence. I think back to what it must have been like before I was born. To no longer perceive. To not longer think. To no longer have to do anything. Just an eternal nothingness. An eternal rest. An eternal peace."", ""I don't want to work anymore. I don't want to wake up tomorrow and have to work again. I don't want to wake up tomorrow and have more school work to do. I don't want to wake up tomorrow and have things I need to do. Even if I got a full right hours of sleep I do not want to. I just want to squat in an abandoned building and get high until I run out of money. But that would require a sort of courage to let my comforts go as well. There is no winning when wake up again. I just want to go to sleep one last time and never have to wake up to world ever again.""]","💀🕳️😭⚠️😩,💀😔🕳️⚠️😭,💀🕳️⚠️😭🌑,💀🕳️😭⚠️🛏️,💀🕳️😭⚠️😴",1
76,"[Timestamp('2021-02-25 01:33:29'), Timestamp('2021-03-17 01:54:01'), Timestamp('2021-03-29 11:52:30'), Timestamp('2021-06-09 23:46:54'), Timestamp('2021-06-15 01:10:25')]","[""My blood lacks so much iron, it dosen't even taste like it anymore 馃槀. I forget to take my meds"", 'FUCK FUCK FUCKKKK, FUCK EVERYONE AND FUCK MYSELF.. I\'m going fucking insane. Fuck People, Fuck Relationships, Fuck Friends. I will piss them all off and antisociolaze till I have NO ONE. AND WHEN EVERYONEVWIL HATE ME I KILL MYSELF. NOTHING CAN FUCKING HELP ME. EVERYONE TELLS ME THIS WORLD WILL BE BETTER WITHOUT ME. BITCH ALL I DID IN MY LIFE WAS TRY TO HELP YOU. Fuck school, fuck society, fuck people who love me but don\'t understand me. Fuck people who will put me away when they don\'t understand me. FUCK FUCK FUCK, IM SO FUCKING ANGRY BECAUSE I MESSED EVERYTHING UP. MY CHILDHOOD WAS THE PUREST THING AND I KILLED MY MEMORIES OF IT. FUCK MY MEMORIES WHY DO I FFHJWKDKFNDKEK REMEMBER ONLY THE PAINFUL STUFF. YEE YEE FUCK OFF. I don\'t care about your stupid fucking opinion. YOU ARE WRONG. ""EvErYtHinG wILl gEt bEtEr"" NO THE FUCK IT WONT! I will kill everyone if I don\'t kill myself. And don\'t even give people that stupid suicide hotline number. Those fucks send the police to your home. Just leave me alone. I\'m not Typing all this for you. I don\'t want to die, I just want to be happy. But I have no fucking choice. Everything I love is disaoearing. FUCK SPELLING FUCK ENGLISH FUCK ME. GOD FUCKING FUCK. Somebody count how many times I\'ve said FUCK. im insane hahahaHaHaHAHA but other insane people won\'t care. My Birth was an error. God damn im Woeful. Death Death death, life is torture. I wish I loved myself more than others. Someone help me out and kill me.', 'Many people dont understand self harm, they ask ""but why would you do that?"" I Rather Be In Extreme physical pain than one more second the way i feel right now emotionally.. Everyone you ever met will once betray you, and it\'s insanely hard when you loved them with your whole heart. At least regular distractions and imaginary places and characters help.', 'Help.. Saveme', ""I can't just die now, can i? 馃槫馃槖馃ゴ. Fucking SUCKS, when people suddenly care for you when you are hanging over the edge. Where tf were you when I NEEDED YOU! it's too late now, and I will make you hurt.""]","💊😔⚠️,💀🔪🕳️😭,💀🕳️😭😔💔,😰💀🕳️😭,💀⚠️🕳️😭🔪",1
232,"[Timestamp('2021-06-19 04:47:20'), Timestamp('2021-07-03 02:48:24'), Timestamp('2021-07-03 22:03:23'), Timestamp('2021-07-22 22:03:55'), Timestamp('2021-07-23 11:17:04')]","['I鈥檓 dead. Or as far as I鈥檓 concerned I may as well be Im dead in my head Some sick fantasy of mine I hate when other people hurt But with me I want it full force Every day is a battle not to do it I should do it I don鈥檛 even feel anymore I feel dead I feel numb I feel fucking crazy and want to fucking die already Let me just die', '.. It鈥檚 easier to start at the bottom and work my way up. That way I鈥檒l get a feeling for depth so I鈥檓 sure to finish off the job. I鈥檒l be sure to use a sharp blade, so it hurts less and finishes more quickly Because I鈥檓 a wuss lol But maybe I should use a dull one, because the more suffering the better. In the end the result will be the same. It鈥檚 just a matter of how much pain I feel like putting up with today. It鈥檚 been awhile, might have to sample both. How would I know? Fuck everything, I鈥檓 really not okay鈥?I don鈥檛 want to be alive anymore.', 'I鈥檓 going to sleep before I do something stupid. Everything hurts and I鈥檓 just really over this fucking life', 'How did we end up here again?. Like seriously what the fuck is even happening? Why the fuck is it so difficult to get through to you about what I actually want? Do you need me to set myself on fire before you actually believe me? I feel like I鈥檝e lost the love of my life. I just want to spend my fucking life with you. Why is that so hard for you to believe? I鈥檝e said it over and over and over and over again. Yet you keep going back to this one thing. It鈥檚 so fucking unfair. Can you not fucking see what this has done to me? Do you not realize I鈥檓 not fucking okay? I鈥檝e given you more than enough time, this is fucking ridiculous It鈥檚 not going to be infinite You鈥檙e taking awhile, I hope you choose your response to my last messages wisely At the very least, tell me you don鈥檛 want me anymore so I can at least have some closure It鈥檚 6pm, I鈥檓 setting an alarm for tomorrow morning Hopefully I never wake up I can鈥檛 do this anymore', 'It hurts to be alive. Just fucking tell me I want to die I don鈥檛 want to be on this planet anymore']","💀😭🔪🌑,💀🔪🕳️😭,💀😰🕳️😭⚠️,💀🕳️😭⏰🚨,💀😭🌑😔",1
371,"[Timestamp('2020-10-10 00:06:57'), Timestamp('2020-10-28 03:25:01'), Timestamp('2020-11-13 05:29:08'), Timestamp('2020-12-28 00:43:03'), Timestamp('2021-02-19 18:16:58')]","[""Hopeless Struggle to Exist. [ ]( ) Yesterday, the girl that told me yes to seeing movie today, sent me a text saying she changed her mind, because I was a stranger. I couldn't function yesterday after waking up to this message, I can't fucking function right now."", 'Alone, Lonely, Tired. Who cares, staring at this city, full of people, just waiting for us to disappear. Nothing but skin and bones. How the fuck am I still here?', ""Extended duration before NOTHING. Was out and met a girl that started talking to me, we shared similar interests. Towards the end of the night she her arms around me, talking about how she was with me. I figured she was drunk. Why the fuck would anyone love me? It felt nice despite close family dying, and trying to help other family members with medical bills. Today I went out to where this girl worked, and she ignored me for most the night, aside from when I reached out to get her attention just to say thank you for inviting me. She said, no problem, and for me to enjoy myself while there. She then left me alone again and went back to talking some co-worker. Who gives a damn, who loves me? Who fucking cares while I reach the end of my fucking rope here. None of you fucking give a rats ass, you're just waiting for me die. FUCK YOU."", 'Years, ending this one.. Losing this fight as the year end gets closer. Fucked my foot up trying to be outside, living outside my head and the confined space. The silence, one big fuck you.', ""Trying Not to Die. I lost 3 family members, one to a drunk teenager that decided to drive full speed into them and t-bone their vehicle. I've lost two people that I've known and considered friends, I've lost another person to overdose. I couldn't find a girl to be loved by before years end. Valentines day weather forced people to stay in doors. Finally talked to my doctor after months of silence, told him the meds were either not working or made my depression worse. I told him I needed a one to one therapist, my last group session was making me worse. My doctor told me the meds are supposed to be taken non-stop, and if they make me feel like vomiting everyday then they're working, and to continue taking what I was taking before he ups the dosage. I'm constantly put down, made fun of outside and online, I can't meet any girls that don't treat me like a freak. By the time doctors or anyone reaches me, it's going to be too late. I... still.. exist.""]","😔💔😞⚠️🕳️,💀🕳️😭😔⚠️,💀😭🕳️⚠️💔,💀🕳️😰😭⚠️,💀🕳️😭⚠️😔",0
232,"[Timestamp('2022-01-06 03:41:02'), Timestamp('2022-01-08 04:32:18'), Timestamp('2022-01-09 05:30:01'), Timestamp('2022-01-10 04:29:01'), Timestamp('2022-01-11 04:25:02')]","['Fuck I never feel ok. Going to bed at 5 does nothing Sleeping for over 12 hours does nothing I still want to kill myself I still want to die I still want to leave this world I鈥檝e had enough.', 'Maybe I鈥檒l kill myself after work today. It鈥檚 an idea that鈥檚 been going through my head since yesterday It feels weird thinking of this as my last day to be alive But if I want to get it done I need to put a date on it It gets dark early now, it鈥檚 freezing cold Perfect to die in By the time anyone suspects anything is seriously wrong it鈥檒l be too late We know what happened if I don鈥檛 show up tomorrow', 'Every time I wake up makes me want to kill myself even more. Can there just be a day where I don鈥檛 Every day I wake up I wish I didn鈥檛 I hate life I hate existing I hate being alive I just want to be gone once and for all', 'I should just strangle myself. I mean if I鈥檓 not going to hang myself then that鈥檚 the next best thing No special tools required I already have everything I need I already have things I can use Strangling myself to the point of suffocation makes me feel wanted About the closest thing I鈥檒l get to human comfort Lol', 'Every day I wake up. Every single fucking day is the same Every single day I just want to stop existing I feel like just sticking a knife through my heart I feel like jumping in front of a moving train and just closing my eyes and letting whatever happens happen Or just flooring it right off a cliff I feel like cutting everything so bad I just bleed out I hate existing I hate being alive I want to be gone']","💀😭⚠️🕳️,💀⚠️🕳️😰⚰️,💀😭🕳️⚠️🚨,💀⚠️🕳️😭🔪,💀🔪🕳️😭🚨",1
291,"[Timestamp('2020-12-07 23:16:38'), Timestamp('2020-12-10 04:06:10'), Timestamp('2020-12-10 04:17:23'), Timestamp('2020-12-13 07:11:49'), Timestamp('2020-12-15 08:41:36')]","['I was lied to. I was lied to I was lied to I was lied to I was lied to I was lied to I was lied to', 'Someone attempted to commit suicide while I was messaging them. They were ready to die. They were talking like someone who鈥檚 about to die but I was able to get them to call for help. I鈥檓 freaking out right now. I feel so stressed and scared but happy and I鈥檓 just unstable. Idk. I鈥檓 just scared', 'I鈥檓 really fucking panicking. I can鈥檛 stop moving I鈥檓 just fucking scared and anxious. I鈥檓 so scared', 'I want to take pills and drugs. I want all the pain to go away I want to cut again I want to be happy', 'I feel so empty. I have no real life friends. I have one parent. I No self control. I met someone online and after like an hour they started to hate me. Why would I tell you about myself when I hate myself']","😔💔😢,😰⚠️💀😭,😰⚠️💀🕳️😭,💊🔪😭😞⚠️,😔💔🕳️😭⚠️",0
20,"[Timestamp('2021-01-11 01:38:37'), Timestamp('2021-01-11 02:06:45'), Timestamp('2021-01-11 17:13:32'), Timestamp('2021-01-11 18:11:06'), Timestamp('2021-01-12 03:20:35')]","['Is it weird that I don鈥檛 want to take meds?. I just don鈥檛 want to deal with the side effects and having to basically drug myself to numb myself down. I have issues yes, many in fact, depression anxiety schizophrenia and chronic pain amongst other things but I much rather have those things and feel like me than have to take meds and feel like a zombie. Also with meds I鈥檇 have an easy way to kill myself or end up in the hospital, and I don鈥檛 want to be ridiculed again.', 'My life is such a mess, I can feel myself getting weaker. Every day that passes I feel weaker and weaker. I can鈥檛 fake it anymore, it鈥檚 crippling, I鈥檓 collapsing and there isn鈥檛 much I can do. All I can do is cope and hope for the best, but I鈥檝e been doing this for 8 years, therapy didn鈥檛 work, I even got verbally and physically abused and that didn鈥檛 work either, nothing seems to work. I do know what would work but it鈥檚 way too personal and painful to bring up yet such a simple thing. I just want to be loved and understood, maybe have some friends too that would be nice. I just don鈥檛 know anymore. I don鈥檛 want to be told the same old things that I have now for 8 years. I just want people to realize that my life really sucks!', ""My heart is aching, cant take this anymore!. My whole body is shivering, so painful, can't take it anymore. I just want the pain to end. I'm a failure, I couldn't even wake up for class in time and my mother screamed at me once again. I feel like just dying, doesn't help that my heart is hurting from all the stress and pressure. I wish I could drown myself but then be saved at the last minute and be taken care of for an hour or so, comforted and loved. I feel like I've reached such a low that no one gets it, not even those who suffer from similar things."", ""Im so sorry!. Im sorry that I'm such a burden, its just that my life is literal hell and I want some fun in my life, at least having the illusion of friends helps a little. In the real world I'm suffering from heart burn and nightmares. I want to feel special, like I'm someone's friend, that I'm more than just a schizo that should be locked up and hidden away. I tried reaching out for help but they just tell me to take my meds and shut up, they just don't get it, sometimes I wish everyone could feel like I did for a day judt so tsht they would stop judging me. The thing is I can't scream or cry, reach out to friends, huag a girlfriend or talk to my parents because I don't have any of that plus my parents think im a failure and a dissapointment. I lay in bed all day because of my heart burn and to escape life, it hurts but in those dreams I have friends and people who genuinely care about me, I get hugged and told that everything's going to be OK, it's so comforting. I failed all my responseabilities today, and I don't think I'll make it much longer. If I had a gun I'd blow my brains out right now."", 'I want to kill myself! Maybe I am just a crazy person!. I\'ve suffered for so long, I just can\'t take this anymore. I feel so weak and my chest is hurting. I\'ve told these things so many times, I\'ve been in agony and pain for hours, I can\'t sleep, I fucking can\'t and now because I\'m such an overemotional and sensitive mess I\'m being ridiculed by a person. I suffer from schizophrenia, something I\'m very ashamed of. This person told me to just take my meds or I\'ll end up like a ""throwaway"". All of this was just way too much to deal with, I freaked out and now he\'s telling me that I\'m a crazy person and that he hopes that the voices in my head turn me insane. I\'m shaking and I want to cry, I thought I was going to be understood there but instead I\'m being ridiculed and people tell me that I\'m crazy. I want to die so bad, I want to die because I\'m such a weak pathetic freak that only ruins everything. Please I beg you give me a comment and check my message history for further details.']","💀💊⚠️😭😔,💀🕳️😭😔💔,💀😭🕳️⚠️😔,💀🔪🚨😭🕳️,💀😭🔪⚠️",1
266,"[Timestamp('2019-02-05 22:59:41'), Timestamp('2019-02-10 21:19:14'), Timestamp('2019-02-11 15:55:27'), Timestamp('2019-02-15 04:26:16'), Timestamp('2019-02-18 08:42:50')]","[""I'd rather die than grow as a person. I'd rather go to sleep forever than have to consistently and constantly be working to correct my social awkwardness, among other deep personal issues that have to do with my behavior and the way I naturally think and feel. Let's fucking face it. Consistent, hard painstaking work, that honestly my fucking ADD brain can barely handle, is completely necessary for me to change anything about myself. And it's not like practicing the guitar, where I feel more fulfilled as a person for getting better at it. No, the things I need to change are NOT frivolous. They are just basic things that people are supposed to pick up on naturally during their developing years. I already have to constantly be working on my fucking posture, to name something similar; a fight against something that has slowly becoming a part of who I am that is simply going to take probably just as much time and CONSTANT effort to change. That's just one small, trivial aspect of my life that I have to work hard every minute of every day to correct so that one day in the future the muscles that are weak and thus resulting in my bad posture will be strong enough to work the way they're supposed to on their own without me having to think about it. All of the major fucking fundamental problems about who I am as a person are invariably going to have to change in this way; with constant, daily fucking effort. Constantly having to correct my fucking behavior at all times, because if I don't, I simply won't progress. For instance, it is going to take me probably years of constant, diligent socialization to no be socially awkward anymore, all so that I can maybe get a fucking job easier or maybe not be so fucking alone all the time or rejected by my peers, and all throughout that process, I am going to have to constantly be aware of myself and my feelings and correcting them constantly where needed. And trust me, the things I desperately need to fix about myself, are not going away easily, and like one's posture, the things I need to correct about myself are things that the majority of people don't even have to fucking think about in order to do them properly. They can simply exist, and things like socializing and having a will to live in spite of life's crushing responsibilities will simply come naturally to them. They don't have to fucking try to be confident. They just are. This is why life in general is a cruel joke. Because the problems I have now aren't even the worst of it. Not only am I am inadequate/challenged person, but I have to live with the fact that the OTHER things in my life can always get fucking worse. Really just makes you want to lie down and go to sleep forever, doesn't it? I guess I'll just go get high instead. Fuck life. I'd like to grow, but it's too painful, too hard, too unfulfilling, too uncertain, and at the end of the day, I hate that I didn't develop more as a person before shit hit the fan and I was thrown into the real world or work and misery. I really am grateful for what has been provided for me, and for the things that I do have in my life. I'm fucking blessed really. But these things are basic things that really every fucking person should have anyways, such as a home, food, and a way to get around efficiently. I don't fell entitled to these things, but they don't make me any more motivated to put up with the disappointing waste that has become my existence. I refuse to be motivated by shame for laying down in defeat. I refuse to be motivated by owing someone who provided for me the effort something in return. I didn't ask for any of this."", ""I need someone to convince me that life is actually worth going through with the entire way. I am destitute and I cannot make it on my own financially. I just can't handle anything in life anymore. I can't handle all of the responsibilities. I can't handle the hardships. At the end of the day, all of my suffering seems entirely meaningless, but even if it did feel like it was meaningful, I'm not sure I can really be happy anymore. I look at what my life must be and I can't handle it. It's too dark and uncertain. I can't handle living just to try to survive. Please, someone tell me why this is worth it, and please don't tell me I just have to suffer for several more years until I am in a better position in life, and also, please don't tell me I need to stay alive for other people. There is no one on Earth I would live for. I'm sorry. The level of love I have for the people and things in my life does not come even close to overcoming the amount of dread I feel at having to take my life seriously and struggle to survive. I have no money for treatment and no transportation beyond my own two legs. I'm just done. I'm not going to beg anyone for help. I'm not going to willingly put myself in a position where I owe anyone anything anymore. If I'm being honest, I already know that there is no hope for me. There is absolutely nothing anyone could say or do for me that would make me see things differently. How could it? I guess I'm just desperately reaching for some kind of solace, since I'm a pathetic grown ass man, and I can't go to my parents to tell me that it will all be okay anymore. My parents know as well as I do that the life I have ahead of me will not be easy and they are not afraid to let me know at every opportunity that I made my bed and I must sleep in it. I'd rather just put a bullet in my brain than have to sleep in that bed for just another night. I guess I'll say ahead of time that I appreciate any of your words, even if I technically find them to be generally useless in a practical sense. I don't know. Maybe I won't appreciate them. I find it hard to appreciate most things these days. The life I've been given, the one that I've lead, is more of a burden to me than anything. I've already accepted the reality of my situation. I will drift idly in life because I cannot pull myself out of this situation. I am too weak and defeated. There is no more hope for me staying alive than there is being dead. All I can hope for is to reap whatever pleasures I can whenever possible and simply wait for more shit to hit the fan, and then I guess things will eventually get worse - they can always get worse - and then at that point I really will be facing the moment of truth. There's no climbing out of the hole. It just gets deeper and deeper on it's own, and from where I'm standing, not even an iota of light can break into the depths I've reached in this hole of mine."", ""There really is nothing here. All there is left for me and my loved ones is pain and suffering. All I can do is abandon them and put a final end to my own suffering outside of their immediate view. That's all there is left for me here; death."", ""I'm too stupid to succeed in life. Can't barely remember any of the math I learned in school. Not enough of it at least. Taking practice asvab tests are really bringing to light just how ill equipped I am for life these days. I don't know. So many lost pieces of knowledge I really don't know how to get back. So much of my time is just trying to find any job so I can get at least an iota of some sort of income coming in. It's hard feeling positive about things. It's really hard. I just don't know how much I can really accept of my life before I can't fool myself into being happy with it anymore. I mean things could be a lot worse and I'm already struggling to feel happy. I just wonder if my existence really is meant to consist mostly of hard work and suffering. I don't want to just die out of nowhere in the middle of this life. I don't know what I should do to make it really feel like all of the effort was really worth a damn. I wish that were an easier question to answer, but if I'm being honest I don't have an answer. I don't know what I should do to really know that I'm making the most out of what I have. I wonder if I'm even smart enough to do so. Why is it so hard to just appreciate the experience of being alive anymore?"", ""It's hard not to hate the world. It's hard not to really want to just kill myself and take as many people with me as possible, when in all reality I will have to face homelessness. If my life could have so little meaning, then what value does anyone else's lives have? Serious question.""]","💀🕳️😭😔⚠️,💀🕳️😭⚠️🌑,💀🕳️😭⚠️⚰️,😔💔😞🕳️⚠️,💀🔪🚨😭🕳️",1
118,"[Timestamp('2020-11-17 18:29:38'), Timestamp('2020-11-17 19:58:16'), Timestamp('2020-11-18 20:49:37'), Timestamp('2020-11-20 05:53:13'), Timestamp('2020-11-20 15:49:11')]","[""i am happy. It's been a while since I felt like this, but I feel so happy that we got back together again, after everything that happened. Just your presence alone makes me feel like booming and jumping and I couldn't stop crying. Though I know we're starting slow again and it will take a bit until we're going to be exactly like we used, I'm so happy. I want tell you non stop how much I love you and how much you mean to me. I promise you we're going to make it through. I see beyond what happened in the past and I know who you truly are. You're perfect in all aspects, and I know you love me just as much as I love you. You make me so happy, and I can't wait to tell you how much I love you again and again."", ""I'm so lucky to have met you. You make me feel so alive. You are what makes life worth it. Your existence is proof that God really exists. I love you. So much."", ""I am afraid. I am so afraid to lose you. We've gone through so much lately, and life's been so hard on us too, and us finally getting back feels like a dream. But it's a bit scary, I know we've just begun our restoration process and we're still getting back into it, but the wait for us to go back to how we were is really scary. I want to be more affectionate, and more open like I used to, but I'm afraid. I want everything to go back to how it was so fast, I feel so selfish. I want to know how you've really been and know what's on your mind. I'm so sorry for being so emotionally high maintenance. There are a million things I want to tell you but I'm so afraid. While you make me really happy, I feel so overwhelmed by all these thoughts that have built up and I keep having so many anxiety attacks. I don't know why I'm writing this here really anymore, I guess it's my way of letting things out, like a diary, but faster and easier. I just want you to know that I really, really love you and you make me happy, and I'm really sorry for being so selfish sometimes."", ""Today I feel really sad. It's been a wild rollercoaster of events lately, and it's been hard to handle, from my family and life itself making life really unbearable and hard to live, to losing the one and only reason that I've lived for and pushed so far, the person I love. It's hard to fight these suicidal thoughts, and sometimes I really lose will to live, and it's been getting more and more difficult to fight the feeling, the thoughts, and especially the pain of losing you. Recently we made up and agreed to start again, from zero, but it hurts acting so differently and I'm so impatient for us to go back the way we were. You cannot even tell me that you love me, you feel it's too intense at the moment and you barely reply to my messages. I write you lines and lines of text, but you reply as if I didn't even write anything. I just don't know how to react, or what to say. I send you voice messages, but I honestly don't even know if you really listen to them. It's painful to not be able to be by your side, to not be able to hear your voice, to make you happy and know what's on your mind, to not have you say that you love me. Maybe I've been moving too fast, ever since we agreed to start again. I say too much, I express my feelings too much. But how can I not when I love you, and love isn't just expressed in the romantic way, love is being dedicated to you, caring for you and wanting your best more than anything in this world. You're my everything, and I love you so much, you've no idea. But I don't know how to react to what's going on, and it's painful, but I'll do my best to continue being understanding, though it hurts, you still make me just as happy, even if right now it's by thought, since we didn't even talk yesterday. You're my reason to keep going, and I owe it to you last week wasn't my last week. I love you ."", ""Hello suicide, my old friend.. I'm trying to fight the desire to do it, day and night but now I'm reaching my limit. I feel like tonight is the night, I'm sorry for disappointing you once again. You'll forever live in my heart.""]","😊💪✨🌈💚,💀🕳️⚠️,😔😰💔😢⚠️,💀😭⚠️💔😔,💀⚠️🕳️😭🚨",1
27,"[Timestamp('2021-04-07 00:00:29'), Timestamp('2021-04-07 01:42:58'), Timestamp('2021-04-08 12:33:48'), Timestamp('2021-04-09 01:21:57'), Timestamp('2021-04-14 23:02:10')]","['No point. People leave, shit gets worse..', 'I have everything ready.. I鈥檓 just waiting for a good time to do it. Life鈥檚 a bitch', 'I need a reason not to.', 'Goodbye. I just took all the pills I had, finally I鈥檒l be at peace, no more voices, no more bullshit.. I鈥檒l see you on the other side', 'Pain. I keep hiding this shit I鈥檓 feeling from everyone, it starts to hurt after a while.. it just feels so hard..']","😔💔🕳️⚠️😭,💀⚠️🕳️😰🔪,💀🕳️😭⚠️,💀💊🚨😭🕳️,😔💔😢😞⚠️",0
135,"[Timestamp('2020-11-28 22:45:18'), Timestamp('2020-12-15 18:21:43'), Timestamp('2020-12-18 16:09:12'), Timestamp('2021-04-04 21:56:29'), Timestamp('2021-04-15 04:39:15')]","['No one can do anything about the suicide and depression epidemics in any country.. Its hopeless. There is nothing anyone can or will do.', ""I dont want to live in a world void of meaning.. Atheism isn't the answer for me. I'm already depressed af and I think that would only make things worse. I'm on the spectrum and am receiving no help for anything other than the limited help that my family can provide since they don't understand. I'm bi but religious so I cant pursue men. If I did I would be rejecting the only possible meaning for my life. I don't believe that women can love me because I feel fundamentally inferior to others and too flawed to be loveable. I just want everything to end."", ""I just want to go where I belong.. I just want the pain to end. I don't belong here. I cant be loved by humans because I'm not like them. I want to go where there is no pain, hatred, ableism, depression, racism, or any other kind of shitty thing. I want to go where there are lots of small fluffy birds to pet. Where everyone is nice to and loves animals. I know I'm afraid of spiders and other creepy crawlies but they should be there too. I've been here too long. The only problem is that I just don't want to go downwards. Unless there is nothing after then I just want to go as soon as possible."", ""Im giving myself 10 more years.. Im in a group counseling program for 3 weeks and im heading into my last one. Then im back to my shitty fucking life. Nothing I've said in the sessions made any difference. I still need to die. Im just nothing but a stupid, retarded, incel. No one could ever love me because I'm too flawed. Nothing matters any more. I just want to leave. Fuck this world. If nothing is better in 10 years then im done. I was going to wait for my parents to die but that might take too long. I just need to get out of here as soon as possible."", ""I wasted 5000$ for a second time through a partial in-therapy group that I just finished last Saturday.. It was a waste of time and of $5000. I'm still lost when it comes to relationships and am still depressed and suicidal. The only things I got out of it are that I have needs that I'm not getting, I have to take more responsibility for my life, and I need to have healthy relationships with people. I still really want to die. All I hear is to just put myself out there. But I dont know where to begin. I'm completely lost and noone around me seems interested in helping me. Fuck this life. They are just leaving me to fuck up my life more than it already is. I have to go back to my piece of shit job next Monday and my life is still a stupid fucking mess. Suicide seems to be the only way I can change things because they seem to just keep going in circles.""]","💀🕳️😰😔💔,💀😭🕳️⚠️😔,💀🕳️😭⚠️🌑,💀🕳️😭⚠️😖,💀😭⚠️🕳️",1
318,"[Timestamp('2021-02-23 19:16:00'), Timestamp('2021-02-24 23:56:31'), Timestamp('2021-02-25 22:40:43'), Timestamp('2021-04-15 00:33:48'), Timestamp('2021-04-17 01:50:15')]","[""I wonder if my family would come to terms with my suicide. I mean I probably have autism (undiagnosed). I wanted to get out, but couldn't. And can't now because of COVID. I've been depressed for years and no therapy has seemed to work. I have no true friends and no such thing as an intimate relationship or kids exist. I'm a debby downer and negative person. I've already been to the hospital twice for wanting to kill myself. So I wonder if it's something my family would get over because they knew I was depressed and they couldn't help me. I really WANT to kill myself and END my suffering so I don't have to suffer another day on this goddamn planet. I want to tear a hole in the fabrics of space and climb into the void of nothingness, so help me God. Turning my reality into unreality is the realest thing I could ever do."", ""What can I do in preparation for my suicide to make the healing process easier for family.. I have thought of writing a will, but the only assets I have are money so I don't know if it's worth it. I understand that suicide causes pain and grief to those affected by it. But if life is suffering, then I'd rather just die than suffer and die. Actually, I might be thinking about this too much. Clearly there are enough people killing themselves without such forethought that I shouldn't be concerned about this. Suicide is transactional and easy. So what's stopping me?"", 'Every day I get a little more courage. Taking that final step toward finality. The final exchange of words. The final transaction in a transactional life. From an uncertain future to a certain end. From meaninglessness to a state uncomputable with meaning. From alpha to omega. Start to finish. Life to death.', 'I feel like going to the gun store before it closes. And buying a gun. And going to the bay, in the water, pulling the trigger and drowning in the abyss.', 'If my depression doesn\'t go away soon, I\'m going to kill myself. If my depression doesn\'t go away in a month, I will kill myself. And it will be depression\'s fault. And my family will cry. And they\'ll get over it. I\'m too far gone. If you see me in this dark chasm and throw me a rope, I\'ll hang myself with it and you\'ll pull up a dead and bloated corpse. I\'ve been on almost every medication and still I feel this existential dread. No more waiting around for something to happen. I\'ll bloody make something happen: a spectacle. I\'ll be your martyr to laugh at and to admire, because ""memento mori.""']","💀🕳️🚨😭💊,💀⚠️🕳️😭,💀🕳️⚠️😭🌑,💀🔫🌊⚠️🚨,💀🕳️🔪🚨😭",1
250,"[Timestamp('2020-11-02 00:17:03'), Timestamp('2020-11-02 08:04:54'), Timestamp('2020-11-23 11:23:49'), Timestamp('2020-11-30 14:57:03'), Timestamp('2020-12-09 02:30:20')]","[""I'm so fucking pissed I don't have a gun or poison or something. All I have are knives and cleaning liquids or whatever, all things that will just be a slow, painful death if they even work to kill me and not just injure me then send me to the hospital. All I fucking want is something that will kill me for sure. I just want pills that will kill me with minimal pain. I can't do this anymore. I'm fucking suffering, every day is torture."", ""Feels like I haven't slept in days. My brain itches so much it hurts and my body feels like it's boiling and full of slithering worms.. Depression is a weight tied to my ankles that's drowning me and dragging me eternally deeper into the dark depths of despair. My heart feels like it could"", ""I'm already dead, just getting rid of my body. ripped up my bible, threw the ripped up pages into a garbage bag along with the leather zip-up cover, went outside, threw it away, because I want this body to be Satan's, so disappointed that I'm tired because there's a cemetery right next to me and I want to handcuff myself to something in there when it's dark outside because I'll know no one will come, first I'll take all my clothes off on a cold nigh and out duct tape over my mouth and handcuff myself to something in the cemetery so I can't escape, and let the dark cold numb me and take me. The irony."", ""I plan to take most of my clothes off and handcuff myself to a tree overnight in the freezing cold. It's gonna be hard but it's going to be so worth it."", ""It feels like I'm strapped with locked chains to the driver's seat. It feels like I'm strapped with heavy,ocked chains to the driver's seat of a car that has no brakes and is going at highway speed at night with weak lights and I have no idea where I'm going, and I want the constant anxiety and sadness of my pointles situation to stop by crashing into another car an frequently come close to doing it but never can because I'm afraid that I won't die on impact and that I'll just end up with pain that doesn't kill me and that I'll be restrapped into the car again.""]","💀💊🔪😭,💀🕳️😰😭⚠️,💀🕳️🔪🚨😭,💀⚠️🕳️😰❄️,💀🕳️😰⚠️😭",1
422,"[Timestamp('2022-02-12 19:42:55'), Timestamp('2022-02-13 20:48:32'), Timestamp('2022-02-14 19:15:22'), Timestamp('2022-02-15 09:32:43'), Timestamp('2022-02-16 15:25:55')]","['Looking for places to jump. I鈥檓 over this life.', 'Why. Why did he do this to me. I didn鈥檛 want this', ""The Urge to not Exist. I can't because it'd hurt a lot of people. But its getting difficult to function physically and mentally. Any moment I might collapse. It's not fair"", 'I feel angry. He hurt me and it just seems like the world moved on. I just want to scream and disappear. It鈥檚 not fair I thought life was supposed to get better.', ""a burden. I feel like im a burden to everyone around me. I think ive made people mad by not texting right away them after a spiral. I wish my friends understood what it felt like cause its so isolating. They overreact a lot and I just don't want to say anything anymore. I think im just better off dead anyways. nobody would have to worry about me and I wouldn't be a burden anymore""]","💀🕳️🚨😭⚠️,😭💔😔⚠️,💀🕳️😰😭⚠️,😔💔🕳️😭⚠️,💀😔🕳️😭⚠️",1
442,"[Timestamp('2020-11-12 06:07:55'), Timestamp('2020-11-14 15:27:55'), Timestamp('2020-11-15 10:53:42'), Timestamp('2020-11-23 15:57:17'), Timestamp('2020-11-26 05:16:55')]","['If you go to a psych and they can鈥檛 help you is that when it鈥檚 ok to kill yourself?. Just curious. I mean I鈥檝e already been to one. I guess it helped a bit. But it was ages ago. Now I wanna kill myself again cos I鈥檓 so sick of all the bad feelings. I mean I don鈥檛 even know why I have them. What if they can鈥檛 work out why I feel this way? What if there鈥檚 just no explanation and I just want to of it. Can鈥檛 I have the freedom to do it? Why can鈥檛 I make this choice?', 'Bored. Someone piss me off. I love arguing with people because I hate everyone.', 'I wanna kill myself cos my sexual desires are impossible. Why should I live with this?. I have been jerking off to things that happened to me in high school for decades. Nothing I try in bed comes close to those experiences, and they involve perving on the hot guys and girls in high school. Therefore I should kill myself right? I mean there鈥檚 no way I鈥檒l be able to replace the things i enjoyed so much in high school snd indulge in thinking about every day. But I cannot recreate them snd will never experience them again. Therefore this should be the end for me. Why should I live when there鈥檚 no way I will ever be happy? I mean, you can鈥檛 change your sexual feelings.', 'Want to kill myself because people don鈥檛 wear the underwear I like. I know this is stupid but... I love briefs or bikini underwear in both men and women. It鈥檚 always turned me on so much. And yet ever since I left high school, the boxer brief was invented for men and thongs became more common on women. Now they are WAY more common than the classic brief or bikini, and I HATE IT. It鈥檚 like the one thing I love most in the world is no longer there, and no one else cares because they like something ELSE which makes me mad and frustrated and lonely and just generally suicidal. And then I think of how stupid it is and I want to chop my penis off so I don鈥檛 have sexual feelings any more or better yet just kill myself. Clearly I鈥檓 a ducking abomination when I鈥檓 so obsessed with someone no one else likes. CAN SOMEONE PLEASE KILL ME', 'If everyone tells you you鈥檙e an asshole when you didn鈥檛 intend to be, should you kill yourself?. I mean seeing as I didn鈥檛 even INTEND to hurt anyone and yet apparently I HAVE I guess I should just kill myself because even when I鈥檓 not trying i still hurt people. I mean how am I supposed to learn to not be an asshole when I don鈥檛 understand when I鈥檓 being one? Clearly I should just die.']","💀😭⚠️🕳️🔪,😔💔😡,💀😭🕳️⚠️😖,💀🔪😭⚠️,💀😭⚠️🕳️😔",1
266,"[Timestamp('2019-01-27 23:18:25'), Timestamp('2019-01-29 17:44:05'), Timestamp('2019-02-05 22:59:41'), Timestamp('2019-02-10 21:19:14'), Timestamp('2019-02-11 15:55:27')]","[""I'm disappointing in life. What's the point if you can't easily provide for yourself doing something you give a shit about and then get high as balls in your free time? I'll tell you what; there is none."", ""How do I stop feeling stuck in the past?. I hate my past with a passion. I will never get my childhood back. I will never get to experience a life free of most responsibilities without social anxiety and low self-esteem. I will never get the time I wasted back. How am I supposed to come to terms with this. Every day feels wasted, and it's almost as if nothing I do makes the day seem worth it. I will always have to just accept that I am the way I am and desperately try to become who I want to be, except that I have so little desire to actually be different, because such a high magnitude of personal change seems impossible. I am utterly ashamed of myself and my life, but I'm afraid I'll never come back from that shame. It seems like no matter what I will always feel it, because my number one motivation for improving myself and my life is complete self hatred. Hatred for who I've become. Hatred for what I do. Hatred for what I am. And I hate myself because what I am, what I choose to be, what I became, is responsible for my failures in life. It's responsible for the emptiness that has been my existence. And it is all my fault. But I worry that if I am motivated by hatred, I will always fear regressing into what I work so hard not to be. Existence really is pain; when I look away from personal distractions, I am left with this heavy burden; this responsibility to change my life. To be cognizant of every thought and action. To no longer be an impulsive little shit, despite not being impulsive and actually using my brain being probably the most difficult thing for me. I don't fucking know. How do I forget the past? because I certainly do not have a sense of humor about my many personal failures, and I have a bitter hatred towards my past self for failing himself so goddamn acutely, that he somehow became or simply was everything which he needed to be to exclude himself from his own dreams and desires, without a hint of forethought or self reflection. Maybe I'm being to harsh to my past self, but I don't give a shit. If I wasn't intelligent enough to solve my own problems back then, I don't deserve my mercy. My retarded little bitch adolescent self ruined himself, and he didn't even know he was fucking doing it. Never changing anything about himself or his life because he was a fucking moron who decided to play video games and watch TV all day, just running away from discomfort and intimacy. I don't think I can forgive myself for ruining so many once in a lifetime opportunities. All of the options I used to have. The people I used to know. Fuck."", ""I'd rather die than grow as a person. I'd rather go to sleep forever than have to consistently and constantly be working to correct my social awkwardness, among other deep personal issues that have to do with my behavior and the way I naturally think and feel. Let's fucking face it. Consistent, hard painstaking work, that honestly my fucking ADD brain can barely handle, is completely necessary for me to change anything about myself. And it's not like practicing the guitar, where I feel more fulfilled as a person for getting better at it. No, the things I need to change are NOT frivolous. They are just basic things that people are supposed to pick up on naturally during their developing years. I already have to constantly be working on my fucking posture, to name something similar; a fight against something that has slowly becoming a part of who I am that is simply going to take probably just as much time and CONSTANT effort to change. That's just one small, trivial aspect of my life that I have to work hard every minute of every day to correct so that one day in the future the muscles that are weak and thus resulting in my bad posture will be strong enough to work the way they're supposed to on their own without me having to think about it. All of the major fucking fundamental problems about who I am as a person are invariably going to have to change in this way; with constant, daily fucking effort. Constantly having to correct my fucking behavior at all times, because if I don't, I simply won't progress. For instance, it is going to take me probably years of constant, diligent socialization to no be socially awkward anymore, all so that I can maybe get a fucking job easier or maybe not be so fucking alone all the time or rejected by my peers, and all throughout that process, I am going to have to constantly be aware of myself and my feelings and correcting them constantly where needed. And trust me, the things I desperately need to fix about myself, are not going away easily, and like one's posture, the things I need to correct about myself are things that the majority of people don't even have to fucking think about in order to do them properly. They can simply exist, and things like socializing and having a will to live in spite of life's crushing responsibilities will simply come naturally to them. They don't have to fucking try to be confident. They just are. This is why life in general is a cruel joke. Because the problems I have now aren't even the worst of it. Not only am I am inadequate/challenged person, but I have to live with the fact that the OTHER things in my life can always get fucking worse. Really just makes you want to lie down and go to sleep forever, doesn't it? I guess I'll just go get high instead. Fuck life. I'd like to grow, but it's too painful, too hard, too unfulfilling, too uncertain, and at the end of the day, I hate that I didn't develop more as a person before shit hit the fan and I was thrown into the real world or work and misery. I really am grateful for what has been provided for me, and for the things that I do have in my life. I'm fucking blessed really. But these things are basic things that really every fucking person should have anyways, such as a home, food, and a way to get around efficiently. I don't fell entitled to these things, but they don't make me any more motivated to put up with the disappointing waste that has become my existence. I refuse to be motivated by shame for laying down in defeat. I refuse to be motivated by owing someone who provided for me the effort something in return. I didn't ask for any of this."", ""I need someone to convince me that life is actually worth going through with the entire way. I am destitute and I cannot make it on my own financially. I just can't handle anything in life anymore. I can't handle all of the responsibilities. I can't handle the hardships. At the end of the day, all of my suffering seems entirely meaningless, but even if it did feel like it was meaningful, I'm not sure I can really be happy anymore. I look at what my life must be and I can't handle it. It's too dark and uncertain. I can't handle living just to try to survive. Please, someone tell me why this is worth it, and please don't tell me I just have to suffer for several more years until I am in a better position in life, and also, please don't tell me I need to stay alive for other people. There is no one on Earth I would live for. I'm sorry. The level of love I have for the people and things in my life does not come even close to overcoming the amount of dread I feel at having to take my life seriously and struggle to survive. I have no money for treatment and no transportation beyond my own two legs. I'm just done. I'm not going to beg anyone for help. I'm not going to willingly put myself in a position where I owe anyone anything anymore. If I'm being honest, I already know that there is no hope for me. There is absolutely nothing anyone could say or do for me that would make me see things differently. How could it? I guess I'm just desperately reaching for some kind of solace, since I'm a pathetic grown ass man, and I can't go to my parents to tell me that it will all be okay anymore. My parents know as well as I do that the life I have ahead of me will not be easy and they are not afraid to let me know at every opportunity that I made my bed and I must sleep in it. I'd rather just put a bullet in my brain than have to sleep in that bed for just another night. I guess I'll say ahead of time that I appreciate any of your words, even if I technically find them to be generally useless in a practical sense. I don't know. Maybe I won't appreciate them. I find it hard to appreciate most things these days. The life I've been given, the one that I've lead, is more of a burden to me than anything. I've already accepted the reality of my situation. I will drift idly in life because I cannot pull myself out of this situation. I am too weak and defeated. There is no more hope for me staying alive than there is being dead. All I can hope for is to reap whatever pleasures I can whenever possible and simply wait for more shit to hit the fan, and then I guess things will eventually get worse - they can always get worse - and then at that point I really will be facing the moment of truth. There's no climbing out of the hole. It just gets deeper and deeper on it's own, and from where I'm standing, not even an iota of light can break into the depths I've reached in this hole of mine."", ""There really is nothing here. All there is left for me and my loved ones is pain and suffering. All I can do is abandon them and put a final end to my own suffering outside of their immediate view. That's all there is left for me here; death.""]","😔💔🕳️💀,💀🕳️😭😔💔,💀🕳️😭😔⚠️,💀🕳️😭⚠️🌑,💀🕳️😭⚠️⚰️",1
442,"[Timestamp('2020-12-16 12:50:24'), Timestamp('2020-12-24 02:10:17'), Timestamp('2020-12-25 16:04:23'), Timestamp('2021-01-14 16:00:34'), Timestamp('2021-01-25 17:29:04')]","['There are people on this thread who are so fucking insensitive they are driving me to want to suicide. You鈥檇 think on a suicide thread they would show compassion, but, nope.. Ready to do it. Seriously.', 'I鈥檓 at a point where I feel guilty for my sexual feelings cos I鈥檓 a pervert into young men and women 20 years younger than me. I should probably just kill myself. Yes I鈥檓 bi. Mostly gay in bed but I have feelings for women too. But I can鈥檛 stop feeling guilty every time I see someone attractive. I am such a pervert. I am pathetic.', 'Fake it till you make it: I鈥檝e been faking it for a long tome. Now that I鈥檝e sort of made it, I鈥檓 absolutely petrified and ready to kill myself. I am not looking forward to the next year because it will need me to be amazing. Everyone thinks I鈥檓 amazing but I don鈥檛 believe I can do it and I think I just want to give up and die. I want this and yet I don鈥檛. Help me. I can鈥檛 do it...', 'I鈥檓 so obsessed with people picking wedgies, and yet I rarely ever see it. I saw it a lot more growing up in the early 90s cos it was more common back then for some reason. Men, women, gymnasts, divers, the girl in high school whose panties were clearly too small, a friend who played AFL when they used to wear those tight shorts back then who couldn鈥檛 stop plucking at his bum. I鈥檓 obsessed. I think about it constantly. Should I kill myself and just finally stop the obsession?', 'Literally noone cares. It鈥檚 true right? I posted on some forums about something that I think about a lot but which is weird and no one gave a shit or the mods blocked me. Why should I bother existing? No one fucking cares :(']","💀⚠️😰🕳️😭,💀😭⚠️😔🕳️,💀😰😭⚠️🕳️,💀😰🕳️😭⚠️,💀🕳️😭😔💔",1
446,"[Timestamp('2020-02-19 07:09:51'), Timestamp('2020-07-07 09:59:44'), Timestamp('2020-08-04 06:40:00'), Timestamp('2020-12-12 04:15:31'), Timestamp('2020-12-14 07:57:48')]","['Does anyone else have a numb face?. I鈥檓 just wonder if this is common or not. I鈥檝e had suicidal thoughts and depression for a while now (the suicidal thoughts are not that bad at the moment) but I also have perpetually numb face. In that it feels numb all the time but when I touch my face with my fingers I can feel my face with my fingers and my face can feel my fingers. So it doesn鈥檛 seem to be physically numb but feels perpetually numb all the time and it鈥檚 just my face and not the rest of my body. Has anyone else here experienced this?', 'Having a bad night apparently鈥? The suicidal thoughts are pretty strong tonight and once again seemingly no good obvious reason for them. Out of curiosity how many other people here feel like they don鈥檛 have a good reason to be suicidal? Is this common or is it just me?', 'I may have found a novel treatment for my mental health problems. It鈥檚 a long shot and I can鈥檛 go into any detail at this point but I may have figured out a novel treatment for my mental health problems but there is a pretty big draw back in that it is pretty unethical at least in my opinion but not illegal. I have decided to try this out anyway but I would like to ask your opinion on this. When facing what most likely will be eventual death when is it acceptable to be deplorably unethical in order to potentially save yourself?', 'Just not sure if I鈥檓 strong enough anymore鈥? Having a bad week apparently, suicidal thought is back in force. I really want to fight this but the needle is just about on empty at this point. Just not sure if I鈥檓 strong enough anymore. What do you do when this shit has been going on off and on for a real long time and your resolve is just about tapped out? Any advice?', 'No anxiety, no depression but strong suicidal thought in force, WTF!. Title says it all. Not particularly anxious or depressed lately but strong suicidal thought in force for seemingly no real reason. Anyone else experience this? Any ideas?']","💀😔⚠️,💀😰🕳️😭⚠️,💀⚠️🕳️😭😖,💀😰🕳️😭⚠️,💀⚠️😰🕳️😭",1
499,"[Timestamp('2021-07-05 01:06:14'), Timestamp('2021-07-05 22:29:16'), Timestamp('2021-07-05 22:48:23'), Timestamp('2021-07-05 23:37:59'), Timestamp('2021-07-06 21:34:22')]","[""I'm feeling weird."", 'Hi. Someone can please talk to me?.', 'Please please if anyone could talk to me just a little bit.', ""Can i sent my dog to someone who will take care and love her when i'm gone?."", 'Anyone interested in keeping my dog \u200b\u200bafter I die?. I will be responsible for providing everything that is needed.']","😔😕😐,😔🕳️,😔💔😭⚠️,💀⚠️🕳️😭💔,💀⚠️🕳️😭",0
103,"[Timestamp('2017-09-05 07:33:47'), Timestamp('2017-09-05 22:49:49'), Timestamp('2017-09-24 22:09:29'), Timestamp('2017-09-25 02:06:03'), Timestamp('2017-09-30 04:12:18')]","[""I'm so very overwhelmed. I really don't care anymore I just can't do this anymore with everything filling my thoughts up. I'll never be on the right direction and everything I do is wrong I don't even remember what I was going to say anymore I don't know I don't wanna feel movement I just want to be off drugs I will never have her I will never do anything right I just want lines to snort and to be left the fuck alone but I want someone to talk to me I can't make up my mind"", 'I tried. goodbye', 'fuck it. nothing will change when I die', ""I can't take this anymore."", ""I want to slit my wrists tonight. I'm so lonely I don't wanna be here alone anymore rejection rejection rejection rejection fuck you""]","💀🕳️😭💊⚠️,💀⚠️🕳️😭🚨,💀🕳️😭⚠️,💀😰🕳️😭⚠️,💀🔪😭🚨🕳️",0
242,"[Timestamp('2021-10-04 01:06:44'), Timestamp('2021-10-20 04:03:52'), Timestamp('2021-10-23 06:22:50'), Timestamp('2021-10-27 05:35:23'), Timestamp('2021-10-28 03:23:27')]","['Just under 12 hours now.. Just about to enjoy my last meal. Said fuck it, gonna go crazy. At a fancy steakhouse about to eat a 16oz ribeye. After that I gonna drink enough whiskey to drown everything. Whenever I wake up in the morning... well I鈥檒l just say it will be a closed casket funeral. My chances of survival are next to none. I don鈥檛 believe there鈥檚 a god, demons, spirits, or afterlife. Wherever I go when I die I don鈥檛 care. Whatever happens to my body, I don鈥檛 care. Put me in an old pine box floating down the river. Don鈥檛 go paying 10 thousands on a fancy box you鈥檒l only see once then bury. That鈥檚 just dumb. Ya know, I never got around to writing those letters. That鈥檚 a shame. Assuming I go through with it, this will 99% be my final post. Bye everyone. I鈥檓 sorry.', 'I want to die so fucking bad.. Everyone will treat you like shit just for being yourself. It鈥檚 not like I chose to be transgender. Nobody cares, and those that did left my life a year ago. For fucks sake, I鈥檓 a teenager, I鈥檓 transgender and I was depressed before that. So statistically my chances of commuting suicide are as high as possible. I鈥檓 just supposed to rot in silence for being depressed because of things I didn鈥檛 cause. So I just gotta stand back and say TF is going on man? I don鈥檛 know how to move past the trauma, how to live with my mistakes, how to handle 99% of society spitting in my face and hating me for no good reason.', 'I just majorly fucked up.. I just went and did something really stupid. Really really stupid. I did it as a cry out for help, but all I was met with was anger and disappointment. I don鈥檛 know how else to tell somebody other than straight up say 鈥渋 think about killing myself everyday鈥? I wouldn鈥檛 be able to do that. So now Ive fucked myself over and I鈥檝e got one less reason to stay at the moment.', 'Hi guys. It鈥檚 midnight and I had 4 shots of whiskey. Everything feels ok now. Like it鈥檚 all gonna be alright. Might have a few more.', 'Just got reminded of one of the worst things that makes me suicidal.. Gonna go cry a bit.']","💀🔪🚨⚰️😭,💀😭🕳️⚠️😔,💀😭⚠️🕳️😔,💀🕳️⚠️,💀😭⚠️😔💔",1
282,"[Timestamp('2021-02-02 06:29:35'), Timestamp('2021-03-09 10:14:58'), Timestamp('2021-04-15 07:50:37'), Timestamp('2021-04-16 09:43:34'), Timestamp('2021-05-05 08:58:59')]","['Being sued and in a financial crisis, about to lose my home. From Northern California, I lost my job a little over a year ago because I became disabled and lost the ability to work with my hands. As a result I had to consolidate all my credit card debt which was around 20k at the time to make my monthly payments something I can afford along with rent. The debt settlement company ended up misleading me and they did absolutely nothing with any of my creditors for an entire year, didn鈥檛 even reach out to any of them all the while telling me they鈥檝e been diligently working with each creditor. Now 4 of them are suing me simultaneously for amounts that are 3x more than what I started off with. I cannot afford an Attourney because I can鈥檛 even come up with an extra 500$/month and the settlement company is sucking my money dry, saying they need a significant amount of MORE money to resolve these 4 lawsuits. The credits fees and interest rates have skyrocketed due to not being payed for so long, my credit score is trashed and I鈥檓 about to lose my home, everything I own is about to be garnished. I have a disabled mom and two younger siblings who are minors, all completely dependent on my income and I鈥檓 about to sorely disappoint everyone because I seriously fucked up', 'I鈥檓 genuinely afraid that if I don鈥檛 take my own life while I鈥檓 still relatively young I will die a slow painful death all alone when I鈥檓 older.. I鈥檝e been abandoned by everyone in my life due to mental illness. And the thought terrifies me', 'Did not think I鈥檇 be entering my 30s without a single person in my life. 5 years ago I had many friends, was still in touch with my family and had a lot going for me. After a bad breakup that was followed by some other stuff I quickly found myself abandoned by everyone I once knew', 'I want off this planet.', 'How to due and make it seem like an accident. Please y鈥檃ll']","😔💔😰⚠️🕳️,💀😰🕳️😭⚠️,😔💔😢🕳️⚠️,💀🕳️😰🚨😭,💀⚠️🕳️🔪",1
39,"[Timestamp('2020-01-11 01:43:06'), Timestamp('2020-02-26 03:14:07'), Timestamp('2020-02-26 03:18:18'), Timestamp('2020-04-07 18:39:14'), Timestamp('2020-04-11 01:16:59')]","['Legitimately never experienced happiness. With a life plagued by poor health, abuse, psychological damage and disorders, I can say that never in my entire life have I ever been happy. 19 years of actual garbage with the best of times merely being immersing myself in escapist activities. I always hoped of seeing an improvement or getting lucky in some way, but nothing has ever come my way and I have done all the self-improvement possible for somebody such as myself. I am fed up. I wish I was selfish enough to kill myself, I would do it without hesitation if I was the only one who鈥檇 depend on me.', 'Tracing it back to the start. In my case it was my mother allowing me to become obese at a ridiculously young age. I don鈥檛 know why it happened, before she died her own slow death, she told me a bs story about how chemotherapy left me bloated. I think it must鈥檝e been her not really giving that aspect much thought, which is idiotic given how her life went. Either way, that was the first step, the first step that would derail my development as a consequence of the rampant abuse I鈥檇 receive from my peers on top of the already basic racist shit I鈥檇 hear being the only Mexican in a highly conservative area. Even after losing all the weight, the psychological damage has permanently stunted my abilities to get what I desire. Now all these years later, after being depressed my whole life, and suicidal for half of it, I honestly wish I had died as a child. I am so tired. My life is not one worth living.', 'Tracing it all back to the start, how one thing leads to another until everything is fucked. In my case it was my mother allowing me to become obese at a ridiculously young age. I don鈥檛 know why it happened, before she died her own slow death, she told me a bs story about how chemotherapy left me bloated. Truthfully I think it must鈥檝e been her not really giving that aspect of her son鈥檚 life any thought, which is idiotic given how her life went. Either way, that was the first step, the first step that would derail my development as a consequence of the rampant abuse I鈥檇 receive from my peers on top of the already basic racist shit I鈥檇 hear being the only Mexican in a highly conservative area. Even after losing all the weight, the psychological damage has permanently stunted my abilities to get what I desire. Now all these years later, after being depressed my whole life, and suicidal for half of it, I honestly wish I had died as a child. I am so tired. My life is not one worth living.', 'Ugly useless pathetic piece of shit. That is me, thinking feels like lifting a weight that鈥檚 just too heavy. So much work to do with so little time and even less energy. I have literally turned into a motionless corpse who can only swim in a cesspool of negative thoughts and feelings. Fuck this', 'I need to die. I need to die i need to die i need to die i need to die i need to die i need to die i need to die i need to die i need to die i need to die i need to die i need to die i need to die i need to die i need to die i need to die i need to die i need to die i need to die i need to die i need to die i need to die']","💀😔🕳️😭⚠️,💀😭🕳️⚠️😔,💀🕳️😭⚠️😔,💀🕳️😭😰⚠️,💀🚨🕳️😭",1
232,"[Timestamp('2021-12-04 18:56:52'), Timestamp('2021-12-05 21:46:31'), Timestamp('2021-12-09 04:09:03'), Timestamp('2021-12-10 23:25:40'), Timestamp('2021-12-11 04:35:30')]","['I shouldn鈥檛 be drinking. I鈥檝e already accepted my fate, I may as well accelerate it I may as well make myself feel the worst I may as well pretend that I鈥檓 ok Is the alcohol enough? I hope I don鈥檛 wake up tomorrow', 'I鈥檓 dead. I don鈥檛 feel like myself anymore I can barely stay awake Drinking again makes me forget Actually it just makes me want to stab myself and rip out my heart When can I die?', 'I feel like a fraud. I keep telling myself this is in my head And I mean it is I have no good reason to want to kill myself anymore, I just want to do it It鈥檚 the first thing I think of every morning when I wake up Why isn鈥檛 there a rope around my neck? It鈥檚 lovely Inside my head is lovely These thoughts are my fault', 'I need to kill myself. How much alcohol do you need for alcohol poisoning? That鈥檚 fine though, plenty of other ways to do it The alcohol just helps Maybe if I put a date on it that鈥檒l make it easier Dec 11, 2021 Maybe I鈥檒l drive into a tree Or hang myself from a tree I鈥檓 sure there are some good ones I want the rope around my neck I want to be gone', 'Why am I still here. I don鈥檛 know what to do anymore I don鈥檛 want to be here anymore Everything hurts Everything My mind taunts me with these thoughts If I can get rid of myself the better The quicker the better What鈥檚 my favourite method? Can I just hang myself at this point? I鈥檓 ready']","💀🕳️😭⚠️,💀🔪😭⚠️,💀🕳️😰😭⚠️,💀⚠️🔪🪦😰,💀🕳️🔪⚠️😭",1
291,"[Timestamp('2020-11-09 13:55:59'), Timestamp('2020-11-11 02:56:43'), Timestamp('2020-11-15 07:57:34'), Timestamp('2020-11-16 01:33:42'), Timestamp('2020-11-18 23:34:39')]","['I鈥檓 so tired. I suck and I think I might do it or start cutting again. See ya', '鈥淚 will Kill myself if you leave鈥? Fuck off', 'Revenge.', 'Hate. I鈥檓 hateful. I like the anger. It makes me feel happy', 'I鈥檝e made all my friends hate me. Everyone hates me. Sometimes the only reason they hate me is I express myself. It鈥檚 so isolating to feel like you have to distance yourself from your friends after you make them. No matter how hard I try they always end up hating me']","💀🔪😭⚠️🕳️,💀⚠️🔪😭,💀⚠️🌑🕳️,😔💔😡,😔💔😢🕳️⚠️",0
285,"[Timestamp('2022-05-12 10:10:04'), Timestamp('2022-05-12 20:30:24'), Timestamp('2022-05-13 14:10:34'), Timestamp('2022-05-15 11:07:24'), Timestamp('2022-05-16 23:18:20')]","['I really want to die this weekend. I hope so very much it happens, its only fair that I fucking die...', 'every morning I wish for the same thing. To die on my way to work, and this morning is no different. I really need to die today or at some point this weekend...', ""I need a hotel room. and I n茅ed it for tomorrow, I want to fucking do it and I'm ready...."", ""I don't want to hurt anyone. But I'm planning to! I get paid at the end of the month and I'm gonna book a hotel room and kill myself, I feel really sad what this is going to do the people who love and care about me, I'm picking such a bad time to do it because it will be the 1 year anniversary of our friends suicide, I really should put it off for a while but I cant! I want to do it right now. I really love my friends and I don't want to hurt them, they already have enough shit in their lives than having to deal with this, I dunno what to do, I just know I can't keep being me...."", ""I need help. I need help, it's the middle of the month and I'm pretty much broke.i can't afford a hotel room and I need one for this weekend. I want to kill myself on Saturday, I have to kill myself on Saturday. I need to get 拢100 so I can go through with my plan. I wish it was Saturday already, I am really struggling to face this week, I just want leave right now...""]","💀⚠️😰🕳️😭,💀⚠️😰🕳️😭,💀⚠️🔪😭,💀🚨⚠️😭🕳️,💀🔪🚨⚠️😭",2
48,"[Timestamp('2020-12-21 12:56:12'), Timestamp('2020-12-21 16:04:37'), Timestamp('2020-12-22 11:16:30'), Timestamp('2020-12-22 13:18:28'), Timestamp('2020-12-22 16:58:44')]","['Even the dollar store notices the drop in business. 鈥淲e are open鈥?, 'Rome and Constantinople.', 'Barely a leg to stand on. Bought time I couldn鈥檛 afford. On the verge of destruction. Should have kms in September.', 'First time I wanted to kms in the morning. My descent appears about to begin. Good news - I may be on here much less!', 'Envious of the dead. Probably most people at least once have had this thought go thru their mind. It鈥檚 just a problem for us who feel like they are forced into this fixation.']",💀🕳️😭⚠️🚨,0
457,"[Timestamp('2020-10-02 04:26:38'), Timestamp('2020-11-26 20:44:04'), Timestamp('2020-12-26 05:03:19'), Timestamp('2021-01-04 04:43:20'), Timestamp('2021-01-06 03:21:00')]","['im already not all here, so why not just be completely not here?. i thought i had myself together. I thought i finally figured out who i was, what i was, where i was. but it got lost. and i can never find it again. i can never get a grip on where im at. physically and mentally. I feel like three different people all the time. I dont even know who i am. every time its- 鈥淚m suicidal鈥? 鈥淗aha, same lmao鈥? they laugh it off, i laugh it off 鈥淗aha yeah lol鈥? then im up till 5am crying and contemplating. my meds will never get figured out. my disorders will never get figured out. nothing will ever get figured out i keep thinking, 鈥渨hat will happen when im found? will i finally be gone? Will i still be alive? what would happen? where will i go? why wont i just do it?鈥?thinking about her being my only friend doesnt even matter. She doesn鈥檛 even pay attention to me. someone she has been friends with for 7 years and can see face to face. There鈥檚 a whole 鈥渇amily鈥?of her friends, and im not any part. it used to hurt and i couldn鈥檛 give a shit anymore. i dont want a funeral, cremation, death or survival. I dont want anything. anything just throw me in the ground and bury me. im not sad. lonely. angry. depressed. im just tired', 'i just need to work up the courage. Its been impossible for me to take a fucking shower and i finally did it. If i can do that, why can鈥檛 i work up enough to end it? I shouldn鈥檛 be allowed out of the house, when i go out anywhere and everywhere, theres a car. I think about jumping in front of them but i dont (obviously). i wish i would do it. or runaway and get lost then die. Its perfect, i live in the middle of nowhere. Plenty of chomp chomp birds (the fuccin voulchers. idk i cant spell) Insane amounts of bugs. Its almost too perfect', 'Didn鈥檛 think i鈥檇 be here again, but fuck it. oh wow, its cHrIsTmAs. i fucking hate the holidays. I hate the presents, food, fAmIlY and all the other shit. Something always goes wrong for me or my family. Last 4 years my little sister got strep. This year, my sister鈥檚 boyfriend is sick, so they couldn鈥檛 make it. Everyone else felt like shit because of it. But i felt like shit because i couldn鈥檛 do anything about any of it. -i mean, i feel like shit all the time, but,, yknow- I almost passed out three times because of anxiety and im still overwhelmed. And im a fucking dumbass for ordering my friends gift too late and i have no goddamn idea when it鈥檚 getting here. We usually call each other n show what we got, which i can鈥檛 fucking do because i feel like hell and i dont want that to be seen. I feel like a shit friend cause im never able to do anything cause im fucking unstable. There was so much food for 4 people. I ate one tiny brownie and it made me want to kill myself. Theres another reason holidays are hell. My fat ass gets dragged into eating it so that my family thinks that im 鈥渙kay鈥? I鈥檇 be fucking bulimic if i wasn鈥檛 such a pussy with vomit. I fucking hate food man. Its disgusting. But of course i live with an Italian family, because just my fuckin luck innit. We鈥檝e had pasta twice this week. Add today and tomorrow, four. fucking. times. I hate pasta, i hate sauce. I hate living and i hate pretending i dont hate living, just so i can appear sane. Fuck you, and fuck christmas.', 'Im rotting (sorry, i didnt mean for it to be a life story-). i鈥檝e done nothing with my life. That鈥檚 insanely over dramatic, seeing as im 14. But ive done nothing. I know most people my age dont weigh 141 pounds. Im sure many of them think suicides a joke. i wish i would stop caring, just for a minute, about everything. anything.. i鈥檝e seen/been asked questions, 鈥渨here do you see yourself鈥?or something similar. I can鈥檛 answer them. im probably fine though. Probably being tired鈥檚 getting to me. My mom says depression/mental illnesses in general aren鈥檛 a reason to quit school. If i finish i finish i guess. I remember this one time, in the school bathroom. I had a huge bag of coloured pens. I got bored a lot so i took them apart. I brought 16 in the bathroom with me, n some scissors of course. Drank em like water. didn鈥檛 fuckin do anything. I鈥檝e had 7 panic attacks today. I thought i was gonna die. i guess i was wrong. Im really tired. I haven鈥檛 slept in 2-ish weeks. I feel so drained. Everything feels heavy. i feel super dizzy n shaky. I was gonna relapse last night, but i was too tired. I didn鈥檛 wanna waste band aids either. I kinda wanna grab a pill bottle. It might help me sleep. God, im so tired. Im in a lot of pain still. I dont really know why, but it hurts. Its really cold today. But because of my anxiety i keep getting super hot. I live in a really big desert. Anything could go wrong at any point. fire, whole mesa lights up. bad storm, tons of mud, difficult to get hear gunshots a lot. wild animals. Unfamiliar people. The best thing? theres no civilisation. i could probably get lost super easy. There鈥檚 a lot of vultures and coyotes too. Id be a nice snack for them. Or i could freeze to death. Or get severely overheated in the summer. I feel like such a waste. everyone buys and gets me some nice stuff, but then i think about dying. I have no reason to anymore. I put my trauma away for now. I was gonna clean my room today. I didn鈥檛 because i was in too much pain. My mom says we have to keep our rooms clean. Especially in the desert. not necessarily the bugs n stuff. But fire. everything will go woosh up in flames. I wonder what my dad would think of me. He was really cool. He was raised by incredibly religious parents, and he came out a badass. I wonder what he would say to me, his dumb, fucked up, depressed tranny of a child. Sometimes i think it would be cool being famous, but a huge loser. Like if i got doxed. Most of them might genuinely be interested in me. But i want the ones that would assassinate me. I have my meds all in this case thing. Sunday-saturday. One side for morning, one for night. I looked at it a few minutes ago. I wonder what they鈥檇 do to me if i took all of them. Maybe i could see dad again. I dont believe in the afterlife/heaven/hell really any of it. But who knows, it could be true.', 'im so useless -tw for self harm. see, i really like seeing pictures of people with healed scars and being clean for a while. I feel so happy for them. and i see a lot of them with scars. big scars. Its nice to see they鈥檙e super healed up n how much happier they feel being clean. This is fucked, i know but i want that. the huge, deep scars. so bad These tiny, 鈥渃at scratches鈥?are nothing to me. Ive been clean for a little bit, but i just want to relapse. I want a relapse that impossible to recover from.']","💀🕳️😭⚠️💊,💀🕳️😭⚠️🚗,💀🕳️😭⚠️😖,💀💊⚠️🕳️😭,💀🕳️😭🔪⚠️",1
491,"[Timestamp('2021-03-12 13:02:43'), Timestamp('2021-03-13 13:23:49'), Timestamp('2021-04-09 12:24:40'), Timestamp('2021-05-26 13:24:42'), Timestamp('2021-06-15 14:58:23')]","['I鈥檓 so exhausted all the time, all I want to do is sleep. :(.', 'I鈥檓 really feeling it tonight. Fuck..', 'Tired. I am tired. Maybe not the typical tired. I get lots of sleep, too much even, then sometimes I don鈥檛. I spend all of my energy on remaining social, getting through each day. God I鈥檓 exhausted, I really hope I go to sleep and don鈥檛 wake up..', 'My confessions.. I haven鈥檛 opened up to anyone in well over a year now personally. I confess, that nearly every day I fantasise about disappearing and seeing peoples reactions. That lately, I鈥檝e been thinking about cutting myself so I end up in the emergency department so I鈥檓 forced to get myself some help That even though I鈥檓 a counterdependent person, I still need someone to fucking hug me and tell me I鈥檓 going to be okay. That I fight my demons every day to get out of bed. That even though I seem like I鈥檓 put together, I鈥檓 secretly a god damn mess. That every day, I wish I could just go to sleep and never wake up.', 'Just need to be honest somewhere. I have literally no one to talk too. I mean, I do, what I mean is that I don鈥檛 trust anyone, I feel like I need to maintain my image of being that person everyone can go to with things. I鈥檓 so so so exhausted already with my own life and I feel like I鈥檓 constantly being a therapist to everyone else in my life. Even if they feel bad for venting and ask me before doing so, of course I鈥檓 going to say yes, because I鈥檓 a people pleaser and I do care. Point is, I鈥檓 tired, exhausted and lonely.']","😔😴💔😞,💀😰🌑⚠️😭,💀😴🕳️😭⚠️,💀🕳️😭⚠️🛏️,😔💔😩🕳️⚠️",1
259,"[Timestamp('2020-11-30 10:07:53'), Timestamp('2020-12-01 08:08:29'), Timestamp('2020-12-15 14:18:26'), Timestamp('2020-12-15 14:26:22'), Timestamp('2020-12-16 09:11:22')]","['I鈥檓 fucking tired of my constant problems and pain and suffering. So I already have adhd and have very little friends so when I got depression I started struggling, I can鈥檛 tell anybody though because I鈥檓 scared that that won鈥檛 believe me and that they think I鈥檓 just looking for attention because I鈥檓 still pretty young, I鈥檝e considered suicide but I鈥檓 scared of what that will do to my family. I just need a way out of this', 'Hi, I鈥檓 14 and depressed, is it normal at my age because I鈥檓 scared to tell anyone just in case they will think i just want attention. What do I do, I can鈥檛 keep it in. In one day I鈥檝e already been asked by 2 people if I have depression. What can I do? I just wanna die. What do I do?.', 'I don鈥檛 know what to do with myself. As everyday goes by I try to do things to keep me busy but then when I go to bed all my feelings start flooding in again and I realise I鈥檓 a failure and everyone hates me and all I do is hurt people and I don鈥檛 deserve to live and I just wanna kill myself and then I go to school and I can barely stop myself from breaking down and crying and I can鈥檛 even talk properly anymore', 'Thinking about committing suicide after Christmas. What are some things I can write to my family and friends so I won鈥檛 hurt them', 'How can I tell my family I have depression and have been having suicidal thoughts. Hi so I鈥檓 14 and a few years ago I started experiencing depression symptoms and it鈥檚 only now that I realise what those symptoms mean, every day is painful, i can barely stop myself from just breaking down while talking to family and friends, I鈥檝e wanted to tell someone for so long, i just don鈥檛 have the balls to, I wish I could just pour my heart out but one of my close friends recently saw me sitting at a table alone trying not to cry and he said 鈥渨hat are you a depressed 14 yr old鈥?I felt like shit, I felt like the feelings I was feeling were just fake and that I just wanted attention, what do I do? How do I tell people? How do I know they won鈥檛 react like my friend did?']","💀😰🕳️😭⚠️,💀😭😔⚠️,💀😭🕳️⚠️😖,💀🕯️😭⚠️,💀😭😰⚠️💔",1
20,"[Timestamp('2020-02-18 23:06:05'), Timestamp('2020-02-19 06:14:32'), Timestamp('2020-02-20 23:09:15'), Timestamp('2020-02-21 20:45:00'), Timestamp('2020-02-22 14:34:15')]","['My whole body is hurting and I just want to give up!. I鈥檓 shaking right now, I can鈥檛 take this, it鈥檚 just too painful. I don鈥檛 know how much longer I can keep up before I decide to jump out of the window, I probably won鈥檛 do that but who knows, maybe one day it actually happens and then I don鈥檛 have to live up to all these bullshit expectations! I have no one to turn to except for you all, not a single friend in 6 years its sick. I鈥檝e been cursed with this illness for years and I wish I was dead so that the pain would be over', 'I can鈥檛 stand this crippling pain of depression!. I can鈥檛 move, I can鈥檛 talk I can鈥檛 do anything I鈥檓 stuck. My psychologist tells me to just go out and meet people, my father does the same but none of them have experienced this shit before, having to deal with mood swings, panic attacks, paranoia and chronic pain. It makes me want to die because there is no hope and I鈥檓 sick of hearing that it gets betters. Doctors can鈥檛 do anything they鈥檙e more clueless than me, my psychologist says the same thing over and over again, my parents verbally abuse me. I鈥檓 shaking thanks to the pain, I can鈥檛 move, I鈥檓 just stuck in my bed and I have no one who could help me!', ""Every single day I end up feeling weaker and weaker : (. Honestly it hurts, physically hurts in my chest. This crippling loneliness, isolation, my depression, my anxiety that makes me freak out and my paranoia that sends me into a frenzy god I hate it! The worst part about it is that I have no one to turn to, not a person to hold or talk to, I'm really thankful for my online friends, I just wish I had them here phyiscally, in the flesh."", ""If there was a painless and easy suicide method I would have done it ages ago : (. Honestly I'm surrpised I'm still alive, I've been going through constant depression and anxiety/paranoia for 6 painful years! I've scratched my face, beaten myself up, knocked my head onto the wall, been abused verbally and got lead on and used. Honestly it's been such a fucked up few years, this year in particular has been really painful and I've been thinking about sleeping next to a tree and freezing to death but that would obviously hurt a lot. If there was a quick, painless and easy way of doing it I would have done it that awful day 4 years ago when my father told me that my life here on out was ruined."", 'I keep waiting for good things to happen but they never do. Yep, I keep studying hard, trying my damn best to socialize, to better my relationship with my parents yet I still feel like shit. It鈥檚 like every single day is a cold rainy day with nothing but a piece of paper and endless math equations. I just want it to end but instead I keep going because maybe one day things will turn around but that鈥檚 pretty doubtful hahaha.']","💀🕳️😭⚠️🚨,💀😭🕳️⚠️😖,😔💔😢😞🕳️,💀🕳️😭⚠️😔,💀😔🕳️😭⚠️",0
66,"[Timestamp('2021-02-20 20:44:33'), Timestamp('2021-02-25 20:16:51'), Timestamp('2021-02-26 00:25:13'), Timestamp('2021-03-09 19:18:39'), Timestamp('2021-03-11 18:19:57')]","['Everyone is tired of me. They are tired of my depression, complaining about how miserable I am and all. I live in a fucking racist, abusive white family that hates me because I鈥檓 mixed (half black). Everyday I鈥檓 targeted by my own family who calls me an animal, retarded, etc. I have 0 friends, or partner. Nothing. And the few online friends I have online are all ignoring me. That鈥檚 ok. You will not have to hear me complain again once I鈥檓 gone.', 'Idk why I\'m still here. I\'m damaged beyond repair. All I do is complain and annoy everyone with my issues. No one cares. All they tell me is ""try harder. It will get better."" Fuck you. No it doesn\'t. I\'ve been this way since I was 13. I\'m 21 now and STILL struggling. 0 friends, partner or family (they\'re abusive). I work 2 days a week and can barely handle that due to my severe anxiety and depression. I was cursed to live a miserable life and I\'m so over it already.', 'I have an infection and purposely not taking antibiotics. I hope it kills me. I鈥檝e also been drinking alcohol everyday too. Hate this world', ""Why is life such fucking shit ?. I can't enjoy life at all sober. I have to be drunk or high just to fucking feel good and want to socially interact. Sober me just dreads every fucking thing."", ""I'm just so fucking miserable. I've lost my bubbly, happy outgoing personality at age 14. I miss that vibrant, hopeful girl I was. Now I'm 21 and just an empty fucking shell. I feel like I have no personality at all. My personality is just fucking depression. I am so fucking apathetic and bitter. Talking to me is like talking to a wall because I am barely responding since I am so miserable. Ugh put me out of my misery. Bring the cyanide pill back damnit.""]","💀🕳️😭⚠️🚨,💀😔🕳️😭⚠️,💀💊⚠️😭🕳️,😔💔😞🕳️⚠️,💀💊😭🕳️⚠️",1
148,"[Timestamp('2019-11-23 23:21:23'), Timestamp('2019-12-24 16:34:03'), Timestamp('2020-01-02 16:36:52'), Timestamp('2020-01-10 16:19:05'), Timestamp('2020-03-18 16:29:00')]","[""It's my birthday and I wanna die.. Hi guys, I just turn 17 today. I dont know if I am happy or not. I feel like I am still miserable, I just feel more depressed by the fact that I still have no purpose in life, no real friends, and still have mental health issues, and an insecure kid. I cant even help myself and no one cares about me. I just wanna die I just feel like that I shoudnt never been born at all if I'm just gonna suffer like this everyday."", 'The year is almost over, still fucking miserable. I thought this year I can fix myself mentally physically and emotionally but I didnt and I fail, Im still miserable , depressed , broke , and suicidal. Fuck this. I see everyone all happy and shit celebrating me Im dead inside and I see others having improvements and achieving their goals me still fucked up. I just eanna end it all.', ""My life is just a never ending loop of pain and suffering. I wanna end it.. I wanna just end my suffering, I'm tired of being tired. I am 17 and I have multiple anxiety disorders, OCD, social anxiety, and major depression and I might have ADD/ADHD too. My family doesnt really care about me except for my mom but she cant do anything, she doesnt have money and the one that works for us is my father, but he is being manipulated by his friends to dont give enough money to us so he end up giving us money that's not enough for me and my family and our bills and needs. I used to see a psychiatrist, I used to be on medication antidepressants and antipsychotics, and it just made me fucked up, and my 2nd psychiatrist is just awful and misdiagnosed me the first time we met. And I feel like she just want my money. And the pills she gave me just made me worse mentally. So I stopped the pills and stop seeing her. I want to see a new doctor or a psychologist, but my dad wont let me because he thinks that I am the only one that can fix this and its all in my head that I made it up all. And he thinks Im just wasting money because of my previous doctor who made me worse and he thinks all the doctors are just like that. And my older siblings thinks its all in my head too, my mom wants me to see a psychologist but we dont have the money. I cant socialize, I have a few friends, but I isolate myself most of the time and afraid to even go out of my house, I am afraid of judgement and I cant think straight most of the time, I feel like there is a fog in my brain, and I have no self esteem and my skin is horrible, I have bad acne and I feel ugly. And most of the time I am stressed, I get stressed easily and I do many chores at house, I dont do good at school, and I always feel shit when Im around with my friends because I have nothing to say or share, and I feel like they have great lives not like mine. And I envy them because they are healthy mentally. I cant even enjoy things anymore, I get bored easily and its hard for me to concentrate and focus, and its affecting my grades and I just cheat in order to pass high school. And I am depressed of times. Im just a complete loser and miserable person, no one wants to be with a boring, negative guy like me. I am like this for 6 years and I feel like I've done everything I can to fix my life but It was still shit. I dont know how long I can survive this because I might kill myself if nothing good happens."", 'I found out my mom is lying and cheating the whole time, I wanna die.. Hi, I am 17 years old boy and currently on 11th grade. I just found out that my mom has been cheating, they always fight with my dad, most of the time about money, I dont know clearly what\'s happening, I think they both have secrets, my dad works overseas for 14 years and my mom is a housewife. I\'ve never seen my dad in personal since 2008 when I was just 6 years old and my little sister, she never seen him personally because he went back to Korea after she was out of the hospital when she was just a baby. She is now 11. I am suspicious since 2 years ago that my mom might have an affair with this guy that we treat like a real family, he constantly go here every other week and stay here for weeks or a month max. I\'ve just snooped on her phone while she was sleeping now. I wanted to know the truth so I know what her passcode is and I immediatley goes to the messages and backread her messages, I have noticed that they call each other like they are wife and husband. And then I was shocked when I stumbled to a message saying "" I love you ma insert dogs with heart eyes emoji"". After that I return her phone to the bed that she is sleeping and return to my bed. I am crying, I don\'t know what to do, my family is completley fucked up right now, I\'ve been brainwash by my mom thinking that she is the victim, but I think infact she is the one who is cheating. I feel like killing myself because I am dealing with major depression, OCD, Social Anxiety, and potentially ADHD and I just hated my whole teenage life, whole my life I\'ve been suffering, I experienced bullying from my ex classmates and my half siblings and I\'ve experienced emotional abuse from my grandma, I survive all of that years of suffering but the scars are left for me to fix, I cant socialize anymore because of my social anxiety, fear of judgement, depression is just unberable, no motivation to do anything, and my family is fucked up, plus it\'s hard for me to think properly and to concentrate and dont get bored easily. I am suicidal. I wanna die. I just hate life anymore, I am a loser and I dont enjoy this shit life anymore. All aspect of my life is fucked. I forgt to add that my parents wont let me continue treatment for my disorders because of financial issues they say, but they dont care, they think its just all in my head, they are so ignorant. Plus I live in a third world country where mental health has a big social stigma around it. Fuck my life. I feel hopeless. TL:DR: My mom is cheating and I have mental disoders and I am suicidal and I want to die.', ""I feel paralyzed, I can't do anything, I feel like killing myself is the only way out.. I am 17 years old, I've been diagnosed with OCD, Major Depressive Disorder, and I have severe social anxiety and potentially ADHD. I feel like a prisoner, it's hard for me to concentrate on anything, nothing is pleasurable or interesting anymore, my creativity become non existent, and I can't socialize, I am afraid of people's judgement and afraid to embarass myself to the point that I don't even say anything when I'm with people, I used to be a fun guy, now I am just a depressed guy that is dead inside and no personality at all. I have really bad attention span and I get distracted very quickly, most of the times, I am stressed and anxious, everything is hard to do, I am failing in school, I can't even make music and sing or play the guitar like I used to do, even playing video games or movies doesnt make me happy. I isolate myself most of the time, and I have friends but I can't hangout with them because of this paralyzing anxiety and I became a loner sad and miserable guy, everyday is hell, plus the OCD that I have that makes my life more worse, I am becoming dumber and dumber and more suicidal. I hate my looks to, I have acne and bad tinea versicolor that whatever I do I just can't get rid of. And I am in my bed most of the time watching YouTube and jacking off 3 times a day. I am a loser. No one even understands me, my father made me stopped seeing another psychiatrist or therapist because I used to go to a psychiatrist that sucks, she misdiagnosed me with bipolar and she gave me meds that made me psychotic and even when I stop taking them I experienced psychosis and other nasty side effects for about a week. Before seeing that doctor, I've been seeing a doctor that diagnosed me with the stuff that I said and she's pretty expensive so we stop seeing her and I met this bad psychiatrist. And my father said that seeing another doctor will just make my issues worser and I am the only one that can fix all of this, he is pretty ignorant about mental health. My mom wants to help but she don't have any money, my father is the one who works and manage my family's money, he is the one who dictates and decide how much he will gonna give us. He is a pretty neglectful father and he only cares about his money. I really hate him tbh. Plus I live in a third world country (Philippines) , getting mental help here is really hard and really expensive and there is a social stigma about it. I fricking hate this hell hole. And most of my life is me getting bullied and people calling me racist stuff and people abusing me, I know life is better now that i am away with those people, but I still have the scars that won't heal on it's own. I am becoming irritable and easily getting angry because I get stressed all the time even with simple things and it's ruining my relationship with my family. What's the point of fighting this. I've tried meditation, I am meditating 10 mins twice a day doesn't work, I tried spending endless hours on motivational and inspiring videos and stories, they kinda help but whatever I say to myself or what mind tricks I do my depression always is there and I always feel shit and go back to my miserable self. I tried exercise, but I just don't do it most of the time because I am too depressed, I tried it for 1 week didnt really help. So what should I do? I feel trapped and I feel like whatever I do, I'm just gonna be like this. I feel like my life has been taken away from me. I just want to end this suffering and die. No one is gonna help me and I can't even help myself so what's the point. I hope tho that everyone of you get better if your suffering but for me, it's game over I feel like this is it. I have no options left.""]","💀😭🕳️⚠️😔,💀😭⚠️🕳️🔪,💀😭🕳️⚠️😖,💀😭⚠️🕳️,💀😭🕳️⚠️",1
185,"[Timestamp('2021-06-08 20:29:33'), Timestamp('2021-07-06 09:09:03'), Timestamp('2021-07-26 15:37:39'), Timestamp('2021-07-27 00:32:14'), Timestamp('2021-07-28 04:36:14')]","['they gonna laught and feel pity about me. i have bully friends whitch they dont bully me anymore but used too if i commit suicide they gonna start calling me an idiot retard stupid mentally week sick you came it i really feel shy commit suicide now', ""Mentally in pain emotionally in pain. Life without gaming sucks I wish I never touched games I really wish its a big shame 40% of my native languages I don't understand no social skills So in future I might stab my self in the veins I can't just go ahead and cut my veins with a razor I hate it so I thought stabbing would be nic3"", ""Frist time friendzoned. I live in Europe till my cousin told me she friend zoned cuz she told me your like my brother now I'm super angry I never expected this bullshit I wish I was badass and smart im shy and and an idiot fk I wish i had a gun I would like to explode my brains well once vacation is done imma stab my veins so fk hard fuck life"", 'Cant handle this painful pain. Imma about to grab a knife and go upstairs to sleep deciding when Im about to slice my veins or just few hitting strikes i had enough', 'Suicide in veccation ?. I just went to my uncle i want to know what would happen if i commited suicide there ?']","💀😭⚠️🕳️😔,💀🔪🩸😰⚠️,💀🔪⚠️😭🕳️,💀🔪⚠️😭,💀⚠️🕳️😭🚨",1
266,"[Timestamp('2020-04-02 13:19:25'), Timestamp('2020-04-03 15:12:55'), Timestamp('2020-04-05 17:02:06'), Timestamp('2020-04-08 23:24:55'), Timestamp('2020-04-14 04:12:33')]","[""I'll never not be a wage slave. This world was not made for someone like me. Someone that just doesn't want to engage in the world around him. Someone that doesn't want to meet new people. Someone that doesn't want to take on more responsibility. Someone that doesn't want to make or create things. Someone who is incurious about the world around him. Someone who would rather live undetected under a rock. Someone who doesn't have the courage to play a part on the world stage. Someone who doesn't want to learn something new. Someone that doesn't want to put themselves out there. Someone without hope for the future. Someone who doesn't want to make plans. Someone without dreams or desires. Someone who doesn't like talking. There's no hope."", ""I should kill myself because I'm not willing to accept responsibility in life. I'm talking about REAL responsibilities. I should kill myself because I will never be able to live for something outside of myself. I will never live in such a way that I am able to take care of my aging parents and my siblings. I will never set out with the goal of finding some way to help people. I will never be able to live that way. Never. I can't. I can't exist to take care of other people because I'm just going to die afterwards and then what? I just can't. I can't live for other people. I can't live with other people in mind. I just cannot handle life. I cannot handle doing things for the sake of others. I feel like I need to be focused on my own needs and wants. It feels completely necessary, as if doing things for other people makes me feel burdened and oddly uncomfortable. I should just die then. My actual plan in life is to become homeless when shit hits the fan and hopefully try to build my own life from there without any ties to anyone."", 'I just want to lay down, relax, and take a cyanide pill. I can\'t choose what to do with my life. I don\'t even want to try to figure it out. Somehow I just can\'t manage it. Somehow something in my brain does not want me to discover a passion of any kind. None whatsoever. I can\'t figure out what to study, I can\'t figure out what to put my time into, but I also can\'t bring myself to dive right into something and latch onto it as the main ""thing"" I do in my life. Maybe I\'m just not intelligent. I don\'t know. Maybe I\'m simply too weak to acquiesce to survival instincts that inform most people of what they need to do in their lives. I hated school so much. I hated studying. I hated learning. It just felt like a burdensome obligation, and now.. I don\'t know. I can\'t deal with it anymore. I can\'t really handle giving into a specific field, study, passion, etc. I can\'t. The only things I\'d actually want to study is music or psychology, but obviously I can\'t just go back to school. That boat sailed. I\'m just not motivated enough to figure things out. I\'m not motivated or confident enough in my ideas to be creative. I\'m just not able to jump right into something. The slightest bit of thought about proactively figuring out what to DO just makes me feel ready to go. Not scared, not anxious, not angry, just ready to go. Ready to just lay down and throw in the towel with a massive sigh of relief.', 'I guess I can\'t handle this life. Stuck with nowhere to go. No choice but to rot here and be told I\'m pathetic for living at home, or to just up and leave with absolutely nowhere to go. I just don\'t have it in me to live life. And I\'m sick of being in this position where I\'m somehow expected to find job training and be able to leave home with a salaried position. But that\'s not going to happen. I\'m sick of living at home in general. But I live in the fucking boonies. Everything and everyone I know is so fucking far the fuck away from any town or city with reasonable rent and workplaces I can walk to. I\'m just too much of a little bitch for life. Too much of a coward. I\'m just not strong enough to do whatever is necessary in life. I\'m not. Too weak and scared to bike everywhere. Too weak to just get some damn credit history going. Too weak to live completely within my means. Too weak to be constantly doing shit. I just can\'t put up with the struggle in life. Everyone makes life out to be this easy and enjoyable thing if you just put in some effort, but it requires so much more effort, blood, sweat, and tears than just ""some."" I can\'t do this man. And I\'m sick if even having a family around, because they just keep pushing pushing pushing and my existence would just be so peaceful if I could just live on the street with no parents to wonder what happened to me, or for anyone to wonder what happened to me for that matter. I\'m just not strong enough to participate in life. And ultimately I know this is why there is peace in the decision to die. It\'s the only way. I\'m just too much of a coward to do it. One day I\'ll be at peace with it, and I guess that\'ll be best for everyone. I guess I just wish life could have been different. I\'m not even sure what I wish it could have been, but it doesn\'t matter anyways. Life isn\'t meant for someone who doesn\'t want to move.', 'The only thing I have to look forward to is the terror of death. All I will ever have the ability to get high. Every other corner of life is a source of bitter cold and misery.']","💀🕳️😭😔⚠️,💀😭🕳️⚠️😔,💀💊🕳️😰😔,💀🕳️😭⚠️😔,💀🕳️😰😭⚠️",1
144,"[Timestamp('2021-04-04 05:34:54'), Timestamp('2021-04-09 00:26:38'), Timestamp('2021-04-14 05:38:22'), Timestamp('2021-04-14 19:09:08'), Timestamp('2021-04-24 08:09:44')]","[""goodbye. I started writing out a letter to someone and it just turned into a suicide note. I checked instagram and she had a new story tonight. I didn't see what it was, but I can imagine she's having a great time without my in her life. I don't want to live like this anymore. I can't stand to be inside my head anymore with all of these thoughts. I'm constantly on shuffle thinking about completely different things and my mind changes so often. I just want it to be over. I don't know myself anymore. Goodbye"", ""Can I kill myself with allergies?. I went into anaphylaxis after ingesting a good amount of pollen and ended up in the ER. It felt like my stomach was dissolving itself, my body turned red and swollen, and my chest felt like it was stabbed. Hurt like fuck. They said I was maybe 15-20 minutes from dying. Honestly, it sounds like about how I mentally feel most of the time. I just bought a bottle of pollen. Apparently it's a super food. What's the likelihood of dying from an allergic reaction?"", ""My life has been a waste. I'm 24 this year. I'm 2 years behind in college because I couldn't decide what I wanted to study. I don't like the major I ended up with, but I can't afford to change it again. I've had a few different internships, and I hate the field that my degree will get me into. I shouldn't have gone to college. I had to move back in with my parents because my girlfriend and I broke up, and she got the apartment. I was selfish and only cared about my happiness. I stopped showing her support and appreciation she deserved, but still expected so much from her. I deeply hurt her and added on to the issues she was already dealing with from childhood trauma. It would've been better if we never met. She was too good for me, and would have always left because I'm just some ugly, lazy, toxic asshole. I've never made any real friends. I have a few people that I can hang out with on occasion, but we know each other at surface-level. They don't know about anything going on in my life, and don't care to find out. I've tried to talk about it with them, but they just ignore it and change the subject. My life has been a waste and doesn't have any potential in the future. If it did, I'm too fucking thick to figure it out or focus long enough to work toward anything. I had a peek at how great life could be once, but I was delusional to think I ever had a chance to experience that. I was bound to be put back in my place. I wish that I could just hit Undo and erase my entire existence. I hate my life. I'm in therapy. I've been in therapy for a few months, and I was in therapy several years ago and on medication, too. Nothing has helped. I'm tired of trying to get better."", 'Always be careful. My parents found a noose that I made. I had it in a bag in my car so that I could throw it away after volunteering, but I forgot about it the instant I closed the car door. I come home a few hours later, and go to my room to get some work done. Not 15 minutes goes by, and my parents decided to search my car out of the blue, and go through everything that I had. Like I said, I completely forgot about it until they brought out the bag and showed it to me. Queue full breakdown of them crying and getting upset. They think I\'m a lunatic. They want full control of my life. No bedroom door. No car. No going to see anyone. They want me locked up in a psych ward and drugged up until I\'m ""normal."" They don\'t care that I didn\'t have a plan to do anything. They don\'t care that I was going to get rid of it. They want to be next to me 24/7 so that they can ""help."" They don\'t actually care about why I feel like shit most of the time, they just want to pawn me off on someone else until I\'m what they want me to be. I was getting things in order to start a new job and move out after months of being stagnant and sitting at home, but they don\'t trust me to be by myself. The worst part, I was on a call with a few friends when they came in yelling. I tried to hang up quickly, but I don\'t know how much they heard. If they heard any part of it, what do they think of me now? I don\'t know if I could ever talk with them again. My life already sucked enough, but now it\'s just going to get worse so that they can feel like they\'re doing something to ""help.""', 'It\'s crazy how quickly life changes. At this time last year I was in a happy relationship. My girlfriend and I just moved in an apartment that was big enough for us to have an office space for school&amp;work. We were just a few weeks away from adopting a lovely cat. We were starting a new chapter of our lives by living together and her starting graduate school. In school, I was doing great. I had very high grades, the highest GPA of my major &amp; year, and was optimistic about looking for a new internship after leaving my previous one at one of the top 3 aerospace companies in the world. I was in a place where I was overall satisfied with everything that I had and confident that I could take on the future. Now, I have none of this. My girlfriend kicked me out and basically broke up with me, but left it up to me to make it official after almost 2 months of only talking to me when I would reach out to her every 1-2 weeks. We went from spending everyday together, to her telling me that she was unhappy about something from several months back and no longer wanted to be in a relationship anymore. Never mentioned between the event and kicking me out. Never gave any opportunity to improve or work on things. Just 2 days prior, we were touring apartments to move into at the end of the current lease. Now we haven\'t spoken in over a month, and I doubt that we ever will see or speak to each other again. I\'m still very much in love with her. I still want to work on things and make up to her the way that I hurt her. My new internship is terrible. I have no interest in the work, but have no other option if I want to graduate on schedule. I\'m expected to work over 40 hours per week, but only get paid for 40. My grades went down the drain after the fall semester. I scraped by with D\'s in the majority of classes, and was lucky enough that the university accepted them for pass/fail. Regardless of ""passing"" the class, I still didn\'t learn anything and am not prepared for the last year of classes. I\'m not happy with my life. I liked where it was a year ago, but I hate it now. I know what made me happy is unachievable, but I will always be chasing it.']","💀🕳️😭⚠️,💀💊⚠️🕳️😰,💀😔🕳️😭⚠️,💀🕳️⚠️😭😖,😔💔😞🕳️⚠️",1
148,"[Timestamp('2021-03-03 17:44:49'), Timestamp('2021-04-03 15:40:30'), Timestamp('2021-05-01 15:28:51'), Timestamp('2021-05-23 20:03:35'), Timestamp('2021-06-05 10:18:40')]","[""Tired of being alone, tired of being fake, being a loser, tired of living, just tired of everything.. I just wanna die man. I've been suffering with debilitating anxiety disorders for 7 years now, wasted most of my teenage years being a yes man to people, fitting in, I never found myself. I don't enjoy anything anymore, depression is killing me, I've been fighting this shit for years now, but whatever I do it's just always there, can't afford to go back to treatment since I still rely on my parents and my dad is an asshole and ignorant about mental health, he won't give me money. Living in a shit place, I am just rotting away, everyday is a loop, I just keep on trying to better myself, but even if I achieve something great, I feel numb. I just want to feel real love again, real hug, I just want to have real friends that I can connect with, whole my life I've been bullied, ridiculed, and abused by people, mostly my own relatives. And my future I think will gonna be me stuck on a job that I hate. I love music but my depression is just debilitating that it pretty much rendered me emotionless and I don't enjoy it anymore. I am tired, seriously why am I even born? Just to fucking suffer? Man fuck this shit life. I'm done."", ""Lonely Depressed and Suicidal. I just hate myself, I have no self confidence, I don't feel I belong ,I always feel inferior to others, I have really bad OCD, anxiety, and depression and currently can't access mental help, my parents I think don't really care that muchh about what I feel, they always tell me that they had it worse or other people have it worse, I can't open up with my friends or anyone, because I know they're not gonna take me seriously, and I am beginning to don't like everything, everything feels bland, and my first year of college is near, and don't know what to pursue because of lack of passion on things especially because of my depression that I am enduring for the past 5 years now. I am really considering suicide but I am just scared to die, honestly I just want to feel real love and to feel that I belong somewhere, that I don't need to be someone that I am not to be accepted, and for someone to really care about me, but I think it will never gonna happen, because I am the problem, I can't even build new friendships because of my lack of social skills or just me being really socially anxious all the time, everyday is suffering, I just wanna die."", ""18 and I just want to die.. Honestly I can't take this no more, I am just really unstable mentally and physically, I've been diagnosed with OCD, depression and social anxiety but currently getting no professional intervention because of financial problems, may take months for me to get access to therapy. Honestly I am tired, I am always alone, I do my best to better and help myself like reading self help books, doing good at school, meditating, and exercising nothing really helps and I continouslly relapsing. I am having a hard time to make friends also because I think that everybody will just gonna judge me and won't want me, it's been hard wired in my brain because of my childhood, been bullied most of my life, I am glad that we changed houses but the damage has been done. I love music, I love writing songs, I always want to become a singer songwriter someday but with shitty parents and shitty health I don't know, I feel like I did everything I can but I am just deteriorating mentally, and usually alone, I am still lucky that I still have my friends but I isolate myself nowadays because of anxiety and depression, I've been doing this for more than 3 years now. Even posting on social media is hard for me and just ditched FB because it makes me feel like shit, I know it's all a facade and not true but still my brain perceives it as everybody is happy while me I am miserable, I don't even have highlight reels. And my dad and my half siblings really don't care about my mental health and invalidate it, and they treat me like shit, but I still love my dad even though money is greater to him than me. I am thankful for my mom though, but she's always away and have no time for me because of work. I am beginning to lose hope, the only thing that's making me alive is my mom, dad and my little sister, music and movies, and my future wife and kids, I still want to experience that but with me being this fucked up I don't know if it's gonna happen, honestly I am tired, slowly losing hope. Honestly I just want to feel someone loving me, like legit truly loves me and not there only when they needed me, but that person doesn't exist."", ""My Family Did Fucked Me Up. So, to preface I am 18, living in the Philippines, lived my whole life here, and honestly my life is fucked up right now, especially my mental health and my family. Unfortunately, I was born in a family that was not well of, my mom have kids before me, and all of them shows hostility towards me, I have a full blood little sister, and I think we both are the only ones that are well in my family. My mom has a pretty bad childhood, she became a pregnant mom when she was 16, and was forced by her guardians to stop studying because you know in the Philippines back then that's common to happen, and she says that it did happened because of her mental issues at that time, she was left by her mom and dad and never met them and his dad found another wife, she was left on her grandparents custody and some of them didn't treat her well so she became somewhat rebellious and depressed. And the guy that she married first is abusive and left her for a hooker. So she had 4 kids from that dude, and while working overseas, she met my father, and had me when they went back here. I think his kids are not happy about me being born because I am not their real full blood sibling and I came from another guys sperm, they felt like their mom left them, which is partially not true, because she worked hard for them being a single mom and left them with my grandparents, and my grandma became their pretty much mother but she never left them and always do her best to go back home. And my mom and my dad is not well off and we moved to another place far from our former home, and my mom started to do some business, and met a lot of people for the span of 8 years, at that years she left us with our step siblings and it's one of the worse 2 years of my life, i've been abused their emotionally and physically everyday, but finally stepped up and retaliate and finally i got kicked outta that shithole. we've moved to small apartments for a couple of years, and finally had our decent house, even though we have multiple houses we didn't lived there because of my mom and dad dispute. And this one old guy is always with her, it's her business partner, and they've made a company together, I thought they are just friends but I've caught them and saw my mom's texts, they are in a relationship, I think my dad also but lacking some evidence about it but I highly doubt he does have a new girl too. I once caught my mom and that old dude having sex and it did truly fucked me up. He treat us good and well, but still. Whole my life I've never had no one, I've never fit in, I've never felt truly loved, I think the only time I do get friends especially nowadays is when I try to fit in, and changed myself which truly makes me more miserable, whole my childhood I've been bullied by my classmates and teachers for being ugly af when I was a kid, and most of them are bigot prejudiced motherfuckers and everyone discriminated me back then because I have a darker skin before because of me playing too much under the sun, and now I am more decently looking but suffering from bad social anxiety OCD and depression, and I can't tell no one except my mom, which hurts me because I know she's cheating, and if I do something about it things will just become worse, people say I am a really talented kid I am good at music loves making songs, do good in school, but I don't know what to do anymore, my depression made me numb and I am slowly losing my interest on everything, I always try to fight, things did got better but I am still fucked up. I do like the guy but I do still feel sad knowing my family will never gonna be together and truly love each other, luckily my mom will finally gonna sell their company and in a couple of months they will gonna have the money and I can get some, I want to start a new life, somewhere, planning to go to states and study there, and I'll build my own family, I think this placed really did traumatized me, if I got mocked by like a foreigner, I ain't gonna take it seriously but if someone judged and mocked me and he's a fellow filipino, It truly do hurts, it brings back memories of me getting bullied and abused, I still love my mom and my dad and sister, but the rest they can go fuck themselves, I just want to have a real family, I am always isolated and alone, afraid, I am tired of this miserable life, I did got helped before but they just pretty much made things worse especially medications, I don't know man life is fucked up, I didn't even choose to be here, but yeah what the fuck can I do just gotta suck it up and continue on living. Just want to vent it out there I know someone had been through much worse shit than me but still my situation is still valid."", ""I think that killing myself is the only way. I am just tired, 18 years old, and my life is really fucked up, I have friends, but I don't like being with them, because I think that I always need to fit in for them to continually hang out with me, I came from a lower middle class family and most of my family relatives abused or bullied me, only my mom is the only one that really do care about me, but she has her own problems and can't help me. I am suffering from really bad depression, OCD, and social anxiety for like 6 years now since I was 12 and I can't really remember the time where I am really happy, I've done everything I could to help myself, meditate, exercise, do my best at school, find hobbies, read a lot of books, but I always kept on relapsing. I can't socialize and be myself anymore, my mind is just fixated to the idea that everyone will gonna be mean and will gonna judge me, just like how people treated me when I was young, I know it's not the case but even how much times I try to face my fears the fear is always there, and the OCD is becoming unbearable to the point where I can't do basic tasks without stressing myself too much, everyday is just pain. And I live in a third world country, where people that are mentally ill are frowned upon and there are a lot of toxic attitudes most people possess here and embedded on our culture, I honestly want to get the fuck outta here and wish I was never born here. And to make this worse, I am going to College and have to choose what is the path that I will gonna take, which is I don't know, my mental issues just took the life out of me that I am not interested about anything, I love music but I know I ain't gonna be making a living out of that, and my family is toxic, and they are pretty ignorant it always pisses me off. I am just tired, my mom did fucked up for making me, I didn't even fucking chose to be here, my life is just full of unfortune and tragedies, I am just tired, I think I am killing myself, it's becoming unbearable now and I think this is the only way I am giving myself a favor because I know there's a big chance things ain't gonna be better for me. I have no purpose here anyway, so fuck it.""]","💀😭🕳️⚠️😔,💀😭🕳️⚠️😰,💀😔🕳️😭⚠️,😔💔😭😞⚠️,💀😭🕳️⚠️",1
195,"[Timestamp('2021-01-21 20:36:11'), Timestamp('2021-01-22 13:33:04'), Timestamp('2021-01-28 15:55:33'), Timestamp('2021-02-10 10:55:10'), Timestamp('2021-02-14 19:07:58')]","['Useless. I am so useles... i hate living idk how i managed to fuck my hole life up.... i will end it soner or later, fuck this world', 'Fuck society. I hate the society i life in... i don鈥榯 fit in i don鈥榯 belong... i have always been an outsider... most of the time i tried to get my shit together alone, it didn鈥榯 work i am exhaustet and now my body is fucked. There is no higher power that gives you anything for your suffering... it is just pointless suffering, you get fucked for no reason and it is even considered your fault. School/University my town, the whole world is a big shitshow. No one is helping you to devlop towards a better life... they kick you especially when you are down...', 'Fuck existence. I thought it would get better... but it is now worse than ever. Problems increased. I am so fucked, my lungs and my back are fucked. Suicidal thoughts for years now. I got an ba degree but i don鈥榯 even know what to do with it. I really don鈥榯 know what my qualification is. Close to 26 and i cant even imagine a better life. I never even had a girlfriend, virgin of course, not even a kiss. I am not part of anything... i am so lonely... all i do sucks, my body hurts, no joy in life... i can鈥榯 even smoke weed anymore because of my lungs... fuck me. Ahh i forgot, even my hair starts started to receed... i always licked my hair. I hate this world... i just don鈥榯 have the balls to do it, to leave this fucking place.', 'Shit. It all went so wrong... i am 26 in a couple months and i can鈥榯 see a better future for myself. How could it be better...this world is so fucked up', 'Rotting away. I am just alive to wait for death i guess, i can鈥榯 see a better future. I try and try but i get constantly punished. Everything that gives me joy is taken away from me. One question i have is how people can have kids, it really blows my mind. I see my life and i wouldn鈥榯 wish anyone this experience. I guesseveryone who has kids is living a happy life otherwise you wouldn鈥榯 send someone into existence right?']","💀🕳️😭⚠️,😔💔😞🕳️⚠️,,😔😞🕳️😭⚠️,💀🕳️😭😔💔",1
47,"[Timestamp('2020-12-07 18:01:41'), Timestamp('2020-12-08 18:02:29'), Timestamp('2020-12-08 21:00:36'), Timestamp('2020-12-09 00:00:14'), Timestamp('2020-12-09 00:27:12')]","['I should have warned myself. I should have yelled at myself that this day would come, all too soon.', '2020 is a bad year to have your pants down.', 'Any boomer suicidal out here?.', 'Xmas trees gone already. I can鈥檛 ever recall Xmas trees being gone by Dec 8.', 'Envious of the latest celeb to die.']","💀⚠️🕳️😰😭,😔💔😢,💀🕳️🚨😭,😔😕📅🎄,💀🕳️😰😔💔",0
42,"[Timestamp('2020-11-02 06:46:22'), Timestamp('2020-11-07 21:34:42'), Timestamp('2020-11-10 07:50:57'), Timestamp('2020-11-13 08:55:00'), Timestamp('2020-11-23 08:05:59')]","[""I dont know what's going to happen. I have a date planned and its coming up soon. Suicide it pretty much the only thing I can think about all day everytime I look at my wrists I think about it. Even when I'm not thinking about it it's just there always there in the background. I hate myself i wish i had a gun or something thats better than a knife but that's all I have so I dont know what I'm going to do. I think I will at least try though I hope I dont mess it up."", ""This is it. My grades are bad, my parents think I hate them I overhear them talking about how bad my grades are and how disrespectful I am they dont trust me to do anything they always look trough all my note books if I get one they look though my entire room everytime I leave to do something I cant hide anything my phone, computer, closet, note books, sketch books, bags they'll look trough everything I have no privacy. My relationship with my parents is falling apart my grades suck I dont have the energy to go on I'm ready to do it."", ""Can someone talk to me?. Does anyone want to chat? If anyone isn't busy I really need someone to talk to."", ""I hate this. My best friend is getting distant I haven't seen her for almost a year and texting her everything seems so different it was like we just met a week ago. She was one of my only good friends and now it's like that's all fading away and mixed with school, parents, anxiety I'm just ready to end it. I've tried to talk to my other friend about it but I can never get the right time. I dont have enough confidence to tell my parents either. I give up"", ""Why cant i be happy. I have a good life and nothing should be wrong but I just cant stop thinking about killing myself all the time. I just feel completely empty and worthless. I find it hard to get out of the house or talk to people. I'm just a empty corpse. I want to be dead.""]","💀🔪🚨🕳️😭,💀😰🕳️😭⚠️,😔💔,💀😭🕳️⚠️😔,💀🕳️😭⚠️🩸",1
28,"[Timestamp('2020-10-05 04:39:37'), Timestamp('2020-10-22 14:34:49'), Timestamp('2021-01-03 22:39:20'), Timestamp('2021-01-12 08:15:25'), Timestamp('2021-01-18 22:15:36')]","['I am so done. I feel like I have consistently put so much effort into my life and school for what? I\'m just fat and pathetic. Other people get to cruise along on my work (it\'s bee like this forever, now I\'m a senior in college and still taking on way more work in group projects.) It really pisses me off. Honestly, it\'s scary that I\'m just numb at this point, more than angry or sad. There\'s a great song lyric ""Happy is the heart that still feels pain."" That\'s what scares me now. No crying. No sadness or anger. Just numbness. Blankness. I feel like life wasn\'t meant for me. I\'m an only child born after 7 years of my parents\' marriage, 7 failed IVF cycles, failed adoptions, and a brain surgery when I was 8 months old for a condition detected in utero. So many fucking opportunities for me to have not been born at all, or die in infancy, but of course, I\'m still around, 21 miserable years later. Sorry this post is so scrambled. I just wish I had someome to talk to about this shit.', ""I wish I could just stop caring. I don't understand why I'm always stuck in college dealing with people who just don't care. From group members who don't pull their weight on major projects to students who don't even show up for group assignmebts to TAs who couldn't give less of a shit if they tried. If I just stopped caring, this would all be so much less painful. I'm literally sobbing right now and contemplating leaving a freaked out voicemail to my psychiatrist asking to increase my anxiety medication because I just can't handle this anymore. I saw/heard a great quote once that was like: Good people go to therapy to deal with problems caused by people who should be in therapy. I feel like that's the story of my life. Jean-Paul Saryre had it exactly right. Hell is other people."", ""Ready for death. If someone came to my house and shot me, I'd have no problem with that. This world wasn't meant for me."", ""I've just watched my life pass by. I've moved around a lot in my life, and that has resulted in leaving a lot of friendships behind at first. Now, I haven't had any solid friends in 8 years and I'm 21, how depressing is that? Spent high school with fake friends (except for 1 person who I like but we are drafting apart), spent college with no friends and I'll be graduating soon. It has been utterly gutwrenching watching the people I went to elementary and middle school with still being in each others lives on social media, while they have certainly forgotten that I exist. I wish I'd lived in the same place my whole life because I had amazing friends before moving and even after my family's first move, but not since then. Some of this lack of friends could be due to us getting older and people becoming clique-y, but I am so depressed by it. Been in a psych ward 3 years ago. Been on antidepressants since then too. Life is still shitty and if there was to be a car accident, I would accept death with open arms. I have even thought about driving off the road, but can't harm anyone else or leave my parents with a shitty insurance/cleanup scenario. Oh yeah, did I mention I'm an only child who came after SEVEN failed IVF cycles??? Like fuck, killing myself now would just be cruel to my parents, but why must I suffer??? That was a long rant, and I am sorry, but I am seriously just numb at this point, I wish I could cry but I am just gone for. Waste of a life. Ready to die. I'm so shitty that I'm even posting this in the hopes of getting some final attention. What a jerk. Well, I'll be here for the next 20-30 years, depending on how long before both my parents pass and I can leave this world without guilt."", ""So ready for death. I really don't have anything to say, I've posted here q bunch before. But yeah, today has sucked. Apparently 3rd Monday of January is the most depressing day of the year statistically:(""]","💀🕳️😰😔💔,😭😔😖💊⚠️,💀🕳️😰⚠️😭,💀🕳️😭⚠️💊,💀😰🕳️😭⚠️",1
475,"[Timestamp('2020-11-25 08:44:37'), Timestamp('2020-11-26 07:11:32'), Timestamp('2020-11-27 03:33:22'), Timestamp('2020-11-27 08:58:25'), Timestamp('2020-11-28 08:46:30')]","['Suicidal people are the only qualified psychiatrists. No amount of school will teach you how it feels to hate existing..', 'Are my second thoughts just my bodies attempt to keep existing?.', 'I grow more excited as my day approaches. I finally get to leave this bullshit. I鈥檝e never felt as happy as I do planning this. Even if the things I wanted were brought into my life I鈥檇 still do it, my minds been poisoned too much to return back now. I hope this works out, if not then I鈥檒l just keep trying.', 'I鈥檓 going insane. Every single second my mood and interests keep changing back and forth to the point I don鈥檛 even know who I am.', 'Planning to die is the happiest I鈥檝e ever felt. I have motivation for once and feel like I have a goal to accomplish.']","💀🕳️😰😭⚠️,💀🕳️😰😔💔,💀🕳️⚠️😭🔪,😔😖😞⚠️,💀🕳️🚨😭⚠️",1
492,"[Timestamp('2020-04-19 10:11:04'), Timestamp('2020-04-29 18:43:39'), Timestamp('2020-05-08 20:15:36'), Timestamp('2020-06-03 17:04:30'), Timestamp('2020-09-24 16:16:50')]","[""Still alive.... Thanks to my cats, Iam still here... I will have to make myself some cyanide.... I don't know how long will I be able to live, hopefully long enough to get throu this shit...."", ""I just want to be gone, no-one cares anyway.. I have everything I need to make cyanide, so why not? My parents don't give a fuck about me, they don't even buy food for me anymore, if I eat something else than bread, butter and occasionally egg, I get yelled at, and it's not like we are poor or something.... Then they complain that Iam underweight, well no shit. At the end they jerk of each other about how bat, arogant, useless Iam and so on... What's the point anymore, my cat was keeping me afloat to this point, but it's getting too much... Why am I even writing this, no-one cares, I just need to get it out of me, but what's the point, Iam going to end up 6 feet underground anyway, so why not speed things up."", ""Don't read this, Iam drunk and lost.. I can't it's too much I cut myself again. Aiam an disappointed, why don't I just end it. I have no use, Iam useless, pointeess, gone I cant. Iam in loop dont. I want to be underground already, by cyanide. I don't feel alive, it's shit Iam so blind Iam nobody, Iam pathetic I want to cut myself to shreds. It hurts so I cut. Who gives a fuck. There's no way. I want to wake up, I can't. 脕aaa谩a谩谩谩aaaaaaa谩谩 nothing helped don't drink don't do drugs it doesn't help I feel raped. None of it it's not I can't. Why? Iam mess. Death of one is an tragedy, death of million is an statistic. death inside why not break this empty shell? Fd q cant"", ""Please, someone, I have bottle of cyanide in my hand and I don't know if I will be able to hold myself."", ""So Iam going to kill myself this weekend.... On this weekend I'll go home and hang myself, I have had enough. I don't even know why Iam posting this, but yeah...""]","💀💊⚠️😭🕳️,💀⚠️🕳️😭🔪,💀🔪😭🕳️🚨,💀💊🚨⚠️😰,💀⚠️🪦😰🕳️",1
232,"[Timestamp('2021-12-12 19:32:27'), Timestamp('2021-12-14 04:58:31'), Timestamp('2021-12-18 20:13:09'), Timestamp('2021-12-19 09:40:54'), Timestamp('2021-12-20 21:01:33')]","['I wasn鈥檛 meant to live past 20. I鈥檓 not that surprised I never succeeded when I was younger But at this point I鈥檝e got a new level of knowledge and determination You can learn a lot in 4 years Like that you鈥檇 actually enjoy hanging yourself Because you don鈥檛 really care so much about the method, just the final result Maybe mount a blade that drives into my neck as I suffocate Rope and blade? I think so.', 'Fucking hell I never feel well. I can鈥檛 wake up a single day and feel ok If anything I just keep feeling worse When can I kill myself? The clock is ticking. It鈥檚 really just me that鈥檚 gotta work up the balls to pull through. There are so many options but I鈥檝e gotta pick one. Whatever I鈥檒l be gone the quickest, I don鈥檛 even care anymore. My existence is so useless. I just need to be gone. Please.', 'I just want to kill myself. Well I almost ended up in the ditch, that would have been lovely It felt great I love bad weather As long as I don鈥檛 hurt anyone else I鈥檓 fine I just hate this life And I鈥檒l take any chance I can get I鈥檓 fucked up鈥?, 'Just living makes me want to kill myself. I鈥檇 be better off dead I feel like death May as well finish how I feel There鈥檚 nothing I want more Than to fucking kill myself', 'Killing myself always seems like a good idea. At this point it feels like the only thing that will actually bring relief I鈥檇 rather be dead than feel sick all the time I鈥檇 rather kill myself than keep living and pretending There are so many ways I could do it I just need one of them to work Maybe I鈥檒l get myself a rope and a blade for Christmas Merry Christmas to me The best gift I could ask for, death Lol']",💀🔪⚠️🕳️,1
181,"[Timestamp('2021-12-04 02:10:09'), Timestamp('2021-12-15 00:16:48'), Timestamp('2021-12-15 00:42:29'), Timestamp('2021-12-21 18:31:26'), Timestamp('2022-02-01 20:18:10')]","[""I'm giving up. I can't work like normal people can to afford a living. 40 hours a week stresses me out and feels like a huge waste of my life. Nothing motivates me or that I find pleasing to want to turn into a career. I love my girlfriend, but she deserves better. Someone that can grind the work life and afford a place for two people. I'm nothing but a fucking loser and a waste of life."", ""I've stopped trying and caring. With how the world has been lately and what's gone on around me I'm just so done with it all. I struggle to find a job let alone keep one. I struggle to be independent. I struggle to keep contact with people around me. I struggle to tell the people I love I'm okay when everyday I'm suffering. I get people online that stalk me over stuff I post about. I'm just done with it all. Please God I don't want to wake up tomorrow."", ""It sucks I don't go through with it because at the end of the day I just look like someone who wants attention. I really do just want it all to end. I want to stop living. Yet I'm here because I have people in my life who want me. However, even with those people I just want it to end. I have no passion, no motivation and no desire. I do love my girlfriend, but I feel like I'm just a failure for not having a job or a place for us to live. I just want to die...."", ""I'm starting to get tired of living for my loved ones. I just don't want to do it anymore. I've stayed alive for this long to be there for my folks. Who already look down on me because I can't lose weight or I'm struggling to get a job I want. In reality I know I don't want to work, but have to in order to get a place. I'm tired of living for my girlfriend. Who is so wonderful, but again I just don't want to work and I know you end up a loser for not wanting to. I'm starting to let go of my attachments. Hearing the voices in my head telling me everyone would understand why I left as long as I write it down. Perhaps I'd just dissappear all together. Walk away from it all with nothing but my wallet, backpack and clothes. It sounds so nice...letting it all go..."", ""It's been months now without a job and I just want to give up. I've tried to get a job since I got laid off in October. I have been applying for work each week. Yet I either get no response, a response back saying I don't have the experience when I do or get a sorry we didn't think you'd be a fit. I feel defeated each week I don't land something. Especially when I am asking for entry level jobs. It doesn't help that I struggle to wear a mask otherwise I could apply to so many more jobs than just the few I find each week. I just want to die..""]","💀😔💔🕳️⚠️,💀😭🕳️⚠️😔,💀😭🕳️⚠️😔,💀🕳️😭⚠️😔,💀😭😞⚠️🕳️",1
68,"[Timestamp('2021-03-12 16:40:23'), Timestamp('2021-04-02 08:24:55'), Timestamp('2021-04-14 17:53:46'), Timestamp('2021-04-15 19:31:21'), Timestamp('2021-04-16 14:27:24')]","[""I'm quite suicidal right now. . Life is beyond unfair. I'm still a virgin at 21m. Yea yea its no huge deal I get it. But I've been my whole life without being desired. Not like anything is gonna change. I hate the shit out of life. Depression kills every part of me. My libido gone , personality gone , im ugly, useless , talentless, undesired by all. Ill be a virgin forever. Mainly its mental illness and my ugly face. Being ugly and a virgin is just the cherry on top. Usually I don't give a shit but I took this pill that makes me overly emotional and shit I just am so suicidal. I am tired of it all.. dunno how the hell im still alive."", ""Suicide keeps calling me. If depression never fades i don't wanna live. So far been depressed 9 years. Horrible anxiety. Some ocd. Extreme adhenoia. No one thinks I'm good looking despite years of working out. Lost all progress at gym anyways due to it closing fucking joke tbh. My whole life I only see people live better lives , externally anyways. Internally I got it really bad. No one cares about me which is okay. But feeling human would have been nice. Being desired by women, having kids and a wife and solid career. I wlulda been cool with that. But life wants me to have nothing. I don't even have energy to clean my room ever. Life sucks"", ""Tempted to just slit my throat. The pain in life is fucking brutal. Beyond unbearable. What a dark day, but its always a dark day with chronic depression. I hate this shit man. My face is so damn ugly. I'm super mentally ill to the point where I can barely do a damn thing NO MATTER how hard I try fuck. Ill die alone and be a virgin forever as I don't wanna fuck a hooker. Probably don't even have the balls to do that. Im a waste of life, fucking filth i am. Done nothing good on earth no matter how hard I try . I am beyond cursed and no one ever likes me. I cannot explain how severe this expression is but God damn it felt so normal to just hold a knife near my throat"", ""The pain is unbearable. Don't think ill last much longer. I don't wanna live. There is no hope. Ill be severely depressed chronically for life and other mental illnesses. I'm still a virgin at 21m and that shit stings me so much. Stings me how I had put so much effort into myself just to be ignored while everyone around me is getting laid and falling In love like its nothing. Fuck this life. People will say that it doesn't matter yea well try going your whole life undesired and as a ghost. Try being fucking shit at everything. Fuck. After I got hurt on pyschedelics badly weed doesn't even really work. For me there is no escape but death"", ""Tired of trying. Jesus christ. I'm fed up with life. Every fucking second is torture. I don't even get to live. A life without happiness is no life to me and my brain makes 0 happy chemicals so why the fuck do I have to keep living. Why do I have to keep living when I'm a useless virgin despite years of work being put into myself and still being beyond useless and undesirable. I suck at everything. I have no energy to work or do any school so I'm an unemployed loser. I don't have it in me to change. I just keep wishing I won't wake it but it never fuckin happens. Lifes cruel I just wanna die already fuck""]","💀😭🕳️⚠️💊,💀🕳️😭😔⚠️,💀🔪🕳️😭⚠️,💀😭🕳️⚠️💊,💀😭🕳️⚠️😫",1
35,"[Timestamp('2021-06-06 20:57:19'), Timestamp('2021-06-07 21:47:50'), Timestamp('2021-06-09 08:24:20'), Timestamp('2021-06-09 08:29:51'), Timestamp('2021-06-09 08:31:57')]","['I wish I wasn鈥檛 so hard to love.', 'I鈥檓 in so much pain.', 'There鈥檚 no point. I have no one to talk to. I鈥檓 all alone. Everyone hates me. My mom shouts at me. I鈥檓 done. I just want to die. Why does no one love me ?', 'I don鈥檛 know why I even bother. Every time I talk it鈥檚 either used against me or that person leaves. It鈥檚 not okay to be depressed. I don鈥檛 want to do it anymore.', '鈥淵ou鈥檙e so lazy鈥? I stayed for you !!!']","😔💔😢,😭😰🕳️⚠️,💀😭🕳️⚠️😔,💀😔😭⚠️,😔💔😢",0
123,"[Timestamp('2020-12-06 03:00:22'), Timestamp('2020-12-07 15:28:42'), Timestamp('2020-12-08 03:00:04'), Timestamp('2020-12-13 00:36:18'), Timestamp('2020-12-13 03:42:59')]","['Why can鈥檛 I just live for myself ?. I live for my husband . That鈥檚 about it, I tried to find anything to OD with tonight . My poor sick husband had to keep my brain sane while he鈥檚 coughing up a lung . I feel immature. But why must I keep living if I can鈥檛 keep up with myself?', 'Living for others and just drinking myself away because I feel useless. Just as the title says , I am suicidal but won鈥檛 do it . I love my husband , his family and all though - as someone else鈥檚 post mentioned .. we just want to escape the reality we are in.', 'I just want to spill everything out, but stay strong to those who need a friend..', 'Not sure who I can vent too without feeling like being judged .. This time instead of helping others.. I need help .', 'Long story but it鈥檚 my life story.. Let鈥檚 just say I need to vent, no one needs to read it but it鈥檚 better to get it out. . So when I was younger my father and mother were married . Not anymore since he used to abuse my two other siblings growing up . From be born to 9 years old. Turns out I wanted cookies from the cookie jar and pulled out 3 bags of meth. That鈥檚 what I didn鈥檛 understand until I was older. My parents divorced and we never tapped about our abuse to my mother . She was working full time and had 5 kids, she married 3 times. I鈥檓 one of the best . My two eldest siblings are from a different dad. Both suffer from mental illness. My brother who is in his thirties has schizophrenia, he just got out of jail for throwing rocks off of a bridge on a high way . He鈥檚 doing better. My sister also in her thirties had panic disorder. She is an alcoholic, but so is my mother now . My full blood siblings aren鈥檛 okay either. My sister who is Two years older than me has schizophrenia, anger issues, anxiety, and depression. She used to abuse me after my dad want around anymore. My twin brother has anxiety, which I found out this year and had no idea . He鈥檚 on medication. . Back on track.. my dad would abuse the three of us constantly. Spitting on us, choking, use anything to beat us with. He ripped my hair out multiple times and when I was 11 I cut it all off because I was afraid to see him when I had to first other family. I didn鈥檛 want him dragging me up or down the stairs anymore. He lived with my step mom and her daughter who ended up her daughter ended up molesting me in the shower every other day. I had to shower with her or my dad would beat me. Once when I was 8 my dad beat me with a piece of a bunk bed until I was unconscious, there was blood everywhere and my aunt was just coming to pick us up to take us to our moms. She knew about the abuse then, but not much of my aunt. She found me and throw us all in her car and didn鈥檛 even take me to the hospital.. I realized I have had so many concussions that I can鈥檛 even count because I don鈥檛 remember lol. My mom didn鈥檛 know until my sister in kindergarten told her friend that our dad beat us. Her friend told the school and then my mom found out. That day we weren鈥檛 sent home to moms and I remember her just screaming at my dad on the phone . Shaking us and asking why we kept quiet. That same week my mother refused to give us to our dad so he called the police. She cried and begged us not to go and the police man couldn鈥檛 do about about it. I just remember it so clearly. All of us just crying and hugging until the police man forcefully took us to our dad who was out side waiting and smiling. When driving us to his house he ranting about how my mother is a whore- so many words that burn into my mind that it鈥檚 impossible to forget even now. He told us he would kill us because we told our mother, that same night we were beaten so bad we couldn鈥檛 even go to school for the week. He lied and said we had the flu.. That time I reached into the cookie jar and found meth I remember telling my mom that same week and me being 9 years old. My father called and asked to talk to me, he had his car taken away from him and was walking home on the high way screaming at me. Saying how much he wished I would die and saying I ruined his life forever. Saying because I told mom that it was meth and it was. I don鈥檛 understand why the police didn鈥檛 arrest him. Never will. He told me to never, EVER, contact him again. How I was a mistake and I was that one single sperm that just somehow made it. He told me she was going to swallow me but didn鈥檛 . I just cried and cried. Eventually my mom won in court and we didn鈥檛 need to go back anymore. Finally I thought I was free but then my sister became the next abuser. I was 10, my brother and I ran up our stairs SCREAMING to our mother that she was going to kill us. She threw knives at us and told us she WILL kill us someday . It began to get so bad that my mother started to drink and not come home . This sister was only 12.. and my eldest sister .. probably 20 or so baby sitter most of the time . This abuse from my sister didn鈥檛 end.. . Forward to 2013 and up. I鈥檓 a teenager. My sister started smoking and also had weed. Was on any drug she could get on. My brother became distant and started smoking weed and drinking . The police were called so many times that I remember their names of each one. I was isolated and my sister was always trying to kill me mostly. She would humiliate me and torture me nearly every week. It was like walking on egg shells with her around, couldn鈥檛 say anything or I鈥檇 be beat. This is the time when my mother remarried and started drinking every day. She went to therapy with my sister constantly. In And out of jail with her (picking her up ..my sister ) and that鈥檚 when the neglect happened. My mother wouldn鈥檛 ever want to talk time. Spend time needless to say, not even have any conversation . My step dad was just as that to, exhausted from my sister. No affection at all, nothing. It became normal and I just isolated myself in my room for those years . Started cutting and losing weight. My mother use to weigh me constantly saying, EAT MORE- EAT LESS- constantly on diets and shoving food in my throat or telling me to not eat until dinner. This developed into an eating disorder, it鈥檚 so unfortunate. Still struggling with it to this day as well. . These times my cutting became so toxic that I almost died from it. My mother use to force me to be naked just to check my weight and see if I was cutting. I started to steal her booze and even took it to school, I鈥檇 drink just to stop the pain of exsisting. Until I almost died from alcohol poisoning. My family knew and literally put me down for it, how I felt, my depression, everything. Yes , i went to therapy but the doctors gave me medication too high of a dose and I couldn鈥檛 handle it anymore. Telling my mom she never believed me ever. I was a zombie who didn鈥檛 eat because of my medication. I dropped it- also therapy.. my mom hated me for that , later years she even refused for me to go to a mental hospital because I was lying- or it was too expensive, or it was me just doing it for attention. So I kept everything to myself . Could go out much to my friends. There was always a curfew , only an hour- only 2 hours. If I didn鈥檛 come home I was punished. . Fast forward - my older sister became an alcoholic. She has a child, my niece who was taken away multiple times. I remember my sisters boyfriend being toxic af. Accusing her of everything but truth was..she was doing those things. I was turning 18 though. Found my boyfriend at the time and ended up moving in with him. . During that 4 years we moved to an island , with his best friends family. They were dirty, hoarders, and they had two children who couldn鈥檛 do anything wrong..right ? Well i lived in that house with dogs, cats, ferrets , lizards, birds, hamsters- you name it. Feces coating the floor, Piss smell everywhere, dishes not done in weeks and children flushing my things down the toilet . Because I was in love I never left him and that family. This boy I was with was toxic to, dirty , uncaring and did things I hated. I hated weed for a long time due to my family and couldn鈥檛 stand it but I wasn鈥檛 going to tell him how to live his life . . I worked 2 jobs for those 3 years there. I would wake up at 6 a.m work until 12 p.m or longer some nights. It was exhausting but my boyfriend didn鈥檛 want to get more hours or a better job so I was forced just to help pay for the rent . Then I met a really nice coworker.. Let鈥檚 say this coworker accused me of cheating on my boyfriend with him .. and told that family. No one believed me, only my boyfriend. After that- that family HATED ME. They would purposely leave dog poop by my door, steal my money, steal my things, accusing me of stealing, saying I was a whore, a skank, etc. Every. Day. That lasted the 3 years I was there until they gave us the house and moved out. I remember the relief I felt and was so happy that I didn鈥檛 have to deal with it anymore. Then this happened. Our pipes were broken , no water at all. Our landlords lived in Hawaii so they were never around. They refused to pay and fix it so we had to shower out side in our bathing suits , wash laundry by hand ( only me) and do dishes with the only water we had. I did all of this while my boyfriend played video games and didn鈥檛 help at all. It was exhausting.. then back to work with my two jobs. Not even to months in, a hurricane. We were dealing with hurricane Irma, and had to prep the house up and drive hours away from there. . After the hurricane, we went back.. hoping our house was okay. And it wasn鈥檛 . Had to move back in with that family who still had there house and I was stuck there . Living in a caravan for our only privacy. It was horrid. The family started up again with the threats. Hoping to push our caravan in the ocean so I die. They would throw beer bottles at my caravan, so I鈥檇 step on glass coming out, refused me to use their kitchen, shower, even food. I lost my jobs and had to start from the beginning. No money- no anything. Everything I had was destroyed , my family begged me to come home but I refused. So then my relationship with my boyfriend went down hill . I worked multiple jobs just to afford groceries- anything. He had one job, 9 a.m to 3 p.m . I had a job that lasted 6 a.m to nights if I pulled a double.. which I usually did. I began driving constantly And he would ignore me so much I鈥檇 cry at random times but was told my depression wasn鈥檛 real. I would go out of my way just to do anything for this guy but the fights started . The screaming, the throwing, and he pushed me against a wall once. I had enough courage to finally end that relationship. Which resulted in him threatening to kill himself, he grabbed my favorite stuffed animal and threatened to rip its head off. Since I was stuck, I was stuck living there with him for a while . He slept on the couch, me the bed. We had the animals, two cats and a dog. He told me he will keep the dog and I can have the cats . All of them were my best friend since I was so lonely. He ignored me constantly and then shut himself away from me. The drinking got worse. I would drink 2 bottles a wine a night and black out everyday, then my sisters wedding came around . The oldest, she invited me and I thought I鈥檇 come back to get my belongings after. Turns out my aunt told me she would help and then lied about it. It took 2 years to get my things back . Basically- I left eventually . Met my husband, and life has been a lot easier. There鈥檚 more but I鈥檓 exhausted. Just thought I鈥檇 write it all out. Better than not I guess.']","💀💊🕳️😭,💀😔🕳️😭⚠️,😔💔😢,😔⚠️💔😢,💀🕳️😭⚠️💊",0
232,"[Timestamp('2019-04-02 03:48:49'), Timestamp('2019-04-07 04:13:28'), Timestamp('2019-04-11 06:59:20'), Timestamp('2019-04-14 05:14:21'), Timestamp('2019-04-21 05:56:56')]","['I鈥檓 just done with myself.... I seriously fucking hate myself. I don鈥檛 even know what to do anymore. It feels like I鈥檓 just a ticking time bomb. Each day is just one step closer to the day I finally do it, and make sure that it works. There are so many ways I could do it. It would all be over in a split second. I鈥檇 make sure it works. Maybe like what, three people will show up to my funeral? That鈥檚 probably being generous. At least I know it won鈥檛 really matter once I鈥檓 gone.', 'I don鈥檛 know why I do anything anymore. I鈥檝e been lying in bed for hours feeling like I鈥檓 going to explode. I鈥檓 so done with this. I鈥檓 honestly so done. I want to be gone. I鈥檝e had it with this life. I don鈥檛 know why I do anything anymore. I don鈥檛 know why I even try in school. I don鈥檛 know why I even bother going to school anymore actually. I鈥檓 too stupid. I don鈥檛 know why I waste hours messing around with my computers when other people are doing normal things. I don鈥檛 know why I even bother posting snippets of my stupid music, other than in hopes that maybe someone will like it and talk to me or something. Nobody ever does. I feel so pathetic. My life is so pointless. I barely have friends anymore. Literally like two people talk to me. I really don鈥檛 know why even. They have other friends. Better friends I鈥檓 sure. Why can鈥檛 I be like other people? Everyone has given up on me. Honestly I don鈥檛 blame them. I could have made plenty of friends at school by now, actually I was making friends at school, but of course I eventually end up fucking everything up, even if I don鈥檛 know how. I eventually drift apart from everyone, and that鈥檚 that. Maybe it鈥檚 because I don鈥檛 open up easily. I don鈥檛 even know how to socialize properly. No wonder I鈥檓 so fucking alone. Hell I actually can鈥檛 do anything right. I鈥檓 such a worthless piece of shit. I鈥檓 such a loser. I don鈥檛 belong here. I want to die. Please. Time to swallow way more melatonin than I should, in hopes that I just don鈥檛 wake up tomorrow. Maybe some people are just destined to off themselves.', 'I seriously just want to kill myself. I just fucking hate life. I don鈥檛 want to be alive anymore. I hate everything. I hate how everything comes to an end. I honestly just want to die. Nothing in this life is worth living for anymore. I have nothing left. I just want to be gone. The only thing I want to come to an end is myself. I just want to be gone already. I can鈥檛 do it anymore 馃槶', 'I want to do it. I can鈥檛 stop thinking about hurting myself. I really want to. I have nothing left to live for anymore. I actually know barely anyone would care. Nobody fucking cares about me. Barely anyone even talks to me. I guarantee if I just stopped showing up at school, nobody would notice. I guarantee that when I die, there will be barely anyone that shows up to my funeral. Sucks for me, but in a way it鈥檚 comforting knowing it wouldn鈥檛 upset too many people. Just one more reason to do it.', 'I鈥檝e had enough honestly. I don鈥檛 even know what to say anymore. I don鈥檛 even know what鈥檚 wrong. The only thing in my head besides a pounding headache is the thought of how easily it could all be over. I don鈥檛 want to be here anymore.']","💀⚠️🕳️😭🔪,💀💊😭🕳️🚨,💀😭⚠️🕳️,💀🕳️😭⚠️,💀🕳️😰😭⚠️",1
14,"[Timestamp('2020-08-22 03:08:15'), Timestamp('2020-08-22 03:53:17'), Timestamp('2020-09-30 18:08:08'), Timestamp('2020-10-05 23:33:40'), Timestamp('2020-10-13 15:40:16')]","['No matter how hard it is keep pushing.. i believe in all of you guys i know that all of you guys can battle whatever you guys are going through. no matter how much it kills you inside keep pushing i promise it gets better even if you don鈥檛 believe it. we don鈥檛 know each other but i鈥檓 here for you guys if you need to talk.', 'the plan. i鈥檓 probably just gonna do what i love to do for a few years then i might just kill myself in the future or sooner. i鈥檝e stopped telling everybody how i feel because i know no one cares like that. i鈥檝e just basically stopped asking for help. i鈥檓 going to keep all problems to myself i鈥檓 done i honestly tried but the feeling always comes back', 'advil鈥檚 got me feeling strange 馃お馃お馃お馃お.', 'anybody down to talk. woke up this morning with painful gums and i feel sick atm and feel a bit sad', 'i just want to go back to how shit used to be.. don鈥檛 we all ?']","😊💪✨🌟🙏,💀🕳️😭⚠️😔,💊😰🕳️,😔😢😞,😔💔😞",0
449,"[Timestamp('2020-07-10 22:59:38'), Timestamp('2020-07-13 21:17:44'), Timestamp('2020-07-15 02:50:12'), Timestamp('2020-07-16 18:01:33'), Timestamp('2020-07-21 00:45:14')]","['i feel horrible. i wanna die and its so miserable being alive because one of your friends will be sad and i dont wanna die if shell be sad. but. time will pass and she will forget', 'i almost dont want to feel better. if it takes this to prove a point im willing to kill myself i never wanted to live anyway', 'my mom is such a whine ass. 鈥淚 CANT SLEEP WITHOUT MY BLANKETS IDIOT!鈥?鈥渟iena you need to do chores at 10:30 pm RIGHT NOW NO EXCUSES鈥?i hate her voice, the way the looks and the faces she makes. such a pouty mother, i dont like her. shes one of the main reasons i want to die. im even afraid of her going through my books or my clothes to look for things, like blood stains or smthn. im afraid of her going in my room because she may check my phone. i have constant anxiety', 'wishing the world would end. so i would have an excuse for going. because apparently my depression is fake, so are my disorders. my friend says so. he said im the cause for his depression but i dont care because he isnt my friend anymore and im losing empathy', 'my mom is so fucking annoying and so is my dad. so im playing sims 4 with the cats and dogs expansion pack like normal. im building a vet, im running it. then my mom comes in with her fucking loud ass and tells me she wants to play VERY demandingly, telling me how she thinks im hogging it in a whine ass petty ass ungrateful ass voice. i give her the controller and immediately she starts complaining saying how its hard to navigate, etc. then in her pouty ass voice she starts saying how this is way too difficult and how its all my fault because i cant play the game right when shes the one messing shit up. then when i defend myself my dad chimes in saying how i need to shut the fuck up. who the fuck cares about you mom. nobody. maybe youre one of the fucking reasons why i have such high anxiety and depression']","💀😭😔⚠️🕳️,💀🔪😭⚠️🕳️,💀😭😰⚠️🕳️,💀🕳️😭😔💔,😔💔😢⚠️",1
95,"[Timestamp('2020-11-18 21:59:57'), Timestamp('2020-11-20 16:16:31'), Timestamp('2020-11-30 17:36:13'), Timestamp('2021-01-06 17:37:36'), Timestamp('2021-01-14 18:17:05')]","[""Therapy triggers me and then I hurt myself.. Every time I have therapy I get emotional and then I hurt myself. I know it takes work and it takes time but I hate how backwards I feel after. The only thing that calms me down is thinking about my suicide on crazy detail and planning everything out. I know that's know healthy either. Im in a mad loop right now. Its been a hour since my therapy and all I can think about is how stupid I am and how maybe my perfect suicide plan might not even work..... I hate when they say anxiety can't hurt you and that im safe. Im not. Im not safe with myself. And before you say go into the er I did 2 weeks ago. With my Healthcare I cant get any more help than I ready am right now so please know im trying my best."", 'Need a reson to live. Between living in the worst country in the world ( go USA ), having myself, and being suicidal im at a loss. I dont see a reason to live. I get up everyday and struggle to do everything. Nothing brings me joy. Everything makes me sad or angry. I need a reason to live and I cant think of one.', ""Cops didn't find me. I was suicidal last week and asked the animal shelter about giving up my cat. The shelter then contacted the police for a welfare check. The found another girl with my same name and then closed the check. Found out after a different cop was doing another follow up just as a general hey how you doing from last week. I never had contact with anyone and didn't even know there was a check sent out for me. I feel weird that they missed it not being me. Im ok but now I wonder how many people have been missed from mistakes like not checking an ID or something."", ""I just want someone to murder me. I want to bring someone joy for once in my life and they only way I know how is to have someone murder me. I'm a worthless life so maybe I can be some good in death"", ""Struggling for hope. Please give me a real reason to live. I can't find any and im ready to die""]","💀🕳️⚠️😭🔪,💀😭🕳️⚠️😔,💀⚠️🕳️😭😔,💀🕳️😭⚠️💔,💀😭🕳️⚠️",1
181,"[Timestamp('2021-10-05 02:26:07'), Timestamp('2021-10-13 11:33:10'), Timestamp('2021-10-16 05:38:05'), Timestamp('2021-12-04 02:10:09'), Timestamp('2021-12-15 00:16:48')]","['I feel like if something like this pandemic we can\'t control can just screw over our lives what is the point in trying?. I like many others have lost their job due to the Pandemic. I was hoping to stick with the job because it was a great gig. Being able to work during the week, had some friends in the workplace and I didn\'t mind the office environment. Yet once the company was taken over &amp; Covid hit things changed. Not only were there multiple down sizing\'s, but it eventually hit my friends and then me. I just feel so devastated even though I had a ""hunch"" it was coming. It just makes me not what to even try you know? Like things go great and then something comes around out of your control that just fucks your life up? Before I thought I was able to have control over my life. Sure I still do kind of, but then all the effort just ends up getting trashed over something you didn\'t see coming. One minute you were happy with coworkers you actually liked, the next they get let go and now you do. And now I just don\'t know what to do with my life anymore.... I feel like giving up.....', ""Is it suicidal to not go to the doctors?. I feel like I'm at the point in my life where if I die then I die. As of right now I don't have any plans to end it, but I have stopped visiting the doctor's and willing to accept when my time has come. Even if that means I die at 50 or earlier. I just feel like it's not worth pushing my life further than it needs to be. Especially when I see that the future is really grim."", 'Death sounds so nice right now. Just take me already. I want to leave... I want to leave... I WANT TO LEAVE...... I WANT TO LEAVE..........', ""I'm giving up. I can't work like normal people can to afford a living. 40 hours a week stresses me out and feels like a huge waste of my life. Nothing motivates me or that I find pleasing to want to turn into a career. I love my girlfriend, but she deserves better. Someone that can grind the work life and afford a place for two people. I'm nothing but a fucking loser and a waste of life."", ""I've stopped trying and caring. With how the world has been lately and what's gone on around me I'm just so done with it all. I struggle to find a job let alone keep one. I struggle to be independent. I struggle to keep contact with people around me. I struggle to tell the people I love I'm okay when everyday I'm suffering. I get people online that stalk me over stuff I post about. I'm just done with it all. Please God I don't want to wake up tomorrow.""]","😔💔😞😩🕳️,💀🕳️😔⚠️,💀🕳️😭🚨,💀😔💔🕳️⚠️,💀😭🕳️⚠️",1
227,"[Timestamp('2020-11-12 05:49:52'), Timestamp('2020-11-16 22:08:57'), Timestamp('2020-11-16 22:24:23'), Timestamp('2020-11-23 20:38:10'), Timestamp('2020-11-24 21:05:59')]","['Grand Bargain with God. 1. You take my life away and let me go to heaven Instead you give the remaining years of my life to those who are about to die but have happy enjoyable lives and are good people making positive contributions. Everyone wins.', 'I wish COVID was as deadly as they told us it was. That way I could have a chance at dying and ending this miserable existence. I wish there was some way I could die w/o being culpable of suicide', 'You can do everything correctly; but if God just throws his hate upon you nothing means anything.', ""Crazy how a factory worker in 50s had a better life than a young professional does right now. Back then a 40 hour workweek could support a family. Short commute. Had a good sized house. Could retire with a full pension. Higher Education was cheap if you ever wanted to get it and become rich. Now everyone needs degrees and both parents need to work. 60- . Can't afford a place to live. No pension. Working 60-80 hours a week. Educaiton is through the roof. Life is getting worse and worse as we keep working longer and harder for less and less. And for whatever reason, no seems to see that there is a problem and somehow despite all evidence to the contrary think life is better now. And even less want to do anything about it. I don't fucking want to live in hell. I want to die. Life is getting worse and has been since since the 70s. Why bother living?"", ""Considering the current state of life; I cannot imagine how it is possible for anyone not living under a rock to NOT be depressed. Life is hell. Unlike you are living in an alternate universe or extremely luck your life is hell. Quality of life keeps going down. We are working longer and harder for less and less as more wealth is going to our corporate overlords. In the 50s-60s one person could work 40 hours a week out of high school and support a family and have a good size house and a reasonable commute. School was cheap, government investment in infrastructure, and you could retire with a full pension. People believed in love and commitment. Minus the racism and defined gender roles, the 50s-60s were a f-cking utopia compared to now. Now we need multiple expensive degrees, work 60-80 hours a week, and both parents need to work. (Women working should have allowed Men to work less hours). Housing prices are going through the roof, goods are designed to break and fail, and commute times keep rising. Pensions don't exist. People do not believe in love and many people, especially Men, in their 20s get it denied as many rather whore around. Honestly, how is it possible for a normal person to not be depressed; unless they are drugging themselves or denying reality""]","💀🕳️😭⚠️,💀🕳️😭⚠️😔,😔💔🕳️😭⚠️,💀😭⚠️🕳️😔,😔💔😞🕳️⚠️",1
244,"[Timestamp('2021-04-06 10:08:11'), Timestamp('2021-04-06 14:50:39'), Timestamp('2021-04-07 03:03:31'), Timestamp('2021-04-07 04:05:51'), Timestamp('2021-04-07 05:07:54')]","[""I'm not happy with my life. I'm not happy with the way my life has turned out. I'll never get those years back and it makes me wanna die. I'm lonely and my life isn't going anywhere."", ""I'm not happy with my life. I'm not happy with the way my life has turned out. I'll never get those years back and it makes me wanna die. I'm lonely and my life isn't going anywhere."", ""I'm not happy with my life. I'm not happy with the way my life has turned out. I'll never get those years back and it makes me wanna die. I'm lonely and my life isn't going anywhere."", ""I'm not happy with my life. I'm not happy with the way my life has turned out. I'll never get those years back and it makes me wanna die. I'm lonely and my life isn't going anywhere."", ""I'm suffering from lonliness. I'm lonely and angry.. I'm so angry and lonely and horny I want to die. I'm suffering from lonliness. I can't take this anymore.""]","💀😭🕳️😔💔,💀😭🕳️⚠️😔,💀😭🕳️😔💔,💀😭🕳️⚠️😔,💀😭😰⚠️🕳️",1
329,"[Timestamp('2021-01-16 03:24:14'), Timestamp('2021-01-20 03:36:06'), Timestamp('2021-02-10 14:25:31'), Timestamp('2021-02-10 14:33:59'), Timestamp('2021-02-13 03:58:14')]","[""why do people even care about people like me who wanna die on a daily basis. there are literally seven billion people on this earth, having ONE LESS won't hurt"", ""it's getting worse. I've never cut myself before, but I started scratching myself recently. So hard that it's starting to actually tear off skin it doesn't even hurt why doesn't it hurt why can't I feel it am I really that numb to feelings"", ""I wanna have a kid in the future but I don't want them to go through the same pain I did.."", 'death is like a one-sided love.. It doesn\'t scare me anymore. The idea of death. I guess it\'s because I\'ve tried to die so many times. It\'s comforting in a way. Death is the end of it all. Sure, the end of happiness, but when did that ever last long anyway. Death is the end of sadness and suffering and getting worse. Of course, I\'d take comfort in it. It\'s like my friend. Someone who\'ll take my hand and say, ""Come with me, it\'s your time now."" But it doesn\'t ever take my hand. I wish it did. It\'s like unrequited love. You try everything in your power to get to them, but they\'ll never return to you like you want them to.', ""I try so hard to reach my dad but when he tries to reach me it doesn't work. I gave up on our relationship a long time ago. He's emotionally abusive and gaslights me all the time, and I can't deal with hanging out with him anymore. He always yells or invalidates me when I try to talk to him. I dissociate whenever he even slightly raises his voice, I had my only panic attack because of him, and I started self-harming because he makes me feel so bad. I had tried so hard a couple of months ago to get to him, but it never worked. He was always mad and I couldn't fucking do anything to change that. So, of course, I gave up. Nothing was working after weeks upon weeks of constant emotional torture, so yeah, I completely and entirely gave up. Only when my mom talked to him did he decide to change. I know he doesn't really want to change. When he hugs me in the mornings (which he never used to do), there's this empty and uninterested look in his eyes that I know by heart. Everything he's doing is half-assed and fake. And I can't seem to stop pushing him off when he hugs me or touches my shoulder. He's fucked up this relationship. I'm literally never getting my old dad back. He's so far gone that I just know.""]","💀🕳️😭😔⚠️,💀🕳️😭🔪⚠️,😔💔😢,💀🕳️😭⚠️🩸,😔💔😢🕳️⚠️",1
379,"[Timestamp('2021-05-04 17:21:28'), Timestamp('2021-06-24 07:19:18'), Timestamp('2021-06-24 07:48:08'), Timestamp('2021-07-05 06:08:17'), Timestamp('2021-07-05 06:29:25')]","['Ive had enough. and i want to end it all but im lazy to do it馃拃pls help me I really dont like myself I need to be dead asap ig even death dont want me : )', 'rethinking about my wholelife now.', 'cheat life. why do you think we鈥檙e still in this shitty life every day is suffering but still cant leave?death still dont come for us? i see many good talented people leaving this world at young ages 鈥渨hy?鈥?i used to ask now i know its cuz they鈥檙e such nice people they don鈥檛 deserve to live in this shitty world so god takes them to heaven leaving the world with more sick people', 'feeling weird. first time dying kinda nervous im a poosy鈽濓笍', 'but if u really want to help me. Just tell me how to do it pls i cant buy stuff i live w my family but i really want to end it all']","💀😭🕳️🚨,😔💔🕳️,💀🕳️😭😔💔,💀😰🕳️😭⚠️,💀🔪😭⚠️",0
60,"[Timestamp('2020-10-26 03:30:32'), Timestamp('2020-10-26 05:30:59'), Timestamp('2020-10-27 02:08:26'), Timestamp('2020-10-27 03:27:01'), Timestamp('2020-10-27 11:25:20')]","[""Wanna talk?. Having a episode and i'm bored"", 'Is this neglect?. Mom knows my bed has bugs but she refuse s to wash the matress', ""My mom. She makes me take SO many meds and added some more fiber tablets and b12 but do i actually need all that? like sure i don't eat that healthy but making me chug down tons of pills every night might not even work"", ""Let's talk. Please"", ""People posting about wanting to die isn't wholesome. Why do they keep get awards?""]","😔😩⚠️,😔😩😖,💊😔😖,😰🕳️😭,💀⚠️🕳️",0
48,"[Timestamp('2020-12-12 17:05:17'), Timestamp('2020-12-12 21:47:03'), Timestamp('2020-12-14 20:43:18'), Timestamp('2020-12-15 03:49:40'), Timestamp('2020-12-16 14:57:18')]","['I have all but guaranteed my death in early 2021..', 'Here Covid Covid Covid!.', 'My imminent death is foreseeable anyway. I should get MAID, as my imminent death is foreseeable anyway, but it鈥檚 not physical, so...', 'Thankfully no 3K suicides per day in the USA.', 'Feeling more suicidal by the day. I should have died in September']","💀⚠️🕳️😰⚰️,😔😷😩,💀⚠️🕳️😭,💀⚠️🕳️,💀🕳️😭⚠️🚨",0
328,"[Timestamp('2021-04-07 19:14:36'), Timestamp('2021-04-15 03:05:47'), Timestamp('2021-04-15 11:13:13'), Timestamp('2021-04-15 13:51:51'), Timestamp('2021-04-16 17:14:49')]","['is being ugly a reason to kill yourself?. hey, i female and 16 am actually unattractive which means that i am seen as very ugly from the society because i don鈥檛 fit in the beauty standards. i have never had a friend in my whole life, not even online. i always got bullied by girls, boys, adults and children for being ugly. my parents call me ugly, my siblings, my school, everyone that sees me. i feel like being ugly affects everything in my life. i never really was happy and i think of committing suicide, everyone is a hypocrite, say it is okay to be yourself but then bully others for being ugly. is it a reason to kill yourself?', 'i think i will run away from home now. there is no hope i think i am going to take a lot of pills and run away', ""i wish my attempts were successful. i'm afraid to go in public because everyone judges me and talks about me that's why i'm always alone and have no friends i don't want to go to school anymore everyone in my class hates me too somehow everyone hates me and used me only when they had no one to talk to and then they talk badly about me because i'm different from the others since yesterday i've had the thought that i was probably raped as a child i'm afraid of everything nobody believes me i'll get it a panic attack almost every day i can't trust anyone my parents will be angry with me and the school won't be able to help, everything is so bad in the world you can't stop bad things like rape, there will always be rape nobody believes me i want to harm myself my suicide attempt didn't work"", 'thinking about doing it in my sleep. i think it will work better than last time', ""i'll try to run away from home and kill myself. there is no point in living when everyone makes fun of you because you will never have the same things as them no one knows that i will kill myself""]","💀😭🕳️⚠️😔,💀💊🚨😭⚠️,💀🕳️😭⚠️,💀🕳️⚠️😭💊,💀🔪🚨😭🕳️",2
136,"[Timestamp('2020-12-10 14:03:24'), Timestamp('2020-12-14 11:47:55'), Timestamp('2020-12-18 16:08:02'), Timestamp('2020-12-28 13:10:22'), Timestamp('2020-12-29 11:57:32')]","['getting out. ok . i want to live . now what ? it seems impossible . i have left contact with all friends . i need to tell my situation to not so good friends . i dont think ppl will understand . i want to live . but now things seem more impossible . if u have gotten out of this . tell me your story . the steps i should take .', 'help. u write about 1000 words describing u are suicidal and in pain to close friends . all u got is a seen notification . not a word . &amp; i need such people . now . ppl with ego . hatred and maybe bully . idk what to do .', 'somebody??. just tell me anything!', '.. i love u mama', 'Farewell !!. 22 , A dead boy from the valley of despair . broken dreams . tears . outcasts . lowlifes . &amp;#x200B; i dont see any hope . any light . i am angry . frustrated and anxious all at the same time . haha , i see my death already . i feel so low. i hate myself . why it is like taht ? why am i with toxic friendss? what kind of test is this . why am i being so weak like this . why cant i say fuck off and be strong . why do i depend upon friends who dont even care . why am i crying all day . why even everything is good i am not satisfied . why ? &amp;#x200B; i dont want to quit . but sometimes i feel so alone . hopeless . and dead . i wish i was happy and fresh .somewhere aling the line i was in the path of tronado . and it got me totally. &amp;#x200B; how can i change ? ppl dont care . close friends wont show up, ppl hate . i hate myself. i dont think i can get a job . learn something and all']","😔💔🕳️😭⚠️,💀😭🕳️⚠️,😰🕳️😭,😭💔⚠️,💀🕳️😭😔⚠️",1
27,"[Timestamp('2021-06-30 00:04:04'), Timestamp('2021-07-02 16:50:52'), Timestamp('2021-07-13 09:03:07'), Timestamp('2021-07-13 15:01:36'), Timestamp('2021-07-24 22:19:46')]","['Someone.. please. Anyone.. help me', 'Nothing feels real anymore. I鈥檓 only alive for my partner.. I don鈥檛 want her dead as well.. but she keeps wanting to do stuff that I don鈥檛 like but I do to keep her happy.. nothings real anymore.. it can鈥檛 be', 'Anybody..?. Hey.. I鈥檓 back here again.. I just need someone to vent to.. please..', 'It鈥檚 the only way out.', 'Soon. Soon I鈥檒l finally be free']","😰💀🕳️😭,💀🕳️😭😔💔,😔💔😢,💀🕳️⚠️😭,💀🕳️⚠️😭🌑",0
181,"[Timestamp('2021-06-02 20:14:42'), Timestamp('2021-06-07 02:56:49'), Timestamp('2021-06-08 02:05:59'), Timestamp('2021-07-21 04:52:09'), Timestamp('2021-07-21 13:37:05')]","[""I feel like a failure for not sticking with my college career. I thought I wanted to cook for a living. It wasn't until I actually got into it that I realized I didn't enjoy it. Seeing how cooks were rushed constantly getting food out, staying late a lot of the nights to close sometimes not getting home until 1 am, etc. I mean hey props to whoever is a cook. I just couldn't deal with it especially when you would get unhappy customers and staff. Perhaps it was the certain place I was working for, but I liked working in an office environment. Only now that I have my office job being shut down in a month after so much downsizing. Of course now that we had a pandemic it's really killed the job market for office workers. So now I feel stuck and a failure. Unsure of what I want to do or where I want to go in life. A lot of life is overwhelming when you think about it. Having to get a job that pays well so it can afford the roof over your head and food. Caring for yourself while looking out for those close to you. Having been struggling with my weight issues since school. People around me who care expect me to get a job, but not only are there so many different jobs out there you have to make sure the job you get pays enough. I wake up a lot feeling angry and upset. Upset that I didn't pick the right career. Angry that I can't figure out what I want to even try next. Upset that I don't have the motivation to try anymore."", ""Get a job and lose weight. It's easy to tell someone this.. They want you to just get a job so you can get a place and live. Yet how can you get a job when nothing appeals to you? It's not even about having something appealing. It's wanting to have the motivation to get up to fucking do it. I think people have trouble seeing how if you're depressed it's a struggle to get out of Same thing goes with weight loss. You get to a point where you just don't care anymore. I wake up everyday not wanting to do anything, but I go to work just to pay the bills.."", ""Stop scrolling for a second if you want to hear something good. You're fucking strong I want you to know that. You aren't weak because you can't give up. You know deep down there is something worth living for. You've made it through so much. Even through a pandemic. Yet you are all still here. Each day you haven't given up doesn't mean you're weak. You're a warrior and strong af to deal with what you've gone through. I know that doesn't mean life is just suddenly going to get better today, or tomorrow and the day after that. Though that doesn't mean what you are going through is going to be the rest of your life! We worry so much about having a purpose, but you can have a decent life. Learning to stop caring what anyone else has to say goes a long way. There will always be that one person out there who feels the need to judge because they don't have their life together. FOCUS ON YOU AND TRY TO LIVE YOUR LIFE TO THE BEST YOU WANT TO LIVE IT!! YOU MADE IT THIS FAR DON'T GIVE UP NOW! THERE ARE PEOPLE IN THIS WORLD LIKE ME WHO CARES ABOUT YOU! I WANT YOU TO LIVE! I WANT YOU TO BE HAPPY! I WILL PRAY FOR ALL OF YOU WHO NEED IT TO LIVE LONG HAPPY LIVES!! &lt;3"", ""I go to bed not wanting to wake up. I don't do anything to cause harm to myself. Yet whenever I go to bed lately, I haven't been wanting to wake up. I am done trying to find a job when nothing interests me. I am done worrying about making enough money to afford a place. I am done trying to lose weight just to gain it back because I slip up. I am tired of feeling like a failure, but I don't even know where to begin to fix it.. I just don't want to be here..."", ""Anyone not suicidal but just don't want to be here?. I know it's a weird question to ask on this subreddit, but I am curious. I have been feeling this on and off feeling of wanting to end things. Lately though I have gone from that to just not wanting to be here. Like if there was another world or dimension I could go to I would love to go there. I just hate everything with how our society is today. Between the virus, pandemic, defunding the police movement, inflation, masking, etc. I am just done with all of it.""]","😔💔😩😞⚠️,😔😩😞💔🕳️,😊💪✨🙏💚,💀😔🕳️😭⚠️,💀🕳️😰😔💔",1
299,"[Timestamp('2021-07-03 19:14:14'), Timestamp('2021-07-04 17:47:45'), Timestamp('2021-08-13 21:30:37'), Timestamp('2021-08-16 14:17:16'), Timestamp('2021-08-17 08:25:41')]","['I鈥檓 done. Fuck!!. It just seems like everyone thinks their lives are better than mine. Ok, someone gay me a nasty disease. Why is God fucking with me? Kicking me when I鈥檓 down. I stopped talking to my family and few friends. I know you don鈥檛 care and that I seem like a man of inaction, I鈥檓 ordering my nitrogen and going to see if I can find an exit bag. Good bye.', 'Dying and Burdens. If I die, is there a way to make sure my family doesn鈥檛 carry any of my burdens, such as paying bills? I have the money to pay the bills, but when I die, they won鈥檛 necessarily stop. Even though I can鈥檛 stand them, I don鈥檛 want to have to worry about my final responsibilities.', 'I wanna end it but I鈥檓 scared. I cannot handle this anymore. I鈥檓 sick of trying to get through the pain, anger, and stress caused by work, my social life, and family. I hate my job and just want to get out of it. People don鈥檛 want me in any aspect of life; people even overlook my applications. I鈥檓 sick of being lonely and used when everyone else has fun. I think I鈥檓 just going to by nitrogen as it鈥檚 painless, but I鈥檓 too scared. I wish someone would shoot me.', 'Why can I not kill myself.. My job is killing me. I鈥檓 sick of being the one that is always targeted- this isn鈥檛 right; you need to do this, you are not performing enough. When we have Teams meetings, my staff always brags about what they have. I don鈥檛 have anything to talk about. It makes me frustrated and sad and want to die. I cannot live anymore. I don鈥檛 want to go to a CRC or admitted to a hospital. I鈥檓 panicking.', 'I realize why it鈥檚 time to go.. My best friend passed away around Christmas 2019, and I blame myself for it. He was my true love. I should have done more. He鈥檚 gone and I鈥檓 still alive. It鈥檚 not fair. He deserved to live. I am going to kill myself. I keep fucking up in everything I do, even work, which I may be fired from. I ruin everything I touch. My mom got into a car wreck because I stressed her out. Will nitrogen do the trick as I do not want to do the other methods and fail. Please, someone come to my rescue.']","💀⚠️🕳️😭,💀⚠️🕳️😭💸,💀⚠️🕳️😰💊,💀😭⚠️🕳️,💀⚠️🕳️😭",1
20,"[Timestamp('2020-01-21 22:23:09'), Timestamp('2020-01-22 00:12:16'), Timestamp('2020-01-22 12:18:33'), Timestamp('2020-01-23 18:20:56'), Timestamp('2020-01-25 13:13:27')]","['I thought I\'d never come back here....... I\'ll be honest with you all I never thought I\'d come back here. I thought that I was sick of self loating and venting, I tried improving my life, eating healthier, ""growing some balls"" like people told me. Sadly this terrible illness always comes back to huant me, it\'s like a moon that keeps following you around and that you can\'t escape. Thanks for reading my raunt, honestly I feel suicidal right now but I guess I\'ll just suck it up like usual, why must I be so broken : (', 'I鈥檓 sick of being screamed at and humiliated :(. The memories of being screamed and humiliated hurts me so much, not only from strangers just hating me but also from my own father. He screams at me and acts like a dictator and tells me that I鈥檓 selfish all the time and I can鈥檛 stand it, my heart physically hurts and he still thinks I鈥檓 just being ""silly"" or making things up. I guess he has a different upbringing but I鈥檓 sick of this, and he still wonders why I鈥檓 scared of ""showing him love"".', 'I feel like I鈥檓 loosing my strength : (. I can鈥檛 push myself through this, I鈥檓 too weak and sensitive. I just wasn鈥檛 made for this world and I don鈥檛 get the point with fighting this endless battle, I鈥檝e always had troubles but it鈥檚 been so painful lately. I feel like I never had a good mother or father figure and now I鈥檓 desperate for love and attention which I can鈥檛 get from my parents. I got severely abused and guilt tripped by my ex and feel like such a joke. If only I was strong enough like everybody else. Thanks for listening to my rant and don鈥檛 worry, I鈥檒l keep going through this hell till I have a heart attack or something hahaha.', 'I鈥檓 sorry for hurting you all : (. I always end up fucking things up. I鈥檓 sorry if I ever become distant or just quiet, I鈥檓 sorry that I鈥檓 not what you expected, I鈥檓 sorry that I just lay in my room every day, I鈥檓 sorry that I鈥檓 so mentally unstable. I鈥檓 sorry everyone if I don鈥檛 make it I just can鈥檛 take the pain and expectations anymore, it鈥檚 too painful and I feel so sensitive and I can鈥檛 distract myself much longer from this. Thank you all. If you see this then don鈥檛 worry I鈥檒l probably be alive, it鈥檚 just that I鈥檝e hit the lowest do the lows : (', 'I want to die I鈥檓 sorry : (. I just can鈥檛 take life anymore, I鈥檓 so sick of it! I鈥檓 trying my fucking hardest but I鈥檓 never good enough. I don鈥檛 care about money, fame or any of that. I just want to live a happy life, have friends and maybe some love. I can鈥檛 just get over it, im not choosing to be this way and I certainly didn鈥檛 choose to be born into this hell, I鈥檝e got every single thing against me ever since birth and it hurts so much. If it was as easy as getting over it, trying or growing some balls then I wouldn鈥檛 be crying myself to sleep every single day. I just wish my parents would understand. I鈥檓 suffering from mental health issues and all my father says is ""you have to get yourself out there and meet people, no one likes anyone who鈥檚 depressed all the time"". I don鈥檛 give a shit about growing muscles or trying to be ""cool"". I am who I am ok and if you don鈥檛 like that then fuck off.']","💀😰🕳️😭⚠️,😔💔😢😞⚠️,💀🕳️😭⚠️💔,💀🕳️😭⚠️😔,💀😭🕳️⚠️😔",1
127,"[Timestamp('2020-11-13 00:09:52'), Timestamp('2020-12-13 03:24:45'), Timestamp('2020-12-28 02:27:29'), Timestamp('2020-12-29 20:49:36'), Timestamp('2021-01-11 04:57:20')]","[""Im terminally ill and would like to make the choice myself.. I was told Friday night that it's over. I have told one person directly and 1 person indirectly. I don't feel like I am even in my body. The only thing I feel is sharp jolts from loud noises around me. I'm panicking and afraid. I'm extremely alone and isolated. I would like to be in control here before I'm not anymore. Please just talk to me, my heart can't take anymore. I really need peace."", ""Only one reason.. My little cat. Thats it. If he gets sick or hurt or dies. I will disintegrate and do the obvious. My life is so ruinous and torn to shreds right now, that the singular reason I haven't dragged scissors down my throat is because he exists."", 'Please care.. Im not going to be alive much longer. I just want someone to say they care before I go. Please.', 'Help, if you have a moment. Im very very close and drinking a bottle of vodka with my meds. m scared of everything. I cant function. Ive lost my partner. Im alone. Please help me, im begging.', 'Its all over. The end off the month and ill be free.']","💀🕳️😰🚨😭,💀⚠️🕳️😭🔪,💀😭⚠️🕳️,💀💊😰🕳️,💀🕳️⚠️",0
251,"[Timestamp('2021-01-25 14:22:19'), Timestamp('2021-02-02 03:44:19'), Timestamp('2021-02-04 04:12:45'), Timestamp('2021-03-12 06:57:48'), Timestamp('2021-04-09 04:34:54')]","['It is sad that I am too stupid and chicken to kill myself, yet I have a GPA of 3.42 and a bio major. Why is it so hard to end my life? UGH!.', ""Was this a failed attempt?. During a breakdown over my disabled's sister tantrum (Has a mind a 6 yr) I begged her to take a knife and kill me. I was honestly ready for the pain and my death. Of course she refused to do it. Is that considered an attempt? (Pls don't judge)"", ""I am ready for death... I just wanna die. I don't want to be here anymore. :(."", ""The pain will never end...thinking how to end it all.. I am done I am ready for death So done... Thinking of jumping or slitting my wrist open. Idk when I'll do or if I will...just want the pain to end. Sorry everyone..."", ""I just wanna escape, I made a plan.... I just wanna escape, I made a plan... but it will not work. I inspected the area where I was gonna someday jump. I quickly realized there is NO way to get over the damn fence to jump to my death. I can't fit through not climb it. They made it impossible. I might have to resort to a slow painful method since I don't have a gun or cyanide. Might I have endure the pain of slitting my wrist or the effects or RX pills. Sad that I am thinking like this. I just feel so worthless, nothing can take the pain away anyways... \\cries\\ I am only 21 almost 22 to be fair yet I am ready to die. It is sad how depression affect me to point I thinking to end it.""]","💀🔪😭⚠️🕳️,💀🔪⚠️😭,💀😭⚠️🕳️😰,💀🔪🕳️😭🚨,💀🕳️🔪💊😭",2
292,"[Timestamp('2020-11-26 03:02:07'), Timestamp('2020-11-26 03:56:23'), Timestamp('2020-11-30 16:13:38'), Timestamp('2020-12-04 22:30:29'), Timestamp('2020-12-06 20:25:52')]","['I can鈥檛 believe I鈥檓 19, I feel so behind. I鈥檝e been a little developmentally behind my whole life (learning how to do things on my own) but I just feel so socially and developmentally dumb compared to people my age', 'I feel like such a piece of SHIT for my body. TW: cutting. I鈥檓 in no actual danger of cutting but I want to get this out. I think I have body dysmorphia and i hate it SO FUCKING MUCH!!! I want to take a knife and fucking STAB ALL THE PARTS OF MY BODY I HATE and fucking slit ALL the parts of my body that are too skinny. I want to damage my body because I hate it so much. I want to slit my skinny arms over and over. I鈥檓 so fucking sick of feeling anxious every single day I wake up over my body, and trying to recover from this only to be triggered by a comment by someone or social media and then start panicking again. I hate when people tell me well then do something about it. IM FUCKING DOING EVERYTHING I CAN! I want to drag the knife across my puny biceps and watch the blood start to flow. I want to stab my arms so badly I hate them so much. I鈥檓 so fucking anxious and whenever I try to talk to someone about this they tell me it鈥檚 not a big deal because 鈥渁t least I鈥檓 not fat.鈥?If it鈥檚 making me want to kill myself I think it鈥檚 a fucking big deal. Fuck me. So sick of working out and stuffing myself with food. Fuck this. Hate my skinny, fragile, WEAK body SO MUCH', 'I feel like being an adult will be so boring. Just wake up and go to work and do the same things everyday? What鈥檚 the point in that? Yeah I could have a partner and children to keep me happy but it just doesn鈥檛 seem enjoyable at all', 'I feel like I cant survive in the world. I鈥檓 19 and I feel like I can鈥檛 do anything worthwhile independently. My parents do a lot of things for me. I try so hard but I can鈥檛, I don鈥檛 have the energy or concentration for things like organizing myself. I鈥檝e been doing better but recently I鈥檝e just been realizing how dependent I am of my parents and I don鈥檛 really think I鈥檓 ever going to be able to be independent, which is the whole goal of life right? So why don鈥檛 I just end it :(', 'Will life be better after the pandemic?. I鈥檓 so weak. I鈥檓 just lonely and bored all the time']","😔💔😞,💀🔪😭⚠️🕳️,😔😞🕳️,💀😔🕳️😭⚠️,😔💔😢",1
35,"[Timestamp('2021-06-09 08:29:51'), Timestamp('2021-06-09 08:31:57'), Timestamp('2021-06-09 08:45:42'), Timestamp('2021-06-09 08:52:38'), Timestamp('2021-06-12 19:23:54')]","['I don鈥檛 know why I even bother. Every time I talk it鈥檚 either used against me or that person leaves. It鈥檚 not okay to be depressed. I don鈥檛 want to do it anymore.', '鈥淵ou鈥檙e so lazy鈥? I stayed for you !!!', 'I need someone to listen. Please', 'I鈥檓 sorry I failed.', '2004 to 2021.']","💀😔🕳️😭⚠️,😔💔😢,😔💔,💀😔⚠️,💀⚰️🕳️",0
203,"[Timestamp('2020-11-10 20:51:07'), Timestamp('2020-11-14 01:39:09'), Timestamp('2020-11-14 20:01:42'), Timestamp('2020-11-19 23:35:24'), Timestamp('2020-11-20 01:02:08')]","[""The things that are happening to me seem unreal. I've never been this close to suicide"", 'Hearing anyone say ""you matter"" is a literal joke. Especially when it\'s a stranger. No I literally dont matter. I\'m the embodiment of the cliche ""they\'re better off without me"". I hate who I\'ve become and the memories and flashbacks of who I used to be and what life used to be are all a sick taunt running thru my mind every day. I\'m the opposite of someone who matters', ""Nobody can help me. Today is really bad. I'm in so much pain and I feel alone. Thinking about suicide calms me down. My mind is getting bad again and wont stop hurting me."", ""I'm writing a suicide note tonight. Once I get drunk enough, I will write out what's happened and why I feel like the only thing I can do is die. I'm gonna write to my people my version of the truth and let them know its just circumstances, and that it really isnt their fault. What will I do. No one can ever love my daughter like I do"", ""Just realized this is my choice. It's an honest choice to commit suicide and I just hope the memories that have been running thru my head that brings me lots of pain now to remember bring me peace while I'm dying""]","💀⚠️😰🕳️😭,💀🕳️😭😔💔,💀😰🕳️😭⚠️,💀📝🚨😭⚠️,💀🕳️😭⚠️🔪",1
113,"[Timestamp('2020-11-24 02:52:40'), Timestamp('2020-11-26 01:56:24'), Timestamp('2020-11-26 18:39:39'), Timestamp('2020-11-28 23:56:28'), Timestamp('2020-11-29 21:44:27')]","['On Vacation and too depressed to enjoy it. Literally sitting in Universal Studios Orlando on vacation with family and just feel like sobbing. I鈥檓 so depressed and sad.', 'Feeling Really Down Right Now. I鈥檓 feeling quite depressed right now and really would appreciate anyone talking to me. I鈥檇 be incredibly thankful. I had a good day for the most day but tonight I just feel really sad. I want to cry really bad but family is around', 'Feeling Really Down Right Now. I鈥檓 feeling quite depressed right now and really would appreciate anyone talking to me. I鈥檇 be incredibly thankful. I had a good day for the most day but tonight I just feel really sad. I want to cry really bad but family is around', 'My head hurts and I鈥檓 so depressed. I鈥檓 really depressed and stressed and feel like having mental breakdown', 'Why am I so much Lesser than others?. Why am not good as others? I feel like a worthless piece of shit. I wish I were dead. No matter how much I improve myself it seems I鈥檒l never be enough. I鈥檒l always be lesser than the person I want to be. I don鈥檛 want to live anymore']","😔😢😞💔😭,😔😢😭😞💔,😔😢😞💔😭,😔💔😰😭⚠️,💀😭🕳️⚠️😔",1
475,"[Timestamp('2021-01-20 23:48:39'), Timestamp('2021-01-24 00:06:36'), Timestamp('2021-01-24 22:46:50'), Timestamp('2021-01-26 01:50:53'), Timestamp('2021-01-26 03:22:13')]","['My birthday gift to myself is suicide. Few more months', 'looking for help. Hey guys, I鈥檓 going to be writing another book and decided it would be pretty interesting to have more than one person contribute to it. The book will obviously be about suicide, hence the name 鈥榮uicide club鈥?Looking for about three volunteers who enjoy writing to help me create this story. My vision is for it to be about 12 chapters with 2,000 words per chapter. That鈥檚 3 chapters for each person. It will be quite disturbing as my mind is dark as I鈥檓 sure many of yours are. If you鈥檙e interested in helping create this twisted novel with me please feel free to comment and we can discuss further details, thanks!', 'The only positive in life is death.', 'I鈥檓 a waste of life. To think I was raised for 18 years only to do nothing but consume resources. I can鈥檛 provide or protect anyone, not even myself... I mean obviously if I鈥檓 here. 3 more months and my useless posts, constant boredom, and overall dis attachment from life can come to a much awaited end.', 'Old couple arguing with cashier over a few dollars, I wish 3 bucks was the only thing I had to worry about in this life..']","💀⚠️🕳️😭⏳,💀🕳️⚠️😭🌑,💀🕳️😰😭⚠️,💀🕳️😭⚠️🌑,😔💔😞",0
251,"[Timestamp('2020-10-29 04:15:04'), Timestamp('2020-10-29 07:00:42'), Timestamp('2020-11-10 08:34:25'), Timestamp('2020-11-12 04:07:15'), Timestamp('2020-11-12 06:09:22')]","['Wrote a note today about how worthless, stupid and lazy I am and that if I kill myself that my parents should not blame themselves. Sadly, I am too chicken to do it..', ""I don't want to wake up tomorrow. I just tired of crying and feeling like shit. No amount of drugs can fix my broken brain.."", 'One minute I am fine the next I have thoughts about suicide.. I hate my brain. I am reduced to tears. I hate my depression!! I am on a number of meds and I still feel like shit at night. During the day I am fine. I am tired of crying and having suicidal thoughts.', ""I am tired if being consumed by these thoughts, I can't stop crying :( Help?."", ""Been crying over my thoughts for 2+ hrs...when will my depression leave me alone? I can't take this anymore. :''(.""]","💀🕳️😭⚠️🔪,💀😭🕳️⚠️💊,💀😭⚠️😖💊,😭😰⚠️💔😔,😭😔💀⚠️🕳️",1
482,"[Timestamp('2020-12-15 21:26:56'), Timestamp('2020-12-21 13:44:33'), Timestamp('2020-12-21 16:11:33'), Timestamp('2021-01-03 01:39:37'), Timestamp('2021-01-04 13:46:28')]","[""I'm ending it tonight. I was going to wait until the weekend but I just can't anymore. The last person who I hoped could help me get better never wants to see me again because of how sick I am, the closest friend I've ever had thinks I'm a monster and she's probably right. Once everybody goes to sleep I'm going to leave a note and hang myself. Goodbye everyone"", ""Why does suicide have to be so difficult. No matter what you try there's always a good chance you'll survive and just be in an even worse position than you were before. Paralyzed, comatose, permanently brain damaged. It'd be so much easier if there was just a big red button that could end it all without fail. It wouldn't even have to be painless for me to press it, guaranteed death would be I could just watch all my problems fade away without a care in the world."", ""I'm done with all this pain. I cant do it anymore. The one person who I thought actually cared about me finally showed me her true colours. I'm all alone now. I gave her everything I could and now I have nothing left. I'm alone and scared and I dont want to be alive anymore. The world is a cruel place and I'm not cut out for it. I just need to figure out how I'm going to end it all"", ""Why would I want to stay in a world where the people in my life always stab me in the back?. Often it feels to me as though the world is full of people who lie and manipulate to get ahead in life, with no regard for how their actions affect everybody else. Even your closest friends, the people you trust more than anybody, could just use you until you're no longer needed before kicking you to the curb like trash. Why would I want to stay in a world filled with such selfishness and hatred?"", ""I am completely alone and I am terrified. I have nobody else in my life I can turn to, everybody has either moved on or doesn't want me anymore. I suppose in a way I'm finally free to do this, nobody will miss me or grieve for me now. It's my time.""]","💀⚠️🪦😰🕳️,💀🕳️⚠️😭🔪,💀🕳️😭⚠️,💀🕳️😭😔💔,💀🕳️😭⚠️",1
243,"[Timestamp('2021-02-24 03:46:27'), Timestamp('2021-03-09 23:01:46'), Timestamp('2021-03-16 19:26:15'), Timestamp('2021-03-17 13:27:54'), Timestamp('2021-04-02 03:11:49')]","['I cut myself for the first time,. I never really understood why people self-harm until now. I had a really shitty day, getting bullied and slut-shamed at school. I oddly liked it almost like it blocks out all the other pain and replaces it with something less painful. I just took a pair of scissors and went at my arm. The even more fucked up part is how much I want to do it again.', ""Should I write a note or no?. So I'm planning on committing suicide but I don't know if I should write a note or not. I want those I love to know why I did what I did, but I also want them to suffer from the pain of never knowing why. Should I just write individual notes? like mom, dad, sister, etc...."", 'maybe I deserve to die.. A lot of fucked up shit has been going on in my life lately. I guess with all the going on I forgot what a horrible person I am. I鈥檓 a terrible person, a liar, and I鈥檝e hurt a lot of people. I don\'t know how, but I just forgot all the fucked up shit I\'ve done, when something bad happened to me. Someone who I thought was my best friend reminded me of what a bad person I am. My family, my ""friends"", everyone in my life will be better off without me.', ""I cut myself on a daily basis. A few weeks ago I started cutting myself, since then I haven't been able to stop. Now I do it every day...because my life sucks. It's addicting, I was trying to stop but then yesterday my dad called me a whore..... So I did it again."", ""I'm officially killing myself on April 15!. If things don't get better by April 15, I'm officially ending things.""]","💀🔪😭⚠️🕳️,💀🔪⚠️🕳️,💀😔🕳️😭⚠️,💀🔪😭😔⚠️,💀⚠️🚨🕳️😭",1
35,"[Timestamp('2021-06-27 12:22:46'), Timestamp('2021-06-27 16:47:06'), Timestamp('2021-06-28 08:58:44'), Timestamp('2021-07-03 22:40:10'), Timestamp('2021-07-04 21:11:12')]","['puts gun to head.', 'Groomed. I feel horrible. I feel so sick from it. I want to die. I can鈥檛 take it anymore. 鈥淚t鈥檚 okay because I鈥檓 16+鈥? I don鈥檛 want this. I don鈥檛 want to live', 'Why does everyone hurt me.', 'I鈥檓 just so misunderstood.', 'I wish I was loved.']","💀🔫🚨⚠️🕳️,💀😭⚠️🕳️,😔💔😢,😔💔😢,😔💔😢",0
383,"[Timestamp('2017-12-18 02:15:08'), Timestamp('2017-12-24 07:29:04'), Timestamp('2017-12-26 19:33:46'), Timestamp('2018-01-08 07:00:16'), Timestamp('2018-01-09 06:00:09')]","[""I'm so lost and don't know what to do anymore. I'm just so confused I wish I could just freeze time and think about my life. I really just need someone who I can open up to but I'm too stupid to even do that."", ""Turning point maybe?. I don't really know if life is about to get better or if this is the calm before the final storm but I have a tiny glimmer of hope right now that maybe I can beat this. I'm usually constantly thinking of killing myself but today was good."", ""My last stand. After a series of recent failures and victories I decided that I'm going to try to fix my life for and not hit 10 years of wanting to kill myself. I will try my hardest for this next year to become happy and get friends and become a person worthy of the love I'm told(but don't believe) I have from my coworker. I'm going to try my hardest in school and for my person this upcoming year. And if I don't win I'll kill myself knowing I tried my hardest to change this. I want to be happy I don't want to die pathetically. I don't care if life doesn't matter. I'll give it meaning. I won't let this be another little tiny boost of determination that I let fade away. I'll get better I know I will. I want to love myself and this world I live in. I won't ignore the people around me any longer I want to make them happy to. If you're going through troubles please try your hardest to improve yourself. I'll talk to you if you need encouragement I want to try to get everyone to work for a better self.(I wasn't sure if I should post here or not but I was pretty active here so I figured I should) Sorry about sorta venting but I had to. Wish me luck."", ""A week into the new year and I'm losing hope. I really wanted to change and improve my life when the new year started but I'm starting to give up. I wanted this to be the year I tried my hardest and I pulled myself out of these years of suicidal thoughts and depression but I starting to think I can't be fixed or improved but that I'll just struggle, give up and die. I'm not doing it tonight but I'm probably going to try to find the best methods for it when I wake up tomorrow l."", ""Can people even be happy?. I'm really starting to question if anyone is actually happy. I don't even know if there was a point in my life when I was happy. I have had happy moments but I don't think I've ever been in a state were I was just happy with life. I feel like everyone is just pretending to be happy or ok until it destroys them. I can't imagine actually being happy with life. Is it even possible?""]","😔💔😞⚠️🕳️,💀⚠️😰😔✨,💀⚠️😭😔💪,💀🕳️⚠️😭💊,😔💔😞🕳️⚠️",1
10,"[Timestamp('2021-04-20 21:58:56'), Timestamp('2021-04-26 00:09:01'), Timestamp('2021-05-20 01:11:56'), Timestamp('2021-06-11 21:32:14'), Timestamp('2021-06-12 21:00:23')]","['Want to kill myself because I鈥檓 a short guy. Any other short guys here depressed because of this? I don鈥檛 feel as upset as I used to tbh. To be frank, suicidal ideation makes me happy. Knowing I can escape from this nightmare is relieving.', 'I have brain damage. I鈥檝e discovered I have permanent brain damage from sleep deprivation. They鈥檙e notable, I have brain fog 24/7, I have trouble with word recall and memory. What鈥檚 the best way to kill myself? I鈥檝e decided that鈥檚 what I鈥檓 going to do. I have no future because I鈥檓 stupid now. I鈥檓 tired of dealing with pain every second of every day. I鈥檓 tired of being miserable. I don鈥檛 want to live, I want a 100% chance of death, I doubt want to survive with a disability of any sort.', 'I just got another concussion. I have brain damage. I don鈥檛 see the point in living anymore. This final concussion has finally ended my life. I won鈥檛 be able to accomplish anything in life with a single digit IQ caused the many concussions I鈥檝e had. I just don鈥檛 see the point in continuing anymore. I feel brain dead. I think it鈥檚 best to put myself down and end my suffering. I鈥檓 wondering if I should jump off a cliff or shoot myself in the skull', 'How to get over fear of death?. I鈥檓 tired of suffering, the only thing stopping me from ending my life is fear of death. I believe living for me is simply worse than death. Can anyone recommend any YouTube videos or anything that might help with this fear? I want my fear of death to vanish so I can finally end my suffering, I love myself too much and don鈥檛 want to deteriorate, I just want to put myself out of my misery swiftly and painlessly.', 'I鈥檝e had thoughts of suicide for months now. I want it to end. I want to love myself again and think I鈥檓 not worthless. I don鈥檛 want to be suicidal. Every single day I鈥檓 thinking of taking my life, I don鈥檛 know what to do about it. Is it possible to no longer have suicidal ideation?']","💀🕳️😰💊⚠️,💀🔪🚨⚠️😭,💀🕳️🚨🔪😭,💀🕳️😰🔪,💀🕳️😭⚠️😔",1
103,"[Timestamp('2020-10-04 06:14:30'), Timestamp('2020-10-07 03:50:03'), Timestamp('2020-10-07 17:50:12'), Timestamp('2020-10-07 21:11:09'), Timestamp('2020-10-14 00:38:33')]","['I feel so trapped in my own fucking head and I just wanna blow it the fuck open I鈥檓 so tired of the constant feeling in my chest of emotional pain and disappointment.', 'bye bye I love you all and hope for the best I won鈥檛 be gone right after this but my time is creeping up very fast..', 'I hope that when I die I get to spend every moment of my afterlife in some alternate timeline where I still have you by my side.', 'I鈥檓 in a constant loop of fucking my life up.', 'can someone please talk to me I feel like everything is closing in around me.']","💀🕳️😰😭⚠️,💀⚠️🕳️😭🚨,💀🕳️😭💔😔,😔💔😩🕳️⚠️,😰🕳️😭⚠️😔",0
251,"[Timestamp('2021-08-02 23:34:54'), Timestamp('2021-08-07 22:59:35'), Timestamp('2021-08-10 00:03:10'), Timestamp('2021-08-13 04:12:23'), Timestamp('2021-08-19 00:37:41')]","[""There is no light at end, just endless darkness..... I been suffering for 2 yrs. I tried my best to fight but there is point where you feel hopeless and useless. I feel like I am at that point. Nothing matters to me anymore. I have everything that I could ask for at my age (22 yrs old). A college degree, a job, my own car. I am very successful, contributing to producing cancer treatments though it might be a small one. Everything is ok at best. I feel like I have nothing to really live for tbh. I am tired of everything. Tired of the pain. I just wanna leave this Earth and be put to rest. In april I thought I finally saw the light, but it was merely a mood swing. I finally felt good, happy, elated, confident for once. But this lasted for a few days. Was foolish for me to think that was finally cured from depression, it was merely a trap. I just wanna give up the fight with my unknown mental illness. I am on many meds, such as an SSRI, Mood stabilizer, atypical anti-psychotic and stimulant. Though I feel like I am too chicken to end it myself, I am being plagued with these thoughts. Doubt I'd give a shit if I was at gunpoint anyways. Just want the pain to end....."", ""I don't wanna be here anymore.... Even though everything in my life is fine, I still wanna end it. Idk how and when I'll do it though I plan to end it all on a sunday night. I am tired of my mental health issues. I just wanna be at peace. Sorry guys..."", ""Wish I had a plan and the guts to end it all.. I feel like an attention seeking phony tbh...yet I truly wanna to die. If I had a plan and guts I'd do it. Just want it to be quick and painless."", 'Ready to die, but I am too chicken to do it.. I am done with my life. I tried... Thinking of how to kms. Sorry I feel like this.', 'I want to die, but I am too chicken.... This would so fucking easy if I had a gun and shot my head. I have everything someone my age could ask for yet I still wish to die.']","💀🕳️😭⚠️💊,💀🕳️⚠️😭🌑,💀🕳️😭⚠️🔪,💀🕳️😭⚠️🔪,💀🔫⚠️😭🌑",1
232,"[Timestamp('2021-09-07 11:28:12'), Timestamp('2021-09-08 07:05:55'), Timestamp('2021-09-08 14:47:08'), Timestamp('2021-09-10 11:54:07'), Timestamp('2021-09-11 11:29:37')]","['My existence is completely pointless. Just waking up is enough for me to hate myself It鈥檚 a viscous cycle that I don鈥檛 see ending anytime soon May as well treat myself the same way I get treated, like dirt Because I don鈥檛 matter I don鈥檛 fucking matter I need to get out of here', 'I really just want to die. It鈥檚 my only wish left for this life If I could make it an accident I would but killing myself alone gets progressively more and more tempting As long as it looks like an accident I don鈥檛 want a funeral, I just want everyone to forget about me I feel so alone I feel so worthless I just wish I could take a knife and put it right through my fucking heart I hope I don鈥檛 wake up tomorrow', 'I just want to be gone. This life is too much.. I don鈥檛 like doping myself up on meds but at this point I feel like I鈥檓 going to do something stupid without it I鈥檓 so worked up over nothing I just fucking hate myself and want to die I don鈥檛 want to live this life anymore', 'Every single day. I wake up with this terrible knot in my stomach already Why can鈥檛 I just disappear Nothing matters anymore I feel so worthless and invisible So worthless and invisible So fucking worthless and invisible I just want to fade away I want to be gone forever', 'I don鈥檛 want to live anymore. The fact I have to dope myself up on meds just to function and not drive straight into a tree should be a telltale sign something is really wrong And maybe I should get help But I really don鈥檛 care, as long as I seem fine, that鈥檚 all that matters As long as I seem normal Everything just hurts But I don鈥檛 care I really don鈥檛 care I really don鈥檛 fucking care about myself or staying here anymore I just want to be gone for good']","💀🕳️😭⚠️😔,💀🔪😭🕳️🚨,💀😭🔪🌑,💀🕳️😭😔💔,💀🕳️😭⚠️",1
517,"[Timestamp('2021-07-27 21:19:20'), Timestamp('2021-07-28 03:04:40'), Timestamp('2021-07-28 03:05:00'), Timestamp('2021-08-05 12:09:49'), Timestamp('2021-08-09 16:36:04')]","[""You can find me at your nearest front door;. Cause I'm a fucking doormat apparently."", ""I wonder what kind of person I'd be if I didn't wanna actively commit suicide.. Having that in the back of your head constantly drags you down in a way that is unimaginable. It's like why even try to build a life I could remotely tolerate if I don't plan on being here much longer anyways? It's like fixing up and abandoned house that you know the city already has the green light to tear down. I have no desire to have any dreams or goals because what's even the point? I don't see my self living long enough to fulfill them and if I was to fulfill them nothing can FILL this void I have from within. Oh why not use some paid time off and go on a vacation? Sure why not let's waste some money for a memory I won't be here much longer to reminisce about.. Start a relationship? Sure, why not possibly let someone fall in love with me just so I can end up hurting them even worse with my departure.. It all comes down to my existence, if I'm not going to exist for much longer why should I care about what I'm doing while I'm still here and the future? Make the most of the times I have while I'm here right? WHYYY when I'm dying ill be dying what I did and didn't do won't even matter so I'll continue to do the bare minimum until I decide I've had enough."", ""I wonder what kind of person I'd be if I didn't wanna actively commit suicide.. Having that in the back of your head constantly drags you down in a way that is unimaginable. It's like why even try to build a life I could remotely tolerate if I don't plan on being here much longer anyways? It's like fixing up and abandoned house that you know the city already has the green light to tear down. I have no desire to have any dreams or goals because what's even the point? I don't see my self living long enough to fulfill them and if I was to fulfill them nothing can FILL this void I have from within. Oh why not use some paid time off and go on a vacation? Sure why not let's waste some money for a memory I won't be here much longer to reminisce about.. Start a relationship? Sure, why not possibly let someone fall in love with me just so I can end up hurting them even worse with my departure.. It all comes down to my existence, if I'm not going to exist for much longer why should I care about what I'm doing while I'm still here and the future? Make the most of the times I have while I'm here right? WHYYY when I'm dying ill be dying what I did and didn't do won't even matter so I'll continue to do the bare minimum until I decide I've had enough."", ""What fucks me up in life the most is the picture in my head of how it supposed to be... And me realizing it will never be that way, wtf am I even still trying for? The race was already won... I came in last place.. but I'm still on the track running, it's pointless."", ""I have come to the conclusion that no matter how hard I try, it just isn't enough.. I am not enough.""]","😔💔😞,💀🕳️😭⚠️😔,💀🕳️😭⚠️😔,😔💔🕳️😭⚠️,😔💔😞🕳️⚠️",0
495,"[Timestamp('2020-05-14 23:22:54'), Timestamp('2020-05-22 19:17:18'), Timestamp('2020-06-08 05:26:35'), Timestamp('2020-06-28 23:15:34'), Timestamp('2020-07-26 20:48:58')]","[""Fuck this world, life isn't worth living. I'm done with it all.."", 'I smoked a couple joints of weed for the first time yesterday, and I feel like it completely cured all of my suicidal thoughts and depression. :).', ""Life is a complete fucking joke. I don't understand why people think life matters. Because it doesn't matter.."", ""The feeling of wanting to die has been haunting me for years. And I'm so sick of it.."", ""I really wish someone would just hold me at gunpoint already and pull the fucking trigger so I don't have to live another day in this world. I don't understand why people won't listen to me and understand me. Just let me die already..""]","💀🕳️😭⚠️,💀⚠️🕳️😭😔,💀🕳️😭😞⚠️,💀😰🕳️😭⚠️,💀🔫🚨😭⚠️",1
440,"[Timestamp('2020-10-29 07:51:15'), Timestamp('2020-11-08 07:53:23'), Timestamp('2020-11-17 09:59:46'), Timestamp('2020-11-17 10:01:31'), Timestamp('2020-11-19 21:01:30')]","['Aawd+asdad;ap[wkdqwjod]opasjp fsdioafjo[iah ]jf[dka[d[awo [prasdawd rf 13fg35tv dgqdrv qgyjieopsdfuigfasdiopguadhasioyha]piuh13 opjfjksdkl;pd.', ""Don't wanna be here but she'll blame herself."", 'I am completely a pathetic person. I am completely apathetic and pathetic person; A well has dried up, the water in it is impossible to reach, and nothing confirms whether there is any water at all. nothing nothing. What is there to connect me with the past or the future? The present is a ghost that expresses me, as I do not sit at the table but walk around it. nothing nothing. Emptiness, boredom, no, it is not boredom but rather emptiness, meaninglessness, weakness.', 'I had always failed to be a complement to one of them, I was an imperfect individual full of holes, an individual who was good at nothing but love from great distances.', 'Iam so lonely that i always imagine myself with friends i always make fake conversation between me and then when i realize the reality and none of that is real i start crying so bad till i sleep and when i wake up i start crying again because i have no one then i do the same thing again till i fall.']","😊😌💪,💀😔🕳️😭⚠️,💀🕳️😭😔⚠️,🕳️😔💔😞⚠️,😔💔😢🕳️😭",0
195,"[Timestamp('2020-09-18 19:32:59'), Timestamp('2020-10-21 22:09:24'), Timestamp('2020-11-23 16:29:38'), Timestamp('2020-12-09 21:42:44'), Timestamp('2020-12-23 12:42:02')]","['When my parents die, there will be no one who cares.. I am just not able to live. My body is already fucked up. I am so weird around people, i am so out of touch with this world... only 25 and already failed... unable to be a part of society ... the struggle is to hard for me ... in a way i deserve to die because i fucked my life up. My life sucks fuuck', 'Late night mumble. I suck at being alive, i swear my body is a wreck and i am only 25, it鈥榮 like my body is signaling me that i shouldn鈥榯 live... trying to improve doesn鈥檛 work... life choices didn鈥榯 work out, it always gets worse. Sad and alone most of the time, never had a girlfriend. When my parents die i will have no one left to help me with my struggles. Never liked myself. I start to hate everything.,, this hole shitthole world/ universe gives a fuck about human existence... the whole shit is going to and here on earth and the suffering of any human is irrelevant in the end... having a nice time on earth is the only thing that matters, no one get鈥榮 rewarded in heaven for suffering your hole life... so if a certain point is reached, endure suffering isn鈥榯 tolerable anymore and commiting suicide is the best thing to do.', 'It is hard to stay alive. Idk, why live if you feel like shit most of the time... eternal sleep diesn鈥榯 sound so bad after all, fuck', 'Life could be nice. That鈥榮 the worst to me, to know that it could be different. I would say i try my best, but somehow it get鈥榮 worse. Rotting alive... becoming weirder and weirder... my thoughts becoming darker. Idk what would be the best to improve myself... every decision i make ends in faillure and my situation has become worse.', 'Hate myself. I suck, i am awkward, i don鈥榯 know how to funtion in society, i don鈥榯 have friends, kissles virgin, and my hair starts to fall of. Backpain for years, covid fucked my lungs... no money. Fuck this world']","💀😔🕳️😭⚠️,💀🕳️😭😞⚠️,💀🕳️😭⚠️,💀🕳️😰😔😭,💀😔🕳️😭⚠️",1
324,"[Timestamp('2021-04-21 06:20:41'), Timestamp('2021-04-22 05:22:54'), Timestamp('2021-04-23 01:44:54'), Timestamp('2021-04-24 05:54:08'), Timestamp('2021-04-24 09:41:22')]","['lonely. no one knows how i feel inside and i wish someone could understand cuz i aint dealing with this much longer. im so alone in all this dumb stuff and no one can understand and no one can help. cant wait for when i kill myself', 'very soon. done with my friends done with school done with everything im leaving soon', 'back in this mf hole. failed at hanging myself 5 months ago and then everything got a little better, and i though surely the thoughts wouldnt come back after such a close call. but now im back in the same hole and everyone is sick of my shit and no one can help me out. cant wait to go man fr', 'intrusive thots. bruh anyone else get really really bad intrustive thoughts. like a lot of times i think about killing my entire family so that i wouldnt have to hurt anyone when i die. obviously i aint no murderer and i would never do that but those thoughts never leave my head. very lame', 'will pay for gun. im underage so i cant get one, can anyone who lives in GA get me a gun. serious inquiries only']","💀🔪😭⚠️,💀⚠️🕳️😭🚨,💀🕳️😭⚠️🪦,💀🕳️😰😭⚠️,💀🔪🚨⚠️🔫",1
426,"[Timestamp('2020-12-22 07:55:41'), Timestamp('2020-12-22 07:56:30'), Timestamp('2020-12-22 07:56:49'), Timestamp('2020-12-22 09:17:54'), Timestamp('2020-12-22 09:27:07')]","['im so fucking done.', 'im so fucking done with this.', 'please i want to end it already.', 'please i have nothing to live for anymore.', 'its so hard man, im so tired.']","💀😰🕳️😭⚠️,💀😰🕳️😭⚠️,💀🔪😭⚠️,💀🕳️😭⚠️,😔😩😞💔⚠️",0
422,"[Timestamp('2021-04-19 17:20:36'), Timestamp('2021-04-19 17:40:46'), Timestamp('2021-04-19 19:10:13'), Timestamp('2021-04-20 04:18:52'), Timestamp('2021-04-24 02:48:07')]","['I feel so alone. I had a deadline but I didn鈥檛 go through with it because people already are worried about me. I just want to do it because nobody will ever understand how I feel and how lonely I am.', 'I can never tell anyone. Without someone mentioning that I should call the police. I don鈥檛 want the police they don鈥檛 fucking help. I can鈥檛 even tell my therapist without her calling the police. I don鈥檛 want to be put in a mental hospital. If anything that鈥檒l make me want to do it even more. No one wants to listen to people like me. I wish it was easy to die because life just isn鈥檛 worth it anymore', 'I can鈥檛 wait to leave. I can鈥檛 with myself I want to die', 'I鈥檓 a burden. All I do is burden people. I鈥檓 scared people don鈥檛 like me because all I do is be sad and talk about my depression. I鈥檓 already alone in this world I just want people to not hate me for that', 'I鈥檒l never be ok. I never asked to be born all I feel is just sadness I never asked to be born my life is meant to be a tragedy all I can think about is my nightmares I can鈥檛 pretend to be happy anymore I tried so hard to pretend to be happy and now I can鈥檛 the worse part is that I鈥檓 too much of a pussy to do it I can鈥檛 be happy I just can鈥檛 wait till someone shoots me']","💀🕳️😭⚠️,💀🕳️😭⚠️😔,💀😭⚠️🕳️💔,😔💔😢😞⚠️,💀😰🕳️😭⚠️",1
145,"[Timestamp('2022-03-02 17:33:37'), Timestamp('2022-03-05 13:56:08'), Timestamp('2022-03-06 21:18:45'), Timestamp('2022-03-14 18:24:05'), Timestamp('2022-03-17 22:43:55')]","['I鈥檓 not ready to say goodbye to my dad. But I will be ready to say goodbye to myself.', 'Lost my dad today. 3/5/22. I love you forever dad. Thank you for being my father. Goodbye.', 'I am soon ready. I have been borderline on this for so many years. I needed something that would really put me past the edge. After being extremely healthy, my dad got so sick he went to a ventilator for a month and a half. I said goodbye yesterday and it was the hardest day of my life. My closest family member I had. I love you dad. I鈥檒l see you soon.', 'My dad died. Sticking around a few more days for the funeral. Next week it is. I need the pain to end. I fought this for over a decade. This is the end.', 'Don鈥檛 think I have it in me to get through the funeral. First seeing him in his last moments, then the burial and now this. I really hope I have it in me to go out before it comes.']","💀🕳️😭⚠️,💀🕳️😭⚠️,💀🕳️😭⚠️🪦,💀🕳️⚠️😭🌑,💀🕳️😰⚠️😭",1
140,"[Timestamp('2021-02-13 22:13:04'), Timestamp('2021-03-04 21:53:33'), Timestamp('2021-03-28 22:09:29'), Timestamp('2021-04-18 20:14:55'), Timestamp('2021-04-21 21:32:38')]","[""I'm just that馃憣馃徎 close to slit my wrist. Wish me Luck haha"", ""I can't take it anymore. I NEED TO DIE"", ""I'm taking pills. I've taken all my antidepressants and pain killers wish me luck"", ""FUCKING HELL. Like my last post i've took all the pills and ended up calling my friend who drove me to the hospital, then i got transferred to a mental hospital. Well i got myself out of there because those people were fucking rude and it wasn't fucking helping. I got left alone with the fucking side effects ,because i didn't take my Meds anymore, and now i'm fucking worse then i've ever been :) Fucking hell i just want to cut my wrist"", ""FUCKK MAN. SINCE MY ATTEMPT EVERYTHING IS GOING DOWNHILL, YOU KNOW WHEN YOU FAIL EVERYONE IS GOING TO TURN THEIR BACKS ON YOU WTF Fuck man i just want to cut my Arm open just to smear it all over my room and then lay in bed with a smile knowing I will fucking bleed out. But cutting it is so fucking hard. My friends can't even look me in the eyes, my parents are still the fucking same and this fucking dude i know from Tinder is fucking with my head motherfucker I broke my Lamp and saved one piece so i'll always have the Chance of doing it but now i'm laying here and just have the urge to vomit Fucking hell to whoever read this, man don't waste your fuckin strenght to cheer me up just shut the fuck up""]","💀🔪😰⚠️,💀🔪😭🚨,💊💀🕳️🚨,💀💊🔪😭,💀🔪🩸🕳️🚨",2
210,"[Timestamp('2020-08-16 16:08:52'), Timestamp('2020-08-27 13:55:18'), Timestamp('2020-08-28 16:13:48'), Timestamp('2020-09-09 17:04:48'), Timestamp('2020-09-12 21:47:32')]","[""I'm fucking done. I'm sick of it all. Im sick of my brain screaming at me that I'm weak every time I cry or dare to get upset. I'm sick of feeling like I don't deserve to be happy or relax. I'm sick of other people not recognizing how FUCKING hard it is for me/how much strength it takes for me to not walk out in front of a car when all I want to do is cause pain to my body. people don't tell me they think I'm emotionally weak to my face but I know they think it on the inside I'm not that stupid. My body/figure disgusts me, it doesnt matter how much make up I put on or how nice my outfit is I never feel even remotely near the point of being good enough for someone in an attraction sense. For one person I'm going to be too fat and then for another person I'm not going to be curvy or thick enough. I give up. I'm done with this world."", ""Just tried to strangle myself. I also went through the kitchen drawer to see if there were any pills in it but I managed to stop myself . But I know I'm a shitty human even if it's my mental health that is causing me to argue with my parents and for my moods to be so shit. But I know it's not an excuse, I feel like it would be a relief for my family if I killed myself"", ""No one will ever be able to even think of calling me weak if they know I've gone through with a suicide attempt.."", ""If we get another lockdown I swear to god I will take my own life. It will be like all the strength I built up emotionally to cope with the first lockdown will have been for nothing . I feel like a freak for being so scared about the virus as it seems that no one else that I know is as scared about Corona virus as I am. I've been told that people are getting sick of me asking and telling people about my fears about the virus . I feel like other people don't understand how blimmin hard lockdown has been for those of us with mental illnesses."", 'It\'s still on my mind. About two months ago I od and in the heat of the moment I ended up telling my parents(I had overdosed several times before then but it always took place when no one else was at home ) Long story short: my dad called for an ambulance just to be safe in case I got sick. Actually the worst part wasn\'t when the paramedics were actually in the house, the most stressful part was that horrible 5-10 minutes when you\'re waiting for the ambulance to arrive. I was (to my surprise) really calm when they carried out a couple of checks on me just to check that I was okay after taking the pills. I just want to say I don\'t want this to appear as a sympathy/pity post and I also don\'t want people to think this is me glamorizing mental illness/suicide attempts. I just feel like if I talk about my experience it may help me to focus less on what happened in the future. I don\'t mean this in a harsh way, but this is the reality of how a suicide attempt impacts you and other people. Actually I think my experience was a wake up call because even though I know it sounds messed up, the other times I had overdosed I almost felt this sense of comfort because I knew that I had attempted but I felt like I ""had got away with it "" because no one else ever found out and they didn\'t really need to find out .']","💀🕳️😭⚠️😖,💀💊🕳️😭,💀⚠️🕳️😭🚨,💀😰🕳️😭⚠️,💀💊⚠️🕳️😰",1
232,"[Timestamp('2021-08-17 11:28:52'), Timestamp('2021-08-18 03:00:23'), Timestamp('2021-08-18 11:48:14'), Timestamp('2021-08-19 11:00:32'), Timestamp('2021-08-20 07:27:47')]","['If I kill myself it doesn鈥檛 matter. It really doesn鈥檛 It鈥檒l just be one of those things that happened and I鈥檓 sure a lot of people I haven鈥檛 spoken to in forever will pretend they cared when they never did It鈥檚 easier for me to kill myself than to deal with myself anymore It鈥檚 just what I want I don鈥檛 know what to do anymore But at least then I鈥檒l be out of my misery Me dying = peace', 'I should just do it. Nothing is stopping me My head hurts But I can鈥檛 even think of anything Other than killing myself Killing myself just brings me joy I should just do it already', 'I just want to do it. I鈥檓 sick of this life Everyone always acts like I鈥檓 so great But then why do I always get the short end of the stick Why do I always end up being the one to get used and treated unfairly Why do people always end up leaving me Clearly there鈥檚 better I don鈥檛 need to be here Maybe that鈥檚 how they get me first The point that鈥檚 been driven home over and over again is that I鈥檓 simply worthless I don鈥檛 matter I get it I wonder how many pills there are between life and death Only one way to find out I guess', 'My life is pointless. I鈥檓 doing my best to not live I guess Sleeping 12 hours a day does nothing, but I make it more anyways No amount of sleep can fix this when the second I wake up I wonder why I鈥檓 still here I just need to be gone There鈥檚 nothing else even left to say anymore I just need to be fucking gone', 'I like the car crash. I just feel horrible for whoever has to clean it up But if it鈥檚 in a remote enough area that nobody would ever know At a high enough velocity that anything left is just useless scraps scattered everywhere, including me Would it even matter? I need sleep']","💀🕳️😭⚠️,💀🔪🚨😭⚠️,💀💊😭🕳️⚠️,💀🕳️😭⚠️,💀🕳️😰⚠️😭",1
378,"[Timestamp('2021-04-29 22:27:11'), Timestamp('2021-05-01 23:33:11'), Timestamp('2021-05-02 01:15:30'), Timestamp('2021-05-02 01:45:27'), Timestamp('2021-05-02 17:15:42')]","['please help.', 'being actually unattractive made my life difficult. the society and beauty standards decided that i am ugly and people only talk to me when they need help and use me they say i am nice but then talk bad about me how ugly i am and when i don鈥檛 want to help they say i am not a good person i will kill myself because of being unattractive i never made a friend and i only got discriminated i will end this soon but my attempts never go successful', 'i don鈥檛 know when i will die successfully.', 'society, beauty standards, family etc. decided that i am very unattractive and i don\'t know when i will kill myself successfully. i want to hurt myself, but i\'m afraid to end up in hospital, and i do not know how to do it, i\'m trying to kill me since i\'m 11 and it does not work, i do not want to use painful methods because i know that i\'m going to fail really bad again, there are no suicide methods that do not hurt, painful suicide attempts have my body so badly destroyed that i do not want to end up in the hospital, i want to do it now don\'t tell me stupid shit like beauty is in the eyes of the beholder because you know exactly it\'s only gaslighting bullshit and things to make feel GOOD ABOUT URSELF and not the ugly person, that just another way to say ""yeah you\'re fucking ugly"" i can\'t stand to hear that anymore, men, women , boys and girls who say this stuff to me in real life are the same one\'s that make fun of my looks, looks will always matter and you know that too i am 16 and female', 'my other reason i will kill myself is being a lesbian.']","😰💀,💀⚠️🕳️😭🔪,💀⚠️🕳️😭🚨,💀🕳️⚠️😭🔪,💀🔪⚠️😭💔",1
294,"[Timestamp('2021-06-19 04:24:17'), Timestamp('2021-06-21 01:25:13'), Timestamp('2021-06-21 17:34:03'), Timestamp('2021-06-22 01:02:44'), Timestamp('2021-06-22 02:19:46')]","['Today was great ready for it to be the last!. I want life on planet earth to end now, I don鈥檛 want to worry about anything. Money, family, house, aging. Let鈥檚 just call it good and be done!!!!', 'Ready for world to end. I am done, don鈥檛 want to get old. Sick of dealing with house/aging/money!', 'Why can鈥檛 the world end now? ASAP.', 'World please end now..', 'Everybody let鈥檚 focus and see if we can stop the earth from spinning...no more tomorrow!!! Yay!!!.']","💀🕳️🚨😭⚠️,💀🕳️😰😔💔,💀🕳️⚠️😭🌑,💀🕳️😰🚨😭,💀🕳️🚨😭⚠️",0
366,"[Timestamp('2020-08-27 11:05:49'), Timestamp('2020-08-31 06:44:46'), Timestamp('2020-09-09 01:38:55'), Timestamp('2020-09-20 09:20:36'), Timestamp('2020-09-20 09:25:11')]","[""I tie a noose to cope with suicidal thoughts. I don't know what it is. but tying a noose and looking at it brings me peace, almost a reminder that I have my own life in my hands and I always have a way out if things get too messy and I don't want to deal with pain anymore."", 'Every night feels like the pain will follow me in to the next morning. I want to walk to the nearest bridge.. I鈥檓 mute at home, have no one I trust or talk to at home. It鈥檚 solitary confinement when i鈥檓 here. I wish I could forget all the pain and trauma. Why was I born? I never asked to be born or to feel any pain. I spend every day with a feeling in my chest like I always have to be on the run or i鈥檓 being watched. I want to disappear. I still can鈥檛 understand why I am even made to keep living. If I end it, all those memories will be gone. Complete peace. Complete safety. No more feeling on edge.', 'Tension is so thick at home I could cut it with a knife. I am one argument or wrong look away from seriously maiming my 鈥渂rother鈥?and then killing myself to avoid the responsibility. I really couldn鈥檛 give a fuck anymore. Why was I even born? I never asked to be born. Why make that decision to have me if you can鈥檛 even raise me properly? Instead you raise me to be just like you, emotional, can鈥檛 take criticism, mentally fucking ill.. I acknowledge i am fucked in the head, but she won鈥檛 acknowledge a thing. Won鈥檛 acknowledge what you did to me. As for that 鈥渂rother鈥? how could you teach him to be such an abusive pos? I sometimes wish I wasn鈥檛 born so I couldn鈥檛 have been reduced to being degraded and beaten for most of my childhood by all my older siblings because i was the small child scapegoat', ""I've given up so much I can't even feel depressed. I really don't give a shit anymore. I can't feel anything. even when friends, and family try and instill something in my mind, knowing doesn't help. if things don't improve by the end of this month I'm selling my possessions so people I don't trust will get it, then i'm going to jump."", ""I seriously want to fly to another country and end it. away from family, friends, and people I know. I feel like i've always been alone. I don't even want people to hold a funeral for me. I want my body to never be found and let nature take it back uninterrupted.""]","💀🕳️⚠️🔪😰,💀🕳️😭⚠️🌑,💀🔪😭🕳️⚠️,💀🕳️🚨😭⚠️,💀🕳️😭🌑⚠️",1
414,"[Timestamp('2021-10-20 17:12:30'), Timestamp('2021-12-26 17:13:18'), Timestamp('2022-03-09 19:35:27'), Timestamp('2022-04-06 18:53:18'), Timestamp('2022-04-08 07:14:48')]","[""I didnt know they could call you back (dumb rant). I called the hotline. Got sick of it and hung up eventually. Then they called me back!? They waited a good long time to do it too. My gf almost noticed. Phone just started ringing out of nowhere and wouldn't stop. I actually had to pick up and tell them yea I'm alive and I ended the call on purpose. It was a sucky hotline guy anyways. I'm getting real tired of turning to things and ppl in desperation and getting nothing. All he wanted to talk about was why I wasn't in therapy. Well good sir, its because i happen to be fucking BROKE. I spent half of 2021 homeless already. Just let me weep about how I don't feel cared for and stop trying to push me on to somebody else. But yeah wtf...dont call me back lol."", ""Please talk to me. I'm a trash human being and you will probably just get annoyed but please someone talk to me i just feel really lost and hopeless and want to just open a vein right now"", ""I sm going to kill myself this Saturday.. I am going to be homeless again. My bank account was overdrawn again. I have no money for a week, and need food. Nothing is getting better and I am fucking scared. So here goes, finally this plan. This Thursday I will see my coworkers for the last time. Friday I will hang out with my internet friends. We'll have a blast, and I'll have the willpower to not let on about my plans or leave a note. Then on Saturday I will mail final packages to people. I have to make sure my aunt protects my sister after I am gone, so I send her a letter. Then I will take the train down into the tunnels, and wait inside there for the next train, and step in front. I am giving myself a few days to think it over and talk myself out of it if I must. But the hotline worker was no help, and I cannot afford to commit myself. So here we are. Best of luck on all of your journeys, no matter where they take you. Some people don't understand suicide isn't desperation, it's self preservation."", 'I hate this life. i havent had a coherent thought in months and i havent been sober since november 2020. always tired. i want to have thoughts coherent enough to hold arguments or at least my own damn ideas. but when I\'m sober, my thoughts start spiraling. opposing ideas and impulses that drive me crazy. I don\'t think on a linear plane, if you get what I mean? It branches off at every opportunity and I can\'t get through an unscripted sentence and it\'s just hell. feels like none of my thoughts are even worth speaking, much less being listened to. &amp;#x200B; I had a solid attempt just a little while ago, some of you may have seen that post. I\'m currently trying to get a psych eval and possibly inpatient to deal with this shit. But the darkness is coming back, you know the darkness i mean. you can feel it far away when the sun goes down and you have nothing to do but go to bed. the darkness hangs over you and eventually hangs YOU. i\'m sliding down the slope to another breakdown and attempt. I do this every month, i can set a watch to it haha. how do i tell the psych lady ""I don\'t want to kill myself right now, but by the time i DO want to kill myself next week I will not be able to call and tell you!"" &amp;#x200B; tired. tired. tired. tired. empty. i hate myself. i have a chance at getting better. do i deserve to get better? everybody i know is still suffering. i hate. hate. hate.', ""its getting bad but i have work tomorrow. i might have to call emergency services but i dont want to lose my job. i promised myself if i started self harming or spiralling again, i'd go to the hospital. can i pay? no. but its too much to just tough it out like i dont want death more than anything in the world. just crying and writhing and fighting the urge to harm myself. this is hell. psych wont call me back. i just want help but nobody actually helps in this world. they stop us from committing suicide because suicide insults them. it says the world they made wasnt good enough, and that angers them. so they stop all the ungrateful' suicidal ppl and beat some gratitude into them. nobody cares if you live or die.""]","💀😔🕳️😭⚠️,💀🔪😰🕳️,💀🕳️⚠️😭🚨,💀🕳️⚠️😭💊,💀🕳️😭⚠️",1
77,"[Timestamp('2020-06-07 17:00:39'), Timestamp('2020-06-07 17:26:42'), Timestamp('2020-06-11 23:44:28'), Timestamp('2020-06-14 01:18:40'), Timestamp('2020-06-18 09:21:54')]","['Gutted. She鈥檚 gone. No closure. It was so great. I loved her. I鈥檓 gutted. I鈥檓 alone. I have no one. The feeling isn鈥檛 going away. It鈥檚 not going to go away. All I can do is take it as my new reality. I鈥檓 sick of this. I don鈥檛 want to be alive. I鈥檓 worried I won鈥檛 be able to wait for an appropriate time.', 'Pathetic. My friend said I鈥檓 starting to look real pathetic over the girl who left me. Girls don鈥檛 like weak needy men. 鈥淭hat鈥檚 soooo attractive! So hot when you keep crying over a girl who is clearly not into you.鈥?The pain is just too much I can鈥檛 function. I don鈥檛 feel like I got closure. The girl said she鈥檇 call and she never did... she liked me so much. Why And my career is over they say it鈥檚 my fault I am a weak pathetic mess I can鈥檛 do anything. I鈥檝e never done anything. And that鈥檚 why I鈥檓 alone that鈥檚 why no one ever loved me Why waste the breath. Why am I wasting this space.', 'Action Faking. Make another post. Read more about depression. Immerse yourself in a hobby. Make lists. Create schedules. Plan. Wait - it all gets better. Grocery shop. Wash laundry. Pay bills. Just wait, you鈥檒l meet a nice girl real soon. Self reflect. Meditate. 鈥淛ust get help鈥?Work harder. Vent. Rinse. Repeat. 17 years go by. It does not get better. If I was going to meet a nice girl, well, the one that just left was my chance. I let her walk away. Too patient. To understanding. I trusted the system. Rinse. Repeat. Poured out like water on the sand. Quote from the movie I told her was my favorite. She was enamored with me. She was excited when she told me she planned to watch it. She鈥檚 gone. I鈥檓 alone. My career is over. People who don鈥檛 know the half of it try to console me. They鈥檙e wrong. It鈥檚 patronizing. I want it over. I have nothing left, no expectations more importantly. I鈥檝e heard all your tropes. I鈥檝e read all the lines. It doesn鈥檛 change the fundamental situation. It doesn鈥檛 change my environment. Changing my environment doesn鈥檛 do enough either. Action faking. It takes your attention off the terror. It gives you a rush of dopamine. It helps the suspension of disbelief. That you鈥檙e making progress in life. Little do you know the stress is eating away at your core. The years are being chipped off your life. You鈥檙e not really making progress. You鈥檙e in the same place. You鈥檝e met your societal requirements, though. Huzzah Call me pathetic like my 鈥渇riends鈥?did. Tell me about how hot it is to be crying over a girl who clearly has no interest in me. No girls I liked were interested in me anyway. My career was my purpose. My career is gone. No one misses me. No one will miss me. I don鈥檛 care if they do or don鈥檛. I just need to get rid of my things. I should notarize a will.', 'Second class citizen. No one wants someone as defective as me. I had enough to be ecstatic. Nothing is ever enough. I am a miserable failure. My great grandfather murdered his wife and killed himself in front of my grandfather, who in turn then raised my fucked up mother, who threatened to kill me. the older i\'ve gotten, the less effective hope has become. it has not gotten better, it has gotten worse. there is no truth in ""there arent always good days, but there are good things in every day"". every thing has been a set up. a ruse. this is fucking terrible. i have nothing, nothing, nothing. all i can sit here and pretend it\'s going to change. it is not going to change. i am the common denominator. it is my fault it is bad. i can sit here and maybe ill biochemically stabilize, for a while, and then it is just going to come raging back. no one wants an unstable employee. no one wants an unstable partner. thats why they leave. thats why im dejected. i am a failure. i will have deep physical and emotional scars my whole life. ive hidden some well - even my therapist thinks there\'s hope for me. he has no idea how deep this goes. i could tell him all the things that have happened and he has no idea the depth of terror experienced when your parent threatens to kill you at 5 years old. it doesnt go away. its lurking there forever. i can hide it i can cover it up, but that is just escapism. it doesnt change. i will never change. i will never escape while im alive on this earth. people say get help. what help is there to be had? the most extreme thing i could do would to be to go to a mental hospital and that would cost me my career. my career may be failing as it is but they havent fired me yet. what is real. what is reality.', 'Nothing and no one. I mean honestly - I have nothing and I have no one. What reason even is there to go on? Everything I stood for - it鈥檚 like there鈥檚 no escape. I鈥檝e been here before, cornered, and made it out. But why am I getting cornered every 2 years? Seriously, what is wrong with me? Where did the girl I loved go? It makes no sense. She just ghosted me. She鈥檚 gone. It鈥檚 been 19 days. I鈥檓 going to spend my birthday alone - haunted by terrible family memories. Haunted by all the people who have left me alone. I鈥檓 alone. I have no one. I have nothing but bad memories now. I have no hope for the future. How do I escape a no win situation. What do I do?????']","💀😰🕳️😭⚠️,💀🕳️😭😔💔,💀🕳️😭⚠️🩸,💀🕳️😭⚠️😖,💀🕳️😭😔🚨",0
133,"[Timestamp('2022-04-04 23:47:14'), Timestamp('2022-04-07 19:10:32'), Timestamp('2022-04-24 21:19:17'), Timestamp('2022-04-30 14:27:29'), Timestamp('2022-05-14 01:56:04')]","['Hit all time low. It鈥檚 weird but sometimes even when you aren鈥檛 crying like you used to when you were younger there鈥檚 a point you hit where you think to yourself Yep this is it this is the lowest I鈥檝e ever been in my entire career of being low I鈥檓 stressed I鈥檓 various ways right now I look at people being normal and happy and I want to want the same normal things they want and to be normal like them. I feel useless and stupid and just overall broken all the time.', 'I鈥檓 not broke but I don鈥檛 feel well off and it makes me suicidal. There鈥檚 not much to my life outside of my earning potential. In fact I place 100% of my worth on it. Because experiences come and go, and you lose money on them. People are great but it鈥檚 not like I鈥檝e met the love of my life yet so who cares. I have fallen behind financially and romantically and I am severely depressed by it. Maybe when I turn 75 I鈥檒l find the courage to commit suicide and never have to worry about my retirement funds running out Im not earning minimum wage by any means. I just can鈥檛 get by with even an average salary. I can鈥檛 buy anything I want or need for a decent living, and I鈥檓 so roped in money I forgot to fall in love along the way. But somehow I鈥檝e fallen behind my friends in every way. I have an emptiness that I can鈥檛 fill, can鈥檛 explain to people. I thought I鈥檇 get better but if anything I鈥檓 more messed up now than before.', 'Trying to sleep. I鈥檓 so drugged up to try to sleep but the panick attacks and hyperventilating and pain in my leg from an old injury is telling me to kill myself and tell nobody. I have zero reasons to live None No spouse no kids My family loves other people more than they love me Or they show it in the most fucked ip ways Nobody has ever told me they loved me I鈥檓 just so messed up right now I鈥檓 succumbing to the panick attack Why can鈥檛 you die from a panic attack It鈥檇 be the most useful thing ever', 'Something about my friends and family makes me suicidal. I think if I knew my life would end up this lonely and sad and I had the courage to move farther away from friends and family I鈥檇 finally find the courage to do the right thing and end myself There is a sadness deeper than anything y family or friends would ever see or understand. I used to want to write a suicide note but I think if you looked at my life closely enough the signs we鈥檙e all there I want to be nearer to people and yet at the same time everyone hurts me and I want to be left alone The day I move away I鈥檒l either have a new life or seriously consider suicide. I hope I get it right either way the first time around and won鈥檛 end up in the hospital. Because trying t kill myself a second time doesn鈥檛 sound easy if everyone sees you as suicidal God just give me the courage to die or live', 'I鈥檓 angry at some people right now. This place is called suicide watch but right now I鈥檓 angry. I鈥檓 angry at several people in my life right now who are selfishly putting their needs before my own. I鈥檓 angry because they literally dismissed my emotions and my condition. Sometimes your reasons for wanting to die are valid. I think mine are. I don鈥檛 think I鈥檓 crazy. But some people are so low and so mired in their own problems that they don鈥檛 see they鈥檙e not helping another persons cause']","😔💔😞🕳️⚠️,💀🕳️😭😔💸,💀😰🕳️😭⚠️,💀🕳️⚠️😭🔪,💀😰🕳️😭⚠️",0
236,"[Timestamp('2021-05-05 05:14:08'), Timestamp('2021-05-15 18:28:20'), Timestamp('2021-05-21 13:09:10'), Timestamp('2021-06-05 01:10:24'), Timestamp('2021-07-14 03:29:20')]","['I鈥檓 such a fucking loser.. Please just somebody kill me. Let me just go to sleep and not wake up. That would be an absolute godsend.', 'Killing yourself really does solve all of life鈥檚 problems.. Granted, it would fix mine and thusly create more issues for the people around me. So you鈥檙e stuck in between wanting to escape all of this but then hurting the people around you who don鈥檛 deserve any of the feelings you鈥檙e having. It鈥檚 unfair. I just wish I didn鈥檛 exist at all, or died in a horrible accident. The burden is off my family and I get my wish of no longer existing.', 'I鈥檒l never be attractive and valued.. I鈥檓 awkward. I鈥檓 ugly. I鈥檓 short. I鈥檓 taken advantage of too easily and cannot stand up for myself. I鈥檓 seen as the punching bag. I鈥檓 the exact opposite someone would want in a partner and deserve the absolute worst in life. No one is going to miss me when I put a bullet through my fucking head. Absolutely no one.', 'I just had the biggest fight with my dad ever and drove back all the way home.. I have never wanted to kill myself so badly. We were going to the lake for the weekend and I was riding with my family in one car instead of taking my own and he started talking about politics again. Every time I go home it鈥檚 the same nonsense on repeat. We don鈥檛 agree on anything but I keep my mouth shut or ignore the comments he鈥檚 making just so I can enjoy my time at home. Not this time. I started denying the allegations he was making about Covid and what the media is saying and what other people are saying...it鈥檚 so nauseating trying to figure out any bit of information and determine if it鈥檚 real or not. I hate the world. I hate the climate. Why can鈥檛 we just agree and get along? People are so stuck in their ways that basic conversations are impossible anymore. I鈥檓 just as much of the problem as he is, but everything is so polar opposite you have no choice but to pick a side. It鈥檚 awful and childish. And I鈥檝e mentioned multiple times that politics bothers me but fuck me right. Anyways we are arguing in the car and it鈥檚 getting bad. The worst fight I鈥檝e ever had with him. He flips the car around and flies home after absolutely tearing into me, saying I鈥檓 ungrateful and treat him like shit and that I鈥檓 just a leech. All he does is provide for the family and all we do is just TAKE TAKE TAKE. I am 25 years old. I am an independent working adult as a nurse working WITH COVID PATIENTS. What I see in the hospital is REAL and I CANNOT keep allowing him to spread misinformation. When I said that Covid affects me personally because of what I see everyday with my patients DYING IN FRONT OF ME, he just laughed and disregarded everything I said. Absolutely disgusting. When my own personal feelings and emotions don鈥檛 even matter to him anymore, I imagine how he would react if I told him I鈥檝e been suicidal for years now. Now, I have never told my family about any of this, but after today, I can NEVER EVER tell them anything. I have no support system. No one to talk about what I see at work and to process these feelings. I鈥檓 incredibly privileged and have no place even feeling these things, but here I am anyways. I drove back home. It鈥檚 going to be a while until I go home again. I do want to make amends. Even though we disagree on politics, he鈥檚 still my dad and I love him and respect him. My brother was texting me saying he was still angry but he didn鈥檛 hate me. Who knows anymore. I wonder if he would even care if I went ahead and put a bullet through my head like I鈥檝e been wanting to for years now... Sorry for the rant.', 'I was always convinced I鈥檇 be dead by 25. Now I鈥檓 almost 26 and idk what to do anymore.. I didn鈥檛 think I鈥檇 get this far. Ultimately didn鈥檛 kill myself last year, when it was honestly the most appropriate time to do so. I鈥檓 not feeling any better; I鈥檝e just postponed by own execution. Why didn鈥檛 I do something? Is this just going to be a never ending cycle where I say I鈥檓 going to kill myself and I just never do? Is that just living with extra steps?']","💀😭🕳️🚨,💀🕳️😭⚠️😔,💀🔫⚠️😭🕳️,💀🕳️😭⚠️💊,💀🕳️⚠️😭😔",1
292,"[Timestamp('2021-10-19 19:05:59'), Timestamp('2021-10-27 02:06:16'), Timestamp('2021-10-30 04:24:24'), Timestamp('2021-11-03 00:17:29'), Timestamp('2021-11-13 21:53:09')]","['Can someone please talk to me.', 'I love when people say 鈥測ou can鈥檛 take a joke鈥? You鈥檙e right, I know I can鈥檛. I鈥檓 over sensitive and over emotional and I鈥檝e always been this way and I鈥檝e been trying so hard to grow thicker skin, but it鈥檒l never fucking happen. The next logical step is just to kill myself right, is that what you want?', 'I have a disability and it makes life miserable can someone talk to me?.', 'I鈥檓 lonely and ill. I try so hard to get into a relationship but I get rejected every single time. I know it seems pathetic, but it happened today and it just felt like a breaking point. I鈥檓 carrying so much on my back constantly and i don鈥檛 want to live anymore. Can someone please talk to me? I鈥檓 20', 'No one in real life likes me.']","😔💔,💀⚠️😭🔪,😔💔😢,💀😭😔💔,😔💔😢",0
499,"[Timestamp('2021-07-19 23:22:23'), Timestamp('2021-07-20 22:10:12'), Timestamp('2021-07-21 19:46:49'), Timestamp('2021-07-22 03:47:12'), Timestamp('2021-07-22 03:49:46')]","[""Stranger i need your help. would someone here help me with somewhere to stay? I need to move because my dog \u200b\u200band I are going homeless at the end of the month and I just don't know what else to do. I need to get out of here and rebuild my life. I promise it would only be for a few days and we wouldn't be too much trouble. please it is full of people wanting to die who live alone or people who are able to help who see these things and do not help. please help me not for me but for my dog"", 'I NEED HELP NOW PLEASE SOMEONE JUST TALK TO ME.', ""If you could help. Could one of you help me? I just need to be able to buy basic necessities stuff for me and my dog. I know this is not the right subreddit to post this stuff but in fact i'm someone who wants to die and that is one of the reasons i'm not within the rules for posting to the correct subs. If you want more information and are interested in helping, I can explain it better in the chat."", ""I think i'm having a panic attack."", 'Someone wanna talk to me?.']","😔💔😢⚠️🥺,😰💀⚠️😭,💀😭⚠️🕳️,😰💔😔,😔💔😢",0
399,"[Timestamp('2021-05-27 02:15:38'), Timestamp('2021-05-27 02:20:08'), Timestamp('2021-05-28 08:08:56'), Timestamp('2021-06-02 05:50:12'), Timestamp('2021-06-08 04:27:49')]","[""Is there anyone want to kill me, I'm gonna leaking my address. I'm useless, stupid, just a waste of space, not worth for living"", ""I'm so stupid, I want to kill myself. I want to kill myself because I'm too stupid and useless in this world"", ""My mom hate me and it's all my fault. I'm just a bad child, I was have a fight with my mom this morning. I accidently hurt her feeling and made her wanting to leave me. It's not okay at all, I feel so guilt, I want to sleep and never wake up again, I should not exist in this world"", ""I hate everyone. I'm sorry... I'm a mean and useless person But i still hate all of you, all of you really hate me and want me to die. Even my girlfriend was find that I'm useless but still say that she don't hate me. For some reason, i feel like she is laughing on me for being a piece of trash Even my mom, she said they really love me but everytime i made something wrong, she always wish i were never been born My teacher find that I'm stupid and tell that in front me I can't even love myself too, i really want to kill myself. I can understand if you downvote me, no one want to help a kind of person like me. I hate you..."", ""I GRAIN MORE WEIGHT. whyyyyyyyyyyyyyyyyyyyy, I look fatter than before I want to lose weight but i'm too depressed for it, I hate my self""]","💀🕳️😭⚠️😔,💀😭🔪⚠️😔,💀😭🕳️⚠️😔,💀😭🔪🕳️,😔💔😞😩⚠️",1
475,"[Timestamp('2021-01-20 00:21:04'), Timestamp('2021-01-20 23:48:39'), Timestamp('2021-01-24 00:06:36'), Timestamp('2021-01-24 22:46:50'), Timestamp('2021-01-26 01:50:53')]","['Being happy makes me want to kill myself.. I don鈥檛 know if that makes sense, but I鈥檓 just too used to being sad that happiness makes me feel even worse', 'My birthday gift to myself is suicide. Few more months', 'looking for help. Hey guys, I鈥檓 going to be writing another book and decided it would be pretty interesting to have more than one person contribute to it. The book will obviously be about suicide, hence the name 鈥榮uicide club鈥?Looking for about three volunteers who enjoy writing to help me create this story. My vision is for it to be about 12 chapters with 2,000 words per chapter. That鈥檚 3 chapters for each person. It will be quite disturbing as my mind is dark as I鈥檓 sure many of yours are. If you鈥檙e interested in helping create this twisted novel with me please feel free to comment and we can discuss further details, thanks!', 'The only positive in life is death.', 'I鈥檓 a waste of life. To think I was raised for 18 years only to do nothing but consume resources. I can鈥檛 provide or protect anyone, not even myself... I mean obviously if I鈥檓 here. 3 more months and my useless posts, constant boredom, and overall dis attachment from life can come to a much awaited end.']","💀😰🕳️😭⚠️,💀⚠️🕳️😭⏳,💀🕳️⚠️😭🌑,💀🕳️😰😭⚠️,💀🕳️😭⚠️🌑",0
380,"[Timestamp('2021-01-05 02:25:22'), Timestamp('2021-02-03 01:34:57'), Timestamp('2021-05-05 20:12:52'), Timestamp('2021-06-05 09:46:33'), Timestamp('2021-06-10 10:20:40')]","['Anyone here?. Suicidal. I already have cut my wrists. Anyone here to talk this shit over?', ""I fucked up real bad. I really fucked up my whole life I have major depression.. I had psychotic symptoms also, they disappeared. I do tons of cocaine and amphetamines, so I got addicted. Depression+addiction, fuck my life. My life is a living hell. I also developed bizarre sexual thoughts. I do self harm. Right now I am cutting my wrists cause it gives me adrenaline and euphoria. Only thing that keeps me going. People of reddit.. I fucked up. I'm a psychotic drug addict fucked up weirdo. I wear a mask in front of other people so they think everything is ok. I will commit suicide,I just Don't want it to be now but I'm afraid of myself."", 'Major depression with psychotic features, general anxiety disorder, borderline personality disorder, alcohol and drugs addiction.. You name it. I think this is the last post I will share.', ""Idea of eternity. So...now I'm fucked up. Killing myself?--&gt;go to hell/heaven forever... FOREVER That means I will be fucked up forever. Why I am I even born? I am doomed or cursed. I wish afterlife does not exist. I am atheist but..does anything have any meaning? Please someone logically shut my mind off."", '""It\'s raining heavier than I can take"" please read it.. When I look at my life,I see misery. And it lasts for too long. That one quote from the title. I literally can\'t do this anymore. I\'m not only depressed,my mind is too damn morbid for a normal everyday life. I have so much obsessive violent thoughts. I have a void in my chest and nothing can fill it for at least a moment. My feelings are so so deep in agony and pain. Like this could be my suicide note. It rains way much havier than I can take. Not only inside my mind and my body and soul.. I have a dad with whom I don\'t talk to,my mom is a control freak,my brother is schizophrenic and my sister lives a continent away from me. I dropped out of college,I got fired from a job (from 4 jobs at one month WTF),and I am addicted to alcohol and stimulant drugs. I am in huge debt and I can\'t give it back to people. I see no way out,I\'m hopeless,disappointed,life is pointless..like it\'s much deeper than depression. I miss old me. My name is Lovre,I\'m from Croatia,24 yo and feel like I\'m 300 hundred years old. Comorbidity: borderline,ocd,anxiety,depression and addiction. If anyone has to say something real,be my guest. I have written many posts but think this is my last one..suicidal in very morbid and out-of-world way.. Like when I fall from a building and hit the floor everything suddenly stops.. My 24 years of breathing the air,my family and my colleagues,experiences. As one croatian song tells: I will be remembered as a last boem. Love you though. Bye 鉂?]",💀🔪⚠️🕳️😭,1
362,"[Timestamp('2021-05-26 20:12:33'), Timestamp('2021-05-31 11:03:06'), Timestamp('2021-07-11 04:46:18'), Timestamp('2021-07-17 21:07:39'), Timestamp('2021-07-19 09:56:33')]","[""I'm tired of being a coward. Every time I feel like I can finally kill myself I chicken out or just fail I'm tired of it I just want it all to end"", ""I'll be gone sooner than later. I don't want to do this anymore no one will care if I'm dead and even if someone does it doesn't matter I'm not sure when I'll do it but I'm hoping I'll be able to do it before the end of June"", ""I don't even feel like I'm living anymore. I'm just surviving everyday feels the same nothing in life brings me joy even music doesn't make me feel anything anymore I don't even know why I'm still living it used to be so I didn't hurt the few people I actually care about with my death but now I just feel like I annoy those people or I'm a burden to them"", ""Is there even a reason to live?. Everyone would be better without me I don't really care about anything in life and it feels like no matter what I'll end up killing myself one day so what's the point in living"", ""How can anyone actually want to live in such a fucked up world. This world is so fucked up and corrupt how can anyone want to actually live there is more bad than good in the world and the good people get screwed the worst I've seen good people having to live through hell for no reason besides the world just being fucked and unfair it's bullshit yet people still can find a reason to hold on and have hope that things can get better how I don't understand""]","💀🔪⚠️😭🕳️,💀⚠️🕳️😭,💀😔🕳️😭⚠️,💀🕳️😭⚠️😔,😔💔😞🕳️⚠️",1
20,"[Timestamp('2021-01-12 15:11:45'), Timestamp('2021-01-16 02:23:01'), Timestamp('2021-01-19 05:45:23'), Timestamp('2021-01-19 09:44:39'), Timestamp('2021-02-12 04:49:37')]","['I just want to die!. So sick of living and getting my hopes up all the time. I just want to peacefully die and never wake up!', ""Life is really sucking right now!. And I dont know if I'm strong enough to control it anymore. I just feel so weak and pathetic!"", ""I'm planning on making a livestream about living as a mentally ill person.... Would anyone like to watch it? It would be nice to have a conversation going. I'm just feeling really lonely and I'm trying to make it feel less like I'm talking to myself."", 'I feel so worthless, I should just kill myself. I feel so pathetic and worthless right now. I鈥檓 so sick of living like this!', ""I wish I wasn't an idiot who got stepped on!. Im too kind, always believing the best of people thinking that they'll ne different or care but in the end of the day they're weirded out or ghost me, Im so sick of it. I cant even get online friends, maybe im too clingy, maybe people are scared away but I just feel so worthless, why cant people just be hoenst eith me from the start! It's like people pity me only ; (""]","💀😭🕳️⚠️🚨,😔💔😢⚠️,😔💔😢,💀😭🔪⚠️🕳️,😔💔😞🕳️😭",1
486,"[Timestamp('2020-12-26 08:48:21'), Timestamp('2020-12-28 10:26:51'), Timestamp('2020-12-31 09:38:35'), Timestamp('2020-12-31 20:22:29'), Timestamp('2021-01-01 16:45:45')]","['I hope that fucking realise after I do it and after reading my suicide note.. I hope that girl finally realises what she has done to me and learns a lesson. I hope my ""friends"" realise that I wasn\'t seeking attention and learn a lesson. I hope my family realises that I wasn\'t sad all the time for nonsense and learn a lesson. I hope they fucking realise that I was crying for help for months, but they were having so much fun that they couldn\'t be bothered. I\'ll leave the link to this account on my suicide note too, maybe they will understand a thing or two. Eh, they won\'t even fucking care anyways, they will be like ""oh that annoying asshole is finally gone"". Fuck this life.', 'My heart hurts so much.. So much that I want to make it stop beating.', 'How long would it take for me to completely suffocate and die using a plastic bag over my head?. Just answer the question.', ""I thought and really wanted to end it in 2020. But no luck.. I can't even fucking die. Life seems like a stupid joke now."", ""How can I stop being a coward, build up the courage and finally end this all?. I just need to find some courage. That's only thing I need.""]","💀🕳️😭⚠️🔪,💀💔😭⚠️,💀⚠️🕳️🔪,💀🕳️😭😔⚠️,💀🔪⚠️😭🌑",2
137,"[Timestamp('2021-04-29 12:56:08'), Timestamp('2021-05-18 00:27:53'), Timestamp('2021-05-27 01:39:16'), Timestamp('2021-06-21 10:32:34'), Timestamp('2021-10-21 02:25:19')]","['Common Themes on Here. Like the rest of you guys, I am suicidal. Have been for a long time (10+ yrs). I thought I鈥檇 identify some common threads on here that seem to be causing suicidality. Can鈥檛 say exactly why. I guess to feel less alone? Add on if you鈥檝e noticed others. 1. Feeling like a failure/underachieving. This seems to be a pretty big one. Common causes seem to be chronic treatment-resistant illness (mental or physical), and poverty/lack of opportunity. Mental illness. Chronic physical illness. Feeling like a wage-slave, being on the losing end of capitalism, struggling to make ends meet. Loss of dreams/direction/purpose because of the above. Abusive/neglectful relationships, esp familial. Paranoid thinking about being disliked by others. Disconnected from community, friends and sense of belonging. I guess I鈥檓 trying to find ways to survive and improve at least some of these, because like you, I can鈥檛 fucking do this anymore. And yet I鈥檓 in a bind. I feel like I can鈥檛 do it to my dad and brother. I resent them deeply for that. I suffer for them, and they don鈥檛 realise how much.', 'The thing about holding on by a thread is that without doing anything else, everything starts to turn to shit around you. Washing. Dishes. Friends. Food. Exercise. Medication. My body. Cleaning teeth. Career. Things only get worse because I鈥檓 holding on by a thread and stuff in life needs maintenance and progression. I get to watch it all disintegrate into my empire of dirt. The shame is real.', 'How honest are you guys with your therapist/Dr about wanting to die?. It鈥檚 a fine line to tread. I feel like I can鈥檛 be too honest or the police will rock up to my door or I鈥檒l be scheduled.', 'I don鈥檛 get why suicide isn鈥檛 鈥榓llowed鈥? I鈥檝e been suffering for 10 years - severe depression, BPD, physical problems. I鈥檝e never really enjoyed life much. I鈥檝e always felt like an outsider looking in. It鈥檚 as if I watch life rather than live it. I would like nothing more than to die. I鈥檝e given up, and this organism is in a state of collapse. I lie in bed for hours on end, as even standing seems pointless. Everything feels pointless and joyless, so I don鈥檛 do anything. It is bullshit that we don鈥檛 have ownership over our lives and bodies to the degree that we can opt out without it having to be undignified and mourned in a way that doesn鈥檛 acknowledge that it was a choice, and that that person is no longer in pain. That we have to exist in anguish just so other people don鈥檛 get upset. That our life isn鈥檛 ours. What a raw deal.', 'For those who set a date to do it and didn鈥檛 end up going through with it, what happened/why not?.']","💀🕳️😭⚠️😔,😔💔🕳️😭⚠️,💀⚠️😰🕳️😭,💀🕳️😭😞⚠️,💀🕳️⚠️😭😔",0
310,"[Timestamp('2021-05-19 16:54:39'), Timestamp('2021-05-19 17:55:13'), Timestamp('2021-05-20 00:37:36'), Timestamp('2021-05-26 19:46:46'), Timestamp('2021-06-22 20:50:59')]","['I\'m just tired of the state of the world. I didn\'t ask to be born into a world on fire. I like to believe that things are getting better, and maybe they are, but I\'m not. I\'ve lost my ability to see the good things as sustainable. I\'m not stable enough to handle this shit. ""Y\'all have fun with the shit world that your parents left you 馃憢"" - Me, whenever I muster up the courage to pull the trigger', 'Something to look forward to. I can\'t wait to save enough money to buy what I need to do unalive. It seriously makes me excited. This life is over. Ruined. No matter where the blame falls, it doesn\'t change the fact that I\'m far too damaged. For anything. You can\'t convince me of anything otherwise. I don\'t want to start over, and I don\'t believe I can ""get better."" I just want out. I\'ve had enough.', 'Depressives Disorders Are NOT A CHOICE!!!. I\'m so fucking tired of people telling me ""Just cheer up"", ""Just think positively"", ""You have to decide not to be down anymore."" FUCKING THANKS, BRO!! I NEVER THOUGHT OF THAT UNTIL YOU SPELLED IT OUT FOR ME!!! :D :D :D I, like many other people, have a disorder! A chemical imbalance! There is not shit we can do about our depressive states besides taking medication, and even that shit doesn\'t work sometimes! I don\'t understand how people can be so goddamn clueless. Sufferers say this same exact thing all. The. Time. This cannot be new to you. You\'re not helping by saying that stuff. You\'re invalidating people. And, making us more depressed about ourselves when you have the nerve to be pissed off when we try to explain this very simple concept to you. It would be more helpful for you to say nothing at all and just be there for the person. Goddamn. These people really make life worth living /s', 'I don\'t belong here.. I just don\'t. There\'s no place for me and I\'m tired of fighting my way through to find one. It\'ll be a happy day when I finally say ""Goodbye"" to this shit stained world.', ""Saying my goodbyes. I'm saying my goodbyes to my friends. They know I'm suicidal. They probably are too. They're very far away so they can't stop me anyway. I just think it would be unfair for me to ghost them completely without warning. They deserve to know.""]","💀🔫⚠️🕳️😭,💀🕳️🚨😭⚠️,😔💔😭⚠️🕳️,💀🕳️😭⚠️,💀⚠️🕳️😭",1
244,"[Timestamp('2021-04-07 04:05:51'), Timestamp('2021-04-07 05:07:54'), Timestamp('2021-04-07 06:33:39'), Timestamp('2021-04-07 10:51:28'), Timestamp('2021-04-08 03:11:29')]","[""I'm not happy with my life. I'm not happy with the way my life has turned out. I'll never get those years back and it makes me wanna die. I'm lonely and my life isn't going anywhere."", ""I'm suffering from lonliness. I'm lonely and angry.. I'm so angry and lonely and horny I want to die. I'm suffering from lonliness. I can't take this anymore."", ""I'm suffering from lonliness. Why am I not good enough for anyone. I'm going through a really hard time right now. I feel like no one wants anything to do with me. I'm lonely and angry and touched starved. I want someone to cuddle with and have sex and it's driving me so crazy that I want to die."", ""Everyone is out having a good time and I'm just sad and alone at home all by myself. So yeah my life kinda sucks. I always end up being lonely and end up sitting here wanting to die because of it."", ""I keep getting angry and suicidal because people didn't understand me. I keep getting angry because people judged me for not doing anything and they didn't understand me. They don't understand how hard it is for me. They don't understand what it's like being me and being on the autism spectrum. They don't understand that I'm always at the breaking point and all they did was talk down to me and criticized me which makes me even angrier. All they did was judge me and no matter how many years it's been I just can stop getting angry. I want to kill myself in front of everyone because of them. Why do they see me as the bad guy? All I did was try to talk about my feelings and be understood. If they had just been more understanding and more sensitive towards me I wouldn't be so angry and suicidal but they treat me like the bad guy.""]","💀😭🕳️😔💔,💀😭😰⚠️🕳️,💀😭😞💔⚠️,💀😭🕳️⚠️😔,💀🔪😭⚠️🚨",1
145,"[Timestamp('2019-01-28 02:05:58'), Timestamp('2019-02-19 23:27:32'), Timestamp('2019-03-01 05:58:56'), Timestamp('2019-04-03 17:21:12'), Timestamp('2019-04-05 10:05:36')]","[""It's not right.. I don't know what to do.. I feel so disconnected from the people in my life.. I constantly feel hopeless and depressed and suicidal. My past destroys every waking moment of my life.. I have such a desire for a meaningful connection and friendship. I've only found that with one person. She's online and I can't get to her. I love her so, so much. I fear she won't be around much longer. She has sent me a long goodbye and it truly feels like the end. It's not right for her to abuse me like this but it's real and it's happening. She said she will send me numbers to send it to before she goes.. and I know she has only sent this goodbye to me ahead of time because I'm not there in her life, in person. It's so fucked up. I'm barely holding on and I really think that I will follow her. I keep breaking down. I'm losing it. I don't know what will help this situation so I'm really just venting. She promised she would never talk to me again if I called the cops.. plus she has drugs... But I don't know how to contact anyone else that she knows. 馃様what do I do.. can someone help me through this pain even if it's just kind words or a pleasant conversation."", ""Urges. Taking the bus from one crap job to another. Just feeling like getting out and lying down on the road to die. I don't know if I can do this any longer. My head feels so clouded."", 'Anyone have skype. Really lonely Feeling suicidal Just want to talk to someone', ""It's getting harder to hold on. I try to be hopeful. I got a raise at work and am trying to keep up with two jobs. I'm trying so hard but nobody can see it. It's never enough. Just working and smoking can't cut it any more. It's just a constant cycle with too much sleep and sometimes self harm. Every day I manage more I just fall back the next. I've never been as alone as the past few weeks. My best and only friend is gone for good. I miss her so much. Nobody ever talks to me. Nobody truly cares or ever will and I've now realized that. Suicide feels so close and all I have to do is reach out and grab it. I'm almost there."", ""I feel like I'll be gone soon.. one way or the other.. Recently I've been feeling physical pain that I believe somehow stems from the extreme depression, loneliness and physical health. I experience loss of breath, a rapid heartbeat, and just like I'm suffocating and even losing vision. It's temporary but it has me thinking that my time is near, whether it be to suicide or something like a heart attack. My mental illnesses have gotten out of hand. I have decided that if I cannot maintain or keep a single friendship that life is not worth living. Everything has been put further in motion by recent terrible events. I know I'm not well when I wake up in the middle of the night to smoke and still breakdown heavily once in bed because I'm looking at a picture of an old fiend who left. I go most days interacting with nobody besides a couple people at work and family. I'm rambling at this point but if anyone wants to hear me out further, let me know. Thanks.""]","💀🕳️😭⚠️,💀🕳️😰😭⚠️,💀😰😭⚠️,💀🕳️😭⚠️,💀😰🕳️😭⚠️",1
413,"[Timestamp('2019-10-25 04:50:14'), Timestamp('2019-11-04 09:38:02'), Timestamp('2020-01-07 10:30:47'), Timestamp('2020-01-18 03:20:59'), Timestamp('2020-01-29 19:46:46')]","['My Story. Hey guys, I am on my laptop so I can give a more in depth version of my story. About a year ago I started noticing small things, like fumbling a word every now and then, tripping over my own feet, some memories becoming hazy or non-existent, and I started having intense migraines and blurry vision. A few months after I went to my doctor to get my symptoms checked out and she told me everything was fine (I should note that I suffer from severe anxiety, clinical depression, and PTSD) and that I should not worry about the symptoms. 4 months later, I developed severe pain in my joints and bones, mainly my knees, back, left leg and neck. I went back and was referred for a X-Ray to scan my knee, and nothing was found. I dealt with all of these symptoms, while the fumbling of words, loss of co-ordination, and migraines/blurry vision was gradually worsening. I had a 3 and a half minute seizure 2 weeks ago, and went to my doctor. She wants to send me to a neurologist and a MRI of my head/brain, as she thinks I have a brain tumor. If I do (I have not been to the MRI/neurologist yet) then it is almost certainly malignant and metastatic. By this point, if my earlier symptoms were an indication of the tumor, it has spread to distant parts of my body. I now have great difficulty remembering my most fondest memories, dates and places are wrong, wrong people, events that didn\'t happen or happened in another time or place, etc. I am also having more and more difficulty with my vision, co-ordination (tripping frequently, dropping things, falling) speaking/stringing sentences together, mental confusion, and nausea/migraines every day, all day without end. I am scared and alone, my body is dying and I fear I won\'t make it to my MRI/neurologist appointment alive. I am taking steps to ensure my family and friends are cared for in the event that this is my last post/my last days on Earth. Even if I make it, if it is cancer, I doubt the prognosis will be good, and the survival time will almost surely be less then a year. If so, I have made the medical decision that I do not want extraordinary measures taken, in the event I stop breathing/my heart stops. I also do not want treatment of any kind, as I won\'t put my family through the pain of seeing me turn into a shell of my former self. no one, not even my best friend or girlfriend, knows this entire story, only bits and pieces. I do not want to worry them until I have to. I have made up my mind on my treatment plans, and I have accepted my fate. I will be visiting a lawyer to arrange my affairs and will in the coming days. I will update as often as I can for as long as I can. &amp;#x200B; &amp;#x200B; ""We live only once, do not live for legacy, no, live for the memories and the experiences and relationships. We occupy our chairs only briefly, and we all die alone, that\'s the cold, hard truth."" &amp;#x200B; Psalm 23:4', ""idk. Why is it so hard to find a girl, literally all I want is to find someone who will hold me and love me, who I can settle down with and start a family. I'm moving to Colorado on December 31st and I'm excited, but I already found and lost my soulmate (check post history) and I just don't want anyone else honestly. Yes I've been in a relationship since then but I broke it off (she was ignoring me and shit) and I just know I'll never find another like my soulmate. She will always have the key to my heart and that's just the cold hard truth guys. I can't flip it off like a light switch, doesn't work like that, Lord knows I want it to. I have lost the fight in me to find another. Maybe I'm destined to be alone. On top of all of that, I confess I've prayed nearly every night for God to give me cancer, and I'm pretty sure He did. Brain cancer, all's I want is 1 year to live. Hell, I'd even take a month. I won't know for sure until MRI's are done and I see my neurologist, but I guess I just needed to vent"", ""I'm so tired. I don't want to fight anymore, I've lost the drive, the fire. Just like I saw the spark gone from her eyes, now it too is gona from me. It's been 6 damn months. 6 long, lonely months and I'm still in pain. I can feel my body and my mind slipping away, and I don't care. It's not worth it anymore, and don't tell me all the it'll get better in time bullshit, cause I know itll never leave my soul. It's dark and empty and I'm ready, I'm ready. I'm not fighting the cancer, I'm ready to go home. I barely even laugh anymore, barely smile or find joy in stuff anymore. The only thing that brings me any comfort is beer and even that's not working anymore. Call me selfish if you want, but not fighting is my choice and there ain't a damn thing anyone can tell me to change my mind, not even if she came back. So I guess this is goodbye, to all you strangers out there. The last post of a broken man, wanna hear my life story? Buy me a beer."", ""copy and paste. This Life Of Sex Part 1 &amp;#x200B; In this life of sex there are two kinds of people The first are the hopeful ones These are the ones who will venture on windy lonely roads The wind blows each into a differing path To find their true love no matter the cost Whether it be disease, heartbreak or death Having heartless sex in autonomy over and over They shall continue on this road in abject misery For along this path they will meet the false love They shan't ever find their true love Damned are they to walk this lonely road In search of paradise lost for all of time &amp;#x200B; The second are the realistic ones These people shall too walk the lonely road The wind has no effect for they are determined They have already met their true love They walk this road in search for the passion The passion that they have known before For no other shall they settle For no other thoughts then that passionate night of sex Shall fill their heads He remembers his lover caressing every inch of his bare skin Climbing on top of them and pulling their shirt off Pausing for a moment to kiss her succulent breasts He continues as he slowly unhooks her bra and pulls it off She gasps as she feels the silky smooth material glide over her ever so sensitive skin and breasts He takes his time here, enjoying every second with her, cupping Her breasts in his hands and sucking on her nipples He pauses for a moment as he hears her moan in pleasure He locks eyes with her as they both smile the widest they ever have Looking down he kisses her forehead slowly working his way down Kissing every inch he can Her forehead, the bridge of her nose, the tip of her nose Her upper lip, her lips, her bottom lip, her oh so soft chin and neck Her clavicle, her breasts, her stomach and belly button He unbuttons her pants, blue as the night sky, and admires how they form to Her body so snugly He slowly pulls them down revealing her underwear, soft white and simple With lace trimmings He begins to breath on her womanhood, and smiles as he hears her moan In anticipation He cups his hand on her lips from outside her panties With a quick motion, he slides his fingers inside her, around the edge Of her panties She gasps and moans in sheer pleasure and ecstasy She quickly climaxes with his experienced hand and touch"", ""No one will read this. I'm laying here realizing that in this world so damn fake I just want something real. Motherfuckers don't understand that I've been dying to live but the devils shooting to kill. Nobody knows what the fucks wrong with me because they dismiss me and they never really care. I mean, I'm 20 fucking years old and I've been numb since I was 9 so I'm just done man. The cold hard truth is that nothing ever gets better, yeah you can meet someone and shit, but eventually you'll die in a time too short, or they'll die. And you'll be broken and lonely again. Literally everything is a bandaid. I don't understand why NOBODY realizes how useless and fake the world really is like goddamn why won't they wake up. They'll say they miss me and develop love for me overnight but where the fuck was they when I needed them the most, when I was here all alone they were nowhere to be found. Well I'm too much of a coward to kill myself so I guess ima let this cancer and these seizures do it for me.""]","💀🕳️⚠️😭😔,💀🕳️😭⚠️🩸,💀🕳️😭⚠️🚨,,💀🕳️😭⚠️😔",1
78,"[Timestamp('2021-06-17 01:42:47'), Timestamp('2021-06-21 00:28:39'), Timestamp('2021-06-25 00:45:56'), Timestamp('2021-07-10 02:10:15'), Timestamp('2021-07-10 08:41:49')]","['鈥淵ou鈥檙e too young to kill yourself鈥? Is that so? Then what fucking age is appropriate to kill myself at? Why should I be forced to suffer even more over some lame ass excuse? I鈥檓 done with this shit man.', 'I don鈥檛 get how people think I have a superpower. Last time I checked having autism which meant I struggle greatly with face to face conversations isn鈥檛 a superpower. I just wish I could be a normal fucking person. Just want to kill myself knowing how hard and confusing my life is already.', 'I thought I鈥檇 never have to see this person again. There was a girl who was part of a gang that attempted to stab me 6 years ago, and since she failed her and her sister continuously bullied me for a year. I changed schools and everything. I really thought I鈥檇 never have to see her again. Then I went on a zoom call and saw her, it terrified me to the ground. I really wish she did stab me in the chest now. I was lied to, I was told by everyone I鈥檇 never have to see her again. To see her basically in a better place than me is just an insult. There isn鈥檛 a reason for me to stay alive. 鈥渟TaY aLiVe OuT oF sPiTe for them鈥? Dumbest reason ever that doesn鈥檛 make sense.', 'I had a question about mental hospitals. I鈥檓 from the UK and wanted to know that if you don鈥檛 show any signs of improvement in a mental hospital, do they end up giving up on you and throwing you out or do they keep you in there until you make the smallest improvement so they can push you out the door?', 'I had a question about mental hospitals. I鈥檓 from the UK and wanted to know that if you don鈥檛 show any signs of improvement in a mental hospital, do they end up giving up on you and throwing you out or do they keep you in there until you make the smallest improvement so they can push you out the door?']","💀⚠️😭🕳️🔪,💀😭⚠️🕳️😔,💀🕳️😭⚠️😔,😔💔😢,😔💔😢",0
450,"[Timestamp('2021-07-02 01:15:27'), Timestamp('2021-07-03 02:15:54'), Timestamp('2021-07-04 01:12:15'), Timestamp('2021-07-04 05:42:51'), Timestamp('2021-07-05 01:56:16')]","['I have no will to live anymore I just want to die.', 'I鈥檒l buy a rope tomorrow. Goodbye world.', 'My mom just said she wants to ruin my credit score so I can have another reason to kill myself. Fuck that bitch', 'I want to kill myself because I鈥檓 ugly and people around me only care about looks.', 'My family encourages me to commit suicide. Lol they said they鈥檒l take me to Home Depot tomorrow to buy a rope. I hope I succeed.']","💀😭⚠️🕳️🚨,💀⚠️🚨🕳️😭,💀⚠️😭🔪,💀😭😞⚠️💔,💀⚠️🪦😰🕳️",0
232,"[Timestamp('2021-10-01 11:29:11'), Timestamp('2021-10-02 05:03:10'), Timestamp('2021-10-03 12:39:19'), Timestamp('2021-10-04 12:14:10'), Timestamp('2021-10-04 22:21:06')]","['Every time I wake up I wish I was dead. I really don鈥檛 know how much longer I can do this I don鈥檛 know what to do anymore Back to sleep', 'I just want to disappear already. I feel so sick My head hurts Tylenol doesn鈥檛 help I don鈥檛 want to eat I don鈥檛 want to live I enjoy thinking about my car smashed into a tree Scrunched up like an accordion With me at the middle Just let me die :)', 'When can I kill myself. I can鈥檛 keep living this life I鈥檓 sick of it I want to be gone The sooner the better I don鈥檛 want to live this life anymore', 'Fuck I feel like shit. Another day to regret living Another chance at killing myself Another life gone, but I鈥檓 not important anyways', 'I鈥檓 so fucking done. I feel fucking sick You can鈥檛 just show up into my life when it鈥檚 convenient for you And just abandon me when it鈥檚 not Like you haven鈥檛 got a fucking clue what you鈥檝e done to me Then just don鈥檛 respond when I tell you It鈥檚 not all about you It鈥檚 not all about you and how you feel It鈥檚 not all about you being abandoned and you feeling loved Because you鈥檙e the one who fucking abandoned me You鈥檙e the one who stopped reciprocating when I tried getting closer You鈥檙e the one who fucking just threw me away and gave up when things got hard You鈥檙e the one who stopped trying I鈥檓 not some fucking doll you just throw away and forget about Then pick me up to play with when you鈥檙e bored You. Fucking. Abandoned. Me. And. You. Didn鈥檛. Even. Fucking. Care. Just leave me the fuck alone at this point, I can鈥檛 do this anymore馃槶']","💀😰🕳️😭⚠️,💀🚗💥😞🕳️,💀🔪🚨😭🕳️,💀😭🕳️⚠️😔,😭💔😔😩⚠️",1
181,"[Timestamp('2021-10-13 11:33:10'), Timestamp('2021-10-16 05:38:05'), Timestamp('2021-12-04 02:10:09'), Timestamp('2021-12-15 00:16:48'), Timestamp('2021-12-15 00:42:29')]","[""Is it suicidal to not go to the doctors?. I feel like I'm at the point in my life where if I die then I die. As of right now I don't have any plans to end it, but I have stopped visiting the doctor's and willing to accept when my time has come. Even if that means I die at 50 or earlier. I just feel like it's not worth pushing my life further than it needs to be. Especially when I see that the future is really grim."", 'Death sounds so nice right now. Just take me already. I want to leave... I want to leave... I WANT TO LEAVE...... I WANT TO LEAVE..........', ""I'm giving up. I can't work like normal people can to afford a living. 40 hours a week stresses me out and feels like a huge waste of my life. Nothing motivates me or that I find pleasing to want to turn into a career. I love my girlfriend, but she deserves better. Someone that can grind the work life and afford a place for two people. I'm nothing but a fucking loser and a waste of life."", ""I've stopped trying and caring. With how the world has been lately and what's gone on around me I'm just so done with it all. I struggle to find a job let alone keep one. I struggle to be independent. I struggle to keep contact with people around me. I struggle to tell the people I love I'm okay when everyday I'm suffering. I get people online that stalk me over stuff I post about. I'm just done with it all. Please God I don't want to wake up tomorrow."", ""It sucks I don't go through with it because at the end of the day I just look like someone who wants attention. I really do just want it all to end. I want to stop living. Yet I'm here because I have people in my life who want me. However, even with those people I just want it to end. I have no passion, no motivation and no desire. I do love my girlfriend, but I feel like I'm just a failure for not having a job or a place for us to live. I just want to die....""]","💀🕳️😔⚠️,💀🕳️😭🚨,💀😔💔🕳️⚠️,💀😭🕳️⚠️😔,💀😭🕳️⚠️😔",1
422,"[Timestamp('2020-11-17 07:28:03'), Timestamp('2020-11-23 13:18:00'), Timestamp('2020-11-25 00:18:37'), Timestamp('2020-11-25 10:48:21'), Timestamp('2020-11-26 12:50:48')]","['I was getting better. Then the shutdown happened cause of covid. I can鈥檛 keep doing this anymore I鈥檓 so drained of it. I get that鈥檚 it鈥檚 for the safety of everyone but I鈥檝e been feeling trapped for so long it鈥檚 suffocating', 'Not hopeful. My life isn鈥檛 gonna get any better. My future is less dimmer than I thought. I don鈥檛 think I鈥檒l make it past summer', 'Wooo I relapsed. fucking wish it was a fatal blow that time tho', 'Suicide hotline. welp they hung up on me. I guess that鈥檚 the universe telling me it鈥檚 over', 'Dreams. My brain just wants me to die. My mind always goes towards making a plan. I guess it鈥檚 just meant to be']","😔💔😰🕳️⚠️,💀🕳️😰😭⚠️,💀⚠️😭🕳️,💀🕳️😭⚠️,💀🕳️⚠️😭🧠",1
47,"[Timestamp('2020-12-04 18:25:28'), Timestamp('2020-12-04 20:50:28'), Timestamp('2020-12-04 22:10:10'), Timestamp('2020-12-06 13:47:51'), Timestamp('2020-12-07 06:09:21')]","['Very tempted to rot here until I die. Seriously tempted to Bobby Sands it', 'It鈥檚 funny how when someone dies.... ... then they are 鈥渋n a better place鈥?, 'Wish I would die in my sleep this weekend.', 'This voice will disappear quite soon. My decisions are about to collapse on me. Should have committed months back. Hope you all can do better.', 'There used to be a late night DJ in my hometown.... One cigarette for you, and one for me. Here, I鈥檒l give you a light. (roughly went like that - it was the 70s - lol)']",💀🕳️⚠️😭🌑,0
232,"[Timestamp('2021-12-03 04:18:49'), Timestamp('2021-12-03 10:27:59'), Timestamp('2021-12-04 18:56:52'), Timestamp('2021-12-05 21:46:31'), Timestamp('2021-12-09 04:09:03')]","['My life is absolutely pointless. And each day I keep living is just further proof of that Sleeping over 12 hours doesn鈥檛 matter, I still feel like shit but I鈥檒l keep going I don鈥檛 know what to do anymore I can鈥檛 deal with this life I just want to kill myself already I鈥檝e thought it over enough Time to execute Let me disappear into thin air Let me be gone', 'I can鈥檛 do this anymore. I can鈥檛 keep living like this I鈥檓 sorry to everyone That I鈥檓 like this and what I鈥檝e done I feel constantly sick by what I鈥檝e become And I鈥檓 sorry I don鈥檛 know what to do anymore I don鈥檛 know what to say The only thing I can do is keep sleeping and pretending I don鈥檛 exist Other than killing myself that is I鈥檓 sorry', 'I shouldn鈥檛 be drinking. I鈥檝e already accepted my fate, I may as well accelerate it I may as well make myself feel the worst I may as well pretend that I鈥檓 ok Is the alcohol enough? I hope I don鈥檛 wake up tomorrow', 'I鈥檓 dead. I don鈥檛 feel like myself anymore I can barely stay awake Drinking again makes me forget Actually it just makes me want to stab myself and rip out my heart When can I die?', 'I feel like a fraud. I keep telling myself this is in my head And I mean it is I have no good reason to want to kill myself anymore, I just want to do it It鈥檚 the first thing I think of every morning when I wake up Why isn鈥檛 there a rope around my neck? It鈥檚 lovely Inside my head is lovely These thoughts are my fault']","💀🔪🚨😭🕳️,💀😭🕳️⚠️,💀💊😰🕳️🚨,💀🔪😭⚠️,💀🕳️😰😭⚠️",1
266,"[Timestamp('2020-09-10 23:00:15'), Timestamp('2020-10-01 19:13:14'), Timestamp('2020-10-18 16:08:57'), Timestamp('2020-10-23 00:32:40'), Timestamp('2020-11-17 19:39:05')]","[""The only reason my life is so bad is because I'm incompetent.. Seriously. If I was competent, I could provide myself with the life I want, but since I am incompetent, I am not able to provide myself with the life I want. It's the simplest way to put it. I am an idiot. That's why I suck at life. That's why I'll never make it. That's why I'm going to end up in a homeless shelter despite my best efforts to stay afloat. It's because I'm incompetent. I'm never going to make any money off people because I am incompetent. I'm never going to be able to make things easier for myself because I'm incompetent. I just feel sick to my stomach."", ""It's the end. I don't want to die, but there is nothing for me in this life. I was never good enough and I never will be. There isn't going to be a happy ending. I just wish things could have been different, but I'm too weak and incompetent. I can't get better. Can't improve myself. I don't have it in me to look anyone in the eye anymore. I don't have it in me to smile at them. I just wish it didn't have to be this way, but here I am. Death is calling. It reminds me every day that it is coming closer and closer to be my time. I don't want to die, but there is nothing I can make of this life. I can't convince others of my competence. I have nothing to be proud of. I will never have anything to be proud of. I will never have any reason to feel like what I do is appreciated or worthy of respect. I guess deep down I desperately want somebody to tell me that it's going to be okay, but we can all see that it won't. That it won't necessarily all be okay. We are all alone in the world."", 'It\'s better to die than to try again and again only to fail. Why live long enough to see myself fail in areas so many people did not? Why live long enough to see that I will never retire? Why live long enough to see myself eventually spinning my wheels in the street? I\'ll never be smart enough to make my own way in this world. I will I ever have the wisdom to know what it is I\'d even have to do to get what I want, nor will I ever have the confidence to follow through. I hate the question ""Where do you see yourself in five years?"" I don\'t fucking know, I don\'t want to fucking think about it. I am not smart enough to figure this shit out. Even more so, I am not mature enough to make whatever sacrifices are necessary to get to a place of financial stability and success. So no matter what \'five year plan\' I try to make, I\'ll never be mature enough to follow through with it. What\'s the point of living like this? Why live to see yourself get to a place where you have to earn your own respect back? Why even continue in this utterly humiliating existence? I try not to think about it but I can\'t run from it. I\'m not willing to have a ""breakthrough moment"" hat sticks. I\'m not willing to admit to another person that I am a pathetic drug addict. I cannot continue living having put myself in this position. I\'m a fucking idiot. I\'m not going to figure this shit out because I\'m not capable, and yet I am too prideful to go along with whatever other people tell me to do. And why live when fucking everything has a stigma attach to it? Especially when that applies to some things more than others. It being assumed I\'m incompetent because I never went to college. Maybe some of us just fuck that opportunity up? No, obviously if you don\'t go it means you are stupid. Maybe I am stupid for fucking that up. I was never able to fully embrace the reality of action and consequence. I\'m still not able to embrace life. But why would I? There is nothing good in life. Everything around me is a reminder to me of my own failures. The owned houses I drive by, the people I know who aren\'t fuck ups and actually make decent salaries, any car I see on the road that isn\'t ten + years old, hearing about people\'s growing retirement fund, just knowing that even the people in my situation are way more competent than I will ever be because they are skilled enough to make e good side income while I\'m stuck dealing with whatever wage I can get because I will never be skilled in anything enough to justify asking another human to pay me to do it. I swear man sometimes I want to make the most of my day and maybe try to invite another person into my life but I just don\'t deserve that shit and I have nothing to offer anyways.', 'Life is not worth living when you are tied down by responsibilities. Its really not worth waking up to see the next day when you have depression, but at the same time have responsibilities to other people that force you to make personal sacrifices. Why should I continue? The pain of my family is not enough to keep me around for them. When every goddamn day I have to fight everything in my goddamn brain to try to feel like life is actually a good experience and that there is actual reason to be happy, and even then, I don\'t actually feel it. I don\'t actually believe it. And it\'s starting to seem like a cruel joke that I am even alive in the first place. I\'m just not cut out for life. I don\'t feel motivated by all of these challenges. I don\'t feel good. Calling the problems with life ""challenges"" is just too fucking child like. It makes life sound like a game. Well life isn\'t a fucking game. I\'m fucking sick and tired of having to put on a fucking act and try to FORCE myself to just BE DIFFERENT, to fucking BE HAPPY, to APPRECIATE SHIT. But I just can\'t keep doing this. I can\'t keep trying to force myself to smile and use body language/facial expressions. I can\'t keep trying to physically speak normally. I can\'t keep trying to remember all the shit that goes on in the day. I can\'t keep trying to call myself down. I can\'t keep trying to constantly manage my own emotions. I can\'t keep trying to fix what is wrong with me. I can\'t keep forcing myself and inevitably failing to hold real genuine interest in shit. I can\'t keep trying to force myself to just STAY FUCkING FOCUSED. I can\'t try to fucking ""grind"" anymore. I understand that this is THE reason I will never recover if I become homeless, but I just can\'t do it again man. I can\'t deal with a lifestyle of constant work and forced health sacrifices such as a lack of quality sleep. It doesn\'t matter for how fucking temporary that situation is, I CANNOT ABIDE IT, I CANNOT try it again. I can\'t. Having to plan everything out...just goddamit...it doesn\'t matter what the purpose is or what it\'s for. I would just kill myself out of the sheer lack of time to just bullshit. And in that kind of lifestyle there is no room for getting high. None of this shit is worth it if I can\'t get high because there is no pleasure to be found in life.', ""Why did I have to exist?. Why do I have to live in a body that gets fat and deteriorates when it isn't taken care of? Why do I have to work so hard just to barely be able to afford the basics of food, clothing, and shelter? I just want to be dead. I'm sick of spending all my money to maintain a car. I'm just tired of life in general. I just want to die and be free from all consequence.""]","😔💔😞🕳️⚠️,💀🕳️😭😔⚠️,💀🕳️😭😔💔,💀🕳️😭⚠️😖,💀😭🕳️⚠️😔",1
257,"[Timestamp('2021-06-12 06:08:56'), Timestamp('2021-06-16 06:00:11'), Timestamp('2021-08-10 06:33:27'), Timestamp('2021-09-08 20:05:28'), Timestamp('2021-09-09 15:47:28')]","['Is it normal to feel alone in a relationship?. this is kinda off topic but I just feel like my partner doesn鈥檛 get me. She says she does and I want to believe it but I cant. I just feel alone. I constantly help with my partners problems but when it鈥檚 me she leaves me on delivered for hours.', 'My life is coming to an end.. I have nothing to live for. No one loves me, no one cares for me. Im alone in my thoughts and it鈥檚 torment. I hate living like this. Life seems like an endless cycle of just pain and agony,it鈥檒l never stop. I can鈥檛 seem to find any motivation to do anything. Im failing school miserably. My parents don鈥檛 know how I鈥檓 feeling or how I鈥檓 doing mentally, I鈥檓 a huge failure I鈥檓 a walking corpse at this point. I can鈥檛 keep going like this it breaks my fucking heart.', 'Help. I want to tell my mom about my recent suicidal thoughts. Not that their new, I鈥檝e definitely had them but they鈥檙e starting to take over. I鈥檒l 鈥?jokingly鈥?stab a knife at my wrist and no one seems to bat an eye. I鈥檓 getting sidetracked already anyways, I鈥檓 petrified of her and I don鈥檛 know if she鈥檚 gonna handle it well. Help.', 'I鈥檓 so dumb. there鈥檚 no hope left for me, I deserve nothing but death. My pathological lying has cost me everything good in my life. it has to end.', 'My death seems inevitable. I鈥檓 typing this in mobile so sorry for any errors. nothing is going right, my mind is losing any bit of sanity it had left. I just broke up with my girlfriend and she was the only person I could actually trust. The only person I could turn too and I鈥檓 truly not ready to move on. My depression and social anxiety has sky rocketed since the school year started and I sit throughout the day saying little to no words. I have zero friends and I鈥檓 completely alone. lonely in fact. In my thoughts. I鈥檝e been abandoned by literally everyone in my life except people who are forced to be in it. The thoughts are getting more and more intense and I鈥檓 trying not to sh again but it鈥檚 hard. I have a plan to kill myself with my parents gun, hopefully I can pull it off.']","😔💔😢,💀🕳️😭😰⚠️,💀🔪😰🕳️,💀🕳️😭⚠️,💀🔫⚠️🕳️😭",1
145,"[Timestamp('2020-10-20 17:49:23'), Timestamp('2021-02-02 04:03:30'), Timestamp('2021-05-15 21:04:10'), Timestamp('2021-05-27 06:43:14'), Timestamp('2021-06-19 04:18:15')]","['December. I think I can figure everything out within the next two months. I鈥檒l pin down an exact date soon. I鈥檓 heartbroken and I can鈥檛 take the pain. Everything in my life has gotten progressively worse for a number of years. Family troubles and fights, no money, no school, a shit job, can鈥檛 drive and I spend every moment I can smoking to cope with the past trauma, anxiety, and depression. The few people I have loved have left me, friends abandon me and now my closest grandparent is gone. I will be joining him soon.', 'I check all the boxes. Everything I can think of in my life and past draws me closer, and puts me at a higher risk -Depression that has persisted and worsened every year since my early teens -Living with parents at 23 -Messy room that I never am able to clean Barely able to work and even the little I do makes very little and is no future -One year college dropout -Experiences past trauma because of bullying and reputation and experiences in high school plus college, in addition to being in the psych ward in 2019 -Loneliness combined with long periods of self isolation due to lack of friends and bad experiences with most people I鈥檝e ever known -Never been in a relationship or been on a date, no experiences and no chance of it happening with my decreasing mental state -Cannot drive, bad experiences as a teen practicing and with bad anxiety in general and everything else mentally plus occasional panic attacks just haven鈥檛 felt comfortable or fully able to do it -Brother who constantly plays video games with online friends who love him and are there for him daily and ignores me whenever I try to talk to him, and an Xbox that has been collecting dust because I haven鈥檛 had friends in years to play with -Mom who screams every day about everything making how I feel on a daily basis so much worse, and a dad who鈥檚 given up on me. They don鈥檛 look at me the same as they used to. In part.. -because I鈥檓 a pot addict, smoking every day if I have it available, in my room too. The only coping method that somewhat works. Been doing it for years now but it鈥檚 been within the last year or two I鈥檝e been drinking on a daily basis as well -No therapists or medication or anything I鈥檝e ever tried in the past has ever worked for me, in most cases they were complete wastes or just made it all worse -A friend group who were really bad to me back in high school and who I don鈥檛 get along with much and only ever occasionally see them out of complete loneliness -Constant thoughts in my mind of friends that are long gone, online and otherwise, as they all seem to leave when the going gets too rough. As well as my granddad who was one of the only people who loved me and was there for me who died of cancer last year -Growing increasingly unstable as I frustrate easily and lose control of myself and emotions more than ever before -Never a single thing I鈥檝e wanted to do in life, no hobbies or passions at all and nothing that鈥檚 ever motivated me to get up in the morning. Except maybe our dog. Every day I tell myself I鈥檓 going to find it in me to do what needs to be done. The downward trajectory my life has been on for so many years tells me it shouldn鈥檛 be long.', 'I tried so hard. For so long. But I鈥檓 crumbling. Getting up is harder than it鈥檚 ever been. Setback after setback. Loss after loss. My ways of self coping are not enough anymore. Each year that goes by there is a greater and greater chance of the inevitable. I should have been gone many years ago. I hardly remember anything in my life in years. Since high school or earlier. I鈥檓 now 24 and I鈥檝e been suffering for far too long. It says something when I no longer reach out to anyone I know or reply to those on Reddit. When I鈥檓 yelling in anger at my family on a daily basis. Spiraling out of control into insanity. When I鈥檓 smoking and drinking more than ever before every day. Can鈥檛 even get myself to get behind the wheel of a car once because of the sheer anxiety and fear. Lonelier than ever, not a glimpse of hope in sight. No longer.', 'I really don鈥檛 know how I鈥檓 still here. I鈥檝e been deeply struggling for so many years. I somehow still manage to just feel worse on a daily basis. No matter how I try I just fall further and further back. It鈥檚 never enough. Thinking about going back to self harm and or quitting my job. If there鈥檚 anyone out there who is understanding and would care to talk it would mean a lot. I鈥檝e been far too alone with these thoughts.', 'How much longer. I hardly have the words to express how I鈥檓 feeling. I never thought I would make it this far. I truly don鈥檛 think I can鈥檛 hold on any longer. I鈥檝e said it before but I鈥檝e never been so sure. It鈥檚 been years. And years. There鈥檚 no one with me. There鈥檚 nothing I care for. Years and years of zero new friendships aside from some that broke my heart and left. Seemingly the only memories I have are traumatic ones. No longer can I get by on smoking, drinking, sleeping, crying in the dark bedroom of my parents house I鈥檝e been in 24 years now. No longer. Soon they will leave for vacation..']","💀🕳️😭⚠️🕯️,💀🕳️😭⚠️😔,💀🕳️😭⚠️🌑,💀🕳️😭😔💔,💀🕳️😭⚠️🌑",1
285,"[Timestamp('2020-04-07 08:01:14'), Timestamp('2020-05-02 17:16:59'), Timestamp('2020-05-12 11:30:35'), Timestamp('2020-05-15 18:58:27'), Timestamp('2020-06-02 11:25:31')]","['Is it really unreasonable. to want to kill myself! I have had enough and it will never get better. I am sick of life and the person I am. I am okay going through with the act, its the aftermath that is the problem, especially now with all this coronavirus stuff happening. I wish there was a higher power or something that could help me.', 'Wish I could die right now. Surrounded by people and know one knows how much I want to kill myself right now!', ""I need to die. I need a way out, I don't want to hurt anyone but I have to leave."", ""Suicide spot. The place I plan to kill myself is now populated with spandex wearing cunts, since coronavirus every surpressed superhero is now running about in their stupid outfits, some of them choose 2 wheels as there method of transport. Either way the place I want to kill myself has been spoiled because there is people who usually wouldn't be there and they have now taken over, when it should be quite and empty. This has really ruined tonight's suicide...."", ""I need a haircut. Really want to have a haircut before I kill myself, I have this idea that there maybe an after life and I don't wanna be wandering about with this stupid hair""]","💀😭🕳️⚠️,💀🔪😭🚨,💀🕳️😭⚠️,💀🔪🚨🕳️😭,💀⚠️🔪😰🕳️",2
114,"[Timestamp('2021-04-21 05:26:38'), Timestamp('2021-05-06 14:00:38'), Timestamp('2021-05-06 14:16:39'), Timestamp('2021-05-09 04:20:12'), Timestamp('2021-05-09 21:24:03')]","['I Cant Stop Having Panic Attacks.. Being alone forever is one of my worst fears.', ""I can't do this anymore.. No one wants me, everyone hates me with little reason. I'm nothing but a burden to those left, I have nothing left here. So I've vm given up myself. No one wants to love me anyways."", ""I've lost everything.. I don't know how much longer I'm going to stick around, I lost all my friends, most of my family hates me and my sister because they think we're lying about what another family member did to her, I have more friends who hate me because I quit and went to work somewhere else. The girl i was taking to lead me on then turns around and starts taking shit bout me. I watched both my younger sister die and my father die slowly over the course of 4 years. I've been alone for as long as I can remember and now I can't anymore. Everyday is suffering and I can't find a way to escape it. Who care if I was sexually abused as a toddler, because if it happens to a guy. Who really cares anyway. At this point I've lost everything and everyone, and there is no way to end my suffering."", ""Can't Do This Anymore, Please I Just Want This Pain to End.. Everything good in my life always goes south, any love I could've had always rejected me. Thats all I really know is rejection, like wth is wrong with me, am I just a terrible person because I'm coming so close to ending it 254 days from now and counting though it could be sooner if everything keeps getting worse like it always has. Used by everyone without any gain then tossed aside like nothing, I guess its just my destiny to kill myself. I see no other way out, I'm tired of being alone. Ive been alone my whole life and the only time someone needs me, its for their selfish desires. Like is this how my life is meant to be, being used by everyone. Enough of it, starting I am planning my suiside, I cannot legitimately take it anymore. IM TIRED OF TRYING SOOO HARD FOR NOTHING, NOT EVEN LOVE. FUCK IT JUST FUCK IT ALL, FUCK EVERYONE FUCK LIFE. IM SOOO FUCKING DONE WITH EVERYTHING I AM ABOUT TO FUCKING END IT RIGHT FUCKING HERE."", ""All I Feel Is Extreme Hate For Everyone And Everything.. Fuck everyone in my life the just used me, you fuckers, I hope you all die, but its not like my time here isn't coming close to an end.""]","😰😔💔⚠️,💀🕳️😭😔💔,💀🕳️😭🌑,💀🔪🚨⚠️🕳️,💀🕳️⚠️😭🌑",1
453,"[Timestamp('2020-08-28 06:53:27'), Timestamp('2020-09-14 18:02:19'), Timestamp('2020-09-19 00:06:21'), Timestamp('2020-10-29 18:27:02'), Timestamp('2020-11-24 06:40:38')]","['I don鈥檛 think I can handle the emotional toll of another relationship, but not being in a relationship makes me want to die. I haven鈥檛 been in a relationship for around 7 months now. My last breakup absolutely broke me and we weren鈥檛 even together for long. I still think about her every day although I鈥檝e never tried to contact her (bc shes probably past moved on). I want to start dating again but I literally only see the negatives of dating, when you essentially go through the emotions of that person dying bc you know you鈥檒l never talk to them again and that they hate you. I鈥檝e talked to a few girls but it usually only lasts a week at most until I run away before getting attached. My body dysmorphia doesn鈥檛 help either, I鈥檓 usually fully convinced whoever I鈥檓 talking to thinks I鈥檓 the ugliest person on the planet and they鈥檙e just being nice. Most of my profile pics were taken when my skin wasn鈥檛 breaking out and the lighting was perfect and I feel like normal me isn鈥檛 even the same person as those pictures. I wish not being in a relationship didn鈥檛 feel so lonely and awful, and I wish being single wasn鈥檛 such a horrible stigma. It makes me want to die.', 'The sad realization that even if you did kill yourself, many people wouldn鈥檛 notice or even realize. All I need is a little more courage at this point. I鈥檝e been trying to start dating after thinking I got over my only relationship but stupidly thought we could be friends. She responded with 鈥渋ve only gotten better looking and you鈥檝e only gotten uglier. I wouldn鈥檛 want to be seen anywhere with you.鈥?All the dating apps I鈥檝e used have been failures, I got one message across four different apps and all she said was 鈥測ou鈥檙e not my type at all but we could be friends I guess lmao鈥? At this point I鈥檝e had zero friends for nearly four years. I put myself out there, I be myself, and I get ignored and made fun of. Working out doesn鈥檛 help. Therapy doesn鈥檛 help. I鈥檓 just fundamentally broken.', 'I will never get over my ex and I鈥檓 tired of living like this. Me and my ex broke up on what I thought was mutual terms (although I def didn鈥檛 want to) bc she said we 鈥渞ushed our relationship鈥? Throughout the breakup I was never mad at her and was still nice to her bc I still really loved her, but she made it clear that it wouldn鈥檛 work. The only thing that could have been rude was that I said I didn鈥檛 want to see her anymore bc I wouldn鈥檛 be able to handle it without crying. We ended up talking about it a year later (which was a month ago) and she鈥檚 completely flipped everything. She told everyone around her I 鈥渄estroyed her life鈥?and made everyone around her hate me. Then she spent a good while insulting me, telling me how I鈥檇 gotten uglier, stuff like that. I still loved her and still didn鈥檛 say anything rude to her. I realize how awful she was to me but I鈥檝e completely internalized everything she said and I hate that, even though I never meant to, I made people hate me as much as she does. I can鈥檛 start another relationship again. This entire thing traumatized me too much. At the same time, I don鈥檛 want to live another 60 years alone. I really, really want to die just so I can be at peace again.', 'I hate it when people think my depression is an excuse to infantilize me. Whenever I鈥檓 noticeably depressed my parents always talk to me in a very quiet, almost baby like voice as if at any second I鈥檓 gonna lash out and they have be careful with everything they say. This ONLY makes things worse because it makes me feel useless and tiny. I just want to be able to die and not have anyone try to stop me or treat me like a child because of it. I tried out living. I hate it. Let me die.', ""i'm a fucking terrible person who deserves to die a painful death. I've been so starved for any sort of positive attention or affection that I started talking to a girl I wasn't really that attracted to who lives an hour away from me. i got myself in a situation where she is extremely into me but I just... don't feel anything and I don't fucking know what to do. She mentioned she's bipolar so if I ever try to just cut her off and leave she'll probably spiral. I can't believe how fucking stupid I was and I should never have fucking even talked to her. Since she lives far away and I have serious driving anxiety there's barely any ways we could meet in person especially bc my parents are tyrants and don't let me bring anyone over. I wasn't fucking ready for a relationship but I'm so starved for attention that I rushed in without thinking. I should just kill myself before I have the chance to ruin anyone else's life. in reality ill probably end up disappointing her anyways even if I try to keep the relationship going bc its bound to happen. Everyone ends up getting disappointed by me and I realize it's because I'm an awful person.""]","💀😔😭⚠️🕳️,💀🕳️😭😔⚠️,💀😭🕳️⚠️😔,💀😭🕳️⚠️😔,💀😭⚠️🕳️😔",1
10,"[Timestamp('2021-08-26 01:49:57'), Timestamp('2021-08-26 02:23:05'), Timestamp('2021-08-27 00:28:39'), Timestamp('2021-08-31 22:25:07'), Timestamp('2021-09-30 22:30:32')]","['Involuntary celibate. I鈥檝e been apart of the incel community for awhile. When it comes to this aspect (dating) of my life, I have 0 success. Why? Not because of my personality, but because of my appearance. I鈥檓 tired of this notion being spread across society that personality is more important than appearance. This is simply incorrect and it鈥檚 already been proven that appearance is significantly more important than personality. Second to appearance is intelligence. I鈥檓 fucked and there鈥檚 no point in living. I have 0 hope I鈥檒l ever attract a women, I鈥檓 too short, I鈥檓 an inferior male. I have a reason to be angry and I won鈥檛 stop posting triggering comments until I eventually Kms.', 'Short men should have the right to be euthanized. It鈥檚 my belief that most short men are suffering. For the average short man, life is going to be full of suffering, pain, envy, rejection, drugs. I鈥檓 tired of existing as an inferior male.', 'Want to die because I鈥檓 short. According to psychology today, short men aren鈥檛 perceived as real men by women. I may as well kill myself right?', 'I鈥檓 really considering suicide. It鈥檚 either suicide or continue to suffer every minute. I鈥檓 tired of living. I鈥檓 not enjoying life so why even live? This is hell. Someone give me a reason for why I should continue.', 'Suicide is the only solution. It鈥檚 always on my mind. It鈥檚 the only way the pain can end. There鈥檚 no other way.']","💀🕳️😭⚠️,💀😔🕳️⚠️😭,💀😰⚠️😭😔,💀😭🕳️⚠️,💀🕳️😰🚨😭",1
405,"[Timestamp('2021-03-17 03:22:45'), Timestamp('2021-03-28 03:04:08'), Timestamp('2021-03-29 22:31:54'), Timestamp('2021-04-01 18:40:52'), Timestamp('2021-04-01 18:55:44')]","['I can鈥檛 get over him. He was a terrible person and I was 13 and he was 18, but I miss him so goddamn much. He never did anything to me, not physically at least. I met him online through a friend, we hit it off and he soon became sexual, I told him things and I did things for him, but we never even met. The word 鈥楧addy鈥?is horrible, and all I can think of is him when I hear it. I can鈥檛 sit on the floor near my backdoor because all I remember is him. When I hear the rain I think of his kind complements and crooning words. He was so sweet and made sure I was taken care of, but did he? He knew I was too young and he still spoke to me like that, still made me do those things. But I still long for him, he鈥檚 left an empty space in my heart and I鈥檓 not sure if anything could ever fill it. Why can I get over him? I鈥檓 15 now, I should be able to get over this petty longing. It鈥檚 been so fucking long and I still think of him, he鈥檚 a parasite and what he did was wrong... Right? Did I lead him on? Am I in the wrong? I feel so guilty and angry and heartbroken. Sometimes I think that I鈥檓 overreacting, maybe I am, but what if I鈥檓 not? I want to kill myself, I think of it a lot. Maybe if I did it would get him out of my head.', 'I can feel my clothes drag on the inside of my cuts. ouchieowowowowowow', 'Going through the motions, I can鈥檛 remember a time where I was not numb.. I see everyone talking about hating their lives and I wish I could be them, if only to feel something again. Fifteen at the moment and my end date is twenty five but I鈥檓 not sure if I can even do it, I can鈥檛 even get out of bed most days how am I supposed to kill myself. Probably going to regret this post later but, oh well. Night guys.', 'People fucking suck.. 鈥淚s IT a boy or girl?鈥?What the fuck.', 'I think I may attempt soon.. I just can鈥檛 see myself alive. Everything is wrong and I know that no one truly cares about me.']","💀😭⚠️🕳️💔,💀🩸😭⚠️🕳️,💀🕳️😭⚠️😔,😔💔😡,💀🕳️😭⚠️😰",0
52,"[Timestamp('2020-06-05 05:00:37'), Timestamp('2020-07-10 20:26:57'), Timestamp('2020-07-24 07:19:37'), Timestamp('2020-08-27 06:49:10'), Timestamp('2020-09-17 05:17:16')]","['IM DONE IM DONE IM DONE. FUCK LIFE. I just want to die in the most painless way possible with the least fear possible, any suggestions for me.', 'I Think I am becoming mentally insane. This is not a joke.', 'I HATE YOU ALL. Sometimes I hate humans so much, not only do I wanna kill self, but I wanna kill them, I wanna fucking kill you guys in a mass shooting or something. I need help, or death. I wish I could personally kill all 8 billion living people on earth. It鈥檚 t would be better with us.', '.... ...', 'I WANT DIE. I鈥檓 at the absolute fucking bottom, I have ever reason to die, I don鈥檛 even wanna live anymore, weather I die by suicide, or by another cause, I just wanna die. Really really soon. Everyone abandoned me, none one loves me.']","💀🔪💊🚨,😰🕳️⚠️😔💀,💀🔪🚨🕳️,💀🕳️⚠️,💀😭⚠️🕳️",1
431,"[Timestamp('2021-02-14 22:11:37'), Timestamp('2021-02-15 00:31:48'), Timestamp('2021-02-15 14:51:06'), Timestamp('2021-02-15 21:57:21'), Timestamp('2021-02-19 16:44:18')]","['I鈥檓 gonna die alone because I oversexualize women. I鈥檓 21 and I鈥檝e never had a gf and I鈥檒l probable never have one. My issue is I oversexualize women. Not just in real life but like when I鈥檓 watching tv I just look at their bodies. I know it鈥檚 wrong and I know it鈥檚 creepy but it makes me scared of girls and I have a hard time controlling it', 'Tonight is the perfect night to end it all. I鈥檓 21 and Valentine鈥檚 Day always sucks because it always reminds me I鈥檓 gonna die alone I鈥檝e never had anything close to a gf and I鈥檒l never have one I had a falling out with my friends today because I鈥檓 so toxic and tonight I鈥檒l drink to ease the pain then prob kill myself. I鈥檓 sorry to everyone I鈥檝e disappointed but the world will be better without me', 'I can鈥檛 stop sabotaging my own life. I鈥檓 21 and I can鈥檛 stop fucking up I try to improve but I always fail and I know I鈥檓 gonna die alone so death is ok with me I had a falling out with all my friends and I鈥檓 left with nobody so at this point I鈥檓 ready to die the problem is I鈥檓 too much of a coward to kill myself hopefully I鈥檒l just die I鈥檓 too creepy to live', 'How do I tell my parents I need help?. I was diagnosed with moderate depression and anxiety so I stopped drinking but somehow my depression has only gotten worse I can鈥檛 even get out of bed and I have the desire to die. I have no friends left so my only hope is to get therapy and go on meds but I have to tell my parents I need therapy because I can鈥檛 afford it idk how to tell them it鈥檚 really hard to talk about especially since I鈥檓 not really open with them', 'I just wanna be loved but I鈥檒l never have love so I just wanna die. I鈥檓 a 21m and I鈥檒l never experience love I鈥檓 too mentally and emotionally unstable to ever be loved not to mention I鈥檓 weird and gross all I want is a woman to love and spend my life with but I鈥檓 too much of a loser I know I鈥檒l die alone']","😔💔😢,💀🔪🚨😭🕳️,💀🕳️😭⚠️😔,💀😭😔⚠️,💀😭🕳️💔😔",1
27,"[Timestamp('2021-03-08 22:38:08'), Timestamp('2021-03-14 17:37:37'), Timestamp('2021-03-16 11:40:51'), Timestamp('2021-03-16 22:21:36'), Timestamp('2021-03-29 13:00:13')]","['Feelin done. I don鈥檛 even know anymore', 'Might attempt again soon.', 'There is no point. There is no reason to keep going, I feel myself slipping away, I don鈥檛 feel like myself anymore, I don鈥檛 think I can hold on much longer...', 'I don鈥檛 wanna fucking be alive anymore. 2 weeks since my last attempt, why the fuck does nothing work', 'Anybody on here got an Xbox and wanna talk about how shit life is over a game of siege or smthn?.']","😔😞🕳️😭⚠️,💀⚠️🕳️😰🚨,💀🕳️😭⚠️😔,💀⚠️🕳️😭🚨,😔💔😢",0
193,"[Timestamp('2021-07-02 19:14:59'), Timestamp('2021-07-02 19:18:29'), Timestamp('2021-07-23 02:37:51'), Timestamp('2021-07-23 02:44:51'), Timestamp('2021-07-24 20:58:14')]","[""Humans are a disease. I'm stuck here for several decades because of selfish humans desires, suffering because humans social norms and punishment that should not exist, have to deal with humanity ignorance and hatred for nothing just because i'm trans, my family hates who i am while i did nothing wrong, i'm sure most people are definitely rotten or bad, just feels like the best option for people like me is just die and never wakeup again getting out out of this world full of diseases and the biggest disease are humans no matter how much they improve human nature always stay evil"", 'I wanna sleep. And never wake up', 'Modern world is a disease. Loneliness, mental illnesses/disorders, no freedom at all only slavery pain diseases if i could live somewhere outside of this shitty world i will do', ""Don't call hotlines. Foreal, it's better to get a depressed and suicidal friend as you together you can be happy and understand each other cause you both wanted to die and such friend won't call the psych ward about you instead of rotten hotlines and therapists, it's best to get an actual good friend and you can make each other happy"", ""This is doom eternal. And I'm the slayer""]","💀🕳️😭⚠️🌑,💀😴🕳️😭⚠️,💀🕳️😭😔⚠️,💀🕳️⚠️😭,💀🕳️😰🌑⚠️",0
42,"[Timestamp('2020-09-10 11:59:47'), Timestamp('2020-09-11 08:30:19'), Timestamp('2020-09-11 09:38:31'), Timestamp('2020-09-12 09:06:02'), Timestamp('2020-09-14 08:24:36')]","['Can someone talk to me for a bit. I just really need someone to talk to right now', 'I really need people to talk to. Can someone please talk to me?', ""Last resort. I feel sorry for being alive I'm a pathetic and dumb I would be better off dead."", ""I'm done with life. I never want to go out in public I dont like to talk to anyone I always feel tired I hate myself and I deserve to die. I'm so lost I feel like my life will go nowhere. I've already cut myself 2 times tonight I just want everything to go away. I just really need someone to talk to right now."", 'Please someone talk to me. I really need someone to talk to right now']","😔💔,😔💔,💀😔🕳️😭⚠️,💀🔪😭⚠️,😰😔💔⚠️",2
54,"[Timestamp('2021-01-14 02:30:29'), Timestamp('2021-01-14 02:31:04'), Timestamp('2021-01-19 21:57:50'), Timestamp('2021-01-20 01:27:30'), Timestamp('2021-01-20 02:10:11')]","['My mind is blank, hmm full of fog is a better way to state it. I can鈥檛 really think about anything, I haven鈥檛 gotten any suicidal thoughts for 4-5 days now. I still want to end my life but when it comes to thinking about it my head becomes empty and starts to Feel like a chore to just think about something simple.', 'I thought that I was actually getting better but boy was a wrong.', 'I鈥檓 so fucking lost, I鈥檓 neither happy nor depressed. My mind鈥檚 empty, I have no motivation to live nor do anything, I鈥檝e been sleeping too much and sometimes too little, It鈥檚 annoying. It鈥檚 came to the point where I鈥檓 just existing. I sometimes think about getting help, but just thinking that someone鈥檚 willing to help me and that I鈥榤 going to get better is disgusting', 'Why do I find getting help disgusting?. Like I want to get better but at the same time I don鈥檛 want to', 'We鈥檙e all hypocrites telling others to stay when we don鈥檛 want to stay ourselves &lt;3.']","💀🕳️😭⚠️😔,😔💔😢⚠️,💀🕳️😰😔💔,😔💔😖😞⚠️,😔💔🕳️⚠️",1
280,"[Timestamp('2021-02-08 01:41:55'), Timestamp('2021-02-10 17:01:37'), Timestamp('2021-02-11 17:41:49'), Timestamp('2021-02-14 00:22:57'), Timestamp('2021-02-18 02:48:26')]","['I just want to feel something please. I want to feel any emotion. I鈥檓 tired of being a void. I don鈥檛 laugh or smile anymore, and I used have a permanent smile on my face. People used to tell me that I鈥檇 light up the room as soon as I walked in because of my stupid fucking smile. Now I don鈥檛 have anyone to tell me that, and my face seems to have lost the muscles to form a smile. I just want to be happy. Why is that too much to ask for? What did I do to deserve this?', 'Stupid picture that my bio teacher posted on a kahoot question has made me not suicidal. It鈥檚 a picture of him chomping down on a hotdog(no ketchup because this is Chicago) and I started laughing so fucking hard. I haven鈥檛 laughed this hard in so long. I think I feel happy. Or maybe this is just amusement. It鈥檚 made me forget about killing myself and just live in the moment for once. Maybe there is hope for me.', 'Fuck Valentine鈥檚 Day. Holidays make me feel more lonely than usual. I鈥檓 allowed to be jealous of people who are spending time with loved ones right? I know I should be happy for them but it hurts me too much. I want to be happy for myself, when the fuck will that happen? When will someone love me? Am I asking for too much?', 'What kind of person am I now?. I used to be a funny guy. I used to be the one to make stupid jokes all the time and make everyone happy. But now I can鈥檛 feel much emotion. I was never afraid to express myself before, I鈥檓 not ashamed to admit that I鈥檝e cried a lot. I used to cry when I watched sad movies, but now I just sit there, knowing I should be crying. I feel like I鈥檓 a stranger to myself. I鈥檓 scared to see what I鈥檝e become. When society starts going back to normal, I wonder if I鈥檒l be able to join them.', 'I was supposed to have a fun senior year. I was going to go to a party for once. I was going to stay out late and get drunk. I was supposed to have senior dress days and make friends with the new underclassmen. I was supposed to play drums in the jazz band. I was supposed to be the lead tenor in marching band. I was going to ask someone I loved to prom. I will never get the chance to do any of these things. The last year of my childhood was spent locked away in a quiet house, just thinking about how to kill myself in order to run away from all this pain. I was actually excited about senior year, I thought everything would be okay by then. I feel like one of the happiest years of my life has been stolen from me. I won鈥檛 get another chance to be in a jazz or marching band again. I won鈥檛 be able to go to prom. My only hope is that everything gets better for the next senior class. I have a lot of people I care about in that grade, and I want the best for them. It鈥檚 too late for me though.']","😔💔🕳️😭⚠️,💀😭⚠️😔✨,😔💔😢😞,😔🕳️😰💔⚠️,💀🕳️😭😔⚠️",1
285,"[Timestamp('2022-04-13 02:58:48'), Timestamp('2022-04-14 12:09:50'), Timestamp('2022-04-15 00:47:59'), Timestamp('2022-04-25 05:50:38'), Timestamp('2022-04-25 08:29:19')]","['I want to be free.... From the pain of life, I seriously cannot cope. I am in a state of anxiety at all time recently because of recent events. I feel like a worthless human and I really want to die...', 'I feel worthless..... I want to die, I feel so fucking shit right now. I should be having fun but people have seen to it that I am not. I feel so betrayed and hurt, I am really hurting I hope I fucking die....', ""I want to die..... Pls don't respond if you're not over 30 I want to kill myself but I'm not sure what method to use. I really cannot cope with life and the pain I am in. My head is so fucked up and I feel so hurt and alone, nobody knows how shit I feel. I want to be dead so fucking bad. Please God fucking kill me...."", ""pls let me get killed tonight. I really don't want to exist anymore!! I just can't fucking take it, I don't want to kill myself because people will know, I just want some idiot to crash into me at high speed in a truck...."", 'I am a fucking failure. And I want to fucking die, I was was off this sub for a few months and deleted ally previous posts. I am very much back now, I want a terrible accident to happen to me, I hate my shit life. I have failed at life and I want it to be over with...']","💀😭😰⚠️🕳️,💀😭⚠️🕳️😖,💀🔪😭⚠️,💀🚨😭🕳️⚠️,💀😭🕳️⚠️😖",1
65,"[Timestamp('2021-01-10 02:02:06'), Timestamp('2021-01-10 06:58:34'), Timestamp('2021-01-10 07:25:46'), Timestamp('2021-01-10 18:46:46'), Timestamp('2021-01-14 15:01:58')]","['timeline of horrors. age 3: molested by an adult cousin age 5: my grandfather who owned the house my mother and siblings and I were living in sold it without telling us, the police came and kicked us out. My big brother went to live with his dad and I stopped seeing him. at least the cousin who was molesting me stopped caused he went to another cousins house and molested their daughter. age 7: we move to a dangerous neighborhood where there are fights and shootings every night. I stop going outside cause Im scared. My big sister starts to bully and harass me, several times my mother puts me in dangerous situations by putting herself in harms way (trying to be the hero and mother theresa of the neighborhood even though she abuses all her own kids) age 8: my mother and I fight about how dirty my room is (i never leave me room out of fear of my sister) and when I go outsode to cool off she locks the door and refuses to open it. I end up having to sleep in the car. age 11: a repressed memory of being forced into sexual relations with my cousin when he was babysitting me. I dont tell my mother because Im afraid she will blame me or tell me it doesnt matter. age 13: I start cutting to cope and develop more symptoms of agoraphobia age 13: my mom gets mad at me for waking her up early and bugging her for clothes for the first day of 7th grade so she drives me to the middle of Kansas City and leaves me there. She only comes ro get me when I find a phone and beg to her to. age 15: my mother forces me to join a pentecostal cult where I am brainwashed, manipulated by religious narcissists and eventually physically assaulted on several occasions. age 16: I tell my mother I was molested as a toddler and her response is apathetic, she simply says she already knew age 16: my mother contines to force me to spend holidays with my molester even after I told her age 19: freshman year of college, I return for spring break and my mom has married a homeless registered sex offender who is weird and controlling and raped a 15 year old. He tells me I have to ask permission before I eat, so I stop eating and I lost 20 pounds in a three weeks, 26: (last year) after escaping the toxicity of my family and trying to find family elsewhere Im sexually assaulted by my roommate on several occassions and his girlfriend who was also my friend sides with him even after telling me she believed me. 27: Im alone. I just figured out Im trans. I dont think Im going to make it.', 'incest, cult abuse, violence, narcissist mom &amp; sis, sexual assault...just done. age 3: molested by an adult cousin age 5: my grandfather who owned the house my mother and siblings and I were living in sold it without telling us, the police came and kicked us out. My big brother went to live with his dad and I stopped seeing him. at least the cousin who was molesting me stopped caused he went to another cousins house and molested their daughter. age 7: we move to a dangerous neighborhood where there are fights and shootings every night. I stop going outside cause Im scared. My big sister starts to bully and harass me, several times my mother puts me in dangerous situations by putting herself in harms way (trying to be the hero and mother theresa of the neighborhood even though she abuses all her own kids) age 8: my mother and I fight about how dirty my room is (i never leave me room out of fear of my sister) and when I go outsode to cool off she locks the door and refuses to open it. I end up having to sleep in the car. age 11: a repressed memory of being forced into sexual relations with my cousin when he was babysitting me. I dont tell my mother because Im afraid she will blame me or tell me it doesnt matter. age 13: I start cutting to cope and develop more symptoms of agoraphobia age 13: my mom gets mad at me for waking her up early and bugging her for clothes for the first day of 7th grade so she drives me to the middle of Kansas City and leaves me there. She only comes ro get me when I find a phone and beg to her to. age 15: my mother forces me to join a pentecostal cult where I am brainwashed, manipulated by religious narcissists and eventually physically assaulted on several occasions. age 16: I tell my mother I was molested as a toddler and her response is apathetic, she simply says she already knew age 16: my mother contines to force me to spend holidays with my molester even after I told her age 19: freshman year of college, I return for spring break and my mom has married a homeless registered sex offender who is weird and controlling and raped a 15 year old. He tells me I have to ask permission before I eat, so I stop eating and I lost 20 pounds in a three weeks, 26: (last year) after escaping the toxicity of my family and trying to find family elsewhere Im sexually assaulted by my roommate on several occassions and his girlfriend who was also my friend sides with him even after telling me she believed me. 27. still dont feel safe a year later. I have to end this.', 'nobody loves me so there wont be any pain to pass on. i just want to die. everyone hates me even the dog all I do is cry and scream and hurt myself theres no reaason for me to still be alive when its torturous for everyone, I just cant do it, I want to kill myself but Im a coward and I keep hoping things will change a part of me refuses to let me kill myself and Im waiting for that part to die so I can die and end this torture. the part that wont let me die is the part that never got to live cause I was molested as a baby to toddler and my mom called me a liar when I told her ive never known love or safety and I cant take living that way anymore', ""tired hungry terrified. idk how I can encourage people to keep trying when time after time comes and all I want to do is give in and focus my energy on making a plan instead of avoiding it. Alone, hungry, stuck, and powerless again. theres no god out there watching us hurt eachother and keeping track- alone, alone alone, which I dont mind. I dont mind being alone. What I hate is being alone in a crowd, and the world around me swelling, suffocating me, laughing. Hell is my traumatized mind and people, outside has always felt like a war zone, Ive been terrified for so long, some of the terrors are imagined...but so many are real, so many I had to live or had to witness, and theres so much more violence waiting for me. Im fucking tired. we all are. we all die, we're just meat, my existence isnt any more than an animal, a flower... Im just going where we're all going, but faster. it shouldnt matter so much, it shouldnt be so goddamn hard"", 'I just realized Im not steong enough to survive this year..']","💀🕳️😭⚠️💔,,💀😭🔪🕳️,💀🕳️😰😭⚠️,💀😰🕳️😭⚠️",1
282,"[Timestamp('2020-11-12 12:13:01'), Timestamp('2020-11-13 10:49:34'), Timestamp('2020-11-15 12:18:36'), Timestamp('2020-11-20 08:37:20'), Timestamp('2020-11-21 13:18:20')]","['I stalked people on Instagram. Had this bad breakup with an ex who didn鈥檛 treat me well. But I don鈥檛 wanna blame it all on him I was an equal loser in that relationship. I should have known better. Anyway He slowly pushed me away from all my friends and eventually started flirting and hitting on a lot of them and I think it got to cheating (never bothered finding out for sure) but then we broke up and all my old friends (some were even relatives ) sides with him. My guess is he talked a lot of shit about me after and maybe even during the relationship behind my back. Cause he talked shit about all those people to me so I assume it went both ways. Anyway I was left alone after being dumped and I was depressed that I lost so much including my friends who I鈥檝e known my whole life as well as my reputation. I couldn鈥檛 believe how none of them bothered even asking me for my side of things. And I was to cowardly to stand up for myself and initiate the topic. I eventually made an Instagram account and started viewing their stories that were on their public profiles. I was never a big Instagram user and didn鈥檛 understand Instagram etiquette and I assumed that since some of them have well over 500-1000 plus followers they wouldn鈥檛 notice me. Well they did notice me..... I鈥檓 pretty sure everyone I know including old relatives and friends think I鈥檓 a psycho creep probably and believe everything my ex said about me and I鈥檓 all alone heartbroken and depressed. I want to die.', 'We live in a world where the predators will always win. It鈥檚 survival of the fittest. Natural selection. We鈥檙e all a bunch of evolved bacteria that have managed to develop sentience and it鈥檚 all chaotic and meaningless. We like to come up with religion because it gives us a sense of meaning order and control but it鈥檚 all just delusions. Lately I鈥檓 starting to see therapy and 鈥渢rying to get better鈥?in a similar light. It鈥檚 all just lies we tell ourselves. Hope, faith shit like that, it all gets religious eventually and positive thinking is exactly the same. 鈥淛ust keep on fighting, think positive, it will all pass, meditation, exercise, gratitude, hobbies bla bla bla bla....鈥?I don鈥檛 think we actually get better. I think we鈥檙e all flawed as nature is flawed. We鈥檙e like broken toys that we鈥檙e built broken with the purpose to suffer. But the worst part is that we lie to ourselves with any and every opportunity we get about what our reality really is. And it鈥檚 all stupid.', 'It鈥檚 all a stupid joke. I鈥檓 at a point where I really don鈥檛 see anything in life worth living for. All of it is so pathetic. A society full of fake people trying to step on each other to get ahead. Families where abuse runs rampant because they can get away with it. Every relationship regardless of the kind, consists of a parasitic taker and a sad pathetic pushover giver. It鈥檚 a world full of sadistic predators and weak prey. And worst of all everyone likes to lie about our reality because it makes us feel good to think of ourselves as a species as better, to give people the benefit of the doubt because we like that delusion. I know that when I die, people won鈥檛 give a shit, the narcissists in my family will use this as a golden opportunity to suck pity out of everyone around and gain attention. They will bad mouth me to elevate themselves, they will say I was mentally unstable and deny all they鈥檙e sadistic abuse, all the while cry about it and pretend they鈥檙e good people. My abusive ex will get the ultimate ego hard on from it, 鈥渙h wow she was so crazy over my godliness she committed suicide, I must be amazing鈥?But I cant even bring myself to care about any of that. Existence is such a gross pathetic joke. Why are we all even here', 'I feel cold in my soul. Been feeling it for as long as I can remember now. And it鈥檚 not going away How do you stop it', 'Today I heard a therapist say 鈥減eople with mental illness rarely actually get better鈥? And then it all made sense']","💀😭🕳️⚠️😔,💀🕳️😭😔⚠️,💀🕳️😭😞⚠️,💀🕳️😭😔⚠️,😔💔🕳️⚠️",1
368,"[Timestamp('2021-06-14 05:59:24'), Timestamp('2021-06-14 06:20:12'), Timestamp('2021-06-20 20:28:26'), Timestamp('2021-06-20 21:42:58'), Timestamp('2021-06-29 21:58:55')]","['I want to kill myself but am too scared.. Im jusr scared of everything. im a coward. i should just kill myself.', 'I wont talk to anyone again since nobody gives a shit.. Fuck people.', 'Suicide is always at the back of my head and seems like the only thing i can do..', 'Ive created a place in my head, where me and a second me talk.. Theyre the only two people ill ever know, and they cant help me', 'I think im going to kill myself this summer.. I know when. I know where. Its a beautiful little spot i found. Im gonna ride mybike there, and watch the sunset set upon the sea. I will have let a note onmy desktop. I wish to be cremated, so that i dont take too much space. I want my ashes buried somewhere. ill figure it out as i go along. I dont know how im gonna kill myself. I think overdose on ibuprofen or a belt around my neck.']","💀😰🔪⚠️😭,😔💔😞⚠️🕳️,💀🕳️😰⚠️😭,🕳️😔💀😭⚠️,💀⚠️🕳️💊🔪",1
499,"[Timestamp('2021-05-27 01:03:41'), Timestamp('2021-05-29 20:43:41'), Timestamp('2021-05-29 21:03:49'), Timestamp('2021-05-30 01:30:32'), Timestamp('2021-05-31 03:01:42')]","[""Ocd. Someone who understand something about ocd or anyone actually could please help me understand my mind i'm going crazy"", 'It seems impossible to live with ocd.', 'How to get high. I feel ridiculous asking this but is there any way to get high without drugs? Any medication easily accessible? Anything?', 'I feel disconnected from life. I have no more desire to explain', 'Drugs. Does anyone here take medication for ocd? Could you tell me about your experience? (I know I should be posting this on but I like it here)']","😔😖😰⚠️💔,😔💔😢,💊😰⚠️😔🕳️,💀🕳️😭😔⚠️,💊😔❓",0
292,"[Timestamp('2021-08-27 19:49:18'), Timestamp('2021-08-28 22:29:24'), Timestamp('2021-08-29 21:22:39'), Timestamp('2021-08-30 22:21:02'), Timestamp('2021-08-30 22:33:33')]","['Thinking a lot about how no one cares about me or likes me.', 'I have almost no reason to want to kill myself but I still do.', 'I just moved in to college and I鈥檓 so lonely and bad at making friends. It makes me so fucking mad. I just don鈥檛 get it, how other people can make friends so effortlessly. Out of all the things I鈥檝e been through I swear this will be the reason I hang myself', 'I鈥檓 so lonely I want to hang myself.', 'Someone please help me if no one helps me I鈥檓 going to go buy a knife.']","😔💔😢😞⚠️,💀😭⚠️,💀⚠️😭😔🕳️,💀⚠️😭🕳️,💀🔪🚨⚠️😭",0
408,"[Timestamp('2020-12-25 01:52:25'), Timestamp('2021-01-03 05:40:32'), Timestamp('2021-01-03 21:45:27'), Timestamp('2021-01-08 01:27:21'), Timestamp('2021-01-08 23:49:44')]","[""Tapped out. I'm 26 with no friends, no career, no money, no experience. Life was 2 hard with all of my mental illness. I dropped out of high school at 16 and have slept and isolated the past 10 years away. If anyone younger than me reads this please don't end up like me. Get help if you can."", ""Broken. I am a broken person with a broken brain. I can't interact with people, I can't learn, I can't operate like a normal person. I'm 27 no job, no friends, no degree but I do have debt. I've spent the past 10 years, which feels like a month, burning time away in bed or watching tv. If I had any courage I would kill myself but I don't even have that."", ""I hate myself. My brain is trash. I can't do anything, I can't interact with people or learn anything. My 20's are coming to an end and the past 10 years are a blur because I didn't do anything. I honestly think I would have been better off in prison because at least I would have interacted with people and made memories. Oh well maybe the religious people are right and I'll get a cool afterlife 馃槑"", ""Poverty. broke and broken. Once you are stuck in the poverty cycle there is no way out, you work for $10 and hour just to survive and scrape by every month. Days pass in a blink and before you know it your 20's are over and you haven't done anything. You can't afford healthcare and don't have the time or ability to go to school. The people you grew up with have careers, families and homes and none of them have ever reached out because they dont care about your life but they will pretend to care about your death"", ""Regret. I'm a POS. no friends, no career, no degree, no money. I wasted my youth and my 20's. I can't distinguish any of the days or years from the past 10 years because I haven't done anything. Its too late to break out of this so I have to end it""]","💀😔🕳️😭⚠️,💀😔🕳️😭⚠️,💀😔🕳️😭⚠️,😔💔😞🕳️⚠️,💀🕳️😭⚠️😔",0
454,"[Timestamp('2022-02-23 14:10:56'), Timestamp('2022-03-05 16:12:36'), Timestamp('2022-03-12 04:11:42'), Timestamp('2022-03-13 03:40:23'), Timestamp('2022-04-01 07:21:10')]","[""I just want to leave.. I dont want to die. I've tried about 20 times and failed every single time . I was almost about to die during birth as well so I truly feel like I wasn't supposed to be here. I mean life isn't so horrible, but if I got hit by a truck or died in a car accident I wouldn't really care as long as my family atleast didn't think I did it or I'll just be shamed for hurting my family again from my mom or someone telling me I should be grateful and I'm selfish. My two closest friend left me and I really can't stand being around anyone even my own family at times. I'm struggling to keep up with college and my part time job. I'm trying to hold everything together and act like I'm ok and normal at work, school and with family and friends. Especially since my last mental breakdown that caused all my friends to ghost me. I can't afford 100 per week for therapy with my spending addiction. But I'm probably just going to sleep again until I can do some homework. I hate how everything and everyone is so exhausting to be around that I want to just go off on people. I wish I could just leave my house and go somewhere. I really want to quit my job and just never come back for atleast a month. I just hate being reminded of all the horrible things that I've dealt with . I like the state of Texas somewhat because the politics and maybe I can move to Austin or Dallas in the future."", ""I hate being alive rn. I really don't get why I can't kill myself I want too maybe if I was feel better physically and had enough money to live in a society but I can't afford that shit. I kinda just don't understand why there's so much judgement around suicide. Idk maybe the pain will last for months until I have money and time. Probably not worth ending my life over , but just suffer. Life just sucks . I just wish I could just kill myself without everyone freaking out like it's such a big deal . I really hate people . People can be so annoying, I understand it's because they love you but I just want to die in peace without all this guilt for suffering . I just hate being alive for others ."", ""I want to die rn. I want to die. I took off of work I just made up some stupid lie. I hate that working is so hard for me when I only work 3 days out of the week plus college. I just feel like I failure. I have no close friends or family members and my boyfriend whom I'm closest too is in jail for weed crimes. I just feel so depressed. I've been feeling hypersexual and hyperactivity hooking up with random strangers and trying to feel something. I just feel like I'm not made for this world . I was born 1lb and 14 ounces and should have died as a baby the fact I'm here is a mistake I hate how my family thinks it's a miracle. I said this too my mom during a eposide and made her cry but idc. I just am going back and forth on the pro and cons of suicide. I just wish it was easier."", ""Advice. I just am feeling really suicidal I can't handle working in retail or be normal like everyone else. I just want to kill myself but I have work at 10am I really dont think I can do it but I'll get fired probably. I just wish I could just end my life right now ."", ""Why can the DPA see my post. Why post that I'm suicidal and the DPA and Government can see my post and I can involuntarily be sent in and have cops wake me up naked and tired. Just wondering why is this ok. Over a post I made on reddit. I just dont trust anyone . Especially you guys on reddit and social media.""]","💀🕳️😭⚠️😔,💀😭🕳️⚠️😔,💀😭🕳️⚠️😔,💀🔪😭⚠️,💀⚠️😭🕳️",1
351,"[Timestamp('2020-10-26 06:10:14'), Timestamp('2020-11-10 01:44:20'), Timestamp('2021-04-22 20:55:54'), Timestamp('2022-04-11 20:44:12'), Timestamp('2022-04-25 11:09:37')]","['i am tired of ""talking about it"". it doesnt make it better. the people i want to care dont care any more. my mental illness lies to me &amp; tells me that. none of it matters. i feel numb &amp; empty. i just want to hold him one more time', 'i need help. i need help i need help i need help ive been trying to talk to my friends &amp; nothing.', 'the trauma. i remember every detail', 'tired of everyone on this planet. xcept for my boyfriend. everyone else can fuck off.', 'idk if not having suicide as an option is better or worse. i am absolutely fucking stuck here. stuck here &amp; feeling completely incapable. feeling unwanted, feeling like a blight on this fucking planet, i want to go away so so badly. i have no choice, i am being held hostage.']","💀🕳️😭😔💔,😰😔💔⚠️,🕳️😰😭😔⚠️,😔💔😡,💀🕳️😭⚠️",1
148,"[Timestamp('2020-10-16 13:08:30'), Timestamp('2020-10-27 14:57:17'), Timestamp('2020-11-10 17:56:13'), Timestamp('2020-11-12 15:34:25'), Timestamp('2020-11-17 16:56:39')]","[""Everything is just getting worse and worse.. I just don't know what to do, I'm 17 y/o, I have a really bad depression, social anxiety and OCD. I just always feel alone, even if I am surrounded by people and I have friends but most of the time I decline their invitations because of my social anxiety. I have potential, I am scared of not using or show it because I just can't most of the time because of depression, and everything got more stressful because it's our back to school here in my country where I'm gonna be self studying because of the coronavirus, I managed to study for 6 hours a day for 2 days now but every night I just feel worse and really depressed. Been diagnosed with depression and OCD but out of the treatment because of financial issues, I need to wait until next month to see another doctor again. I am just tired honestly been like this since I was in 6th grade and been bullied whole my life prompt to that. I am just tired I feel like an outcast and nobody really does love me and I get it because I just got boring."", 'I wanna die pls, just end the suffering.. I\'m an 17 y/o,( turning 18 year old this november.) I live in a third world country, everything here are shit, people are fucking prejudice, homophobic, rude, colorism is prevalent, and I am just stuck here. My whole entire life I\'ve suffered, when I was a kid, I am known to be the ""negro"" because I have a really dark skin tone back then, because of me playing under the sun whole day. Everybody called me a negro back then and even my teachers, I do great at school, one of the best students back then even tho my teachers are discriminating me. Back then I really don\'t care because what I want to do is only play and study, I love science. And then puberty kicks in, I\'ve developed severe OCD when I was in 6th grade, and then I\'ve developed severe social anxiety and depression, I started to fail my classes, I started to isolate myself, people are pretty ignorant about mental health here so yeah they thought it\'s just me making up this stuff and just a mannerism I have. My parents always fight and they are not in good terms even now, I\'ve never been with my dad because he\'s been working overseas now for 15 years now and the last time I saw him is when my little sister was born then he went back overseas immediately. Getting mental help here is really hard, I\'ve been through 2 psychiatrists and both of them didn\'t help at all, I live in the province area and here the good doctors are in the main city, ""Manila"" and that\'s just so far away, they launched a ""telementalhealth"" here and doctors from Manila are now available online. But they are too fucking pricey. The only thing that makes me want to live is my mom, my dog, my sister, and my dad, and my uncle, but they can\'t help me. I can\'t remember the time where I am truly happy, I\'ve experience abuse from my grandma and half-sister for 2 years, and live in isolation most of my teenage middle school years, I have friends but I just got them by being a yes man. I\'ve tried to fight, meditate for months, 2x a day, I used to be passionate on music, I\'ve learned the guitar and music theory despite of my severe depression and wrote 10 songs, but I just lost any interest about anything, I\'ve lost myself, I don\'t know who I am, I\'ve lost my charisma and personality, what\'s left is apathy and sadness. I am sick right now, I have fever for the past 3 days and really painful throat when I choke, I hope this is covid and I die from this, I don\' t want to fucking live anymore, I\'ve done everything, face my fears, persevered on many things, meditate regularly, and try to socialize more but I always feel empty and sad. No one loved me, I don\'t know what the fuck did I do for people to treat me like shit, my relatives except to my mom, sister and dad, treated me shit and mock, abuse me psychologically. I am just fucked up and I don\'t know what to to anymore. I don\'t know if anyone will gonna see this but fuck it, no one really gives a shit but I hope you have a great life and take care of yourself, life is just not for me, if this disease didn\'t end up killing me in the future I might kill myself eventually anyway. Fuck my life, fuck this shit country.', ""I just lost myself.. I don't know myself anymore, I am just miserable in every shape or form, I am depressed for no apparent reason, I am socially isolating myself to everyone, I can't even post anything on my social media because of my intense anxiety, I lost interest on everything, no one takes me seriously, I think if I died that's the only time people would care but I coward to even harm myself, I am just trapped on my own mind and don't know what to do. I think I am wasting my potential. I can't even remember the time were I had a really good conversation with someone or the time were I am genuinely happy. I just want to end this pain. So lonely and tired."", ""I'm starting to think that suicide is my only option.. I am just tired, I am 17, turning 18this November, and I just want to die. I am tired of suffering, been like this for 7 years now since when I was in 6th Grade, been bullied whole my life and experience colorism from my peers and even family relatives, I live in a shitty country with a bunch of just rude prejudice people. I am tired. I can't recall the time were I am genuinely happy, no one really cares about me, maybe except my parents, but they don't understand what i am going through, even if I try to explain and, they won't understand especially my dad. My family is broken, I am isolating myself for years now and I just socialize maybe 2x a month approximately, I've been diagnosed with OCD, MDD, and Social Anxiety before but I am out of treatment right now because of lack of understanding of my dad about my mental issues, I am planning to get help again next month but my mental issues are becoming unbearable now, I usually sleep 4 am at night, can't enjoy anything, even the things that I used to enjoy, especially music, I just became apathetic, I always try to fight, I always push myself to always learn something new and do good at school despite of my condition, but it's taking a toll on my mental health too. I tried meditating, exercising, all of that jazz but they don't work. I am currently one of the best students on my class but I don't feel anything about it, and I don't know what to do with my life. I just want to stop fighting and end the pain. This is too unberable, the loneliness, anhedonia, and I just can't get out of this loop that I am in, it feels like everyday is just the same as yesterday, I am trapped on this rut and I can't get myself out of this shit. I did fought hard but life is just too powerful to me. I feel like I am losing hope. I feel like I'm gonna be unhappy and just like this for the rest of my life. I am tired."", ""I wanna die but it's too painful, there is no way out.. I am just tired, I am 17, turning 18 this november, I've been suffering moat of my life, especially mentally. I've been fucked up by people, growing up, I've been bullied and mostly discriminated by people, I lived in a small village here in the Philippines at that time, I don't say everybody is bad here, but this place is hell for me. Everybody discriminated me from my peers to my teachers even my half siblings. My mom and dad has a rough life too, they grew up poor especially my dad, but my mom has the roughest life, she got pregnant when she was 16, get divorced after having 4 kids, and then she met this guy she barely knew, and then accidentally I was made. I think that's why my siblings doesn't like me. My parents are not poor now and they had better jobs now, but my mom's job requires her to be away for months, she left us with my little sibling on my grandmas house, there I experienced relentless emotional abuse and I've developed OCD and severe social anxiety, I isolated myself most of the time and I have friends but I didn't really enjoy my life there. I just wanna die everyday. Fast forward now, things are better, but my mental health is at it's low, I tried meditating, exercising, facing my fears, nothing helps, I just wanna die, I am tired of fighting this, I know there's a big chance no one's gonna see this but I think I'm gonna kill myself, I can't barely even think.""]","😔💔😢😞⚠️,💀😭🕳️⚠️,💀🕳️😭😔⚠️,💀😭🕳️⚠️😔,💀😭⚠️🕳️🔪",1
444,"[Timestamp('2021-05-29 17:14:35'), Timestamp('2021-05-30 23:46:06'), Timestamp('2021-05-31 18:56:39'), Timestamp('2021-05-31 19:02:17'), Timestamp('2021-05-31 19:58:43')]","['My mum is back on the alcohol. Probably was never off it to be fair, just lying as usual. I鈥檓 26, my Dad died back in 2015, and I have a mum who is riddled with alcoholism. No one cares about me. I regularly feel like an abandoned child and I can鈥檛 stand it. I鈥檓 feeling forced to live in this world. Why did my mum decide to have me if she would refuse to get any help if she became alcohol dependent. And yet if I鈥檓 not seeking help for my mental health then I鈥檓 the selfish one. I don鈥檛 have any siblings, never been in a relationship. I just want some good cards handed to me. How do some people just breeze through life. I鈥檓 just done hitting myself because no healthy coping mechanism seems to work. I just need someone to care about me. Life is utterly hell. I need to die.', 'Having a panic attack now my mum went to bed. I鈥檓 26. But at the moment I鈥檓 feeling so much like a child because of everything I鈥檝e gone through. I can鈥檛 hear people trying to tell me that I need to just accept what happens to me when I seem to be a horrifically unlucky person. Literally I was born on Friday 13th. It all makes sense but people keep telling me to 鈥渁ccept鈥? And yes, justice isn鈥檛 the way for everyone but I鈥檝e never had justice. I feel like I鈥檓 just an object waiting to be used and abused. People don鈥檛 care about me. I just need to sleep and never wake up. It鈥檚 only fair for me.', 'There is no help for me. I can鈥檛 take it anymore. Everyone leaves me. I just want to speak with her one last time for closure and I can鈥檛 get over it. Time hasn鈥檛 been healing in the slightest. All I do now is cry and hit myself.', 'I would vent on twitter because it鈥檚 all I had. But my manager found me on Twitter and told me to stop posting negative stuff about my mental health because apparently it compromises my competence. I鈥檓 actually very good at my job and would argue that my own distress has made me better at it than if I didn鈥檛 experience my own problems. So now I鈥檓 just silenced and going to kill myself.', 'Life is a slave camp. Born because parents 鈥渨anted a child鈥? Aka they wanted the attention that comes with having a child. All the people around them praising them for bringing life into the world. Then, I get treated like shit on shoe as a child. All so I can grow up to work for the rest of my life. Then I die.']","💀😭🕳️⚠️,💀😭🕳️⚠️😔,💀😭⚠️🕳️😔,💀🔪😭⚠️,💀🕳️😭😔⚠️",1
397,"[Timestamp('2021-01-12 22:38:40'), Timestamp('2021-01-13 18:53:49'), Timestamp('2021-01-18 00:16:44'), Timestamp('2021-01-18 08:32:18'), Timestamp('2021-01-19 06:17:44')]","['Going to kill myself when I get back to college.', 'Anyone thinking the same thing ? When I get back to college (physically) I plan on taking my life. Last few months have been an absolute hell and I don鈥檛 really have motivation and/or a drive to continue longer.. Campus has areas where I can be successful in ending my life. I hate waking up each day living with the guilt, pain, memories, and self hatred I鈥檝e placed upon myself through a disposition of depression, borderline/erratic ideation, and dependency (somewhat). I鈥檝e made a lot of bad choices and they eat me up each day - I want to change the past so fucking bad because I can鈥檛 take the ramifications of what I鈥檝e done. I also can鈥檛 take the trauma I鈥檝e been through and the recent event has literally been the nail in the coffin for me. Last few months have been an absolute hell on earth in regards to living - I can鈥檛 forgive myself for screwing up something I deeply cared/care about. I believe I鈥檓 predisposed to screw things up and/or make the wrong decisions. I know that everything that鈥檚 coming right now I deserve, and I don鈥檛 want to hurt anyone further, but it鈥檚 so fucking hard to live with the repercussions/consequences of it. I can鈥檛 take it anymore it鈥檚 too fucking much. Taking my life isn鈥檛 to spite anyone, or to guilt anyone from making the decisions they made at all, but to end my experience of those repercussions and trauma I鈥檝e experienced throughout my life. I don鈥檛 want to be reminded anymore. I鈥檝e tried meditation, tarot, you name it - but when I wake up and dream I feel the same emptiness. But outside of just bad circumstances I鈥檝e always been suicidal, depressed and borderline. It鈥檚 just a matter of time when I end my rein of destruction. I鈥檓 so sick of myself. Edit: can鈥檛 even open my college emails. I don鈥檛 want to try or care', 'Feeling suicidal. Think I鈥檓 going to do it soon. I鈥檓 anxious', 'frustrated.. I don鈥檛 think I鈥檓 really a good person. But I鈥檓 obligated to live because of parents and friends. I know for a fact it would be devastating for both of them, but I鈥檓 tired of living also. I don鈥檛 want to hurt anyone but I can鈥檛 help but not be happy living in my skin. I just feel trapped.', 'It鈥檚 so hard to live.']","💀⚠️🔪😭🚨,💀🕳️⚠️😭🔪,💀😰⚠️🕳️😭,😔💔🕳️😭⚠️,😔💔😢",1
266,"[Timestamp('2019-04-25 07:40:56'), Timestamp('2019-04-27 03:58:40'), Timestamp('2019-04-28 18:11:27'), Timestamp('2019-05-05 18:05:00'), Timestamp('2019-05-08 20:47:47')]","[""I'm fucking sick of dealing with life. I don't want to get better. I don't want to reevaluate the choices I make or the thoughts that I have. I want to die. I don't want to learn and grow. I don't want to understand others. This is all pointless bullshit. I am a fucking failure of a human being because I do not want to learn and grow. I'm fucking sick and tired of being alive. There is nothing good about existence. Absolutely fucking NOTHING. It's either me or everyone else because I can't contain this rage and because being seen as a crazy person who needs fixing is just fuel for the fucking fire it might as well be me."", 'I can\'t do this. Life is getting too real for me too fast. I can\'t be the one to figure out how to pay the bills. I can\'t be my mother\'s caretaker. I can\'t lead this family unit in a direction that will keep us afloat. I just can\'t. I can\'t stay positive in the face of this much adversity. I can\'t be a part of figuring out real life solutions using real life knowledge and wisdom. I can\'t be a leader or even a part of this team, but what am I going to do? Abandon everyone? I can\'t do that, and I have nowhere else to go. I don\'t want to be the teacher of life skills that will get others through the harsh life that is ahead. I don\'t want the responsibility to teach them to rest on me. I don\'t want the responsibility to learn as much as I can and to work as hard as is necessary for us all to make it to rest on me. I also don\'t want to work in a team where all of these responsibilities have to be figured out and delegated and such. I can\'t do this. I\'m not strong enough to do this. I just want to run away, but there is nowhere to run to. I don\'t want to be a part of the military. I just don\'t want to do what is absolutely necessary to make it. I don\'t even really want to figure out how to make it. Life has been too easy for too long. Now it feels like every little choice I make, how I spend every little second, is going to be the difference between making it and not making it. There is no ""things will naturally work out on their own."" That\'s not how this works. I don\'t see anyway out but through, but I don\'t want to go through. I don\'t want to suddenly become emotionally responsibile for my family. I don\'t want to be anyone\'s ""rock."" I need to escape. I cannot handle the life which has been set before me. I cannot handle life as it is in general. I don\'t want to be a part of this mess. I can\'t be. I\'m too used to coasting along, not worried about having my basic needs met, or having to take care of anyone, or having to teach anyone, or having to be emotionally responsibile to anyone. But there is no way out. I have been able to think more clearly now due to better life choices than I\'ve been able to for a very long time. The truth is, I am horribly immature. I\'m just now figuring out who I am at 23. I\'m constantly worrying about things that fucking teenagers handle way before they ever graduate high school. I don\'t want to embrace this journey. I don\'t want to look forward to an intense period of great personal growth and struggle. I can\'t handle the responsibility of it all. I\'ve just been ignoring it for so long, desperately hoping my parents would be able to pull through of their own accord while I and my siblings get our shit together. There\'s no time for that anymore. There\'s no time for no taking anything seriously anymore. There is only time for the real life of learning and responsibilities that is set before us, and I can\'t do this. I can\'t even properly act like I\'ve got everything under control like a real fucking mam for my own desperate mother. I can\'t do this. I\'ve failed at becoming a real man, and now I\'m backing away from the challenge. I don\'t know. So much of my time and mental energy is spent on things that just don\'t matter. Things I don\'t even really bother to understand, like politics, or watching topical shit on YouTube, which in the end I don\'t even really learn from. Life itself is far too great a thing for me to be able to deal with. To learn from experience is something I\'ve really been struggling with, and now that I\'ve quit weed and able to have more real forethought, everything I know that life must be is too much. I very well may have just fried my brain. I don\'t want to keep on going. I don\'t know what to do. I just can\'t happily embrace what life is, now that I\'ve become more clear in my mind. Life is too daunting to put my real mental energy into living. I can\'t even take responsibility for holding myself emotionally accountable. I am too far gone. I can\'t willingly grasp the real hardships of life. I\'ve spent so long dissociated from reality, that it\'s become too much to handle now that I\'m back. To just shift my attitude to a positive one...to a more stoic rather than anxious one... I don\'t know if I can grow that much. I don\'t think I have it in me to really take the reins and shift my attitude about it. I\'m pathetic in that way. I know exactly what it is I need to do to embrace all of this head on and come out on top. I don\'t need someone else to tell me how to grow up, or that I need to, or why I need to... I just... can\'t.', ""Nothing to look forward to. This life is not for me. No life is for me. I'm too afraid of all the responsibilities. I'm too afraid to make some of myself. There's really nothing I want to be, nothing I want to do. Nowhere I want to go. Nothing I want to have. Life is just too hard. The future is too bleak, and I am too weak of a person to actually do something about it. I'm too broken. There's nothing to fix, and I'm too weak to try to fix whatever there is to find. I hate everyday living. I hate filling my days with important things that need to be done. I'm just too tired. I'm too tired to try at life. I don't really want to do anything. Everything is just an obligation. Everything. I just want to escape, but that will only ensure more misery, and I will not look back on all the time and money wasted as worth it. I'm too tired to keep up with my thoughts. I'm too tired to track how I'm spending my time. I'm too tired to care about goals, like physical fitness goals, or just trying to be more responsible. I've never truly felt ambition. I'm just glad the work is done when it's all over. I can't live like this. I can't just live for the moments of peace, mostly because there are none. This right now should be a moment of peace, but instead, I just feel tired and scared at the thought of having to get a haircut and clothes for work. I just don't want to live anymore. I wish it didn't have to be this way, but it always will be, and I know it's always going to get harder. I don't want it to get harder. I just would rather not live live at all."", ""I don't want to face the realities of adulthood. I can't face sacrifice, hardship, and responsibilities. I just want to fucking end it all. I would rather have that than deal with being an adult and for being responsible for providing for myself. The fact that this is my life now makes me fucking pissed off. I'm sick of living on LIFE's terms. I'm fucking sick of it. I fucking hate existence. I hate my life and the more I think about it, the more I HATE being alive. I HATE responsibility. I HATE thinking about the future. I hate working. I hate taking care of others and myself. I just want to have the courage to fucking end it all."", ""Feeling really suicidal over lack of self confidence. I'm sick of having to be self confident. I'm sick of it. I'm sick of being socially awkward and having to work through that bullshit. I'm sick if feeling so fucking self conscious. I'm just tired of it. I hate living this way. I hate working towards being confident. It's too hard NOT to doubt myself. It's too hard NOT to feel lesser than others. It's too hard to present myself the way I want to. It's too hard to get over social anxiety. It's too hard to figure my life out. It's too hard to work on my self image. It's just too hard to feel good or maintain an image. It's too hard to have confidence and just thinking about this shit just makes me want to be dead. I hate being alive, I repeat, I hate being alive. I can't maintain eye contact with people. I can't be charming. I don't feel confident in myself. I don't feel comfortable around people no matter how much time I am forced to spend with them. I don't feel confident about how I present myself. I don't feel good about my efforts to change. I can't keep the fucking game up. It's not fun. I'm never going to get anywhere in life because of this. I just want to be dead. I want to be dead because I cannot develope confidence WHATSOEVER. I don't want anyone's help. I don't want to pick myself up and try again. I'm a goddamn creep, I make people feel uncomfortable just by being my awkward self, especially women, and I do not feel good at all about anything in my life. I'm not willing to make myself okay about any of this shit. It's too humiliating. It's humiliating being myself, it's humiliating having my irreversibly bad mood on display, it's too much work to act, so I'd rather just die.""]","💀😭🕳️⚠️🚨,💀🕳️😭⚠️😔,💀🕳️😭⚠️😔,💀🕳️😭⚠️🔪,💀😭⚠️🕳️😫",1
324,"[Timestamp('2021-04-04 05:25:36'), Timestamp('2021-04-04 06:03:33'), Timestamp('2021-04-04 07:06:09'), Timestamp('2021-04-04 07:11:27'), Timestamp('2021-04-08 02:23:52')]","['im a coward. makes me so mad that my pussy bitxhass cant just fuxking kill myself. i wish i could have the same courage others had when they did it. it doesnt get better so why am i staying here watchinf my life fall apart day by day. dam i cant wait for the day my cowardass steps up and ends my life', 'what the fuck. i hate it here. wish my mom were still here so my life wouldnt had to have become this fuxked up worthless mess. im so deep of a lost cause that its almost funny to me. actually it is really funny. suicide is inevitable for me so im just gonna sit here and wait for my pussy bitchass to step up and take my life hell yeah', 'so stupid. why do i tell myself it gets better. im so dumb. i hate being alive. my life is such a lost cause like damn why am i here. i cant wait for when i kill myself', 'what the fuck to do. i hate being alive. got my suicide notes and my plan and everything. my friends will get over me eventually but damn i cant fuxking stand the idea of leaving my family. so what the fuck. what am i supposed to do here man i actually despise it here', 'i wish i were a better student. every time i try to start a missing assignment i just sit there for like an hour and end up not even getting it done. so then they all build up and my grades drop lower and lower and i get closer and closer to slitting my fucken throat to escape all this stupidness. one more 0 and im doing it bet']","💀🕳️😭⚠️🔪,💀🕳️😭⚠️🔪,💀🔪⚠️😭🕳️,💀⚠️🕳️😭,💀🔪⚠️😭🕳️",1
90,"[Timestamp('2021-03-28 19:22:20'), Timestamp('2021-04-24 14:01:15'), Timestamp('2021-04-29 10:39:31'), Timestamp('2021-05-02 19:32:03'), Timestamp('2021-05-04 16:52:20')]","[""Life is about a reality of pain that you have to accept, tonight I'm feeling like i have to take the risk of devastating my feelings for my earnings. I'll dedicate myself to drugs and music because it's the only thing that helps me to take away the sick thoughts out of my fucking head.. I'm tired of thinking about finding help and love from people cause I'm just a nobody and I'm asking too much for my reality."", ""Damaging myself with thoughts and hope to change but i don't see any future other than suicide. I wish I was born different.. I hate my life and what i have became, tears are falling while I'm writing this. Medication made me even more unstable and suicidal. I can't keep up like that. I'm too much disconnected from life and way to scared to approach a new journey. I think i am too broken and weird for people. I am never going to succeed and always falling apart. I don't want this life anymore but i don't want to disappoint my parents and hurt them to death with my stupid suicide. You know? Everything is useless even this shitty post and hope that someone reply to it."", ""Having suicidal thoughts in public is the worst feeling i ever had in my life. My chest hurts, i think I'm about to faint or something. I need to calm myself with music when this happens i feel disgusting around couples,families and happy people. I don't have nothing I'm full of bad ideations in me . I should close my eyes and never open them again."", ""I should've killed myself when I had the strength. I'm so fucking lost, at the edge of my sanity. I can't keep pushing. I have to kill myself before i lost my fucking mind completely. I'm in the streets all alone walking like a zombie and people looking weird at me. I'm so fucking lost with these pills in my system making me even more weak. I have severe complications of anxiety and depression. Low self-esteem at the maximum , i can't look at people in their fucking eyes. I'm suicidal next to them. I have to comeback home to feel safe. All the times I'm shedding tears all by myself. I can't do this anymore, can't find a fucking job. I'm scared and agoraphobic. I'm so fucking sorry for my parents. SO FUCKING SORRY AND IM FUCKING CRYING RIGHT NOW. I WANT TO DIE PLEASE. IM 26 FROM ITALY. IM A BOKEN MAN I AM SO SORRY FOR EVERYBODY THAT HAS TO DEAL WITH ME. I DONT DESERVE TO LIVE."", ""I hope one day we all going to have a revenge against this disgusting life.. You guys better don't give up. Please don't leave me alone. Don't tell me that I'm the only one who's fighting every single day like a stupid man. Please.""]","💀💊😭🕳️⚠️,💀😭🕳️⚠️💊,💀😰🕳️😭⚠️,💀😭💊⚠️🕳️,😭😔💔⚠️🕳️",1
10,"[Timestamp('2021-04-04 23:34:58'), Timestamp('2021-04-14 22:22:40'), Timestamp('2021-04-16 00:08:04'), Timestamp('2021-04-17 07:51:43'), Timestamp('2021-04-18 02:39:36')]","['What age would be appropriate?. I鈥檓 still young and have yet to experience a lot in life. What鈥檚 an appropriate age to kill yourself if you have a disability? My specific disability is being mentally retarded. Should I wait until I鈥檓 30, many people online state 30 is a good age because it only goes down hill from there, especially for someone like me. I鈥檓 thinking I should do drugs, and once drugs gets boring I鈥檒l slit my throat. I have no support, everyone hates stupid people, even my own mom makes fun of my stupidity. I鈥檒l never accomplish anything in life because my low iq.', 'Suicidal ideation. My life is absolute shit. I always think of ending this shit of a life. I quickly realized at quite a young age that I鈥檓 ugly, unintelligent, too short to attract anyone. I鈥檓 inadequate. I鈥檝e been bullied all my life, girls have laughed at me, guys have assaulted me. I really don鈥檛 belong on this planet, people have made that very clear. I鈥檝e been thinking of escaping, hopefully to another dimension, where I won鈥檛 be judged for how I look or my lack of intelligence. And if there is nothingness, I can鈥檛 really fathom it. But I鈥檓 guessing it is much much better than living my absolute shit life. This is hell. Now it鈥檚 not a matter of if, but how I will end my life. No one understands me, my parents thinks it鈥檚 a chemical imbalance in my brain that causes my depression. But really it鈥檚 my life experiences and my inadequacy. In the past, this made me livid, I found it infuriating when people especially psychiatrist, therapist, and my parents act like I should be happy and it鈥檚 a 鈥渕ental disorder.鈥?But tbh, at this particular moment, I couldn鈥檛 care less anymore, I鈥檒l be dead soon and I won鈥檛 care about anything, suffering and consciousness will cease.', 'If I wasn鈥檛 ugly I wouldn鈥檛 want to kill myself. But I am. 0 tinder matches. Women show disinterest towards me. Now I want to stick a gun on the roof of my mouth, pull the trigger, and blow my face to bits. Sounds like the only solution to my problem which is loneliness. I鈥檓 almost 21 and I haven鈥檛 had any experience with women because my appearance and height. Pretty soon, I鈥檒l no longer suffer, I鈥檒l be in peace without consciousness. I feel bad for my parents but I鈥檓 prioritizing my well being.', 'I鈥檓 stupid. I鈥檓 inadequate', 'I hate my life. I hate my life. Why wasn鈥檛 I born more attractive with intelligence. I鈥檓 a literal retard and like a 2/10 if that on the attractiveness scale. I鈥檝e never seen someone as ugly as me. I know they exist but not in my town. I鈥檓 one of the dumbest fuckers out there if not the dumbest. I hate my life. I hate my life I hate my life']","💀🔪💊🕳️,💀🕳️⚠️😭🔪,💀🔫🚨🕳️😭,😔💔😞,💀🕳️😭😔💔",1
114,"[Timestamp('2021-08-19 04:59:33'), Timestamp('2021-08-25 01:43:48'), Timestamp('2021-08-26 11:52:19'), Timestamp('2021-09-03 02:36:44'), Timestamp('2021-09-13 02:08:26')]","[""It Doesn't Matter. I'm So Lost In Myself, I think no one can save me.. I've lost everything, there's nothing left for me. Its over."", 'Just Fucking Kill Me. Just Fucking Kill Me Already.', 'Taking Ambian to Overdose on..', 'Tonight is the night. Goodbye.', 'You Know What Fuck This Im Out.']","💀🕳️😭⚠️,💀🔪🚨😭,💀💊🚨⚠️🕳️,💀🚨⚠️😭🕳️,💀⚠️🕳️😭🚨",0
464,"[Timestamp('2018-07-14 00:23:56'), Timestamp('2018-07-19 01:47:14'), Timestamp('2018-07-24 02:37:21'), Timestamp('2018-09-23 08:56:13'), Timestamp('2018-10-26 14:55:27')]","['Want to end it But I would miss out on hobbies. They are honestly the only thing keeping me alive plus I got a new cute puppy today so I am staying here no matter how many times my brain wants me to die and end it all', 'Tomorrow night I plan to kill myself in the woods no one knows this but you guys. I wanted to wait till march 10th my bday but its to fucking long away to see if things get better I am sad every fucking day and lonely College is suppose to start in a month but this is my 3rd and final attempt my notes are ready and I am ready to depart from this shitty world.', 'anyone ever back out of suicide in fear of the afterlife. its the only thing holding me back wtf is next plus I feel I would hurt everyone around me if i did this', 'I use to have homicidal thoughts in my past now it makes me want to hang myself. People judge me for the shit in my past I got expelled from middle school had my school evacuated this was quite a few years ago im out of this pain then to kill myself if all I am reminded of is my past.... sorry for venting I will leave this here', 'The Date Is set March 10th my bday. The only thing that will stop me is if I take control of this depression and these fucking demons that keep lurking until then I will try to live this normal life on that day I will turn 20 will I live to see another day after that day?']","💀😭⚠️💔🐶,💀🔪🚨⚠️🕳️,💀😰🕳️😭⚠️,💀🕳️😭⚠️🪦,💀⚠️🕳️😭😰",1
362,"[Timestamp('2020-06-30 03:22:38'), Timestamp('2020-07-02 12:46:55'), Timestamp('2020-07-07 21:15:12'), Timestamp('2020-07-07 23:20:12'), Timestamp('2020-07-08 12:59:51')]","[""I have a plan to kill myself on the 24th of July. I thought I was prepared to do it but I'm not sure I had everything planned but as the date gets closer I'm seeing that I might not be able to do it but I feel like if I don't do it then I never will be able to go through with it"", ""I'm so fucking done. My entire life I've tried to be a good person I've tried to help people but I'm a selfish person because I don't want to live anymore no fuck that I've been trying to see good in the fucking shit world I've been trying to find reasons to live guess none of that matters I thought maybe I wouldn't be able to kill myself but I think with how pissed off I am I can go and do it fuck this shit"", ""I've tried and I've failed. I've tried over and over to see a reason to live but I can't see one no one would miss me my family hates me and the world is better off with one less dissapointment"", ""I'm a lousy excuse for a human. It will all be over soon then no one will have to deal with me anymore"", ""There no point in living anymore. I'm just tired of waking up and wishing I didn't I just want for everything to be over""]","💀⚠️🕳️😰🔪,💀🔪🚨😭⚠️,💀🕳️😭💔⚠️,💀🕳️😭⚠️,💀🕳️😭😞⚠️",1
451,"[Timestamp('2021-06-02 17:23:58'), Timestamp('2021-06-28 21:12:25'), Timestamp('2021-07-08 20:14:50'), Timestamp('2021-07-10 20:30:54'), Timestamp('2021-07-24 21:53:19')]","[""Planning my suicide. I wanna overdose on fentyal because it seems painless and peaceful. But not sure of the success rate. I would jump off my apartment building but I'm also worried it will fail if I land the wrong way and of course it could just make me crippled and broken for life which would be worst. I believe it's only 18 stories anyways. Not to mention when you land you will feel pain even if it's only for a short moment. What way do I go? I'm pretty serious at this point. I tried to hang on. There's nothing here for me anymore."", 'I鈥檓 going to basically just buy a ton of fentanyl and hope that it slowly eventually kills me over the course of a year.. If my health doesn鈥檛 improve I have no reason to live. The active things I enjoy doing including sex and having a sexual relationship鈥?. out the window. Constantly in pain and discomfort and can鈥檛 walk properly. Weakness from nerve damage. No doctor is capable to help. I don鈥檛 know, I am a believer in the afterlife and non physical realm and I realize some lessons are Spiritual and help us evolve and grow. but this is too much and makes no sense. It serves no one for people to be unhealthy miserable and sad. This world was not designed perfectly and I am kinda sick of people who try to claim it is and push this narrative on our culture', 'Serious question, is life worth living?.', 'What are the odds of jumping off a bridge and you dying?. I ask this because surprisingly many pekoe fail at this and I鈥檓 wondering what are the factors I assume height is one of them and how they land Are people stupid enough to jump in water? Water is likely to save you. Especially when you can swim', 'Anyone here genuinely upset that they are planning to commit suicide?. My life won鈥檛 ever be the same again and I can鈥檛 change my circumstances that much so far. I鈥檒l never be happy if I continue to live but I鈥檓 angry also because if it weren鈥檛 for my situation I would be happy to continue living. So I鈥檓 missing out if I stay and will be miserable if I say and so I have to go. But the thought of going is also sad because I never got a fair shot at my dreams. Anyone relate at all? Anyone feel truly sad and mad that they have no choice but to end it? Or am I in the minority?']","💀💊🚨🕳️😭,💀💊🕳️😰⚠️,💀🕳️😰😔💔,💀🕳️⚠️🚨😭,💀🕳️😭⚠️😖",1
13,"[Timestamp('2021-04-16 03:32:02'), Timestamp('2021-04-20 07:47:54'), Timestamp('2021-04-20 07:58:35'), Timestamp('2021-04-22 12:19:11'), Timestamp('2021-04-23 09:07:52')]","[""Im so fake :). I act happy all the time and sadly im quite good at it. I am remarkably good at hiding/faking emotions to the point where i tricked the phyciatrist and nurses at the mental hospital into believing that im happy. If you saw how quickly i could go from looking so happy when people are around to incredibly depressed when they aren't, you'd probably be pretty disturbed. If any of you want tips about how to hide or fake emotions, ask away"", 'I might go jump off a bridge soon.', 'I wanna slit my wrists so bad.', ""Im about to go buy some rope. I really dont want to have learn to tie a noose but i guess i'll have to"", 'I guess i should get started on my notes.']","💀🕳️😭⚠️😔,💀🚨⚠️🕳️😭,💀🔪😰🩸,💀⚠️🪦😰🕳️,💀📝⚠️🕳️😰",0
145,"[Timestamp('2022-06-10 07:18:47'), Timestamp('2022-06-15 09:29:55'), Timestamp('2022-06-15 19:19:19'), Timestamp('2022-06-16 05:04:49'), Timestamp('2022-06-17 06:42:54')]","['There is no life without my dad. I fought through over a decade of pain/trauma/losses/depression including my closest grandparent passing only a year and a half ago but nothing compares to your closest parent and father passing. Tragically and unexpectedly at that. I have been on deaths door for months. I simply can鈥檛 take it anymore.', 'Loosing a parent young breaks you. Lost my closest grandparent and parent within a year. I simply can鈥檛 go on with the pain any longer. I鈥檓 sorry dad and grandpa. I love you both. I tried as long as I could hold out.', 'At my wits end. Barely surviving one day to the next. I am so close. So close.', 'Want to die before Father鈥檚 Day. Dad passed three months ago after being on life support for over a month. I can鈥檛 take the demons and the trauma any longer. Everything led to this. I wont be here for Father鈥檚 Day or his upcoming birthday. I never wanted to be 25 and especially without a dad. Goodbye.', 'Past my wits end. I can do nothing but die. Overwhelmed by grief, regrets, guilt, depression, anxiety, trauma and suicidal pain thoughts. I cannot take it anymore. Nothing numbs the pain. I can鈥檛 take it.']","💀🕳️😭⚠️😰,💀🕳️😭⚠️,💀🕳️⚠️😭😰,💀🕳️😭⚠️🕯️,💀😭⚠️🕳️",0
232,"[Timestamp('2021-08-11 12:14:05'), Timestamp('2021-08-17 11:28:52'), Timestamp('2021-08-18 03:00:23'), Timestamp('2021-08-18 11:48:14'), Timestamp('2021-08-19 11:00:32')]","['Why can鈥檛 I just do it. I just want to do it already. Bullet to my head. Knife to my heart. Noose around my neck. Car crash in a ditch. Handful of pills. Jump off the bridge. Tie weights to my ankles and drown myself. So many options. I鈥檝e thought of it all. I just want it to be quick. I want to be gone. What鈥檚 really stopping me?', 'If I kill myself it doesn鈥檛 matter. It really doesn鈥檛 It鈥檒l just be one of those things that happened and I鈥檓 sure a lot of people I haven鈥檛 spoken to in forever will pretend they cared when they never did It鈥檚 easier for me to kill myself than to deal with myself anymore It鈥檚 just what I want I don鈥檛 know what to do anymore But at least then I鈥檒l be out of my misery Me dying = peace', 'I should just do it. Nothing is stopping me My head hurts But I can鈥檛 even think of anything Other than killing myself Killing myself just brings me joy I should just do it already', 'I just want to do it. I鈥檓 sick of this life Everyone always acts like I鈥檓 so great But then why do I always get the short end of the stick Why do I always end up being the one to get used and treated unfairly Why do people always end up leaving me Clearly there鈥檚 better I don鈥檛 need to be here Maybe that鈥檚 how they get me first The point that鈥檚 been driven home over and over again is that I鈥檓 simply worthless I don鈥檛 matter I get it I wonder how many pills there are between life and death Only one way to find out I guess', 'My life is pointless. I鈥檓 doing my best to not live I guess Sleeping 12 hours a day does nothing, but I make it more anyways No amount of sleep can fix this when the second I wake up I wonder why I鈥檓 still here I just need to be gone There鈥檚 nothing else even left to say anymore I just need to be fucking gone']","💀🔪🚨💊⚠️,💀🕳️😭⚠️,💀🔪🚨😭⚠️,💀💊😭🕳️⚠️,💀🕳️😭⚠️",1
446,"[Timestamp('2021-11-18 08:33:47'), Timestamp('2021-11-24 07:22:32'), Timestamp('2021-11-24 23:06:50'), Timestamp('2021-11-28 17:28:22'), Timestamp('2021-11-29 03:00:38')]","['I can still win my mental health battles but I am definitely losing the war... and it is slowly destroying me....', ""I'm currently having an extreme impulse to slit my wrists.... I am currently having an extreme impulse to slit my wrists and it has been going on all night. I refuse to and my resolve not to is winning currently but honestly what the fuck... This shit comes out of nowhere..."", ""I'm truly running on nothing but shear spite at this point.... I really want to check out... I can not really express how much I want to check out at this point... The only thing that seems to be holding me here at this point is shear spite... It is not that I have any moral problem with suicide at this point or even care about what me unexpectedly checking out would do to the other in my life but it just seems like such a waste to go out this way when I have held on for so long but I have come to realize recently that even spite has its limits..."", 'I know that my head is not screwed on straight but I just don鈥檛 care, I really just don鈥檛 want to be here anymore鈥?I want to be done鈥? Things have been accelerating downhill lately and I am most likely circling the drain. My suicidal thought has been approaching a potentially fatal level lately and I just want to be done. Just want to let it ride out this time. I know that I am not thinking straight but I just don鈥檛 care anymore and you may say seek help but I鈥檝e tried hard for a long time and now I really want to give in and fail.', ""You can only go so many nights experiencing an impulse to slit your own throat before that notion becomes the best idea you think that you have ever had鈥? Title says it all... I've been fighting like hell lately but it has become very evident that I am losing...""]","💀🕳️😭😔⚠️,💀🔪😰⚠️,💀🕳️😭⚠️😖,💀🕳️⚠️😭,💀🔪😰🕳️⚠️",1
20,"[Timestamp('2021-06-06 22:35:10'), Timestamp('2021-06-06 23:19:06'), Timestamp('2021-06-07 00:31:49'), Timestamp('2021-06-08 21:33:38'), Timestamp('2021-06-08 21:38:43')]","['I can鈥檛 take life ; (. I want to die. I want the pain to go away. No more of this shit!', 'I鈥檝e just wanted the things that others have ; (. I鈥檓 not talking about money or looks, I don鈥檛 have problems with those stuff. It鈥檚 mostly wanting real friends, not suffering from constant panic attacks and moodswings, being accepted and not looked down upon because I look and act different. Is all this so much to ask for?', 'I want to die, I suffer from HPD and it makes it impossible for me to get friends. I constantly crave attention and validation.', 'I hate living with mental illnsss鈥檚 and personality disorders. I just want to die. I can鈥檛 be like a normal person, people are freaked out and scared of me. I鈥檓 sick of continuing like this. I鈥檓 sorry', 'I can鈥檛 stand mental breakdowns!.']","💀😭⚠️🕳️,😔💔😢😞,💀😭😔⚠️🕳️,💀😭😞⚠️🕳️,😔😰⚠️",0
0,"[Timestamp('2021-09-03 04:19:59'), Timestamp('2021-09-20 04:18:10'), Timestamp('2021-10-03 11:33:43'), Timestamp('2021-10-03 13:45:19'), Timestamp('2021-10-11 14:26:17')]","[""They're gone. A member of my family died last night. He's joining his wife, and I want to join them too. I never got to say goodbye to them properly. I want to see them again. I can't do this. I wish the person who called the ambulance for me never did, because I'd be dead by now. Why am I not allowed the choice to die? Why can't I just go to a doctor, and get an appointment to be euthanised? People need to stop moralising for me, I am the one in this body and only I should be the one to decide if I live or die. I never even chose to be born."", 'Fuck everyone who says it gets better. You don\'t understand. YOU DONT FUCKING UNDERSTAND. ""it will get better"" fucking bullshit. When? When will it get better? I went through 8+ years of suffering because I believed your bullshit and I tried so fucking hard. From 10/11 I first tried to kill myself and everyone said it will get better, it\'s just temporary and it FUCKING HASNT. I can\'t wait one more month let alone another 8 years hoping that your bullshit platitudes will come true, I\'m going to take this into my own hands and fix myself permanently', 'I\'m so uncomfortable why can\'t I die. I don\'t know what to do, I\'m switching between social media, Netflix and YouTube and I can\'t focus for more than a couple minutes. I slept all day so I can\'t sleep but I don\'t have the energy to go out. I can\'t get comfortable anywhere I lie but when I sit up I feel sick. I just want to fucking die and my body won\'t let me rest til I try. I got out of hospital this morning with the typical ""just sleep and you\'ll feel better"" well i fucking slept. All day. You know what happened when I woke up? I started crying. So much better right??? But they know there\'s nothing they can do to me nearly as well as I know it. There\'s only one way out', ""My body and brain only connect when I'm dying. Normally they barely communicate beyond basics like walking, talking, breathing ect. But when I'm dying or trying to die? Suddenly best friends... I'm trying to understand why my body hurts? Brain doesn't have a clue. But I'm trying to overdose? Suddenly their best friends and they both know exactly what's going on. Snake motherfuckers"", ""My brain is like a shattered glass. Every part of me is a fragment. This isn't a poem, broken glass is the only way I can describe my mind. My personality (or personalities) are fragments, my memories are tiny grains of sharp dust and if you somehow managed to glue it all together and really see what I am, you'll see an ugly mess. I am not whole, I am pieces and shards. Guess what happens if you try pick up broken glass to fix it? It cuts you. That's what I do. That's why I've been passed around therapists, psychologists, psychiatrists and hospitals because none of them wants to hold me once I make them bleed. They know they can't fix me, and I know I can't fix me. We all spent 8 years trying to fix a broken glass when there's billions of other glasses out there. You know what you do when you break a glass? You throw it in the bin. And if you're stupid enough to work on that glass for 8 years and it comes out the other side even more cracked than before? You give up and throw it away. IF YOU TRY FIX SOMETHING FOR 8 YEARS AND IT ONLY GETS MORE BROKEN YOU GIVE UP. But no, I'm the bad guy because I've given up. I can't get better, and I won't. I don't even want to any more. I want to be dead and gone, swept up and thrown away and the fact is that in my death I will give more than I gave my whole life. I've written down a letter, a short note to those around me and the other pages are what they do with my possessions and body. Organ donation (if possible, I registered myself as a donor a while ago) and cremation. All my possessions go to the places that helped me so much that I never gave anything back in return. I'm not at peace yet though. I will be soon.""]","💀🕳️😭⚠️,💀⚠️🕳️😭🔪,💀😭⚠️🕳️,💀💊⚠️🕳️😭,💀🕳️⚠️😭⚰️",1
150,"[Timestamp('2021-04-05 20:17:38'), Timestamp('2021-04-08 00:50:48'), Timestamp('2021-04-08 00:52:51'), Timestamp('2021-04-21 01:57:47'), Timestamp('2021-04-26 20:05:06')]","['Someone with loads of money that doesn鈥檛 mind, could you lend me a little to get the new console. I am very bored.', 'They have evidence of a new proton thing that could be controlled and used as propulsion to move the same way the 鈥淭icktac 鈥?ufo moved , I鈥檓 definitely not considering committing now , I wanna see this shit evolve into some sick technology.', 'Never mind.', 'Day 4 of no food and water let鈥檚 see how far I can go.', 'How to efficiently hang yourself to stop blood circulation? Not through oxygen deprivation.']","😔😒😕,💀⚠️🕳️😭,💀🕳️⚠️,💀🕳️⚠️😭🚨,💀⚠️🔪🕳️",2
309,"[Timestamp('2021-04-25 18:38:18'), Timestamp('2021-04-28 21:31:57'), Timestamp('2021-05-01 15:40:23'), Timestamp('2021-05-03 20:27:57'), Timestamp('2021-05-10 18:55:00')]","[""I know it's selfish. I know. but what am i supposed to do?. I keep going back-and-forth with this. can i kill myself? of course i can. but what about my family. they don't deserve pain just because I hate myself too much to keep living. but at the same time, I didnt fucking ask to be born. I didn't ask to have crippling gender dysphoria which is fucking up my daily life. I'm sick and tired of trying. what the fuck am I supposed to do?? suffer to not inflict pain on my family???"", ""i guess i should leave a note. i know no one cares but I guess I'll write this anyway. I'm sick of life. I'm angry at my parents for having me. weighing all the pros and cons, this is for the best. there isn't much to say since other than my parents and brother, no one cares. people will pity the way i went, but no one would miss me. I'm sorry I can't live despite my okay childhood, my okay grades etc etc. I guess this is it then."", ""I'm so angry at myself. every day is the same, i feel like shit yada yada yada you know the drill. just WHY exactly am i even trying? I dont HAVE to live. just a little pain and I'm gone. maybe I just chose the wrong method, but it's the only one I could realistically be successful at. guns are nearly impossible to get here, there arent many tall buildings, the bridges are not high enough to be fatal, the list goes on. what the fuck am I supposed to do?? suffer for my family??? they dont even like me. so why, why cant i fucking kill myself already??"", ""i just want to stop existing. sure I want to be dead, but am not interested in the pain that's involved. i want to just not exist. eternal sleep. im exhausted. what am i even trying for??? too bad I wuss out."", ""i fucking hate being trans. like ooh watch me suffer every day and shower with my eyes closed like a fucking idiot GOD DAMN i'd rather be dead. looking at myself makes me want to vomit. and just when I thought the knife to my heart couldn't be twisted any harder, I have to keep looking at my deadname every day (for school), be referred to as ''she'' because that's what the stupid fucking documents say. '''female''' fuck you. I hate this. i want to die already. no surgeries or T will make me cis. those things are great, but I'll never be able to get back the time I spent waiting for them. not to mention how fucking expensive it all is. I wish I had the guts to just kill myself already. there's no hope for me anyway""]","💀😭⚠️🕳️💔,💀🕳️😭⚠️,💀🕳️🔪🚨😭,💀🕳️😰😭⚠️,💀🔪😭⚠️🕳️",1
27,"[Timestamp('2021-04-14 23:02:10'), Timestamp('2021-04-16 15:25:36'), Timestamp('2021-04-17 22:29:41'), Timestamp('2021-04-21 14:53:46'), Timestamp('2021-04-21 23:25:01')]","['Pain. I keep hiding this shit I鈥檓 feeling from everyone, it starts to hurt after a while.. it just feels so hard..', 'I can鈥檛 take much more of this. Just when I think things can鈥檛 get worse, they do, my friend messaged me an apology, she won鈥檛 return my messages and I think she鈥檚 dead.. I feel sick to my stomach., why can鈥檛 this pain just fucking end..?', 'I can鈥檛 take this. Nothing gets better.. it鈥檚 a life of unintolerable bullshit.. I just want it to be over..', 'Stuck. I鈥檓 stuck in this place, constant pain and sadness, I don鈥檛 have anything to live for anymore..', 'The voices are back. They seem so real, I wish they would just fucking stay out.']","😔💔😢🕳️⚠️,💀😰🕳️😭⚠️,💀🕳️😭⚠️,💀🕳️😭😔💔,💀🕳️😰😭⚠️",0
397,"[Timestamp('2021-01-11 21:11:56'), Timestamp('2021-01-12 19:15:37'), Timestamp('2021-01-12 21:02:31'), Timestamp('2021-01-12 22:38:40'), Timestamp('2021-01-13 18:53:49')]","['Depression is so bad that I literally just lay in bed all day.', 'Not sure whether to kill myself or make money to help myself. I don鈥檛 want to go back to college..', 'I鈥檝e hit rock bottom - suicide is the way to go.', 'Going to kill myself when I get back to college.', 'Anyone thinking the same thing ? When I get back to college (physically) I plan on taking my life. Last few months have been an absolute hell and I don鈥檛 really have motivation and/or a drive to continue longer.. Campus has areas where I can be successful in ending my life. I hate waking up each day living with the guilt, pain, memories, and self hatred I鈥檝e placed upon myself through a disposition of depression, borderline/erratic ideation, and dependency (somewhat). I鈥檝e made a lot of bad choices and they eat me up each day - I want to change the past so fucking bad because I can鈥檛 take the ramifications of what I鈥檝e done. I also can鈥檛 take the trauma I鈥檝e been through and the recent event has literally been the nail in the coffin for me. Last few months have been an absolute hell on earth in regards to living - I can鈥檛 forgive myself for screwing up something I deeply cared/care about. I believe I鈥檓 predisposed to screw things up and/or make the wrong decisions. I know that everything that鈥檚 coming right now I deserve, and I don鈥檛 want to hurt anyone further, but it鈥檚 so fucking hard to live with the repercussions/consequences of it. I can鈥檛 take it anymore it鈥檚 too fucking much. Taking my life isn鈥檛 to spite anyone, or to guilt anyone from making the decisions they made at all, but to end my experience of those repercussions and trauma I鈥檝e experienced throughout my life. I don鈥檛 want to be reminded anymore. I鈥檝e tried meditation, tarot, you name it - but when I wake up and dream I feel the same emptiness. But outside of just bad circumstances I鈥檝e always been suicidal, depressed and borderline. It鈥檚 just a matter of time when I end my rein of destruction. I鈥檓 so sick of myself. Edit: can鈥檛 even open my college emails. I don鈥檛 want to try or care']","😔😞😩💔⚠️,💀⚠️😰😔🕳️,💀⚠️🕳️😭🚨,💀⚠️🔪😭🚨,💀🕳️⚠️😭🔪",1
483,"[Timestamp('2021-03-12 02:14:36'), Timestamp('2021-03-12 02:15:52'), Timestamp('2021-03-12 02:19:46'), Timestamp('2021-03-13 00:17:26'), Timestamp('2021-03-13 18:34:24')]","['I get off the fuckin social media apps and then that鈥檚 when I get all the fuckin notifications. They don鈥檛 care about my fuckin presence. That鈥檚 mean it wouldn鈥檛 matter if I was dead..', 'Fuck successful people in the ass.', 'People like me when I鈥檓 doing bad and life and when I鈥檓 doing good they hate me. Tf is life?.', 'Being myself was never enough.', 'I was going on a walk and I saw 2 cute girls and I didn鈥檛 say anything. I hate myself. Now I鈥檓 getting a bunch of negative thoughts I think I鈥檓 gonna cry. Don鈥檛 mind me I鈥檓 a sensitive bitch..']","💀🕳️😭⚠️,😔😡😤,😔💔😞,😔💔🕳️,😔💔😢😭⚠️",0
273,"[Timestamp('2020-04-09 13:57:53'), Timestamp('2020-06-01 02:59:48'), Timestamp('2020-06-17 11:38:47'), Timestamp('2020-07-13 04:15:35'), Timestamp('2020-07-17 06:33:11')]","[""I just can't do anything my mom hates me and can't wait till im 18 and dad's gone sister hates me as well and family hates me life sucks how do people act happy but die inside. I'm just so down and Reddit is the only thing that I actually like"", ""Life is so shit. I want to die so badly but I can't bring myself to do it cause my friends will feel terrible for me and I cant even talk to my girlfriend about it like fuck my life I feel nobody is here for me"", ""I want to die. My life is so shit I fucked up my relationship with family and my girlfriend and I can't talk to each other I can't talk to her I don't know why we would talk all the time before we started dating and know I feel she doesn't care about me at all"", ""I can't stand my life any more. I just found out my dad can't come home to Vic and he's been in Queensland working for over 100 days now I can't get over my ex and I hate myself for dumping her I can't tell her how I feel cause she's happy and now I am stuck, everytime I stuff up as an apprentice I fear I'm gonna get fired from the job and I make my dad's reputation look bad, my casual work hates me cause I turn down shifts cause I want to work more at my apprenticeship and learn about being a sparky and try to get more money so I could support our family and maybe get my dad home like fuck my life sucks my friends all don't talk to me cause they always think im just there to cry to them about my problems and I need them right now I can't stop crying all day and I don't sleep"", ""Im DONE. I've has enough with life I'm always to scared I'm a waste of a human my parents don't want me my ex never talks to me I ust to be at an all time time high I had an amazing girl friend and dumped her cause she locked up on me and I blame myself I can't stop thinking about her I still love her so much i want her back and now I'm failing at both school and grade school I just keep fighting with my parents family I have to hold back my tears when i see her at school she accidentally nudged me with her foot and I nearly burst out with tears I look like a void of depression despair and sadness and I feel I'm in a hole and when I climb to get out the path breaks and I'm slowly failing I put up a front and everybody doesn't know me properly I just can't help myself now I'm even worse my dad can't come home and I know I'll get kicked out of the house before he comes back I deserve it I deserve to be in this pit for breaking my loves heart for destroying my family and another person's future as a Electrician I just want to hug someone and cry my eyes out but I can't nobody wants that I'm better off dead and cold leave this world with my family being at peace and my dyslexic,memory loss,depressed,anxious,autistic pathetic waste of a human being waste of a life I just hate my life my favourite days are the rainy days So Reddit thanks for all your help over the past but I'm done I am the waste of space with his headphones on gonna die young under 20 goodbye for the last time I'll miss you all""]","😔💔😢😞🕳️,💀😭🕳️😔,💀😭😞💔⚠️,😭😔💔😩🕳️,💀🕳️😭⚠️",1
422,"[Timestamp('2021-04-25 21:22:17'), Timestamp('2021-04-25 21:26:05'), Timestamp('2021-04-26 03:01:04'), Timestamp('2021-04-26 07:20:35'), Timestamp('2021-04-26 07:24:39')]","['I don鈥檛 want to move. I鈥檓 so worthless of life I don鈥檛 want to be here.', 'I gave myself 9 months. And nothing had gotten better. I am too much of a pussy to do anything about it and it sucks I hate it. I wish something could just kill me so my loved ones could blame that instead of themselves', 'I want to die. It鈥檚 too suffocating to keep living. I just want to feel nothing cause all I do is cry. I鈥檝e already done treatment and I鈥檓 telling you it didn鈥檛 work for me. I鈥檓 not meant to be happy I can鈥檛 wait for death to come. Please someone manifest a nice death for me so I don鈥檛 have to do it myself.', 'Why can鈥檛 I be happy. I don鈥檛 deserve to live I don鈥檛 even have the capacity to be happy. I just hope I pray that I die so that I don鈥檛 feel suffocated anymore. It鈥檚 already hard to breathe as it is.', 'Stop saying things get better. My whole life I have been waiting for things to get better to no avail. I struggle to even be happy. I can鈥檛 be happy when all I can think about are the bad memories at home. I don鈥檛 have a place for me on this planet. I鈥檓 a defect in which doesn鈥檛 deserve life. I just hope someone or something kills me cause it鈥檚 to suffocating. All I wait for is darkness and for my pain to be gone. No one will love me for who I am because I鈥檓 a suicidal piece of trash. Why bother even trying to live on when nothing has been good. I can鈥檛 wait to die. That is my life goal from now on.']","💀🕳️😭😔💔,💀🕳️😭⚠️😔,💀😭🕳️⚠️🩸,💀😭🕳️😰,💀🕳️😭🌑",1
123,"[Timestamp('2020-12-07 15:28:42'), Timestamp('2020-12-08 03:00:04'), Timestamp('2020-12-13 00:36:18'), Timestamp('2020-12-13 03:42:59'), Timestamp('2020-12-17 17:29:45')]","['Living for others and just drinking myself away because I feel useless. Just as the title says , I am suicidal but won鈥檛 do it . I love my husband , his family and all though - as someone else鈥檚 post mentioned .. we just want to escape the reality we are in.', 'I just want to spill everything out, but stay strong to those who need a friend..', 'Not sure who I can vent too without feeling like being judged .. This time instead of helping others.. I need help .', 'Long story but it鈥檚 my life story.. Let鈥檚 just say I need to vent, no one needs to read it but it鈥檚 better to get it out. . So when I was younger my father and mother were married . Not anymore since he used to abuse my two other siblings growing up . From be born to 9 years old. Turns out I wanted cookies from the cookie jar and pulled out 3 bags of meth. That鈥檚 what I didn鈥檛 understand until I was older. My parents divorced and we never tapped about our abuse to my mother . She was working full time and had 5 kids, she married 3 times. I鈥檓 one of the best . My two eldest siblings are from a different dad. Both suffer from mental illness. My brother who is in his thirties has schizophrenia, he just got out of jail for throwing rocks off of a bridge on a high way . He鈥檚 doing better. My sister also in her thirties had panic disorder. She is an alcoholic, but so is my mother now . My full blood siblings aren鈥檛 okay either. My sister who is Two years older than me has schizophrenia, anger issues, anxiety, and depression. She used to abuse me after my dad want around anymore. My twin brother has anxiety, which I found out this year and had no idea . He鈥檚 on medication. . Back on track.. my dad would abuse the three of us constantly. Spitting on us, choking, use anything to beat us with. He ripped my hair out multiple times and when I was 11 I cut it all off because I was afraid to see him when I had to first other family. I didn鈥檛 want him dragging me up or down the stairs anymore. He lived with my step mom and her daughter who ended up her daughter ended up molesting me in the shower every other day. I had to shower with her or my dad would beat me. Once when I was 8 my dad beat me with a piece of a bunk bed until I was unconscious, there was blood everywhere and my aunt was just coming to pick us up to take us to our moms. She knew about the abuse then, but not much of my aunt. She found me and throw us all in her car and didn鈥檛 even take me to the hospital.. I realized I have had so many concussions that I can鈥檛 even count because I don鈥檛 remember lol. My mom didn鈥檛 know until my sister in kindergarten told her friend that our dad beat us. Her friend told the school and then my mom found out. That day we weren鈥檛 sent home to moms and I remember her just screaming at my dad on the phone . Shaking us and asking why we kept quiet. That same week my mother refused to give us to our dad so he called the police. She cried and begged us not to go and the police man couldn鈥檛 do about about it. I just remember it so clearly. All of us just crying and hugging until the police man forcefully took us to our dad who was out side waiting and smiling. When driving us to his house he ranting about how my mother is a whore- so many words that burn into my mind that it鈥檚 impossible to forget even now. He told us he would kill us because we told our mother, that same night we were beaten so bad we couldn鈥檛 even go to school for the week. He lied and said we had the flu.. That time I reached into the cookie jar and found meth I remember telling my mom that same week and me being 9 years old. My father called and asked to talk to me, he had his car taken away from him and was walking home on the high way screaming at me. Saying how much he wished I would die and saying I ruined his life forever. Saying because I told mom that it was meth and it was. I don鈥檛 understand why the police didn鈥檛 arrest him. Never will. He told me to never, EVER, contact him again. How I was a mistake and I was that one single sperm that just somehow made it. He told me she was going to swallow me but didn鈥檛 . I just cried and cried. Eventually my mom won in court and we didn鈥檛 need to go back anymore. Finally I thought I was free but then my sister became the next abuser. I was 10, my brother and I ran up our stairs SCREAMING to our mother that she was going to kill us. She threw knives at us and told us she WILL kill us someday . It began to get so bad that my mother started to drink and not come home . This sister was only 12.. and my eldest sister .. probably 20 or so baby sitter most of the time . This abuse from my sister didn鈥檛 end.. . Forward to 2013 and up. I鈥檓 a teenager. My sister started smoking and also had weed. Was on any drug she could get on. My brother became distant and started smoking weed and drinking . The police were called so many times that I remember their names of each one. I was isolated and my sister was always trying to kill me mostly. She would humiliate me and torture me nearly every week. It was like walking on egg shells with her around, couldn鈥檛 say anything or I鈥檇 be beat. This is the time when my mother remarried and started drinking every day. She went to therapy with my sister constantly. In And out of jail with her (picking her up ..my sister ) and that鈥檚 when the neglect happened. My mother wouldn鈥檛 ever want to talk time. Spend time needless to say, not even have any conversation . My step dad was just as that to, exhausted from my sister. No affection at all, nothing. It became normal and I just isolated myself in my room for those years . Started cutting and losing weight. My mother use to weigh me constantly saying, EAT MORE- EAT LESS- constantly on diets and shoving food in my throat or telling me to not eat until dinner. This developed into an eating disorder, it鈥檚 so unfortunate. Still struggling with it to this day as well. . These times my cutting became so toxic that I almost died from it. My mother use to force me to be naked just to check my weight and see if I was cutting. I started to steal her booze and even took it to school, I鈥檇 drink just to stop the pain of exsisting. Until I almost died from alcohol poisoning. My family knew and literally put me down for it, how I felt, my depression, everything. Yes , i went to therapy but the doctors gave me medication too high of a dose and I couldn鈥檛 handle it anymore. Telling my mom she never believed me ever. I was a zombie who didn鈥檛 eat because of my medication. I dropped it- also therapy.. my mom hated me for that , later years she even refused for me to go to a mental hospital because I was lying- or it was too expensive, or it was me just doing it for attention. So I kept everything to myself . Could go out much to my friends. There was always a curfew , only an hour- only 2 hours. If I didn鈥檛 come home I was punished. . Fast forward - my older sister became an alcoholic. She has a child, my niece who was taken away multiple times. I remember my sisters boyfriend being toxic af. Accusing her of everything but truth was..she was doing those things. I was turning 18 though. Found my boyfriend at the time and ended up moving in with him. . During that 4 years we moved to an island , with his best friends family. They were dirty, hoarders, and they had two children who couldn鈥檛 do anything wrong..right ? Well i lived in that house with dogs, cats, ferrets , lizards, birds, hamsters- you name it. Feces coating the floor, Piss smell everywhere, dishes not done in weeks and children flushing my things down the toilet . Because I was in love I never left him and that family. This boy I was with was toxic to, dirty , uncaring and did things I hated. I hated weed for a long time due to my family and couldn鈥檛 stand it but I wasn鈥檛 going to tell him how to live his life . . I worked 2 jobs for those 3 years there. I would wake up at 6 a.m work until 12 p.m or longer some nights. It was exhausting but my boyfriend didn鈥檛 want to get more hours or a better job so I was forced just to help pay for the rent . Then I met a really nice coworker.. Let鈥檚 say this coworker accused me of cheating on my boyfriend with him .. and told that family. No one believed me, only my boyfriend. After that- that family HATED ME. They would purposely leave dog poop by my door, steal my money, steal my things, accusing me of stealing, saying I was a whore, a skank, etc. Every. Day. That lasted the 3 years I was there until they gave us the house and moved out. I remember the relief I felt and was so happy that I didn鈥檛 have to deal with it anymore. Then this happened. Our pipes were broken , no water at all. Our landlords lived in Hawaii so they were never around. They refused to pay and fix it so we had to shower out side in our bathing suits , wash laundry by hand ( only me) and do dishes with the only water we had. I did all of this while my boyfriend played video games and didn鈥檛 help at all. It was exhausting.. then back to work with my two jobs. Not even to months in, a hurricane. We were dealing with hurricane Irma, and had to prep the house up and drive hours away from there. . After the hurricane, we went back.. hoping our house was okay. And it wasn鈥檛 . Had to move back in with that family who still had there house and I was stuck there . Living in a caravan for our only privacy. It was horrid. The family started up again with the threats. Hoping to push our caravan in the ocean so I die. They would throw beer bottles at my caravan, so I鈥檇 step on glass coming out, refused me to use their kitchen, shower, even food. I lost my jobs and had to start from the beginning. No money- no anything. Everything I had was destroyed , my family begged me to come home but I refused. So then my relationship with my boyfriend went down hill . I worked multiple jobs just to afford groceries- anything. He had one job, 9 a.m to 3 p.m . I had a job that lasted 6 a.m to nights if I pulled a double.. which I usually did. I began driving constantly And he would ignore me so much I鈥檇 cry at random times but was told my depression wasn鈥檛 real. I would go out of my way just to do anything for this guy but the fights started . The screaming, the throwing, and he pushed me against a wall once. I had enough courage to finally end that relationship. Which resulted in him threatening to kill himself, he grabbed my favorite stuffed animal and threatened to rip its head off. Since I was stuck, I was stuck living there with him for a while . He slept on the couch, me the bed. We had the animals, two cats and a dog. He told me he will keep the dog and I can have the cats . All of them were my best friend since I was so lonely. He ignored me constantly and then shut himself away from me. The drinking got worse. I would drink 2 bottles a wine a night and black out everyday, then my sisters wedding came around . The oldest, she invited me and I thought I鈥檇 come back to get my belongings after. Turns out my aunt told me she would help and then lied about it. It took 2 years to get my things back . Basically- I left eventually . Met my husband, and life has been a lot easier. There鈥檚 more but I鈥檓 exhausted. Just thought I鈥檇 write it all out. Better than not I guess.', 'No one cares. Just that idea .']","💀😔🕳️😭⚠️,😔💔😢,😔🕳️😭,💀🕳️😭⚠️💊,😔💔🕳️",1
394,"[Timestamp('2020-07-17 03:38:49'), Timestamp('2020-07-24 01:28:08'), Timestamp('2020-07-24 01:32:48'), Timestamp('2020-08-05 14:51:51'), Timestamp('2020-08-05 16:28:08')]","['20F someone please talk to me.', 'nobody gives a fuck. my family is content to pretend nothing is wrong until my death. i cry in front of them and they say nothing.', '2 years of 24/7 suicidal rumination. not sure how i am still here i am dead', ""there is no future i would choose over death. 20F over the past few years i've lost everything i ever loved, i have no direction in life, no hope for improvement. life does not get better, it gets worse. i'm tortured by rumination and suicidal thoughts both when i am awake and asleep. i self sabotage everything, subconsciously i wanted to push everything away so i could die with fewest people affected. my personality is completely hollowed out, i am a shell of a human being. i have no goals or drive anymore. i am a walking ghost. the remainder of my time is spent thinking about dignified exits. if i speak out i am called manipulative or threatening by my family. there is no future i would choose over death. there is no medication i would take to preserve my life. i despise this planet, and i see no value in suffering for the remainder of my days to preserve my family from the pain of my passing. i have been suffering for many years and i continue to reach new breaking points. i have nothing left for me here."", 'all i can do is lay in bed. it feels like i am being tortured']","😔💔,💀😔🕳️😭⚠️,💀🕳️😰😭⚠️,💀🕳️😭⚠️🌑,💀🕳️😭😔⚠️",0
35,"[Timestamp('2021-07-30 17:22:07'), Timestamp('2021-07-31 16:54:35'), Timestamp('2021-07-31 18:02:04'), Timestamp('2021-08-01 22:04:51'), Timestamp('2021-08-06 21:57:16')]","['鈥淲ell good luck to you in the afterlife then鈥? Way out of pocket. What do you gain from saying that ?', 'I鈥檓 gonna give up. I have to. Please don鈥檛 tell me it will get better when you don鈥檛 live my life or know anything about it. Even if there is a chance of it getting better, it will be hell getting there. It鈥檚 not fair to make me go through that', 'No one would care if I died. Tonight', 'I hope making me feel worthless while I鈥檓 wanting to die makes you feel great.', 'Shut up leave me alone shut up leave me alone. I can never forget what they say. It runs through my head all the time. Help me']","💀⚠️🕳️,💀😔🕳️⚠️😭,💀🕳️😭⚠️🚨,💀😭⚠️😔💔,😰🕳️😭⚠️",0
20,"[Timestamp('2019-12-28 01:38:02'), Timestamp('2019-12-28 03:02:37'), Timestamp('2019-12-28 23:31:24'), Timestamp('2020-01-02 01:08:59'), Timestamp('2020-01-13 00:00:55')]","['Ive reached my limits, I feel like giving up!. I want to give up once and for all, I can鈥檛 stand all the pain and shit, I just want to give up and never have to deal with life again. I can鈥檛 find any enjoyment in anything, I can barely go to sleep even : ( I have this constant pain in my chest that never leaves, I鈥檝e tired everywhere I swear, I鈥檝e done it all but nothing works. Nothing, nothing, nothing, nothing, nothing! : (.', 'If only I could sleep for a few months so I could escape from all of this. I鈥檇 love that to be honest. Just to sleep and not have to deal with this shit, I鈥檇 love a few months without having to worry or think about anything besides just closing my eyes and drooling like an idiot (yes I drool when I get good sleep).', 'Today was fucked up : (. My father screamed at me for no reasons. My stepsisters got jealous when I bought candy with my own money and I said no to them and my father got so angry, said I was selfish ""just like your mother"" told me that In his house ""we share with eachother"" even though I鈥檓 not even allowed to sit on the sofa or use his charger even when my own charger is broken. I鈥檓 sick of it. I鈥檓 sick of being screamed at, sick of being told to look at his judging eyes while he scream at me. It hurts so much, I don鈥檛 have a single person on my side, I just want to kill my self so that I can escape from this shit! Update: Don鈥檛 worry too much about me, I鈥檓 still feeling like shit but a little better. I just had to vent', 'There鈥檚 too much physical and mental pain and I鈥檓 sick of acting tough!. I can鈥檛 take this. Headaches, migraines, depression, anxiety, paranoia, chronic pain it鈥檚 all a living hell and I can鈥檛 stand it. There鈥檚 always one part of the body that hurts whether it be my head, my brain, my arms...... I鈥檝e tried to talk to a psychologist for a few years and it hasn鈥檛 worked, it doesn鈥檛 help that she suddenly wants to end our therapy sessions out of thin air. I鈥檓 not doing fine, I鈥檓 just good at shutting myself off and doing what I鈥檓 told but I鈥檓 breaking on the inside, I鈥檓 suffering and I want to die. Thanks for reading!', 'I don鈥檛 have much to say except that I鈥檓 sick of all these emotions and feelings that I have to bottle up and hide!!. ""Grow some balls!"" ""Man up"". I have to hear this bullshit every single day. My father keeps telling me that he鈥檚 sick of me embarrassing myself and destroying my life and doesn鈥檛 want me to destroy his and my sisters lives because. Honestly it鈥檚 making me want to puke, I can鈥檛 fucking handle this anymore, I can鈥檛 handle bottling up all the emotions and I have no one to turn to, I just wish I could sleep for a few weeks and be awoken by kisses and hugs. I just want to be sensitive with someone if that makes sense, I don鈥檛 give a shit about virginity or sex or any of it I just want to feel intimate and sensitive and close to someone so I can feel loved and accepted instead of feeling like a ""egotistical psychopath"" as my father usually says. Let鈥檚 hope that I don鈥檛 have another sleepless night, oh yeah I forgot to tell you that no one cared to wake me up so I slept till 2 pm.']","💀😭🕳️⚠️😖,💀🕳️😰😔💤,💀😭⚠️🕳️,💀😭⚠️🕳️😖,😔💔😭😞⚠️",1
383,"[Timestamp('2017-12-14 04:35:43'), Timestamp('2017-12-14 17:12:04'), Timestamp('2017-12-16 03:52:06'), Timestamp('2017-12-17 01:39:44'), Timestamp('2017-12-18 02:15:08')]","[""I really just don't want to exist. I really wish I just never existed I should have never existed. It would be so much easier if I could just get run over or something."", ""I need to die. It's no longer a want. I really need to die. I just figured out that I have no empathy. I don't care about the emotions of anyone. I understand why I haven't had a friend in 8years it's because I'm not capable of being in a relationship where I care for another person. I never learned empathy because I never had a friend and now I can't make a relationship with anyone because I'm evil I'm not human. I can't believe it took me all these years to realize this. I have to die someone like me shouldn't exist."", ""I think it would be for the best. I'm just too broken to function in society. I think I should do it a soon as possible. I have nothing left in the for the help people of Reddit."", ""Why can't I just die. I can't do it myself I really want to die but I just can't do it. I sit here every night ready to die and I never am able to do it I'm sick of my life why can't I just kill myself why. Just let me die please I need the courage to do it. At least let me do one thing properly in my life and let me kill myself."", ""I'm so lost and don't know what to do anymore. I'm just so confused I wish I could just freeze time and think about my life. I really just need someone who I can open up to but I'm too stupid to even do that.""]","💀🕳️😭⚠️,💀🕳️😭⚠️😰,💀⚠️🕳️😭🚨,💀🔪🕳️😭,😔💔😢😞⚠️",1
170,"[Timestamp('2020-10-10 19:19:07'), Timestamp('2020-10-12 07:53:00'), Timestamp('2020-10-14 21:56:42'), Timestamp('2020-10-19 04:50:21'), Timestamp('2020-10-23 00:43:04')]","[""Life isn't worth living alone. Isolation is gonna be the end of me"", ""Feel like a wounded horse. Constantly in pain and too far gone to fix. So why not just put me down humanely? Not like I'm contributing much to society anyway."", ""Can't imagine a future with me in it. Anytime I imagine the future, I'm usually dead. I can't imagine a future where I don't kill myself."", ""Don't have what it takes to keep going. I feel like I'm incapable of being a productive or happy person. Just want to die."", ""Why is it so hard to write a suicide note?. I can never adequately get my feelings onto the paper. It makes sense in my head, but doesn't translate well into words. I'm considering just moving on without one even though I know it's shitty to do so.""]","💀🕳️😭😔⚠️,💀🕳️😭😔⚠️,💀🕳️😰😭⚠️,💀😭😞⚠️,💀📝😰🕳️⚠️",1
267,"[Timestamp('2022-02-09 23:51:37'), Timestamp('2022-02-11 12:36:10'), Timestamp('2022-02-12 17:44:18'), Timestamp('2022-03-26 18:14:40'), Timestamp('2022-09-08 18:02:40')]","[""I swallowed a bottle of benadryl. Then I laid down to die. For a second I thought I was. I got light headed and nauseous. But literally nothing happened and here I am. So that fucking sucks. I can't live anymore. I really can't. And I don't have any other pills. The treatment facility I just got kicked out of confiscated them and is refusing to give them back to me. They wouldn't even give me my Reglan and zofran so I can fucking eat. Not that I would eat anyway. Fuck this."", ""Trying again with benadryl. Took 100 25mg pills and also just got a bottle of 60 klonopin. I wanted to go to a hotel but my tax refund was supposed to come today and it didn't so I have no money. But I'm with my dog so it's fine. My mom will just think I'm napping and she's going to some kind of party anyway so she'll be gone."", ""Trying again with hydroxyzine. Benadryl didn't work out but I have 3000mg of Atarax so we'll see what that does because I'd like to die now and not slowly and painfully from my eating disorder."", ""I'm going to die out of spite. IDK if this makes me a terrible person. But I've come to realize the main reason I am going to die is to spite my former therapist. Because not only will it fuck with his head but my best friend, brother, and dad will sue the shit out of him. He is aware I'm suicidal its documented in emails/texts and he just got rid of me instead of trying to get me help. Then he went out of his way to tell other clinics not to accept me because my eating disorder and PTSD are just too severe and no one should have to deal with me. Logistics are just difficult. My dog is old and needs to go to my dad's but he lives across the country. I would prefer if my cats went with her but I'm not sure what the pet policy is at his apartment. So they might need to go to my brother's which is also across the country. And I just had to transport them back to my home state 2 months ago and one of the cats is still stressed from it. I don't want them to have to go through so much change. I'm just worried about them. No actual people will care that I'm gone and will be actually relieved because they can make money off it. My dad even bought me pills to use. And anyway I'm going to die from my ED if I don't just hurry up and kill myself but that could take another year. But yeah just fuck it all."", ""no reason not to. Turning 32 on Monday and not a single person in my life remembers or has even talked to me lately. I have literally nothing. I'm homeless and seriously mentally ill. I can't force myself to eat no matter how sick I feel. I went to see my therapist who is supposed to be helping me get my life together and she was an abusive piece of shit and called me a liar. She hasn't believed anything I said the entire time I've seen her. Everything I told her about what I've gone through was false in her mind. Just have to work out the logistics of what the cheapest, easiest way to go is and I'll be gone by Sunday. I'm done with this.""]","💀💊🕳️😭,💀💊🚨⚠️🕳️,💀💊🚨😭⚠️,💀⚠️🕳️😭💊,💀🕳️⚠️😭💊",1
362,"[Timestamp('2021-03-10 18:52:09'), Timestamp('2021-04-14 12:21:10'), Timestamp('2021-04-20 02:37:18'), Timestamp('2021-04-21 21:58:24'), Timestamp('2021-05-04 19:14:54')]","['How hard would it be to cut the jugular?.', ""I'm so tired of waking up. Every night I hope I don't wake up but unfortunately I keep waking up I'm tired of going through life and pretending I'm alright just so people don't worry I just wish I could go to sleep forever"", ""I just don't want to live anymore. I'm tired of trying to pretend I'm alright and my life isn't even bad it's actually pretty good so I shouldn't even be suicidal I'm just tired of life"", ""I really want to kill myself. Everything seems so pointless it doesn't matter if I'm alive or not nothing really brings me happiness anymore I'm just tired of life sorry this is all over the place I'll probably just delete this later"", ""My cat is missing and I've never wanted to kill myself more. It's been about 4 days since he went missing I've done everything I can to try and find him but I don't think he's coming back and I know it's stupid to want to kill myself over a cat but that cat means everything to me when I lost everyone he was the only thing I had and now he's gone as well I just want my fluff ball back""]","💀🔪⚠️🕳️,💀🕳️😭😞⚠️,💀😔🕳️😭⚠️,💀😭🕳️⚠️😰,💀😭🕳️⚠️😿",1
397,"[Timestamp('2021-01-10 07:36:42'), Timestamp('2021-01-11 21:11:56'), Timestamp('2021-01-12 19:15:37'), Timestamp('2021-01-12 21:02:31'), Timestamp('2021-01-12 22:38:40')]","['Tired.', 'Depression is so bad that I literally just lay in bed all day.', 'Not sure whether to kill myself or make money to help myself. I don鈥檛 want to go back to college..', 'I鈥檝e hit rock bottom - suicide is the way to go.', 'Going to kill myself when I get back to college.']","😔😞😩,😔😞😩💔⚠️,💀⚠️😰😔🕳️,💀⚠️🕳️😭🚨,💀⚠️🔪😭🚨",1
276,"[Timestamp('2022-01-02 20:13:32'), Timestamp('2022-01-26 17:42:38'), Timestamp('2022-01-27 15:45:56'), Timestamp('2022-02-18 14:17:17'), Timestamp('2022-02-25 10:40:49')]","['im going to kill myself. i want to die so bad i want out i want out of this permanently i dont cate anymore i dont care if its selfish i want to die so fufking badbimngoing to kil mhself tonigt ik sorry', 'trying to convince myself to stay alive. i want to give up i dont know how much longer ill be alive i dont think i can handle it', ""i think i might kill myself soon. itll be better that way i should be dead i should've died a long time ago"", 'im goign to do it. noone loves or cares about me anyway itll be better this way noone will even notice noone would think about me and miss me noone wojld fucking care i dont want tk live i want to die already i want to die i hate being alive im on the verge of killing myself complehely on the verge kf killing myself and i fucking might i might jdt do jt already', 'someone stop me before i fucking kill myself. im so close to slitting my fucking wrists noone gives a single shit jf i did anhway so kt doesnt fucking matter anymore itd all be better without me km going go kill myself k cant take kt anhmore']","💀🔪🚨💊😭,💀😭⚠️🕳️😔,💀⚠️😰🕳️😭,💀🔪🚨😭⚠️,💀🔪😭⚠️",1
200,"[Timestamp('2021-05-07 08:47:10'), Timestamp('2021-05-16 00:30:56'), Timestamp('2021-05-17 01:59:13'), Timestamp('2021-05-17 02:06:45'), Timestamp('2021-05-19 04:43:39')]","['Cutting. Got my plan in order and had my last talk with a good friend luckily she doesn鈥檛 know. On the eve of my last attempt too nothing cha he鈥檇 when I got out of the looney bin the last two time and then six months of not seeing anybody after movi g to a new place and getting a new job and goi g to a new school hasn鈥檛 helped so I鈥檓 happy I have agency in this', 'Ready. Getting closer to my day and I鈥檓 excited I finally have something to look forward to', 'Only a couple more months. Have got my plan in order and it鈥檚 been going well saying goodbye to friends and family and have kept it easy enough to not let them know cuz well people are useless anyway I mean the person I respect most in the world and great freeing that I promised to stick around for is just a sugar baby and a self proclaimed elitist and this is someone that鈥檚 going to be a doctor and says they want to help people I just don鈥檛 get this world anymore so I鈥檓 ready to leave it and it鈥檚 been nice getting it in order because our system is so stupid they think it looks like gettting help. When just providing me with the noose', 'Eh. I told my only friend when I was going to kill myself and that it was the anniversary of my last attempt the other weekend and they told me not to text them cuz they were busy and would call me back.... another lie why I鈥檓 leaving this world. Cutting has become the only way I fall asleep at night or can get through my day But pretty humbling and liberating that I now know not a single person would even make a sec of care for me outside of telling me to not even respond', 'Soon I鈥檒l have enough. Last time I cut myself so much I woke up in a pool of blood and had to get stitches this time I鈥檒l od cuz pills are easier to get than a convo or a meaningful relationship I keep telling my best friend whose going to school for pysche that I鈥檝e know since high school that鈥檚 a very successful sugar baby for lack of a better word that going to be a great doctors one day who keeps taking notes on me too during the down for for they鈥檙e entertainment']","💀🔪⚠️🕳️😭,💀🕳️⚠️,💀⚠️🕳️😭🔪,💀🔪😭🕳️⚠️,💀💊🔪😭⚠️",2
362,"[Timestamp('2020-08-29 21:21:15'), Timestamp('2020-09-06 11:07:31'), Timestamp('2020-09-07 08:03:26'), Timestamp('2020-09-14 01:55:14'), Timestamp('2020-09-15 00:49:21')]","['Thinking about some of the stuff people have said makes me realize that killing myself is the best thing for everyone.', ""I kinda just lost the last of my friend group. I never have had many friends a few from school and a couple online friends and I was in a group chat with a few of them and they ended up getting into a fight and everyone left I mentioned about a month ago that we all would most likely end up splitting apart and I even kinda prepared myself but I didn't think it would end like this or end this soon now I'm lost and really dont know what to do"", ""I am the happiest I've been in years but I still can't get suicide out of my mind."", ""I'm tired of feeling so hopeless. I know nobody will read this or care if they do but life really isn't worth the suffering you will experience more pain in your life than good moments and the good moments won't make up for all the pain"", ""I'm so tired of fighting my own thoughts. I'm exhausted it's a never ending war in my head and I really don't know how much more I can take""]","💀🕳️😭⚠️,😔💔😢😞🕳️,💀😰⚠️😭🕳️,💀🕳️😭😔⚠️,💀🕳️😰😭⚠️",1
413,"[Timestamp('2019-03-22 23:34:37'), Timestamp('2019-03-22 23:51:32'), Timestamp('2019-04-14 23:31:31'), Timestamp('2019-04-20 05:20:44'), Timestamp('2019-04-26 05:37:10')]","[""Update. So I tried to od on alcohol and xanax last night which didn't work, just wome up in a puddle of puke and feeling like shit. The only other thing I have that I could od on is Tylenol so I'm gonna take about 10 of the extra strength pills. That should do it, a long with a fifth of whiskey. I'm not stupid, I know its gonna hurt and be a long painful death but shit my only other option is jumping off of something, and there's a greater chance I would survive that/get caught on a roof so this is it guys. I'm grateful for all of you who've kept me alive this long. I'm not gonna go through my story again, I'll just link it. But yall keep fighting the good fight for me, and dont remember me as the guy who died a tragic death, but rather as someone who fought a war and lost. Thank you"", ""I failed to kill myself last night, but I won't fail tonight. I've got a bottle of extra strength tylenol and some whiskey for courage cause I'm scared to die but damnit I cant do this anymore. I cant. I've lost everybody i cared about. My best friend killed himself, and my other one ghosted my ass, just like everybody. My family doesn't care, I don't care. I've had relationships, good memories. I've done good. I guess this is it. This is goodbye. Goodbye. Uve got a place I'm gonna drive to to do it. No one will know till it's too late. Fuck I dont even have anyone to say goodbye to. How fucked is that?"", 'Not a... normal post. Hey guys I\'ve had my fair share of suicide attempts and abuse in my past but here lately I\'m starting to wonder if I\'m actually dead or something. The only evidence I have is on some of my friends pages they have ""RIP my name."" I know it sounds stupid but the more I think about it the more it makes sense to me. Am I dead?', 'I dont know why I keep posting on here. Nothing you guys say ever helps. Maybe for a little bit but not in the long run. I\'ve been wanting to die since the day I was 9, sadly I lack the courage so here I am neglecting doctor checkups and the like, silently hoping for cancer or some other horrible painful disease that will finally kill me. Lord knows I deserve it for all the pain I\'ve caused. I smoke weed to try to run from it but it doesn\'t work anymore. So I started drinking to get away from it. Nearly killed myself one night. Hell I\'ve nearly killed myself over 4 times in 4 years. Just strike me with a disease already, I\'m so fucking tired. I can barely keep up the fake smiles in front of close friends and they\'re starting to see I\'ve never really gotten better. I\'m done. Wish I had the will power and courage to just stab myself or shoot myself or starve myself. I\'m waiting to face eternity. To quote one of my favorite songs, ""what\'s a smile if you\'re not really happy, what\'s life when you just wanna die?"" I\'m done. I\'ve lost the fight. I\'m ready.', ""I'm so done. I'm so fucking done with this man. I'm gonna kill myself because I just lost my fucking bestfriend to a girl that's only been in his life a fraction of the time he's been in mine. Shit fell apart the day before yesterday. I've been lied to, ganged up on, abused. And you wanna know what pushed me over the edge? How he could do that to me, knowing how fucked up and close to jumping over the edge I am. I'm crying right now. 6 years down the drain like they never happened. I only got one person left and she dont even live in my state and i ain't never met her. To my best friend if you're reading this, have fun with that girl you broke me for at the beach while I'm up here popping these bottles of pills so ion feel pain no more. Goodbye""]","💀💊🚨⚠️🕳️,💀💊🚨😭🕳️,💀🕳️⚠️😭😰,💀🕳️🔪🚨😭,💀💊😭🚨🕳️",1
66,"[Timestamp('2020-12-14 06:57:30'), Timestamp('2021-01-08 06:01:03'), Timestamp('2021-01-08 13:34:46'), Timestamp('2021-01-25 13:37:13'), Timestamp('2021-02-20 20:44:33')]","[""I'd rather kms than screw any of these dudes who want to use me. All these dudes want to do today is just fuck and dump you on these dating apps!! There is no true love anymore. Just stupid fucking hookup culture. Such a narcissistic sex obsessed fucking generation and everyone is so damn heartless. I can't stand living in this."", ""Just let me sleep forever. I'm so sick of my shit life. Every online friend I have is sick of hearing me talk about my issues and they must think I'm annoying... I know it. Don't worry, I won't be around much longer to annoy anyone anymore."", 'I got 2 hateful messages in one night telling me to kill myself already and shut up. ...after I made a post here on this sub. What the fuck is this world coming to?', 'I鈥檓 the scapegoat. I hate it here. All I get is blamed for every fucking thing by my piece of shit abusive family. I am made to feel worthless and stupid everyday. Yeah when I kill myself then who will they blame?? Fucking hate them. Why was I born into such an evil family. Just why?!', 'Everyone is tired of me. They are tired of my depression, complaining about how miserable I am and all. I live in a fucking racist, abusive white family that hates me because I鈥檓 mixed (half black). Everyday I鈥檓 targeted by my own family who calls me an animal, retarded, etc. I have 0 friends, or partner. Nothing. And the few online friends I have online are all ignoring me. That鈥檚 ok. You will not have to hear me complain again once I鈥檓 gone.']","💀😭💔⚠️😔,💀🕳️😭⚠️😔,😭💔😔⚠️,💀😭🕳️⚠️🔪,💀🕳️😭⚠️🚨",1
490,"[Timestamp('2021-07-03 10:50:58'), Timestamp('2021-08-24 10:26:11'), Timestamp('2021-08-24 10:48:24'), Timestamp('2021-08-24 10:48:33'), Timestamp('2021-08-24 10:48:41')]","['yep i guess its tonight. bye i hope ur problems would be solved and enjoy every minute', ""When u still have instincts to live but don鈥檛 own any reasons to live. It鈥檚 me right now. I planned 2 months ago that I would kill myself when I get my college offer. it's about to reach in a few days I guess then I have made up my mind to do it. I have had my room clean and prepared the clothes and shoes I would be wearing during that time. I have completed my suicide notes. everything went fine until I found my older sister followed my social account where I quoted my suicidal thoughts and plan from a dead person鈥檚 tweet saying that 鈥淚 would be with you when I get my college offer so pls wait for me 鈥?something like this. she saw it bcz I just have that tweet above. I was just thinking that no one knows that account so it鈥檚 okay to post my thoughts here but I don鈥檛 know how she knows that account and followed stupidly. I saw her account and her profile picture before. I know it鈥檚 happened this morning and I freaked out about it. I was just so worried if she would tell my parents or not trying to stop me. but nothing happened till now, she even didn鈥檛 contact me or something, no, nothing. then I think I realize what does this following thing means. She is telling me that 鈥淚 know you will die, have read it鈥?I know there is no one loving me like I just wanted to deactivate my SNS and downloaded it again. nothing as I expected, just some ad messages. What's worse I doubt it if my family loves me. I suppose no I don't have any time left but actually, I am still struggling with the decision, I feel my instincts to live but I am not given any reasons to do it."", ""Fuckkk my posts disappeared I want ppl to hear me the last time. why are u saying my post is live but I can't find it I have held so much courage to text fuck fuck everyone wants me to die no! no one cares about my death I know right"", ""Fuckkk my posts disappeared I want ppl to hear me the last time. why are u saying my post is live but I can't find it I have held so much courage to text fuck fuck everyone wants me to die no! no one cares about my death I know right"", ""Fuckkk my posts disappeared I want ppl to hear me the last time. why are u saying my post is live but I can't find it I have held so much courage to text fuck fuck everyone wants me to die no! no one cares about my death I know right""]","💀🚨⚠️🕳️😭,💀🕳️⚠️😭🔪,💀😭🕳️⚠️,💀😭🕳️⚠️,💀😭🕳️⚠️",1
404,"[Timestamp('2020-06-25 04:12:22'), Timestamp('2020-06-28 07:22:39'), Timestamp('2020-06-29 04:24:03'), Timestamp('2020-07-01 02:44:14'), Timestamp('2020-07-12 01:10:48')]","['I just want the pain to stop oh my god please help.', 'Man i just want to sleep and never wake up.. Every moment I鈥檓 awake the pain just gets worse. Literally can鈥檛 do this anymore. Every where hurts, my mind never fucking shuts off and I鈥檓 alone alllll the fucking time. I don鈥檛 know how much more of this i can suffer through. I just need it to stop.', 'Lol another day of this pain. I just want to die oh my god. Please just make it stop. Literally have no one else to talk to but reddit lol. Idk why i keep trying to hold on to my life when it鈥檚 clearly worth nothing. Wow i can鈥檛. All i can do is laugh at the sad excuse of a person i am and how everyone laughs at me and always leaves. Wow man. Fuck this. Just took something cuz i can鈥檛 sleep. Every time i go to sleep i hope i don鈥檛 wake up. Life is so good', 'I just want it to stop. The pain is too much.. Everyday i wake up with this pain. Everyday i wake up lonely. Everyday i wake up not knowing if tomorrow someone will choose to love me or even express sympathy. Someone told me I鈥檓 a burden yesterday and that i complain too much and that i act like a victim because I鈥檓 in pain and that makes me want to hurt myself. I have no friends because they all leave because I鈥檓 too much and I鈥檓 damaged and it鈥檚 easier to not deal with me because all i cause are problems despite them always asking me for help and I鈥檓 always there for them. I am so insignificant. How i feel is insignificant. Not important. I think it鈥檚 better if i just go to sleep and never wake up.', 'I planned how I鈥檓 going to do it. I鈥檝e been thinking a lot about it and I鈥檓 going to go ahead with it, i can鈥檛 take another day of this pain and I鈥檓 alone everyday, i have basically no one, nobody who truly loves me for me. Therapy isn鈥檛 working, nobody answers their phone when i call, nobody cares enough to take one second to look my way. I feel completely discarded and i have had enough of it. Years of rejection and neglect. The never ending pain. It鈥檚 finally going to come to a stop. The end is the only thing i am looking forward to. I have finally had enough.']","😭😰⚠️💀,💀🕳️😭⚠️😖,💀😭💊🕳️⚠️,💀🕳️😭😔💔,💀🕳️🚨😭⚠️",1
134,"[Timestamp('2021-04-02 10:19:35'), Timestamp('2021-04-07 11:19:04'), Timestamp('2021-04-09 12:32:10'), Timestamp('2021-04-15 18:24:01'), Timestamp('2021-04-17 17:11:21')]","['How much does slitting your throat hurt?. I just want to end it all. I have no reason to stay here.', ""I just give up. I just lost the person I love for my own stupid actions and I just have nothing to fight for. I hurt them deeply and this made me realize that I am a bad thing and bring sadness and despair to everyone. I didn't have much to begin with and I am not much important in this World. I don't feel afraid anymore. Sorry for all you who had to deal with me, you guys got unlucky. I don't care anymore, nothing will change my mind. I just don't want people to waste a hospital bed with me, when people really need it. Goodbye."", ""I am about to do it. That's all, I have everything ready and now that I am alone, I will finally fix everything, even if it doesn't work, I have a second plan. I was never a religious person myself, but I believe that I will finally atone to my sins and I won't bring suffering to anyone anymore by ending my life. I just don't have anything worth fighting for anyway and was never important for this world. I just wish I could be a more useful person and make everyone happy. I doubt that anyone that I care for will read this, but the feeling still exists: I love you all and I will miss you, you are amazing people, sorry if I hurt any of you in any way, I am a failure, so don't miss me, please. I want you all to be happy. Please live your dreams for me. I really love you all, don't be sad when I am gone, I would hate this. Goodbye."", ""I failed my last attempt, but will keeping trying until I succeed. I lost everything I hold important to me. I just don't want to live, I will keep cutting myself and try to kill myself until I succeed. This is not a cry for help, it is just a reminder of what I did wrong. I love you, I am sorry."", ""Thinking about trying again. I just wish that wasn't so hard to try, I wish I could just disappear and no one would notice and would just forget me. But God can't do all the work, I guess, so I must get all the courage and (try to) do again.""]","💀🔪😭⚠️,💀🕳️😭⚠️⚰️,💀⚠️🕳️😭,💀🔪⚠️😭🕳️,💀🕳️😭⚠️",2
40,"[Timestamp('2020-11-28 03:52:26'), Timestamp('2020-11-28 04:35:00'), Timestamp('2020-11-28 19:50:09'), Timestamp('2020-11-28 22:20:26'), Timestamp('2020-11-29 00:05:06')]","['Is it even possible to OD on Xanax??. I just feel. Really calm', 'So many mf鈥檚 wanna send 2 lines of chat then quit. Thnx but youre not helping.', 'Woke up from last night鈥檚 suicide attempt.. Hopefully today I鈥檒l get it right', 'I want to stab a knife in my chest because I cannot fucking breath.', 'Getting drunk, waiting for the kids to go to bed before I swallow every single pill in this house.. Wish me luck']","💊😰⚠️🕳️😵,😔💔😞,💀⚠️🚨🕳️😭,💀🔪😰🕳️🚨,💀💊🚨😭⚠️",1
475,"[Timestamp('2021-01-09 08:05:55'), Timestamp('2021-01-10 01:02:03'), Timestamp('2021-01-10 04:17:11'), Timestamp('2021-01-11 15:27:39'), Timestamp('2021-01-12 04:38:30')]","['I鈥檓 more worried about possible hospital expenses then my family being upset.. If I wake up and have to pay thousands of dollars since the US healthcare is a fucking joke I鈥檒l just do it properly with a gun next time. Also I鈥檓 leaving 4,000 to my teen friend and I don鈥檛 want anyone to take that from them. Idk im just worried about possible expenses in the case I die or survive. I should have 20k in my bank account but my family borrows my money so they fucked me over. Oh well.', 'My insomnia is gone after setting a date.', 'Acne is really ruining my plans for suicide.. I鈥檓 not going to die looking like a fucking sicko so I have to get on accutane until I look somewhat decent and then from there finish myself off. EVERY TIME I SET A DATE SOMETHING HAS TO FUCK IT UP.', 'Dying isn鈥檛 my only option, but it鈥檚 the one I鈥檓 choosing.. I鈥檓 obviously scared for the day, but a part of me died a long time ago, it鈥檚 just taken a bit of time for the rest of myself to decide to follow in the same path. I can get better if I want to. But I don鈥檛 see any use in simply surviving. Simply coping. That is not living. My family is going to be shocked. Blame themselves. Like most families of suicide victims. Probably last post since I鈥檓 working on erasing my presence on here before destroying account.', 'I imagine the girls I talk to are my friend that I lost. I stayed outside in freezing weather just to hear their voice as I walked the same path I used to talk to my friend on..']","💀🔫⚠️🕳️💸,💀🕳️⚠️😭🌑,💀⚠️🕳️😭🔪,💀🕳️⚠️😭⚰️,😔💔😢🕳️",1
515,"[Timestamp('2021-07-07 00:37:30'), Timestamp('2021-07-29 23:00:13'), Timestamp('2021-08-12 00:55:50'), Timestamp('2021-08-25 01:39:04'), Timestamp('2021-10-04 21:11:36')]","['I just need a way out of this mess, I鈥檝e messed up badly and I think I鈥檒l struggle. Life isn鈥檛 worth living if I鈥檓 going to struggle financially and lack abit too many skills which is to do with personality. I know that鈥檚 not what the world is about but it has come to that. I鈥檓 just a useless piece of sh and I bet my family think so too even though they wouldn鈥檛 say that. I should definitely go. It feels like the easier and better option, but a hard one too. I might meet this guy for some cuddles, I鈥檒l make the most of it cos I鈥檒l never be able to feel that again. It鈥檒l be the end. I have to firm it, I ain鈥檛 got a choice and I don鈥檛 wanna become a burden to someone else. It is what it is.', 'Anyone tried overdosing on coke? Did you suffer?. I鈥檓 thinking to have alcohol with it maybe, like a lot of it.', 'I鈥檓 in so much pain, and even though I鈥檓 not going through a lot comparing to other people (I know I shouldn鈥檛 compare), things just feel so shit. My life is okay I suppose. It鈥檚 just more because of career, not being good enough and money that鈥檚 eating me up. I do always always tell myself that the sooner I end it, the better it鈥檒l be. I seriously don鈥檛 wanna work a 9-5 forever and get treated like shit by managers and get controlled. My time wouldn鈥檛 be mine and there鈥檒l be no freedom. I have to do this until I reach 68 or something which is the retirement age here in the uk. It does keep going up. The prices of everything is going up and I feel like I鈥檓 really going to struggle financially later on. I鈥檓 honestly not good at anything, I lack confidence and I think I struggle with anxiety. I can鈥檛 turn to anyone for help cos I don鈥檛 think anyone can help me馃槶. Being asexual is also hard, which I鈥檒l probably need to come out to my mum some point. She鈥檚 expecting/wanting me to have kids and get married. I鈥檇 love to with another asexual, but I don鈥檛 think that鈥檚 going to happen. Dating is hard as an asexual, and no one actually shows interest in me like that or for long term. Me having a 鈥渢ype鈥?makes it much harder. But anyways, I gotta worry about all of the in the future. I just feel like the sooner I put an end to my life the better, I鈥檓 too much of a coward though. I mean I鈥檝e considered hanging but then it can go wrong. I do really really want a painless way out of this world. I hate the way I am, I hate that I鈥檒l struggle, I hate that im not intelligent, not passionate about anything, and i hate that im not good at anything. I feel like a burden, because I am. There is so much more which I can鈥檛 really think of now. I can just think of a lot of reasons to why I should end it.', 'It鈥檚 an on and off feeling. I鈥檓 22, and I feel like I鈥檓 just wasting away my young years due to few reasons. Everyone is doing things, either studying or working a good job even, and I鈥檓 just there. I feel like I鈥檓 not going to be alive for long so it鈥檚 so hard for me to care or even get on track. I get this sudden urge several times a week to just end it all. I鈥檇 be at so much peace. This life altogether just hurts. I don鈥檛 like how this world is to fucking work all the time and then to die whenever. I don鈥檛 like being judged. I don鈥檛 like people. I feel alone (relationship wise) because of my sexuality. These are all just sum ups, I could get into details but I can鈥檛 really be asked rn to go through every single thing. I don鈥檛 see any point in living and I鈥檓 just useless, like so useless. I think if I go, it鈥檒l be good for others around me cos then I won鈥檛 be a burden to them. I don鈥檛 think anyone will care, not that I鈥檓 really bothered about that, I鈥檓 just more focused on ways to end it. I keep telling myself that the sooner I end it, the better it鈥檒l be. I鈥檓 scared to commit, and I鈥檓 just waiting for that moment to be fully triggered into doing it. So many things bother me. I feel like I will end it soon anyways, or maybe is that just something that helps me get through the days. I can鈥檛 tell some days tbh.', 'Wouldn鈥檛 dying just be so much better easier?. I鈥檝e considered hanging but I鈥檝e heard some stories, which did begin to make me wonder. If I could lose consciousness and just die by hanging, it would make it easier. That鈥檚 what I鈥檝e read online, it apparently makes you lose consciousness and then you die. Doesn鈥檛 seem like it鈥檚 true tho, or maybe it just needs to be done in a certain way. I鈥檓 so tired of being alive. I get nowhere. I try and I fail. I keep failing. I don鈥檛 have the strength anymore, and I feel like I鈥檓 just a bum. Don鈥檛 even have a stable job, and my younger sister is doing better than me. She does low-key insult me. I feel like I can鈥檛 make my mum proud. I鈥檓 pretty much bullied out of jobs by mangers. There鈥檚 a lot more going on in my life. So many emotions which are negative. I just wanna rest in peace. I want to find a painless way out of this world. I do think there are probably painless ways to go but then it鈥檚 hard to get hold of the info and no ones going to tell me even if they knew. I really need to escape this world, I鈥檓 just a waste of space. My main issue/problem is struggling financially, or could be worse in the future. So I tell myself I should put an end to it all.']","💀🕳️😭⚠️💔,💀💊🚨⚠️😵,💀🕳️😭⚠️🔪,💀🕳️⚠️😭🔪,💀🕳️😭⚠️😖",1
495,"[Timestamp('2020-10-08 05:41:27'), Timestamp('2020-10-22 19:05:43'), Timestamp('2020-12-17 10:34:25'), Timestamp('2020-12-18 11:55:02'), Timestamp('2020-12-18 23:59:48')]","[""Smoking and video games are the only things that are keeping me from ending it all.. I don't know what I would do without them."", 'Everday is such a struggle, it seems like the thoughts never go away.. Even when you try to get your mind off of it, the thoughts are always still around.', ""Nothing seems real anymore.. I just can't believe that this is what my life and the world has come to. After my attempts I feel like it just made everything seem even more unreal. I never thought I would make it this far, but I did."", ""I don't get it.. I shouldn't even be here, wtf. Why can no one understand that I'm just not meant to be in this world. I just wanna leave already."", ""Why am I still here.. After my attempts I should've died. But nope, here I am still going about everyday suffering and not knowing why and how I'm still here. I have no life, all I ever do is just sit around and fantasize dying all day. But yet, it never actually happens I just feel at peace thinking of it.""]","💀🕳️😭⚠️,💀😰🕳️😭⚠️,💀🕳️⚠️😭😔,💀🕳️😭⚠️,💀🕳️😭⚠️💊",1
414,"[Timestamp('2021-04-26 05:55:59'), Timestamp('2021-04-29 20:29:50'), Timestamp('2021-05-05 04:28:42'), Timestamp('2021-05-08 02:01:45'), Timestamp('2021-05-28 17:42:57')]","[""I still wanna die, but I'm learning to keep it to myself again.. Nobody wants to hear it, they all got their own shit going on. It's easier to just shove it all down again. I'm finding new ways to. It gets easier every day, and I feel less human every day. I guess it's not at all sustainable. But whatever...right now it's all I have."", ""This is not my world.. I was born in here wrong, apparently. Racially and medically. Oh, and sexually. I should have been a boy. Nothing here makes sense to me anyways. The injustice. The subjugation. The bullying labeled as strength. Sexism, racism, property over human lives, abusive families, and how ALL of this is normalized. It's normal now. This hell is normal. I'm the unnatural one. I can't deal with this shit. I'm so tired of hoping things are gonna get better. Because for all I know, my fucking cult-ass parents are right and God is a sexist genocidal maniac! For all I know, everything that's happened to me is just and right and I'M the problem for letting it get to me. So this isn't my world. I reject it. I reject this country, this skin, these bones, and every bit of air in my lungs. I reject this doctrine, this 'life,' these expectations and every shackle. I reject sadness and happiness. I reject my dreams and my demons. I reject it all, all, if it would just get me out of this fucking reality once and for all."", 'I wanna go to europe. Lile Switzerland or something And kms properly Comfortably', ""I wanna die I wanna die I wanna die I wanna die I wanna die I wanna die. I have a new method too. The metro line. I just. I'm done. I'm just getting dumber and dumber. I'm gonna die worthless. I need to die soon. I need to die before anyone gets rid of me for being useless. I'm so tired of being useless. My brain is too fucked to be useful to anyone. I can't count. Add. Walk straight. Form cohesive sentences. Ride in a car without losing my shit. Go four hours without a breakdown. I'm not useful to anyone in any fucking way and I just can't exist like this. I'm a slug, a worm, a shitty bit of slime PRETENDING to be human, to be enough, so that ACTUAL valuable humans won't throw me away. But I can't even fake not being a worm anymore. I wanna die but I'm too stupid even to die. I have to go to the metro station soon. I wanna die. Everything is getting better around me but I am getting worse. I have to die before anyone notices how worthless I've become. My mind is degraded to the point of a concussed 7-year-old. I can't do anything right. I can't think. I have to die. I have to die. Soon."", ""My nightmares are slowly killing me. I stayed up till around 4 am because I can't bear to sleep. It's hell every time. People tell me to stop using electronics before bed and listen to guided meditation or music and all that shit but it doesn't stop nightmares, it just helps me fall asleep faster. I cry at night because I start to remember the nightmares I had the night before, and its too much for me. I just writhed and sobbed for a while. I don't want to go back to the nightmares. I don't want to. Eventually I convinced myself to sleep. I don't remember my nightmares all day, just at certain times. So I tell myself it's okay, it won't hurt long, I won't remember it later. But I still hate it. I hate it so much. I looked at the clock and I have 8 hours until I start to remember again. I hate this. I wish I was dead. I can't even escape into sleep. I want to die.""]","💀🕳️😭⚠️😔,💀🕳️😭⚠️🌑,💀💊😰🕳️🚨,💀🕳️🚨🚇😭,💀😭⚠️🕳️😖",1
525,"[Timestamp('2020-09-13 22:08:08'), Timestamp('2020-09-14 03:48:56'), Timestamp('2021-01-01 02:50:29'), Timestamp('2021-01-01 05:54:01'), Timestamp('2021-01-08 21:28:28')]","['I have no hope left.. I have no hope left. The universe despises me and I truly give up. I know one day I will succeed in taking my own life which will be the happiest I鈥檝e ever been.', 'In somewhat of a manic state after I attempted to take my own life, I do wish I was dead.', 'I can鈥檛 do this anymore. I have no desire to keep waking up. I don鈥檛 know how much longer I can delay doing it..', 'Perhaps this will be my last day alive... I鈥檓 crying.', 'Getting ready....']","💀🕳️😭⚠️,💀🕳️😭⚠️,💀🕳️⚠️😭😰,💀😭⚠️🕳️😰,💀⚠️🕳️😰🚨",0
450,"[Timestamp('2021-08-03 09:15:53'), Timestamp('2021-08-04 07:21:07'), Timestamp('2021-08-04 07:48:11'), Timestamp('2021-08-04 07:49:56'), Timestamp('2021-08-05 00:46:51')]","['Is hanging 100% effective. As in if I try hard enough, I can die', 'I want to be a boy and the fact that people see me as a female makes me want to die. I hate living within these rigid gender expectations and having women call me girl. It is extremely triggering for me. I hate how my dad always mentions getting married and having children but honestly I fucking hate children and I would never give birth to one. I hate wearing feminine clothing and tight clothes and clothes that show off my legs in general. I want to wear suits and jackets and long clothes in general. I also hate how men sexualize women and I hate how men hit on me just because I happen to be an available female. I hate how creepy strangers approach me on the street just because I am a female. I want to be left the fuck alone.', 'I can鈥檛 take it anymore, I鈥檝e been through too much. Please just let me rest eternally', 'Can anyone talk to me now.', 'I鈥檓 trying my best to be happy but something inside of me is telling me to die. Fuck you depression.']","💀⚠️🕳️😭🔪,😭💔😔⚠️💀,💀🕳️😭⚠️,😰😔💔⚠️,💀😰🕳️😭⚠️",0
184,"[Timestamp('2021-01-10 08:39:20'), Timestamp('2021-01-11 22:46:53'), Timestamp('2021-01-12 07:07:43'), Timestamp('2021-01-12 16:35:26'), Timestamp('2021-01-13 08:56:58')]","['Bridge. Hi i live in houston tx am 26 done with everything etc does someone know of water bridges not golden gate bridge but others i look some up they have fences now uhhh ?', 'Bridge. Does someone know a water bridge with no fense please', 'Tired who is up. So am 26 male am so tired of living i always been so unhappy how i look with everything i get social anxiety i get jobs i always quit am seriously done i always wish i was never born since a young age i caint do it anymore i caint do it anymore living unhappy life whats the point am looking for water bridges o dont care if i have to buy a plane ticket am seriously done does someone know of a bridge with no fences', 'Tired. I been unhappy since i was 9 mostly because i hate being born male am 26 years old i be gone in few months me am going to a bridge in few months i already told few people am just done elementary middle school hs always got made fun of etc till this day so unhappy with my gender my life i wish i could just disapear know i dont even go out no more', 'Done. Am i the only one who wishes they were not alive']","💀🕳️🚨😭⚠️,💀🕳️🚨🌊⚠️,💀🕳️🚨😭⚠️,💀🕳️😭⚠️🌉,💀😭🕳️⚠️😔",1
254,"[Timestamp('2021-03-04 10:16:42'), Timestamp('2021-03-04 11:35:31'), Timestamp('2021-04-01 10:15:25'), Timestamp('2021-04-04 08:28:38'), Timestamp('2021-04-04 10:19:15')]","['I wish magic existed. So I can erase my memories', 'Killing myself in 3 hours. Maybe someone can be here in my final hours. Posts will be deleted if I successfully kill myself.', 'Why did this happen to me ?. Is it my fault? Why am I always in the wrong place at the wrong time.', 'Ashjsjdkdkkdkdkdkkdkkdkdkk. AHHHHHHHHHHHH', 'I want to erase my memories. Then I wouldnt need to die anymore']","😔🕳️💀,💀⏳🚨🔪,😔💔😢,😰🕳️⚠️,💀🕳️😭⚠️",0
244,"[Timestamp('2020-09-27 23:12:20'), Timestamp('2020-09-28 18:26:41'), Timestamp('2020-09-30 17:31:59'), Timestamp('2020-10-03 03:52:51'), Timestamp('2020-10-07 19:37:43')]","[""Everyone pisses me off and everyone's against me. I'm gonna kill myself if people keep pissing me off and talking down to me and criticizing me. The moment somebody crosses the line I'm bringing out my gun and shooting myself right in front of them. Quit pissing me off. You're all against me."", ""People just don't know how hard it is to be lonley. I'm lonley dude. And whenever I try to meet up with people in real life I seem to just get ghosted. It's like what's the point of even trying anymore. Nobody cares enough. So I guess I'm just gonna be alone forever. Life is seriously depressing."", ""This world is so divided. and that's what makes me want to kill myself because of a world that's so divided. It feels like everyone's against each other. How are people like us supposed to even get help in a world that behaves like this. People aren't willing to change thier perspectives on things either so it's all hopeless."", ""too lonley. Screw this.. Fuck me cause I wanna die. Too lonely. Don't care. Screw me."", ""I really need someone to talk to. I've been going through a very hard time in my life.. Guys I really need someone to talk to right now. Someone really understanding. I'm just having a hard time and I'm not sure if I even want to talk about my problems for fear of you thinking that it's stupid or not understanding me. I've been very lonley and a lot of other things and it's just made my life really hard and I'm sorry if I ever made anyone uncomfortable with my feelings. I was just going through a really hard time emotionally.""]","💀🔫🚨⚠️😭,😔💔😞🕳️⚠️,💀😭🕳️⚠️😔,💀😭⚠️🕳️😔,😔💔😢⚠️🕳️",1
214,"[Timestamp('2021-05-13 18:05:52'), Timestamp('2021-05-18 21:21:06'), Timestamp('2021-05-18 21:46:29'), Timestamp('2021-05-19 20:09:25'), Timestamp('2021-05-22 16:52:27')]","[""Time to take way too many of my sleepy pills so I don't have a mental breakdown again, just like yesterday, and the day before that 馃槍."", ""Missing my abusive ex. It's been over half a year now but still I feel like I've lost my whole footing in life and I can't get it back. I have therapy starting in couple weeks with my old therapist but I feel like it'll just be wasted effort. Maybe I'll convince my doctor to prescribe me xanax so I can od on it. Then again 20mg of lorazepam while drunk didn't do shit so Idk. It all feels like a waiting game where the end is inevitable with me ending up alone and killing myself."", 'I love posting here and getting no interaction. Really makes me realise how much of an unimportant piece of shit I am.', 'Another night, another breakdown.', ""It all feels so pointless. Yesterday I started talking to a girl who was coming on to me hard saying if only she didn't have plans she'd come over immediately but today she's barely talked to me and isn't responding to if we should meet up. It's like anything good gets spat back to my face.""]","💊😰🕳️⚠️😵,💀💊⚠️🕳️😭,💀😔🕳️💔😭,😔😭🕳️,😔💔😞🕳️",0
35,"[Timestamp('2021-06-03 22:05:47'), Timestamp('2021-06-05 22:40:03'), Timestamp('2021-06-06 20:57:19'), Timestamp('2021-06-07 21:47:50'), Timestamp('2021-06-09 08:24:20')]","['See you on the other side. I鈥檓 done talking. I can鈥檛 do this', 'I just wish I was worth fighting for.', 'I wish I wasn鈥檛 so hard to love.', 'I鈥檓 in so much pain.', 'There鈥檚 no point. I have no one to talk to. I鈥檓 all alone. Everyone hates me. My mom shouts at me. I鈥檓 done. I just want to die. Why does no one love me ?']","💀🕳️⚠️😭,😔💔😢,😔💔😢,😭😰🕳️⚠️,💀😭🕳️⚠️😔",0
346,"[Timestamp('2020-12-28 23:08:08'), Timestamp('2021-01-03 22:40:16'), Timestamp('2021-01-04 19:16:48'), Timestamp('2021-01-09 00:29:11'), Timestamp('2021-01-10 10:07:10')]","['How can we really help suicidal people?. All the responses are ""reach out for help"" ,""talk to someone"" and that we need to do more to start talking about mental health. But what if you\'re extremely suicidal. You cant forget these are extremely personal and dark thoughts that people most likely dont want to talk to anyone about because they feel vulnerable or exposed, because they dont know how to talk about it, theres nobody to talk to or they dont want anybody to know about it. Say if someone finds the idea of death really comforting and wants to be dead. Their feelings are really dark and serious and they want to be found dead. I\'ve spoken to my school counsellor, doctor and other mental health people about my symptoms of depression and they all just seem so belittling and ask questions that indicates they\'re not taking it seriously. I wouldnt want to tell any of those people my dark feelings or how I want to die. It\'s not very realistic. You\'re not going to go up to a teacher and tell them you want to die and they\'re likely not going to care or do anything anyway. It just makes for an awkward relationship for the rest of your time at that school. These people you are supposed to talk to make me uncomfortable and I just dont want to open up. What if someone doesnt want to talk to sit in a room and awkwardly talk about their feelings, what if they want to be found dead? I\'ve used all the chatlines/hotlines in my country hundreds of times and they always are like ""how does that make you feel?"" , ""how long has this been going on for?"" ,""do you have any siblings?"" And try to divert the conversation to my home life but they say it in this cheery voice which puts me off like it\'s too uncomfortable to expose my dark feelings to these random strangers who wont take me seriously. People throw the suicide hotlines at you like it will save your life. I\'ve heard many experiences of people where its basically useless. And people on tv are like we need to start a discussion around mental health and that\'s great but not realistic, like what is that going to do? I dont see how the stigma could be decreased or it will be any less awkward telling someone you literally want to kill yourself even after we\'ve had a ""discussion around mental health"". Like I know what they\'re trying to do and its great. But I cringe when I hear mental health youtubers telling their parents ""look at me in this video when I was really unwell-I was so ill then wasnt i"" or ""wow I would have never been able to eat this 5 months ago!"" In front of their parents- like being open and talking about mental illness just feels so weird to me. I\'m not saying what they\'re doing is wrong, it\'s great that they\'re open but it feels so awkward and too open to me, like we are taking really dark and personal struggles and just ""talking"" about it really openly and its such a strange concept to me. I know I certainly dont want my parents to know I\'m feeling suicidal unless I\'m already dead, whilst I\'m alive it\'s just so invasive, exposing, embarrassing, like if they found out I was suicidal and asked me a bunch of questions I swear I wouldnt look them in the eyes again I would be the most embarrassed ever. Maybe I\'m just not used to being open and its making me skeptical of getting any help in the future. I watched this documentary where some womans husband killed himself and the wife called the ambulance and police but he already died before they got there. The police in the car was saying ""if only he reached out, we could have saved him"". Like, I just dont get it. What is talking about it going to do? Usually people dont know what to say except ""sorry to hear that"" or ""I\'m here for you"", or they\'re going through their own problems so they\'re not in a position to help, or people just get tired of you venting and being negative eventually. When something dramatic happens, people rush to the scene to act like they know you so well and oh if only they could have reached out but its actually very difficult to talk about these things or they dont have anyone. I dont like how easy people make it sound to ""reach out"". But even if you do, the support wont be there forever. After a while people will expect you to go back to normal again so they can go off and live their own lives again. Also, mental illness is brutal. It can make you want to be in pain, be violent, die..the idea of dying a painful death is appealing to some people. Another approach people take is telling people how much it would hurt their family, which in many cases is enough to keep them from doing it, but not taking the pain or stopping them from wanting to do it in the first place. It doesnt remove the cause of wanting to commit suicide. So they\'re stuck in a place of suffering but also not wanting their family to suffer. So that situation isnt great. This still doesnt come into consideration for every suicidal person because som people think they\'re a burden to their families, or the pain is too much to stand anymore. They dont care what their families think because they are in pain. Maybe they are tired. Maybe dont want to talk. Some people are in so much emotional pain that they just cant hang around on that waiting list for therapy. Some people have already tried therapy and medications. Some peoples situations cant be fixed. Say if someone with severe body dysmorphia is extremely distressed by their face, and the professionals say ""sorry, we can\'t change your bone structure. But we can offer therapy and medication."" But the patient is so distressed by their appearance they say ""no I dont want that, you cant offer me what I really want."" Can you really stop them? Can they really be helped? I\'m starting to lose faith that any suicidal person can be helped.', ""Killing myself because I dont know how to live. Its winter break. All I can do is lie in bed and watch YouTube all the time. I try to push myself to study for my upcoming exams or do some hobbies and it's no use. I can do a little bit but eventually I lose focus and get into a meltdown because every little thing is difficult to do. It feels impossible getting out of bed and getting dressed in the morning, let alone writing essays and doing something involved for fun, because nothing is fun when your brain is full of thoughts and chest has a heavy feeling and it all feels pointless. I start online school tomorrow. My notes are scattered across the room, ripped up and stained. Getting back grades. Falling apart. Going back to school in 1 week. Exams in 2. They're expecting the best. I need to focus. To get into college, I need top grades and nothing less than the best or I'll go nowhere. School isnt the problem for me, rather not managing through it is a side effect of my spiralling mental health. But you cant afford to be mentally ill at school, they need you to be perfect 100% of the time and I cant do that. It will transfer into my work life and with college. I will start college in 2022 which means I have a year to get signed up to a therapist, find the right medication and get my act together or I'm screwed. I dont know how to take a shower or get dressed without crying, I hate my body so much. It doesnt look like a human body, I look like an ill creature. It tears me apart inside because I just want to be normal and fit in but you cant change your genetics. I dont know how to stop myself constantly checking how awful I look in every mirror. If you cant get rid of the source of sadness how will you ever live happy. I dont know how to pay for plastic surgery. I dont know how to socialize. I havent spoken to my friends lately or joined their group calls, it's just to much to pretend I'm okay and they always vent to me about their problems and I need to be there for them yet I've gone off the radar for 2 weeks and they dont ask if I'm alright. Maybe its because they think its normal of me. Got used to me disappearing in the holidays and going home whenever I have free lessons. I dont want them to think I'm anti-social, if I killed myself it would explain it all. I dont know how to be likeable for my boyfriend, I dont have any admirable qualities, I try to make meaningful conversations everyday but i just feel too low. I dont want to lose him so I really try but my brain is in too much pain to even think straight. I cant make other friends. I have 1 class where I sit alone and practically go mute. I'm too depressed to even think about making new friends when I have nothing to talk about and my brain is telling me to die. So they think I'm a quiet weirdo. I should have killed myself already. I dont know how to talk to a therapist and be open. Talking to hotlines and doctors and school counsellors just makes me cringe, not only is it vulnerable and extremely awkward for me, but it feels like they dont take you seriously, asking stupid questions in a patronizing voice like I'm an incapable child. I dont know how to look after my mental health. People tell me to go for a walk but whenever I do I only think of places i could kill myself. Do some hobbies, take a bath, but my mind is racing. YouTube is the only thing I can focus on for some reason. So I watch it all day all nicht. I cant be alone with my thoughts. I dont know how to face up to my responsibilities as they're slowly sneaking up on me. I wont know how to go to a workplace or big college without having anxiety attacks, I won't know how to keep socialiing and pretending I'm okay when I'm not, to do things and enjoy them, I just cant do it. If I killed myself, it would explain to my friends why I'm not very interactive, why I'm no fun, to my teachers why I'm not producing good work, or work at all, or why I'm quiet in class and always looking sad. It would explain to those people in the class where I go all mute why I'm such a weird quiet kid. It would explain to my parents why I'm always such a lazy failure staying in bed all day everyday, why I'm not doing more and making them proud, why I'm not helping around the house when they need it, why my room is a mess and theres rubbish all over the floor and dirty cups and plates piling up. Disgusting I am. Killing myself would allow my boyfriend to find a girl that actually looks like a girl, who is more fun and loving, not so depressing to be around. Killing myself would explain everything, as I dont want people to think my personality is just lazy and negative. I want them to know I was struggling in a brutal way. I want them to take it seriously. Killing myself makes so much sense. I dont know how to live."", ""Please someone help me I'm going to do it soon. I feel so devastated and scared like I've been stabbed in the heart and I just dont knowcwhat to do I feel awful"", 'I found the loophole to ""suicide is a permanent solution to a temporary problem."". My reflection in the mirror breaks my heart. Theres something wrong with the way I look that\'s not normal. I wish to just be normal so I can know what it feels like to be a human and not feel so alienated. I cant look in the mirror or take showers or get dressed without breaking down. Its something I have to be with 24/7 and I cant escape it. I hate how this is how I have to present myself, it makes me so unhappy but I have no control over it. Plastic surgery is terrifying me and will cost thousands. I\'ll be going to college next year and I wont have time or money for plastic surgery. My heart is broken in a million pieces thinking I\'ll have to live with this body forever and people have to look at me like this. I realised earlier ""I may never get the body I want"" and couldnt stop crying. Of course I get the ""looks dont matter"" and ""everyone is beautiful in their own way!"" But all I want is a chance to be normal. No therapist can relieve me from this hell that is my disgusting stupid body that I hate so much. You cant change your body. Why arent I allowed to just wish for normality. I really dont know what to do. It hurts so bad.', ""As soon as I wake up my brain is screaming help me and to kill myself. The pain is constantly there. It hurts so bad. I'm staying alive because apparently it's the best thing to do but it doesnt feel worth it anymore. I dont know how to just feel okay""]","💀🕳️😭⚠️🚨,💀😭🕳️⚠️🔪,💀😰🕳️😭,💀🕳️😭💔⚠️,💀😭🕳️⚠️😖",1
109,"[Timestamp('2021-06-02 15:53:19'), Timestamp('2021-06-04 01:59:04'), Timestamp('2021-06-24 18:28:53'), Timestamp('2021-07-18 12:25:49'), Timestamp('2021-07-22 14:21:55')]","['My car burnt down today, the only thing what I cared about and the only thing what was really holding me alive. I just lost it today, I sit there just watching it burned down. All the money I spent on it just gone like that. I already wanted to die, but now I just lost my car, so much money invested. Im completely speechless, I lost it today.. I told my parents about all my suicide thoughts and they tell me I need help? BUT WHAT IS GONNA HELP ME? MONEY IS THE ONLY THING WHAT MATTERS IN THIS FUCKING STUPID WORLD. AND I JUST LOST OF IT WHAT I HAD IN MY CAR. They tell me things only get better? HOW THO THE PAST 3 years only been getting worse and it finally just got even worse now that I just lost the thing I loved the fucking most', 'My parents know my suicidal thoughts, and I told them and they don鈥檛 want me to die... but they know how much I suffer and tell me how if I killed myself they wouldn鈥檛 know what to do in life, but I just can鈥檛 keep living for them, I can鈥檛 do anything right in life and it鈥檚 all to much work... Everyday gets tougher it feels like, always a problem after a problem. Everyone tells me 鈥渢hings well get better鈥?nothing gets better even if I try to better my self, years go by and still nothing is better if anything it鈥檚 getting worse.. I don鈥檛 know what to do anymore, I want to hang myself but my parents said they wouldn鈥檛 know what to do if they saw my hanging.. but I feel like nothing really actually gets better as life goes by. Everyday I think about just ending it, some days it鈥檚 just to much I don鈥檛 even know what to do, it鈥檚 so tiring.', 'Why do I need a reason to not want to live and die? Is it not okay for me to hate living and doing anything? Like I just want to be dead so I don鈥檛 have to do anything in life it鈥檚 just to much work.. It鈥檚 all I think about now, I honestly think I should just kill myself since I just want to be dead and I hate doing everything.. I can be doing something I enjoy but I鈥檒l just be thinking about why I鈥檓 not dead or thinking about just being dead. Life is to much, call me lazy or whatever but I believe I鈥檒l kill myself soon to get out of the rat race.', 'Is there anyway to stop thinking about suicide? It鈥檚 eating me alive, everyday it鈥檚 all I think about, every-time something happens bad in my life I just tell myself I鈥檒l end up killing myself so who cares.. Meds or nothing help me, I sometimes think my life is suppose to be like this. I don鈥檛 know what to say, life sucks. No matter what I do to try to find some happiness nothing works.', 'Why do I even live? Everyday I tell myself I should just do it the past 2 years I think about killing myself everyday. Honestly I don鈥檛 see a point in living, life is so boring to me even tho I have everything I want already and it still sucks lol.. So what even is the point of living for 60 more years of this bullshit? How I鈥檓 I suppose to last atleast 40 more years of these same thought I been having for 3 years?? Nothing changes or helps so what the fuck I鈥檓 a suppose to do?? Everyone tells me the same bullshit advice I鈥檓 tired of it like it鈥檚 all a lie. - 鈥淟ife gets better鈥?- 鈥淕otta keep pushing thru鈥?- 鈥淧eople care about you鈥?- 鈥淵our usefull and talented鈥?- 鈥淭hat鈥檚 selfish of you if you do鈥?- 鈥淵ou need to find hobbies鈥?- 鈥淕o out and explore life鈥?- 鈥淓veryone hates life and working鈥?- 鈥淓veryone has to put up with life鈥?- 鈥淒on鈥檛 give up, something we鈥檒l get better鈥?- 鈥淵ou have a bright future ahead of you鈥?- 鈥淵ou need help鈥?- 鈥淕et on meds and a therapist鈥?- 鈥淵ou need to grow up鈥?But how I鈥檓 I suppose to change all this when all my thoughts and everything I do I the opposite of these people? They don鈥檛 seem to understand I hate life and I don鈥檛 see anything in my future or nor do I give a fuck lol..']","💀😭🕳️🚨💸,💀🕳️😭⚠️😖,💀🔪⚠️😭🕳️,💀🕳️😭⚠️,💀🕳️😭⚠️😖",1
202,"[Timestamp('2020-10-27 23:32:05'), Timestamp('2020-11-22 15:55:33'), Timestamp('2020-11-22 18:18:56'), Timestamp('2021-04-30 21:20:14'), Timestamp('2021-05-01 06:29:31')]","['Why shouldn鈥檛 I end my life?.', 'Can someone talk to me privately? it won鈥檛 take long..', 'I have maid my decision today. Eventually I will kill my self. I鈥檝e been thinking about suicide for a long time. The only thing that kept me away from it was the fact that I believed in god and I didn鈥檛 want to go to hell. But after I studied science and realized that god does not exist I started to take that thought seriously. It鈥檚 because I came up with the following conclusion. Even though life is full of pleasure it is also full of pain not like death which is completely empty. Yes it will be hard on your loved ones and some of them might repeat what you did but it really doesn鈥檛 matter because we are all just atoms bonded together. Also, almost all of my family have put them selves first so it is reasonable that I become selfish as well. Edit: I鈥檓 not planing to kill myself now I鈥檓 just saying at some point in the future I will.', 'I wish I was born an orphan who has no family left.. Then I wouldn鈥檛 have hesitated so much to kill myself. Knowing how much pain I would cause to my loved ones if I did it is just what鈥檚 making me alive.', 'What鈥檚 the purpose of life?. Give a reasonable reason besides any common bs 鈥渓ife is full of..., I know you are hurting now but it鈥檒l..., or a lot of people love you and if you do it...鈥?]",💀🕳️⚠️😭🧠,1
454,"[Timestamp('2021-11-07 18:22:55'), Timestamp('2021-11-23 18:51:59'), Timestamp('2021-11-25 00:47:18'), Timestamp('2021-11-29 07:27:02'), Timestamp('2021-11-29 20:09:18')]","[""How to keep myself from wanting to overdose on my SSRI and SNRI. I just want to die or numb my pain . My stool is black because I haven't been eating or eating horrible and having diarrhea on a daily basis. I'm out of work my mom doesn't know and expects me to be around and help my terminally ill grandpa because she's a single mom. I wasn't feeling good and I'm trying to nap but she thinks I'm being lazy, saying I don't care about the family and how she was out all day doing errands. I just feel guilty and depressed. Everytime I try suicide I never die but I hate it I just want to be successful. I can't and don't understand people they're like maggots . I hate others and just want to be dead or far far away from Texas. I have no friends , no family I'm close to or trust. I've been in and out outpatient but no help. And can't afford DBT therapy. I feel like I have BPD because many other things I can't explain rn. I just wish suicide was easier and I wasn't forced to deal with people ."", ""I just want to end my life. I just want to kill myself I hate people and society and I never wanted to be here as a child and not now. I'm not fit for this world and I just want to kill myself ."", ""Life just gets more and more overwhelming and difficult. How to deal with suicidal thoughts and ideations. I want to die tomorrow while my mom is out with family but I know I shouldn't I probably will hit up everyone I have in my contacts and try and go out . Or atleast do my hw I can't get myself to do anything anymore . I'm just in a rut with a very small support system. I want to kill myself I just am too weak and pathetic to do it."", ""I want to die. I want to kill myself maybe not today , someday soon once I get enough money from working part time , but idk I don't want to end up with a massive bills I can't pay. I'm in a ton of debt already . I canceled all my therapy and doctors appointments and not do my classes till later and just get really drunk later and see if I can buy a cheap blade to cut with . But I'm just going to go back to bed. I just hate being alive I want to kill myself I just hate people and society so much I feel homicidal and suicidal at the same time just no plan . Besides to get drunk and cut myself...oh and nap my sadness way."", ""I just want to be normal. I just want to be normal . I'm tired of suicidal thoughts and homicidal thoughts, mood swings , self harm and physical mulitaion . I get overly attached and obsessed with people who aren't compatible with me or don't want me but push others away for compliments. I just want to stop being like this . I get so obsessed with things I lose track of time and sense of reality especially if it's like this last person who I truly loved . And I just had her sister talk to me I feel guilt. I hate my mind . I hate myself for going off on my mom to the point she leaves me for my mental health and being too much to be around . Even I feel like my bf hates me for this. He's in jail but if he knew I went over to his ex friend house he would break up with me. I just want to get a noose to hang myself maybe tomorrow. I'm just try to distract myself anyway I can . I just hate being this way why am I this way . I just think I should have been dead when I was having complications being born. I wish she just aborted me for real lol. Like I just want to be normal or be dead. My ex friend sister said I should fake it till I make it but I'm tired of acting like I'm ok and just want to hang myself. I'm assuming I just have MDD but it feels so much worse. The only way I can feel I can stop thinking and wanting to be with my ex friend or acting out in general and be mental ok is if I kill myself. Sorry abt my spelling . I just am feeling like shit rn.""]","💀💊😭🕳️⚠️,💀🔪😭⚠️,💀⚠️🕳️😭,💀🔪💊🕳️,💀🕳️⚠️😭🔪",1
103,"[Timestamp('2019-08-19 14:18:38'), Timestamp('2019-08-27 16:04:49'), Timestamp('2019-10-30 01:49:36'), Timestamp('2019-10-30 05:15:53'), Timestamp('2020-04-30 15:12:29')]","[""Today is my 18th birthday and my last one.. I don't know how I let myself fuck it all up this bad. Goodbye."", ""I've always trusted my gut. It always seems to be right. Trust your gut is like the one good piece of life advice.. My gut is begging me to commit suicide"", 'no matter what changes I always end back up in this stupid fucking subreddit.', 'I HATE YOU I HATE YOU I HATE YOU I HATE YOU I HATE YOU I HATE YOU I HATE YOU I HATE YOU I HATE YOU I HATE YOU I HATE YOU I HATE YOU I HATE YOU I HATE YOU I HATE YOU I HATE YOU I HATE YOU I HATE YOU I HATE YOU I HATE YOU I HATE YOU I HATE YOU I HATE YOU I HATE YOU I HATE YOU I HATE YOU I HATE YOU. I HATE YOU I HATE YOU I HATE YOU I HATE YOU I HATE YOU I HATE YOU I HATE YOU I HATE YOU I HATE YOU I HATE YOU I HATE YOU I HATE YOU I HATE YOU I HATE YOU I HATE YOU I HATE YOU I HATE YOU I HATE YOU I HATE YOU I HATE YOU I HATE YOU I HATE YOU I HATE YOU I HATE YOU I HATE YOU I HATE YOU I HATE YOU I HATE YOU I HATE YOU I HATE YOU I HATE YOU I HATE YOU I HATE YOU I HATE YOU I HATE YOU I HATE YOU I HATE YOU I HATE YOU I HATE YOU I HATE YOU I HATE YOU I HATE YOU I HATE YOU I HATE YOU I HATE YOU I HATE YOU I HATE YOU I HATE YOU I HATE YOU I HATE YOU I HATE YOU I HATE YOU I HATE YOU I HATE YOU I HATE YOU I HATE YOU I HATE YOU I HATE YOU I HATE YOU I HATE YOU I HATE YOU I HATE YOU I HATE YOU I HATE YOU I HATE YOU I HATE YOU I HATE YOU I HATE YOU I HATE YOU I HATE YOU I HATE YOU I HATE YOU I HATE YOU I HATE YOU I HATE YOU I HATE YOU I HATE YOU I HATE YOU I HATE YOU I HATE YOU I HATE YOU I HATE YOU I HATE YOU I HATE YOU I HATE YOU I HATE YOU I HATE YOU I HATE YOU I HATE YOU I HATE YOU I HATE YOU I HATE YOU I HATE YOU I HATE YOU I HATE YOU I HATE YOU I HATE YOU I HATE YOU I HATE YOU I HATE YOU I HATE YOU I HATE YOU I HATE YOU I HATE YOU I HATE YOU I HATE YOU I HATE YOU I HATE YOU I HATE YOU I HATE YOU I HATE YOU I HATE YOU I HATE YOU I HATE YOU I HATE YOU I HATE YOU I HATE YOU I HATE YOU I HATE YOU I HATE YOU I HATE YOU I HATE YOU I HATE YOU I HATE YOU I HATE YOU I HATE YOU I HATE YOU I HATE YOU I HATE YOU I HATE YOU I HATE YOU I HATE YOU I HATE YOU I HATE YOU I HATE YOU I HATE YOU I HATE YOU I HATE YOU I HATE YOU I HATE YOU I HATE YOU I HATE YOU I HATE YOU I HATE YOU I HATE YOU I HATE YOU I HATE YOU I HATE YOU I HATE YOU I HATE YOU I HATE YOU I HATE YOU I HATE YOU I HATE YOU I HATE YOU I HATE YOU I HATE YOU I HATE YOU I HATE YOU I HATE YOU I HATE YOU I HATE YOU I HATE YOU I HATE YOU I HATE YOU I HATE YOU I HATE YOU I HATE YOU I HATE YOU I HATE YOU I HATE YOU I HATE YOU I HATE YOU I HATE YOU I HATE YOU I HATE YOU I HATE YOU I HATE YOU I HATE YOU I HATE YOU I HATE YOU I HATE YOU I HATE YOU I HATE YOU I HATE YOU I HATE YOU I HATE YOU I HATE YOU I HATE YOU I HATE YOU I HATE YOU I HATE YOU I HATE YOU I HATE YOU I HATE YOU I HATE YOU I HATE YOU I HATE YOU I HATE YOU I HATE YOU I HATE YOU I HATE YOU I HATE YOU I HATE YOU I HATE YOU I HATE YOU I HATE YOU I HATE YOU I HATE YOU I HATE YOU I HATE YOU I HATE YOU I HATE YOU I HATE YOU I HATE YOU I HATE YOU I HATE YOU I HATE YOU I HATE YOU I HATE YOU I HATE YOU I HATE YOU I HATE YOU I HATE YOU I HATE YOU I HATE YOU I HATE YOU I HATE YOU I HATE YOU I HATE YOU I HATE YOU I HATE YOU I HATE YOU I HATE YOU I HATE YOU I HATE YOU I HATE YOU I HATE YOU I HATE YOU I HATE YOU I HATE YOU I HATE YOU I HATE YOU I HATE YOU I HATE YOU I HATE YOU I HATE YOU I HATE YOU I HATE YOU I HATE YOU I HATE YOU I HATE YOU I HATE YOU I HATE YOU I HATE YOU I HATE YOU I HATE YOU I HATE YOU I HATE YOU I HATE YOU I HATE YOU I HATE YOU I HATE YOU I HATE YOU I HATE YOU I HATE YOU I HATE YOU I HATE YOU I HATE YOU I HATE YOU I HATE YOU I HATE YOU I HATE YOU I HATE YOU I HATE YOU I HATE YOU I HATE YOU I HATE YOU I HATE YOU I HATE YOU I HATE YOU I HATE YOU I HATE YOU I HATE YOU I HATE YOU I HATE YOU I HATE YOU I HATE YOU I HATE YOU I HATE YOU I HATE YOU I HATE YOU I HATE YOU I HATE YOU I HATE YOU I HATE YOU I HATE YOU I HATE YOU I HATE YOU I HATE YOU AND EVERYONE ELSE FEELS THE FUCKING SAME WAY ABOUT ME', 'Even the things that make my mindset feel bearable come to me being suicidal..']","💀⚠️🕳️😭🚨,💀⚠️😭🕳️,😔💔🕳️,💀🕳️😭⚠️🚨,💀😰🕳️😭⚠️",1
244,"[Timestamp('2020-12-31 23:40:09'), Timestamp('2021-01-01 13:30:48'), Timestamp('2021-01-03 15:56:42'), Timestamp('2021-01-04 05:19:16'), Timestamp('2021-01-04 11:13:29')]","[""Really fucking pissed. QUIT PISSING ME OFF! QUIT PISSING ME OFF! YOU'RE THE ONE WHO DOESN'T GET IT! I WANT TO SHOVE A KNIFE RIGHT UP MY ASS!"", ""I can't take it anymore. I'm really pissed. You have no idea how pissed I am. I can't seem to sober up. I've thrown up so much. I don't know what to do. I just wanna die. I'm sick of life. I should never drink again. I'm tired of everything. Nobody cares about me. I don't know what to do. I just want it to be over."", ""I'm angry because people don't care about certain issues and people in this world. The reason I'm so suicidal is because people don't care as much about things like neurodiversity and men's rights and stopping ableism. I'm sick of everyone being against people like me. People don't give as much of a fuck about these things and don't care about helping people with certain problems. It pisses me off and if this is how the world is gonna be because fighting for it is pointless and I should just kill myself right now. Nobody cares about my problems. Nobody understands people on the autism spectrum or who have social anxiety and things like that. I'm tired of it. I'm extremely angry and I don't want to be here anymore."", ""I wanna kill myself because I'm so lonely. I always feel like the one that gets excluded. I feel like the one that everyone doesn't like as much. I feel like I'll never have a girlfriend or anything like that. I feel like I'm unlovable. I'm so tired of being alone. It makes it really hard to function in everyday life. Sometimes I really just wanna kill myself. Nobody wants me. Nobody is gonna care about someone like me."", ""I'm very angry and there's no hope for me. I think about killing people a lot and then killing myself. Because everyone is against me and everyone hates me. I'll kill myself if I must. I'm obviously just trash.""]","💀🔪⚠️😰🕳️,💀😭🕳️😵,💀🔪🚨😭🕳️,💀😭🕳️⚠️😔,💀🔪⚠️😭🕳️",1
165,"[Timestamp('2021-05-08 19:39:27'), Timestamp('2021-05-10 03:17:20'), Timestamp('2021-05-11 04:15:33'), Timestamp('2021-05-12 00:37:26'), Timestamp('2021-05-14 20:52:38')]","['Do not! I know what everyone is thinking... please do not tell me it will be okay.. I will never be okay. It can only get better from here, right?', ""Its been a long time.... I can't sleep. I fear waking up then remembering and it becomes so hard to stay alive... tonight I lay my head down. There's always another Tomorrow. help me fix this. But you can't. I need to."", 'I look around see funny things can no longer luagh. So sad.. I used to be able to luagh at Least once a month. Joy of my life. Not for the past three months. So sad to admit.', ""Damn it. I'm out. Nothing left I can do.. Not like anyone cares and can change anything so am I even putting this out there? I just... I just wanted to go out and actually meet people go to college and I can't get 500 dollars for nothing. I got scammed. Lied to. And now it's like everything I have working so hard this week for is done. Gone just like that. My mother's gone. I have no one. I deleted my social media because no one on there even talks to me ever. Just faces from the past. I don't even went to communicate with my family. They fight too much. So what am I to do? Can't even get 500 lousy dollars. It's that much."", ""No money. No time. No life inside.. I'm a failure at everything I try. Will I ever be happy.""]","💀🕳️😭⚠️,💀😰🕳️😭⚠️,😔😢😞💔🕳️,💀😔🕳️😭💔,😔💔😞🕳️⚠️",0
426,"[Timestamp('2020-12-22 09:32:59'), Timestamp('2020-12-22 09:37:54'), Timestamp('2020-12-22 09:40:18'), Timestamp('2020-12-22 09:44:22'), Timestamp('2020-12-22 09:47:05')]","['im trying my best mot to let it het to me but its so hsrd.', 'make it stop.', 'people fuckigng suck.', 'i shouldnt feel like this. i shouldnt feel bad for the people im leaving behinf. i shouldnt feel anything for them at all. it fuckign suxks because i do and i dont want thrmt to go through the same shit i did. its seo fuckign hard and im so fuckign tired. i haye this. i cant feel anything anymore. please im so fuckijg tired. im so donesn. all everyone does is fuckigng hurt me and i just want to fucking return the favor but i cant fuckingr do it i hayw it i fuckting hate this.', 'will it hurt if you hang yourself.']","😔💔😢,💀🕳️😭⚠️,😔💔😡,💀🕳️😭⚠️😩,💀⚠️🕳️😭",0
253,"[Timestamp('2021-06-05 06:11:08'), Timestamp('2021-06-05 07:58:38'), Timestamp('2021-06-05 08:19:53'), Timestamp('2021-06-05 14:47:46'), Timestamp('2021-06-05 15:23:15')]","['Suicide is my only hope.', 'Suicide is my only hope.', 'Suicide is my only hope.', 'Suicide is my only hope.', 'Suicide is my only hope.']","💀🕳️🚨😭⚠️,💀🕳️🚨😭⚠️,💀🕳️🚨😭⚠️,💀🕳️🚨😭⚠️,💀🕳️🚨😭⚠️",1
346,"[Timestamp('2021-01-18 00:23:10'), Timestamp('2021-01-20 18:41:37'), Timestamp('2021-01-24 22:26:06'), Timestamp('2021-01-24 22:55:51'), Timestamp('2021-01-25 21:33:27')]","[""Posting this trying not to cut my entire body up. This pain is too much I cant handle it anymore I've been crying for 5 hours straight there is no help for me anymore this is it I'm actually going to die soon. I want to cut myself everywhere. I dont know why I'm posting nobody is even going to read this or care"", 'I am a selfish bitch. I am so selfish for being suicidal. I say I want to die whilst innocent people are losing their lives and destroying their families. Do I even really understand what I\'m saying? How can I wish for death when I dont even know what it will be like. I\'m so stupid. I\'m always in pain because of my mental health issues and I feel so ill but I\'m not I\'m fine. Why cant I get up and live my life. Why dont I have any willpower to stop being such a lazy idiot, get off my bed and go bake some cookies whilst dancing to the radio. Why arent I carefree and fun. I\'m no fun to have around. If I died I wouldnt be remembered as ""always happy, always smiling"" because I spent my life being lazy and wanting to die. I hate that I\'m so selfish. I\'m a burden to my family for being so insane and ungrateful for the gift of life. But I cant help it. I cant get out of this depression. I wish I never had mental health issues. I feel like such a joke. I feel like I\'m horribly ill when I\'m actually not. I feel like I\'m so close to death but I\'m alive and well, a position so many people would do anything for. But yet I had to be the one alive and well instead of innocent deserving lives whose families need them. I\'m a nobody and I dont impact anybody\'s lives. I\'m a massive introvert and nobody knows me in school. At home I barely have enough energy to leave my room or get myself dressed. I\'m such an ungrateful child to my absolutely amazing parents. I let them down. Now if I have to get mental help they\'ll think where did they go wrong. Why does she have problems, she shouldn\'t have problems, we gave her a great childhood. And I\'m just going to throw it all away by being depressed and needing therapy. My brother has anger issues and yells horrible stuff at my parents. He gets in tantrums when my dad asks him to do the dishes when my dad is in chronic pain. I try my best with the chores but it takes a lot with energy out me because ""I\'m depressed"". I cant have problems as well. My parents dont deserve that. I barely speak to my friends. I\'m so depressed and they have so many problems themselves like bad home lives, mental health problems, that I cant have mental health problems and put that on them as well. Out of the 7 of us I\'m the only one without any problems as far as they\'re aware. I try my best to listen to their problems and help. But when I dissapear for weeks they never ask if I\'m okay. They dont ask much about my life at all. But I know they\'re going through much worse. My boyfriend. His previous girlfriend died after battling severe mental health problems. I cant talk to him about suicidal. That\'s just unfair. I NEED to be happy and well for everyone around me. But I\'m not. What a selfish fucking bitch I am and I\'m so sorry everyone and I hate myself.', 'I hate pretending to be okay for everyone - dont read this long text. I hate waking up everyday, devastated and angry that I woke up, regretting listening to the people telling me to ""stay alive, it gets better!"" And logging onto my online classes because even at the point of being suicidal, nobody cares about you and they expect you to carry on as normal. Then being told to ""actually put in effort and engage in the class"" even though waking up took a willpower that I dont even have in me, and I can barely function to feed and clean myself let alone do a fucking happy dance and act all positive for people that dont give a damn if I live or die. I hate that we have to wake up extra early for our morning tutor to be told to meditate and walk to help our mental health in these ""stressful times"". Its baffling to me, like do you assume that we are all fine and dandy and the only problems in our lives are covid and school, or are you really just that fucking ignorant that you think that walking and meditating and entering your cooking competition is going to help severe mental health issues? Like oh wow I never thought of that thank you!!! I exercise, I cook, I do everything I\'m told to do because if you choose to stay alive, dont expect anyone to give a dman about you because you have to just get on with it. The school says to talk to someone if we\'re struggling, but the school counsellor can\'t be bothered to ever show up and cancels on me last minute every time. It\'s such a joke. I went to school to pick up a laptop in this lockdown and I was trying to contain an anxiety attack and the teacher just goes ""WAKEY WAKEY we have work to do!!!"" Like I\'m not asking them to be therapists but a ""hey are you okay?"" Would be nice goddammit. That was the final reminder that I just cant function as a normal human being. And sure things might get better one day and life isnt all about school, but I\'m genuinely suffering right now, with a bunch of mental health problems, and I dont know how to cope with life right now and just pretend to be normal for everyone. Its getting too bad to keep pretending. People keep saying it gets better just hold on. But I wake up suffering everyday, every second, for the last 6 years. I\'m going to university next year and supposed to get a job in the next few months, no matter the circumstances, it\'s just what I\'m expected to do. There\'s no break no opportunity for you to fix yourself just go through the motions because nobody cares. How will I cope putting on his happy mask when it\'s getting too heavy and falling off? How will I cope? My family doesnt care and all my friends have their own problems. When I opened up to someone for the first time about my mental health they said their eating disorder was much worse than me because they could end up dead. And they didnt even ask me what I was going through and then they went into uncomfortable details about their eating disorder and I had to comfort them. I dont want to compete with them but it seems like they want to do that with me and each other. All my friends make these remarks in the middle of class or a conversation like ""I\'m NOT in the mood today!!"" Or ""I havent eaten anything today!"" So we all have to rush to their assistance and if we dont then they will keep repeating it until they get their attention so they can complain about how they are having a mental breakdown over homework or how their mum told them to tidy their room. I hate that it\'s made me a bitter person because there should be no competition but if I was to vent about my problems everyone would be uncomfortable and shocked. For all I know, they could be suicidal too and and keeping it to themselves. It\'s just not something you talk about. So thats why I dont talk about it. What if they are suffering, and they kill themselves before me, and so I wont be able to kill myself because it will look like I did it because I was influenced by them? I do worry about their mental states and if they\'re going to be okay. I try to be there for all my friends but when I dissapear for weeks on end due to my depression they dont ask where I am or how I\'m doing. Someone told me they self harmed once for the first time in a year and it\'s like well I do that everyday. Someone awkwardly admitted they considered suicide ONCE but now they\'re better during a light hearted truth or dare and i was internally thinking well I\'ve already made my plan and set the date. I feel like without actually trying to attempt nobody is going to take me seriously because ""everyone goes through stuff."" But they get all the hell and I dont. You wouldnt run to my aid would you. Where are all of you whilst I\'m alive. Whilst I\'m not on your calls or games or group chats in weeks. I suppose you just dismiss me because I\'m not fun or something. It\'s just me pretending to be okay. You see I\'m not one of those suicidal people that can act so happy and then when they finally do it everyone was like ""they were always so happy, always with a smile on their face, we had no idea"", I mean I wish I was that person. But pretending to be happy is exhausting me so being quiet and introverted and not fun is the best you\'re going to get. It\'s not ideal for a friendship and people probably dont like me but I\'m forced to being okay 24/7 when I\'m in so much pain so I just cant be happy for you. I know if i killed myself it would explain the absence, the boring personality, it would all make sense and people would realise I wasnt just a boring person I was actually suffering. Sure I wont be remembered as the happy, fun girl that everybody loved but at least it gives them answers. And they dont have to deal with such a loser anymore. They\'re showing right now that they clearly cant handle it. But it doesnt matter that I\'ve chosen the method, the time, the place, and I\'m just waiting for my opportunity, because nobody gives a shit. And I will log onto my online classes tomorrow as usual and get told off for not participating enough and not being happy enough when for me, just being there is a fuckimg miracle. Because i didnt kill myself, I will be told off tomorrow. Because i chose to do the right thing and stay alive i will be punished. Nobody likes me being alive. I\'m just a statistic to them. If i kill myself maybe then they will see me as a person in need. It takes all my motivation to get out of bed, to get dressed,to not harm myself, let alone perform all happy for my classes so please understand. But they never will. The truth is they dont care if I\'m dead or alive. I\'ve made no impact on anybody. I\'m not a happy lovable girl. Im sorry. If I kill myself I dont want anyone to be surprised. I tried to get help, I tried to stay alive, I tried to be normal, i fucking tried.', 'Tired of pretending to be okay for everyone. I hate waking up everyday, devastated and angry that I woke up, regretting listening to the people telling me to ""stay alive, it gets better!"" And logging onto my online classes because even at the point of being suicidal, nobody cares about you and they expect you to carry on as normal. Then being told to ""actually put in effort and engage in the class"" even though waking up took a willpower that I dont even have in me, and I can barely function to feed and clean myself let alone do a fucking happy dance and act all positive for people that dont give a damn if I live or die. I hate that we have to wake up extra early for our morning tutor to be told to meditate and walk to help our mental health in these ""stressful times"". Its baffling to me, like do you assume that we are all fine and dandy and the only problems in our lives are covid and school, or are you really just that fucking ignorant that you think that walking and meditating and entering your cooking competition is going to help severe mental health issues? Like oh wow I never thought of that thank you!!! I exercise, I cook, I do everything I\'m told to do because if you choose to stay alive, dont expect anyone to give a dman about you because you have to just get on with it. The school says to talk to someone if we\'re struggling, but the school counsellor can\'t be bothered to ever show up and cancels on me last minute every time. It\'s such a joke. I went to school to pick up a laptop in this lockdown and I was trying to contain an anxiety attack and the teacher just goes ""WAKEY WAKEY we have work to do!!!"" Like I\'m not asking them to be therapists but a ""hey are you okay?"" Would be nice goddammit. That was the final reminder that I just cant function as a normal human being. And sure things might get better one day and life isnt all about school, but I\'m genuinely suffering right now, with a bunch of mental health problems, and I dont know how to cope with life right now and just pretend to be normal for everyone. Its getting too bad to keep pretending. People keep saying it gets better just hold on. But I wake up suffering everyday, every second, for the last 6 years. I\'m going to university next year and supposed to get a job in the next few months, no matter the circumstances, it\'s just what I\'m expected to do. There\'s no break no opportunity for you to fix yourself just go through the motions because nobody cares. How will I cope putting on his happy mask when it\'s getting too heavy and falling off? How will I cope? My family doesnt care and all my friends have their own problems. When I opened up to someone for the first time about my mental health they said their eating disorder was much worse than me because they could end up dead. And they didnt even ask me what I was going through and then they went into uncomfortable details about their eating disorder and I had to comfort them. I dont want to compete with them but it seems like they want to do that with me and each other. All my friends make these remarks in the middle of class or a conversation like ""I\'m NOT in the mood today!!"" Or ""I havent eaten anything today!"" So we all have to rush to their assistance and if we dont then they will keep repeating it until they get their attention so they can complain about how they are having a mental breakdown over homework or how their mum told them to tidy their room. I hate that it\'s made me a bitter person because there should be no competition but if I was to vent about my problems everyone would be uncomfortable and shocked. For all I know, they could be suicidal too and and keeping it to themselves. It\'s just not something you talk about. So thats why I dont talk about it. What if they are suffering, and they kill themselves before me, and so I wont be able to kill myself because it will look like I did it because I was influenced by them? I do worry about their mental states and if they\'re going to be okay. I try to be there for all my friends but when I dissapear for weeks on end due to my depression they dont ask where I am or how I\'m doing. Someone told me they self harmed once for the first time in a year and it\'s like well I do that everyday. Someone awkwardly admitted they considered suicide ONCE but now they\'re better during a light hearted truth or dare and i was internally thinking well I\'ve already made my plan and set the date. I feel like without actually trying to attempt nobody is going to take me seriously because ""everyone goes through stuff."" But they get all the hell and I dont. You wouldnt run to my aid would you. Where are all of you whilst I\'m alive. Whilst I\'m not on your calls or games or group chats in weeks. I suppose you just dismiss me because I\'m not fun or something. It\'s just me pretending to be okay. You see I\'m not one of those suicidal people that can act so happy and then when they finally do it everyone was like ""they were always so happy, always with a smile on their face, we had no idea"", I mean I wish I was that person. But pretending to be happy is exhausting me so being quiet and introverted and not fun is the best you\'re going to get. It\'s not ideal for a friendship and people probably dont like me but I\'m forced to being okay 24/7 when I\'m in so much pain so I just cant be happy for you. I know if i killed myself it would explain the absence, the boring personality, it would all make sense and people would realise I wasnt just a boring person I was actually suffering. Sure I wont be remembered as the happy, fun girl that everybody loved but at least it gives them answers. And they dont have to deal with such a loser anymore. They\'re showing right now that they clearly cant handle it. But it doesnt matter that I\'ve chosen the method, the time, the place, and I\'m just waiting for my opportunity, because nobody gives a shit. And I will log onto my online classes tomorrow as usual and get told off for not participating enough and not being happy enough when for me, just being there is a fuckimg miracle. Because i didnt kill myself, I will be told off tomorrow. Because i chose to do the right thing and stay alive i will be punished. Nobody likes me being alive. I\'m just a statistic to them. If i kill myself maybe then they will see me as a person in need. It takes all my motivation to get out of bed, to get dressed,to not harm myself, let alone perform all happy for my classes so please understand. But they never will. The truth is they dont care if I\'m dead or alive. I\'ve made no impact on anybody. I\'m not a happy lovable girl. Im sorry. If I kill myself I dont want anyone to be surprised. I tried to get help, I tried to stay alive, I tried to be normal, i fucking tried.', ""I can't wait to kill myself!!!. Okay I admit I'm a bit scared too. But ending my life just makes sense for so many reasons. Finally my family will understand why I was such a lazy miserable loser that barely did anything that couldn't get through the day without taking several naps, my friends will understand why I was boring and barely spoke to them, my boyfriend can find someone who isnt crazy and mentally ill, all the people that I lost touch with will understand why I couldnt keep it up, my friend who was toxic and kept trying to start arguments with me and accusing me of things out of nowhere will understand why I stopped talking to her, it will be like an apology to my ex and all his friends and family for hurting them by reacting stupidly in a situation. I hope if they see me on the news they will breathe a sigh of relief and it will bring them peace and closure. Same with all my friends and family. It will be long awaited because my other ex already texted me last April to ask if I killed myself yet. I should have done it agesss ago and I'm literally dragging it out for no reason. My school will realise why I never spoke in class and never participated. I know they're getting annoyed of me. I know everyone is because I can't keep up the happy mask anymore and everyone hates that. I'm going to university next year and this is only going to get unbarely worse. I already have really bad social anxiety and I'm just managing to get through it because I'm at home in lockdown. I'm literally not able to go to a massive school with thousands of people, make friends and work hard, like its freaking me out so bad because my mental health is absolutely excruciatingly bad and I wont be able to cope. I have to escape this. In the summer I'm going to jump off a cliff and part of me is super scared but I know I need to do this because of my unfixable circumstances, and the answers and relief it will provide to everyone that knew me. If my ex boyfriend did it so can I. I know that this is what I'm meant to do, and part of me is excited because it will all be over for me, I'm not scared of death I'm excited to be dead im supposed to be dead i'm just scared of the pain of dying and scared of failing. What if I live and I'm permanently damaged and I cant call out for help. But hopefully jumping off a cliff will work. Finally I will just be a bunch of photos and memories in peoples heads that will eventually fade away. All this pain and suffering is going to end for me. People wont have to deal with me anymore. I'm soooo excited I cant wait. I hope I succeed""]","💀🔪😭⚠️,💀🕳️😭⚠️💔,💀🕳️⚠️😭🔪,💀🕳️⚠️😭🔪,💀🕳️⚠️😭🔪",1
290,"[Timestamp('2021-05-28 19:09:55'), Timestamp('2021-05-28 19:20:12'), Timestamp('2021-05-29 15:50:10'), Timestamp('2021-05-29 17:16:10'), Timestamp('2021-05-30 21:07:50')]","[""You can't hurt me anymore because I want tonight to be my last day , i want to sleep properly for the first and final time, i should kill myself tomorrow.. This is freedom , this is true peace, my heart beats so fast every f*cking second, only thing that calms me is the thought of suicide, i decided to end my life tomorrow and i feel like i can finally sleep for the first time in my life, i feel free, I'm not worried about tomorrow or the next week anymore, i don't need to prove anything to anybody anymore, I'm simply in peace, i guess my hands can stop shaking now. Finally I'll go home"", '1 simple sentence that my dad told me ruined my whole year , it gave me severe depression, i thought i almost healed and he said it again, just now, and the depression is back.. Are you f*cking kidding me ?', ""I give up 馃檪. Now i feel freedom. I'm at peace , finally I don't have to worry about anything anymore, this is so good , I wish I could describe you how beautiful this feeling is"", ""Last night. I have nobody to talk to, im going insane with these thoughts torturing me, tomorrow I'll cut both of my wrists, if i survive I'll cut it again until i die"", 'Waited my mom to die so i could commit suicide since i was a kid. FFS MOM YOU MADE ME SUFFER MORE']","💀🔪🚨⚰️💊,😔💔😢😞🕳️,💀🕳️😌✨,💀🔪😭⚠️,💀🕳️😭⚠️🚨",1
215,"[Timestamp('2021-04-19 07:00:36'), Timestamp('2021-04-23 21:25:28'), Timestamp('2021-05-13 12:55:07'), Timestamp('2021-05-16 00:56:58'), Timestamp('2021-06-07 01:27:54')]","['Nothing helps... I\'ve vented so many damn times... and all it has done is people give shit advice that i\'ve tried already. All it does is remind me of my issues. I guess it helps me blow off a little steam but as soon as im done with the post all that steam comes back. I\'m convinced I have one of the worst cases of depression in this whole damn world. Not to compare myself but damn i hate life. Other people get to live heaven on earth and i just live hell on earth. Yea sure im not a kid being burned alive in iraq, but I am fucked up so much internally and nothing helps. ""yOU aRe StILl sO yOUNg"" yea... i have so many years left to live that i dont want to. thanks for reminding me', 'It never gets better. maybe for others, not for me.', 'So tempted to slit my throat. The knife is right beside me and my body is literally begging me to do it. Ffs I hate life', 'I feel like im in quicksand fuck. Had a knife pressed it down on my throat and felt it on my adams apple. Idk how i didnt get cut. But ffs these big pharma meds are god damn useless. Therapys too much money. Im so fucking dead inside so that means im boring and will be alone forever. Been unemployed 2 years. Im useless. Been severely depressed 10 years, bad anxiety, some ocd. I cant keep doing this shit I feel fucking cursed man. How are other people normal? The fuck. Fuck this place', 'Fuck my life. Life is just pure torture. been badly depressed over a decade. all these meds do nothing. The only thing i enjoy the odd time is video games and they get you absolutely buttfuck nowhere in life. I dont wanna work for money. I just wish i were dead. I feel like turning to hard drugs soon or something. No woman will ever want me, im too mentally ill and unattractive and boring. I\'ll be a virgin forever aside from life fucking me. (no big deal dude) - says the dude who gets laid all day. Also, no I understand though sex isnt close to the be all end all. I just cant be a normal human. ""wHAt Is nORMaL evErYOnE hAS iSsUeS"" .. Yea sure. But im convinced i have one of the worst cases of depression in this world. I constantly stress and its basically impossible to feel pleasure. I feel as if i have no soul. I cant enjoy anything. Im always grumpy. Im a hermit, so damn anti social. Quarantine is my life. Money matters so much in this world but I dont.']","💀😔🕳️😭⚠️,😔💔🕳️😭⚠️,💀🔪🚨😭⚠️,💀🔪🕳️😭⚠️,💀😭🕳️⚠️😔",1
450,"[Timestamp('2021-06-11 19:39:16'), Timestamp('2021-06-12 05:09:45'), Timestamp('2021-06-12 05:19:08'), Timestamp('2021-06-13 01:36:36'), Timestamp('2021-06-13 03:50:55')]","['I don鈥檛 want to do anything with my life. Literally', 'I like to scream in the middle of the night.', 'If I tell my psychiatrist I scream a lot will I be admitted?. I don鈥檛 have a history of suicide attempts or self harm. I just get the urge to scream when my PTSD intensifies because it relieves me.', 'Life has too many expectations.', 'Should I drop out of school?.']","😔💔😞🕳️⚠️,😱🌑🕳️😭⚠️,😔😖⚠️,😔💔😞,😔😟😕",0
333,"[Timestamp('2021-05-03 11:39:05'), Timestamp('2021-06-05 19:19:40'), Timestamp('2021-06-06 14:42:04'), Timestamp('2021-06-06 18:19:35'), Timestamp('2021-06-16 22:40:15')]","['I would have given my remaing time on earth to anyone who enjoys being alive.. I feel my existence is pointless and I\'m just suffering through days, wishing for this live to be over soon somehow. I don\'t feel power nor courage to end this misery by myself. I would love to just dissapear and maybe give my time on earth to someone who can cherish it. That way, there would have been one deed with which my existence made someone happy. I would love for some happy person to gain my (presumably) decades of life and enjoy it. I don\'t think life is bad in general on subjective level. I believe many people enjoy living, it\'s just that it\'s not my case and I don\'t feel it will ever be. All I experience are endless days of subjective perceived suffering, self harm and suicide thoughts, detachment from the outer world and immense guilt for feeling this way. If only I could transfer that what has been ""given"" to me, the ""gift of life,"" time being alive before eternal nothingness which I will endure no matter what, to some other person, who could experince joy I\'m not meant for experiencing, before facing the same eternity devoided of life as I will.', ""Just kill me already. This is a misery that never ends. In wild nature I would have been long dead, yet as I live in a society, I remain alive against my will, being dragged from asylum to my parent's house, unable to carry out an action, feel an emotion, completely dissociated from the outer world, from myself. This is not a life what I am experiencing. This is a neverstopping day and night cycle devoided of purpose, tainted by mental agony, everlasting wish to be dead, for this state of existence to cease to be. I don't think I'm making much sense. Just please kill me when you see me outside."", ""I fucking hate myself. Sorry for the language, I just want everyone to know I am weird, permanently depressed, moody, ugly, disgusting, misery and pain causing retard. It would have been better for everyone and for me to just die. My every single day is permeated by mental agony, suicidal thoughts, self hatred, anger and uselesness. I'm sorry I do exist, I don't like it, I wish I weren't alive, I wish I had the courage to kill myself and get everyone rid of my annoying presence. Sorry for breathing air, eating food, taking up resources when I've never wanted any of that. It's my fault for not being able to be happy, not finding joy in life. It feels like I wasn't born for this life. I hope you all do better than me. What I experience is a new low every day."", ""I'm feeling worse day after day. I wonder where lies the point where I grab the knife and slice my wrists so deep blood starts to gush out out of my veins, after which I submerse my hands into a bucket with a warm water inside. Then I must force myself not to panic, not to succumb to the irrational primal instinct to bind up the wounds and make the blood stop pouring out. I have to battle out my monkey-wants-to-live programming and not to chicken out, since not killing myself means I will experience everpresent mental agony on and on and on, until a blissful kiss of death will save me from this hell. Please I want to die. I do bunch of drugs hoping I overdose, I feel my heart aching, the sooner this horror stops the lesser blame I will hold towards God for allowing this to happen to me."", ""I don't want to be alive anymore. I don't know what else to say.""]","💀🕳️😭⚠️🩸,💀🕳️😭⚠️,💀🕳️😭⚠️,💀🔪🩸🚨,💀😭⚠️🕳️😔",1
129,"[Timestamp('2020-12-15 10:52:10'), Timestamp('2021-02-15 01:01:01'), Timestamp('2021-05-11 17:15:12'), Timestamp('2021-05-21 21:46:14'), Timestamp('2021-06-06 15:41:55')]","['I don鈥檛 want to go to school and I don鈥檛 want to work. I just want to rest and enjoy my hobbies.. I feel like killing myself because I鈥檒l never have the life I want. I鈥檒l have to finish school and then work for basic needs. I hate all of it. I don鈥檛 give a shit about society and the world anymore, they can go screw themselves. I wanna do my own thing.', 'How to tell someone I鈥檓 suicidal and want to die right now without being sent to a hospital.. I try to keep it a secret but I just can鈥檛 hold it in I just want to shout that I wanna kill myself but I don鈥檛 want to be involuntarily hospitalized. The hospital doesn鈥檛 help and I wish the stupid law would realize that keeping me safe will just make me suicidal more and I鈥檒l just pretend to feel better so I can leave and then try to kill myself again.', 'I can鈥檛 stand being alone anymore. I hope I can kill myself soon.. I鈥檓 past my limit to be completely honest, my crush got a girlfriend and I鈥檓 devastated. My other crush rejected me, and my other crush isn鈥檛 even attracted to my gender at all. I want to kill myself as soon as possible. I鈥檓 tired of trying to look and being rejected or the circumstances getting in the way. All I want is a sweet and gentle person who is open with me and treats me like a human being, and if it鈥檚 an online relationship they have to be close so I can actually see them one day, long distance doesn鈥檛 work for me if I can never visit them in person. I want to hugged, cuddled, and kissed. I鈥檓 so tired of being single. It鈥檚 all so draining. I鈥檝e been cutting myself deeper and hoping I die every time. I feel so unloved and under appreciated. I cannot stand this pain anymore.', 'I鈥檓 committing suicide by the end of this month. I really want to but I can鈥檛 leave my cat by himself. That鈥檚 the only reason I wanna live. I鈥檓 scared I鈥檒l do something and just not think about it and not even write a suicide note. I鈥檓 so tired of living and everything that comes with it. I鈥檓 not calling a hotline cause last time I did I waited over an hour to text cause I wasn鈥檛 comfortable talking and I was getting impatient so I just stopped. Also if I say I wanna die on the hotline they鈥檒l send me to a hospital and they don鈥檛 help at all it will just cause more anxiety and fear and discomfort. I have no idea how to keep myself safe without calling anyone. Help.', 'I鈥檓 committing suicide later this month.. Maybe next week, hopefully as soon as I think of a good plan. I finally found an actual helpful article on how to kill myself without the author begging me not to do it or putting hotlines there instead of actually answering my question (took me forever to find the damn thing.) I鈥檓 tired of seeing other people happy, I鈥檓 not even happy for my friends anymore at this point. I love my friends but seeing them graduate, be in romantic relationships, get good jobs, and succeed in life while I鈥檓 rotting away barely able to get out of bed hurts me. I can鈥檛 stand it anymore, fuck all else I鈥檓 leaving.']","💀😭😞🕳️⚠️,💀🔪🚨😭,💀🔪😭⚠️,💀⚠️🕳️😭,💀⚠️🕳️😭🔪",1
514,"[Timestamp('2021-04-05 04:44:33'), Timestamp('2021-04-19 05:35:30'), Timestamp('2021-05-05 19:55:06'), Timestamp('2021-05-09 07:22:01'), Timestamp('2021-06-02 06:11:56')]","[""school makes me want to die. school literally makes me want to kill myself so bad. it's so fucking stressful and only grades matter and i hate that you practically need school to be successful and i fucking hate it. i'm on academic probation right now and i feel even more stressed."", ""knowing nobody cares about you sure makes the thought of killing yourself a lot easier. i genuinely think nobody actually cares about me and they never show effort in friendships. like i treat my friends like the trophies they are while some can't even remember my birthday. i feel as if i show more effort and pay attention to what they're saying more than they do for me. and i am always an ear to listen to while they insert their unsolicited opinions or get judgemental. ah."", ""my friends &amp; family really can't be shocked when i die. honestly when i kill myself the people that are in my life can be sad and feel whatever they want. but they honestly can't be surprised. like it's so obvious to me how much i hate it here?"", 'want to die every damn second. i swear there is not a moment i am not thinking about how i\'d kill myself. i go over my ""perfect plan"" in my head a number of times. like it almost gives me a split second of peace when i think of how easy and stress free it would be for me to just end it all. and nobody will care. they\'ll be fine. they\'ll get over it', ""killing myself because i am replaceable in everyone's life. over 7 billion people in the world yeah they'll find someone just like me. they'll be fine""]","💀😭⚠️😖🕳️,💀😔🕳️😭⚠️,💀😭⚠️🕳️😔,💀🕳️⚠️😭🔪,💀😭🕳️⚠️😔",1
120,"[Timestamp('2021-07-18 21:58:25'), Timestamp('2021-07-22 20:21:11'), Timestamp('2021-07-23 17:06:23'), Timestamp('2021-07-25 23:38:30'), Timestamp('2021-07-30 19:28:22')]","[""What is the best, most effective way to do it?. I know I'm not allowed to ask this, and that this will probably get removed, but please I just want to know. I think if I don't find something easy I'll probably resort to suffocation. It's painful but at least I wont be here anymore. I kinda want to stab myself as well because I feel like I deserve that. Any advice is welcome, thank you."", ""Fucking stop just stop why doesn't it stop. Wtf is wrong with my brain I don't understand it doesn't stop"", ""The pain just doesn't stop. Fucking hell what is wrong with me, I'm so fucking pathetic, why am I even doing this"", ""My head doesn't shut up. I don't get it I really don't. Today was actually the first nice day I've had in so long and I still feel bad inside. My head does not shut up and honestly I don't know if I'm gonna stick around much longer. Is there any way I can make the pain stop/reduced? I don't want to hurt my family and friends by dying but I don't have another choice."", ""If I give up I'm sorry. I can't do this anymore I can't do it. I'm not strong enough for this. I can't be happy I just hurt inside and my mind can't take this pressure anymore. If I do give up, thank you all for supporting me. I'm sorry""]","💀🔪🕳️😭,😰🕳️😭⚠️😔,💀😭🕳️⚠️😔,💀⚠️😭🕳️,💀🕳️😭⚠️",1
101,"[Timestamp('2021-05-18 16:40:16'), Timestamp('2021-05-23 16:45:44'), Timestamp('2021-05-30 13:24:00'), Timestamp('2021-06-04 18:12:11'), Timestamp('2021-06-12 01:21:40')]","['Tired. If you love someone you gotta change. Even you hate it. I need to numb myself again for the next relationship. Or break-up again. Yay. Humans should be dead.', 'Give me simple ways of suicide. I just want to die. We are just strangers', 'Hanging. Teacher humiliated me. My mom wont comfort me. Im so done with myself. Im tired.i could not care anymore . I just want to end my life. Goodbye', 'I want to die so badly. I just want to end myself. Its horrible to live. I dont want to live. I treat everyone so badly. I keep manipulating people. Why i sm doing this. Someone please kill me. I try to hang myself but it hurts so much. So one just stab me to death please. I dont want to live anymore. I dont have beautiful face and good persobality. I cant live in this world. Is bad. I want to die', 'I learned my lesson. Never show yourself towards others again. Only talk about positive things']","💀🕳️😭⚠️,💀😭🕳️🚨,💀😭🕳️⚠️,💀🔪😭⚠️,💀🕳️😭😔⚠️",1
20,"[Timestamp('2021-01-12 13:55:59'), Timestamp('2021-01-12 14:28:19'), Timestamp('2021-01-12 15:11:45'), Timestamp('2021-01-16 02:23:01'), Timestamp('2021-01-19 05:45:23')]","[""I want to kill myself so bad!!! Everyone around me is guilt tripping me and making it worse!!!. Just let let me rest please! I'm sick of making up excuses. But the school would never underdtsnd that I stay up all night and sleep during the day. I feel like such a freak. Like a psychopath. I hate how my mother comes in and makes me fe guilty about it. Please help!"", ""I dont want to end up in a mental hospital!. Im already unloved and pathetic. A dissapointment that should never have been born. I fail everyone. I sleep through class because my anxiety doesn't let me sleep during the night and in scared the alarms won't wake me up. I feel like such a freak. My heart is hurting so much, I'm screaminf in pain. It never gets any better, I'm scared they'll throw me to the looney bin, please don't let me go there!"", 'I just want to die!. So sick of living and getting my hopes up all the time. I just want to peacefully die and never wake up!', ""Life is really sucking right now!. And I dont know if I'm strong enough to control it anymore. I just feel so weak and pathetic!"", ""I'm planning on making a livestream about living as a mentally ill person.... Would anyone like to watch it? It would be nice to have a conversation going. I'm just feeling really lonely and I'm trying to make it feel less like I'm talking to myself.""]","💀😭🕳️⚠️,💀🕳️😭😰⚠️,💀😭🕳️⚠️,😔💔😭⚠️🕳️,😔💔😢",1
27,"[Timestamp('2021-06-04 00:44:10'), Timestamp('2021-06-04 16:00:38'), Timestamp('2021-06-05 13:43:51'), Timestamp('2021-06-07 01:47:10'), Timestamp('2021-06-08 16:33:31')]","['Soon. Soon I鈥檒l join you.. soon it will be over', 'Thought. All I have is thoughts now it鈥檚 all do.. think about ending it, being at peace.. whenever I plan it I get.. calm.. soon I鈥檒l find a bridge.. soon these thoughts will become a reality..', 'It鈥檚 the only way. It鈥檚 the only way.. there is nothing else.. nothing left..', 'Please help me... I need someone, anyone to talk to', 'Tomorrow.']","💀🕳️⚠️😭🌑,💀🕳️🚨🌉⚠️,💀🕳️😭⚠️,😔💔😭⚠️,💀⚠️🕳️",0
244,"[Timestamp('2020-09-21 04:05:28'), Timestamp('2020-09-21 06:13:05'), Timestamp('2020-09-21 19:39:54'), Timestamp('2020-09-22 00:59:15'), Timestamp('2020-09-22 22:02:38')]","[""Going through a really hard time. I'm going through a really hard time. I always feel like I'm never good enough and that people don't want me because they see me as an inferior loser. People make me feel like I don't matter and my feelings don't matter and might even laugh at it."", ""I just want to be loved and accepted for who I am. I feel like I'll always be alone and avoided because of my mental health. People will just see me as too negative or too gloomy and all that does is make me feel even more isolated and like there's something wrong with me. I just want to be loved. There's nothing wrong with people like me wanting love. People like me want love too. I don't want to be discarded and not cared for because I'm different."", ""Peolpe aren't there when you need it the most. I just want to kill myself because no one is actually helpful. People don't understand you and they judge you. I'm just a loser without a job but still wants other people to love and accept me. It's all hopeless and the more time goes on and the older I get the more people will just see me as a pathetic loser. I should kill myself soon because no one is gonna be there for me when I need it the most and I don't want to live in a world where nobody cares about you."", ""I need someone to talk to. I need someone to talk to but it's hard to find the right person. I don't know what to do I'm just going through a hard time."", ""People telling me to love myself first as advice really bothers me and makes me feel bad. I've said it before and I'll say it again. I hate it if someone tells you to love yourself first because then it just makes you feel like that that's just another reason you're not good enough and saying that after a person feels so alienated and neglected seems very insensitive to me. I don't hate myself. So don't assume that. Other people might feel that way but I personally don't. I just feel insecure and neglected and like I'm not good enough. Hearing it or reading it said to me as advice is very triggering to me and it triggers my emotions and suicidal thoughts. So don't say it to me and please respect my boundaries. I think it should be understandable that some people might be hurt by this saying and I really think it's not that hard to understand why. Anyways the saying bugs me. Well more than just bugs me. If it works for people great but all I ask of people is to try to understand why saying that to somebody can be really hurtful and do more harm than good for some people. So I just wanted to say how I feel. People might not understand but this really has bothered me and I would like people to understand. People want to be loved and told they are awesome. Nothing wrong with that. I'm not trying to become too dependent on anyone. I think people should tell thier friends they're awesome and make people feel good about themselves. So this was a long post but I wanted to say how I feel and think. So if you can then please try to be understanding.""]","😔💔😢😞🕳️,😔💔😢😞🕳️,💀😭🕳️⚠️🔪,😔😢😞,💀😰🕳️😭⚠️",1
406,"[Timestamp('2020-08-12 04:32:34'), Timestamp('2020-08-14 12:53:06'), Timestamp('2020-08-19 16:44:46'), Timestamp('2020-08-23 01:15:52'), Timestamp('2020-08-31 03:37:53')]","[""Let's face the fact: Therapists and Suicide hotlines are useless. Have tried to call them, meet face to face and everything. All they can give is just a momentary advice, some even dismiss me as a prank and say that they do not know about my situation and hence cannot give advice. I am done with the therapist session and calling suicide hotlines, been there many times and I'm still back to square one, thinking about suicide every day."", ""I want to stab myself. so sick of this never ending process of loneliness, can't take it anymore, want to bleed out and die"", ""I am going to slit my throat with a knife. This is exactly what I'm going to do, im going to bleed out and die"", 'Does overdosing on meds rly ensure death?. If i stuff myself with excessive medication, will I die successfully? I rly want to die yet am afraid I may be uncessful and fall into a coma and end up in the hospital', ""I feel like a walking skeleton. There's nothing in my body, no brain, skin, or heart. Nothing. Im just surviving for the sake of doing so because I have no guts to end it. im a soulless human, I have no dreams or thoughts, I breathe for the sake of breathing""]","💀⚠️🕳️😭,💀🔪🩸😭⚠️,💀🔪🩸🚨⚠️,💀💊⚠️😰🕳️,💀🕳️😭😔⚠️",2
20,"[Timestamp('2021-05-07 23:34:59'), Timestamp('2021-05-09 02:50:26'), Timestamp('2021-05-09 19:58:49'), Timestamp('2021-05-10 20:33:23'), Timestamp('2021-05-11 22:31:23')]","['I wish I was dead so I could stop faking it!. I鈥檓 sick of pretending. Just let me die, let me be free. So that I don鈥檛 have to suffer a single more day.', 'I want to die because I鈥檓 sick of living. I hate getting up in the morning! It鈥檚 just so painful, I want to die once and for all.', ""I feel like I'm constantly screaming into the void.... And it makes me feel so hopeless and ueless. I wish I was stronger, I wish I was able to continue fighting but I'm loosing hope. I'm really thinking about ending it, im sorry."", 'I want to die ; (. But mostly I just want the pain to go away!', 'I feel like no matter how much I reach out it never works. I鈥檓 just sick of the pain. It鈥檚 not others responsibility to handle it I know, I just wish people were honest with me and didn鈥檛 say that they鈥檇 be there for me because I鈥檝e Been really hurt by the constant lies.']","💀😭⚠️🕳️,💀😭⚠️🕳️😰,💀😭⚠️🕳️😔,💀😭🕳️⚠️,😔💔😭⚠️🕳️",1
525,"[Timestamp('2021-04-19 20:53:39'), Timestamp('2021-05-16 22:57:07'), Timestamp('2021-05-17 11:55:00'), Timestamp('2021-05-17 11:55:25'), Timestamp('2021-06-30 03:04:57')]","['So glad I stayed alive to see things get worse. I have 0 reasons to keep going. What鈥檚 keeping me here?', 'I am losing my fight.', 'Just told my mom it鈥檒l be so much more peaceful around my house when I hang myself. It鈥檚 true though.', 'Can鈥檛 wait to die. It鈥檚 coming soon.', 'I鈥檓 inconsolable. I鈥檓 going to die soon']","💀🕳️😭⚠️,😔💔😢⚠️,💀⚠️🕳️😭🔪,💀⚠️😰🕳️🚨,💀😰⚠️😭🕳️",2
420,"[Timestamp('2021-11-26 00:16:47'), Timestamp('2021-12-21 05:28:59'), Timestamp('2022-01-06 09:05:48'), Timestamp('2022-01-11 05:14:59'), Timestamp('2022-02-25 05:20:23')]","['I doubt anyone will answer me but it鈥檚 worth the shot. I live in NYC and I鈥檓 just here to find out what鈥檚 the best bet if I where to jump from a bridge which one do I have the highest chance of death but even if no one answers I鈥檓 gonna pick one by the weekend so wish me luck hopefully everything pans out the way I want', 'Why can鈥檛 I be the next one to go ?. I want to kill myself but I鈥檓 also too much of a coward I鈥檓 convinced life will never get better but what if by some found miracle it does ? My friends and family I鈥檓 positive will move on my friends will replace me with someone better my family would move on pretty quickly I have every reason to die but I鈥檓 scared of dying if I knew what was on the other side good or bad I鈥檇 leave in a heartbeat', 'Death is so uncertain no one knows where we go or if we go anywhere but i can鈥檛 take this life shit no more idc if I have 鈥渟omething鈥?to live for in reality I don鈥檛 and if I do let someone else do it bc I鈥檓 out I hate this shit I hate life I hate everything about it.', 'If I died people would just move on no one would really be sad they wouldn鈥檛 care I hope one day I just do it I can鈥檛 see what鈥檒l happen after I just know it won鈥檛 even phase anything or anyone.', 'I don鈥檛 have a bad life I just don鈥檛 wanna do this shit anymore.']","💀🕳️🚨🌉⚠️,💀😭🕳️⚠️😰,💀🕳️😭⚠️😖,💀🕳️😭⚠️😔,💀🕳️😭😔⚠️",1
499,"[Timestamp('2021-05-26 23:38:01'), Timestamp('2021-05-27 01:03:41'), Timestamp('2021-05-29 20:43:41'), Timestamp('2021-05-29 21:03:49'), Timestamp('2021-05-30 01:30:32')]","['Someone who wants to talk about random stuffs?. I just want to scape from my mind', ""Ocd. Someone who understand something about ocd or anyone actually could please help me understand my mind i'm going crazy"", 'It seems impossible to live with ocd.', 'How to get high. I feel ridiculous asking this but is there any way to get high without drugs? Any medication easily accessible? Anything?', 'I feel disconnected from life. I have no more desire to explain']","🕳️😰😔💀⚠️,😔😖😰⚠️,😔💔😰⚠️🕳️,💊😰⚠️😔🕳️,💀🕳️😭😔⚠️",0
214,"[Timestamp('2021-07-12 18:42:16'), Timestamp('2021-07-13 11:11:02'), Timestamp('2021-07-22 23:59:52'), Timestamp('2021-08-04 19:39:14'), Timestamp('2021-09-07 01:55:15')]","['Back here again. Things were better for a little bit but now yesterday I had a nightmare which brought up my panic again from everything that\'s happened. I\'m alone, no one close enough to talk about it with. Whenever I think I end the thought with some form of ""I want to kill myself"". God I hope this panic doesn\'t become a daily thing again. The two things keeping me going are my cat who might have a weak heart and my dnd game which might be falling apart. I don\'t think I\'ll last long, everything\'s too draining.', ""My cat is dying. Got home from the vet and she has problems with her heart and kidneys. Meds might help and give more time but she won't be back to normal. I don't know what to do, she's the only reason I'm here now and the only thing I haven't lost yet. When she's gone I'll have nothing. I won't be able to take being home completely by myself. This was all a miserable experience, it'll soon finally be over."", ""For the love of god someone show me that I have any sort of worth. The past year has taken away everything from me, my relationship, my trust, my friends, my self worth, my mental health, all that was left was my cat and now she's gone too. I just want to feel a connection with someone again because the next time I have a wave of strong suicidal thoughts there's nothing left to stop me."", ""Gotta love how my trauma doesn't make me funny or interesting. Instead it made me a shut in that doesn't know how to talk to people, while I desperately need attention and love."", ""I can't get better alone and I can't have people around me while broken.""]","💀😭🕳️⚠️😿,💀🕳️😭⚠️😔,💀😭🕳️⚠️💔,😔💔😢🕳️⚠️,😔💔🕳️😭⚠️",0
422,"[Timestamp('2021-04-19 17:40:46'), Timestamp('2021-04-19 19:10:13'), Timestamp('2021-04-20 04:18:52'), Timestamp('2021-04-24 02:48:07'), Timestamp('2021-04-24 03:38:33')]","['I can never tell anyone. Without someone mentioning that I should call the police. I don鈥檛 want the police they don鈥檛 fucking help. I can鈥檛 even tell my therapist without her calling the police. I don鈥檛 want to be put in a mental hospital. If anything that鈥檒l make me want to do it even more. No one wants to listen to people like me. I wish it was easy to die because life just isn鈥檛 worth it anymore', 'I can鈥檛 wait to leave. I can鈥檛 with myself I want to die', 'I鈥檓 a burden. All I do is burden people. I鈥檓 scared people don鈥檛 like me because all I do is be sad and talk about my depression. I鈥檓 already alone in this world I just want people to not hate me for that', 'I鈥檒l never be ok. I never asked to be born all I feel is just sadness I never asked to be born my life is meant to be a tragedy all I can think about is my nightmares I can鈥檛 pretend to be happy anymore I tried so hard to pretend to be happy and now I can鈥檛 the worse part is that I鈥檓 too much of a pussy to do it I can鈥檛 be happy I just can鈥檛 wait till someone shoots me', 'All I can do is wait for my death. The only thing that I can look forward to where I can be finally happy']","💀🕳️😭⚠️😔,💀😭⚠️🕳️,😔💔😢😞⚠️,💀🕳️😭⚠️🔫,💀🕳️😭⚠️",1
251,"[Timestamp('2019-11-25 02:45:13'), Timestamp('2019-11-29 20:55:44'), Timestamp('2020-02-09 03:34:12'), Timestamp('2020-02-17 02:46:33'), Timestamp('2020-02-22 01:07:23')]","[""I have suicidal thoughts EVERY NIGHT and I just can't stand it anymore, I gonna cry and I just want to die......"", ""My thoughts just wouldn't leave me alone!. Unsure if it is ADHD or depression or both, but my thoughts will not leave my alone. I keep spacing out while driving, surprised I have not gotten into a wreck or a ticket yet. I went to the psychiatrist I'd admit I cried in front of her (normal guy was out btw) In addition to spacing out I keep having depressive thoughts, like I am a failure, I want to die, I hate my life, I want to self harm, I hope I don't wake up tomorrow, I would not mind getting into a wreck and dying (never intended to purposely!!) Heck, she actually asked me of I wanted to go the hospital! ( I refused!) I am used feeling like shit so I was not as concerned as she was. Was prescribed zyprexa to take with zoloft at night btw..."", ""(Not Urgent) I can't even look at train tracks w/o suidical thoughts..... I can't even look at train tracks w/o suidical thoughts. I just can't look at train tracks w/o imagining myself jumped of the ledge and plummeting down onto tracks. I was in town as I walked to the store I stared at the tracks, with the thought of jumping into the tracks to my death, how disturbing. Depression, which has gotten better in general, has f\\\\ked me up. Thanks for reading this, it is just nobody else will understand..."", ""I have suidical thoughts, thoughts about self harm and cry everynight. I am just so tired of the pain every single night.. I am on meds, I have tired therapy and the pain just doesn't go away. I can't stand the pain anymore. :("", 'I know how I will do it, yet I am unsure if death is something that I truly want and when I will do, if I end up wanting to.. :(']","💀😭⚠️🕳️😰,💀😭⚠️🕳️💊,💀🕳️😰😭⚠️,💀😭⚠️🕳️💊,💀🕳️😰⚠️😭",1
23,"[Timestamp('2020-11-27 08:18:17'), Timestamp('2020-11-28 05:26:28'), Timestamp('2020-11-28 10:35:39'), Timestamp('2020-12-15 04:10:45'), Timestamp('2021-01-05 08:42:42')]","['My suicidal thoughts. I think it all started when i got bullied for 4 years at some RETARDED CATHOLIC SCHOOL. PLEASE I BEG YOU LEAVE ON GOOGLE A 1 STAR REVEIW OF OUR LADY OF THE LAKE CATHOLIC SCHOOL FOR THE AMOUNT OF PAIN THEY HAVE CAUSED', 'FUCK BULLIES. They have caused so much pain', 'My HORRIBLE Brother. My brother feels no love towards me and expects me to be nice to him all the time. He will curse at me and call me names and I tell him to apologize and he just refuses. He has never and never will care about me and is one of the core reasons I am suicidal', 'My horrible family. They do not care at all and my dad will punish me for 鈥渓ooking at him the wrong way鈥?I AM DONE WITH LIFE, DESPITE ME BEING 3 YEARS OLDER MY BROTHER GETS SO MUCH MORE AND THEY LOVE HIM MORE', 'My family. I am afraid to talk to them because they just say im being dramatic and yell at me. My brother says I fake my mental illness and I am planning a way to go out']","💀😭⚠️🕳️😔,😔💔😢⚠️,💀😭⚠️💔😔,💀😭🕳️⚠️😔,💀🕳️⚠️😭🔪",0
143,"[Timestamp('2020-10-31 22:05:36'), Timestamp('2020-11-06 19:27:29'), Timestamp('2020-11-09 09:07:39'), Timestamp('2020-11-12 09:50:16'), Timestamp('2020-11-19 15:54:30')]","['I fear that the only thing I will ever be is a suicide statistic. Just some number or percentile on some yearly report on teen suicide, nothing more.', ""I'm not sure if my mother loves me. The only reason I'm not dead is because I love her, I don't think she loves me back. I don't even know if anyone else of my friends or family actually care"", ""I'm not sure if my mother loves me. The only reason I'm not dead is because I love her, I don't think she loves me back. I don't even know if anyone else of my friends or family actually care"", 'I am going to survive this God forsaken year even if I end up fucking myself over because of it..', ""Something inside my soul is missing. I just feel that there is an emptiness in my soul that just keeps growing every day, I have tried to fill it with video games, art, movies, music, pornography Etc. But nothing works. Every time I'm alone with my thoughts I'm reminded that something is missing. I've tried so many things to fill this void in my soul but nothing works.""]","💀🕳️😭⚠️,💀💔😭⚠️,💀💔😭⚠️😔,💀⚠️🕳️😭,😔💔🕳️😭⚠️",0
20,"[Timestamp('2020-04-04 10:54:49'), Timestamp('2020-04-09 19:55:20'), Timestamp('2020-04-22 17:43:11'), Timestamp('2020-05-06 08:24:08'), Timestamp('2020-05-06 20:31:04')]","['Stop telling me that exercise is going to save me!. I鈥檓 so sick of it, none of them understand depression, all they see are motivational videos on the internet and all of that sugarcoated stuff while thinking those who kill them selves are ""fucked up in the head"". No amount of exercise has ever helped me, I鈥檓 so suicidal that nothing works, why can鈥檛 they understand that!!!', 'Not even the first is calm. I鈥檓 not feeling suicidal, but I just feel sick of it all. The forest is always a peaceful place I can go to, but for some fucking reason a bunch of people are camping there being loud as hell, I hate this, I鈥檓 trying to escape my hellish home, now I have to deal with these people/', ""I failed a math test and it's making me suicidal but I have to be kind towards myself. Otherwise I'll end up burning myself out and killing myself, I was really close to it last time and I'm scared of it happening again, even if it means doing stuff like drinking soda and getting extra sleep, I need to stop being so hard on myself if I want to survive."", 'I want to die!. I feel like such a worthless freak. I鈥檓 better off dead, I always end up embarrassing everyone so why continue : (', 'I want to kill myself please help me!!!. My father bullies me, he says I鈥檓 destroying his life. That I鈥檓 an embarrassment, that I shit on him every single day. Please help me I want to kill myself so bad!!!! I was interrogated and couldn鈥檛 say a word back, he told me that I should shut up and that no one wants to listen to what I want to say and that I鈥檓 fucked up and selfish and that I included care about myself and that im a fucked up person and he keeps asking what he鈥檚 done to make me feel this way? He makes fun of me every day, pressures me to smile for him, I hate him so much, and his fake ass bitch wife who isn鈥檛 worthy to be called stepmother. I feel bad for my sisters but I鈥檓 sick of him!!!!!!!']","💀😭⚠️🕳️,😔💔😩🕳️⚠️,💀⚠️😰🕳️😭,💀😭🕳️⚠️😔,💀😭⚠️🕳️",1
244,"[Timestamp('2021-01-04 22:04:14'), Timestamp('2021-01-05 01:47:39'), Timestamp('2021-01-05 11:43:55'), Timestamp('2021-01-06 04:49:41'), Timestamp('2021-01-07 04:40:02')]","[""Extremely angry. I have homicidal and suicidal thoughts almost every day. I'm extremely angry and have thoughts of people saying everything is my fault. I'm really fucking angry."", ""If anyone says it's my fault I'll kill myself. Quit blaming me for everything because I'm about to get really angry. It's not my fault. There's nothing wrong with me."", ""Things are never gonna get better. I'm so lonely. I can't take it anymore. I have no one to teach me how to drive so my life will never get any better and I feel like I'm gonna be alone forever. I just wanna die. I should just do it tomorrow. Everything just keeps getting worse. Goodbye."", ""I'm too lonely to be able to do this anymore. I'm lonely and I just want somebody to cuddle with. Why is that too much to ask? I can't do this anymore. I'm too alone."", ""I'm extremely angry. I have angry thoughts go through my head. Everyone blames me for everything.. I think about killing myself almost everyday because I'm so angry. People are against me. Society is against me. People don't care about helping people on the spectrum. If you're a guy people tell you that you're weak and pathetic. I have very angry intrusive thoughts almost every day. Everyone blames me for everything. People say everything's my fault. People just think you're a little kid that needs to grow up. That's how they treat you. It's those people's fault that I think homicidal thoughts and wanting to kill myself. I'm extremely angry. You have no idea how angry I am. I don't think I can make anyone understand how angry I am with mere words.""]","💀⚠️😰🕳️😭,💀⚠️😰💥😔,💀😭⚠️🕳️🚨,💀🕳️😭😔💔,💀⚠️😭🔪😰",1
90,"[Timestamp('2021-02-22 06:27:03'), Timestamp('2021-02-28 05:20:47'), Timestamp('2021-03-11 18:14:59'), Timestamp('2021-03-28 19:22:20'), Timestamp('2021-04-24 14:01:15')]","[""I have very bad untreated dissociative disorder and it's taking the health away from me. I can't even sleep anymore, just crying. Pls i don't want to end up suicidal. Send me some messages. I'm so scared to fall deeper.."", ""I am the worst individual in here. I am very fucking close to suicide today, I've been struggling with social anxiety since i was 16 and now I'm 26 i lived alone in an apartment for 4 years taking psych pills and now it's been a couple years that i live with my parents again and I've been struggling with severe paranoia and suicidal thoughts. I'm having a existential crisis that I can't take care of. I'm locked in my room on the bed 24/7 i have physical and mental pain all the time, right now I'm on prozac and guess what...it's not working. My thoughts and dreams tell me to kill myself constantly. I am so insicure and I really don't want to do this anymore. I have to take a decision. Pls somebody take me seriously. I have to be honest and serious about suicide."", ""I came to the conclusion that i don't love myself. I can't with myself, I'm the worst enemy i am the worst person I've ever met. Sorry to my parents, oh man I feel so sorry for them . I'm such a shit of a human."", ""Life is about a reality of pain that you have to accept, tonight I'm feeling like i have to take the risk of devastating my feelings for my earnings. I'll dedicate myself to drugs and music because it's the only thing that helps me to take away the sick thoughts out of my fucking head.. I'm tired of thinking about finding help and love from people cause I'm just a nobody and I'm asking too much for my reality."", ""Damaging myself with thoughts and hope to change but i don't see any future other than suicide. I wish I was born different.. I hate my life and what i have became, tears are falling while I'm writing this. Medication made me even more unstable and suicidal. I can't keep up like that. I'm too much disconnected from life and way to scared to approach a new journey. I think i am too broken and weird for people. I am never going to succeed and always falling apart. I don't want this life anymore but i don't want to disappoint my parents and hurt them to death with my stupid suicide. You know? Everything is useless even this shitty post and hope that someone reply to it.""]","😭😰🕳️⚠️😔,💀⚠️🕳️😭,💀😔💔🕳️😭,💀💊😭🕳️⚠️,💀😭🕳️⚠️💊",1
280,"[Timestamp('2020-12-27 06:39:39'), Timestamp('2021-01-02 17:53:40'), Timestamp('2021-01-27 23:10:06'), Timestamp('2021-01-28 13:49:37'), Timestamp('2021-01-31 13:52:19')]","['Final birthday. I鈥檓 turning 18 in a week or so. It will be my last birthday. I鈥檒l be alone as per usual, since no one has ever cared about my birthday. But this will be my last year alone. I just need a job for money, and I鈥檒l be free to get the things I need to die. Hopefully everything goes smoothly.', 'This year sucks too. This year has been off to a horrible start so far. I want to die.', 'Got a fucking job. Now I can get what I need to kill myself. Fucking finally. I got a stupid fucking job and in a few months I鈥檒l be able to leave this stupid fucking earth. Guess what. It does get better. It gets better when you die. I鈥檒l never be sad again. I鈥檒l never have nightmares. I鈥檒l never cry myself to sleep. I鈥檒l never be alone again. Because I鈥檒l be dead.', 'People used to love. I had friends before. I wouldn鈥檛 say I was popular, but a lot of people knew me because I鈥檓 nice. A lot of people used to love me. But then slowly everyone stopped talking to me. Or maybe I stopped talking to everyone. I鈥檓 all alone now. Friends were all just a distraction anyway, my inevitable fate is killing myself. I wish someone loved me. I wish someone cared about me. I don鈥檛 want to be alone, but I don鈥檛 have a choice.', 'My heart is a void. I鈥檓 a naive idiot. I let people take bits of my heart and sanity until I had nothing left. Now it feels like there鈥檚 an emptiness inside me. I used to be able to love people, but now I flinch whenever I hear the words 鈥淚 love you鈥?because I know it鈥檚 a lie. No one loves me. If someone loved me, then maybe I鈥檇 be in a better place. Maybe I wouldn鈥檛 feel so empty. I know that no one genuinely loves me or cares about me. People don鈥檛 love you, they only care about making sure your blood doesn鈥檛 get on their hands. They only care about not being responsible for you when you die. I bet it鈥檚 hilarious to play with my feelings like that. When I kill myself, I鈥檒l make sure to leave behind a letter saying that I had no friends, and anyone who cries about my death is a liar. You鈥檙e all fucking liars.']","💀⚠️🕳️😭🔪,💀😭⚠️,💀🕳️⚠️😭🔪,💀🕳️😭💔⚠️,💀🕳️😭⚠️🔪",1
309,"[Timestamp('2021-04-06 20:45:49'), Timestamp('2021-04-08 09:44:24'), Timestamp('2021-04-25 18:38:18'), Timestamp('2021-04-28 21:31:57'), Timestamp('2021-05-01 15:40:23')]","[""burnt out. I'm so damn tired. I just want it to end, please. schoolwork takes up most of my days because I'm too much of a lazy fuck to finish it in time and get it over with. so i end up doing nothing. sitting at empty pages as my work piles up. i have no time left to just rest. my family wants me to go to the countryside during the weekends and help them with work. but im so tired. so so tired. i dont have a single day where i can just be free to do what i want. im losing my will to draw which was the only thing keeping me mildly sane. but now that's gone too. i want to die, please. please just kill me. i don't have anything to live for. never did, but all this constant work non-fucking-stop is making it 10x worse."", ""I wish I died.. yesterday I thought ''y'know what, I've been thinking about this for years might as well do it''. so then i tried. failed, obviously. and now i'm so angry. so angry that i cant do the one thing i want. and why? why did i survive? i almost passed out without even noticing. it would've been so clean, it was painless too. so why??? what went wrong???"", ""I know it's selfish. I know. but what am i supposed to do?. I keep going back-and-forth with this. can i kill myself? of course i can. but what about my family. they don't deserve pain just because I hate myself too much to keep living. but at the same time, I didnt fucking ask to be born. I didn't ask to have crippling gender dysphoria which is fucking up my daily life. I'm sick and tired of trying. what the fuck am I supposed to do?? suffer to not inflict pain on my family???"", ""i guess i should leave a note. i know no one cares but I guess I'll write this anyway. I'm sick of life. I'm angry at my parents for having me. weighing all the pros and cons, this is for the best. there isn't much to say since other than my parents and brother, no one cares. people will pity the way i went, but no one would miss me. I'm sorry I can't live despite my okay childhood, my okay grades etc etc. I guess this is it then."", ""I'm so angry at myself. every day is the same, i feel like shit yada yada yada you know the drill. just WHY exactly am i even trying? I dont HAVE to live. just a little pain and I'm gone. maybe I just chose the wrong method, but it's the only one I could realistically be successful at. guns are nearly impossible to get here, there arent many tall buildings, the bridges are not high enough to be fatal, the list goes on. what the fuck am I supposed to do?? suffer for my family??? they dont even like me. so why, why cant i fucking kill myself already??""]","💀😭⚠️🕳️,💀🕳️😭⚠️🔪,💀😭⚠️🕳️💔,💀🕳️😭⚠️,💀🕳️🔪🚨😭",1
47,"[Timestamp('2020-12-01 02:28:00'), Timestamp('2020-12-01 03:51:56'), Timestamp('2020-12-01 14:20:13'), Timestamp('2020-12-02 14:01:45'), Timestamp('2020-12-02 17:08:26')]","['Incentivized to suicide. It feels I鈥檓 at that point in life.', 'I said I wouldn鈥檛. I just told the person on the Suicide Hotline I wouldn鈥檛 kms tonight, when it would be the easiest thing to do.', 'Still here. days are numbered', 'Still here. Wish I was gone already :/', 'Defer suicide at your own risk. ... and apparently, at the risk of others :/']","💀😰🕳️😭⚠️,💀⚠️😭🕳️,💀⚠️🕳️😭,💀🕳️😭⚠️,💀⚠️🕳️😭🚨",0
250,"[Timestamp('2020-12-11 01:45:17'), Timestamp('2020-12-11 01:48:47'), Timestamp('2020-12-11 01:50:24'), Timestamp('2020-12-11 01:59:23'), Timestamp('2020-12-11 02:04:10')]","[""I tried cutting but have an extremely low pain tolerance and know I'd never be able to make it lethal. Now I don't even try anymore because it would never be enough to kill and I just want to do something actually lethal.."", ""Being attracted to my sister-in-law and sneaking glances at her makes me want to kms after I realize what I'm doing and how instinctive looking at her has become for me.."", ""Being attracted to my sister-in-law and sneaking glances at her face and body are part of why I want to kms after I realize what I'm doing and how instinctive looking at her has become for me.."", ""Medication just feels like it's a blue pill (from The Matrix) from what I should be feeling. And the medication hasn't even helped.."", 'I have 100% certainty it will only get worse untill I die, whenever that is.']","💀🔪⚠️🕳️😭,💀😰🕳️😭⚠️,💀😰🕳️😭⚠️,💊😔😞⚠️,💀🕳️😰😔⚠️",1
454,"[Timestamp('2021-02-19 23:50:32'), Timestamp('2021-05-21 22:48:04'), Timestamp('2021-05-31 23:53:07'), Timestamp('2021-06-04 11:45:23'), Timestamp('2021-06-20 02:15:29')]","[""I need to know how to escape this. I'm so tired of obsessing over my boyfriend's friend I'm at the point of wanting to hurt myself or do anything to escape this. My bf is trying to help but I just get more and more aggravated by it , but I know he's trying to help so I'm trying to not get annoyed. I've been behind in school for four months and out of work. And my mom can be very controlling and thinks me being out of work and behind in school is due to my boyfriend introducing me to weed and is trying to tell me how much of a bad influence he is in my life. Even though we have been together for three years. Edit: I'm FTM and my bf friend stopped talking to me because I am a psychic vampire and I'm just too depressing to be around and I can't vibe with her or her family. I really have my bf and I'm just so tired of him and everyone at this point. I want to end my life but I can't with my boyfriend. I am just looking for any way to escape this . I feel like I can't handle it anymore. Any medication or anything I can take. I don't want to die , I just want something to make the pain hurt less."", ""I'm thinking abt doing it.. Does mixing alcohol and sleeping pills do it , idk ill probably eat and then drink and take some sleeping pills. I'm tired of my mom saying I hate her or im lazy etc, having no friends but my bf who hangs out with my ex friend who I've been obsessed with for a year. But I haven't had a suicide attempt in a while but idc anymore im just tired of being alive ."", ""Passively suicidal. I feel passively suicidal right now. My boyfriend's is asleep but I hate when he hangs out with my ex friend who is his best friend. It just triggers suicidal thoughts in my mind. I hate it. I have a job , school and working on my art . I shouldn't care what they do but I can't stop. I hate feeling so alone. Since my boyfriend has my money (because I have a spending addiction) ill probably drive over and ask for some money for drinks lol idk. I just only want him to be with me and not her or her friends."", ""Working. I hate that I can't hold down an job due to my mental health . I already took three days off my new job. I can't afford my medicine and I just feel like shit. I am having suicidal ideation but I don't have a plan. My bf wants to come and cheer me up but I really want to od on sleeping pills and wine. I'll probably invite him over to hang out. Than ruminating in my suicidal thoughts. Idk how people hold down school, working, life and a business."", ""I want to die but I can't. What to do to relieve the pain and relax. My mom is pissed at me because I wasted my money on weed. I'm 22. But I swear I really want to die for so many reasons . Maybe stupid reasons idk, I just don't know if there's a drug or anything to numb my emotions and make me stop feeling and just be zoned out. I don't know if I can't get anything prescribed to me but I can't really handle being around people in general and I want something to numb myself since that's more socially acceptable than suicide is.""]","💀😭💊⚠️🕳️,💀💊😰🕳️🚨,💀😰🕳️😭⚠️,💀💊😰🕳️😭,💀😭💊⚠️🕳️",1
252,"[Timestamp('2021-06-26 09:19:24'), Timestamp('2021-06-27 09:23:52'), Timestamp('2021-06-28 09:40:23'), Timestamp('2021-06-30 09:14:39'), Timestamp('2021-07-01 10:14:09')]","['I want to end it so badly but I know I can鈥檛 cause of my family but I need to cause I鈥檝e just had enough of it all. Just don鈥檛 want to do this anymore can鈥檛 stand it can鈥檛 stand feeling this way just want to be dead now.', 'Literally can鈥檛 do this one way or the other can鈥檛 end it can鈥檛 not. My life is messed up completely I don鈥檛 know what to do I just hate feeling like I do but can鈥檛 get it to shift. Want to end it but too scared and I have family to think of but can鈥檛 hack this any more.', 'Very very suicidal hate waking up slept terrible anxiety through the roof I hate this miserable existence.. I just want it all to be over I can鈥檛 stand feeling the way I do all the time and nothing seems to be working. I don鈥檛 know what else to do but end it.', 'Help me help me please. I can鈥檛 do it I can鈥檛 do it oh please someone do it for me please Take it away please take it away', 'I dunno what to do or think or feel anymore. Haven鈥檛 a clue what to do feel so muddled and confused so v Often and it鈥檚 a horrible anxious feeling just feel like giving up']","💀😭⚠️🕳️,💀😰🕳️😭⚠️,💀😭⚠️🕳️,😭💀⚠️🕳️,😔😩😰🕳️⚠️",0
525,"[Timestamp('2021-01-22 02:44:04'), Timestamp('2021-01-23 00:51:51'), Timestamp('2021-01-28 00:53:11'), Timestamp('2021-01-31 15:25:11'), Timestamp('2021-02-08 02:40:35')]","['I鈥檓 so suicidal, hanging on by a thin ass thread at the moment.', 'I need help... in fifteen minutes I could be at a parking structure throwing myself off... I feel I have nowhere to run, I want to throw up, I hate myself so bad, I can鈥檛 do this anymore, I wish I could just do it.', 'I should just give up. What鈥檚 stopping me?.', 'I don鈥檛 know how or why, but I鈥檓 still hanging on..', 'I simply cannot do this anymore.']","💀😰🕳️🚨😭,💀🚨⚠️😭🕳️,💀🕳️😭⚠️,😔💔😢,💀🕳️😭⚠️",0
285,"[Timestamp('2019-09-18 11:57:21'), Timestamp('2019-09-19 16:32:50'), Timestamp('2019-09-20 06:21:54'), Timestamp('2019-09-26 17:57:25'), Timestamp('2019-09-30 17:55:10')]","['Pretending to be normal. As I sit in front of you, I am actually thinking about my suicide. I am going to do it next week and you have no idea....', 'Pls let me die!. I want so badly to be dead, I have just come to the forest where I am planning on killing myself, I didn鈥檛 bring anything with me to do it though. I am looking for a suitable tree to hang myself from. I hope I do it this weekend or even tomorrow night! It is going to take some planning, I need to get everything in order before I do it....: would be so much easier if I could just drop dead or be in a car crash. I am hurting more than I can possibly cope with.', 'Even in my dreams I am suicidal!. Just woke up from a Shitty dream, it wasn鈥檛 a nightmare but it was incredibly crap and I was wanting to kill myself the whole time. Now I am awake and will be feeling the same...', 'I don鈥檛 want to be out. I鈥檓 at the theater tonight because I鈥檓 all posh! No not really I have been forced out and it turns out I am paying!! Fucks sake I am just sitting here wishing I was dead....', 'So badly want to leave. I am ready at any moment to leave this shit life/world behind! I don鈥檛 want to continue anymore. I fucked everything good in my life up and I just can鈥檛 stop thinking about it.... I have commitments this week but after that I am done!! It really is one terrible day after another and I miss the best thing that ever happened to me... I cannot move on! I do not have the strength or ambition to even try. I bet people or more specifically family &amp; friends will be shocked! but they knew I was going to do this I have been verbal about how I feel and my intentions... I don鈥檛 care how it effects those around me! Call me selfish but I care about me and freeing my self from the shit show that is my life. I gave it my best but it really wasn鈥檛 good enough!!']","💀⚠️🕳️😰🔪,💀🕳️⚠️🔪🪦,💀😰🕳️😭⚠️,💀😭⚠️🕳️😰,💀⚠️🕳️😭",1
469,"[Timestamp('2020-06-30 04:50:30'), Timestamp('2020-07-10 03:45:51'), Timestamp('2020-07-10 04:18:39'), Timestamp('2020-07-12 17:36:31'), Timestamp('2020-07-15 16:10:47')]","['My dreams are dead and I wish I was to. I鈥檓 a failure. My ex girlfriend cheated on me and I still think about it sometimes. I bet I was too ugly or too boring or just not enough for her. She didn鈥檛 love me. None of my exes love me. No one loves me. Last year I worked at a particle accelerator lab on a dark matter project but it was so hard for me to understand how to code and my lab partner was doing exponentially better than me. I鈥檓 stupid for thinking I could become an astrophysicist. I auditioned to move up in band but I didn鈥檛 make the cut. I鈥檓 stupid for thinking that I was any good at music. I auditioned to move up in jazz but by this point I had almost given up because I knew I wouldn鈥檛 never get into my schools jazz band. And I didn鈥檛. I鈥檝e failed countless times before this. All I do is fall. I used to push through my failures when I was dumb kid but now I realise I鈥檓 stupid and I can never accomplish my dreams. I鈥檓 a waste of space. Someone else should鈥檝e dated my ex girlfriends. Someone else should鈥檝e worked at the lab instead of me. Someone else should鈥檝e auditioned instead of me. Someone else should鈥檝e been born instead of me. I can never have anything. I always lose the things I love the most. I lost my best friend. I lost my passion. I lost everything. I hope I can lose my life too.', 'I want to crack 12 eggs into my mouth. I鈥檓 allergic to eggs. I hope I can suffocate and die.', 'Sick of this. Killing myself next summer. I can鈥檛 live anymore. I鈥檓 giving myself time to write letters and what not but I can鈥檛 do this anymore. I will die a loveless dumbass at the shitty age of 18. That鈥檚 fine with me. I doubt anyone wants a letter from me. Maybe a simple 鈥済oodbye鈥?will suffice.', 'Give me a reason. There is no good in this world. I鈥檝e been hurt by all the people I trusted. This world is selfish and horrible. Every waking moment is like breathing in knives. I鈥檝e stopped eating as much. I can鈥檛 sleep anymore. I鈥檝e lost 20 pounds this month. My muscle that I worked hard for is gone. I can鈥檛 do anything anymore. I haven鈥檛 touched my drum set in months. I haven鈥檛 been able to draw in a year. I can鈥檛 even read research papers anymore. I haven鈥檛 talked to any of my friends in a week. I am turning into nothing. I cannot do any of the things I loved anymore. If I died now no one would notice. Isn鈥檛 it a shame I don鈥檛 have everything ready yet? Give me a reason why I shouldn鈥檛 run the blade into my ribs.', 'Failed my exams. I thought I had done everything perfectly. I studied a lot too. I really am stupid ahahahahah. I鈥檓 an idiot for thinking I could have a good life. I really should just kill myself. I鈥檓 a failure.']","💀🕳️😭⚠️😔,💀⚠️😭🕳️,💀🕳️⚠️😭⚰️,💀🔪😭🕳️⚠️,💀😭⚠️😖🕳️",1
27,"[Timestamp('2021-05-22 20:21:16'), Timestamp('2021-05-26 21:10:06'), Timestamp('2021-05-28 03:37:04'), Timestamp('2021-06-04 00:44:10'), Timestamp('2021-06-04 16:00:38')]","['Trapped. I鈥檓 trapped in my fucking head.. it won鈥檛 stop.. it won鈥檛', 'I miss happiness. I miss my life before.. I miss not having voices in my head.. I just want to sleep and not wake up', 'I鈥檓 scared.', 'Soon. Soon I鈥檒l join you.. soon it will be over', 'Thought. All I have is thoughts now it鈥檚 all do.. think about ending it, being at peace.. whenever I plan it I get.. calm.. soon I鈥檒l find a bridge.. soon these thoughts will become a reality..']","🕳️😰💀😭⚠️,💀🕳️😭😔⚠️,😰⚠️😔,💀🕳️⚠️😭⏳,💀🕳️🚨🌉💊",0
47,"[Timestamp('2020-11-30 14:29:53'), Timestamp('2020-11-30 16:07:04'), Timestamp('2020-11-30 17:48:51'), Timestamp('2020-11-30 18:40:27'), Timestamp('2020-11-30 19:17:46')]","['God help us all.', 'Not used to personal life or death decisions.', 'A logical brain would say suicide is my personally best option..', 'I will die no matter what in the next few months.', 'I have to accept death in order to live.']","💀🕳️😰,💀⚠️🕳️,💀⚠️🕳️😭,💀⚠️🕳️😰🚨,💀🕳️😰😔💔",0
196,"[Timestamp('2021-04-18 03:46:29'), Timestamp('2021-04-23 05:01:04'), Timestamp('2021-05-06 15:53:57'), Timestamp('2021-05-10 01:40:17'), Timestamp('2021-05-13 04:35:30')]","['Next time someone brags about having a girlfriend or having sex, I鈥檓 going to blast my fucking brains out!. I鈥檓 sick of being lonely, and not having a GF! There鈥檚 all of these people who brag about how they have a GF, and the had sex, and rub it in my fucking face! I鈥檓 sick and fucking tired of it, but people don鈥檛 know how much I鈥檓 suffering. If people knew how much I鈥檓 suffering, maybe they would stop bragging. Fuck my shitty life.', 'Seeing attractive girls makes me suicidal. I鈥檓 a 17 year old guy, and autistic, and a virgin. I鈥檝e never had a GF in my life. I鈥檝e been attracted to lots of girls as you鈥檇 expect, but I鈥檓 super unlucky because all of the girls I鈥檓 attracted to have a boyfriend, do drugs, aren鈥檛 interested in dating, or is lesbian. Now every time I see an attractive girl or woman, whether it be at school, out in public, or a photo of an attractive girl here on Reddit, it makes me suicidal because I know I鈥檓 never going to have somebody like that in my life. I鈥檓 unattractive in they鈥檙e eyes and I鈥檓 autistic. Who would want to date a guy who is unattractive and autistic? I鈥檓 such a faggot. Just end my life. End my miserable life.', 'Sometimes I imagine my own suicide, and it makes me comfortable.. I imagine that I鈥檓 in the parking lot of my school with a knife, I quickly stab myself in the stomach, then in the chest, then cut my own throat, and getting out of the car, crawling for my life, and people seeing blood dripping out of me, and my classmates and friends mourning over my death, wishing they would have helped me sooner.', 'Seeing people younger than me being in a dating relationship already while I鈥檝e been lonely all my life so far is frustrating. It makes me want to blast my head off so I don鈥檛 have see anything like that.. I鈥檓 17 years old. Never had a gf in my life, yet there鈥檚 all these kids who are like 14 or 13 years old bragging about how they got a gf already. It makes me feel awful, and now every time I see a post like that, I immediately downvote it. I just want to blow my head off so I won鈥檛 have to see anything like that ever again.', 'I want to find a tall building, go to the roof and jump.. There鈥檚 no possible way anybody could save me from that. I don鈥檛 want my life to be spared. I want to die so much. Or another alternative would be to jump from a bridge into a river or a lake, but it would have to be a tall bridge.']","💀🔫⚠️😭🕳️,💀😭🕳️⚠️😖,💀🔪🩸🕳️🚨,💀🔫⚠️😭😞,💀🚨🕳️😭⚠️",1
498,"[Timestamp('2020-11-16 20:10:48'), Timestamp('2021-01-20 07:48:48'), Timestamp('2021-01-20 19:09:31'), Timestamp('2021-01-20 23:56:31'), Timestamp('2021-02-12 22:46:33')]","['Jumping off a bridge. I tried to jump off a bridge onto an overpass the other day, but was pulled down by a police officer, that happened Saturday night, it鈥檚 not Monday and I鈥檝e been in the hospital鈥檚 emergency psych ward since, I鈥檓 likely going to be discharged soon... now back to the bridge or time to get a gun?', 'I overdosed already and it didn鈥檛 work despite multiple sources of clinical evidence that my method would be fatal in the dosage I took, now I鈥檝e done more research on lethal dosage of another medication I have so likely this is the end of my final words on earth. Now I鈥檓 going to hope that maybe I just haven鈥檛 noticed the toxic effects yet... The medication j took is a prescription medication I am prescribed that is fatal in even slight overdoses as it is usually used as an anesthetic before surgery and I did my research and more than 2g or 2000mg at once it considered the range for fatality and I took 6000mg or 6g, and then some temazepam (benzo sleep aide) and zopiclone (also sleeping med) in overdose but not that big of an overdose, I passed out and woke up like 3 hours later still alive obviously all though in pretty spacey, still very sedative but at a somewhat functional level, but have trouble with walking somewhat... anyways I鈥檓 about to overdose on an OTC medication now too because I looked at the clinical studies and I have enough to cause fatality even though it鈥檚 at the lower side of the spectrum for fatality rates but I鈥檓 desperate, if I survive tonight, I will be getting another prescription drug that is also fatal in overdose and I鈥檒l get 700mg and 900mg is the suggested fatal amount so mixed with everything in my system, I鈥檒l likely be dead by today or tomorrow. I also plan to swallow a foreign object, likely razor blades because although they typically can pass on their own without issues due to personal experience, given the medications I鈥檝e overdosed on and the fact that they likely can cause gastric/GI bleeding and perforation, why not add to the mix and increase that chance moderately or significantly. I鈥檝e been through too much trauma in my life to go on... I have funded mental health services, I spend all my time in inpatient psych units typically, and now I have access to 2 social workers and 1 psychiatrist whom I all trust and know care but I have too much trauma I鈥檝e experienced and am too emotionally hurt and broken and it鈥檚 not like I can just try to save myself and go to the hospital now because the ER staff鈥檚 treatment of me is literally a major part of my recent trauma to add to it all. The things they鈥檝e said to and about it me aren鈥檛 things you can just shake off especially when you can鈥檛 avoid them bc for mental health and medical problems related to mental health, I am constantly in the ER or psych wards where I am also treated poorly lot of the time although it鈥檚 many the ER staff who find amusement out of the things I do to hurt myself and say things like why doesn鈥檛 she actually successfully commit suicide already and it鈥檚 not just one staff, it鈥檚 all of them gathered around to joke and have amusement about my self harm incidents and overdoses... I was supposed to have a job interview tomorrow and though maybe just maybe I could turn my life around and especially with my further commitment to more religious life and studying religion which being me great joy, it just isn鈥檛 enough... there鈥檚 too much pain and suffering and trauma. Hopefully with the last enactment of my suicide plan, I will end up successful. If not I have another plan although it would involve saying up one of my medications for a full month but then it would be an I overdose that even if I made it to the ER, that kind of overdose almost certainly isn鈥檛 survivable due to what medication it is and if I take enough it. I guess benefits to knowing about pharmacology,eh? I hope the people who see this make it through life and find hope, happiness, joy and resiliency even it it feels like the smallest amount... hold onto it. I鈥檓 a hypocrite but I鈥檓 too damaged emotionally from trauma to go on and the only people I can go to for 鈥渉elp鈥?even though I know it won鈥檛 help is the mental health services in my area which have contributed significantly to my trauma because of the horrendous treatment I鈥檝e received there, some things that I have heard the staff say are incomprehensible. Of course I wouldn鈥檛 be this way if I never experienced childhood sexual abuse and the trauma that caused in the first place. I鈥檓 too groggy, exhausted and can鈥檛 think straight enough anymore to explain my situation more but I鈥檝e covered all the bases. I wish you all the best, you are loved,you deserve to live in this world and find that things worth living for, I鈥檓 too tired to write more of this post that is already a novel. Thank you for letting me get my most likely final words and thoughts out here before I go. Peace, love, and hope for you all. Goodbye', 'I failed my attempt and am in the ER getting stabilized then I鈥檒l make sure it works this time and if not, spend every few last minutes of my life trying to end it and it will end. I鈥檓 done.. I overdosed on something I did a lot of research about... a medication used in assisted suicide by doctors sometimes, read countless clinical studies/cases of overdoses of this med, verified the lethal dosage and took quite a bit more than the minimum lethal dose and yet I woke up hours later fucking alive so I was desperate and overdosed on something else that could have killed me for sure, if only I鈥檇 taken more, I took enough for it to be considered a toxic amount, and I ended up in excruciating pain so I just said fuck it and called 911 to get fixed up enough that I can think straight again, be able to get enough strength back to walk properly again, etc. I just couldn鈥檛 bear the pain, but again it wasn鈥檛 enough to do the job, just to teeter on the edge of having a probably small chance of dying. I鈥檓 done. I鈥檓 done with psych wards and hospitals and medications... except for the medication that WILL end things, there鈥檚 this one med that there鈥檚 tons of research clinical studies on about how if you take it, even with the full hospital staff trying to save you (as it said in the reports), the fatality rate is incredibly high. But I don鈥檛 have enough saved up until the end of the month... and I can鈥檛 wait that long, I鈥檒l figure out something. I just want to go in a somewhat peaceful, and especially a way that will guarantee my death and not me having to live with severe physical or neurological deficits. I鈥檓 done.', 'Just overdosed again, waiting for everything to be over. The medication I overdosed on is said to be potentially fatal at 250mg, and I took 700mg. Wish I could have taken more. I still feel incredibly ill from yesterday鈥檚 overdose, but everything should be over soon. I barely convinced the psychiatrist to let me be discharged from the ER home because she was so concerned well I鈥檇 overdose again and die. The main cause of death from the medication I just overdosed on is heart failure... I鈥檓 already feeling like I鈥檓 slipping, my head hurts and feels funny, and my heart keeps doing weird things and it鈥檚 getting harder to breathe I think. I wish you all the best, if you can find something that gives you hope, hold onto it no matter what.... part of me wants to call a crisis line just to have somebody to talk to before I鈥檓 completely gone... I really want to have hope and I鈥檓 really scared and I know if I don鈥檛 get help immediately, I will die... I really want to die, but basic human instinct is trying to fight me. I鈥檓 just scared.', 'Just about to take the pills, and end it.. I鈥檝e posted here many times before. I鈥檝e had countless attempts, countless inpatient admissions, etc. But, for once recently I was really improving, I was doing really well, functioning better than I had in a long time... but, then I got news the other day and I don鈥檛 want to get into it but basically every single thing that I鈥檓 interested in and was keeping me alive, will all be taken away from me forever, and my only options left are to live a miserable life, not being able to do anything that makes me happy, and living off government assistance forever or dying. I was supposed to have an appointment with my psychiatrist this morning and I was planning on going just to thank him for everything he鈥檚 done for me, and receive some last minute comfort from a human that cares about me before going home to die, but ironically at like 7:30am his secretary called and said he had to cancel the appointment so he鈥檚 supposed to just call me on Sunday, but mates I won鈥檛 be alive by then. I have the lethal dosage of 2 different kinds of pills, both will kill me if I take just 1 kind so I鈥檓 going to start with one kind then if it doesn鈥檛 work I鈥檒l take the other kind. I did legitimate medical research online to know how much would kill me. It鈥檚 going to be a painful death, but hopefully it works and I鈥檒l never be in pain again. There鈥檚 nothing left for me here. The only thing that could get in the way of me being successful is if I get scared or am in too much pain then go to the hospital and they try to save me. Hopefully I鈥檓 not a little bitch and let that happen. And from my research if I end up taking the second kind of pills, even the hospital won鈥檛 be able to save me. I hope I鈥檒l really be gone this time. Please, please, please hold onto something in your life, he鈥檒l move to another country if you need to, do anything to make yourself have something to hold onto.., due to my specific situation, everything is being taken away from me. Hopefully this is my final goodbye. I don鈥檛 even really want to die but I also won鈥檛 allow myself to live a miserable life because that鈥檚 all that鈥檚 going to be available to me.']","💀🕳️🚨🔫🌉,💀💊🔪🚨⚠️,💀💊🔪⚠️🕳️,💀💊🚨⚠️😭,💀💊🚨⚠️🕳️",3
328,"[Timestamp('2021-04-16 17:14:49'), Timestamp('2021-04-16 20:22:39'), Timestamp('2021-04-16 21:24:21'), Timestamp('2021-04-17 03:45:54'), Timestamp('2021-04-17 14:21:23')]","[""i'll try to run away from home and kill myself. there is no point in living when everyone makes fun of you because you will never have the same things as them no one knows that i will kill myself"", ""being different kills me. i'm afraid to go in public because everyone judges me and talks about me that's why i'm always alone and have no friends i don't want to go to school anymore everyone in my class hates me too somehow everyone hates me and used me only when they had no one to talk to and then they talk badly about me because i'm different from the others since yesterday i've had the thought that i was probably raped as a child i'm afraid of everything nobody believes me i'll get it a panic attack almost every day i can't trust anyone my parents will be angry with me and the school won't be able to help, everything is so bad in the world you can't stop bad things like rape, there will always be rape nobody believes me i want to harm myself my suicide attempt didn't work"", 'i am scared that i will end up in hospital. i will kill myself now but i am scared that it will fail can someone help me', ""i wish my attempts were successful. i'm afraid to go in public because everyone judges me and talks about me that's why i'm always alone and have no friends i don't want to go to school anymore everyone in my class hates me too somehow everyone hates me and used me only when they had no one to talk to and then they talk badly about me because i'm different from the others since yesterday i've had the thought that i was probably raped as a child i'm afraid of everything nobody believes me i'll get it a panic attack almost every day i can't trust anyone my parents will be angry with me and the school won't be able to help, everything is so bad in the world you can't stop bad things like rape, there will always be rape nobody believes me i want to harm myself my suicide attempt didn't work"", ""i'll try to run away from home and kill myself. there is no point in living when everyone makes fun of you because you will never have the same things as them no one knows that i will kill myself""]","💀🔪🚨😭🕳️,💀🕳️😭⚠️,💀🔪⚠️😭,💀🕳️😭⚠️,💀🔪🚨😭🕳️",2
113,"[Timestamp('2021-01-06 08:04:20'), Timestamp('2021-01-08 05:28:26'), Timestamp('2021-01-08 19:13:03'), Timestamp('2021-01-10 11:51:11'), Timestamp('2021-01-11 08:12:37')]","['I鈥檓 so depressed and want to die.. Please help me end the life of the most useless and worthless piece of shit. I want to die and it鈥檇 make me so happy. Please help me.', 'I鈥檓 so depressed and want to die.. Please help me end the life of the most useless and worthless piece of shit. I want to die and it鈥檇 make me so happy. Please help me.', 'I鈥檓 so depressed and want to die.. Please help me end the life of the most useless and worthless piece of shit. I want to die and it鈥檇 make me so happy. Please help me.', 'I鈥檓 so depressed and want to die.. Please help me end the life of the most useless and worthless piece of shit. I want to die and it鈥檇 make me so happy. Please help me.', 'I鈥檓 so depressed and want to die.. Please help me end the life of the most useless and worthless piece of shit. I want to die and it鈥檇 make me so happy. Please help me.']","💀😭🕳️🚨,💀😭🕳️🚨,💀😭🕳️🚨,💀😭🕳️⚠️,💀😭🕳️🚨",1
145,"[Timestamp('2020-04-04 17:38:53'), Timestamp('2020-05-24 04:56:42'), Timestamp('2020-09-17 19:51:52'), Timestamp('2020-09-19 18:19:38'), Timestamp('2020-10-17 09:44:45')]","[""I can't stop crying. I'm in so much pain. I want to die so badly. It's too much."", ""Really struggling just making it day to day. All I think about when I wake up and throughout the day is getting high. I know that it won't get me through much longer. Deep down I know."", 'Overwhelmed and feeling suicidal. On a trip but it鈥檚 no vacation. Visiting family and my granddad had terminal stage 4 cancer. He just gets worse every day and we鈥檝e hardly been able to see him because he鈥檚 in a hospital. We鈥檝e been tasked with cleaning his house and I鈥檝e always had an impossible time cleaning anything let alone his house. I just want him to be here, he always has been. It鈥檚 been too hard to suppress my emotions, I just drink and smoke the pain away. Yesterday I saw a bunch of dogs which always makes me happy but for some reason all I could think about is suicide. Even when I was doing one of the only things that makes me happy. I鈥檓 not close with many people at all, never have been. I don鈥檛 want to lose him. My family makes everything so stressful. My uncle just non stop wants everything gone and the house sold and just wants us here to save him money. My mom and dad just scream at me and put me down when I don鈥檛 have it in me to work. No one understands what I鈥檓 going through. I feel like now is the time, if I go now they won鈥檛 even tell my granddad either, I鈥檓 sure. Which is for the better. It鈥檚 all I want.', 'More ready than I鈥檝e ever been. My own family is through with me and I鈥檓 through with myself. The time has come. Should have happened a long time ago.', 'I miss you Grandpa. You鈥檝e only been gone a day but it doesn鈥檛 seem real. In bed at 5:30 am just crying. I can鈥檛 help it. You meant everything to me and I love you so much. I want to join you. It hurts. I feel completely alone.']","💀😭⚠️🕳️,💀🕳️😭⚠️,💀🕳️😭🚨⚠️,💀⚠️🕳️😭🚨,💀😭🕳️💔😰",1
195,"[Timestamp('2020-10-21 22:09:24'), Timestamp('2020-11-23 16:29:38'), Timestamp('2020-12-09 21:42:44'), Timestamp('2020-12-23 12:42:02'), Timestamp('2021-01-05 00:33:10')]","['Late night mumble. I suck at being alive, i swear my body is a wreck and i am only 25, it鈥榮 like my body is signaling me that i shouldn鈥榯 live... trying to improve doesn鈥檛 work... life choices didn鈥榯 work out, it always gets worse. Sad and alone most of the time, never had a girlfriend. When my parents die i will have no one left to help me with my struggles. Never liked myself. I start to hate everything.,, this hole shitthole world/ universe gives a fuck about human existence... the whole shit is going to and here on earth and the suffering of any human is irrelevant in the end... having a nice time on earth is the only thing that matters, no one get鈥榮 rewarded in heaven for suffering your hole life... so if a certain point is reached, endure suffering isn鈥榯 tolerable anymore and commiting suicide is the best thing to do.', 'It is hard to stay alive. Idk, why live if you feel like shit most of the time... eternal sleep diesn鈥榯 sound so bad after all, fuck', 'Life could be nice. That鈥榮 the worst to me, to know that it could be different. I would say i try my best, but somehow it get鈥榮 worse. Rotting alive... becoming weirder and weirder... my thoughts becoming darker. Idk what would be the best to improve myself... every decision i make ends in faillure and my situation has become worse.', 'Hate myself. I suck, i am awkward, i don鈥榯 know how to funtion in society, i don鈥榯 have friends, kissles virgin, and my hair starts to fall of. Backpain for years, covid fucked my lungs... no money. Fuck this world', 'Why does it only get worse?. Idk... i worked on myself finished school got an degree ,used to be active in sport didn鈥榯 took drugs... it all went to shit... effort doesn鈥榯 get rewarded... i am so used to feeling like shit.... my life doesn鈥榯 get better despite the effort. Everything just get鈥榮 worse... to life like this is a fucking joke... Everyday that passes i hate this world more and more ... the way i am society doesn鈥榯 wan鈥榯 or need me... i am just a burden to my parent鈥榮 ... fuck this world']","💀🕳️😭😞⚠️,💀🕳️😭⚠️,💀🕳️😭😔⚠️,💀😔🕳️😭⚠️,💀🕳️😭😔⚠️",0
232,"[Timestamp('2022-01-11 04:25:02'), Timestamp('2022-02-11 04:52:39'), Timestamp('2022-02-13 15:04:58'), Timestamp('2022-02-14 17:37:49'), Timestamp('2022-02-15 04:47:29')]","['Every day I wake up. Every single fucking day is the same Every single day I just want to stop existing I feel like just sticking a knife through my heart I feel like jumping in front of a moving train and just closing my eyes and letting whatever happens happen Or just flooring it right off a cliff I feel like cutting everything so bad I just bleed out I hate existing I hate being alive I want to be gone', 'I think of killing myself all the time. It wouldn鈥檛 take much鈥?a rope from the store is good enough Maybe a knife too Could be used for multiple things Fuck I just feel like shit and want to die Fuck everything', 'I don鈥檛 know why I don鈥檛 just kill myself. I鈥檓 exhausted and sick of living I鈥檓 sick of live I鈥檒l just sleep I don鈥檛 want to live I don鈥檛 want to be here anymore', 'Living just makes me want to kill myself. I feel like garbage I just want to die Is that really too much to ask for? I can鈥檛 do this anymore', 'I don鈥檛 want to live anymore. I really can鈥檛 do this Everything hurts I鈥檝e just completely given up my will to live I don鈥檛 want to be alive I鈥檇 put a bullet through my head without a second thought if I could When notes and thoughts become a reality鈥?Only time will tell But time is limited, and it鈥檚 running out']","💀🔪🕳️😭🚨,💀🔪⚠️😭🕳️,💀😭🕳️⚠️😰,💀😭🕳️⚠️,💀⚠️🕳️😭🔪",1
450,"[Timestamp('2021-07-12 15:56:59'), Timestamp('2021-07-13 18:17:45'), Timestamp('2021-07-14 17:41:00'), Timestamp('2021-07-14 22:12:27'), Timestamp('2021-07-15 06:12:23')]","['As soon as I wake up in the morning, I want to die.', 'I scream every day to relieve myself of PTSD. It works better than antidepressants or therapy', 'Life is so much responsibility man. Having to attend school, get a part time job or internship, having to get an actual job, having a social life, and having to look good.', 'I wish I didn鈥檛 exist. I want to vanish into thin air. I wish I had no body or entity.', 'I wish I were born a man. I鈥檝e had period cramps which were so painful to the point I wanted to commit suicide. I鈥檓 fucking scared of getting menopause if I even make it to old age. I fucking hate the fact that I鈥檝e experienced physical pain compared to other people. And mental pain is even fucking worse.']","💀😭⚠️🕳️😰,😔💔😢,😔😩😞💔😟,💀🕳️😭😔⚠️,💀😭⚠️😖💔",0
27,"[Timestamp('2021-09-16 10:23:08'), Timestamp('2021-09-18 15:40:07'), Timestamp('2021-09-26 11:50:17'), Timestamp('2021-10-14 20:35:43'), Timestamp('2021-10-21 22:48:45')]","['Fuck this. I鈥檓 a vindictive stupid prick. I use people and throw them away I fail school I fuck up. I鈥檓 a fucking failure a stupid fucking failure', 'Im done.', 'I finally spoke about it and she said I lied. That鈥檚 it, there鈥檚 nothing left, bye', 'I can鈥檛 do this. I haven鈥檛 felt this bad in weeks, on top of everything else my dog nearly ran into a main road while my brother slammed my head against the curb and after holding back the dog my dad just watched me getting my head repeatedly slammed against the curb, just felt like I needed to vent. Thanks I guess.', 'All I do is make things worse. It鈥檒l be better for everyone when I鈥檓 gone']","😔💔😭⚠️🕳️,💀⚠️🕳️😭,💀🕳️⚠️😭💔,😭😰😔💔⚠️,💀🕳️😭⚠️💔",0
266,"[Timestamp('2020-04-05 17:02:06'), Timestamp('2020-04-08 23:24:55'), Timestamp('2020-04-14 04:12:33'), Timestamp('2020-04-17 05:16:47'), Timestamp('2020-04-22 22:31:45')]","['I just want to lay down, relax, and take a cyanide pill. I can\'t choose what to do with my life. I don\'t even want to try to figure it out. Somehow I just can\'t manage it. Somehow something in my brain does not want me to discover a passion of any kind. None whatsoever. I can\'t figure out what to study, I can\'t figure out what to put my time into, but I also can\'t bring myself to dive right into something and latch onto it as the main ""thing"" I do in my life. Maybe I\'m just not intelligent. I don\'t know. Maybe I\'m simply too weak to acquiesce to survival instincts that inform most people of what they need to do in their lives. I hated school so much. I hated studying. I hated learning. It just felt like a burdensome obligation, and now.. I don\'t know. I can\'t deal with it anymore. I can\'t really handle giving into a specific field, study, passion, etc. I can\'t. The only things I\'d actually want to study is music or psychology, but obviously I can\'t just go back to school. That boat sailed. I\'m just not motivated enough to figure things out. I\'m not motivated or confident enough in my ideas to be creative. I\'m just not able to jump right into something. The slightest bit of thought about proactively figuring out what to DO just makes me feel ready to go. Not scared, not anxious, not angry, just ready to go. Ready to just lay down and throw in the towel with a massive sigh of relief.', 'I guess I can\'t handle this life. Stuck with nowhere to go. No choice but to rot here and be told I\'m pathetic for living at home, or to just up and leave with absolutely nowhere to go. I just don\'t have it in me to live life. And I\'m sick of being in this position where I\'m somehow expected to find job training and be able to leave home with a salaried position. But that\'s not going to happen. I\'m sick of living at home in general. But I live in the fucking boonies. Everything and everyone I know is so fucking far the fuck away from any town or city with reasonable rent and workplaces I can walk to. I\'m just too much of a little bitch for life. Too much of a coward. I\'m just not strong enough to do whatever is necessary in life. I\'m not. Too weak and scared to bike everywhere. Too weak to just get some damn credit history going. Too weak to live completely within my means. Too weak to be constantly doing shit. I just can\'t put up with the struggle in life. Everyone makes life out to be this easy and enjoyable thing if you just put in some effort, but it requires so much more effort, blood, sweat, and tears than just ""some."" I can\'t do this man. And I\'m sick if even having a family around, because they just keep pushing pushing pushing and my existence would just be so peaceful if I could just live on the street with no parents to wonder what happened to me, or for anyone to wonder what happened to me for that matter. I\'m just not strong enough to participate in life. And ultimately I know this is why there is peace in the decision to die. It\'s the only way. I\'m just too much of a coward to do it. One day I\'ll be at peace with it, and I guess that\'ll be best for everyone. I guess I just wish life could have been different. I\'m not even sure what I wish it could have been, but it doesn\'t matter anyways. Life isn\'t meant for someone who doesn\'t want to move.', 'The only thing I have to look forward to is the terror of death. All I will ever have the ability to get high. Every other corner of life is a source of bitter cold and misery.', ""My only option even in the pandemic is to be left out on the streets homeless so what the fuck is the point?. I'm not going to be able to survive. I won't make it. My money will run out and I just know I'll find myself with no place to sleep, stuck outside. I won't be able to make it if I'm stuck outside. There's just no way. There is no staying home to try to save up for a car and then rent anymore. I waited too long and now I've outstayed my welcome. I just don't know what's going to happen anymore. What the next move should be. I don't understand how I'm supposed to find a place to camp or how I. Going to keep all my shit safe. Having my ssd card and birth certificate carried on my back. I'll probably be killed off as a byproduct of the experience somehow and then I'll be out of everyone's way."", 'I just don\'t feel motivated to live. I\'m at a point in my life where I need to start doing SOMETHING. But I have no motivation. If I was starving on the street I don\'t think I would have any motivation. If everyone I loved died I don\'t think I would have any motivation. And because I do not feel motivated and happy, my confidence levels are consistently low, and when I think about what traits make up a successful person, I just think, but that\'s not me. The goals I set don\'t feel meaningful, because it feels like there\'s an overbearing chance that I just won\'t fall into, or be able to create, the circumstances necessary for success in whatever pursuits I chose to endeavor. I want to take control of my life, yet I don\'t have the courage for it. I don\'t have the courage to face the embarrassment that may come. The more I think about it, the more I just want to go. I don\'t want to work on myself. I don\'t want to extend my comfort zone. You might think, if you know what you have to do, why not just ""live"" and do it? Why would I deny myself the life waiting for me on the other end of this struggle? But when I have to answer THAT question... I feel angry; like I want the gun now, and I want to get it over with already before this conversation about me and my life has the slightest chance to productively continue. What the hell am I running from? Why can\'t I just live my life? Why can\'t it feel good to accomplish tasks? Why does every little ounce of responsibility feel like such a burden, that I must climb a mental mountain to overcome it? Oh how easy it would be to just let it all go. If only it was easy. I allow myself another day to get high and ignore everything going on around me. I\'m tired of having to move.']","💀💊🕳️😰😔,💀🕳️😭⚠️😔,💀🕳️😰😭⚠️,💀🕳️😭⚠️😔,💀🕳️😭⚠️💊",1
473,"[Timestamp('2021-04-28 15:56:42'), Timestamp('2021-04-30 16:32:19'), Timestamp('2021-05-03 14:57:01'), Timestamp('2021-05-04 16:51:24'), Timestamp('2021-05-05 14:51:44')]","['Wanted to buy SN to kill myself but I need more planning to avoid getting found. I just wanna die already and it seems like I鈥檒l have to delay my plan by like 2-3 weeks if I do SN. I need at least 4 hours by myself and I can鈥檛 do it at night because I could apparently make noise. Shit is exhausting', 'Can a razor blade cut through muscle?. Thinking of cutting through femoral artery while drunk. Today I just realized there may be a possibility that my razor blade may not be strong enough to cut through muscle, which scares me.', 'Why do people do this. Why do people reach out to you knowing you鈥檙e suicidal and then complain about you being suicidal? Does that make any sense? It seems like nobody has a brain these days', 'Fuck. I think my razor blades may be too weak to cut through muscle which I HAVE to do in order to cut my femoral artery. I have been thinking about doing a shallow-water blackout but from the research I鈥檝e done it works fine for some people but not others, and I have the worst luck imaginable when it comes to everything so I鈥檇 bet $500k I鈥檓 one of the people who it won鈥檛 work for. What do I do', 'I feel like I鈥檒l just keep pointlessly suffering forever. I keep suffering because of other people every single day and I can鈥檛 do anything about it and every time I try to kill myself it doesn鈥檛 even work. It feels like I鈥檓 stuck here forever. I didn鈥檛 ask to be here why can鈥檛 I leave']","💀🔪⚠️🕳️😰,💀🔪🚨⚠️😭,💀😰🕳️😭⚠️,💀🔪🕳️🚨,💀🕳️😭⚠️",2
498,"[Timestamp('2021-01-20 19:09:31'), Timestamp('2021-01-20 23:56:31'), Timestamp('2021-02-12 22:46:33'), Timestamp('2021-02-17 08:13:17'), Timestamp('2021-02-18 22:15:50')]","['I failed my attempt and am in the ER getting stabilized then I鈥檒l make sure it works this time and if not, spend every few last minutes of my life trying to end it and it will end. I鈥檓 done.. I overdosed on something I did a lot of research about... a medication used in assisted suicide by doctors sometimes, read countless clinical studies/cases of overdoses of this med, verified the lethal dosage and took quite a bit more than the minimum lethal dose and yet I woke up hours later fucking alive so I was desperate and overdosed on something else that could have killed me for sure, if only I鈥檇 taken more, I took enough for it to be considered a toxic amount, and I ended up in excruciating pain so I just said fuck it and called 911 to get fixed up enough that I can think straight again, be able to get enough strength back to walk properly again, etc. I just couldn鈥檛 bear the pain, but again it wasn鈥檛 enough to do the job, just to teeter on the edge of having a probably small chance of dying. I鈥檓 done. I鈥檓 done with psych wards and hospitals and medications... except for the medication that WILL end things, there鈥檚 this one med that there鈥檚 tons of research clinical studies on about how if you take it, even with the full hospital staff trying to save you (as it said in the reports), the fatality rate is incredibly high. But I don鈥檛 have enough saved up until the end of the month... and I can鈥檛 wait that long, I鈥檒l figure out something. I just want to go in a somewhat peaceful, and especially a way that will guarantee my death and not me having to live with severe physical or neurological deficits. I鈥檓 done.', 'Just overdosed again, waiting for everything to be over. The medication I overdosed on is said to be potentially fatal at 250mg, and I took 700mg. Wish I could have taken more. I still feel incredibly ill from yesterday鈥檚 overdose, but everything should be over soon. I barely convinced the psychiatrist to let me be discharged from the ER home because she was so concerned well I鈥檇 overdose again and die. The main cause of death from the medication I just overdosed on is heart failure... I鈥檓 already feeling like I鈥檓 slipping, my head hurts and feels funny, and my heart keeps doing weird things and it鈥檚 getting harder to breathe I think. I wish you all the best, if you can find something that gives you hope, hold onto it no matter what.... part of me wants to call a crisis line just to have somebody to talk to before I鈥檓 completely gone... I really want to have hope and I鈥檓 really scared and I know if I don鈥檛 get help immediately, I will die... I really want to die, but basic human instinct is trying to fight me. I鈥檓 just scared.', 'Just about to take the pills, and end it.. I鈥檝e posted here many times before. I鈥檝e had countless attempts, countless inpatient admissions, etc. But, for once recently I was really improving, I was doing really well, functioning better than I had in a long time... but, then I got news the other day and I don鈥檛 want to get into it but basically every single thing that I鈥檓 interested in and was keeping me alive, will all be taken away from me forever, and my only options left are to live a miserable life, not being able to do anything that makes me happy, and living off government assistance forever or dying. I was supposed to have an appointment with my psychiatrist this morning and I was planning on going just to thank him for everything he鈥檚 done for me, and receive some last minute comfort from a human that cares about me before going home to die, but ironically at like 7:30am his secretary called and said he had to cancel the appointment so he鈥檚 supposed to just call me on Sunday, but mates I won鈥檛 be alive by then. I have the lethal dosage of 2 different kinds of pills, both will kill me if I take just 1 kind so I鈥檓 going to start with one kind then if it doesn鈥檛 work I鈥檒l take the other kind. I did legitimate medical research online to know how much would kill me. It鈥檚 going to be a painful death, but hopefully it works and I鈥檒l never be in pain again. There鈥檚 nothing left for me here. The only thing that could get in the way of me being successful is if I get scared or am in too much pain then go to the hospital and they try to save me. Hopefully I鈥檓 not a little bitch and let that happen. And from my research if I end up taking the second kind of pills, even the hospital won鈥檛 be able to save me. I hope I鈥檒l really be gone this time. Please, please, please hold onto something in your life, he鈥檒l move to another country if you need to, do anything to make yourself have something to hold onto.., due to my specific situation, everything is being taken away from me. Hopefully this is my final goodbye. I don鈥檛 even really want to die but I also won鈥檛 allow myself to live a miserable life because that鈥檚 all that鈥檚 going to be available to me.', 'For those who are actively planning to end their lives, is there anything that you want to do first, something you want to try or hold onto temporarily before you end it?. I told myself before that I鈥檇 try a certain medication, I鈥檝e been on it a little while now and it鈥檚 helped a bit not exactly in one specific way but overall, but I wonder if increasing the dose would do anything. I told myself I would have a serious discussion with my psychiatrist who literally does EVERYTHING for me, like he鈥檚 not even an outpatient psychiatrist/works with an outpatient clinic in my health system but bc we connect, he cares so much about me, and believes in me, he now sees me 2x a week and if I鈥檓 on a medical ward after I hurt myself like right now (I鈥檝e been in the ICU since Friday after an attempt), he comes to see me and is so damn genuine and caring. I think about writing extensive letters prior to my death for people I care about and who I know have really cared/do like him. I think about accepting this new job offer and forcing myself to do like 2 shifts and see if it has an impact on my quality of life. I think about forcing myself to go outside and exercise everyday for a week. I think about somehow waiting it out and applying for a special residential treatment program that my psychiatrist would help get me funding for even though it鈥檚 out of country. I think about using drugs again, but not as a serious consideration, just the fact that I wonder if it鈥檚 better to be a drug abuser than be dead/not exist at all. I think about trying to put more effort into deepening my faith and praying more, speaking to the rabbi more, forcing myself to reach out more even though there seems to be no solutions to any of my shit. Idk for you guys seriously considering suicide soon, is there anything you want to try to do first, try a med, reach out to somebody one last time, etc?', 'Just about to be discharged from the ICU after a 6 day stay from a suicide attempt.... Okay, they agreed to discharge me after I鈥檝e been in the ICU for 6 days after a suicide attempt. Just waiting on the team putting the orders into the computer system basically. I was almost successful in killing myself this past time. I appreciate everybody鈥檚 help and assistance so much like everybody has been so kind, and I鈥檓 supposed to meet with my psychiatrist tomorrow morning, but I am planning on going straight home, getting shit together, buying the same drug that just almost killed me, and doing it all again... except this time, being successful. The reason I called for help that ended up saving my life was because I got too scared to die in my isolated, messy, tiny apartment... so I鈥檓 going to go to the lake/waterfront, bring a backpack with a blanket probably, it will be cold as hell but I鈥檒l have a lovely last view. I feel so ungrateful and selfish because I have all these people who just saved my life, and I have my appointment with my psychiatrist literally tomorrow morning, and I can鈥檛 even describe what an amazing person he is... but I can鈥檛 live another day with this pain, I learned from this past attempt that this drug/method is quickly lethal, and that all that stopped me from being successful seemed to be dying in the wrong location. Now I know what I need to do. Don鈥檛 get me wrong, I wish I could start my amazing new job, see my wonderful psychiatrist and other team who are so kind and go above and beyond, see my friends and family, achieve my career goals, etc... but I just can鈥檛, I wasn鈥檛 meant to live this long. My expiration date has come.']","💀💊🔪⚠️🕳️,💀💊🚨⚠️😭,💀💊🚨⚠️🕳️,💀⚠️🕳️😭💊,💀🕳️⚠️💊🌊",3
349,"[Timestamp('2021-01-05 00:04:31'), Timestamp('2021-01-05 01:50:39'), Timestamp('2021-01-08 20:44:54'), Timestamp('2021-01-09 00:30:29'), Timestamp('2021-01-09 15:47:07')]","['My family doesn鈥檛 understand why I haven鈥檛 dated and they don鈥檛 understand I鈥檓 not good enough. I鈥檓 a 21m and I鈥檓 horrible with girls I鈥檝e never had a female friend and I want to date but I鈥檓 not good enough and just family asks me almost every day why I haven鈥檛 dated and I understand because all three of my siblings started dating in high school and I鈥檓 just not good enough honestly I don鈥檛 see how they don鈥檛 see it I鈥檓 fat ugly and weird I don鈥檛 see how they think I鈥檓 capable of dating', 'I just want to love a girl and be loved why is that so impossible?. I鈥檓 21 and my friends all think I鈥檓 weird because I鈥檓 looking for love and not just a hook up but I鈥檓 not good enough for a date. No girl has ever liked me and no girl ever will. I鈥檓 just sick of being alone and I don鈥檛 even wanna wake up anymore', 'I鈥檝e accepted that I鈥檓 not good enough for a girl and I鈥檓 gonna die alone. I鈥檓 21 and I鈥檝e tried but it鈥檚 pretty clear I鈥檓 not good enough for a girl. I can鈥檛 talk to them I can鈥檛 do anything with them. They鈥檒l always choose better guys than me so why should I even try', 'I鈥檓 gonna die alone because I鈥檓 too stupid when it comes to dating. I鈥檓 21 and I have no excuse but I鈥檓 literally an idiot when it comes to dating idk how it works I can鈥檛 even talk to girls so that doesn鈥檛 help but idk what the stages of dating are Idk when I鈥檓 supposed to ask a girl out I can鈥檛 read signals for shit and it just seems so easy for other guys my age I just think I鈥檓 an idiot. Idk how to be attractive and idk how to be interesting my life is a waste of time', 'I just know I鈥檓 gonna die alone. I鈥檓 21 and any time I see a relationship I know I鈥檒l never have that I know I鈥檒l never have connection with a girl I know I can鈥檛 even keep a convo with a girl I鈥檓 a loser and no matter how much I work on myself I just don鈥檛 have it in me to be good enough']","😔💔😞🕳️⚠️,😔💔😞😩💀,😔💔😞🕳️⚠️,😔💔😢😞🕳️,😔💔😢😞🕳️",1
40,"[Timestamp('2020-12-25 09:29:10'), Timestamp('2020-12-25 09:56:17'), Timestamp('2020-12-25 10:14:01'), Timestamp('2020-12-30 00:22:47'), Timestamp('2021-01-06 21:20:59')]","['I wanna park on the side of the interstate. And step out in front of a semi', '70mg oxy + alcohol. Is it enough q', 'I just never thought I鈥檇 b alone on Christmas. It鈥檚 kinda setting in...that my kid isn鈥檛 with me...that my husband left me...wtf am I supposed to do now??', 'Some people have all the luck. You know them, the ones that have some health problems where they could easily die if they do X, Y, or Z. Then there鈥檚 us, that do everything we can to die (short of a gun in the mouth), and it still doesn鈥檛 work. This world is fucked up. I would, in a heartbeat, trade my health to someone that actually wants to live.', 'tmrw. Last month I set a date - January 7th (tmrw). I had it all planned out: the alcohol, the pills, the shinny new razor blade, a quiet place I wouldn鈥檛 be found for a few days, and a few trial runs throughout the month to figure out the dosage. But so much has changed since then. My doctor increased my antidepressant dose &amp; I started actually taking my antipsychotic again. I left my abusive husband &amp; relocated to a different state to be around family. Even though I have all the things I need to complete my suicide, something is telling me to wait. Wait, because things might actually get a little better. I don鈥檛 feel as trapped as I did just one month ago. Which makes me wonder how I鈥檓 going to feel another month from now. It鈥檚 nice to have a little hope for once. I鈥檓 still nervous about tmrw, and I hope the day goes by fast, but I think I鈥檓 gonna be alright 馃挓']","💀⚠️🕳️😰🚨,💀💊🚨⚠️😭,😔💔😢😞⚠️,💀🕳️😭⚠️,💀💊🔪⚠️🕳️",1
361,"[Timestamp('2021-03-03 01:17:34'), Timestamp('2021-03-09 00:11:59'), Timestamp('2021-03-11 00:13:17'), Timestamp('2021-03-13 18:17:35'), Timestamp('2021-03-16 22:33:06')]","['Guys can you please stop saying ""hang in there"". It might just be me but it seems like a bad choice of words read it again', ""Wednesday. I might... I do have a plan and I do have a note (perfecting it rn) but maybe I don't have the guts so I might not... we'll see"", ""I want to go to sleep but I don't wanna wake up."", 'Someone please give me the motivation to do things other than thinking about killing myself.', ""I drank around 6L of water today and didn't eat anything. im starting to feel funny and light headed kinda and im shaking will this be my only success in life""]","⚠️🕳️😰😔💔,💀📝⚠️🕳️😰,💀😴🕳️😭⚠️,💀😰🕳️😭,💀💧⚠️😵🕳️",0
294,"[Timestamp('2021-06-13 03:52:45'), Timestamp('2021-06-13 04:32:05'), Timestamp('2021-06-13 14:34:53'), Timestamp('2021-06-13 14:53:18'), Timestamp('2021-06-14 21:41:30')]","['Life is fragile, yet it is not. Dear Jesus take me home to heaven tonight. 馃檹.', 'So many things wrong with our house. Yet more reasons to pray for God to deliver me and my family from this world ASAP!.', 'If I focus on one day at a time do you think I can make it the next 60 years?.', 'I want to live but am afraid of the future which is making it hard. What. If the worst happens?.', 'Money money money. So tired of everything costing money 馃挵']","💀🙏⚠️😭🕯️,💀🙏⚠️😭🕳️,😔💀⚠️,😔😰⚠️🕳️,😔😩💸",0
