PRP$,RB,DT,JJ,NN,CC,VB,VBG,IN,NNP,NNS,PRP,VBP,MD,TO,VBZ,CD,VBD,VBN,RP,WP,WRB,FW,WDT,PDT,JJR,RBR,JJS,EX,RBS,NNPS,UH,WP$,$,'',POS,hyperactive,behavior,like,...,youre,im,kill,please,not.why,help,brother,ive,people,life,..,really,``,want,dont,think,feel,therapist.they,talk,someone,go,try,need,'',cant,tired,better,1-up,know,get,thank,hope,find,friends,suicide,things,would,gun,something,depression,way,school,time,going,one,work,anger,anticipation,disgust,fear,joy,negative,positive,sadness,surprise,trust,class_A,class_B,class_C,class_D
5.0,11.0,10.0,10.0,24.0,7.0,13.0,4.0,16.0,0.0,5.0,8.0,4.0,5.0,3.0,2.0,0.0,0.0,2.0,3.0,0.0,0.0,0.0,0.0,0.0,0.0,0.0,0.0,0.0,0.0,0.0,0.0,0.0,0.0,0.0,0.0,0.0,0.0,0.0,0.0,0.0,0.0,0.0,0.0,0.0,0.0,0.0,0.0,0.0,0.0,0.0,0.005245219763804888,0.0,0.0,0.0,0.0,0.0037674030204766164,0.0,0.0,0.0,0.0,0.007365813131070921,0.007317358779646617,0.0,0.0,0.018204034647082607,0.0,0.0,0.005765143644881094,0.006636667103892007,0.0,0.0,0.0,0.0,0.0,0.01057459341822837,0.0,0.0,0.0,0.0,0.0,0.0,0.004954004656508127,0.0,0.0,0.021101172739087935,0.1111111111111111,0.1388888888888889,0.05555555555555555,0.1388888888888889,0.05555555555555555,0.19444444444444445,0.1388888888888889,0.08333333333333333,0.027777777777777776,0.05555555555555555,0.375,0.125,0.375,0.125
6.0,21.5,18.875,22.125,34.375,10.75,20.625,7.125,25.625,0.0,12.75,27.875,14.75,5.75,9.375,9.5,1.875,4.125,3.0,2.5,2.25,3.5,0.125,1.125,0.25,0.75,0.375,0.375,0.125,0.0,0.0,0.0,0.0,0.125,0.875,0.0,0.0,0.0,0.006013843495725649,0.0028207633710592606,0.005221587880317255,0.0006796586793142417,0.0016854009854177243,0.0,0.0,0.0016203498210662303,0.0,0.002078371935408784,0.0037201269231123125,0.004198630749147108,0.00198845541548688,0.0007162147468649245,0.004488567235874628,0.0003023143501846602,0.0010927653814083982,0.0020631946322094935,0.0015432735264603007,0.0,0.0,0.0010938296695615901,0.002162564839821558,0.0010057736805478366,0.0024978935593171184,0.004650140155124518,0.0,0.009942765911659575,0.0008774212353404322,0.0,0.0009840104614756888,0.0013593173586284833,0.0,0.0,0.001693129271546811,0.0012522512407858134,0.0014161039393458122,0.0036098009660618935,0.0009479239302400608,0.0,0.0,0.0,0.0036728820039916973,0.0009250032868450797,0.004735153045176442,0.002751943193347601,0.0020293513050756184,0.0007203211577600299,0.06282722513089005,0.11867364746945899,0.04886561954624782,0.08551483420593368,0.09075043630017451,0.16404886561954624,0.16404886561954624,0.10471204188481675,0.05235602094240838,0.1082024432809773,0.46017699115044247,0.2743362831858407,0.13274336283185842,0.13274336283185842
3.0,6.75,10.0,6.75,16.75,5.25,13.0,3.25,11.25,0.0,5.5,9.75,6.0,1.25,4.5,2.5,1.25,3.5,1.25,0.75,1.0,0.25,0.0,1.25,0.25,0.0,0.25,0.5,1.0,0.5,0.0,0.0,0.0,0.0,0.0,0.0,0.0,0.0,0.0061339356085435195,0.0,0.0059915916230368505,0.0,0.0,0.01945719445544079,0.0,0.009296477083997497,0.0,0.0,0.005253805622715156,0.0012044459176700807,0.0,0.0,0.0,0.002775162145473932,0.003582601447935368,0.0,0.002361137376888571,0.0,0.0027550092200719833,0.0,0.001985174728536656,0.00230818107333098,0.0,0.0,0.00230818107333098,0.0,0.002013621083868826,0.0,0.003613177583888612,0.003119539376022971,0.0,0.0,0.005180819522152454,0.005747660072915531,0.00649972130685912,0.009941092430039574,0.0,0.0,0.008054484335475304,0.0,0.00561934020887209,0.0,0.004657220967408562,0.0,0.004657220967408562,0.0,0.05813953488372093,0.10465116279069768,0.046511627906976744,0.12790697674418605,0.08139534883720931,0.13953488372093023,0.20930232558139536,0.11627906976744186,0.011627906976744186,0.10465116279069768,0.7916666666666666,0.0,0.08333333333333333,0.125
6.0,22.25,14.25,13.0,35.25,5.5,14.75,3.75,24.75,0.0,8.25,15.0,12.25,3.0,8.75,5.5,1.5,10.0,4.25,1.5,3.25,2.0,0.0,1.0,0.75,1.75,0.0,1.25,2.0,0.0,0.0,0.0,0.0,0.0,0.0,0.0,0.0,0.0,0.007866808670531583,0.022139324803585686,0.0,0.004267549532526302,0.005952692842113665,0.0,0.0,0.0,0.0,0.0073406327931459184,0.0020214110285978523,0.001853650809463883,0.009364073729668711,0.0042160158858006195,0.0,0.0021354971119427065,0.0007351532049191251,0.0,0.0024225381124577767,0.0,0.0014133262429210883,0.0012877711003349218,0.0010183993288237691,0.0011841023473116374,0.0011763129953096217,0.0,0.0023682046946232748,0.0,0.004131969505432958,0.0,0.0027803529634887547,0.0016003310746973633,0.0,0.0017549348102853832,0.002657772662664497,0.007371408013136349,0.0033343723961901397,0.0008499673196684742,0.0014879940654359347,0.0,0.002065984752716479,0.0,0.001921823207762401,0.0021780219236352235,0.0023891653662592386,0.0009256789667592742,0.0,0.0,0.064,0.096,0.052,0.12,0.072,0.148,0.16,0.128,0.056,0.104,0.5510204081632653,0.1836734693877551,0.10204081632653061,0.16326530612244897
1.8333333333333333,3.3333333333333335,1.8333333333333333,2.5,6.333333333333333,1.5,2.5,1.5,3.3333333333333335,0.0,1.6666666666666667,2.1666666666666665,2.1666666666666665,0.6666666666666666,0.16666666666666666,0.5,0.3333333333333333,0.3333333333333333,0.3333333333333333,0.0,0.16666666666666666,0.16666666666666666,0.0,0.0,0.16666666666666666,0.3333333333333333,0.0,0.16666666666666666,0.0,0.0,0.0,0.16666666666666666,0.0,0.0,0.0,0.0,0.0,0.0,0.012557207802395696,0.017669687531918388,0.0,0.0,0.0,0.009958045275543987,0.0,0.0,0.038494732613708574,0.0,0.0,0.004931410644045424,0.0,0.006729715923372309,0.0,0.0,0.0029336774120829238,0.0,0.0024168245791736783,0.0,0.0,0.0,0.0,0.0,0.0,0.0,0.0,0.011678059962279407,0.004122224294335238,0.0,0.0,0.00425748455721374,0.0,0.01400636650473051,0.0,0.0,0.0066530166207001366,0.006783701438108765,0.0,0.0,0.0,0.0,0.0,0.0,0.0,0.007387966093191943,0.0,0.0,0.05454545454545454,0.09090909090909091,0.01818181818181818,0.03636363636363636,0.12727272727272726,0.12727272727272726,0.21818181818181817,0.12727272727272726,0.07272727272727272,0.12727272727272726,0.5454545454545454,0.18181818181818182,0.09090909090909091,0.18181818181818182
2.3333333333333335,5.62962962962963,4.481481481481482,5.481481481481482,10.925925925925926,2.2962962962962963,6.444444444444445,2.4444444444444446,9.814814814814815,0.0,2.2962962962962963,8.037037037037036,4.37037037037037,1.8518518518518519,4.111111111111111,3.0,0.2222222222222222,1.7407407407407407,1.8518518518518519,0.48148148148148145,0.5185185185185185,0.6666666666666666,0.0,0.48148148148148145,0.1111111111111111,0.07407407407407407,0.07407407407407407,0.14814814814814814,0.037037037037037035,0.0,0.0,0.14814814814814814,0.0,0.0,0.037037037037037035,0.0,0.0,0.0,0.022787601671618373,0.0,0.008510714989218003,0.005226458887455739,0.002535739246942679,0.0,0.0,0.0024378677066192833,0.0,0.0,0.00287028152096976,0.0013160360731843278,0.0,0.009698110258152844,0.0006431611231378406,0.004851642985440832,0.0018789716355334738,0.004138855697242005,0.00361185062990306,0.0,0.006622564963053197,0.0016457014363796736,0.00043381965366813123,0.0010088122717277395,0.002004352052430896,0.0006663127024174967,0.0010088122717277395,0.02368541063850023,0.0004400360273912742,0.0,0.002960949908247088,0.0011361867146642913,0.002652101306085157,0.004485422506046628,0.0011321629771471123,0.0,0.0014203821989812982,0.0014482826836647114,0.005387797242975734,0.0,0.0026402161643476452,0.0,0.000818661849832322,0.0,0.002374729321750119,0.0015772898406411803,0.001356988183857211,0.0014449947092225375,0.06274509803921569,0.10980392156862745,0.047058823529411764,0.10980392156862745,0.09803921568627451,0.1588235294117647,0.16862745098039217,0.11568627450980393,0.045098039215686274,0.08431372549019608,0.5225806451612903,0.25806451612903225,0.05161290322580645,0.16774193548387098
0.6333333333333333,3.1,2.3333333333333335,2.433333333333333,5.266666666666667,0.8666666666666667,3.6666666666666665,0.7333333333333333,3.9,0.0,0.9333333333333333,4.1,2.533333333333333,1.0666666666666667,1.7333333333333334,0.6,0.06666666666666667,0.4666666666666667,0.26666666666666666,0.43333333333333335,0.2,0.26666666666666666,0.0,0.23333333333333334,0.0,0.2,0.1,0.1,0.13333333333333333,0.06666666666666667,0.0,0.0,0.0,0.0,0.03333333333333333,0.0,0.0,0.0,0.012439850720130315,0.003500910053052989,0.006075585898126151,0.004217694981912677,0.006275362173742256,0.005918987659108389,0.0,0.0015082882446560426,0.0,0.0,0.003729219972385197,0.00390825815528086,0.003701872137990528,0.0013333642764064763,0.001193755131356777,0.001688439772620121,0.005231267759116092,0.003841012810618047,0.002873084920288709,0.0,0.010057071040748754,0.007127271454377016,0.0024156051369670336,0.0018724310015432622,0.010230624985375083,0.0012367261934590175,0.0037448620030865244,0.006941351528981031,0.0024502193001843097,0.0,0.001831914803046329,0.0037959254837214096,0.0,0.006937732941595486,0.0021013791332842664,0.0,0.0026363355581092134,0.0026881209436991744,0.005882443828779442,0.0,0.0057171783670967235,0.0014192280057280192,0.001519497601651394,0.0,0.0031483394078743233,0.0,0.0,0.0,0.04964539007092199,0.1276595744680851,0.028368794326241134,0.07801418439716312,0.11702127659574468,0.11702127659574468,0.20212765957446807,0.08865248226950355,0.0673758865248227,0.12411347517730496,0.6741573033707865,0.11235955056179775,0.10112359550561797,0.11235955056179775
2.6666666666666665,7.833333333333333,6.5,7.333333333333333,15.833333333333334,5.111111111111111,8.722222222222221,3.0555555555555554,12.222222222222221,0.0,3.9444444444444446,9.666666666666666,6.444444444444445,2.0555555555555554,4.222222222222222,2.2777777777777777,0.2222222222222222,2.1666666666666665,0.8333333333333334,1.4444444444444444,1.5555555555555556,0.8333333333333334,0.0,0.3333333333333333,0.16666666666666666,0.4444444444444444,0.05555555555555555,0.3888888888888889,0.05555555555555555,0.1111111111111111,0.0,0.1111111111111111,0.0,0.0,0.5,0.0,0.0,0.0,0.011462338230819751,0.0,0.003498857325616245,0.0031575961893651958,0.0009034765239375961,0.0,0.0,0.0043430258928470545,0.0,0.002228265282741818,0.004908830226605764,0.003938758555308617,0.0,0.003839342776520263,0.006187223850896535,0.0025929394427033074,0.0028452565643559895,0.0036866556399007097,0.0033091505540461994,0.0,0.004504692147781855,0.005863586387962023,0.003245942317165964,0.0021566212827247473,0.005356086081980301,0.006409942541986188,0.0026957766034059346,0.0,0.002351753364906003,0.0,0.0010549778467489623,0.001943136116532428,0.0,0.0023972145040389143,0.004840636539535338,0.0020138464518127076,0.0007591170740518993,0.0011610425496870762,0.004065154938725945,0.0,0.004703506729812006,0.0008173164510920239,0.0013125907699948801,0.0029751451249656604,0.0003626182095183559,0.0025289270372820644,0.0018130910475917797,0.0038613556142572114,0.05830903790087463,0.09329446064139942,0.029154518950437316,0.09037900874635568,0.09912536443148688,0.13994169096209913,0.2303206997084548,0.11370262390670553,0.04664723032069971,0.09912536443148688,0.6403508771929824,0.02631578947368421,0.15789473684210525,0.17543859649122806
18.0,37.666666666666664,56.333333333333336,55.333333333333336,108.33333333333333,25.0,38.333333333333336,19.333333333333332,79.66666666666667,1.3333333333333333,33.666666666666664,37.0,27.0,14.666666666666666,22.666666666666668,18.666666666666668,3.0,6.0,9.666666666666666,3.0,2.6666666666666665,1.3333333333333333,0.0,3.6666666666666665,0.3333333333333333,2.0,1.0,1.3333333333333333,1.6666666666666667,0.3333333333333333,0.0,0.0,0.0,0.6666666666666666,0.0,0.0,0.0,0.0,0.0029094295673310244,0.0030704702924317195,0.0,0.0004932167902345973,0.0,0.0011536096166203966,0.0,0.0,0.0,0.0005655897397997675,0.0,0.0031420900606322216,0.0,0.0,0.001395975945958198,0.0009872298124063003,0.0010195731333796391,0.0,0.0002799818638168414,0.0,0.0006533737713176179,0.0005953302463843409,0.0004708010011939392,0.0016422140751240085,0.0016314111377572786,0.0,0.0,0.004058604445906942,0.0009550945906000771,0.0,0.0008568956674358785,0.00024660839511729863,0.0,0.0024338931959039904,0.004300363308278457,0.0,0.0023121959403089,0.0007858714234311794,0.0006878923384474321,0.0,0.0014326418859001155,0.0,0.0008884494173590116,0.0010068888237133328,0.0014726658651040552,0.0004279368338133038,0.0007363329325520276,0.0,0.04793028322440087,0.13725490196078433,0.017429193899782137,0.054466230936819175,0.0915032679738562,0.12418300653594772,0.3006535947712418,0.05228758169934641,0.04793028322440087,0.12636165577342048,0.6136363636363636,0.09090909090909091,0.06818181818181818,0.22727272727272727
0.75,1.75,3.0,2.0,6.25,1.25,3.0,1.0,3.0,0.0,1.25,1.25,1.25,0.5,0.75,0.75,0.0,0.5,0.5,0.0,0.25,0.75,0.0,0.0,0.0,0.0,0.0,0.25,0.25,0.0,0.0,0.0,0.0,0.0,0.0,0.0,0.0,0.0,0.0,0.015872770155791093,0.0,0.011473560077914995,0.0,0.0,0.0,0.006838425516025278,0.0,0.00877143410028453,0.004830829746310121,0.0,0.0,0.006045338032859871,0.0,0.010206952297760054,0.0026353373362778807,0.0,0.004342091616820507,0.0,0.0,0.0,0.0,0.008489411744285129,0.0,0.0,0.0,0.04196184257632601,0.0,0.0,0.0033222861682365625,0.0,0.022318106753750514,0.0,0.0,0.0,0.0,0.0,0.0053340804210118675,0.0,0.0,0.0,0.006889247600707591,0.0,0.0,0.0,0.0,0.02431999569928779,0.058823529411764705,0.11764705882352941,0.058823529411764705,0.058823529411764705,0.11764705882352941,0.17647058823529413,0.17647058823529413,0.058823529411764705,0.058823529411764705,0.11764705882352941,0.6,0.4,0.0,0.0
3.0,9.0,3.0,5.0,10.0,3.0,3.0,2.0,4.0,0.0,2.0,12.0,6.0,1.0,1.0,3.0,1.0,5.0,0.0,1.0,0.0,1.0,0.0,0.0,0.0,0.0,0.0,0.0,0.0,0.0,0.0,0.0,0.0,0.0,0.0,0.0,0.0,0.0,0.017987351716945186,0.0,0.0,0.0,0.0,0.0,0.0,0.0,0.0,0.0,0.0,0.0,0.0,0.0,0.0,0.0,0.008404589342724053,0.00925649483639935,0.006923875821416485,0.0,0.0,0.0,0.0,0.0,0.0,0.0,0.0,0.0,0.0,0.0,0.005297699565566411,0.0,0.0,0.0,0.0,0.0,0.0,0.0,0.0,0.0,0.011809615545933386,0.0,0.0,0.0,0.009104657206555476,0.0,0.0,0.0,0.1,0.2,0.0,0.2,0.0,0.2,0.1,0.2,0.0,0.0,0.8,0.0,0.2,0.0
2.75,3.75,2.75,6.0,7.75,1.5,6.0,1.5,5.25,0.0,3.25,5.25,3.75,1.25,1.25,1.25,0.5,0.25,0.25,0.75,0.25,0.75,0.0,0.25,0.0,0.25,0.0,0.0,0.0,0.0,0.0,0.0,0.0,0.0,0.0,0.0,0.0,0.0,0.006105798289238275,0.0,0.011928214515587125,0.004140306083161986,0.0,0.0,0.0,0.0,0.0,0.0,0.0026148527984614423,0.0,0.0,0.0,0.0,0.0,0.0,0.0,0.0023503064714899993,0.0,0.0,0.00499749702240066,0.0,0.0,0.0045649577707887155,0.0,0.004595186173512135,0.0,0.0,0.0,0.005394905062182309,0.002070153041580993,0.0,0.0,0.0,0.0,0.0,0.0,0.0028872545398137633,0.0,0.0,0.0,0.0,0.016904647223811,0.003090571712316997,0.0035923137884327798,0.0,0.0,0.06,0.08,0.04,0.08,0.14,0.12,0.24,0.08,0.04,0.12,0.36363636363636365,0.18181818181818182,0.2727272727272727,0.18181818181818182
2.0,1.6666666666666667,2.3333333333333335,1.6666666666666667,5.666666666666667,1.3333333333333333,2.3333333333333335,0.3333333333333333,2.0,0.0,1.3333333333333333,2.6666666666666665,2.3333333333333335,0.6666666666666666,1.0,1.0,0.0,1.6666666666666667,1.0,0.0,0.3333333333333333,0.3333333333333333,0.0,0.0,0.0,0.0,0.3333333333333333,0.0,0.3333333333333333,0.0,0.0,0.0,0.0,0.0,0.0,0.0,0.0,0.0,0.0,0.0,0.0,0.0,0.0,0.0,0.0,0.0,0.0,0.0,0.0,0.0074675646895545,0.0,0.0,0.0,0.0,0.0,0.0,0.0,0.0,0.0,0.0,0.0,0.0,0.0,0.0,0.0,0.0,0.0,0.0,0.0,0.006447048043780807,0.0,0.0,0.0,0.0,0.0,0.010272462177707558,0.008991735566848576,0.06154757393930778,0.012484450719986722,0.0,0.0,0.0,0.0,0.0,0.0,0.0,0.25,0.125,0.125,0.125,0.0,0.25,0.125,0.0,0.0,0.0,0.3333333333333333,0.0,0.3333333333333333,0.3333333333333333
2.4545454545454546,3.787878787878788,2.8181818181818183,3.909090909090909,7.636363636363637,1.303030303030303,4.2727272727272725,1.0606060606060606,4.696969696969697,0.030303030303030304,2.4242424242424243,4.7272727272727275,3.272727272727273,1.1818181818181819,1.0,1.4242424242424243,0.2727272727272727,0.3939393939393939,0.696969696969697,0.24242424242424243,0.48484848484848486,0.5454545454545454,0.0,0.3333333333333333,0.030303030303030304,0.15151515151515152,0.12121212121212122,0.06060606060606061,0.15151515151515152,0.09090909090909091,0.0,0.06060606060606061,0.030303030303030304,0.0,0.3333333333333333,0.0,0.0,0.0,0.005653791377049518,0.006819126984405397,0.006311530981548527,0.0010953722404481953,0.005093019968070551,0.011529096107850686,0.0,0.0019585781817742297,0.0,0.0006280517134912467,0.0010376903702632178,0.004757853716038971,0.0,0.0008657158833464377,0.008525787558294456,0.0014616752076889398,0.0022643432452484702,0.001662574315275611,0.0012436087640408247,0.0,0.0014510606814456804,0.0006610766692253299,0.0020911792043323022,0.0,0.0024154388204658734,0.00883268646663388,0.0012157167303709286,0.003004549407770915,0.0010605722699017846,0.0,0.002378821406868413,0.0021907444808963905,0.0,0.004504474664749496,0.0013643663061979154,0.000756821745038028,0.004279246127392078,0.0017453212437852647,0.0007638610311643208,0.0,0.0037120029446562463,0.0009214647852724396,0.0024664175269523535,0.0011180864972059458,0.0024529537619603346,0.0009503936964543033,0.0024529537619603346,0.0,0.08092485549132948,0.1001926782273603,0.057803468208092484,0.11368015414258188,0.09248554913294797,0.1579961464354528,0.16570327552986513,0.10982658959537572,0.038535645472061654,0.08285163776493257,0.6138613861386139,0.0594059405940594,0.12871287128712872,0.19801980198019803
4.0,11.75,12.5,13.0,22.25,3.75,15.25,4.0,16.25,0.0,6.5,16.25,10.75,4.0,5.75,3.25,1.0,2.75,0.75,1.0,1.0,1.5,0.0,0.0,0.75,0.75,1.25,0.5,0.0,0.0,0.0,0.0,0.0,0.0,0.5,0.0,0.0,0.0,0.0065677501334898535,0.003080570523656824,0.002138446352300981,0.002226776462490081,0.0027609529300592984,0.013888852621153457,0.0,0.009290360980652761,0.0,0.0,0.0037502494083196994,0.002579257540800074,0.0,0.0035198185257111748,0.004201703916288655,0.0049523863944723944,0.0020458539847420386,0.0011266128583775523,0.005056251422218616,0.0,0.0,0.0017918657086897101,0.0014170490660935996,0.004942848285323907,0.001636777621763059,0.0043529507467143045,0.0,0.0,0.005749418094730727,0.0,0.003223929011940085,0.005938070566640216,0.0,0.0024418994235220954,0.0018490753886629644,0.0,0.0,0.001182684790196594,0.0020704654265769748,0.0,0.0014373545236826817,0.0,0.0013370579225057493,0.0,0.0,0.0,0.0011081326205347125,0.0023599995826611504,0.0782122905027933,0.07262569832402235,0.055865921787709494,0.09497206703910614,0.1005586592178771,0.15083798882681565,0.19553072625698323,0.09497206703910614,0.055865921787709494,0.1005586592178771,0.6052631578947368,0.15789473684210525,0.15789473684210525,0.07894736842105263
0.8636363636363636,2.772727272727273,3.0454545454545454,2.909090909090909,6.409090909090909,1.0909090909090908,3.909090909090909,0.5,4.681818181818182,0.0,2.0,4.0,2.6363636363636362,1.1363636363636365,1.3636363636363635,0.8636363636363636,0.3181818181818182,0.36363636363636365,0.3181818181818182,0.13636363636363635,0.45454545454545453,0.36363636363636365,0.045454545454545456,0.13636363636363635,0.0,0.0,0.045454545454545456,0.045454545454545456,0.36363636363636365,0.0,0.0,0.0,0.0,0.045454545454545456,0.0,0.0,0.0,0.0,0.01117200022707147,0.00224578762396085,0.001558963288008389,0.0016233574210958866,0.006038343098834725,0.007593905030270956,0.0,0.005805282092740883,0.0,0.0,0.005467989544984118,0.0,0.0,0.0034213423879015095,0.0,0.005054521941216909,0.0029829237954991836,0.004106598428618416,0.0018430460819597837,0.0,0.01720394246778764,0.0,0.0,0.0,0.004772953448594436,0.0,0.002402279582315696,0.0,0.0010478555760180701,0.0,0.0014101790210500518,0.0005411191403652955,0.006315435484274725,0.005340557012595087,0.0,0.0,0.0016911744887151427,0.0008621970652752148,0.006037616207955878,0.0,0.0010478555760180701,0.005462496281039499,0.001949475340248191,0.002209360368579615,0.0,0.0,0.0008078472821164331,0.0051614379361797835,0.06030150753768844,0.12060301507537688,0.020100502512562814,0.08040201005025126,0.10050251256281408,0.12060301507537688,0.21608040201005024,0.10552763819095477,0.06030150753768844,0.11557788944723618,0.75,0.0,0.08928571428571429,0.16071428571428573
1.3333333333333333,5.555555555555555,6.444444444444445,6.444444444444445,12.222222222222221,2.3333333333333335,3.888888888888889,1.2222222222222223,7.777777777777778,0.0,2.7777777777777777,3.0,1.6666666666666667,0.8888888888888888,1.8888888888888888,2.2222222222222223,1.5555555555555556,2.3333333333333335,0.3333333333333333,0.3333333333333333,0.6666666666666666,0.3333333333333333,0.0,0.6666666666666666,0.1111111111111111,0.3333333333333333,0.1111111111111111,0.3333333333333333,0.1111111111111111,0.0,0.0,0.1111111111111111,0.0,0.0,0.2222222222222222,0.0,0.0,0.0,0.0,0.0,0.0,0.0014604963205975938,0.0,0.0,0.0,0.002611437575698973,0.0,0.0,0.0064567400816378006,0.0008458406606291506,0.0,0.003462863533385751,0.00413371517977913,0.0019489002769185865,0.00150956216349898,0.0,0.0,0.0,0.0,0.007051484471736854,0.0027882389391097368,0.0,0.0,0.004282514650489154,0.0032419112809891435,0.0040060658770278874,0.0028281927197380927,0.0,0.00063435237516491,0.0029209926411951875,0.0,0.0,0.0018191550749305542,0.0020181913201014084,0.009129058405103101,0.0011635474958568435,0.0020369627497715224,0.0,0.0,0.007371718282179517,0.0,0.0,0.001090201671982371,0.0,0.0032706050159471128,0.0,0.07692307692307693,0.1282051282051282,0.041025641025641026,0.08717948717948718,0.1076923076923077,0.12307692307692308,0.18974358974358974,0.1076923076923077,0.02564102564102564,0.11282051282051282,0.6538461538461539,0.038461538461538464,0.11538461538461539,0.19230769230769232
1.0,3.0,1.5,4.0,6.5,0.5,3.0,0.0,3.5,0.0,1.0,1.0,0.5,0.5,1.0,1.0,0.0,1.0,1.5,0.0,0.0,0.0,0.0,0.0,0.0,0.5,0.0,0.0,0.0,0.0,0.0,0.0,0.0,0.0,0.0,0.0,0.0,0.0,0.020167636773544603,0.0,0.0,0.01367555645650474,0.02543423305266748,0.0,0.0,0.0,0.0,0.0,0.0,0.007920144367709318,0.0,0.0,0.0,0.0,0.0,0.0,0.0,0.0,0.0,0.0,0.0,0.0,0.0,0.0,0.0,0.07502268824252226,0.0,0.0,0.0,0.0,0.0,0.0,0.0,0.0,0.0,0.0,0.0,0.0,0.0,0.0,0.0,0.0,0.0,0.0,0.0,0.0,0.0,0.13636363636363635,0.045454545454545456,0.045454545454545456,0.09090909090909091,0.18181818181818182,0.22727272727272727,0.13636363636363635,0.0,0.13636363636363635,0.5,0.5,0.0,0.0
6.0,8.0,6.333333333333333,9.666666666666666,21.666666666666668,8.333333333333334,6.666666666666667,2.6666666666666665,11.0,0.3333333333333333,4.333333333333333,9.333333333333334,5.333333333333333,1.6666666666666667,4.333333333333333,4.333333333333333,3.3333333333333335,7.0,5.333333333333333,0.6666666666666666,0.6666666666666666,2.3333333333333335,0.0,0.0,0.0,0.3333333333333333,0.0,0.0,0.0,0.0,0.0,0.0,0.0,0.0,0.0,0.0,0.0,0.0,0.0,0.0,0.00338587339114322,0.0035257293989426285,0.0,0.0,0.0,0.0,0.0,0.010781554414933068,0.0,0.002722549626400078,0.04126044987135276,0.0018576819996808979,0.0,0.001568255691582925,0.0,0.0,0.0026685771395042698,0.0,0.0031137343789355227,0.005674241410850749,0.002243661021314866,0.0,0.00259156456779151,0.0,0.005217450967841902,0.0,0.0,0.0,0.0030627325613430813,0.0011752431329808762,0.0,0.0,0.0029277026987163603,0.0032480266557882035,0.0,0.0018725842511446071,0.004917355388120315,0.0,0.0,0.003954619703460886,0.0,0.0,0.0,0.002039386473641526,0.0017545433158466283,0.0,0.10256410256410256,0.038461538461538464,0.05128205128205128,0.14102564102564102,0.0641025641025641,0.21794871794871795,0.07692307692307693,0.19230769230769232,0.0641025641025641,0.05128205128205128,0.5517241379310345,0.034482758620689655,0.06896551724137931,0.3448275862068966
0.7272727272727273,2.5090909090909093,2.890909090909091,2.8545454545454545,6.054545454545455,1.2727272727272727,2.3636363636363638,0.9272727272727272,3.709090909090909,0.0,1.490909090909091,2.418181818181818,1.7272727272727273,0.43636363636363634,1.018181818181818,0.9454545454545454,0.45454545454545453,1.709090909090909,0.6545454545454545,0.34545454545454546,0.16363636363636364,0.5272727272727272,0.0,0.23636363636363636,0.01818181818181818,0.10909090909090909,0.01818181818181818,0.18181818181818182,0.05454545454545454,0.0,0.0,0.0,0.0,0.0,0.0,0.0,0.0,0.0,0.008819486417788618,0.0,0.0019880357525978542,0.0016101190323407721,0.0,0.0,0.0,0.0016451258122140322,0.0,0.004220302645600712,0.0017432351989742948,0.0015985612485284863,0.0,0.0032722471920984624,0.0,0.0033763058314201203,0.003328422996583378,0.001745618292287339,0.0015668709809933327,0.0,0.0006094159029109281,0.00166583234080022,0.00175650526439329,0.0015317287245040446,0.001521652590262905,0.0,0.0010211524830026966,0.0,0.0017816749243610003,0.0,0.0017983016873941028,0.002300170046201103,0.0013422714561379006,0.000756715009939569,0.0005730060327762907,0.0025427976265497867,0.0,0.0014659986797951666,0.0022456424198551493,0.0,0.0017816749243610003,0.004643957082963244,0.0008286760620626868,0.0,0.001373587427696443,0.0,0.002747174855392886,0.003656676213705351,0.06481481481481481,0.09722222222222222,0.06018518518518518,0.08101851851851852,0.0763888888888889,0.17592592592592593,0.1736111111111111,0.125,0.03009259259259259,0.11574074074074074,0.42,0.08,0.38,0.12
3.0,12.5,10.0,9.5,14.0,7.0,8.5,2.0,16.5,0.0,5.0,18.0,9.5,4.5,3.5,4.0,0.0,0.5,4.5,0.5,0.0,0.5,0.0,1.0,0.5,0.5,0.0,0.0,1.0,0.0,0.0,0.0,0.0,0.0,0.0,0.0,0.0,0.0,0.005995783905648395,0.0,0.0,0.0,0.0,0.0,0.0,0.0,0.0,0.0,0.0025677383336242987,0.004709275029448784,0.0,0.006426575566463646,0.0,0.005425316987097687,0.0014007648904540086,0.003085498278799783,0.0,0.0,0.0,0.004907452031006053,0.0,0.0,0.0,0.0,0.0,0.0,0.0,0.0,0.0035317997103776074,0.0,0.0,0.006687724547303757,0.0,0.0,0.0,0.006478129301257019,0.005670463870985589,0.0,0.003936538515311129,0.0,0.0,0.008300029492772067,0.0030348857355184922,0.0,0.0,0.0,0.09836065573770492,0.13114754098360656,0.06557377049180328,0.06557377049180328,0.09836065573770492,0.09836065573770492,0.19672131147540983,0.06557377049180328,0.03278688524590164,0.14754098360655737,0.5,0.08333333333333333,0.25,0.16666666666666666
2.111111111111111,6.666666666666667,3.6666666666666665,4.888888888888889,11.222222222222221,2.888888888888889,4.111111111111111,1.6666666666666667,5.333333333333333,0.1111111111111111,2.0,3.888888888888889,3.0,0.4444444444444444,2.5555555555555554,0.7777777777777778,0.3333333333333333,3.2222222222222223,1.0,0.5555555555555556,0.3333333333333333,1.1111111111111112,0.0,0.0,0.1111111111111111,0.0,0.0,0.1111111111111111,0.2222222222222222,0.0,0.0,0.0,0.0,0.0,0.3333333333333333,0.0,0.0,0.0,0.006791142995173182,0.01274140733594115,0.0,0.005372540036484005,0.0028548628936667575,0.010770946930690436,0.0,0.005489348373408046,0.0,0.0017602537820298886,0.0019389044560020215,0.0017779915927510714,0.0,0.004852720325697039,0.006516928523223221,0.004096667929032947,0.00317316128245704,0.0,0.0008713721271850677,0.0,0.0,0.005558440565731346,0.004395744041759738,0.0017036574588871517,0.0016924503299862923,0.0067515154438834105,0.0017036574588871517,0.0,0.0,0.0,0.002666869169060642,0.000767505719497715,0.0,0.0,0.0057359073280973585,0.006363480795013623,0.0,0.0,0.0,0.0,0.0,0.00774782635780092,0.0013825360831351966,0.006267369208827887,0.0011458242062671858,0.0026636884553685237,0.0,0.0048805433546189785,0.0859375,0.109375,0.0546875,0.1484375,0.0546875,0.1875,0.1171875,0.1328125,0.0390625,0.0703125,0.6451612903225806,0.12903225806451613,0.16129032258064516,0.06451612903225806
3.4,9.8,7.7,7.7,12.9,4.4,7.3,2.6,10.2,0.0,5.1,8.5,5.9,1.7,2.6,1.5,0.6,2.6,1.3,0.3,1.2,0.9,0.0,0.1,0.2,1.1,0.3,0.8,0.1,0.0,0.0,0.0,0.0,0.0,0.2,0.0,0.0,0.0,0.00825039686190461,0.0,0.004029469159707634,0.000932424303852596,0.0,0.0021808942132389725,0.0,0.0008336097219948169,0.0,0.0010692450659437753,0.004711057107971855,0.003780068902770357,0.0,0.0036846585117637646,0.0026390867573383293,0.0006221179602973587,0.0022487485947991007,0.0007076246052619337,0.002117218226383553,0.0,0.0012352004147843398,0.004501877482989024,0.005340284083790756,0.0010348663076711212,0.003084176014561797,0.002734084766531299,0.005174331538355606,0.005115183289262882,0.0018056023768575839,0.0,0.002024947147995426,0.001864848607705192,0.0,0.0030675100196310623,0.0011614027234577299,0.0,0.002914131247083531,0.0014856866785940685,0.0006502288116522732,0.0,0.0009028011884287919,0.0015687747583977073,0.0008398049761193137,0.003807038321064874,0.0027840687325830795,0.0032360512639601074,0.0006960171831457699,0.0029646275749131814,0.06545454545454546,0.10909090909090909,0.06181818181818182,0.07636363636363637,0.10545454545454545,0.14181818181818182,0.1709090909090909,0.09818181818181818,0.04363636363636364,0.12727272727272726,0.5166666666666667,0.15,0.13333333333333333,0.2
1.0,0.0,1.0,0.0,2.0,1.0,3.0,0.0,0.0,0.0,0.0,1.0,0.0,1.0,1.0,0.0,0.0,0.0,0.0,0.0,0.0,0.0,0.0,0.0,0.0,0.0,0.0,0.0,0.0,0.0,0.0,0.0,0.0,0.0,0.0,0.0,0.0,0.0,0.0,0.0,0.0,0.0,0.0,0.0,0.0,0.08069342108909827,0.0,0.0,0.0,0.0,0.0,0.0,0.0,0.0,0.0,0.0,0.0,1.1042921835724493,0.0,0.0,0.0,0.10017505858256454,0.0,0.0,0.0,0.0,0.0,0.0,0.0,0.04512933630646565,0.0,0.0,0.0,0.0,0.0,0.0,0.0,0.0,0.0,0.0,0.0,0.0,0.0,0.0,0.0,0.0,0.0,1.0,0.0,0.0,0.0,0.0,0.0,0.0,0.0,0.0,1.0,0.0,0.0,0.0
1.380952380952381,4.380952380952381,3.5238095238095237,3.9523809523809526,9.476190476190476,1.2380952380952381,2.8095238095238093,1.0,6.571428571428571,0.0,1.8571428571428572,2.238095238095238,2.0,0.7619047619047619,1.619047619047619,1.380952380952381,0.23809523809523808,1.8095238095238095,0.7142857142857143,0.19047619047619047,0.19047619047619047,0.38095238095238093,0.0,0.19047619047619047,0.047619047619047616,0.3333333333333333,0.0,0.19047619047619047,0.09523809523809523,0.0,0.0,0.0,0.0,0.0,0.0,0.0,0.0,0.0,0.013557133608882763,0.03295069508267003,0.0,0.005014370700718405,0.0031086284842149143,0.0,0.0,0.0007471613063805396,0.0,0.002875081177315485,0.0036946901578260743,0.0043560794022401254,0.0,0.005944582398978873,0.0,0.0027880101183696444,0.0005758700105199813,0.0012684826257287998,0.004269723423206832,0.0,0.0,0.0030262620857870663,0.001595492281823905,0.002782640516182348,0.0018428903593184073,0.0,0.002782640516182348,0.0022923599185215135,0.0,0.0,0.0007259810515776192,0.0008357284501197342,0.007315379435951557,0.0013746989347235502,0.0,0.001154853922058028,0.0026119250436822763,0.0006658077337403048,0.0034967860537744467,0.0,0.0016183547229612419,0.001406087005674982,0.0022581422691208214,0.006824468694057033,0.001247675246824269,0.0014502303812561964,0.0006238376234121345,0.0,0.0830188679245283,0.10943396226415095,0.06415094339622641,0.1018867924528302,0.0830188679245283,0.16226415094339622,0.12452830188679245,0.10566037735849057,0.06037735849056604,0.10566037735849057,0.6060606060606061,0.15151515151515152,0.12121212121212122,0.12121212121212122
0.8421052631578947,1.4736842105263157,1.736842105263158,2.210526315789474,4.578947368421052,1.0526315789473684,2.3684210526315788,0.47368421052631576,2.3157894736842106,0.0,0.7894736842105263,2.4210526315789473,1.2105263157894737,0.3684210526315789,1.1578947368421053,0.47368421052631576,0.47368421052631576,0.7368421052631579,0.3157894736842105,0.0,0.10526315789473684,0.15789473684210525,0.0,0.10526315789473684,0.0,0.05263157894736842,0.0,0.0,0.0,0.0,0.0,0.0,0.0,0.0,0.0,0.0,0.0,0.0,0.008018457994300867,0.0,0.0,0.011780750441446854,0.0,0.004239167868303866,0.0,0.006481399284264921,0.0,0.0,0.0034339633136421348,0.001049657687286777,0.0,0.001432429493729849,0.0,0.0036277722022159233,0.0012488747216095979,0.0,0.0,0.0,0.01200475905131768,0.0021876593391231803,0.0,0.0,0.007993259389814779,0.0,0.004023094722191346,0.0,0.0,0.0,0.002361625107541653,0.0018124231448379776,0.0,0.0,0.0,0.0,0.005664415757383249,0.0,0.0025277971473068287,0.0,0.003509684941361729,0.0,0.0,0.0,0.0013529008700504121,0.0,0.0013529008700504121,0.0,0.10655737704918032,0.09016393442622951,0.040983606557377046,0.13934426229508196,0.08196721311475409,0.14754098360655737,0.1885245901639344,0.09836065573770492,0.00819672131147541,0.09836065573770492,0.575,0.0,0.2,0.225
1.2093023255813953,3.24031007751938,3.007751937984496,3.798449612403101,6.364341085271318,1.5271317829457365,4.689922480620155,1.193798449612403,4.9147286821705425,0.0,1.7906976744186047,4.992248062015504,3.387596899224806,1.2015503875968991,1.875968992248062,1.0465116279069768,0.13178294573643412,0.5813953488372093,0.40310077519379844,0.23255813953488372,0.5426356589147286,0.3953488372093023,0.007751937984496124,0.20155038759689922,0.06976744186046512,0.17829457364341086,0.06201550387596899,0.11627906976744186,0.3953488372093023,0.007751937984496124,0.0,0.007751937984496124,0.0,0.0,0.03875968992248062,0.0,0.0,0.0,0.009675439448990245,0.0,0.012151171796252302,0.004452011369796715,0.00029052602656214153,0.01059571864902119,0.0,0.0027931263789926714,0.0014124062502779888,0.0,0.004834174038277106,0.0016284408980336916,0.0,0.0008642175865597532,0.001105328825330349,0.0025013922557335128,0.0027986206118728063,0.002370995562109906,0.0029262901965903523,0.0,0.004966454834937657,0.001131312929266193,0.001789337138494099,0.0013869859270690833,0.004994749571984468,0.0011451168457953865,0.0024272253723708953,0.004713263383876009,0.0037812026237412193,0.0,0.0026460991599558084,0.002186952953584351,0.0,0.001027812287643776,0.0013620049937953578,0.0010793027308953532,0.00048821028853874323,0.002489000873795532,0.0017429463196383535,0.0014912877036177034,0.0021174734692950828,0.0002628200010607443,0.0033766613370030973,0.0012756016250573894,0.002332103265092092,0.0024396398937020125,0.001982287775328278,0.0019866801609663962,0.07778556412053259,0.10581639803784162,0.05466012613875263,0.09460406447091801,0.07778556412053259,0.1513665031534688,0.1723896285914506,0.10371408549404344,0.053258584442887176,0.10861948142957253,0.4798994974874372,0.08542713567839195,0.1934673366834171,0.24120603015075376
2.0,9.0,8.0,4.0,19.0,2.0,7.0,2.0,11.0,0.0,6.0,7.0,8.0,3.0,3.0,1.0,0.0,1.0,3.0,1.0,0.0,3.0,0.0,1.0,0.0,1.0,0.0,0.0,0.0,0.0,0.0,0.0,0.0,0.0,1.0,0.0,0.0,0.0,0.0,0.019112111003911723,0.0,0.0,0.0,0.0,0.0,0.008234022560112068,0.0,0.0,0.0,0.0,0.0,0.0,0.013033857046446442,0.0,0.00317316128245704,0.0,0.005228232763110406,0.0,0.0,0.0,0.0,0.0,0.010154701979917753,0.013503030887766821,0.0,0.0,0.0,0.0,0.0,0.00460503431698629,0.0,0.0,0.0,0.025453923180054492,0.0,0.0,0.006422668262034697,0.0,0.0,0.0,0.0,0.0,0.006874945237603115,0.0,0.0,0.0,0.0,0.16666666666666666,0.0,0.1111111111111111,0.05555555555555555,0.16666666666666666,0.16666666666666666,0.1111111111111111,0.0,0.2222222222222222,1.0,0.0,0.0,0.0
4.92,13.16,15.6,14.84,30.56,5.32,13.16,5.68,20.52,0.04,8.32,14.4,9.12,2.72,6.04,5.48,1.52,4.72,2.44,1.08,3.32,1.16,0.04,0.44,0.16,1.0,0.36,0.52,0.24,0.0,0.0,0.16,0.04,0.2,1.68,0.0,0.0,0.0010166704046868115,0.005464138042093366,0.0007688780288930004,0.009874074125895499,0.00222312001509683,0.002411866927408123,0.00043331395698179915,0.0,0.00215314957750057,0.0016750581514996343,0.0014871109537838714,0.002574062812278546,0.0017166815378286207,0.0,0.002196274285337022,0.01625486769585562,0.0003708190797831547,0.001531870963944778,0.0021089304738101966,0.0013671528202386408,0.0,0.0004908349759898361,0.002012538825523418,0.0017684027754205844,0.0006168414937350032,0.001429828727057385,0.011407732991389212,0.0018505244812050095,0.0010163172052558432,0.0030493629632151477,0.0,0.0020921128826251593,0.0013894500094355187,0.0,0.0,0.00046150978501932773,0.0020480168075905913,0.003184489893159425,0.0010331499316659901,0.0010335328237756985,0.0008843042232659163,0.0014349943356306576,0.00467541245729366,0.0016685780313700652,0.0026474232002807454,0.0016594695401110967,0.0016073982058258333,0.0019360477967962793,0.0011780621890459602,0.07579672695951765,0.08871662360034453,0.04995693367786391,0.1024978466838932,0.06890611541774333,0.16795865633074936,0.17829457364341086,0.10852713178294573,0.04392764857881137,0.11541774332472007,0.585,0.08,0.205,0.13
4.2,6.8,8.2,5.8,11.6,3.4,6.2,1.2,10.8,0.0,4.0,6.4,4.6,2.4,2.8,1.2,0.4,1.0,0.4,0.0,0.4,0.0,0.2,0.4,0.4,0.2,0.0,0.4,0.2,0.0,0.0,0.0,0.0,0.0,0.0,0.0,0.0,0.0,0.0033612727955907675,0.009459529688804794,0.0,0.002279259409417457,0.0,0.005331074743473044,0.0,0.002037712653765108,0.0,0.0,0.002878979343760578,0.003960072183854659,0.0,0.003602777211502348,0.0,0.001520732791837988,0.0015705545741454038,0.0017297490350847268,0.0025877111655798982,0.0,0.0,0.0,0.0,0.007589019589588222,0.0,0.0,0.0025296731965294074,0.006251890686876855,0.0022068473494926025,0.0,0.0009899741612422082,0.0011396297047087285,0.0,0.0037491789128824096,0.002838984435118895,0.0,0.0,0.009079196369185975,0.0,0.010879621655938245,0.0022068473494926025,0.0,0.002052856608291656,0.0,0.0,0.0,0.0017013753365785489,0.0,0.06862745098039216,0.0784313725490196,0.0392156862745098,0.049019607843137254,0.14705882352941177,0.13725490196078433,0.23529411764705882,0.0784313725490196,0.058823529411764705,0.10784313725490197,0.3181818181818182,0.09090909090909091,0.2727272727272727,0.3181818181818182
4.0625,7.25,8.5,7.75,20.0,3.5625,7.8125,1.9375,9.75,0.0625,3.8125,7.5625,3.0625,1.25,4.0625,2.625,0.9375,6.75,1.8125,0.5625,0.5625,1.5625,0.0,0.125,0.375,0.0625,0.0625,0.1875,0.4375,0.0625,0.0,0.0,0.0,0.0,0.0625,0.0,0.0,0.0,0.003274450251055212,0.009215187593522012,0.0,0.0074938012317009375,0.0010323858434662077,0.0,0.0,0.0024813475119648916,0.0,0.0,0.003155191384121371,0.0028933368723366142,0.0,0.00043871456819032274,0.0007855584197735249,0.0025925407742773076,0.0022949801157253866,0.0012638018780323833,0.0012604349588802456,0.0,0.0014706937287961143,0.0,0.0010597365709531473,0.0,0.0,0.000813835809963806,0.004928662168883864,0.01674860752277711,0.0,0.0,0.0021699064641249872,0.0002775481937667014,0.0,0.0009130841632850148,0.004148479100764142,0.0007670616456473987,0.0017348579625933937,0.0008844678381790027,0.0015483923485348104,0.002649649554582746,0.0016123829343156282,0.0,0.0029997461877619767,0.0011332143587917582,0.0016574283721650807,0.0009632526517568831,0.0004143570930412702,0.000882459868547343,0.08189655172413793,0.07543103448275862,0.05603448275862069,0.10560344827586207,0.08836206896551724,0.2025862068965517,0.1271551724137931,0.1336206896551724,0.05603448275862069,0.07327586206896551,0.4392523364485981,0.14018691588785046,0.29906542056074764,0.12149532710280374
1.4285714285714286,4.285714285714286,3.9285714285714284,3.642857142857143,8.714285714285714,1.5714285714285714,5.285714285714286,1.0,5.857142857142857,0.14285714285714285,1.7857142857142858,4.357142857142857,2.642857142857143,1.4285714285714286,2.2142857142857144,1.2857142857142858,0.2857142857142857,1.1428571428571428,0.6428571428571429,0.2857142857142857,0.35714285714285715,0.2857142857142857,0.0,0.35714285714285715,0.07142857142857142,0.35714285714285715,0.21428571428571427,0.35714285714285715,0.14285714285714285,0.07142857142857142,0.0,0.0,0.0,0.0,0.14285714285714285,0.0,0.0,0.0,0.00885015975434803,0.0,0.006915826501058492,0.0060012415301151124,0.0,0.008421963823465394,0.0,0.0021461016247100602,0.0,0.0013763686487148598,0.003790145678620973,0.0055609524283916495,0.0,0.004743017871525697,0.006794244630594422,0.0008008114169785149,0.0016540947110680313,0.007287027849931402,0.002725355376514999,0.0,0.006359968093144898,0.001448742487876787,0.0034370977347802207,0.006660575703627961,0.0026467042394466484,0.0035194069867051825,0.0,0.0,0.006972698540418115,0.0,0.0005213161806541415,0.0012002483060230224,0.007004086693996172,0.003948603323142112,0.0014949971227487798,0.0,0.0018755844728569535,0.004781066173135167,0.004184983309038566,0.0,0.0,0.0,0.002162051108732701,0.0,0.0017918740246944287,0.00312416651281255,0.0017918740246944287,0.0,0.04065040650406504,0.12195121951219512,0.032520325203252036,0.08943089430894309,0.10569105691056911,0.13008130081300814,0.21138211382113822,0.0975609756097561,0.07317073170731707,0.0975609756097561,0.8157894736842105,0.02631578947368421,0.07894736842105263,0.07894736842105263
1.3333333333333333,5.444444444444445,4.666666666666667,3.888888888888889,9.777777777777779,3.2222222222222223,4.777777777777778,1.3333333333333333,7.222222222222222,0.0,1.6666666666666667,7.111111111111111,3.2222222222222223,1.5555555555555556,2.0,3.3333333333333335,0.2222222222222222,1.3333333333333333,1.3333333333333333,0.7777777777777778,1.6666666666666667,0.5555555555555556,0.0,0.4444444444444444,0.0,0.5555555555555556,0.1111111111111111,0.2222222222222222,0.1111111111111111,0.0,0.0,0.0,0.0,0.0,0.1111111111111111,0.0,0.0,0.0,0.01957447098608741,0.020657943511581057,0.00717008482830329,0.0024887501639595027,0.0,0.0,0.0,0.002966669892981554,0.0,0.0019026272496940708,0.002095727610531597,0.005765399208847225,0.007281255859650487,0.0,0.0023480110120436604,0.0022140080351758943,0.0011432713444146688,0.005036622190393763,0.0028255522653574624,0.0,0.00439586029967368,0.0020026734391237937,0.003167521441856282,0.0018414532827677303,0.005488019084734963,0.0024325312996344643,0.0,0.004551008661770652,0.0,0.0,0.0007206429556101368,0.0008295833879865008,0.0,0.0,0.0,0.002292724698203438,0.00777815913743619,0.0013218241772785463,0.0034710743916143406,0.0,0.0016064550558806444,0.0027914962612665085,0.002988717709130499,0.006774288777188967,0.0012385011641270318,0.0,0.0024770023282540635,0.005275293184771984,0.09333333333333334,0.05333333333333334,0.04,0.11333333333333333,0.05333333333333334,0.18666666666666668,0.19333333333333333,0.12666666666666668,0.02666666666666667,0.11333333333333333,0.625,0.025,0.25,0.1
1.5,5.617647058823529,4.647058823529412,6.0,10.676470588235293,2.9705882352941178,6.264705882352941,1.3823529411764706,7.352941176470588,0.058823529411764705,2.3823529411764706,6.529411764705882,4.647058823529412,1.2941176470588236,2.7058823529411766,1.2352941176470589,0.20588235294117646,1.6470588235294117,1.2941176470588236,0.38235294117647056,0.6470588235294118,0.5,0.0,0.14705882352941177,0.08823529411764706,0.29411764705882354,0.11764705882352941,0.14705882352941177,0.058823529411764705,0.0,0.0,0.058823529411764705,0.0,0.0,0.0,0.0,0.0,0.0,0.010353998481837073,0.0016188304912561357,0.005056861901378984,0.004875684562064136,0.002176308619026863,0.0009123187547170811,0.0,0.0020923099677380708,0.0,0.008051221274418471,0.0029561170789866604,0.0013553920352691832,0.0017117559151468733,0.0018496539875820174,0.0,0.00468443532420967,0.0029564977203878034,0.004736253192003816,0.003099885631368832,0.0,0.004650417464823322,0.00047081000470326013,0.0014893099951338094,0.0,0.0004300608444390406,0.0,0.0038961777322518614,0.00213980009680487,0.004154289997575529,0.0,0.0023718309204523776,0.002535355972273351,0.002276176834003942,0.007699264560940886,0.0019433670463389497,0.0032339902398167766,0.0012190488535768619,0.0012429945591003098,0.0024480524663416606,0.0,0.0049096154516801715,0.001312509910223838,0.002459169627564594,0.0015925726425197917,0.002038121189712937,0.0020305732218107502,0.0011646406798359642,0.001860258962305073,0.05502846299810247,0.10815939278937381,0.06072106261859583,0.08159392789373814,0.10056925996204934,0.1347248576850095,0.18975332068311196,0.07969639468690702,0.056925996204933584,0.13282732447817835,0.5736434108527132,0.11627906976744186,0.15503875968992248,0.15503875968992248
1.5,5.5,6.5,6.75,15.25,4.25,3.5,2.25,7.0,0.0,1.75,3.25,4.5,0.75,2.0,2.25,1.0,2.0,1.5,0.25,0.75,1.5,0.0,0.25,0.0,0.0,0.0,0.25,0.0,0.0,0.0,0.0,0.0,0.0,0.0,0.0,0.0,0.0,0.009507600193242455,0.0,0.0,0.0032235240218904033,0.0,0.0,0.0,0.0,0.0,0.0036965329422627663,0.0040716993576042455,0.001866891172388625,0.0,0.0025476781709909456,0.0,0.0,0.0,0.002446359349619828,0.0036597629341772846,0.0,0.0,0.0,0.0,0.0,0.0035541456929712137,0.0,0.007155361327326038,0.008841959685725837,0.0,0.0,0.002800212627513674,0.006447048043780807,0.0,0.005302410176790836,0.0,0.0,0.0,0.0,0.0,0.0,0.0,0.016270435351381934,0.002903325774583913,0.0,0.00962492333264436,0.0,0.00240623083316109,0.0,0.11650485436893204,0.08737864077669903,0.07766990291262135,0.1650485436893204,0.038834951456310676,0.22330097087378642,0.05825242718446602,0.13592233009708737,0.04854368932038835,0.04854368932038835,0.5666666666666667,0.13333333333333333,0.2,0.1
4.0,6.0,26.0,20.0,42.0,6.0,18.0,10.0,23.0,0.0,17.0,20.0,15.0,5.0,7.0,8.0,0.0,20.0,6.0,1.0,5.0,1.0,0.0,2.0,1.0,0.0,0.0,0.0,1.0,0.0,0.0,0.0,0.0,0.0,0.0,0.0,0.0,0.0,0.0,0.0,0.0,0.0,0.0,0.0,0.0,0.0031035931188114724,0.0,0.0,0.00219245350024844,0.0,0.0,0.0,0.0,0.0,0.0023920754283137686,0.0,0.0,0.0,0.004598746159658619,0.0,0.0,0.007705773737120348,0.0,0.0,0.0,0.0,0.0,0.0,0.00150780679943044,0.0,0.0,0.0,0.004323991678104163,0.0,0.005424767398417035,0.013828314469990947,0.0,0.0,0.003361198270765656,0.005840669100496079,0.0,0.0,0.00518265102527004,0.0,0.0,0.0,0.08888888888888889,0.13333333333333333,0.06666666666666667,0.13333333333333333,0.06666666666666667,0.17777777777777778,0.13333333333333333,0.08888888888888889,0.022222222222222223,0.08888888888888889,0.45454545454545453,0.0,0.36363636363636365,0.18181818181818182
11.8,29.0,25.4,22.8,56.8,13.2,17.4,6.6,33.8,0.2,12.0,19.0,14.4,1.8,9.0,9.6,2.6,12.6,5.6,5.2,0.8,4.6,0.4,1.0,0.8,1.2,0.8,0.8,0.8,0.2,0.0,0.0,0.0,0.0,0.8,0.0,0.0,0.0,0.012423264252503476,0.0,0.0017335671762653286,0.001805173452258626,0.0,0.0,0.0,0.0021518245623759536,0.0,0.0013800389651114327,0.0015201010935055848,0.00069697270435842,0.0,0.006657932286856338,0.0034061813081380033,0.0020073672852261443,0.001451192426510353,0.003196576216836575,0.0034157787385654657,0.0,0.0023913480030224817,0.0014526058011777917,0.004020640550196241,0.0006678337238837634,0.0006634405293546266,0.003528792072003063,0.0020035011716512904,0.006601996565341958,0.0,0.0,0.0010454127142717716,0.001805173452258626,0.0,0.0009897832330009561,0.0007494918908713883,0.0008314948238817802,0.0009402930157256193,0.00047938156829301944,0.0012588429793588007,0.0,0.001165215400532094,0.0,0.0010839082891779942,0.0,0.002694978533140421,0.0010441658745044614,0.002694978533140421,0.004782932487526599,0.07453416149068323,0.09316770186335403,0.059006211180124224,0.09627329192546584,0.059006211180124224,0.18944099378881987,0.15527950310559005,0.11490683229813664,0.049689440993788817,0.10869565217391304,0.5205479452054794,0.1232876712328767,0.2465753424657534,0.1095890410958904
5.75,7.75,12.25,9.25,30.0,6.5,12.5,3.5,14.75,0.0,6.75,7.5,7.75,3.5,6.5,3.75,0.75,0.75,2.25,1.0,1.75,0.5,0.25,1.75,0.25,0.25,0.0,0.5,0.75,0.25,0.0,0.0,0.0,0.0,0.0,0.0,0.0,0.0,0.010665577139855317,0.0,0.008334457578198695,0.003616132716864234,0.0,0.0,0.0,0.00129316379950478,0.0,0.0,0.004567611458850916,0.0016754151547077403,0.0,0.0011431889228805524,0.0,0.0,0.0,0.0,0.0016422013166180122,0.0,0.0,0.0,0.0013807144746553024,0.0016053695285667391,0.007974044823973877,0.0,0.0,0.0,0.0,0.0,0.0018847584992880502,0.0057858123469827745,0.0,0.0,0.005404989597630204,0.0,0.002260319749340431,0.0011523595391659122,0.0010086882847426288,0.0,0.00140049927948569,0.012168060626033497,0.001302774386031243,0.0,0.001079718963597925,0.0012550070607024774,0.0032391568907937755,0.004598973545698652,0.07009345794392523,0.07476635514018691,0.056074766355140186,0.1308411214953271,0.07009345794392523,0.18691588785046728,0.12149532710280374,0.14485981308411214,0.06074766355140187,0.08411214953271028,0.4583333333333333,0.1875,0.10416666666666667,0.25
3.6666666666666665,8.0,13.666666666666666,10.666666666666666,30.0,6.666666666666667,11.666666666666666,4.333333333333333,14.333333333333334,0.0,7.333333333333333,6.333333333333333,7.333333333333333,2.3333333333333335,5.666666666666667,3.0,1.6666666666666667,2.3333333333333335,2.3333333333333335,1.0,0.3333333333333333,0.3333333333333333,0.0,0.3333333333333333,0.0,0.0,0.0,0.3333333333333333,0.0,0.0,0.0,0.3333333333333333,0.0,0.0,0.3333333333333333,0.0,0.0,0.0,0.01221159657847655,0.0,0.0,0.009315688687114469,0.011550408588137984,0.0,0.0,0.0,0.0,0.0,0.0,0.0035967628091890945,0.0,0.0,0.0029296284186966777,0.0,0.0021397004978036004,0.001571056463058605,0.0011751532357449997,0.0,0.0,0.0,0.003952136844884903,0.0,0.0,0.003035084924314561,0.0,0.0,0.0,0.0,0.0008991508436970514,0.0010350765207904965,0.0,0.0034052175447280603,0.0,0.0,0.003234953035753278,0.0,0.0,0.0,0.0020043842899061253,0.0,0.0018645211396410453,0.00422616180595275,0.003090571712316997,0.0035923137884327798,0.003090571712316997,0.006582017184669632,0.0625,0.11458333333333333,0.020833333333333332,0.16666666666666666,0.052083333333333336,0.19791666666666666,0.14583333333333334,0.10416666666666667,0.041666666666666664,0.09375,0.56,0.0,0.16,0.28
1.0952380952380953,2.3333333333333335,2.142857142857143,2.9523809523809526,5.9523809523809526,1.0476190476190477,2.8095238095238093,1.4285714285714286,3.0476190476190474,0.0,0.9523809523809523,4.523809523809524,2.8095238095238093,0.6666666666666666,1.0952380952380953,0.9047619047619048,0.23809523809523808,0.7619047619047619,0.47619047619047616,0.19047619047619047,0.47619047619047616,0.6666666666666666,0.047619047619047616,0.23809523809523808,0.09523809523809523,0.3333333333333333,0.047619047619047616,0.19047619047619047,0.047619047619047616,0.0,0.0,0.0,0.0,0.0,0.0,0.0,0.0,0.0,0.01941870596497796,0.0,0.0068974821336816785,0.002992661558784194,0.0022263387022228827,0.0027998747989593175,0.0,0.0010702045237280938,0.0,0.0,0.000756018448361531,0.004159651418584735,0.010506639755039428,0.001892174768905742,0.0,0.0007986872487637178,0.002474560787910795,0.004542311789745039,0.004756721055031484,0.0,0.0031715490756266335,0.0,0.004570641019548587,0.00398574503644156,0.0026396838037982488,0.0,0.0013285816788138531,0.0,0.0011590338864709158,0.0,0.0036395336537976136,0.0,0.0,0.0,0.0,0.0016541674215154777,0.0,0.0,0.002504329534533423,0.0,0.005795169432354579,0.0,0.0010781581125775804,0.0,0.0017871210431965655,0.0020772530659903077,0.0017871210431965655,0.0,0.06282722513089005,0.13612565445026178,0.03664921465968586,0.05759162303664921,0.14659685863874344,0.08900523560209424,0.24083769633507854,0.07853403141361257,0.041884816753926704,0.1099476439790576,0.6410256410256411,0.07692307692307693,0.15384615384615385,0.1282051282051282
3.0,19.0,5.0,14.0,24.0,13.0,23.0,6.0,28.0,0.0,9.0,24.0,9.0,7.0,9.0,5.0,3.0,7.0,4.0,1.0,4.0,3.0,0.0,1.0,0.0,3.0,3.0,0.0,0.0,0.0,0.0,0.0,0.0,0.0,0.0,0.0,0.0,0.0,0.0,0.0,0.006191311343804746,0.0,0.007993616102266923,0.0,0.0,0.007685087722771265,0.0,0.0,0.0027144662384028305,0.0074675646895545,0.0,0.0033969042279879277,0.0,0.0,0.0,0.0065236249323195415,0.0024398419561181897,0.0,0.005693685721482099,0.005187877861349257,0.0,0.004770240884884026,0.0,0.0,0.0,0.0,0.0041614835733289075,0.0,0.0,0.0021490160145936025,0.0,0.0,0.0,0.0,0.0,0.006848308118471707,0.0029972451889495257,0.0,0.0,0.0,0.0,0.008774316892359043,0.0032083077775481206,0.0,0.0,0.0,0.05454545454545454,0.10909090909090909,0.05454545454545454,0.03636363636363636,0.12727272727272726,0.16363636363636364,0.14545454545454545,0.09090909090909091,0.05454545454545454,0.16363636363636364,0.5625,0.0,0.25,0.1875
0.6666666666666666,3.0,2.0,5.0,6.333333333333333,3.0,7.666666666666667,0.3333333333333333,3.0,0.0,1.0,1.3333333333333333,4.666666666666667,1.3333333333333333,2.6666666666666665,0.3333333333333333,0.6666666666666666,0.0,0.0,0.0,1.3333333333333333,0.6666666666666666,0.0,0.0,0.0,0.0,0.0,0.0,0.0,0.0,0.0,0.0,0.0,0.0,0.3333333333333333,0.0,0.0,0.0,0.012798692567826384,0.0,0.0,0.013018077780711245,0.0161409555911159,0.0,0.0,0.0,0.0,0.0,0.0,0.0,0.0,0.006859133537283316,0.012281903755305301,0.011580965107073909,0.020930659997745474,0.006586352095130306,0.0,0.0,0.0,0.0,0.008284286847931815,0.0,0.0,0.012724009875011044,0.009632217171400436,0.0,0.0,0.0,0.0188475849928805,0.0,0.0,0.0,0.0,0.0,0.0,0.0,0.0,0.0,0.0,0.0,0.0,0.0,0.0,0.0075300423642148655,0.006478313781587551,0.027593841274191917,0.05555555555555555,0.16666666666666666,0.0,0.1111111111111111,0.1111111111111111,0.1111111111111111,0.1111111111111111,0.1111111111111111,0.05555555555555555,0.16666666666666666,0.25,0.0,0.25,0.5
1.0,8.5,3.5,8.0,16.0,3.5,6.0,0.5,11.5,0.0,2.5,8.0,5.5,1.5,2.0,4.0,0.0,1.5,2.0,1.5,1.5,0.5,0.0,0.5,0.0,0.5,0.0,0.0,0.0,0.0,0.0,0.5,0.0,0.0,0.0,0.0,0.0,0.0,0.014160255606956848,0.0,0.0,0.016803476284322313,0.0,0.0,0.0,0.012876609748260362,0.0,0.011010949189718879,0.0,0.0,0.0,0.003794414297220557,0.0,0.0032032456679140595,0.0016540947110680313,0.0,0.005450710753029998,0.0,0.0,0.005794969951507148,0.004582796979706961,0.010656921125804736,0.0,0.0,0.005328460562902368,0.0,0.009296931387224155,0.0,0.006255794167849697,0.0,0.0,0.0,0.0,0.0,0.0,0.0,0.0,0.0,0.0046484656936120776,0.0,0.0,0.0,0.0,0.0,0.0035837480493888575,0.007632339075840317,0.07142857142857142,0.07142857142857142,0.07142857142857142,0.16666666666666666,0.09523809523809523,0.21428571428571427,0.09523809523809523,0.09523809523809523,0.07142857142857142,0.047619047619047616,0.6153846153846154,0.07692307692307693,0.0,0.3076923076923077
2.1666666666666665,7.066666666666666,6.066666666666666,7.4,13.566666666666666,2.966666666666667,5.9,2.3333333333333335,7.033333333333333,0.0,3.1333333333333333,4.933333333333334,4.133333333333334,1.3666666666666667,3.2333333333333334,2.466666666666667,0.5,2.4,1.6,0.6,0.6,1.1333333333333333,0.03333333333333333,0.26666666666666666,0.1,0.16666666666666666,0.1,0.1,0.03333333333333333,0.0,0.0,0.03333333333333333,0.0,0.0,0.03333333333333333,0.0,0.0,0.0,0.006030355971002216,0.0,0.0,0.004089149088724235,0.0013827507260923012,0.0,0.0,0.00033234522689084954,0.0016805772887368655,0.005968043300523082,0.0007043302018920029,0.0008611689098333031,0.0,0.0,0.0005260782498153836,0.00148816355576897,0.0012807652622767293,0.0005642344463703063,0.0010551211095239288,0.0,0.0009849044493502807,0.0013461132836285138,0.0021290753678375007,0.002062913068009978,0.00040986853131463755,0.000545015250000473,0.004125826136019956,0.006117995169694978,0.0,0.0,0.0012916961049486472,0.0016728337181144597,0.0021693052693101816,0.0,0.0013890912310219304,0.00205476480366173,0.004647247194690046,0.00029615830001628057,0.00207387640751038,0.00532330746592036,0.0017996531103769986,0.0025017693016951906,0.0016740758173053865,0.0007588989074939865,0.001109958209695396,0.0029028499394172626,0.0024974059718146403,0.0,0.10444874274661509,0.10638297872340426,0.0425531914893617,0.11798839458413926,0.0735009671179884,0.19342359767891681,0.1470019342359768,0.09284332688588008,0.03288201160541586,0.08897485493230174,0.4074074074074074,0.12962962962962962,0.21296296296296297,0.25
1.3888888888888888,2.888888888888889,3.1666666666666665,3.8333333333333335,7.722222222222222,1.0,2.0,0.9444444444444444,5.055555555555555,0.0,1.5555555555555556,3.0,2.2777777777777777,0.3333333333333333,1.0555555555555556,1.8888888888888888,0.16666666666666666,1.3888888888888888,0.2222222222222222,0.05555555555555555,0.16666666666666666,0.5,0.0,0.16666666666666666,0.0,0.05555555555555555,0.0,0.2222222222222222,0.4444444444444444,0.0,0.0,0.0,0.0,0.0,0.1111111111111111,0.0,0.0,0.0,0.018853598116911386,0.0,0.007366432760334258,0.004474580087043336,0.004755409012680039,0.0,0.0,0.0,0.0,0.001466047059254355,0.001614838272137661,0.005923280773584306,0.0,0.00505205303029366,0.0036184645624695506,0.0025589667941976345,0.0022023357342832147,0.007761820032788123,0.0,0.0,0.0,0.0,0.001220348204227916,0.0,0.0014095761955126628,0.003748716790371526,0.0,0.0035067262209677545,0.0,0.0,0.0011105659145946585,0.0006392257267204765,0.0037302218087005108,0.0,0.001592404867290485,0.0,0.0019977896934680298,0.0010185160799426759,0.0017830637101399446,0.0,0.0012378350572224796,0.00430190925249003,0.0011514606471437617,0.0,0.0076345000938822126,0.0022184827361992803,0.0038172500469411063,0.0,0.04716981132075472,0.14150943396226415,0.04245283018867924,0.07075471698113207,0.14150943396226415,0.1179245283018868,0.22169811320754718,0.08018867924528301,0.04716981132075472,0.08962264150943396,0.5116279069767442,0.13953488372093023,0.16279069767441862,0.18604651162790697
0.8823529411764706,2.0588235294117645,2.0588235294117645,2.2941176470588234,6.0588235294117645,1.2352941176470589,2.823529411764706,0.8823529411764706,3.235294117647059,0.0,1.1176470588235294,3.0588235294117645,1.6470588235294117,0.5882352941176471,1.4705882352941178,1.1176470588235294,0.23529411764705882,1.6470588235294117,0.4117647058823529,0.17647058823529413,0.17647058823529413,0.23529411764705882,0.0,0.058823529411764705,0.0,0.11764705882352941,0.0,0.058823529411764705,0.058823529411764705,0.0,0.0,0.0,0.0,0.0,0.0,0.0,0.0,0.0,0.011554375234843263,0.0,0.0,0.006267963375898006,0.0,0.0,0.0,0.002801854898927023,0.0,0.0,0.0009896491494176985,0.0009075165421333594,0.0,0.001238454666453932,0.0,0.0062730227663317,0.0021595125394499298,0.003567607384862249,0.00177905142633618,0.0,0.016606583354322788,0.0018914138036169163,0.008974644085259465,0.0034783006452279346,0.0,0.0,0.0034783006452279346,0.0042981748472278375,0.003034415105552328,0.0,0.004083643415124108,0.0023504862659617523,0.004572112147469723,0.0025775605026066564,0.0,0.0,0.007346039185356401,0.0012483895007630713,0.0032782369254135434,0.007479739888457543,0.003034415105552328,0.002636413135640591,0.0014113389182005133,0.003198969700339234,0.002339391087795504,0.0,0.0,0.00498222134117354,0.06779661016949153,0.1271186440677966,0.0423728813559322,0.06779661016949153,0.11016949152542373,0.1271186440677966,0.2288135593220339,0.09322033898305085,0.059322033898305086,0.07627118644067797,0.75,0.07142857142857142,0.10714285714285714,0.07142857142857142
3.4,8.4,9.0,9.6,22.2,4.8,10.4,2.8,12.8,0.0,4.4,8.4,7.4,3.0,4.0,3.2,1.2,3.0,3.2,1.0,1.2,1.0,0.2,0.4,0.4,0.2,0.2,0.2,0.4,0.0,0.0,0.0,0.0,0.0,0.0,0.0,0.0,0.0,0.004512081447640487,0.0,0.0,0.005354328036360331,0.0,0.0,0.0,0.0123091659288455,0.0,0.003508573640113812,0.002898497847786073,0.006201875759121535,0.0,0.0012090676065719742,0.0,0.006124171378656032,0.0021082698690223045,0.0,0.0,0.0,0.0,0.0018465327981073624,0.004380843214499535,0.0,0.0,0.0,0.010187294093142155,0.0,0.0,0.0,0.0013289144672946251,0.0,0.008927242701500205,0.012581990250012153,0.0,0.004227939782449729,0.0,0.002437533398100099,0.0,0.0,0.004443618052876629,0.0,0.001377849520141518,0.0,0.00456776022566173,0.001327329501488722,0.0057097002820771636,0.0,0.047244094488188976,0.16535433070866143,0.03937007874015748,0.05511811023622047,0.13385826771653545,0.09448818897637795,0.1968503937007874,0.03937007874015748,0.08661417322834646,0.14173228346456693,0.5813953488372093,0.023255813953488372,0.3023255813953488,0.09302325581395349
1.0,2.909090909090909,2.909090909090909,3.5454545454545454,6.454545454545454,0.9090909090909091,2.6363636363636362,1.7272727272727273,4.090909090909091,0.0,2.6363636363636362,2.6363636363636362,2.727272727272727,0.6363636363636364,2.0,0.5454545454545454,0.18181818181818182,0.8181818181818182,0.45454545454545453,0.45454545454545453,0.18181818181818182,0.36363636363636365,0.0,0.2727272727272727,0.0,0.18181818181818182,0.0,0.18181818181818182,0.0,0.0,0.0,0.09090909090909091,0.0,0.0,0.18181818181818182,0.0,0.0,0.0,0.015125727580158453,0.0,0.002954944050452265,0.0061540004054271335,0.0038151349579001216,0.0,0.0,0.0,0.0,0.0047046782901526115,0.0025910814093845196,0.0,0.0,0.0,0.005805990866144324,0.001368659512654189,0.0021202486750962948,0.001556774131576254,0.0023289400490219083,0.0,0.005434881825051094,0.0,0.0,0.0022767058768764664,0.0,0.006014986486368857,0.0,0.0,0.003972325229086684,0.0,0.003563906980471949,0.004102666936951422,0.0059853104475967285,0.0,0.0,0.00850392433515457,0.0,0.0032685106929069506,0.0028610067712700016,0.0,0.001986162614543342,0.0,0.0018475709474624902,0.0,0.0,0.001779828195178059,0.0015312378029206937,0.0,0.0625,0.109375,0.03125,0.09375,0.1171875,0.140625,0.1875,0.1015625,0.03125,0.125,0.5416666666666666,0.16666666666666666,0.08333333333333333,0.20833333333333334
5.0,9.714285714285714,8.142857142857142,8.857142857142858,21.714285714285715,5.285714285714286,12.428571428571429,3.4285714285714284,14.0,0.0,3.5714285714285716,10.0,6.428571428571429,2.0,7.0,4.0,0.2857142857142857,4.714285714285714,2.5714285714285716,1.1428571428571428,2.0,0.2857142857142857,0.0,0.8571428571428571,0.0,0.42857142857142855,0.14285714285714285,0.7142857142857143,0.42857142857142855,0.0,0.0,0.14285714285714285,0.0,0.0,1.0,0.0,0.0,0.0,0.005688307807922837,0.0,0.004167228789099348,0.0048215102891523125,0.001793439510123989,0.0,0.0,0.00517265519801912,0.0,0.008846403622509186,0.003654089167080733,0.002233886872943654,0.0,0.003810629742935175,0.0095525918096819,0.0038603217023579694,0.0013289307935076494,0.001463633798917846,0.0021896017554906833,0.0,0.0025548589775881217,0.005819734780359743,0.0009204763164368683,0.0,0.005316029882649252,0.00989645212500859,0.0010702463523778263,0.002645030675217131,0.0018673323726475868,0.0,0.0016753408882560447,0.0009643020578304626,0.0,0.0015861910785271733,0.003603326398420136,0.0026650475124416033,0.0,0.0015364793855545495,0.0,0.004602916854435412,0.0037346647452951736,0.0,0.0008685162573541621,0.0,0.0007198126423986168,0.0016733427476033035,0.0,0.004598973545698652,0.11068702290076336,0.09541984732824428,0.07633587786259542,0.09923664122137404,0.07251908396946564,0.1717557251908397,0.15267175572519084,0.10305343511450382,0.04580152671755725,0.07251908396946564,0.5344827586206896,0.08620689655172414,0.27586206896551724,0.10344827586206896
1.6547619047619047,3.4404761904761907,3.4285714285714284,4.25,8.202380952380953,2.011904761904762,3.761904761904762,1.6071428571428572,5.2023809523809526,0.0,2.2023809523809526,4.0476190476190474,2.5595238095238093,0.9761904761904762,1.6666666666666667,1.4404761904761905,0.2261904761904762,0.7261904761904762,0.6666666666666666,0.2857142857142857,0.4523809523809524,0.42857142857142855,0.011904761904761904,0.23809523809523808,0.011904761904761904,0.19047619047619047,0.047619047619047616,0.2261904761904762,0.05952380952380952,0.023809523809523808,0.0,0.0,0.0,0.0,0.23809523809523808,0.0,0.0,0.0,0.00999206389735672,0.0017042646755080519,0.016858507003035216,0.0021558600146400785,0.0015274425673121508,0.0009604666052844975,0.0,0.0022027321498388976,0.0,0.0011772397905295434,0.003371470805659566,0.004399679833017779,0.0009010471309485589,0.0016227249496757615,0.005811273842364655,0.0006849524403637889,0.002263656456275086,0.0021814669359667255,0.001981400314681969,0.0,0.0019039394928522945,0.0004956571205110754,0.0013719201149441221,0.0013672664956673958,0.0013582722393520564,0.006020459631488392,0.0004557554985557986,0.002252728582350532,0.0017891728738834475,0.0,0.0014268599375865858,0.0016425600111543456,0.0,0.0010131993968390133,0.0015344465463699942,0.0011348882946521112,0.0025667689237278053,0.0014721681464867522,0.002434068545166016,0.0009800569098615888,0.0029819547898057457,0.0006908889745809739,0.0022191025028666855,0.002934086858909871,0.0018391573247091137,0.0016033029237727738,0.0010728417727469829,0.0009792172972643174,0.07451312447078746,0.11346316680779,0.05080440304826418,0.09229466553767993,0.07705334462320068,0.1388653683319221,0.1930567315834039,0.09483488569009314,0.03895004233700254,0.12616426756985605,0.5720930232558139,0.08837209302325581,0.21395348837209302,0.12558139534883722
2.0,5.5,8.0,10.0,16.0,3.5,8.5,0.5,9.0,0.0,3.0,5.5,7.0,3.5,2.5,1.0,0.0,0.0,1.5,1.0,1.5,0.0,0.0,0.5,0.0,0.0,0.0,0.0,0.5,0.0,0.0,0.0,0.0,0.0,0.0,0.0,0.0,0.0,0.021702130875879518,0.0,0.0,0.0024526813210035674,0.0,0.0,0.0,0.0,0.0,0.0,0.0,0.0056818426985740765,0.0,0.0,0.0,0.006545762886606991,0.0,0.0037227207494214772,0.0,0.0,0.0,0.0,0.018729692004019752,0.0,0.005408482576260543,0.0,0.0,0.0,0.0,0.0,0.002130596564412578,0.0024526813210035674,0.0,0.008068885051638228,0.0,0.0,0.007665432193415375,0.007816003830864447,0.003420768965648915,0.0,0.0,0.0,0.0,0.0,0.0,0.0,0.0,0.0,0.07407407407407407,0.18518518518518517,0.05555555555555555,0.07407407407407407,0.12962962962962962,0.09259259259259259,0.16666666666666666,0.037037037037037035,0.05555555555555555,0.12962962962962962,0.6666666666666666,0.0,0.2222222222222222,0.1111111111111111
3.5555555555555554,12.11111111111111,10.555555555555555,12.333333333333334,22.77777777777778,6.444444444444445,9.333333333333334,2.5555555555555554,14.222222222222221,0.0,5.222222222222222,9.333333333333334,6.444444444444445,1.8888888888888888,4.0,4.111111111111111,1.4444444444444444,4.111111111111111,2.7777777777777777,1.5555555555555556,0.8888888888888888,0.8888888888888888,0.0,0.5555555555555556,0.1111111111111111,0.7777777777777778,0.0,0.3333333333333333,0.1111111111111111,0.1111111111111111,0.0,0.0,0.0,0.0,0.4444444444444444,0.0,0.0,0.0,0.011750966530973822,0.0,0.0,0.00651948678584576,0.0,0.0,0.0,0.00388571851151356,0.0,0.0016613631201180972,0.0032024601689022154,0.0004195261061547472,0.0063579505419741,0.00515260753683562,0.00410053929551124,0.0009666295113448526,0.0017470213802291568,0.0005497436740718715,0.0008224186368937718,0.0,0.0019192199061175614,0.0008743614373060545,0.0013829307097671087,0.0008039731828456221,0.0007986844253867896,0.004248144548960348,0.0032158927313824886,0.0039739144654947585,0.0028054945438172408,0.0,0.001573153161524536,0.0021731622619485863,0.0,0.0,0.002706832671686394,0.002001993957981814,0.0022639478709284575,0.0005771046167251438,0.0005051536835308189,0.003457728872994819,0.0007013736359543102,0.0,0.0026097310333338545,0.001478817453768378,0.0005407260299238405,0.0006285107591318988,0.0027036301496192023,0.0069095332885616995,0.09329446064139942,0.09329446064139942,0.09037900874635568,0.10204081632653061,0.07580174927113703,0.16034985422740525,0.14868804664723032,0.08746355685131195,0.04956268221574344,0.09912536443148688,0.5869565217391305,0.06521739130434782,0.1956521739130435,0.15217391304347827
0.0,11.0,5.0,6.0,12.0,2.0,7.0,0.0,7.0,0.0,2.0,3.0,6.0,2.0,4.0,1.0,1.0,1.0,4.0,0.0,1.0,0.0,0.0,0.0,0.0,0.0,0.0,0.0,0.0,0.0,0.0,0.0,0.0,0.0,0.0,0.0,0.0,0.0,0.0,0.048025304573932025,0.0,0.0,0.021521274121487865,0.05413091277988014,0.0,0.0,0.0,0.0,0.0,0.0,0.0,0.01829102276608884,0.0,0.0,0.0,0.0,0.013137610532944098,0.0,0.015329153865528728,0.0,0.0,0.0,0.0,0.0,0.0,0.03174036810260557,0.0,0.0,0.0,0.0057858123469827745,0.0,0.0,0.014413305593680543,0.0,0.0,0.0,0.0,0.0,0.0,0.0,0.02084439017649989,0.0,0.0086377517087834,0.0,0.0,0.0,0.10526315789473684,0.10526315789473684,0.15789473684210525,0.10526315789473684,0.0,0.2631578947368421,0.05263157894736842,0.21052631578947367,0.0,0.0,0.5,0.25,0.0,0.25
0.8421052631578947,2.473684210526316,1.3157894736842106,2.9473684210526314,3.6315789473684212,1.1578947368421053,1.8421052631578947,0.8421052631578947,2.526315789473684,0.0,0.9473684210526315,2.5789473684210527,1.631578947368421,0.42105263157894735,0.8947368421052632,0.7894736842105263,0.21052631578947367,0.6842105263157895,0.15789473684210525,0.42105263157894735,0.2631578947368421,0.3157894736842105,0.0,0.05263157894736842,0.10526315789473684,0.0,0.0,0.10526315789473684,0.15789473684210525,0.0,0.0,0.05263157894736842,0.0,0.0,0.0,0.0,0.0,0.0,0.013049647324058273,0.014690093163790972,0.0025493634945078364,0.004424444735928005,0.0,0.0,0.0,0.003164447885846991,0.0,0.01826522159706308,0.0,0.0020499197187012356,0.0,0.008392351622087822,0.0,0.0011808042854271437,0.00365846830212694,0.00134309925077167,0.002009281610920862,0.0,0.007033376479477887,0.008544740006928188,0.001689344768990017,0.0039284336699044915,0.0019512956745724311,0.0,0.0,0.009708818478444056,0.0,0.0,0.006149486554539833,0.0017697778943712018,0.010327594497813963,0.0,0.0022043879143276127,0.0024455730114170005,0.0,0.002819891578194232,0.0024683195673701973,0.0,0.0,0.002977596012017609,0.0,0.0,0.001321067908402167,0.0015355380507418549,0.001321067908402167,0.005626979397090116,0.07017543859649122,0.12280701754385964,0.06140350877192982,0.06140350877192982,0.09649122807017543,0.14912280701754385,0.21052631578947367,0.06140350877192982,0.05263157894736842,0.11403508771929824,0.5294117647058824,0.08823529411764706,0.2647058823529412,0.11764705882352941
2.5,11.0,6.5,10.5,18.0,3.5,9.0,2.5,9.5,0.0,7.5,6.5,7.0,2.5,4.0,1.5,1.0,2.5,1.0,0.5,0.5,0.5,0.0,0.0,0.5,0.5,0.0,0.0,0.0,0.0,0.0,0.0,0.0,0.0,0.0,0.0,0.0,0.0,0.01221159657847655,0.0,0.0,0.010350765207904965,0.0,0.0,0.0,0.0074030661549631446,0.0,0.004747840476300801,0.007844558395384326,0.0,0.0,0.006544494384196925,0.0,0.005524864087778378,0.0014264669985357336,0.0,0.0,0.0,0.0,0.0,0.0,0.0,0.0,0.0,0.004595186173512135,0.0,0.0,0.0,0.0,0.0,0.012080443105241104,0.0068104350894561206,0.0,0.0,0.0,0.0,0.0,0.0,0.0,0.006965935624444865,0.0037290422792820906,0.0,0.003090571712316997,0.0035923137884327798,0.003090571712316997,0.0,0.05660377358490566,0.1320754716981132,0.03773584905660377,0.07547169811320754,0.09433962264150944,0.11320754716981132,0.20754716981132076,0.07547169811320754,0.05660377358490566,0.1509433962264151,0.5,0.2,0.1,0.2
1.0,2.5,1.5,3.0,7.0,1.5,6.0,0.0,7.0,0.0,3.0,4.5,4.5,2.5,1.5,0.0,0.5,1.0,0.0,0.5,0.0,0.5,0.0,0.5,0.0,0.5,0.0,0.0,1.0,0.0,0.0,0.0,0.0,0.0,0.0,0.0,0.0,0.0,0.014160255606956848,0.0,0.0,0.0,0.0,0.0,0.0,0.0,0.0,0.0,0.01819269925738067,0.0055609524283916495,0.0,0.0,0.0,0.0,0.0033081894221360627,0.007287027849931402,0.016352132259089994,0.0,0.0,0.011589939903014296,0.0,0.0,0.0,0.0,0.0,0.0,0.009296931387224155,0.0,0.004170529445233132,0.004800993224092089,0.0,0.0,0.0,0.026537068847290856,0.015004675782855628,0.0,0.020087919883385118,0.0,0.0,0.0,0.0,0.0,0.0,0.0,0.0,0.0,0.16666666666666666,0.041666666666666664,0.08333333333333333,0.08333333333333333,0.08333333333333333,0.16666666666666666,0.125,0.125,0.0,0.125,0.5454545454545454,0.0,0.09090909090909091,0.36363636363636365
1.4,1.2,2.6,2.2,5.4,1.0,3.8,1.4,3.2,0.0,2.4,3.0,1.6,1.0,1.4,1.0,1.2,0.6,0.8,0.0,0.2,0.0,0.0,0.0,0.0,0.4,0.2,0.2,0.2,0.0,0.0,0.0,0.0,0.0,0.0,0.0,0.0,0.0,0.012798692567826384,0.0810427014685103,0.006250843183649022,0.0021696796301185406,0.0161409555911159,0.0,0.0,0.0,0.0,0.0,0.0,0.005026245464123222,0.0,0.0,0.0,0.0028952412767684773,0.0,0.003293176047565153,0.0,0.0,0.0,0.0,0.0041421434239659076,0.004816108585700218,0.0,0.0,0.0,0.0,0.0042014978384570705,0.0,0.0018847584992880502,0.0021696796301185406,0.012661233639146927,0.0,0.0,0.005996356902993607,0.0,0.006914157234995473,0.0,0.0,0.0,0.0,0.0,0.0,0.0,0.0037650211821074328,0.006478313781587551,0.0,0.04081632653061224,0.08163265306122448,0.02040816326530612,0.14285714285714285,0.14285714285714285,0.12244897959183673,0.20408163265306123,0.10204081632653061,0.061224489795918366,0.08163265306122448,0.5,0.08333333333333333,0.3333333333333333,0.08333333333333333
2.625,8.625,11.375,10.5,17.0,3.75,8.0,2.0,11.75,0.0,5.125,6.5,5.25,2.25,4.375,3.875,0.5,1.125,1.375,0.875,0.875,1.0,0.125,0.625,0.0,0.375,0.25,0.5,0.375,0.375,0.0,0.0,0.0,0.0,0.125,0.0,0.0,0.0,0.008933315617811704,0.0,0.005817339517668888,0.0015144072586062297,0.0,0.007084246974548072,0.0,0.002707832922452962,0.0,0.0011577508096572422,0.000637626297611403,0.00116941728919198,0.0,0.002393791570058607,0.0014287673272390955,0.0013472263659235865,0.0013913637838066663,0.006129580473320374,0.0022924689520573594,0.0,0.00133744295471056,0.002437258055667436,0.0009637201702292043,0.002241052764710616,0.0,0.0014801980167798083,0.0033615791470659236,0.00830788158390347,0.0009775296984329649,0.0,0.0017540481783083419,0.0,0.0,0.003321420244969651,0.005030146918599921,0.0013951255434258055,0.0015776728451772136,0.0008043314904245293,0.002816203533241165,0.0,0.0009775296984329649,0.0016986285974597097,0.0,0.0,0.0015072586874387143,0.0017519561652759418,0.0022608880311580713,0.0,0.0825242718446602,0.0970873786407767,0.038834951456310676,0.08737864077669903,0.0825242718446602,0.14563106796116504,0.1941747572815534,0.09223300970873786,0.04854368932038835,0.13106796116504854,0.5,0.125,0.175,0.2
1.5,1.0,2.0,1.5,5.0,0.0,2.0,1.0,2.5,0.0,0.5,2.0,0.5,1.0,0.0,1.0,0.0,0.0,0.0,0.0,0.0,0.0,0.0,0.5,0.0,0.0,0.0,0.0,0.0,0.0,0.0,0.0,0.0,0.0,0.0,0.0,0.0,0.0,0.0332766006763486,0.0,0.0,0.011282334076616413,0.0,0.0,0.0,0.0,0.0,0.0,0.0,0.026136476413440753,0.0,0.0,0.0,0.0,0.0,0.0,0.012809170269620496,0.0,0.0,0.0,0.0,0.0,0.0,0.0,0.0,0.0,0.0,0.0,0.0,0.0,0.0,0.0,0.0,0.0,0.0,0.0,0.01573553724198501,0.0,0.0,0.0,0.020323280422087392,0.0,0.0,0.0,0.0,0.0,0.25,0.0,0.0,0.25,0.0,0.25,0.0,0.25,0.0,0.0,1.0,0.0,0.0,0.0
1.7666666666666666,4.8,2.6333333333333333,5.0,8.5,2.966666666666667,4.933333333333334,0.9,6.1,0.0,3.1,4.366666666666666,3.8666666666666667,1.2666666666666666,2.6666666666666665,1.2333333333333334,0.9666666666666667,2.4,0.6,0.26666666666666666,0.6,0.8666666666666667,0.0,0.2,0.03333333333333333,0.6,0.3333333333333333,0.2,0.16666666666666666,0.03333333333333333,0.0,0.0,0.0,0.0,0.0,0.0,0.0,0.0,0.009876616639098897,0.0,0.0,0.006439688399895211,0.0009581389163676105,0.0,0.0,0.00736926219991765,0.0,0.0,0.002928276935263327,0.0020885312202521145,0.0,0.0016286527120490063,0.0,0.003437272748674904,0.002307424357220473,0.0027367947061956977,0.0038018085275129325,0.0,0.0006824623296297036,0.0018655040254851778,0.002458806598701223,0.005145979036775575,0.0022720566073788583,0.0,0.0022871017941224776,0.001413098579910522,0.004489271663008923,0.0,0.002013851547184492,0.0030910504319497014,0.0,0.0033896686061676575,0.002566753050929412,0.0014237925066468838,0.0,0.0032834353992672563,0.0003592588411412102,0.0,0.0014964238876696413,0.009534425586426247,0.0027840110167243,0.0,0.003461016951807047,0.002234944080703042,0.003461016951807047,0.002456985866880102,0.06345177664974619,0.1116751269035533,0.05583756345177665,0.08375634517766498,0.09137055837563451,0.1548223350253807,0.15228426395939088,0.12436548223350254,0.0532994923857868,0.10913705583756345,0.6260162601626016,0.06504065040650407,0.17886178861788618,0.13008130081300814
1.4782608695652173,4.434782608695652,3.9565217391304346,4.695652173913044,9.217391304347826,1.826086956521739,4.869565217391305,1.565217391304348,6.0,0.043478260869565216,2.4782608695652173,5.217391304347826,3.869565217391304,1.608695652173913,2.5652173913043477,1.6956521739130435,0.21739130434782608,0.4782608695652174,0.782608695652174,0.43478260869565216,0.2608695652173913,0.30434782608695654,0.043478260869565216,0.2608695652173913,0.043478260869565216,0.08695652173913043,0.08695652173913043,0.08695652173913043,0.08695652173913043,0.043478260869565216,0.0,0.0,0.0,0.0,0.0,0.0,0.0,0.0,0.009816106394203125,0.0,0.005752988416809719,0.00199687328789671,0.001237949396368771,0.0,0.0,0.005355758036887054,0.0030091752633135023,0.0,0.0025222916374539575,0.0007709875048212611,0.0,0.0031564154330861274,0.0,0.002220539032329805,0.00183463012201056,0.001010295896598159,0.002644961412606002,0.0,0.0035270619513605925,0.003213729648623433,0.0031768651629237045,0.002216262358021339,0.0007338943908790117,0.0,0.005171278835383124,0.0018257733864330637,0.0,0.0,0.0008673224952475983,0.0013312488585978067,0.0,0.003284678870578394,0.004145419750394847,0.0009197951591612613,0.002080294282578804,0.0026514467272843994,0.001392525419644691,0.0,0.0032223877227104372,0.003359676916214559,0.0011990135942234448,0.0013588543859848075,0.0009937236479131346,0.0017325761191998804,0.001987447295826269,0.002116341808640088,0.07785888077858881,0.08759124087591241,0.04866180048661801,0.09002433090024331,0.0948905109489051,0.1362530413625304,0.2116788321167883,0.09245742092457421,0.046228710462287104,0.11435523114355231,0.5555555555555556,0.07407407407407407,0.25925925925925924,0.1111111111111111
1.5555555555555556,11.666666666666666,9.88888888888889,9.555555555555555,19.0,5.222222222222222,9.555555555555555,3.3333333333333335,13.0,0.0,2.888888888888889,9.777777777777779,7.666666666666667,2.4444444444444446,4.333333333333333,3.4444444444444446,0.2222222222222222,1.4444444444444444,2.111111111111111,1.1111111111111112,0.7777777777777778,0.5555555555555556,0.0,0.6666666666666666,0.0,0.4444444444444444,0.4444444444444444,0.3333333333333333,0.2222222222222222,0.1111111111111111,0.0,0.3333333333333333,0.0,0.0,0.5555555555555556,0.0,0.0,0.0,0.006512054926878394,0.0036653363569145773,0.0076331235745537955,0.0,0.0016425238566301892,0.0,0.0,0.0,0.003992604361108717,0.0010127487513048674,0.0022310681411530113,0.0005114770335311301,0.0,0.0027919760777982963,0.006249109542816787,0.004124727298409885,0.0021299301758958213,0.0026809417530080305,0.0010026747764869271,0.0,0.001169935422222349,0.0010660023002772444,0.0008430194052689909,0.0,0.0009737385460195107,0.006474055905093682,0.0009801864831953475,0.0,0.0,0.0,0.0019179538544614207,0.00044157863313567164,0.0051536919705333865,0.001452715116928996,0.0,0.0,0.001380077811730361,0.0,0.004311106093694523,0.0,0.0017101987287653042,0.0,0.003977158595320429,0.0,0.0006592413241537233,0.003065066167821315,0.0006592413241537233,0.002807983847862974,0.0625,0.10197368421052631,0.05263157894736842,0.12828947368421054,0.05592105263157895,0.14802631578947367,0.17105263157894737,0.12828947368421054,0.05263157894736842,0.09868421052631579,0.34615384615384615,0.15384615384615385,0.25,0.25
2.5,7.5,8.666666666666666,10.0,18.166666666666668,4.833333333333333,8.333333333333334,2.6666666666666665,14.166666666666666,0.0,5.0,9.833333333333334,7.5,2.0,3.8333333333333335,2.3333333333333335,0.16666666666666666,1.8333333333333333,2.0,0.5,0.6666666666666666,0.3333333333333333,0.0,0.3333333333333333,0.16666666666666666,0.6666666666666666,0.0,1.1666666666666667,0.5,0.0,0.0,0.0,0.0,0.0,0.5,0.0,0.0,0.0,0.0038920000791050984,0.0,0.0076033648081812654,0.002639142474062318,0.002454180382274932,0.003086411693589657,0.0,0.003539185135486766,0.0,0.0045396018589191865,0.0016667775148087554,0.004585346739200131,0.0,0.002085818385606622,0.005602271888384874,0.0026412727437186106,0.004091707969484077,0.0060086019113469455,0.0007490742847731283,0.0,0.0,0.0,0.0012595991698609776,0.002929095280191945,0.00436474032470149,0.005803934328952405,0.0,0.0,0.001277648465495717,0.0,0.0011462858709120304,0.002639142474062318,0.0,0.006511731796058922,0.0,0.005470360683432764,0.0041240921742351725,0.002102550738127278,0.0009202068562564333,0.0,0.001277648465495717,0.004440274754763101,0.003565487793348665,0.0,0.0029550203214259003,0.0,0.0009850067738086333,0.0020977774068099116,0.08108108108108109,0.09009009009009009,0.04504504504504504,0.08558558558558559,0.08558558558558559,0.13963963963963963,0.15765765765765766,0.12162162162162163,0.07207207207207207,0.12162162162162163,0.5740740740740741,0.1111111111111111,0.1111111111111111,0.2037037037037037
2.2083333333333335,6.0,4.25,5.083333333333333,8.166666666666666,2.8333333333333335,8.125,1.375,7.625,0.0,2.7083333333333335,9.25,4.583333333333333,2.2083333333333335,3.6666666666666665,1.8333333333333333,0.4166666666666667,1.0416666666666667,0.5833333333333334,0.5833333333333334,0.7916666666666666,0.5833333333333334,0.0,0.3333333333333333,0.08333333333333333,0.4166666666666667,0.125,0.25,0.0,0.0,0.0,0.041666666666666664,0.0,0.0,0.0,0.0,0.0,0.0,0.007534324681437417,0.011779791687945592,0.0,0.0019868261266997454,0.0,0.0,0.0,0.0020300231720527867,0.0,0.0006509617759959588,0.0039436584973022255,0.0016438035480151416,0.0,0.0022432386411241033,0.0,0.0015149941775291652,0.002346941929666339,0.0017232216802353503,0.0032224327722315716,0.0,0.0030079849094622408,0.003425957078249509,0.002167461213043795,0.0018900954449540476,0.006258872918439874,0.0,0.003150159074923413,0.0,0.0038474093413795557,0.0,0.003698394036338815,0.0017029938228854962,0.0,0.0,0.006363610394191032,0.002353287237401265,0.0,0.004522467625405844,0.0035627631491286812,0.002709641619969525,0.003297779435468191,0.0009550779661188556,0.0025563874744764016,0.0011588720423870433,0.0021186938153619664,0.0014775932186383886,0.0021186938153619664,0.0009024400919861507,0.05263157894736842,0.11357340720221606,0.0443213296398892,0.08587257617728532,0.0997229916897507,0.10526315789473684,0.2077562326869806,0.0886426592797784,0.0664819944598338,0.13573407202216067,0.6056338028169014,0.14084507042253522,0.18309859154929578,0.07042253521126761
0.75,4.75,5.0,4.75,9.0,2.25,4.75,1.5,5.75,0.0,0.5,7.25,4.75,0.75,2.0,2.25,0.0,1.5,1.0,0.0,0.5,0.25,0.0,0.25,0.25,0.0,0.25,0.0,0.0,0.0,0.0,0.0,0.0,0.0,0.25,0.0,0.0,0.0,0.011574469800469077,0.008143421210362387,0.005652936444343463,0.0019621450568028543,0.007298519049895885,0.0,0.0,0.0,0.0,0.004500127060145976,0.0,0.0022727370794296308,0.0,0.0,0.005553556480659788,0.0,0.004056127900184216,0.002978176599537182,0.002227681786020956,0.0,0.005198582615266264,0.004736758047318886,0.0,0.0,0.008653572122016869,0.005753465334787602,0.008710874659353437,0.0,0.003799615436517698,0.0,0.005113431754590188,0.0,0.0,0.0,0.004887990592639489,0.0,0.0,0.0,0.0,0.0,0.0,0.006602495504908611,0.0,0.0,0.0,0.0034048887212102,0.008787973477631807,0.0,0.0975609756097561,0.04878048780487805,0.07317073170731707,0.1951219512195122,0.0,0.24390243902439024,0.14634146341463414,0.14634146341463414,0.024390243902439025,0.024390243902439025,0.6428571428571429,0.07142857142857142,0.0,0.2857142857142857
2.0,4.588235294117647,4.882352941176471,4.764705882352941,10.823529411764707,2.764705882352941,6.235294117647059,1.4705882352941178,5.823529411764706,0.0,2.6470588235294117,4.882352941176471,3.3529411764705883,1.411764705882353,2.2941176470588234,1.3529411764705883,0.6470588235294118,2.4705882352941178,0.8235294117647058,0.8823529411764706,0.29411764705882354,0.7058823529411765,0.058823529411764705,0.23529411764705882,0.17647058823529413,0.11764705882352941,0.23529411764705882,0.29411764705882354,0.058823529411764705,0.0,0.0,0.11764705882352941,0.0,0.0,0.11764705882352941,0.0,0.0,0.0,0.002492629264145962,0.001753733032194147,0.009739141439692858,0.004225593287122252,0.0015717784470749565,0.011860143811322053,0.0,0.0037777818861937395,0.015282553022670821,0.0038765139469422267,0.0016012300844511077,0.003915576990777641,0.0,0.0006679306066268396,0.0023919812557148903,0.0022554688598046563,0.0037852129904965065,0.00192410285925155,0.0019189768194188008,0.0,0.0044781797809409765,0.0030602650305711905,0.00242012874209244,0.0028139061399596777,0.002795395488853764,0.00247808432022687,0.0018759374266397852,0.002318116771538609,0.004091346209733476,0.0,0.0022024144261343507,0.002535355972273351,0.0,0.0013901449901698821,0.003157971450300793,0.001167829808822725,0.0,0.0013465774390253355,0.0029467298205964436,0.0,0.0008182692419466953,0.002843771472151649,0.0015223431027780818,0.0,0.005046776279289178,0.004399575313923292,0.0018925411047334417,0.0,0.07539682539682539,0.0992063492063492,0.05952380952380952,0.09523809523809523,0.07936507936507936,0.1626984126984127,0.17063492063492064,0.11904761904761904,0.051587301587301584,0.0873015873015873,0.5522388059701493,0.029850746268656716,0.26865671641791045,0.14925373134328357
1.0,1.0,1.5,1.0,5.0,1.0,1.0,0.0,1.5,0.0,0.5,0.5,0.0,0.0,0.0,0.0,0.0,0.5,0.0,0.0,0.0,0.0,0.0,0.0,0.0,0.0,0.0,0.0,0.0,0.0,0.0,0.0,0.0,0.0,0.0,0.0,0.0,0.0,0.0,0.0,0.0,0.026546668415568027,0.0,0.0,0.0,0.0,0.0,0.0,0.0,0.0,0.0,0.0,0.0,0.0,0.0,0.0,0.0,0.0,0.0,0.0,0.0,0.0,0.0,0.0,0.0,0.0,0.0,0.0,0.0,0.0,0.0,0.0,0.0,0.0,0.0,0.0,0.0,0.1267155934044572,0.0,0.0,0.0,0.0,0.0,0.0,0.0,0.0,0.23076923076923078,0.07692307692307693,0.07692307692307693,0.07692307692307693,0.07692307692307693,0.23076923076923078,0.15384615384615385,0.07692307692307693,0.0,0.0,0.0,0.0,1.0,0.0
0.0,6.0,3.5,1.5,6.0,0.5,3.5,2.0,4.5,0.0,4.0,3.0,3.0,0.0,1.5,0.5,0.0,2.5,0.5,0.0,0.0,0.0,0.0,0.0,0.0,0.0,0.0,0.0,0.5,0.0,0.0,0.0,0.0,0.0,0.0,0.0,0.0,0.0,0.0,0.0,0.0,0.0,0.0,0.0,0.0,0.02069062079207648,0.0,0.0,0.007308178334161466,0.0,0.0,0.0,0.0,0.007720643404715939,0.0,0.0,0.0,0.0,0.0,0.0,0.0,0.0,0.0,0.0,0.0,0.0,0.0,0.0,0.0,0.0,0.0,0.0,0.0,0.0,0.0,0.009218876313327297,0.0,0.05523500225322493,0.0,0.0,0.0,0.0,0.0,0.0,0.0,0.0,0.16,0.2,0.0,0.16,0.04,0.16,0.04,0.0,0.16,0.08,0.3333333333333333,0.0,0.5,0.16666666666666666
12.0,10.0,6.0,5.0,19.0,2.0,14.0,3.0,11.0,0.0,5.0,11.0,3.0,3.0,2.0,3.0,0.0,2.0,3.0,0.0,0.0,0.0,0.0,0.0,1.0,1.0,0.0,2.0,0.0,0.0,0.0,0.0,0.0,0.0,0.0,0.0,0.0,0.0,0.0,0.0,0.0,0.0,0.0,0.01884915712870826,0.0,0.00720476974009806,0.03643251479511705,0.0,0.005089624197005306,0.004667227930971562,0.0,0.0,0.0,0.005376876656855743,0.0027765161221499097,0.012231796748099138,0.0,0.0,0.0,0.0,0.0,0.0,0.0,0.0,0.0,0.0,0.007802781699991701,0.0,0.0,0.004029405027363004,0.0,0.0,0.0,0.01113609139127384,0.012593210032039545,0.0,0.0,0.0,0.0,0.0,0.0072583144364597825,0.0,0.0,0.006992182195342375,0.0,0.0,0.06060606060606061,0.06060606060606061,0.0,0.06060606060606061,0.12121212121212122,0.12121212121212122,0.24242424242424243,0.12121212121212122,0.030303030303030304,0.18181818181818182,0.5833333333333334,0.08333333333333333,0.25,0.08333333333333333
4.5,7.5,14.5,9.0,32.5,5.0,13.0,4.0,16.5,0.0,5.0,11.0,9.5,3.5,5.5,2.5,3.5,3.5,3.5,0.5,0.5,0.0,0.0,0.5,0.0,0.5,0.0,0.5,0.5,0.0,0.0,0.0,0.0,0.0,0.0,0.0,0.0,0.0,0.004159575084543575,0.0,0.00812609613874373,0.0014102917595770516,0.005245810567112668,0.0,0.0,0.010086677636137284,0.0,0.0,0.003562736937903715,0.003267059551680094,0.0,0.0,0.0,0.0037638136597990205,0.001943561285504937,0.0021405644309173493,0.001601146283702562,0.0,0.0,0.0,0.00538478645115568,0.0,0.0031098774813498125,0.0,0.0,0.007736714725010108,0.0,0.0,0.0036752790736116975,0.0014102917595770516,0.0,0.004639608904691982,0.0035132432384596328,0.0,0.0,0.0,0.0,0.0,0.0,0.0,0.007621230158282772,0.017274436381831865,0.0,0.0,0.004210903958031908,0.004483999207056186,0.03389830508474576,0.1694915254237288,0.0,0.05084745762711865,0.1016949152542373,0.06779661016949153,0.3050847457627119,0.01694915254237288,0.06779661016949153,0.1864406779661017,0.7857142857142857,0.07142857142857142,0.07142857142857142,0.07142857142857142
2.0,4.0,6.0,6.0,10.75,2.5,3.0,1.5,7.5,0.0,2.25,4.0,3.0,0.75,2.0,1.0,0.0,1.75,0.75,0.75,0.25,0.25,0.0,0.0,0.0,0.0,0.0,0.5,0.0,0.0,0.0,0.25,0.0,0.0,0.0,0.0,0.0,0.0,0.0235586553460875,0.0,0.0,0.00599061986369013,0.0,0.0,0.0,0.0,0.0,0.0,0.0025222916374539575,0.004625925028927566,0.0,0.0031564154330861274,0.0,0.0,0.00275194518301584,0.006061775379588954,0.004534219564467432,0.0,0.0,0.0,0.0,0.0,0.00880673269054814,0.0,0.0,0.0,0.0,0.0,0.003469289980990393,0.0,0.0116528168006308,0.0,0.0,0.005518770954967568,0.0,0.0,0.002785050839289382,0.01906340785730772,0.0038668652672525245,0.0,0.0,0.0,0.002981170943739404,0.0,0.0,0.0,0.07575757575757576,0.09090909090909091,0.07575757575757576,0.10606060606060606,0.06060606060606061,0.13636363636363635,0.16666666666666666,0.07575757575757576,0.07575757575757576,0.13636363636363635,0.6428571428571429,0.0,0.21428571428571427,0.14285714285714285
1.0789473684210527,3.6052631578947367,2.710526315789474,2.4473684210526314,6.578947368421052,1.4473684210526316,4.526315789473684,1.105263157894737,4.315789473684211,0.0,1.4473684210526316,4.947368421052632,3.236842105263158,0.7105263157894737,1.9473684210526316,1.5263157894736843,0.10526315789473684,1.0789473684210527,0.7105263157894737,0.18421052631578946,0.6842105263157895,0.8947368421052632,0.02631578947368421,0.07894736842105263,0.05263157894736842,0.23684210526315788,0.05263157894736842,0.10526315789473684,0.15789473684210525,0.05263157894736842,0.0,0.0,0.0,0.0,0.02631578947368421,0.0,0.0,0.0,0.016392414126280095,0.0,0.0,0.0,0.0,0.0038998256128361924,0.0,0.004968806717309007,0.0,0.0,0.0031590770877963975,0.0006437555766857328,0.0,0.011420626283752516,0.0007865258562510784,0.0018540953989157735,0.0017233548344378752,0.004217860947620393,0.0037859616560454667,0.0,0.0007362524639847542,0.004025077651046836,0.002122083330504701,0.0,0.0006127837401674507,0.0008148380708135151,0.002467365974940013,0.004573427423651295,0.0032287372551689794,0.0,0.0009655905612116118,0.0027789000188710375,0.004864907506667291,0.0036568346046833354,0.0027690587101159665,0.0007680063028464719,0.0017369944871778683,0.002213892710712836,0.0019378740445794348,0.0,0.0021524915034459866,0.0,0.0015017202282330585,0.0,0.002074336925138871,0.0014466583852432498,0.0004148673850277742,0.003534186567137881,0.07142857142857142,0.12202380952380952,0.044642857142857144,0.07738095238095238,0.10119047619047619,0.1488095238095238,0.18452380952380953,0.06547619047619048,0.02976190476190476,0.15476190476190477,0.5617977528089888,0.06741573033707865,0.1797752808988764,0.19101123595505617
1.75,6.25,6.0,6.0,12.75,2.75,7.5,3.25,8.75,0.0,1.5,6.25,3.75,2.0,1.5,1.0,0.25,0.75,0.5,0.75,0.5,0.25,0.0,0.5,0.0,0.5,0.0,0.0,0.25,0.0,0.0,0.0,0.0,0.0,0.75,0.0,0.0,0.0,0.004159575084543575,0.0,0.0,0.0,0.0,0.0,0.0,0.0,0.0,0.0,0.0,0.006534119103360188,0.0,0.0022292183996170775,0.011974856161422668,0.0,0.0029153419282574055,0.004281128861834699,0.001601146283702562,0.0,0.0,0.0,0.0,0.0031304705807051417,0.0,0.012405909628135767,0.0,0.0,0.0027309735949970957,0.0,0.00490037209814893,0.0,0.0,0.004639608904691982,0.017566216192298163,0.0,0.0,0.0,0.003933884310496252,0.0,0.0027309735949970957,0.004745543644153065,0.005080820105521848,0.0,0.0,0.0,0.002105451979015954,0.0,0.11392405063291139,0.0759493670886076,0.06329113924050633,0.11392405063291139,0.0379746835443038,0.22784810126582278,0.06329113924050633,0.16455696202531644,0.11392405063291139,0.02531645569620253,0.35,0.1,0.25,0.3
4.0,15.666666666666666,10.333333333333334,10.666666666666666,20.666666666666668,4.666666666666667,16.333333333333332,2.3333333333333335,18.333333333333332,0.0,6.0,10.666666666666666,6.333333333333333,4.666666666666667,5.333333333333333,3.6666666666666665,0.6666666666666666,3.3333333333333335,3.0,0.6666666666666666,1.3333333333333333,1.0,0.0,1.0,0.0,0.6666666666666666,0.0,0.3333333333333333,0.3333333333333333,0.0,0.0,0.0,0.0,0.0,0.0,0.0,0.0,0.0,0.006278603901197848,0.0,0.0,0.001064371139303435,0.0,0.06472729429103592,0.0,0.0019031467237994875,0.0,0.0,0.002688858066342426,0.0036985579830340685,0.0,0.0033648579616861545,0.0,0.0,0.0022002580590621927,0.0,0.0012084122895868392,0.0,0.0,0.0051389356173742635,0.0,0.0023626193061925594,0.0023470773444149527,0.0,0.0023626193061925594,0.0,0.0,0.0,0.0,0.00212874227860687,0.0,0.0035015916261826275,0.00265150433091293,0.0029416090467515804,0.0033265083103500683,0.0,0.0059379385818811355,0.0,0.002061112147167619,0.0035815423729457087,0.001917290605857301,0.0,0.0,0.0,0.0,0.0,0.08602150537634409,0.03225806451612903,0.03225806451612903,0.0967741935483871,0.10752688172043011,0.13978494623655913,0.24731182795698925,0.12903225806451613,0.03225806451612903,0.0967741935483871,0.5238095238095238,0.047619047619047616,0.19047619047619047,0.23809523809523808
8.0,26.0,42.0,32.0,87.0,23.0,39.0,8.0,52.0,0.0,14.0,30.0,15.0,7.0,12.0,7.0,7.0,16.0,3.0,3.0,0.0,4.0,0.0,1.0,0.0,1.0,0.0,0.0,0.0,0.0,0.0,0.0,0.0,2.0,0.0,0.0,0.0,0.0,0.008913375181164801,0.0,0.0029021771924084743,0.001007351256840751,0.0037470075479376194,0.0,0.0,0.0,0.0,0.0,0.0012724060492513266,0.0011668069827428906,0.0,0.003184597713738682,0.0,0.0026884383284278713,0.0006941290305374774,0.0,0.0,0.0,0.0,0.0024318177475074637,0.015385104146159083,0.0,0.0,0.0,0.0,0.0,0.0,0.0,0.0,0.005036756284203755,0.0,0.0,0.0025094594560425947,0.00278402284781846,0.0,0.0,0.00280991736464018,0.0,0.005852086274993775,0.0,0.0,0.016451844173173205,0.004511682812177044,0.0,0.006015577082902725,0.009608569729406113,0.06140350877192982,0.15789473684210525,0.043859649122807015,0.07894736842105263,0.08771929824561403,0.12280701754385964,0.18421052631578946,0.07017543859649122,0.05263157894736842,0.14035087719298245,0.5,0.0,0.4,0.1
9.333333333333334,17.88888888888889,21.22222222222222,21.666666666666668,43.111111111111114,10.222222222222221,21.22222222222222,6.666666666666667,31.555555555555557,0.1111111111111111,10.11111111111111,16.666666666666668,12.666666666666666,6.222222222222222,11.222222222222221,7.444444444444445,0.7777777777777778,3.6666666666666665,4.444444444444445,1.7777777777777777,1.5555555555555556,2.0,0.1111111111111111,1.3333333333333333,0.4444444444444444,0.8888888888888888,0.7777777777777778,0.7777777777777778,0.6666666666666666,0.2222222222222222,0.0,0.1111111111111111,0.0,0.0,0.4444444444444444,0.0,0.0,0.0,0.00415216051220036,0.0,0.001158801588412653,0.001206666746162183,0.0,0.0009407778959070077,0.0,0.002876770805315446,0.0,0.00184497187849122,0.0035563862481748313,0.004891853874173402,0.005295458807018536,0.0015894605344863298,0.0022768591631938525,0.0034887399342165607,0.0024944102059956414,0.0018314989783250048,0.0013699647347187695,0.0,0.0005328315514755975,0.0014564897739082136,0.0011518259788568298,0.0008928258340692025,0.0013304288690266575,0.0023588182299485714,0.001785651668138405,0.004413099308383662,0.0003894436499104592,0.0,0.0013976105805772348,0.0018100001192432747,0.0011735902838424957,0.0006616198081557192,0.002504986266281378,0.0005558120480493183,0.0006285381121160557,0.0025635377983583927,0.0014024542996421577,0.0,0.0042838801490150515,0.002030179099102915,0.0018113440661396963,0.0032845036495461654,0.0027021843580953423,0.0010469577618694465,0.00030024270645503796,0.001918288430826176,0.05523809523809524,0.13904761904761906,0.0380952380952381,0.08761904761904762,0.07047619047619047,0.14666666666666667,0.2019047619047619,0.08761904761904762,0.030476190476190476,0.14285714285714285,0.6407766990291263,0.10679611650485436,0.11650485436893204,0.13592233009708737
5.1,17.7,16.733333333333334,19.033333333333335,35.833333333333336,8.533333333333333,13.4,4.866666666666666,20.8,0.06666666666666667,8.6,11.5,9.433333333333334,3.1,5.5,5.333333333333333,1.6,4.5,3.5,1.9333333333333333,1.2333333333333334,1.6666666666666667,0.03333333333333333,0.9333333333333333,0.36666666666666664,0.9666666666666667,0.5666666666666667,0.5,0.2,0.1,0.0,0.23333333333333334,0.0,0.06666666666666667,0.5,0.0,0.0,0.0,0.01258491043542966,0.0017708668878506292,0.003687859577620854,0.003342387025534014,0.0,0.0006653342573007644,0.0,0.0,0.0,0.003261989359702409,0.0014372213301344957,0.0009060864813988284,0.0018725196285769925,0.0025854156037159928,0.0040255845904561965,0.0018030245076881535,0.0011760597756600942,0.001942901216842725,0.00024221563699250857,0.0,0.0013188966294640223,0.0013734060521693587,0.0027153035997003108,0.0003157108685236827,0.002038621229501295,0.003127868800034231,0.0012628434740947307,0.003511146928463459,0.0006885530652372128,0.0,0.0012355177051746435,0.0019200946742429445,0.0004149915847687615,0.0016376810505058365,0.0008857846173235758,0.0015723192383519321,0.0,0.0016996667643543867,0.0018844954780820372,0.0006789048496299313,0.001927948582664196,0.0,0.0010248108627588977,0.0026132144542323653,0.0024418730799806838,0.00148085295785379,0.00286654665910776,0.002713292933358928,0.06326219512195122,0.12042682926829268,0.04649390243902439,0.0625,0.11814024390243902,0.11661585365853659,0.22408536585365854,0.06326219512195122,0.054878048780487805,0.13033536585365854,0.4268292682926829,0.12195121951219512,0.16463414634146342,0.2865853658536585
2.5294117647058822,6.794117647058823,4.985294117647059,6.514705882352941,12.808823529411764,4.220588235294118,7.411764705882353,2.6911764705882355,9.455882352941176,0.029411764705882353,3.7941176470588234,7.088235294117647,4.338235294117647,1.838235294117647,3.7941176470588234,2.2058823529411766,0.45588235294117646,1.6323529411764706,1.5735294117647058,0.5735294117647058,0.5441176470588235,0.7941176470588235,0.029411764705882353,0.29411764705882354,0.08823529411764706,0.5147058823529411,0.19117647058823528,0.20588235294117646,0.11764705882352941,0.11764705882352941,0.0,0.04411764705882353,0.0,0.0,0.029411764705882353,0.0,0.0,0.0,0.007642042708516394,0.005060417097962443,0.011197052430285178,0.0027434246994811943,0.0017007693834610472,0.0010694557236146534,0.0,0.0038152917772623298,0.0006890310126736085,0.002272100626449927,0.0028877300408540747,0.001853650809463883,0.0,0.0031318975151661743,0.0004313806114663125,0.0015253550799590762,0.001522817353046759,0.002544676392039537,0.00224949967585365,0.0,0.0010095187449436346,0.00275950950071769,0.0016003418024373515,0.0023682046946232748,0.0031928495586975446,0.00044690882370859464,0.002199047216435898,0.002926416917261506,0.001770844073756982,0.0,0.001721170882159705,0.0016765373163496187,0.0,0.0010028198915916476,0.0018984090447603551,0.0006318349725545442,0.0033343723961901397,0.0015785107365271663,0.0013817087750476536,0.0,0.002508695771155724,0.0,0.001784550121493658,0.0,0.0010239280141111022,0.0042316752766138254,0.0013652373521481364,0.00048459295719621064,0.08067940552016985,0.08421797593772117,0.05307855626326964,0.11960368011323426,0.07006369426751592,0.1613588110403397,0.16206652512384997,0.11464968152866242,0.04670912951167728,0.1075725406935598,0.5287009063444109,0.11782477341389729,0.1933534743202417,0.16012084592145015
6.5,13.0,18.0,20.5,34.0,8.5,11.0,3.5,23.5,0.0,11.0,8.5,16.0,2.0,5.5,6.0,2.0,5.5,3.5,2.5,1.5,4.5,0.0,1.0,0.5,1.0,0.5,1.0,1.0,0.5,0.0,0.0,0.0,0.0,0.0,0.0,0.0,0.0,0.009507600193242455,0.008918985135158805,0.0,0.0010745080072968012,0.0,0.0,0.0,0.0038425438613856324,0.0,0.004928710589683688,0.0067861655960070755,0.0012445941149257502,0.0,0.006793808455975855,0.0,0.004301501325484594,0.004442425795439855,0.0032618124661597707,0.0012199209780590949,0.0,0.0,0.0,0.0,0.002385120442442013,0.0023694304619808096,0.0,0.011925602212210062,0.011789279580967784,0.0,0.0,0.0018668084183424496,0.0,0.006270325230815621,0.0,0.0,0.002969624371006358,0.0,0.0034241540592358536,0.0029972451889495257,0.0,0.0,0.0,0.0,0.0,0.0,0.0018645819187579668,0.0,0.010249141044699855,0.09210526315789473,0.13157894736842105,0.05263157894736842,0.06578947368421052,0.06578947368421052,0.19736842105263158,0.15789473684210525,0.09210526315789473,0.039473684210526314,0.10526315789473684,0.30434782608695654,0.21739130434782608,0.2608695652173913,0.21739130434782608
4.583333333333333,12.0,15.0,13.25,31.833333333333332,6.5,11.25,3.75,19.083333333333332,0.0,6.0,9.916666666666666,6.5,2.4166666666666665,5.666666666666667,3.9166666666666665,1.5,6.083333333333333,2.5,0.6666666666666666,1.5833333333333333,1.25,0.0,0.5833333333333334,0.25,1.0833333333333333,0.16666666666666666,0.4166666666666667,0.08333333333333333,0.08333333333333333,0.0,0.0,0.0,0.08333333333333333,0.08333333333333333,0.0,0.0,0.0,0.003337673086895546,0.0,0.007824525870806398,0.0015842796095549626,0.0,0.0,0.0,0.002428086893353007,0.0,0.0015572154821969525,0.0005717531695733143,0.0018350585245143958,0.0,0.0,0.0006405807374883407,0.0009060333784872265,0.0014035748501138965,0.0006870417431229206,0.0010278170727880036,0.0,0.0017989077254431907,0.0010927325485289307,0.002592474921318682,0.0005023824402335231,0.002994465779434122,0.0006636394317959622,0.0015071473207005695,0.006207995767310016,0.003067894108722916,0.0,0.0011796281881201035,0.0029422335606020733,0.0,0.0,0.0005638103492011447,0.002501990442974263,0.0007073417871556816,0.0018030901515534833,0.0006313154359873624,0.0,0.000876541173920833,0.0038078584907948357,0.001630754697860573,0.0,0.001013657923698754,0.0031419233936944672,0.0013515438982650055,0.003597993345681995,0.0683371298405467,0.11161731207289294,0.025056947608200455,0.07517084282460136,0.08428246013667426,0.16173120728929385,0.23006833712984054,0.09111617312072894,0.03644646924829157,0.11617312072892938,0.5135135135135135,0.12162162162162163,0.1891891891891892,0.17567567567567569
0.8,1.8,0.6,2.6,4.4,0.4,2.0,0.4,2.2,0.2,0.6,2.2,2.4,0.6,0.4,0.8,0.2,0.2,0.4,0.2,0.0,0.6,0.0,0.2,0.0,0.2,0.0,0.2,0.0,0.0,0.0,0.0,0.0,0.0,0.0,0.0,0.0,0.0,0.01056400021471384,0.0,0.0,0.0071633867153120066,0.0,0.016754806336629565,0.0,0.0,0.0,0.0,0.0,0.008297294099505,0.03143653323531639,0.005661507046646546,0.0,0.0,0.0,0.0,0.004066403260196983,0.0,0.0,0.0,0.0,0.007950401474806707,0.0,0.0,0.0,0.039297598603225944,0.0069358059555481785,0.0,0.003111347363904082,0.0035816933576560033,0.0,0.0,0.008922522510373669,0.0,0.0,0.0,0.0,0.0,0.0069358059555481785,0.0,0.0,0.0,0.0,0.0062152730625265554,0.005347179629246867,0.0,0.0,0.15789473684210525,0.05263157894736842,0.05263157894736842,0.10526315789473684,0.2631578947368421,0.21052631578947367,0.05263157894736842,0.0,0.10526315789473684,0.3333333333333333,0.2222222222222222,0.1111111111111111,0.3333333333333333
2.5,5.75,6.0,11.0,12.75,3.75,5.5,2.75,10.75,0.0,6.25,3.5,4.25,1.5,2.0,2.5,0.75,2.5,0.75,0.25,0.0,0.75,0.5,0.75,0.25,1.5,0.0,0.0,0.25,0.0,0.0,0.5,0.0,0.0,0.0,0.0,0.0,0.0,0.016806363977953834,0.0,0.0,0.003418889114126185,0.0,0.0,0.0,0.0,0.010304145598618964,0.007841130483587685,0.001439489671880289,0.0013200240612848866,0.0,0.0,0.0,0.003041465583675976,0.005496941009508913,0.0017297490350847268,0.0025877111655798982,0.0,0.0,0.0,0.0,0.0,0.0,0.0,0.0025296731965294074,0.0,0.0022068473494926025,0.0,0.002969922483726624,0.0011396297047087285,0.0,0.0,0.0,0.0,0.007123431937315299,0.001815839273837195,0.0015894482062611122,0.0,0.0022068473494926025,0.0,0.0,0.004653046836857068,0.0034027506731570977,0.001977586883531177,0.0,0.0,0.0847457627118644,0.1016949152542373,0.059322033898305086,0.11016949152542373,0.059322033898305086,0.1864406779661017,0.1016949152542373,0.15254237288135594,0.03389830508474576,0.11016949152542373,0.3448275862068966,0.06896551724137931,0.3448275862068966,0.2413793103448276
2.0,6.0,3.5,4.5,7.5,2.0,1.0,0.5,3.0,0.0,0.0,0.0,3.5,0.0,0.5,2.0,0.5,1.0,0.0,0.5,0.0,0.5,0.0,0.0,0.0,0.0,0.5,0.0,0.0,0.0,0.0,0.0,0.0,0.0,0.0,0.0,0.0,0.0,0.01901520038648491,0.0,0.0,0.006447048043780807,0.0,0.0,0.0,0.0,0.0,0.0,0.0,0.0074675646895545,0.0,0.0,0.0,0.008603002650969188,0.00888485159087971,0.0,0.014639051736709138,0.0,0.0,0.0,0.0,0.0,0.0,0.0,0.0,0.0,0.0,0.0,0.0,0.0,0.0,0.0,0.0,0.0,0.0,0.0,0.0,0.0,0.0,0.0,0.011613303098335652,0.0,0.0,0.0,0.00962492333264436,0.0,0.0,0.0,0.25,0.1875,0.0,0.375,0.0,0.1875,0.0,0.0,0.4444444444444444,0.0,0.2222222222222222,0.3333333333333333
1.3571428571428572,3.0714285714285716,3.4285714285714284,3.9285714285714284,6.928571428571429,2.5714285714285716,3.2857142857142856,1.0714285714285714,3.5714285714285716,0.0,2.5714285714285716,2.857142857142857,1.6428571428571428,0.6428571428571429,2.2142857142857144,1.9285714285714286,0.6428571428571429,1.2857142857142858,0.7857142857142857,0.14285714285714285,0.2857142857142857,0.21428571428571427,0.0,0.0,0.0,0.35714285714285715,0.0,0.42857142857142855,0.14285714285714285,0.07142857142857142,0.0,0.0,0.0,0.07142857142857142,0.07142857142857142,0.0,0.0,0.0,0.002160818225736922,0.0030405631142586837,0.002110674321751618,0.0036630954794209126,0.0,0.0,0.0,0.0013099581345632836,0.0,0.0016802422464830757,0.0,0.0,0.0,0.0011580355322686117,0.0020735681664801157,0.0019552278752202703,0.0005048211131181655,0.0011119815225544673,0.0016635286064442204,0.0,0.0,0.0,0.0,0.0,0.0,0.0021482094594174493,0.0016262184834831904,0.0,0.001418687581816673,0.0,0.0,0.0,0.021376108741416888,0.002410186443995835,0.0,0.00607423166796755,0.0,0.001167325247466768,0.0,0.0,0.0,0.0,0.003959080601705336,0.0,0.0,0.0012713058536986137,0.002187482575600991,0.002329350237431785,0.06428571428571428,0.12142857142857143,0.02857142857142857,0.11428571428571428,0.1,0.17142857142857143,0.17857142857142858,0.1,0.014285714285714285,0.10714285714285714,0.47368421052631576,0.10526315789473684,0.3684210526315789,0.05263157894736842
1.3333333333333333,4.37037037037037,3.740740740740741,4.555555555555555,8.0,1.962962962962963,4.185185185185185,1.2962962962962963,5.777777777777778,0.0,2.2222222222222223,4.148148148148148,2.7777777777777777,0.7777777777777778,2.4074074074074074,1.5185185185185186,0.48148148148148145,1.6666666666666667,0.8148148148148148,0.4444444444444444,0.37037037037037035,0.18518518518518517,0.0,0.2222222222222222,0.037037037037037035,0.4074074074074074,0.14814814814814814,0.037037037037037035,0.07407407407407407,0.07407407407407407,0.0,0.037037037037037035,0.037037037037037035,0.0,0.2222222222222222,0.0,0.0,0.0,0.006488473669483013,0.0,0.0,0.0028284402977589887,0.0,0.0029402584936146594,0.0,0.004495455213877341,0.0,0.0007207724399955254,0.0019848116645703145,0.0014560711093838858,0.0,0.0034773323225224606,0.0053369832474307165,0.0004193664244901415,0.0010827639473565108,0.0014310180039558882,0.002854411202143843,0.0,0.0024979261870012,0.0007586729462975932,0.002399904825027601,0.0020927937029783677,0.0048510623664509605,0.0055290962130967215,0.0013951958019855783,0.003448117983291413,0.0024342940122536786,0.0,0.0008190036932839438,0.001571355720977216,0.0,0.0010338961347503024,0.0054802680042824355,0.0008685530890130016,0.0,0.002002987054149106,0.0035065264048991665,0.0,0.0024342940122536786,0.009517524857354335,0.0016983242692552138,0.0025663043835590514,0.0028150889970129747,0.0032721075454526993,0.0037534519960172995,0.0029976596370292056,0.06,0.10857142857142857,0.04,0.08857142857142856,0.10571428571428572,0.15714285714285714,0.18,0.08857142857142856,0.05142857142857143,0.12,0.45871559633027525,0.10091743119266056,0.3394495412844037,0.10091743119266056
6.0,9.0,13.0,8.0,24.0,7.0,19.0,6.0,18.0,0.0,8.0,16.0,12.0,5.0,10.0,3.0,1.0,1.0,3.0,0.0,1.0,1.0,0.0,0.0,0.0,0.0,0.0,1.0,0.0,0.0,0.0,0.0,0.0,0.0,0.0,0.0,0.0,0.0,0.0,0.0,0.0,0.0,0.0,0.0,0.0,0.005239832538253135,0.0,0.0,0.0,0.0,0.0,0.004632142129074447,0.0,0.011731367251321621,0.006057853357417985,0.004447926090217869,0.003327057212888441,0.0,0.007764116892930136,0.0,0.00559458332587603,0.0,0.012924166156258961,0.0,0.006504873933932761,0.0,0.0,0.0,0.0,0.0,0.0,0.0,0.0,0.0,0.00915869820511967,0.0,0.004087152530385717,0.0,0.0,0.0,0.005278774135607115,0.0,0.0,0.0,0.0,0.00931740094972714,0.11538461538461539,0.11538461538461539,0.038461538461538464,0.23076923076923078,0.0,0.19230769230769232,0.07692307692307693,0.15384615384615385,0.0,0.07692307692307693,0.5,0.16666666666666666,0.08333333333333333,0.25
3.0,8.714285714285714,9.714285714285714,11.285714285714286,22.428571428571427,3.5714285714285716,15.571428571428571,3.4285714285714284,17.0,0.42857142857142855,6.428571428571429,13.0,8.285714285714286,4.142857142857143,5.142857142857143,3.4285714285714284,1.5714285714285714,2.0,2.142857142857143,0.7142857142857143,0.5714285714285714,0.7142857142857143,0.2857142857142857,1.0,0.0,1.4285714285714286,0.42857142857142855,0.14285714285714285,0.5714285714285714,0.0,0.0,0.0,0.0,0.0,0.42857142857142855,0.0,0.0,0.0,0.003745958800339429,0.0035140466761413676,0.012196767187607848,0.0025401127376997548,0.0015747273747430146,0.0,0.0,0.004541843588504593,0.0,0.0,0.0026737237807907804,0.00343255787793781,0.0,0.0026767350389398305,0.0059911725635635625,0.00564925127174337,0.0023337321251841645,0.0025702837444410947,0.003364510014534464,0.0,0.00224329080958957,0.0,0.0,0.00563837102716123,0.0009335467110993808,0.0037241004512227447,0.0018794570090537434,0.004644931917454473,0.008198044562843064,0.0,0.0025743042917105077,0.003386816983599673,0.0,0.0013927531421214204,0.0,0.0,0.003969341998841733,0.005396415402923296,0.0011809033577474678,0.0,0.004099022281421532,0.00284910687829077,0.0,0.0,0.002528122451351239,0.0,0.0018960918385134294,0.0,0.091324200913242,0.0958904109589041,0.0365296803652968,0.1324200913242009,0.0593607305936073,0.1506849315068493,0.1780821917808219,0.1004566210045662,0.0410958904109589,0.1141552511415525,0.5932203389830508,0.06779661016949153,0.0847457627118644,0.2542372881355932
1.631578947368421,7.394736842105263,5.0131578947368425,6.592105263157895,13.736842105263158,3.5,5.5131578947368425,2.9078947368421053,8.802631578947368,0.0,3.276315789473684,4.802631578947368,6.0131578947368425,1.381578947368421,2.8157894736842106,2.3947368421052633,0.6842105263157895,1.986842105263158,1.75,0.868421052631579,0.47368421052631576,0.7763157894736842,0.013157894736842105,0.25,0.02631578947368421,0.5526315789473685,0.11842105263157894,0.17105263157894737,0.10526315789473684,0.02631578947368421,0.0,0.013157894736842105,0.0,0.013157894736842105,0.013157894736842105,0.0,0.0,0.0,0.008905853345568883,0.001354782552176021,0.0,0.0,0.002124885293007663,0.0,0.0,0.003210226517106984,0.0,0.0,0.002164700924295928,0.0006616829471757153,0.0,0.00451487270808522,0.00023097974512689898,0.0035936593352149777,0.004273726081688975,0.0016102618503826716,0.0019456967498157713,0.0,0.0019459432212660338,0.0017730721804611383,0.003739164551977904,0.0010868903282014234,0.0005398702318437287,0.00023929421826422216,0.005434451641007117,0.00044769416130257405,0.002370465326579757,0.0,0.003048332733749063,0.0024482460925749896,0.0,0.0010739058585905491,0.0008131919249960813,0.0009021643658753492,0.0005101047101585638,0.0015603740016770977,0.0031869442515412676,0.0,0.00205440328303579,0.0038444910534910903,0.0013230345301901375,0.0016660095365238687,0.0024366894513023697,0.002973890148905111,0.003411365231823318,0.002594719251822748,0.09090909090909091,0.08941877794336811,0.05514157973174367,0.1557377049180328,0.043219076005961254,0.19076005961251863,0.10432190760059612,0.146795827123696,0.038748137108792845,0.08494783904619971,0.35266821345707655,0.12296983758700696,0.3039443155452436,0.22041763341067286
1.0,3.5,2.0,1.5,5.5,3.0,2.5,1.0,1.0,0.0,2.0,0.5,2.5,0.5,2.0,0.5,0.0,1.0,1.5,0.5,0.5,0.5,0.0,0.0,0.0,0.0,0.0,0.0,0.5,0.0,0.0,0.0,0.0,0.0,0.0,0.0,0.0,0.0,0.0,0.0,0.0,0.01219711792066639,0.0,0.0,0.0,0.0,0.0,0.013986881403156414,0.0,0.0,0.0,0.00963986334969547,0.0,0.0,0.0,0.0,0.0,0.0,0.0,0.0,0.02328556303202456,0.0,0.01344811883826946,0.0,0.013537170078724936,0.0,0.0,0.0,0.0,0.006098558960333195,0.0,0.0,0.0,0.0,0.0,0.0,0.0,0.0,0.0,0.0,0.0,0.0,0.0,0.0,0.0,0.0,0.07692307692307693,0.1282051282051282,0.02564102564102564,0.05128205128205128,0.15384615384615385,0.07692307692307693,0.1794871794871795,0.07692307692307693,0.07692307692307693,0.15384615384615385,0.3333333333333333,0.16666666666666666,0.3333333333333333,0.16666666666666666
1.9795918367346939,5.755102040816326,5.510204081632653,4.877551020408164,12.183673469387756,3.5918367346938775,6.183673469387755,1.6938775510204083,6.959183673469388,0.0,2.2448979591836733,7.142857142857143,3.6122448979591835,1.6734693877551021,1.9387755102040816,1.6734693877551021,0.7755102040816326,2.2653061224489797,0.6938775510204082,0.673469387755102,0.5510204081632653,0.5714285714285714,0.02040816326530612,0.1836734693877551,0.08163265306122448,0.3877551020408163,0.08163265306122448,0.16326530612244897,0.12244897959183673,0.061224489795918366,0.0,0.02040816326530612,0.0,0.12244897959183673,0.16326530612244897,0.0,0.0,0.0,0.003894277434329853,0.002739887183123682,0.0034235162199505466,0.0027727210720765905,0.0009822465661065264,0.000617643533766918,0.0,0.004013423518182184,0.0,0.0012112688400626969,0.0015009775279641161,0.0015293432658537596,0.0,0.0020870388761774863,0.0026159233276367056,0.0010571273005872029,0.002911361551136711,0.0020040392565639316,0.0020986352694521587,0.0,0.0020989011144141147,0.006056065730480847,0.003781008625738335,0.0014654046018514413,0.0034938354383801285,0.0030972428952630747,0.0014654046018514413,0.0014486534300779605,0.003323829770388507,0.0,0.0017204349086538079,0.0022445837250143824,0.0,0.0,0.002631334900660228,0.001824520532215726,0.00041265053352499385,0.00021037810194251877,0.0007365962430420133,0.0,0.002556792131068082,0.003998585633458404,0.0014270296375953697,0.0021563564042076057,0.0019711662764338948,0.0025202950452492116,0.0035480992975810105,0.0012594029370315795,0.06526548672566372,0.09070796460176991,0.059734513274336286,0.09734513274336283,0.09402654867256637,0.14712389380530974,0.17588495575221239,0.10619469026548672,0.05641592920353982,0.10730088495575221,0.5497382198952879,0.09424083769633508,0.193717277486911,0.16230366492146597
0.3333333333333333,1.6666666666666667,1.6666666666666667,3.5,5.0,1.6666666666666667,2.5,1.0,2.3333333333333335,0.0,1.5,1.6666666666666667,1.8333333333333333,0.16666666666666666,1.1666666666666667,0.6666666666666666,0.16666666666666666,0.6666666666666666,0.16666666666666666,0.0,0.3333333333333333,0.3333333333333333,0.0,0.0,0.16666666666666666,0.16666666666666666,0.16666666666666666,0.16666666666666666,0.0,0.0,0.0,0.0,0.0,0.0,0.0,0.0,0.0,0.0,0.01462707722037301,0.0,0.0,0.014877803177955708,0.0,0.0,0.0,0.008867408910889921,0.0,0.0,0.009396229286779028,0.0,0.0,0.0,0.0,0.0033088471734496884,0.0034172506118768124,0.0075272595372917785,0.00281520225705945,0.0,0.0,0.0,0.0,0.005504124097943106,0.0,0.0,0.005504124097943106,0.0,0.0,0.0,0.0,0.002479633862992618,0.0,0.0,0.0,0.0,0.0,0.0,0.0,0.0,0.0,0.0,0.0,0.0,0.0,0.0,0.0,0.0,0.12195121951219512,0.07317073170731707,0.07317073170731707,0.0975609756097561,0.04878048780487805,0.17073170731707318,0.17073170731707318,0.0975609756097561,0.04878048780487805,0.0975609756097561,0.3,0.0,0.2,0.5
5.666666666666667,14.333333333333334,10.666666666666666,13.333333333333334,25.666666666666668,8.666666666666666,13.333333333333334,5.0,16.666666666666668,0.0,5.0,16.0,10.666666666666666,1.6666666666666667,9.666666666666666,4.666666666666667,0.6666666666666666,2.3333333333333335,1.0,1.6666666666666667,1.3333333333333333,0.3333333333333333,0.0,0.3333333333333333,0.0,0.3333333333333333,0.0,0.6666666666666666,0.3333333333333333,0.0,0.0,0.3333333333333333,0.0,0.0,0.3333333333333333,0.0,0.0,0.0,0.015846000322070758,0.0,0.012898565299593219,0.004477116697070004,0.006661346751889101,0.0,0.0,0.012808479537952106,0.0,0.0020536294123682033,0.0011310275993345125,0.001037161762438125,0.0,0.002830753523323273,0.0025343610923645858,0.0035845844379038287,0.0006170035826999799,0.0,0.00711620570534472,0.0,0.004744738101235082,0.00216161577556219,0.0,0.003975200737403354,0.005923576154952023,0.002625589339287993,0.001987600368701677,0.009824399650806486,0.0034679029777740893,0.0,0.001555673681952041,0.0035816933576560033,0.0,0.005891566863100928,0.0,0.0,0.0,0.0014267308580149388,0.0,0.0,0.0017339514888870446,0.0060260871671784936,0.0032259175273154587,0.0036559653718162676,0.0,0.004661454796894916,0.0,0.0,0.08796296296296297,0.10185185185185185,0.07407407407407407,0.08333333333333333,0.0787037037037037,0.16203703703703703,0.14351851851851852,0.125,0.032407407407407406,0.1111111111111111,0.5535714285714286,0.14285714285714285,0.23214285714285715,0.07142857142857142
0.5,2.826923076923077,2.173076923076923,1.9615384615384615,4.153846153846154,1.0384615384615385,2.6346153846153846,0.6153846153846154,2.4423076923076925,0.019230769230769232,1.0769230769230769,3.0961538461538463,2.1346153846153846,0.6923076923076923,0.9615384615384616,1.0769230769230769,0.09615384615384616,0.7884615384615384,0.5,0.11538461538461539,0.3076923076923077,0.34615384615384615,0.0,0.11538461538461539,0.038461538461538464,0.15384615384615385,0.07692307692307693,0.17307692307692307,0.07692307692307693,0.019230769230769232,0.0,0.0,0.0,0.0,0.0,0.0,0.0,0.0,0.0070707252433144414,0.022386297351195406,0.0,0.0011986543507693397,0.0,0.002803593092185027,0.0,0.004822316001340534,0.0,0.0006872704009519086,0.0034066010561629146,0.0013883918413514342,0.0,0.004736719043011054,0.0,0.0023992437672025625,0.0022713598024493285,0.0022741720381592024,0.002381519040832496,0.0,0.003175760960189218,0.0036170463176737845,0.0017162665979779056,0.003991038190540419,0.001321594679989296,0.0,0.005986557285810629,0.0032878468950906167,0.0011605731080996952,0.0,0.0028634312392902114,0.0014983179384616748,0.0,0.006900879114548499,0.0,0.0,0.0018730936568239428,0.0033423017709672672,0.0012538276686840644,0.0,0.0011605731080996952,0.0,0.0,0.0,0.000894747188957643,0.0005200029255500305,0.003131615161351751,0.0019055507918432663,0.06631299734748011,0.1246684350132626,0.05570291777188329,0.11140583554376658,0.07692307692307693,0.1246684350132626,0.17771883289124668,0.08222811671087533,0.07957559681697612,0.10079575596816977,0.5833333333333334,0.11458333333333333,0.1875,0.11458333333333333
2.0,16.0,15.0,15.0,23.0,5.0,10.0,4.0,15.0,0.0,5.0,22.0,9.0,6.0,3.0,8.0,0.0,9.0,1.0,2.0,2.0,2.0,0.0,1.0,1.0,1.0,0.0,1.0,0.0,1.0,0.0,0.0,0.0,0.0,0.0,0.0,0.0,0.0,0.015659576788869926,0.0,0.0,0.01061866736622721,0.0,0.0,0.0,0.009493343657540973,0.0,0.0,0.010059492530551665,0.0,0.0,0.0,0.0,0.0,0.00182923415106347,0.0,0.003013922416381293,0.0,0.0,0.0,0.0,0.0,0.0,0.0,0.0,0.04368968315299825,0.0,0.0,0.00922422983180975,0.0,0.0,0.0,0.0,0.0,0.008296703079931935,0.0,0.011107438053165889,0.0,0.0,0.0,0.0,0.0,0.003963203725206502,0.0,0.0,0.0,0.12727272727272726,0.07272727272727272,0.07272727272727272,0.09090909090909091,0.05454545454545454,0.23636363636363636,0.12727272727272726,0.07272727272727272,0.0,0.14545454545454545,0.5,0.25,0.16666666666666666,0.08333333333333333
4.363636363636363,11.727272727272727,10.454545454545455,10.818181818181818,18.09090909090909,5.909090909090909,12.636363636363637,3.4545454545454546,17.636363636363637,0.0,4.818181818181818,16.272727272727273,8.545454545454545,2.909090909090909,6.454545454545454,3.727272727272727,0.45454545454545453,4.0,2.5454545454545454,1.0909090909090908,1.6363636363636365,1.2727272727272727,0.18181818181818182,0.2727272727272727,0.09090909090909091,0.5454545454545454,0.09090909090909091,0.2727272727272727,0.45454545454545453,0.0,0.0,0.09090909090909091,0.0,0.0,0.36363636363636365,0.0,0.0,0.0,0.011312158870146832,0.0026529559183900127,0.00828723685537604,0.002237290043521668,0.0,0.0014951172793309672,0.0,0.001714449456567244,0.0028898312018789726,0.0036651176481358873,0.0012111287041032459,0.0011106151450470576,0.0,0.002020821212117464,0.0036184645624695506,0.0029854612598972396,0.0013214014405699289,0.005336251272541834,0.0010885980399110904,0.0,0.0016935892372680465,0.0023147047115085213,0.002440696408455832,0.0014189101782232936,0.0,0.003748716790371526,0.0014189101782232936,0.0017533631104838772,0.0012378350572224796,0.0,0.001943490350540652,0.0019176771801614298,0.0,0.0,0.0007962024336452425,0.0008833160310358854,0.0009988948467340149,0.001527774119914014,0.003566127420279889,0.0,0.0006189175286112398,0.002150954626245015,0.0011514606471437617,0.001304962144047733,0.0038172500469411063,0.0038823447883487407,0.0004771562558676383,0.0030486113589050564,0.08031088082901554,0.10880829015544041,0.04922279792746114,0.08549222797927461,0.08290155440414508,0.14507772020725387,0.19430051813471502,0.11139896373056994,0.031088082901554404,0.11139896373056994,0.42857142857142855,0.15714285714285714,0.21428571428571427,0.2
2.375,3.375,3.5,5.625,9.25,2.375,3.375,1.875,4.75,0.0,2.0,4.375,2.125,0.875,1.375,1.0,0.0,2.625,0.875,0.25,0.625,0.25,0.0,0.5,0.0,0.125,0.25,0.25,0.375,0.0,0.0,0.0,0.0,0.0,0.25,0.0,0.0,0.0,0.011676000237315297,0.00821485472975153,0.00570252360613595,0.008907105849960325,0.0,0.0,0.0,0.001769592567743383,0.0,0.0022698009294595933,0.0037502494083196994,0.0,0.0,0.0015643637892049666,0.005602271888384874,0.0013206363718593053,0.0020458539847420386,0.004506451433510209,0.00449444570863877,0.0,0.0,0.002389154278252947,0.0,0.0,0.00436474032470149,0.005803934328952405,0.0,0.0,0.003832945396487151,0.0,0.004298572015920114,0.0009896784277733694,0.011550599109397194,0.0,0.0,0.002735180341716382,0.0,0.0015769130535954587,0.0013803102843846498,0.0,0.0019164726982435756,0.0033302060660723256,0.0,0.0,0.0029550203214259003,0.003434756166133096,0.0014775101607129501,0.0,0.1310344827586207,0.06206896551724138,0.07586206896551724,0.09655172413793103,0.06206896551724138,0.2482758620689655,0.09655172413793103,0.12413793103448276,0.05517241379310345,0.04827586206896552,0.6538461538461539,0.11538461538461539,0.15384615384615385,0.07692307692307693
1.6666666666666667,4.166666666666667,2.119047619047619,3.4047619047619047,5.738095238095238,1.5952380952380953,3.4761904761904763,1.0952380952380953,4.261904761904762,0.0,1.5952380952380953,3.5714285714285716,2.4523809523809526,0.5952380952380952,1.5238095238095237,0.8809523809523809,0.21428571428571427,1.380952380952381,0.8333333333333334,0.38095238095238093,0.19047619047619047,0.35714285714285715,0.0,0.14285714285714285,0.07142857142857142,0.30952380952380953,0.07142857142857142,0.19047619047619047,0.023809523809523808,0.023809523809523808,0.0,0.0,0.0,0.023809523809523808,0.0,0.0,0.0,0.0,0.011800213005797375,0.0022139324803585685,0.0023052755003528306,0.004534271378309196,0.0,0.0,0.0,0.0014307344164733735,0.0,0.0030585969971441327,0.00033690183809964206,0.0009268254047319415,0.0,0.005480820651540805,0.0,0.003559161853237844,0.0034919777233658445,0.0020241744027587228,0.00423944169680111,0.0,0.005653304971684353,0.0,0.0040735973152950765,0.004144358215590731,0.0011763129953096217,0.0,0.0017761535209674562,0.008779250751784519,0.003098977129074718,0.0,0.0034754412043609437,0.0026672184578289387,0.014008173387992344,0.004387337025713458,0.001993329496998373,0.007371408013136349,0.0,0.0016999346393369484,0.0014879940654359347,0.0,0.0005164961881791197,0.0,0.001441367405821801,0.003267032885452835,0.0011945826831296193,0.005091234317176008,0.0019909711385493654,0.0008480376750933685,0.07294117647058823,0.08705882352941176,0.07058823529411765,0.08941176470588236,0.10823529411764705,0.15529411764705883,0.14823529411764705,0.11058823529411765,0.04470588235294118,0.11294117647058824,0.6083333333333333,0.11666666666666667,0.175,0.1
2.533333333333333,4.8,4.0,4.466666666666667,9.4,2.2,3.466666666666667,1.2,6.466666666666667,0.0,2.6,3.4,3.2,0.8,1.7333333333333334,1.8666666666666667,0.13333333333333333,1.5333333333333334,1.0,0.4,0.3333333333333333,0.4,0.0,0.13333333333333333,0.06666666666666667,0.13333333333333333,0.13333333333333333,0.13333333333333333,0.0,0.06666666666666667,0.0,0.0,0.0,0.0,0.2,0.0,0.0,0.0,0.009933313634730923,0.0,0.0,0.0016839304591964792,0.0,0.0,0.0,0.0020072990320671212,0.0,0.0012873497808875306,0.002127007127106695,0.005851449943307631,0.0,0.00354900441730082,0.004766111905043848,0.0007490176437410986,0.0019338918263730716,0.0008519659426536714,0.0025490886108697503,0.0,0.0014871567182975633,0.0013550427249792833,0.0010715992937623243,0.0,0.004951048726527064,0.004937675473884883,0.0,0.0,0.001086954664675461,0.0,0.0019503968549846487,0.0016839304591964792,0.0065510860620461705,0.003693221018660284,0.0013983057665510974,0.0015512963132122764,0.0017542780144134689,0.0017887371951232068,0.001565725098704976,0.0,0.002173909329350922,0.0018887735897126624,0.004044433914843262,0.0,0.0008379908374192851,0.0009740353306944601,0.0008379908374192851,0.005354028903947685,0.061946902654867256,0.13274336283185842,0.03982300884955752,0.0752212389380531,0.084070796460177,0.12389380530973451,0.20353982300884957,0.09292035398230089,0.05752212389380531,0.12831858407079647,0.58,0.08,0.18,0.16
1.8823529411764706,2.823529411764706,3.4705882352941178,3.823529411764706,7.705882352941177,1.9411764705882353,2.7058823529411766,0.47058823529411764,4.588235294117647,0.0,2.1176470588235294,3.176470588235294,2.1176470588235294,0.6470588235294118,1.6470588235294117,1.0588235294117647,0.6470588235294118,1.2352941176470589,0.6470588235294118,0.47058823529411764,0.17647058823529413,0.29411764705882354,0.058823529411764705,0.35294117647058826,0.0,0.35294117647058826,0.11764705882352941,0.29411764705882354,0.0,0.0,0.0,0.0,0.0,0.0,0.058823529411764705,0.0,0.0,0.0,0.005577083912237195,0.0026159034614292582,0.0,0.0012605959862141242,0.0,0.0,0.0,0.0,0.0,0.0014455715416670037,0.0015922846649849005,0.0021902075206793924,0.0,0.0009962987260858447,0.00178396367395496,0.0008410756781673789,0.0008686307421251115,0.0028700305219003567,0.0,0.0,0.0,0.0,0.0024066084697902477,0.0013990929969631917,0.002779778754279162,0.0018481802053088667,0.0027981859939263834,0.010373248793309642,0.004882187432397042,0.0,0.001642582826195172,0.0,0.011034371216239779,0.0,0.0015701645758478804,0.0034839168598398613,0.0019698876027771355,0.0010042909950272753,0.004395401464241623,0.0,0.0012205468580992606,0.006362740081546007,0.0045415151781200876,0.0,0.0018819682493997354,0.0,0.002822952374099603,0.0,0.08737864077669903,0.07281553398058252,0.05339805825242718,0.0970873786407767,0.06796116504854369,0.20388349514563106,0.14563106796116504,0.13592233009708737,0.03398058252427184,0.10194174757281553,0.35185185185185186,0.12962962962962962,0.35185185185185186,0.16666666666666666
1.64,6.88,6.16,8.6,13.44,3.4,5.8,2.32,9.44,0.0,3.76,3.88,3.4,1.6,2.92,1.72,0.32,1.92,1.12,0.48,0.56,0.44,0.04,0.52,0.12,0.52,0.32,0.32,0.04,0.0,0.0,0.08,0.04,0.0,0.16,0.0,0.0,0.0,0.0050181490181110035,0.0,0.0024508489768124346,0.004253471847923246,0.0,0.0,0.0,0.0007605411978237348,0.0,0.004877611799404215,0.004029485697911836,0.0017243669641289845,0.0,0.0010085059677815242,0.0036116437056128692,0.0002837936784014341,0.0014654562001922239,0.002582396297430921,0.0007243640114771252,0.0,0.005071190392837496,0.0020536368536915057,0.0012180478306101443,0.0,0.0014069191244560886,0.0024944336041491963,0.0023603925207955822,0.007000231984929032,0.002471003441279182,0.0,0.0007389816547632693,0.0010633679619808116,0.0,0.0006996582702645778,0.0031788063232057,0.004114371183203907,0.0006646746105506263,0.0016943269378876745,0.0017797026098380784,0.0,0.002882837348159045,0.002146900046365194,0.0007661934183633323,0.0017366696959428831,0.0028575408574768838,0.001845250720731258,0.0022225317780375765,0.003380960759326059,0.05189620758483034,0.10578842315369262,0.0499001996007984,0.08183632734530938,0.08383233532934131,0.15169660678642716,0.2315369261477046,0.10179640718562874,0.027944111776447105,0.11377245508982035,0.5070422535211268,0.18309859154929578,0.19718309859154928,0.11267605633802817
4.0,12.5,15.0,12.0,32.5,8.0,5.0,1.5,22.0,0.0,5.0,3.0,8.5,0.5,3.0,3.0,3.0,4.0,4.5,0.0,0.0,0.0,0.0,0.5,0.0,2.5,1.0,2.0,1.5,0.0,0.0,0.0,0.0,0.0,1.0,0.0,0.0,0.0,0.004654070024664139,0.006548905169172549,0.0,0.012623590575235145,0.0,0.0,0.0,0.002821448289828611,0.0,0.0,0.0019931395456804,0.00365545124663507,0.0,0.0,0.008932293640222038,0.0021056300194679835,0.0010873070128698949,0.004790074251003858,0.0017914923454014678,0.0,0.0,0.0,0.0030124679447024777,0.0,0.0,0.009253825363644396,0.0,0.008656464027983337,0.003055634791605142,0.0,0.0027414669080553455,0.001577948821904393,0.0,0.02076468320981027,0.0,0.0,0.009863213451667336,0.0050284779890876164,0.0,0.0,0.0,0.010619398364538325,0.00568483368449997,0.0,0.004711500932063673,0.0,0.004711500932063673,0.0,0.056074766355140186,0.09345794392523364,0.028037383177570093,0.12149532710280374,0.08411214953271028,0.16822429906542055,0.14018691588785046,0.1308411214953271,0.06542056074766354,0.11214953271028037,0.7368421052631579,0.15789473684210525,0.05263157894736842,0.05263157894736842
1.5454545454545454,3.5,4.5,5.636363636363637,10.272727272727273,2.409090909090909,4.7727272727272725,1.4545454545454546,6.454545454545454,0.0,2.6818181818181817,4.545454545454546,3.5454545454545454,1.2272727272727273,1.9545454545454546,1.6363636363636365,0.22727272727272727,1.2272727272727273,0.7272727272727273,0.36363636363636365,0.5,0.5,0.0,0.4090909090909091,0.09090909090909091,0.22727272727272727,0.18181818181818182,0.0,0.13636363636363635,0.0,0.0,0.0,0.0,0.0,0.0,0.0,0.0,0.0012339856032969972,0.0039792646548697875,0.01119872573024424,0.003886921919877419,0.006745790180338661,0.0012546034241226111,0.0015778068747498697,0.0,0.0006030898437152338,0.0,0.0015471288846540727,0.0008520746039829513,0.0015627190680682064,0.0,0.0010662928069917262,0.0,0.0022504117547378294,0.0020917251503192145,0.0025597183030401783,0.0019146741808102384,0.0,0.001787255607640121,0.0008142409199427084,0.0006439206518571814,0.0014973850311295147,0.0014875348191807772,0.0,0.002246077546694272,0.0018503353602415803,0.001959442938114508,0.0,0.0017579810217574637,0.0006745790180338662,0.0,0.0022192449170425027,0.0008402375458199421,0.0,0.003162420456476298,0.0005374232828397079,0.0014112589454695075,0.0,0.0026125905841526773,0.0034048743635178937,0.0024302876438968483,0.0,0.0020141842549629453,0.0,0.0010070921274814727,0.0,0.05089820359281437,0.1467065868263473,0.04491017964071856,0.11377245508982035,0.06287425149700598,0.18263473053892215,0.1347305389221557,0.12275449101796407,0.04790419161676647,0.09281437125748503,0.5633802816901409,0.08450704225352113,0.15492957746478872,0.19718309859154928
4.75,12.9,16.0,19.25,28.45,7.7,15.3,6.2,25.0,0.0,9.1,8.75,8.55,5.0,7.65,4.55,1.25,1.85,3.3,0.75,1.3,1.85,0.05,1.15,0.2,0.25,0.45,0.95,0.4,0.4,0.0,0.05,0.0,0.0,0.0,0.0,0.0,0.0,0.003574285786933254,0.0,0.0027930727866788325,0.0018177767040735357,0.0,0.004535135549764394,0.0,0.004117011280056034,0.0,0.006114565769156455,0.00137764263979091,0.000982574301257171,0.0,0.003447985494574212,0.0,0.0012936846091682992,0.0010020509313022233,0.0029429886912719734,0.002201361163414908,0.0,0.0009632175092732874,0.0014627475172977228,0.0006940648486989061,0.002689985461400766,0.002137831995772159,0.0,0.0002689985461400766,0.002659235995707019,0.0009386805052621595,0.0,0.0020001518767954816,0.0014542213632588285,0.0021215386119300974,0.0027907421983109663,0.0033207884531089977,0.0003349200418428223,0.0106048084480333,0.007916747167030263,0.004563474817761495,0.0,0.002581371389470939,0.0012233410038633033,0.005020788933490977,0.0,0.0012664372806111,0.0008411647753795338,0.0021710353381904574,0.0011559181629360738,0.07706093189964158,0.07168458781362007,0.051075268817204304,0.12365591397849462,0.06630824372759857,0.1550179211469534,0.17025089605734767,0.1335125448028674,0.034050179211469536,0.11738351254480286,0.7272727272727273,0.045454545454545456,0.11818181818181818,0.10909090909090909
1.0,3.5,4.5,4.0,7.5,2.5,5.0,1.5,7.0,0.0,3.0,10.5,6.0,0.5,2.5,0.5,1.0,5.5,1.0,0.5,0.0,0.5,0.0,0.0,0.0,0.0,0.0,0.0,0.0,0.0,0.0,0.0,0.0,0.0,0.0,0.0,0.0,0.0,0.0,0.0,0.0,0.014796503707037917,0.013759503126852899,0.0,0.0,0.006614214843368711,0.0,0.0,0.0,0.0,0.0,0.0,0.0,0.0,0.0,0.0,0.0,0.0,0.009800606569764269,0.0,0.0,0.0,0.016314111377572785,0.0,0.008211070375620043,0.0,0.0,0.0,0.006426717505769089,0.0,0.0,0.03650839793855985,0.0,0.01022329701493992,0.0,0.005894035675733846,0.0,0.0,0.0,0.0,0.0,0.0,0.0,0.006419052507199557,0.011044993988280415,0.0,0.02564102564102564,0.1282051282051282,0.02564102564102564,0.07692307692307693,0.1282051282051282,0.15384615384615385,0.1794871794871795,0.07692307692307693,0.10256410256410256,0.10256410256410256,1.0,0.0,0.0,0.0
0.3333333333333333,2.0,2.6666666666666665,0.3333333333333333,2.0,0.3333333333333333,2.0,0.0,1.6666666666666667,0.0,0.6666666666666666,1.3333333333333333,0.6666666666666666,0.3333333333333333,0.6666666666666666,0.0,0.3333333333333333,0.3333333333333333,0.3333333333333333,0.0,0.0,0.0,0.0,0.0,0.0,0.0,0.0,0.0,0.0,0.0,0.0,0.0,0.0,0.0,0.0,0.0,0.0,0.0,0.0,0.0,0.0,0.0,0.04196648453690134,0.0,0.0,0.0,0.0,0.0,0.0,0.013068238206720376,0.0,0.0,0.0,0.0,0.0,0.0,0.0,0.0,0.0,0.0,0.02153914580462272,0.025043764645641134,0.0248790198507985,0.0,0.0,0.0,0.0,0.0,0.0,0.0,0.0,0.0,0.0,0.0,0.0,0.0,0.0,0.0,0.0,0.0,0.0,0.0,0.0,0.0,0.016843615832127633,0.0,0.0,0.1,0.0,0.2,0.0,0.3,0.1,0.3,0.0,0.0,1.0,0.0,0.0,0.0
2.888888888888889,6.666666666666667,5.222222222222222,7.555555555555555,12.333333333333334,3.3333333333333335,6.888888888888889,2.111111111111111,7.333333333333333,0.0,2.3333333333333335,4.111111111111111,4.111111111111111,0.8888888888888888,3.4444444444444446,1.5555555555555556,0.3333333333333333,2.6666666666666665,0.8888888888888888,0.5555555555555556,0.4444444444444444,0.4444444444444444,0.0,0.3333333333333333,0.0,0.2222222222222222,0.2222222222222222,0.2222222222222222,0.2222222222222222,0.1111111111111111,0.0,0.0,0.0,0.0,0.3333333333333333,0.0,0.0,0.0,0.00190696852013459,0.010733449159789965,0.007450861789105997,0.0032327604804058487,0.0,0.0030245065879875724,0.0,0.001156066204714875,0.0,0.002965699781758093,0.000816673223588244,0.0029955846892195702,0.0,0.005109956216887284,0.005489905403517556,0.0017255306176729031,0.004900670290098408,0.00196269518021075,0.004404299233107334,0.0,0.0017130000021651013,0.001560822852268401,0.002468670006260483,0.002870345518125058,0.0,0.005687523038686885,0.002870345518125058,0.0035469179255060664,0.002504044557017394,0.0,0.0033698833912772013,0.001939656288243509,0.0,0.004254082663327891,0.0032213118518827576,0.0035737599880305737,0.0020206869965450273,0.004120758466702173,0.0009017499852140406,0.0,0.0,0.006526822203992753,0.0034939737115336493,0.007919512381355583,0.0019305003819057457,0.006731728417292373,0.0009652501909528728,0.0,0.07627118644067797,0.07627118644067797,0.0635593220338983,0.09745762711864407,0.07203389830508475,0.1652542372881356,0.16101694915254236,0.1228813559322034,0.05084745762711865,0.11440677966101695,0.5217391304347826,0.17391304347826086,0.21739130434782608,0.08695652173913043
2.5454545454545454,6.454545454545454,4.818181818181818,7.909090909090909,11.363636363636363,3.3636363636363638,4.7272727272727275,1.8181818181818181,9.363636363636363,0.0,3.272727272727273,4.363636363636363,4.363636363636363,0.9090909090909091,2.0,2.1818181818181817,0.36363636363636365,1.4545454545454546,0.6363636363636364,0.6363636363636364,0.18181818181818182,0.8181818181818182,0.0,0.2727272727272727,0.09090909090909091,0.36363636363636365,0.45454545454545453,0.0,0.2727272727272727,0.09090909090909091,0.0,0.0,0.0,0.0,0.45454545454545453,0.0,0.0,0.0,0.008665781426132446,0.0,0.00169293669557161,0.0029381078324521906,0.0,0.0,0.0,0.0,0.0,0.0,0.0029689474482530957,0.003403187033000098,0.0,0.0,0.008315872334321298,0.0007841278457914625,0.0008098172022937237,0.0017838036924311244,0.0020014328546282024,0.0,0.0,0.0,0.001121830510657433,0.0013043627419604756,0.0,0.008615215019538729,0.0013043627419604756,0.0,0.0034137169937463693,0.0,0.002041821707562054,0.0052885940984139426,0.0,0.0,0.0,0.0032480266557882035,0.0,0.002808876376716911,0.0,0.0,0.0034137169937463693,0.0,0.0021170083773007697,0.004798454550508851,0.0035090866316932565,0.003059079710462289,0.0008772716579233141,0.0018683330029400777,0.0995260663507109,0.09004739336492891,0.05687203791469194,0.0947867298578199,0.061611374407582936,0.16587677725118483,0.18009478672985782,0.10900473933649289,0.052132701421800945,0.09004739336492891,0.2894736842105263,0.2631578947368421,0.15789473684210525,0.2894736842105263
1.75,4.214285714285714,4.178571428571429,4.535714285714286,9.964285714285714,2.2857142857142856,4.642857142857143,1.5357142857142858,6.071428571428571,0.0,2.5,5.428571428571429,3.25,1.0357142857142858,1.8214285714285714,1.5357142857142858,0.5357142857142857,2.107142857142857,1.0,0.4642857142857143,0.32142857142857145,0.7142857142857143,0.0,0.42857142857142855,0.10714285714285714,0.14285714285714285,0.10714285714285714,0.14285714285714285,0.10714285714285714,0.03571428571428571,0.0,0.07142857142857142,0.0,0.03571428571428571,0.0,0.0,0.0,0.0010345067275760538,0.005004000101706555,0.01642970945950306,0.0,0.0005655305301562111,0.0,0.0026454957373625632,0.0,0.003033587258988657,0.007670003114761483,0.0019455436538225084,0.0007143332206323238,0.0006550495341714474,0.0,0.002234805413149952,0.0,0.0007546493553481744,0.0013639026564946925,0.0004291858508104961,0.0016051591816567037,0.0,0.0029966766955168943,0.0013652310161445412,0.0005398282156547046,0.001882989822980536,0.0024941373284008517,0.0,0.003138316371634227,0.0031024419949915215,0.002190254512278372,0.0,0.002456326866240065,0.004241478976171583,0.008250427935283711,0.0009302473994369887,0.007044096718716055,0.0031259203905330078,0.0,0.0027032795204493575,0.002366246201802257,0.0,0.001095127256139186,0.002854462342347708,0.0015280661971494279,0.0034635461417206748,0.0025328745612222,0.000490679452304728,0.0021107288010185,0.007192379680491126,0.06321839080459771,0.10919540229885058,0.04885057471264368,0.08620689655172414,0.07758620689655173,0.16091954022988506,0.1867816091954023,0.10632183908045977,0.05459770114942529,0.10632183908045977,0.4878048780487805,0.17073170731707318,0.15853658536585366,0.18292682926829268
2.0,3.0,4.0,7.0,12.166666666666666,1.8333333333333333,3.6666666666666665,1.8333333333333333,9.833333333333334,0.0,1.6666666666666667,3.5,3.0,0.5,2.3333333333333335,2.1666666666666665,0.16666666666666666,0.3333333333333333,1.5,0.6666666666666666,0.0,0.3333333333333333,0.0,0.3333333333333333,0.16666666666666666,0.5,0.16666666666666666,0.16666666666666666,0.0,0.0,0.0,0.0,0.0,0.0,0.0,0.0,0.0,0.0,0.01115416782447439,0.0,0.0,0.01512715183456949,0.0,0.0,0.0,0.004508012351346272,0.0,0.00867342925000202,0.003184569329969801,0.0,0.0,0.0019925974521716894,0.0,0.0016821513563347577,0.001737261484250223,0.0,0.005724768835584579,0.0,0.0,0.0030431685778864355,0.0,0.0,0.0,0.0,0.005596371987852767,0.006915499195539761,0.0,0.0,0.002190110434926896,0.0037817879586423725,0.0,0.0,0.0,0.0034839168598398613,0.0,0.0020085819900545507,0.001758160585696649,0.0,0.0,0.0,0.0,0.00514694566311564,0.0037639364987994708,0.002187498340442307,0.0,0.0,0.0782608695652174,0.08695652173913043,0.05217391304347826,0.0782608695652174,0.08695652173913043,0.14782608695652175,0.22608695652173913,0.12173913043478261,0.02608695652173913,0.09565217391304348,0.4,0.36,0.12,0.12
2.0,9.0,9.0,16.0,28.0,6.0,7.0,2.0,12.0,0.0,2.0,4.0,9.0,2.0,2.0,3.0,1.0,4.0,3.0,0.0,1.0,1.0,0.0,0.0,0.0,0.0,1.0,0.0,2.0,0.0,0.0,0.0,0.0,0.0,0.0,0.0,0.0,0.0,0.010398937711358936,0.0,0.01015762017342966,0.0,0.0,0.0,0.0,0.0,0.0,0.008086165811199801,0.0,0.0,0.0,0.0,0.0,0.0,0.002429451606881171,0.0,0.004002865709256405,0.0,0.0,0.008511362116276124,0.0,0.0,0.0,0.0,0.0,0.0,0.0068274339874927386,0.0,0.0061254651226861625,0.0,0.0,0.011599022261729954,0.0,0.0,0.0,0.0,0.004917355388120315,0.0,0.0,0.0,0.0,0.0,0.0,0.0,0.005263629947539885,0.0,0.05128205128205128,0.10256410256410256,0.05128205128205128,0.10256410256410256,0.07692307692307693,0.15384615384615385,0.1794871794871795,0.15384615384615385,0.05128205128205128,0.07692307692307693,0.6,0.0,0.2,0.2
2.2054794520547945,5.136986301369863,4.890410958904109,6.602739726027397,12.794520547945206,2.767123287671233,5.821917808219178,1.821917808219178,6.917808219178082,0.1643835616438356,2.7534246575342465,5.821917808219178,4.616438356164384,1.452054794520548,2.9178082191780823,2.356164383561644,0.6301369863013698,1.0,1.273972602739726,0.3972602739726027,0.410958904109589,0.3972602739726027,0.1095890410958904,0.273972602739726,0.0684931506849315,0.2191780821917808,0.1506849315068493,0.0410958904109589,0.1917808219178082,0.0,0.0,0.0273972602739726,0.0136986301369863,0.0,0.410958904109589,0.0,0.0,0.0,0.003421758424303197,0.003095277617600099,0.0014324370718314322,0.0021545404773560535,0.0012329484990643066,0.005814650013997408,0.0,0.006667653229910801,0.0,0.0011403186454281029,0.001465393084998957,0.002303618927368998,0.0,0.0014408462663702008,0.007505357270961447,0.001326941282925839,0.001027810595345982,0.0016350987940903733,0.0011289757123426072,0.0,0.0035128138127395983,0.003000700562477076,0.00158201585050479,0.0023912518574611434,0.004202845806598351,0.007289553949694171,0.0005518273517218025,0.007273591515250046,0.0027279648102798747,0.0,0.000791833904952453,0.0028174760088502237,0.0,0.0016357049388557852,0.0026836378758707436,0.0020611788693360323,0.0015539179473981958,0.0009242575224158472,0.0013869000874316571,0.0,0.0011232796277623014,0.002509578717436802,0.0004478137441517604,0.0003383412683428937,0.001731991345205926,0.0015817790056301517,0.0014845640101765081,0.0018443184399202822,0.06501340482573727,0.10187667560321716,0.048927613941018765,0.08378016085790885,0.0777479892761394,0.16420911528150134,0.20040214477211796,0.09785522788203753,0.04624664879356569,0.11394101876675604,0.5,0.13031914893617022,0.22340425531914893,0.14627659574468085
1.25,6.25,6.25,4.5,13.25,3.5,3.75,0.75,6.25,0.0,2.5,5.75,3.0,1.25,1.75,1.0,0.0,4.0,0.5,0.75,0.75,0.5,0.0,0.25,0.0,0.25,0.0,0.5,0.25,0.0,0.0,0.0,0.0,0.0,0.5,0.0,0.0,0.0,0.004436880090179813,0.03745973756766698,0.004333917940663322,0.0,0.005595531271586846,0.0,0.0,0.0,0.0,0.0,0.003800252733763963,0.0,0.0,0.0,0.00851545327034501,0.0,0.0010365660189359663,0.0,0.0,0.0,0.0,0.0,0.0,0.0,0.0,0.008821980180007658,0.003339168619418818,0.0,0.0,0.0,0.0026135317856794296,0.0,0.0,0.0,0.0,0.0,0.0,0.0023969078414650975,0.002098071632264668,0.0,0.0,0.0,0.0,0.0,0.0022458154442836845,0.0,0.0,0.0,0.012195121951219513,0.12195121951219512,0.012195121951219513,0.08536585365853659,0.15853658536585366,0.12195121951219512,0.1951219512195122,0.18292682926829268,0.04878048780487805,0.06097560975609756,0.6666666666666666,0.0,0.0,0.3333333333333333
3.3333333333333335,6.666666666666667,7.0,9.333333333333334,15.666666666666666,3.0,7.0,3.6666666666666665,11.0,0.0,4.0,3.3333333333333335,4.0,1.0,3.6666666666666665,3.6666666666666665,1.0,3.0,3.0,0.3333333333333333,0.3333333333333333,0.6666666666666666,0.0,0.3333333333333333,0.0,0.0,0.0,0.0,0.0,0.0,0.0,0.0,0.0,0.0,0.3333333333333333,0.0,0.0,0.0,0.009243500187874608,0.0,0.0,0.003133981687949003,0.0,0.0,0.0,0.002801854898927023,0.0,0.010781554414933068,0.001979298298835397,0.0018150330842667188,0.0,0.002476909332907864,0.004435131911638025,0.0020910075887772333,0.0032392688091748946,0.004756809846482998,0.0,0.0,0.0,0.0,0.0,0.0,0.0,0.004594781343753988,0.0,0.0,0.0,0.0,0.002722428943416072,0.0,0.0,0.0,0.0,0.0,0.0,0.0024967790015261427,0.002185491283609029,0.0,0.0,0.0,0.0,0.0,0.0,0.008157545894566104,0.002339391087795504,0.0,0.09803921568627451,0.11764705882352941,0.0784313725490196,0.10784313725490197,0.06862745098039216,0.1568627450980392,0.14705882352941177,0.09803921568627451,0.0392156862745098,0.08823529411764706,0.15384615384615385,0.15384615384615385,0.5384615384615384,0.15384615384615385
1.3608247422680413,3.917525773195876,4.34020618556701,4.350515463917525,9.216494845360824,2.4742268041237114,6.041237113402062,1.6701030927835052,6.123711340206185,0.10309278350515463,2.1443298969072164,6.371134020618556,4.0,1.6494845360824741,2.649484536082474,1.5257731958762886,0.41237113402061853,0.7731958762886598,0.9381443298969072,0.6288659793814433,0.4536082474226804,0.7010309278350515,0.041237113402061855,0.1958762886597938,0.030927835051546393,0.24742268041237114,0.09278350515463918,0.12371134020618557,0.09278350515463918,0.010309278350515464,0.0,0.020618556701030927,0.0,0.010309278350515464,0.13402061855670103,0.0,0.00030336749403399473,0.0,0.007555058977086368,0.012563895469031753,0.0,0.001241949399558738,0.0,0.0,0.0,0.0051352882358043275,0.0007018303503703318,0.0010681416138633379,0.0025491891402957437,0.0016183576726588702,0.011581880665642879,0.0007361711949199842,0.002856060178392289,0.003936014284757146,0.0015511049818959248,0.0018850515800304143,0.0022031596610974364,0.0,0.001850888547231023,0.002623385089846373,0.0032601390278754715,0.005168991670926962,0.00479265604280948,0.002958868481426717,0.0012060980565496244,0.00298077760303107,0.0013528042575837007,0.0,0.0011462858709120304,0.00411395738603832,0.0,0.0015321721873079815,0.002900510413588964,0.0027888113288088603,0.0009703746292318053,0.0033393452899668536,0.002056932972808498,0.0,0.0033068548518712677,0.004701467387396225,0.001398230507195555,0.003486183698202509,0.0020858966974771063,0.0018857484833671903,0.0010429483487385531,0.00222117607779873,0.06620477290223249,0.11393379522709776,0.03849114703618168,0.09237875288683603,0.07698229407236336,0.15550423402617397,0.19707467282525018,0.09853733641262509,0.036181678214010776,0.12471131639722864,0.515850144092219,0.1440922190201729,0.2564841498559078,0.08357348703170028
1.4545454545454546,6.9393939393939394,5.363636363636363,7.0,10.545454545454545,2.6666666666666665,5.636363636363637,1.5151515151515151,8.303030303030303,0.030303030303030304,2.3333333333333335,5.151515151515151,3.090909090909091,1.696969696969697,2.757575757575758,2.393939393939394,0.42424242424242425,1.1818181818181819,1.0,0.30303030303030304,0.6060606060606061,0.8484848484848485,0.0,0.24242424242424243,0.12121212121212122,0.30303030303030304,0.15151515151515152,0.09090909090909091,0.30303030303030304,0.12121212121212122,0.0,0.0,0.0,0.0,0.0,0.0,0.0,0.0,0.008517901197017558,0.0,0.01053896427550381,0.004043157262951274,0.000716151613257702,0.006304496241001399,0.0,0.0037868073036692877,0.0,0.00044156536852968197,0.0031614730506995424,0.0004460149558607637,0.0033796955526022737,0.006390933295830529,0.0,0.00308298729812889,0.0021226607896299653,0.0017533633563828117,0.0017486921869789072,0.0,0.0010201996599925264,0.0013943528381612762,0.004043184366055459,0.003418943978927117,0.0021227832637200086,0.0,0.0012821039920976687,0.008449654307178275,0.002609804118085962,0.0,0.0023414747226650177,0.0017327816841219744,0.0,0.002533574828500741,0.001438870950904969,0.000532099929958477,0.0006017233462407974,0.0012270859256647256,0.0018796716841961616,0.0,0.0022369749583593954,0.0051828463007815035,0.0020808819544799375,0.005502664603996499,0.001437168586359013,0.0006681948855617286,0.0034492046072616307,0.001224300124793498,0.07441860465116279,0.09922480620155039,0.04496124031007752,0.11627906976744186,0.05426356589147287,0.16899224806201552,0.16434108527131783,0.12093023255813953,0.03875968992248062,0.11782945736434108,0.45774647887323944,0.09859154929577464,0.1619718309859155,0.28169014084507044
1.6666666666666667,5.0,5.0,5.333333333333333,12.333333333333334,2.6666666666666665,4.666666666666667,1.3333333333333333,7.666666666666667,0.0,1.6666666666666667,4.0,2.3333333333333335,2.6666666666666665,1.0,2.6666666666666665,0.6666666666666666,1.0,1.0,1.0,0.3333333333333333,0.3333333333333333,0.0,1.0,0.3333333333333333,0.0,0.0,0.6666666666666666,0.6666666666666666,0.0,0.0,0.0,0.0,0.0,0.3333333333333333,0.0,0.0,0.0,0.0,0.0,0.0,0.0,0.0,0.0,0.0,0.0,0.0,0.0,0.0030321165428967784,0.0027804762141958247,0.0,0.003794414297220557,0.006794244630594422,0.0032032456679140595,0.0033081894221360627,0.003643513924965701,0.002725355376514999,0.0,0.0,0.0,0.0,0.0,0.0,0.007038813973410365,0.0,0.0,0.0,0.0,0.0,0.0024004966120460447,0.0,0.0,0.0,0.0,0.0,0.0,0.010043959941692559,0.0,0.0046484656936120776,0.0,0.004324102217465402,0.0,0.007167496098777715,0.0,0.0035837480493888575,0.0,0.10975609756097561,0.0975609756097561,0.0975609756097561,0.0975609756097561,0.07317073170731707,0.14634146341463414,0.12195121951219512,0.08536585365853659,0.06097560975609756,0.10975609756097561,0.7,0.2,0.1,0.0
3.35,9.2,6.9,8.3,15.9,3.5,7.5,3.1,11.05,0.0,4.45,7.4,7.0,1.2,4.1,1.95,0.4,1.1,1.15,0.5,0.35,1.2,0.05,0.2,0.15,0.25,0.1,0.45,0.25,0.0,0.0,0.05,0.0,0.0,0.15,0.0,0.0,0.0007930224482283295,0.011507758158967814,0.002698828355019235,0.011865193209308806,0.00411843126716065,0.0016125450350394366,0.009125816707847229,0.0,0.001937882350842898,0.0,0.001988528768172093,0.00355931452009593,0.0010042834356749567,0.0,0.006509917324530178,0.001840515836529901,0.002024722045617148,0.0020910553696114596,0.003290012573936368,0.00689061993370555,0.0,0.0017228732010248426,0.0026163649156660516,0.001655265767886472,0.001443444648163754,0.002389915451565658,0.0019067680504339316,0.0024057410802729236,0.00356736125648881,0.00335796945398298,0.0,0.0032010115530655835,0.0006502786211306288,0.013913978177890569,0.0,0.001619939245399254,0.0023962386855382713,0.0013548890716507482,0.001036127308990676,0.002116210580094045,0.0,0.0029382232722351075,0.002917529233677196,0.003123655012040329,0.0,0.002265231716136281,0.0030091235576497444,0.00032360453087661157,0.000689183355551383,0.07383966244725738,0.08649789029535865,0.05907172995780591,0.12236286919831224,0.07172995780590717,0.17932489451476794,0.13924050632911392,0.12869198312236288,0.035864978902953586,0.10337552742616034,0.5238095238095238,0.10204081632653061,0.22448979591836735,0.14965986394557823
1.2463768115942029,3.6231884057971016,2.579710144927536,2.6231884057971016,6.942028985507246,1.318840579710145,4.36231884057971,1.2173913043478262,4.159420289855072,0.028985507246376812,1.2608695652173914,4.3768115942028984,2.2753623188405796,1.1884057971014492,2.0579710144927534,1.318840579710145,0.2463768115942029,0.4057971014492754,0.36231884057971014,0.4927536231884058,0.37681159420289856,0.4782608695652174,0.0,0.15942028985507245,0.057971014492753624,0.17391304347826086,0.08695652173913043,0.18840579710144928,0.043478260869565216,0.043478260869565216,0.0,0.043478260869565216,0.0,0.0,0.028985507246376812,0.0,0.0,0.0,0.005090995931012998,0.0,0.00678116506710186,0.005649012889543683,0.0005836785053811034,0.0007340422803947585,0.0,0.001964026243475966,0.0,0.00035988498742474775,0.0015856409181212638,0.003998626433210685,0.004131783575434491,0.0017362479885751924,0.0008882600768788257,0.0008375663220693229,0.0021625160339415156,0.002619884143542792,0.0017815257676801802,0.0,0.009146324072756363,0.0034092799575626198,0.004793133975993929,0.0017415691686815807,0.004498292879838393,0.000920234372045305,0.0006966276674726323,0.0017216611349118458,0.0009115906297625909,0.0,0.002180972282903557,0.0023537553706432014,0.0009156942270314883,0.002064916341448448,0.003518129529472789,0.0021683627187459495,0.00343291956367142,0.0015001509438933153,0.003282796364809112,0.0014980285729316914,0.00303863543254197,0.0021120639306383593,0.001413301837419151,0.0006406837786493042,0.0011713223805373874,0.0032675566309249486,0.0016398513327523423,0.0029934904303017657,0.06965174129353234,0.10945273631840796,0.041044776119402986,0.08582089552238806,0.09950248756218906,0.1181592039800995,0.21890547263681592,0.08706467661691543,0.03980099502487562,0.13059701492537312,0.5989583333333334,0.11458333333333333,0.13020833333333334,0.15625
3.3333333333333335,6.333333333333333,6.0,9.0,14.666666666666666,4.666666666666667,6.666666666666667,1.3333333333333333,14.0,0.0,5.0,9.666666666666666,6.333333333333333,2.0,3.0,3.3333333333333335,1.0,1.3333333333333333,0.6666666666666666,0.6666666666666666,1.0,0.6666666666666666,0.0,0.0,0.0,0.0,0.0,0.0,0.6666666666666666,0.3333333333333333,0.0,0.0,0.0,0.0,0.0,0.0,0.0,0.0,0.0,0.007432487612632337,0.0,0.0,0.0,0.0,0.0,0.006404239768976053,0.0,0.0,0.0,0.01659458819901,0.0,0.0,0.0,0.0,0.0012340071653999599,0.002718177055133142,0.0020332016300984913,0.0,0.004744738101235082,0.00432323155112438,0.0034189120324797963,0.003975200737403354,0.011847152309904047,0.0,0.0,0.0,0.0,0.0,0.001555673681952041,0.0017908466788280016,0.0,0.005891566863100928,0.0044612612551868346,0.0,0.0,0.005706923432059755,0.0024977043241246047,0.0,0.0,0.0,0.0,0.01462386148726507,0.0,0.0,0.0026735898146234335,0.0056939672470554745,0.06611570247933884,0.10743801652892562,0.049586776859504134,0.05785123966942149,0.11570247933884298,0.08264462809917356,0.19834710743801653,0.08264462809917356,0.06611570247933884,0.17355371900826447,0.9130434782608695,0.043478260869565216,0.043478260869565216,0.0
0.0,0.0,2.0,1.0,4.0,0.0,3.0,1.0,2.0,0.0,1.0,3.0,2.0,1.0,3.0,0.0,0.0,0.0,1.0,0.0,0.0,1.0,0.0,0.0,0.0,0.0,0.0,0.0,0.0,0.0,0.0,0.0,0.0,0.0,0.0,0.0,0.0,0.0,0.0,0.0,0.06500876910994983,0.0,0.0,0.0,0.0,0.0,0.0,0.0,0.02850189550322972,0.0,0.0,0.0,0.0,0.0,0.0,0.0,0.0,0.0,0.0,0.0,0.0,0.05008752929128227,0.0,0.0,0.0,0.0,0.0,0.0,0.0,0.022564668153232825,0.0,0.0,0.0,0.0,0.0,0.0,0.0,0.0,0.0,0.0,0.0,0.0,0.0,0.0,0.0,0.0,0.0,0.0,0.0,0.0,0.0,0.0,0.0,0.0,0.0,0.0,0.0,0.0,1.0,0.0
4.0,11.0,12.5,11.5,20.0,7.5,15.5,4.0,19.5,0.0,10.5,19.5,8.0,7.0,5.5,6.0,1.0,3.0,2.0,0.5,4.0,3.0,0.5,0.0,2.0,0.0,0.0,1.0,1.5,0.0,0.0,0.0,0.0,0.0,2.5,0.0,0.0,0.0,0.015659576788869926,0.0,0.0038240452417617546,0.0013273334207784013,0.0,0.0,0.0,0.0,0.0,0.0,0.008382910442126388,0.0015374397890259264,0.0,0.0,0.018784088096349284,0.0035424128562814307,0.0,0.0,0.004520883624571939,0.0,0.0,0.00640855500519614,0.0,0.0,0.0,0.019460250397075714,0.0,0.0,0.0,0.0,0.0011530287289762188,0.0013273334207784013,0.0,0.0,0.003306581871491419,0.0,0.008296703079931935,0.004229837367291348,0.0037024793510552962,0.0,0.0,0.004466394018026413,0.004781948334608798,0.0054194310217511735,0.001981601862603251,0.0023033070761127824,0.0,0.004220234547817587,0.09649122807017543,0.07017543859649122,0.09649122807017543,0.13157894736842105,0.03508771929824561,0.19298245614035087,0.07894736842105263,0.17543859649122806,0.03508771929824561,0.08771929824561403,0.4444444444444444,0.1111111111111111,0.18518518518518517,0.25925925925925924
1.5,3.3,4.0,5.0,8.5,2.2,2.6,0.6,4.4,0.0,1.8,1.5,2.1,0.8,1.6,1.2,0.3,0.9,1.1,0.1,0.0,0.4,0.0,0.5,0.1,0.3,0.1,0.1,0.2,0.0,0.0,0.1,0.0,0.0,0.0,0.0,0.0,0.0,0.009116876897629751,0.0,0.0,0.0,0.003832555665470442,0.0,0.0,0.0,0.0,0.0,0.005205825662690359,0.005967232057863185,0.0,0.0032573054240980126,0.0,0.0027498181989399234,0.0028399069011944282,0.0031277653785093686,0.0,0.0,0.0,0.0,0.0019670452789609786,0.0,0.0,0.0,0.00914840717648991,0.005652394319642088,0.0,0.0,0.0,0.0,0.0,0.0,0.0,0.0028475850132937677,0.006440363121408351,0.004925153098900885,0.002874070729129682,0.0,0.0,0.0,0.0,0.0,0.0046146892690760635,0.007151821058249735,0.0015382297563586876,0.003275981155840136,0.08759124087591241,0.11678832116788321,0.029197080291970802,0.08759124087591241,0.058394160583941604,0.17518248175182483,0.17518248175182483,0.10948905109489052,0.051094890510948905,0.10948905109489052,0.38461538461538464,0.11538461538461539,0.38461538461538464,0.11538461538461539
5.5,16.0,17.5,22.5,37.666666666666664,5.833333333333333,14.166666666666666,4.833333333333333,24.666666666666668,0.0,8.333333333333334,10.5,15.5,3.3333333333333335,9.666666666666666,6.666666666666667,0.8333333333333334,2.1666666666666665,4.5,0.5,2.1666666666666665,1.6666666666666667,0.0,1.0,0.0,0.3333333333333333,0.3333333333333333,0.0,0.16666666666666666,0.0,0.0,0.0,0.0,0.0,1.1666666666666667,0.0,0.0,0.0,0.0053413484231699185,0.0,0.0031304383199012758,0.002535355972273351,0.0013472386689213913,0.0,0.0,0.0006476197519189267,0.0,0.0,0.0027449658590590416,0.0037757349553927248,0.0,0.0022900477941491647,0.00922621341490029,0.0033832032897069845,0.002745319311788675,0.002198974696287486,0.0016448372737875435,0.0,0.002878829859176342,0.003497445749224218,0.004148792129301326,0.0,0.0015973688507735792,0.00743425296068061,0.0008039731828456221,0.0019869572327473792,0.0007013736359543102,0.0,0.0012585225292196288,0.0,0.0,0.0,0.0018045551144575962,0.002001993957981814,0.0,0.0017313138501754313,0.0025257684176540943,0.0,0.0028054945438172408,0.0,0.0013048655166669272,0.001478817453768378,0.0016221780897715213,0.0006285107591318988,0.001081452059847681,0.0023031777628539,0.06130268199233716,0.09195402298850575,0.04980842911877394,0.08812260536398467,0.06130268199233716,0.1685823754789272,0.2260536398467433,0.10344827586206896,0.022988505747126436,0.12643678160919541,0.5818181818181818,0.10909090909090909,0.16363636363636364,0.14545454545454545
3.0833333333333335,12.916666666666666,13.166666666666666,15.333333333333334,28.75,8.166666666666666,11.916666666666666,6.916666666666667,21.166666666666668,0.0,7.166666666666667,8.5,9.166666666666666,1.0833333333333333,7.416666666666667,5.416666666666667,1.5833333333333333,6.916666666666667,3.75,0.5833333333333334,1.4166666666666667,1.9166666666666667,0.0,0.9166666666666666,0.08333333333333333,0.9166666666666666,0.6666666666666666,0.3333333333333333,0.08333333333333333,0.16666666666666666,0.0,0.08333333333333333,0.08333333333333333,0.0,0.08333333333333333,0.0,0.0,0.0,0.01924270029140796,0.005602154172632151,0.0,0.0026996611948035282,0.0,0.0,0.0,0.0020113016223603755,0.0,0.00515966711781443,0.004262496834979519,0.002345247135802261,0.007898311440976798,0.003556081195799924,0.0006367487490287892,0.0015010223967294198,0.0023252976496569533,0.004439056845770775,0.0025541715393061805,0.0,0.0,0.001086195763592566,0.0017179777311762884,0.0014981314842856112,0.0024804606032700397,0.0006596695049856174,0.000499377161428537,0.0049366873619207064,0.0008712976574267901,0.0,0.0005862857943946876,0.0015748023636353915,0.0026256596180882956,0.0014802341470602533,0.0005604376053375286,0.0006217558503602543,0.0,0.0028676863507059985,0.0006275388730602197,0.0,0.0017425953148535803,0.0015140318705174282,0.002026249294325762,0.0,0.0020151883348507637,0.002732737208947369,0.0006717294449502544,0.00643764592039971,0.08677685950413223,0.09710743801652892,0.06611570247933884,0.09297520661157024,0.05991735537190083,0.1962809917355372,0.15289256198347106,0.11983471074380166,0.03925619834710744,0.08884297520661157,0.5,0.11702127659574468,0.24468085106382978,0.13829787234042554
1.4545454545454546,3.727272727272727,3.909090909090909,3.909090909090909,9.181818181818182,1.6363636363636365,2.727272727272727,0.45454545454545453,4.636363636363637,0.0,1.8181818181818181,2.1818181818181817,2.5454545454545454,0.6363636363636364,0.6363636363636364,1.0909090909090908,0.6363636363636364,1.9090909090909092,0.6363636363636364,0.36363636363636365,0.18181818181818182,1.0,0.0,0.09090909090909091,0.0,0.2727272727272727,0.18181818181818182,0.09090909090909091,0.18181818181818182,0.0,0.0,0.0,0.0,0.0,0.09090909090909091,0.0,0.0,0.0,0.01056400021471384,0.02229746283789701,0.005159426119837288,0.0035816933576560033,0.0,0.0,0.0,0.0,0.0,0.0,0.002262055198669025,0.0,0.0,0.004246130284984909,0.0025343610923645858,0.0,0.0018510107480999398,0.0,0.008132806520393965,0.0,0.002372369050617541,0.0,0.0017094560162398981,0.0,0.0019745253849840078,0.002625589339287993,0.0,0.004912199825403243,0.0017339514888870446,0.0,0.002333510522928062,0.0008954233394140008,0.0,0.0,0.0,0.004949373951677263,0.0,0.0,0.0012488521620623023,0.0,0.0034679029777740893,0.0,0.004838876290973188,0.0,0.00401038472193515,0.0,0.0026735898146234335,0.0028469836235277372,0.06593406593406594,0.12087912087912088,0.03296703296703297,0.0989010989010989,0.0989010989010989,0.14285714285714285,0.17582417582417584,0.10989010989010989,0.04395604395604396,0.10989010989010989,0.4666666666666667,0.06666666666666667,0.23333333333333334,0.23333333333333334
1.514018691588785,3.411214953271028,3.8411214953271027,4.317757009345795,8.728971962616823,1.719626168224299,3.663551401869159,1.1775700934579438,6.130841121495327,0.0,2.710280373831776,3.803738317757009,2.5046728971962615,1.3738317757009346,1.794392523364486,1.5420560747663552,0.37383177570093457,1.233644859813084,0.8785046728971962,0.38317757009345793,0.3644859813084112,0.4953271028037383,0.06542056074766354,0.2897196261682243,0.037383177570093455,0.29906542056074764,0.08411214953271028,0.27102803738317754,0.11214953271028037,0.009345794392523364,0.0,0.018691588785046728,0.0,0.0,0.21495327102803738,0.0,0.0,0.000290886669698975,0.008442266556367508,0.0009899507813865482,0.002061588872408557,0.002305762425806032,0.0,0.0003719354472190496,0.0,0.002985485981097716,0.000718893878973416,0.0014588149736907323,0.0028120263357661454,0.0020260834429023837,0.0,0.0008797479237389452,0.004725806518954682,0.002546343279356631,0.000986162174463393,0.0013274818176231625,0.0013540349122220397,0.0,0.001263926005825836,0.002495226666928025,0.0012143281637560376,0.0022943547596429507,0.0010519670127187525,0.005362197255290066,0.0007059553106593695,0.0039256057801319785,0.0016936270356571134,0.0,0.0012432233652809124,0.002067235278308856,0.0,0.0002615706218290053,0.002376824178239075,0.001757917175225751,0.0002484918117668127,0.0013935510706192425,0.0023287264417313964,0.0,0.0021555253181090536,0.00856137542567431,0.0002864451081337194,0.0006492623493288932,0.0015431078634084512,0.0008278270675246786,0.0017805090731635974,0.0030335724022367435,0.06202618883528601,0.10062026188835287,0.03652653342522398,0.09028256374913853,0.08063404548587182,0.15851137146795313,0.18883528600964852,0.1019986216402481,0.05651274982770503,0.12405237767057202,0.4551083591331269,0.20743034055727555,0.1826625386996904,0.15479876160990713
1.75,5.361111111111111,4.416666666666667,5.416666666666667,11.61111111111111,2.638888888888889,6.361111111111111,1.7222222222222223,8.36111111111111,0.0,3.2222222222222223,4.444444444444445,4.194444444444445,0.9722222222222222,3.0833333333333335,1.5277777777777777,0.5833333333333334,1.8055555555555556,0.8888888888888888,0.4166666666666667,0.3611111111111111,0.8888888888888888,0.0,0.1388888888888889,0.1111111111111111,0.3055555555555556,0.05555555555555555,0.05555555555555555,0.1388888888888889,0.05555555555555555,0.0,0.0,0.0,0.0,0.16666666666666666,0.0,0.0,0.0,0.0071507660701286314,0.007905930799008764,0.0034924127687616944,0.003117145255243214,0.0,0.0008100942434441003,0.0,0.002477157976641543,0.0015657872820618224,0.0011915148394093338,0.0017499245128613794,0.0012035215539573639,0.003039910351227832,0.0005474672969128663,0.003921160370074448,0.0036973764271241334,0.003221866751105651,0.0018399325883556648,0.001966104415904911,0.0,0.0064234213434986075,0.005852786228843751,0.0006612170623061463,0.002306409637357587,0.0015274916255286874,0.003046731451268953,0.002306409637357587,0.0019000373844997962,0.0006706919036063473,0.0,0.0031591040387145826,0.0017317473640240078,0.0010105666143294552,0.0,0.003451228967941926,0.0038288326502614587,0.0,0.0002759295289483995,0.0012076390822705302,0.0,0.001006037855409521,0.0017481664997647513,0.003119459773152324,0.0,0.0010341437195473602,0.0012020328562983055,0.0015512155793210405,0.004404849566409761,0.06398537477148081,0.10420475319926874,0.0603290676416819,0.10054844606946983,0.08409506398537477,0.1663619744058501,0.19195612431444242,0.11151736745886655,0.02376599634369287,0.09323583180987204,0.5934959349593496,0.08130081300813008,0.15447154471544716,0.17073170731707318
3.8333333333333335,9.333333333333334,5.166666666666667,9.833333333333334,15.0,4.833333333333333,9.5,2.1666666666666665,10.166666666666666,0.0,2.5,4.666666666666667,5.5,1.6666666666666667,4.666666666666667,2.3333333333333335,0.16666666666666666,3.8333333333333335,1.6666666666666667,0.6666666666666666,0.16666666666666666,1.0,0.0,0.0,0.0,0.5,0.3333333333333333,0.3333333333333333,0.0,0.0,0.0,0.0,0.0,0.0,0.0,0.0,0.0,0.0,0.009308140049328279,0.0,0.0,0.003944872054760983,0.0,0.0,0.0,0.0014107241449143055,0.007133639260582358,0.007237966600234787,0.0019931395456804,0.00365545124663507,0.0,0.007482691131581799,0.0,0.003158445029201975,0.0016309605193048423,0.0011975185627509646,0.002687238518102202,0.0,0.0062710174904435706,0.0019046404735722795,0.0030124679447024777,0.007005248851927589,0.0,0.0,0.0,0.008656464027983337,0.003055634791605142,0.0,0.003426833635069182,0.003155897643808786,0.018416339838759167,0.005191170802452567,0.005896352288323859,0.004360986838540805,0.0,0.0025142389945438082,0.004401548878876926,0.0,0.0,0.0026548495911345813,0.002842416842249985,0.009664020353472373,0.0023557504660318366,0.00136909861167543,0.0011778752330159183,0.005017062049853076,0.06432748538011696,0.11695906432748537,0.04093567251461988,0.08187134502923976,0.0935672514619883,0.13450292397660818,0.1695906432748538,0.1111111111111111,0.05847953216374269,0.1286549707602339,0.40425531914893614,0.23404255319148937,0.14893617021276595,0.2127659574468085
2.5483870967741935,6.82258064516129,6.919354838709677,8.290322580645162,16.112903225806452,4.241935483870968,7.806451612903226,2.0161290322580645,10.338709677419354,0.0,4.67741935483871,5.661290322580645,4.274193548387097,2.1451612903225805,3.774193548387097,2.306451612903226,0.3709677419354839,1.7741935483870968,1.3064516129032258,0.6290322580645161,0.6935483870967742,0.7741935483870968,0.06451612903225806,0.4032258064516129,0.04838709677419355,0.3870967741935484,0.1935483870967742,0.3548387096774194,0.3387096774193548,0.03225806451612903,0.0,0.016129032258064516,0.0,0.0,0.03225806451612903,0.0,0.0002898091702782855,0.0008138708859076809,0.008092239402069655,0.002154273438824095,0.010254422994668392,0.001927970331856896,0.0008274692974742296,0.0013875160029019557,0.0,0.002784360569949168,0.0,0.002210874122549535,0.0008429742344037708,0.0014601383471195952,0.0,0.0014065393780035456,0.00041975615857763765,0.0006926505584907825,0.0019927411142870205,0.0018008034647217926,0.0017679433168717082,0.0,0.00216109333168315,0.0030431685778864355,0.0014156520410530868,0.0013167934089065335,0.0013081311784843115,0.0004348659306609099,0.0013167934089065335,0.002847558492281078,0.0011487499840934217,0.0,0.001545960307007221,0.0017055122166426385,0.0,0.002439492030071367,0.0016625271979565793,0.000819745143491732,0.001622260378757641,0.001772278226518721,0.0019650030075433135,0.0,0.001435937480116777,0.0009980768755366287,0.001335739758270614,0.003330376605545414,0.0014391521907174446,0.0009007346107703617,0.00166056022005859,0.0025934402249158358,0.05977584059775841,0.10211706102117062,0.039850560398505604,0.08779576587795766,0.0921544209215442,0.14508094645080946,0.21419676214196762,0.08530510585305105,0.03798256537982565,0.1357409713574097,0.5263157894736842,0.15479876160990713,0.10835913312693499,0.21052631578947367
2.8,4.2,4.4,3.0,9.6,3.2,6.4,1.4,7.8,0.0,1.6,8.2,3.4,1.8,1.8,1.8,0.4,1.8,0.4,0.2,0.4,1.0,0.0,0.4,0.0,0.6,0.0,0.0,0.2,0.0,0.0,0.0,0.0,0.0,0.0,0.0,0.0,0.0,0.0,0.0,0.0,0.0,0.0,0.0,0.0,0.0,0.0,0.0,0.0020504960793690445,0.0,0.0,0.0025660067909261323,0.0,0.0,0.001118596423312194,0.0049279181143421,0.005529138245879351,0.0,0.0,0.0,0.009297473009189662,0.0,0.0035797150864458273,0.0,0.0,0.0,0.006287133456108421,0.0,0.0014101790210500518,0.0016233574210958866,0.0,0.005340557012595087,0.012132062981731105,0.0,0.0,0.0025865911958256444,0.002264106077983455,0.0,0.006287133456108421,0.0,0.005848426020744574,0.0,0.0024235418463492996,0.002816994265749446,0.0072706255390478985,0.0051614379361797835,0.05154639175257732,0.16494845360824742,0.030927835051546393,0.13402061855670103,0.1134020618556701,0.1134020618556701,0.1958762886597938,0.061855670103092786,0.05154639175257732,0.08247422680412371,0.35294117647058826,0.058823529411764705,0.23529411764705882,0.35294117647058826
2.75,8.0,4.75,6.5,13.25,3.25,9.0,2.25,10.25,0.0,4.0,6.75,8.25,1.5,5.0,0.75,0.0,1.5,1.75,0.25,0.25,1.75,0.0,0.0,0.0,0.25,0.25,0.5,0.0,0.0,0.0,0.0,0.0,0.0,0.25,0.0,0.0,0.0,0.008478114821999642,0.0,0.0,0.0,0.0,0.0,0.0,0.005139708349624094,0.0,0.0,0.0018154073568936128,0.0016647437206013219,0.0,0.0068154447886381985,0.004067891689655259,0.001917866833018609,0.0,0.0,0.004895224306861336,0.0,0.0,0.0034695998435775284,0.0027438402298882443,0.0063805769797811804,0.003169301891821465,0.004214321742041875,0.0031902884898905902,0.0,0.0,0.0,0.007491014672329575,0.0014372400097600524,0.008387059225931722,0.009456527703830792,0.00716075054972664,0.00794421806256478,0.0,0.0,0.0,0.0,0.002783157803818696,0.0,0.0,0.0,0.0021456835454939658,0.0,0.0021456835454939658,0.0,0.060240963855421686,0.13253012048192772,0.012048192771084338,0.07228915662650602,0.10843373493975904,0.10843373493975904,0.20481927710843373,0.060240963855421686,0.08433734939759036,0.1566265060240964,0.7391304347826086,0.043478260869565216,0.043478260869565216,0.17391304347826086
1.127659574468085,3.382978723404255,3.382978723404255,3.021276595744681,7.723404255319149,1.702127659574468,3.74468085106383,1.3191489361702127,4.51063829787234,0.06382978723404255,1.6170212765957446,4.0212765957446805,3.276595744680851,0.7021276595744681,2.106382978723404,1.5957446808510638,0.10638297872340426,1.4893617021276595,0.851063829787234,0.3191489361702128,0.48936170212765956,0.40425531914893614,0.02127659574468085,0.19148936170212766,0.0,0.2127659574468085,0.10638297872340426,0.10638297872340426,0.06382978723404255,0.02127659574468085,0.0,0.0425531914893617,0.0,0.0,0.0,0.0,0.0,0.0,0.008383639705281623,0.02087146230756639,0.0012598598664718959,0.0013118993112344664,0.0,0.0,0.0,0.006255303960395215,0.001976958167176894,0.0020058705888247566,0.0027618115797703215,0.0017728230125395859,0.005757272075072478,0.0010368457672637569,0.0,0.0032094535083557535,0.001657300320973202,0.002323093180840534,0.0017376781373516176,0.0,0.009268790709389463,0.00211134564124679,0.0020871265314556897,0.0033974099325482154,0.0019286061899843796,0.0,0.0014560328282349495,0.0023989813100806535,0.0029638473123999483,0.0,0.001899369030290283,0.0019678489668516997,0.0,0.0,0.000544688874179788,0.004229988202886963,0.000683352482358735,0.001045163302964432,0.0018297136327889544,0.0041747385423949075,0.0008468135178285567,0.005885945605151087,0.0031508961894709136,0.012498300224581194,0.0006528533268266523,0.0030353659142571547,0.001632133317066631,0.003475968377562935,0.07547169811320754,0.09224318658280922,0.050314465408805034,0.09224318658280922,0.06708595387840671,0.16981132075471697,0.1719077568134172,0.12368972746331237,0.041928721174004195,0.11530398322851153,0.5724137931034483,0.16551724137931034,0.1793103448275862,0.08275862068965517
1.0,1.0,5.0,2.0,10.0,2.0,5.0,0.0,4.0,0.0,0.0,6.0,6.0,1.0,0.0,0.0,0.0,1.0,1.0,1.0,1.0,1.0,0.0,0.0,0.0,0.0,0.0,0.0,0.0,0.0,0.0,0.0,0.0,0.0,0.0,0.0,0.0,0.0,0.0,0.0,0.0,0.0,0.0,0.0,0.0,0.0,0.0,0.0,0.0,0.0,0.0,0.0,0.0,0.0,0.007404042992399759,0.0,0.0,0.0,0.0,0.0,0.020513472194878778,0.0,0.0,0.0,0.0,0.0,0.0,0.0,0.0,0.0,0.0,0.0,0.0,0.0,0.0,0.0,0.0,0.0,0.0,0.0,0.0,0.0,0.0,0.0,0.0,0.0,0.11764705882352941,0.058823529411764705,0.058823529411764705,0.17647058823529413,0.0,0.29411764705882354,0.11764705882352941,0.11764705882352941,0.058823529411764705,0.0,0.0,0.0,1.0,0.0
4.8,8.6,9.0,6.2,18.8,4.8,10.0,2.6,15.4,0.0,4.6,9.6,5.2,4.0,4.2,2.8,0.8,3.0,3.4,1.0,0.8,0.8,0.0,0.4,0.2,0.2,0.0,0.4,0.4,0.0,0.0,0.0,0.0,0.0,0.2,0.0,0.0,0.0,0.004822695750195448,0.0,0.0,0.0016351208806690452,0.006082099208246571,0.0,0.0,0.0058473493542824835,0.0,0.0018750529417274901,0.0,0.0028409213492870383,0.0,0.0,0.0023139818669415785,0.0010909604811011652,0.0,0.0,0.003712802976701593,0.0,0.002166076089694277,0.0,0.0,0.0,0.001802827525420181,0.002397277222828168,0.0,0.013455156043495838,0.0,0.0,0.0014203977096083856,0.0008175604403345226,0.0,0.0,0.0020366627469331202,0.0022594968040265764,0.007665432193415375,0.0013026673051440745,0.005701281609414859,0.0,0.003166346197098082,0.002751039793711921,0.004418104439584215,0.0,0.0012205518718933067,0.0014187036338375832,0.0,0.0,0.05806451612903226,0.10967741935483871,0.0064516129032258064,0.0967741935483871,0.07096774193548387,0.12903225806451613,0.24516129032258063,0.12258064516129032,0.025806451612903226,0.13548387096774195,0.6136363636363636,0.13636363636363635,0.09090909090909091,0.1590909090909091
10.0,14.0,23.5,17.5,46.0,9.5,17.0,6.0,33.5,0.0,11.0,19.5,11.5,4.5,12.0,6.0,1.5,13.5,5.0,1.0,1.5,5.5,0.0,1.0,0.0,1.0,0.0,0.5,0.5,1.0,0.0,0.0,0.0,0.0,0.0,0.0,0.0,0.0,0.005592705996024973,0.027543924682108072,0.0027314608869726817,0.005688571803336006,0.0,0.0,0.0,0.0,0.0,0.006523293427522529,0.0,0.0,0.0,0.0,0.0,0.005060589794687758,0.0032664895554704826,0.0,0.0021528017259866378,0.0,0.0,0.0,0.0,0.0021045180374488345,0.0,0.0,0.0,0.0,0.0,0.0,0.004941551695612367,0.002844285901668003,0.005532639909543194,0.0,0.0,0.0,0.0,0.0030213124052081057,0.00528925621579328,0.0,0.00367189727058433,0.0,0.0,0.007742044316787391,0.0028308598037189293,0.0016452193400805586,0.0028308598037189293,0.0,0.09565217391304348,0.06086956521739131,0.043478260869565216,0.11304347826086956,0.06956521739130435,0.19130434782608696,0.1391304347826087,0.1391304347826087,0.017391304347826087,0.13043478260869565,0.391304347826087,0.13043478260869565,0.2608695652173913,0.21739130434782608
1.6666666666666667,4.222222222222222,4.444444444444445,4.111111111111111,10.222222222222221,1.8888888888888888,3.6666666666666665,0.7777777777777778,6.0,0.0,2.6666666666666665,4.444444444444445,3.0,1.1111111111111112,1.6666666666666667,2.111111111111111,0.4444444444444444,2.111111111111111,1.4444444444444444,0.4444444444444444,1.0,0.3333333333333333,0.0,0.2222222222222222,0.1111111111111111,0.1111111111111111,0.1111111111111111,0.0,0.1111111111111111,0.1111111111111111,0.0,0.1111111111111111,0.0,0.1111111111111111,0.0,0.0,0.0,0.0,0.007768856189030801,0.0072878866863165335,0.0,0.0026340079556302905,0.0,0.0,0.0,0.0,0.0,0.006041026598250435,0.007763162199323269,0.0,0.0,0.0,0.0,0.0023432302940383006,0.002419998487788248,0.0026652942330488397,0.000996822589075525,0.0,0.0,0.0,0.003352396234182524,0.0,0.0019361104942255641,0.0,0.003897862201656207,0.0,0.0017002170241227053,0.0,0.0038135191425283503,0.004390013259383817,0.0,0.0,0.0,0.0,0.002744045765736243,0.0013989734483259323,0.0024491108547836592,0.0,0.0,0.0,0.004744734728891998,0.0,0.0,0.0015235883382847199,0.0026215744485801763,0.0,0.13178294573643412,0.07751937984496124,0.09302325581395349,0.10077519379844961,0.06976744186046512,0.18604651162790697,0.11627906976744186,0.10852713178294573,0.046511627906976744,0.06976744186046512,0.5238095238095238,0.0,0.19047619047619047,0.2857142857142857
1.0204081632653061,2.3877551020408165,2.7755102040816326,3.2448979591836733,6.448979591836735,1.2244897959183674,2.0816326530612246,1.0408163265306123,3.693877551020408,0.0,1.6122448979591837,2.5306122448979593,1.8979591836734695,0.5714285714285714,0.9591836734693877,0.9387755102040817,0.22448979591836735,1.0204081632653061,0.7959183673469388,0.2857142857142857,0.2653061224489796,0.40816326530612246,0.0,0.10204081632653061,0.08163265306122448,0.12244897959183673,0.061224489795918366,0.08163265306122448,0.14285714285714285,0.04081632653061224,0.0,0.0,0.0,0.0,0.04081632653061224,0.0,0.0,0.0,0.008893523566061986,0.0,0.004343570319150322,0.003517876994936075,0.001869331159772888,0.0,0.0,0.0,0.0,0.005762968952302753,0.0019043582741578877,0.00116420830349402,0.0,0.00278031693493444,0.001422403107518654,0.00033530633940303075,0.0015583119438346935,0.001525569304885416,0.0011411287545318926,0.0,0.001331485525068197,0.0024264016723459774,0.0028782822901500292,0.0005577675867626087,0.0022163937506279284,0.0014736047071282278,0.0022310703470504348,0.008270875429854904,0.0019463508917573953,0.0,0.0015279556653471052,0.002261492353887477,0.0,0.0,0.003755805689221879,0.001388911175749076,0.0023559680238114072,0.0016014974441860338,0.0021027443975926517,0.0,0.0009731754458786976,0.0,0.00226317153920795,0.003077850580281847,0.0022508172604179463,0.0026162285274332273,0.0007502724201393154,0.0015978616328039862,0.07981220657276995,0.08685446009389672,0.051643192488262914,0.10328638497652583,0.05868544600938967,0.18544600938967137,0.16666666666666666,0.12206572769953052,0.028169014084507043,0.11737089201877934,0.36538461538461536,0.17307692307692307,0.3076923076923077,0.15384615384615385
3.44,16.52,12.28,13.2,24.08,6.72,13.44,5.24,18.0,0.04,7.56,13.0,9.64,4.84,5.36,3.84,1.36,3.28,2.04,1.2,1.08,1.16,0.08,0.72,0.2,0.96,0.12,0.68,0.68,0.0,0.0,0.04,0.0,0.16,0.6,0.0,0.0,0.0,0.008470407444888733,0.014047401587875118,0.00590988810090453,0.0021539001418994968,0.00038151349579001217,0.00719695090368861,0.0,0.003667882776777194,0.0,0.0011761695725381529,0.004663946536892136,0.0004752086620625591,0.0,0.0038909993884225355,0.004064193606301027,0.001916123317715865,0.00134282416089432,0.003269225676310134,0.0016302580343153358,0.0,0.002989185003778102,0.0017332228309507743,0.0029371562460849157,0.00204903528918882,0.0015832103541417227,0.0042104905404582,0.0022767058768764664,0.00731471210364592,0.0023833951374520107,0.0,0.0013364651176769808,0.0017436334482043546,0.0,0.0026994088172753346,0.0010220343966428022,0.002834641445051523,0.0009616633115375654,0.004085638366133688,0.0024318557555795014,0.0,0.0021847788759976764,0.0020707826810849738,0.0033256277054324827,0.0008375484306342723,0.0026031042649651793,0.0028477251122848947,0.0018374853635048326,0.0026088722659235995,0.06722689075630252,0.1134453781512605,0.04726890756302521,0.0976890756302521,0.08508403361344538,0.13865546218487396,0.18067226890756302,0.09453781512605042,0.06092436974789916,0.11449579831932773,0.558974358974359,0.14871794871794872,0.17435897435897435,0.11794871794871795
0.8145161290322581,4.82258064516129,3.056451612903226,3.346774193548387,7.596774193548387,2.0403225806451615,4.387096774193548,1.564516129032258,4.903225806451613,0.04032258064516129,1.7419354838709677,3.661290322580645,2.4838709677419355,0.7983870967741935,2.0725806451612905,1.096774193548387,0.13709677419354838,0.9274193548387096,0.6370967741935484,0.31451612903225806,0.41935483870967744,0.3870967741935484,0.12096774193548387,0.21774193548387097,0.024193548387096774,0.20161290322580644,0.08870967741935484,0.14516129032258066,0.056451612903225805,0.008064516129032258,0.0,0.16129032258064516,0.0,0.008064516129032258,0.31451612903225806,0.0,0.0,0.0,0.005923361849572541,0.015479230399862388,0.007439019987152555,0.002868997858007988,0.0008003779631958296,0.0067104437330429935,0.0,0.0032061912384416034,0.0,0.0009869954454865618,0.0016307505373748725,0.0006646274993881945,0.003777180407803431,0.002154108053031124,0.007917260272014988,0.002488471841189435,0.002372306209897952,0.0038102863360257966,0.0009771776429462551,0.0,0.0038006166608748914,0.0015583422056500468,0.0021908857779654387,0.0027065734200629322,0.002214280215582829,0.008202254299593896,0.0006368408047206899,0.005115183289262882,0.0016667098863300772,0.0,0.002429936577594511,0.0022234733399561905,0.0016742127126144696,0.0018876984736191152,0.0016080960786337797,0.000396453348958255,0.0,0.0019428210412383974,0.0011003872197192315,0.0,0.0016667098863300772,0.0016894497398129156,0.0032300191389204374,0.0005856982032407498,0.001713273066204972,0.0018669526522846773,0.0014991139329293506,0.003876820674886468,0.05652173913043478,0.12347826086956522,0.04869565217391304,0.07739130434782608,0.07043478260869565,0.15565217391304348,0.19391304347826088,0.08869565217391304,0.06956521739130435,0.11565217391304349,0.5465587044534413,0.17813765182186234,0.08502024291497975,0.1902834008097166
1.4285714285714286,2.7142857142857144,2.7142857142857144,2.4285714285714284,5.285714285714286,1.4285714285714286,2.7142857142857144,1.0,3.0,0.0,1.2857142857142858,3.5714285714285716,2.2857142857142856,1.0,0.7142857142857143,1.0,0.0,0.14285714285714285,1.1428571428571428,0.2857142857142857,0.2857142857142857,0.2857142857142857,0.0,0.14285714285714285,0.0,0.14285714285714285,0.0,0.0,0.14285714285714285,0.0,0.0,0.0,0.0,0.0,0.0,0.0,0.0,0.0,0.01199156781129679,0.0,0.0,0.006098558960333195,0.0,0.0,0.0,0.007269677575594439,0.0,0.0,0.0077032150008728975,0.0070639125441731765,0.0,0.0,0.0,0.005425316987097687,0.002801529780908017,0.0,0.002307958607138828,0.0,0.0,0.0,0.0,0.0,0.0044827062794231525,0.0,0.00902478005248329,0.0,0.003936538515311129,0.0,0.007063599420755215,0.0,0.0,0.0,0.0,0.0,0.0,0.0032390646506285097,0.0,0.0,0.0,0.0,0.0,0.0,0.0030348857355184922,0.0,0.0,0.0,0.06521739130434782,0.13043478260869565,0.08695652173913043,0.08695652173913043,0.043478260869565216,0.13043478260869565,0.13043478260869565,0.08695652173913043,0.10869565217391304,0.13043478260869565,0.6923076923076923,0.0,0.07692307692307693,0.23076923076923078
1.75,4.75,5.875,6.125,11.375,4.0,7.375,2.0,6.625,0.0,2.5,6.375,3.25,2.0,2.625,2.125,0.375,0.875,1.625,0.625,0.375,0.75,0.0,0.125,0.125,0.375,0.125,0.25,0.125,0.0,0.0,0.0,0.0,0.125,0.125,0.0,0.0,0.0,0.0,0.0032181905126861666,0.0022339783199295474,0.0015508362991912593,0.0,0.0,0.0,0.008318909390628688,0.0,0.0,0.0019588931617340014,0.004490803507464047,0.0,0.002451374185145927,0.006584113353359543,0.0010347254047557443,0.000534312380894828,0.0011769426424287832,0.0017607106899821987,0.0,0.0,0.0074876587689576895,0.002960707327095906,0.0,0.0,0.0022737062319607365,0.0,0.0,0.0015015662377990903,0.0,0.0020207719992366723,0.0007754181495956297,0.0,0.0,0.005795040393335477,0.0,0.0,0.001235519505909844,0.001081480222816839,0.0,0.007507831188995452,0.0,0.0027935780648917375,0.0,0.0011576368269503527,0.004036723741640959,0.0,0.0,0.04938271604938271,0.13580246913580246,0.043209876543209874,0.05555555555555555,0.13580246913580246,0.07407407407407407,0.22839506172839505,0.06172839506172839,0.08024691358024691,0.13580246913580246,0.5862068965517241,0.034482758620689655,0.27586206896551724,0.10344827586206896
1.0,4.666666666666667,2.6666666666666665,5.166666666666667,6.333333333333333,1.3333333333333333,4.166666666666667,1.3333333333333333,3.6666666666666665,0.0,1.8333333333333333,4.666666666666667,2.6666666666666665,1.1666666666666667,2.3333333333333335,1.0,0.8333333333333334,0.8333333333333334,0.6666666666666666,0.16666666666666666,0.0,1.3333333333333333,0.0,0.0,0.0,0.0,0.0,0.16666666666666666,0.0,0.0,0.0,0.0,0.0,0.0,0.6666666666666666,0.0,0.0,0.0,0.0,0.0,0.0,0.005977395537280218,0.02223389909239806,0.0,0.0,0.0,0.0,0.0034272490855416374,0.0056626282456747785,0.001730892477711308,0.0,0.0,0.012688589310116736,0.003988146924290352,0.001029701343313874,0.006804443224108131,0.0,0.0,0.0,0.007214929476048635,0.0,0.0,0.0,0.013145334705309424,0.0033170549199524678,0.0,0.0,0.0,0.0,0.0044830466529601634,0.0,0.0049161418857663385,0.0,0.0,0.004670329548306057,0.00238103427960109,0.00625253135443113,0.0,0.0028937468556260613,0.010056781232642255,0.0026918252214685285,0.0,0.0,0.005186254343565205,0.0066928274829646224,0.0,0.13131313131313133,0.04040404040404041,0.1111111111111111,0.15151515151515152,0.030303030303030304,0.24242424242424243,0.06060606060606061,0.1717171717171717,0.030303030303030304,0.030303030303030304,0.5416666666666666,0.041666666666666664,0.25,0.16666666666666666
1.8275862068965518,5.172413793103448,4.724137931034483,5.827586206896552,9.551724137931034,2.586206896551724,5.896551724137931,1.7586206896551724,7.758620689655173,0.0,3.5517241379310347,6.310344827586207,4.137931034482759,1.6551724137931034,2.689655172413793,1.6206896551724137,0.3103448275862069,1.3793103448275863,1.3793103448275863,0.2413793103448276,0.4827586206896552,0.5172413793103449,0.0,0.3103448275862069,0.10344827586206896,0.13793103448275862,0.20689655172413793,0.06896551724137931,0.20689655172413793,0.034482758620689655,0.0,0.0,0.0,0.0,0.06896551724137931,0.0,0.0,0.0,0.01154494309179441,0.0,0.004643483507853559,0.0016117620109452016,0.0,0.0,0.0,0.0008234022560112069,0.0,0.0005280761346089667,0.003490028020803639,0.0016001924334759642,0.0,0.001455816097709112,0.0013033857046446443,0.0036870011361296523,0.0020625548335970758,0.001747399535442734,0.002614116381555203,0.0,0.0,0.0011116881131462693,0.0017582976167038954,0.0025554861883307274,0.002030940395983551,0.0013503030887766824,0.0010221944753322912,0.0037894112938825016,0.0008917464799990517,0.0,0.0020001518767954816,0.0006907551475479435,0.0,0.0015149743362259534,0.004588725862477888,0.0025453923180054497,0.0014392240036616624,0.0029349891936307315,0.0032113341310173486,0.0,0.0008917464799990517,0.008522608993581014,0.002073804124702795,0.003760421525296733,0.0017187363094007787,0.0003995532683052786,0.00240623083316109,0.004392489019157081,0.06782945736434108,0.11046511627906977,0.044573643410852716,0.08333333333333333,0.0872093023255814,0.1569767441860465,0.18023255813953487,0.10465116279069768,0.03875968992248062,0.12596899224806202,0.48623853211009177,0.13761467889908258,0.21100917431192662,0.1651376146788991
1.8823529411764706,5.294117647058823,3.0588235294117645,4.176470588235294,10.470588235294118,2.7058823529411766,6.647058823529412,1.3529411764705883,6.0,0.0,2.764705882352941,5.529411764705882,4.0,1.2352941176470589,2.3529411764705883,0.7647058823529411,0.6470588235294118,1.9411764705882353,0.8235294117647058,0.47058823529411764,0.9411764705882353,0.7647058823529411,0.058823529411764705,0.058823529411764705,0.0,0.17647058823529413,0.058823529411764705,0.23529411764705882,0.11764705882352941,0.0,0.0,0.0,0.0,0.0,0.11764705882352941,0.0,0.0,0.0,0.013119806718273638,0.0,0.0093202536358351,0.002426308403573422,0.0015041750730072163,0.0,0.0,0.0007230593287553609,0.0,0.004637227705347556,0.0035755066043478144,0.002341978173247379,0.0,0.001278404816984704,0.0022891003414905937,0.002698074308099656,0.003901054909974067,0.004296473409726579,0.0032137703185427767,0.0,0.002142784948944876,0.0009762135760603439,0.0038600619721546087,0.002692877918886143,0.004458605708028404,0.002371500048389155,0.0008976259729620477,0.002218412824375658,0.0007830748659489879,0.0,0.0028102492319133647,0.0028306931375023255,0.0,0.001330353807796984,0.004029526295007464,0.005588002848667877,0.00252766939711188,0.0025773202596398896,0.0005639977506087817,0.0,0.0031322994637959516,0.005442917441322511,0.002185298970116924,0.0,0.002414855316434069,0.0021051731340815754,0.0030185691455425863,0.006428672698288439,0.0398406374501992,0.12749003984063745,0.043824701195219126,0.08366533864541832,0.09561752988047809,0.14342629482071714,0.1952191235059761,0.08764940239043825,0.08366533864541832,0.099601593625498,0.5441176470588235,0.07352941176470588,0.22058823529411764,0.16176470588235295
0.6153846153846154,4.0,3.1538461538461537,5.384615384615385,6.615384615384615,1.0,4.0,0.6923076923076923,4.461538461538462,0.0,2.3846153846153846,4.230769230769231,4.153846153846154,1.0769230769230769,1.4615384615384615,1.6153846153846154,0.15384615384615385,1.9230769230769231,0.7692307692307693,0.23076923076923078,1.2307692307692308,0.46153846153846156,0.0,0.5384615384615384,0.0,0.07692307692307693,0.15384615384615385,0.07692307692307693,0.07692307692307693,0.0,0.0,0.15384615384615385,0.0,0.0,0.15384615384615385,0.0,0.0,0.0,0.012439850720130315,0.0029174250442108238,0.0,0.004217694981912677,0.0,0.0,0.0,0.002513813741093404,0.0,0.00806097526350136,0.008879095172345707,0.0024426613470505372,0.0,0.0022222737940107936,0.003979183771189256,0.0037520883836002694,0.007265649665439016,0.005334740014747289,0.003990395722623208,0.0,0.0,0.003393938787798579,0.0,0.0,0.0,0.004122420644863391,0.00936215500771631,0.0,0.0,0.0,0.004885106141456877,0.0028117966546084513,0.0,0.0023125776471984954,0.005253447833210665,0.003885489831223272,0.0021969462984243442,0.0011200503932079892,0.002941221914389721,0.0,0.0013612329445468387,0.0,0.002532496002752323,0.0,0.001049446469291441,0.0024396398937020125,0.002098892938582882,0.0,0.09655172413793103,0.06896551724137931,0.07586206896551724,0.11724137931034483,0.07586206896551724,0.2206896551724138,0.10344827586206896,0.1103448275862069,0.041379310344827586,0.0896551724137931,0.5384615384615384,0.07692307692307693,0.23076923076923078,0.15384615384615385
1.0,4.8,5.6,6.0,11.0,2.4,4.6,3.2,7.4,0.2,1.6,5.6,4.6,0.4,2.2,2.8,0.0,2.0,0.6,0.0,0.0,0.2,0.0,0.6,0.2,0.0,0.0,0.0,0.4,0.0,0.0,0.0,0.0,0.0,1.0,0.0,0.0,0.0,0.02218440045089906,0.005202741328842637,0.0036115982838861014,0.0037607780255388035,0.0,0.0,0.0,0.0,0.0,0.00575016235463097,0.004750315917204953,0.0,0.0,0.005944582398978873,0.0177405276465521,0.0,0.001727610031559944,0.0019027239385931995,0.001423241141068944,0.0,0.0,0.0,0.0,0.0,0.002764335538977611,0.018379125375015952,0.005565281032364696,0.01375415951112908,0.0,0.0,0.004355886309465716,0.0,0.0,0.004124096804170651,0.0031228828786307844,0.0,0.0,0.0,0.0017483930268872233,0.0,0.002427532084441863,0.0,0.004516284538241643,0.0,0.0,0.006526036715652883,0.0,0.0,0.05660377358490566,0.1320754716981132,0.09433962264150944,0.03773584905660377,0.07547169811320754,0.18867924528301888,0.22641509433962265,0.03773584905660377,0.018867924528301886,0.1320754716981132,0.46153846153846156,0.23076923076923078,0.07692307692307693,0.23076923076923078
5.423076923076923,14.73076923076923,13.653846153846153,13.461538461538462,27.307692307692307,7.923076923076923,14.923076923076923,5.230769230769231,19.076923076923077,0.11538461538461539,7.615384615384615,19.576923076923077,10.038461538461538,4.3076923076923075,6.269230769230769,7.076923076923077,0.6538461538461539,1.4615384615384615,2.923076923076923,1.5384615384615385,1.6538461538461537,1.6923076923076923,0.07692307692307693,1.1923076923076923,0.15384615384615385,0.6153846153846154,0.34615384615384615,0.23076923076923078,0.7692307692307693,0.07692307692307693,0.0,0.11538461538461539,0.0,0.0,1.0769230769230769,0.23076923076923078,0.0,0.001342881445474894,0.007036938735950089,0.001523372816903903,0.0018505952979652248,9.176359558045068e-05,0.0003413296830980182,0.0004292610000844501,0.0,0.0029533989011870047,0.0,0.0,0.0026658950653691885,0.0012754685520995892,0.0008054093508844784,0.0015955365527962815,0.007272245574511801,0.0017143030902703955,0.000695540435642271,0.0022284851334479117,0.001458547245015754,0.0,0.0014587320067237586,0.002879810199569636,0.0010511173227144067,0.0016295251497773814,0.0022258578150368726,0.00753402130053521,0.00040738128744434535,0.005034055941446186,0.0007107861328987967,0.0,0.0003985662544244758,0.0018352719116090134,0.0,0.0003018858986379492,0.000685789652078334,0.0005072152240027125,0.0008603738452145765,0.002339397649254263,0.0012798322278963,0.0,0.0019546618654716907,0.00030877876497132587,0.001322376928643344,0.000374665829075925,0.0016439478648680892,0.0006369454297505864,0.0009589695878397187,0.0023340866144904104,0.08326180257510729,0.08669527896995709,0.054935622317596564,0.09957081545064378,0.06437768240343347,0.18454935622317598,0.18283261802575107,0.096137339055794,0.03261802575107296,0.11502145922746781,0.41472868217054265,0.1434108527131783,0.19767441860465115,0.2441860465116279
1.8137254901960784,3.676470588235294,3.7549019607843137,3.911764705882353,9.42156862745098,1.803921568627451,4.696078431372549,1.6862745098039216,5.2745098039215685,0.0196078431372549,2.264705882352941,4.205882352941177,2.764705882352941,1.0392156862745099,2.0294117647058822,1.1176470588235294,0.5,1.7058823529411764,0.9803921568627451,0.3627450980392157,0.46078431372549017,0.37254901960784315,0.0,0.18627450980392157,0.06862745098039216,0.19607843137254902,0.0784313725490196,0.06862745098039216,0.09803921568627451,0.0,0.0,0.0196078431372549,0.0,0.0,0.16666666666666666,0.0,0.0,0.0,0.0062968822240543195,0.001703954583682086,0.0,0.006651157643420155,0.001527164648358855,0.0015364669566341525,0.0,0.004257840632430586,0.0,0.002071565040423821,0.0033189980207545527,0.002472883503455093,0.0021621196439136816,0.0009085606286648932,0.004415764523377597,0.002410593901472444,0.002829055728537026,0.002991181737526427,0.0024238604585890312,0.0,0.002175534937247527,0.0005946803225345763,0.001254098736804816,0.0016404212649983273,0.0023539101751119396,0.00409316765993805,0.0025517664122196204,0.00045046373944745895,0.0014310778663740237,0.0,0.0019972404475716164,0.0014780350318711454,0.0014375199764970308,0.0008104120357540579,0.001841000823646969,0.0002269363602297435,0.0017964113291701242,0.0011775202277939888,0.0029776125785415594,0.0,0.0009540519109160158,0.0,0.002366611985104791,0.0006705264000711059,0.0013484699720043955,0.00284979769242484,0.0019614108683700298,0.0015664626050851305,0.09117865085248332,0.09117865085248332,0.06745737583395107,0.11638250555967383,0.06300963676797627,0.17049666419570053,0.13046701260192736,0.1223128243143069,0.04744255003706449,0.10007412898443291,0.4985507246376812,0.04057971014492753,0.23768115942028986,0.22318840579710145
1.0168539325842696,3.056179775280899,2.5842696629213484,2.99438202247191,5.825842696629214,1.848314606741573,2.4269662921348316,0.8820224719101124,3.308988764044944,0.0449438202247191,1.6853932584269662,2.5842696629213484,2.691011235955056,0.6292134831460674,1.1404494382022472,1.2584269662921348,0.34269662921348315,0.8089887640449438,0.9719101123595506,0.2640449438202247,0.23595505617977527,0.42134831460674155,0.0,0.11797752808988764,0.028089887640449437,0.16292134831460675,0.09550561797752809,0.11235955056179775,0.07865168539325842,0.016853932584269662,0.0,0.0,0.0,0.0,0.03932584269662921,0.0,0.0,0.0,0.0056401018095506095,0.001831473479514357,0.0,0.00764904005194333,0.0013678775924674492,0.0003440524117365263,0.0,0.001972622745007292,0.0006650002700542876,0.0045543984751477366,0.0014864091527108066,0.0011926684152156796,0.0,0.001162565006319206,0.001457175021815883,0.002453594302346167,0.0021792212588451704,0.002344294813520956,0.0013360281897909251,0.0,0.0013640348778648443,0.0012428586141107246,0.0018253513393748065,0.002122352936071282,0.0009731037751290157,0.0015096282902555475,0.0031019004450272584,0.0056487095775823466,0.0015666602109500939,0.0,0.001788923321358149,0.0015445177027962492,0.0,0.003629420264426583,0.0023818598226844965,0.0014228643498628898,0.00045972605071330805,0.00011718910567788936,0.0022567263319665594,0.0,0.0007121182777045881,0.004207261640187854,0.001457340838611221,0.0,0.0017568308560237424,0.001148650530134471,0.003623463640548969,0.0023384611249315183,0.07225592939878654,0.09652509652509653,0.06453392167677882,0.09707666850523994,0.0888030888030888,0.17319360176503035,0.1516822945394374,0.11527854384997242,0.045780474351902925,0.0948703805846663,0.4644808743169399,0.09836065573770492,0.25136612021857924,0.18579234972677597
2.6666666666666665,11.333333333333334,12.333333333333334,11.333333333333334,28.666666666666668,6.666666666666667,9.666666666666666,5.666666666666667,18.666666666666668,0.3333333333333333,6.333333333333333,9.0,4.333333333333333,3.6666666666666665,5.333333333333333,3.6666666666666665,1.3333333333333333,6.0,4.333333333333333,3.0,1.3333333333333333,1.3333333333333333,0.0,0.0,0.0,0.6666666666666666,1.3333333333333333,1.0,0.0,0.0,0.3333333333333333,0.0,0.0,0.0,0.0,0.0,0.0,0.0,0.0030389589658765836,0.0,0.014842184728299046,0.005151750719916169,0.0,0.0,0.0,0.003684631099958825,0.0,0.0023630804197113573,0.005205825662690359,0.002386892823145274,0.0,0.0016286527120490063,0.0,0.0013749090994699617,0.0,0.0,0.0023395744784694967,0.0,0.0,0.0024873387006469037,0.0019670452789609786,0.0,0.0,0.0,0.0,0.005652394319642088,0.001995231850226188,0.0,0.0,0.002060700287966468,0.0,0.0,0.0,0.0,0.0,0.0032834353992672563,0.005748141458259364,0.0,0.003990463700452376,0.0,0.0037120146889657334,0.0,0.0,0.0035759105291248675,0.0015382297563586876,0.0,0.05555555555555555,0.1111111111111111,0.05555555555555555,0.06349206349206349,0.10317460317460317,0.16666666666666666,0.20634920634920634,0.09523809523809523,0.03968253968253968,0.10317460317460317,0.32,0.16,0.2,0.32
3.4363636363636365,6.163636363636364,7.418181818181818,7.472727272727273,18.054545454545455,3.709090909090909,8.909090909090908,3.909090909090909,12.527272727272727,0.05454545454545454,5.4,8.563636363636364,6.163636363636364,1.2545454545454546,5.963636363636364,2.090909090909091,0.8545454545454545,3.2363636363636363,1.3454545454545455,1.1454545454545455,1.2727272727272727,1.0727272727272728,0.01818181818181818,0.2909090909090909,0.03636363636363636,0.45454545454545453,0.21818181818181817,0.23636363636363636,0.18181818181818182,0.03636363636363636,0.0,0.01818181818181818,0.0,0.0,0.09090909090909091,0.0,0.0,0.0,0.005962726516781968,0.001613531080619701,0.009632588117601112,0.0029547118877424096,0.0,0.0,0.0,0.0016683684580792199,0.0014060791375096861,0.0012483122961466267,0.00412501588950947,0.00171120968937069,0.0,0.00036871979042598106,0.0015405282449797138,0.0039427958393483875,0.0021967198540510657,0.002006318143382216,0.0019421209230299856,0.0,0.005356223990229542,0.002627905050373331,0.004156416833421338,0.0027615453778791045,0.0029148403684601965,0.0011399871011381364,0.0005177897583523322,0.0004265590475539687,0.0015057056347330643,0.0,0.0016886189173497348,0.0019438893998305327,0.0,0.0005116040143009766,0.0015496041851234767,0.007306381119567676,0.0007290349019237227,0.0027256360705840183,0.0019520308087920756,0.0,0.0027102701425195156,0.0010465706175940596,0.0023810872996242985,0.004127133893201273,0.003134235888817685,0.004857422228053145,0.002321656213939026,0.0029666707365774907,0.052434456928838954,0.1404494382022472,0.04400749063670412,0.08052434456928839,0.0945692883895131,0.10486891385767791,0.2340823970037453,0.08239700374531835,0.04119850187265917,0.1254681647940075,0.6508620689655172,0.1206896551724138,0.11637931034482758,0.11206896551724138
1.8823529411764706,4.8431372549019605,5.607843137254902,5.529411764705882,11.392156862745098,1.9215686274509804,4.745098039215686,1.4705882352941178,7.764705882352941,0.0196078431372549,2.823529411764706,5.8431372549019605,4.294117647058823,1.3137254901960784,2.1176470588235294,1.6666666666666667,0.37254901960784315,1.7254901960784315,0.9803921568627451,0.3333333333333333,0.6274509803921569,0.49019607843137253,0.09803921568627451,0.35294117647058826,0.058823529411764705,0.29411764705882354,0.21568627450980393,0.2549019607843137,0.23529411764705882,0.0,0.0,0.0,0.0,0.0,0.3137254901960784,0.0,0.0,0.0,0.006837657673222313,0.009086979718184056,0.0018552730910373807,0.0018031127519706593,0.00047906945818380523,0.0006024844744335975,0.0,0.0027634733249691187,0.0011645096053233758,0.0005907701049278393,0.001789502571549811,0.0004475424043397389,0.0,0.0010179079450306288,0.005103439459967042,0.0013749090994699617,0.0018636889039088435,0.004691648067764054,0.001316010644139092,0.0,0.0023886181537039627,0.0021764213630660408,0.0012294032993506116,0.002858877242653097,0.0017040424555341436,0.0060424521780874365,0.0017153263455918582,0.0035327464497763045,0.0012470199063913678,0.0,0.0013425676981229945,0.0006439688399895212,0.0007515800790361189,0.0025422514546257434,0.002566753050929412,0.0028475850132937677,0.001207568085264066,0.0014365029871794247,0.0021555530468472615,0.0012295462830341165,0.0037410597191741032,0.0021669149060059654,0.0023200091806035834,0.0021034321317299075,0.0028841807931725394,0.001117472040351521,0.0021150659149931955,0.001228492933440051,0.05201560468140442,0.1222366710013004,0.03901170351105332,0.07672301690507152,0.09622886866059818,0.14304291287386217,0.19375812743823148,0.09102730819245773,0.05981794538361508,0.12613784135240572,0.5107913669064749,0.1223021582733813,0.2014388489208633,0.16546762589928057
1.0,11.0,11.0,13.0,21.0,7.0,9.0,3.0,15.0,0.0,5.0,7.0,5.0,5.0,7.0,5.0,0.0,1.0,2.0,2.0,2.0,0.0,0.0,0.0,0.0,0.0,1.0,0.0,1.0,0.0,0.0,0.0,0.0,0.0,1.0,0.0,0.0,0.0,0.010238954054261106,0.0,0.0,0.006942974816379331,0.0,0.0,0.0,0.0,0.0,0.0,0.00876981400099376,0.0,0.0,0.0,0.009825523004244241,0.0,0.0023920754283137686,0.0,0.003941283159883229,0.0,0.0,0.00838041808371803,0.0,0.0,0.0,0.010179207900008836,0.0,0.0,0.0,0.0,0.0,0.0,0.0,0.0,0.008647983356208326,0.0,0.02169906959366814,0.011062651575992757,0.004841703766764618,0.0,0.0,0.0,0.006253317052949967,0.0,0.0,0.006024033891371893,0.0,0.011037536509676767,0.08333333333333333,0.08333333333333333,0.0,0.10416666666666667,0.10416666666666667,0.14583333333333334,0.16666666666666666,0.16666666666666666,0.041666666666666664,0.10416666666666667,0.6,0.0,0.4,0.0
0.625,3.0,2.0,3.875,7.375,1.625,3.375,0.875,2.875,0.0,0.625,2.0,1.5,0.625,1.25,1.125,0.125,0.875,0.25,0.125,0.0,0.5,0.0,0.125,0.0,0.0,0.0,0.0,0.0,0.0,0.0,0.0,0.0,0.0,0.0,0.0,0.0,0.0,0.004378500088993236,0.0,0.0,0.008907105849960325,0.0,0.013888852621153457,0.0,0.0,0.0,0.010214104182568169,0.0,0.0017195050272000494,0.0,0.0070396370514223495,0.0,0.001980954557788958,0.004091707969484077,0.0,0.008427085703697695,0.0,0.011799414488597771,0.0071674628347588405,0.005668196264374399,0.0,0.0,0.0,0.0,0.0,0.0,0.0,0.0025791432095520683,0.002969035283320108,0.0,0.0,0.0,0.0,0.0,0.002365369580393188,0.0,0.014172138736024817,0.0,0.0,0.008022347535034497,0.0,0.0,0.0,0.0,0.0,0.10526315789473684,0.14736842105263157,0.05263157894736842,0.11578947368421053,0.07368421052631578,0.14736842105263157,0.11578947368421053,0.11578947368421053,0.031578947368421054,0.09473684210526316,0.4444444444444444,0.25925925925925924,0.14814814814814814,0.14814814814814814
0.9583333333333334,2.4583333333333335,2.0,3.0,4.833333333333333,1.2083333333333333,2.625,0.7083333333333334,2.7916666666666665,0.0,1.4583333333333333,2.4583333333333335,1.5,0.625,1.0,0.9166666666666666,0.16666666666666666,0.4583333333333333,0.2916666666666667,0.125,0.08333333333333333,0.20833333333333334,0.0,0.20833333333333334,0.041666666666666664,0.16666666666666666,0.125,0.041666666666666664,0.041666666666666664,0.041666666666666664,0.0,0.0,0.0,0.0,0.041666666666666664,0.0,0.0,0.0,0.0037076992397045787,0.0,0.009054146115591898,0.0012570845767817728,0.0,0.0,0.0,0.004495455213877341,0.0,0.0014415448799910508,0.0007939246658281258,0.0,0.0,0.0,0.0017789944158102386,0.003354931395921132,0.001299316736827813,0.004770060013186294,0.0021408084016078825,0.0,0.003330568249334933,0.0015173458925951864,0.0011999524125138005,0.0,0.0013860178189859886,0.0018430320710322403,0.0,0.017240589916457064,0.0,0.0,0.0016380073865678876,0.0006285422883908864,0.03301090441850006,0.004135584539001209,0.0,0.0,0.0,0.002002987054149106,0.002629894803674375,0.0,0.0024342940122536786,0.0,0.0033966485385104276,0.007698913150677155,0.0037534519960172995,0.0,0.0009383629990043249,0.005995319274058411,0.05220883534136546,0.0963855421686747,0.05220883534136546,0.08835341365461848,0.12449799196787148,0.12449799196787148,0.18875502008032127,0.08032128514056225,0.05622489959839357,0.13654618473895583,0.5952380952380952,0.19047619047619047,0.047619047619047616,0.16666666666666666
0.42857142857142855,5.571428571428571,3.2857142857142856,2.7142857142857144,8.428571428571429,1.4285714285714286,3.0,1.2857142857142858,5.0,0.0,2.142857142857143,1.4285714285714286,3.5714285714285716,0.7142857142857143,1.5714285714285714,0.7142857142857143,1.2857142857142858,1.4285714285714286,1.2857142857142858,0.42857142857142855,0.14285714285714285,0.14285714285714285,0.0,0.2857142857142857,0.14285714285714285,0.2857142857142857,0.0,0.2857142857142857,0.14285714285714285,0.0,0.0,0.0,0.0,0.0,0.0,0.0,0.0,0.0,0.024201164128253523,0.0,0.0,0.004102666936951422,0.0,0.0,0.0,0.0,0.0,0.006272904386870149,0.0017273876062563465,0.0,0.0,0.006484998980704225,0.0,0.0018248793502055856,0.005653996466923453,0.0,0.004657880098043817,0.0,0.0,0.0033013768208586176,0.0,0.0030356078358352886,0.0,0.0,0.0,0.0,0.0026482168193911228,0.0,0.0011879689934906497,0.0013675556456504742,0.0,0.0,0.0,0.0037795219267353643,0.0,0.0021790071286046336,0.003814675695026669,0.0,0.007944650458173368,0.0,0.002463427929949987,0.0055836562042284816,0.0,0.004746208520474824,0.002041650403894258,0.0,0.06451612903225806,0.1774193548387097,0.03225806451612903,0.0967741935483871,0.0967741935483871,0.06451612903225806,0.1935483870967742,0.06451612903225806,0.11290322580645161,0.0967741935483871,0.4,0.2,0.3,0.1
10.333333333333334,31.0,46.0,43.666666666666664,79.66666666666667,19.0,30.333333333333332,13.333333333333334,51.0,0.3333333333333333,32.333333333333336,37.666666666666664,29.333333333333332,9.333333333333334,20.0,16.333333333333332,5.666666666666667,11.0,9.333333333333334,4.0,3.6666666666666665,6.0,0.6666666666666666,3.0,0.6666666666666666,3.3333333333333335,1.0,0.6666666666666666,1.3333333333333333,0.0,0.0,0.3333333333333333,0.0,0.0,1.3333333333333333,0.0,0.0,0.001998877405824918,0.008863017129293814,0.0,0.005509217721182189,0.0019122600129858325,0.0030484129203560296,0.0,0.0,0.000488458965430377,0.0,0.0006265310071631808,0.004485770478716542,0.0031642223260824154,0.0,0.0,0.002319584728604875,0.0007290680212685754,0.0011294302869762345,0.0008292743558033315,0.0006202988024029296,0.0,0.0,0.001318951998648116,0.0005215289541070876,0.0006063865531632236,0.0012047951501597336,0.0032041090242158564,0.001212773106326447,0.001498637234868786,0.0010580042983039596,0.0,0.0004746123097480804,0.0008195400055653568,0.0,0.0053922815357194944,0.0,0.0,0.004268884756623574,0.0021763691054465166,0.0011430172330739717,0.0,0.0010580042983039596,0.0,0.000984178228672513,0.004461517063911378,0.0004078357344340831,0.00047404625053168643,0.0024470144066044987,0.0,0.09778597785977859,0.1014760147601476,0.06642066420664207,0.11623616236162361,0.05719557195571956,0.1992619926199262,0.11623616236162361,0.13284132841328414,0.03136531365313653,0.08118081180811808,0.5185185185185185,0.12345679012345678,0.12345679012345678,0.2345679012345679
1.3428571428571427,5.066666666666666,3.1809523809523808,4.228571428571429,8.038095238095238,2.761904761904762,5.742857142857143,1.0571428571428572,5.380952380952381,0.0,2.0095238095238095,5.485714285714286,4.123809523809523,1.4952380952380953,2.657142857142857,1.3142857142857143,0.1523809523809524,0.8857142857142857,0.5619047619047619,0.2857142857142857,0.49523809523809526,0.3238095238095238,0.0,0.2,0.047619047619047616,0.5238095238095238,0.11428571428571428,0.12380952380952381,0.06666666666666667,0.02857142857142857,0.0,0.01904761904761905,0.0,0.0,0.09523809523809523,0.0,0.0,0.0,0.010541689760194907,0.0,0.012814118515160825,0.0058774566819402635,0.000590869194465348,0.0018577134797741336,0.0,0.0036924127918277986,0.0,0.002003752457263168,0.002407763083694168,0.003955890481442986,0.0,0.0057750958891875015,0.0022480077271238145,0.006465121668362977,0.001915512706587055,0.004942661973536717,0.0018034734628117558,0.0,0.013046777207620017,0.0019173783014490389,0.002274461014215704,0.0015867221528389312,0.00315256851330076,0.0023289282418182834,0.0024682344599716707,0.0017428713213679932,0.00692115800210457,0.0,0.0023458310642318,0.003415278882749072,0.001853950437833552,0.0033968273571838518,0.0015828762214812847,0.0008780304370451744,0.0002482294128103536,0.008479029851011696,0.0008861970991614226,0.0,0.0018456421338945521,0.0010690418628151923,0.002575283686008962,0.0029185953760222792,0.0028458062651957983,0.0013782548501906828,0.0009486020883985994,0.00252530754357265,0.047976011994003,0.12518740629685157,0.04047976011994003,0.08020989505247376,0.11694152923538231,0.11694152923538231,0.22863568215892055,0.07871064467766117,0.05547226386806597,0.10944527736131934,0.5816326530612245,0.04846938775510204,0.16071428571428573,0.20918367346938777
0.3333333333333333,1.3333333333333333,2.0,0.6666666666666666,5.0,1.3333333333333333,1.6666666666666667,0.6666666666666666,2.0,0.0,1.0,1.0,0.6666666666666666,0.0,0.6666666666666666,0.0,0.0,1.6666666666666667,0.0,0.3333333333333333,0.0,0.3333333333333333,0.0,0.0,0.0,0.3333333333333333,0.0,0.0,0.0,0.0,0.0,0.0,0.0,0.0,0.0,0.0,0.0,0.0,0.0,0.0,0.0,0.0,0.0,0.0,0.0,0.0,0.0,0.0,0.0,0.0124459411492575,0.0,0.0,0.0,0.0,0.0,0.0,0.012199209780590947,0.0,0.0,0.0,0.0,0.0,0.0,0.0,0.0,0.0,0.020807417866644536,0.0,0.0,0.0,0.0,0.0,0.0,0.0,0.0,0.0,0.0,0.1025792898988463,0.0,0.0,0.0,0.0,0.0,0.0,0.0,0.0,0.13043478260869565,0.13043478260869565,0.043478260869565216,0.13043478260869565,0.08695652173913043,0.08695652173913043,0.17391304347826086,0.043478260869565216,0.043478260869565216,0.13043478260869565,0.6666666666666666,0.3333333333333333,0.0,0.0
1.8,6.2,6.2,7.2,13.6,3.8,3.8,2.8,7.8,0.0,2.8,2.4,1.8,0.8,2.2,2.0,0.6,2.0,2.0,0.4,0.4,0.6,0.0,0.2,0.0,0.0,0.0,0.0,0.2,0.0,0.0,0.0,0.0,0.0,0.0,0.0,0.0,0.0,0.0,0.0,0.0034396174132248583,0.002387795571770669,0.0,0.0,0.0,0.0,0.0,0.008214517649472813,0.0,0.0013828823499175,0.0,0.0018871690155488486,0.0,0.0015931486390683683,0.0,0.0018121180367554278,0.0,0.0,0.0,0.0028821543674162533,0.0,0.0,0.0,0.0,0.0,0.03274799883602162,0.0,0.0,0.0,0.0,0.006967028034239578,0.0,0.0029741741701245564,0.0032995826344515084,0.00373132149097468,0.0,0.0016651362160830696,0.0,0.0,0.0,0.0021506116848769726,0.0,0.0,0.0,0.0017823932097489556,0.0,0.06451612903225806,0.08064516129032258,0.016129032258064516,0.0967741935483871,0.08064516129032258,0.25806451612903225,0.20967741935483872,0.0967741935483871,0.04838709677419355,0.04838709677419355,0.125,0.5,0.125,0.25
0.0,2.0,0.0,0.0,3.0,0.0,2.0,0.0,3.0,0.0,0.0,4.0,1.0,0.0,2.0,0.0,0.0,1.0,0.0,0.0,0.0,1.0,0.0,0.0,0.0,1.0,0.0,0.0,0.0,0.0,0.0,0.0,0.0,0.0,0.0,0.0,0.0,0.0,0.0,0.0,0.0,0.0,0.16786593814760536,0.0,0.0,0.08069342108909827,0.0,0.0,0.0,0.0,0.0,0.0,0.0,0.0,0.0,0.0,0.0,0.0,0.0,0.0,0.0,0.0,0.0,0.0,0.0,0.0,0.0,1.0231991619508165,0.0,0.0,0.0,0.0,0.0,0.0,0.0,0.0,0.0,0.0,0.0,0.0,0.0,0.0,0.0,0.0,0.0,0.0,0.0,0.0,0.0,0.25,0.0,0.25,0.25,0.25,0.0,0.0,1.0,0.0,0.0,0.0
1.4047619047619047,4.833333333333333,4.166666666666667,4.690476190476191,8.761904761904763,1.8571428571428572,3.642857142857143,1.380952380952381,5.738095238095238,0.07142857142857142,2.0238095238095237,2.5238095238095237,2.9761904761904763,0.6666666666666666,2.0476190476190474,1.2380952380952381,0.5,1.0476190476190477,0.9285714285714286,0.21428571428571427,0.23809523809523808,0.23809523809523808,0.0,0.19047619047619047,0.023809523809523808,0.35714285714285715,0.14285714285714285,0.19047619047619047,0.09523809523809523,0.023809523809523808,0.0,0.023809523809523808,0.0,0.0,0.09523809523809523,0.0,0.0,0.0,0.00920090341281528,0.002589382781175137,0.0,0.0037434472512275652,0.0,0.0009728597227720394,0.0,0.0014874363334395995,0.0,0.005723663910600412,0.0028895930924933357,0.001686224284738113,0.03833228891274063,0.004273524673920296,0.002354503208390325,0.002497645930926539,0.003582601447935368,0.0034722519801055622,0.002361137376888571,0.0,0.00330601106408638,0.0015061580887788164,0.002382209674243987,0.001846544858664784,0.0018343977770174007,0.0024392571926288454,0.001846544858664784,0.006845388143787745,0.0016108968670950608,0.0,0.0028905420671108896,0.0016637543338789177,0.006068056674982858,0.0013683639165911836,0.002590409761076227,0.0022990640291662124,0.0,0.001656848738339929,0.0011602239441094939,0.0,0.0008054484335475304,0.0069980367102718,0.0014984907223658907,0.0008491274411960364,0.0015524069891361871,0.0014435472919416515,0.0012419255913089498,0.0033061745305483403,0.06278026905829596,0.1210762331838565,0.04932735426008968,0.08071748878923767,0.08744394618834081,0.14573991031390135,0.2062780269058296,0.10538116591928251,0.03811659192825112,0.1031390134529148,0.514018691588785,0.14018691588785046,0.11214953271028037,0.2336448598130841
1.4285714285714286,4.142857142857143,4.9523809523809526,4.285714285714286,9.666666666666666,2.7142857142857144,4.809523809523809,1.4761904761904763,7.904761904761905,0.047619047619047616,4.714285714285714,6.571428571428571,4.571428571428571,1.380952380952381,2.5238095238095237,2.619047619047619,0.2857142857142857,1.0476190476190477,1.0,0.5714285714285714,0.6190476190476191,0.09523809523809523,0.14285714285714285,0.5714285714285714,0.047619047619047616,0.23809523809523808,0.047619047619047616,0.19047619047619047,0.38095238095238093,0.0,0.0,0.0,0.0,0.0,0.0,0.0,0.0,0.0,0.008030552199420475,0.0,0.0,0.0006806838055273853,0.0050638292050559685,0.0,0.0,0.006085476703551906,0.0,0.0,0.006018499804603561,0.0027595073136362784,0.0,0.0016139137734784272,0.0,0.0027249329663703316,0.0016416203919800373,0.0020663065396487237,0.0003864003097924735,0.0,0.009017149332663957,0.003286438464203149,0.002598991952292334,0.0,0.003001993345496048,0.0,0.0007554680134431714,0.001867080476623857,0.0006590584844638541,0.0,0.0008869451761355531,0.0017017095138184633,0.0,0.0,0.003391366022042481,0.00470302502195577,0.004254719528170223,0.004338294735683434,0.0,0.0,0.0019771754533915624,0.002290458470782776,0.0024522811972352812,0.004168793093654749,0.0010162060833862824,0.0017717746739329095,0.002032412166772565,0.009739002802655971,0.079155672823219,0.09234828496042216,0.06068601583113457,0.11345646437994723,0.06860158311345646,0.13720316622691292,0.16358839050131926,0.10554089709762533,0.0395778364116095,0.13984168865435356,0.6022727272727273,0.03409090909090909,0.2159090909090909,0.14772727272727273
7.0,14.0,28.0,14.0,58.0,6.0,18.0,5.0,23.0,0.0,12.0,20.0,8.0,2.0,11.0,2.0,2.0,18.0,5.0,3.0,3.0,1.0,0.0,0.0,2.0,0.0,0.0,1.0,0.0,0.0,0.0,0.0,0.0,0.0,1.0,0.0,0.0,0.0,0.013310640270539438,0.0,0.008667835881326644,0.0015043112102155216,0.0,0.0,0.0,0.0,0.0,0.0,0.0019001263668819814,0.0,0.0,0.0,0.004257726635172505,0.0,0.0,0.0,0.0,0.0,0.0,0.0,0.0,0.003339168619418818,0.0033172026467731333,0.004410990090003829,0.0,0.0,0.0,0.0,0.0013067658928397148,0.0015043112102155216,0.0,0.0,0.0,0.0,0.0,0.0,0.004196143264529336,0.0,0.0,0.0,0.005419541445889972,0.0,0.0,0.005220829372522307,0.0022458154442836845,0.0,0.11320754716981132,0.11320754716981132,0.07547169811320754,0.16981132075471697,0.04716981132075472,0.1792452830188679,0.09433962264150944,0.0660377358490566,0.0660377358490566,0.07547169811320754,0.3333333333333333,0.0,0.5555555555555556,0.1111111111111111
1.0625,4.375,3.5625,4.410714285714286,8.776785714285714,2.169642857142857,4.410714285714286,1.5535714285714286,6.125,0.008928571428571428,2.1875,4.196428571428571,3.3035714285714284,0.8571428571428571,2.2857142857142856,1.2857142857142858,0.21428571428571427,1.4553571428571428,0.75,0.4107142857142857,0.5982142857142857,0.5535714285714286,0.0,0.25,0.09821428571428571,0.25892857142857145,0.10714285714285714,0.07142857142857142,0.11607142857142858,0.008928571428571428,0.0,0.0,0.008928571428571428,0.0,0.0625,0.0,0.0,0.0002741734867504786,0.015914415467931577,0.00031102405818388395,0.01230654214303268,0.005470676769133165,0.0,0.00035056552614004077,0.0,0.0033499427552764146,0.0,0.002234370626010706,0.0023664808621080805,0.0027777058958156895,0.0,0.003316804526829793,0.001484760201571282,0.0024000405934288004,0.0018590024916154827,0.003981122820703141,0.002722639977601168,0.0,0.0035739176398542566,0.004522809493869744,0.0021460457460600515,0.0014971363786832957,0.0023135588037939488,0.0015382064412168782,0.0023288788112851267,0.004111173550320881,0.0017414378287593567,0.0,0.001887888287563188,0.0017985786638246022,0.0004373192621957092,0.001479250929426869,0.0007467537936280853,0.0037280571645313954,0.0,0.003582226930120537,0.0015678051054784134,0.0,0.0024670369240757553,0.001765197237280449,0.0022948905159447734,0.003977729179033575,0.002573252501753142,0.002991009853072394,0.0020138497839807196,0.0028592754824137753,0.06398274622573688,0.11143062544931703,0.04529115744069015,0.08483105679367361,0.09920920201294033,0.1409058231488138,0.19338605319913732,0.08986340762041696,0.04888569374550683,0.12221423436376708,0.5670391061452514,0.08659217877094973,0.11731843575418995,0.22905027932960895
2.0,1.8,3.2,2.0,7.4,1.8,3.2,0.8,3.0,0.0,1.0,4.2,3.4,1.4,0.6,0.6,0.4,0.2,0.4,0.2,0.0,0.0,0.0,0.0,0.0,0.0,0.0,0.6,0.2,0.0,0.0,0.0,0.0,0.0,0.2,0.0,0.0,0.0,0.006861154778628576,0.0,0.0,0.0,0.0,0.04352795048279021,0.0,0.008318909390628688,0.0,0.0,0.0,0.0,0.0,0.0036770612777188906,0.006584113353359543,0.0,0.003205874285368968,0.0,0.0,0.0,0.01232653609805403,0.005615744076718267,0.0,0.0,0.015389084443792885,0.006821118695882209,0.0,0.0,0.0,0.0,0.004041543998473345,0.0,0.013574930912075055,0.00765296314175997,0.0,0.0,0.0,0.0,0.0032444406684505175,0.0,0.0,0.0,0.0,0.009497971893790716,0.0,0.0,0.003472910480851058,0.0,0.078125,0.109375,0.0,0.09375,0.0625,0.125,0.25,0.0625,0.046875,0.171875,0.6153846153846154,0.07692307692307693,0.07692307692307693,0.23076923076923078
4.0,7.0,12.0,19.0,21.0,7.0,11.0,2.0,12.0,0.0,6.0,14.0,9.0,1.0,3.0,2.0,0.0,1.0,5.0,0.0,2.0,1.0,0.0,1.0,0.0,0.0,0.0,0.0,0.0,0.0,0.0,0.0,0.0,0.0,0.0,0.0,0.0,0.0,0.009645391500390897,0.0,0.0,0.0,0.0,0.0,0.0,0.0,0.0,0.02250063530072988,0.0,0.0037878951323827175,0.0,0.005169202086068586,0.0,0.0,0.0022534043889912312,0.0,0.003712802976701593,0.0,0.0,0.0,0.0,0.0,0.014422620203361448,0.0,0.0,0.0,0.0,0.0,0.0028407954192167712,0.006540483522676181,0.0,0.0,0.0,0.0,0.0,0.010421338441152596,0.0,0.0,0.006332692394196164,0.0,0.005890805919445621,0.0,0.0,0.0,0.0,0.0,0.1188118811881188,0.07920792079207921,0.09900990099009901,0.09900990099009901,0.0594059405940594,0.15841584158415842,0.07920792079207921,0.16831683168316833,0.07920792079207921,0.0594059405940594,0.7692307692307693,0.23076923076923078,0.0,0.0
1.0,8.0,8.0,7.0,15.0,2.5,9.0,3.5,12.5,0.0,3.0,10.5,7.0,3.5,3.0,7.0,0.5,0.5,2.0,0.5,1.5,1.0,0.0,1.0,0.0,1.0,1.0,0.0,1.5,0.0,0.0,0.0,0.0,0.0,0.0,0.0,0.0,0.0,0.01901520038648491,0.0,0.0,0.0021490160145936025,0.0,0.0,0.0,0.0038425438613856324,0.0,0.0,0.005428932476805661,0.0024891882298515005,0.0,0.006793808455975855,0.0,0.005735335100646126,0.0014808085984799521,0.0032618124661597707,0.0,0.0,0.005693685721482099,0.0,0.004102694438975756,0.004770240884884026,0.0,0.0,0.0,0.011789279580967784,0.008322967146657815,0.0,0.0018668084183424496,0.004298032029187205,0.0,0.0,0.0,0.0,0.0,0.0,0.008991735566848576,0.0,0.008322967146657815,0.0,0.0,0.017548633784718087,0.0,0.0,0.0032083077775481206,0.0,0.058823529411764705,0.13725490196078433,0.0784313725490196,0.058823529411764705,0.058823529411764705,0.09803921568627451,0.21568627450980393,0.09803921568627451,0.09803921568627451,0.09803921568627451,0.375,0.125,0.0,0.5
0.0,3.0,1.0,8.0,5.0,3.0,4.0,2.0,7.0,0.0,1.0,4.0,3.0,2.0,1.0,0.0,0.0,2.0,2.0,0.0,0.0,1.0,0.0,0.0,0.0,0.0,0.0,0.0,0.0,0.0,0.0,1.0,0.0,0.0,0.0,0.0,0.0,0.0,0.027730500563623826,0.0,0.0,0.0,0.0,0.0,0.0,0.0,0.0,0.021563108829866135,0.0,0.0,0.0,0.0,0.0,0.0125460455326634,0.006478537618349789,0.0,0.0,0.0,0.0,0.022696965643402997,0.0,0.0,0.0,0.0,0.0,0.0,0.0,0.0,0.008167286830248217,0.0,0.0,0.0,0.0,0.0,0.029384156741425603,0.0,0.0,0.0,0.01820649063331397,0.0,0.0,0.0,0.0,0.0,0.014036346526773026,0.0,0.1111111111111111,0.0,0.05555555555555555,0.2777777777777778,0.0,0.2777777777777778,0.0,0.2777777777777778,0.0,0.0,0.6,0.0,0.4,0.0
2.875,4.5,6.25,6.4375,12.8125,3.6875,9.4375,1.5625,10.1875,0.0625,3.5625,11.5625,6.0625,1.75,3.9375,2.5625,0.0625,1.25,1.6875,0.5625,1.4375,0.875,0.125,0.5,0.0625,0.3125,0.0,0.375,0.1875,0.0,0.0,0.0625,0.0,0.0,0.3125,0.0,0.0,0.0,0.005880989810253065,0.008275347032621571,0.0,0.0016616103205620634,0.0012361262013814826,0.004663708980298951,0.0,0.004159454695314344,0.0,0.0,0.004197628203715717,0.0019246300746274484,0.0,0.0,0.004702938109542531,0.005321444938743828,0.0025189012242184754,0.004035231916898685,0.0015091805914133132,0.0,0.0035218674565868652,0.0032089966152675812,0.0012688745687553884,0.004425996697315074,0.0014656270898850366,0.004872227639915864,0.0014753322324383583,0.0,0.0006435283876281815,0.0,0.002598135427590007,0.003987864769348952,0.0,0.0010932804488228529,0.0024835887400009183,0.0009184405271153684,0.0,0.0021180334387025895,0.0009269830481287193,0.0,0.004504698713397271,0.0011182429794764216,0.004190367097337606,0.0,0.0014883902060790247,0.0005766748202344227,0.0004961300686930083,0.0010566124788350365,0.06005221932114883,0.12010443864229765,0.05221932114882506,0.06005221932114883,0.1227154046997389,0.09660574412532637,0.24804177545691905,0.06266318537859007,0.04177545691906005,0.13577023498694518,0.47540983606557374,0.08196721311475409,0.2459016393442623,0.19672131147540983
4.5,11.25,15.25,12.5,27.0,6.75,8.0,5.75,24.75,0.0,8.75,5.0,2.75,1.75,5.75,5.75,0.5,2.5,3.5,1.25,1.0,1.75,0.25,1.25,0.0,1.5,0.25,0.0,0.5,0.5,0.0,0.0,0.0,0.0,0.25,0.0,0.0,0.0,0.002160818225736922,0.0,0.0,0.0029304763835367306,0.0,0.0,0.0,0.0,0.0,0.006720968985932303,0.0,0.0025457606896208524,0.0,0.004632142129074447,0.0020735681664801157,0.0,0.0,0.0,0.0,0.0,0.001941029223232534,0.0,0.0,0.0016262184834831904,0.0,0.0021482094594174493,0.0,0.0,0.002837375163633346,0.0,0.0006364119607985624,0.0014652381917683653,0.0,0.0,0.0,0.0,0.0,0.004669300989867072,0.0010217881325964293,0.0,0.001418687581816673,0.0,0.0013196935339017787,0.002991244395122401,0.0032812238634014864,0.0012713058536986137,0.0010937412878004955,0.002329350237431785,0.08208955223880597,0.09701492537313433,0.03731343283582089,0.08208955223880597,0.06716417910447761,0.13432835820895522,0.2462686567164179,0.08955223880597014,0.05223880597014925,0.11194029850746269,0.4666666666666667,0.06666666666666667,0.3333333333333333,0.13333333333333333
1.3333333333333333,7.333333333333333,2.0,5.333333333333333,5.666666666666667,1.3333333333333333,3.3333333333333335,0.3333333333333333,3.6666666666666665,0.0,2.6666666666666665,2.3333333333333335,2.0,0.3333333333333333,1.6666666666666667,1.3333333333333333,0.3333333333333333,2.0,0.3333333333333333,0.0,0.0,0.3333333333333333,0.0,0.0,0.3333333333333333,0.0,0.0,0.0,0.0,0.0,0.0,0.0,0.0,0.0,0.0,0.0,0.0,0.0,0.009787235493043705,0.0,0.0,0.0,0.0,0.0,0.0,0.0,0.0,0.0,0.004191455221063194,0.0038435994725648163,0.0,0.026226098819024442,0.0,0.0,0.0022865426888293377,0.005036622190393763,0.01130220906142985,0.0,0.00879172059934736,0.0,0.006335042883712564,0.0,0.0,0.0,0.0,0.0,0.0,0.0,0.0,0.0,0.0,0.0,0.0,0.018341797585627505,0.0,0.0,0.0,0.0,0.0,0.0,0.0,0.0,0.009908009313016254,0.0,0.0,0.021101172739087935,0.10714285714285714,0.14285714285714285,0.07142857142857142,0.03571428571428571,0.03571428571428571,0.17857142857142858,0.17857142857142858,0.14285714285714285,0.03571428571428571,0.07142857142857142,0.6363636363636364,0.09090909090909091,0.18181818181818182,0.09090909090909091
1.3333333333333333,0.6666666666666666,2.0,2.3333333333333335,4.0,0.3333333333333333,0.6666666666666666,0.6666666666666666,2.0,0.0,1.3333333333333333,0.3333333333333333,1.3333333333333333,0.0,0.6666666666666666,0.6666666666666666,0.0,0.3333333333333333,1.0,0.0,0.0,0.0,0.0,0.0,0.0,0.0,0.0,0.0,0.3333333333333333,0.0,0.0,0.3333333333333333,0.0,0.0,0.0,0.0,0.0,0.0,0.0,0.0,0.0,0.007051458797885257,0.0,0.0,0.0,0.0,0.0,0.0,0.0,0.0,0.0,0.0,0.0,0.0,0.0,0.0,0.0,0.0,0.0,0.0,0.0,0.0,0.0,0.0,0.0,0.0,0.0,0.0,0.0061254651226861625,0.0,0.0,0.0,0.0,0.038976319869458445,0.0,0.0,0.0,0.0,0.0,0.0,0.0,0.05758145460610622,0.0,0.012236318841849156,0.0,0.0,0.07692307692307693,0.07692307692307693,0.0,0.15384615384615385,0.0,0.23076923076923078,0.0,0.23076923076923078,0.0,0.23076923076923078,0.8,0.0,0.2,0.0
1.2727272727272727,4.181818181818182,3.1363636363636362,4.454545454545454,7.681818181818182,2.0,4.045454545454546,1.2272727272727273,5.090909090909091,0.0,1.1363636363636365,4.2272727272727275,3.090909090909091,0.36363636363636365,2.727272727272727,1.7727272727272727,0.5,1.0,0.6363636363636364,0.22727272727272727,0.36363636363636365,0.18181818181818182,0.0,0.2727272727272727,0.045454545454545456,0.2727272727272727,0.045454545454545456,0.045454545454545456,0.045454545454545456,0.045454545454545456,0.0,0.0,0.0,0.0,0.18181818181818182,0.0,0.0,0.0,0.0064866667985084975,0.0,0.0,0.0039587137110934775,0.0016361202548499545,0.0,0.0,0.0015729711713274516,0.0,0.0030264012392794575,0.0005555925049362518,0.0,0.0,0.004866909566415452,0.004979797234119888,0.0,0.0018185368753262567,0.0033381121729705253,0.001997531426061676,0.0,0.004661497081915169,0.008494770767121589,0.0008397327799073183,0.00195273018679463,0.003879769177512436,0.005159052736846583,0.00195273018679463,0.0072390313216468835,0.0008517656436638114,0.0,0.004967238773952131,0.0017594283160415455,0.012833999010441327,0.0014470515102353158,0.001095748378466942,0.0,0.0,0.0007008502460424261,0.0006134712375042888,0.0,0.0,0.0014800915849210335,0.0015846612414882955,0.0,0.003940027095234533,0.0015265582960591539,0.003940027095234533,0.0,0.07142857142857142,0.08163265306122448,0.061224489795918366,0.07482993197278912,0.12244897959183673,0.17346938775510204,0.19727891156462585,0.09523809523809523,0.023809523809523808,0.09863945578231292,0.5967741935483871,0.11290322580645161,0.12903225806451613,0.16129032258064516
3.1707317073170733,11.24390243902439,10.0,8.487804878048781,20.51219512195122,8.073170731707316,15.78048780487805,3.926829268292683,15.121951219512194,0.0975609756097561,5.7073170731707314,15.75609756097561,8.78048780487805,3.2195121951219514,7.2682926829268295,3.4390243902439024,0.6585365853658537,3.3658536585365852,1.6097560975609757,1.2926829268292683,1.3902439024390243,0.9024390243902439,0.0975609756097561,0.6585365853658537,0.0975609756097561,0.7073170731707317,0.21951219512195122,0.3902439024390244,0.4878048780487805,0.04878048780487805,0.0,0.024390243902439025,0.0,0.04878048780487805,0.5853658536585366,0.0,0.0,0.0,0.005690253193630061,0.0,0.0028902667524943492,0.0019292636929918623,0.0,0.004331954032315989,0.0,0.0011038771694815085,0.0,0.0024778401391364643,0.0024368925703855777,0.001787720684913868,0.006095935138312036,0.0010978366947498603,0.005242071096655614,0.0035012220091153673,0.00244606892293371,0.0012884382347518929,0.001577052427176258,0.0,0.00531592408332631,0.008196988960134597,0.0023572252590558377,0.000342595959584694,0.0056156474355427526,0.005430767552672292,0.001541681818131123,0.002116748214777047,0.0020921275146352576,0.0,0.0022792428363483394,0.0028553102656279565,0.0,0.0007616321047373978,0.003652619509205637,0.0055451946189106404,0.0009647329162711552,0.0033199304917693718,0.0007534114958542754,0.0,0.0020921275146352576,0.0020773925665239132,0.0031972328981396034,0.0015754159946951085,0.0026498164441787655,0.0024104376377924465,0.0012673035167811487,0.001472174842261949,0.05525709900230238,0.1343054489639294,0.04144282425172678,0.07060629316960859,0.113584036838066,0.1281657712970069,0.19339984650805833,0.09132770529547199,0.04604758250191865,0.12586339217191098,0.5830258302583026,0.11070110701107011,0.15129151291512916,0.15498154981549817
1.8387096774193548,5.096774193548387,4.903225806451613,4.967741935483871,10.548387096774194,2.4516129032258065,5.741935483870968,2.4516129032258065,10.290322580645162,0.0,3.3225806451612905,7.258064516129032,4.193548387096774,1.2903225806451613,3.161290322580645,2.064516129032258,0.6451612903225806,2.0,1.6451612903225807,0.6451612903225806,0.7741935483870968,0.7096774193548387,0.06451612903225806,0.25806451612903225,0.03225806451612903,0.3870967741935484,0.0967741935483871,0.16129032258064516,0.3225806451612903,0.12903225806451613,0.0,0.03225806451612903,0.0,0.0,0.06451612903225806,0.0,0.0,0.0,0.01328648302866913,0.006798500466001266,0.011798324702350241,0.0022523715942428407,0.0007616421876025651,0.0009578519049071349,0.0,0.0018306130011138447,0.0,0.0032872978978380316,0.004396844133892062,0.0011858655360000342,0.0,0.0022656303154002964,0.001159090735527905,0.0030055862256108327,0.0012698404043226448,0.003418687294387055,0.002324713297571778,0.0,0.005425018155677136,0.010874771197565138,0.001954550435991172,0.002272573924286854,0.00045152486117601626,0.0012008139990936013,0.002272573924286854,0.008986383709630615,0.0011895347782201503,0.0,0.0030238230732679426,0.0016380884321766113,0.0023897791260821784,0.004041764563071055,0.0015302692871693498,0.0005658993810447687,0.0019198360121439595,0.0009787736194730432,0.0008567443144456448,0.0,0.0027755811491803513,0.0006890081516011708,0.001475374259316689,0.000836028379036025,0.0021398423017222035,0.0028425568271446314,0.00489106811822218,0.0006510343676306622,0.05708661417322835,0.13385826771653545,0.045275590551181105,0.05905511811023622,0.12598425196850394,0.12401574803149606,0.2204724409448819,0.0610236220472441,0.0610236220472441,0.11220472440944881,0.5576923076923077,0.125,0.15384615384615385,0.16346153846153846
2.272727272727273,5.454545454545454,4.285714285714286,4.987012987012987,10.584415584415584,3.3636363636363638,5.077922077922078,1.4155844155844155,6.766233766233766,0.025974025974025976,2.7012987012987013,5.961038961038961,3.896103896103896,1.4155844155844155,2.2857142857142856,2.1818181818181817,0.5194805194805194,1.7792207792207793,1.1168831168831168,0.37662337662337664,0.4155844155844156,0.6233766233766234,0.0,0.3116883116883117,0.07792207792207792,0.2597402597402597,0.14285714285714285,0.16883116883116883,0.12987012987012986,0.025974025974025976,0.0,0.06493506493506493,0.0,0.012987012987012988,0.07792207792207792,0.0,0.0,0.0,0.005018674588808334,0.004315637968625228,0.0005446901475488046,0.003403133864752332,0.0007032506834838934,0.0026532537893782892,0.0,0.0032115102653809536,0.0,0.00433610902318213,0.0017910700986528939,0.0007664655839718696,0.0,0.0017930872757707535,0.001605343096629767,0.0025228746777035743,0.0026055283257711763,0.0028696297356244314,0.0017171908195553242,0.0,0.0022540984527861683,0.0025102634812980275,0.001985174728536656,0.0014688425012106235,0.0010422714642144323,0.0016631299040651218,0.002937685002421247,0.005704490119823121,0.0007322258486795731,0.0,0.0029562362049997733,0.0024578189023211285,0.002758207579537663,0.000932975397675807,0.003061393353999177,0.004702630968749071,0.00029544187758450546,0.0015062261257635717,0.004087152530385717,0.0,0.0016475081595290395,0.0015904628886981363,0.002383962512854826,0.00038596701872547107,0.0025403023458592153,0.001640394649933695,0.002822558162065795,0.00030056132095894,0.07351638618246235,0.112488928255093,0.04074402125775022,0.07528786536758193,0.1054030115146147,0.14968999114260406,0.1753764393268379,0.09211691762621789,0.043401240035429584,0.13197519929140833,0.44015444015444016,0.20077220077220076,0.22007722007722008,0.138996138996139
1.25,4.5,2.25,2.75,10.25,2.75,3.0,1.5,4.75,0.0,0.5,2.0,1.5,0.25,1.5,1.5,0.0,1.5,1.0,0.25,0.0,0.25,0.0,0.0,0.0,0.0,0.25,0.25,0.25,0.0,0.0,0.0,0.0,0.0,0.0,0.0,0.0,0.0,0.0,0.0,0.0,0.011007155196698938,0.0,0.0,0.0,0.0,0.02488074181129945,0.0,0.0,0.006374750344741647,0.0,0.0,0.0,0.0,0.0,0.0,0.0,0.0,0.0,0.0,0.0,0.0,0.0,0.0,0.012216470558849333,0.0,0.0,0.0,0.0023904254137311854,0.0,0.016058149981357076,0.0,0.0,0.0,0.008600240997490422,0.0,0.0038379359126792705,0.0,0.0,0.01851919470889001,0.0049568976639237546,0.022470811553602428,0.0,0.014325446448994132,0.0,0.008749266745475485,0.1095890410958904,0.0547945205479452,0.0958904109589041,0.136986301369863,0.0273972602739726,0.2191780821917808,0.0547945205479452,0.1780821917808219,0.0273972602739726,0.0958904109589041,0.4,0.06666666666666667,0.3333333333333333,0.2
3.9285714285714284,10.5,9.714285714285714,12.5,21.428571428571427,5.071428571428571,10.428571428571429,3.2142857142857144,14.642857142857142,0.35714285714285715,6.214285714285714,8.571428571428571,7.214285714285714,2.857142857142857,4.642857142857143,2.142857142857143,0.5714285714285714,2.5,1.5,0.7857142857142857,1.0714285714285714,0.5,0.2857142857142857,0.5,0.2857142857142857,0.6428571428571429,0.21428571428571427,0.2857142857142857,0.14285714285714285,0.0,0.0,0.0,0.0,0.0,0.14285714285714285,0.0,0.0,0.0,0.016129859126575715,0.000986821326861617,0.011645406479126945,0.004993235313149518,0.0,0.0011122790297235644,0.0,0.0029760481961205896,0.0,0.0032719575042157254,0.005406049726639989,0.0013770535518145813,0.0,0.0030067434683981654,0.0013459620553759233,0.0006345734305245977,0.001966089393134604,0.003608960052126195,0.001349754506809325,0.0,0.0025198609094019826,0.004018008670275768,0.001361800577742216,0.002638963608602859,0.0005243207555489672,0.0013944120410971006,0.0031667563303234307,0.003913196067444522,0.000920876238565933,0.005390933413860993,0.0022720376429773755,0.003328823542099679,0.0,0.0,0.002961638135687783,0.007228485033745719,0.0,0.0015154317227387337,0.0,0.0,0.0027626287156977992,0.0,0.0012849281615650617,0.000970814830029188,0.0024848326833486496,0.002475630366317216,0.001064928292863707,0.0,0.06756756756756757,0.10270270270270271,0.051351351351351354,0.08378378378378379,0.08378378378378379,0.15405405405405406,0.17567567567567569,0.1,0.04594594594594595,0.13513513513513514,0.5797101449275363,0.13043478260869565,0.2028985507246377,0.08695652173913043
1.4857142857142858,6.6,5.571428571428571,6.257142857142857,11.342857142857143,2.7142857142857144,7.0,2.657142857142857,9.114285714285714,0.02857142857142857,2.6,6.3428571428571425,4.4,1.4285714285714286,3.657142857142857,2.0,0.34285714285714286,1.1142857142857143,0.8,0.8285714285714286,0.6285714285714286,0.4857142857142857,0.02857142857142857,0.2571428571428571,0.02857142857142857,0.2571428571428571,0.22857142857142856,0.2571428571428571,0.05714285714285714,0.0,0.0,0.02857142857142857,0.0,0.0,0.08571428571428572,0.0,0.0,0.0,0.015034608739314123,0.0014103816855296303,0.007832381820475883,0.005777098774171054,0.0,0.0023845319259209246,0.0,0.0057724962375484455,0.0,0.0031175579031131767,0.002360849778128968,0.0015744865309301659,0.0,0.0029543858308178138,0.0014427537543882732,0.0038545079648544182,0.001990394087565297,0.0028368926192880537,0.0052085481518035145,0.0,0.0040516061798197165,0.002871302882599174,0.0012975389038929349,0.0022629907812326323,0.0011240521016927033,0.0014946879070043093,0.0011314953906163161,0.0009321343042180853,0.003948395559031945,0.0,0.003247234522869773,0.0023788053775998454,0.0009915423934271689,0.0027949451233084226,0.0,0.0023479710764734004,0.0,0.00270735072454642,0.0009479239302400608,0.0032442245299333923,0.00625162630180058,0.0028587612314175084,0.00214251450232849,0.0069375246513380985,0.0022830202182100704,0.0035382126771612015,0.0020293513050756184,0.0032414452099201346,0.07488986784140969,0.09251101321585903,0.07195301027900147,0.08663729809104258,0.07782672540381791,0.14831130690161526,0.18649045521292218,0.10425844346549193,0.0381791483113069,0.11894273127753303,0.625,0.1125,0.1625,0.1
2.9166666666666665,7.0,6.291666666666667,7.0,15.25,3.5833333333333335,6.958333333333333,2.2083333333333335,10.75,0.0,4.25,7.458333333333333,4.25,1.4166666666666667,3.125,1.9583333333333333,0.6666666666666666,2.0,1.6666666666666667,0.8333333333333334,0.9166666666666666,0.6666666666666666,0.0,0.3333333333333333,0.125,0.375,0.20833333333333334,0.16666666666666666,0.08333333333333333,0.08333333333333333,0.0,0.041666666666666664,0.0,0.0,0.08333333333333333,0.0,0.0,0.0,0.008532461711884255,0.0,0.012501686367298044,0.003512814639239542,0.0007686169329102809,0.0,0.0,0.00295580297029664,0.0,0.005686973757327333,0.0018270445835403665,0.002393450221011058,0.0,0.0019597524392238044,0.0023394102391057717,0.002757372644541407,0.0015662398637768724,0.0012545432562152963,0.001407601128529725,0.0,0.0005474697809117403,0.0019953376389804833,0.00078897969980303,0.0018347080326477018,0.005923576154952023,0.0012118104642867662,0.0018347080326477018,0.0,0.0012004279538448772,0.0,0.001615507285104043,0.002272997707743233,0.0,0.0,0.0005147609140600194,0.0,0.0012916112853373892,0.001316982330475328,0.0011527866111344328,0.0,0.0012004279538448772,0.0006953177500590571,0.0007444425063035674,0.0016873686331459698,0.0012339645298262,0.001075720337744981,0.0015424556622827502,0.0039419773248845595,0.08185840707964602,0.10619469026548672,0.035398230088495575,0.11061946902654868,0.08185840707964602,0.13274336283185842,0.2013274336283186,0.09955752212389381,0.030973451327433628,0.11946902654867257,0.53,0.12,0.25,0.1
2.1818181818181817,6.818181818181818,6.2727272727272725,6.454545454545454,13.818181818181818,2.5454545454545454,5.818181818181818,2.0,11.636363636363637,0.0,1.6363636363636365,6.363636363636363,4.7272727272727275,1.3636363636363635,3.1818181818181817,1.9090909090909092,0.09090909090909091,0.9090909090909091,0.6363636363636364,0.8181818181818182,1.0,0.36363636363636365,0.0,0.2727272727272727,0.09090909090909091,0.36363636363636365,0.36363636363636365,0.5454545454545454,0.09090909090909091,0.0,0.0,0.0,0.0,0.0,0.0,0.0,0.0,0.0,0.015883818938591213,0.00894027149586324,0.012412175486386602,0.005923898560514584,0.002003173486248274,0.0025192190911877393,0.0,0.0028887859578436135,0.0,0.0012351184055293253,0.0006802361695281556,0.003118911266520376,0.0,0.0051075170969746885,0.0,0.0014372558128110818,0.0022265141218194982,0.004904395832173402,0.0036684974519199513,0.0,0.0071340930877759,0.0,0.0,0.0011954064269995767,0.001187542713641933,0.0,0.0023908128539991535,0.00590870814320581,0.0,0.0,0.00187126380836236,0.0005385362327740531,0.012570580415000289,0.0070867534582407365,0.0,0.0,0.0,0.0,0.0037554981484451094,0.0,0.004171415515031363,0.0,0.002910254953043541,0.0,0.00080399120917077,0.0018690319949363867,0.0,0.0,0.04819277108433735,0.0963855421686747,0.03614457831325301,0.10240963855421686,0.06626506024096386,0.1686746987951807,0.22289156626506024,0.1144578313253012,0.04819277108433735,0.0963855421686747,0.5471698113207547,0.05660377358490566,0.18867924528301888,0.20754716981132076
4.275862068965517,13.10344827586207,10.551724137931034,11.931034482758621,22.79310344827586,6.586206896551724,13.241379310344827,4.862068965517241,17.79310344827586,0.034482758620689655,7.655172413793103,11.758620689655173,9.655172413793103,2.689655172413793,7.103448275862069,4.620689655172414,0.896551724137931,3.413793103448276,2.5172413793103448,1.7586206896551724,1.6551724137931034,1.3448275862068966,0.034482758620689655,0.4827586206896552,0.10344827586206896,0.3793103448275862,0.2413793103448276,0.6896551724137931,0.6206896551724138,0.20689655172413793,0.0,0.13793103448275862,0.0,0.0,0.3793103448275862,0.0,0.0,0.0,0.007349072587532817,0.0,0.005742824126320656,0.0025913488161839813,0.002224371971920566,0.0018649342742184853,0.0,0.0019603083745143132,0.0,0.002514426117970256,0.006168696464921627,0.0019625446070163106,0.0,0.0025206709818991688,0.003103025153725544,0.002260948134861602,0.0023350206256949773,0.004538299146821236,0.001923638644730993,0.0,0.0031687473538283767,0.0028872465129417242,0.001712476256551276,0.002876050710188469,0.002637351927646484,0.003214723342979822,0.0015486426901014834,0.004374114332161192,0.0013510116724367255,0.0,0.002337633333039242,0.0027906833405058258,0.001163222878508198,0.0009836626653057206,0.0032277146360406516,0.0011018040952497086,0.0009344784829428638,0.001588057315458324,0.002363110716552519,0.0,0.0023160200098915297,0.0013414964365097,0.002872548469552988,0.0020346803747740712,0.0005951807714532732,0.003804933067430126,0.002975903857266366,0.006337808066510511,0.07334525939177101,0.10644007155635063,0.050983899821109124,0.08497316636851521,0.09570661896243292,0.15384615384615385,0.1887298747763864,0.09033989266547406,0.038461538461538464,0.11717352415026834,0.49333333333333335,0.1288888888888889,0.23555555555555555,0.14222222222222222
1.0,4.0,1.0,2.0,2.0,1.0,2.0,0.0,2.0,0.0,1.0,5.0,1.0,1.0,0.0,0.0,0.0,2.0,1.0,0.0,0.0,0.0,0.0,1.0,0.0,0.0,0.0,0.0,0.0,0.0,0.0,0.0,0.0,0.0,0.0,0.0,0.0,0.0,0.04159575084543574,0.0,0.0,0.014102917595770514,0.0,0.0,0.0,0.0,0.12751380178290966,0.0,0.017813684689518574,0.0,0.0,0.0,0.0,0.0,0.0,0.0,0.0,0.0,0.0,0.0,0.026923932255778396,0.0,0.0,0.0,0.0,0.0,0.0,0.0,0.0,0.0,0.0,0.0,0.0,0.0,0.0,0.0,0.0,0.0,0.0,0.0,0.0,0.0,0.0,0.0,0.0,0.0,0.0,0.125,0.0,0.0,0.125,0.0,0.375,0.0,0.0,0.375,0.0,0.0,0.0,0.0
0.625,1.875,1.9583333333333333,1.375,4.416666666666667,1.1666666666666667,2.0833333333333335,0.4166666666666667,3.3333333333333335,0.0,0.4583333333333333,3.375,1.5833333333333333,0.6666666666666666,0.5833333333333334,0.8333333333333334,0.08333333333333333,1.0833333333333333,0.375,0.3333333333333333,0.3333333333333333,0.375,0.0,0.041666666666666664,0.041666666666666664,0.08333333333333333,0.041666666666666664,0.08333333333333333,0.16666666666666666,0.041666666666666664,0.0,0.041666666666666664,0.0,0.0,0.0,0.0,0.0,0.0,0.01563330233117048,0.0,0.006544506957377499,0.006057629034424919,0.002816542586369217,0.0,0.0,0.002707832922452962,0.0,0.0,0.0009564394464171046,0.000877062966893985,0.0,0.0,0.0,0.00101041977444269,0.004695852770347499,0.00459718535499028,0.0025790275710645292,0.0,0.010030822160329201,0.005483830625251731,0.008673481532062838,0.0016807895735329618,0.011688130131247617,0.0,0.0,0.0,0.0014662945476494472,0.0,0.0006577680668656281,0.0022716108879093444,0.0,0.007473195551181715,0.0,0.004185376630277416,0.0,0.0,0.001056076324965437,0.0,0.0,0.0,0.0013639785518179458,0.0030916217238177836,0.0022608880311580713,0.0013139671239569563,0.0022608880311580713,0.0,0.044444444444444446,0.1388888888888889,0.022222222222222223,0.08333333333333333,0.10555555555555556,0.12777777777777777,0.18333333333333332,0.08888888888888889,0.09444444444444444,0.1111111111111111,0.7441860465116279,0.0,0.11627906976744186,0.13953488372093023
2.6666666666666665,4.0,6.666666666666667,9.666666666666666,13.0,2.6666666666666665,3.0,2.6666666666666665,7.666666666666667,0.0,5.0,2.3333333333333335,4.0,0.0,2.0,0.6666666666666666,2.0,3.6666666666666665,3.0,1.0,0.3333333333333333,1.0,0.0,1.3333333333333333,0.0,0.3333333333333333,1.0,0.3333333333333333,0.0,0.0,0.0,0.0,0.0,0.0,0.3333333333333333,0.0,0.0,0.0,0.0,0.0,0.0,0.00683777822825237,0.0,0.0,0.0,0.006113137961295324,0.0,0.01568226096717537,0.002159234507820433,0.0,0.0,0.0,0.024191628608934684,0.0,0.0011779159306090528,0.0,0.0,0.0,0.0,0.0,0.0,0.003794509794794111,0.0,0.005012488738640714,0.003794509794794111,0.0,0.0033102710242389035,0.0,0.001484961241863312,0.0017094445570630926,0.0,0.0,0.0,0.0,0.0,0.0,0.0,0.0,0.0,0.0,0.0,0.0,0.002552063004867823,0.002966380325296765,0.005104126009735646,0.010870301108014997,0.05714285714285714,0.02857142857142857,0.02857142857142857,0.08571428571428572,0.05714285714285714,0.11428571428571428,0.37142857142857144,0.11428571428571428,0.0,0.14285714285714285,0.75,0.0,0.0,0.25
4.181818181818182,10.181818181818182,9.454545454545455,10.454545454545455,20.545454545454547,4.363636363636363,8.0,4.454545454545454,14.636363636363637,0.0,5.636363636363637,9.818181818181818,4.818181818181818,2.272727272727273,4.454545454545454,4.2727272727272725,1.2727272727272727,3.5454545454545454,2.5454545454545454,0.8181818181818182,0.36363636363636365,1.0,0.18181818181818182,0.45454545454545453,0.18181818181818182,0.5454545454545454,0.0,0.2727272727272727,0.36363636363636365,0.09090909090909091,0.0,0.0,0.0,0.09090909090909091,0.0,0.0,0.0,0.0,0.008520324497500351,0.0013321386048245727,0.0,0.001925860724315746,0.001193925591376994,0.004504492741995716,0.0,0.0022956876554508757,0.008706490022161685,0.00368075826398853,0.0004054323684669946,0.0014871394829838265,0.002817214215967187,0.004058889831450725,0.0,0.0,0.0011058670187794805,0.001948735755031442,0.0021864871014999425,0.0,0.00255122475429141,0.0007748608470009559,0.0006127779745269621,0.0028499305428894605,0.004246774369979829,0.0,0.0007124826357223651,0.0035216909132336194,0.003107793564719312,0.0,0.0008364788787736439,0.0028887910864736186,0.013111490880937358,0.003167869522407043,0.0007996001680704712,0.0,0.0,0.002557156303127771,0.004029013803068708,0.0,0.0,0.0010800668322396732,0.000578187209732216,0.0,0.0009583849691111028,0.002784937431999808,0.0028751549073333087,0.0,0.06528189910979229,0.08902077151335312,0.050445103857566766,0.0712166172106825,0.10682492581602374,0.14540059347181009,0.22255192878338279,0.0712166172106825,0.05341246290801187,0.12462908011869436,0.5466666666666666,0.02666666666666667,0.3333333333333333,0.09333333333333334
2.619047619047619,8.714285714285714,4.571428571428571,8.047619047619047,14.142857142857142,3.5238095238095237,5.380952380952381,2.2857142857142856,8.095238095238095,0.38095238095238093,2.761904761904762,5.142857142857143,4.9523809523809526,0.6190476190476191,3.1904761904761907,2.1904761904761907,0.47619047619047616,4.095238095238095,1.3333333333333333,0.5714285714285714,0.6666666666666666,0.9523809523809523,0.0,0.19047619047619047,0.047619047619047616,0.5714285714285714,0.19047619047619047,0.3333333333333333,0.19047619047619047,0.0,0.0,0.0,0.0,0.0,0.047619047619047616,0.0,0.0,0.0,0.007486299364757839,0.0094808109704444,0.0007312572453312692,0.005584057360755029,0.0,0.0,0.0,0.0022692188157789166,0.0,0.011642623440197689,0.0012824249945210223,0.002939986098249803,0.13366714918953426,0.0016048366431439028,0.000718401569489174,0.003387008917704405,0.002448581147092834,0.0030820275270800985,0.004898895266221562,0.0,0.0026899302621175274,0.005514673317182281,0.0038765616746227615,0.003380485666453246,0.0011194159662901463,0.0007442615449950217,0.002253657110968831,0.0013924345961772973,0.0024575690393674647,0.0,0.002425381015956726,0.0022843871021270574,0.005924716753526571,0.0,0.0018969142344888903,0.005611888575130126,0.0,0.0020221382239581807,0.0007080106745550061,0.0,0.001474541423620479,0.0025622732836821944,0.0004572166574147895,0.0020726732816596168,0.003789339894741874,0.003964071795784654,0.002652537926319312,0.002421056939692879,0.09315068493150686,0.0958904109589041,0.052054794520547946,0.1232876712328767,0.057534246575342465,0.21095890410958903,0.11232876712328767,0.15342465753424658,0.0273972602739726,0.07397260273972603,0.6090909090909091,0.12727272727272726,0.15454545454545454,0.10909090909090909
0.42857142857142855,1.8571428571428572,3.2857142857142856,3.142857142857143,4.571428571428571,1.2857142857142858,1.7142857142857142,0.2857142857142857,3.4285714285714284,0.0,3.2857142857142856,0.7142857142857143,1.5714285714285714,1.1428571428571428,0.5714285714285714,1.0,0.0,0.42857142857142855,0.14285714285714285,0.0,0.14285714285714285,0.7142857142857143,0.0,0.0,0.0,0.14285714285714285,0.14285714285714285,0.14285714285714285,0.2857142857142857,0.14285714285714285,0.0,0.0,0.0,0.0,0.0,0.0,0.0,0.0,0.0,0.0,0.0,0.0019122600129858325,0.0,0.0,0.0,0.003419212758012639,0.0,0.0,0.007246244619465183,0.0,0.0,0.0,0.0,0.0025517380744400136,0.0026353373362778807,0.0029024602453116602,0.0,0.0,0.0,0.004616331995268406,0.01095210803624884,0.0,0.0,0.0,0.0,0.0,0.0,0.0,0.0033222861682365625,0.0,0.0,0.0,0.0,0.0,0.01195287731854601,0.0,0.0026670402105059337,0.0,0.0,0.0,0.0,0.0,0.0,0.0,0.0,0.0,0.1,0.1,0.06666666666666667,0.13333333333333333,0.03333333333333333,0.16666666666666666,0.11666666666666667,0.13333333333333333,0.03333333333333333,0.11666666666666667,0.875,0.0,0.125,0.0
2.535211267605634,6.957746478873239,5.577464788732394,6.098591549295775,12.577464788732394,3.408450704225352,6.056338028169014,2.9014084507042255,9.098591549295774,0.0,2.7183098591549295,7.802816901408451,4.535211267605634,1.591549295774648,2.6056338028169015,2.8028169014084505,0.39436619718309857,3.436619718309859,1.2816901408450705,0.6197183098591549,0.8028169014084507,1.0422535211267605,0.0,0.3380281690140845,0.11267605633802817,0.4647887323943662,0.3380281690140845,0.38028169014084506,0.22535211267605634,0.028169014084507043,0.0,0.0,0.0,0.0,0.28169014084507044,0.0,0.0,0.0,0.009638577377112626,0.0029771956738696825,0.0011481591153293857,0.0023114637105042454,0.0014823908349311668,0.0007457102078471655,0.0,0.0007125876111718321,0.0,0.0014624220753565165,0.0011074562011145423,0.0012925138459490306,0.0,0.004031648960098706,0.0013535690468580905,0.0026589994064281316,0.0018124344025902627,0.0027825069253888538,0.002352797082374658,0.0,0.0012670512202521097,0.0011544906579477327,0.001369497084009922,0.0021231026191995306,0.0005272840660713211,0.004674309526673078,0.0021231026191995306,0.0030607984782802266,0.003395629478767141,0.0,0.0022848785480595506,0.0017535241941756344,0.0,0.0023599564898468574,0.0009927921549868265,0.0013216978832455001,0.0007473187161365749,0.002158995053244789,0.0036684756551430965,0.0,0.0013891211504047395,0.004023067730825628,0.002010073655310657,0.0029289047909852686,0.0017849116035458458,0.0016597479460508922,0.0016659174966427894,0.0035479188356785088,0.06409322651128915,0.11070648215586307,0.05316824471959213,0.09031318281136198,0.0968681718863802,0.14785142024763293,0.15804806991988346,0.11871813546977422,0.051711580480699196,0.10852148579752367,0.5576923076923077,0.12692307692307692,0.18076923076923077,0.1346153846153846
7.571428571428571,14.857142857142858,10.857142857142858,11.714285714285714,27.571428571428573,10.0,14.714285714285714,7.714285714285714,22.285714285714285,0.0,6.0,18.285714285714285,5.857142857142857,3.0,6.857142857142857,3.4285714285714284,1.2857142857142858,11.285714285714286,3.2857142857142856,1.5714285714285714,1.8571428571428572,2.142857142857143,0.14285714285714285,0.7142857142857143,0.0,0.8571428571428571,0.42857142857142855,0.42857142857142855,0.14285714285714285,0.14285714285714285,0.0,0.0,0.0,0.0,0.42857142857142855,0.0,0.0,0.0,0.008601383050429363,0.0,0.002100444882389332,0.002187205313722083,0.0,0.00682101970408829,0.0,0.004562632856411049,0.0,0.0008360494538235659,0.0013813519629998247,0.0016889483950527143,0.0,0.0069145384931579785,0.0030952778446326767,0.0014593138584034972,0.0007535617262054683,0.0,0.0024831994060653625,0.0,0.007726487893449052,0.001760023183979554,0.0020878008857469514,0.0,0.001607691105059677,0.0032066971575148997,0.0016183369722546773,0.003999594042008456,0.0035295296865875225,0.0,0.0012666551465328414,0.0025517395326757632,0.0,0.002398505411149328,0.0036324324274865346,0.0020149309140915514,0.0,0.002904169436347048,0.00559259805046317,0.0,0.001411811874635009,0.00613317433816228,0.0019699464060181637,0.0,0.0021768808829890317,0.00442800552596803,0.004897981986725321,0.002318060979415153,0.09154929577464789,0.09507042253521127,0.06690140845070422,0.09859154929577464,0.07042253521126761,0.18661971830985916,0.15845070422535212,0.12323943661971831,0.03873239436619718,0.07042253521126761,0.5760869565217391,0.08695652173913043,0.18478260869565216,0.15217391304347827
2.5,6.0,7.0,4.0,13.0,2.5,7.0,1.5,6.5,0.0,2.5,4.0,8.0,1.0,5.0,2.0,1.0,1.5,0.5,0.0,2.5,1.0,0.0,0.0,0.0,0.0,0.0,1.0,0.0,0.5,0.0,0.0,0.0,0.0,0.0,0.0,0.0,0.0,0.0,0.0,0.0,0.006942974816379331,0.0,0.0,0.0,0.006207186237622945,0.0,0.0,0.00438490700049688,0.0,0.0,0.0,0.0,0.009264772085659127,0.011960377141568843,0.0,0.0,0.0,0.0,0.02514125425115409,0.006627429478345452,0.0,0.0,0.0,0.0,0.0,0.0,0.0,0.01206245439544352,0.0,0.0,0.011420575765395648,0.017295966712416653,0.0,0.0,0.0,0.0,0.0,0.0,0.0,0.018759951158849902,0.0,0.00518265102527004,0.006024033891371893,0.01036530205054008,0.0,0.02702702702702703,0.13513513513513514,0.02702702702702703,0.08108108108108109,0.1891891891891892,0.08108108108108109,0.1891891891891892,0.08108108108108109,0.05405405405405406,0.13513513513513514,0.5,0.1,0.0,0.4
0.875,2.5625,1.6875,2.25,6.125,0.75,1.875,0.6875,2.9375,0.0,1.375,1.375,2.125,0.4375,0.9375,0.75,0.1875,0.6875,0.8125,0.125,0.25,0.1875,0.0,0.0625,0.125,0.25,0.0625,0.0,0.0625,0.0,0.0,0.0,0.0,0.0,0.0,0.0,0.0,0.0,0.0,0.0,0.0,0.005886435170408562,0.007298519049895885,0.0,0.0,0.00350840961256949,0.0,0.004500127060145976,0.0012392128479665095,0.0,0.0,0.004652281877461727,0.0,0.002618305154642797,0.003380106583486847,0.005956353199074364,0.0,0.0,0.002599291307633132,0.002368379023659443,0.011237815202411851,0.0,0.0,0.0,0.004355437329676718,0.0,0.0,0.0,0.002556715877295094,0.0009810725284014271,0.0,0.0,0.0,0.0,0.00306617287736615,0.0,0.001368307586259566,0.0,0.001899807718258849,0.006602495504908611,0.0017672417758336863,0.012016999222143906,0.002929324492543936,0.0034048887212102,0.001464662246271968,0.0,0.058823529411764705,0.10588235294117647,0.03529411764705882,0.08235294117647059,0.047058823529411764,0.23529411764705882,0.16470588235294117,0.12941176470588237,0.023529411764705882,0.11764705882352941,0.5,0.0,0.2916666666666667,0.20833333333333334
0.6666666666666666,1.6666666666666667,3.0,2.6666666666666665,6.333333333333333,1.0,4.333333333333333,0.6666666666666666,2.6666666666666665,0.0,0.6666666666666666,5.333333333333333,2.3333333333333335,1.0,1.0,1.0,0.0,0.3333333333333333,0.3333333333333333,0.6666666666666666,0.0,0.3333333333333333,0.0,0.0,0.0,0.3333333333333333,0.0,0.0,0.0,0.0,0.0,0.0,0.0,0.0,0.0,0.0,0.0,0.0,0.0,0.0,0.0,0.0,0.0,0.01954727405940116,0.0,0.007471613063805395,0.0,0.0,0.0,0.0,0.0,0.0,0.0,0.0,0.005758700105199813,0.0,0.01423241141068944,0.0,0.0,0.010087540285956887,0.007977461409119525,0.018550936774548984,0.009214451796592036,0.0,0.0,0.02292359918521513,0.016183547229612415,0.0,0.0,0.012535926751796012,0.0,0.0,0.0,0.0,0.0,0.0,0.0,0.03989194607177356,0.0,0.0,0.0,0.0,0.0,0.0,0.0,0.0,0.07142857142857142,0.07142857142857142,0.047619047619047616,0.047619047619047616,0.14285714285714285,0.14285714285714285,0.16666666666666666,0.047619047619047616,0.07142857142857142,0.19047619047619047,0.6153846153846154,0.15384615384615385,0.15384615384615385,0.07692307692307693
0.14285714285714285,1.2857142857142858,1.2857142857142858,1.8571428571428572,2.4285714285714284,0.42857142857142855,2.0,0.2857142857142857,1.8571428571428572,0.0,1.2857142857142858,2.2857142857142856,1.4285714285714286,0.8571428571428571,0.5714285714285714,0.7142857142857143,0.0,0.0,0.0,0.14285714285714285,0.14285714285714285,0.0,0.0,0.14285714285714285,0.14285714285714285,0.14285714285714285,0.0,0.14285714285714285,0.7142857142857143,0.0,0.0,0.0,0.0,0.0,0.0,0.0,0.0,0.0,0.0,0.0,0.0,0.0,0.0,0.0,0.0,0.00775898279702868,0.0,0.0,0.0054811337506211,0.005026245464123222,0.0,0.0,0.0,0.0,0.0,0.0,0.0,0.0,0.0,0.0,0.008284286847931815,0.009632217171400436,0.0,0.0,0.0,0.0,0.0,0.0,0.007539033997152201,0.004339359260237081,0.0,0.0,0.0,0.0,0.0,0.0,0.0,0.0,0.0,0.0,0.007816646316187458,0.0,0.0,0.0,0.0,0.0,0.12727272727272726,0.09090909090909091,0.10909090909090909,0.09090909090909091,0.09090909090909091,0.14545454545454545,0.09090909090909091,0.10909090909090909,0.07272727272727272,0.07272727272727272,0.6,0.2,0.1,0.1
3.888888888888889,11.88888888888889,6.666666666666667,8.777777777777779,19.0,5.666666666666667,7.666666666666667,4.111111111111111,13.0,0.2222222222222222,5.444444444444445,6.555555555555555,5.444444444444445,1.3333333333333333,3.6666666666666665,2.4444444444444446,0.6666666666666666,3.4444444444444446,2.3333333333333335,0.8888888888888888,0.2222222222222222,0.8888888888888888,0.0,0.5555555555555556,0.2222222222222222,0.7777777777777778,0.0,0.6666666666666666,0.1111111111111111,0.1111111111111111,0.0,0.2222222222222222,0.0,0.0,0.4444444444444444,0.0,0.0,0.0,0.006219925360065158,0.007001820106105978,0.0,0.004217694981912677,0.0,0.0,0.0,0.0015082882446560426,0.0,0.005803902189720978,0.001598237131022227,0.000977064538820215,0.04072059351789581,0.004000092829219429,0.004775020525427108,0.0011256265150800808,0.0017437559197053638,0.0006401688017696746,0.0004788474867147849,0.0,0.0022349046757219456,0.0,0.0008052017123223446,0.0,0.0,0.00494690477383607,0.0009362155007716311,0.0,0.0016334795334562067,0.0,0.001831914803046329,0.0,0.0,0.0,0.0010506895666421332,0.0,0.0,0.0006720302359247936,0.0011764887657558887,0.0,0.0,0.0,0.000759748800825697,0.0,0.002518671526299459,0.0007318919681106038,0.001889003644724594,0.0067050455432615865,0.10245901639344263,0.09836065573770492,0.07377049180327869,0.11065573770491803,0.0778688524590164,0.1762295081967213,0.13524590163934427,0.12295081967213115,0.02459016393442623,0.0778688524590164,0.3880597014925373,0.05970149253731343,0.373134328358209,0.1791044776119403
0.5909090909090909,3.272727272727273,3.227272727272727,4.7727272727272725,6.909090909090909,1.2272727272727273,2.772727272727273,0.5454545454545454,3.090909090909091,0.0,1.0454545454545454,1.1363636363636365,2.5454545454545454,0.5454545454545454,1.4090909090909092,1.0454545454545454,0.3181818181818182,0.5909090909090909,0.9545454545454546,0.18181818181818182,0.18181818181818182,0.22727272727272727,0.0,0.045454545454545456,0.045454545454545456,0.18181818181818182,0.13636363636363635,0.045454545454545456,0.13636363636363635,0.045454545454545456,0.0,0.09090909090909091,0.0,0.0,0.0,0.0,0.0,0.0,0.004611076306191491,0.00865120959992309,0.0,0.008337983613203814,0.011630434513690903,0.0,0.0,0.001863589401595803,0.0,0.008366287028677855,0.0006582423903748203,0.0012072275479649308,0.0,0.0016474593253521126,0.0,0.011821678007682836,0.007181750708563277,0.0007909706904082584,0.0023665903500453573,0.0,0.0013806859139852666,0.0,0.0,0.0,0.0,0.0,0.005783779363889407,0.0,0.0,0.0,0.0009053805262168923,0.0005211239758252384,0.0,0.001714405137992418,0.0,0.0,0.009772098315855167,0.001660675178844178,0.0014536293064189385,0.0,0.0,0.001753549614467645,0.0,0.0,0.0015559922246769174,0.000904300699628575,0.0023339883370153765,0.0,0.06666666666666667,0.09411764705882353,0.054901960784313725,0.1568627450980392,0.06274509803921569,0.19607843137254902,0.13333333333333333,0.1568627450980392,0.01568627450980392,0.06274509803921569,0.44285714285714284,0.05714285714285714,0.3,0.2
1.4444444444444444,7.555555555555555,7.111111111111111,7.777777777777778,13.222222222222221,3.5555555555555554,7.666666666666667,1.4444444444444444,9.555555555555555,0.0,4.666666666666667,8.11111111111111,5.666666666666667,2.5555555555555554,2.5555555555555554,2.888888888888889,0.8888888888888888,1.3333333333333333,1.2222222222222223,0.8888888888888888,0.3333333333333333,0.6666666666666666,0.0,0.4444444444444444,0.1111111111111111,0.2222222222222222,0.1111111111111111,0.4444444444444444,0.5555555555555556,0.0,0.0,0.0,0.0,0.0,0.1111111111111111,0.0,0.0,0.0,0.001599836570978298,0.002251186151903064,0.0,0.0,0.0020176194488894877,0.002537386536556882,0.0,0.002909618548885755,0.004904376991650372,0.0,0.004110850312965825,0.0037696840980924163,0.0,0.0008573916921604145,0.004605713908239488,0.002171430957576358,0.0018688089283701319,0.0016465880237825764,0.001847476481195264,0.0,0.0,0.0026188806511618845,0.0031066075679744305,0.002408054292850109,0.003588320170788245,0.0015905012343763805,0.002408054292850109,0.0,0.0021007489192285352,0.0,0.0018847584992880502,0.0021696796301185406,0.0,0.00178446496334307,0.0040537421982226535,0.005996356902993607,0.006780959248021294,0.0025928089631233023,0.0015130324271139433,0.0,0.0021007489192285352,0.0,0.0019541615790468645,0.0,0.0008097892226984439,0.0,0.0024293676680953316,0.0,0.07777777777777778,0.1,0.05555555555555555,0.10555555555555556,0.07222222222222222,0.15,0.15555555555555556,0.12222222222222222,0.05,0.1111111111111111,0.7428571428571429,0.05714285714285714,0.14285714285714285,0.05714285714285714
1.0,3.0,6.0,12.0,9.0,4.0,6.0,1.0,4.0,0.0,9.0,2.0,4.0,1.0,0.0,0.0,0.0,3.0,1.0,0.0,0.0,1.0,0.0,0.0,1.0,0.0,0.0,0.0,2.0,0.0,0.0,0.0,0.0,0.0,1.0,0.0,0.0,0.0,0.0,0.0,0.0,0.0,0.0,0.0,0.0,0.0,0.0,0.0,0.013256695582897543,0.0,0.0,0.0,0.014852534773857574,0.0,0.0,0.0,0.0,0.0,0.0,0.0,0.01001820735098731,0.023296525251759192,0.0,0.015387174732571495,0.0,0.0,0.0,0.0,0.0,0.0,0.0,0.0,0.0,0.0,0.0,0.0,0.0,0.0,0.0,0.0,0.0,0.0,0.007834239921919828,0.0,0.0,0.0,0.17647058823529413,0.058823529411764705,0.08823529411764706,0.23529411764705882,0.0,0.2647058823529412,0.029411764705882353,0.14705882352941177,0.0,0.0,0.0,0.0,0.0,1.0
23.0,77.0,97.0,87.0,185.0,55.0,72.0,24.0,134.0,0.0,61.0,59.0,46.0,24.0,30.0,29.0,9.0,21.0,11.0,6.0,13.0,16.0,0.0,13.0,3.0,2.0,1.0,1.0,3.0,1.0,0.0,2.0,0.0,0.0,2.0,0.0,0.0,0.0,0.01221159657847655,0.0068733463426911895,0.0011928214515587125,0.0033122448665295887,0.0,0.0,0.0,0.0,0.0,0.0009495680952601601,0.0031378233581537307,0.005754820494702551,0.0,0.0019633483152590777,0.002343702734957342,0.0,0.0014264669985357336,0.0012568451704468842,0.0,0.0,0.0,0.0,0.0,0.0036761489388097077,0.0,0.0024280679394516488,0.0009190372347024269,0.0022713290935809493,0.0,0.0,0.0021579620248729234,0.0004140306083161986,0.0,0.001362087017891224,0.0020628217179946466,0.0,0.0,0.0032984970295391247,0.0023098036318510108,0.0,0.0032070148638498005,0.0,0.0037290422792820906,0.0,0.0024724573698535974,0.001436925515373112,0.0024724573698535974,0.0,0.04460966542750929,0.15613382899628253,0.03345724907063197,0.08550185873605948,0.09293680297397769,0.12267657992565056,0.22304832713754646,0.05947955390334572,0.07063197026022305,0.11152416356877323,0.45714285714285713,0.05714285714285714,0.22857142857142856,0.2571428571428571
0.5,0.5,2.0,0.5,4.0,0.0,2.0,0.5,2.0,0.0,1.0,2.5,1.5,0.5,0.5,0.5,0.0,0.5,0.0,0.0,0.0,0.5,0.0,0.0,0.0,0.0,0.0,0.5,0.0,0.0,0.0,0.0,0.0,0.0,0.0,0.0,0.0,0.0,0.0,0.0,0.0,0.0,0.0,0.0,0.0,0.0,0.10738004360666076,0.0,0.0,0.0,0.0,0.0,0.0,0.0,0.008183415938968154,0.0,0.0,0.0,0.0,0.0,0.0,0.0,0.0,0.0,0.0,0.0,0.0,0.0,0.0,0.0,0.0,0.0,0.0,0.0,0.0,0.0,0.0,0.0,0.0,0.0,0.02139292676009199,0.0,0.0,0.020608536996798578,0.0,0.0,0.0,0.0,0.0,0.2,0.0,0.2,0.2,0.2,0.0,0.2,0.25,0.0,0.75,0.0
1.0,2.642857142857143,1.6428571428571428,3.0714285714285716,5.571428571428571,1.2142857142857142,1.2142857142857142,0.7142857142857143,2.9285714285714284,0.0,1.5,1.5714285714285714,1.9285714285714286,0.21428571428571427,0.7142857142857143,0.7857142857142857,0.35714285714285715,1.5,0.7857142857142857,0.14285714285714285,0.21428571428571427,0.14285714285714285,0.0,0.21428571428571427,0.0,0.07142857142857142,0.0,0.0,0.0,0.07142857142857142,0.0,0.0,0.0,0.0,0.0,0.0,0.0,0.0,0.002971125060388267,0.0,0.0,0.002014702513681502,0.0,0.0,0.0,0.00360238487004903,0.0,0.011551665444571145,0.0012724060492513266,0.0011668069827428906,0.008841524972432733,0.011146091998085387,0.0,0.0026884383284278713,0.0020823870916124323,0.0,0.0,0.0,0.0,0.0,0.003846276036539771,0.0,0.0,0.0,0.0,0.016578674410735943,0.0,0.0,0.0008750664460980232,0.002014702513681502,0.011756859807779288,0.0,0.0,0.00278402284781846,0.0,0.001605072215266806,0.0,0.0,0.0019506954249979252,0.0,0.0018145786091149456,0.0,0.0015038942707256812,0.0,0.0030077885414513624,0.0,0.058823529411764705,0.09803921568627451,0.08823529411764706,0.11764705882352941,0.049019607843137254,0.24509803921568626,0.09803921568627451,0.11764705882352941,0.0392156862745098,0.08823529411764706,0.2413793103448276,0.20689655172413793,0.3448275862068966,0.20689655172413793
1.6666666666666667,6.0,4.0,2.6666666666666665,7.333333333333333,1.3333333333333333,3.3333333333333335,2.0,3.3333333333333335,0.0,2.0,2.6666666666666665,1.6666666666666667,0.6666666666666666,2.0,1.3333333333333333,0.0,1.0,1.3333333333333333,1.0,0.0,0.3333333333333333,0.0,0.0,0.0,0.3333333333333333,0.6666666666666666,0.0,0.3333333333333333,0.0,0.0,0.0,0.0,0.0,0.0,0.0,0.0,0.0,0.009507600193242455,0.0,0.018573934031414236,0.006447048043780807,0.0,0.0,0.0,0.0,0.0,0.0,0.0040716993576042455,0.0074675646895545,0.0,0.0,0.0,0.0,0.0,0.0,0.0,0.0,0.0,0.0,0.0,0.0,0.0,0.0,0.0,0.0,0.0,0.0,0.0,0.0,0.0,0.0,0.008030270259336303,0.0,0.010074568025631636,0.0,0.0,0.0,0.0,0.010846956900921289,0.0,0.0,0.00962492333264436,0.0055937457562739,0.0,0.0,0.09375,0.15625,0.0,0.0625,0.09375,0.125,0.28125,0.09375,0.03125,0.0625,0.5714285714285714,0.0,0.14285714285714285,0.2857142857142857
2.6625,4.9375,5.4125,6.1375,12.4125,3.35,5.125,2.0125,7.9375,0.0,3.1625,5.4875,3.425,1.525,2.4875,1.875,0.5625,2.1875,1.2625,0.475,0.4875,0.325,0.025,0.45,0.025,0.4875,0.0875,0.2125,0.2,0.0125,0.0,0.025,0.0,0.0125,0.075,0.0,0.0,0.0,0.0034639070794256,0.002274619734330923,0.005188069706900922,0.0025054454576802576,0.0011649267047023272,0.0007325140868894259,0.0,0.0023799239391302405,0.0007079183999051195,0.0053870362100984105,0.0022746134509864105,0.0024485942510857053,0.0,0.0017326333154553274,0.0013296162288880132,0.0017761230316886425,0.0018882621788389397,0.0023767543993530598,0.0012444717819201036,0.0,0.0012446294255842201,0.0024571316033108036,0.0016442096034063143,0.00017379434174629515,0.004661579014375846,0.0013774778213058452,0.002433120784448132,0.007731345734916416,0.0015161546675903374,0.0,0.0010202023799060923,0.002583740628232766,0.0,0.001803040240546502,0.0019504473218374086,0.0015146939019359284,0.0014681882618894125,0.0026197986469864874,0.0015287822441900772,0.0,0.0013645392008313037,0.017124793164188714,0.0014103595018797634,0.0028770747617207827,0.0017533257285351456,0.0013586474772351595,0.0024546560199492037,0.0017425673531932437,0.052600818234950324,0.07539450613676213,0.040911747516072475,0.11104617182933957,0.06019871420222092,0.2086499123319696,0.1472822910578609,0.16890707188778492,0.0385739333722969,0.09643483343074226,0.5691244239631337,0.12211981566820276,0.1889400921658986,0.11981566820276497
7.5,10.0,11.5,20.0,30.0,12.5,14.5,7.5,17.5,0.0,7.0,22.5,8.5,2.5,10.5,3.5,1.0,10.0,5.5,0.5,2.5,2.5,0.0,0.5,1.0,0.5,0.0,1.0,1.0,0.0,0.0,0.0,0.0,0.0,0.0,0.0,0.0,0.0,0.003636786959163781,0.0,0.0,0.0,0.004586501042284299,0.0,0.0,0.004409476562245807,0.0,0.0,0.0,0.004284668264498484,0.0,0.0,0.0,0.0,0.0,0.0,0.0,0.0,0.0,0.0,0.0,0.0027370234585400144,0.0,0.0,0.0,0.013528681486356471,0.0,0.0,0.0,0.0,0.0,0.0,0.0030716880773417553,0.0,0.0,0.0,0.0,0.0,0.0,0.0,0.0,0.0,0.0,0.0021396841690665192,0.001840832331380069,0.0,0.05263157894736842,0.1118421052631579,0.02631578947368421,0.07236842105263158,0.14473684210526316,0.13157894736842105,0.25,0.07236842105263158,0.05263157894736842,0.08552631578947369,0.4782608695652174,0.21739130434782608,0.21739130434782608,0.08695652173913043
2.0357142857142856,4.821428571428571,5.142857142857143,7.285714285714286,12.892857142857142,3.5357142857142856,3.7142857142857144,1.6071428571428572,7.928571428571429,0.07142857142857142,4.071428571428571,3.5,4.642857142857143,0.8571428571428571,1.7857142857142858,2.0714285714285716,1.6785714285714286,1.1071428571428572,1.3571428571428572,0.6071428571428571,0.39285714285714285,0.2857142857142857,0.0,0.32142857142857145,0.0,0.42857142857142855,0.25,0.14285714285714285,0.10714285714285714,0.0,0.0,0.07142857142857142,0.0,0.0,0.2857142857142857,0.0,0.0,0.0,0.0013513340376182172,0.0038030190424027392,0.0,0.0,0.0017042227223107143,0.0010716272073174242,0.0,0.0012288338236918518,0.0,0.0,0.001736156071262724,0.003449484196697764,0.0,0.0010863196262093373,0.0038903086006652323,0.002445523596214592,0.0015785269323897965,0.0013908235896315773,0.002080677404202314,0.0,0.0,0.0011060450262775066,0.002186715310113981,0.00101700567088898,0.0,0.005373795033507203,0.0,0.005026900938077634,0.0013308297721813256,0.0,0.0009949994107916608,0.0011454146270676558,0.0013368206075850561,0.0007536420555844844,0.0005706791047244074,0.0012662357724088024,0.0028638365961186378,0.0010950340392480138,0.0019170197655210162,0.0,0.0,0.0023125491869984477,0.0012379663201271508,0.0,0.001710011759606866,0.00039752507912606396,0.0010260070557641197,0.0029134614137217864,0.06100217864923747,0.10239651416122005,0.05010893246187364,0.08932461873638345,0.08496732026143791,0.1655773420479303,0.18082788671023964,0.10239651416122005,0.05664488017429194,0.10675381263616558,0.408,0.24,0.16,0.192
2.7868852459016393,7.098360655737705,7.311475409836065,8.295081967213115,15.21311475409836,3.3114754098360657,8.688524590163935,2.721311475409836,11.262295081967213,0.04918032786885246,4.573770491803279,6.426229508196721,6.19672131147541,2.557377049180328,4.049180327868853,2.3114754098360657,0.19672131147540983,1.4754098360655739,1.098360655737705,0.5081967213114754,0.7049180327868853,0.8852459016393442,0.01639344262295082,0.3442622950819672,0.03278688524590164,0.32786885245901637,0.11475409836065574,0.13114754098360656,0.26229508196721313,0.04918032786885246,0.0,0.0,0.0,0.0,0.14754098360655737,0.0,0.0,0.0,0.00836436294174523,0.0,0.00949516668385816,0.0017628646994713143,0.000570196800773116,0.004661068746501228,0.0,0.002466850508837923,0.0,0.003339938052452092,0.0023235240899372052,0.0022194698041304983,0.0,0.003513442042874742,0.002386293800283503,0.0016364407216517478,0.003063221591284955,0.006863766381745848,0.003828828069723518,0.0,0.0014214874338618693,0.00370059222446788,0.0010242800314698305,0.0028922826017384455,0.0013521206440651357,0.002022702656761267,0.0034026854138099363,0.00252284175815547,0.0029684495597794513,0.0,0.0023969211349641507,0.0009197554953763379,0.0,0.005547358473001283,0.0032459312529246605,0.0006354834761324746,0.0028745370725307656,0.004274377095003995,0.0019241825431775149,0.0,0.00460109681765815,0.0030949197679259115,0.0023471179835291146,0.0006258853761533284,0.001601974331859965,0.0006650173283613671,0.0010298406419099776,0.0024369560907914057,0.06198910081743869,0.09400544959128065,0.05108991825613079,0.09604904632152589,0.07901907356948229,0.14713896457765668,0.1846049046321526,0.10899182561307902,0.047683923705722074,0.12942779291553133,0.5689655172413793,0.11494252873563218,0.13793103448275862,0.1781609195402299
1.3529411764705883,3.1176470588235294,2.176470588235294,4.0588235294117645,6.411764705882353,1.8235294117647058,2.3529411764705883,0.7647058823529411,2.588235294117647,0.058823529411764705,1.588235294117647,2.1176470588235294,2.823529411764706,0.5882352941176471,1.1764705882352942,1.0588235294117647,0.23529411764705882,0.4117647058823529,0.7058823529411765,0.4117647058823529,0.23529411764705882,0.17647058823529413,0.0,0.11764705882352941,0.0,0.29411764705882354,0.17647058823529413,0.058823529411764705,0.11764705882352941,0.058823529411764705,0.0,0.0,0.0,0.058823529411764705,0.058823529411764705,0.0,0.0,0.0,0.006482454677210765,0.0,0.0,0.0036630954794209126,0.0,0.0,0.0,0.0,0.006624093599112191,0.008401211232415377,0.0,0.00424293448270142,0.0,0.0,0.0020735681664801157,0.004888069688050675,0.007067495583654317,0.0011119815225544673,0.00249529290966633,0.0,0.001941029223232534,0.0,0.0041959374944070225,0.0,0.0016155207695323702,0.0021482094594174493,0.0162621848348319,0.0,0.007093437909083364,0.0,0.0012728239215971248,0.0021978572876525477,0.0,0.0,0.0,0.0,0.0,0.001167325247466768,0.0020435762651928586,0.0,0.0,0.004930434954964223,0.0013196935339017787,0.005982488790244802,0.0010937412878004955,0.0,0.0010937412878004955,0.0,0.07926829268292683,0.0975609756097561,0.06097560975609756,0.13414634146341464,0.06097560975609756,0.1951219512195122,0.10365853658536585,0.14634146341463414,0.036585365853658534,0.08536585365853659,0.41379310344827586,0.13793103448275862,0.3103448275862069,0.13793103448275862
0.75,1.075,1.375,1.25,3.1,0.625,3.575,0.6,1.825,0.0,1.25,2.4,1.0,1.3,1.425,0.4,0.025,0.05,0.175,0.175,0.15,0.2,0.0,0.075,0.0,0.25,0.05,0.05,0.35,0.0,0.0,0.0,0.0,0.0,0.0,0.0,0.0,0.0,0.0029978919528241975,0.0,0.0014641614664403114,0.0,0.0,0.04517005221834593,0.0,0.020900323029834012,0.004595091956140889,0.0,0.007061280417466822,0.007652571922854273,0.0,0.004016609729039779,0.0,0.004747152363710475,0.0035019122261350216,0.0,0.000576989651784707,0.0,0.017504236508610507,0.007361178046509081,0.003880927172004093,0.011280975065604113,0.0,0.0,0.0011280975065604112,0.005576010612619898,0.00984134628827782,0.0,0.0022073748189860042,0.007114985453722061,0.0,0.006687724547303757,0.02405463838945334,0.005618208269471487,0.0,0.0024292984879713824,0.0,0.0,0.0019682692576555643,0.005130317453138448,0.005492778492456052,0.004150014746386033,0.002276164301638869,0.0035275874138664233,0.0007587214338796231,0.004847566710331013,0.05737704918032787,0.11885245901639344,0.05737704918032787,0.0860655737704918,0.09836065573770492,0.09836065573770492,0.22540983606557377,0.0778688524590164,0.05327868852459016,0.12704918032786885,0.7209302325581395,0.10465116279069768,0.08139534883720931,0.09302325581395349
2.0,14.5,4.5,2.0,14.0,2.5,9.5,1.5,10.0,0.0,1.0,6.5,3.0,2.5,3.5,1.0,2.5,3.5,1.0,0.5,0.5,0.5,0.0,0.0,0.0,0.0,0.0,0.0,0.0,0.0,0.0,0.0,0.0,0.0,0.0,0.0,0.0,0.0,0.007649793258930711,0.0,0.0074722723114884855,0.005187280035225936,0.009647467709632492,0.012132790795490376,0.0,0.0,0.0,0.0,0.0,0.0030041926912000865,0.0,0.0,0.0,0.0,0.0,0.0,0.005889273687181837,0.0,0.0,0.0,0.0,0.0,0.0,0.0,0.0,0.0,0.0,0.0,0.011265223214135471,0.005187280035225936,0.0,0.0,0.0,0.0,0.0,0.0,0.0036173648832149444,0.0,0.0,0.0,0.0,0.0,0.0038720955935925587,0.004500714976312333,0.0038720955935925587,0.0,0.043478260869565216,0.21739130434782608,0.0,0.08695652173913043,0.08695652173913043,0.17391304347826086,0.13043478260869565,0.08695652173913043,0.0,0.17391304347826086,0.8,0.0,0.0,0.2
0.3684210526315789,1.5639097744360901,1.9248120300751879,1.8796992481203008,3.8646616541353382,0.5714285714285714,1.7067669172932332,0.41353383458646614,1.9022556390977443,0.0,1.0150375939849625,1.3233082706766917,1.586466165413534,0.6691729323308271,0.6992481203007519,0.7293233082706767,0.18796992481203006,0.43609022556390975,0.5488721804511278,0.06766917293233082,0.18796992481203006,0.12030075187969924,0.0,0.13533834586466165,0.03759398496240601,0.09022556390977443,0.05263157894736842,0.045112781954887216,0.05263157894736842,0.015037593984962405,0.0,0.015037593984962405,0.007518796992481203,0.0,0.0,0.0,0.0,0.0,0.00795258567321251,0.0,0.00048550238319604056,0.00016851880622279928,0.0006268332268394524,0.0031532570551386493,0.0,0.0018079183216377507,0.0,0.0011594800864453785,0.002980033883832831,0.0015615519888538165,0.0,0.0026637411795275012,0.0,0.0017989848710017722,0.001974042829190974,0.004348271286105445,0.0007652977009481999,0.0,0.001339440629026782,0.0020340820591548616,0.0028954788983062653,0.0011222000588039342,0.0014864238895174607,0.0,0.0033666001764118022,0.001848953481705179,0.0006526598584010982,0.0,0.0017566681158412893,0.004212970155569981,0.00393358715002623,0.001663190645445968,0.0016792200691666654,0.0009314729169698808,0.0,0.001074043842329394,0.0035255124515276345,0.0,0.0009789897876016473,0.0028352762623767374,0.001821354481441738,0.0,0.002264265011040309,0.0,0.003019020014720412,0.004822224688693733,0.061224489795918366,0.10459183673469388,0.04591836734693878,0.09693877551020408,0.08290816326530612,0.16964285714285715,0.18494897959183673,0.10459183673469388,0.0548469387755102,0.09438775510204081,0.3974358974358974,0.10256410256410256,0.28846153846153844,0.21153846153846154
1.9285714285714286,7.357142857142857,6.928571428571429,6.571428571428571,11.428571428571429,3.7142857142857144,9.285714285714286,2.5714285714285716,10.285714285714286,0.0,4.571428571428571,8.928571428571429,5.428571428571429,2.5714285714285716,4.214285714285714,2.5,0.9285714285714286,0.6428571428571429,0.8571428571428571,0.5,0.8571428571428571,0.5714285714285714,0.0,0.14285714285714285,0.14285714285714285,0.5,0.07142857142857142,0.35714285714285715,0.5714285714285714,0.0,0.0,0.0,0.0,0.0,0.07142857142857142,0.0,0.0,0.0,0.007453958551502085,0.0,0.0020802806115183944,0.0021662081427103507,0.002685855010361686,0.0016888844787322605,0.0,0.003227736843563931,0.0,0.0008280233790668597,0.0050163336085684304,0.0008363672452301041,0.0,0.004565439282415775,0.0010218543924414012,0.002890608890725647,0.0012438792227231596,0.005479844943148415,0.0036890410376507025,0.0,0.0038261568048359707,0.007844071326360075,0.0020677579972437805,0.004007002343302581,0.003184514540902208,0.001058637621600919,0.002404201405981548,0.005941796908807762,0.002097387720957769,0.0,0.0021953666999707205,0.0032493122140655264,0.0,0.0011877398796011473,0.0026981708071369976,0.002993381365974408,0.0033850548566122293,0.002301031527806493,0.0015106115752305607,0.0,0.004194775441915538,0.002429718345806369,0.003902069841040779,0.0,0.0021559828265123367,0.0006264995247026768,0.0059289527729089265,0.0022958075940127678,0.0771513353115727,0.11275964391691394,0.05934718100890208,0.11869436201780416,0.06528189910979229,0.14540059347181009,0.1513353115727003,0.10682492581602374,0.05341246290801187,0.10979228486646884,0.56,0.12,0.22666666666666666,0.09333333333333334
1.8333333333333333,4.75,5.041666666666667,4.833333333333333,9.958333333333334,2.4583333333333335,4.0,1.4166666666666667,6.041666666666667,0.0,2.9583333333333335,4.541666666666667,3.6666666666666665,0.4583333333333333,2.4166666666666665,2.0,0.4583333333333333,2.0,0.9583333333333334,0.3333333333333333,0.875,0.75,0.0,0.3333333333333333,0.125,0.125,0.041666666666666664,0.08333333333333333,0.08333333333333333,0.041666666666666664,0.0,0.041666666666666664,0.0,0.0,0.20833333333333334,0.0,0.0,0.0,0.009018048963780107,0.008882729098024013,0.004404388151080612,0.0033632974212135644,0.001137303103981066,0.002860576691619682,0.0,0.0010934067898251798,0.0,0.002103717934621087,0.002703431822799567,0.0010624583907902746,0.0,0.0009665987640616054,0.004326957962573683,0.0032640118458961693,0.0021068415019023707,0.0013922370282389266,0.0013885279425062869,0.0,0.0032403089471849346,0.00369056351925252,0.004669733507777283,0.0013573856176499258,0.0013484563604768834,0.0044827135061014526,0.0027147712352998516,0.0016773365257474488,0.0005920809962053323,0.0,0.002656028237479095,0.0012230172440776598,0.00535271666045236,0.0,0.0007616787508855572,0.003380060259682033,0.0009555823330544913,0.0004871763905416864,0.0021321866181551507,0.0,0.0,0.004115376601975557,0.0,0.0,0.001825866214864784,0.002122288362813946,0.001825866214864784,0.0,0.08955223880597014,0.0708955223880597,0.07462686567164178,0.12686567164179105,0.048507462686567165,0.19029850746268656,0.17164179104477612,0.11940298507462686,0.026119402985074626,0.08208955223880597,0.5074626865671642,0.05970149253731343,0.2835820895522388,0.14925373134328357
2.4,4.8,4.285714285714286,4.885714285714286,10.028571428571428,2.1142857142857143,5.542857142857143,1.457142857142857,7.371428571428571,0.3142857142857143,3.4571428571428573,5.685714285714286,3.8857142857142857,1.3714285714285714,2.8857142857142857,1.3142857142857143,0.17142857142857143,0.8285714285714286,0.9714285714285714,0.22857142857142856,0.2571428571428571,0.2857142857142857,0.02857142857142857,0.2857142857142857,0.17142857142857143,0.08571428571428572,0.2,0.08571428571428572,0.17142857142857143,0.02857142857142857,0.0,0.02857142857142857,0.0,0.0,0.2571428571428571,0.0,0.0,0.0007080071771918447,0.0074201682468701844,0.0008031676150871994,0.008920585812686082,0.001354654177295281,0.0,0.004526384216156359,0.0,0.003806293447598975,0.00174976057335039,0.0008876751490853984,0.002688858066342426,0.0022415502927479202,0.0,0.00183537707001063,0.004381879898976849,0.0043900399462492865,0.0018668856258709514,0.0026435787139974126,0.001537979277655977,0.0,0.005127247004765184,0.0014015278956475265,0.0011083608475792137,0.0025774028794827925,0.002987189347437212,0.00510706399786035,0.0017182685863218615,0.007431492703268714,0.0018737383156069267,0.0,0.0008405440991679125,0.0017416982279510754,0.0011293038580371187,0.0006366530229422959,0.0024104584826481184,0.0032090280510017246,0.0018144590783727647,0.0015417503268429014,0.0016194377950584915,0.0,0.0007494953262427706,0.002604758089415061,0.0017429914598702737,0.0,0.0011556511720156178,0.0013432665623985352,0.0005778255860078089,0.00246120025087132,0.06976744186046512,0.08837209302325581,0.05581395348837209,0.08527131782945736,0.08682170542635659,0.14883720930232558,0.19224806201550387,0.10232558139534884,0.04186046511627907,0.12868217054263567,0.547945205479452,0.15753424657534246,0.2054794520547945,0.08904109589041095
4.0,14.0,12.2,13.2,31.0,9.2,12.4,5.2,22.8,0.0,6.2,12.4,10.0,2.4,5.4,2.4,1.2,5.8,2.4,1.8,0.4,1.4,0.0,0.4,0.0,0.2,0.4,0.2,0.2,0.0,0.0,0.0,0.0,0.0,0.0,0.0,0.0,0.0,0.012586893872850531,0.0022139324803585685,0.0015368503335685538,0.0005334436915657878,0.0019842309473712214,0.0,0.0,0.0019076458886311649,0.0,0.0,0.0040428220571957045,0.0024715344126185106,0.004682036864834356,0.005059219062960743,0.0,0.0021354971119427065,0.0014703064098382501,0.0032386790444139564,0.003028172640572221,0.0,0.0014133262429210883,0.0,0.0030551979864713074,0.0023682046946232748,0.0023526259906192434,0.0,0.0,0.002926416917261506,0.002065984752716479,0.0,0.0013901764817443774,0.005334436915657877,0.0,0.0,0.0013288863313322486,0.0029485632052545395,0.0016671861980950698,0.0008499673196684742,0.0029759881308718695,0.0,0.004131969505432958,0.0,0.0,0.0,0.0023891653662592386,0.0027770369002778224,0.0023891653662592386,0.001696075350186737,0.07874015748031496,0.1220472440944882,0.05511811023622047,0.1141732283464567,0.06299212598425197,0.16141732283464566,0.16929133858267717,0.09448818897637795,0.05511811023622047,0.08661417322834646,0.4423076923076923,0.17307692307692307,0.28846153846153844,0.09615384615384616
0.8181818181818182,5.090909090909091,5.181818181818182,4.636363636363637,10.545454545454545,4.0,6.090909090909091,2.1818181818181817,4.545454545454546,0.0,2.1818181818181817,4.909090909090909,4.181818181818182,1.0909090909090908,2.909090909090909,1.8181818181818181,0.45454545454545453,1.7272727272727273,1.0909090909090908,0.9090909090909091,0.45454545454545453,1.0,0.0,0.09090909090909091,0.0,0.36363636363636365,0.2727272727272727,0.09090909090909091,0.09090909090909091,0.0,0.0,0.0,0.0,0.0,0.18181818181818182,0.0,0.0,0.0,0.0035781291049837203,0.0,0.0,0.008492079412506976,0.002256262609510825,0.0,0.0,0.0054229449656652065,0.010968929185626638,0.005564673246417068,0.003064719946583841,0.0021077803559226413,0.0,0.006711625289169696,0.0034336505122358908,0.0032376891697195875,0.0012539105067773787,0.007365382988102708,0.001377330136518333,0.0,0.0,0.0,0.0011580185916463827,0.0013464389594430716,0.0013375817124085215,0.003557250072583733,0.004039316878329214,0.006655238473126975,0.005873061494617409,0.0,0.0036884521168862915,0.0030328855044667773,0.0035396997270733346,0.0,0.0030221447212555983,0.0016764008546003633,0.0,0.0009664950973649586,0.0,0.0,0.001174612298923482,0.0,0.001092649485058462,0.0,0.001811141487325552,0.004210346268163151,0.003622282974651104,0.0,0.05063291139240506,0.12658227848101267,0.0379746835443038,0.12658227848101267,0.10126582278481013,0.14556962025316456,0.1962025316455696,0.10126582278481013,0.0379746835443038,0.0759493670886076,0.5,0.06818181818181818,0.18181818181818182,0.25
1.75,4.25,3.5,2.25,10.25,0.75,4.5,0.5,5.25,0.0,1.25,5.25,4.0,0.0,1.5,2.25,1.25,1.5,0.25,0.25,0.25,1.0,0.0,0.25,0.0,0.25,0.0,0.0,0.0,0.0,0.0,0.0,0.0,0.0,0.0,0.0,0.0,0.0,0.025845903437940652,0.0,0.0,0.006572233442689172,0.008148831948912881,0.0,0.0,0.003917156363548459,0.0,0.0050244137079299735,0.002767174320701914,0.002537521981887451,0.0,0.0,0.0,0.0,0.00603824865399592,0.0,0.012436087640408247,0.0,0.0058042427257827215,0.0,0.0,0.0,0.0,0.0,0.004862866921483714,0.0,0.004242289079607138,0.0,0.0,0.004381488961792781,0.012784158237585245,0.03603579731799597,0.0,0.0,0.0,0.0,0.0,0.0,0.0,0.0,0.0,0.008944691977647566,0.0,0.0,0.0,0.0,0.056338028169014086,0.09859154929577464,0.04225352112676056,0.09859154929577464,0.09859154929577464,0.1267605633802817,0.19718309859154928,0.08450704225352113,0.07042253521126761,0.1267605633802817,0.72,0.04,0.24,0.0
5.5,8.0,6.5,6.0,14.0,5.5,5.0,2.5,11.0,0.0,4.0,4.0,6.5,1.0,4.0,3.5,0.0,1.5,2.0,0.5,0.0,0.5,0.0,0.5,0.5,0.0,0.0,0.0,0.0,0.0,0.0,0.0,0.0,0.0,0.0,0.0,0.0,0.0,0.009507600193242455,0.0,0.0,0.0,0.0,0.0,0.0,0.0,0.0,0.0,0.0040716993576042455,0.0074675646895545,0.0,0.005095356341981891,0.0,0.0,0.004442425795439855,0.009785437398479311,0.0,0.0,0.0,0.0,0.006154041658463633,0.0,0.0,0.0,0.007155361327326038,0.017683919371451674,0.0,0.0,0.002800212627513674,0.00967057206567121,0.0,0.0,0.0,0.008908873113019073,0.0,0.0,0.004495867783424288,0.0,0.0,0.010846956900921289,0.0,0.0,0.00481246166632218,0.0055937457562739,0.0,0.02049828208939971,0.10256410256410256,0.10256410256410256,0.02564102564102564,0.07692307692307693,0.07692307692307693,0.23076923076923078,0.1794871794871795,0.10256410256410256,0.05128205128205128,0.05128205128205128,0.625,0.25,0.0,0.125
3.269230769230769,6.1923076923076925,6.038461538461538,6.846153846153846,11.423076923076923,2.5384615384615383,7.615384615384615,2.230769230769231,10.884615384615385,0.07692307692307693,4.730769230769231,9.192307692307692,4.653846153846154,1.6923076923076923,3.6153846153846154,2.730769230769231,0.46153846153846156,1.1923076923076923,1.1923076923076923,0.6153846153846154,0.9615384615384616,0.6538461538461539,0.0,0.46153846153846156,0.07692307692307693,0.34615384615384615,0.19230769230769232,0.5769230769230769,0.15384615384615385,0.07692307692307693,0.0,0.038461538461538464,0.0,0.0,0.11538461538461539,0.038461538461538464,0.0,0.0007417218046771708,0.014351094631309368,0.015145446455930047,0.010513547564951455,0.00202737359867321,0.0007541147266289549,0.0009483852643375227,0.0,0.0018125206893328453,0.0,0.0009299453942799412,0.0017925720442282843,0.0009393163131515095,0.0,0.001281850652070916,0.0011476352116367937,0.0010821386982351182,0.0011175913950792092,0.0024617452574790723,0.0011508688472255612,0.0,0.005371401624039716,0.0019576897589997197,0.00038704664518639204,0.001800090899956236,0.002682374107902803,0.0017834191738559954,0.003150159074923413,0.0055609809344187655,0.0011777783698100682,0.0,0.0035222800346083956,0.001013686799336605,0.0,0.0,0.0005050484439834153,0.0005603064850955393,0.0012672412610857404,0.0019382004108882188,0.002544830820806201,0.0,0.0011777783698100682,0.0013643970944555081,0.0014607928425579438,0.0,0.002724034905465385,0.00386988700119578,0.0030267054505170947,0.0019338001971131802,0.06,0.09,0.058,0.086,0.098,0.132,0.218,0.09,0.03,0.138,0.6736842105263158,0.12631578947368421,0.08421052631578947,0.11578947368421053
3.0,4.5,5.0,5.0,10.5,2.0,4.5,2.0,8.5,0.5,3.5,3.0,1.5,1.0,1.5,2.5,0.5,0.5,0.5,0.5,0.5,0.0,0.0,0.5,0.0,1.0,0.0,1.0,0.0,0.0,0.0,0.0,0.0,0.0,0.0,0.0,0.0,0.0,0.032203161944853474,0.0,0.010485285340314487,0.010918387816080398,0.0,0.0,0.0,0.006507533958798248,0.0,0.008347009869625601,0.0,0.0042155607118452825,0.0,0.0,0.0,0.0,0.005015642027109515,0.0,0.004131990409554999,0.0,0.0,0.0,0.0,0.008078633756658429,0.0,0.0,0.0,0.0,0.0,0.0,0.0,0.0036394626053601327,0.0,0.0,0.0,0.0,0.011374512287003459,0.0,0.0,0.0,0.0,0.0,0.0,0.0,0.0,0.0,0.0,0.0,0.13793103448275862,0.06896551724137931,0.10344827586206896,0.10344827586206896,0.06896551724137931,0.13793103448275862,0.13793103448275862,0.10344827586206896,0.10344827586206896,0.034482758620689655,0.625,0.125,0.125,0.125
3.840909090909091,7.886363636363637,9.5,9.590909090909092,18.84090909090909,5.090909090909091,6.75,2.6818181818181817,11.159090909090908,0.1590909090909091,4.4772727272727275,7.2727272727272725,5.545454545454546,1.5681818181818181,3.3863636363636362,2.590909090909091,0.6363636363636364,2.9318181818181817,1.3409090909090908,0.6590909090909091,0.7045454545454546,0.8863636363636364,0.022727272727272728,0.4090909090909091,0.22727272727272727,0.6818181818181818,0.3409090909090909,0.4318181818181818,0.20454545454545456,0.045454545454545456,0.0,0.0,0.0,0.0,0.0,0.0,0.0,0.0,0.007447762013506847,0.0004192002861198185,0.0005819943519243494,0.004747266800366798,0.00037570711313250973,0.0,0.0,0.0019866330169652662,0.0,0.007181268115228471,0.0022964821802065128,0.002339881505231938,0.015957488222403216,0.003512465875851438,0.0005717627531565584,0.002560875901027086,0.0014615859264316446,0.0007665405303195521,0.0025228446368097666,0.0,0.0018732582834777721,0.0012191745197888807,0.0017354728043115887,0.0031388782904116013,0.0008909228236633303,0.0,0.0024662615138948294,0.0016623200841561557,0.001955934535360498,0.0,0.001754833338638829,0.0008080454128283911,0.0011788435975570997,0.0013291628017022686,0.000754859782659187,0.0008374500240528226,0.0,0.001448444756480699,0.0001408732071798121,0.0,0.0023471214424325977,0.0016993889504576774,0.004184739925765533,0.0004124007491932406,0.0021111067291834096,0.0007010961556654843,0.0007539666889940748,0.002248021088586808,0.04981549815498155,0.10608856088560886,0.03874538745387454,0.08579335793357934,0.09778597785977859,0.13653136531365315,0.21863468634686348,0.10055350553505535,0.04797047970479705,0.11808118081180811,0.5729166666666666,0.13020833333333334,0.14583333333333334,0.15104166666666666
2.2413793103448274,5.9655172413793105,3.9827586206896552,5.758620689655173,11.379310344827585,3.3275862068965516,5.0344827586206895,1.706896551724138,5.448275862068965,0.10344827586206896,2.4310344827586206,4.793103448275862,3.586206896551724,0.9310344827586207,2.310344827586207,2.0517241379310347,0.6551724137931034,1.9827586206896552,0.8448275862068966,0.43103448275862066,0.41379310344827586,0.5172413793103449,0.0,0.13793103448275862,0.034482758620689655,0.25862068965517243,0.15517241379310345,0.06896551724137931,0.13793103448275862,0.017241379310344827,0.0,0.06896551724137931,0.0,0.017241379310344827,0.10344827586206896,0.0,0.0,0.0,0.009897655585785736,0.005282783503132524,0.0036671613344074266,0.008794434767413819,0.005595531271586846,0.0005413091277988014,0.0,0.003310499326732237,0.0,0.002919313195428031,0.0016077992335155227,0.002278564610402527,0.024375404231691475,0.002560743187252438,0.001965104600848848,0.004323560306640926,0.0011960377141568843,0.0010538163352208489,0.0019706415799416147,0.0,0.0012263323092422983,0.00027934726945726764,0.0019882288435036357,0.0020548729965654262,0.0015310166062029846,0.002035841580001767,0.0071920554879789916,0.0012696147241042228,0.0031371183860479457,0.0,0.0034176954120423305,0.002082892444913799,0.000675265794087836,0.0,0.0002882661118736109,0.0019188342089579541,0.000361651159894469,0.0011062651575992756,0.0011297308789117442,0.0,0.00044815976943542076,0.0007787558800661439,0.00041688780352999776,0.001889852869123486,0.001209285239229676,0.0022088124268363606,0.0022458154442836845,0.0007358357673117844,0.10388127853881278,0.08105022831050228,0.091324200913242,0.1267123287671233,0.05821917808219178,0.18036529680365296,0.12214611872146118,0.11986301369863013,0.0319634703196347,0.08447488584474885,0.5058365758754864,0.08560311284046693,0.28793774319066145,0.12062256809338522
1.6486486486486487,4.0,3.4324324324324325,3.689189189189189,7.8108108108108105,2.5,5.364864864864865,1.3108108108108107,5.148648648648648,0.04054054054054054,2.391891891891892,6.0675675675675675,3.364864864864865,1.1486486486486487,2.418918918918919,1.4054054054054055,0.10810810810810811,1.5,0.7432432432432432,0.28378378378378377,0.8918918918918919,0.5405405405405406,0.0,0.16216216216216217,0.02702702702702703,0.24324324324324326,0.10810810810810811,0.14864864864864866,0.05405405405405406,0.0,0.0,0.013513513513513514,0.0,0.0,0.10810810810810811,0.0,0.0,0.00042818276379963225,0.00690385906148311,0.0009714662232278781,0.0023602768867720374,0.0037451731374660287,0.0004353369765238728,0.0,0.0,0.00418534341748435,0.0,0.0010736817674622142,0.002956628164235448,0.0018978769179884363,0.004108924468516457,0.0014799790204926655,0.0026500373247961644,0.003279671653766781,0.0021774338053374815,0.005329206052076389,0.004252006728504729,0.0,0.003410895751199079,0.001695209052204373,0.0022343512245459247,0.0038968513452761096,0.005419703494468553,0.0027454295165998933,0.0005195801793701479,0.006420510145236604,0.0033995521929424425,0.0,0.002033349418319058,0.002106659889824641,0.0013659422183312036,0.00308023827697393,0.0032071100102121124,0.0012938197467040147,0.0007315557694960731,0.004289072641625822,0.0011426219988993264,0.0,0.0036261890058052718,0.004725852591687699,0.0025298689322100485,0.0014335631852142627,0.0010483578318751638,0.0020309242891035943,0.0008736315265626364,0.0007442322335362965,0.0581140350877193,0.10964912280701754,0.04057017543859649,0.07785087719298246,0.10855263157894737,0.13815789473684212,0.1875,0.08442982456140351,0.06140350877192982,0.1337719298245614,0.6666666666666666,0.10843373493975904,0.10441767068273092,0.12048192771084337
1.5806451612903225,4.838709677419355,3.161290322580645,4.516129032258065,7.225806451612903,1.6774193548387097,3.3548387096774195,0.8709677419354839,3.935483870967742,0.0,2.5483870967741935,3.7096774193548385,2.5161290322580645,0.3548387096774194,1.7096774193548387,0.8064516129032258,0.4838709677419355,1.903225806451613,0.967741935483871,0.1935483870967742,0.22580645161290322,0.5483870967741935,0.06451612903225806,0.25806451612903225,0.0,0.0967741935483871,0.06451612903225806,0.22580645161290322,0.12903225806451613,0.03225806451612903,0.0,0.03225806451612903,0.0,0.0,0.0967741935483871,0.0,0.0,0.0,0.004310440502117693,0.002426148806196048,0.0033683300056968823,0.0032151729233880965,0.0010872146253083248,0.0027345927440613027,0.0,0.0041810062740465425,0.0,0.006703557149181182,0.0029535643008528206,0.0020313323637389186,0.0,0.004620141760864409,0.002481835473869983,0.0011700975108183483,0.003222485032961554,0.0017745611862527249,0.002322906525578846,0.0,0.0023232007801384214,0.002822420598143378,0.0022320358346759293,0.0019464065786767718,0.0012890683860517357,0.0025711729799245114,0.0019464065786767718,0.0016034641917119395,0.0016980146704645154,0.0,0.0015234317403571803,0.0032151729233880965,0.0017056584177089125,0.0009615769750656957,0.0007281333136703902,0.00323119750213127,0.000913497100769708,0.0023286021775891486,0.0008153128104655445,0.0,0.002264019560619354,0.0,0.0042120788439559366,0.0011933980229244814,0.0,0.0020288197043480467,0.0026181786267555902,0.0018586525210595591,0.05319148936170213,0.11347517730496454,0.03546099290780142,0.0851063829787234,0.09574468085106383,0.16312056737588654,0.18085106382978725,0.10283687943262411,0.031914893617021274,0.13829787234042554,0.6764705882352942,0.04411764705882353,0.07352941176470588,0.20588235294117646
2.3684210526315788,6.2631578947368425,8.947368421052632,6.894736842105263,16.68421052631579,3.789473684210526,7.315789473684211,2.210526315789474,11.31578947368421,0.0,3.3157894736842106,8.842105263157896,3.0,1.5263157894736843,3.6315789473684212,2.210526315789474,1.1578947368421053,3.6842105263157894,1.736842105263158,0.47368421052631576,0.5789473684210527,1.0,0.0,0.15789473684210525,0.05263157894736842,0.42105263157894735,0.21052631578947367,0.3684210526315789,0.42105263157894735,0.10526315789473684,0.0,0.0,0.0,0.10526315789473684,0.05263157894736842,0.0,0.0,0.0,0.01081579653619131,0.0,0.009156164663373215,0.0007334128327161264,0.002728048832301279,0.0,0.0,0.0013113773741456924,0.0,0.0,0.000926388802921876,0.0014158437927107666,0.0,0.0015457202337539864,0.00207581471920653,0.0016311218460667476,0.0015161041447059097,0.0007421241797329922,0.0005551103042089055,0.0,0.0,0.0017705108627573303,0.002800322314793853,0.0016279803669972566,0.0016172710628904767,0.0007168456267611855,0.0005426601223324189,0.0026822846283892027,0.0028404492429005544,0.0,0.000849468619397431,0.0026891803866257967,0.0,0.0008042658989715244,0.001218025824818074,0.0006756458482246317,0.0007640517462559203,0.0011685899552105025,0.0006819301079950167,0.0046677466692866135,0.0009468164143001847,0.002467888352322287,0.0017614977613943567,0.0,0.0021898525458887495,0.0012726832164870194,0.003284778818833124,0.0007772913034983638,0.07073170731707316,0.1048780487804878,0.036585365853658534,0.1,0.08292682926829269,0.15609756097560976,0.18292682926829268,0.1,0.04878048780487805,0.11707317073170732,0.4626865671641791,0.13432835820895522,0.26865671641791045,0.13432835820895522
2.0,2.8,5.4,6.6,14.0,3.6,7.2,2.6,8.2,0.0,2.2,8.0,5.2,1.0,2.8,1.8,0.2,2.4,1.4,0.0,0.4,1.2,0.0,1.0,0.0,0.4,0.0,0.2,0.0,0.2,0.0,0.0,0.0,0.0,0.2,0.0,0.0,0.0,0.015846000322070758,0.0,0.015478278359511863,0.005372540036484005,0.0,0.0,0.0,0.0,0.0,0.002464355294841844,0.0013572331192014152,0.0012445941149257502,0.0,0.0033969042279879277,0.0030412333108375033,0.002867667550323063,0.0029616171969599043,0.0032618124661597707,0.0,0.0,0.0028468428607410497,0.0,0.0,0.002385120442442013,0.0023694304619808096,0.0031507072071455923,0.002385120442442013,0.0,0.0,0.0,0.004667021045856124,0.0021490160145936025,0.006270325230815621,0.007069880235721116,0.002676756753112101,0.0,0.010074568025631636,0.0034241540592358536,0.0014986225944747628,0.0,0.0041614835733289075,0.0,0.0,0.0,0.0032083077775481206,0.0037291638375159335,0.0,0.0,0.09302325581395349,0.06976744186046512,0.06976744186046512,0.10852713178294573,0.05426356589147287,0.17829457364341086,0.14728682170542637,0.12403100775193798,0.06201550387596899,0.09302325581395349,0.43478260869565216,0.08695652173913043,0.08695652173913043,0.391304347826087
1.7142857142857142,7.285714285714286,6.857142857142857,7.142857142857143,13.0,2.7142857142857144,2.5714285714285716,2.2857142857142856,7.857142857142857,0.0,2.5714285714285716,1.7142857142857142,2.857142857142857,0.0,1.7142857142857142,1.5714285714285714,0.2857142857142857,1.2857142857142858,1.7142857142857142,0.42857142857142855,0.14285714285714285,0.14285714285714285,0.0,0.2857142857142857,0.14285714285714285,0.2857142857142857,0.14285714285714285,0.14285714285714285,0.0,0.0,0.0,0.0,0.0,0.0,0.2857142857142857,0.0,0.0,0.0,0.005080397049824213,0.02502081707764016,0.0024812507293873977,0.0034449875043103544,0.0,0.0,0.0,0.0030799015682861936,0.0,0.013826726272585918,0.0021757172139870015,0.0,0.0,0.0027227094957155145,0.004875259505922715,0.0,0.0023738153105403808,0.0013072149196441828,0.0009777992572229386,0.0,0.0,0.0,0.0,0.0,0.001899161820671641,0.0050507520114547655,0.00573521327762774,0.0,0.003335540268698742,0.0,0.002244445235793403,0.0017224937521551772,0.010051666400544125,0.002833348949430218,0.0021454920540211497,0.0,0.0,0.0,0.0,0.0,0.0050033104030481135,0.0,0.0031027909041354794,0.0,0.00385731660277732,0.0014945122249586755,0.0,0.0,0.05309734513274336,0.1415929203539823,0.05309734513274336,0.061946902654867256,0.11504424778761062,0.13274336283185842,0.1592920353982301,0.07079646017699115,0.07964601769911504,0.13274336283185842,0.5,0.0625,0.3125,0.125
5.0,8.0,6.0,15.0,17.0,1.0,7.0,4.0,16.0,0.0,3.0,5.0,2.0,1.0,5.0,3.0,1.0,2.0,4.0,1.0,0.0,3.0,0.0,0.0,0.0,1.0,0.0,0.0,0.0,1.0,0.0,0.0,0.0,0.0,0.0,0.0,0.0,0.0,0.011676000237315297,0.0,0.0,0.0039587137110934775,0.0,0.0,0.0,0.007078370270973532,0.0,0.009079203717838373,0.0,0.0,0.0,0.0,0.0,0.005282545487437221,0.0,0.0,0.00898889141727754,0.0,0.0,0.0,0.0,0.0,0.0,0.0,0.0,0.0,0.007665890792974302,0.0,0.0,0.0039587137110934775,0.0,0.0,0.0,0.010940721366865528,0.0,0.006307652214381835,0.0,0.0,0.0,0.0,0.00713097558669733,0.0,0.0,0.0,0.0059100406428518005,0.0,0.1,0.03333333333333333,0.03333333333333333,0.23333333333333334,0.06666666666666667,0.26666666666666666,0.06666666666666667,0.06666666666666667,0.06666666666666667,0.06666666666666667,0.38461538461538464,0.07692307692307693,0.15384615384615385,0.38461538461538464
5.0,11.0,23.0,16.0,37.0,8.0,10.0,8.0,29.0,0.0,5.0,12.0,12.0,1.0,5.0,4.0,0.0,5.0,2.0,0.0,3.0,2.0,0.0,1.0,0.0,1.0,0.0,0.0,0.0,0.0,0.0,0.0,0.0,0.0,0.0,0.0,0.0,0.0,0.0,0.0,0.006633547868362227,0.0,0.0,0.0,0.0,0.0,0.0,0.0,0.0,0.0,0.0,0.0,0.0,0.0,0.00158658064122852,0.013979196283541872,0.0,0.0,0.0,0.0,0.0,0.0,0.010154701979917753,0.0,0.0,0.0,0.0,0.0,0.0,0.00460503431698629,0.0,0.0,0.0,0.006363480795013623,0.014392240036616622,0.0,0.0032113341310173486,0.0,0.0,0.0,0.0,0.0,0.0,0.0,0.0,0.0,0.09722222222222222,0.06944444444444445,0.027777777777777776,0.1388888888888889,0.09722222222222222,0.1388888888888889,0.125,0.1388888888888889,0.027777777777777776,0.1388888888888889,0.3157894736842105,0.05263157894736842,0.42105263157894735,0.21052631578947367
1.6842105263157894,3.4210526315789473,3.3157894736842106,3.6315789473684212,7.7894736842105265,2.263157894736842,2.4210526315789473,0.8421052631578947,5.105263157894737,0.0,2.0526315789473686,2.473684210526316,1.9473684210526316,0.631578947368421,1.0526315789473684,1.105263157894737,0.9473684210526315,2.1578947368421053,1.105263157894737,0.2631578947368421,0.15789473684210525,0.3157894736842105,0.0,0.2631578947368421,0.10526315789473684,0.2631578947368421,0.10526315789473684,0.3157894736842105,0.05263157894736842,0.0,0.0,0.0,0.0,0.0,0.10526315789473684,0.0,0.0,0.0,0.0016432889222888194,0.006936988438456849,0.0,0.003342913800478937,0.0,0.0,0.0,0.0,0.0,0.00383344156975398,0.005630004050020685,0.004517415676397166,0.0,0.0,0.0031538715816092624,0.0007434693648985718,0.0007678266806933085,0.0008456550838191997,0.000632551618252864,0.0,0.0,0.0013450053714609183,0.00319098456364781,0.0,0.0,0.0032674000666695025,0.0012367291183032656,0.0,0.0032367094459224838,0.0,0.0004839873677184128,0.002228609200319291,0.0,0.0,0.0,0.003079610458821408,0.0017412833624548506,0.0008877436449870731,0.0023311907025162977,0.0,0.0010789031486408277,0.0,0.0,0.006824468694057033,0.001663566995765692,0.0009668202541707974,0.001663566995765692,0.007085825907446813,0.04035874439461883,0.11659192825112108,0.03587443946188341,0.053811659192825115,0.1031390134529148,0.1210762331838565,0.18834080717488788,0.10762331838565023,0.08520179372197309,0.14798206278026907,0.5348837209302325,0.06976744186046512,0.3488372093023256,0.046511627906976744
0.6875,2.375,2.40625,2.40625,4.09375,1.28125,3.34375,0.71875,2.65625,0.0,1.34375,2.6875,1.8125,0.9375,1.3125,0.78125,0.125,0.46875,0.71875,0.125,0.21875,0.1875,0.0,0.15625,0.03125,0.21875,0.03125,0.09375,0.03125,0.0625,0.0,0.0,0.0,0.0,0.15625,0.0,0.0,0.001698634503303891,0.005477629740962732,0.0,0.004012886982095668,0.00046429358339985236,0.0,0.0,0.0,0.0024905376879351317,0.0,0.0021296897609744334,0.003518752531262928,0.0010755751610469445,0.004075106160133606,0.0007338990616023301,0.006570565795019297,0.0006195578040821433,0.0009597833508666355,0.0007047125698493332,0.0026356317427202666,0.0,0.0024602345710107837,0.0,0.0035455384040531225,0.005153037992930274,0.008190623819192921,0.006807083472228131,0.0020612151971721097,0.007641199728405044,0.0035963438288027596,0.0,0.002419936838592064,0.004178642250598671,0.0,0.0015274432608039447,0.002313246576763544,0.0,0.0,0.0036989318541128043,0.0038853178375271628,0.0,0.0017981719144013798,0.0,0.0016726979771265345,0.0,0.0027726116596094867,0.0008056835451423313,0.0027726116596094867,0.0,0.07272727272727272,0.07272727272727272,0.05454545454545454,0.11363636363636363,0.05454545454545454,0.16363636363636364,0.19545454545454546,0.07727272727272727,0.031818181818181815,0.16363636363636364,0.4189189189189189,0.2702702702702703,0.16216216216216217,0.14864864864864866
1.0,6.333333333333333,7.0,5.0,13.666666666666666,5.333333333333333,6.0,2.6666666666666665,7.0,0.0,2.6666666666666665,7.333333333333333,4.666666666666667,1.6666666666666667,3.3333333333333335,2.0,0.0,0.3333333333333333,0.3333333333333333,0.0,0.0,0.6666666666666666,0.0,0.0,0.0,1.0,0.3333333333333333,0.0,0.0,0.0,0.0,0.0,0.0,0.0,1.0,0.0,0.0,0.0,0.02705414689134032,0.0,0.02642632890648367,0.0018345258661164898,0.0,0.0,0.0,0.0,0.0,0.0,0.0,0.002124916781580549,0.0,0.0028997962921848163,0.015577048665265261,0.0024480088844221273,0.0012641049011414226,0.002784474056477853,0.006248375741278291,0.0,0.0,0.004428676223103024,0.0,0.0,0.0,0.016137768621965226,0.0,0.0,0.0,0.0,0.0015936169424874572,0.0,0.0,0.0,0.0,0.0,0.0,0.0,0.0,0.0,0.0035524859772319943,0.006173064902963336,0.0,0.007490270517867477,0.002738799322297176,0.0,0.002738799322297176,0.0,0.12307692307692308,0.07692307692307693,0.09230769230769231,0.1076923076923077,0.015384615384615385,0.18461538461538463,0.13846153846153847,0.15384615384615385,0.015384615384615385,0.09230769230769231,0.5625,0.0625,0.125,0.25
5.875,15.291666666666666,14.708333333333334,18.0,30.583333333333332,11.458333333333334,16.291666666666668,6.75,18.666666666666668,0.0,8.75,13.333333333333334,9.5,2.9583333333333335,9.458333333333334,5.833333333333333,0.75,5.875,4.666666666666667,2.75,0.875,2.25,0.0,0.5833333333333334,0.2916666666666667,0.8333333333333334,0.2916666666666667,0.3333333333333333,0.2916666666666667,0.0,0.0,0.041666666666666664,0.0,0.0,0.0,0.0,0.0,0.0,0.0077722164209464715,0.0,0.0005623595943767286,0.0025375491867822377,0.001452127492626344,0.0,0.0,0.002268629918162365,0.0,0.004700608499244175,0.0014793371368458331,0.0016957056496609483,0.004283091682147346,0.003085423390473464,0.0,0.003125658402601262,0.0023537939443831414,0.0013332235209865843,0.003656597049286128,0.0,0.003620120246790089,0.0009424345595876677,0.003726495813948567,0.0015164909387498954,0.00043043286939097746,0.0,0.005849322192321026,0.005354127837377237,0.0020789418370220102,0.0,0.0006782521935154228,0.0016591667759730017,0.0022781458451060213,0.0006421604020334923,0.0024313101996260435,0.0010789292697427945,0.0,0.004509753075420922,0.0013612056437703297,0.0,0.0037798942491309283,0.00098523397456465,0.0017580692406649993,0.0,0.002331296308945001,0.0027097730307209206,0.001311354173781563,0.00465467045715175,0.08165057067603161,0.09569798068481124,0.061457418788410885,0.08428446005267778,0.07111501316944688,0.16154521510096576,0.18700614574187885,0.11150131694468832,0.04741000877963126,0.09833187006145742,0.5042372881355932,0.17372881355932204,0.2245762711864407,0.09745762711864407
2.0,18.0,6.0,13.0,12.0,4.0,12.0,1.0,14.0,0.0,5.0,9.0,4.0,1.0,7.0,6.0,1.0,1.0,1.0,0.0,0.0,0.0,0.0,0.0,0.0,0.0,1.0,1.0,0.0,0.0,0.0,0.0,0.0,0.0,0.0,0.0,0.0,0.0,0.010910360877491343,0.0,0.0,0.007398251853518958,0.013759503126852899,0.0,0.0,0.006614214843368711,0.0,0.0,0.0,0.0,0.0,0.0,0.0,0.0,0.0025489328334490978,0.011229190457271342,0.0,0.0,0.0,0.0,0.014124030035818176,0.0,0.0,0.0,0.0,0.0,0.0,0.0,0.0,0.0,0.0,0.0,0.0,0.0,0.0,0.0,0.005159192538355741,0.0,0.0,0.0,0.0,0.0,0.0,0.0,0.005522496994140208,0.0,0.08333333333333333,0.0,0.08333333333333333,0.125,0.08333333333333333,0.125,0.25,0.125,0.0,0.125,0.75,0.0,0.25,0.0
2.0,4.555555555555555,3.111111111111111,4.444444444444445,9.444444444444445,3.5555555555555554,3.3333333333333335,1.1111111111111112,4.333333333333333,0.0,2.5555555555555554,3.3333333333333335,3.888888888888889,0.5555555555555556,1.6666666666666667,2.2222222222222223,0.4444444444444444,1.6666666666666667,1.8888888888888888,0.2222222222222222,0.3333333333333333,0.2222222222222222,0.0,0.3333333333333333,0.0,0.1111111111111111,0.0,0.2222222222222222,0.0,0.1111111111111111,0.0,0.1111111111111111,0.0,0.0,0.0,0.0,0.0,0.0,0.01901520038648491,0.0,0.0,0.005526041180383548,0.0034258354724001094,0.0,0.0,0.0016468045120224138,0.00832743195316961,0.004224609076871734,0.0,0.002133589911301286,0.0,0.0,0.0,0.004916001514839537,0.0012692645129828161,0.0,0.010456465526220812,0.0,0.0024401510234923285,0.0,0.0,0.0020443889506645825,0.0,0.0,0.006133166851993746,0.005052548391843336,0.0,0.0,0.0,0.0018420137267945163,0.005374564483556246,0.0,0.0,0.0,0.0028784480073233247,0.0029349891936307315,0.0012845336524069397,0.008792510562758255,0.0,0.009297391629361105,0.0016590432997622363,0.0,0.0,0.004794639219663342,0.0013749890475206231,0.0,0.10810810810810811,0.0472972972972973,0.0945945945945946,0.1554054054054054,0.04054054054054054,0.21621621621621623,0.10810810810810811,0.1554054054054054,0.02702702702702703,0.0472972972972973,0.52,0.26,0.16,0.06
8.0,20.0,8.0,14.0,35.0,4.0,36.0,10.0,31.0,0.0,8.0,41.0,16.0,9.0,12.0,13.0,1.0,7.0,3.0,1.0,7.0,0.0,0.0,0.0,0.0,1.0,0.0,0.0,1.0,0.0,0.0,0.0,0.0,0.0,0.0,0.0,0.0,0.0,0.005041909193386151,0.0,0.004924906750753775,0.0,0.0,0.0,0.0,0.009169706941942985,0.07728109198964223,0.0,0.004318469015640866,0.0,0.0,0.0,0.0,0.004562198375513964,0.007067495583654317,0.0025946235526270903,0.0,0.0,0.0,0.012380163078219817,0.003263506940094351,0.0,0.003769548462242197,0.0,0.003794509794794111,0.0,0.0033102710242389035,0.0,0.002969922483726624,0.003418889114126185,0.0,0.0,0.008516953305356685,0.0,0.021370295811945897,0.0,0.009536689237566672,0.0,0.0033102710242389035,0.0,0.003079284912437484,0.0,0.0,0.008899140975890295,0.0,0.0,0.1375,0.0625,0.0625,0.175,0.025,0.1875,0.1,0.15,0.0125,0.0875,0.5,0.05555555555555555,0.2222222222222222,0.2222222222222222
7.0,16.5,17.5,18.5,34.0,7.5,17.5,3.0,26.5,0.0,7.5,22.5,13.0,6.0,5.0,9.0,2.0,5.5,2.0,1.0,1.5,4.5,0.0,3.0,0.0,0.5,0.5,0.0,2.0,0.0,0.0,0.0,0.0,0.0,0.5,0.0,0.0,0.0,0.009645391500390897,0.0,0.0031405202468574793,0.0,0.0,0.0,0.0,0.0019491164514274944,0.0,0.0025000705889699866,0.0041307094932216985,0.005050526843176957,0.0,0.005169202086068586,0.0030853091559221047,0.0029092279496031074,0.0045068087779824625,0.0016545425552984341,0.0024752019844677285,0.0,0.0,0.0026315322485104924,0.0,0.0024196874053759544,0.0,0.003196369630437557,0.0024196874053759544,0.0,0.006332692394196164,0.0,0.0056815908384335425,0.0021801611742253936,0.0,0.003586171134061435,0.0,0.0,0.0,0.0,0.0015203417625106288,0.01040659462741919,0.004221794929464109,0.0,0.0,0.008901480905291782,0.004882207487573227,0.0018916048451167776,0.004882207487573227,0.0,0.0990990990990991,0.11711711711711711,0.07207207207207207,0.10810810810810811,0.06306306306306306,0.16216216216216217,0.14414414414414414,0.07207207207207207,0.07207207207207207,0.09009009009009009,0.3076923076923077,0.07692307692307693,0.4230769230769231,0.19230769230769232
2.857142857142857,9.0,8.928571428571429,10.857142857142858,20.214285714285715,4.0,7.214285714285714,3.2142857142857144,13.285714285714286,0.0,3.7857142857142856,5.714285714285714,3.857142857142857,1.2857142857142858,4.142857142857143,2.142857142857143,0.5,6.642857142857143,2.142857142857143,1.2857142857142858,1.1428571428571428,0.2857142857142857,0.14285714285714285,0.5714285714285714,0.21428571428571427,0.07142857142857142,0.14285714285714285,0.2857142857142857,0.07142857142857142,0.07142857142857142,0.0,0.07142857142857142,0.0,0.0,0.42857142857142855,0.0,0.0,0.0,0.006923610023687614,0.003653420438979224,0.0033814704348478454,0.0044014307190961294,0.0010914560347698658,0.001372630428098391,0.0,0.0015739939094102395,0.0,0.0020189126602735523,0.002965086658333391,0.001359504624886385,0.0,0.001391449716275939,0.004983035073673933,0.001174662260535455,0.001617528248014512,0.0,0.0039976604222482694,0.0,0.0007774213273805207,0.0,0.0022407433866967717,0.0006513332807709007,0.0006470486307099739,0.005162407127442713,0.0058619995269381065,0.0032194391573514103,0.0005682129716508912,0.0,0.0012744790892454953,0.002347429716851269,0.0,0.0038613130026045103,0.0014619477715306663,0.0,0.0009170608085750515,0.0009350745805455516,0.0,0.0,0.0028410648582544553,0.0029621078663114057,0.0026428193006615593,0.0,0.002190327156323489,0.0005091836189065968,0.0013141962937940936,0.0009329517205838619,0.07046070460704607,0.1111111111111111,0.05420054200542006,0.1002710027100271,0.08401084010840108,0.14634146341463414,0.17344173441734417,0.10298102981029811,0.05420054200542006,0.10298102981029811,0.6410256410256411,0.08974358974358974,0.11538461538461539,0.15384615384615385
8.1875,16.25,19.875,16.5625,39.625,10.5,18.125,5.3125,26.5,0.1875,9.4375,18.625,10.9375,5.0625,8.9375,6.0,1.25,7.0,4.375,1.9375,1.9375,3.0,0.125,0.9375,0.625,1.3125,0.4375,0.625,0.9375,0.25,0.0,0.0625,0.0,0.0,0.6875,0.0,0.0,0.000452844963579644,0.011317329906382956,0.004623390539070253,0.006062254936199381,0.0011139989762978355,0.0004604112401195978,0.0017370589125743215,0.0,0.0019918836802026454,0.0011191556931028825,0.0011355230102397967,0.0029705760535456097,0.004301120638525631,0.001086396924753117,0.0017608746546618715,0.003503340621370684,0.0028078917045127084,0.0009381974389711161,0.0016908462866269793,0.0008431708350819854,0.0,0.000327941305954811,0.0035856972601755696,0.003071957163577568,0.001648519888906712,0.003548296852006368,0.003992393663470278,0.0002747533148177853,0.002716125849701848,0.0014381429792634183,0.0,0.0007526627468358203,0.0009902213122647426,0.0,0.0012216194592716133,0.003700179384444594,0.0006841701787288373,0.0011605371834243793,0.0009861112896866829,0.002071601172834011,0.0,0.0023969049654390304,0.0008330082096154583,0.001783721814335701,0.001010755100052331,0.0025870611261633223,0.0002147900180686632,0.0016631107239621359,0.0011806470759116673,0.04942528735632184,0.10919540229885058,0.0367816091954023,0.08160919540229886,0.10459770114942529,0.1367816091954023,0.21839080459770116,0.08160919540229886,0.05632183908045977,0.12528735632183907,0.6176470588235294,0.08235294117647059,0.15294117647058825,0.14705882352941177
5.0,5.0,2.0,2.0,5.0,3.0,0.0,0.0,5.0,0.0,5.0,8.0,3.0,0.0,0.0,5.0,1.0,1.0,2.0,0.0,0.0,0.0,0.0,0.0,0.0,0.0,0.0,1.0,0.0,0.0,0.0,0.0,0.0,0.0,0.0,0.0,0.0,0.0,0.0,0.0,0.0,0.0,0.0,0.0,0.0,0.0,0.0,0.0,0.0,0.011363685397148153,0.0,0.0,0.0,0.0,0.0,0.0,0.0,0.0,0.0,0.0,0.0,0.0,0.0,0.0,0.0,0.0,0.0,0.0,0.008522386257650312,0.0,0.0,0.0,0.0,0.0,0.0,0.0,0.0,0.0,0.0,0.0,0.0,0.0,0.014646622462719678,0.0,0.0,0.0,0.0,0.25,0.0,0.0,0.0,0.25,0.0,0.25,0.0,0.25,0.5,0.0,0.5,0.0
0.8571428571428571,2.5714285714285716,2.142857142857143,2.857142857142857,5.0,1.7142857142857142,3.857142857142857,0.42857142857142855,2.4285714285714284,0.0,1.4285714285714286,4.0,2.2857142857142856,1.1428571428571428,0.7142857142857143,1.2857142857142858,0.0,0.5714285714285714,0.42857142857142855,0.5714285714285714,0.42857142857142855,0.2857142857142857,0.0,0.14285714285714285,0.0,0.14285714285714285,0.14285714285714285,0.14285714285714285,0.14285714285714285,0.14285714285714285,0.0,0.0,0.0,0.0,0.2857142857142857,0.0,0.0,0.0,0.00528200010735692,0.0,0.0,0.0017908466788280016,0.006661346751889101,0.0,0.0,0.0,0.0,0.0,0.002262055198669025,0.01037161762438125,0.0,0.005661507046646546,0.0,0.0,0.0024680143307999197,0.002718177055133142,0.006099604890295473,0.0,0.0,0.00432323155112438,0.0,0.0,0.0,0.005251178678575986,0.0,0.019648799301612972,0.013871611911096357,0.0,0.001555673681952041,0.0035816933576560033,0.0,0.0,0.0,0.0,0.0,0.014267308580149388,0.0024977043241246047,0.0,0.0034679029777740893,0.0,0.0,0.0,0.0,0.0,0.0,0.011387934494110949,0.08974358974358974,0.07692307692307693,0.0641025641025641,0.10256410256410256,0.08974358974358974,0.15384615384615385,0.14102564102564102,0.08974358974358974,0.0641025641025641,0.1282051282051282,0.5714285714285714,0.14285714285714285,0.09523809523809523,0.19047619047619047
1.8125,3.875,4.375,3.375,8.0625,2.5,3.625,1.4375,4.5,0.0,2.0,2.6875,2.5625,0.8125,1.6875,1.125,0.8125,1.75,0.6875,0.5,0.25,0.125,0.0,0.1875,0.0625,0.3125,0.0625,0.1875,0.0,0.0,0.0,0.0625,0.0,0.125,0.0625,0.0,0.0,0.0,0.005500264574603074,0.0,0.0,0.006216162025683973,0.0,0.0,0.0,0.0011114796293264224,0.0,0.0,0.0015703523693239515,0.0007200131243372108,0.0,0.0029477268094110116,0.0017593911715588861,0.005806434296108681,0.0008566661313520384,0.0028304984210477347,0.0,0.0,0.0,0.0,0.0,0.0,0.0013707448953607989,0.0018227231776875325,0.00551928697424598,0.013640488771367682,0.004814939671620224,0.0,0.0010799718122642271,0.0024864648102735894,0.0,0.0,0.0015485369646103064,0.005153893536457315,0.0,0.0,0.0008669717488696975,0.0,0.0,0.0,0.00223947993631817,0.007614076642129748,0.004640114554305133,0.0032360512639601074,0.0027840687325830795,0.005929255149826363,0.0736196319018405,0.11042944785276074,0.06748466257668712,0.09202453987730061,0.06748466257668712,0.15950920245398773,0.15950920245398773,0.10429447852760736,0.049079754601226995,0.1165644171779141,0.3793103448275862,0.27586206896551724,0.20689655172413793,0.13793103448275862
3.4814814814814814,10.333333333333334,8.592592592592593,8.74074074074074,21.51851851851852,4.0,8.592592592592593,4.222222222222222,14.25925925925926,0.0,5.074074074074074,9.851851851851851,6.703703703703703,1.9259259259259258,4.148148148148148,3.1481481481481484,1.1111111111111112,5.481481481481482,1.7777777777777777,0.8518518518518519,1.0740740740740742,1.2962962962962963,0.18518518518518517,0.48148148148148145,0.07407407407407407,0.6666666666666666,0.4074074074074074,0.48148148148148145,0.25925925925925924,0.07407407407407407,0.0,0.07407407407407407,0.037037037037037035,0.1111111111111111,0.25925925925925924,0.0,0.0,0.0,0.005119477027130553,0.009974486334585883,0.001923336364199699,0.0022698186899701655,0.0004966447874189508,0.0,0.0,0.0009549517288650683,0.0,0.0018373299831365227,0.00101190161549928,0.0009279222395304408,0.0,0.0023215528895420452,0.007180189887716945,0.001781686939549832,0.002024063823957804,0.0016212559003397676,0.0015158781384166267,0.0,0.000707499409178249,0.002900913952056241,0.0012745056689125868,0.0029637591296616723,0.0008832788112709526,0.002740555973079302,0.003852886868560174,0.004394820198822309,0.0028440908444940165,0.0,0.002435687906772249,0.002670374929376665,0.0,0.0,0.001330458977878204,0.0029520526291660835,0.0008345795997564669,0.0029784061935365113,0.002234632507737516,0.0,0.003361198270765656,0.004942104623496682,0.0007215365830326885,0.0005451498660933133,0.002192660049152709,0.0030120169456859464,0.0011959963904469323,0.0025471238099254077,0.07814761215629522,0.10419681620839363,0.04775687409551375,0.10130246020260492,0.053545586107091175,0.2040520984081042,0.1476121562952243,0.13603473227206947,0.030390738060781478,0.09696092619392185,0.4473684210526316,0.1368421052631579,0.2,0.21578947368421053
6.0,12.0,4.0,2.0,11.0,4.0,8.0,0.0,14.0,0.0,0.0,14.0,6.0,4.0,1.0,5.0,2.0,1.0,1.0,2.0,1.0,2.0,0.0,1.0,0.0,0.0,0.0,1.0,0.0,0.0,0.0,0.0,0.0,0.0,0.0,0.0,0.0,0.0,0.0,0.0,0.0,0.0,0.019075674789500608,0.0,0.0,0.0,0.0,0.0,0.0,0.0,0.0,0.0,0.0,0.0,0.007067495583654317,0.0,0.0,0.0,0.0,0.0,0.0,0.0,0.0,0.0,0.022767058768764666,0.0,0.0,0.0,0.0,0.0,0.0,0.0,0.0,0.0,0.0,0.0,0.007152516928175004,0.0,0.009930813072716711,0.0,0.0,0.0,0.0,0.0,0.0,0.0,0.125,0.05,0.125,0.15,0.05,0.175,0.1,0.15,0.05,0.025,0.75,0.125,0.125,0.0
3.0,9.0,14.0,10.0,23.0,6.0,16.0,2.0,18.0,0.0,3.0,10.0,3.0,3.0,8.0,3.0,1.0,5.0,1.0,1.0,3.0,0.0,0.0,1.0,0.0,0.0,0.0,0.0,0.0,0.0,0.0,0.0,1.0,0.0,0.0,0.0,0.0,0.0,0.01957447098608741,0.0,0.0,0.0,0.0,0.0,0.0,0.0,0.0,0.0,0.0,0.0038435994725648163,0.029125023438601946,0.0,0.0,0.0,0.0022865426888293377,0.010073244380787527,0.0,0.0,0.0,0.0,0.0,0.0,0.0,0.0,0.0,0.0,0.0,0.0,0.0,0.0,0.0,0.0,0.0,0.0,0.0,0.0,0.00462809918881912,0.0,0.012851640447045155,0.0,0.005977435418260998,0.0,0.004954004656508127,0.0,0.004954004656508127,0.0,0.03333333333333333,0.13333333333333333,0.03333333333333333,0.06666666666666667,0.1,0.16666666666666666,0.13333333333333333,0.06666666666666667,0.13333333333333333,0.13333333333333333,0.25,0.0,0.25,0.5
3.0588235294117645,8.058823529411764,6.705882352941177,8.823529411764707,17.0,7.235294117647059,10.058823529411764,1.8235294117647058,11.352941176470589,0.0,4.9411764705882355,9.352941176470589,5.0588235294117645,2.823529411764706,4.294117647058823,2.3529411764705883,0.7058823529411765,3.764705882352941,2.823529411764706,0.9411764705882353,0.47058823529411764,1.1764705882352942,0.0,0.9411764705882353,0.11764705882352941,0.5882352941176471,0.11764705882352941,0.29411764705882354,0.4117647058823529,0.058823529411764705,0.0,0.17647058823529413,0.0,0.0,0.0,0.0,0.0,0.0,0.007931584126540294,0.0,0.0007043203587210165,0.0009778837769548352,0.0,0.0,0.0,0.007431138453492256,0.0,0.0061675630889324595,0.0024703701411250027,0.00339802510250584,0.0,0.0003864300584384966,0.0,0.000652448738426699,0.001179192112549041,0.0018553104493324805,0.0030531066731489804,0.0,0.0025908429068499258,0.0,0.002800322314793853,0.004341280978659351,0.0037736324800777786,0.0,0.0010853202446648377,0.01072913851355681,0.0028404492429005544,0.0,0.0014865700839455042,0.002200238498148379,0.0,0.0008042658989715244,0.0030450645620451852,0.0033782292411231587,0.0015281034925118406,0.003505769865631507,0.004773510755965117,0.0,0.0,0.01645258901548191,0.0030826210824401244,0.0,0.002554827970203541,0.0021211386941450325,0.002554827970203541,0.003109165213993455,0.06060606060606061,0.10338680926916222,0.0481283422459893,0.0873440285204991,0.0766488413547237,0.16399286987522282,0.1711229946524064,0.11942959001782531,0.05169340463458111,0.11764705882352941,0.6158940397350994,0.2052980132450331,0.11920529801324503,0.059602649006622516
5.208333333333333,9.541666666666666,11.0,12.916666666666666,26.958333333333332,6.625,11.75,3.5416666666666665,18.333333333333332,0.041666666666666664,8.416666666666666,10.833333333333334,8.791666666666666,3.2083333333333335,5.291666666666667,3.0,1.3333333333333333,5.25,3.5,0.875,1.4166666666666667,1.125,0.16666666666666666,0.625,0.08333333333333333,0.625,0.16666666666666666,0.25,0.875,0.041666666666666664,0.0,0.08333333333333333,0.041666666666666664,0.041666666666666664,0.16666666666666666,0.0,0.0,0.0,0.003993918248116035,0.0010218149909347238,0.0007093155385701017,0.00012310239036133564,0.0,0.0,0.0,0.002861468832946747,0.0,0.00028233203050561224,0.0029543699648737843,0.001853650809463883,0.00216094009146201,0.0019458534857541322,0.0013936912062757786,0.0018069590947207516,0.0005937775885885241,0.0024290092833104673,0.00153737995598282,0.0,0.002935369889143799,0.003268957408542494,0.0023501522972856214,0.0008197631635234414,0.0024431116056430604,0.0014438592765969977,0.00027325438784114707,0.009454577732691021,0.0002383828560826706,0.0,0.0013901764817443774,0.0007386143421680138,0.0,0.0004049849562197038,0.0006133321529225763,0.0006804376627510475,0.00038473527648347764,0.0031383408726220583,0.0017169162293491555,0.0,0.0011919142804133532,0.0008284637021980253,0.0017739906533191393,0.002010481775663283,0.002205383415008528,0.0019225640078846464,0.0016540375612563959,0.0011742060116677411,0.05268817204301075,0.11397849462365592,0.046236559139784944,0.07741935483870968,0.09462365591397849,0.15806451612903225,0.1924731182795699,0.1032258064516129,0.04086021505376344,0.12043010752688173,0.3716475095785441,0.2413793103448276,0.2413793103448276,0.14559386973180077
1.8857142857142857,3.9047619047619047,4.419047619047619,3.1523809523809523,9.619047619047619,1.9619047619047618,5.552380952380952,1.619047619047619,5.59047619047619,0.0,2.038095238095238,5.428571428571429,3.1714285714285713,1.2285714285714286,2.6095238095238096,1.6285714285714286,0.22857142857142856,0.7428571428571429,0.5714285714285714,0.3619047619047619,0.5714285714285714,0.44761904761904764,0.01904761904761905,0.2,0.047619047619047616,0.3904761904761905,0.05714285714285714,0.10476190476190476,0.1523809523809524,0.02857142857142857,0.0,0.047619047619047616,0.0,0.0,0.009523809523809525,0.0,0.0,0.0,0.008494199551741277,0.0025843213223640553,0.012333502245764886,0.0025685893378981826,0.0014476193355260896,0.013107934036383532,0.0,0.0032010153243347017,0.0,0.0007140594852249565,0.0018680097087318546,0.0018031373862325457,0.0,0.0012303378542212226,0.00022030320637318924,0.002285033474041489,0.0034862085838653577,0.0018902535160912088,0.001679021973941286,0.0,0.0053617668229203625,0.004885445519656251,0.0028233443966045645,0.0015549767630960343,0.0034327726596479475,0.00022823336098674518,0.0017277519589955937,0.000427000467748057,0.0030145275970992432,0.0,0.0022312836045383193,0.0024129172568134443,0.0,0.0002560667211972118,0.0015512077768983544,0.00021511594270829081,0.0007297893361099151,0.002852477424303065,0.0017369340867317016,0.0007430717791913668,0.0028638012172442807,0.0023572207132046955,0.0029443869531827196,0.0003178003703682992,0.0016268411290085328,0.002566292464934214,0.0012782323156495616,0.004207132750325225,0.07380073800738007,0.0929889298892989,0.04428044280442804,0.10922509225092251,0.05682656826568266,0.17785977859778598,0.1940959409594096,0.1077490774907749,0.033210332103321034,0.1099630996309963,0.5335120643431636,0.07506702412868632,0.225201072386059,0.16621983914209115
2.5,4.666666666666667,3.8333333333333335,6.0,13.0,1.8333333333333333,5.166666666666667,0.8333333333333334,5.833333333333333,0.0,1.8333333333333333,4.833333333333333,4.333333333333333,0.8333333333333334,2.6666666666666665,1.6666666666666667,0.8333333333333334,2.5,1.6666666666666667,0.6666666666666666,0.5,0.8333333333333334,0.16666666666666666,0.0,0.0,0.16666666666666666,0.0,0.0,0.3333333333333333,0.0,0.0,0.0,0.0,0.16666666666666666,0.16666666666666666,0.0,0.0,0.0,0.009645391500390897,0.0,0.0031405202468574793,0.004360322348450787,0.0,0.005099288885061172,0.0,0.0,0.0,0.0,0.0013769031644072327,0.0025252634215884784,0.0,0.005169202086068586,0.0030853091559221047,0.005818455899206215,0.0030045391853216414,0.0,0.003712802976701593,0.0,0.0028881014529257023,0.007894596745531477,0.0,0.0024196874053759544,0.0024037700338935745,0.003196369630437557,0.0,0.005980069352664817,0.006332692394196164,0.0,0.0037877272256223614,0.0010900805871126968,0.0,0.0,0.0,0.0,0.0,0.0,0.0015203417625106288,0.0,0.0,0.0036680530582825616,0.00196360197314854,0.0,0.0,0.0,0.0,0.0,0.10101010101010101,0.04040404040404041,0.09090909090909091,0.12121212121212122,0.04040404040404041,0.26262626262626265,0.12121212121212122,0.15151515151515152,0.020202020202020204,0.050505050505050504,0.4444444444444444,0.05555555555555555,0.4166666666666667,0.08333333333333333
1.0,2.0,0.0,1.0,2.0,1.0,3.0,0.0,0.0,0.0,1.0,1.0,0.0,0.0,2.0,0.0,0.0,0.0,0.0,0.0,0.0,0.0,0.0,0.0,0.0,0.0,0.0,0.0,0.0,0.0,0.0,1.0,0.0,0.0,0.0,0.0,0.0,0.0,0.0,0.0,0.0,0.0,0.08393296907380268,0.0,0.0,0.0,0.0,0.0,0.0,0.0,0.0,0.0,0.0,0.0,0.031096980568078993,0.0,0.0,0.0,0.0,0.0,0.0,0.0,0.0,0.0,0.0,0.0,0.0,0.0,0.0,0.0,0.0,0.0,0.0,0.0,0.0,0.0,0.0,0.0,0.0,0.0,0.0,0.0,0.0,0.0,0.0,0.0,0.0,0.0,0.0,0.3333333333333333,0.0,0.3333333333333333,0.0,0.3333333333333333,0.0,0.0,1.0,0.0,0.0,0.0
1.3928571428571428,4.821428571428571,4.392857142857143,4.428571428571429,9.821428571428571,1.4285714285714286,5.5,1.6428571428571428,5.214285714285714,0.0,2.357142857142857,5.892857142857143,3.3214285714285716,1.3214285714285714,2.5,1.3928571428571428,0.39285714285714285,1.3214285714285714,0.9642857142857143,0.6428571428571429,0.7142857142857143,0.4642857142857143,0.0,0.2857142857142857,0.0,0.21428571428571427,0.10714285714285714,0.14285714285714285,0.21428571428571427,0.0,0.0,0.03571428571428571,0.0,0.0,0.07142857142857142,0.0,0.014440292716018151,0.013517554573660438,0.0,0.0021906279279337417,0.0114050472122719,0.006070027690343332,0.0,0.002469129354871726,0.0,0.0018875654055929422,0.0,0.0042369617349912415,0.004000266035541013,0.0015284489130667105,0.0,0.0008343273542426489,0.0014939391702359665,0.004578206089112258,0.0003637073750652514,0.00040057346075646303,0.004794075422548022,0.0,0.004894571936010928,0.002548431230136477,0.002015358671777564,0.001171638112076778,0.005237688389641789,0.001547715821053975,0.000585819056038389,0.0,0.0030663563171897212,0.0,0.0020633145676416547,0.002639142474062318,0.0015400798812529595,0.0008682309061411895,0.002629796108320661,0.0,0.0008248184348470345,0.002523060885752734,0.0003680827425025733,0.0,0.0005110593861982869,0.0008880549509526202,0.0009507967448929774,0.002155095377070642,0.0019700135476172667,0.0032057724217242236,0.0019700135476172667,0.0,0.08101851851851852,0.12731481481481483,0.04861111111111111,0.0763888888888889,0.09953703703703703,0.13194444444444445,0.18055555555555555,0.08796296296296297,0.05787037037037037,0.1087962962962963,0.5080645161290323,0.11290322580645161,0.20967741935483872,0.1693548387096774
0.425,1.65,1.35,2.075,3.675,0.5,0.825,0.325,1.85,0.0,0.85,1.175,0.725,0.275,0.475,0.5,0.025,0.825,0.475,0.2,0.05,0.125,0.1,0.075,0.025,0.15,0.075,0.0,0.0,0.0,0.0,0.0,0.0,0.0,0.025,0.0,0.0022906215718359033,0.00214425030806673,0.0,0.002432450491406947,0.0,0.007619238597195498,0.0,0.0,0.0,0.0,0.0,0.006720968985932303,0.0,0.0027154780689289094,0.0,0.0009264284258148893,0.0016588545331840926,0.0023462734502643244,0.0028269982334617264,0.0,0.001996234327733064,0.0,0.001552823378586027,0.0,0.0022378333303504122,0.0,0.0,0.0017185675675339591,0.005203899147146209,0.003215258067536668,0.003404850196360015,0.0,0.0010182591372776997,0.0017582858301220382,0.003420177398626702,0.0019281491551966677,0.002920098276122292,0.0032395902229160264,0.0,0.0,0.0,0.0,0.0011349500654533383,0.009860869909928446,0.0,0.0023929955160979207,0.0008749930302403965,0.001017044682958891,0.0,0.0018634801899454281,0.08839779005524862,0.0718232044198895,0.06629834254143646,0.08839779005524862,0.07734806629834254,0.2154696132596685,0.12154696132596685,0.13812154696132597,0.03867403314917127,0.09392265193370165,0.4423076923076923,0.15384615384615385,0.3269230769230769,0.07692307692307693
1.25,3.875,2.375,1.875,4.5,1.125,1.625,1.0,3.125,0.0,2.5,0.75,2.375,0.375,0.875,1.0,0.375,0.25,0.625,0.375,0.125,0.25,0.0,0.375,0.0,0.125,0.25,0.125,0.0,0.25,0.0,0.0,0.0,0.0,0.25,0.0,0.0,0.0,0.0,0.0,0.0,0.0,0.0,0.0,0.0,0.0,0.0,0.0,0.0,0.0,0.0,0.0031015212516411514,0.011107112961319577,0.0,0.0,0.002978176599537182,0.0,0.0,0.005198582615266264,0.0,0.0,0.0,0.0,0.011506930669575205,0.0,0.0,0.0,0.0,0.0034089545030601253,0.005886435170408562,0.0,0.006455108041310584,0.0,0.0,0.0,0.0,0.002736615172519132,0.0,0.0,0.0,0.0,0.0,0.0,0.0068097774424204,0.002929324492543936,0.0,0.05405405405405406,0.05405405405405406,0.0,0.13513513513513514,0.10810810810810811,0.16216216216216217,0.1891891891891892,0.10810810810810811,0.08108108108108109,0.10810810810810811,0.3333333333333333,0.25,0.25,0.16666666666666666
1.4615384615384615,6.923076923076923,3.3846153846153846,5.230769230769231,10.384615384615385,3.1538461538461537,5.0,0.7692307692307693,5.461538461538462,0.0,3.1538461538461537,5.0,2.923076923076923,1.0,2.6923076923076925,1.1538461538461537,0.9230769230769231,0.7692307692307693,1.2307692307692308,0.15384615384615385,0.38461538461538464,0.38461538461538464,0.23076923076923078,0.38461538461538464,0.07692307692307693,0.46153846153846156,0.15384615384615385,0.15384615384615385,0.0,0.07692307692307693,0.0,0.07692307692307693,0.0,0.0,0.15384615384615385,0.0,0.01208067541310716,0.01130871737816015,0.0,0.004276225749733673,0.013357966255469141,0.0036062255039413186,0.0,0.0,0.0,0.003684631099958825,0.0,0.0023630804197113573,0.007808738494035539,0.0005967232057863185,0.0,0.0,0.0029162511199811673,0.0,0.0017749418132465176,0.003909706723136711,0.0,0.0,0.005459698637037629,0.0012436693503234519,0.003934090557921957,0.006861305382367433,0.0034080849110682872,0.0030212260890437183,0.0022871017941224776,0.0,0.003990463700452376,0.0,0.0013425676981229945,0.0025758753599580846,0.0,0.0,0.005133506101858824,0.008542755039881302,0.0032201815607041757,0.0,0.001437035364564841,0.0,0.0029928477753392827,0.005200595774414316,0.0027840110167243,0.010517160658649537,0.0015382297563586876,0.0017879552645624337,0.003076459512717375,0.0,0.08620689655172414,0.09195402298850575,0.05747126436781609,0.08045977011494253,0.06896551724137931,0.15517241379310345,0.1724137931034483,0.10919540229885058,0.028735632183908046,0.14942528735632185,0.5111111111111111,0.13333333333333333,0.15555555555555556,0.2
2.7777777777777777,5.222222222222222,5.555555555555555,5.888888888888889,13.11111111111111,2.7777777777777777,5.444444444444445,1.8888888888888888,9.666666666666666,0.3333333333333333,3.888888888888889,6.444444444444445,3.7777777777777777,1.4444444444444444,2.6666666666666665,1.6666666666666667,0.3333333333333333,2.2222222222222223,1.4444444444444444,0.3333333333333333,0.5555555555555556,0.4444444444444444,0.0,0.7777777777777778,0.2222222222222222,0.7777777777777778,0.2222222222222222,0.2222222222222222,0.1111111111111111,0.0,0.0,0.0,0.0,0.0,0.1111111111111111,0.0,0.014863302895901506,0.013913534302343107,0.0,0.0,0.012782623139596876,0.001901516979205013,0.002357667670612435,0.0,0.0,0.0022666691317162436,0.0,0.00290738546020667,0.005604305295578877,0.003670853428854038,0.0,0.0010018959099402595,0.0017939859417861676,0.002537402467280238,0.0026205320703437352,0.00192410285925155,0.0021588489218461507,0.0,0.0016793174178528663,0.0015301325152855952,0.0,0.0028139061399596777,0.001397697744426882,0.0018585632401701526,0.0014069530699798388,0.0034771751573079135,0.0024548077258400858,0.0,0.0011012072130671753,0.0012676779861366754,0.0,0.004170434970509646,0.003157971450300793,0.0,0.003961908774124801,0.004039732317076007,0.001768037892357866,0.0,0.0012274038629200429,0.0021328286041137367,0.003425271981250684,0.0,0.0018925411047334417,0.0,0.0018925411047334417,0.00806112216998865,0.08955223880597014,0.11442786069651742,0.03980099502487562,0.09950248756218906,0.0945273631840796,0.15422885572139303,0.17412935323383086,0.07462686567164178,0.04975124378109453,0.10945273631840796,0.6590909090909091,0.18181818181818182,0.09090909090909091,0.06818181818181818
2.1016949152542375,6.016949152542373,6.677966101694915,6.694915254237288,13.966101694915254,2.6440677966101696,6.6440677966101696,2.3389830508474576,10.152542372881356,0.03389830508474576,4.47457627118644,6.796610169491525,4.3559322033898304,1.6440677966101696,3.0847457627118646,2.016949152542373,0.7457627118644068,2.0847457627118646,1.6101694915254237,0.5932203389830508,0.5932203389830508,0.4915254237288136,0.06779661016949153,0.4745762711864407,0.01694915254237288,0.5254237288135594,0.2542372881355932,0.3559322033898305,0.2033898305084746,0.01694915254237288,0.0,0.01694915254237288,0.01694915254237288,0.0,0.2542372881355932,0.0,0.009098590462068862,0.008517188365438922,0.0002543110483480978,0.00035784999586995587,0.006210237782761733,0.0012071278339520807,0.0003207220828192689,0.0,0.0,0.0029292606050685273,0.0,0.0027685153102159042,0.004247512130783183,0.0007989752056076653,0.0,0.0016354984055272405,0.0036606361976072354,0.0016108029419086367,0.0014259219213486735,0.0020939415143860964,0.001174704189800886,0.0,0.0015991054662932147,0.003954840020401898,0.0011522661110612076,0.0026795009938018785,0.0015210711410499655,0.0037924064587346634,0.0009569646406435282,0.0,0.0031723957695036953,0.0,0.0008239066576941265,0.001724468334217258,0.0,0.0,0.004295903081035852,0.007625477941598289,0.0013473820439323931,0.0027476971816565885,0.0004810252118298818,0.0,0.002003618380739176,0.0026112276834468523,0.002329760843189231,0.0038725013414882283,0.0016734199909641512,0.0014962254602184676,0.002317043064411902,0.0032897510422422154,0.0743718592964824,0.1035175879396985,0.044221105527638194,0.07738693467336684,0.09346733668341708,0.12462311557788945,0.23115577889447236,0.08743718592964825,0.027135678391959798,0.13668341708542714,0.5222222222222223,0.06666666666666667,0.25555555555555554,0.15555555555555556
3.0,25.5,16.5,19.0,27.5,11.0,15.0,7.5,18.5,0.0,6.0,5.0,8.5,5.5,4.0,3.5,1.0,1.0,4.5,1.0,1.5,2.0,0.0,0.5,0.0,1.5,0.0,0.5,0.0,0.0,0.0,0.0,0.0,0.0,0.5,0.0,0.004409446525784114,0.0041276818430284554,0.0,0.0,0.0,0.007897633853631488,0.0,0.0,0.0,0.002017335527227457,0.0,0.007762719178751809,0.0,0.0013068238206720376,0.0,0.0,0.0031932949763793786,0.004516576391758824,0.0023322735426059243,0.0017124515447338796,0.0,0.0,0.0,0.0,0.004307829160924544,0.0,0.0,0.0033082425675028714,0.0,0.0,0.0,0.0,0.0,0.0022564668153232824,0.0,0.0,0.0,0.0,0.0,0.0017976808810988229,0.007867768620992505,0.010770825439378863,0.006554336627993029,0.0,0.0,0.0,0.0,0.001957811014695865,0.0033687231664255263,0.0,0.09876543209876543,0.1111111111111111,0.04938271604938271,0.12345679012345678,0.07407407407407407,0.13580246913580246,0.14814814814814814,0.08641975308641975,0.06172839506172839,0.1111111111111111,0.2,0.15,0.45,0.2
0.8,4.4,2.8,4.6,8.0,3.2,5.0,1.4,6.0,0.0,2.0,6.2,5.2,1.0,1.4,1.4,0.6,0.0,0.8,0.0,0.2,0.6,0.0,0.2,0.0,0.8,0.2,0.2,0.0,0.4,0.0,0.0,0.0,0.0,0.0,0.0,0.0,0.0,0.0,0.0,0.0,0.008357284501197342,0.0062172569684298285,0.007818909623760466,0.0,0.0029886452255221585,0.0,0.0,0.002111251518757757,0.0019360352898845,0.0,0.0,0.0,0.006691224284087147,0.0011517400210399626,0.005073930502915199,0.005692964564275776,0.0,0.0,0.0,0.00638196912729562,0.0,0.0036857807186368146,0.0,0.0,0.0,0.009710128337767451,0.0,0.007259810515776192,0.005014370700718405,0.0,0.0,0.008327687676348759,0.0,0.005223850087364553,0.002663230934961219,0.0023311907025162977,0.0,0.0,0.0,0.003010856358827762,0.0,0.002495350493648538,0.0,0.0,0.0,0.06451612903225806,0.11290322580645161,0.03225806451612903,0.08064516129032258,0.14516129032258066,0.0967741935483871,0.22580645161290322,0.08064516129032258,0.03225806451612903,0.12903225806451613,0.8,0.0,0.0,0.2
1.0,1.0,5.0,3.0,14.0,4.0,6.0,2.0,10.0,0.0,4.0,10.0,4.0,3.0,2.0,1.0,0.0,1.0,3.0,0.0,0.0,0.0,0.0,0.0,0.0,0.0,0.0,0.0,0.0,0.0,0.0,0.0,0.0,0.0,0.0,0.0,0.0,0.0,0.0,0.0,0.0,0.00683777822825237,0.0,0.0,0.0,0.0,0.0,0.0,0.0,0.007920144367709318,0.0,0.0,0.0,0.0,0.0,0.0,0.0,0.0,0.0,0.0,0.0,0.0,0.0,0.0,0.0,0.0,0.0,0.0,0.005939844967453248,0.0,0.0,0.04499014695458892,0.03406781322142674,0.0,0.021370295811945897,0.0,0.0,0.0,0.0,0.023008696456499705,0.012317139649749936,0.0,0.010208252019471292,0.0,0.0,0.0,0.06666666666666667,0.16666666666666666,0.03333333333333333,0.06666666666666667,0.13333333333333333,0.1,0.16666666666666666,0.06666666666666667,0.06666666666666667,0.13333333333333333,0.7142857142857143,0.0,0.14285714285714285,0.14285714285714285
8.0,24.0,19.0,14.0,38.0,10.0,15.0,6.0,18.0,0.0,11.0,31.0,7.0,4.0,7.0,6.0,2.0,21.0,1.0,2.0,0.0,5.0,0.0,1.0,0.0,1.0,0.0,0.0,1.0,0.0,0.0,1.0,0.0,0.0,0.0,0.0,0.0,0.0,0.0,0.0,0.0,0.0,0.01422592696166147,0.0,0.0,0.0,0.0,0.0,0.0,0.002214955628257691,0.0,0.0,0.0,0.0,0.0013176686681389404,0.0029024602453116602,0.0,0.0,0.0,0.0,0.0,0.0,0.0,0.0,0.008489411744285129,0.0,0.0,0.0,0.0016611430841182813,0.0019122600129858325,0.0,0.0,0.0,0.0,0.0,0.0,0.0026670402105059337,0.0,0.0,0.0,0.0,0.0,0.0057097002820771636,0.0033183237537218048,0.0,0.0,0.1,0.11666666666666667,0.08333333333333333,0.13333333333333333,0.03333333333333333,0.2,0.08333333333333333,0.13333333333333333,0.05,0.06666666666666667,0.4,0.0,0.4666666666666667,0.13333333333333333
2.5,9.25,7.375,8.9375,17.75,3.6875,9.125,2.9375,11.0625,0.0,4.4375,10.25,6.3125,2.5625,4.1875,4.0,0.5,0.875,1.625,0.625,1.1875,0.875,0.0625,0.6875,0.125,0.1875,0.3125,0.1875,0.4375,0.0625,0.0,0.0625,0.0,0.0,0.4375,0.0,0.010814696049860701,0.011043964797400548,0.0,0.00208805672060574,0.0065226189742424575,0.0005031141171289369,0.002807122711498417,0.0011767589734756553,0.0,0.00044979610417557564,0.0,0.0,0.0019064813045638607,0.0029137654864482446,0.0,0.0011928927890927504,0.007831938626571496,0.001342720592124511,0.0022534043889912312,0.002290905076567063,0.0002856002289770456,0.0,0.0,0.0012145533454663811,0.002401242564617917,0.0016751682037218147,0.000554716161667748,0.0051633663260914385,0.0016751682037218147,0.0,0.0,0.0,0.0010926136227756812,0.0010062282342578738,0.0,0.0008275779540141774,0.0031333273029740313,0.002780919143417325,0.0015723963473672565,0.005611489929851398,0.0007016961980818287,0.0,0.0009742603683378713,0.0008464737826805912,0.0013594167506412972,0.0010270939506105902,0.0033799897990891567,0.0017460967801077947,0.0018777721106050871,0.0031992859448338453,0.08525345622119816,0.10368663594470046,0.055299539170506916,0.1152073732718894,0.08294930875576037,0.1359447004608295,0.20276497695852536,0.07834101382488479,0.04377880184331797,0.0967741935483871,0.5294117647058824,0.0784313725490196,0.17647058823529413,0.21568627450980393
1.875,5.375,3.75,6.375,11.875,2.75,4.0,1.625,4.75,0.0,1.0,2.75,2.5,0.625,1.75,1.0,0.125,2.75,1.375,0.875,0.0,0.375,0.0,0.0,0.25,0.125,0.25,0.125,0.0,0.0,0.0,0.0,0.0,0.125,0.0,0.0,0.0074421038409858455,0.013933103267606599,0.0,0.0039514491105133945,0.0,0.0028562871080041546,0.0,0.0,0.0,0.001702392849980976,0.00860852670264369,0.010918029787273992,0.0,0.0,0.0,0.00451487270808522,0.0,0.002540971247121701,0.0026242177694581425,0.0,0.0010809426387865396,0.0,0.002522518990530044,0.0,0.009088247174946294,0.00634019358117497,0.0,0.0,0.00634019358117497,0.0,0.0,0.0,0.003308268083138518,0.001904191405336103,0.0,0.0,0.0,0.0,0.0,0.0,0.0026557868762843895,0.0,0.0036873905080129555,0.0,0.0017150447613575857,0.0038873555852223605,0.0,0.0,0.0,0.009081517381379618,0.06862745098039216,0.09803921568627451,0.0392156862745098,0.06862745098039216,0.08823529411764706,0.17647058823529413,0.16666666666666666,0.10784313725490197,0.058823529411764705,0.12745098039215685,0.3181818181818182,0.045454545454545456,0.2727272727272727,0.36363636363636365
3.0,8.0,3.0,10.0,22.0,6.0,7.0,1.0,8.0,0.0,2.0,11.0,8.0,4.0,3.0,3.0,1.0,1.0,0.0,2.0,1.0,0.0,0.0,0.0,0.0,1.0,0.0,0.0,0.0,0.0,0.0,0.0,0.0,0.0,0.0,0.0,0.035275572206272914,0.033021454744227643,0.0,0.0,0.0,0.0,0.0,0.021111055984153256,0.0,0.0,0.0,0.0,0.0,0.010454590565376301,0.0,0.0,0.0,0.006022101855678433,0.0031096980568078992,0.006849806178935518,0.0,0.0,0.0,0.0,0.008615658321849087,0.0,0.0099516079403194,0.0,0.0,0.0,0.0,0.0,0.007840595357038288,0.0,0.0,0.0,0.0,0.0,0.0,0.0,0.0,0.0,0.0,0.0,0.0,0.0,0.0,0.0,0.0,0.0,0.1724137931034483,0.06896551724137931,0.10344827586206896,0.13793103448275862,0.06896551724137931,0.20689655172413793,0.06896551724137931,0.10344827586206896,0.0,0.06896551724137931,0.6666666666666666,0.08333333333333333,0.25,0.0
1.0258620689655173,3.8620689655172415,2.4913793103448274,4.655172413793103,7.801724137931035,1.6293103448275863,3.9051724137931036,1.3103448275862069,3.4224137931034484,0.008620689655172414,1.6551724137931034,4.077586206896552,3.1206896551724137,0.7586206896551724,1.4396551724137931,1.0603448275862069,0.20689655172413793,0.9568965517241379,0.5344827586206896,0.4224137931034483,0.3620689655172414,0.46551724137931033,0.008620689655172414,0.1724137931034483,0.02586206896551724,0.19827586206896552,0.09482758620689655,0.07758620689655173,0.02586206896551724,0.008620689655172414,0.0,0.02586206896551724,0.0,0.008620689655172414,0.017241379310344827,0.0,0.010739339675978501,0.01005309331396615,0.0007151131950504713,0.009056347728572783,0.012573329269116371,0.006707977996842135,0.002404956133919847,0.010585773057956504,0.0,0.0040462317165020625,0.0,0.0018535623635988084,0.0011229256824338357,0.0007488961723048926,0.0,0.003193722635554552,0.00045749211695979633,0.0026961415901139113,0.004399465374065616,0.00196269518021075,0.0024774183186228754,0.0,0.003211875004059565,0.0023412342784026015,0.002160086255477923,0.0017939659488281615,0.002495030644062887,0.00047396025322390706,0.0016145693539453452,0.0,0.0028170501266445683,0.0,0.004352766047066385,0.0021012943122638017,0.0033013531838463335,0.007710524827281804,0.0014093239351987065,0.0008934399970076434,0.0005051717491362568,0.003734437360448844,0.0020289374667315915,0.0,0.0015650278481358713,0.0008158527754990941,0.0014558223798056872,0.002639837460451861,0.0021718129296439638,0.0022439094724307908,0.0018098441080366364,0.0012848135263771308,0.06889890534449453,0.12813908564069543,0.044430135222150675,0.07791371538956858,0.1081777205408886,0.12363168061815841,0.17900837089504185,0.0798454603992273,0.07147456535737283,0.1184803605924018,0.5294117647058824,0.10588235294117647,0.08823529411764706,0.27647058823529413
1.4285714285714286,6.714285714285714,6.142857142857143,7.642857142857143,14.785714285714286,3.642857142857143,5.5,2.857142857142857,8.0,0.0,3.2857142857142856,5.357142857142857,4.5,1.5714285714285714,2.857142857142857,1.6428571428571428,1.0,0.7857142857142857,1.7142857142857142,0.7857142857142857,0.2857142857142857,0.42857142857142855,0.0,0.5,0.21428571428571427,0.5714285714285714,0.14285714285714285,0.2857142857142857,0.07142857142857142,0.07142857142857142,0.0,0.07142857142857142,0.0,0.0,0.07142857142857142,0.0,0.01443354018259939,0.013511233528734715,0.0,0.001532722486402086,0.010639733078551527,0.003323764539756062,0.0,0.0017275823227621322,0.0,0.0026413558457969977,0.0,0.0,0.0037318357451037276,0.0,0.0,0.0035025362743574375,0.0010452684047068343,0.0024640351291646614,0.0017813327657655723,0.0011210812076817543,0.0008385708850815382,0.0,0.007827653037716797,0.001783067677386815,0.004230274135114118,0.002459289490570324,0.0032574821408574138,0.0010828944574477486,0.002459289490570324,0.0020259809427195046,0.002145445704744036,0.0,0.004170529445233132,0.0003693071710840069,0.0,0.0,0.001839996458767729,0.0,0.0,0.001765316740849908,0.0036055240816332264,0.0,0.0035757428412400596,0.0,0.001995739484984032,0.0,0.0,0.0019225640078846464,0.002205383415008528,0.0011742060116677411,0.1095890410958904,0.08561643835616438,0.06164383561643835,0.08561643835616438,0.06506849315068493,0.1643835616438356,0.21575342465753425,0.08561643835616438,0.03767123287671233,0.08904109589041095,0.43137254901960786,0.19607843137254902,0.23529411764705882,0.13725490196078433
2.4444444444444446,7.444444444444445,7.555555555555555,10.666666666666666,16.11111111111111,3.7777777777777777,6.777777777777778,3.4444444444444446,9.0,0.0,6.444444444444445,4.111111111111111,5.333333333333333,1.2222222222222223,2.888888888888889,1.8888888888888888,0.6666666666666666,1.6666666666666667,1.3333333333333333,1.0,0.5555555555555556,0.3333333333333333,0.0,0.3333333333333333,0.2222222222222222,0.3333333333333333,0.1111111111111111,0.3333333333333333,0.3333333333333333,0.0,0.0,0.0,0.0,0.0,0.1111111111111111,0.0,0.01820413703305368,0.017040888342778025,0.0,0.0021479207320909965,0.004473080443345172,0.0031052295623714894,0.0,0.0,0.0,0.0,0.0,0.0023739202381504003,0.0026148527984614423,0.002997302340990912,0.0,0.0016361235960492312,0.0014648142093483388,0.002762432043889189,0.0032095507467054005,0.0023565846945879077,0.0017627298536174996,0.0,0.0,0.0,0.0009880342112212257,0.0011487965433780336,0.0,0.0015175424621572805,0.0,0.0,0.0010021921449530626,0.0,0.0008991508436970514,0.002070153041580993,0.0,0.00510782631709209,0.0012892635737466543,0.0,0.0,0.0016492485147695623,0.0021654409048603223,0.0,0.008017537159624501,0.0,0.002796781709461568,0.006339242708929126,0.0015452858561584985,0.0035923137884327798,0.0023179287842377476,0.0,0.06481481481481481,0.11574074074074074,0.06944444444444445,0.0787037037037037,0.08333333333333333,0.1388888888888889,0.17592592592592593,0.08796296296296297,0.06018518518518518,0.125,0.3333333333333333,0.1794871794871795,0.20512820512820512,0.28205128205128205
3.0,4.0,3.0,5.0,12.0,4.0,4.0,3.0,4.0,0.0,4.0,2.0,5.0,0.0,1.0,2.0,0.0,3.0,0.0,0.0,1.0,1.0,0.0,0.0,0.0,0.0,0.0,0.0,0.0,0.0,0.0,0.0,0.0,0.0,0.0,0.0,0.026723918338085538,0.02501625359411185,0.0,0.0,0.0,0.00683777822825237,0.0,0.0,0.0,0.0,0.0,0.01568226096717537,0.0,0.0,0.0,0.0,0.0,0.0,0.004711663722436211,0.0,0.007763133496739695,0.0,0.0,0.0,0.0,0.0,0.0,0.0,0.015178039179176444,0.0,0.0,0.0,0.005939844967453248,0.0,0.0,0.0,0.0,0.0,0.0,0.0,0.0,0.0,0.0,0.0,0.0,0.0,0.010208252019471292,0.0,0.0,0.0,0.0,0.13333333333333333,0.0,0.06666666666666667,0.06666666666666667,0.2,0.26666666666666666,0.13333333333333333,0.0,0.13333333333333333,0.25,0.5,0.25,0.0
1.24,7.44,5.36,7.32,11.76,3.72,6.44,1.96,7.28,0.0,4.48,4.88,4.96,1.44,3.16,2.84,0.88,1.52,1.52,0.44,0.48,0.76,0.0,0.44,0.12,0.56,0.36,0.28,0.56,0.0,0.0,0.0,0.0,0.0,0.08,0.0,0.01420969675982796,0.013301693753968839,0.0,0.0,0.0,0.0068171202879857475,0.002535739246942679,0.0,0.0,0.0,0.0,0.002605813755875062,0.005166506737745569,0.001842450502458059,0.0,0.00251432488174333,0.0012863222462756812,0.002729049179310468,0.0018789716355334738,0.00034490464143683376,0.0007739679921220843,0.0,0.00180615408083269,0.003291402872759347,0.0,0.0,0.001002176026215448,0.0013326254048349935,0.0005044061358638697,0.0,0.0035202882191301935,0.0,0.0015791732843984468,0.0015906614005300075,0.0013260506530425784,0.0029902816706977526,0.0011321629771471123,0.0037681034314884297,0.0014203821989812982,0.0018103533545808892,0.0034862217454548865,0.0,0.0017601441095650967,0.0007646394592794464,0.002046654624580805,0.00278339357612598,0.0016962352298215137,0.0023659347609617703,0.002713976367714422,0.002889989418445075,0.07835051546391752,0.10515463917525773,0.07422680412371134,0.09484536082474226,0.061855670103092786,0.16494845360824742,0.16082474226804125,0.12371134020618557,0.03711340206185567,0.09896907216494845,0.3963963963963964,0.08108108108108109,0.2972972972972973,0.22522522522522523
2.3875,4.9375,5.7625,5.775,12.075,2.3125,5.025,1.45,7.2625,0.25,3.0125,6.425,3.8625,1.6,2.225,2.0,0.275,0.725,1.3375,0.625,0.5125,0.5875,0.0125,0.375,0.05,0.2,0.05,0.2375,0.2625,0.0375,0.0,0.0125,0.0,0.0,0.0875,0.0,0.010235929548428845,0.00988128406383308,0.00024139717574427706,0.0,0.0,0.0015550551139333465,0.0006088717379311039,0.00038286282162047975,0.0,0.001756113625442835,0.009620192517535441,0.0015016746083911128,0.002170982247253624,0.0012324054892083052,0.0014367077213093451,0.0014230773969263898,0.0011582499007542176,0.001201362357861131,0.0009587389729005131,0.0013664829156382066,0.0010221318314532135,0.0,0.0010842165410874507,0.0013830577541137845,0.001718756647449038,0.0023617623532342018,0.003429099580451008,0.0016799200560406312,0.0009083701358593083,0.0,0.0006339583245550022,0.0,0.0008531659800912174,0.0013095200959438707,0.0,0.0008077665122423472,0.002446654703606273,0.0004523910902512406,0.0005115848834198147,0.002868986534941901,0.0029678924069032296,0.002344031651660253,0.0012679166491100045,0.0013770166540886656,0.0014743039841920488,0.0006683375217248455,0.001466256002796747,0.0012782226428917508,0.0010996920020975604,0.001301124180502339,0.0599721059972106,0.09693165969316597,0.045327754532775454,0.0801952580195258,0.08856345885634588,0.13807531380753138,0.22594142259414227,0.08437935843793584,0.043235704323570434,0.13737796373779637,0.40784313725490196,0.11764705882352941,0.2627450980392157,0.21176470588235294
9.5,22.5,20.0,25.5,46.5,17.0,16.0,5.5,30.5,0.0,17.5,20.5,18.5,8.5,7.0,9.0,1.5,3.5,3.5,0.0,2.5,0.5,1.0,2.0,0.0,0.5,0.0,1.5,1.0,1.0,0.0,0.0,0.0,0.0,0.0,0.0,0.0031496046612743667,0.0029483441735917537,0.0,0.0,0.0023217417539267795,0.0,0.0,0.0037698314257416524,0.0,0.001440953948019612,0.0,0.0018482664711313831,0.0,0.0009334455861943125,0.0,0.0,0.0,0.0010753753313711486,0.0011106064488599638,0.002446359349619828,0.0009149407335443211,0.0,0.0,0.0,0.0,0.0017888403318315094,0.0,0.0,0.0,0.0,0.0031211126799966806,0.0,0.001400106313756837,0.0,0.0,0.0,0.0,0.002227218278254768,0.0,0.0012840577722134448,0.002247933891712144,0.0,0.0,0.0,0.0,0.0,0.0,0.0,0.00240623083316109,0.0,0.056,0.12,0.04,0.04,0.144,0.088,0.264,0.048,0.04,0.16,0.5714285714285714,0.07142857142857142,0.2857142857142857,0.07142857142857142
0.0,6.0,2.0,2.0,10.0,2.0,3.0,0.0,3.0,0.0,0.0,2.0,3.0,0.0,2.0,2.0,0.0,2.0,2.0,0.0,1.0,0.0,0.0,0.0,0.0,0.0,0.0,1.0,0.0,0.0,0.0,0.0,0.0,0.0,0.0,0.0,0.0,0.0,0.0,0.03745973756766698,0.0,0.0,0.0,0.0,0.0,0.0,0.0,0.0,0.0,0.010454590565376301,0.0,0.0,0.0,0.0,0.0062193961136157985,0.0,0.0,0.0,0.0,0.0,0.0,0.0,0.0,0.0,0.0,0.0,0.0,0.0,0.015681190714076577,0.0,0.0,0.0,0.0,0.0,0.0,0.0,0.0,0.0,0.0,0.0,0.0,0.0,0.0,0.0,0.0,0.0,0.07142857142857142,0.21428571428571427,0.07142857142857142,0.07142857142857142,0.07142857142857142,0.07142857142857142,0.21428571428571427,0.07142857142857142,0.14285714285714285,0.0,0.3333333333333333,0.0,0.3333333333333333,0.3333333333333333
1.1666666666666667,3.0,2.3333333333333335,2.3333333333333335,5.166666666666667,0.6666666666666666,2.6666666666666665,1.1666666666666667,2.5,0.0,0.5,2.0,0.5,0.5,2.0,0.5,0.0,0.6666666666666666,0.8333333333333334,0.16666666666666666,0.16666666666666666,0.16666666666666666,0.0,0.16666666666666666,0.0,0.3333333333333333,0.0,0.0,0.0,0.0,0.0,0.0,0.0,0.0,0.0,0.0,0.0,0.0,0.0,0.0,0.0,0.007606067916820052,0.0,0.0,0.0,0.0,0.0,0.0,0.0,0.0,0.0,0.004007583639761038,0.0,0.0,0.0017470213802291568,0.0,0.0,0.0,0.0,0.0,0.00968051496836976,0.005627812279919355,0.0,0.0,0.0,0.0,0.0049096154516801715,0.0,0.0,0.0,0.014795149421025621,0.0,0.0,0.00700697885293635,0.007923817548249602,0.004039732317076007,0.0,0.0,0.0,0.0,0.0,0.0,0.0,0.004399575313923292,0.0037850822094668835,0.00806112216998865,0.125,0.05357142857142857,0.08928571428571429,0.125,0.05357142857142857,0.19642857142857142,0.08928571428571429,0.16071428571428573,0.03571428571428571,0.07142857142857142,0.3333333333333333,0.1111111111111111,0.1111111111111111,0.4444444444444444
4.0,11.0,6.0,15.0,16.0,6.0,12.0,5.0,13.0,0.0,0.0,17.0,9.0,2.0,6.0,4.0,0.0,2.0,1.0,3.0,0.0,0.0,0.0,0.0,0.0,0.0,2.0,0.0,0.0,0.0,0.0,0.0,0.0,0.0,0.0,0.0,0.0,0.0,0.0,0.0,0.0,0.007398251853518958,0.013759503126852899,0.0,0.0,0.0,0.0,0.008483846096996513,0.0,0.0,0.0,0.0,0.0,0.014808447186094505,0.0050978656668981956,0.005614595228635671,0.004199727957252622,0.0,0.009800606569764269,0.0,0.0,0.0,0.0,0.0,0.0,0.0,0.007163209429500579,0.0,0.0032133587528845446,0.0,0.0,0.012169465979519952,0.0,0.0,0.0,0.0,0.0,0.0,0.0,0.0,0.0,0.0,0.0,0.0,0.0,0.0,0.17857142857142858,0.017857142857142856,0.07142857142857142,0.17857142857142858,0.03571428571428571,0.23214285714285715,0.05357142857142857,0.16071428571428573,0.05357142857142857,0.017857142857142856,0.4,0.26666666666666666,0.3333333333333333,0.0
4.333333333333333,10.0,7.0,12.666666666666666,18.666666666666668,5.333333333333333,11.333333333333334,4.333333333333333,11.0,0.0,5.0,7.333333333333333,7.666666666666667,2.3333333333333335,5.666666666666667,2.6666666666666665,0.3333333333333333,1.3333333333333333,2.0,1.0,0.6666666666666666,1.6666666666666667,0.0,0.6666666666666666,0.6666666666666666,0.3333333333333333,0.0,0.0,0.0,0.0,0.0,0.0,0.0,0.0,0.0,0.0,0.009381801118689604,0.008782301793677564,0.0,0.0,0.0,0.0036007449180690673,0.004464519631585249,0.0,0.0,0.0021461016247100602,0.0,0.0027527372974297196,0.0030321165428967784,0.0,0.0,0.0018972071486102785,0.0,0.0016016228339570298,0.00578933148873811,0.0018217569624828505,0.002725355376514999,0.0,0.0,0.002897484975753574,0.0022913984898534803,0.0,0.0,0.0,0.002664230281451184,0.0,0.0,0.0,0.0031278970839248486,0.0012002483060230224,0.0,0.003948603323142112,0.0,0.006634267211822714,0.0,0.0,0.0050219799708462794,0.0,0.0023242328468060388,0.008077521096430748,0.0,0.004900549328179253,0.0017918740246944287,0.0020827776752083667,0.0,0.0,0.07291666666666667,0.08333333333333333,0.041666666666666664,0.10416666666666667,0.052083333333333336,0.19791666666666666,0.11458333333333333,0.15625,0.03125,0.14583333333333334,0.3076923076923077,0.15384615384615385,0.19230769230769232,0.34615384615384615
1.0,4.625,4.0,2.75,9.625,1.25,3.75,2.125,5.875,0.0,2.75,3.0,2.625,1.0,2.25,0.625,0.5,1.125,0.75,0.75,0.25,0.5,0.0,0.75,0.0,0.0,0.0,0.0,0.125,0.0,0.0,0.0,0.0,0.0,0.0,0.0,0.0043442822914129195,0.004066681618747246,0.0,0.0,0.0,0.0033346800226452446,0.004134629018413925,0.01559930245134477,0.0,0.0,0.0,0.0,0.0,0.0,0.0,0.0017570194282696178,0.0,0.0014832763191326187,0.003063741927889556,0.0016871443790481572,0.0,0.0,0.005890019711878034,0.0026833851006978914,0.002122083330504701,0.004934731949880026,0.0024511349606698026,0.0,0.002467365974940013,0.0,0.0,0.0,0.0009655905612116118,0.00222312001509683,0.0,0.0,0.0027690587101159665,0.0,0.0,0.003542228337140538,0.0031005984713270954,0.0,0.0,0.0037403299658349274,0.0,0.0,0.0033189390802221934,0.003857755693982,0.0033189390802221934,0.003534186567137881,0.037383177570093455,0.09345794392523364,0.009345794392523364,0.056074766355140186,0.102803738317757,0.12149532710280374,0.2616822429906542,0.12149532710280374,0.037383177570093455,0.1588785046728972,0.6666666666666666,0.05555555555555555,0.05555555555555555,0.2222222222222222
1.3888888888888888,2.9444444444444446,3.5,3.7222222222222223,9.555555555555555,2.0555555555555554,2.6666666666666665,0.7222222222222222,4.833333333333333,0.1111111111111111,1.1666666666666667,4.333333333333333,1.8333333333333333,0.7222222222222222,1.2777777777777777,2.6666666666666665,0.8333333333333334,1.3888888888888888,0.6666666666666666,0.1111111111111111,0.05555555555555555,0.6111111111111112,0.1111111111111111,0.1111111111111111,0.0,0.1111111111111111,0.0,0.0,0.0,0.0,0.0,0.0,0.0,0.0,0.8333333333333334,0.0,0.006026578395149131,0.005641478600950053,0.0,0.012799454749772317,0.0,0.0010280031049308802,0.001911912735166348,0.0,0.0,0.004595297328536348,0.004647427855413564,0.0011788487742979208,0.0,0.0005953639274132289,0.0,0.0,0.017457649073600246,0.0006858885940408236,0.0014167189324865144,0.0015603203141083184,0.001167122575819635,0.0,0.0,0.0,0.0009812822690033129,0.0,0.0034003216196991115,0.02260758018794673,0.0011409459975235139,0.0,0.0,0.0,0.0008930063049018551,0.003084009314792641,0.005998944412169842,0.0,0.0,0.0,0.0016064231475950215,0.002456967035670373,0.0014337619354883836,0.004906981976937978,0.0,0.005188749314791506,0.0009258897686600178,0.0,0.0015347258161391918,0.0,0.0015347258161391918,0.003268518784186742,0.061946902654867256,0.11061946902654868,0.035398230088495575,0.084070796460177,0.07079646017699115,0.17699115044247787,0.19469026548672566,0.09734513274336283,0.048672566371681415,0.11946902654867257,0.55,0.0,0.35,0.1
5.0,9.0,12.0,16.0,34.0,6.0,8.0,7.0,13.0,0.0,4.0,10.0,8.0,2.0,4.0,4.0,0.0,4.0,2.0,0.0,0.0,0.0,0.0,1.0,0.0,2.0,0.0,1.0,0.0,0.0,0.0,0.0,0.0,0.0,2.0,0.0,0.0,0.0,0.0,0.0,0.0,0.008357284501197342,0.0,0.0,0.0,0.0049810753758702635,0.0,0.0,0.007037505062525856,0.0032267254831408335,0.0,0.0,0.031538715816092626,0.0074346936489857185,0.003839133403466542,0.0042282754190959984,0.0,0.0,0.0,0.0,0.0,0.0,0.0,0.016337000333347514,0.0,0.0,0.0,0.0,0.002419936838592064,0.0,0.0,0.0,0.0,0.0,0.0,0.0,0.0,0.0,0.0,0.0,0.0,0.0,0.0,0.004834101270853987,0.0041589174894142295,0.0,0.08064516129032258,0.0967741935483871,0.08064516129032258,0.11290322580645161,0.08064516129032258,0.16129032258064516,0.16129032258064516,0.08064516129032258,0.04838709677419355,0.0967741935483871,0.3333333333333333,0.1111111111111111,0.1111111111111111,0.4444444444444444
6.0,7.0,9.0,10.0,23.0,3.0,11.0,2.0,14.0,0.0,7.0,14.0,8.0,0.0,5.0,4.0,0.0,2.0,2.0,0.0,1.0,1.0,0.0,0.0,1.0,1.0,2.0,0.0,1.0,0.0,0.0,0.0,0.0,0.0,0.0,0.0,0.0,0.0,0.0,0.0,0.00984981350150755,0.0,0.01271711652633374,0.031986448460838264,0.0,0.0,0.0,0.0,0.0,0.0,0.0,0.0,0.0,0.004562198375513964,0.0023558318612181056,0.0,0.0,0.0,0.0,0.0,0.0,0.0,0.0,0.0,0.0,0.0,0.0,0.0,0.0,0.003418889114126185,0.0,0.0,0.0,0.0,0.0,0.0,0.0,0.0,0.0,0.0,0.006158569824874968,0.0,0.005104126009735646,0.00593276065059353,0.005104126009735646,0.0,0.06666666666666667,0.08888888888888889,0.06666666666666667,0.13333333333333333,0.06666666666666667,0.2,0.1111111111111111,0.15555555555555556,0.06666666666666667,0.044444444444444446,0.4,0.2,0.3,0.1
2.2,6.6,6.0,6.8,16.2,2.6,4.4,0.6,7.8,0.0,2.8,2.6,6.4,1.6,2.4,0.8,0.4,2.8,1.8,0.2,0.0,0.6,0.0,0.0,0.0,0.0,0.0,0.0,0.2,0.0,0.0,0.0,0.0,0.0,0.0,0.0,0.010754747623863692,0.010067516690313305,0.0,0.0,0.0,0.0,0.0,0.0,0.0,0.0,0.0,0.0,0.0034758409150280147,0.0015936875861854117,0.0,0.006524541657415836,0.0,0.0,0.0037923147034242674,0.0,0.0031241878706391455,0.0,0.007290695131166103,0.0,0.0,0.0030541176397123333,0.003034026811072988,0.0,0.0,0.0,0.0,0.0,0.0,0.0027517887991747344,0.0,0.0,0.0034275543789850076,0.0038025677921422873,0.0,0.002192293757437589,0.005756903869018905,0.01313515297485227,0.0,0.0,0.0,0.01685310866520182,0.002054099491722882,0.0,0.0,0.013123900118213228,0.05970149253731343,0.11940298507462686,0.08955223880597014,0.05970149253731343,0.04477611940298507,0.16417910447761194,0.1791044776119403,0.07462686567164178,0.04477611940298507,0.16417910447761194,0.45,0.0,0.45,0.1
3.0,13.0,16.0,22.0,31.0,6.0,16.0,8.0,22.0,0.0,13.0,13.0,16.0,5.0,10.0,8.0,0.0,3.0,1.0,1.0,2.0,2.0,0.0,1.0,0.0,2.0,0.0,2.0,0.0,0.0,0.0,0.0,0.0,0.0,1.0,0.0,0.007537515428690794,0.01411173279667848,0.011376615615845674,0.0,0.005556305052132464,0.0,0.007173758040495956,0.0,0.0,0.0,0.0,0.0,0.004872118889440978,0.002233886872943654,0.0,0.0030485037943481404,0.005458623891246801,0.0,0.005315723174030598,0.0,0.0,0.0,0.0,0.0,0.0,0.0,0.008505647812238804,0.0056551155000049095,0.004280985409511305,0.0,0.0,0.0,0.0016753408882560447,0.0057858123469827745,0.0,0.0,0.0,0.0,0.0,0.003072958771109099,0.0026898354259803437,0.018411667417741646,0.0,0.0,0.0,0.0,0.0,0.003346685495206607,0.0028792505695944674,0.0,0.08928571428571429,0.07142857142857142,0.05357142857142857,0.07142857142857142,0.07142857142857142,0.21428571428571427,0.125,0.08928571428571429,0.03571428571428571,0.17857142857142858,0.6,0.0,0.2,0.2
8.0,25.0,27.0,25.0,49.0,10.0,14.0,16.0,30.0,0.0,13.0,10.0,9.0,1.0,7.0,8.0,1.0,8.0,6.0,3.0,0.0,9.0,0.0,1.0,0.0,3.0,1.0,0.0,0.0,0.0,0.0,0.0,0.0,0.0,0.0,0.0,0.0,0.0,0.0,0.0,0.0,0.00460503431698629,0.0,0.0,0.0,0.0,0.0,0.0,0.003877808912004043,0.0,0.0,0.0024263601628485196,0.0,0.0,0.00211544085497136,0.002329866047256979,0.0,0.0,0.004066918372487214,0.0,0.0,0.0,0.0,0.0,0.0,0.0,0.002972488266663505,0.0,0.0,0.00307002287799086,0.0,0.0,0.0,0.0,0.0,0.0024458243280256094,0.0,0.014654184271263757,0.0,0.0,0.005530144332540786,0.0,0.004583296825068743,0.005327376910737047,0.004583296825068743,0.0,0.0975609756097561,0.17073170731707318,0.024390243902439025,0.0975609756097561,0.07317073170731707,0.17073170731707318,0.17073170731707318,0.024390243902439025,0.07317073170731707,0.0975609756097561,0.25,0.25,0.375,0.125
5.0,22.0,17.0,37.0,50.0,9.0,29.0,7.0,31.0,0.0,12.0,24.0,19.0,3.0,14.0,12.0,1.0,10.0,6.0,4.0,4.0,3.0,1.0,1.0,0.0,2.0,2.0,1.0,1.0,0.0,0.0,0.0,0.0,0.0,0.0,0.0,0.01130627314303619,0.010583799597508858,0.0,0.0,0.0,0.0014464530867456936,0.005380318530371966,0.0,0.0,0.0,0.0,0.003317401358440944,0.003654089167080733,0.0016754151547077403,0.0,0.002286377845761105,0.0,0.0019301608511789847,0.0029900942853922107,0.0,0.0016422013166180122,0.0,0.0,0.0,0.0027614289493106048,0.0032107390571334783,0.006379235859179102,0.0,0.006421478114266957,0.0,0.00280099855897138,0.0,0.0012565056661920334,0.007232265433728468,0.0,0.0,0.0,0.003997571268662404,0.0,0.0,0.0,0.0,0.00280099855897138,0.0,0.0,0.0,0.0,0.0,0.0,0.0,0.12345679012345678,0.04938271604938271,0.09876543209876543,0.1728395061728395,0.012345679012345678,0.2716049382716049,0.04938271604938271,0.16049382716049382,0.037037037037037035,0.024691358024691357,0.5333333333333333,0.06666666666666667,0.26666666666666666,0.13333333333333333
0.5909090909090909,3.8181818181818183,1.9090909090909092,2.9545454545454546,6.409090909090909,0.9545454545454546,2.090909090909091,0.9545454545454546,3.5454545454545454,0.045454545454545456,1.3181818181818181,1.7272727272727273,1.9545454545454546,0.5909090909090909,0.9090909090909091,0.36363636363636365,0.3181818181818182,1.0909090909090908,0.7727272727272727,0.4090909090909091,0.045454545454545456,0.36363636363636365,0.045454545454545456,0.045454545454545456,0.0,0.2727272727272727,0.2727272727272727,0.09090909090909091,0.0,0.0,0.0,0.0,0.0,0.0,0.045454545454545456,0.0,0.00687186471550771,0.00643275092420019,0.0,0.004864900982813894,0.0033770789148025882,0.008205333873902845,0.0021800771188000695,0.0027416955823575655,0.0,0.0010479665076506268,0.0,0.006720968985932303,0.0014806179482197257,0.0027154780689289094,0.0,0.005558570554889336,0.0016588545331840926,0.0007820911500881081,0.0024231413429671943,0.0,0.0026616457703107525,0.0,0.0,0.0,0.0022378333303504122,0.0026019495735731045,0.0,0.0017185675675339591,0.003902924360359657,0.0,0.0,0.0,0.0020365182745553994,0.0005860952767073461,0.006840354797253404,0.0,0.0,0.0032395902229160264,0.0,0.0028015805939202434,0.0008174305060771434,0.0,0.0,0.003944347963971378,0.001055754827121423,0.0023929955160979207,0.003499972120961586,0.0030511340488766727,0.001749986060480793,0.0,0.09248554913294797,0.08670520231213873,0.05202312138728324,0.1329479768786127,0.03468208092485549,0.2138728323699422,0.15028901734104047,0.15028901734104047,0.046242774566473986,0.04046242774566474,0.43243243243243246,0.16216216216216217,0.1891891891891892,0.21621621621621623
2.3043478260869565,7.456521739130435,7.978260869565218,9.521739130434783,17.934782608695652,3.4347826086956523,7.173913043478261,2.8260869565217392,10.304347826086957,0.043478260869565216,5.391304347826087,8.152173913043478,6.3478260869565215,0.8478260869565217,4.434782608695652,2.282608695652174,3.4347826086956523,2.347826086956522,2.1739130434782608,0.6739130434782609,1.065217391304348,1.0,0.021739130434782608,0.6739130434782609,0.08695652173913043,0.2826086956521739,0.10869565217391304,0.2826086956521739,0.13043478260869565,0.06521739130434782,0.0,0.06521739130434782,0.0,0.0,0.021739130434782608,0.0,0.0064869906302669885,0.006072470384633422,0.0,0.0,0.009312134947999007,0.001747167491539514,0.0,0.0,0.0,0.0009372058198501541,0.0007898648194063317,0.008014163560461281,0.004744798709403321,0.0013154246743117682,0.0,0.0006904276886154324,0.00024725474071849617,0.004896017768844255,0.0024680143307999197,0.00251928605109901,0.0008926251058968986,0.0,0.001388703834507829,0.0008435573758291474,0.0011674333769443206,0.0017452100798356189,0.0021190028521779597,0.00025615505749151154,0.0011634733865570793,0.0,0.0016916599891580923,0.0,0.0016695034635582882,0.001747167491539514,0.0,0.0002873935055171185,0.0008704900010120653,0.002172895881224164,0.0005460470474597093,0.0036190246154525277,0.0006091961766157573,0.0008339779666572869,0.00219915798590552,0.00029395547156968265,0.001416256475406787,0.0021400772908192786,0.0007825140920849074,0.0024254724146445094,0.000912933107432392,0.0024997904987072816,0.08177339901477833,0.08669950738916256,0.04827586206896552,0.07684729064039408,0.10443349753694581,0.15073891625615762,0.2,0.10049261083743842,0.042364532019704436,0.10837438423645321,0.4602272727272727,0.10795454545454546,0.19318181818181818,0.23863636363636365
4.0,7.0,14.0,13.0,22.0,6.0,13.0,3.0,9.0,0.0,2.0,5.0,6.0,2.0,6.0,3.0,0.0,2.0,0.0,0.0,0.0,0.0,0.0,0.0,0.0,4.0,1.0,1.0,0.0,0.0,0.0,0.0,0.0,0.0,1.0,0.0,0.0,0.0,0.0,0.0,0.0,0.007398251853518958,0.0,0.0,0.0,0.0,0.0,0.016967692193993026,0.0,0.004284668264498484,0.0,0.0,0.010469819594686488,0.0,0.0,0.0,0.0,0.0,0.0,0.0,0.007062015017909088,0.0,0.008157055688786392,0.010846696942632366,0.02463321112686013,0.0,0.028652837718002314,0.0,0.0,0.007398251853518958,0.0,0.0,0.0,0.0,0.0,0.0,0.0,0.0,0.0,0.0,0.0,0.015103332355699993,0.0,0.006419052507199557,0.0,0.011761309395557211,0.03571428571428571,0.07142857142857142,0.03571428571428571,0.07142857142857142,0.07142857142857142,0.21428571428571427,0.25,0.07142857142857142,0.03571428571428571,0.14285714285714285,0.3333333333333333,0.0,0.0,0.6666666666666666
2.9,18.3,13.2,18.8,29.6,6.7,11.9,4.5,19.0,0.0,6.0,5.4,7.7,2.1,7.6,3.6,1.1,4.4,3.1,0.8,1.6,1.5,0.0,0.3,0.1,0.2,0.3,0.1,0.2,0.3,0.0,0.0,0.0,0.0,0.9,0.0,0.011971348033803024,0.011206376044421146,0.0,0.0,0.0014707866314468288,0.004594615687309851,0.0009494679759479941,0.0,0.0,0.0,0.0,0.005268813922229735,0.0019345177943368588,0.0023652919831168105,0.0,0.003631305990326461,0.006502184341043983,0.00238431634557404,0.0024624305879700557,0.0015497299047365428,0.0020286016264104857,0.0,0.0,0.0018486216361142712,0.001461932973164438,0.0005666010100823786,0.000562873752280509,0.00673624052206467,0.0,0.0,0.0014828815900436718,0.0,0.0008869451761355531,0.002042051416582156,0.0014895568987231679,0.0033589928721751905,0.0006358811291329652,0.0014109075065867312,0.003191039646127668,0.0024402907888219317,0.003560076299091631,0.0,0.0029657631800873436,0.0008589219265435411,0.0027588163468896913,0.0,0.0019053864063492795,0.0004429436684832274,0.0022864636876191355,0.0008115835668879976,0.05459057071960298,0.1315136476426799,0.02729528535980149,0.062034739454094295,0.11662531017369727,0.11910669975186104,0.2456575682382134,0.07196029776674938,0.04466501240694789,0.12655086848635236,0.5,0.08064516129032258,0.27419354838709675,0.14516129032258066
1.180952380952381,2.4571428571428573,3.5619047619047617,4.0095238095238095,8.523809523809524,1.723809523809524,3.276190476190476,1.4190476190476191,4.647619047619048,0.0,2.123809523809524,3.8095238095238093,2.7142857142857144,0.8095238095238095,1.542857142857143,1.2666666666666666,0.19047619047619047,1.1428571428571428,0.780952380952381,0.22857142857142856,0.44761904761904764,0.44761904761904764,0.0,0.21904761904761905,0.0380952380952381,0.18095238095238095,0.11428571428571428,0.10476190476190476,0.13333333333333333,0.01904761904761905,0.0,0.01904761904761905,0.0,0.009523809523809525,0.06666666666666667,0.0,0.011626986444336856,0.010884019242504116,0.00026589373293127124,0.002619038783196852,0.009090319292242285,0.0021636118085401027,0.0023473063664267626,0.0,0.0,0.004191028662238424,0.0,0.002481092825809607,0.004213224664880142,0.001148626610259082,0.0,0.0014249897880093182,0.0017861018645350098,0.001202976798976914,0.0017393436993731757,0.002873470430636154,0.0004094021660286215,0.0,0.0026273300073159506,0.0008705188580769827,0.0010326398308249005,0.0012006599110974572,0.0043734593425295,0.0018503953633655693,0.002201209837012005,0.0,0.001571155404233247,0.0,0.0018011755214930145,0.002253762300562607,0.0005260760281547265,0.0002965790750102745,0.00022457807357312873,0.0002491494678031702,0.0011269992198069748,0.0015800630996473872,0.0020117346853516594,0.0,0.002094873872310996,0.006977067762877856,0.0016239137372822524,0.0014723184557693958,0.0016150490610110392,0.0020336830356409304,0.0008075245305055196,0.0011465279634502435,0.08654602675059009,0.09126671911880409,0.05035405192761605,0.1109362706530291,0.06845003933910307,0.16994492525570418,0.17859952793076317,0.11487018095987411,0.03225806451612903,0.0967741935483871,0.46546546546546547,0.14714714714714713,0.13813813813813813,0.24924924924924924
1.4,2.0,2.0,3.8,5.8,2.2,3.4,0.4,1.4,0.0,1.0,3.4,2.0,0.6,0.8,0.6,0.0,0.4,0.4,0.2,0.0,0.0,0.0,0.2,0.0,0.2,0.0,0.0,0.0,0.0,0.0,0.0,0.0,0.0,0.0,0.0,0.01049868220424789,0.009827813911972511,0.0,0.0,0.0,0.0,0.0,0.0,0.0,0.0,0.0,0.0,0.0033930827980035378,0.0,0.02357739992648729,0.004246130284984909,0.0,0.0,0.0,0.0,0.0030498024451477367,0.0,0.0,0.0,0.0,0.0,0.0,0.0,0.0,0.0,0.0,0.0,0.0,0.0,0.01567581307703905,0.0,0.006691891882780252,0.0,0.0,0.0,0.0037465564861869066,0.0,0.0,0.0,0.0,0.0,0.0,0.0,0.0,0.0,0.14634146341463414,0.0975609756097561,0.04878048780487805,0.04878048780487805,0.10975609756097561,0.17073170731707318,0.13414634146341464,0.04878048780487805,0.07317073170731707,0.12195121951219512,0.3,0.4,0.2,0.1
1.8333333333333333,7.666666666666667,7.333333333333333,9.0,13.166666666666666,5.666666666666667,12.333333333333334,4.166666666666667,12.166666666666666,0.0,4.5,14.166666666666666,5.833333333333333,4.666666666666667,6.166666666666667,3.1666666666666665,0.3333333333333333,3.3333333333333335,1.5,0.3333333333333333,2.0,1.0,0.0,0.5,0.0,0.3333333333333333,0.0,0.5,0.16666666666666666,0.0,0.0,0.0,0.0,0.0,0.0,0.0,0.011680653048434738,0.010934256537823723,0.0,0.0,0.004305216497347671,0.0014943488843200544,0.0,0.0,0.0,0.002671967585731731,0.0,0.0034272490855416374,0.003775085497116519,0.000865446238855654,0.0,0.0011810428607242794,0.0,0.001994073462145176,0.000514850671656937,0.0011340738706846884,0.0033931576873166874,0.0,0.003959185435467685,0.007214929476048635,0.0071321674849744105,0.0016585274599762339,0.004942851625986457,0.0,0.0,0.0,0.0,0.0,0.0019471677211187802,0.0,0.0,0.0024580709428831692,0.0,0.004129941178220763,0.0023351647741530284,0.00238103427960109,0.004168354236287419,0.0,0.004340620283439092,0.0,0.0,0.0,0.0033464137414823112,0.006482817929456507,0.0033464137414823112,0.002375628718970165,0.06060606060606061,0.11363636363636363,0.015151515151515152,0.045454545454545456,0.09848484848484848,0.15151515151515152,0.24242424242424243,0.08333333333333333,0.03787878787878788,0.15151515151515152,0.5121951219512195,0.2682926829268293,0.17073170731707318,0.04878048780487805
1.25,3.25,2.25,5.5,6.75,1.75,4.0,0.75,3.5,0.0,2.0,2.75,3.75,0.5,2.0,1.0,0.0,1.0,0.75,0.75,0.0,0.0,0.0,0.0,0.25,0.0,0.0,0.25,0.5,0.0,0.0,0.0,0.0,0.0,0.0,0.0,0.0,0.0,0.0,0.0,0.0,0.005571523000798227,0.0,0.0,0.0,0.0,0.0,0.006389069282923299,0.0,0.0032267254831408335,0.0,0.00440339436961398,0.0,0.0074346936489857185,0.0,0.0,0.0031627580912643198,0.0,0.0,0.0,0.0,0.006183645591516329,0.01228593572878938,0.0,0.0,0.0,0.0,0.0,0.0,0.0027857615003991135,0.04876919623967704,0.0,0.0,0.0,0.0,0.004438718224935365,0.0,0.0,0.0,0.018747826742333093,0.0,0.0,0.0,0.0,0.0,0.0,0.047619047619047616,0.09523809523809523,0.07936507936507936,0.1111111111111111,0.06349206349206349,0.23809523809523808,0.12698412698412698,0.12698412698412698,0.031746031746031744,0.07936507936507936,0.4117647058823529,0.11764705882352941,0.17647058823529413,0.29411764705882354
3.6,7.2,5.8,8.2,16.6,4.4,8.2,1.2,12.4,0.0,4.6,10.8,7.0,1.4,3.8,2.2,0.2,1.4,1.2,0.8,1.0,0.6,0.0,0.6,0.6,0.4,0.2,0.4,0.0,0.0,0.0,0.0,0.0,0.0,0.0,0.0,0.014759653642792012,0.013816508261183112,0.0,0.0,0.005440064360665257,0.0009441283746122519,0.0,0.0,0.0,0.0,0.0,0.0,0.0011925479290054275,0.0032807292569172492,0.0,0.004477091346511285,0.0,0.0037795618341078027,0.003252822235154706,0.004299041534896768,0.0021437941873841833,0.0,0.0,0.0,0.001802438979466336,0.002095712522647793,0.004163852694694309,0.0,0.002095712522647793,0.0,0.0,0.0,0.0008201459578491933,0.0018882567492245039,0.0,0.0,0.0023519620006424314,0.0,0.0,0.0,0.0013167813591619254,0.0,0.0018282668418390594,0.0,0.0017006929223504091,0.0,0.0,0.0016383355771513513,0.0014095076010148643,0.0,0.07407407407407407,0.10185185185185185,0.018518518518518517,0.06481481481481481,0.12962962962962962,0.1111111111111111,0.2037037037037037,0.1111111111111111,0.07407407407407407,0.1111111111111111,0.6111111111111112,0.16666666666666666,0.05555555555555555,0.16666666666666666
1.0555555555555556,2.388888888888889,2.7222222222222223,2.7777777777777777,6.111111111111111,1.2777777777777777,3.0,0.7777777777777778,3.3333333333333335,0.0,1.6111111111111112,3.111111111111111,1.9444444444444444,1.1666666666666667,1.2222222222222223,1.0,0.3333333333333333,0.3888888888888889,0.3888888888888889,0.16666666666666666,0.1111111111111111,0.1111111111111111,0.0,0.05555555555555555,0.05555555555555555,0.3888888888888889,0.05555555555555555,0.16666666666666666,0.16666666666666666,0.0,0.0,0.0,0.0,0.0,0.0,0.0,0.005511808157230142,0.005159602303785569,0.0020797875422717874,0.0,0.006094572104057796,0.004230875278731154,0.0,0.006597204995047893,0.0,0.007565008227102963,0.0,0.0032344663244799204,0.0008906842344759288,0.0008167648879200235,0.0061890674807029145,0.0,0.0,0.0009409534149497551,0.001943561285504937,0.003210846646376024,0.001601146283702562,0.0,0.0,0.0,0.00269239322557784,0.0015652352903525709,0.0015549387406749062,0.0,0.0,0.0,0.0027309735949970957,0.0,0.0018376395368058488,0.00493602115851968,0.0,0.009279217809383964,0.0017566216192298164,0.003897631986945845,0.0,0.0022471011013735285,0.003933884310496252,0.0,0.0027309735949970957,0.0,0.010161640211043696,0.0,0.001052725989507977,0.0012236318841849156,0.004210903958031908,0.0,0.08629441624365482,0.1116751269035533,0.07106598984771574,0.09644670050761421,0.09137055837563451,0.13705583756345177,0.14720812182741116,0.09137055837563451,0.05583756345177665,0.1116751269035533,0.47619047619047616,0.047619047619047616,0.21428571428571427,0.2619047619047619
3.0,14.375,22.25,21.25,36.375,7.0,12.625,9.25,22.375,0.375,15.125,7.5,7.5,1.875,9.0,4.5,0.625,9.5,5.875,1.375,0.5,0.75,0.125,1.25,0.0,0.25,0.5,0.5,0.125,0.0,0.0,0.25,0.0,0.0,0.125,0.0,0.0018507645438758085,0.0017325002489101595,0.0,0.0039307174782441745,0.002046446037039344,0.0018942008942902685,0.0017614474097335294,0.0,0.0,0.0004233652732901274,0.0,0.005430373682232815,0.0026916795333585255,0.0,0.0,0.002245592511681421,0.0006701563434164488,0.000947864930064811,0.0008157654923420511,0.0021562873595809607,0.0002688178440633892,0.0,0.0,0.0005715919994141364,0.0009040564870775537,0.0021023097289100635,0.0,0.0006942796573982941,0.0021023097289100635,0.0012989237733490213,0.0,0.0,0.00041136386972918617,0.0007103253353588506,0.0,0.0007789479798013821,0.0005898414671075984,0.0006543768288681376,0.0007399997500463951,0.0015090710439444473,0.0009906948945635893,0.0,0.0013755166060845812,0.0,0.0008530233125744971,0.0,0.0010604584993994311,0.0020543662273828592,0.0,0.0007528225321395487,0.06792452830188679,0.09811320754716982,0.04905660377358491,0.12830188679245283,0.045283018867924525,0.2,0.19245283018867926,0.07924528301886792,0.03018867924528302,0.10943396226415095,0.4666666666666667,0.16666666666666666,0.16666666666666666,0.2
1.4567901234567902,6.580246913580247,5.703703703703703,7.061728395061729,11.654320987654321,2.111111111111111,5.506172839506172,1.6296296296296295,8.395061728395062,0.07407407407407407,2.8395061728395063,4.6419753086419755,4.172839506172839,1.617283950617284,2.1728395061728394,1.617283950617284,0.41975308641975306,1.6790123456790123,1.0246913580246915,0.5802469135802469,0.41975308641975306,0.4074074074074074,0.0,0.6666666666666666,0.037037037037037035,0.30864197530864196,0.20987654320987653,0.2716049382716049,0.18518518518518517,0.04938271604938271,0.0,0.12345679012345678,0.0,0.0,0.037037037037037035,0.0,0.010872182346068614,0.010468231514549094,0.0011721240111429586,0.00032986736146237215,0.007098527095485891,0.0032587227695757156,0.0002956427230496748,0.0014872177516134734,0.0,0.0024159706912903678,0.0,0.001822876406892523,0.002007882740629075,0.0013809339422388562,0.010464080277342016,0.0021357781074175593,0.0006748774166353036,0.00095454238642314,0.0018073271552423507,0.0024127531450988085,0.002255929952381207,0.0,0.0033692821458576705,0.0017268561391247084,0.0006069502164035989,0.001411413294576464,0.00245372509976174,0.000699170672948828,0.002293546603686754,0.0,0.0027704135095426683,0.0,0.00262365818569439,0.0014306587768868997,0.0004638141241533217,0.0033992203317221984,0.0013859924012239481,0.0002196622465344611,0.00024840428383029746,0.0027861204215691516,0.0031038749050762964,0.0,0.001693030478053853,0.002139589948755168,0.0014317210582661072,0.0009735504829493125,0.002254517089189327,0.0022067612705272167,0.0028478110600286236,0.0015162519333476359,0.0661764705882353,0.11470588235294117,0.04779411764705882,0.07352941176470588,0.09632352941176471,0.12426470588235294,0.21323529411764705,0.08014705882352942,0.05073529411764706,0.13308823529411765,0.5291970802919708,0.1386861313868613,0.12408759124087591,0.20802919708029197
1.625,4.25,6.125,6.75,14.875,3.0,5.75,2.0,6.875,0.0,2.875,3.625,2.25,1.375,2.75,1.875,0.125,0.5,0.875,0.625,0.75,0.25,0.0,0.625,0.125,0.0,0.125,0.0,0.0,0.0,0.0,0.125,0.0,0.0,0.0,0.0,0.008818893051568228,0.008255363686056911,0.0022184400450899065,0.0,0.006500876910994983,0.0052650892357543255,0.0,0.0,0.0,0.0013448903514849712,0.0,0.006900194825557164,0.002850189550322972,0.0008712158804480251,0.0,0.0011889164797957747,0.0,0.0,0.0015548490284039496,0.0022832687263118394,0.0,0.0,0.0,0.0,0.0014359430536415145,0.0,0.0,0.0,0.0,0.0,0.0,0.0,0.0006533829464198574,0.0015043112102155216,0.004389227661570934,0.0024744580825023905,0.0,0.0,0.0,0.0,0.0,0.0,0.0,0.0,0.002709770722944986,0.0,0.0011229077221418422,0.0026104146862611535,0.0022458154442836845,0.004782932487526599,0.056962025316455694,0.13924050632911392,0.04430379746835443,0.05063291139240506,0.12658227848101267,0.0759493670886076,0.20253164556962025,0.11392405063291139,0.0949367088607595,0.0949367088607595,0.3,0.4,0.1,0.2
1.3125,2.4375,2.75,4.0625,7.3125,2.0625,3.625,2.0625,4.75,0.0,3.1875,3.9375,2.3125,1.0,2.3125,0.6875,0.75,0.4375,0.5625,0.3125,0.25,0.0,0.0,0.25,0.1875,0.125,0.0625,0.1875,0.25,0.0,0.0,0.0,0.0,0.0,0.0,0.0,0.006801202867533337,0.006366604385133864,0.0,0.0,0.00668470633521335,0.0017402057701721972,0.0,0.005427006679730914,0.0,0.005185952512152845,0.0,0.0,0.007326965424994786,0.0006718888538159575,0.0,0.0009169021695083094,0.0,0.0007740490817067393,0.0011991123612369791,0.0017608756244050173,0.0,0.0,0.009221136258441445,0.011202615433247751,0.0033222332860600593,0.0,0.010233015876935115,0.0,0.0012875971540175389,0.0,0.0,0.0,0.0005038943031515609,0.002320274360229596,0.0,0.0,0.005780143117260063,0.012825112964757534,0.0,0.0018485150448316944,0.0008090250510017999,0.0,0.0011232796277623014,0.0,0.002089797472708215,0.007105166635200767,0.005195974035617779,0.00402634655978584,0.0025979870178088893,0.005532955319760847,0.01818181818181818,0.11818181818181818,0.00909090909090909,0.05454545454545454,0.1,0.07272727272727272,0.32727272727272727,0.045454545454545456,0.045454545454545456,0.20909090909090908,0.6190476190476191,0.07142857142857142,0.19047619047619047,0.11904761904761904
2.3625,5.1,5.775,5.9875,10.325,2.275,6.1375,1.75,7.1125,0.0,3.3375,6.6375,4.125,2.1625,2.0125,2.6375,0.2625,0.75,1.0375,0.4,0.625,0.4,0.0375,0.425,0.0625,0.3875,0.125,0.25,0.325,0.1125,0.0,0.0125,0.0,0.0,0.0125,0.0,0.008322851124545326,0.0077910189562636,0.0010049558528153596,0.0,0.0002454087169118529,0.0,0.001267391001491924,0.001992360889406687,0.0,0.0006092368523148228,0.000770185288231995,0.0,0.0023670883392640763,0.0014799816768652746,0.0,0.0002692902558993827,0.0002410943734525767,0.0010230071102511494,0.0006456526731764231,0.0029736795416292357,0.0017407705915679042,0.0,0.0002256840319953267,0.0004112700456335764,0.0016262095737729497,0.00037816179155366,0.001314859486263416,0.0002497729382788125,0.0,0.0,0.002804170697769762,0.0,0.0008139538403871383,0.0015332730341947557,0.0009941625507521935,0.00028023307842609175,0.0014854029547281193,0.0014125053633325824,0.0037270957588218206,0.004071757375082271,0.0026136792700918853,0.0008131993536714882,0.0013196097401269467,0.005159367948343083,0.002301617261844552,0.004869099974242277,0.0012716961745660726,0.001330335910325616,0.0013988657920226799,0.0016250053751506,0.07118055555555555,0.09027777777777778,0.047453703703703706,0.0798611111111111,0.09895833333333333,0.13078703703703703,0.21122685185185186,0.09722222222222222,0.046875,0.1261574074074074,0.4921259842519685,0.1062992125984252,0.18503937007874016,0.21653543307086615
4.5,8.0,5.0,11.25,23.0,5.5,5.75,3.0,8.0,0.0,4.25,6.5,6.75,0.25,4.25,1.75,1.0,4.5,2.75,0.5,0.25,0.5,0.0,0.5,0.0,0.0,0.5,0.0,0.0,0.0,0.0,0.0,0.0,0.25,0.75,0.0,0.01439819273725425,0.013478144793562304,0.0,0.0,0.0026534191473448912,0.007368054907178065,0.0,0.0,0.0,0.004940413536067241,0.0,0.004224609076871734,0.0,0.002133589911301286,0.0,0.0,0.007820314227867865,0.0012290003787098843,0.003807793538948448,0.0,0.0,0.0,0.004880302046984657,0.0,0.0,0.006133166851993746,0.004061880791967102,0.008101818532660093,0.004088777901329165,0.0,0.0035669859199962068,0.0,0.0008000607507181927,0.0018420137267945163,0.0,0.006059897344903814,0.002294362931238944,0.0050907846360108994,0.005756896014646649,0.0,0.0,0.0,0.0,0.0,0.0,0.0,0.0,0.0,0.0,0.0,0.12280701754385964,0.04093567251461988,0.09941520467836257,0.1286549707602339,0.07602339181286549,0.16374269005847952,0.1286549707602339,0.11695906432748537,0.023391812865497075,0.09941520467836257,0.6923076923076923,0.10256410256410256,0.07692307692307693,0.1282051282051282
0.6818181818181818,2.0606060606060606,1.6666666666666667,2.0454545454545454,5.045454545454546,0.9242424242424242,3.1666666666666665,0.6818181818181818,2.1515151515151514,0.030303030303030304,0.8787878787878788,2.590909090909091,1.7575757575757576,0.6212121212121212,0.8181818181818182,0.5151515151515151,0.18181818181818182,0.7272727272727273,0.16666666666666666,0.3181818181818182,0.18181818181818182,0.22727272727272727,0.0,0.045454545454545456,0.030303030303030304,0.10606060606060606,0.030303030303030304,0.07575757575757576,0.015151515151515152,0.0,0.0,0.0,0.0,0.0,0.0,0.0,0.009401804959027961,0.008801027383855981,0.0,0.0,0.006930572399781431,0.004089545400905735,0.0008948077726418195,0.01687984220481337,0.0,0.003010948548100682,0.0,0.001103442669332169,0.0012154326440609689,0.0008359214204725187,0.002111408948640653,0.002661753312975615,0.0,0.0035310831776366076,0.0029837188178327393,0.002555897827961014,0.004096749553183528,0.0,0.015296469102489222,0.0017421977892590787,0.003214797881286973,0.0026699109430321035,0.00265234753206807,0.0,0.002135928754425683,0.0,0.0013975131402970211,0.0,0.0029255952824769733,0.001202807470854628,0.0042114124684582525,0.008705449543984955,0.008989108499257055,0.0019945238312729266,0.001503666869497259,0.0030664066202112116,0.0013420500846042652,0.004593102532784162,0.0027950262805940423,0.0,0.00043333220516177806,0.0009821996521297437,0.0007182778606451015,0.0029221059920833807,0.002873111442580406,0.0007648612719925264,0.07528957528957529,0.10038610038610038,0.04247104247104247,0.07915057915057915,0.10617760617760617,0.13513513513513514,0.21814671814671815,0.08687258687258688,0.0444015444015444,0.11196911196911197,0.6771653543307087,0.047244094488188976,0.1732283464566929,0.10236220472440945
4.0,4.5,6.0,5.5,11.0,4.5,6.5,3.5,6.0,0.0,2.5,5.5,2.5,1.0,3.5,3.0,0.0,2.5,2.0,0.5,1.0,1.0,0.0,0.0,0.0,0.5,0.5,0.5,0.5,0.0,0.0,0.0,0.0,0.0,0.0,0.0,0.025196837290194934,0.02358675338873403,0.0,0.0,0.0,0.0032235240218904033,0.0,0.0,0.0,0.005763815792078448,0.0,0.0,0.0,0.0,0.0,0.0,0.0,0.0,0.0,0.004892718699239656,0.0,0.0,0.0,0.0,0.0,0.021466083981978114,0.007108291385942427,0.0,0.0,0.0,0.012484450719986722,0.0,0.002800212627513674,0.0032235240218904033,0.0,0.0,0.0,0.0,0.0,0.0,0.0,0.0,0.006242225359993361,0.0,0.005806651549167826,0.0,0.0,0.0167812372688217,0.0,0.010249141044699855,0.06896551724137931,0.13793103448275862,0.034482758620689655,0.034482758620689655,0.1724137931034483,0.06896551724137931,0.20689655172413793,0.034482758620689655,0.06896551724137931,0.1724137931034483,0.7142857142857143,0.14285714285714285,0.0,0.14285714285714285
6.5,12.0,15.0,18.0,31.5,6.0,17.0,3.5,25.0,0.0,8.5,10.5,8.5,2.0,11.0,3.0,1.0,5.5,4.5,1.0,1.5,1.5,0.0,2.5,0.5,1.5,0.0,0.5,0.0,0.0,0.0,0.5,0.0,0.0,0.0,0.0,0.014616949809229106,0.013682923236558415,0.0,0.0,0.003591644702207173,0.0012466667487973935,0.0,0.0,0.0,0.004458200060171175,0.0,0.0,0.0,0.0,0.0,0.001970579800766477,0.0,0.004990692145589861,0.0008590326123778726,0.0,0.0,0.0,0.0,0.0030095424057550936,0.007140048333024104,0.0,0.0027490629669390605,0.0,0.0,0.0,0.004828240609939616,0.0,0.0,0.0037400002463921804,0.014549925949958898,0.004101311738954238,0.0,0.006890841081893206,0.0038962417778685885,0.003972775427842703,0.003477466793808842,0.0,0.002414120304969808,0.00419495570753862,0.002245666344982032,0.0,0.0,0.0,0.0018611730201246002,0.0,0.09803921568627451,0.08823529411764706,0.0392156862745098,0.12745098039215685,0.0784313725490196,0.19607843137254902,0.14705882352941177,0.0784313725490196,0.0392156862745098,0.10784313725490197,0.3,0.03333333333333333,0.3,0.36666666666666664
1.3333333333333333,3.6666666666666665,0.6666666666666666,3.0,6.333333333333333,1.6666666666666667,9.0,3.6666666666666665,5.0,0.0,1.6666666666666667,8.666666666666666,1.6666666666666667,1.0,4.0,1.6666666666666667,0.0,0.6666666666666666,1.0,1.3333333333333333,0.0,0.0,0.0,0.6666666666666666,0.0,0.3333333333333333,0.0,0.0,0.0,0.0,0.0,0.0,0.0,0.0,0.0,0.0,0.0,0.0,0.0,0.01088945859525203,0.01511831839766275,0.0,0.009759647566721241,0.0,0.0,0.004691477970296411,0.0,0.0,0.0,0.0,0.02302908830028991,0.0,0.0,0.010503666027346103,0.0,0.0,0.002978876806888487,0.0,0.0,0.019002110771221114,0.0,0.005824131312939798,0.0,0.0,0.0,0.0,0.00508088110697134,0.0,0.006837728509045018,0.002623798622468933,0.0,0.0,0.0,0.0,0.0,0.012541959635573183,0.0,0.0,0.01016176221394268,0.0,0.0,0.0,0.0,0.0,0.0,0.0,0.0,0.10714285714285714,0.0,0.07142857142857142,0.17857142857142858,0.14285714285714285,0.17857142857142858,0.10714285714285714,0.10714285714285714,0.10714285714285714,0.75,0.0,0.25,0.0
2.375,10.5,10.625,7.625,19.5,5.125,11.625,2.875,12.75,0.0,4.25,14.375,7.25,3.875,6.5,3.25,0.875,1.5,1.375,1.25,0.75,0.875,0.125,0.375,0.0,0.25,0.5,0.625,0.25,0.0,0.0,0.0,0.0,0.0,0.0,0.0,0.005689608420366598,0.005326041087778652,0.0,0.0,0.001398038045375265,0.0,0.0,0.0022700060198014255,0.0,0.0060736983615450315,0.0,0.0,0.0036776639359006086,0.002248299046317484,0.0,0.0007670428901908223,0.0,0.0025901513357756696,0.0003343761351406343,0.0022096148964308123,0.0022037282184293326,0.0,0.005142683877467702,0.004685825165089651,0.0009264148733171061,0.003231453502663372,0.004280261479707268,0.0,0.0021543023351089144,0.0,0.001879379678277571,0.0,0.0033722990782960377,0.002426308403573422,0.0,0.0,0.0036265736655067176,0.0013411206836802907,0.0,0.0023195882336759007,0.0020303919021916143,0.0,0.007517518713110284,0.0,0.001748239176093539,0.005943892088372255,0.0014489131898604414,0.0008420692536326301,0.003622282974651104,0.0015428814475892255,0.0707070707070707,0.10606060606060606,0.03535353535353535,0.0707070707070707,0.07575757575757576,0.12121212121212122,0.24242424242424243,0.08585858585858586,0.045454545454545456,0.14646464646464646,0.6136363636363636,0.13636363636363635,0.1590909090909091,0.09090909090909091
15.333333333333334,29.666666666666668,28.333333333333332,38.666666666666664,63.666666666666664,14.0,17.333333333333332,6.333333333333333,43.0,0.0,17.666666666666668,16.666666666666668,21.333333333333332,3.6666666666666665,9.666666666666666,7.333333333333333,5.666666666666667,14.0,9.0,1.6666666666666667,1.0,2.3333333333333335,0.0,1.3333333333333333,0.0,1.3333333333333333,0.3333333333333333,1.3333333333333333,0.3333333333333333,0.0,0.0,0.0,0.0,0.0,0.0,0.0,0.011431898400181035,0.010701397370814512,0.0,0.006936988438456849,0.0,0.0004178642250598671,0.0015543142421074571,0.0,0.0,0.0014943226127610793,0.0,0.000958360392438495,0.0010556257593788785,0.000484008822471125,0.0,0.0019815274663262912,0.004730807372413894,0.001115204047347858,0.00028793500525999064,0.0006342413128643999,0.004269723423206832,0.0,0.0022142111139097052,0.0,0.0,0.0,0.0009214451796592036,0.0,0.004637734193637246,0.0,0.0008091773614806209,0.0,0.001814952628944048,0.0016714569002394685,0.004876919623967705,0.0,0.0010409609595435948,0.004619415688232112,0.003917887565523414,0.0,0.002913988378145372,0.0,0.0,0.0,0.0007527140897069405,0.0,0.0006238376234121345,0.0,0.0,0.003985777072938832,0.07344632768361582,0.0903954802259887,0.022598870056497175,0.0903954802259887,0.07909604519774012,0.1977401129943503,0.1977401129943503,0.12994350282485875,0.02824858757062147,0.0903954802259887,0.6274509803921569,0.0392156862745098,0.17647058823529413,0.1568627450980392
0.0,4.0,0.0,5.0,4.0,1.0,5.0,0.0,3.0,0.0,1.0,6.0,2.0,3.0,1.0,1.0,0.0,1.0,1.0,0.0,1.0,0.0,0.0,0.0,0.0,1.0,0.0,0.0,1.0,0.0,0.0,0.0,0.0,0.0,0.0,0.0,0.0,0.0,0.0,0.0,0.0,0.025071853503592024,0.0,0.11728364435640697,0.0,0.022414839191416184,0.0,0.0,0.015834386390683176,0.0,0.0,0.0,0.0,0.0,0.017276100315599438,0.019027239385931993,0.0,0.0,0.0,0.03026262085787066,0.0,0.0,0.0,0.0,0.0,0.0,0.0,0.0,0.0,0.0,0.0,0.0,0.0,0.0,0.03917887565523414,0.0,0.0,0.0,0.0,0.0,0.0,0.0,0.0,0.0,0.0,0.0,0.2857142857142857,0.0,0.0,0.14285714285714285,0.0,0.2857142857142857,0.0,0.2857142857142857,0.0,0.0,0.6666666666666666,0.3333333333333333,0.0,0.0
0.4444444444444444,1.8333333333333333,1.5555555555555556,2.5555555555555554,4.555555555555555,1.5,1.3333333333333333,0.3333333333333333,1.6111111111111112,0.0,1.0555555555555556,2.2222222222222223,1.4444444444444444,0.3333333333333333,0.6666666666666666,1.1666666666666667,0.2777777777777778,0.3888888888888889,0.3333333333333333,0.0,0.3333333333333333,0.1111111111111111,0.0,0.16666666666666666,0.0,0.05555555555555555,0.2222222222222222,0.16666666666666666,0.05555555555555555,0.0,0.0,0.0,0.0,0.0,0.0,0.0,0.012248462571622537,0.011465782897301264,0.0,0.0,0.0,0.00940194506384701,0.003885785605268642,0.0,0.0,0.0018679032659513488,0.0,0.007187702943288712,0.002639064398447196,0.0012100220561778125,0.0,0.0016512728886052424,0.0,0.004182015177554467,0.003599187565749883,0.0,0.0011860342842241198,0.0,0.0,0.0,0.0,0.004637734193637246,0.0,0.0,0.002318867096818623,0.0,0.002022943403701552,0.0,0.0,0.0020893211252993355,0.01219229905991926,0.0,0.002602402398858987,0.00288713480514507,0.0,0.0016645193343507619,0.001456994189072686,0.0,0.008091773614806208,0.003515217514187455,0.0,0.0,0.003119188117060672,0.0,0.0,0.0,0.09,0.07,0.07,0.13,0.05,0.23,0.1,0.14,0.04,0.08,0.41379310344827586,0.20689655172413793,0.20689655172413793,0.1724137931034483
0.7368421052631579,2.6578947368421053,3.0526315789473686,4.131578947368421,7.2894736842105265,2.736842105263158,3.289473684210526,0.6052631578947368,3.6052631578947367,0.0,2.1578947368421053,3.6052631578947367,2.3157894736842106,1.131578947368421,0.9473684210526315,1.236842105263158,0.39473684210526316,0.631578947368421,0.5263157894736842,0.34210526315789475,0.15789473684210525,0.42105263157894735,0.0,0.10526315789473684,0.05263157894736842,0.07894736842105263,0.05263157894736842,0.05263157894736842,0.13157894736842105,0.05263157894736842,0.0,0.02631578947368421,0.0,0.02631578947368421,0.15789473684210525,0.0,0.008688564582825839,0.008133363237494492,0.0008196207063140048,0.0,0.0,0.0,0.0,0.0012999418709453976,0.0,0.0024844033586545037,0.0,0.0,0.0049141199143499514,0.001609388941714332,0.0,0.002196274285337022,0.00471915513750647,0.0003708190797831547,0.0011489032229585834,0.0012653582842861177,0.0012619872186818222,0.0,0.0007362524639847542,0.0006708462751744728,0.0026526041631308767,0.0018505244812050095,0.0012255674803349013,0.0048890284248810905,0.0018505244812050095,0.0,0.0005381228758614966,0.0,0.00024139764030290295,0.0019452300132097261,0.0,0.0,0.0,0.0007680063028464719,0.0026054917307668022,0.00044277854214256723,0.0031005984713270954,0.0,0.0021524915034459866,0.0037403299658349274,0.002002293637644078,0.0011346099429774624,0.0016594695401110967,0.00048221946174775,0.002904071695194419,0.0008835466417844702,0.06739130434782609,0.12391304347826088,0.041304347826086954,0.08043478260869565,0.10217391304347827,0.13260869565217392,0.18043478260869567,0.08478260869565217,0.06086956521739131,0.12608695652173912,0.47058823529411764,0.08235294117647059,0.25882352941176473,0.18823529411764706
3.6,11.2,10.2,13.8,24.2,5.8,7.6,3.2,13.8,1.0,6.2,5.2,6.6,1.8,4.0,3.6,0.8,3.4,2.0,0.8,0.6,1.0,0.2,0.8,0.0,0.8,0.2,0.2,0.0,0.0,0.0,0.0,0.0,0.0,0.2,0.0,0.011821572455185291,0.011066171160934196,0.0035685362655601713,0.055235537968409756,0.0,0.004839607110612938,0.0,0.0,0.0,0.0010816812478431405,0.0,0.004162315913539844,0.002292377654415259,0.0028028392936665686,0.005309655747519926,0.0009562330936695239,0.001712222507442026,0.004843513556845924,0.0004168496054702278,0.002754613744880235,0.0013736375624257904,0.0,0.001602780162883701,0.00438118371668905,0.0057745699208103796,0.0026856584070392635,0.0,0.0017738566045591804,0.0,0.0,0.0023429264085765966,0.0,0.0010510181443751058,0.0018148526664798516,0.0035302099154726012,0.0,0.0,0.0,0.0,0.0028917118730812166,0.0025311856153327093,0.0,0.0,0.002035621938510698,0.003269160389611913,0.002469981967017961,0.0,0.001049764619139874,0.004515714700302314,0.0,0.06521739130434782,0.08152173913043478,0.06521739130434782,0.08695652173913043,0.11413043478260869,0.15760869565217392,0.16304347826086957,0.11956521739130435,0.059782608695652176,0.08695652173913043,0.45454545454545453,0.21212121212121213,0.21212121212121213,0.12121212121212122
3.5,11.5,10.0,14.0,24.0,4.5,17.5,2.0,19.5,1.0,8.5,15.5,13.0,4.0,5.5,5.0,1.5,5.0,4.5,0.5,2.5,1.0,0.0,1.5,0.0,1.5,0.5,1.0,0.5,0.0,0.0,0.0,0.0,0.0,0.0,0.0,0.0,0.0,0.0,0.0,0.0,0.0,0.0,0.0,0.0,0.0,0.0,0.0,0.0032024601689022154,0.007341706857708076,0.0,0.0,0.0,0.0016916016448534923,0.0026205320703437352,0.00192410285925155,0.002878465229128201,0.0,0.0,0.0,0.00242012874209244,0.0028139061399596777,0.002795395488853764,0.0,0.0,0.0,0.0049096154516801715,0.0,0.0022024144261343507,0.0012676779861366754,0.0,0.004170434970509646,0.003157971450300793,0.003503489426468175,0.003961908774124801,0.0020198661585380034,0.003536075784715732,0.0,0.0024548077258400858,0.008531314416454947,0.0,0.0,0.0,0.0,0.0037850822094668835,0.00806112216998865,0.11764705882352941,0.06862745098039216,0.029411764705882353,0.14705882352941177,0.0784313725490196,0.19607843137254902,0.12745098039215685,0.14705882352941177,0.0196078431372549,0.06862745098039216,0.5806451612903226,0.12903225806451613,0.12903225806451613,0.16129032258064516
1.7083333333333333,6.25,4.125,6.333333333333333,12.166666666666666,2.9583333333333335,5.875,1.9166666666666667,7.291666666666667,0.0,3.2916666666666665,4.583333333333333,3.75,1.2083333333333333,3.25,1.75,0.8333333333333334,1.9166666666666667,1.4583333333333333,0.5416666666666666,0.4166666666666667,0.4583333333333333,0.041666666666666664,0.2916666666666667,0.125,0.20833333333333334,0.20833333333333334,0.20833333333333334,0.125,0.041666666666666664,0.0,0.08333333333333333,0.0,0.041666666666666664,0.041666666666666664,0.0,0.009897747532624273,0.009265279108930314,0.0029877980405251265,0.0,0.013133084668676734,0.004305267773344085,0.0,0.0023693665526546867,0.0,0.0022641251708501197,0.0,0.002904122401328772,0.0031988659375117526,0.002346709442284243,0.006668355534764082,0.0032024686324465313,0.000716788995820287,0.003041465583675976,0.0022685788293211385,0.0023063320467796356,0.0014376173142110545,0.0,0.0006709730648211228,0.0036681964676206864,0.004351342586792468,0.0022485983969150287,0.0027922581201794048,0.0007425909242430689,0.0033728975953725426,0.0,0.0009808210442189345,0.0,0.00109997129026912,0.002532510454908285,0.0,0.0,0.0018926562900792633,0.0034995573395697815,0.003957462187397388,0.0020175991931524386,0.0024724749875172855,0.0,0.001961642088437869,0.00340869577133329,0.0013685710721944371,0.0010340104081904597,0.0007561668162571328,0.0026367825113749023,0.0030246672650285312,0.0016104149789651849,0.09153318077803203,0.08466819221967964,0.05034324942791762,0.09610983981693363,0.08237986270022883,0.18993135011441648,0.15560640732265446,0.11212814645308924,0.036613272311212815,0.10068649885583524,0.45217391304347826,0.1391304347826087,0.24347826086956523,0.16521739130434782
3.0,3.0,4.5,6.25,11.0,1.5,3.5,1.75,7.25,0.0,1.5,3.25,1.75,1.0,2.0,1.5,0.25,2.25,0.25,0.0,0.75,0.0,0.0,0.0,0.0,0.0,0.25,0.25,0.0,0.0,0.0,0.0,0.0,0.0,0.0,0.0,0.008818893051568228,0.008255363686056911,0.0,0.0,0.0,0.0,0.0,0.0,0.0,0.0,0.0,0.0,0.0,0.0,0.0,0.0,0.0,0.0030110509278392164,0.0015548490284039496,0.0,0.0,0.0,0.0,0.0,0.0,0.0,0.0,0.0,0.0,0.0,0.0,0.0,0.0,0.0,0.0,0.0,0.0,0.012472422358226702,0.01410439523588429,0.0035953617621976458,0.006294214896794004,0.0,0.0,0.0,0.0,0.009213032736976995,0.010106169499276578,0.0,0.0,0.0,0.04819277108433735,0.1566265060240964,0.024096385542168676,0.08433734939759036,0.12048192771084337,0.12048192771084337,0.1686746987951807,0.0963855421686747,0.04819277108433735,0.13253012048192772,0.35714285714285715,0.14285714285714285,0.2857142857142857,0.21428571428571427
1.3157894736842106,2.3684210526315788,2.263157894736842,4.157894736842105,5.7894736842105265,1.8421052631578947,2.736842105263158,0.8421052631578947,3.3157894736842106,0.05263157894736842,1.8421052631578947,2.3684210526315788,1.736842105263158,0.6842105263157895,1.0526315789473684,0.631578947368421,0.05263157894736842,1.4210526315789473,0.5789473684210527,0.2631578947368421,0.10526315789473684,0.42105263157894735,0.0,0.10526315789473684,0.10526315789473684,0.10526315789473684,0.05263157894736842,0.42105263157894735,0.05263157894736842,0.0,0.0,0.0,0.0,0.0,0.0,0.0,0.01148293366089613,0.010749171466219936,0.0,0.11462289490106432,0.00338587339114322,0.0052885940984139426,0.0,0.0,0.0,0.0021013911741952673,0.005313075074287903,0.0040430829055999006,0.0014844737241265478,0.0,0.02063022493567638,0.0,0.0,0.001568255691582925,0.0020245430057343095,0.0008919018462155622,0.0006671442848760674,0.0,0.0,0.0,0.002243661021314866,0.005217450967841902,0.0,0.0,0.002608725483920951,0.0,0.002275811329164246,0.0,0.002552277134452568,0.0023504862659617523,0.0,0.0019331703769549923,0.0,0.0,0.0036730195926782004,0.0037451685022892142,0.0,0.0,0.002275811329164246,0.00593192955519133,0.0,0.004798454550508851,0.0008772716579233141,0.0,0.0008772716579233141,0.0,0.06779661016949153,0.096045197740113,0.02824858757062147,0.0903954802259887,0.0903954802259887,0.12994350282485875,0.1864406779661017,0.13559322033898305,0.05084745762711865,0.12429378531073447,0.358974358974359,0.15384615384615385,0.3076923076923077,0.1794871794871795
1.5769230769230769,3.75,4.0,3.9615384615384617,9.711538461538462,2.0576923076923075,4.9423076923076925,1.4423076923076923,5.903846153846154,0.0,2.173076923076923,4.653846153846154,3.076923076923077,1.5192307692307692,1.7115384615384615,1.1538461538461537,0.25,0.9615384615384616,0.8269230769230769,0.3269230769230769,0.40384615384615385,0.7115384615384616,0.0,0.3076923076923077,0.057692307692307696,0.25,0.15384615384615385,0.1346153846153846,0.07692307692307693,0.038461538461538464,0.0,0.038461538461538464,0.019230769230769232,0.0,0.15384615384615385,0.0,0.010078734916077975,0.009434701355493612,0.0,0.0006689238851369104,0.0004643483507853559,0.004029405027363004,0.0011990424153400382,0.0037698314257416524,0.0,0.0011527631584156896,0.0,0.0007393065884525532,0.0012215098072812737,0.0031737149930606626,0.0,0.0025476781709909456,0.002737109979753753,0.0027959758615649865,0.0022212128977199277,0.002446359349619828,0.002378845907215235,0.0,0.003843237862000417,0.0031127267168095537,0.002461616663385453,0.004293216796395623,0.0014216582771884856,0.0037808486485747103,0.0021466083981978115,0.0,0.004369557751995353,0.0,0.0016801275765082047,0.004190581228457524,0.003762195138489372,0.006893133229828087,0.002007567564834076,0.0008908873113019074,0.0010074568025631636,0.001027246217770756,0.001123966945856072,0.0015386893484826945,0.0024968901439973443,0.002711739225230322,0.0017419954647503479,0.001974221300780785,0.00240623083316109,0.001398436439068475,0.000962492333264436,0.0025622852611749637,0.07063197026022305,0.11895910780669144,0.055762081784386616,0.08550185873605948,0.10037174721189591,0.137546468401487,0.16480793060718713,0.09293680297397769,0.055762081784386616,0.11771995043370508,0.567741935483871,0.09032258064516129,0.16129032258064516,0.18064516129032257
4.428571428571429,10.571428571428571,6.285714285714286,11.428571428571429,18.428571428571427,4.428571428571429,7.714285714285714,3.7142857142857144,9.857142857142858,0.0,4.428571428571429,7.285714285714286,7.428571428571429,2.142857142857143,3.7142857142857144,3.2857142857142856,1.0,3.5714285714285716,1.2857142857142858,0.42857142857142855,0.42857142857142855,1.1428571428571428,0.14285714285714285,0.42857142857142855,0.2857142857142857,0.2857142857142857,0.42857142857142855,0.42857142857142855,0.14285714285714285,0.0,0.0,0.14285714285714285,0.0,0.0,0.14285714285714285,0.0,0.011573350461375627,0.010833810611623241,0.0,0.0,0.0,0.004145739555712067,0.0,0.0,0.0,0.0010589687806968277,0.0,0.0027166121360461272,0.0037404062340196482,0.0006859967562582875,0.0,0.00561692825100366,0.0016762703288080727,0.003161208323190778,0.0020404842892440284,0.0008989246953983619,0.0006723973894813909,0.0,0.004707377958705673,0.00142973011926948,0.002261327643529944,0.006573166573659089,0.0013059852940051704,0.0017366102716550506,0.005258533258927271,0.0,0.002293731103409634,0.0,0.0015434242828815527,0.0023689940318354667,0.006912169545780999,0.009741960954733819,0.0014753777379358038,0.0,0.0018509705033968886,0.01321130306319345,0.000826012453647507,0.0,0.001146865551704817,0.0019928792206417066,0.0,0.0,0.000884179308773104,0.005138611587128254,0.003536717235092416,0.0,0.07531380753138076,0.10460251046025104,0.04602510460251046,0.0794979079497908,0.13389121338912133,0.1297071129707113,0.19665271966527198,0.08368200836820083,0.05439330543933055,0.09623430962343096,0.43478260869565216,0.13043478260869565,0.2826086956521739,0.15217391304347827
1.0,4.0,6.0,6.0,11.0,4.0,9.0,1.0,6.0,0.0,2.0,13.0,7.0,1.0,4.0,4.0,0.0,2.0,1.0,1.0,1.0,0.0,0.0,0.0,0.0,2.0,1.0,0.0,0.0,0.0,0.0,0.0,0.0,0.0,0.0,0.0,0.0,0.0,0.0,0.04568260678983778,0.0,0.005503577598349469,0.0,0.0,0.0,0.0,0.0,0.01262230760772652,0.0,0.0,0.0,0.0,0.0,0.007344026653266381,0.0037923147034242674,0.008353422169433558,0.0,0.0,0.0,0.0,0.010506900392498887,0.0,0.0,0.0,0.012216470558849333,0.0,0.010657457931695983,0.0,0.0,0.005503577598349469,0.0,0.0,0.01371021751594003,0.0,0.0,0.0,0.0,0.05254061189940908,0.0,0.0,0.0,0.0,0.0,0.0,0.0,0.0,0.14285714285714285,0.0,0.047619047619047616,0.19047619047619047,0.047619047619047616,0.23809523809523808,0.09523809523809523,0.09523809523809523,0.047619047619047616,0.09523809523809523,0.0,0.25,0.75,0.0
0.0,3.0,0.0,3.0,2.0,1.0,1.0,1.0,0.0,0.0,1.0,1.0,4.0,1.0,0.0,0.0,0.0,0.0,0.0,1.0,0.0,0.0,0.0,0.0,0.0,0.0,0.0,0.0,0.0,0.0,0.0,0.0,0.0,0.0,0.0,0.0,0.0,0.0,0.0,0.0,0.0,0.0,0.08393296907380268,0.0,0.0,0.0,0.0,0.0,0.0,0.0,0.0,0.0,0.0,0.0,0.031096980568078993,0.03424903089467759,0.0,0.0,0.0,0.0,0.0,0.0,0.0,0.0,0.0,0.0,0.0,0.0,0.0,0.0,0.0,0.07423374247507171,0.0,0.0,0.0,0.0,0.0,0.0,0.0,0.0,0.0,0.0,0.0,0.0,0.0,0.0,0.0,0.15384615384615385,0.0,0.07692307692307693,0.15384615384615385,0.07692307692307693,0.15384615384615385,0.07692307692307693,0.15384615384615385,0.15384615384615385,0.6666666666666666,0.0,0.0,0.3333333333333333
2.9166666666666665,6.666666666666667,6.75,7.0,12.833333333333334,2.9166666666666665,7.583333333333333,2.0,9.5,0.0,3.25,6.5,3.1666666666666665,1.75,3.8333333333333335,2.5833333333333335,0.4166666666666667,1.0833333333333333,1.4166666666666667,0.5833333333333334,0.75,0.4166666666666667,0.16666666666666666,0.4166666666666667,0.08333333333333333,0.08333333333333333,0.16666666666666666,0.25,0.3333333333333333,0.0,0.0,0.16666666666666666,0.0,0.0,0.08333333333333333,0.0,0.005593378256808601,0.00523596005458155,0.0014070444260612515,0.0,0.01511831839766275,0.0028623257699661084,0.0,0.004463225366628595,0.0,0.0025589879837980426,0.0,0.0032823336908041475,0.0024103082877995536,0.0027628410585032507,0.0,0.003016278595676384,0.0013502304339870522,0.0012731716396783156,0.000986162174463393,0.0028963239657232636,0.0021664558595552636,0.0,0.002527852011651672,0.006909858462262223,0.0,0.0031767988979671626,0.0010519670127187525,0.0013988340665974086,0.0010589329659890542,0.0,0.0009237965649038801,0.0,0.0016576311537078833,0.0019082171799774058,0.0,0.0015694237309740319,0.00475364835647815,0.00395531364425794,0.004472852611802629,0.0015202375315846283,0.0,0.0,0.0009237965649038801,0.004815773676941798,0.002578005973203475,0.0019477870479866798,0.0021366108877963167,0.0016556541350493572,0.002848814517061756,0.0,0.07251908396946564,0.10687022900763359,0.04580152671755725,0.07633587786259542,0.0916030534351145,0.12595419847328243,0.20610687022900764,0.1183206106870229,0.04580152671755725,0.11068702290076336,0.47540983606557374,0.14754098360655737,0.16393442622950818,0.21311475409836064
2.0,6.413793103448276,5.379310344827586,4.758620689655173,11.862068965517242,2.6206896551724137,5.931034482758621,1.9310344827586208,7.172413793103448,0.034482758620689655,2.6206896551724137,7.275862068965517,4.689655172413793,1.5517241379310345,2.8620689655172415,1.3793103448275863,0.6206896551724138,1.1379310344827587,1.0689655172413792,0.8620689655172413,0.6551724137931034,0.8620689655172413,0.0,0.27586206896551724,0.06896551724137931,0.27586206896551724,0.1724137931034483,0.3448275862068966,0.13793103448275862,0.034482758620689655,0.0,0.10344827586206896,0.0,0.0,0.10344827586206896,0.0,0.005862512000092838,0.005487896087597186,0.0006320342008803152,0.002668072476329557,0.02099048575250042,0.004928654962244586,0.0007970842267217729,0.0030072729322155635,0.0,0.0015326385771908505,0.0,0.0024573343395858844,0.0013533663581780492,0.001737467567845064,0.0,0.00270978115053168,0.000606513765694089,0.0031454473130324194,0.0017719077246768657,0.0042282754190959984,0.001946312671547274,0.0,0.006245210834104297,0.0005173097582541994,0.0024546035104983156,0.0019026601820050244,0.0018901439582752896,0.0018850385000016364,0.004280985409511305,0.0,0.001659850997908966,0.0,0.0022337878510080593,0.0019286041156609253,0.0,0.0007049738126787437,0.0026691306654963967,0.0017766983416277354,0.0,0.0010243195903696996,0.001793223617320229,0.0,0.0004149627494772415,0.0007210702593205036,0.0019300361274536934,0.004374659419267329,0.0038390007594592893,0.001859269719559226,0.0035190840295043486,0.0013626588283551565,0.09259259259259259,0.1111111111111111,0.047325102880658436,0.09876543209876543,0.06172839506172839,0.16666666666666666,0.15020576131687244,0.11728395061728394,0.03909465020576132,0.11522633744855967,0.488,0.144,0.216,0.152
5.428571428571429,11.428571428571429,11.071428571428571,12.107142857142858,27.107142857142858,5.071428571428571,14.607142857142858,2.892857142857143,15.75,0.0,5.5,16.964285714285715,8.107142857142858,3.9285714285714284,6.035714285714286,4.25,1.1785714285714286,3.642857142857143,1.9642857142857142,0.8928571428571429,1.3928571428571428,1.3928571428571428,0.07142857142857142,0.7857142857142857,0.14285714285714285,0.39285714285714285,0.2857142857142857,0.35714285714285715,0.35714285714285715,0.07142857142857142,0.0,0.07142857142857142,0.0,0.07142857142857142,0.07142857142857142,0.0,0.007325338021607203,0.0076191635312015775,0.0006142427443719168,0.0030251287837294518,0.011399784154029043,0.002915600868899488,0.0007746466919594156,0.0019484131042134985,0.0,0.002420430258786981,0.005648973221577909,0.0014328969411632321,0.0021044316015305744,0.005789344106345898,0.0,0.0018105327103488953,0.0005894406970704898,0.0025011036779467415,0.0015785269323897965,0.0007902406759270324,0.003191948290537641,0.0,0.0033105879137367076,0.0010054954784340967,0.0017891307082750756,0.0011556882623738407,0.005051577634679898,0.0006106585265349093,0.0011556882623738407,0.0,0.0022180496203022095,0.0,0.001085453902681812,0.0015619290369104399,0.0,0.0010276937121606606,0.0007781987791696464,0.002590027716290732,0.0013017439073266534,0.0009954854902254674,0.0023236603218436563,0.0,0.0034278948677397784,0.0014015449618172409,0.0024384185093413576,0.0012754544628948308,0.0020209229886262964,0.0019876253956303195,0.0021763786031360113,0.00033107516065020295,0.0788135593220339,0.10508474576271186,0.05677966101694915,0.07966101694915254,0.10254237288135593,0.13050847457627118,0.1923728813559322,0.09491525423728814,0.04576271186440678,0.1135593220338983,0.6044303797468354,0.12025316455696203,0.16455696202531644,0.11075949367088607
7.25,26.0,24.625,20.375,44.875,13.875,26.5,8.25,34.75,0.0,12.25,27.375,12.25,8.125,13.375,10.0,2.375,2.375,2.5,1.5,2.25,1.875,0.0,2.5,0.375,1.125,0.75,0.75,1.125,0.25,0.0,0.0,0.0,0.0,0.125,0.0,0.007708822597524674,0.007216226998301495,0.0,0.0,0.009092135539853122,0.001380705219166344,0.0,0.0027680580398802344,0.0,0.002821448289828611,0.0,0.0,0.00274056687531055,0.0013707942174881515,0.0,0.0018706727828954497,0.0005582683525138774,0.0010528150097339917,0.0016309605193048423,0.0020956574848141883,0.001343619259051101,0.0,0.0,0.003333120828751489,0.0022593509585268584,0.002626968319472846,0.003479583195915874,0.0005783640852277748,0.0017513122129818972,0.0,0.0007639086979012855,0.0,0.001713416817534591,0.002564166835594639,0.0,0.0,0.0014740880720809648,0.0027256167740880035,0.0006164508407292085,0.0018856792459078563,0.004126452073947118,0.0075320457618034,0.003437589140555785,0.0,0.003197718947531233,0.0,0.0014723440412698979,0.0034227465291885753,0.003533625699047755,0.0018813982686949034,0.095703125,0.099609375,0.052734375,0.123046875,0.064453125,0.205078125,0.146484375,0.1015625,0.0390625,0.072265625,0.43617021276595747,0.11702127659574468,0.23404255319148937,0.2127659574468085
16.0,50.0,46.0,52.0,94.0,26.0,47.0,16.0,84.0,0.0,24.0,53.0,32.0,16.0,16.0,22.0,3.0,16.0,15.0,3.0,6.0,7.0,0.0,3.0,0.0,1.0,1.0,3.0,1.0,1.0,0.0,0.0,0.0,0.0,0.0,0.0,0.0030305474404014525,0.0028368947374766014,0.0,0.0032181905126861666,0.0,0.004652508897573778,0.0028842944698901263,0.0036273292068991847,0.0,0.005545939593752458,0.00701106813926651,0.0035568014564727646,0.0009794465808670007,0.0008981607014928093,0.0,0.006128435462864818,0.0,0.0010347254047557443,0.002137249523579312,0.0,0.002641066034973298,0.0,0.0,0.0,0.0,0.0,0.0,0.0,0.0,0.0,0.0015015662377990903,0.0,0.0020207719992366723,0.0,0.0,0.0025509877139199898,0.0019316801311118255,0.002143027896602526,0.0,0.002471039011819688,0.002162960445633678,0.0,0.0030031324755981806,0.0,0.006983945162229345,0.0,0.0011576368269503527,0.004036723741640959,0.0011576368269503527,0.0,0.07567567567567568,0.12972972972972974,0.043243243243243246,0.10810810810810811,0.07567567567567568,0.15675675675675677,0.12432432432432433,0.0918918918918919,0.06486486486486487,0.12972972972972974,0.45454545454545453,0.18181818181818182,0.18181818181818182,0.18181818181818182
26.0,26.0,27.0,35.0,72.0,13.0,21.0,3.0,29.0,0.0,11.0,19.0,18.0,11.0,8.0,10.0,6.0,18.0,2.0,0.0,3.0,2.0,0.0,3.0,0.0,1.0,3.0,4.0,0.0,0.0,0.0,0.0,0.0,0.0,1.0,0.0,0.004617221492967658,0.004322179940343933,0.0,0.0,0.0,0.004725584953556613,0.008788792573173056,0.0,0.0,0.0,0.021363568885094813,0.005419001171903532,0.0,0.0,0.0,0.005602224250346581,0.003343764373172124,0.0,0.002442171248802015,0.012552000851452519,0.0,0.0,0.0,0.0,0.004510815875313658,0.0,0.0,0.0034641283429349442,0.0,0.0,0.0,0.0,0.0030787678103553484,0.0,0.0,0.003886583375658205,0.0,0.0,0.0,0.0,0.009886201408576968,0.0,0.002287726571725316,0.007950649037324505,0.0021280921907944916,0.0,0.0035274588130110225,0.0,0.010582376439033066,0.0,0.08490566037735849,0.12264150943396226,0.0660377358490566,0.09433962264150944,0.08490566037735849,0.1509433962264151,0.1509433962264151,0.09433962264150944,0.04716981132075472,0.10377358490566038,0.4666666666666667,0.03333333333333333,0.2,0.3
1.83,4.45,4.0,5.67,10.67,2.34,3.99,1.24,6.22,0.04,2.77,3.47,2.82,0.94,1.84,1.18,0.54,1.77,0.96,0.41,0.31,0.62,0.05,0.32,0.01,0.25,0.08,0.18,0.06,0.03,0.0,0.01,0.0,0.01,0.13,0.0,0.006829445797510748,0.006393042585161917,0.00044816970607876896,0.0031531765629349306,0.0035021559116471287,0.0027351112913009483,0.0002826025894740831,0.0014216199315928118,0.0,0.0014943226127610793,0.0,0.005053172978312064,0.001151591737504231,0.0010560192490279092,0.0,0.0010808331634507042,0.002795477083699119,0.0009124396751027928,0.0017799618506981242,0.0014991158304067632,0.0018113978159059287,0.0,0.0014090434361243578,0.0012838687636672402,0.0011603580231446583,0.0025296731965294074,0.0010052129232645858,0.002896104604547968,0.0016864487976862713,0.0,0.001029862096429881,0.0,0.0011219707160745026,0.0019753581548284625,0.0013300689883548285,0.0032492883911647546,0.0032175156931347477,0.00041994688074837384,0.0002374477312438433,0.0009684476127131707,0.0013775217787596304,0.0,0.000882738939797041,0.004090434925599948,0.0013685710721944371,0.0006204062449142758,0.0018148003590171186,0.0017139086323936863,0.002041650403894258,0.002657184715292555,0.06496350364963503,0.12189781021897811,0.043065693430656936,0.08905109489051095,0.07664233576642336,0.1554744525547445,0.17372262773722627,0.08832116788321168,0.059124087591240874,0.12773722627737227,0.3631123919308357,0.27089337175792505,0.17002881844380405,0.19596541786743515
2.466666666666667,9.1,6.533333333333333,8.233333333333333,14.5,3.6333333333333333,6.2,2.7666666666666666,10.233333333333333,0.0,4.133333333333334,5.766666666666667,4.8,0.8333333333333334,3.1,2.2333333333333334,0.4,1.9666666666666666,2.0,0.7,0.8,0.7666666666666667,0.0,0.5,0.06666666666666667,0.3333333333333333,0.43333333333333335,0.6,0.26666666666666666,0.0,0.0,0.1,0.0,0.06666666666666667,0.03333333333333333,0.0,0.011561549521356743,0.010822763754481018,0.0,0.000682078251414184,0.0009469594917691162,0.007395557661292622,0.0018339323177087256,0.0,0.0,0.0011754322081441847,0.0,0.008669217825263005,0.0020758845960109043,0.0005710810578319173,0.0,0.006494445446808674,0.00046515585963283006,0.0015351315728240722,0.0019251590300704401,0.002743913618655889,0.002798799039247013,0.0,0.0026125433390631627,0.0027771960874666446,0.0028237773086905236,0.001094410690996699,0.002536826496075593,0.000481899864166478,0.002918428509324531,0.0,0.0012729957034218072,0.0,0.0012848754226756117,0.0019721487096780324,0.0,0.0005406681899131225,0.0008188185260794483,0.003179423033779567,0.0010272684075662267,0.004189787923901117,0.002062925494215078,0.0,0.0019094935551327106,0.0011060261952869487,0.001776251748470857,0.002684059063940858,0.004416388710536014,0.0037074352791036046,0.0012267746418155594,0.0036577415236000933,0.09065934065934066,0.12774725274725274,0.06593406593406594,0.09615384615384616,0.07005494505494506,0.15521978021978022,0.14148351648351648,0.10302197802197802,0.04945054945054945,0.10027472527472528,0.44594594594594594,0.19594594594594594,0.20945945945945946,0.14864864864864866
0.7419354838709677,2.5161290322580645,2.4516129032258065,2.806451612903226,5.806451612903226,0.967741935483871,3.032258064516129,0.7741935483870968,3.0,0.03225806451612903,1.6451612903225807,2.870967741935484,2.032258064516129,0.8387096774193549,1.096774193548387,1.032258064516129,0.3225806451612903,0.41935483870967744,0.3548387096774194,0.12903225806451613,0.3548387096774194,0.12903225806451613,0.0,0.03225806451612903,0.06451612903225806,0.3225806451612903,0.0967741935483871,0.03225806451612903,0.03225806451612903,0.0,0.0,0.03225806451612903,0.0,0.0,0.0,0.0,0.011224045701995927,0.010506826509526977,0.0,0.013621722751878902,0.0011819776201809058,0.00041026669369514224,0.0,0.019191869076502957,0.0,0.0029343062214217553,0.0,0.0,0.0020728651275076157,0.003326460634437914,0.003600911988772604,0.0032424994903521125,0.0,0.0010949276101233512,0.000848099470038518,0.00373625791578301,0.0018631520392175267,0.0,0.006521858190061314,0.0019808260925151706,0.0015664833312452886,0.004553411753752933,0.0009046916309381272,0.0,0.0018213647015011731,0.0,0.006355720366538695,0.0,0.0024947348863303643,0.0028718668558659955,0.0,0.0013497044086376673,0.0,0.0034015697340618284,0.0,0.0045759149700697315,0.0005722013542540003,0.0,0.0023833951374520107,0.0013805217873899822,0.000739028378984996,0.0,0.0006124951211682775,0.002135793834213671,0.0018374853635048326,0.003913308398885399,0.06985294117647059,0.10294117647058823,0.04411764705882353,0.0661764705882353,0.09926470588235294,0.15808823529411764,0.19852941176470587,0.09926470588235294,0.058823529411764705,0.10294117647058823,0.5166666666666667,0.08333333333333333,0.26666666666666666,0.13333333333333333
3.857142857142857,10.0,12.857142857142858,13.285714285714286,25.428571428571427,5.285714285714286,11.571428571428571,4.714285714285714,15.571428571428571,0.0,6.0,12.714285714285714,8.428571428571429,3.0,5.714285714285714,3.7142857142857144,0.8571428571428571,2.7142857142857144,2.0,1.0,1.8571428571428572,1.5714285714285714,0.0,0.5714285714285714,0.2857142857142857,1.0,0.14285714285714285,0.7142857142857143,0.14285714285714285,0.0,0.0,0.0,0.0,0.0,0.0,0.0,0.015263468743098856,0.014288129456636961,0.0,0.0,0.012501686367298044,0.005207231112284498,0.00322819111822318,0.0020299092292455053,0.0,0.004655389678217208,0.0,0.0019904408150645666,0.00328868025037266,0.0005026245464123222,0.0,0.003429566768641658,0.0,0.0023161930214147817,0.0008970282856176632,0.001975905628539092,0.0014779811849562111,0.0,0.0022993730798293094,0.003142656781394261,0.0024852860543795444,0.0009632217171400435,0.0028706561366305962,0.0,0.0009632217171400435,0.0,0.001680599135382828,0.0,0.00075390339971522,0.0021696796301185406,0.015193480366976313,0.0,0.0010809979195260408,0.0,0.0,0.0006914157234995473,0.0012104259416911545,0.0,0.000840299567691414,0.004380501825372059,0.0015633292632374917,0.005315211194409805,0.007126145159746306,0.0037650211821074328,0.0019434941344762652,0.008278152382257575,0.08403361344537816,0.09243697478991597,0.04201680672268908,0.08823529411764706,0.07563025210084033,0.18487394957983194,0.18067226890756302,0.1092436974789916,0.04201680672268908,0.10084033613445378,0.5,0.07407407407407407,0.18518518518518517,0.24074074074074073
1.75,5.833333333333333,4.416666666666667,7.5,12.083333333333334,3.6666666666666665,6.0,1.0,6.25,0.08333333333333333,2.3333333333333335,5.333333333333333,4.25,1.3333333333333333,1.4166666666666667,2.0833333333333335,0.5,1.5833333333333333,0.9166666666666666,0.5,0.0,0.5833333333333334,0.0,0.0,0.16666666666666666,0.3333333333333333,0.16666666666666666,0.4166666666666667,0.08333333333333333,0.0,0.0,0.16666666666666666,0.0,0.0,0.08333333333333333,0.0,0.010021469376782078,0.009381095097791944,0.0,0.0021283941799810783,0.008864832151356795,0.007692500506783917,0.0,0.0023989836345628696,0.0,0.0009169706941942985,0.0,0.0023523391450763057,0.0006477703523461299,0.0011880216551563977,0.0,0.004863749235528169,0.001451497716536081,0.0006843297563270945,0.0024736234542790106,0.000778387065788127,0.005240115110299294,0.0,0.002717440912525547,0.0012380163078219816,0.0,0.0011383529384382332,0.0011308645386726589,0.0015037466215922141,0.0011383529384382332,0.0,0.003972325229086684,0.0,0.0013364651176769808,0.004102666936951422,0.0,0.01180991357557959,0.002555085991607005,0.0,0.0,0.0008171276732267377,0.0,0.0,0.000993081307271671,0.005176956702712433,0.0009237854737312451,0.0,0.0015312378029206937,0.0008899140975890295,0.0,0.0,0.07975460122699386,0.10122699386503067,0.06134969325153374,0.08895705521472393,0.09815950920245399,0.15337423312883436,0.1411042944785276,0.11042944785276074,0.08282208588957055,0.08282208588957055,0.5324675324675324,0.09090909090909091,0.22077922077922077,0.15584415584415584
5.0,4.5,6.0,3.5,16.5,3.0,3.5,2.5,7.0,0.0,2.0,5.0,2.0,0.5,2.0,1.5,0.0,5.5,0.0,0.5,0.0,1.0,0.0,0.5,0.0,0.0,0.0,0.5,0.0,0.0,0.0,0.0,0.0,0.0,0.0,0.0,0.0,0.0,0.0,0.02881518274435922,0.0,0.0,0.01291276447289272,0.0,0.0,0.0,0.0,0.0,0.0,0.008041992742597155,0.0,0.0,0.0,0.0,0.0023920754283137686,0.0,0.0,0.0,0.009197492319317237,0.00838041808371803,0.006627429478345452,0.0,0.0,0.0,0.0,0.0,0.0,0.0,0.0,0.0034714874081896653,0.0,0.0,0.0,0.0,0.02169906959366814,0.0,0.0,0.0,0.0,0.0,0.006253317052949967,0.0,0.0,0.006024033891371893,0.0,0.0,0.07692307692307693,0.15384615384615385,0.015384615384615385,0.07692307692307693,0.12307692307692308,0.13846153846153847,0.18461538461538463,0.12307692307692308,0.015384615384615385,0.09230769230769231,0.7,0.0,0.2,0.1
1.0,0.0,0.0,1.0,2.5,0.5,1.5,0.5,1.5,0.0,0.0,2.0,1.0,0.0,0.5,0.5,0.0,0.0,0.0,0.0,0.0,0.0,0.0,0.0,0.0,0.0,0.0,0.0,0.0,0.0,0.0,0.0,0.0,0.0,0.0,0.0,0.0,0.0,0.0,0.0,0.0,0.0,0.05995212076700191,0.0,0.0,0.0,0.0,0.0,0.0,0.0,0.14146439955892373,0.0,0.0,0.0,0.0,0.0,0.0,0.0,0.0,0.0,0.0,0.0,0.0,0.0,0.03577680663663019,0.0,0.0,0.0,0.0,0.0,0.0,0.0,0.0,0.0,0.0,0.0,0.0,0.0,0.0,0.0,0.0,0.0,0.0,0.0,0.0,0.0,0.0,0.125,0.0,0.0625,0.1875,0.0625,0.3125,0.0625,0.0,0.1875,1.0,0.0,0.0,0.0
4.5,13.0,9.0,14.0,23.0,6.5,6.5,4.0,8.5,0.0,6.5,4.0,7.0,0.5,3.5,3.5,2.5,2.0,4.0,0.5,0.5,1.0,0.0,0.0,0.0,1.0,0.0,0.0,0.0,0.0,0.0,0.0,0.0,0.0,0.0,0.0,0.01850117423405922,0.017318944795923587,0.0,0.0,0.0,0.007889744109521967,0.0,0.0,0.0,0.0,0.0,0.007237966600234787,0.0,0.0,0.0,0.002494230377193933,0.0,0.0021056300194679835,0.0021746140257397897,0.0,0.0017914923454014678,0.0,0.0,0.0,0.0,0.0,0.0,0.0,0.0035026244259637944,0.0,0.003055634791605142,0.0,0.0013707334540276727,0.0,0.009208169919379583,0.0,0.0,0.004360986838540805,0.0,0.0,0.0,0.0,0.0,0.010619398364538325,0.0,0.0,0.0,0.0,0.0023557504660318366,0.0,0.125,0.075,0.075,0.1625,0.025,0.2125,0.075,0.1625,0.05,0.0375,0.19047619047619047,0.38095238095238093,0.19047619047619047,0.23809523809523808
0.45,1.35,1.5,2.05,3.525,0.65,0.85,0.175,1.475,0.0,0.925,0.95,0.975,0.125,0.325,0.65,0.05,0.525,0.15,0.025,0.175,0.1,0.0,0.0,0.025,0.15,0.05,0.1,0.0,0.0,0.0,0.0,0.0,0.0,0.05,0.0,0.009234442985935317,0.008644359880687865,0.0,0.0024515535057373678,0.01021080143088217,0.0017720943575837294,0.0,0.0,0.0,0.0021123932222277034,0.005340892221273703,0.001354750292975883,0.0014922458378654304,0.0006842009532314333,0.0,0.0009337040417244304,0.006687528746344248,0.0,0.0036632568732030226,0.0008965714893894658,0.0006706371868911255,0.0,0.0,0.001425987370266157,0.0,0.0,0.0,0.0034641283429349442,0.0,0.0,0.001143863285862658,0.0,0.0025656398419627905,0.0029534905959728826,0.0,0.0058298750634873065,0.0,0.0032650320309493986,0.0036922500617498147,0.0009411941785857712,0.0016477002347628283,0.0,0.0,0.003975324518662253,0.0021280921907944916,0.0,0.0017637294065055112,0.0020500638897338903,0.0008818647032527556,0.0,0.07547169811320754,0.08490566037735849,0.05188679245283019,0.11320754716981132,0.08490566037735849,0.15566037735849056,0.1650943396226415,0.11320754716981132,0.04716981132075472,0.10849056603773585,0.375,0.16071428571428573,0.14285714285714285,0.32142857142857145
3.75,12.25,7.5,13.0,25.75,4.25,7.75,3.0,12.0,0.0,5.75,7.5,6.25,1.0,4.0,3.25,1.0,5.75,2.5,1.25,1.25,1.5,0.0,0.5,0.25,0.25,0.5,0.75,0.0,0.0,0.0,0.0,0.0,0.0,0.25,0.0,0.006367431806186446,0.005960551397875026,0.002402642648111812,0.003380842740764168,0.0,0.00570226271020324,0.0,0.0,0.0,0.0014565599474566475,0.0,0.003736567595067056,0.0020578985922909544,0.001887110210356733,0.0,0.0025752703533482484,0.002305628141790165,0.0021740439912196507,0.002245269355095956,0.0024728542162222086,0.0009248498389617687,0.0,0.002158256320417402,0.003933048198134816,0.004665518946849686,0.0018082140538369048,0.0,0.002388622792420846,0.005424642161510714,0.0,0.003154915344400977,0.0,0.0,0.000814608958600463,0.0,0.0,0.0,0.0022513397758531953,0.0,0.0038938936052682082,0.0,0.0,0.0015774576722004884,0.008223324726330219,0.0014673848680207503,0.003326004598186641,0.002432291094892077,0.0,0.0012161455474460384,0.0,0.0763888888888889,0.06944444444444445,0.034722222222222224,0.11805555555555555,0.09027777777777778,0.2222222222222222,0.1388888888888889,0.14583333333333334,0.006944444444444444,0.09722222222222222,0.391304347826087,0.17391304347826086,0.2391304347826087,0.1956521739130435
2.5,12.0,8.5,13.5,22.0,5.0,11.5,3.0,12.0,0.0,5.0,3.0,11.5,2.0,4.0,1.5,0.5,1.0,2.0,0.0,0.5,0.5,0.0,0.0,0.0,0.0,0.0,1.0,0.0,0.0,0.0,0.0,0.0,0.0,0.0,0.0,0.007410834497116157,0.006937280408451185,0.0,0.0,0.0,0.0018961906011120018,0.0070531906784708125,0.0,0.0,0.0033904798776932046,0.0,0.004348862285015019,0.0047902345383579355,0.0,0.0,0.005994536872919872,0.0,0.002530294897343879,0.005226383288752771,0.00287806982308215,0.006458405177959914,0.0,0.005023840342484205,0.0,0.0,0.012627108224693007,0.0,0.0,0.004209036074897669,0.0,0.0,0.0,0.0,0.0018961906011120018,0.0,0.0,0.009447376775689768,0.010481027191787144,0.011852432971331336,0.0030213124052081057,0.0,0.0,0.0,0.0,0.003415677381863427,0.02322613295036217,0.0,0.0065808773603222345,0.0028308598037189293,0.0,0.11267605633802817,0.04225352112676056,0.014084507042253521,0.1267605633802817,0.07042253521126761,0.16901408450704225,0.16901408450704225,0.1267605633802817,0.028169014084507043,0.14084507042253522,0.65,0.1,0.15,0.1
1.4,6.6,4.6,8.8,13.4,3.6,5.6,1.4,7.4,0.0,3.0,5.0,3.0,0.8,2.4,1.6,0.4,3.0,0.0,0.8,0.2,0.4,0.0,0.0,0.0,0.6,0.2,0.0,0.2,0.0,0.0,0.0,0.0,0.0,0.0,0.0,0.005039367458038987,0.004717350677746806,0.0,0.0,0.0,0.0038682288262684842,0.004796169661360153,0.0,0.0,0.0023055263168313793,0.0,0.0,0.0,0.0014935129379109,0.0,0.0,0.0,0.0,0.0008884851590879712,0.0,0.0029278103473418275,0.0,0.0,0.0,0.004923233326770906,0.00572428906186083,0.0,0.0,0.0,0.0,0.0,0.0,0.0022401701020109393,0.0012894096087561612,0.0,0.004241928141432669,0.006424216207469042,0.0,0.0,0.002054492435541512,0.0,0.0,0.007490670431992034,0.004338782760368516,0.004645321239334261,0.0,0.001924984666528872,0.0,0.005774953999586617,0.012298969253639826,0.0707070707070707,0.12121212121212122,0.020202020202020204,0.08080808080808081,0.12121212121212122,0.1414141414141414,0.1717171717171717,0.1111111111111111,0.050505050505050504,0.1111111111111111,0.6,0.15,0.05,0.2
9.0,15.0,25.0,22.5,45.0,10.0,8.0,6.0,22.5,0.0,10.5,11.5,13.5,3.0,6.0,6.0,0.5,6.0,4.5,0.5,1.0,2.0,0.0,1.0,0.0,2.0,0.5,0.0,1.0,0.0,0.0,0.0,0.0,0.0,0.0,0.0,0.00406400601454757,0.003804315062699037,0.0,0.004315637968625228,0.0,0.003119539376022971,0.0,0.0,0.0,0.0,0.0,0.0023848599627501717,0.0,0.003613337753010242,0.0,0.0,0.0,0.0,0.001433040579174147,0.0,0.0,0.0,0.0,0.0,0.0,0.0,0.0,0.0,0.0,0.0,0.0,0.0,0.002709883187916459,0.0,0.012136113349965717,0.0,0.0,0.0028738300364577656,0.0,0.0,0.0,0.00992702805472706,0.0,0.0,0.0,0.0,0.0031048139782723742,0.0018044341149270646,0.0,0.0,0.09482758620689655,0.09482758620689655,0.05172413793103448,0.13793103448275862,0.05172413793103448,0.1896551724137931,0.1206896551724138,0.15517241379310345,0.034482758620689655,0.06896551724137931,0.4,0.0,0.4,0.2
2.5714285714285716,8.285714285714286,10.428571428571429,9.428571428571429,20.714285714285715,4.142857142857143,7.857142857142857,3.5714285714285716,14.571428571428571,0.2857142857142857,4.857142857142857,7.0,7.0,1.4285714285714286,5.428571428571429,3.0,1.1428571428571428,2.2857142857142856,2.142857142857143,1.1428571428571428,0.2857142857142857,0.7142857142857143,0.0,1.1428571428571428,0.0,0.0,0.0,0.14285714285714285,0.2857142857142857,0.2857142857142857,0.0,0.0,0.14285714285714285,0.0,0.2857142857142857,0.0,0.011393918671276778,0.010665844555629082,0.0,0.004839759375667569,0.0033596263105917226,0.0034983981632919106,0.008675242281529993,0.0,0.0,0.0,0.0,0.0,0.0014729661758775049,0.0,0.005117575177842203,0.0,0.0033005632830794608,0.002334148006076912,0.0,0.0,0.0006619726237529972,0.0,0.0,0.0,0.0033394024503291034,0.0012942514028755107,0.0012857374599895865,0.0034193721627936657,0.0025885028057510214,0.0,0.0,0.0,0.0015194952242322264,0.0029153318027432588,0.0,0.0,0.0014525036644794348,0.0,0.0036445465725799204,0.0,0.0008132060590173132,0.0,0.003387254071314227,0.001961981868383696,0.0010502987298236378,0.0,0.0017409422048710731,0.0010117886380857184,0.0017409422048710731,0.005561549404100696,0.07058823529411765,0.08235294117647059,0.06470588235294118,0.12941176470588237,0.01764705882352941,0.23529411764705882,0.17647058823529413,0.14705882352941177,0.011764705882352941,0.06470588235294118,0.41025641025641024,0.0,0.41025641025641024,0.1794871794871795
25.0,51.0,58.0,76.0,151.0,24.0,65.0,26.0,103.0,0.0,36.0,57.0,40.0,25.0,27.0,13.0,6.0,21.0,6.0,3.0,7.0,10.0,0.0,2.0,0.0,5.0,0.0,1.0,0.0,0.0,0.0,0.0,0.0,0.0,3.0,0.0,0.010676625970421582,0.009994387029124589,0.0,0.0,0.0,0.0043708800296819025,0.004064550560474706,0.002555817915757053,0.0,0.0,0.0,0.0,0.002070355605561481,0.004429911256515382,0.0,0.0,0.007731949095349584,0.0029162720850743015,0.0007529535246508231,0.0008292743558033315,0.0,0.0,0.002895094434651915,0.0,0.00208611581642835,0.001212773106326447,0.0012047951501597336,0.0048061635363237844,0.0,0.0,0.0031740128949118785,0.0,0.0009492246194961608,0.002731800018551189,0.0,0.0,0.0,0.0030199569874640926,0.0,0.0008705476421786068,0.0022860344661479433,0.0,0.0021160085966079193,0.01286927089939814,0.001968356457345026,0.011153792659778445,0.0008156714688681662,0.0028442775031901186,0.0,0.0,0.0975609756097561,0.08841463414634146,0.0701219512195122,0.13719512195121952,0.042682926829268296,0.20121951219512196,0.10365853658536585,0.15853658536585366,0.027439024390243903,0.07317073170731707,0.4852941176470588,0.1323529411764706,0.2647058823529412,0.11764705882352941
3.3076923076923075,10.923076923076923,8.076923076923077,10.384615384615385,19.53846153846154,6.230769230769231,7.923076923076923,4.769230769230769,12.384615384615385,0.0,6.384615384615385,7.461538461538462,4.538461538461538,2.0,3.5384615384615383,1.5384615384615385,0.6923076923076923,4.3076923076923075,2.076923076923077,0.6153846153846154,0.7692307692307693,0.7692307692307693,0.07692307692307693,0.23076923076923078,0.23076923076923078,0.38461538461538464,0.23076923076923078,0.46153846153846156,0.23076923076923078,0.0,0.0,0.0,0.0,0.0,0.38461538461538464,0.0,0.003307084894338085,0.005159602303785569,0.0,0.0035118503969687794,0.00812609613874373,0.003666758574900334,0.0010491621134225335,0.0,0.0,0.0010086677636137284,0.002550276035658193,0.0019406797946879522,0.0032064632441133434,0.002286941686176066,0.0,0.0031209057594639086,0.003991618720474223,0.00037638136597990205,0.0017492051569544431,0.0012843386585504096,0.0012809170269620497,0.0,0.001494592501889051,0.0034045448465104496,0.002153914580462272,0.0012521882322820567,0.0018659264888098873,0.00413530320937859,0.0012521882322820567,0.0,0.0021847788759976764,0.0,0.0026952046539819117,0.001974408463407872,0.0,0.0,0.0007026486476919265,0.0023385791921675067,0.0017630494044855363,0.0013482606608241172,0.001966942155248126,0.0,0.0027309735949970957,0.0,0.0,0.0023032581842442486,0.005053084749638289,0.00391562202939173,0.002105451979015954,0.0035871993656449493,0.07021791767554479,0.12106537530266344,0.03631961259079903,0.09200968523002422,0.08958837772397095,0.162227602905569,0.15738498789346247,0.10653753026634383,0.05811138014527845,0.10653753026634383,0.5121951219512195,0.12195121951219512,0.2073170731707317,0.15853658536585366
3.25,5.25,3.75,6.5,11.0,3.5,5.75,0.5,6.5,0.0,2.5,4.0,2.75,1.25,2.25,0.5,1.0,3.25,0.75,0.0,0.0,0.25,0.0,0.0,0.0,0.5,0.25,0.25,0.0,0.0,0.0,0.0,0.0,0.0,0.0,0.0,0.013888020553650751,0.01300057273394789,0.0,0.007373964088123421,0.0,0.008883727619383,0.006608895202661628,0.008311439363839865,0.0,0.006353812684180967,0.0,0.0,0.0022442437404117887,0.002057990268774862,0.0,0.00561692825100366,0.0,0.0,0.001224290573546417,0.0026967740861950857,0.004034384336888345,0.0,0.0,0.0,0.0,0.0039438999441954534,0.0,0.0,0.0,0.0,0.0068811933102289015,0.0,0.0015434242828815527,0.0017767455238766002,0.0,0.0,0.0,0.0,0.011105823020381331,0.0,0.004956074721885043,0.0,0.0,0.00597863766192512,0.006401033203807052,0.0,0.0,0.0,0.002652537926319312,0.0,0.09523809523809523,0.047619047619047616,0.047619047619047616,0.1746031746031746,0.047619047619047616,0.2222222222222222,0.07936507936507936,0.1746031746031746,0.015873015873015872,0.09523809523809523,0.7058823529411765,0.17647058823529413,0.058823529411764705,0.058823529411764705
1.1,2.4,2.4,2.2,5.4,1.1,1.4,0.6,2.6,0.0,1.0,1.8,1.0,0.3,0.9,0.8,0.5,1.5,0.8,0.1,0.1,0.3,0.0,0.1,0.0,0.1,0.0,0.0,0.0,0.1,0.0,0.0,0.0,0.1,0.0,0.0,0.006532513371532021,0.006115084211894007,0.0,0.0,0.0,0.008357284501197342,0.0,0.0,0.0,0.0,0.0,0.00766688313950796,0.0,0.0,0.0,0.007926109865305165,0.0,0.0,0.0011517400210399626,0.0,0.0,0.0,0.0044284222278194105,0.0,0.0,0.0,0.0,0.0,0.0037101873549097975,0.0,0.0,0.0,0.0014519621031552385,0.0016714569002394685,0.00975383924793541,0.0,0.0,0.004619415688232112,0.0,0.0,0.0023311907025162977,0.0,0.0,0.0,0.0,0.0,0.002495350493648538,0.0029004607625123927,0.002495350493648538,0.00531436943058511,0.05357142857142857,0.07142857142857142,0.017857142857142856,0.125,0.07142857142857142,0.10714285714285714,0.25,0.10714285714285714,0.0,0.19642857142857142,0.23076923076923078,0.0,0.38461538461538464,0.38461538461538464
7.2727272727272725,15.454545454545455,20.545454545454547,21.272727272727273,45.18181818181818,10.909090909090908,19.09090909090909,8.909090909090908,28.0,0.18181818181818182,14.272727272727273,19.818181818181817,16.0,5.090909090909091,11.090909090909092,6.818181818181818,3.0,5.818181818181818,3.909090909090909,2.8181818181818183,2.6363636363636362,2.272727272727273,0.0,1.5454545454545454,0.36363636363636365,0.9090909090909091,0.6363636363636364,0.6363636363636364,0.6363636363636364,0.0,0.0,0.0,0.0,0.18181818181818182,0.9090909090909091,0.0,0.005447497423755253,0.005099401041490198,0.0,0.0019282637732155276,0.010708376517767989,0.0013938367424783486,0.0005760670492368062,0.0,0.0,0.0005538326773445317,0.0014002888322076558,0.0017759595467288513,0.006064233085793557,0.0034083256819174624,0.0,0.0004896018448026525,0.004383383632641563,0.0020666101083316513,0.0019208841805951331,0.0028207849741669947,0.0010549762747799998,0.0,0.002461923132830283,0.0003738690291294934,0.0,0.0024064015445365533,0.0013660408977789155,0.004541170305426042,0.002062629895317046,0.0,0.0029990101249110176,0.0,0.0014798652870182082,0.0020133197391353926,0.0,0.0,0.005015474218253971,0.003852155155251898,0.0009680435988939115,0.0037014705856530327,0.0006479974155930684,0.0,0.0035988121498932214,0.0026056519665905637,0.0030687177027173824,0.0018969868367145495,0.0016184668610143228,0.00510616462309148,0.0018496764125877974,0.002462044863174296,0.07765151515151515,0.09848484848484848,0.058712121212121215,0.07196969696969698,0.07575757575757576,0.17613636363636365,0.20265151515151514,0.09659090909090909,0.03787878787878788,0.10416666666666667,0.5289256198347108,0.12396694214876033,0.14049586776859505,0.2066115702479339
0.0,6.0,5.5,5.0,13.5,3.0,3.0,1.5,6.5,0.0,3.0,5.5,1.5,0.0,1.5,0.5,0.0,4.0,1.0,1.0,0.5,0.5,0.0,0.0,0.0,0.0,0.0,0.5,0.0,0.0,0.0,0.0,0.0,0.0,0.0,0.0,0.012248462571622537,0.011465782897301264,0.0,0.0,0.0,0.012535926751796012,0.011657356815805927,0.01466045554455087,0.0,0.0,0.0,0.0,0.0,0.0,0.0,0.0,0.0,0.0,0.0021595125394499298,0.0,0.00355810285267236,0.0,0.008303291677161394,0.007565655214467665,0.0,0.0,0.0,0.0,0.0,0.0,0.006068830211104656,0.0,0.0,0.0,0.0,0.0,0.0,0.0,0.009794718913808535,0.004993558003052285,0.0,0.0,0.0,0.0,0.011290711345604106,0.0,0.004678782175591008,0.0,0.0,0.0,0.07692307692307693,0.1282051282051282,0.05128205128205128,0.1282051282051282,0.10256410256410256,0.1282051282051282,0.20512820512820512,0.1282051282051282,0.02564102564102564,0.02564102564102564,0.8333333333333334,0.16666666666666666,0.0,0.0
1.6,4.6,3.7,5.4,11.6,3.0,3.8,1.2,4.5,0.0,2.3,5.4,4.4,1.0,1.7,1.1,0.8,2.0,0.9,0.2,0.4,0.4,0.0,0.1,0.0,0.2,0.1,0.1,0.2,0.0,0.0,0.0,0.0,0.0,0.0,0.0,0.01484662129893641,0.013897918663395471,0.0,0.0031531765629349306,0.015321932113456189,0.003798765682362428,0.0,0.007108099657964059,0.0,0.004075425307530216,0.0,0.008712367203986318,0.002878979343760578,0.002640048122569773,0.0,0.001200925737167449,0.0,0.003041465583675976,0.002617590956909006,0.0034594980701694537,0.0034502815541065305,0.0,0.004025838388926737,0.0036681964676206864,0.0,0.0033728975953725426,0.0016753548721076428,0.0,0.0016864487976862713,0.0,0.002942463132656803,0.0,0.005279862193291776,0.0007597531364724856,0.0,0.0,0.0,0.004199468807483738,0.0,0.0012105595158914632,0.0,0.0,0.002942463132656803,0.0,0.004105713216583312,0.0,0.0,0.0013183912556874512,0.0,0.0,0.0625,0.13194444444444445,0.04861111111111111,0.08333333333333333,0.1527777777777778,0.10416666666666667,0.20833333333333334,0.0625,0.04861111111111111,0.09722222222222222,0.5142857142857142,0.11428571428571428,0.17142857142857143,0.2
5.125,13.5625,14.4375,12.0,27.375,8.0625,16.6875,3.0625,17.8125,0.0,7.625,18.375,10.8125,4.8125,7.875,5.625,1.625,3.125,2.5625,1.3125,1.625,1.4375,0.0625,0.625,0.0625,0.5625,0.375,1.0625,0.8125,0.1875,0.0,0.1875,0.0,0.0,0.8125,0.0,0.0062545340791264024,0.00585486786245171,0.0,0.0,0.0004610551000705662,0.0012802648597578907,0.0,0.0007486190065302573,0.0,0.0042922032494201205,0.0,0.0007340632793145919,0.0012128466171587114,0.001853650809463883,0.0,0.0007588828594441115,0.004076546778356653,0.002349046823136977,0.0014335487495922938,0.0007287027849931403,0.001998593942777666,0.0,0.005511972347392245,0.006953963941808578,0.0021386385905299153,0.00284184563354793,0.005293408478893297,0.006100305443622316,0.0,0.0,0.0012395908516298873,0.0,0.0009731235372210642,0.001920397289636836,0.0,0.0005264804430856149,0.0015946635975986985,0.0,0.0015004675782855628,0.0005099803918010846,0.0024551902079692923,0.0030555533161358474,0.003098977129074718,0.0021540056257148663,0.003171008292807962,0.005227252616724537,0.0007167496098777716,0.002221629520222258,0.0028669984395110863,0.003052935630336127,0.06605222734254992,0.07834101382488479,0.03533026113671275,0.10291858678955453,0.07526881720430108,0.1336405529953917,0.2196620583717358,0.07680491551459294,0.03686635944700461,0.17511520737327188,0.6158536585365854,0.054878048780487805,0.20121951219512196,0.12804878048780488
0.42105263157894735,1.4736842105263157,1.4736842105263157,1.5789473684210527,3.736842105263158,1.105263157894737,1.368421052631579,0.9473684210526315,2.1578947368421053,0.0,1.1578947368421053,0.631578947368421,0.5789473684210527,0.15789473684210525,0.631578947368421,0.42105263157894735,0.10526315789473684,0.3684210526315789,0.3157894736842105,0.15789473684210525,0.15789473684210525,0.15789473684210525,0.0,0.0,0.0,0.05263157894736842,0.05263157894736842,0.05263157894736842,0.0,0.0,0.0,0.0,0.0,0.0,0.0,0.0,0.0,0.0,0.0,0.009857825675701837,0.0,0.013063755246608477,0.0,0.005555541048461383,0.0,0.00637053324387618,0.0,0.0,0.0,0.0,0.0,0.00187723654704596,0.0,0.0,0.001636683187793631,0.0,0.002696667425183262,0.0,0.0,0.0,0.0,0.0,0.0,0.0,0.0,0.0,0.002299767237892291,0.0,0.0010316572838208274,0.0011876141133280432,0.0,0.003907039077635353,0.002958520621860743,0.013128865640238635,0.0,0.0,0.0,0.011337710988819853,0.002299767237892291,0.0,0.0,0.004848964598408945,0.0017730121928555402,0.0,0.0017730121928555402,0.0,0.11650485436893204,0.08737864077669903,0.06796116504854369,0.10679611650485436,0.06796116504854369,0.1650485436893204,0.13592233009708737,0.11650485436893204,0.038834951456310676,0.0970873786407767,0.631578947368421,0.2631578947368421,0.05263157894736842,0.05263157894736842
3.1,10.4,7.9,10.6,21.5,5.0,9.1,3.2,13.6,0.0,6.2,11.8,8.5,2.6,3.1,2.7,1.1,1.2,1.2,1.0,0.9,1.1,0.0,1.2,0.0,0.7,0.2,0.1,0.2,0.0,0.0,0.0,0.0,0.0,0.1,0.0,0.00845261314846795,0.010549985541286786,0.0,0.004487987727755628,0.0010384787397755564,0.0014418318308774966,0.0,0.0,0.0,0.0019335484286525145,0.0,0.0,0.008195433211791293,0.0037576403789291815,0.0,0.005127914529470593,0.00102022203718191,0.0004809985507730377,0.003725676585632467,0.0043768729577862734,0.0016369546670441527,0.0,0.0009550111833156875,0.0026105136203275012,0.0020644548694526564,0.0024003608286556994,0.004769141185456581,0.0010569465071894157,0.0024003608286556994,0.0,0.0020940372613396257,0.0,0.0018787369066385674,0.004685953450351864,0.0,0.0,0.0053877212602575835,0.004980999344339737,0.0,0.0017230168189445586,0.0020109312769309917,0.0034411582873414893,0.0034900621022327096,0.0024258370065958156,0.0,0.007358652345828271,0.0016144040733668656,0.0018764961802196789,0.002152538764489154,0.0022921401697411814,0.06042296072507553,0.09969788519637462,0.0513595166163142,0.07854984894259819,0.1027190332326284,0.12386706948640483,0.18126888217522658,0.10876132930513595,0.0513595166163142,0.1419939577039275,0.6071428571428571,0.10714285714285714,0.21428571428571427,0.07142857142857142
6.066666666666666,15.2,16.933333333333334,19.4,37.86666666666667,8.666666666666666,16.266666666666666,6.6,25.6,0.0,10.866666666666667,16.8,11.066666666666666,3.533333333333333,7.733333333333333,6.2,1.0666666666666667,5.4,3.933333333333333,1.6,2.2666666666666666,1.2666666666666666,0.2,1.8,0.0,0.8,0.26666666666666666,0.8666666666666667,0.5333333333333333,0.13333333333333333,0.0,0.13333333333333333,0.0,0.06666666666666667,0.2,0.0,0.0075850570971057,0.008047086161867402,0.0,0.0,0.00782789077585405,0.0010350765207904965,0.0009625340490114987,0.0012104963293665858,0.0,0.0030074956254537775,0.0,0.0041543604167632005,0.005229705596922885,0.0016485162875450015,0.0011356087120555805,0.0018406390455553852,0.001098610657011254,0.001553868024687669,0.0008915418740848335,0.0009819102894116282,0.0016158356991493746,0.0,0.001371185781549588,0.006246871278000825,0.0027170940808583705,0.0017231948150670505,0.0011412394426971789,0.0011381568466179604,0.0008615974075335252,0.0,0.0012527401811913282,0.0,0.0013487262655455772,0.0016819993462845568,0.000755027694077569,0.0,0.0009669476803099906,0.0007151618324671274,0.0036393221652224377,0.001443092450423367,0.001984987496121962,0.0,0.0020043842899061253,0.0026122258591668246,0.0018645211396410453,0.0,0.0015452858561584985,0.0008980784471081949,0.0013521251241386861,0.001645504296167408,0.08834355828220859,0.09325153374233129,0.04539877300613497,0.0834355828220859,0.0834355828220859,0.17177914110429449,0.18036809815950922,0.09938650306748466,0.04539877300613497,0.10920245398773006,0.46629213483146065,0.12921348314606743,0.1853932584269663,0.21910112359550563
0.8,3.0,1.2,4.2,5.6,1.4,1.8,0.6,3.4,0.0,1.2,1.6,1.0,0.6,1.0,1.0,0.0,0.6,0.2,0.0,0.2,0.0,0.0,0.0,0.2,0.0,0.0,0.2,0.0,0.0,0.0,0.0,0.0,0.0,0.2,0.0,0.010254526804149101,0.009599260100066174,0.0,0.0,0.01511831839766275,0.005247597244937866,0.0,0.024547739516457272,0.0,0.009382955940592822,0.0,0.0,0.0,0.006078250328707151,0.0,0.0,0.007426267386928787,0.0,0.0036159279730324408,0.0,0.0,0.0,0.0,0.006334036923740371,0.0,0.0,0.0,0.007693587366285747,0.0,0.0,0.0,0.0,0.0,0.0,0.0,0.0,0.0,0.0,0.0,0.004180653211857728,0.007318854531155818,0.0,0.015242643320914021,0.0,0.0,0.0,0.0,0.0,0.0,0.0,0.0847457627118644,0.0847457627118644,0.1016949152542373,0.0847457627118644,0.06779661016949153,0.15254237288135594,0.15254237288135594,0.0847457627118644,0.06779661016949153,0.11864406779661017,0.5333333333333333,0.13333333333333333,0.13333333333333333,0.2
0.75,3.075,2.05,3.05,6.075,1.375,2.75,0.7,2.625,0.05,1.25,3.35,2.275,0.7,1.3,1.0,0.175,0.625,0.65,0.3,0.1,0.125,0.0,0.075,0.025,0.075,0.025,0.075,0.0,0.0,0.0,0.0,0.0,0.05,0.15,0.0,0.00913198984629846,0.008548453521064849,0.0,0.001385345324248039,0.0,0.00033379686617208314,0.0,0.004684405913643474,0.0,0.0017905344916220032,0.0,0.0,0.0021081283656234997,0.0,0.0,0.0021105026268564047,0.003779047309324708,0.001336265204662374,0.0016100507690573443,0.0010132849377123547,0.002652786742229097,0.0,0.0,0.0032232377245069344,0.0025490113378251735,0.0014818795648308361,0.0022081970281773817,0.005872619942312789,0.0029637591296616723,0.0,0.0006463842828395492,0.0,0.0031895913064874694,0.0030041717955487488,0.03116611357328474,0.004392529140536787,0.0024946105835216325,0.004612582233072005,0.0010432244996955837,0.0015955747465374167,0.0013966453173359476,0.0,0.0025855371313581966,0.006739233577495476,0.0018038414575817212,0.0013628746652332832,0.002989990976117331,0.0011584680560330562,0.000996663658705777,0.004245206349875679,0.07105263157894737,0.13421052631578947,0.034210526315789476,0.06842105263157895,0.12631578947368421,0.12894736842105264,0.18421052631578946,0.07894736842105263,0.05526315789473684,0.11842105263157894,0.38961038961038963,0.16883116883116883,0.2077922077922078,0.23376623376623376
1.3894736842105264,3.263157894736842,3.8210526315789473,3.6315789473684212,7.8,1.7263157894736842,3.8210526315789473,1.1157894736842104,4.768421052631579,0.0,2.5473684210526315,4.11578947368421,3.263157894736842,1.2,1.736842105263158,1.5052631578947369,0.2631578947368421,0.7052631578947368,0.6842105263157895,0.23157894736842105,0.7578947368421053,0.37894736842105264,0.042105263157894736,0.1368421052631579,0.05263157894736842,0.24210526315789474,0.1368421052631579,0.10526315789473684,0.2,0.031578947368421054,0.0,0.07368421052631578,0.0,0.06315789473684211,0.17894736842105263,0.0,0.007759694722013399,0.00726384838192425,0.0,0.0008240153446473159,0.0005720085271443012,0.0017869072888613761,0.0007385215052688313,0.0037151000412060284,0.0,0.0015975380330001856,0.0,0.001366074646502738,0.0036364054975524056,0.0035645876322774454,0.0,0.001412263306400612,0.004776596093132374,0.0015896441326031937,0.0020521544589581385,0.004520329638540817,0.0006762430410710336,0.0,0.0034192173382415598,0.0016775583933531471,0.003411391328492819,0.0006610760575180237,0.0015323637391604882,0.004948537056537511,0.0011017934291967062,0.0,0.0021146121985019307,0.0,0.0014660154099169697,0.0015883620345434456,0.0,0.002612714209417394,0.0014838158860190265,0.003566684792277764,0.0012410378562150719,0.0023726540445650982,0.0027691222599181714,0.0,0.0021146121985019307,0.0013361847480237402,0.0010729404534318024,0.0008106496029016274,0.0017784724151828559,0.0025840004593434204,0.0014820603459857133,0.0009469070036898238,0.06557377049180328,0.10953800298062594,0.05737704918032787,0.10283159463487332,0.10432190760059612,0.12891207153502235,0.18628912071535023,0.08792846497764531,0.038002980625931444,0.11922503725782414,0.6108374384236454,0.04926108374384237,0.1921182266009852,0.1477832512315271
5.0,11.625,10.5,10.125,21.0,6.125,11.375,3.25,16.875,0.0,4.875,13.625,8.125,3.25,4.75,3.875,0.25,2.625,1.125,0.375,1.875,1.375,0.25,0.75,0.125,0.75,0.125,0.875,0.625,0.125,0.0,0.0,0.0,0.0,0.5,0.0,0.004758395531421706,0.004454332924131427,0.0,0.0,0.009353779728050335,0.002029196776369858,0.0,0.0,0.0,0.0,0.0,0.0,0.005638864218264872,0.0018803220441324282,0.0,0.0019245050931945994,0.004594669030761695,0.001624667766819721,0.004194736587420727,0.003079948821463812,0.0013822845614698378,0.0,0.0,0.001959450271372921,0.0007747894174324718,0.0018017096867367721,0.0017898575432229136,0.004760061248205571,0.0018017096867367721,0.0,0.0031435667280542107,0.0,0.0031729027973626165,0.002029196776369858,0.0,0.0,0.0010110052484775922,0.001121620715667869,0.011415427798827213,0.0019399433968692334,0.002830132597479318,0.0,0.002357675046040658,0.0027312481405197494,0.0,0.0,0.004241198231111274,0.001408497132874723,0.0012117709231746498,0.0,0.10273972602739725,0.08447488584474885,0.0821917808219178,0.10273972602739725,0.0502283105022831,0.1780821917808219,0.1324200913242009,0.1278538812785388,0.045662100456621,0.09360730593607305,0.40540540540540543,0.13513513513513514,0.33783783783783783,0.12162162162162163
1.6666666666666667,4.0,4.333333333333333,4.0,8.333333333333334,3.6666666666666665,4.666666666666667,1.0,3.6666666666666665,0.0,2.6666666666666665,3.3333333333333335,3.0,0.3333333333333333,2.3333333333333335,0.6666666666666666,0.0,1.3333333333333333,0.6666666666666666,0.0,0.6666666666666666,0.6666666666666666,0.0,0.3333333333333333,0.0,0.0,0.0,0.0,0.3333333333333333,0.0,0.0,0.0,0.0,0.0,0.0,0.0,0.0,0.0,0.0,0.0,0.0,0.0027857615003991135,0.0,0.0,0.0,0.0,0.0,0.0,0.010556257593788783,0.0,0.0,0.00440339436961398,0.0,0.0,0.0,0.0,0.0031627580912643198,0.0,0.00738070371303235,0.006725026857304591,0.010636615212159365,0.0,0.0,0.0,0.0,0.0,0.0,0.0,0.0,0.0,0.0,0.0,0.020819219190871895,0.02309707844116056,0.008706416812274253,0.0,0.0038853178375271628,0.0,0.010789031486408278,0.0,0.005018093931379602,0.0,0.0,0.0,0.0,0.0,0.16666666666666666,0.047619047619047616,0.07142857142857142,0.16666666666666666,0.047619047619047616,0.21428571428571427,0.07142857142857142,0.16666666666666666,0.023809523809523808,0.023809523809523808,0.5714285714285714,0.14285714285714285,0.14285714285714285,0.14285714285714285
1.0,2.2,3.8,5.2,11.0,1.2,2.6,1.0,3.0,0.0,1.4,3.6,2.6,1.2,0.8,1.4,0.8,0.2,0.4,0.0,0.0,0.2,0.0,0.0,0.0,0.4,0.0,0.0,0.0,0.0,0.0,0.0,0.0,0.0,0.0,0.0,0.0,0.0,0.0,0.0,0.005118800717318884,0.0017767455238766002,0.0,0.0,0.0,0.0,0.0,0.0,0.0022442437404117887,0.006173970806324587,0.0,0.0,0.0,0.0,0.002448581147092834,0.0026967740861950857,0.004034384336888345,0.0,0.004707377958705673,0.0,0.006783982930589832,0.0,0.003917955882015512,0.0,0.0,0.0,0.0034405966551144507,0.0,0.0015434242828815527,0.0017767455238766002,0.0,0.0,0.0,0.0,0.0055529115101906655,0.0028309935135414532,0.007434112082827563,0.0,0.0034405966551144507,0.0,0.003200516601903526,0.0,0.002652537926319312,0.0,0.002652537926319312,0.005649132859283384,0.07547169811320754,0.09433962264150944,0.07547169811320754,0.11320754716981132,0.07547169811320754,0.11320754716981132,0.20754716981132076,0.11320754716981132,0.05660377358490566,0.07547169811320754,0.7142857142857143,0.07142857142857142,0.21428571428571427,0.0
6.0,14.0,23.0,17.0,37.0,8.0,10.0,2.0,20.0,0.0,2.0,15.0,8.0,4.0,4.0,11.0,1.0,3.0,3.0,3.0,1.0,1.0,0.0,3.0,0.0,0.0,0.0,0.0,0.0,0.0,0.0,0.0,0.0,0.0,0.0,0.0,0.010754747623863692,0.010067516690313305,0.0,0.0,0.0,0.0,0.0,0.0,0.0,0.0,0.0,0.00631115380386326,0.0,0.006374750344741647,0.0,0.004349694438277225,0.0,0.0036720133266331906,0.0,0.0,0.0,0.0,0.0,0.0,0.0,0.0,0.006068053622145976,0.0,0.0,0.0,0.0,0.0,0.0,0.0,0.0,0.0,0.01371021751594003,0.0,0.0,0.0,0.0038379359126792705,0.0,0.0,0.0,0.0049568976639237546,0.0,0.004108198983445764,0.0,0.0,0.008749266745475485,0.027777777777777776,0.08333333333333333,0.027777777777777776,0.1388888888888889,0.1111111111111111,0.16666666666666666,0.19444444444444445,0.08333333333333333,0.027777777777777776,0.1388888888888889,0.6666666666666666,0.1111111111111111,0.1111111111111111,0.1111111111111111
1.3214285714285714,3.8214285714285716,3.0357142857142856,3.5,6.785714285714286,1.7142857142857142,5.285714285714286,0.9285714285714286,4.928571428571429,0.0,1.8571428571428572,4.964285714285714,3.0,1.75,1.7857142857142858,0.7142857142857143,0.14285714285714285,0.5357142857142857,0.8571428571428571,0.25,0.25,0.2857142857142857,0.07142857142857142,0.17857142857142858,0.07142857142857142,0.07142857142857142,0.07142857142857142,0.10714285714285714,0.10714285714285714,0.0,0.0,0.0,0.0,0.03571428571428571,0.0,0.0,0.013609402857358375,0.012739758774779182,0.0,0.00144520592467851,0.005016108727619585,0.0027857615003991135,0.0012952618684228807,0.00488681851485029,0.0,0.0031131721099189147,0.0,0.0007986336603654124,0.001319532199223598,0.004436747539318646,0.0,0.0038529700734122323,0.0,0.006970025295924111,0.003359241728033224,0.0021141377095479992,0.0011860342842241198,0.0,0.00738070371303235,0.0008406283571630739,0.0006647884507599603,0.0015459113978790822,0.004607225898296018,0.0,0.0007729556989395411,0.0,0.0013486289358010347,0.0,0.00302492104824008,0.003133981687949003,0.0,0.003436747336808875,0.003469869865145316,0.00384951307352676,0.0010883021015342816,0.002774198890584603,0.0019426589187635814,0.0,0.0006743144679005173,0.0,0.0031363087071122515,0.0014217643112618818,0.0025993234308838934,0.0012085253177134968,0.0005198646861767787,0.0,0.039603960396039604,0.1485148514851485,0.026402640264026403,0.06930693069306931,0.11221122112211221,0.08250825082508251,0.25742574257425743,0.0594059405940594,0.036303630363036306,0.16831683168316833,0.47674418604651164,0.10465116279069768,0.20930232558139536,0.20930232558139536
2.4444444444444446,7.388888888888889,6.944444444444445,7.277777777777778,13.722222222222221,3.4444444444444446,6.388888888888889,3.2222222222222223,9.777777777777779,0.3333333333333333,3.1666666666666665,7.555555555555555,5.722222222222222,2.4444444444444446,2.1666666666666665,2.2777777777777777,0.3888888888888889,0.8333333333333334,1.1111111111111112,0.4444444444444444,0.8888888888888888,0.5,0.0,0.6111111111111112,0.05555555555555555,0.3333333333333333,0.16666666666666666,0.3333333333333333,0.16666666666666666,0.1111111111111111,0.0,0.16666666666666666,0.0,0.0,0.2777777777777778,0.0,0.004728628982074117,0.004426468464373679,0.0008921340663900428,0.0025107062712913524,0.0,0.0006049508888266173,0.0,0.0,0.0,0.003785884367450991,0.0,0.0,0.0030565035392203454,0.0021021294702499266,0.03982241810639944,0.00047811654683476193,0.004280556268605065,0.00040362612973716033,0.001458973619145797,0.0032137160356936075,0.001717046953032238,0.0,0.0,0.0,0.0028872849604051898,0.0006714146017598159,0.00400198710736705,0.004434641511397951,0.0020142438052794475,0.0,0.0017571948064324474,0.0,0.0036785635053128694,0.002419803555306469,0.0017651049577363006,0.0019901807634067482,0.0007535106141468381,0.0025078597235040287,0.0028360044039981817,0.0014458559365406083,0.0016874570768884729,0.0,0.0029286580107207457,0.001017810969255349,0.0016345801948059566,0.0,0.004064143230272083,0.000524882309569937,0.0009031429400604629,0.0,0.08933002481389578,0.10173697270471464,0.07444168734491315,0.09429280397022333,0.05707196029776675,0.19106699751861042,0.1588089330024814,0.08933002481389578,0.034739454094292806,0.10918114143920596,0.48,0.09333333333333334,0.32,0.10666666666666667
2.048780487804878,5.2439024390243905,4.146341463414634,5.146341463414634,8.75609756097561,3.0,7.512195121951219,1.975609756097561,6.341463414634147,0.024390243902439025,2.3658536585365852,8.024390243902438,4.512195121951219,1.1219512195121952,3.1707317073170733,1.6341463414634145,0.5365853658536586,1.3414634146341464,0.7804878048780488,0.4634146341463415,0.8048780487804879,0.6829268292682927,0.0,0.2926829268292683,0.04878048780487805,0.6585365853658537,0.17073170731707318,0.21951219512195122,0.07317073170731707,0.024390243902439025,0.0,0.0,0.0,0.0,0.17073170731707318,0.0,0.012230581604364696,0.011449044528108123,0.0,0.0006835718534245799,0.0,0.0023058784974106534,0.0018379482278934895,0.003081905983088066,0.0,0.0014725076841076326,0.001489212283596025,0.00037774789191006365,0.0012482581972217395,0.0019077720009810766,0.0,0.004165546790525341,0.0027970466946388717,0.00285720161035838,0.00249683785583116,0.0027499221886237483,0.003178918169102897,0.0,0.007418415337843464,0.001590444307858896,0.002515520677912142,0.0032904216322740174,0.007990342141862292,0.0028977307160609096,0.008043252878892043,0.0,0.009887320460719412,0.0,0.00314768426742413,0.005435285029610826,0.0009611447434096935,0.0016255564045636142,0.00041030577967411766,0.0036415831702851682,0.0015442768506442656,0.004461397807106568,0.0011485793607288327,0.0,0.002551566570508235,0.0022168963009182195,0.0035602827016795436,0.0,0.002213029817359835,0.0020006827887403,0.0009835688077154822,0.001047357479020423,0.10218978102189781,0.09635036496350365,0.04671532846715328,0.12262773722627737,0.07153284671532846,0.1781021897810219,0.13722627737226278,0.11240875912408758,0.040875912408759124,0.09197080291970802,0.5675675675675675,0.15675675675675677,0.16756756756756758,0.10810810810810811
1.1764705882352942,5.088235294117647,3.088235294117647,5.0,8.352941176470589,2.676470588235294,6.5588235294117645,1.2352941176470589,5.676470588235294,0.0,1.9705882352941178,6.176470588235294,3.823529411764706,1.4705882352941178,3.323529411764706,1.2941176470588236,0.2647058823529412,0.6470588235294118,0.6470588235294118,0.5882352941176471,0.35294117647058826,0.4411764705882353,0.058823529411764705,0.23529411764705882,0.0,0.47058823529411764,0.058823529411764705,0.2647058823529412,0.0,0.08823529411764706,0.0,0.08823529411764706,0.0,0.0,0.0,0.0,0.0069371823414499335,0.006493894738294522,0.0,0.0,0.005752988416809719,0.00399374657579342,0.0008252995975791807,0.00207581671427269,0.0,0.002777059722830324,0.0,0.0010177278503771627,0.00028025462638377305,0.0030839500192850443,0.0,0.0014028513035938344,0.0,0.0011842874839092295,0.00168174427850968,0.002020591793196318,0.0025190108691485733,0.0,0.00470274926848079,0.0048205944729351495,0.0038122381955084453,0.0054175302084966065,0.00538189219977942,0.0,0.0014775082386808927,0.0,0.006015123749059483,0.0,0.0019273833227724405,0.004659371005092323,0.002589514844584622,0.005839429103250479,0.003869058433701857,0.0,0.001386862855052536,0.004242314763655039,0.0009283502797631274,0.0,0.003437213570891133,0.0022397846108097056,0.0023980271884468897,0.0,0.002981170943739404,0.0007700338307555025,0.001987447295826269,0.0035272363477334796,0.05245901639344262,0.16065573770491803,0.03442622950819672,0.05737704918032787,0.12950819672131147,0.10655737704918032,0.20163934426229507,0.08032786885245902,0.06393442622950819,0.11311475409836065,0.5223880597014925,0.15671641791044777,0.09701492537313433,0.22388059701492538
1.0,3.0,2.5,3.0,6.5,1.0,2.25,1.5,4.25,0.0,1.5,2.5,1.75,1.0,0.75,1.0,0.0,1.25,0.25,0.5,0.25,0.5,0.0,0.25,0.0,0.0,0.0,0.0,0.25,0.0,0.0,0.0,0.0,0.0,0.0,0.0,0.01445720172388234,0.013533383091896575,0.0,0.0,0.0,0.0,0.0,0.0,0.0,0.0,0.0,0.0,0.004672441885775364,0.01285400479349545,0.0,0.0,0.0,0.0,0.0025489328334490978,0.0,0.004199727957252622,0.0,0.0,0.008929953695765115,0.0,0.0,0.008157055688786392,0.0,0.0,0.0,0.0,0.0,0.0,0.003699125926759479,0.0,0.0,0.01843012846405053,0.0,0.0,0.005894035675733846,0.0,0.0,0.0,0.0,0.0,0.0,0.0,0.006419052507199557,0.0,0.0,0.11538461538461539,0.07692307692307693,0.07692307692307693,0.19230769230769232,0.038461538461538464,0.19230769230769232,0.038461538461538464,0.15384615384615385,0.038461538461538464,0.07692307692307693,0.8571428571428571,0.14285714285714285,0.0,0.0
3.72972972972973,13.486486486486486,12.08108108108108,16.405405405405407,25.18918918918919,7.108108108108108,10.756756756756756,3.4324324324324325,16.675675675675677,0.0,8.054054054054054,6.891891891891892,5.891891891891892,2.8378378378378377,5.162162162162162,4.297297297297297,0.5675675675675675,1.7297297297297298,2.4054054054054053,1.162162162162162,1.2162162162162162,1.1891891891891893,0.05405405405405406,0.6756756756756757,0.24324324324324326,0.8108108108108109,0.4594594594594595,0.8648648648648649,0.32432432432432434,0.08108108108108109,0.0,0.1891891891891892,0.0,0.0,0.40540540540540543,0.0,0.008944110599967777,0.008372579803303155,0.00022499391938031503,0.003799162025118355,0.002857045295569127,0.0025173564876831748,0.0002837490502833086,0.0010705403643079744,0.0,0.0012275875419234016,0.0,0.004548809976280078,0.0015416846790117494,0.000618510259952959,0.0,0.002049855999647887,0.003670453995838366,0.001017934728816503,0.001576925992296095,0.0023156883633994314,0.0012991044898195228,0.0,0.0018189766757270398,0.0014732310356772736,0.0017475980368862245,0.0008466451874794161,0.0008410757217984618,0.0033552155857027094,0.0013546322999670659,0.0,0.002363520082215201,0.0,0.0013915863970402642,0.0011442529489468977,0.00044515493525060186,0.0012547961878815366,0.0019003344089031143,0.0008433010384196553,0.00023841100804402113,0.002552488066468917,0.0005319654240021977,0.0007282505368072252,0.0020680800719383007,0.002310203802427455,0.0013741230846577007,0.0,0.002961014277453133,0.0005294958795661568,0.0012527368096917101,0.001455253292350892,0.07973664959765911,0.09948792977322604,0.0548646671543526,0.09509875640087784,0.06291148500365765,0.17483540599853695,0.1755669348939283,0.09070958302852963,0.04169714703730797,0.1250914411119239,0.35797665369649806,0.29571984435797666,0.17509727626459143,0.17120622568093385
10.0,21.0,32.0,33.0,78.0,20.0,21.0,5.0,40.0,0.0,24.0,29.0,26.0,7.0,10.0,11.0,6.0,12.0,3.0,4.0,1.0,2.0,0.0,3.0,0.0,5.0,0.0,0.0,0.0,0.0,0.0,0.0,0.0,0.0,2.0,0.0,0.008280650752646224,0.0077515151981755025,0.0,0.0043966828131064535,0.0,0.0031781222751032143,0.0,0.0,0.0,0.0,0.00957850154237819,0.0024296460653370293,0.001338117159776043,0.0,0.0,0.0,0.005996798077707753,0.0,0.0007299760696732158,0.0,0.0,0.0,0.0,0.0,0.0,0.002351527196773815,0.0,0.006212662098596942,0.002351527196773815,0.0,0.004102871128634134,0.0,0.002760773013041651,0.0010593740917010715,0.0,0.0,0.002639055953772494,0.0,0.0,0.00675185307454957,0.0,0.0,0.002051435564317067,0.003564727620021081,0.0,0.012976102446446472,0.0015815601720307636,0.0,0.0,0.0033682623151595767,0.04950495049504951,0.0891089108910891,0.04950495049504951,0.09900990099009901,0.0891089108910891,0.12871287128712872,0.24752475247524752,0.07920792079207921,0.019801980198019802,0.1485148514851485,0.09090909090909091,0.2727272727272727,0.45454545454545453,0.18181818181818182
2.0,2.6666666666666665,3.8333333333333335,3.3333333333333335,7.833333333333333,1.5,5.5,0.6666666666666666,2.8333333333333335,0.0,0.6666666666666666,5.333333333333333,2.6666666666666665,0.8333333333333334,2.1666666666666665,1.8333333333333333,0.16666666666666666,1.5,0.5,0.3333333333333333,1.1666666666666667,1.1666666666666667,0.16666666666666666,0.5,0.0,0.16666666666666666,0.16666666666666666,0.16666666666666666,0.16666666666666666,0.0,0.0,0.16666666666666666,0.0,0.0,0.3333333333333333,0.0,0.01917150663384397,0.01794644279577589,0.0,0.0,0.00471078037028622,0.0032702417613380903,0.0,0.0,0.0,0.0058473493542824835,0.0,0.0,0.0020653547466108492,0.0056818426985740765,0.0,0.0,0.009255927467766314,0.0,0.0022534043889912312,0.0074454414988429545,0.0018564014883507966,0.0,0.0,0.0039472983727657385,0.0031216153340032924,0.003629531108063932,0.010816965152521086,0.009589108891312672,0.0,0.0,0.0,0.0,0.0014203977096083856,0.0016351208806690452,0.0,0.0,0.0,0.0,0.0,0.0,0.0022805126437659435,0.0,0.0,0.0,0.0,0.013352221357937673,0.004882207487573227,0.0,0.0,0.0,0.09615384615384616,0.07692307692307693,0.07692307692307693,0.09615384615384616,0.07692307692307693,0.15384615384615385,0.1346153846153846,0.11538461538461539,0.038461538461538464,0.1346153846153846,0.7333333333333333,0.0,0.26666666666666666,0.0
0.6666666666666666,0.6666666666666666,1.1666666666666667,0.8333333333333334,3.3333333333333335,0.0,1.0,0.0,1.3333333333333333,0.16666666666666666,0.3333333333333333,0.8333333333333334,0.6666666666666666,0.3333333333333333,0.5,0.16666666666666666,0.0,0.8333333333333334,0.0,0.16666666666666666,0.0,0.0,0.0,0.0,0.0,0.0,0.0,0.0,0.0,0.0,0.0,0.0,0.0,0.0,0.0,0.0,0.0,0.0,0.0,0.0,0.0,0.0,0.0,0.0,0.0,0.010086677636137284,0.0,0.0,0.0,0.006534119103360188,0.0,0.0,0.0,0.0,0.003887122571009874,0.008562257723669397,0.0,0.0,0.0,0.013618179386041799,0.01076957290231136,0.012521882322820567,0.0,0.0,0.0,0.0,0.0,0.0,0.00490037209814893,0.0,0.0,0.0,0.0,0.0,0.0,0.0,0.0,0.0,0.0,0.0,0.0,0.023032581842442487,0.0,0.0,0.0,0.0,0.1111111111111111,0.05555555555555555,0.1111111111111111,0.1111111111111111,0.05555555555555555,0.16666666666666666,0.05555555555555555,0.16666666666666666,0.0,0.16666666666666666,0.5,0.0,0.3333333333333333,0.16666666666666666
3.5384615384615383,13.846153846153847,11.076923076923077,9.692307692307692,20.923076923076923,8.76923076923077,14.384615384615385,4.538461538461538,17.0,0.0,5.615384615384615,18.846153846153847,7.846153846153846,5.461538461538462,5.538461538461538,5.0,1.1538461538461537,4.6923076923076925,2.6923076923076925,1.2307692307692308,1.6923076923076923,1.6153846153846154,0.0,0.7692307692307693,0.38461538461538464,1.6153846153846154,0.6923076923076923,0.38461538461538464,1.3846153846153846,0.15384615384615385,0.0,0.07692307692307693,0.07692307692307693,0.0,0.5384615384615384,0.0,0.006403760514624232,0.005994558693194852,0.0,0.0,0.0,0.0,0.0017413479060954912,0.0010949717834104387,0.0,0.001255603025245305,0.0,0.0,0.0011826512656941792,0.000813375821995044,0.0,0.001109984265369499,0.004637565318393288,0.002186447769177854,0.0016129139298796157,0.0,0.0026575042053154554,0.0,0.001860488591563134,0.0022602787362724975,0.0022343512245459247,0.0015587405381104437,0.0025808111878421677,0.0048045016540498135,0.0015587405381104437,0.0,0.0036261890058052718,0.0,0.0016266795346552465,0.0016385132476413875,0.0,0.002310178707730447,0.0058311091094765686,0.0045283691134640515,0.0014631115389921463,0.0011188885152067362,0.003264634282569504,0.0,0.0,0.0031505683944584657,0.0012649344661050243,0.0,0.0020967156637503276,0.0004061848578207189,0.0020967156637503276,0.0,0.05631067961165048,0.11650485436893204,0.027184466019417475,0.07184466019417475,0.11844660194174757,0.11650485436893204,0.22330097087378642,0.0912621359223301,0.036893203883495145,0.141747572815534,0.5327102803738317,0.056074766355140186,0.24299065420560748,0.16822429906542055
5.666666666666667,12.666666666666666,13.333333333333334,13.0,34.333333333333336,8.0,15.0,2.3333333333333335,18.0,0.0,8.666666666666666,11.0,7.666666666666667,4.666666666666667,6.666666666666667,3.3333333333333335,1.3333333333333333,9.666666666666666,2.3333333333333335,1.0,1.0,1.0,0.0,0.3333333333333333,0.6666666666666666,0.3333333333333333,0.3333333333333333,1.0,0.6666666666666666,0.6666666666666666,0.0,0.0,0.0,0.0,0.0,0.0,0.006630746655314456,0.006207040365456323,0.0025020000508532776,0.01056195608110911,0.0,0.0025448873857029496,0.0,0.0,0.0,0.0,0.0,0.005836630961467525,0.0010714998309484856,0.0,0.0,0.0026817664957799426,0.0,0.0,0.0005845297099262968,0.0012875575524314883,0.0,0.0,0.0022475075216376707,0.0,0.0,0.0,0.0037412059926012777,0.0,0.003765979645961072,0.0,0.0,0.0,0.0022106941796160586,0.001696591590468633,0.0,0.0,0.0,0.0,0.0,0.0027032795204493575,0.0035493693027033855,0.0,0.0032853817684175583,0.0,0.0,0.010390638425162024,0.0012664372806111,0.0014720383569141841,0.0037993118418333,0.0,0.08,0.112,0.048,0.12,0.064,0.16,0.16,0.128,0.04,0.088,0.3333333333333333,0.18518518518518517,0.2962962962962963,0.18518518518518517
16.083333333333332,38.916666666666664,39.5,43.416666666666664,81.16666666666667,16.833333333333332,35.666666666666664,13.916666666666666,52.833333333333336,0.08333333333333333,25.5,36.333333333333336,24.666666666666668,9.583333333333334,16.416666666666668,12.166666666666666,3.4166666666666665,8.25,5.416666666666667,3.25,2.4166666666666665,3.0833333333333335,0.16666666666666666,2.8333333333333335,0.5833333333333334,3.0,1.1666666666666667,1.8333333333333333,1.0,0.4166666666666667,0.0,0.0,0.0,0.0,0.5833333333333334,0.0,0.009801973316551804,0.0094454962083031,0.0015229565526932996,0.004592154817873526,0.003187746115231276,0.0019916509975066565,0.0005487608308192395,0.0010351939841853508,0.0,0.0005275803928675924,0.0,0.0011842439631963096,0.00326108644201713,0.001708824871751602,0.0012948686458482722,0.0017489781494217016,0.002714144144683355,0.0011811902953275774,0.002388947510133561,0.003022961210056538,0.00041873717782348795,0.0,0.0007817417466565811,0.003561472216029238,0.0011265980152793836,0.0016373824547656836,0.0011386279107916933,0.001514069824944106,0.0021285971911953884,0.0,0.0017141122270004654,0.0,0.0012815618432556863,0.0009589430728735752,0.0,0.0016987126424501534,0.002021349493196781,0.0012231862397737857,0.00023053931408768046,0.0029383473048362587,0.0015432040446536459,0.0,0.0015712695414170932,0.0,0.001063002571930037,0.0003011779253670152,0.0017619996947632697,0.0006400166769192106,0.0020923746375313824,0.003987080040272255,0.07127429805615551,0.11159107271418287,0.051115910727141826,0.08279337652987762,0.09143268538516919,0.14254859611231102,0.18718502519798416,0.08639308855291576,0.05399568034557235,0.1216702663786897,0.4251207729468599,0.10628019323671498,0.30434782608695654,0.1642512077294686
0.75,6.625,4.875,5.125,12.25,2.625,5.5,2.125,7.375,0.0,2.0,6.75,3.5,1.75,2.75,1.125,0.5,1.0,0.625,0.5,0.25,0.5,0.0,0.375,0.125,0.125,0.0,0.125,0.375,0.0,0.0,0.0,0.0,0.0,0.0,0.0,0.013515544906617973,0.012651898369435878,0.0,0.003588097468167335,0.012453787185814143,0.002593640017612968,0.012863290279509988,0.0,0.0,0.003091701957436715,0.0,0.003965629210090324,0.006552159885799935,0.001001397563733362,0.0,0.0013665706664319247,0.0,0.00230731871865074,0.002978637985448179,0.003936670217779033,0.000981545614530306,0.0,0.0,0.0020870773005428043,0.003301018514118424,0.0038381248499066867,0.0,0.0,0.0,0.0,0.0016741600582357672,0.0,0.005257104166596554,0.002593640017612968,0.0,0.0,0.002153712330090196,0.0,0.005403982848997812,0.0,0.0036173648832149444,0.0,0.0033483201164715344,0.0,0.001557339495945394,0.0,0.0051627941247900785,0.004500714976312333,0.0038720955935925587,0.002748811774440574,0.08849557522123894,0.10619469026548672,0.05309734513274336,0.1592920353982301,0.02654867256637168,0.23008849557522124,0.05309734513274336,0.17699115044247787,0.04424778761061947,0.061946902654867256,0.40625,0.03125,0.28125,0.28125
3.0,8.666666666666666,11.0,11.666666666666666,20.333333333333332,5.0,8.0,2.6666666666666665,7.333333333333333,0.3333333333333333,6.333333333333333,3.6666666666666665,7.666666666666667,1.3333333333333333,5.0,3.3333333333333335,0.0,1.6666666666666667,1.6666666666666667,0.6666666666666666,1.6666666666666667,0.0,0.0,0.3333333333333333,0.3333333333333333,0.0,0.3333333333333333,0.3333333333333333,0.3333333333333333,0.0,0.0,0.0,0.0,0.0,0.3333333333333333,0.0,0.010561548564752369,0.009886663097074144,0.0,0.005607745144860327,0.0,0.0040535332011795485,0.0,0.0,0.0,0.0,0.0,0.003098889891717289,0.0,0.0031301169357414076,0.0,0.0021357781074175593,0.0038243053609333874,0.0018030245076881535,0.0009310473223975746,0.0041016803466679755,0.006136129470476885,0.0,0.00715972455994755,0.0,0.0025795384197152956,0.0,0.00297952333542497,0.003961967146710026,0.002999253250974986,0.0,0.0,0.0,0.005868709099579557,0.0013511777337265165,0.0,0.0,0.0,0.0,0.004222872825115057,0.00215291123484889,0.0,0.0,0.0,0.013639885923314197,0.0024339257990523824,0.0,0.0,0.0,0.0,0.008592094288969938,0.10526315789473684,0.10526315789473684,0.05263157894736842,0.07894736842105263,0.039473684210526314,0.19736842105263158,0.15789473684210525,0.13157894736842105,0.05263157894736842,0.07894736842105263,0.6296296296296297,0.1111111111111111,0.1111111111111111,0.14814814814814814
5.5,18.0,17.0,22.75,47.625,9.375,16.875,4.875,24.5,0.0,10.0,18.625,11.375,4.125,6.25,3.875,2.625,8.375,3.125,1.75,1.0,1.125,0.0,0.375,0.25,1.25,0.375,1.375,0.0,0.0,0.0,0.0,0.0,0.0,0.25,0.0,0.022337621711165722,0.021746652060534923,0.0,0.012334766676283453,0.005927851286621565,0.003429280874351493,0.0034015387669220944,0.0010694557236146534,0.0,0.002043906309247677,0.014469651266145777,0.0036703163965729592,0.001732638024512445,0.004236916135917447,0.0020065872277861526,0.001084118370634445,0.0012941418343989377,0.0015253550799590762,0.0014177954666297413,0.0024290092833104673,0.0007786729647185712,0.0,0.004239978728763265,0.002207607600574152,0.0026187411312611204,0.0010149448691242607,0.0010082682816939614,0.0013407264711257838,0.0010149448691242607,0.0,0.000885422036878491,0.0,0.0007943865609967871,0.0020575685246108956,0.0013341117512373662,0.0007521149186937357,0.0011390454268562133,0.005686514752990897,0.002143525111836518,0.0014570868337173844,0.0006377117423296863,0.0,0.001770844073756982,0.0,0.0,0.002800313901816716,0.0030717840423333063,0.0011901586715476382,0.0010239280141111022,0.002180668307382948,0.10426540284360189,0.09004739336492891,0.05687203791469194,0.11137440758293839,0.07582938388625593,0.15876777251184834,0.17061611374407584,0.08530805687203792,0.04028436018957346,0.1066350710900474,0.6265060240963856,0.060240963855421686,0.25301204819277107,0.060240963855421686
1.5217391304347827,4.260869565217392,4.695652173913044,6.0,10.934782608695652,2.5434782608695654,4.3478260869565215,1.4130434782608696,5.5,0.0,2.9130434782608696,3.152173913043478,3.152173913043478,0.9565217391304348,2.217391304347826,1.7173913043478262,0.3695652173913043,0.8260869565217391,0.6521739130434783,0.3695652173913043,0.5217391304347826,0.6304347826086957,0.0,0.30434782608695654,0.13043478260869565,0.2391304347826087,0.17391304347826086,0.021739130434782608,0.08695652173913043,0.0,0.0,0.10869565217391304,0.0,0.0,0.06521739130434782,0.0,0.015148210618825186,0.01541330038472164,0.0004970366045757819,0.0,0.0009710047663920811,0.0021907444808963905,0.0,0.0,0.0,0.004519795804094376,0.0,0.001545973448593838,0.0019157360681782483,0.0007807759944269083,0.0,0.0013318705897637506,0.0014309014083850836,0.0020238579798769938,0.0010450814978069862,0.001790464647219889,0.0013392709766593498,0.0,0.00223240104837797,0.0020340820591548616,0.0028954788983062653,0.0014962667450719124,0.002229635834276191,0.0014824089174770149,0.0014962667450719124,0.0,0.0009789897876016473,0.0,0.0021958351448016114,0.001853706868450792,0.001966793575013115,0.0011087937636306455,0.001259415051874999,0.001397209375454821,0.0005266764464482559,0.001074043842329394,0.0011751708171758783,0.0,0.0022843095044038438,0.001134110504950695,0.0012142363209611587,0.000688053229049813,0.001509510007360206,0.0005848576593564945,0.001257925006133505,0.002679013715940963,0.0681063122923588,0.10299003322259136,0.061461794019933555,0.11129568106312292,0.05813953488372093,0.15780730897009967,0.2009966777408638,0.09634551495016612,0.053156146179401995,0.08970099667774087,0.4405594405594406,0.1888111888111888,0.2097902097902098,0.16083916083916083
4.157894736842105,9.0,10.210526315789474,11.210526315789474,22.526315789473685,5.7368421052631575,9.947368421052632,3.8947368421052633,15.157894736842104,0.21052631578947367,5.526315789473684,11.947368421052632,7.421052631578948,2.4210526315789473,5.0,4.842105263157895,0.42105263157894735,2.0526315789473686,2.473684210526316,1.1578947368421053,1.3157894736842106,2.0526315789473686,0.05263157894736842,0.42105263157894735,0.10526315789473684,0.47368421052631576,0.3157894736842105,0.3157894736842105,0.3157894736842105,0.21052631578947367,0.0,0.0,0.0,0.0,0.0,0.0,0.006971456957761444,0.00652597919846396,0.0,0.0,0.010791969575564794,0.00356753646691428,0.0013270034636174337,0.0,0.0,0.0006378926568308163,0.0,0.002863717220092894,0.0015771799883210122,0.002892574464728621,0.001565613908162002,0.0008458694322657686,0.0,0.0021422496719804697,0.0013520426333947387,0.0013537166361532644,0.0020251652600190508,0.0,0.0009451968391393208,0.0021530718396904026,0.002724318836948328,0.0019797442407621445,0.0011800325620932096,0.0,0.002375693088914574,0.0,0.002417937095965808,0.0,0.0021693346837655344,0.0012486377634199981,0.0,0.004694624030044061,0.0008887255622980889,0.004929811208785257,0.0016724579331088092,0.0008526549633670307,0.0012439159875086963,0.0,0.0006908391702759451,0.000600226864082601,0.00224921680560651,0.005826423865281894,0.002130417812759226,0.002785818044626527,0.001864115586164323,0.0017014384342979997,0.07981927710843373,0.11295180722891567,0.058734939759036146,0.0783132530120482,0.09487951807228916,0.14759036144578314,0.16566265060240964,0.08885542168674698,0.046686746987951805,0.12650602409638553,0.4621212121212121,0.10606060606060606,0.24242424242424243,0.1893939393939394
4.5,10.5,10.5,8.0,16.5,7.5,14.0,2.5,13.5,0.0,6.0,17.5,10.0,5.0,7.5,6.0,0.5,1.5,3.0,0.5,1.5,1.0,0.0,0.5,0.0,1.0,0.0,1.0,0.5,0.0,0.0,0.0,0.0,0.0,0.0,0.0,0.01457668272986484,0.013645229233151918,0.0,0.007739615199931194,0.0,0.0,0.0,0.0,0.0,0.0033344388879792677,0.0,0.0,0.0023555285539859274,0.004320078746023265,0.0,0.0029477268094110116,0.0,0.002488471841189435,0.0038549975910841727,0.0056609968420954695,0.004234436452767106,0.0,0.004940801659137359,0.0,0.0,0.0,0.012336704058247189,0.0,0.004139465230684485,0.0,0.0,0.0,0.003239915436792681,0.0,0.0,0.0,0.0046456108938309195,0.01030778707291463,0.005828262494167062,0.002971373357188137,0.0,0.0,0.0036112047537151678,0.0,0.0,0.0,0.0,0.0,0.0,0.0,0.14705882352941177,0.058823529411764705,0.08823529411764706,0.11764705882352941,0.029411764705882353,0.14705882352941177,0.2647058823529412,0.11764705882352941,0.0,0.029411764705882353,0.5714285714285714,0.047619047619047616,0.23809523809523808,0.14285714285714285
2.4,5.933333333333334,8.533333333333333,6.533333333333333,16.2,4.666666666666667,7.8,2.8,12.4,0.2,4.533333333333333,8.6,4.133333333333334,2.2666666666666666,3.7333333333333334,2.4,0.8,2.466666666666667,1.4,0.4,0.4666666666666667,0.4,0.0,0.26666666666666666,0.13333333333333333,1.0,0.13333333333333333,0.2,0.4666666666666667,0.13333333333333333,0.0,0.0,0.0,0.06666666666666667,0.06666666666666667,0.0,0.007635405239453011,0.0071475010268891,0.0,0.0,0.002814232429002157,0.0013024339482385467,0.0,0.0,0.0,0.0011644072307229188,0.002944041599605418,0.0022403229953107673,0.001645131053577473,0.004902946513343864,0.0,0.0,0.0009215858517689404,0.0013034852501468469,0.0008974597566545164,0.0009884280200484154,0.00036967302365427114,0.0,0.00172535930954003,0.0015720842004088656,0.0018648611086253435,0.001445527540873947,0.0028720369236131024,0.0009547597597410884,0.0,0.0,0.0037831668848444613,0.0,0.0016970985621294996,0.0016280424352981835,0.0,0.0,0.00162227682006794,0.0008998861730322296,0.0,0.0005188112210963414,0.0022706402946587314,0.0,0.0,0.0,0.00351918275707141,0.0013294419533877338,0.0024305361951122125,0.002260099295464202,0.0024305361951122125,0.005176333860959522,0.06367041198501873,0.13108614232209737,0.04119850187265917,0.0599250936329588,0.06367041198501873,0.13857677902621723,0.27340823970037453,0.07865168539325842,0.0449438202247191,0.10486891385767791,0.48148148148148145,0.037037037037037035,0.3888888888888889,0.09259259259259259
4.769230769230769,11.153846153846153,14.538461538461538,14.615384615384615,37.07692307692308,6.076923076923077,12.153846153846153,2.6923076923076925,16.307692307692307,0.07692307692307693,6.076923076923077,12.23076923076923,13.76923076923077,2.5384615384615383,5.461538461538462,3.4615384615384617,0.7692307692307693,3.0,1.6923076923076923,0.7692307692307693,1.6923076923076923,2.0,0.23076923076923078,0.9230769230769231,0.07692307692307693,0.3076923076923077,0.0,0.5384615384615384,0.3076923076923077,0.0,0.0,0.07692307692307693,0.0,0.15384615384615385,0.7692307692307693,0.0,0.009021885474750106,0.009852948985916175,0.0,0.012773994055470412,0.005542094553277905,0.0028855074364747854,0.002146623249969378,0.0,0.0,0.000687923453444998,0.0,0.0017647557098611673,0.0017008803795618757,0.002228173607283952,0.0,0.0018244242656712656,0.006533595859599751,0.0012834829189425473,0.003181276784458209,0.0014598904899692068,0.0015288012257006559,0.0,0.0005096649622810063,0.001857552175419171,0.002570742039767417,0.001281010979316682,0.001696778847454288,0.005640652289007454,0.0017080146390889093,0.0,0.00037251131730565664,0.0,0.0016710561289510419,0.0005771014872949571,0.0,0.0012657074590805065,0.0009584295279685272,0.0005316463068297827,0.0012024207362220196,0.0015325497707577348,0.0024146604463404107,0.0,0.0022350679038339403,0.0006473034808733932,0.003465179952615071,0.0031416991430441585,0.002584698081656414,0.0013352504789059607,0.0008615660272188047,0.003058140976679411,0.07678883071553229,0.11518324607329843,0.06108202443280977,0.07853403141361257,0.08900523560209424,0.15357766143106458,0.1762652705061082,0.08551483420593368,0.05410122164048865,0.1099476439790576,0.41935483870967744,0.16129032258064516,0.25806451612903225,0.16129032258064516
5.909090909090909,8.909090909090908,13.090909090909092,10.090909090909092,27.818181818181817,4.909090909090909,11.090909090909092,3.6363636363636362,17.90909090909091,0.09090909090909091,5.090909090909091,11.090909090909092,7.545454545454546,2.272727272727273,6.0,3.272727272727273,1.0909090909090908,6.454545454545454,2.090909090909091,0.7272727272727273,1.0,1.6363636363636365,0.0,1.2727272727272727,0.2727272727272727,0.45454545454545453,0.0,0.2727272727272727,0.0,0.2727272727272727,0.0,0.0,0.0,0.0,0.09090909090909091,0.0,0.01268076125062098,0.012949590095775546,0.0,0.0,0.007648090483523509,0.0026546668415568025,0.0,0.0013798075806636114,0.0,0.0,0.0,0.0006764896887801141,0.0022354427845670366,0.0034165328645020593,0.0,0.0018649670271306267,0.0008348483598377459,0.003936014284757146,0.0016259859120564177,0.00134309925077167,0.002009281610920862,0.0,0.0,0.001424123334488031,0.002815574614983362,0.0006547389449840818,0.002601727566096575,0.0008649000176478095,0.0026189557799363274,0.0,0.0005711840198686735,0.0,0.0023060574579524375,0.002359703859161602,0.0,0.0019407514372567765,0.0,0.0024455730114170005,0.000921855897770215,0.0023499096484951936,0.0032910927564935963,0.0,0.003427104119212041,0.0009925320040058696,0.0021253103709372436,0.010838862043502347,0.004403559694673891,0.005630306186053468,0.0008807119389347781,0.0018756597990300385,0.06609195402298851,0.13505747126436782,0.03735632183908046,0.09482758620689655,0.07758620689655173,0.14942528735632185,0.15229885057471265,0.10632183908045977,0.04310344827586207,0.13793103448275862,0.5,0.08064516129032258,0.1935483870967742,0.22580645161290322
3.5625,9.4375,8.125,8.9375,18.8125,3.875,6.1875,3.0,11.6875,0.0,4.0,7.75,4.6875,1.0,4.375,3.375,0.625,4.625,2.1875,0.625,0.875,1.0625,0.0,0.875,0.0625,0.6875,0.25,0.4375,0.25,0.0625,0.0,0.0625,0.0625,0.0,0.0625,0.0,0.012066900412636115,0.011295822603498623,0.0,0.0,0.0014825260914469744,0.003859407323814052,0.0019140927952976665,0.0,0.0,0.0036804296961960446,0.0,0.006491061266915234,0.0012999724288816291,0.0,0.0,0.00406698909850322,0.0007282314655369164,0.002403347376838599,0.0017729179343260542,0.001562099470680848,0.002336906776669646,0.0,0.0013633683027494195,0.0018633768829247614,0.0024560029423743124,0.0,0.0022694658928892586,0.0007544452833529924,0.0017133704432593705,0.0,0.002491195981753337,0.0,0.0020115552512355926,0.0010291752863504139,0.0015014461784165112,0.0008464508834101677,0.0,0.004266507078070708,0.0024123823094442916,0.0004099614324056609,0.002511944371582556,0.0024562885836667873,0.001494717589052002,0.0,0.0004634727576302712,0.005252584228607181,0.001152356841422643,0.0008929582735214892,0.001536475788563524,0.0008180614288814023,0.06367924528301887,0.08018867924528301,0.054245283018867926,0.09198113207547169,0.09905660377358491,0.1580188679245283,0.19339622641509435,0.09198113207547169,0.030660377358490566,0.13679245283018868,0.5619047619047619,0.08571428571428572,0.23809523809523808,0.11428571428571428
3.6666666666666665,5.333333333333333,9.0,9.666666666666666,18.666666666666668,5.0,9.0,2.0,12.333333333333334,0.0,4.666666666666667,6.666666666666667,4.666666666666667,1.3333333333333333,3.0,2.6666666666666665,0.6666666666666666,0.3333333333333333,1.0,0.3333333333333333,0.3333333333333333,1.0,0.0,0.3333333333333333,0.3333333333333333,1.0,1.0,0.3333333333333333,0.0,0.0,0.0,0.0,0.0,0.0,0.0,0.0,0.005726553929589758,0.005360625770166825,0.0,0.006081126228517367,0.004221348643503236,0.0014652381917683653,0.005450192797000175,0.006854238955893915,0.0,0.0,0.0,0.0033604844929661514,0.0,0.01866891172388625,0.0,0.0,0.0,0.0058656836256608105,0.0030289266787089926,0.0,0.0016635286064442204,0.0,0.0,0.0035371894509199477,0.002797291662938015,0.0,0.0032310415390647404,0.0,0.0,0.0,0.008512125490900038,0.0,0.0012728239215971248,0.0043957145753050954,0.0,0.00482037288799167,0.0073002456903057305,0.0,0.004579349102559835,0.002334650494933536,0.0,0.0,0.0,0.0,0.0,0.0,0.0,0.0,0.0,0.0,0.05434782608695652,0.11956521739130435,0.03260869565217391,0.07608695652173914,0.15217391304347827,0.07608695652173914,0.22826086956521738,0.06521739130434782,0.07608695652173914,0.11956521739130435,0.8095238095238095,0.0,0.047619047619047616,0.14285714285714285
1.3333333333333333,2.0555555555555554,2.111111111111111,2.388888888888889,5.333333333333333,1.5,2.611111111111111,0.7777777777777778,2.7777777777777777,0.0,2.8333333333333335,3.4444444444444446,2.2777777777777777,1.2777777777777777,0.9444444444444444,0.7777777777777778,0.6666666666666666,0.8333333333333334,0.4444444444444444,0.1111111111111111,0.0,0.2222222222222222,0.0,0.1111111111111111,0.0,0.16666666666666666,0.0,0.05555555555555555,0.2222222222222222,0.0,0.0,0.05555555555555555,0.0,0.0,0.0,0.0,0.0056171293322090626,0.005258193430609497,0.0,0.002982463182139091,0.0020703429652850266,0.0021558600146400785,0.005346048985592528,0.0,0.0,0.016704052136278305,0.0,0.0016481357067413608,0.007261629427574451,0.0066589748824052875,0.0,0.0,0.0,0.0,0.004456573648291575,0.0010907334679833628,0.0016317414356204455,0.0,0.0019039394928522945,0.0,0.0013719201149441221,0.0,0.004753952837732197,0.0,0.0,0.0,0.00695789450954674,0.0,0.0012485024453882626,0.0021558600146400785,0.0,0.0,0.0,0.0059581635469235835,0.0,0.0011450196694896963,0.0010022635185977713,0.0,0.0,0.002418111411033409,0.0012944764600055663,0.002934086858909871,0.0021456835454939658,0.0012470133851566019,0.0010728417727469829,0.0,0.07627118644067797,0.0423728813559322,0.0423728813559322,0.1271186440677966,0.07627118644067797,0.1694915254237288,0.211864406779661,0.11016949152542373,0.03389830508474576,0.11016949152542373,0.7755102040816326,0.02040816326530612,0.14285714285714285,0.061224489795918366
0.6666666666666666,1.6666666666666667,1.6666666666666667,0.6666666666666666,3.3333333333333335,0.3333333333333333,2.6666666666666665,0.3333333333333333,2.6666666666666665,0.0,1.0,3.3333333333333335,1.3333333333333333,0.6666666666666666,0.6666666666666666,1.0,0.6666666666666666,0.3333333333333333,0.0,0.3333333333333333,1.3333333333333333,0.3333333333333333,0.0,0.3333333333333333,0.0,0.3333333333333333,0.0,0.0,0.0,0.0,0.0,0.0,0.0,0.0,0.0,0.0,0.02844804210183299,0.02663020543889326,0.0,0.0,0.0,0.0,0.0,0.0,0.0,0.0,0.0,0.0,0.0,0.0,0.0,0.0,0.0,0.0,0.0,0.0,0.016527961638219995,0.0,0.0,0.0,0.013896223099756591,0.016157267513316857,0.0,0.0,0.0,0.0,0.0,0.0,0.0,0.007278925210720265,0.0,0.0,0.0,0.0,0.0,0.011597941168379502,0.0,0.06948919638308942,0.0,0.0,0.0,0.0,0.0,0.0,0.01086684892395331,0.0,0.15384615384615385,0.0,0.0,0.15384615384615385,0.15384615384615385,0.23076923076923078,0.15384615384615385,0.07692307692307693,0.0,0.07692307692307693,0.6666666666666666,0.3333333333333333,0.0,0.0
5.75,19.5,19.5,15.0,37.25,11.75,12.5,7.75,23.25,0.0,11.0,14.0,10.5,3.25,7.75,7.75,3.5,4.5,5.75,3.5,0.25,2.25,0.0,1.25,0.0,1.5,0.0,0.5,1.0,0.0,0.0,0.0,0.0,0.0,1.0,0.0,0.01222017512919385,0.011439303029178166,0.0,0.0,0.0,0.0031267438549514304,0.0,0.0,0.0,0.0,0.0,0.004780735444958774,0.0006582423903748203,0.0012072275479649308,0.0,0.0016474593253521126,0.00589985215035451,0.0006953928239813432,0.0007181750708563277,0.0007909706904082584,0.0029582379375566966,0.0,0.0,0.0,0.0009948797138393864,0.0011567558727778814,0.0011491464134318014,0.006112226452661194,0.004627023491111526,0.0,0.0010091357394908435,0.0,0.0009053805262168923,0.002605619879126192,0.0,0.0,0.0,0.0,0.0,0.0024910127682662674,0.002907258612837877,0.0,0.002018271478981687,0.0,0.0009387196499809419,0.0,0.0015559922246769174,0.00180860139925715,0.0023339883370153765,0.0033138100375472972,0.11857707509881422,0.1067193675889328,0.039525691699604744,0.07509881422924901,0.07509881422924901,0.14624505928853754,0.1422924901185771,0.10276679841897234,0.07114624505928854,0.1225296442687747,0.3333333333333333,0.13333333333333333,0.4666666666666667,0.06666666666666667
0.8888888888888888,4.111111111111111,3.2222222222222223,3.3333333333333335,6.111111111111111,1.4444444444444444,2.4444444444444446,0.7777777777777778,3.6666666666666665,0.0,1.3333333333333333,3.6666666666666665,3.0,0.7777777777777778,1.3333333333333333,1.6666666666666667,0.2222222222222222,1.0,0.6666666666666666,0.1111111111111111,0.0,0.1111111111111111,0.0,0.2222222222222222,0.0,0.2222222222222222,0.0,0.0,0.2222222222222222,0.0,0.0,0.0,0.0,0.0,0.0,0.0,0.011837440337675472,0.011081025081955584,0.0,0.0,0.0,0.0,0.0,0.0,0.0,0.0,0.0,0.0,0.0019128788928342091,0.00350825186757594,0.0,0.004787583140117214,0.0,0.00404167909777076,0.0,0.00459718535499028,0.003438703428086039,0.0,0.0,0.0,0.0,0.0,0.0,0.0,0.0,0.0,0.005865178190597789,0.0,0.005262144534925025,0.0015144072586062297,0.008837371130679733,0.024910651837272386,0.003772610188949941,0.0,0.009466037071063282,0.0,0.004224305299861748,0.0,0.0029325890952988944,0.0,0.0,0.0,0.0022608880311580713,0.0026279342479139127,0.0022608880311580713,0.0,0.0392156862745098,0.11764705882352941,0.029411764705882353,0.09803921568627451,0.11764705882352941,0.13725490196078433,0.16666666666666666,0.09803921568627451,0.0784313725490196,0.11764705882352941,0.52,0.0,0.12,0.36
2.0,11.0,11.0,16.0,20.0,4.0,14.0,1.0,11.0,0.0,8.0,21.0,17.0,2.0,6.0,3.0,0.0,2.0,3.0,0.0,0.0,1.0,0.0,1.0,0.0,1.0,0.0,0.0,1.0,0.0,0.0,0.0,0.0,0.0,0.0,0.0,0.0,0.0,0.0,0.0,0.0,0.0,0.022382125086347383,0.028148074645537674,0.0,0.016138684217819655,0.0,0.006900194825557164,0.003800252733763963,0.0034848635217921003,0.0,0.0,0.0,0.0040147345704522885,0.00829252815148773,0.0,0.006831557477130931,0.0,0.0,0.0,0.0,0.0,0.013268810587092533,0.0,0.0,0.0,0.0,0.0,0.007840595357038288,0.0,0.0,0.0,0.02248475672614165,0.0,0.0,0.004793815682930195,0.0,0.0,0.005826077002660471,0.0,0.010839082891779943,0.0,0.0,0.0,0.004491630888567369,0.0,0.0625,0.0625,0.03125,0.09375,0.125,0.125,0.21875,0.09375,0.03125,0.15625,0.9166666666666666,0.0,0.08333333333333333,0.0
1.25,5.75,6.5,7.5,9.75,3.0,5.0,4.25,7.5,0.0,1.75,3.5,4.25,1.5,2.0,1.25,0.5,0.0,0.25,1.0,0.5,0.25,0.0,0.25,0.25,0.5,0.5,0.0,0.0,0.0,0.0,0.0,0.0,0.0,0.0,0.0,0.006484480184976637,0.0060701203573947865,0.0,0.0,0.009560113104404386,0.0033183335519460034,0.0,0.0,0.0,0.002966669892981554,0.0,0.0038052544993881416,0.006287182831594791,0.0,0.0,0.0,0.0,0.0,0.0011432713444146688,0.005036622190393763,0.0018837015102383082,0.0,0.00439586029967368,0.004005346878247587,0.0,0.011048719696606382,0.0036586793898233084,0.0,0.0,0.0,0.0,0.0,0.0,0.0016591667759730017,0.0,0.005458363417284684,0.004133227339364273,0.0,0.0,0.005287296709114185,0.00231404959440956,0.0,0.003212910111761289,0.0,0.0,0.0,0.0,0.0,0.0,0.0,0.05128205128205128,0.14102564102564102,0.05128205128205128,0.1282051282051282,0.07692307692307693,0.15384615384615385,0.19230769230769232,0.08974358974358974,0.05128205128205128,0.0641025641025641,0.7333333333333333,0.06666666666666667,0.06666666666666667,0.13333333333333333
0.2222222222222222,2.111111111111111,2.6666666666666665,3.3333333333333335,4.888888888888889,1.4444444444444444,3.7777777777777777,0.7777777777777778,3.0,0.0,1.3333333333333333,4.333333333333333,2.4444444444444446,1.1111111111111112,1.2222222222222223,0.5555555555555556,0.1111111111111111,0.1111111111111111,0.7777777777777778,0.1111111111111111,0.4444444444444444,0.4444444444444444,0.0,0.2222222222222222,0.0,0.2222222222222222,0.3333333333333333,0.0,0.0,0.0,0.0,0.0,0.0,0.0,0.0,0.0,0.011234258664418125,0.010516386861218995,0.0,0.0,0.012422057791710158,0.0,0.0,0.0,0.0,0.010279416699248188,0.0,0.0,0.0,0.0066589748824052875,0.0,0.0022718149295460665,0.0,0.005753600499055826,0.0,0.0021814669359667255,0.006526965742481782,0.0,0.0,0.0,0.0,0.0031902884898905902,0.0,0.0,0.0031902884898905902,0.0,0.0,0.0,0.0,0.0014372400097600524,0.0,0.0,0.00358037527486332,0.0,0.0,0.004580078677958785,0.0020045270371955425,0.0,0.005566315607637392,0.0,0.0025889529200111326,0.0,0.006437050636481897,0.0,0.0,0.013709042161700442,0.046153846153846156,0.13846153846153847,0.0,0.06153846153846154,0.1076923076923077,0.2153846153846154,0.2,0.12307692307692308,0.015384615384615385,0.09230769230769231,0.6190476190476191,0.0,0.19047619047619047,0.19047619047619047
5.071428571428571,15.857142857142858,17.785714285714285,15.928571428571429,32.5,8.214285714285714,16.714285714285715,6.571428571428571,24.357142857142858,0.0,8.285714285714286,18.357142857142858,9.285714285714286,6.0,7.571428571428571,5.142857142857143,1.5,3.9285714285714284,3.5,2.0,0.7142857142857143,1.5714285714285714,0.0,1.2142857142857142,0.14285714285714285,1.7857142857142858,0.42857142857142855,0.9285714285714286,0.2857142857142857,0.07142857142857142,0.0,0.0,0.0,0.0,0.5,0.0,0.010403968207956965,0.009739152162593162,0.0,0.0019496740579979343,0.004511364962522541,0.0007829517055250806,0.0011649267047023272,0.0,0.0,0.004199865774935719,0.0,0.00035913574733989397,0.0031646795839810928,0.0018137735193227446,0.0,0.0004950380901300935,0.003102437867405364,0.0008358226031475964,0.0009711062634028831,0.0023767543993530598,0.001955598514445877,0.0,0.00041487647519474,0.003024161973305604,0.0026905248055739688,0.002433120784448132,0.002071812895278154,0.003214114916380305,0.001042766050477771,0.0,0.003335540268698742,0.0,0.0013602698398747896,0.0032883971632053383,0.0,0.005151543544418578,0.002730626250572372,0.0,0.0014681882618894125,0.003742569495694982,0.0034943594152916048,0.0014949098458541098,0.0015161546675903374,0.0026345835637213402,0.0019745033026316687,0.0,0.0028053211656562326,0.002445565459023287,0.0021039908742421743,0.0029872583197598467,0.0821917808219178,0.10547945205479452,0.06027397260273973,0.10273972602739725,0.07397260273972603,0.15753424657534246,0.1589041095890411,0.10684931506849316,0.049315068493150684,0.10273972602739725,0.5895953757225434,0.08670520231213873,0.2023121387283237,0.12138728323699421
0.5,2.1,2.6,1.9,5.4,0.8,3.6,0.5,3.6,0.0,1.5,3.5,2.2,0.8,0.8,1.2,0.2,0.3,0.4,0.1,0.2,0.3,0.0,0.1,0.0,0.1,0.0,0.2,0.5,0.0,0.0,0.0,0.0,0.0,0.0,0.0,0.0056171293322090626,0.005258193430609497,0.0,0.0,0.008281371861140106,0.0,0.0,0.03361633118495741,0.0,0.005139708349624094,0.01299503712437296,0.0,0.0018154073568936128,0.0,0.0,0.0022718149295460665,0.0,0.0,0.0,0.0,0.003263482871240891,0.0,0.0,0.0,0.008231520689664732,0.0031902884898905902,0.0,0.0,0.0,0.0,0.002783157803818696,0.0,0.002497004890776525,0.0014372400097600524,0.008387059225931722,0.004728263851915396,0.00358037527486332,0.0,0.00449184561652366,0.004580078677958785,0.006013581111586628,0.0,0.002783157803818696,0.0,0.0025889529200111326,0.0,0.0,0.0024940267703132037,0.0021456835454939658,0.0,0.04807692307692308,0.14423076923076922,0.028846153846153848,0.0673076923076923,0.14423076923076922,0.08653846153846154,0.20192307692307693,0.057692307692307696,0.08653846153846154,0.1346153846153846,0.4,0.13333333333333333,0.13333333333333333,0.3333333333333333
1.6666666666666667,16.0,9.0,19.333333333333332,26.333333333333332,9.0,12.666666666666666,5.333333333333333,18.666666666666668,0.0,9.666666666666666,11.333333333333334,11.333333333333334,3.0,3.3333333333333335,4.666666666666667,2.0,5.0,1.6666666666666667,1.6666666666666667,0.3333333333333333,0.0,0.0,0.6666666666666666,0.0,1.3333333333333333,0.3333333333333333,1.0,0.0,0.0,0.0,0.0,0.0,0.0,0.0,0.0,0.009983652511209314,0.009345694738932351,0.0,0.0,0.0024531610984886727,0.005108981468656488,0.0031672818518416104,0.0,0.0,0.0,0.0,0.009764426639939382,0.005377716132684852,0.0029588463864272546,0.0,0.0,0.0,0.00568122816573437,0.001760206447249754,0.0,0.0019334596633389428,0.0,0.0,0.0,0.0,0.0018900954449540476,0.0,0.0,0.0075603817798161905,0.0,0.003297779435468191,0.0,0.002219036421803289,0.0,0.0049689369753633215,0.0,0.0,0.0,0.0,0.005426961150487013,0.0011875877163762271,0.0,0.0,0.0,0.0015338324846858409,0.0034766161271611302,0.0,0.0,0.0,0.0027073202759584523,0.08387096774193549,0.10967741935483871,0.09032258064516129,0.08387096774193549,0.09032258064516129,0.12903225806451613,0.15483870967741936,0.1032258064516129,0.025806451612903226,0.12903225806451613,0.35,0.25,0.35,0.05
1.4444444444444444,4.333333333333333,2.6666666666666665,3.111111111111111,5.222222222222222,1.4444444444444444,2.888888888888889,1.6666666666666667,3.7777777777777777,0.0,1.4444444444444444,5.555555555555555,3.3333333333333335,1.0,1.2222222222222223,0.6666666666666666,0.0,0.5555555555555556,0.6666666666666666,0.1111111111111111,0.4444444444444444,0.2222222222222222,0.0,0.0,0.0,0.2222222222222222,0.2222222222222222,0.0,0.0,0.0,0.0,0.0,0.0,0.0,0.1111111111111111,0.0,0.004954434298633835,0.004637844767447702,0.0,0.0,0.0036521780398848214,0.0,0.0,0.0,0.0,0.006800007395148731,0.0,0.0,0.0016012300844511077,0.0014683413715416151,0.0,0.006011375459641557,0.0035879718835723352,0.0033832032897069845,0.0,0.0038482057185031,0.005756930458256402,0.0,0.0033586348357057326,0.0030602650305711905,0.0,0.01125562455983871,0.008386186466561292,0.003717126480340305,0.0,0.0,0.009819230903360343,0.0,0.0022024144261343507,0.005070711944546702,0.0,0.0,0.0,0.0,0.003961908774124801,0.0,0.003536075784715732,0.0,0.0024548077258400858,0.008531314416454947,0.0,0.0,0.0,0.006599362970884938,0.0,0.0,0.08928571428571429,0.0625,0.07142857142857142,0.13392857142857142,0.03571428571428571,0.19642857142857142,0.14285714285714285,0.14285714285714285,0.05357142857142857,0.07142857142857142,0.5882352941176471,0.17647058823529413,0.11764705882352941,0.11764705882352941
1.8333333333333333,10.666666666666666,5.0,7.666666666666667,9.166666666666666,4.666666666666667,7.666666666666667,1.6666666666666667,5.333333333333333,0.0,2.0,9.333333333333334,6.333333333333333,3.6666666666666665,3.1666666666666665,1.5,0.0,0.5,0.8333333333333334,0.3333333333333333,0.8333333333333334,0.5,0.0,0.16666666666666666,0.0,0.16666666666666666,0.3333333333333333,0.3333333333333333,0.5,0.0,0.0,0.0,0.16666666666666666,0.0,0.0,0.0,0.022232503491348473,0.020811841225353556,0.0,0.0,0.0054629217739453634,0.004740476502780005,0.0,0.00443509579499018,0.0,0.01525715944961942,0.0,0.0021744311425075094,0.0,0.0032945138336269854,0.0,0.001498634218229968,0.0,0.0012651474486719395,0.0,0.001439034911541075,0.0043056034519732755,0.0,0.0025119201712421025,0.0,0.001810012252489304,0.0063135541123465035,0.004181347874083781,0.0,0.0,0.0,0.01101569181175299,0.0,0.0032943677970749107,0.006636667103892007,0.0,0.015595324049384813,0.002361844193922442,0.002620256797946786,0.002963108242832834,0.0015106562026040529,0.00264462810789664,0.0,0.0,0.0,0.0,0.0,0.004246289705578395,0.0,0.0014154299018594647,0.0,0.048,0.184,0.024,0.08,0.112,0.104,0.168,0.088,0.072,0.12,0.7317073170731707,0.04878048780487805,0.12195121951219512,0.0975609756097561
1.875,4.5,5.8125,4.5,13.6875,3.5,7.5625,2.375,6.4375,0.0,3.0625,6.5,4.3125,2.4375,2.3125,1.8125,0.6875,1.0,0.6875,0.625,0.9375,0.8125,0.0625,0.4375,0.0625,0.4375,0.0625,0.4375,0.125,0.0,0.0,0.0625,0.0,0.0,0.6875,0.0,0.011324421254020195,0.010600788039880462,0.0,0.0,0.005217397199835459,0.001810968551623822,0.0,0.008471531293801467,0.0,0.0006476197519189267,0.0,0.0,0.005947426027961258,0.0008390522123094944,0.00317897527098705,0.0017175358456118733,0.01332675271041153,0.0024165737783621317,0.001996595863119036,0.004947693066646843,0.0,0.0,0.0019192199061175614,0.001748722874612109,0.006223188193951989,0.004019865914228111,0.0007986844253867896,0.011682397509640959,0.0,0.0,0.0028054945438172408,0.0,0.0025170450584392576,0.004708518234221937,0.0,0.0,0.0009022775572287981,0.002001993957981814,0.0011319739354642287,0.0011542092334502875,0.0005051536835308189,0.0,0.0028054945438172408,0.0,0.0019572982750003906,0.0,0.0,0.0018855322773956966,0.0027036301496192023,0.00115158888142695,0.0845771144278607,0.07960199004975124,0.06467661691542288,0.09950248756218906,0.04975124378109453,0.22885572139303484,0.14427860696517414,0.13432835820895522,0.03482587064676617,0.07960199004975124,0.42857142857142855,0.06349206349206349,0.3492063492063492,0.15873015873015872
12.0,24.0,16.0,22.0,35.0,10.0,31.0,9.0,28.0,1.0,4.0,38.0,16.0,8.0,14.0,12.0,1.0,11.0,7.0,1.0,4.0,4.0,0.0,0.0,0.0,3.0,0.0,0.0,0.0,0.0,0.0,0.0,0.0,0.0,1.0,0.0,0.006944010276825376,0.006500286366973945,0.0,0.029495856352493684,0.0,0.0,0.0,0.01662287872767973,0.0,0.0,0.0,0.0,0.0,0.002057990268774862,0.04678350221633699,0.0,0.005028810986424217,0.004741812484786167,0.003672871720639251,0.0,0.004034384336888345,0.0,0.0,0.012867571073425321,0.0,0.0039438999441954534,0.003917955882015512,0.005209830814965152,0.0039438999441954534,0.0,0.0034405966551144507,0.0,0.006173697131526211,0.0017767455238766002,0.0,0.0,0.004426133213807411,0.0,0.0,0.0028309935135414532,0.0024780373609425213,0.0,0.0,0.0,0.0,0.0,0.0,0.009249500856830857,0.002652537926319312,0.0,0.08823529411764706,0.1568627450980392,0.0392156862745098,0.06862745098039216,0.09803921568627451,0.14705882352941177,0.11764705882352941,0.09803921568627451,0.08823529411764706,0.09803921568627451,0.3333333333333333,0.09523809523809523,0.5238095238095238,0.047619047619047616
0.75,2.75,1.75,1.5,5.25,1.0,3.25,0.5,3.75,0.0,2.5,4.25,2.25,0.75,0.75,0.5,0.25,1.25,1.25,0.0,0.25,0.0,0.0,0.0,0.25,0.0,0.25,0.0,0.0,0.0,0.0,0.0,0.0,0.0,0.0,0.0,0.0,0.0,0.008993675858472593,0.0,0.0,0.006098558960333195,0.0,0.014264227016319768,0.0,0.0,0.0,0.013986881403156414,0.0,0.0,0.0,0.0,0.0,0.0,0.0,0.0,0.0,0.0,0.01615775677717893,0.0,0.0,0.0,0.00672405941913473,0.0,0.0,0.0,0.005904807772966693,0.0,0.0,0.0030492794801665977,0.0,0.0,0.0,0.008427312404207231,0.0,0.0,0.0,0.0,0.0,0.0,0.0,0.012450044239158102,0.009104657206555476,0.0,0.004552328603277738,0.009695133420662026,0.08,0.12,0.1,0.1,0.06,0.18,0.14,0.12,0.02,0.08,0.3333333333333333,0.0,0.5555555555555556,0.1111111111111111
1.0,3.5,2.5,4.0,5.0,0.5,2.5,1.0,3.5,0.0,1.5,0.5,1.0,1.5,0.5,0.0,0.0,0.5,0.0,0.5,0.5,0.0,0.0,0.0,0.0,0.0,0.0,0.0,0.0,0.0,0.0,0.0,0.0,0.0,0.0,0.0,0.0,0.0,0.0,0.0,0.0,0.019910001311676022,0.0,0.0,0.0,0.0,0.0,0.015221017997552566,0.0,0.0,0.0,0.010490439527609776,0.0,0.0,0.0,0.0,0.0,0.0,0.0,0.0,0.0,0.0,0.014634717559293233,0.0,0.0,0.0,0.0,0.0,0.0,0.013273334207784013,0.0,0.0,0.0,0.0,0.0,0.0,0.0,0.0,0.0,0.0,0.0,0.0,0.0,0.0,0.0,0.0,0.0,0.0,0.0,0.0,0.0,0.4,0.0,0.4,0.2,0.0,0.3333333333333333,0.0,0.3333333333333333,0.3333333333333333
2.5,8.5,6.0,7.5,20.0,2.5,6.5,1.0,8.0,0.0,2.5,4.5,5.5,2.0,4.5,2.5,0.0,1.5,2.0,0.5,0.5,1.0,0.0,0.5,0.0,0.5,0.0,0.5,0.0,0.0,0.0,0.0,0.0,0.0,0.0,0.0,0.02099736440849578,0.019655627823945022,0.007923000161035379,0.011148731418948505,0.0,0.005372540036484005,0.00999202012783365,0.0,0.0,0.0,0.0,0.0,0.0,0.003111485287314375,0.02357739992648729,0.0,0.0,0.007169168875807657,0.0018510107480999398,0.004077265582699713,0.009149407335443211,0.0,0.0,0.00648484732668657,0.0,0.0,0.0,0.0,0.0,0.0,0.005201854466661134,0.0,0.002333510522928062,0.0026862700182420027,0.01567581307703905,0.0,0.0,0.0,0.0,0.0,0.0,0.025644822474711573,0.0,0.0,0.0,0.0,0.00401038472193515,0.0,0.0,0.0,0.05405405405405406,0.1891891891891892,0.02702702702702703,0.16216216216216217,0.0,0.16216216216216217,0.13513513513513514,0.08108108108108109,0.08108108108108109,0.10810810810810811,0.6666666666666666,0.0,0.0,0.3333333333333333
1.6,5.3,5.8428571428571425,5.628571428571429,11.414285714285715,2.342857142857143,4.457142857142857,1.6142857142857143,7.414285714285715,0.04285714285714286,3.4571428571428573,3.557142857142857,2.3714285714285714,1.4857142857142858,2.414285714285714,1.3714285714285714,1.2,2.6,1.1857142857142857,0.42857142857142855,0.45714285714285713,0.4142857142857143,0.0,0.2571428571428571,0.0,0.6,0.18571428571428572,0.32857142857142857,0.11428571428571428,0.05714285714285714,0.0,0.0,0.0,0.014285714285714285,0.04285714285714286,0.0,0.003330677191108437,0.0031178461256614436,0.0,0.0,0.0032736266442274357,0.0006628312088654207,0.00035221556472430835,0.0,0.0,0.002370348080670113,0.0,0.0008686774853827735,0.0013156561079963362,0.0008774310168171464,0.0,0.0008980485369837995,0.0008040188778126844,0.0005054218930489662,0.0013049509260629035,0.0012935009569957966,0.00010750457632916907,0.0,0.0,0.0004571776545880587,0.00108464015801709,0.0012611211739307325,0.0010440209756944396,0.0008329607807392878,0.0014713080362525213,0.0,0.0036672746554723902,0.0,0.0019741322762161025,0.002746015008156743,0.0005525674773274362,0.0006230276330261998,0.005189515820133406,0.004448828789128283,0.0011837511738048082,0.0015087544113292681,0.0014527143068555192,0.0,0.0020170010605098146,0.0009558795422549185,0.0011939820642434893,0.002319689316905664,0.0025445663867251144,0.0016431481449398783,0.0032513903830376457,0.0030106583010028947,0.05432372505543237,0.1286031042128603,0.03215077605321508,0.07095343680709534,0.0942350332594235,0.13636363636363635,0.2106430155210643,0.07317073170731707,0.06097560975609756,0.1385809312638581,0.49624060150375937,0.11278195488721804,0.21052631578947367,0.18045112781954886
1.6363636363636365,5.363636363636363,5.2727272727272725,4.181818181818182,10.181818181818182,2.4545454545454546,5.909090909090909,2.090909090909091,6.090909090909091,0.0,2.727272727272727,6.2727272727272725,4.181818181818182,1.8181818181818181,2.5454545454545454,1.3636363636363635,1.0,2.090909090909091,1.9090909090909092,0.36363636363636365,0.7272727272727273,0.5454545454545454,0.0,0.2727272727272727,0.0,0.36363636363636365,0.0,0.45454545454545453,0.09090909090909091,0.09090909090909091,0.0,0.09090909090909091,0.0,0.0,0.0,0.0,0.007073978383610878,0.0066219494807943135,0.0,0.0025039931529189157,0.0017382023826189791,0.001206666746162183,0.0,0.0,0.0,0.00431515620797317,0.0,0.00276745781773683,0.002286248302398106,0.004193017606434346,0.0,0.002861028962075394,0.0,0.0008050938309730524,0.0016629401373304273,0.0036629979566500095,0.0013699647347187695,0.0,0.0015984946544267925,0.0014564897739082136,0.0,0.0013392387511038037,0.0,0.0,0.0,0.0,0.0,0.0,0.0026205198385823155,0.0018100001192432747,0.0,0.0,0.0015029917597688266,0.0016674361441479549,0.001885614336348167,0.0019226533487687945,0.005048835478711768,0.0,0.0011683309497313777,0.0,0.0021736128793676352,0.0,0.0027021843580953423,0.0031408732856083397,0.00450364059682557,0.001918288430826176,0.08771929824561403,0.10526315789473684,0.05263157894736842,0.11695906432748537,0.08187134502923976,0.1871345029239766,0.15204678362573099,0.08187134502923976,0.029239766081871343,0.10526315789473684,0.525,0.1,0.225,0.15
2.3846153846153846,7.3076923076923075,8.0,8.615384615384615,17.615384615384617,4.384615384615385,10.0,2.6153846153846154,10.384615384615385,0.23076923076923078,5.076923076923077,9.384615384615385,5.615384615384615,2.6923076923076925,3.3076923076923075,3.1538461538461537,0.5384615384615384,2.076923076923077,1.3076923076923077,0.8461538461538461,1.3076923076923077,1.0769230769230769,0.0,0.6153846153846154,0.23076923076923078,0.9230769230769231,0.15384615384615385,0.3076923076923077,0.38461538461538464,0.0,0.0,0.0,0.0,0.0,0.23076923076923078,0.0,0.016377944238626707,0.015331389702677119,0.0,0.0013378477702738207,0.008358270314136405,0.0016117620109452016,0.0011990424153400382,0.001507932570296661,0.0,0.0011527631584156896,0.0,0.0014786131769051064,0.003664529421843821,0.0026136476413440753,0.0226343039294278,0.0025476781709909456,0.002737109979753753,0.0012904503976453785,0.001999091607947935,0.003914174959391724,0.0007319525868354569,0.0,0.002562158574666945,0.0,0.004923233326770906,0.0021466083981978115,0.0021324874157827283,0.002835636486431033,0.002862144530930415,0.0017683919371451675,0.003745335215996017,0.0,0.0008400637882541023,0.0038682288262684842,0.0,0.0021209640707163346,0.0008030270259336302,0.004454436556509536,0.002014913605126327,0.0035953617621976458,0.0017983471133697154,0.0,0.004993780287994689,0.0,0.0023226606196671304,0.00789688520312314,0.004331215499689962,0.00223749830250956,0.00240623083316109,0.006149484626819913,0.07084468664850137,0.11716621253405994,0.05994550408719346,0.07629427792915532,0.08446866485013624,0.1307901907356948,0.19346049046321526,0.08446866485013624,0.05449591280653951,0.12806539509536785,0.5555555555555556,0.2222222222222222,0.2037037037037037,0.018518518518518517
0.42857142857142855,1.7142857142857142,0.8571428571428571,0.7142857142857143,2.4285714285714284,0.2857142857142857,0.8571428571428571,0.0,0.8571428571428571,0.0,0.8571428571428571,0.7142857142857143,0.8571428571428571,0.14285714285714285,0.14285714285714285,0.42857142857142855,0.14285714285714285,0.14285714285714285,0.0,0.2857142857142857,0.14285714285714285,0.0,0.0,0.0,0.0,0.0,0.0,0.0,0.0,0.0,0.0,0.14285714285714285,0.0,0.0,0.0,0.0,0.0,0.0,0.0,0.0,0.0,0.0,0.0,0.044917140391815435,0.0,0.0,0.0,0.0,0.0,0.0055609524283916495,0.16855332713403678,0.015177657188882228,0.0,0.006406491335828119,0.0033081894221360627,0.0,0.005450710753029998,0.0,0.0,0.0,0.0,0.0,0.0,0.0,0.0,0.0,0.0,0.0,0.004170529445233132,0.0,0.056032693551969374,0.0,0.0,0.013268534423645428,0.0,0.0,0.0,0.0,0.0,0.0,0.0,0.0,0.0,0.0,0.007167496098777715,0.0,0.1111111111111111,0.05555555555555555,0.1111111111111111,0.1111111111111111,0.05555555555555555,0.2222222222222222,0.1111111111111111,0.16666666666666666,0.0,0.05555555555555555,0.4,0.2,0.2,0.2
5.5,4.5,5.5,7.5,15.0,4.0,6.5,5.0,9.0,0.0,5.0,7.0,6.0,1.0,3.0,2.5,0.0,0.5,1.5,1.0,2.0,2.0,0.0,0.0,0.5,0.0,0.0,0.5,0.0,0.0,0.0,0.0,0.0,0.0,0.0,0.0,0.0,0.0,0.0,0.0,0.007648090483523509,0.0,0.009874466949859138,0.0,0.0,0.0,0.0,0.0,0.010059492530551665,0.003074879578051853,0.0,0.0,0.0,0.0035424128562814307,0.0,0.008058595504630022,0.009041767249143878,0.0,0.0,0.0,0.0,0.0,0.0,0.0,0.0,0.0,0.0,0.0,0.0,0.0,0.0,0.0,0.013226327485965675,0.0,0.008296703079931935,0.0,0.0,0.0,0.0,0.0,0.004781948334608798,0.0,0.0,0.004606614152225565,0.0,0.0,0.1,0.06666666666666667,0.06666666666666667,0.16666666666666666,0.03333333333333333,0.2,0.13333333333333333,0.16666666666666666,0.0,0.06666666666666667,0.8,0.1,0.1,0.0
2.0,8.333333333333334,5.0,10.333333333333334,16.333333333333332,4.333333333333333,3.6666666666666665,2.3333333333333335,11.333333333333334,0.3333333333333333,4.666666666666667,4.333333333333333,5.0,1.0,1.0,2.3333333333333335,1.0,4.0,2.3333333333333335,0.3333333333333333,0.6666666666666666,0.0,0.0,0.0,0.0,0.6666666666666666,0.3333333333333333,0.0,0.3333333333333333,0.0,0.0,0.0,0.0,0.0,0.0,0.0,0.0062992093225487334,0.005896688347183507,0.0,0.0,0.004643483507853559,0.0016117620109452016,0.0,0.0,0.0,0.0,0.0,0.0036965329422627663,0.0,0.001866891172388625,0.0,0.0,0.0,0.004301501325484594,0.0,0.0,0.0,0.0,0.0,0.0,0.0030770208292318166,0.0,0.007108291385942427,0.0,0.0,0.0,0.0031211126799966806,0.0,0.004200318941270512,0.0,0.0,0.0,0.0,0.008908873113019073,0.005037284012815818,0.0,0.004495867783424288,0.0,0.015605563399983402,0.0,0.005806651549167826,0.019742213007807846,0.0,0.0,0.00240623083316109,0.0,0.05454545454545454,0.14545454545454545,0.0,0.03636363636363636,0.12727272727272726,0.05454545454545454,0.2727272727272727,0.01818181818181818,0.03636363636363636,0.2545454545454545,0.7142857142857143,0.0,0.2857142857142857,0.0
15.0,10.0,12.0,15.0,45.0,8.0,12.0,3.0,30.0,0.0,12.0,8.0,9.0,2.0,6.0,2.0,2.0,13.0,9.0,1.0,1.0,0.0,0.0,1.0,0.0,1.0,0.0,2.0,0.0,0.0,0.0,0.0,0.0,1.0,0.0,0.0,0.0,0.0,0.0,0.0,0.0,0.002070153041580993,0.0,0.0,0.0,0.0,0.0,0.009495680952601601,0.0,0.0,0.0,0.0,0.0,0.0,0.0,0.0,0.0023503064714899993,0.0,0.0,0.0,0.0,0.0,0.0,0.0,0.0,0.0,0.0,0.0,0.0,0.0,0.0,0.0068104350894561206,0.010314108589973234,0.0,0.0,0.0,0.0,0.0,0.0,0.0,0.0,0.0,0.0,0.0,0.0,0.0,0.07058823529411765,0.10588235294117647,0.07058823529411765,0.11764705882352941,0.07058823529411765,0.17647058823529413,0.12941176470588237,0.12941176470588237,0.047058823529411764,0.08235294117647059,0.2,0.1,0.2,0.5
5.666666666666667,14.666666666666666,13.833333333333334,19.5,31.166666666666668,8.0,11.833333333333334,6.833333333333333,20.5,0.0,9.5,15.0,14.333333333333334,2.3333333333333335,5.333333333333333,4.666666666666667,1.1666666666666667,5.666666666666667,1.8333333333333333,1.5,1.6666666666666667,3.3333333333333335,0.0,0.3333333333333333,0.0,0.3333333333333333,0.0,0.16666666666666666,0.6666666666666666,0.16666666666666666,0.0,0.3333333333333333,0.0,0.0,0.5,0.0,0.004561496405983566,0.004270015699684608,0.0,0.0,0.0033625225401698188,0.0038904600264194522,0.0,0.0,0.0,0.002086898821269783,0.0,0.0017845331445406458,0.0049141199143499514,0.00045062890368001294,0.0,0.0018448703996830987,0.014314770583769627,0.0005191467116964166,0.0016084645121420167,0.00708600639200226,0.003533564212309102,0.0,0.002061506899157312,0.0,0.0014854583313532908,0.001727156182458009,0.0017157944724688619,0.0034223198974167634,0.0008635780912290045,0.002134266131037271,0.0015067440524121907,0.0,0.0016897834821203207,0.0015561840105677808,0.004540580339556139,0.0,0.0,0.002150417647970121,0.0,0.0024795598359983765,0.0005426047324822417,0.0,0.0030134881048243813,0.003927346464126674,0.002803211092701709,0.0031769078403368948,0.0017424430171166514,0.0040506434786811,0.0017424430171166514,0.0,0.05639097744360902,0.13157894736842105,0.03759398496240601,0.07518796992481203,0.11654135338345864,0.11654135338345864,0.19548872180451127,0.07894736842105263,0.041353383458646614,0.15037593984962405,0.5660377358490566,0.1509433962264151,0.11320754716981132,0.16981132075471697
0.7777777777777778,4.444444444444445,3.111111111111111,4.611111111111111,7.388888888888889,1.4444444444444444,3.6666666666666665,1.3888888888888888,3.8333333333333335,0.05555555555555555,2.0,2.3333333333333335,1.9444444444444444,0.7222222222222222,1.5555555555555556,0.8333333333333334,0.2222222222222222,0.4444444444444444,0.6111111111111112,0.5,0.16666666666666666,0.2222222222222222,0.0,0.1111111111111111,0.05555555555555555,0.3333333333333333,0.05555555555555555,0.1111111111111111,0.05555555555555555,0.05555555555555555,0.0,0.0,0.0,0.0,0.05555555555555555,0.0,0.014062016255347972,0.013163450068883456,0.0015160182540477718,0.0,0.008885025390881525,0.0005140015524654401,0.0,0.0,0.0,0.0009190594657072696,0.0,0.0023576975485958417,0.0025969836449412044,0.002976819637066145,0.0,0.0016249427969873913,0.0014548040894666872,0.0013717771880816473,0.0014167189324865144,0.0007801601570541592,0.0035013677274589056,0.0,0.0,0.0012408363905277264,0.005887693614019877,0.003422837992570542,0.0,0.0015071720125297819,0.0011409459975235139,0.0,0.000995343451479579,0.0,0.0013395094573527826,0.0005140015524654401,0.0,0.0,0.006402265582614365,0.0014205492435337929,0.0,0.0016379780237802486,0.0,0.0,0.003981373805918316,0.0,0.0037035590746400714,0.0,0.0015347258161391918,0.000891941236763492,0.004604177448417576,0.001634259392093371,0.0794392523364486,0.1308411214953271,0.06074766355140187,0.08878504672897196,0.07476635514018691,0.13551401869158877,0.18691588785046728,0.09345794392523364,0.06542056074766354,0.08411214953271028,0.5151515151515151,0.12121212121212122,0.21212121212121213,0.15151515151515152
5.0,12.0,20.5,20.0,31.5,7.5,16.0,7.5,21.5,0.0,10.0,15.0,7.0,5.0,9.5,6.0,1.5,2.5,2.0,1.5,1.5,0.0,0.0,0.0,0.5,1.0,1.0,0.5,0.5,0.0,0.0,0.0,0.0,0.0,0.5,0.0,0.016407242886638564,0.015358816160105879,0.0,0.0,0.00907099103859765,0.002099038897975146,0.0039038590266884964,0.0,0.0,0.0,0.0,0.0024070447065897083,0.003977008674869263,0.0,0.0,0.0016589532276220112,0.002970506954771515,0.0,0.0007231855946064882,0.0015929781811477948,0.00238310144551079,0.0,0.0,0.0,0.0,0.002329652525175919,0.006942982283943766,0.003077434946514299,0.0,0.0,0.004064704885577072,0.0,0.0,0.004198077795950292,0.0,0.0,0.0,0.011602253356489955,0.0,0.001672261284743091,0.0014637709062311636,0.0,0.0,0.0,0.001890537713682548,0.004285131505570695,0.0031336959687679315,0.001821219548554293,0.0,0.0033369296424604175,0.03278688524590164,0.13114754098360656,0.01639344262295082,0.01639344262295082,0.14754098360655737,0.18032786885245902,0.21311475409836064,0.08196721311475409,0.01639344262295082,0.16393442622950818,0.5263157894736842,0.10526315789473684,0.10526315789473684,0.2631578947368421
0.75,3.25,2.25,6.75,13.25,0.0,2.5,0.5,4.0,4.75,3.25,2.75,2.25,0.25,0.5,0.75,1.0,0.25,0.75,0.25,0.0,0.25,0.5,0.0,0.0,0.5,0.0,0.0,0.0,0.0,0.0,0.0,0.0,0.0,0.0,0.0,0.0,0.0,0.0,0.0,0.005856645865761245,0.0,0.0,0.0,0.0,0.0,0.0,0.0,0.0,0.0,0.0,0.0,0.0,0.0027126584935488435,0.0014007648904540086,0.0,0.002307958607138828,0.0,0.0,0.0,0.0,0.0,0.0,0.0,0.0,0.0,0.003936538515311129,0.0,0.0017658998551888037,0.0,0.0,0.0,0.0,0.0,0.006353331187335266,0.0,0.0,0.0,0.0,0.0,0.0,0.0,0.0,0.0,0.0,0.0,0.0847457627118644,0.06779661016949153,0.0847457627118644,0.1016949152542373,0.1016949152542373,0.1694915254237288,0.13559322033898305,0.15254237288135594,0.01694915254237288,0.0847457627118644,0.4444444444444444,0.0,0.3333333333333333,0.2222222222222222
3.5,11.75,13.5,10.75,31.5,7.25,14.75,4.0,20.75,0.0,6.75,9.75,10.5,5.25,7.25,9.75,0.0,1.0,2.5,1.0,1.75,0.75,0.0,1.5,0.25,0.75,0.5,0.25,3.0,0.0,0.0,0.0,0.0,0.0,0.25,0.0,0.005494637415307307,0.005143528776359445,0.0,0.0,0.0,0.0,0.005229468478118547,0.0032883264772824382,0.0,0.001256906870546702,0.0,0.0,0.010654914206814848,0.008956424939185303,0.0,0.00333341069101619,0.001989591885594628,0.0037520883836002694,0.0014531299330878033,0.0032008440088483726,0.0015961582890492829,0.0,0.0,0.006787877575597158,0.0013420028538705742,0.003120718335905437,0.0,0.0020612103224316954,0.0015603591679527185,0.0,0.004083698833640516,0.0,0.0024425530707284384,0.0028117966546084513,0.0,0.004625155294396991,0.0,0.0,0.008787785193697377,0.0022401007864159784,0.002941221914389721,0.0,0.0068061647227341945,0.0023653800095466988,0.003798744004128484,0.0,0.001049446469291441,0.0024396398937020125,0.0,0.0022350151810871955,0.10126582278481013,0.05907172995780591,0.05063291139240506,0.13924050632911392,0.05485232067510549,0.22362869198312235,0.11814345991561181,0.17721518987341772,0.02531645569620253,0.05063291139240506,0.6739130434782609,0.10869565217391304,0.13043478260869565,0.08695652173913043
0.0,1.0,0.5,2.0,3.0,1.0,2.5,2.5,2.0,0.0,0.0,1.0,0.0,0.0,1.5,0.0,0.0,0.5,0.0,0.0,0.0,0.5,0.0,0.0,0.0,0.0,0.0,0.0,0.0,0.0,0.0,0.0,0.0,0.0,0.0,0.0,0.0,0.0,0.0,0.0,0.0,0.02149016014593602,0.0,0.0,0.0,0.0,0.0,0.02464355294841844,0.0,0.0,0.0,0.0,0.0,0.0,0.0,0.0,0.0,0.0,0.0,0.0,0.0,0.0,0.0,0.0,0.023851204424420125,0.0,0.0,0.0,0.0,0.0,0.0,0.0,0.0,0.0,0.0,0.0,0.0,0.1025792898988463,0.0,0.0,0.0,0.0,0.0,0.018645819187579665,0.0,0.0,0.1111111111111111,0.1111111111111111,0.0,0.1111111111111111,0.0,0.3333333333333333,0.1111111111111111,0.2222222222222222,0.0,0.0,0.0,0.0,0.0,0.0
2.723404255319149,8.872340425531915,10.638297872340425,9.638297872340425,20.06382978723404,5.404255319148936,10.72340425531915,4.25531914893617,14.212765957446809,0.0425531914893617,3.8085106382978724,11.063829787234043,7.404255319148936,3.4680851063829787,4.8936170212765955,2.851063829787234,0.6382978723404256,2.0,1.4680851063829787,1.1063829787234043,0.6595744680851063,1.2340425531914894,0.0,0.6170212765957447,0.0,0.44680851063829785,0.3829787234042553,0.40425531914893614,0.23404255319148937,0.02127659574468085,0.0,0.1276595744680851,0.0,0.02127659574468085,0.0,0.0,0.009883791923304954,0.009550673823348559,0.0,0.0023700123189955608,0.0018802247031077318,0.002039467475888722,0.0006068905934475971,0.004197787704730401,0.0,0.002625599384677818,0.0,0.00037419711635342537,0.0007213061045647434,0.0025512829470820692,0.0,0.0007736983599538664,0.0002308962383499189,0.0013063127669584451,0.0015177485092880201,0.001362036658862811,0.0033342742567341855,0.0,0.0008645509772315552,0.002757115132387349,0.001557421967073226,0.001267580278521243,0.0016190251529803793,0.0,0.0007243315877264246,0.0,0.0011058172185093083,0.0,0.0029763648318475062,0.002284203572995369,0.0,0.005367588031458547,0.0014225713763827868,0.0,0.0002549601452618274,0.0007799049375699882,0.0034133486425130173,0.0,0.001263791106867781,0.0002745072245352459,0.002204260349467179,0.0,0.0024358085078998743,0.001698751422729601,0.0019486468063198994,0.0007781343526344792,0.07076205287713841,0.11119751166407466,0.05054432348367029,0.08398133748055987,0.09409020217729394,0.1423017107309487,0.18584758942457233,0.09564541213063764,0.05754276827371695,0.10808709175738725,0.5957446808510638,0.1879432624113475,0.09929078014184398,0.11702127659574468
0.8,5.2,4.6,6.4,7.8,1.8,3.2,0.8,5.0,0.0,3.2,1.6,2.4,0.4,1.0,1.8,0.2,0.8,1.2,0.2,0.0,0.6,0.0,0.6,0.0,0.2,0.0,0.0,0.0,0.0,0.0,0.0,0.0,0.0,0.0,0.0,0.026130053486128083,0.02446033684757603,0.0,0.0,0.0,0.0016714569002394685,0.0,0.0,0.0,0.0029886452255221585,0.0,0.00766688313950796,0.002111251518757757,0.0,0.0,0.002642036621768388,0.0,0.0,0.0011517400210399626,0.0,0.0,0.0,0.0,0.0,0.00638196912729562,0.0,0.0,0.0,0.0,0.0,0.0,0.0,0.0014519621031552385,0.0,0.0,0.0,0.0,0.004619415688232112,0.0,0.002663230934961219,0.004662381405032595,0.0,0.0032367094459224838,0.0,0.003010856358827762,0.0,0.0,0.0,0.0,0.0,0.05084745762711865,0.13559322033898305,0.06779661016949153,0.1016949152542373,0.06779661016949153,0.1864406779661017,0.2033898305084746,0.0847457627118644,0.03389830508474576,0.06779661016949153,0.5,0.0,0.0,0.5
2.92,5.92,6.8,8.16,16.28,3.6,8.64,2.32,9.72,0.0,2.6,8.48,5.88,1.52,4.6,2.36,0.44,2.0,1.12,1.08,0.88,0.88,0.04,0.32,0.28,0.36,0.16,0.28,0.08,0.08,0.0,0.0,0.0,0.0,0.04,0.0,0.01437040891764977,0.013452136366645051,0.0005707821728361679,0.0,0.005017829519635922,0.0025157863292626648,0.0,0.0,0.0,0.002422186739381166,0.0,0.0026630254472561955,0.0024444164239476604,0.0033623254391218806,0.0,0.0030589617833510496,0.0005477349873721061,0.005422990521837354,0.001733536652594455,0.00499342645977289,0.0008788453015177013,0.0,0.002563623502382592,0.0023358798260792106,0.0011083608475792137,0.0025774028794827925,0.0034139306827853854,0.0005674515553178168,0.0008591342931609308,0.0,0.001124242989364156,0.0,0.003698394036338815,0.0017416982279510754,0.0,0.0006366530229422959,0.0,0.0,0.0,0.001233400261474321,0.0016194377950584915,0.0,0.0037474766312138533,0.0006511895223537652,0.0020915897518443286,0.0,0.001733476758023427,0.0036939830465959715,0.001733476758023427,0.00246120025087132,0.09164420485175202,0.11859838274932614,0.04851752021563342,0.05390835579514825,0.08355795148247978,0.14555256064690028,0.23450134770889489,0.0673854447439353,0.0431266846361186,0.11320754716981132,0.5420560747663551,0.12149532710280374,0.2336448598130841,0.102803738317757
1.1666666666666667,7.666666666666667,6.166666666666667,6.666666666666667,12.166666666666666,3.5,4.0,2.3333333333333335,9.0,0.0,1.6666666666666667,4.833333333333333,3.3333333333333335,1.5,1.3333333333333333,2.3333333333333335,1.0,2.1666666666666665,0.8333333333333334,0.5,0.16666666666666666,0.3333333333333333,0.0,0.16666666666666666,0.0,0.0,0.16666666666666666,0.3333333333333333,0.16666666666666666,0.0,0.0,0.0,0.0,0.0,0.0,0.0,0.0,0.0,0.0,0.0,0.0030236636795325502,0.006297116693925439,0.0,0.0,0.0,0.007506364752474258,0.0,0.007221134119769125,0.0013256695582897543,0.0036469501972242906,0.0,0.0033179064552440224,0.0,0.001400488803646147,0.0007231855946064882,0.0031859563622955896,0.00238310144551079,0.0,0.002780637212816839,0.0,0.0,0.004659305050351838,0.0023143274279812556,0.0,0.0,0.0,0.0,0.0,0.0027350914036180073,0.001049519448987573,0.0,0.0,0.0,0.005801126678244978,0.006560183830643856,0.0,0.004391312718693491,0.0,0.002032352442788536,0.0,0.0,0.004285131505570695,0.0031336959687679315,0.001821219548554293,0.006267391937535863,0.0,0.07936507936507936,0.09523809523809523,0.06349206349206349,0.1111111111111111,0.10317460317460317,0.1111111111111111,0.16666666666666666,0.0873015873015873,0.047619047619047616,0.1349206349206349,0.72,0.12,0.12,0.04
1.21875,6.8125,4.3125,7.0625,12.4375,2.40625,4.90625,1.46875,5.71875,0.09375,3.15625,2.90625,3.625,0.71875,2.34375,1.0,0.5625,2.375,1.25,0.34375,0.34375,0.625,0.0,0.03125,0.0625,0.15625,0.03125,0.15625,0.0625,0.0,0.0,0.0,0.0,0.0,0.15625,0.0,0.01212218976160581,0.012056802634275556,0.0,0.025745524101489333,0.0,0.0034893816731803337,0.002163220852417595,0.0018136646034495924,0.0,0.002772969796876229,0.0,0.00400140163853186,0.0009794465808670007,0.0011227008768660118,0.0,0.0036770612777188906,0.006035437240579581,0.0015520881071336165,0.003339452380592675,0.001471178303035979,0.001320533017486649,0.0,0.0030816340245135073,0.0004679786730598556,0.0018504420794349414,0.0008606104689223756,0.0,0.002842132789950921,0.007745494220301381,0.0,0.0007507831188995451,0.0,0.00252596499904584,0.001356981761792352,0.0033937327280187638,0.0006377469284799974,0.00048292003277795637,0.0016072709224518947,0.000605858901885064,0.002162159135342227,0.0002703700557042098,0.0,0.001876957797248863,0.004566158832862055,0.0017459862905573362,0.0007914976578158931,0.001736455240425529,0.0016819682256837328,0.0011576368269503527,0.000616357279320438,0.08289241622574955,0.09876543209876543,0.08112874779541446,0.09876543209876543,0.06878306878306878,0.1675485008818342,0.16049382716049382,0.1146384479717813,0.03880070546737213,0.08818342151675485,0.4318181818181818,0.16666666666666666,0.19696969696969696,0.20454545454545456
3.3333333333333335,8.222222222222221,7.518518518518518,7.666666666666667,16.61111111111111,4.62962962962963,10.074074074074074,2.6666666666666665,10.277777777777779,0.018518518518518517,4.5,10.833333333333334,5.407407407407407,3.111111111111111,3.3518518518518516,2.7037037037037037,0.5370370370370371,2.185185185185185,1.1111111111111112,0.9629629629629629,0.9074074074074074,1.0185185185185186,0.05555555555555555,0.3333333333333333,0.09259259259259259,0.46296296296296297,0.16666666666666666,0.3148148148148148,0.05555555555555555,0.05555555555555555,0.0,0.09259259259259259,0.0,0.0,0.18518518518518517,0.0,0.0030139757524156622,0.003667796579587828,0.00022745455007757071,0.0016002963759256228,0.010664459730955542,0.002313533987002682,0.0008605567574210801,0.01082248256193776,0.0,0.0044124905585289555,0.0,0.00017686760489295534,0.0020455905863562,0.001786498729558493,0.0,0.0015846802020517846,0.002182703333136964,0.002675574987143528,0.00212556258155017,0.00152165892560085,0.002363961703894418,0.0,0.0008172754624136985,0.003909525182595732,0.0013250328929706387,0.003423617859964611,0.0015304933606096137,0.002261273115176262,0.0013694471439858445,0.0,0.003733388373201771,0.0,0.0026126385759098875,0.0019279449891689015,0.0,0.0035518537069412297,0.002881675930383841,0.0014919165500271174,0.0016871286167325706,0.005529435382737323,0.0007528965187552635,0.0,0.001941361954064921,0.003892448648655965,0.0030561323942988558,0.002204074817458611,0.0024177438993484637,0.0013382166881038037,0.0023026132374747276,0.002942337142019097,0.07675438596491228,0.11239035087719298,0.05646929824561404,0.09484649122807018,0.08991228070175439,0.14089912280701755,0.16063596491228072,0.1074561403508772,0.0581140350877193,0.1025219298245614,0.5013054830287206,0.12010443864229765,0.17232375979112272,0.206266318537859
1.75,7.75,8.75,10.0,14.0,4.0,8.25,2.5,9.25,0.0,2.5,9.5,6.25,2.5,3.75,3.0,0.0,1.0,0.0,2.0,1.75,0.0,0.0,0.25,0.25,0.5,0.25,0.5,0.0,0.0,0.0,0.0,0.0,0.0,0.0,0.0,0.015118102374116963,0.014152052033240417,0.0,0.0,0.0,0.0012894096087561612,0.0,0.0,0.0,0.0,0.0,0.0029572263538102128,0.0016286797430416981,0.0,0.0,0.0,0.0,0.0017206005301938377,0.0035539406363518846,0.001957087479695862,0.0029278103473418275,0.0,0.0,0.0,0.00738484999015636,0.0,0.0028433165543769712,0.0,0.002862144530930415,0.0,0.0024968901439973443,0.0,0.004480340204021879,0.0012894096087561612,0.0,0.0,0.0,0.0,0.008059654420505309,0.0,0.0017983471133697154,0.0,0.0,0.008677565520737032,0.0,0.0,0.001924984666528872,0.00671249490752868,0.0,0.0,0.09302325581395349,0.09883720930232558,0.05813953488372093,0.06976744186046512,0.10465116279069768,0.13953488372093023,0.16279069767441862,0.08139534883720931,0.0755813953488372,0.11627906976744186,0.5,0.15384615384615385,0.3076923076923077,0.038461538461538464
3.875,16.125,10.375,12.25,28.0,10.5,14.125,5.125,14.0,0.5,3.875,17.0,10.5,3.75,5.0,6.0,1.5,2.0,2.625,1.5,1.875,1.625,0.0,1.25,0.125,0.875,0.375,1.0,0.0,0.125,0.0,0.0,0.0,0.0,0.0,0.0,0.014414238271508248,0.01594646774424069,0.0,0.002783041424046581,0.0,0.004693987431578893,0.0,0.0,0.0,0.0,0.0,0.0007689667339031014,0.0008470102675551179,0.008155512699587752,0.0,0.0,0.0,0.00402666543098855,0.0032344556311523468,0.002544504524121663,0.0007613176980457946,0.0,0.0,0.0,0.0019202804580644322,0.0007442426343429756,0.0007393468009152599,0.0,0.0022327279030289267,0.0,0.001947796917679949,0.0,0.002038787797149629,0.0010058544496240485,0.0,0.002206054754088312,0.002505730690134656,0.0,0.0,0.00320537452796224,0.0014028710765514123,0.0,0.0012985312784532994,0.002256424912524488,0.0012079215704063828,0.0013689498866236247,0.0010011064387594431,0.0017454481557466848,0.0025027660968986076,0.0010660325009346058,0.08878504672897196,0.1261682242990654,0.0794392523364486,0.10514018691588785,0.056074766355140186,0.1588785046728972,0.14485981308411214,0.11448598130841121,0.056074766355140186,0.07009345794392523,0.4691358024691358,0.1111111111111111,0.09876543209876543,0.32098765432098764
3.0,17.0,11.0,18.0,31.0,11.0,14.0,7.0,20.0,0.0,7.0,9.0,9.0,3.0,7.0,4.0,1.0,10.0,6.0,1.0,1.0,2.0,0.0,1.0,0.0,0.0,0.0,0.0,0.0,0.0,0.0,0.0,0.0,0.0,0.0,0.0,0.0,0.0,0.0070056001423891776,0.0,0.0,0.004750456453312173,0.0,0.0,0.0,0.0,0.0,0.01634256669210907,0.0,0.0,0.0,0.01126341928227576,0.0,0.0,0.004910049563380894,0.003605161146808167,0.0,0.0,0.0,0.0,0.004534557011499519,0.0,0.0,0.0,0.0,0.0,0.0,0.0,0.0020633145676416547,0.0023752282266560863,0.0,0.0,0.0,0.0,0.0,0.003784591328629101,0.0,0.0,0.004599534475784582,0.0,0.0,0.00969792919681789,0.0,0.004121707399359716,0.0,0.0,0.08333333333333333,0.10416666666666667,0.08333333333333333,0.125,0.08333333333333333,0.20833333333333334,0.08333333333333333,0.08333333333333333,0.041666666666666664,0.10416666666666667,0.3333333333333333,0.0,0.3333333333333333,0.3333333333333333
2.0476190476190474,6.119047619047619,4.190476190476191,6.238095238095238,11.476190476190476,3.4285714285714284,7.380952380952381,1.619047619047619,5.071428571428571,0.0,2.238095238095238,7.261904761904762,4.571428571428571,2.3333333333333335,2.4285714285714284,1.7142857142857142,0.35714285714285715,1.119047619047619,0.9523809523809523,0.5952380952380952,0.6190476190476191,0.5476190476190477,0.0,0.09523809523809523,0.07142857142857142,0.19047619047619047,0.07142857142857142,0.16666666666666666,0.14285714285714285,0.023809523809523808,0.0,0.0,0.0,0.023809523809523808,0.07142857142857142,0.0,0.012513294194792756,0.011713691716702373,0.0,0.003796595023750032,0.010102714118438149,0.002591887558141608,0.0005671146559040721,0.011411381613055814,0.0,0.0016356774545087489,0.0013785275868422667,0.0017483601753945518,0.001348062625152757,0.0014127825088346352,0.004014530257753241,0.000963986334969547,0.0012945790444781264,0.001424145709113143,0.003046663636737469,0.002545536080009821,0.004846713074991539,0.0,0.006463102710871573,0.0025764123162781783,0.000291069537900307,0.001692146259840617,0.0023534207966971555,0.001341179419257921,0.0050764387795218515,0.0,0.0020666827205383428,0.0,0.004105717163313968,0.0016771037140916288,0.0,0.0050157934104778186,0.0015192403193338953,0.002106828101051808,0.000476499839050145,0.002915158185565659,0.0012758543709717575,0.0,0.0020666827205383428,0.002052126981255379,0.001373194623114013,0.000622502211957905,0.003186630022294417,0.0013228452801999089,0.0020485478714749824,0.001939026684132405,0.06835443037974684,0.11012658227848102,0.056962025316455694,0.09113924050632911,0.10253164556962026,0.13164556962025317,0.17848101265822786,0.10632911392405063,0.04810126582278481,0.10632911392405063,0.5915492957746479,0.10328638497652583,0.1267605633802817,0.1784037558685446
1.5172413793103448,2.8275862068965516,3.3448275862068964,4.206896551724138,7.068965517241379,1.0344827586206897,2.586206896551724,1.0689655172413792,4.413793103448276,0.0,2.1379310344827585,3.896551724137931,2.310344827586207,0.8275862068965517,1.5517241379310345,2.310344827586207,0.2413793103448276,0.6896551724137931,0.6896551724137931,0.6206896551724138,0.6206896551724138,0.41379310344827586,0.0,0.27586206896551724,0.0,0.2413793103448276,0.06896551724137931,0.034482758620689655,0.20689655172413793,0.0,0.0,0.10344827586206896,0.034482758620689655,0.0,0.0,0.0,0.017096400099970713,0.017337597402058133,0.0,0.0,0.0,0.000729068437907361,0.0,0.0,0.0,0.001955414081319021,0.00329599487645647,0.0016720989076471318,0.0032231545803329243,0.0012667112962895357,0.0,0.004033480787675487,0.0,0.0014593138584034972,0.0010047489682739577,0.0022131845489290853,0.001655466270710242,0.0,0.004829054933405658,0.000880011591989777,0.0006959336285823172,0.0008091684861273387,0.0,0.0,0.0,0.0,0.0035295296865875225,0.0,0.0012666551465328414,0.0010936026568610414,0.0,0.002398505411149328,0.0,0.0,0.0,0.001742501661808229,0.0025420900229378043,0.0,0.0007059059373175045,0.0,0.0006566488020060547,0.0,0.0010884404414945158,0.002530288871981732,0.0010884404414945158,0.0,0.06544502617801047,0.09162303664921466,0.07068062827225131,0.08638743455497382,0.10209424083769633,0.1387434554973822,0.17015706806282724,0.0968586387434555,0.0549738219895288,0.12303664921465969,0.515625,0.03125,0.265625,0.1875
3.0,14.0,10.0,19.5,23.0,8.0,12.5,3.5,18.5,0.5,10.5,14.0,11.0,3.0,6.0,2.5,1.0,1.5,3.5,1.0,0.0,3.0,0.0,1.5,0.0,0.5,0.0,0.5,1.0,0.0,0.0,0.0,0.0,0.0,0.5,0.0,0.02688686905965923,0.030202550070939912,0.0,0.0,0.011891848007917651,0.0,0.0,0.0,0.0,0.0,0.0,0.0,0.010427522745084043,0.007968437930927058,0.0,0.0,0.0038942621663163152,0.0,0.0009480786758560668,0.006265066627075168,0.0031241878706391455,0.0,0.0036453475655830515,0.0,0.0,0.0,0.003034026811072988,0.0040344421554913065,0.0,0.0,0.0,0.0,0.0011952127068655927,0.0,0.0,0.0,0.0,0.0,0.0,0.002192293757437589,0.0019189679563396352,0.0,0.0026643644829239957,0.0,0.0,0.0,0.0,0.002387574408165689,0.0,0.0,0.0967741935483871,0.08602150537634409,0.021505376344086023,0.10752688172043011,0.0967741935483871,0.15053763440860216,0.13978494623655913,0.11827956989247312,0.043010752688172046,0.13978494623655913,0.7142857142857143,0.14285714285714285,0.14285714285714285,0.0
0.547945205479452,2.506849315068493,1.8356164383561644,2.164383561643836,5.52054794520548,1.6986301369863013,2.6301369863013697,0.726027397260274,2.4657534246575343,0.0273972602739726,1.1917808219178083,2.73972602739726,2.2465753424657535,0.3150684931506849,1.0684931506849316,0.7945205479452054,0.1232876712328767,0.7945205479452054,0.3698630136986301,0.2328767123287671,0.2465753424657534,0.3424657534246575,0.0,0.1506849315068493,0.0273972602739726,0.136986301369863,0.0,0.0684931506849315,0.0410958904109589,0.0,0.0,0.0136986301369863,0.0,0.0,0.0,0.0,0.011410767349533751,0.010681616599334266,0.0,0.0025965622158734044,0.009012306253689902,0.003545280578604048,0.0007757206014214665,0.005853342694312363,0.0,0.001864450579692659,0.0,0.0004782944657271601,0.0036878607860001485,0.0007246712499105568,0.0,0.0013185765025461457,0.0,0.004174285020109819,0.004167340279456057,0.003165344814665212,0.0014206103811039367,0.0,0.0022101183022388924,0.000503444709280658,0.0027869504737959155,0.001388748501606717,0.004138838792184593,0.0,0.004166245504820151,0.0,0.0020192041367815866,0.0,0.00543479345450898,0.0027110969130501542,0.0,0.00137215790157249,0.0,0.0017290788851515762,0.0006517742715288489,0.0016614425888159179,0.0011634408312003704,0.0019909104324175343,0.0028268857914942208,0.0028069759078169693,0.0007513227512786466,0.000851481768667005,0.0015567112599008902,0.004342649200804137,0.000934026755940534,0.005304546196887171,0.09148936170212765,0.08085106382978724,0.05319148936170213,0.14042553191489363,0.06382978723404255,0.16595744680851063,0.13191489361702127,0.13404255319148936,0.04042553191489362,0.09787234042553192,0.37888198757763975,0.13664596273291926,0.18633540372670807,0.2981366459627329
1.8823529411764706,3.8823529411764706,4.529411764705882,7.0588235294117645,11.235294117647058,2.411764705882353,6.647058823529412,1.0,7.588235294117647,0.11764705882352941,3.0,4.882352941176471,2.9411764705882355,1.588235294117647,3.3529411764705883,1.7058823529411764,0.4117647058823529,0.8235294117647058,0.7647058823529411,0.4117647058823529,0.7058823529411765,0.7647058823529411,0.23529411764705882,0.35294117647058826,0.11764705882352941,0.4117647058823529,0.29411764705882354,0.47058823529411764,0.4117647058823529,0.0,0.0,0.0,0.0,0.0,0.11764705882352941,0.0,0.019722764013091882,0.018462474697251874,0.0,0.010471971364763133,0.006230872438653338,0.0010813738731581225,0.0013407822535751225,0.001686186580203934,0.0,0.0045116130001892005,0.0,0.0008267006580140371,0.005918923986293711,0.0016700623906351917,0.0,0.0017093048431568645,0.00408088814872764,0.0009619971015460754,0.0024837843904216444,0.0010942182394465684,0.0028646706673272674,0.0,0.001910022366631375,0.003480684827103335,0.002752606492603542,0.005600841933529965,0.0007948568642427634,0.0021138930143788314,0.0008001202762185664,0.0,0.0020940372613396257,0.0,0.0012524912710923783,0.003244121619474367,0.0,0.005929212657753331,0.007183628347010111,0.0009961998688679473,0.002253098280492698,0.0,0.003016396915396487,0.0,0.0020940372613396257,0.009703348026383262,0.0032465304188638005,0.0,0.002152538764489154,0.0006254987267398929,0.0026906734556114424,0.0,0.0498220640569395,0.13523131672597866,0.03558718861209965,0.07473309608540925,0.099644128113879,0.13167259786476868,0.19572953736654805,0.09608540925266904,0.08185053380782918,0.099644128113879,0.6081081081081081,0.05405405405405406,0.06756756756756757,0.2702702702702703
2.4,10.0,7.8,9.2,14.8,5.8,3.8,1.4,7.0,0.0,1.2,5.6,5.2,0.8,2.2,4.8,0.6,2.6,1.4,0.6,0.6,1.0,0.0,0.2,0.0,0.6,0.2,0.2,0.2,0.0,0.0,0.0,0.0,0.0,0.2,0.0,0.004617221492967658,0.004322179940343933,0.0,0.0049031070114747355,0.0,0.0,0.0,0.0,0.0,0.0021123932222277034,0.0,0.0,0.0014922458378654304,0.005473607625851466,0.0,0.0037348161668977215,0.003343764373172124,0.0015764664543660818,0.004070285414670025,0.0017931429787789316,0.001341274373782251,0.0,0.0,0.0,0.0,0.002622383732527867,0.0,0.0034641283429349442,0.007867151197583602,0.0,0.0,0.0,0.005131279683925581,0.0011813962383891532,0.0,0.003886583375658205,0.0,0.0,0.0,0.0,0.0,0.022556702490845786,0.002287726571725316,0.0,0.0,0.0,0.005291188219516533,0.0,0.0,0.0,0.08955223880597014,0.16417910447761194,0.0,0.1044776119402985,0.08955223880597014,0.16417910447761194,0.19402985074626866,0.08955223880597014,0.029850746268656716,0.07462686567164178,0.5882352941176471,0.17647058823529413,0.058823529411764705,0.17647058823529413
5.0,3.0,4.0,5.0,10.0,3.0,5.0,1.0,6.0,0.0,3.0,5.0,1.0,0.0,2.0,1.0,1.0,3.0,1.0,0.0,0.0,0.0,0.0,0.0,2.0,0.0,0.0,1.0,0.0,0.0,0.0,0.0,0.0,0.0,0.0,0.0,0.0,0.0,0.0,0.0,0.0,0.0,0.0,0.0,0.0,0.0,0.0,0.0,0.0,0.018025156147200516,0.0,0.0,0.0,0.0,0.0,0.0,0.0,0.0,0.0,0.0,0.0,0.0,0.0,0.0,0.0,0.0,0.0,0.0,0.0,0.0,0.0,0.0,0.0,0.0,0.048635845640980314,0.0,0.0,0.0,0.0,0.026182309760844492,0.0,0.0,0.0,0.0,0.0,0.0,0.15384615384615385,0.0,0.0,0.15384615384615385,0.0,0.3076923076923077,0.07692307692307693,0.3076923076923077,0.0,0.0,1.0,0.0,0.0,0.0
7.75,7.25,10.25,12.25,23.0,3.75,8.75,5.5,18.0,0.0,5.0,8.75,5.25,2.0,4.5,3.25,0.25,1.75,1.75,0.5,1.0,1.5,0.0,0.5,0.0,0.25,0.0,1.25,0.0,0.5,0.0,0.0,0.0,0.0,0.0,0.0,0.02499281431618526,0.023395767531335373,0.0,0.0,0.002631933972062746,0.00730839454355719,0.0,0.0,0.0,0.004900410187597061,0.0,0.0020952008579627015,0.0,0.0,0.0,0.004332084339336831,0.0,0.0012190489586393588,0.0006294935337667812,0.0027732008821601288,0.0010371797789166394,0.0,0.0024203927156097992,0.0022053731799257974,0.0017440603890382766,0.004055670387958078,0.004028991068955223,0.0,0.0,0.0,0.0017690517214556084,0.0,0.004761495156096127,0.0,0.010662091485597412,0.0030054146751041177,0.0,0.0,0.0,0.001455612049472731,0.0012741325702012153,0.0,0.0070762068858224334,0.0,0.004936829252328921,0.0,0.0,0.0031705441533536275,0.0013638555329658002,0.00290461487096757,0.08759124087591241,0.08759124087591241,0.058394160583941604,0.08759124087591241,0.0948905109489051,0.13138686131386862,0.18248175182481752,0.10948905109489052,0.058394160583941604,0.10218978102189781,0.38235294117647056,0.23529411764705882,0.20588235294117646,0.17647058823529413
3.466666666666667,8.433333333333334,8.1,8.45,17.95,3.45,7.083333333333333,2.466666666666667,10.6,0.016666666666666666,4.483333333333333,5.066666666666666,4.016666666666667,1.7666666666666666,3.683333333333333,2.4833333333333334,0.6,5.25,2.283333333333333,0.5333333333333333,0.5833333333333334,0.7166666666666667,0.0,0.4,0.11666666666666667,0.7,0.35,0.18333333333333332,0.2,0.016666666666666666,0.0,0.016666666666666666,0.0,0.0,0.0,0.0,0.0060135649857267146,0.005629296751487835,0.0,0.00447013574793162,0.0,0.002308012426174513,0.00028616764089261056,0.0,0.0,0.0009629286526145379,0.0,0.004058246189596355,0.0022350616998782257,0.0040100287712404835,0.0,0.0015808981490635938,0.0,0.0022585448487031285,0.0015373549888753678,0.0009341706346996956,0.0020089390808133065,0.0,0.0010191561553965572,0.0005571706533668652,0.0011749960207090469,0.0010246340802853515,0.001187542713641933,0.0,0.0013661787737138018,0.0,0.0029795825107366875,0.0,0.0014702787065704256,0.002846548658948566,0.0,0.0022778850401488078,0.0005749596844393534,0.0040398231300086485,0.0009617726038789151,0.0018387462131934772,0.0037554981484451094,0.0,0.0007448956276841719,0.0015532635180316881,0.001524419261118045,0.0009423490695851,0.003101108949658684,0.0024030411363467827,0.0021822618534635186,0.0026907052861980525,0.08633582596872875,0.11964649898028552,0.052345343303874914,0.08769544527532291,0.08293677770224338,0.1495581237253569,0.1794697484704283,0.1026512576478586,0.04486743711760707,0.09449354180829368,0.47214076246334313,0.1348973607038123,0.2727272727272727,0.12023460410557185
1.0,7.5,4.5,9.5,13.0,4.0,7.0,3.5,6.5,0.0,2.5,6.0,5.0,1.0,2.5,0.5,0.0,0.0,0.0,0.0,0.0,0.0,0.0,0.0,0.0,0.0,0.0,0.0,0.0,0.0,0.0,0.0,0.0,0.0,0.0,0.0,0.024841952257938667,0.02325454559452651,0.0,0.0,0.0,0.015890611375516072,0.03546463481991662,0.0,0.0,0.0,0.0,0.0,0.0040143514793281295,0.0,0.0,0.010047181519400913,0.0,0.004240916799773544,0.00875971283607859,0.0,0.010824650932073658,0.0,0.0,0.0,0.0060673650153866806,0.0,0.007008174605858732,0.0,0.0,0.0,0.0,0.0,0.008282319039124951,0.0,0.0,0.0,0.007917167861317482,0.0,0.0,0.0,0.0,0.0,0.0,0.021388365720126486,0.0,0.0,0.004744680516092291,0.0055149606047770845,0.0,0.0,0.06779661016949153,0.06779661016949153,0.05084745762711865,0.11864406779661017,0.0847457627118644,0.1864406779661017,0.11864406779661017,0.1694915254237288,0.03389830508474576,0.1016949152542373,0.625,0.1875,0.0625,0.125
1.9,4.85,4.05,5.65,11.0,2.25,4.35,1.55,5.3,0.0,1.85,4.15,2.35,0.95,2.45,1.5,0.6,1.75,1.0,0.25,0.45,0.7,0.0,0.25,0.05,0.3,0.4,0.25,0.05,0.05,0.0,0.0,0.0,0.0,0.25,0.0,0.013953944701848462,0.015674741176057425,0.0,0.0,0.003085859293193821,0.0042844306620062325,0.002656106616259578,0.0,0.0,0.000638397318742866,0.0,0.005731965638318846,0.0009019587184566366,0.002894862893893754,0.0,0.006207949973617177,0.007073754694511281,0.002858592653011914,0.0012301020794335045,0.0016257451374055818,0.0012160604686348572,0.0,0.0,0.0034476403508966577,0.0006816185381209721,0.002377572592940614,0.0,0.00523456102452986,0.0007925241976468713,0.0,0.0013827714405048584,0.0,0.0009304503983827082,0.0010711076655015581,0.00208349414315076,0.0035237535985002395,0.000889428667964464,0.0019734845503523264,0.0011158540534718583,0.0005688863547781085,0.0024898001965166154,0.0,0.0020741571607572878,0.0,0.0012862835710181894,0.0,0.0015990774524171803,0.0030978022384428243,0.0031981549048343606,0.0,0.07272727272727272,0.11818181818181818,0.051515151515151514,0.11212121212121212,0.06666666666666667,0.1484848484848485,0.16363636363636364,0.12121212121212122,0.0696969696969697,0.07575757575757576,0.4098360655737705,0.22950819672131148,0.22950819672131148,0.13114754098360656
1.3478260869565217,3.130434782608696,3.5217391304347827,4.304347826086956,7.782608695652174,2.217391304347826,3.5652173913043477,1.434782608695652,4.869565217391305,0.0,2.1739130434782608,3.9130434782608696,2.391304347826087,0.6086956521739131,2.1739130434782608,1.0,0.6521739130434783,2.0869565217391304,1.0434782608695652,0.4782608695652174,0.21739130434782608,0.2608695652173913,0.0,0.2608695652173913,0.08695652173913043,0.4782608695652174,0.08695652173913043,0.043478260869565216,0.043478260869565216,0.0,0.0,0.0,0.0,0.0,0.2608695652173913,0.0,0.008002625273655379,0.00749125561348177,0.0012078620935153754,0.0,0.0023596649404700482,0.007371397944794751,0.0,0.0,0.0,0.0007322452004455378,0.0037027601243676124,0.0028176839124325983,0.0020691031218315584,0.00047434621440001364,0.0035943767583029623,0.001294645894514455,0.00695454441316743,0.002732351114191666,0.0016931205390968598,0.0012431590161407473,0.002324713297571778,0.0,0.004340014524541708,0.001977231126830025,0.0023454605231894065,0.004545147848573708,0.0009030497223520325,0.007204883994561607,0.0009090295697147415,0.0,0.008723255040281104,0.0,0.0014229755638907964,0.004095221080441529,0.0,0.005389019417428073,0.002040359049559133,0.0022635975241790747,0.0,0.0026100629852614486,0.0005711628762970965,0.0,0.0015860463709602005,0.0027560326064046833,0.0036884356482917227,0.0,0.004279684603444407,0.0014212784135723157,0.0006113835147777724,0.006510343676306623,0.0912863070539419,0.11203319502074689,0.024896265560165973,0.07883817427385892,0.07053941908713693,0.16597510373443983,0.17427385892116182,0.1078838174273859,0.058091286307053944,0.11618257261410789,0.5357142857142857,0.14285714285714285,0.17857142857142858,0.14285714285714285
2.4705882352941178,5.117647058823529,5.0,5.470588235294118,10.823529411764707,3.588235294117647,8.647058823529411,1.8235294117647058,6.352941176470588,0.0,3.4705882352941178,8.823529411764707,4.588235294117647,2.764705882352941,3.176470588235294,2.1176470588235294,0.47058823529411764,2.588235294117647,1.0588235294117647,1.0,0.47058823529411764,0.6470588235294118,0.0,0.35294117647058826,0.0,0.11764705882352941,0.11764705882352941,0.23529411764705882,0.23529411764705882,0.0,0.0,0.058823529411764705,0.0,0.0,0.0,0.0,0.00802934116986485,0.007516264357563196,0.0,0.0,0.005918856064638831,0.0010272231329241043,0.003820924237047163,0.00640699726377944,0.0,0.004285690042668345,0.0,0.0,0.0047575242873372815,0.0015864325592376783,0.0,0.0016237099117089487,0.0,0.0018276485146216791,0.0030672287358499764,0.002078848612727016,0.00233247410068962,0.0,0.0009071881650312905,0.0008265966243424461,0.0026147673207432736,0.003800267776273313,0.006040429705808437,0.0,0.0,0.0,0.00265223535781205,0.0,0.0017846575167765452,0.002739261687797611,0.0,0.0,0.006823901889572579,0.007570514329727892,0.0,0.002727892080574845,0.004775580346581186,0.0,0.0033152941972650627,0.0011521805509324588,0.0018503745452583362,0.004194096845361303,0.001533561380770346,0.0023767053289175904,0.0020447485076937944,0.0,0.08710801393728224,0.11846689895470383,0.05226480836236934,0.09059233449477352,0.06968641114982578,0.1672473867595819,0.17421602787456447,0.10452961672473868,0.04878048780487805,0.08710801393728224,0.5714285714285714,0.1,0.18571428571428572,0.14285714285714285
1.3829787234042554,4.861702127659575,4.627659574468085,4.8936170212765955,9.553191489361701,2.25531914893617,5.446808510638298,1.7872340425531914,6.595744680851064,0.031914893617021274,2.74468085106383,5.840425531914893,3.74468085106383,1.4574468085106382,2.1914893617021276,1.7553191489361701,0.3723404255319149,0.7872340425531915,0.5638297872340425,0.2872340425531915,0.43617021276595747,0.3723404255319149,0.02127659574468085,0.2872340425531915,0.0851063829787234,0.5212765957446809,0.24468085106382978,0.35106382978723405,0.1595744680851064,0.02127659574468085,0.0,0.010638297872340425,0.0,0.0,0.1276595744680851,0.0,0.013821774459016641,0.013219832819239346,0.00022675707445552704,0.0,0.00022149495437802326,0.0019220330624559474,0.00028597263738944695,0.003956075227013387,0.0,0.0019245449663498739,0.0006951348649153507,0.0005289757532369205,0.003301752801055572,0.0017810205392463886,0.0,0.002430493655459846,0.0019584091848323273,0.002051823460197081,0.002648805840551873,0.0032673692165280156,0.0018329988120070215,0.0,0.0026480003440623734,0.0029695518933787906,0.0013209697597383607,0.0017065597714235865,0.001525800195278954,0.0027052068695083108,0.0008532798857117933,0.0,0.002828674524290007,0.0,0.0015360621227587786,0.002613964964940088,0.0008972867451252335,0.0005058517374791939,0.0005745678890836878,0.0006374321477798996,0.0016819551388618406,0.00404248511592921,0.001072268295876321,0.0,0.003870817770081062,0.0007761025380556971,0.002354315278878948,0.0003139023079038158,0.0035581062405175916,0.002134581004097706,0.0018364419305897247,0.000488885773852804,0.0765262252794497,0.1358555460017197,0.049011177987962166,0.08426483233018056,0.08168529664660361,0.14789337919174547,0.19088564058469476,0.09286328460877043,0.046431642304385214,0.09458297506448839,0.5811965811965812,0.09829059829059829,0.1581196581196581,0.1623931623931624
0.46153846153846156,4.076923076923077,3.230769230769231,3.8461538461538463,8.076923076923077,2.3846153846153846,3.769230769230769,0.7692307692307693,3.6923076923076925,0.0,2.769230769230769,3.3076923076923075,2.6153846153846154,0.9230769230769231,1.6153846153846154,1.6153846153846154,0.07692307692307693,0.7692307692307693,0.6153846153846154,0.3076923076923077,0.15384615384615385,0.15384615384615385,0.0,0.3076923076923077,0.0,0.38461538461538464,0.0,0.3076923076923077,0.07692307692307693,0.0,0.0,0.0,0.0,0.0,0.07692307692307693,0.0,0.008190922338917857,0.007667520451446046,0.002060470630114464,0.0,0.0020126553904009237,0.0013971930745035805,0.0,0.0032679653226243433,0.0,0.002498248330931835,0.0,0.004806637262385021,0.006176881378408917,0.0032367153453177404,0.0,0.0,0.0019772724311946615,0.0,0.0019255096326983897,0.0,0.0015862749559901544,0.0,0.011105331283386137,0.005059385530418005,0.006668466193381646,0.0,0.003080993170377523,0.0020484474102184964,0.0,0.0,0.005411217030334803,0.0,0.0006068572257769573,0.002794386149007161,0.0,0.0,0.003480612496306757,0.001930715535329211,0.0,0.007791805676589325,0.0009743366713303412,0.0,0.0013528042575837007,0.0,0.0,0.0,0.0010429483487385531,0.0,0.0010429483487385531,0.0,0.07222222222222222,0.09444444444444444,0.044444444444444446,0.11666666666666667,0.07222222222222222,0.12222222222222222,0.18888888888888888,0.08333333333333333,0.07777777777777778,0.12777777777777777,0.6,0.05714285714285714,0.11428571428571428,0.22857142857142856
4.0,18.0,20.0,13.0,51.0,9.0,19.0,14.0,32.0,0.0,7.0,16.0,8.0,5.0,7.0,4.0,2.0,13.0,3.0,2.0,4.0,0.0,0.0,1.0,0.0,1.0,0.0,1.0,0.0,0.0,0.0,0.0,0.0,0.0,0.0,0.0,0.0,0.0,0.0,0.006936988438456849,0.0,0.0,0.0062172569684298285,0.0,0.0,0.008965935676566474,0.0,0.00383344156975398,0.002111251518757757,0.0019360352898845,0.0,0.0,0.0,0.002230408094695716,0.0,0.0,0.0,0.0,0.0,0.0,0.0,0.0,0.0,0.0,0.0,0.0,0.0,0.0,0.004355886309465716,0.0016714569002394685,0.0,0.0,0.0,0.0,0.0,0.005326461869922438,0.0023311907025162977,0.0,0.0032367094459224838,0.005624348022699928,0.003010856358827762,0.0,0.004990700987297076,0.0029004607625123927,0.002495350493648538,0.00531436943058511,0.06666666666666667,0.11666666666666667,0.05,0.18333333333333332,0.05,0.21666666666666667,0.08333333333333333,0.18333333333333332,0.016666666666666666,0.03333333333333333,0.6428571428571429,0.0,0.14285714285714285,0.21428571428571427
6.25,18.25,14.75,20.5,36.25,8.0,17.0,6.0,28.0,0.0,12.75,17.25,9.5,4.75,7.5,4.0,0.25,5.0,4.0,1.75,1.5,2.25,0.75,0.5,0.0,1.5,0.25,0.25,0.75,0.0,0.0,0.0,0.0,0.0,1.25,0.0,0.014759653642792012,0.013816508261183112,0.0,0.005877573886140216,0.005440064360665257,0.0009441283746122519,0.0,0.0,0.0,0.0008440734423545844,0.0,0.0021653331042543397,0.0059627396450271375,0.0016403646284586246,0.0,0.0,0.00668053342338782,0.0018897809170539013,0.001626411117577353,0.0028660276899311788,0.0010718970936920917,0.0,0.003752115067503894,0.0,0.002703658469199504,0.0,0.0010409631736735773,0.006921009555445338,0.0010478562613238966,0.0,0.0009141334209195297,0.0,0.002050364894622983,0.00047206418730612597,0.0,0.001553007164750454,0.0011759810003212157,0.007827880141146467,0.0029507103003942026,0.0007521677326773317,0.0013167813591619254,0.0,0.003656533683678119,0.0015884664917667159,0.0034013858447008182,0.011564476238883258,0.0035237690025371614,0.0016383355771513513,0.0007047538005074322,0.0,0.06965174129353234,0.12935323383084577,0.05472636815920398,0.07462686567164178,0.10945273631840796,0.13432835820895522,0.16417910447761194,0.05472636815920398,0.07462686567164178,0.13432835820895522,0.6,0.05714285714285714,0.2571428571428571,0.08571428571428572
1.8,4.0,3.066666666666667,4.133333333333334,9.2,2.6,5.333333333333333,0.9333333333333333,6.266666666666667,0.0,2.2666666666666666,5.8,4.266666666666667,1.5333333333333334,2.4,1.0666666666666667,0.5333333333333333,1.4666666666666666,0.9333333333333333,0.3333333333333333,0.6,0.26666666666666666,0.0,0.06666666666666667,0.0,0.3333333333333333,0.0,0.2,0.13333333333333333,0.06666666666666667,0.0,0.0,0.0,0.06666666666666667,0.13333333333333333,0.0,0.006239782819505821,0.00584105921183272,0.0,0.01325226564893879,0.003066451373110841,0.002660927848258588,0.0019795511574010063,0.014937067913315984,0.0,0.0009515733618997437,0.004811841576713572,0.004882213319969691,0.002688858066342426,0.001232852661011356,0.0,0.0016824289808430772,0.003012542430546583,0.004971074645017574,0.003667096765103655,0.004038800813051603,0.0018126184343802588,0.0,0.012689936336793828,0.010277871234748527,0.0030479923308428373,0.0023626193061925594,0.004694154688829905,0.003120983554247992,0.0023626193061925594,0.0,0.0051527803679190486,0.0,0.003698394036338815,0.0037252989875620223,0.003105585609602076,0.0,0.00265150433091293,0.0,0.0,0.0016959253595271913,0.0029689692909405678,0.0,0.002061112147167619,0.0017907711864728543,0.0009586453029286505,0.0021728850794757062,0.004767061084564424,0.0027704872849469786,0.0031780407230429493,0.0,0.11173184357541899,0.08379888268156424,0.061452513966480445,0.0893854748603352,0.07262569832402235,0.1564245810055866,0.19553072625698323,0.10614525139664804,0.027932960893854747,0.09497206703910614,0.6551724137931034,0.06896551724137931,0.13793103448275862,0.13793103448275862
1.0240963855421688,2.397590361445783,2.4096385542168677,3.4216867469879517,6.481927710843373,1.3855421686746987,2.072289156626506,0.5903614457831325,3.216867469879518,0.0,1.6024096385542168,1.5783132530120483,1.1204819277108433,0.39759036144578314,1.072289156626506,0.8313253012048193,0.42168674698795183,1.3132530120481927,0.5542168674698795,0.1927710843373494,0.1927710843373494,0.2891566265060241,0.0,0.07228915662650602,0.024096385542168676,0.1566265060240964,0.024096385542168676,0.04819277108433735,0.12048192771084337,0.012048192771084338,0.0,0.012048192771084338,0.0,0.012048192771084338,0.03614457831325301,0.0,0.012745819276182572,0.012499518313369032,0.0009160798534438705,0.009023336647407738,0.0008948213229174098,0.0031059419343747864,0.0011553058372168296,0.0,0.0,0.0011107146743165625,0.0,0.004274036712320336,0.0007846358018783129,0.0023384321636251188,0.0,0.000490949681952832,0.00131863522768591,0.0010361496654642864,0.0012841148204299653,0.0009428501278644897,0.0005289402726615484,0.0,0.002057250518773642,0.0026242878376405393,0.0005929565259359316,0.0006894360535620407,0.0020547022588408947,0.0013661015419832918,0.0037918982945912244,0.0008519438100492891,0.0009021798524422614,0.0,0.0013490356773981913,0.0015529709671873932,0.0,0.0015326994316945295,0.0011606034098146068,0.0008583910776480869,0.0009707085503017405,0.001484664182600542,0.0017327501436459748,0.0014825637218690794,0.0009021798524422614,0.001045130052394343,0.0013987116601574254,0.0,0.0013910763247455718,0.000808456028091892,0.0034776908118639292,0.0019750581503895108,0.09496402877697842,0.08345323741007195,0.07482014388489208,0.11366906474820145,0.06330935251798561,0.1856115107913669,0.14820143884892087,0.1093525179856115,0.03597122302158273,0.09064748201438849,0.46808510638297873,0.15602836879432624,0.19858156028368795,0.1773049645390071
8.0,29.0,30.0,26.0,73.0,20.0,29.0,11.0,42.0,0.0,12.0,27.0,19.0,7.0,14.0,3.0,4.0,2.0,3.0,3.0,0.0,3.0,0.0,0.0,0.0,1.0,1.0,0.0,1.0,0.0,0.0,0.0,0.0,0.0,4.0,0.0,0.013708123914354758,0.017109562043641266,0.0,0.0,0.020209980034181292,0.0058457689516147205,0.0,0.0,0.0,0.0020905031370232713,0.0,0.0,0.004430346451279231,0.004062664727477837,0.0,0.0018480567043457638,0.013236455860639911,0.0015601300144244643,0.003222485032961554,0.0017745611862527249,0.0013273751574736266,0.0,0.006195202080369124,0.002822420598143378,0.0022320358346759293,0.0,0.0,0.013712922559597395,0.0,0.0,0.0,0.0,0.0010156211602381203,0.0011691537903229443,0.0,0.0,0.0029125332546815607,0.0,0.0,0.0,0.001630625620931089,0.0,0.0067920586818580615,0.0,0.0021060394219779683,0.0,0.0,0.0040576394086960935,0.0052363572535111804,0.0,0.1111111111111111,0.05128205128205128,0.1111111111111111,0.11965811965811966,0.042735042735042736,0.19658119658119658,0.10256410256410256,0.13675213675213677,0.06837606837606838,0.05982905982905983,0.42857142857142855,0.19047619047619047,0.09523809523809523,0.2857142857142857
7.5,25.5,23.5,25.5,48.5,10.5,19.5,6.0,29.5,0.0,9.5,15.0,16.5,6.5,8.0,9.0,2.0,3.5,8.5,1.0,1.5,1.5,0.0,2.0,0.5,2.0,0.0,0.0,2.0,0.5,0.0,0.0,0.0,0.0,0.5,0.0,0.016271020390347283,0.015231298313758137,0.0,0.0,0.0,0.0033305783252004163,0.0030971575303986227,0.0,0.0,0.0014888085071789348,0.0,0.003819296028906179,0.0,0.004822228120561024,0.0,0.003948431113712904,0.0023566752593205745,0.0011110889032617034,0.0022949801157253866,0.0,0.0028359786574805525,0.0,0.0,0.0,0.0,0.0018482483133314487,0.0,0.002441507429891418,0.0018482483133314487,0.0,0.0,0.0,0.0021699064641249872,0.0008326445813001041,0.0,0.0,0.0,0.0,0.005204573887780181,0.0,0.008129059829807755,0.0,0.0016123829343156282,0.0,0.0014998730938809884,0.0,0.0012430712791238103,0.0014448789776353246,0.0,0.0026473796056420288,0.07258064516129033,0.07258064516129033,0.06451612903225806,0.11290322580645161,0.04838709677419355,0.23387096774193547,0.1532258064516129,0.13709677419354838,0.04032258064516129,0.06451612903225806,0.5384615384615384,0.11538461538461539,0.23076923076923078,0.11538461538461539
1.5625,4.1875,4.21875,3.71875,8.875,1.9375,3.65625,0.84375,4.9375,0.0,2.4375,4.15625,3.46875,1.09375,2.0625,1.875,0.21875,1.1875,1.125,0.5,0.4375,0.65625,0.0,0.1875,0.03125,0.28125,0.0,0.1875,0.25,0.0,0.0,0.0,0.0,0.0,0.0,0.0,0.009162486287343613,0.00857700123226692,0.0,0.0012162252457034734,0.0067541578296051764,0.0005860952767073461,0.0,0.004112543373536348,0.0,0.0026199162691265673,0.0,0.0033604844929661514,0.003331390383494383,0.004073217103393364,0.0,0.0,0.0,0.0023462734502643244,0.0012115706714835972,0.0026687556541307215,0.0023289400490219083,0.0,0.0007764116892930135,0.0,0.0005594583325876031,0.0019514621801798285,0.002584833231251792,0.0,0.0,0.0,0.0005674750327266692,0.0,0.0015273887059165496,0.0023443811068293843,0.0,0.0009640745775983338,0.00511017198321401,0.0032395902229160264,0.0036634792820478676,0.0028015805939202434,0.0020435762651928586,0.0,0.002837375163633346,0.0029582609729785336,0.0031672644813642687,0.004785991032195841,0.001749986060480793,0.002034089365917782,0.002187482575600991,0.002795220284918142,0.08241758241758242,0.09065934065934066,0.046703296703296704,0.0989010989010989,0.057692307692307696,0.18406593406593408,0.1813186813186813,0.1346153846153846,0.03296703296703297,0.09065934065934066,0.5287356321839081,0.10344827586206896,0.10344827586206896,0.26436781609195403
3.482142857142857,8.053571428571429,8.232142857142858,8.946428571428571,18.660714285714285,4.321428571428571,5.607142857142857,2.6964285714285716,10.482142857142858,0.017857142857142856,4.160714285714286,6.464285714285714,4.375,1.2142857142857142,2.4464285714285716,2.8392857142857144,0.9642857142857143,3.017857142857143,1.3928571428571428,0.6785714285714286,0.5357142857142857,0.9642857142857143,0.07142857142857142,0.5178571428571429,0.14285714285714285,0.4642857142857143,0.17857142857142858,0.44642857142857145,0.08928571428571429,0.07142857142857142,0.0,0.08928571428571429,0.0,0.0,0.3392857142857143,0.0,0.01313517150043068,0.012581780470609769,0.0009221087821641453,0.0038925948286456856,0.001351065516659851,0.003986138121977395,0.001453636457807459,0.00036562272227490917,0.0,0.0,0.0,0.0025095963168808525,0.0021719490858020567,0.0025348851388165604,0.0,0.0012354518321397035,0.004645597125318112,0.0013558594410083065,0.0010232813141556995,0.002491269999266468,0.0017747378274500167,0.0,0.00041415794995193657,0.0007547311055651845,0.0010445030871656321,0.0008674667352144486,0.000344704119858656,0.004354458523211262,0.002602400205643346,0.0,0.0016648817205385826,0.0,0.0014258096856408387,0.0013287127073257983,0.0,0.0007713932366651027,0.0019470693389454148,0.000432020171743218,0.0004885485014161514,0.0014944350933970125,0.002289201815598789,0.0007461604045291903,0.0018162346042239082,0.002367018651742436,0.0018302919673511332,0.0022338492954222014,0.0014002313126812026,0.0006781472167287374,0.00198366102629837,0.0009940282274042117,0.09809084924292298,0.06649111257406189,0.08097432521395655,0.09809084924292298,0.07175773535220539,0.1902567478604345,0.14746543778801843,0.12771560236998025,0.041474654377880185,0.07768268597761685,0.403125,0.14375,0.2625,0.190625
2.75,4.75,4.0,3.5,10.5,3.25,5.0,0.75,5.25,0.0,2.5,5.0,1.0,0.75,2.75,1.0,0.75,4.25,1.5,0.25,0.75,0.75,0.0,0.0,0.0,0.25,0.0,0.25,0.0,0.0,0.0,0.0,0.0,0.0,1.0,0.0,0.0,0.0,0.0,0.0,0.010745251092553691,0.0,0.0,0.0,0.0,0.0,0.0,0.0,0.0,0.004320078746023265,0.0,0.0,0.010556347029353317,0.0,0.0012849991970280575,0.0,0.0,0.0,0.0,0.0,0.0,0.0,0.0,0.02187267813225039,0.004139465230684485,0.0,0.0,0.0,0.0,0.001864848607705192,0.0,0.0,0.0,0.01030778707291463,0.005828262494167062,0.0,0.0026009152466090926,0.0,0.0036112047537151678,0.0,0.0,0.0,0.0,0.006472102527920215,0.0027840687325830795,0.005929255149826363,0.07692307692307693,0.09230769230769231,0.046153846153846156,0.07692307692307693,0.1076923076923077,0.16923076923076924,0.16923076923076924,0.1076923076923077,0.046153846153846156,0.1076923076923077,0.6428571428571429,0.07142857142857142,0.21428571428571427,0.07142857142857142
1.3142857142857143,3.5142857142857142,2.2285714285714286,3.4857142857142858,6.514285714285714,1.5714285714285714,2.342857142857143,1.1714285714285715,3.6,0.0,1.8285714285714285,2.2285714285714286,2.2,0.42857142857142855,1.3428571428571427,1.0,0.22857142857142856,0.8571428571428571,0.42857142857142855,0.2571428571428571,0.2857142857142857,0.4857142857142857,0.0,0.05714285714285714,0.02857142857142857,0.2,0.05714285714285714,0.08571428571428572,0.0,0.0,0.0,0.05714285714285714,0.0,0.0,0.02857142857142857,0.0,0.002760216917548741,0.002583838399391834,0.0,0.0,0.0,0.003531246972336905,0.0013135049933302454,0.0,0.0,0.0018942117626548891,0.0,0.004049410108895049,0.0040143514793281295,0.004090215401164437,0.0,0.003349060506466971,0.004997331731423128,0.00235606488876308,0.0034065549918083403,0.003215871445509633,0.00040091299748420956,0.0,0.0,0.003409872772717821,0.0020224550051288937,0.002351527196773815,0.0007786860673176369,0.0010354436830994904,0.00627073919139684,0.0,0.0027352474190894226,0.0,0.0015337627850231393,0.001412498788934762,0.0,0.0,0.0008796853179241647,0.0,0.0033108909004423218,0.002250617691516523,0.000985010155992802,0.0,0.0,0.005941212700035135,0.0025443856553474045,0.004325367482148824,0.002108746896041018,0.0,0.0005271867240102545,0.0,0.0829145728643216,0.10552763819095477,0.05025125628140704,0.10301507537688442,0.08793969849246232,0.14824120603015076,0.1407035175879397,0.12311557788944724,0.035175879396984924,0.12311557788944724,0.42424242424242425,0.1111111111111111,0.26262626262626265,0.20202020202020202
6.363636363636363,11.545454545454545,13.863636363636363,14.727272727272727,31.40909090909091,6.181818181818182,18.863636363636363,4.409090909090909,18.954545454545453,0.045454545454545456,7.7272727272727275,20.09090909090909,10.136363636363637,4.7272727272727275,10.181818181818182,5.2272727272727275,1.5,5.0,2.3181818181818183,1.4090909090909092,2.1818181818181817,1.0454545454545454,0.045454545454545456,1.0,0.045454545454545456,0.5909090909090909,0.22727272727272727,0.5909090909090909,0.45454545454545453,0.18181818181818182,0.0,0.09090909090909091,0.0,0.0,0.13636363636363635,0.0,0.004663837671502428,0.003968924849065822,0.0,0.0027014233822836766,0.0018752529550947067,0.00043393592602370817,0.002421143338667385,0.0,0.0,0.0031035931188114724,0.0,0.0004976102037661417,0.005892218781917682,0.0051519016007263016,0.0009521642278004483,0.0006859133537283316,0.002763428344943693,0.004198099851314292,0.002242570714044158,0.0021405644309173493,0.0011084858887171584,0.0,0.0005748432699573273,0.002880768716278073,0.0037279290815693165,0.0009632217171400435,0.00454520554966511,0.0009543007406258284,0.0014448325757100654,0.0,0.0006302246757685606,0.0,0.00075390339971522,0.0021696796301185406,0.0,0.000713785985337228,0.005134740117748694,0.00029981784514968035,0.0016952398120053235,0.0034570786174977367,0.002269548640670915,0.0,0.0031511233788428026,0.0021902509126860295,0.0009770807895234323,0.0,0.0022674098235556427,0.002070761650159088,0.00259132551263502,0.0010347690477821969,0.06651884700665188,0.10864745011086474,0.043237250554323724,0.07427937915742794,0.10975609756097561,0.13747228381374724,0.20620842572062084,0.10310421286031042,0.04878048780487805,0.10199556541019955,0.5347826086956522,0.07391304347826087,0.13043478260869565,0.2608695652173913
1.0,5.0,4.0,3.0,8.0,4.0,3.0,3.0,7.0,0.0,5.0,4.0,3.0,3.0,1.0,2.0,0.0,0.0,1.0,1.0,1.0,0.0,0.0,0.0,0.0,0.0,1.0,0.0,1.0,0.0,0.0,0.0,0.0,0.0,0.0,0.0,0.0,0.0,0.0,0.0,0.0,0.0,0.0,0.0,0.0,0.0,0.0,0.0,0.018388319679503044,0.008431121423690565,0.0,0.0,0.0,0.0,0.0,0.0,0.0,0.0,0.019285064540503882,0.017571844369086192,0.0,0.0,0.0,0.0,0.0,0.0,0.014095347587081782,0.0,0.0,0.007278925210720265,0.0,0.0,0.0,0.020116810255204357,0.0,0.011597941168379502,0.0,0.0,0.0,0.0,0.0,0.0,0.0,0.0,0.0,0.0,0.13043478260869565,0.043478260869565216,0.043478260869565216,0.08695652173913043,0.043478260869565216,0.13043478260869565,0.21739130434782608,0.13043478260869565,0.043478260869565216,0.13043478260869565,0.5,0.25,0.25,0.0
2.7333333333333334,4.533333333333333,5.333333333333333,7.133333333333334,11.933333333333334,2.6,5.6,1.2,6.6,0.0,2.3333333333333335,6.066666666666666,4.466666666666667,1.2,2.0,1.8666666666666667,0.7333333333333333,2.1333333333333333,0.8,1.2666666666666666,0.4666666666666667,0.6,0.0,0.26666666666666666,0.0,0.5333333333333333,0.0,0.4666666666666667,0.4,0.06666666666666667,0.0,0.0,0.0,0.0,0.13333333333333333,0.0,0.020312229677316454,0.01901427336519826,0.001277412693909735,0.0,0.0049910763232207155,0.003897927320136188,0.0016109974870211646,0.0,0.0,0.0,0.0,0.0029799305868529018,0.0016411840021053582,0.0010033196319938868,0.0,0.002738387285518099,0.002451666008736567,0.0023117473534274213,0.0011937420563561992,0.0013147420688935734,0.004425433106586735,0.0,0.0011474798478994634,0.0,0.0016536772210842777,0.001922745846114482,0.0019100974933434546,0.0025399175182363697,0.0,0.0,0.0033547468345453764,0.0,0.001504912736475679,0.003031721248994813,0.0,0.0,0.0021578461349464153,0.005984847580722985,0.001353588794230738,0.0013801772599607086,0.0018121540009963543,0.0,0.005032120251818065,0.0014573646507955668,0.009361971787525862,0.005305009253537617,0.0025863517592518434,0.0015031178615707217,0.0012931758796259217,0.0013770439023589056,0.06563706563706563,0.15444015444015444,0.05019305019305019,0.11196911196911197,0.0888030888030888,0.14671814671814673,0.11196911196911197,0.09652509652509653,0.05791505791505792,0.11583011583011583,0.45098039215686275,0.13725490196078433,0.19607843137254902,0.21568627450980393
1.574468085106383,3.6382978723404253,4.404255319148936,3.9361702127659575,7.319148936170213,2.234042553191489,4.638297872340425,1.6170212765957446,5.872340425531915,0.0425531914893617,2.1914893617021276,4.872340425531915,3.0638297872340425,1.1063829787234043,2.127659574468085,1.2340425531914894,0.23404255319148937,0.7446808510638298,0.425531914893617,0.2978723404255319,0.40425531914893614,0.46808510638297873,0.0,0.2765957446808511,0.0425531914893617,0.2978723404255319,0.10638297872340426,0.19148936170212766,0.2553191489361702,0.0425531914893617,0.0,0.0,0.0,0.0,0.02127659574468085,0.0,0.0039370058265929585,0.003685430216989692,0.0,0.0,0.004063048069371865,0.0018132322623133517,0.0,0.0,0.0,0.004322861844058836,0.0,0.0,0.0020358496788021227,0.005367312120617297,0.0,0.0012738390854954728,0.0005702312457820318,0.004301501325484594,0.003609470958794883,0.0021405644309173493,0.001601146283702562,0.0,0.0016013491091668405,0.0009727270990029856,0.0023077656219238625,0.0022360504147893867,0.0017770728464856069,0.0005907576013397985,0.0,0.0,0.0031211126799966806,0.0,0.0012250930245372325,0.0018132322623133517,0.0011756859807779288,0.0033140063604942724,0.004015135129668152,0.00278402284781846,0.0006296605016019773,0.0028891299874802506,0.00280991736464018,0.0,0.0011704172549987552,0.0,0.003266241496406902,0.0016451844173173205,0.0006015577082902725,0.002447263768369831,0.001203115416580545,0.0006405713152937409,0.0637329286798179,0.10925644916540213,0.057663125948406675,0.09104704097116843,0.09559939301972686,0.1456752655538695,0.18209408194233687,0.09256449165402124,0.054628224582701064,0.10773899848254932,0.5819672131147541,0.05737704918032787,0.1721311475409836,0.1885245901639344
1.2195121951219512,3.0,2.4878048780487805,3.317073170731707,6.2439024390243905,1.7073170731707317,2.682926829268293,1.2682926829268293,3.2195121951219514,0.0,1.4878048780487805,2.0,1.8048780487804879,0.4634146341463415,1.2682926829268293,0.6585365853658537,0.12195121951219512,0.926829268292683,0.5365853658536586,0.2926829268292683,0.07317073170731707,0.2682926829268293,0.0,0.04878048780487805,0.04878048780487805,0.04878048780487805,0.04878048780487805,0.04878048780487805,0.024390243902439025,0.0,0.0,0.0,0.0,0.0,0.0,0.0,0.008694683290278536,0.008139090958084278,0.0018747380662731603,0.0,0.0036624658653492863,0.009534366825309643,0.003546463481991662,0.0,0.0,0.0005682635287964667,0.0,0.005831150556808871,0.0012043054437984387,0.0018405969305239965,0.0,0.004018872607760365,0.0,0.0038168251197961897,0.003284892313529471,0.0028942843009586695,0.005412325466036829,0.0,0.005894167613083582,0.0007672213738615098,0.0024269460061546724,0.0035272907951607226,0.0014016349211717464,0.0,0.005643665272257157,0.0,0.0024617226771804805,0.0,0.0013803865065208254,0.0009534366825309643,0.02040063561011843,0.0,0.0,0.0008783396026920213,0.0,0.0025319449029560888,0.0017730182807870435,0.0,0.0,0.0010694182860063245,0.002289947089812664,0.0,0.0037957444128738325,0.0016544881814331252,0.0009489361032184581,0.0030314360836436187,0.10810810810810811,0.07567567567567568,0.08648648648648649,0.08648648648648649,0.06756756756756757,0.1891891891891892,0.14054054054054055,0.12972972972972974,0.02972972972972973,0.08648648648648649,0.46956521739130436,0.11304347826086956,0.25217391304347825,0.16521739130434782
2.6666666666666665,8.333333333333334,9.333333333333334,8.666666666666666,18.666666666666668,5.333333333333333,6.0,3.3333333333333335,12.333333333333334,0.0,4.0,5.333333333333333,5.0,1.0,3.6666666666666665,1.6666666666666667,0.0,2.6666666666666665,2.0,1.3333333333333333,0.3333333333333333,1.0,0.0,0.3333333333333333,0.0,0.3333333333333333,0.3333333333333333,1.3333333333333333,0.3333333333333333,0.3333333333333333,0.0,0.0,0.0,0.0,0.0,0.0,0.0,0.0,0.0,0.005889895843972796,0.0,0.0028383230381424937,0.0,0.0,0.0,0.0,0.0,0.006509617759959589,0.0,0.0016438035480151416,0.0,0.0022432386411241033,0.0,0.0,0.000977892470694308,0.004308054200588376,0.0,0.0,0.0037599811368278016,0.003425957078249509,0.0,0.003150159074923413,0.0,0.0,0.015750795374617065,0.0,0.0,0.0,0.0,0.0014191615190712469,0.008281561625605538,0.0,0.0,0.0,0.004435344413800091,0.004522467625405844,0.0,0.0,0.0,0.004775389830594279,0.0,0.0,0.0021186938153619664,0.0,0.0,0.0,0.09615384615384616,0.08653846153846154,0.04807692307692308,0.1346153846153846,0.038461538461538464,0.19230769230769232,0.15384615384615385,0.1346153846153846,0.019230769230769232,0.09615384615384616,0.3333333333333333,0.2777777777777778,0.16666666666666666,0.2222222222222222
10.0,47.0,47.0,50.0,122.0,23.0,30.0,8.0,58.0,0.0,29.0,29.0,22.0,7.0,19.0,12.0,3.0,19.0,13.0,3.0,3.0,2.0,0.0,4.0,0.0,2.0,1.0,1.0,3.0,1.0,0.0,0.0,0.0,0.0,5.0,0.0,0.0029396310171894095,0.0027517878953523035,0.0,0.0,0.0,0.006017244840862086,0.005595531271586846,0.0,0.0,0.0013448903514849712,0.0,0.005175146119167873,0.0,0.0008712158804480251,0.0,0.0,0.01064431658793126,0.0,0.0010365660189359663,0.006849806178935518,0.0,0.0,0.0,0.0,0.0,0.001669584309709409,0.0,0.011027475225009572,0.003339168619418818,0.0,0.0,0.0,0.0013067658928397148,0.0022564668153232824,0.0,0.004948916165004781,0.0018737297271784708,0.006236211179113351,0.011753662696570242,0.0011984539207325487,0.0,0.0,0.0,0.0025309566102149675,0.001354885361472493,0.01228404364930266,0.0,0.0013052073431305768,0.0022458154442836845,0.0023914662437632996,0.08496732026143791,0.1111111111111111,0.0392156862745098,0.0915032679738562,0.05228758169934641,0.1895424836601307,0.13071895424836602,0.16339869281045752,0.026143790849673203,0.1111111111111111,0.46875,0.09375,0.25,0.1875
1.0,1.0,0.0,0.0,1.0,0.0,2.0,0.0,0.0,0.0,0.0,1.0,1.0,0.0,1.0,1.0,0.0,0.0,0.0,0.0,0.0,0.0,0.0,0.0,0.0,0.0,0.0,0.0,0.0,0.0,0.0,0.0,0.0,0.0,0.0,0.0,0.0,0.0,0.0,0.0,0.0,0.0,0.2098324226845067,0.0,1.3803652294655615,0.0,0.5100552071316387,0.0,0.0,0.0,0.0,0.0,0.0,0.0752762731959804,0.0,0.0,0.0,0.0,0.0,0.0,0.0,0.0,0.0,0.0,0.0,0.0,0.0,0.0,0.0,0.0,0.0,0.0,0.0,0.0,0.0,0.0,0.0,0.0,0.0,0.0,0.0,0.0,0.0,0.0,0.0,0.0,0.0,0.0,0.0,0.2,0.0,0.2,0.2,0.2,0.0,0.2,1.0,0.0,0.0,0.0
5.0,11.5,7.0,12.25,24.0,7.0,12.75,3.25,13.0,0.0,4.5,13.75,9.5,2.0,5.25,3.0,1.75,5.0,1.25,0.5,1.5,1.75,0.0,0.5,0.0,1.25,1.0,0.0,0.0,0.0,0.0,0.0,0.0,0.0,0.75,0.0,0.026814201845984476,0.02510076796436223,0.0,0.01265531674583344,0.0,0.0007623198700416494,0.0,0.0,0.0,0.0013630645454239573,0.0,0.0,0.004814509375545561,0.004414945340108235,0.0,0.0,0.006472895222390632,0.0020344938701616325,0.0010505736678405066,0.0023141237090998374,0.008654844776770606,0.0,0.010098597985736832,0.005520883534881811,0.00291069537900307,0.0,0.005043044564351047,0.0067058970962896045,0.001692146259840617,0.0,0.010333413602691712,0.0,0.0013244248913916027,0.006098558960333195,0.0,0.0,0.003798100798334738,0.0,0.002382499195250725,0.0012146492439856912,0.001063211975809798,0.0,0.0,0.005130317453138448,0.001373194623114013,0.0,0.0,0.0013228452801999089,0.004552328603277738,0.0,0.043859649122807015,0.06140350877192982,0.03508771929824561,0.05263157894736842,0.13157894736842105,0.11403508771929824,0.2631578947368421,0.08771929824561403,0.05263157894736842,0.15789473684210525,0.6206896551724138,0.06896551724137931,0.1896551724137931,0.1206896551724138
1.9285714285714286,3.9285714285714284,2.5,3.5,7.428571428571429,1.2857142857142858,2.9285714285714284,0.7142857142857143,3.4285714285714284,0.0,2.2857142857142856,3.357142857142857,3.7142857142857144,0.7142857142857143,1.7142857142857142,1.0,0.2857142857142857,1.0,0.2857142857142857,0.35714285714285715,0.0,0.5,0.0,0.07142857142857142,0.0,0.07142857142857142,0.0,0.07142857142857142,0.07142857142857142,0.0,0.0,0.07142857142857142,0.0,0.0,0.0,0.0,0.0059789105434360865,0.005596856736309769,0.0,0.0031745540311582184,0.0,0.004589424031165998,0.0,0.0,0.0,0.0,0.013832005617129184,0.0,0.002898497847786073,0.004429911256515382,0.0,0.0,0.0,0.005103476148880027,0.0036894722707890328,0.003482952294373992,0.0008684183233641014,0.0,0.0,0.0,0.0029205621429996905,0.0,0.0,0.0,0.006791529395428103,0.0,0.0,0.0,0.0013289144672946251,0.003824520025971665,0.008927242701500205,0.005032796100004861,0.0019054878581475972,0.0021139698912248646,0.0,0.0012187666990500494,0.004267264336809494,0.0,0.0,0.0,0.001377849520141518,0.009369185834213893,0.0034258201692462975,0.0039819885044661656,0.002283880112830865,0.002431999569928779,0.06382978723404255,0.06382978723404255,0.07801418439716312,0.10638297872340426,0.04964539007092199,0.1773049645390071,0.1276595744680851,0.16312056737588654,0.04964539007092199,0.12056737588652482,0.5384615384615384,0.10256410256410256,0.23076923076923078,0.1282051282051282
1.8636363636363635,3.909090909090909,2.9545454545454546,3.590909090909091,8.181818181818182,2.1363636363636362,2.8636363636363638,0.9090909090909091,4.5,0.0,1.9545454545454546,3.3636363636363638,2.5454545454545454,0.7727272727272727,1.1818181818181819,1.6363636363636365,0.7727272727272727,1.2727272727272727,1.1363636363636365,0.2727272727272727,0.5,0.45454545454545453,0.09090909090909091,0.18181818181818182,0.0,0.2727272727272727,0.18181818181818182,0.2727272727272727,0.13636363636363635,0.045454545454545456,0.0,0.09090909090909091,0.0,0.045454545454545456,0.0,0.0,0.006823128086319712,0.006387128577220047,0.0,0.003622798604223112,0.0037722690005773597,0.0034916314357033382,0.0,0.006125064598883924,0.0,0.0023412017724109752,0.0,0.005004976904417672,0.0011025878337806467,0.0005055411298537863,0.0,0.0006898935085855558,0.0,0.0011648166065142036,0.0009022334787643808,0.0026498283090659646,0.0004955191593663635,0.0,0.0011563578351172542,0.004214523601096108,0.0,0.0,0.0009624379052533268,0.0,0.002906433034310383,0.0,0.0016903511613134826,0.0,0.0022748342428544357,0.0008729078589258346,0.0025469406159986077,0.0,0.0021745412694527707,0.0012062304021495844,0.0,0.0006954278070014789,0.0012174496899021285,0.0,0.0,0.001468640199351045,0.0007862004031755277,0.0,0.0026063622177373512,0.0007573737000757698,0.0026063622177373512,0.002775396027578297,0.06746031746031746,0.0992063492063492,0.03968253968253968,0.051587301587301584,0.13095238095238096,0.12698412698412698,0.23809523809523808,0.10317460317460317,0.023809523809523808,0.11904761904761904,0.45454545454545453,0.13636363636363635,0.20454545454545456,0.20454545454545456
3.4,10.2,8.2,8.8,20.4,4.2,11.4,2.6,14.6,0.0,5.6,11.6,6.8,3.8,5.4,3.0,2.2,4.2,1.6,0.6,1.8,1.8,0.2,1.6,0.0,0.6,0.0,0.2,1.2,0.0,0.0,0.0,0.0,0.0,0.0,0.0,0.017463154557560846,0.01634725482387507,0.0,0.0,0.0,0.0,0.0,0.0,0.0,0.003994723816291994,0.0,0.0,0.014109849259024613,0.002587769941924827,0.0,0.001177145029500767,0.0,0.0049687309040251084,0.0015394544835682668,0.0011303310526296234,0.0016909795735472603,0.0,0.001973059408434391,0.0,0.0,0.0,0.003284359056211023,0.0,0.0049591613159685405,0.0,0.001442098267985265,0.0,0.0006469138083364924,0.002234125559726022,0.0,0.0024499584975271192,0.0055655338431043685,0.0,0.0023274579597168795,0.0,0.0041545972916132035,0.0,0.00288419653597053,0.0,0.0026829413098465203,0.0,0.001111789823902814,0.0,0.002223579647805628,0.0,0.09166666666666666,0.08333333333333333,0.041666666666666664,0.1,0.075,0.125,0.26666666666666666,0.041666666666666664,0.03333333333333333,0.14166666666666666,0.6666666666666666,0.05128205128205128,0.28205128205128205,0.0
2.6363636363636362,6.363636363636363,3.227272727272727,5.545454545454546,9.727272727272727,2.227272727272727,3.409090909090909,1.7727272727272727,3.772727272727273,0.0,1.2272727272727273,5.636363636363637,2.590909090909091,0.6363636363636364,1.8636363636363635,0.9545454545454546,0.09090909090909091,3.909090909090909,0.9545454545454546,0.36363636363636365,0.3181818181818182,0.5909090909090909,0.0,0.0,0.13636363636363635,0.2727272727272727,0.0,0.2727272727272727,0.0,0.045454545454545456,0.0,0.0,0.0,0.0,0.045454545454545456,0.0,0.02820858046797918,0.026406045460451395,0.0,0.0,0.0,0.005698148523543642,0.0028260258947408307,0.0,0.0,0.0,0.0,0.0026137101611958956,0.001439489671880289,0.0030800561429980685,0.0,0.005404165817253522,0.0010751834937304304,0.0010138218612253252,0.001308795478454503,0.0023063320467796356,0.007331848302476378,0.0,0.004025838388926737,0.002751147350715515,0.0,0.0,0.0,0.0011138863863646032,0.007589019589588222,0.0,0.0,0.0,0.000329991387080736,0.0026591359776536997,0.011083908236290237,0.0037491789128824096,0.0009463281450396316,0.0,0.0,0.0012105595158914632,0.004238528550029632,0.0,0.0,0.006391304571249918,0.004105713216583312,0.0,0.0056712511219284955,0.0013183912556874512,0.0017013753365785489,0.0012078112342238886,0.0670391061452514,0.09776536312849161,0.04189944134078212,0.06424581005586592,0.11452513966480447,0.16759776536312848,0.15921787709497207,0.1424581005586592,0.05027932960893855,0.09497206703910614,0.52,0.11,0.23,0.14
4.0,10.0,5.0,7.0,18.0,2.0,8.0,2.0,12.0,0.0,3.0,13.0,5.0,1.0,4.0,1.0,0.0,2.0,2.0,1.0,1.0,2.0,0.0,0.0,0.0,1.0,0.0,0.0,0.0,0.0,0.0,0.0,0.0,0.0,0.0,0.0,0.0,0.0,0.0,0.0,0.012746817472539182,0.0,0.0,0.04139422741990834,0.0,0.0,0.0,0.0,0.0,0.0051247992967530884,0.0,0.006993626351739851,0.0,0.0,0.0,0.0,0.005023204027302155,0.0,0.0,0.0,0.0,0.0,0.009756478372862155,0.0,0.0,0.0,0.0,0.0,0.0,0.0,0.0,0.0,0.0,0.0,0.0,0.0,0.0,0.0,0.008567760298030103,0.0,0.007969913891014663,0.0,0.01981601862603251,0.0,0.0,0.0,0.02702702702702703,0.13513513513513514,0.02702702702702703,0.10810810810810811,0.08108108108108109,0.10810810810810811,0.1891891891891892,0.13513513513513514,0.02702702702702703,0.16216216216216217,0.42857142857142855,0.0,0.14285714285714285,0.42857142857142855
1.5555555555555556,2.5555555555555554,3.7777777777777777,2.7777777777777777,7.888888888888889,1.7777777777777777,2.5555555555555554,2.0,3.6666666666666665,0.0,0.4444444444444444,3.4444444444444446,1.4444444444444444,0.3333333333333333,1.5555555555555556,1.4444444444444444,0.8888888888888888,2.0,0.1111111111111111,0.7777777777777778,0.2222222222222222,0.5555555555555556,0.0,0.1111111111111111,0.0,0.0,0.1111111111111111,0.1111111111111111,0.1111111111111111,0.0,0.0,0.1111111111111111,0.0,0.0,0.0,0.0,0.009798770057298031,0.009172626317841012,0.003697400075149844,0.0,0.0,0.008775148726257209,0.0,0.0,0.0,0.0,0.0,0.01150032470926194,0.0,0.00290405293482675,0.0,0.0,0.0,0.0,0.001727610031559944,0.0019027239385931995,0.004269723423206832,0.0,0.003321316670864558,0.0,0.0,0.002782640516182348,0.0,0.0,0.002782640516182348,0.0,0.004855064168883726,0.0,0.002177943154732858,0.0012535926751796012,0.02926151774380623,0.0,0.0,0.0,0.0,0.0,0.0017483930268872233,0.0,0.002427532084441863,0.0,0.006774426807362464,0.0,0.0037430257404728073,0.0021753455718842947,0.009357564351182016,0.0,0.10526315789473684,0.12631578947368421,0.06315789473684211,0.11578947368421053,0.06315789473684211,0.18947368421052632,0.11578947368421053,0.09473684210526316,0.031578947368421054,0.09473684210526316,0.5909090909090909,0.045454545454545456,0.3181818181818182,0.045454545454545456
2.6363636363636362,7.909090909090909,6.363636363636363,9.818181818181818,19.818181818181817,4.636363636363637,6.545454545454546,2.8181818181818183,9.909090909090908,0.0,2.909090909090909,6.0,5.7272727272727275,1.6363636363636365,3.090909090909091,2.8181818181818183,0.36363636363636365,1.2727272727272727,1.8181818181818181,0.7272727272727273,0.36363636363636365,0.18181818181818182,0.0,0.6363636363636364,0.09090909090909091,0.36363636363636365,0.18181818181818182,0.2727272727272727,0.36363636363636365,0.0,0.0,0.0,0.0,0.0,0.0,0.0,0.01246486650398336,0.013126903387723,0.0,0.00661832819216731,0.004594259301056525,0.0015946761945747577,0.0014829146479470438,0.0037298685484369706,0.0,0.0014256788178285914,0.0,0.0018286735403420045,0.0035249694085266433,0.0027706512099053802,0.0,0.0025206709818991688,0.0,0.0031919267786281445,0.0024723747801476226,0.002420426211637992,0.0013578625727512894,0.0,0.0,0.001924831008627816,0.0,0.001769877360115981,0.0008791173092154946,0.0,0.0008849386800579905,0.0,0.0015440133399276864,0.0,0.001038948148017441,0.002392014291862137,0.0,0.0026231004408152547,0.0019862859298711705,0.0011018040952497086,0.001245971310590485,0.0012704458523666593,0.0,0.0,0.0030880266798553727,0.0093904750555679,0.001436274234776494,0.0,0.0017855423143598196,0.000691806012260023,0.0023807230858130927,0.0,0.08633093525179857,0.09712230215827339,0.08633093525179857,0.08633093525179857,0.06474820143884892,0.18345323741007194,0.1474820143884892,0.11870503597122302,0.03597122302158273,0.09352517985611511,0.4305555555555556,0.1527777777777778,0.2222222222222222,0.19444444444444445
2.7142857142857144,8.428571428571429,5.714285714285714,8.0,15.285714285714286,3.7142857142857144,9.571428571428571,2.5714285714285716,8.714285714285714,0.0,3.4285714285714284,10.142857142857142,5.714285714285714,2.4285714285714284,5.0,3.857142857142857,1.0,1.8571428571428572,0.8571428571428571,0.7142857142857143,1.5714285714285714,1.2857142857142858,0.0,0.5714285714285714,0.0,0.2857142857142857,0.42857142857142855,1.0,0.2857142857142857,0.0,0.0,0.0,0.0,0.0,0.14285714285714285,0.0,0.01263451726585706,0.011827168604666061,0.0,0.016100173739684948,0.0,0.0,0.0,0.0,0.0,0.0046242648188595,0.0,0.0,0.001633346447176488,0.007488961723048926,0.0,0.005109956216887284,0.0018299684678391853,0.0034510612353458063,0.0013365464427541115,0.00196269518021075,0.002202149616553667,0.0,0.0034260000043302027,0.001560822852268401,0.00740601001878145,0.007175863795312646,0.0014257317966073638,0.0018958410128956282,0.001435172759062529,0.0,0.005008089114034788,0.0,0.0,0.0006465520960811697,0.0,0.0,0.0016106559259413788,0.0,0.0,0.0030905688500266295,0.0009017499852140406,0.0,0.0,0.004351214802661835,0.0011646579038445497,0.0,0.0009652501909528728,0.0022439094724307908,0.0038610007638114913,0.0,0.09142857142857143,0.09142857142857143,0.045714285714285714,0.11428571428571428,0.08,0.18285714285714286,0.14857142857142858,0.12571428571428572,0.022857142857142857,0.09714285714285714,0.5714285714285714,0.17857142857142858,0.14285714285714285,0.10714285714285714
1.2666666666666666,3.3333333333333335,3.4444444444444446,3.5555555555555554,8.355555555555556,1.2,4.977777777777778,1.2,3.4444444444444446,0.0,1.5777777777777777,4.111111111111111,1.8222222222222222,1.1555555555555554,1.8222222222222222,1.3333333333333333,0.26666666666666666,0.8444444444444444,0.4666666666666667,0.4444444444444444,0.28888888888888886,0.3333333333333333,0.0,0.28888888888888886,0.022222222222222223,0.24444444444444444,0.06666666666666667,0.13333333333333333,0.08888888888888889,0.0,0.0,0.044444444444444446,0.0,0.0,0.0,0.0,0.011848800645101265,0.011091659463032318,0.0006387063469548675,0.0,0.0037433072424155373,0.0025986182134241256,0.0016109974870211646,0.005065032625756539,0.0,0.006969681284087183,0.0,0.0014899652934264509,0.0038294293382458355,0.0030099588959816605,0.0,0.0017114920534488118,0.0,0.0011558736767137106,0.001641395327489774,0.0023007986205637538,0.0009834295792414969,0.0,0.006884879087396781,0.004182166414139515,0.0024805158316264166,0.0014420593845858617,0.004775243733358636,0.0,0.001922745846114482,0.0,0.0012580300629545162,0.0,0.0018811409205945987,0.0025986182134241256,0.0,0.0035620797732759933,0.004315692269892831,0.0005984847580722985,0.004060766382692214,0.0013801772599607086,0.003322282335159983,0.0,0.004612776897499892,0.00218604697619335,0.0023404929468814656,0.0,0.0009698819097194414,0.0048851330501048455,0.003556233668971285,0.0,0.08918406072106262,0.07969639468690702,0.06072106261859583,0.11195445920303605,0.07210626185958255,0.1650853889943074,0.1650853889943074,0.11954459203036052,0.03984819734345351,0.0967741935483871,0.5833333333333334,0.06547619047619048,0.2261904761904762,0.125
8.0,19.0,22.0,28.0,52.0,15.0,25.0,10.0,29.0,0.0,13.0,19.0,8.0,5.0,9.0,4.0,2.0,16.0,3.0,3.0,0.0,3.0,0.0,2.0,1.0,1.0,0.0,1.0,1.0,1.0,0.0,0.0,0.0,0.0,1.0,0.0,0.005581577880739384,0.010449827450704949,0.0,0.0,0.0,0.0,0.005312213232519156,0.0,0.0,0.005107178549942928,0.012912790053965536,0.0,0.007215669747653093,0.0,0.0,0.00225743635404261,0.004042145539720732,0.001905728435341276,0.0,0.0021676601832074423,0.006485655832719238,0.0,0.0,0.0034476403508966577,0.0,0.003170096790587485,0.006298486038176835,0.004187648819623888,0.0,0.0,0.0027655428810097167,0.0,0.0012406005311769443,0.0,0.0,0.0,0.0,0.0,0.0,0.0,0.0019918401572132922,0.0,0.0,0.0,0.0,0.023324133511334163,0.0,0.0,0.004264206539779147,0.0,0.10185185185185185,0.07407407407407407,0.05555555555555555,0.1388888888888889,0.05555555555555555,0.16666666666666666,0.12037037037037036,0.12037037037037036,0.046296296296296294,0.12037037037037036,0.631578947368421,0.10526315789473684,0.10526315789473684,0.15789473684210525
1.2,8.4,4.6,5.6,10.0,1.2,4.6,2.2,8.2,0.0,3.2,6.6,3.2,1.0,2.6,2.6,0.6,3.0,3.4,1.0,1.2,0.8,0.0,0.4,0.2,0.0,0.0,0.0,0.0,0.0,0.0,0.0,0.0,0.0,0.0,0.0,0.0,0.0,0.0,0.0,0.0,0.0036200002384865495,0.00448839406811779,0.0,0.0,0.0,0.0,0.008302373453210492,0.0,0.0,0.0,0.005722057924150788,0.0,0.0016101876619461048,0.0016629401373304273,0.009157494891625024,0.0,0.0,0.0,0.0,0.004607303915427319,0.0,0.0,0.0,0.0,0.0,0.0023366618994627554,0.0,0.003144623806298779,0.002413333492324366,0.0,0.0,0.0,0.0,0.0,0.005767960046306384,0.0,0.0,0.0023366618994627554,0.0,0.0,0.0,0.0018014562387302278,0.0,0.0018014562387302278,0.0,0.1111111111111111,0.08333333333333333,0.027777777777777776,0.08333333333333333,0.09722222222222222,0.125,0.20833333333333334,0.09722222222222222,0.027777777777777776,0.1388888888888889,0.6875,0.0625,0.1875,0.0625
1.7,6.133333333333334,5.433333333333334,6.033333333333333,12.066666666666666,3.566666666666667,7.766666666666667,1.7,7.433333333333334,0.0,3.3,7.833333333333333,4.433333333333334,2.7333333333333334,2.6666666666666665,1.6666666666666667,0.36666666666666664,1.2,1.0333333333333334,0.43333333333333335,0.4,0.36666666666666664,0.03333333333333333,0.4666666666666667,0.03333333333333333,0.43333333333333335,0.23333333333333334,0.26666666666666666,0.26666666666666666,0.1,0.0,0.03333333333333333,0.0,0.0,0.03333333333333333,0.0,0.008398945763398313,0.00786225112957801,0.0,0.0,0.0011256929716008629,0.004102666936951422,0.0007266923729333565,0.0027416955823575655,0.0,0.002794577353735005,0.0,0.002688387594372921,0.004195084186622556,0.0031680577470837275,0.0,0.0024704758021730383,0.0005529515110613642,0.0023462734502643244,0.0016154275619781294,0.0017791704360871476,0.002218038141925627,0.0,0.005693685721482099,0.004244627341103937,0.0022378333303504122,0.004336582622621841,0.002584833231251792,0.0005728558558446531,0.0,0.0,0.003026533507875569,0.0,0.0018668084183424496,0.0037119367524798583,0.0,0.0012854327701311119,0.00243341523010191,0.0010798634076386756,0.0,0.004358014257209267,0.006811920883976194,0.0,0.0022699001309066766,0.000657391327328563,0.001055754827121423,0.0023929955160979207,0.002624979090721189,0.0013560595772785212,0.0014583217170673274,0.0031058003165757137,0.06891025641025642,0.1282051282051282,0.04807692307692308,0.05929487179487179,0.11538461538461539,0.11538461538461539,0.21474358974358973,0.07692307692307693,0.038461538461538464,0.1346153846153846,0.5433070866141733,0.14960629921259844,0.15748031496062992,0.14960629921259844
4.166666666666667,15.0,17.166666666666668,11.833333333333334,34.666666666666664,5.666666666666667,18.5,3.3333333333333335,22.833333333333332,0.0,4.0,23.5,16.333333333333332,4.333333333333333,5.166666666666667,6.166666666666667,1.8333333333333333,3.6666666666666665,3.6666666666666665,2.0,2.1666666666666665,1.0,0.0,0.6666666666666666,0.0,0.8333333333333334,0.16666666666666666,0.5,0.16666666666666666,0.0,0.0,0.16666666666666666,0.0,0.0,0.3333333333333333,0.0,0.011713899688990056,0.010965378710132518,0.0,0.0017770273988456822,0.0,0.00042817207121883914,0.0,0.0,0.0,0.0038279611522342633,0.0,0.0,0.001081665863500179,0.004463534871365593,0.0,0.0027072102006734907,0.0024237533027547465,0.0005713569123034566,0.0029503776630055967,0.0006498867342443565,0.0024305825938558813,0.0,0.0011344155612061108,0.0020672758081277873,0.000817424888220976,0.0,0.0,0.0025110000512355763,0.004752137503916723,0.0,0.004974828560146511,0.0,0.00297555801026121,0.0021408603560941954,0.0,0.002817219828275966,0.005333196566921643,0.0011833417797179034,0.0,0.0027289273337363536,0.0005971740888798865,0.0,0.0058039666535042635,0.0014407722638794882,0.000771281989453032,0.0,0.002556905629165485,0.0037150114130851323,0.003835358443748227,0.0013613659831669637,0.0958904109589041,0.1095890410958904,0.04794520547945205,0.09931506849315068,0.07191780821917808,0.14726027397260275,0.15753424657534246,0.11301369863013698,0.04452054794520548,0.11301369863013698,0.5,0.23529411764705882,0.08823529411764706,0.17647058823529413
5.8,9.9,11.9,11.6,28.3,6.3,7.1,3.7,15.9,0.0,4.9,8.5,5.6,0.7,4.5,2.0,2.3,7.5,2.2,1.4,0.4,0.9,0.0,0.4,0.0,0.3,0.4,0.7,0.3,0.0,0.0,0.1,0.0,0.2,0.3,0.0,0.015771492789689825,0.014763690645705353,0.0,0.0041870049442250725,0.0019376682298047638,0.002017705050959716,0.0,0.0,0.0,0.0006012922584880646,0.0,0.005398811152634145,0.0008495348883227934,0.0011685458903177683,0.0,0.0021262291740013852,0.0028554053440054054,0.0017949632952841824,0.0009268846667087627,0.0005104177480577882,0.0022907607039559753,0.0,0.005345785401689601,0.0016236279446845661,0.0,0.0014929218864763714,0.0007415505171623994,0.0029581900752633722,0.002985843772952743,0.0,0.0013024017144546505,0.0,0.0014606176149475202,0.002690273401279621,0.007849587472258005,0.0,0.0,0.0018587812754436218,0.0,0.0016074642752001397,0.001876070013947542,0.0,0.0032560042861366264,0.0,0.0,0.0,0.00301227108771284,0.001167100455854465,0.002510225906427367,0.0,0.07664233576642336,0.12043795620437957,0.051094890510948905,0.09124087591240876,0.08029197080291971,0.13503649635036497,0.19343065693430658,0.09124087591240876,0.043795620437956206,0.11678832116788321,0.5606060606060606,0.12121212121212122,0.25757575757575757,0.06060606060606061
1.2619047619047619,3.4523809523809526,2.6904761904761907,4.095238095238095,8.047619047619047,2.0238095238095237,3.4047619047619047,0.8333333333333334,4.333333333333333,0.047619047619047616,2.142857142857143,3.619047619047619,2.857142857142857,0.5714285714285714,1.6904761904761905,1.1666666666666667,1.0476190476190477,1.1666666666666667,0.42857142857142855,0.11904761904761904,0.2857142857142857,0.5238095238095238,0.0,0.16666666666666666,0.0,0.23809523809523808,0.047619047619047616,0.09523809523809523,0.023809523809523808,0.047619047619047616,0.0,0.047619047619047616,0.0,0.14285714285714285,0.14285714285714285,0.0,0.0027051819176589654,0.002532320149097212,0.0006805030813159223,0.0009575597537747184,0.0013294226811850682,0.004845174143332201,0.0008582103177280438,0.003237892022109395,0.0,0.004537973578630271,0.0,0.0,0.0014571521218420102,0.00026724413510675616,0.0020250527544222216,0.008388061053773871,0.003918153345250771,0.0009236352539384099,0.0017488077006588391,0.0024513621294759013,0.001047784889130511,0.0,0.002445141107384951,0.0011139615039706993,0.0048452066227167665,0.0035849969840386076,0.0025438670604088446,0.004059193334359352,0.0010242848525824594,0.0,0.0008935700924325875,0.0,0.0022046663836252857,0.0025379483607930577,0.008078333119455708,0.0,0.0,0.0025505976192692647,0.002163250803049738,0.000367623902065199,0.0009653703829438656,0.0,0.0,0.0,0.0012468270197599628,0.0018840557744329235,0.0010333506645477074,0.004003703506535511,0.0031000519936431226,0.0,0.09662921348314607,0.0853932584269663,0.0651685393258427,0.11235955056179775,0.09213483146067415,0.1550561797752809,0.14606741573033707,0.08764044943820225,0.05393258426966292,0.10561797752808989,0.4444444444444444,0.1623931623931624,0.19658119658119658,0.19658119658119658
3.6363636363636362,8.454545454545455,9.363636363636363,8.636363636363637,19.09090909090909,5.454545454545454,12.363636363636363,2.3636363636363638,14.818181818181818,0.0,4.636363636363637,11.545454545454545,5.909090909090909,2.6363636363636362,7.7272727272727275,2.909090909090909,1.1818181818181819,4.0,1.2727272727272727,0.45454545454545453,0.7272727272727273,0.7272727272727273,0.0,0.2727272727272727,0.18181818181818182,0.6363636363636364,0.18181818181818182,0.9090909090909091,0.5454545454545454,0.18181818181818182,0.0,0.0,0.0,0.0,0.5454545454545454,0.0,0.011828619592267369,0.011072767984279017,0.0009918509888628493,0.0,0.007750672919219055,0.0033628417515995266,0.005003455682491963,0.004719312067992531,0.0,0.0024051690339522585,0.0,0.0,0.0021238372208069833,0.0019475764838629472,0.0,0.0042524583480027705,0.007614414250681081,0.003589926590568365,0.003012375166803479,0.002552088740288941,0.001527173802637317,0.0,0.001781928467229867,0.002435441917026849,0.001284002730528925,0.0,0.0014831010343247988,0.0059163801505267444,0.0007464609432381857,0.0,0.0006512008572273253,0.0,0.001168494091958016,0.0013451367006398105,0.0,0.0,0.0041886655600114845,0.002788171913165433,0.004203992618743455,0.0042865714005337055,0.000938035006973771,0.0,0.004558406000591277,0.0,0.0006057609663811443,0.0027460604283090894,0.00301227108771284,0.0005835502279272325,0.004016361450283787,0.005346049725253277,0.06159420289855073,0.09420289855072464,0.036231884057971016,0.08695652173913043,0.09782608695652174,0.12681159420289856,0.22826086956521738,0.09782608695652174,0.018115942028985508,0.15217391304347827,0.723404255319149,0.02127659574468085,0.1276595744680851,0.1276595744680851
26.0,55.0,64.0,64.5,148.5,50.5,50.0,19.0,105.5,0.0,27.5,58.5,24.5,13.5,27.0,8.0,3.5,52.0,16.0,5.0,3.5,9.0,0.0,5.0,0.5,4.5,1.0,4.5,1.0,2.5,0.0,0.0,0.0,0.0,0.5,0.0,0.0033574465932366348,0.0031429049566206514,0.0,0.0,0.0,0.0,0.0,0.00133953400914678,0.0,0.0010240281864098764,0.0,0.0,0.000723398363026135,0.003980174073112805,0.0,0.0013578995327616717,0.0008104809584719234,0.0,0.0007892634661948982,0.0013038971152796038,0.0009753175332198348,0.0,0.0,0.0,0.0010933576550569905,0.0012712570886112247,0.0012628944086699745,0.0008396554739855003,0.0006356285443056124,0.0,0.0016635372152266571,0.0,0.0007462495580937457,0.000859060970300742,0.0,0.005652315416883632,0.0028533955236220362,0.0,0.0008949489362870742,0.005018906013220064,0.003195032942535027,0.0,0.0016635372152266571,0.0028906864837480594,0.0005158193000529795,0.0011691665909869281,0.003420023519213732,0.0004969063489075799,0.0021375146995085826,0.0009104566917880581,0.06041666666666667,0.11666666666666667,0.03958333333333333,0.05416666666666667,0.11875,0.12708333333333333,0.21041666666666667,0.08958333333333333,0.06041666666666667,0.12291666666666666,0.5494505494505495,0.08791208791208792,0.16483516483516483,0.1978021978021978
4.371428571428571,10.571428571428571,10.714285714285714,13.17142857142857,29.742857142857144,6.285714285714286,10.085714285714285,4.228571428571429,14.057142857142857,0.02857142857142857,6.371428571428571,11.371428571428572,6.571428571428571,1.457142857142857,4.685714285714286,3.2857142857142856,0.5428571428571428,4.571428571428571,1.8857142857142857,1.3428571428571427,1.0,1.1714285714285715,0.2,0.42857142857142855,0.05714285714285714,0.34285714285714286,0.17142857142857143,0.3142857142857143,0.37142857142857144,0.02857142857142857,0.0,0.0,0.0,0.0,0.3142857142857143,0.0,0.00857127834385681,0.008023571617117947,0.0007187170772429502,0.004382438700321011,0.00795643682411193,0.0031678259826352774,0.00030213451790425726,0.0011399058306778215,0.0,0.0001452365390372539,0.0,0.0029806457129836557,0.0019493737025247108,0.002446178498018213,0.0,0.00012839270840127155,0.002988685003090851,0.0015174482717692232,0.0016231325350509194,0.001109579834600786,0.0008299678360445245,0.0,0.004734490286761573,0.0,0.003101388884754891,0.0007212027255764184,0.0016120315238098378,0.002619918519980676,0.0012621047697587322,0.0,0.0004718744872565176,0.0,0.0010583957015440452,0.000812263072470584,0.0042659880080063075,0.00026722009530263393,0.001011733114027252,0.0013469138615795576,0.0007615764166244217,0.000647113348127726,0.0004531472207915049,0.0,0.002202080940530415,0.002733214481873615,0.0020484227927229912,0.0016582132355970113,0.0021827579912044445,0.001268560052718703,0.0006063216642234569,0.0007747730811328184,0.06829268292682927,0.10174216027874565,0.050871080139372825,0.06480836236933799,0.1073170731707317,0.1554006968641115,0.21045296167247388,0.08501742160278745,0.050174216027874564,0.1059233449477352,0.42105263157894735,0.06390977443609022,0.34210526315789475,0.17293233082706766
2.75,6.0,5.0,5.583333333333333,10.833333333333334,3.1666666666666665,6.833333333333333,1.4166666666666667,8.333333333333334,0.0,3.5,8.416666666666666,5.416666666666667,2.4166666666666665,3.0,1.75,0.25,1.3333333333333333,1.0,0.08333333333333333,0.6666666666666666,0.75,0.0,0.08333333333333333,0.0,0.16666666666666666,0.0,0.16666666666666666,0.3333333333333333,0.0,0.0,0.0,0.0,0.0,0.0,0.0,0.0038426549244306007,0.0035971083599376516,0.0,0.026523779323511475,0.004248939157513061,0.001966419882634669,0.0,0.0045993586022120385,0.0,0.003516053206496657,0.0,0.0011274828146335236,0.0018628689871391974,0.0017082664322510296,0.0,0.00621655675710209,0.0,0.0006560023807928576,0.0033874706501175376,0.005969330003429646,0.004465070246490805,0.0,0.002604954251658477,0.0,0.0,0.0,0.0,0.0,0.0032736947249204095,0.0,0.0009519733664477894,0.0,0.002989333741790197,0.0004916049706586672,0.0,0.0,0.0012246599524042294,0.005434606692037779,0.0,0.0023499096484951936,0.0061707989184254936,0.0,0.0038078934657911575,0.0,0.0,0.0,0.0014678532315579636,0.0008530766948565861,0.0014678532315579636,0.0015630498325250324,0.06315789473684211,0.09473684210526316,0.06315789473684211,0.07368421052631578,0.07894736842105263,0.12105263157894737,0.24736842105263157,0.07368421052631578,0.02631578947368421,0.15789473684210525,0.5454545454545454,0.09090909090909091,0.13636363636363635,0.22727272727272727
3.0,15.0,13.5,14.5,27.25,8.75,10.0,3.75,17.75,0.0,4.25,8.0,7.75,3.75,4.25,5.25,0.25,2.0,2.5,0.5,0.75,0.75,0.0,1.25,0.0,0.5,0.25,0.25,0.25,0.5,0.0,0.0,0.0,0.0,0.25,0.0,0.005999246973855937,0.005615893663984292,0.0,0.006370703667970575,0.0,0.00460503431698629,0.0,0.0,0.0,0.0,0.0,0.0,0.003877808912004043,0.00622297057462875,0.0,0.0036395402442727792,0.0021723095077410734,0.005120834911291184,0.00158658064122852,0.002329866047256979,0.0,0.0,0.0,0.0037056270438208974,0.004395744041759738,0.0017036574588871517,0.0,0.002250505147961137,0.0,0.0,0.0,0.0,0.0,0.000767505719497715,0.0,0.0,0.0,0.0,0.014392240036616622,0.0,0.00856355768271293,0.0,0.002972488266663505,0.005165217571867281,0.00414760824940559,0.0,0.0011458242062671858,0.0,0.0011458242062671858,0.0,0.0782122905027933,0.07262569832402235,0.061452513966480445,0.15083798882681565,0.05027932960893855,0.1787709497206704,0.1452513966480447,0.13966480446927373,0.0446927374301676,0.0782122905027933,0.5625,0.0625,0.0625,0.3125
1.6666666666666667,1.8333333333333333,3.5,2.3333333333333335,5.5,1.6666666666666667,3.5,1.0,3.6666666666666665,0.0,2.0,2.6666666666666665,3.0,0.8333333333333334,1.1666666666666667,0.8333333333333334,0.16666666666666666,0.16666666666666666,0.3333333333333333,0.6666666666666666,0.16666666666666666,0.16666666666666666,0.0,0.0,0.16666666666666666,0.16666666666666666,0.16666666666666666,0.0,0.0,0.0,0.0,0.0,0.0,0.0,0.0,0.0,0.016483912245921918,0.015430586329078335,0.0,0.026256825397897414,0.0,0.0021088474909563386,0.0,0.0,0.0,0.0,0.0,0.0,0.005327457103407424,0.0,0.0,0.0,0.0,0.002814066287700202,0.0014531299330878033,0.0,0.002394237433573924,0.0,0.011174523378609726,0.0,0.004026008561611723,0.0,0.018601136337045604,0.0,0.0,0.0,0.0,0.0,0.003663829606092658,0.004217694981912677,0.0,0.0,0.0,0.0,0.0,0.0033601511796239676,0.0,0.0,0.0,0.0,0.003798744004128484,0.0,0.006296678815748647,0.0,0.0031483394078743233,0.0067050455432615865,0.0847457627118644,0.1016949152542373,0.05084745762711865,0.1016949152542373,0.06779661016949153,0.1694915254237288,0.15254237288135594,0.1016949152542373,0.06779661016949153,0.1016949152542373,0.5,0.16666666666666666,0.2222222222222222,0.1111111111111111
0.6666666666666666,6.777777777777778,4.111111111111111,5.222222222222222,8.777777777777779,2.888888888888889,2.6666666666666665,2.3333333333333335,4.666666666666667,0.0,2.111111111111111,4.222222222222222,1.5555555555555556,0.6666666666666666,1.3333333333333333,1.6666666666666667,1.1111111111111112,3.111111111111111,1.1111111111111112,0.3333333333333333,0.2222222222222222,0.2222222222222222,0.0,0.2222222222222222,0.0,0.0,0.1111111111111111,0.0,0.1111111111111111,0.0,0.0,0.2222222222222222,0.0,0.0,0.1111111111111111,0.0,0.013515544906617973,0.012651898369435878,0.0,0.0,0.0,0.003458186690150624,0.0,0.0,0.0,0.0,0.0,0.0,0.0010920266476333225,0.0,0.007588128711972921,0.0027331413328638495,0.0024469693305589103,0.0,0.0017871827912689076,0.0026244468118526887,0.000981545614530306,0.0,0.0,0.0020870773005428043,0.001650509257059212,0.0,0.0,0.002535051775864269,0.0019190624249533434,0.0,0.0016741600582357672,0.0,0.0007510148809423647,0.000864546672537656,0.0,0.0,0.006461136990270589,0.0,0.0,0.00137753324222132,0.002411576588809963,0.0,0.0016741600582357672,0.0,0.003114678991890788,0.0,0.0012906985311975196,0.0015002383254374442,0.007744191187185117,0.0,0.044444444444444446,0.12222222222222222,0.044444444444444446,0.08888888888888889,0.1111111111111111,0.07777777777777778,0.23333333333333334,0.07777777777777778,0.044444444444444446,0.15555555555555556,0.4444444444444444,0.0,0.1111111111111111,0.4444444444444444
1.736842105263158,6.2105263157894735,6.2105263157894735,7.2631578947368425,13.947368421052632,4.105263157894737,6.315789473684211,1.6842105263157894,9.0,0.0,3.8947368421052633,6.052631578947368,5.157894736842105,1.105263157894737,3.0,2.473684210526316,1.263157894736842,2.8421052631578947,1.3157894736842106,0.6842105263157895,0.5789473684210527,0.7894736842105263,0.05263157894736842,0.47368421052631576,0.15789473684210525,0.2631578947368421,0.15789473684210525,0.21052631578947367,0.15789473684210525,0.15789473684210525,0.0,0.0,0.0,0.0,0.10526315789473684,0.0,0.006367431806186446,0.005960551397875026,0.0,0.022538951605094452,0.010169843543072777,0.002986899514868364,0.0,0.0050808798999165475,0.0,0.004855199824855492,0.0,0.001868283797533528,0.004115797184581909,0.0025161469471423107,0.00238327508282182,0.0017168469022321657,0.0015370854278601099,0.0025363846564229256,0.002245269355095956,0.004533566063074049,0.0015414163982696144,0.0,0.0035970938673623373,0.004588556231157284,0.0005183909940944095,0.0,0.006586503450271564,0.0015924151949472307,0.0036164281076738096,0.0,0.0015774576722004884,0.0,0.0014152699200430123,0.0013576815976674382,0.001584558722588785,0.0008933061669683719,0.0013528734492263327,0.0007504465919510652,0.0,0.0034612387602384075,0.0015148531640900129,0.0,0.0005258192240668295,0.0018274054947400489,0.0014673848680207503,0.0011086681993955469,0.0008107636982973589,0.0018847759467589555,0.0016215273965947178,0.0017266904287099635,0.06962025316455696,0.0981012658227848,0.06645569620253164,0.08544303797468354,0.10126582278481013,0.1550632911392405,0.17405063291139242,0.10759493670886076,0.05063291139240506,0.09177215189873418,0.5666666666666667,0.044444444444444446,0.18888888888888888,0.2
6.363636363636363,22.636363636363637,20.454545454545453,23.818181818181817,44.90909090909091,11.454545454545455,20.818181818181817,5.0,32.63636363636363,0.2727272727272727,12.818181818181818,20.545454545454547,14.818181818181818,5.818181818181818,9.090909090909092,5.363636363636363,1.9090909090909092,9.545454545454545,4.454545454545454,1.5454545454545454,2.272727272727273,2.1818181818181817,0.0,2.1818181818181817,0.6363636363636364,1.3636363636363635,1.0909090909090908,0.18181818181818182,0.5454545454545454,0.2727272727272727,0.0,0.18181818181818182,0.0,0.0,0.45454545454545453,0.0,0.010512587743591265,0.010387543710932536,0.0,0.0,0.0034441731978781366,0.0026898279917760984,0.003890932341169661,0.0013980831777584937,0.0,0.0021375740685853845,0.0,0.00548359853686662,0.003963839771972345,0.0022501602210247005,0.0,0.002125877149303703,0.0029606708390272386,0.002791702847003247,0.001338611746308036,0.002268147741369377,0.0025448682654875157,0.0,0.0023755112612806107,0.003968211211826749,0.0017117201963938583,0.0019902329519714806,0.0006590468834648609,0.0021908891175515706,0.002653643935961974,0.0,0.0014468734278130307,0.0,0.0014279229954871056,0.0019426535496160707,0.0008720319857425697,0.0014748425657299014,0.003350377657868789,0.00330395294257661,0.0009340659096612112,0.0019048274236808718,0.002917847965401194,0.0,0.0028937468556260613,0.0010056781232642255,0.0,0.001830403855028542,0.0008923769977286163,0.001037250868713041,0.002677130993185849,0.0033258802065582313,0.0707482993197279,0.08299319727891157,0.03945578231292517,0.08843537414965986,0.10068027210884353,0.14829931972789115,0.2,0.09659863945578231,0.050340136054421766,0.12244897959183673,0.5256410256410257,0.14743589743589744,0.1858974358974359,0.14102564102564102
2.0,5.166666666666667,4.5,6.333333333333333,11.5,2.5,3.8333333333333335,0.6666666666666666,3.5,0.3333333333333333,2.8333333333333335,0.5,3.6666666666666665,0.6666666666666666,3.3333333333333335,0.8333333333333334,1.0,1.1666666666666667,0.5,0.0,0.0,0.5,0.0,0.5,0.3333333333333333,0.16666666666666666,0.0,0.0,0.0,0.0,0.0,0.16666666666666666,0.0,0.0,0.0,0.0,0.0,0.0,0.0,0.0,0.0,0.007095807595356233,0.005278803086402684,0.0,0.0,0.0,0.02566315507580572,0.0,0.0,0.0,0.0,0.0022432386411241033,0.0,0.01136245633146874,0.000977892470694308,0.0,0.004833649158347357,0.0,0.0,0.0,0.0027093265163047444,0.003150159074923413,0.0,0.0,0.0,0.0,0.0027481495295568256,0.0,0.0,0.0,0.008281561625605538,0.004668788834910171,0.0,0.003922145395668775,0.0,0.0,0.0,0.0,0.0027481495295568256,0.0,0.0,0.0,0.0021186938153619664,0.0,0.0,0.0,0.03937007874015748,0.10236220472440945,0.07086614173228346,0.11023622047244094,0.07086614173228346,0.1732283464566929,0.15748031496062992,0.11023622047244094,0.05511811023622047,0.11023622047244094,0.5294117647058824,0.11764705882352941,0.11764705882352941,0.23529411764705882
0.0,3.5,1.0,1.0,5.5,0.5,3.5,0.0,0.5,0.0,0.0,3.0,1.5,1.0,0.5,0.5,0.0,1.5,0.0,0.0,0.0,0.0,0.0,0.0,0.0,0.0,0.0,0.0,0.5,0.0,0.0,0.0,0.0,0.0,0.0,0.0,0.0,0.0,0.0,0.0,0.0,0.01074508007296801,0.0399680805113346,0.1507932570296661,0.0,0.01921271930692816,0.0,0.0,0.0,0.0,0.0,0.0,0.0,0.0,0.029616171969599037,0.0,0.0,0.0,0.0,0.02593938930674628,0.0,0.0,0.0,0.0,0.0,0.0,0.0,0.0,0.009334042091712248,0.0,0.0,0.0,0.0,0.0,0.0,0.0,0.0,0.0,0.0,0.0,0.0,0.0,0.0,0.0,0.0,0.0,0.0,0.0,0.0,0.2222222222222222,0.2222222222222222,0.2222222222222222,0.2222222222222222,0.1111111111111111,0.0,0.0,0.75,0.0,0.0,0.25
2.7142857142857144,13.714285714285714,10.642857142857142,14.142857142857142,24.642857142857142,5.642857142857143,8.857142857142858,2.9285714285714284,11.714285714285714,0.14285714285714285,3.642857142857143,12.714285714285714,8.214285714285714,1.9285714285714286,3.2857142857142856,3.642857142857143,1.0714285714285714,6.357142857142857,1.5714285714285714,0.42857142857142855,1.0714285714285714,2.2142857142857144,0.0,1.0714285714285714,0.0,0.7857142857142857,0.2857142857142857,0.2857142857142857,0.2857142857142857,0.21428571428571427,0.0,0.21428571428571427,0.0,0.0,0.9285714285714286,0.0,0.013984369556500658,0.013090765012577856,0.000659595652653094,0.013922102663900017,0.0,0.003578143612009169,0.0008318431028127123,0.0031384126834717425,0.0,0.000399868290828039,0.0,0.0,0.0014123833252343765,0.0018132342407738875,0.0,0.00848384405800751,0.003164811671337342,0.0026857738702232847,0.001540980206545044,0.0027154831234630396,0.004570169769141108,0.0,0.002962522303050646,0.0021594734407994923,0.0017077618080969447,0.0004964076242941751,0.0,0.008524708300800264,0.0009928152485883502,0.0,0.002165291254705328,0.0,0.003108263768895258,0.0004472679515011461,0.0,0.0007357159809224153,0.0005571049733930041,0.0,0.0006989293972192414,0.001425316853200256,0.0015595180616437075,0.0,0.002598349505646394,0.0,0.0004028400480096609,0.0,0.0013354700362440144,0.0019403478837421852,0.0036725425996710394,0.0014220810171040432,0.0944558521560575,0.08418891170431211,0.08008213552361396,0.0944558521560575,0.08213552361396304,0.19507186858316222,0.14989733059548255,0.1026694045174538,0.03696098562628337,0.08008213552361396,0.4444444444444444,0.1282051282051282,0.29914529914529914,0.1282051282051282
3.4285714285714284,13.142857142857142,10.857142857142858,13.428571428571429,23.0,4.142857142857143,10.714285714285714,4.714285714285714,17.0,0.0,4.714285714285714,12.714285714285714,8.857142857142858,2.5714285714285716,7.428571428571429,4.428571428571429,0.7142857142857143,3.4285714285714284,1.0,1.4285714285714286,1.1428571428571428,0.8571428571428571,0.0,0.8571428571428571,0.0,0.8571428571428571,0.42857142857142855,0.2857142857142857,0.5714285714285714,0.0,0.0,0.0,0.0,0.0,0.2857142857142857,0.0,0.013998242938997185,0.013103751882630016,0.00132050002683923,0.0037162438063161685,0.001289856529959322,0.0004477116697070004,0.0,0.0,0.0,0.004002649855610033,0.0,0.0,0.003958596597670794,0.0005185808812190625,0.0,0.0021230651424924544,0.0025343610923645858,0.0011948614793012762,0.0021595125394499298,0.006115898374049569,0.004574703667721606,0.0,0.005930922626543853,0.005404039438905476,0.002564184024359847,0.001987600368701677,0.0029617880774760116,0.002625589339287993,0.0,0.0,0.0034679029777740893,0.0,0.001166755261464031,0.0008954233394140008,0.0026126355128398416,0.004418675147325696,0.0,0.003712030463757947,0.0,0.003566827145037347,0.0024977043241246047,0.0,0.002600927233330567,0.0015065217917946234,0.004032396909144324,0.0,0.0013367949073117167,0.0031076365312632777,0.0013367949073117167,0.0014234918117638686,0.06752411575562701,0.1189710610932476,0.04501607717041801,0.08038585209003216,0.11254019292604502,0.10289389067524116,0.2057877813504823,0.07395498392282958,0.0707395498392283,0.12218649517684887,0.5964912280701754,0.15789473684210525,0.08771929824561403,0.15789473684210525
1.4166666666666667,4.666666666666667,3.8333333333333335,2.9166666666666665,7.416666666666667,1.3333333333333333,5.75,1.6666666666666667,6.416666666666667,0.0,1.8333333333333333,4.5,1.8333333333333333,1.8333333333333333,2.0833333333333335,0.5,0.25,0.4166666666666667,0.6666666666666666,0.3333333333333333,0.25,0.8333333333333334,0.08333333333333333,0.16666666666666666,0.0,0.5833333333333334,0.3333333333333333,0.25,0.16666666666666666,0.0,0.0,0.0,0.0,0.0,0.0,0.0,0.02106902776825174,0.019722711877951663,0.0,0.0,0.013312375926952183,0.0015402503858861995,0.0,0.0,0.0,0.006885104188489614,0.0,0.0017662614741187279,0.0019455218773535643,0.006244209382050692,0.0,0.0012173206277772436,0.0,0.00102766243270963,0.0010613303948149827,0.00584454452127604,0.0034973843739578145,0.0,0.012242395919910314,0.0018591371175483685,0.0029404977207676064,0.0,0.0,0.0,0.0,0.0,0.004473949916718791,0.0,0.003344963889521454,0.003080500771772399,0.0,0.0,0.0,0.0,0.0024068933849631896,0.0036812577769941763,0.005370490526274747,0.0,0.0,0.0,0.0,0.0,0.0,0.0013363897711234573,0.0034492046072616307,0.0,0.08333333333333333,0.10256410256410256,0.057692307692307696,0.07051282051282051,0.08333333333333333,0.1282051282051282,0.22435897435897437,0.08974358974358974,0.07051282051282051,0.08974358974358974,0.7105263157894737,0.0,0.18421052631578946,0.10526315789473684
5.0,7.0,8.0,1.0,14.0,2.0,4.0,4.0,6.0,0.0,5.0,4.0,4.0,1.0,0.0,5.0,0.0,2.0,0.0,1.0,3.0,1.0,0.0,1.0,0.0,0.0,0.0,1.0,0.0,0.0,0.0,0.0,0.0,0.0,0.0,0.0,0.0,0.0,0.0,0.0,0.0,0.0,0.0,0.0,0.0,0.0,0.058292023672187276,0.0,0.0,0.0074675646895545,0.0,0.0,0.0,0.0,0.0,0.009785437398479311,0.0,0.0,0.0,0.0,0.0,0.0,0.0,0.0,0.0,0.0,0.0,0.0,0.005600425255027348,0.0,0.0,0.021209640707163344,0.016060540518672606,0.0,0.0,0.0,0.0,0.06154757393930778,0.0,0.0,0.0,0.0,0.0,0.0111874915125478,0.0,0.0,0.11764705882352941,0.11764705882352941,0.0,0.11764705882352941,0.058823529411764705,0.11764705882352941,0.23529411764705882,0.058823529411764705,0.058823529411764705,0.11764705882352941,1.0,0.0,0.0,0.0
0.7647058823529411,3.3529411764705883,2.764705882352941,3.0,6.470588235294118,1.1176470588235294,2.235294117647059,0.35294117647058826,2.823529411764706,0.23529411764705882,1.0,2.0,1.588235294117647,0.5882352941176471,0.5882352941176471,1.0,0.5882352941176471,1.0,0.11764705882352941,0.23529411764705882,0.17647058823529413,0.47058823529411764,0.0,0.23529411764705882,0.058823529411764705,0.058823529411764705,0.0,0.11764705882352941,0.058823529411764705,0.058823529411764705,0.0,0.058823529411764705,0.0,0.0,0.0,0.0,0.0,0.0,0.0,0.00652608668426254,0.0,0.00628980296954225,0.0,0.0,0.0,0.004217426189325694,0.01421756674931397,0.0072127472044151535,0.0019861948085874367,0.0018213572413547563,0.0,0.014913238074093341,0.0,0.0010491466647523401,0.0016252777300389718,0.0035800380726143826,0.0017852502117937973,0.0,0.0,0.0018980040956155817,0.0015009857703569838,0.0017452100798356189,0.0017337296063274215,0.0,0.0,0.0,0.0,0.0,0.0020489360689124447,0.0015724507423855625,0.009176085703632614,0.005173083099308133,0.0,0.0,0.0,0.002505478579928673,0.004386212471633452,0.0,0.0030449879804845662,0.0026455992441271436,0.002832512950813574,0.003210115936228918,0.0,0.0,0.0035213134143820836,0.0,0.041666666666666664,0.10833333333333334,0.041666666666666664,0.09166666666666666,0.1,0.15833333333333333,0.15833333333333333,0.11666666666666667,0.05,0.13333333333333333,0.5,0.07692307692307693,0.15384615384615385,0.2692307692307692
0.36363636363636365,2.590909090909091,2.090909090909091,2.4545454545454546,5.2272727272727275,0.6818181818181818,1.5909090909090908,0.6363636363636364,2.3636363636363638,0.045454545454545456,0.7727272727272727,1.5,1.0909090909090908,0.13636363636363635,0.7727272727272727,0.4090909090909091,0.5,0.8636363636363636,0.22727272727272727,0.2727272727272727,0.22727272727272727,0.13636363636363635,0.0,0.09090909090909091,0.0,0.09090909090909091,0.0,0.09090909090909091,0.0,0.0,0.0,0.0,0.0,0.0,0.0,0.0,0.01734864206865881,0.018946736328655202,0.0,0.0,0.0,0.0022194755560556874,0.0,0.0,0.0,0.0,0.0,0.0016967692193993024,0.0009344883771550727,0.0,0.0,0.003508278137102286,0.0,0.003948919249625201,0.0015293597000694587,0.0,0.0033597823658020973,0.0,0.0,0.0017859907391530227,0.002824806007163635,0.0016422140751240085,0.0,0.0,0.003284428150248017,0.0,0.002865283771800231,0.0,0.0019280152517307267,0.0022194755560556874,0.0,0.0,0.0,0.0,0.0,0.004715228540587076,0.0010318385076711482,0.007062836353691057,0.005730567543600462,0.0,0.006663370630192588,0.0,0.0,0.0012838105014399115,0.004417997595312166,0.0,0.10738255033557047,0.0738255033557047,0.053691275167785234,0.10067114093959731,0.087248322147651,0.15436241610738255,0.174496644295302,0.10067114093959731,0.04697986577181208,0.10067114093959731,0.5,0.0625,0.125,0.3125
4.666666666666667,9.0,17.0,14.333333333333334,31.0,4.0,14.0,3.3333333333333335,19.333333333333332,0.0,7.666666666666667,13.666666666666666,10.0,2.6666666666666665,6.0,7.333333333333333,0.0,2.3333333333333335,3.3333333333333335,1.6666666666666667,4.333333333333333,1.6666666666666667,0.0,0.6666666666666666,0.0,1.0,0.3333333333333333,1.3333333333333333,0.3333333333333333,0.0,0.0,0.0,0.0,0.0,0.0,0.0,0.003378886226654493,0.0031629745923589694,0.0,0.0,0.012453787185814143,0.001729093345075312,0.0,0.0,0.0,0.0,0.0,0.001982814605045162,0.0010920266476333225,0.019026553710933883,0.0,0.0027331413328638495,0.004893938661117821,0.00230731871865074,0.0017871827912689076,0.0013122234059263444,0.0,0.0,0.0,0.0,0.0,0.0019190624249533434,0.0,0.0,0.0019190624249533434,0.0,0.0,0.0,0.0007510148809423647,0.000864546672537656,0.0,0.002844204692531483,0.006461136990270589,0.0,0.002701991424498906,0.00137753324222132,0.0,0.0,0.0016741600582357672,0.0,0.001557339495945394,0.0,0.0012906985311975196,0.007501191627187221,0.0,0.0,0.06993006993006994,0.16083916083916083,0.06993006993006994,0.06993006993006994,0.11888111888111888,0.1048951048951049,0.1958041958041958,0.04895104895104895,0.08391608391608392,0.07692307692307693,0.7,0.0,0.16666666666666666,0.13333333333333333
1.25,2.25,1.625,1.625,3.875,0.625,2.5,0.75,2.0,0.0,1.0,2.75,2.25,0.375,1.375,0.75,0.0,1.875,0.125,0.125,0.125,0.25,0.125,0.125,0.0,0.25,0.0,0.0,0.125,0.0,0.0,0.0,0.0,0.0,0.125,0.0,0.007874011653185917,0.007370860433979384,0.0,0.033446194256845516,0.0,0.0,0.007494015095875239,0.0,0.0,0.00360238487004903,0.0,0.0,0.0,0.0,0.0,0.009553793141216045,0.0,0.010753753313711485,0.005553032244299819,0.0030579491870247845,0.004574703667721606,0.0,0.0,0.0,0.003846276036539771,0.0,0.0,0.0,0.01341630248873632,0.0,0.0,0.0,0.0017501328921960464,0.0,0.023513719615558575,0.0,0.0,0.0,0.0,0.0,0.0,0.0,0.0,0.0,0.0,0.0,0.0,0.0,0.0,0.0,0.13333333333333333,0.022222222222222223,0.1111111111111111,0.15555555555555556,0.044444444444444446,0.24444444444444444,0.06666666666666667,0.17777777777777778,0.0,0.044444444444444446,0.45454545454545453,0.0,0.36363636363636365,0.18181818181818182
6.5,15.0,13.5,15.0,31.0,7.0,13.0,5.0,26.5,0.0,5.0,25.0,8.5,4.5,8.0,4.5,1.0,9.5,3.5,2.0,0.5,1.5,0.0,0.5,0.5,0.0,1.0,2.0,0.5,0.5,0.0,0.0,0.0,0.0,0.0,0.0,0.004792876658460993,0.008973221397887945,0.0,0.0,0.0,0.0,0.0,0.0,0.0,0.0,0.0,0.0,0.0,0.0014204606746435191,0.021527191237227527,0.0,0.0,0.0,0.0,0.0,0.006961505581315487,0.0,0.012996456538165661,0.002960473779574304,0.0,0.0,0.008112723864390815,0.0,0.005444296662095898,0.0,0.004749519295647122,0.0,0.002130596564412578,0.0012263406605017837,0.0,0.004034442525819114,0.0,0.00677849041207973,0.0,0.0,0.0017103844828244574,0.0,0.002374759647823561,0.0,0.0022090522197921077,0.005007083009226627,0.0018308278078399598,0.0,0.0,0.0,0.04081632653061224,0.10204081632653061,0.05102040816326531,0.08163265306122448,0.14285714285714285,0.11224489795918367,0.24489795918367346,0.05102040816326531,0.030612244897959183,0.14285714285714285,0.7037037037037037,0.037037037037037035,0.14814814814814814,0.1111111111111111
1.1375,3.225,2.85,3.8,7.3375,1.5,4.5125,0.8625,4.3125,0.0125,1.6125,4.65,3.3625,1.3625,1.7,1.475,0.3625,0.7,0.65,0.3125,0.3625,0.3375,0.0,0.3125,0.0,0.175,0.0375,0.0625,0.1375,0.0125,0.0,0.0375,0.0,0.0125,0.025,0.0,0.010387388753319467,0.009723632139054077,0.0003919505380017502,0.0022061093973891033,0.0015314197670188415,0.001461786511693528,0.0,0.005594802822655457,0.0,0.004514649589790539,0.0,0.0,0.00184641254732348,0.0012314005377357243,0.0,0.0016804473212661125,0.0003761242610576417,0.003546585309586827,0.0013735415445264572,0.0022187240273348263,0.0013578625727512894,0.0,0.005281245589713961,0.0006416103362092719,0.001268500930778723,0.001769877360115981,0.002637351927646484,0.0007793268710254114,0.0014748978000966508,0.0,0.0015440133399276864,0.0,0.002655089711600127,0.0026577936576245966,0.013958674542098379,0.0043718340680254245,0.003310476549785284,0.0007345360634998057,0.0,0.003387855606311091,0.00426286639064376,0.0,0.0015440133399276864,0.0013414964365097,0.0011968951956470785,0.0021703257330923428,0.0017855423143598196,0.0018448160326933944,0.003967871809688488,0.003380164302138939,0.052924791086350974,0.12256267409470752,0.036211699164345405,0.05988857938718663,0.12116991643454039,0.13649025069637882,0.2200557103064067,0.0766016713091922,0.05153203342618384,0.12256267409470752,0.5513513513513514,0.10270270270270271,0.15135135135135136,0.1945945945945946
8.0,22.666666666666668,17.0,29.666666666666668,44.666666666666664,19.0,12.0,6.333333333333333,27.666666666666668,0.0,17.333333333333332,7.666666666666667,16.333333333333332,2.3333333333333335,7.666666666666667,4.666666666666667,6.333333333333333,10.666666666666666,7.333333333333333,1.6666666666666667,0.3333333333333333,1.0,0.0,1.0,0.3333333333333333,1.3333333333333333,0.3333333333333333,1.3333333333333333,1.3333333333333333,0.3333333333333333,0.0,0.0,0.0,0.0,2.3333333333333335,0.0,0.01633128342883005,0.015287710529735017,0.0,0.002167808887017765,0.0,0.0005223302813248339,0.001942892802634321,0.0,0.0,0.0009339516329756744,0.0,0.0011979504905481185,0.001979298298835397,0.0012100220561778125,0.0,0.004128182221513106,0.010348641127155393,0.0020910075887772333,0.0014396750262999532,0.0007928016410804998,0.00177905142633618,0.0,0.0,0.001260942535744611,0.003988730704559762,0.0011594335484093115,0.0,0.010721156468759305,0.004637734193637246,0.0,0.002022943403701552,0.0,0.000453738157236012,0.0015669908439745015,0.0,0.0017183736684044375,0.0,0.001443567402572535,0.003264906304602845,0.0024967790015261427,0.002913988378145372,0.0,0.001011471701850776,0.0,0.0,0.0,0.003119188117060672,0.0009063939882851226,0.001559594058530336,0.0033214808941156933,0.12334801762114538,0.07048458149779736,0.06607929515418502,0.1277533039647577,0.05726872246696035,0.2026431718061674,0.1013215859030837,0.14096916299559473,0.030837004405286344,0.07929515418502203,0.34,0.1,0.24,0.32
0.6923076923076923,3.0,2.1538461538461537,2.4615384615384617,5.846153846153846,1.0769230769230769,3.230769230769231,1.0769230769230769,3.076923076923077,0.0,1.3076923076923077,4.153846153846154,1.5384615384615385,1.0769230769230769,0.9230769230769231,0.9230769230769231,0.23076923076923078,1.3076923076923077,0.6923076923076923,0.15384615384615385,0.3076923076923077,0.46153846153846156,0.07692307692307693,0.07692307692307693,0.07692307692307693,0.0,0.07692307692307693,0.07692307692307693,0.07692307692307693,0.0,0.0,0.0,0.0,0.0,0.0,0.0,0.0040828208572075125,0.0038219276324337544,0.0,0.0,0.0,0.0,0.007771571210537284,0.0,0.0,0.0037358065319026976,0.0,0.0,0.002639064398447196,0.002420044112355625,0.0,0.0016512728886052424,0.0,0.0027880101183696444,0.0014396750262999532,0.003171206564321999,0.0,0.0,0.0027677638923871315,0.005043770142978444,0.0059830960568396435,0.002318867096818623,0.004607225898296018,0.0,0.0,0.0,0.0,0.0,0.001814952628944048,0.0010446605626496677,0.0,0.0,0.0078072071965769605,0.00288713480514507,0.0,0.0,0.001456994189072686,0.0,0.0,0.0,0.0,0.0,0.001559594058530336,0.0,0.0,0.0,0.09467455621301775,0.08284023668639054,0.07100591715976332,0.1301775147928994,0.07692307692307693,0.20118343195266272,0.1301775147928994,0.1242603550295858,0.023668639053254437,0.0650887573964497,0.4666666666666667,0.16666666666666666,0.26666666666666666,0.1
2.6666666666666665,5.333333333333333,8.666666666666666,13.333333333333334,19.666666666666668,6.0,3.0,2.0,9.666666666666666,0.0,5.666666666666667,3.6666666666666665,4.0,0.0,1.3333333333333333,2.3333333333333335,2.0,3.0,4.0,0.0,0.3333333333333333,0.6666666666666666,0.0,0.0,0.0,0.3333333333333333,0.0,0.0,0.0,0.0,0.0,0.3333333333333333,0.0,0.3333333333333333,0.3333333333333333,0.0,0.011453107859179516,0.0214425030806673,0.0,0.006081126228517367,0.0,0.005860952767073461,0.0,0.0,0.0,0.0026199162691265673,0.0,0.013441937971864605,0.0,0.0,0.0,0.0,0.0041471363329602315,0.0,0.0,0.0,0.0016635286064442204,0.0,0.0,0.0,0.0,0.0,0.0,0.0042964189188348986,0.0,0.0,0.0,0.0,0.0,0.0014652381917683653,0.0,0.0,0.0,0.0,0.0,0.0,0.0,0.013988084986206314,0.0,0.014791304864892668,0.0,0.0,0.002187482575600991,0.0025426117073972273,0.002187482575600991,0.0,0.12727272727272726,0.09090909090909091,0.08181818181818182,0.1,0.05454545454545454,0.21818181818181817,0.1,0.11818181818181818,0.045454545454545456,0.06363636363636363,0.32142857142857145,0.10714285714285714,0.35714285714285715,0.21428571428571427
0.571917808219178,1.4897260273972603,1.2534246575342465,1.5136986301369864,3.5684931506849313,0.6301369863013698,1.6746575342465753,0.4554794520547945,1.7636986301369864,0.017123287671232876,0.7123287671232876,1.9383561643835616,1.1609589041095891,0.4315068493150685,0.7226027397260274,0.4897260273972603,0.09246575342465753,0.6095890410958904,0.2465753424657534,0.1095890410958904,0.15753424657534246,0.14383561643835616,0.003424657534246575,0.05136986301369863,0.017123287671232876,0.10616438356164383,0.0410958904109589,0.0684931506849315,0.06506849315068493,0.010273972602739725,0.0,0.017123287671232876,0.0,0.0,0.023972602739726026,0.0,0.009267311342325935,0.008954970778095633,0.0006768122171460731,0.0006349108062316438,0.008374010936196927,0.0026771640181801654,0.0008535556176996883,0.0025047015574419114,0.0,0.0023250646754485946,0.003458001404282296,0.0005262860460170718,0.0018357153035978462,0.0005315893507818458,0.005370851779864224,0.002297228452486751,0.0010824728733489417,0.003164155212305617,0.002793457576454554,0.004760034802311123,0.0013026274850461521,0.0,0.0026345359355332424,0.0033237590365932526,0.0021904216072497675,0.0016978823488570257,0.0026987411363578032,0.0013457257901706597,0.002377035288399836,0.0,0.0028142914334885324,0.0,0.0027907203813187127,0.0023712024161024322,0.0,0.00327131746500316,0.0020960366439623573,0.0006341909673674594,0.002629633010080122,0.0008531366893350346,0.0017069057347237977,0.001460450907034422,0.0022218090264383146,0.004118166687807405,0.0012400645681273663,0.0009369185834213893,0.0013703280676985192,0.0025219260528285717,0.0014845220733400624,0.0014591997419572675,0.07193732193732194,0.10968660968660969,0.04487179487179487,0.07478632478632478,0.0933048433048433,0.14814814814814814,0.18447293447293447,0.099002849002849,0.045584045584045586,0.1282051282051282,0.4876712328767123,0.15342465753424658,0.18082191780821918,0.1780821917808219
1.7826086956521738,5.304347826086956,3.3043478260869565,6.6521739130434785,10.956521739130435,2.130434782608696,4.869565217391305,1.6521739130434783,5.304347826086956,0.043478260869565216,1.8695652173913044,4.0,3.6956521739130435,1.0869565217391304,2.1739130434782608,1.3043478260869565,0.6086956521739131,2.5217391304347827,0.8695652173913043,0.34782608695652173,0.30434782608695654,0.34782608695652173,0.0,0.08695652173913043,0.08695652173913043,0.34782608695652173,0.17391304347826086,0.2608695652173913,0.0,0.0,0.0,0.0,0.0,0.043478260869565216,0.0,0.0,0.010180540319270681,0.009530001369185467,0.0,0.005405445536459882,0.0009380774763340523,0.00488412730589455,0.0,0.0015231642124208698,0.0,0.0034932216921687563,0.0,0.0014935486635405115,0.0008225655267887365,0.00037714973179568185,0.0,0.0030880947527162977,0.0,0.0056484360839696695,0.0013461896349817744,0.002965284060145246,0.0011090190709628135,0.0,0.000862679654770015,0.0015720842004088656,0.0018648611086253435,0.0021682913113109203,0.0014360184618065512,0.0,0.001445527540873947,0.0,0.004413694698985205,0.0,0.002262798082839333,0.0035816933576560033,0.019000985547926123,0.0021423879502185197,0.00162227682006794,0.002699658519096689,0.0,0.00363167854767439,0.002724768353590478,0.0,0.0,0.0021913044244285433,0.0011730609190238033,0.0013294419533877338,0.0038888579121795397,0.0,0.0034027506731570977,0.006211600633151427,0.08450704225352113,0.12112676056338029,0.0647887323943662,0.08169014084507042,0.08450704225352113,0.16056338028169015,0.14084507042253522,0.10985915492957747,0.059154929577464786,0.09295774647887324,0.5056179775280899,0.10112359550561797,0.1797752808988764,0.21348314606741572
1.5555555555555556,4.0,4.888888888888889,6.333333333333333,12.0,1.7777777777777777,6.333333333333333,0.7777777777777778,5.666666666666667,0.0,2.3333333333333335,7.555555555555555,3.4444444444444446,2.0,3.111111111111111,2.2222222222222223,0.3333333333333333,2.111111111111111,1.2222222222222223,0.8888888888888888,1.2222222222222223,0.5555555555555556,0.0,0.4444444444444444,0.0,0.1111111111111111,0.4444444444444444,0.3333333333333333,0.2222222222222222,0.0,0.0,0.1111111111111111,0.0,0.0,0.0,0.0,0.021434809500339443,0.020065120070277213,0.0,0.0,0.0,0.0007834954219872507,0.0,0.0036651138861377177,0.0,0.0,0.0,0.0,0.0009896491494176985,0.002722549626400078,0.0,0.0,0.0,0.004182015177554467,0.0026993906743124126,0.004756809846482998,0.00088952571316809,0.0,0.0020758229192903484,0.005674241410850749,0.0029915480284198217,0.005217450967841902,0.0,0.0,0.0,0.0,0.001517207552776164,0.0,0.000680607235854018,0.0015669908439745015,0.0,0.0025775605026066564,0.005855405397432721,0.0021653511038588025,0.0024486797284521337,0.004993558003052285,0.005463728209022573,0.0,0.003034415105552328,0.0,0.008468033509203079,0.0,0.0058484777194887615,0.0,0.0058484777194887615,0.00249111067058677,0.0728476821192053,0.12582781456953643,0.039735099337748346,0.10596026490066225,0.09271523178807947,0.1390728476821192,0.16556291390728478,0.09271523178807947,0.07947019867549669,0.08609271523178808,0.5,0.045454545454545456,0.22727272727272727,0.22727272727272727
2.0869565217391304,7.391304347826087,5.565217391304348,5.304347826086956,11.478260869565217,2.391304347826087,7.478260869565218,1.565217391304348,7.0,0.5652173913043478,2.652173913043478,6.086956521739131,3.347826086956522,2.217391304347826,3.1739130434782608,2.347826086956522,0.391304347826087,1.173913043478261,0.6521739130434783,0.6086956521739131,0.43478260869565216,0.5652173913043478,0.0,0.6086956521739131,0.0,0.5217391304347826,0.34782608695652173,0.17391304347826086,0.21739130434782608,0.043478260869565216,0.0,0.043478260869565216,0.0,0.0,0.0,0.0,0.005212111732605335,0.004879056552043091,0.0,0.0,0.008452676834627046,0.0016003310746973633,0.0019842309473712214,0.0,0.0,0.0038152917772623298,0.0,0.0006117193994288265,0.0026952147047971365,0.0012357672063092553,0.07725360826976686,0.0042160158858006195,0.0030196642802641873,0.001779580926618922,0.0014703064098382501,0.0008096697611034891,0.0012112690562288884,0.0,0.0014133262429210883,0.005794969951507148,0.0040735973152950765,0.0035523070419349123,0.0005881564976548109,0.0,0.0017761535209674562,0.0,0.0051649618817911965,0.0,0.002085264722616566,0.0024004966120460447,0.0,0.0026324022154280745,0.001993329496998373,0.0014742816026272697,0.0016671861980950698,0.0025499019590054226,0.0026039896145128856,0.0,0.004131969505432958,0.0,0.003843646415524802,0.0,0.0019909711385493654,0.0027770369002778224,0.0015927769108394923,0.0,0.06842105263157895,0.11578947368421053,0.042105263157894736,0.0868421052631579,0.10789473684210527,0.14210526315789473,0.16842105263157894,0.1,0.06315789473684211,0.10526315789473684,0.4318181818181818,0.10227272727272728,0.23863636363636365,0.22727272727272727
1.3636363636363635,5.181818181818182,4.090909090909091,3.4545454545454546,10.636363636363637,2.1818181818181817,4.2727272727272725,1.1818181818181819,7.454545454545454,0.0,1.2727272727272727,7.181818181818182,4.090909090909091,1.2727272727272727,2.272727272727273,1.7272727272727273,0.5454545454545454,2.090909090909091,0.9090909090909091,0.36363636363636365,0.45454545454545453,0.36363636363636365,0.0,0.36363636363636365,0.0,0.36363636363636365,0.09090909090909091,0.2727272727272727,0.09090909090909091,0.0,0.0,0.0,0.0,0.0,0.18181818181818182,0.0,0.005782880689552936,0.005413353236758629,0.0,0.0,0.0021314350527852403,0.0014796503707037916,0.0,0.0,0.0,0.0,0.0,0.003393538438798605,0.0018689767543101454,0.005998535570297877,0.0,0.003508278137102286,0.0041879278378745945,0.0019744596248126006,0.004588079100208376,0.0,0.0033597823658020973,0.0,0.0019601213139528537,0.0035719814783060455,0.002824806007163635,0.0,0.0016314111377572786,0.004338678777052947,0.0,0.0,0.0014326418859001155,0.0,0.0,0.0007398251853518958,0.0,0.0,0.007372051385620212,0.0,0.0,0.002357614270293538,0.0010318385076711482,0.0,0.002865283771800231,0.0,0.003998022378115553,0.0,0.0011044993988280414,0.002567621002879823,0.004417997595312166,0.0,0.09523809523809523,0.10317460317460317,0.05555555555555555,0.1111111111111111,0.07142857142857142,0.1746031746031746,0.21428571428571427,0.07936507936507936,0.031746031746031744,0.06349206349206349,0.5,0.03125,0.125,0.34375
2.5,5.0,3.5,3.5,9.0,1.5,6.5,2.5,7.5,0.0,0.5,8.0,3.5,1.0,3.0,2.0,0.0,1.0,0.0,0.5,1.0,0.0,0.0,0.5,0.5,1.5,0.0,0.0,0.0,0.0,0.0,0.0,0.0,0.0,0.0,0.0,0.019597540114596062,0.018345252635682024,0.0,0.0,0.014446393135544406,0.0,0.0,0.0,0.0,0.0,0.0,0.0,0.006333754556273271,0.0,0.0,0.0,0.028384844234483363,0.0,0.0,0.007610895754372798,0.005692964564275776,0.0,0.013285266683458231,0.036315145029444794,0.0,0.0,0.0,0.0,0.022261124129458784,0.0,0.019420256675534903,0.0,0.0,0.0,0.0,0.0,0.0,0.0,0.0,0.0,0.0,0.0,0.0,0.0,0.0,0.0,0.007486051480945615,0.0,0.007486051480945615,0.0,0.0,0.15,0.0,0.05,0.2,0.05,0.25,0.05,0.05,0.2,0.8333333333333334,0.0,0.16666666666666666,0.0
1.7272727272727273,3.1818181818181817,4.954545454545454,3.4545454545454546,8.909090909090908,2.6363636363636362,4.7727272727272725,1.3636363636363635,4.954545454545454,0.0,1.9090909090909092,5.2272727272727275,3.8181818181818183,0.8636363636363636,2.227272727272727,1.1818181818181819,0.3181818181818182,0.5909090909090909,0.6363636363636364,0.5909090909090909,0.3181818181818182,0.36363636363636365,0.0,0.18181818181818182,0.0,0.2727272727272727,0.09090909090909091,0.13636363636363635,0.18181818181818182,0.0,0.0,0.0,0.0,0.0,0.045454545454545456,0.0,0.012897832616553166,0.012073658041765134,0.0,0.0,0.013073061429788814,0.0012375503557531713,0.0015344235662486778,0.0057891378384332505,0.0,0.000737599827139838,0.0037298369808529334,0.0009460961826632308,0.0031263505122372634,0.0028668895517485284,0.0,0.0006520565702719057,0.0011675667189686941,0.0016513990463469192,0.002558252514741416,0.0018783746377336885,0.0023417130291810777,0.0,0.0032788135324805508,0.004979224638406507,0.0015750746475044035,0.0018313539046172674,0.007277227013030639,0.0012095950886664977,0.0,0.0,0.0007988222581344338,0.0,0.0032251077794033176,0.0016500671410042283,0.0,0.0,0.0010276397041198194,0.0,0.0,0.006572873422664801,0.002301358280363438,0.0,0.0023964667744033013,0.0013880932048710975,0.004458489306490836,0.0016842838641639845,0.0006158543265860194,0.0028633433487325263,0.0012317086531720388,0.0,0.05333333333333334,0.08444444444444445,0.05333333333333334,0.14666666666666667,0.08,0.1288888888888889,0.19555555555555557,0.10222222222222223,0.03111111111111111,0.12444444444444444,0.6481481481481481,0.07407407407407407,0.09259259259259259,0.18518518518518517
2.5714285714285716,2.857142857142857,4.571428571428571,4.571428571428571,12.285714285714286,4.0,4.142857142857143,1.4285714285714286,5.857142857142857,0.0,3.4285714285714284,5.0,1.5714285714285714,1.2857142857142858,2.0,2.4285714285714284,0.5714285714285714,2.857142857142857,1.4285714285714286,0.2857142857142857,0.2857142857142857,0.2857142857142857,0.0,0.0,0.0,0.5714285714285714,0.0,0.2857142857142857,0.0,0.0,0.0,0.0,0.0,0.0,0.5714285714285714,0.0,0.0,0.0,0.0029448319182609375,0.0,0.0,0.000998436643948355,0.007427696378212626,0.0,0.0,0.0017852526789623512,0.0,0.004579775326697232,0.0,0.0,0.0,0.0015782077165430637,0.011303699031431427,0.0,0.00068798629575396,0.0,0.0,0.0,0.0026452964635204444,0.0,0.0019061190977542226,0.0,0.0,0.0117105931593022,0.002216262358021339,0.0,0.0,0.0,0.0026019674857427947,0.00199687328789671,0.0,0.0,0.01243625925118454,0.005518770954967568,0.006240882847736412,0.0,0.001392525419644691,0.0,0.0,0.0,0.0,0.0,0.004471756415609106,0.003465152238399761,0.001490585471869702,0.0,0.11428571428571428,0.09285714285714286,0.06428571428571428,0.11428571428571428,0.07142857142857142,0.16428571428571428,0.12857142857142856,0.1357142857142857,0.007142857142857143,0.10714285714285714,0.5714285714285714,0.03571428571428571,0.2857142857142857,0.10714285714285714
5.054054054054054,15.54054054054054,10.35135135135135,12.405405405405405,23.675675675675677,8.756756756756756,14.054054054054054,4.054054054054054,14.945945945945946,0.02702702702702703,7.45945945945946,13.135135135135135,9.945945945945946,3.081081081081081,5.972972972972973,4.27027027027027,0.8648648648648649,2.5405405405405403,1.7297297297297298,1.027027027027027,1.4594594594594594,1.1891891891891893,0.02702702702702703,0.2972972972972973,0.10810810810810811,1.162162162162162,0.35135135135135137,0.5945945945945946,0.40540540540540543,0.02702702702702703,0.0,0.0,0.0,0.0,0.4864864864864865,0.0,0.006834047849934947,0.006397350565340598,0.00044847170722841774,0.0,0.006570967228094658,0.00311708690796006,0.0008483790674575743,0.003200800267139139,0.0,0.0028547200856992314,0.0020622178185915312,0.0020923771371298677,0.0040332870995136395,0.002465705322022712,0.000667284903579829,0.0020429494767380224,0.0038732688392741784,0.0020290100591908466,0.0030384516053716,0.0031156463414969506,0.001985248761464093,0.0,0.00322284097442383,0.0020188675639684606,0.004209132266402013,0.0021938607843216625,0.0030176708713906533,0.00401269314117599,0.004050204524901531,0.0,0.0022083344433938773,0.0,0.0020473252701161296,0.0022047687885571156,0.0,0.0017507958130913138,0.002083324831431588,0.0016809194552866178,0.0016632541551750341,0.0019382004108882188,0.0008482769402687337,0.0,0.0023555567396201364,0.0005116489104208155,0.0015064426188878795,0.0012416486168432609,0.0018160232703102568,0.003298199148746403,0.002043026179099039,0.0014503501478348852,0.07103448275862069,0.10275862068965518,0.05241379310344828,0.09586206896551724,0.08275862068965517,0.15586206896551724,0.17310344827586208,0.11310344827586206,0.04896551724137931,0.10413793103448275,0.5728476821192053,0.12582781456953643,0.1423841059602649,0.15894039735099338
1.0,9.0,4.8,8.2,13.8,4.6,6.8,1.4,6.6,0.2,4.8,3.6,5.0,0.8,5.4,2.6,1.6,1.8,1.4,0.2,1.4,1.4,0.0,0.2,0.0,0.6,0.0,0.2,0.0,0.0,0.0,0.0,0.0,0.0,0.2,0.0,0.015961797378404034,0.014941834725894861,0.0030114570747826787,0.0,0.0,0.004084102833164312,0.0,0.0,0.0,0.001825643011065572,0.0,0.004683390153093098,0.0012896785295579058,0.0,0.0,0.004841741320435282,0.0028898597071306594,0.0,0.004221309579377238,0.004649189714209628,0.004636803717509682,0.0,0.005410289599598375,0.007394486544457085,0.0019492439642192505,0.0022664040403295145,0.0,0.002993884676473187,0.0,0.0,0.0019771754533915624,0.0,0.0035477807045422123,0.0,0.0,0.0,0.0,0.0,0.0,0.0065074421035251516,0.0,0.0,0.0019771754533915624,0.0,0.0,0.0,0.0030486182501588475,0.0017717746739329095,0.0,0.0032463342675519906,0.06930693069306931,0.0891089108910891,0.0594059405940594,0.0891089108910891,0.0891089108910891,0.19801980198019803,0.1485148514851485,0.09900990099009901,0.0594059405940594,0.09900990099009901,0.391304347826087,0.13043478260869565,0.4782608695652174,0.0
9.0,25.0,28.0,31.0,55.0,16.0,18.0,11.0,51.0,0.0,18.0,11.0,15.0,5.0,7.0,8.0,4.0,13.0,8.0,1.0,6.0,3.0,0.0,0.0,0.0,5.0,2.0,2.0,0.0,0.0,0.0,0.0,0.0,0.0,0.0,0.0,0.00996485090572681,0.009328094560516283,0.0,0.0,0.0,0.0012748400086572216,0.0,0.0,0.0,0.0,0.0,0.0,0.0032205531642067477,0.0014766370855051271,0.0,0.002015112677619957,0.0,0.0,0.0,0.0,0.0,0.0,0.0,0.006155109327024542,0.0,0.0028298039147617096,0.0,0.0,0.0028298039147617096,0.0,0.007406030088127716,0.0,0.005537143613727605,0.002549680017314443,0.0,0.0,0.0,0.0,0.003984292439515336,0.008125111327000329,0.0017780268070039559,0.012170424225286849,0.0,0.0,0.0,0.0,0.0019032334273590544,0.0022122158358145365,0.003806466854718109,0.0,0.06870229007633588,0.10687022900763359,0.061068702290076333,0.13740458015267176,0.04580152671755725,0.22137404580152673,0.08396946564885496,0.183206106870229,0.061068702290076333,0.030534351145038167,0.2222222222222222,0.0,0.4444444444444444,0.3333333333333333
