user_id,post_sequence,suicide_risk
0,"💀⚠️🕳️🚨⚰️,💀🕳️🚨⚰️😭,💀⏳😭🕳️,💀🔪🚨🕳️,💀🔪🚨⚰️😭",2
0,"💀🕳️🚨⚰️😭,💀⏳😭🕳️,💀🔪🚨🕳️,💀🔪🚨⚰️😭,💀🕳️🚨😭⚠️",3
0,"💀⏳😭🕳️,💀🔪🚨🕳️,💀🔪🚨⚰️😭,💀🕳️🚨😭⚠️,💀🕳️⚠️🚨😭",3
0,"💀🔪🚨🕳️,💀🔪🚨⚰️😭,💀🕳️🚨😭⚠️,💀🕳️⚠️🚨😭,💀⚠️🕳️😭",2
0,"💀🔪🚨⚰️😭,💀🕳️🚨😭⚠️,💀🕳️⚠️🚨😭,💀⚠️🕳️😭🚨,💀🕳️🚨😭🔪",2
0,"💀🕳️🚨😭⚠️,💀🕳️⚠️🚨😭,💀⚠️🕳️😭🚨,💀🕳️🚨😭🔪,💀💊🚨🕳️😭",3
0,"💀🕳️⚠️🚨😭,💀⚠️🕳️😭🚨,💀🕳️🚨😭🔪,💀💊🚨🕳️😭,💀🕳️⚠️🚨😭",0
0,"💀⚠️🕳️😭🚨,💀🕳️🚨😭🔪,💀💊🚨🕳️😭,💀🕳️⚠️🚨😭,💀⚠️🕳️😰🚨",2
0,"💀🕳️🚨😭🔪,💀💊🚨🕳️😭,💀🕳️⚠️🚨😭,💀⚠️🕳️😰🚨,💀🔪🚨🩸🕳️",1
0,"💀💊🚨🕳️😭,💀🕳️⚠️🚨😭,💀⚠️🕳️😰🚨,💀🔪🚨🩸🕳️,💀⚠️😭🕳️",1
0,"💀🕳️⚠️🚨😭,💀⚠️🕳️🚨😭,💀🔪🕳️🚨,💀⚠️😭🕳️,💀🕳️😭⚠️🩸",0
0,"💀⚠️🕳️😰🚨,💀🔪🚨🩸🕳️,💀⚠️😭🕳️,💀🕳️😭⚠️🩸,💀🕳️⚠️😭🔪",0
0,"💀🔪🚨🩸🕳️,💀🚨😭⚠️,💀🕳️😭⚠️🚨,💀🕳️⚠️😭🔪,🕳️😰😔💀⚠️",2
0,"💀⚠️😭🕳️,💀🕳️😭⚠️🩸,💀⚠️🕳️😭🔪,🕳️😰😔💀⚠️,💀🕳️⚠️😭🔪",2
0,"💀🕳️😭⚠️🩸,💀🕳️⚠️😭🔪,🕳️😰😔💀⚠️,💀🕳️⚠️😭🔪,💀🕳️🚨😭⚠️",0
0,"💀⚠️🕳️😭🔪,🕳️😰😔💀⚠️,💀🕳️⚠️😭🔪,💀🕳️🚨😭⚠️,💀🕳️😭🚨⚠️",3
0,"😔🕳️😭⚠️💀,💀🕳️⚠️😭🔪,💀🕳️🚨😭⚠️,💀🕳️😭⚠️🔪,💀🕳️🚨🔪😭",2
0,"💀🕳️⚠️😭🔪,💀🕳️🚨😭⚠️,💀🕳️😭🚨⚠️,💀🚨🔪🕳️😭,💀💊🔪🕳️🚨",3
0,"💀🕳️🚨😭⚠️,💀🕳️😭⚠️🔪,💀🚨🔪🕳️😭,💀💊🔪⚠️😭,💀🔪🩸⚠️🕳️",1
0,"💀🕳️😭🚨⚠️,💀🚨🔪🕳️😭,💀💊🔪⚠️😭,💀🔪🩸⚠️🕳️,💀🕳️😭⚠️",3
0,"💀🚨🔪🕳️😭,💀💊🔪⚠️😭,💀🔪🩸⚠️🚨,💀🕳️😭⚠️,💀⚠️🕳️😭🔪",1
0,"💀💊🔪⚠️😭,💀🔪🩸⚠️🕳️,💀🕳️😭⚠️,💀⚠️🕳️😭🔪,💀😭⚠️🕳️",1
0,"💀🔪🩸⚠️🕳️,💀🕳️😭⚠️,💀⚠️🕳️😭🔪,💀😭⚠️🕳️,💀💊⚠️🕳️😭",1
0,"💀🕳️😭⚠️,💀⚠️🕳️😭🔪,💀😭⚠️🕳️,💀💊⚠️🕳️😭,💀🕳️⚠️😭⚰️",1
0,"💀⚠️🕳️😭🔪,💀😭⚠️🕳️,💀💊🕳️🚨😭,💀🕳️⚠️😭⚰️,💀🔪🩸🚨",1
0,"💀😭⚠️🕳️,💀💊🕳️😭,💀🕳️⚠️😭⚰️,💀🔪🕳️😭,💀🕳️⚠️😭💊",3
2,"💀🕳️😭⚠️😔,💀💊🚨🕳️😭,💀😭🕳️⚠️😔,😔💔😢🕳️⚠️,💀🕳️😭⚠️",1
2,"💀💊🚨🕳️😭,💀😭🕳️⚠️💔,😔😢😞🕳️⚠️,💀🕳️😭⚠️,💀😭🔪⚠️",1
2,"💀😭🕳️⚠️😔,😔💔😢🕳️⚠️,💀🕳️😭⚠️,💀😭🔪⚠️,💀🕳️⚠️😭🌑",1
2,"😔💔😢🕳️,💀🕳️😭⚠️,💀😭🔪⚠️,💀🕳️⚠️😭🌑,💀😭⚠️🕳️💊",2
2,"💀🕳️😭⚠️,💀😭🔪⚠️,💀🕳️⚠️😭🌑,💀😭⚠️🕳️,💀🕳️⚠️😭🔪",3
4,"💀⚠️🔪🕳️,💀😭🕳️🚨,💀😭🕳️🚨,,💀🔪🚨⚰️😭",1
4,"💀😭🕳️🚨,💀😭🕳️🚨,,💀🔪🚨⚰️😭,💀🔪😭⚠️",1
5,"💀😰🕳️😭⚠️,💀🕳️😭😰⚠️,💀🕳️😰😔😭,😔😞😖💔🕳️,💀🕳️😭😔⚠️",0
5,"💀🕳️😭😔⚠️,💀🕳️😰😔😭,😔😢😞⚠️,💀🕳️😭⚠️,😔💔😢",1
5,"💀🕳️😰😔😭,😔😞😖💔🕳️,💀🕳️😭😔⚠️,😔💔😢,💀🕳️😭⚠️😖",0
5,"😔😞😖💔🕳️,💀🕳️😭⚠️,😔💔😢,💀🕳️😭⚠️😖,💀😰🕳️😭⚠️",1
5,"💀🕳️😭⚠️😔,😔💔😢,💀🕳️😭⚠️😖,💀😰🕳️😭⚠️,💀🕳️😰😭⚠️",1
5,"😔💔😢,💀🕳️😭⚠️😖,💀🕳️😭⚠️,💀🕳️😰😭⚠️,💀🕳️😭⚠️",1
5,"💀⚠️😭😖🕳️,💀😰🕳️😭⚠️,💀🕳️😰😭⚠️,💀🕳️😭⚠️,💀🕳️😭⚠️",1
5,"💀😰🕳️😭⚠️,💀🕳️😰😭⚠️,💀🕳️😭🚨,💀🕳️😰😭⚠️,💀🕳️😭😔⚠️",0
5,"💀⚠️🕳️😭😰,💀🕳️😭⚠️,💀🕳️😭⚠️,💀🕳️😭😔⚠️,😔😰🕳️😭⚠️",2
5,"💀🕳️😭🚨,💀🕳️😰😭⚠️,💀🕳️😭😞⚠️,😔😰🕳️😭⚠️,💀😰🕳️😭⚠️",1
5,"💀🕳️😭⚠️,💀🕳️😭😞⚠️,😔😰🕳️😭⚠️,💀😭⚠️🕳️,💀😭🕳️⚠️😔",1
5,"💀🕳️😭😔⚠️,😔😰🕳️😭⚠️,💀😰🕳️😭⚠️,💀😭🕳️⚠️😔,💀🕳️😭⚠️🔪",0
5,"😔😰🕳️😭⚠️,💀😰🕳️😭⚠️,💀😭🕳️⚠️😔,💀🕳️😭⚠️🔪,😔😟😖💔😢",1
5,"💀😰🕳️😭⚠️,💀😭🕳️⚠️😔,💀🕳️😭⚠️,😔😟😖💔😢,💀😰🕳️😭⚠️",0
5,"💀😭🕳️⚠️😔,💀🕳️😭⚠️🔪,😔😟😖💔😢,💀😰🕳️😭⚠️,😔🕳️😭",1
5,"💀🕳️😭⚠️,😔😟😖💔😢,💀😰🕳️😭⚠️,😔💔😢🕳️,💀😭🕳️🚨",2
5,"😔😟😖💔😢,💀😰🕳️😭⚠️,😔💔😢🕳️,💀😭🕳️🚨,💀⚠️😭🕳️🚨",1
5,💀😭⚠️🕳️,2
5,💀🕳️😭⚠️🚨,0
5,💀😭⚠️🕳️,1
8,"😔💔😢,😔💔😢😞,😔💔😢,💀🕳️😭⚠️,💀😔🕳️💔😭",0
8,"😔💔😢😞⚠️,😔💔😢,💀🕳️😭⚠️,💀😔🕳️😭⚠️,😔💔😢",1
8,"😔😢💔,💀😭🕳️⚠️,💀😔🕳️💔😭,😔💔😢,💀😰🕳️😭⚠️",0
8,"💀😭🕳️⚠️,💀😔🕳️💔😭,😔💔😢,💀😰🕳️😭⚠️,😔💔😢",0
8,"💀🕳️😭😔💔,😔💔😢,💀😰🕳️😭⚠️,😔💔😢,😔😞😩💔🕳️",1
8,"😔💔😢,💀😔🔪⚠️😭,😔💔😢,😔😞😩💔🕳️,💀🔪⚠️😭🕳️",1
8,"💀😰🕳️😭⚠️,😔😢😞,😔😞😩💔🕳️,💀😭🔪⚠️🕳️,💀😭🕳️⚠️😔",1
8,"😔💔😢,😔😞😩💔🕳️,💀😭🔪⚠️🕳️,💀😭🕳️⚠️😔,😔😩😞🕳️⚠️",1
8,"😔😞😩💔🕳️,💀😭🔪⚠️🕳️,💀🕳️😭⚠️,😔😩😭🕳️⚠️,💀😭⚠️🕳️",0
8,"💀🔪😭⚠️🕳️,💀🕳️😭⚠️,😔😩😞🕳️⚠️,💀😭⚠️🕳️,💀🕳️😭😔⚠️",0
8,"💀🕳️😭⚠️,😔😩😭⚠️🕳️,💀😭⚠️,💀🕳️😭😔⚠️,💀😰🕳️😭⚠️",1
8,"😔😩😭🕳️⚠️,💀😭⚠️🕳️,💀🕳️😭😔⚠️,💀😰🕳️😭⚠️,💀😔🕳️😭⚠️",0
8,"💀😭⚠️🕳️,💀🕳️😭😔⚠️,💀😰🕳️😭⚠️,💀😔🕳️😭⚠️,💀🕳️😭⚠️😔",0
8,"💀🕳️😭😞⚠️,💀😰🕳️😭⚠️,💀😔🕳️😭⚠️,💀🕳️😭😞⚠️,💀🕳️😭⚠️",1
8,"💀😰🕳️😭⚠️,💀😔🕳️😭⚠️,💀🕳️😭😞⚠️,💀🕳️😭,💀😔🕳️😭⚠️",1
8,"💀😔🕳️😭⚠️,💀🕳️😭😞⚠️,💀🕳️😭⚠️,💀😔🕳️😭⚠️,💀😰🕳️😭⚠️",1
8,"💀🕳️😭😞⚠️,💀🕳️😭,💀😔🕳️😭⚠️,💀😰🕳️😭⚠️,💀🕳️😭⚠️😔",1
8,"💀🕳️😭⚠️,💀😔🕳️😭⚠️,💀😰🕳️😭⚠️,💀🕳️😭⚠️😔,💀🕳️😭⚠️",0
8,"💀😔🕳️😭⚠️,💀😰🕳️😭⚠️,💀🕳️😭⚠️😔,💀🕳️😭⚠️,💀😭😔⚠️",0
8,"💀😰🕳️😭⚠️,💀🕳️😭⚠️😔,💀🕳️😭⚠️,💀😭😔⚠️,😭😔💔😞⚠️",0
8,"💀🕳️😭⚠️😔,💀🕳️😭⚠️,💀😭🕳️⚠️,😭😔😞⚠️,😔💔😢",1
8,"💀🕳️😭⚠️,💀😭😔⚠️,😭😔😞⚠️💔,😔💔😢,💀😭⚠️🕳️",1
8,"💀😭😔⚠️,😭😔😞⚠️,😔💔😢,💀😭⚠️🕳️,💀😔🕳️😭⚠️",1
8,"😭😔😞⚠️💔,😔💔😢,💀😭⚠️🕳️,💀😔🕳️😭⚠️,💀🕳️😭😞💔",0
8,"😔💔😢,💀😭⚠️🕳️,💀😔💔⚠️😭,💀🕳️😭😞💔,😔💔😢🕳️",2
9,"💀🕳️😭⚠️😔,💀⚠️🕳️😭🚨,💀🕳️😰😭⚠️,💀🔪🚨😭⚠️,😔💔😞🕳️⚠️",1
9,"💀⚠️🕳️😭🚨,💀🕳️😰😭⚠️,💀🔪🚨😭⚠️,😔💔😞🕳️⚠️,💀🕳️😭⚠️🔪",1
9,"💀🕳️😰😭⚠️,💀🔪🚨😭⚠️,😔💔😞🕳️⚠️,💀🕳️😭⚠️🔪,💀🕳️⚠️😭🌑",0
10,"💀🕳️😭⚠️🩸,💀🕳️😭⚠️😔,💀🔪⚠️😭🕳️,💀⚠️😭🕳️🚨,😔💔😞🕳️⚠️",1
10,"💀🕳️😭⚠️😔,💀🔪⚠️😭🕳️,💀⚠️😭🕳️🚨,😔💔😞🕳️,💀🕳️😰😭⚠️",0
10,"💀🔪⚠️😭🕳️,💀⚠️😭🕳️🚨,😔💔😞🕳️,💀🕳️😰😭⚠️,😔💔😖🕳️⚠️",2
10,"💀⚠️😭🕳️🚨,😔💔😞🕳️⚠️,💀🕳️😰😭⚠️,😔💔😖🕳️⚠️,💀🔪⚠️😭🌑",1
10,"😔💔😞🕳️⚠️,💀🕳️😰😭⚠️,😔💔😞🕳️⚠️,💀🔪⚠️😭🌑,💀😭😔⚠️🕳️",2
10,"💀🕳️😰😭⚠️,😔💔😞🕳️⚠️,💀🔪⚠️😭🕳️,💀😭😔⚠️🕳️,💀🔪🚨💊⚠️",1
10,"😔💔😞🕳️⚠️,💀🔪⚠️😭🌑,💀😭😔⚠️🕳️,💀🔪🚨💊⚠️,💀⚠️🕳️🔪",2
10,"💀🔪⚠️😭🌑,💀😭😔⚠️🕳️,💀🔪🚨💊⚠️,💀⚠️🕳️🔪,💀🔫⚠️🕳️😰",1
10,"💀😭😔⚠️🕳️,💀🔪🚨💊⚠️,💀⚠️🕳️🔪,💀🔫⚠️🕳️😰,💀🔪😭🕳️🚨",1
10,"💀🔪🚨💊⚠️,💀⚠️🕳️🔪,💀🔫⚠️🕳️😰,💀🔪😭🕳️🚨,💀🔫😭🕳️🚨",1
10,"💀⚠️🕳️🔪,💀🔫⚠️🕳️😰,💀🔪😭🕳️🚨,💀🔫😭🕳️🚨,💀🕳️😭⚠️",2
10,"💀🔪🚨⚠️🔫,💀🔪😭🕳️🚨,💀😭🕳️⚠️🔫,💀🕳️😭⚠️🌑,💀🔪⚠️😭🕳️",2
10,"💀🔪😭🕳️🚨,💀🔫😭🕳️🚨,💀🕳️😭⚠️🌑,💀🔪⚠️😭,💀🔪💊🕳️",1
10,"💀😭🕳️⚠️🔫,💀🕳️😭⚠️,💀🔪⚠️😭,💀🔪💊🕳️,💀🕳️⚠️😭🔪",1
10,"💀🕳️😭⚠️🌑,💀🔪⚠️😭🕳️,💀🔪😭🕳️⚠️,💀🕳️⚠️😭🔪,💀🔫🚨😭🕳️",0
10,"💀🔪⚠️😭,💀🔪💊🕳️,💀🕳️⚠️😭🔪,💀🔫🚨😭🕳️,😔💔😞",1
10,"💀🔪💊🕳️,💀🕳️⚠️😭🔪,💀🔫🚨🕳️😭,😔💔😞,💀🕳️😭😔💔",1
10,"💀🕳️⚠️😭🔪,💀🔫🚨😭🕳️,😔💔😞,💀🕳️😭😔💔,💀🕳️😰💊⚠️",2
10,"💀🔫🚨🕳️😭,😔💔😞,💀😔🕳️😭⚠️,💀🕳️😰💊⚠️,💀🔪⚠️😭",2
10,"😔💔😞,💀🕳️😭😔💔,💀🕳️😰💊🚨,💀🔪⚠️😭,💀⚠️🕳️🔪😭",1
10,"💀😭🕳️😔💔,💀🕳️😰💊⚠️,💀🔪⚠️🕳️,💀⚠️🕳️🔪😭,💀🕳️⚠️😭🔪",1
10,"💀🕳️😰💊⚠️,💀🔪🚨⚠️😭,💀🕳️🚨🔪😭,💀🕳️😰🔪,💀🕳️😭⚠️😔",1
10,"💀🔪🚨😭⚠️,💀⚠️🕳️🔪😭,💀🕳️⚠️😭🔪,💀🕳️😭⚠️😔,💀🕳️😭⚠️",1
10,"💀⚠️🕳️🔪😭,💀🕳️⚠️😭🔪,💀🕳️😭⚠️😔,💀🕳️😰😭⚠️,💀😭🕳️⚠️",1
10,"💀🕳️⚠️😭🔪,💀🕳️😭⚠️😔,💀🕳️😭⚠️,💀😭🕳️⚠️,💀💊😰⚠️🕳️",0
10,"💀🕳️😭⚠️😔,💀🕳️😰😭⚠️,💀🕳️😭⚠️,💀💊⚠️😭😔,💀😔🕳️💔😭",2
10,"💀🕳️😭⚠️😰,💀😭🕳️⚠️,💀💊😰⚠️🕳️,💀😔💔🕳️⚠️,💀⚠️🔪😭",1
10,"💀😭🕳️⚠️,💀💊⚠️😭😔,💀🕳️😭😔💔,💀⚠️🔪😭,💀😔🕳️😭⚠️",1
10,"💀💊😰⚠️😭,💀😔💔🕳️⚠️,💀⚠️🔪😭,💀😔🕳️😭⚠️,💀😭🕳️⚠️😔",1
10,"💀🕳️😭😔💔,💀⚠️🔪😭,💀😔🕳️😭⚠️,💀🕳️😭⚠️,💀😔🕳️⚠️😭",1
10,"💀⚠️🚨🕳️😭,💀😔🕳️😭⚠️,💀🕳️😭⚠️,💀😔🕳️⚠️😭,💀😰⚠️😭😔",1
10,"💀😔🕳️😭⚠️,💀🕳️😭⚠️,💀😔🕳️⚠️😭,💀😰😭⚠️,💀😭🕳️⚠️",1
10,"💀🕳️😭⚠️,💀😔🕳️⚠️😭,💀😰⚠️😭😔,💀😭🕳️⚠️,💀🕳️😰🚨😭",1
10,"💀🕳️😭⚠️😔,💀😰😭⚠️🕳️,💀🕳️😭⚠️,💀🕳️😰😭⚠️,💀😭💊⚠️🕳️",0
10,"💀😰😭⚠️💔,💀🕳️😭⚠️,💀🕳️⚠️😭😰,💀😰🕳️💊😭,💀😔🕳️😭⚠️",0
10,"💀😭🕳️⚠️,💀🕳️😰😭⚠️,💀😰🕳️💊😭,💀😔🕳️😭⚠️,💀😔🕳️😭⚠️",0
10,"💀🕳️😰😭⚠️,💀😰🕳️💊😭,💀😔😞🕳️😭,💀😔💔🕳️😭,💀😭😔⚠️",1
11,"😔💔😢,😔💀🕳️⚠️,💀🕳️😰😭⚠️,💀🕳️😰😔💔,😔💔😢⚠️",0
11,"😔💀🕳️⚠️,💀🕳️😰😭⚠️,💀🕳️😰😔💔,😔💔😢⚠️,💀🕳️😭⚠️🩸",0
11,"💀🕳️😰😭⚠️,💀🕳️😰😔💔,💀🕳️😭⚠️,💀🕳️😭⚠️🩸,💀😰🕳️😭⚠️",0
13,"💀🕳️⚠️😭🩸,💀🔪😭🕳️⚠️,💀😭🕳️⚠️😔,😔💔😴⚠️,😔💔🕳️😭⚠️",0
13,"💀🔪😭🕳️⚠️,💀😭🕳️⚠️😔,😔💔😴🕳️⚠️,😔💔😞🕳️⚠️,💀🕳️😭⚠️😔",2
13,"💀😭🕳️⚠️😔,😔💔😴⚠️,😔💔🕳️😭⚠️,💀🕳️😭😔⚠️,💀🚨⚠️🕳️😭",2
13,"😔💔😴⚠️,😔💔🕳️😭⚠️,💀🕳️😭⚠️😔,💀🚨⚠️🕳️😭,💀🔪😰🩸",0
13,"😔💔🕳️😭⚠️,💀🕳️😭⚠️😔,💀🚨⚠️🕳️😭,💀🔪😰🕳️,💀⚠️🪦😰🕳️",0
13,"💀🕳️😭⚠️😔,💀🚨⚠️🕳️😭,💀🔪😰🩸,💀⚠️🪦😰🕳️,💀📝⚠️🕳️😰",0
13,"💀🚨⚠️🕳️😭,💀🔪😰🕳️,💀⚠️🪦😰🕳️,💀📝⚠️🕳️😰,😔💔😢⚠️🕳️",0
13,"💀🔪😰🩸,💀⚠️🪦😰🕳️,💀⚠️🕳️😭🚨,😔💔😢⚠️,😔💔😢",2
14,"😔💊😰⚠️🕳️,💀🕳️😭😔⚠️,💀🕳️😭😔⚠️,😊💪✨🌟🙏,💀🕳️😭😔⚠️",0
14,"💀🕳️😭😔⚠️,💀🕳️😭😔⚠️,😊💪✨🌟🙏,💀🕳️😭😔⚠️,💊😰⚠️😵🕳️",0
14,"💀🕳️😭😔⚠️,😊💪✨🌟🙏,💀🕳️😭⚠️😔,💊😰⚠️😵🕳️,😔😢😞",0
14,"😊💪✨🌟🙏,💀🕳️😭⚠️😔,💊😰🕳️,😔😢😞,😔💔😞",0
14,"💀🕳️😭⚠️😔,💊😰🕳️,😔😢😞,😔💔😞,😔💔😞🕳️⚠️",0
14,"💊😰⚠️😵🕳️,😔😢😞,😔💔😞,😔💔😞🕳️⚠️,💀🕳️😭🌙",1
14,"😔😢😞,😔💔😞,😔💔😞🕳️⚠️,💀🕳️😭⚠️,💀😰🕳️😭",1
14,"😔😞💔,😔💔😞🕳️⚠️,💀🕳️😭🌙,💀😰🕳️😭,💀😰🕳️😭⚠️",2
14,"😔💔😞🕳️⚠️,💀🕳️😭🌑,💀😰🕳️😭,💀😰🕳️😭⚠️,💀⚠️🕳️😭🚨",2
14,"💀🕳️😭⚠️😴,💀😰🕳️😭,💀😰🕳️😭⚠️,💀⚠️🕳️😭🚨,💀😭⚠️🕳️",2
14,"💀😰🕳️😭,💀😰🕳️😭⚠️,💀⚠️🕳️😭🚨,💀😭🕳️⚠️,💀💊🕳️😭",1
14,"💀😰🕳️😭⚠️,💀⚠️🕳️😭🚨,💀😭⚠️🕳️😔,💀💊⚠️🕳️😭,💀😰⚠️😭🕳️",0
14,"💀⚠️🕳️😭🚨,💀😭⚠️🕳️😔,💀💊⚠️🕳️😭,💀😰⚠️😭🕳️,💊🕳️😰💀🚨",0
14,"💀😭⚠️🕳️,💀💊⚠️🕳️😭,💀😰⚠️😭🕳️,💊🕳️😰💀🚨,😔😞💔",2
14,"💀💊⚠️🕳️😭,💀😰⚠️😭🕳️,💊🕳️😰💀🚨,😔💔😞,💀⚠️🕳️😭🚨",1
14,"💀😰⚠️😭🕳️,💊🕳️😰💀🚨,😔😞💔,💀⚠️🕳️😭🚨,💀💊😰🕳️🚨",1
14,"💊😭🕳️⚠️💀,😔😞💔,💀⚠️🕳️😭🚨,💀💊🕳️😭,💀😰🕳️😭⚠️",0
14,"😔😞💔,💀⚠️🕳️😭🚨,💀💊🕳️😭,💀😰🕳️😭⚠️,😔💔😢",1
14,"💀⚠️🕳️😭🚨,💀💊🕳️😭,💀😰🕳️😭⚠️,😔💔😢,💀😰🕳️😭⚠️",0
14,"💀💊🕳️😭,💀😰🕳️😭⚠️,😔💔😢,💀😰🕳️😭⚠️,💀🕳️⚠️😭🌑",0
14,"💀😰🕳️😭⚠️,😔💔😢,💀😰🕳️😭⚠️,💀⚠️🕳️😭,😔😖😞⚠️",0
14,"😔💔😢,💀😰🕳️😭⚠️,💀🕳️⚠️😭🌑,😔😖😞⚠️🕳️,😔😞😖💔🕳️",2
14,"💀😰🕳️😭⚠️,💀⚠️🕳️😭,😔😖😞⚠️,😔💔😞,💀⚠️🕳️😭😔",0
14,"💀🕳️⚠️😭🌑,😔😖😞⚠️💔,😔😞😖💔🕳️,💀🕳️😭⚠️🚨,😔💔🕳️😭",0
14,"😔😖😞⚠️,😔😞😖💔🕳️,💀⚠️🕳️😭😔,😔💔🕳️😭,😔😞🕳️😭⚠️",1
15,💀💊🚨🕳️😭,2
15,💀🕳️🚨⚰️😭,1
16,"💀⚠️🕳️😭,💀🕳️⚠️😭🚨,💀🕳️⚠️😭🚨,💀🕳️⚠️😭💊,💀😭🕳️🚨",2
16,"💀🕳️⚠️😭🚨,💀🕳️⚠️😭🚨,💀🕳️⚠️😭💊,💀😭⚠️🕳️,💀🕳️🚨😭⚠️",0
17,"💀😭⚠️🕳️🔪,😔💔😢😞⚠️,😔💔😢😞⚠️,😡💢😤💥⚠️,💀🔫🚨😭⚠️",0
17,"😔💔😢😞⚠️,😔💔😢😞⚠️,😡🤬💥⚠️🚨,💀🔫🚨⚠️😭,😔💔😢😞🕳️",0
17,"😔💔😢😞⚠️,😡💢😤💥⚠️,💀🔫🚨⚠️😭,😔💔😢😞🕳️,💀😭⚠️🕳️😔",0
18,"💀🕳️😰😭⚠️,💀⚠️🕳️😰💊,💀🕳️😭⚠️😔,💀😭⚠️💔😔,💀🕳️😭⚠️💊",1
18,"💀⚠️🔪😰🕳️,💀🕳️😭⚠️😖,💀🕳️😭⚠️💔,💀🕳️😭⚠️💊,💀🕳️😰😭⚠️",0
18,"💀🕳️😭⚠️😔,💀🕳️😭⚠️💔,💀🕳️😭⚠️💊,💀🕳️😰😭⚠️,💀🕳️😭⚠️💔",0
18,"💀🕳️😭⚠️💔,💀🕳️😭⚠️💊,💀🕳️😰😭⚠️,💀🕳️😭⚠️💔,💀😰🕳️😭⚠️",0
18,"💀🕳️😭⚠️💊,💀🕳️😰😭⚠️,💀🕳️😭⚠️😖,💀😰🕳️😭⚠️,💀🔪😭🕳️⚠️",0
19,"💀⚠️😰🕳️😭,⚠️🕳️😰💊🏥,💊😰⚠️😔🔍,💀💊⚠️🕳️,💀💊🕳️🚨😭",2
19,"💀⚠️🕳️😭🚨,💊😰⚠️😔💔,💀💊⚠️🕳️,💀💊🕳️😭🚨,💀⚠️😭🕳️",2
20,"💀😭😰🕳️⚠️,💀😭🕳️⚠️,😔💔😭⚠️🕳️,💀😭⚠️🕳️,💀😰🕳️😭⚠️",0
20,"💀😭🕳️⚠️,😔💔😭⚠️🕳️,💀😭⚠️🕳️,💀😰🕳️😭⚠️,💀😔🕳️😭⚠️",1
20,"😔💔😭⚠️🕳️,💀😭🕳️⚠️,💀😰🕳️😭⚠️,💀😔🕳️😭⚠️,💀😰😭⚠️🕳️",0
20,"💀😭⚠️🕳️,💀😰🕳️😭⚠️,💀😔🕳️😭⚠️,💀😰😭⚠️🕳️,💀😰🕳️😭⚠️",1
20,"💀😰🕳️😭⚠️,💀😔🕳️😭⚠️,💀😰😭⚠️🕳️,💀😰🕳️😭⚠️,💀😭🕳️⚠️",1
20,"💀😔🕳️😭⚠️,💀😰😭⚠️🕳️,💀😰🕳️😭⚠️,💀😭🕳️⚠️,😭😰💔⚠️",1
20,"💀😰😭⚠️🕳️,💀😰🕳️😭⚠️,💀😭🕳️⚠️,😭😰💔⚠️,💀😰🕳️😭⚠️",1
20,"💀😰🕳️😭⚠️,💀😭🕳️⚠️,😭😰💔⚠️,💀😰🕳️😭⚠️,💀🕳️😭😔⚠️",0
20,"💀😭⚠️🕳️,😭😰💔⚠️,💀😰🕳️😭⚠️,💀🕳️😭😔⚠️,💀😔🕳️😭⚠️",1
20,"😭😰💔⚠️,💀😰🕳️😭⚠️,💀🕳️😭😔⚠️,💀😔🕳️😭⚠️,💀🕳️😭⚠️",0
20,"💀😰🕳️😭⚠️,💀🕳️😭😔⚠️,💀😔🕳️😭⚠️,💀🕳️😭⚠️,💀😰🕳️😭⚠️",1
20,"💀🕳️😭😔⚠️,💀🕳️😭😔💔,💀🕳️😭⚠️,💀😰🕳️😭⚠️,💀😭🕳️⚠️😔",0
20,"💀😔🕳️😭⚠️,💀🕳️😭⚠️,💀😰🕳️😭⚠️,💀😭🕳️⚠️😖,💀😭🕳️⚠️😖",0
20,"💀😭⚠️🕳️💊,💀😰🕳️😭⚠️,💀😭🕳️⚠️😔,💀😭🕳️⚠️😖,💀😭🕳️⚠️😔",1
20,"💀😰🕳️😭⚠️,💀😭🕳️⚠️😔,💀😭🕳️⚠️😖,💀😭🕳️⚠️😔,💀😭🕳️⚠️😖",1
20,"💀😭🕳️⚠️😔,💀😭🕳️⚠️😖,💀😭🕳️⚠️😔,💀😭🕳️⚠️😖,💀🕳️😭😰⚠️",0
20,"💀😭🕳️⚠️😖,💀😭🕳️⚠️😔,💀😭🕳️⚠️😖,💀😭🕳️⚠️😖,💀🕳️😰😔💤",0
20,"💀😭🕳️⚠️😔,💀😭🕳️⚠️😖,💀🕳️😭⚠️😖,💀🕳️😰😔💤,💀😭🕳️⚠️",1
20,"💀😭🕳️⚠️😖,💀😭🕳️⚠️😖,💀🕳️😰😔💤,💀😭⚠️🕳️,💀😭⚠️🕳️",0
20,"💀😭🕳️⚠️😖,💀🕳️😰😔💤,💀😭⚠️🕳️,💀😭⚠️🕳️😖,😔💔😭😞⚠️",1
20,"💀🕳️😭😔⚠️,💀😭⚠️🕳️😔,💀😭⚠️🕳️😖,😔💔😭😞⚠️,💀😭⚠️🕳️😔",0
20,"💀😭⚠️🕳️😔,💀😭⚠️🕳️,😔💔😭⚠️🕳️,💀😰🕳️😭⚠️,😔💔😢😞⚠️",1
20,"💀😭⚠️🕳️,😔💔😭😞🕳️,💀😭⚠️🕳️😔,😔💔😢😞⚠️,💀🕳️😭💔⚠️",1
20,"😔💔😭😞🕳️,💀😭⚠️🕳️😔,😔💔😢😞⚠️,💀🕳️😭💔⚠️,💀🕳️😭⚠️😔",1
20,"💀😰🕳️😭⚠️,😔💔😢😞⚠️,💀🕳️😭⚠️💔,💀🕳️😭⚠️😔,💀😭🕳️⚠️😔",1
20,"😔💔😢😞⚠️,💀🕳️😭😔💔,💀🕳️😭⚠️😔,💀😭🕳️⚠️😔,💀🕳️😭😔⚠️",1
20,"💀🕳️😭⚠️💔,💀🕳️😭⚠️😔,💀😭🕳️⚠️😔,💀🕳️😭😔💔,💀🔪🚨😭⚠️",1
20,"💀🕳️😭⚠️😔,💀😭🕳️⚠️😔,💀🕳️😭😔⚠️,💀🔪🚨😭⚠️,💀😭⚠️🕳️🔪",2
20,"💀😭🕳️⚠️😔,💀🕳️😭😔⚠️,💀🔪🚨😭⚠️,💀😭⚠️🕳️🔪,💀⚠️😰🕳️😭",1
20,"💀🕳️😭😔⚠️,💀🔪🚨😭⚠️,💀😭⚠️🕳️🔪,💀⚠️😰🕳️😭,💀😰🕳️😭⚠️",1
20,"💀🔪🚨😭🕳️,💀😭⚠️🕳️🔪,💀⚠️😰🕳️😭,💀😰🕳️😭⚠️,💀🕳️😭⚠️😰",0
20,"💀😭⚠️🕳️🔪,💀⚠️😰🕳️😭,💀😰🕳️😭⚠️,💀🕳️😭⚠️😖,💀🔫⚠️😭🕳️",1
20,"💀⚠️😰🕳️😭,💀😰🕳️😭⚠️,💀🕳️😭⚠️😖,💀🔫⚠️😭🕳️,💀😭⚠️🕳️😰",2
20,"💀😰🕳️😭⚠️,💀🕳️😭⚠️😖,💀🔫⚠️😭😔,💀😭⚠️🕳️😰,💀🔫⚠️😭🕳️",2
20,"💀🕳️😭⚠️😖,💀🔫⚠️😭😔,💀😭⚠️🕳️😖,💀🔫⚠️😭🕳️,💀😭⚠️🕳️🔫",1
20,"💀🔫⚠️😭🕳️,💀😭⚠️🕳️😰,💀🔫⚠️😭🕳️,💀😭⚠️🕳️🔫,💀😭⚠️🕳️💔",1
20,"💀😭😰⚠️🕳️,💀🔫⚠️😭🕳️,💀😭⚠️🕳️🔫,💀😭⚠️🕳️💔,💀😭⚠️🕳️😫",1
20,"💀🔫⚠️😭🕳️,💀😭⚠️🕳️🔫,💀😭⚠️🕳️💔,💀😭⚠️🕳️😫,💀😭⚠️🕳️",1
20,"💀😭⚠️🕳️🔫,💀😭⚠️🕳️💔,💀😭⚠️😖💔,💀😭⚠️🕳️,💀😭🕳️⚠️🔪",1
20,"💀😭⚠️🕳️💔,💀😭⚠️🕳️😫,💀😭⚠️🕳️,💀😭🕳️⚠️😔,💀😭🕳️⚠️",1
20,"💀😭⚠️🕳️😫,💀😭⚠️🕳️,💀😭⚠️🕳️😔,💀😭🕳️⚠️,💀⚠️😰🕳️😭",1
20,"💀😭⚠️🕳️,💀😭🕳️⚠️😔,💀😭🕳️⚠️🚨,💀🕳️😰😭⚠️,💀🕳️😭⚠️🚨",1
20,"💀😭🕳️⚠️😔,💀😭🕳️⚠️,💀🕳️😰😭⚠️,💀🕳️😭⚠️🚨,💀😭🕳️⚠️😖",0
20,"💀😭🕳️⚠️,💀🕳️😰😭⚠️,💀🕳️😭⚠️🚨,💀😭🕳️⚠️😔,😔💔😰🕳️😭",3
20,"💀🕳️😰😭⚠️,💀🕳️😭⚠️🚨,💀😭🕳️⚠️😖,😔💔😢😞🕳️,💀🕳️😭⚠️😔",0
20,"💀🕳️😭⚠️🚨,💀😭🕳️⚠️😖,😔💔😢😞🕳️,💀🕳️😭⚠️😔,💀😔🕳️😭⚠️",0
20,"💀😭🕳️⚠️😖,😔💔😢😞🕳️,💀🕳️😭⚠️😔,💀😔🕳️😭⚠️,💀😰🕳️😭⚠️",1
20,"😔💔😢😞🕳️,💀🕳️😭⚠️😔,💀😔🕳️😭⚠️,💀😰🕳️😭⚠️,💀🔪😭⚠️🕳️",0
20,"💀🕳️😭⚠️😔,💀😔🕳️😭⚠️,💀😰🕳️😭⚠️,💀🔪😭⚠️🕳️,😔💔😖😭⚠️",1
20,"💀😔🕳️😭⚠️,💀😰🕳️😭⚠️,💀🔪😭😰⚠️,😔💔😖😭⚠️,😔💔😞🕳️⚠️",1
20,"💀😰🕳️😭⚠️,💀🔪😭⚠️,😔💔😖😭⚠️,😔💔😞🕳️⚠️,💀😭⚠️🕳️😖",1
20,"💀🔪😭⚠️,😔💔😖😭⚠️,😔💔😞🕳️⚠️,💀😭⚠️🕳️😖,💀😭🕳️⚠️🚨",1
20,"😔💔😖😭⚠️,😔💔😞🕳️⚠️,💀😭⚠️🕳️😖,💀😭🕳️⚠️🚨,💀🕳️😰😭⚠️",0
20,"😔💔😞🕳️⚠️,💀😭⚠️🕳️😖,💀😭🕳️⚠️🚨,💀🕳️😰😭⚠️,💀🕳️😭😔⚠️",1
20,"💀😭⚠️🕳️😖,💀😭🕳️⚠️,💀🕳️😰😭⚠️,💀🕳️😭😔⚠️,💀😭🕳️⚠️😔",1
20,"💀😭🕳️⚠️,💀🕳️😭⚠️,💀🕳️😭😔⚠️,💀😭🕳️⚠️😔,💀😭🕳️⚠️😔",1
20,"💀🕳️😰😭⚠️,💀🕳️😭😔⚠️,💀😰🕳️😭⚠️,💀😭🕳️⚠️😔,💀😭😔⚠️",1
20,"💀🕳️😭😔⚠️,💀😰🕳️😭⚠️,💀😭🕳️⚠️😔,💀😭⚠️😔,💀🔪😭⚠️",1
20,"💀😰🕳️😭⚠️,💀😭🕳️⚠️😔,💀😭⚠️😔,💀🔪😭⚠️,💀😭⚠️😔💔",1
20,"💀😭🕳️⚠️😔,💀😭⚠️😔,💀🔪😭⚠️,💀😭⚠️😔🕳️,💀😭🕳️⚠️😔",1
20,"💀😭⚠️😔,💀🔪😭⚠️,💀😭⚠️😔💔,💀😭🕳️⚠️😔,💀😭🕳️⚠️😔",0
20,"💀😭⚠️🔪,💀😭⚠️🕳️😔,💀😭🕳️⚠️😔,💀😭🕳️⚠️😔,💀😭😞⚠️🕳️",1
20,"💀😭⚠️😔💔,💀😭🕳️⚠️😔,💀😭🕳️⚠️😔,💀😭🕳️⚠️😔,💀😭⚠️🕳️😖",1
20,"💀😭🕳️⚠️😔,💀😭🕳️⚠️😔,💀😭🕳️⚠️😔,💀😭⚠️🕳️😖,💀😭🕳️⚠️😖",1
20,"💀😭🕳️⚠️😔,💀😭🕳️⚠️😔,💀😭⚠️🕳️😖,💀😭🕳️⚠️😔,💀😭⚠️🕳️",0
20,"💀😭🕳️⚠️😔,💀😭⚠️🕳️😖,💀😭🕳️⚠️😔,💀😭⚠️🕳️,😔💔😩🕳️⚠️",3
20,"💀😭⚠️🕳️😖,💀😭🕳️⚠️😖,💀😭⚠️🕳️,😔😩😖🕳️⚠️,💀🕳️⚠️😭😰",1
20,"💀😭🕳️⚠️😔,💀😭⚠️🕳️,😔💔😩🕳️⚠️,💀⚠️😰🕳️😭,💀😭🕳️⚠️😔",1
20,"💀😭⚠️🕳️,😔💔😩🕳️⚠️,💀⚠️😰🕳️😭,💀😭🕳️⚠️😔,💀😭⚠️🕳️",1
20,"😔😩😞🕳️⚠️,💀⚠️😰🕳️😭,💀😭🕳️⚠️😔,💀😭⚠️🕳️,💀😔🕳️😭⚠️",1
20,"💀⚠️😰🕳️😭,💀😭🕳️⚠️😔,💀😭⚠️🕳️,💀😔🕳️😭⚠️,💀😭🕳️⚠️🔪",1
20,"💀😭🕳️⚠️😔,💀😭⚠️🕳️,💀😔🕳️😭⚠️,💀😭🕳️⚠️🔪,💀😭⚠️🕳️😔",1
20,"💀😭⚠️🕳️,💀😔🕳️😭⚠️,💀😭🕳️⚠️🔪,💀😭⚠️🕳️😔,💀🕳️😭⚠️😰",1
20,"💀😔🕳️😭⚠️,💀😭🕳️⚠️🔪,💀😭⚠️🕳️😔,💀🕳️😭⚠️😰,💀😰🕳️😭⚠️",1
20,"💀😭🕳️⚠️🔪,💀😭⚠️🕳️😔,💀🕳️😭⚠️😰,💀😰🕳️😭⚠️,💀😭⚠️🕳️😰",0
20,"💀😭⚠️🕳️😔,💀🕳️😭⚠️😰,💀😭😰🕳️⚠️,💀😭⚠️🕳️😰,💀😭🕳️⚠️😔",1
20,"💀🕳️😭⚠️😰,💀😰🕳️😭⚠️,💀😭⚠️🕳️😰,💀😭🕳️⚠️😔,💀😭🕳️⚠️😖",0
20,"💀😭😰🕳️⚠️,💀😰🕳️😭⚠️,💀😭🕳️⚠️😔,💀😭🕳️⚠️😖,😔💔😭😞🕳️",1
20,"💀😰🕳️😭⚠️,💀😭🕳️⚠️😔,💀😭🕳️⚠️😖,😔💔😭😞⚠️,💀😭🕳️⚠️😖",1
20,"💀😭🕳️⚠️😔,💀😭🕳️⚠️😖,😔💔😭😞🕳️,💀😭🕳️⚠️😔,💀😭🔪🕳️",1
20,"💀😭🕳️⚠️😖,😔💔😭😞🕳️,💀😭🕳️⚠️😔,💀😭🔪🕳️,💀🕳️😭😔💔",1
20,"😔💔😭😞⚠️,💀😭🕳️⚠️😔,💀😭🔪🕳️,💀😭🕳️💔⚠️,💀😭🕳️⚠️😰",1
20,"💀😭🕳️⚠️😔,💀😭🔪🕳️,💀😭🕳️💔⚠️,💀😭🕳️⚠️😰,💀😭😰🕳️⚠️",0
20,"💀😭🔪🕳️,💀😭🕳️😔💔,💀😭🕳️⚠️😰,💀😭⚠️🕳️😔,😔💔😰🕳️😭",1
20,"💀🕳️😭😔💔,💀😭🕳️⚠️😰,💀😭😰🕳️⚠️,😔💔😰🕳️😭,💀😴⚠️🕳️",1
20,"💀😭🕳️⚠️😰,💀😭😰🕳️⚠️,😔😰🕳️😭⚠️,💀😴⚠️🕳️😭,💀😭🕳️⚠️",1
20,"💀😭😰🕳️⚠️,😔💔😰🕳️😭,💀😴⚠️🕳️😭,💀😭🕳️⚠️,💀😭🕳️⚠️😔",1
20,"😔💔😰🕳️😭,💀😴⚠️🕳️😭,💀😭🕳️⚠️,💀😭🕳️⚠️😔,💀😭😞🕳️⚠️",1
20,"💀😴⚠️🕳️😭,💀😭🕳️⚠️😔,💀😭🕳️⚠️😔,💀😭😞🕳️⚠️,💀😭🔪🕳️",1
20,"💀😭🕳️⚠️,💀😭🕳️⚠️😔,💀😭🕳️⚠️😔,💀😭🔪⚠️🕳️,💀😔💔🕳️😭",0
20,"💀😭🕳️⚠️😔,💀😭😞🕳️⚠️,💀😭🔪🕳️,💀😔😭😞💔,😔💔😢😞🕳️",1
20,"💀😭😞🕳️⚠️,💀😭🔪⚠️🕳️,💀😔💔🕳️😭,😔💔😢😞🕳️,💀😭⚠️🕳️",1
20,"💀😭🔪🕳️,💀😔😭💔⚠️,😔💔😢😞🕳️,💀😭⚠️🕳️😖,💀😭🕳️⚠️😔",0
20,"💀😔💔🕳️😭,😔💔😢😞🕳️,💀😭⚠️🕳️😖,💀😭🕳️⚠️😔,💀🕳️😭😔💔",0
20,"😔💔😢😞🕳️,💀😭⚠️🕳️😔,💀😭🕳️⚠️😔,💀🕳️😭😔💔,💀🕳️😭⚠️😔",1
20,"💀😭⚠️🕳️😖,💀😭🕳️⚠️😖,💀🕳️😭😔💔,💀🕳️😭⚠️😔,💀😭🕳️⚠️😔",1
20,"💀😭🕳️⚠️😔,💀🕳️😭😔💔,💀🕳️😭😔⚠️,💀🕳️😭😔💔,💀😭🌑🕳️",0
20,"💀🕳️😭😔💔,💀🕳️😭😔⚠️,💀🕳️😭😔💔,💀😭🕳️🚨,😔💔😢🕳️⚠️",1
20,"💀🕳️😭😔⚠️,💀😭🕳️⚠️😔,💀😭⚠️🕳️,😔💔😢🕳️⚠️,💀🕳️😭⚠️😔",1
20,"💀😭🕳️⚠️😔,💀😭🕳️🚨,😔💔😢😞🕳️,💀😭🕳️⚠️😔,💀😭😞🕳️⚠️",1
20,"💀😭🕳️🚨,😔💔😞🕳️😭,💀😭🕳️⚠️😔,💀😭😞🕳️⚠️,💀🕳️😭⚠️🔪",0
20,"😔💔😢🕳️⚠️,💀😭🕳️⚠️😔,💀😭😞🕳️⚠️,💀🕳️😭⚠️🔪,😔💔😢😞🕳️",1
20,"💀🕳️😭😞⚠️,💀😭😞🕳️⚠️,💀🕳️😭⚠️🔪,😔💔😢😞🕳️,💀😭🔪🕳️",3
20,"💀😭😞🕳️⚠️,💀🕳️😭⚠️🔪,😔💔😢🕳️⚠️,💀😭💊⚠️🕳️,💀🕳️😭⚠️😖",1
20,"💀🕳️😭⚠️🔪,😔💔😢🕳️⚠️,💀😭🔪🕳️,💀🕳️😭⚠️😖,💀💊⚠️😭😔",1
20,"😔💔😢😞🕳️,💀😭🔪🕳️,💀🕳️😭⚠️😖,💀💊⚠️🕳️😭,💀🕳️😭😔💔",1
20,"💀😭💊⚠️🕳️,💀🕳️😭⚠️😖,💀💊⚠️😭😔,💀🕳️😭😔💔,💀😭🕳️⚠️😔",2
20,"💀🕳️😭⚠️😖,💀💊⚠️😭😔,💀🕳️😭😔💔,💀😭🕳️⚠️😔,💀🔫🚨😭🕳️",1
20,"💀💊⚠️😭😔,💀🕳️😭😔💔,💀😭🕳️⚠️😔,💀🔪🚨😭🕳️,💀😭🔪⚠️",1
20,"💀🕳️😭😔💔,💀😭🕳️⚠️😔,💀🔫🚨😭🕳️,💀😭🔪🕳️,💀😭🕳️⚠️",0
20,"💀😭🕳️⚠️😔,💀🔫🚨😭🕳️,💀😭⚠️🕳️,💀😭🕳️⚠️,💀😔😭⚠️🕳️",1
20,"💀🔫🚨😭🕳️,💀😭🔪⚠️,💀😭🕳️⚠️,💀😔😭⚠️🕳️,💀😭🕳️⚠️",0
20,"💀😭🔪⚠️,💀😭🕳️⚠️,💀😔😭⚠️🕳️,💀😭🕳️⚠️,😔💔😢⚠️🕳️",0
20,"💀😭🕳️⚠️,💀🕳️😭😰⚠️,💀😭🕳️⚠️,😔💔😭⚠️🕳️,😔💔😢",1
20,"💀😔😭⚠️🕳️,💀😭🕳️⚠️,😔💔😢⚠️🕳️,😔💔😢,💀😭🔪⚠️🕳️",0
20,"💀😭🕳️⚠️🚨,😔💔😢⚠️,😔💔😢,💀😭🔪⚠️🕳️,😔💔😞🕳️😭",1
20,"😔💔😢⚠️,😔💔😢,💀😭🔪⚠️🕳️,😔💔😢😞🕳️,💀😭⚠️🕳️",1
20,"😔💔😢,💀😭🔪⚠️🕳️,😔💔😞🕳️😭,💀😭🔪🚨,💀😭🕳️⚠️💔",1
20,"💀😭🔪⚠️🕳️,😔💔😞🕳️😭,💀😭🔪🚨,💀😭🕳️⚠️💔,💀😭🕳️⚠️",1
20,"😔💔😞🕳️😭,💀😭⚠️🔪,💀😭🕳️⚠️😔,💀😭🕳️⚠️,💀😭⚠️🕳️😰",0
20,"💀😭⚠️🕳️,💀😭🕳️⚠️😔,💀😭🕳️⚠️,💀😰🕳️😭⚠️,😔💔😞🕳️⚠️",1
20,"💀😭🕳️⚠️😔,💀😭🕳️⚠️,💀😰🕳️😭⚠️,😔💔😞🕳️⚠️,💀😭🕳️⚠️",1
20,"💀😭🕳️⚠️,💀😭⚠️🕳️😰,😔💔😞🕳️⚠️,💀😭🕳️⚠️,💀🔪🕳️😭",1
20,"💀😭⚠️🕳️😰,😔💔😞🕳️⚠️,💀😭🕳️⚠️,💀🔪🕳️😭,💀😭💔⚠️🕳️",1
20,"😔💔😞🕳️⚠️,💀😭⚠️🕳️,💀🔪🕳️😭,💀😭💔⚠️🕳️,💀😭🕳️🚨",1
20,"💀😭🕳️🚨,💀🔪🕳️😭,💀😭💔⚠️🕳️,💀😭🕳️⚠️,💀😭⚠️🕳️💔",1
20,"💀🔪🕳️😭,💀😭💔⚠️🕳️,💀😭🕳️⚠️,💀😭⚠️🕳️😔,💀😭⚠️🕳️😖",1
20,"💀😭💔⚠️🕳️,💀😭🕳️⚠️,💀😭⚠️🕳️😔,💀😭⚠️😖💔,💀😭🕳️⚠️😔",1
20,"💀😭🕳️🚨,💀😭⚠️🕳️💔,💀😭😞💔⚠️,💀😭🕳️⚠️😔,💀🔪😭⚠️",1
20,"💀😭⚠️🕳️😔,💀😭😞💔⚠️,💀😭🕳️⚠️😔,💀🔪😭⚠️,💀😭🕳️😔",1
20,"💀😭⚠️🕳️😖,💀😭🕳️⚠️😔,💀🔪😭⚠️,💀😭🕳️😔,💀😭⚠️🕳️😔",0
20,"💀😭🕳️⚠️😔,💀🔪😭⚠️,💀😭🕳️😔,💀😭⚠️🕳️😔,😔💔😢😞⚠️",1
20,"💀🔪😭⚠️,💀😭🕳️😔,💀😭⚠️🕳️😔,😔💔😢😞⚠️,💀😭🕳️⚠️",1
20,"💀😭🕳️😔,💀😭🕳️⚠️😔,😔💔😢😞⚠️,💀😭🕳️⚠️,💀😭🕳️⚠️😔",1
20,"💀😭⚠️🕳️😔,😔💔😢😞⚠️,💀😭⚠️🕳️,💀😭🕳️⚠️😔,💀😭🕳️⚠️",1
20,"😔💔😢😞⚠️,💀😭⚠️🕳️,💀😭🕳️⚠️😔,💀😭🕳️⚠️,💀😭😰⚠️🕳️",0
20,"💀😭🕳️⚠️,💀😭🕳️⚠️😔,💀😭🕳️⚠️,💀😭😰⚠️🕳️,😔😢😞",1
20,"💀😭🕳️⚠️😔,💀😭🕳️⚠️,💀😭😰⚠️🕳️,😔😢😞,💀😭😞⚠️",1
20,"💀😭⚠️🕳️,💀😭😰⚠️🕳️,😔😢😞,💀😭🕳️⚠️,💀😭😞⚠️",1
20,"💀😭😰⚠️🕳️,😔😢😞,💀😭😞⚠️,💀😭😞⚠️,💀😭🕳️⚠️😔",1
20,"😔😢😞,💀😭😞⚠️🕳️,💀😭😞⚠️,💀😭🕳️⚠️😔,💀😭😰🕳️⚠️",1
20,"💀😭😞⚠️,💀😭😞⚠️,💀😭😞⚠️,💀😭⚠️😖🕳️,💀😭⚠️😔💔",1
20,"💀😭😞⚠️,💀😭😰⚠️💔,💀😭😰⚠️🕳️,💀😭⚠️😔💔,💀😭🕳️😔",1
20,"💀😭🕳️😔,💀😭😰🕳️⚠️,💀😭⚠️😔💔,💀😭🕳️⚠️😔,💀😭🕳️⚠️😰",1
20,"💀😭⚠️😖🕳️,💀😭⚠️😔💔,💀😭🕳️😔,💀😭⚠️🕳️😰,💀😭😞⚠️",1
20,"💀😭⚠️😔💔,💀😭🕳️😔,💀😭⚠️🕳️😰,💀😭🕳️⚠️😔,💀😭⚠️🕳️😔",1
20,"💀😭🕳️😔,💀😭⚠️🕳️😰,💀😭🕳️⚠️😔,💀😭⚠️🕳️😔,💀😭⚠️🕳️😰",1
20,"💀😭⚠️🕳️😰,💀😭🕳️⚠️😔,💀😭⚠️🕳️😔,💀😭⚠️🕳️😰,💀😭⚠️🕳️😔",1
20,"💀😭🕳️⚠️😔,💀😭⚠️🕳️,💀😭⚠️🕳️😰,💀😭⚠️🕳️😔,💀😭🕳️⚠️",0
20,"💀😭⚠️🕳️,💀😭⚠️🕳️😰,💀😭⚠️🕳️😔,💀😭🕳️⚠️,😔💔😭⚠️🕳️",1
20,"💀😭⚠️🕳️😰,💀😭🕳️⚠️,💀😭😞⚠️,😔💔😭⚠️🕳️,💀😭🕳️⚠️😔",1
20,"💀😭⚠️🕳️😔,💀😭🕳️⚠️,😔💔😭⚠️🕳️,💀😭🕳️⚠️😔,💀😭⚠️🕳️",0
20,"💀😭🕳️⚠️,😔💔😭⚠️🕳️,💀😭😞⚠️🕳️,💀😭⚠️🕳️,😔💔😢😞",0
20,"😔💔😭⚠️🕳️,💀😭🕳️⚠️😔,💀😭🕳️⚠️,😔💔😢,😔💔😞⚠️🕳️",1
20,"💀😭😞⚠️🕳️,💀😭⚠️🕳️😫,😔💔😢,😔💔😞⚠️🕳️,💀😭🕳️⚠️",0
20,"💀😭🕳️⚠️,😔💔😢😞,😔💔😞⚠️🕳️,💀🕳️😭⚠️,😔💔😢",1
20,"😔💔😢,😔💔😞⚠️🕳️,💀🕳️😭⚠️,😔💔😢,💀😔💔🕳️😭",0
20,"😔💔😞⚠️🕳️,💀🕳️😭⚠️,😔💔😢,💀😔💔🕳️😭,😔💔😢😞",1
20,"💀😭🕳️⚠️,😔💔😢,💀😔💔🕳️😭,😔💔😢😞,💀🕳️😭🚨😰",1
20,"😔💔😢,💀😔💔🕳️😭,😔💔😢😞,💀🕳️😭🚨😰,💀😭⚠️💔😔",1
20,"💀😔💔🕳️😭,😔💔😢😞,💀🕳️😭🚨😰,💀😭⚠️💔😔,💀😭😞⚠️💔",0
20,"😔💔😢😞,💀🕳️😰😭🚨,💀😭😔💔,💀😭😞⚠️💔,😭😰💀⚠️🕳️",1
20,"💀🕳️😰😭🚨,💀😭⚠️😔,💀😭😞⚠️💔,😭😰💀⚠️😔,💀😭😔⚠️🕳️",0
20,"💀😭⚠️💔😔,💀😭😞⚠️💔,😭😰💀⚠️🕳️,💀😭😔⚠️🕳️,😔💔😢😞⚠️",0
20,"💀😭😞⚠️💔,😭😰💀⚠️😔,💀😭😔⚠️🕳️,😔💔😢😞⚠️,😔💔😭⚠️🕳️",1
20,"😭😰💀⚠️🕳️,💀😭😔⚠️🕳️,😔💔😢😞⚠️,😔💔😢😞⚠️,💀🕳️😭⚠️",1
20,"💀😭😔⚠️🕳️,😔💔😢😞⚠️,😔💔😢😞⚠️,💀🕳️😭⚠️,💀😭⚠️🕳️😰",1
20,"😔💔😢😞⚠️,😔💔😭⚠️🕳️,💀🕳️😭⚠️,💀😭⚠️🕳️😰,💀😭⚠️🕳️😔",0
20,"😔💔😢😞⚠️,💀🕳️😰💊😔,💀😭⚠️🕳️😰,💀😭⚠️🕳️😔,😔😞😩💔⚠️",0
20,"💀🕳️😭⚠️,💀😭⚠️🕳️😰,💀😭⚠️🕳️😔,😔😩😞💔⚠️,😔💔😢",1
20,"💀😭⚠️🕳️😰,💀😭⚠️🕳️😔,😔😞😩💔🕳️,😔😢😞💔,💀😰🕳️😭",1
20,"💀😭⚠️🕳️😔,😔😞😩💔⚠️,😔😢😞💔,💀😰🕳️😭,💀😭😞⚠️💔",1
20,"😔😞😩💔🕳️,😔💔😢,💀😰🕳️😭,💀😭😞⚠️💔,💀😭⚠️😔",1
20,"😔😢😞,💀😰🕳️😭,💀😭😞⚠️💔,💀😭⚠️😔,💀😭🕳️⚠️😔",0
20,"💀😰🕳️😭,💀😭😞⚠️💔,💀😭⚠️😔,💀😭🕳️⚠️😔,😔😰😣💔😵",1
20,"💀😭😞⚠️💔,💀😭😔💔,💀🕳️😭😔⚠️,😰💔😔⚠️,💀😭⚠️🕳️",0
20,"💀😭⚠️😔,💀😭🕳️⚠️😔,😔😰😖💔😵,💀😭⚠️🕳️,😔💔😢😞",1
20,"💀😭🕳️⚠️😔,😰💔😔⚠️,💀😭⚠️🕳️,😔💔😢😞,💀😭😔⚠️",1
20,"😔😰😣💔🤢,💀😭⚠️🕳️,😔💔😢😞,💀😭😔⚠️,💀😭😞⚠️🕳️",0
20,"💀😭⚠️🕳️,😔💔😢😞,💀😭😔⚠️🕳️,💀😭😞⚠️🕳️,😔😰⚠️",0
20,"😔💔😢😞,💀😭😔⚠️,💀😭😞⚠️🕳️,😔😰⚠️,😰🕳️😭⚠️😔",1
20,"💀😭😔⚠️💔,💀😭😞⚠️🕳️,😔😰⚠️,😰🕳️😭⚠️😔,💀😭😞⚠️",1
20,"💀😭😞⚠️🕳️,😔😰⚠️,😰🕳️😭💔⚠️,💀😭😞⚠️,💀🕳️😭😞⚠️",0
20,"😔💔😢,😰🕳️😭⚠️😔,💀😭😞⚠️,💀🕳️😭😞⚠️,😔💔😢😞⚠️",0
20,"😰🕳️😭⚠️😔,💀😭😞⚠️,💀🕳️😭😔⚠️,😔💔😢😞⚠️,💀😔🕳️😭⚠️",0
20,"💀😭😞⚠️,💀🕳️😭😞⚠️,😔💔😢😞⚠️,💀😔😭⚠️🕳️,💀😔🕳️😭⚠️",0
20,"💀🕳️😭😞⚠️,😔💔😢😞⚠️,😔💔😭⚠️🕳️,💀😔🕳️😭⚠️,😔💔😢😞⚠️",0
20,"😔💔😢😞,💀😔😭⚠️🕳️,💀😔🕳️😭⚠️,😔💔😢😞,😔💔😢🕳️⚠️",0
20,"😔💔😭⚠️🕳️,💀😔🕳️😭⚠️,😔💔😢,😔💔😢🕳️⚠️,😔😰🕳️",0
20,"💀😔🕳️😭⚠️,😔💔😢😞⚠️,😔💔😢😞⚠️,😔😰🕳️,😰😔💔⚠️",1
20,"😔💔😞⚠️,😔💔😢🕳️⚠️,😔😰🕳️,😰😭💔😔,💀🔪😭🚨",0
20,"😔💔😢🕳️⚠️,😔😰🕳️,😰😭💔😔,💀🔪😭⚠️,😰😔💔⚠️",0
20,"😔😢😰⚠️,😰😭💔😔,💀🔪😭🚨,😰😔💔⚠️,😰💀😭⚠️",0
20,"😰😭💔😔,💀🔪😭⚠️,😰😔💔⚠️,😭💀⚠️🕳️,😔😢",0
20,"💀🔪😭🚨,😔💔😢,😭💀⚠️🕳️,😔😢,😔😭",0
20,"😰😔💔⚠️,😰💀😭⚠️,😔💔😢,😔😭💔,😔💔😢",0
20,"😰💀🕳️😭,😔😢,😔😭💔,😔💔😢,😔😢😞",0
20,"😔😢⚠️,😔😭💔,😔💔😢,😔😢😞,😔💔😞",0
20,"😔😭💔,😔💔😢,😔😢😞,😔💔😞,😔😢😞",0
20,"😔💔😢,😔😢😞,😔💔😞,😔😢😞,💀😔😭⚠️💔",0
20,"😔😢😞,😔💔😞,😔😢😞,💀😔😭⚠️,😰😔💔⚠️",1
20,"😔💔😞,😔😢😞,💀😔💔⚠️😭,😰😔💔⚠️,💀😭🕳️⚠️😔",1
20,"😔😢😞,💀😔😭⚠️💔,😔😭⚠️,💀😭🕳️⚠️😔,💀😰🕳️😭",1
20,"💀😔😭⚠️💔,😰😔💔⚠️,💀😭🕳️⚠️😔,💀😰🕳️😭,💀😭😰🕳️⚠️",0
20,"😰😔⚠️,💀😭🕳️⚠️😔,💀😰🕳️😭,💀😰🕳️😭⚠️,💀😭⚠️💔🕳️",0
20,"💀😭🕳️⚠️😔,💀😰🕳️😭,💀😭😰🕳️⚠️,💀😭⚠️🕳️💔,😔💔😰🕳️😭",0
20,"💀😰🕳️😭,💀😭😰🕳️⚠️,💀😭⚠️💔😔,😔😖🕳️😭⚠️,😔💔😢",1
20,"💀😰🕳️😭⚠️,💀😭⚠️🕳️💔,😔💔😰🕳️😭,😔💔😢,😭😔💔😞⚠️",0
20,"💀😭⚠️💔🕳️,😔💔😰🕳️😭,😔💔😢,😭😔💔⚠️🕳️,😔💔😰🕳️😭",1
20,"😔💔😰🕳️😭,😔💔😢,😭😔💔😞⚠️,😔💔😖🕳️⚠️,💀😭⚠️",0
20,"😔💔😢,😔💔😭⚠️🕳️,😔💔😖🕳️⚠️,💀😭⚠️,😔💔😢😞⚠️",1
20,"😔💔😢😞⚠️,😔💔😰🕳️😭,💀😭⚠️,😔💔😢😞⚠️,💀😭🕳️⚠️😔",0
20,"😔💔😰🕳️😭,💀😭⚠️,😔💔😢😞⚠️,💀😭🕳️⚠️😔,😔💔😞",0
20,"💀😭⚠️,😔💔😢😞,💀😭🕳️⚠️😔,😔💔😞,😔💔😢",1
20,"😔💔😢😞⚠️,💀😭😞⚠️🕳️,😔💔😞,😔💔😢,😔💔😢😞⚠️",1
20,"💀😭🕳️⚠️😔,😔💔😞,😔💔😢,😔💔😢😞,💀😭⚠️🕳️😖",1
21,"💀🕳️😭⚠️,💀⚠️🕳️😭🚨,💀⚠️🕳️😰📅,💀😭🕳️⚠️💔,💀💊🚨😭🕳️",3
21,"💀⚠️🕳️😭🚨,💀⚠️🕳️😰🚨,💀😔🕳️😭⚠️,💀💊🚨😭🕳️,💀⚠️🕳️😭",2
21,"💀⚠️🕳️😰📅,💀😭🕳️⚠️😔,💀💊🚨😭🕳️,💀🕳️🚨💊😭,💀💊🪦🚨⏳",2
21,"💀😭🕳️⚠️💔,💀💊🚨😭🕳️,💀🕳️🚨💊⚠️,💀💊🪦🚨⏳,💀⏳🔪⚠️🕳️",2
21,"💀💊🚨😭🕳️,💀🕳️🚨💊😭,💀💊🪦🚨⏳,💀⏳🔪🕯️🕳️,💀🚨⚠️🕳️😭",2
21,"💀🕳️🚨💊😭,💀💊🪦🚨⏳,💀⏳🔪⚠️🕳️,💀⚠️🕳️😭🚨,💀💊🪦🚨😭",1
21,"💀💊🪦🚨⏳,💀⏳🔪⚠️🕳️,💀🚨⚠️🕳️😭,💀💊🪦🚨😭,💀😭⚠️🕳️",1
21,"💀⏳🔪🕳️,💀🚨⚠️🕳️😭,💀💊🪦🚨😭,💀🔪😭⚠️,💀😔💔⚠️😭",1
21,"💀🚨⚠️🕳️😭,💀💊🪦🚨😭,💀🔪😭⚠️,💀😔💔⚠️😭,💀🕳️⚠️😭🩸",2
21,"💀💊🪦🚨😭,💀🔪😭⚠️,💀😔💔⚠️😭,💀🕳️⚠️😭🩸,💀⚠️🕳️😭🚨",1
21,"💀🔪😭⚠️,💀😔💔⚠️😭,💀🕳️😭⚠️💊,💀⚠️🕳️😭🔪,💀🕳️😭⚠️🔪",3
21,"💀😔💔⚠️😭,💀🕳️😭⚠️💊,💀⚠️🕳️😭🔪,💀🕳️😭⚠️,💀🕳️⚠️😭🔪",0
21,"💀🕳️⚠️😭🩸,💀⚠️🕳️😭🔪,💀🕳️😭⚠️,💀🕳️⚠️😭🔪,💀😔🕳️😭⚠️",2
21,"💀⚠️🕳️😭🚨,💀🕳️😭⚠️,💀🕳️⚠️😭🔪,💀😔🕳️😭⚠️,💀🕳️😭⚠️",2
21,"💀😭🕳️⚠️🔪,💀🕳️⚠️😭🔪,💀😔🕳️😭⚠️,💀🕳️😭⚠️,💀🔪🚨⚰️😭",2
21,"💀🕳️⚠️😭🔪,💀🕳️😭😔⚠️,💀🕳️😭⚠️,💀🔪🚨⚰️😭,💀⏳⚠️🕳️😭",1
21,"💀😔🕳️😭⚠️,💀🕳️😭⚠️,💀🔪🚨⚰️😭,💀⏳🚨🕳️😭,💀⚠️🕳️😭",2
21,"💀⚠️😭🕳️,💀🔪🚨⚰️😭,💀⏳🚨🕳️😭,💀🕳️😭⚠️🚨,💀🚨🕳️😭⚠️",2
21,"💀🔪🚨⚰️😭,💀⏳🚨🕳️😭,💀🕳️⚠️😭,💀🚨🕳️😭⚠️,💀⚠️🕳️😭",0
21,"💀⏳🚨🕳️😭,💀🕳️⚠️😭,💀🚨⚠️😭,💀⚠️🕳️😭,💀⚠️🕳️😭🚨",2
21,"💀⚠️🕳️😭,💀🚨⚠️😭,💀⚠️🕳️😭,💀⚠️🕳️😭🚨,💀💊🚨😵",1
21,"💀🚨🕳️😰💊,💀⚠️🕳️😭,💀⚠️🕳️😭🚨,💀💊⚠️😭,💀💊🕳️😭⚠️",0
21,"💀🕳️⚠️😭,💀⚠️🕳️😭🚨,💀💊⚠️😭,💀💊🕳️😭⚠️,🤔📱⏰",2
21,"💀⚠️🕳️😭🚨,💀💊⚠️😭,💀💊🕳️😭⚠️,🤔📱⏰,💀⚠️🕳️🔪",0
21,"💀💊🚨😵,💀💊🕳️😭⚠️,🤔📱⏰,💀⚠️🕳️🔪,😭😔💔⚠️",0
21,"💀💊🕳️😭⚠️,🤔📱⏰,💀⚠️🕳️🔪,😭😔⚠️💔,💀🕳️⚠️",1
21,"🤔📱⏰,💀⚠️🕳️🔪,😭😔⚠️🕳️,💀🕳️⚠️,💀🕳️😭⚠️",1
21,"💀⚠️🕳️🔪,😭😔💔⚠️,💀🕳️⚠️,💀🕳️😭⚠️,💀🕳️🚨😭⚠️",0
21,"😭😔⚠️🕳️,💀🕳️⚠️,💀🕳️😭⚠️,💀🕳️🚨😭⚠️,💀⚠️🕳️😭",0
21,"💀🕳️⚠️,💀🕳️😭⚠️,💀🕳️🚨😭⚠️,💀⚠️🕳️😭,💀⚠️🕳️😭",2
21,"💀🕳️😭⚠️,💀🕳️🚨😭⚠️,💀⚠️🕳️😭,💀⚠️🕳️😭,💀⚠️🕳️😭",1
21,"💀🕳️🚨😭⚠️,💀⚠️🕳️,💀⚠️🕳️😭,💀⚠️🕳️😭,💀😭⚠️🕳️💔",1
21,"💀⚠️🕳️😭,💀⚠️🕳️😭,💀⚠️🕳️😭,💀😭⚠️🕳️💔,💀🕳️😭⚠️",3
21,"💀⚠️🕳️😭,💀⚠️🕳️😭,💀😭⚠️🕳️💔,💀🕳️😭⚠️,💀😰🕳️😭🚨",3
21,"💀⚠️🕳️😭,💀😭⚠️🕳️💔,💀🕳️😭⚠️,💀😰🕳️😭🚨,💀💊🚨⚠️😭",1
21,"💀😭⚠️🕳️💔,💀🕳️😭⚠️,💀😰⚠️😭🌑,💀💊🚨⚠️😭,💀💊🚨😭🕳️",1
21,"💀🕳️😭⚠️,💀😰🕳️😭🚨,💀💊🚨⚠️😭,💀💊🚨😭🕳️,💀⚠️🕳️🔪",0
21,"💀😰🕳️😭🚨,💀💊🚨⚠️😭,💀💊🚨😭🕳️,💀⚠️🚨🕳️🔪,💀⚠️🕳️😭🚨",0
21,"💀💊🚨⚠️😭,💀💊🚨😭🕳️,💀⚠️🕳️😭,💀⚠️🕳️😭,😔😢",0
21,"💀💊🚨😭🕳️,💀🔪🚨⚠️🕳️,💀⚠️🕳️😭,😔😢,💀🚨⚠️🕳️😭",1
21,"💀⚠️🚨🕳️🔪,💀⚠️🕳️😭,😔😢,💀🔪🚨⚠️😭,💀⚠️🚨😭🕳️",1
21,"💀⚠️🕳️😭,😔💔,💀🚨⚠️🕳️😭,💀⚠️🚨😭🕳️,💀⚠️🚨😭🕳️",0
21,"😔😢,💀🔪🚨⚠️😭,💀⚠️🚨😭🕳️,💀⚠️🚨😭🕳️,💀🕳️😭⚠️😔",2
21,"💀🔪🚨⚠️😭,💀⚠️😰🕳️🚨,💀⚠️🚨😭🕳️,💀🕳️😭😔⚠️,💀🕳️😭⚠️💔",0
21,"💀⚠️🚨😭🕳️,💀⚠️🚨😭🔪,💀🕳️😭⚠️😔,💀🕳️😭⚠️💔,💀⚠️🕳️😰🚨",0
21,"💀⚠️😰🕳️🚨,💀🕳️😭⚠️😔,💀🕳️😭⚠️💔,💀⚠️🕳️😰🚨,😭😰🌑🕳️💔",3
21,"💀🕳️😭😔⚠️,💀🕳️😭⚠️💔,💀⚠️🕳️😰🚨,😭😰🌑🕳️💔,💀🩸🕳️😭",2
21,"💀😭⚠️🕳️💔,💀⚠️🕳️😰🚨,💀😭🕳️⚠️😰,💀💊🩸🕳️🚨,💀⚠️🕳️🔪",0
21,"💀⚠️🕳️😰🚨,💀😭🕳️😰💔,💀🩸🕳️😰,💀⚠️🕳️🔪⚰️,💀😭🕳️⚠️💔",3
21,"💀🕳️😭🌑,💀💊🩸🕳️🚨,💀🕳️⚠️🔪⚰️,💀😭🕳️⚠️💔,💀⚠️🕳️💊",2
21,"💀🩸🕳️😭,💀⚠️🕳️🔪⚰️,💀😭🕳️⚠️💔,💀⚠️🕳️💊,💀⚠️🕳️🔪",1
21,"💀⚠️🕳️🔪,💀😭🕳️⚠️💔,💀🕳️⚠️😭🩸,💀⚠️🕳️🔪,💀🕳️😭⚠️🩸",2
22,"💀🕳️🔪⚠️😭,💀🕳️⚠️🔪,💀😭⚠️🕳️🔪,😔😞💔,💀🕳️😭⚠️",2
22,"💀🕳️⚠️🔪,💀😭⚠️🕳️,😔😞💔,💀🔪🕳️😭,💀⚠️🕳️😰😭",1
22,"💀😭🕳️🚨,😔💔😢,💀🕳️😭⚠️,💀🕳️😰😭,💀😭😞⚠️🕳️",2
22,"😔💔😢,💀🔪😭⚠️,💀😰🕳️😭⚠️,💀😭⚠️🕳️😔,💀💊😰⚠️😭",2
23,"💀😭⚠️🕳️😔,😔💔😢⚠️,💀😭⚠️💔😔,💀😭🕳️⚠️😔,💀🕳️⚠️😭🔪",0
23,"😔💔😢⚠️,💀😭⚠️💔😔,💀😭🕳️⚠️😔,💀🕳️⚠️😭🔪,😔💔😞",0
23,"💀😭⚠️💔😔,💀😭🕳️⚠️😔,💀🕳️⚠️😭🔪,😔💔😞,😔💔😢",0
23,"💀😭🕳️⚠️😔,💀🕳️⚠️😭🔪,😔💔😞,😔💔😢,💀🕳️😭😔💔",0
23,"💀🕳️⚠️😭🔪,😔💔😞,😔💔😢,💀🕳️😭😔💔,💀⚠️🕳️😰💊",0
23,"😔💔😞,😔💔😢,💀🕳️😭😔💔,💀⚠️🕳️😰💊,😭💔😔⚠️🕳️",0
23,"😔💔😢,💀😭🕳️⚠️😔,💀⚠️🕳️😰💊,😭💔😔⚠️🕳️,😔💔😞",0
23,"💀😔🕳️😭⚠️,💀⚠️🕳️😰💊,😭💔😔⚠️🕳️,😔💔😞,😰🕳️😭⚠️",0
23,"💀⚠️😰🕳️💊,😭💔😔⚠️🕳️,😔💔😞,😰🕳️😭⚠️,💀⚠️😭🕳️",0
24,"💀🕳️😰⚠️,💀💊🕳️😭,💀😭🕳️⚠️💔,💀🕳️😭🚨,💀🕳️⚠️😭💊",1
24,"💀💊🕳️😭,💀😭🕳️⚠️💔,💀🕳️😭⚠️,💀🕳️⚠️😭🔪,💀😭⚠️🕳️😔",1
24,"💀😭🕳️⚠️💔,💀🕳️😭⚠️,💀🕳️⚠️😭💊,💀😭⚠️🕳️😔,💀🕳️😭⚠️",1
24,"💀🕳️😭🚨,💀🕳️⚠️😭💊,💀😭⚠️🕳️😔,💀🕳️😭⚠️,💀🕳️😭⚠️",2
24,"💀🕳️⚠️😭💊,💀😭⚠️🕳️😔,💀😭🕳️⚠️🔪,💀🕳️😭⚠️,💀💊🚨😭🕳️",1
24,"💀😭⚠️🕳️😔,💀😭🕳️⚠️💊,💀🕳️😭⚠️,💀💊🚨😭🕳️,💀🕳️⚠️😭💊",1
26,"💀🕳️😭⚠️😔,💀🕳️😭😔⚠️,💀😔🕳️😭⚠️,💀🕳️⚠️😭😔,💀🕳️😭⚠️🚨",0
26,"💀😔🕳️😭⚠️,💀😔🕳️😭⚠️,💀🕳️😰⚠️😭,💀🕳️😭⚠️,💀🕳️😰😔🌑",2
26,"💀😔🕳️😭⚠️,💀🕳️😰⚠️😭,💀🕳️😭⚠️,💀🕳️😰😔🌑,💀⚠️🕳️😭🔪",3
26,"💀🕳️😰⚠️😭,💀🕳️😭⚠️,💀🕳️😰😔🌑,💀⚠️🕳️😭🔪,💀😭⚠️🔪🩸",1
27,"😔💀🕳️😭⚠️,😔💔😢⚠️,💀🔪⚠️😭,💀🕳️😭⚠️🔪,💀💊⚠️🕳️",1
27,"😔💔😢⚠️,💀🔪🚨😭⚠️,💀🕳️😭⚠️🔪,💀💊⚠️🕳️,💀💊⚠️😰🕳️",3
27,"💀🔪⚠️😭,💀🕳️😭⚠️🔪,💀💊⚠️🕳️,💀💊⚠️😰🕳️,💀💊😴⚠️🕳️",0
27,"💀🕳️😭⚠️🔪,💀💊🚨⚠️🕳️,💀💊⚠️🕳️,💀💊😴⚠️🕳️,💀⚠️🕳️😭",0
27,"💀💊⚠️🕳️,💀💊⚠️🕳️,💀💊😴⚠️🚨,💀⚠️🕳️😭,😔😞🕳️😭⚠️",0
27,"💀💊⚠️🕳️,💀💊😴⚠️🕳️,💀⚠️🕳️😭,😔😞🕳️😭⚠️,💀⚠️🕳️😰🚨",1
27,"💀💊😴⚠️🕳️,💀⚠️🕳️😭,😔😞😖🕳️⚠️,💀⚠️🕳️🚨😭,💀🕳️😭⚠️😔",1
27,"💀⚠️🕳️😭,😔😞🕳️😭⚠️,💀⚠️🚨🕳️😭,💀🕳️😭⚠️,💀⚠️🕳️😭🚨",0
27,"😔😞🕳️😭⚠️,💀⚠️🕳️😰🚨,💀🕳️😭⚠️😔,💀⚠️🕳️😭🚨,😔💔😢",0
27,"💀⚠️🕳️🚨😭,💀🕳️😭⚠️😔,💀⚠️🕳️😭🚨,😔💔😞,😔💔😢⚠️",0
27,"💀🕳️😭⚠️😔,💀⚠️🕳️😭🚨,😔💔😞,😔💔😢⚠️,💀💊⚠️🕳️😭",1
27,"💀⚠️🕳️😭🚨,😔💔😞,😔💔😢⚠️,💀💊⚠️🕳️😭,💀💊⚠️😰🕳️",0
27,"😔💔😢,😔💔😢⚠️,💀💊⚠️🕳️😭,💀💊⚠️🕳️,😔😢⚠️",2
27,"😔💔😢⚠️,💀💊⚠️🕳️😭,💀💊⚠️🕳️,😔💔,💀💊🚨⚠️🕳️",0
27,"💀💊⚠️🕳️😭,💀💊⚠️😰🕳️,😔💔,💀💊🚨⚠️🕳️,😔💔🕳️😭⚠️",0
27,"💀💊⚠️🕳️,😔💔,💀💊🚨⚠️🕳️,😔💔🕳️😭⚠️,😰😔⚠️",2
27,"😔😢⚠️,💀💊🚨⚠️🕳️,😔💔🕳️😭⚠️,😰😔💔⚠️,💀💊⚠️🚨🕳️",0
27,"💀💊🚨⚠️🕳️,😔💔🕳️😭⚠️,😰😔💔⚠️,💀💊🚨⚠️🕳️,💀⚠️🌑🕳️😭",0
27,"😔💔🕳️😭⚠️,😰😔⚠️,💀💊🚨⚠️🕳️,💀⚠️🚨🕳️😭,😔💔🕳️😭⚠️",0
27,"😰😔💔⚠️,💀💊🚨⚠️🕳️,💀⚠️🌑🕳️🚨,😔💔🕳️😭⚠️,💀⚠️🕳️😭🔪",0
27,"💀💊⚠️🚨🕳️,💀🚨⚠️🕳️😭,😔💔🕳️⚠️,💀⚠️🕳️😭🔪,💀🕳️😭⚠️",0
27,"💀🚨⚠️🕳️😭,😔💔🕳️⚠️😭,💀⚠️🕳️😰🔪,💀🕳️😭⚠️,💀💊🚨😭🕳️",0
27,"😔💔🕳️⚠️😭,💀⚠️🕳️😰🔪,💀🕳️😭⚠️,💀💊🚨😭🕳️,😔💔😢😞⚠️",0
27,"💀⚠️🕳️😭🔪,💀🕳️😭⚠️,💀💊🚨😭🕳️,😔💔😢⚠️🕳️,💀😰🕳️😭⚠️",1
27,"💀🕳️😭⚠️,💀💊🕳️🚨,😔💔😢🕳️⚠️,💀😰🕳️😭⚠️,💀🕳️😭⚠️",1
27,"💀💊🚨😭🕳️,😔💔😢🕳️⚠️,💀😰🕳️😭⚠️,💀🕳️😭⚠️,💀🕳️😭😔⚠️",0
27,"😔💔😢🕳️⚠️,💀😰🕳️😭⚠️,💀🕳️😭⚠️,💀🕳️😭😔💔,💀🕳️😰😭⚠️",0
27,"💀😰🕳️😭⚠️,💀🕳️😭⚠️,💀🕳️😭😔⚠️,💀🕳️😰😭⚠️,😰💀",0
27,"💀😭🕳️⚠️,💀🕳️😭😔⚠️,💀🕳️😰😭⚠️,😰💀,😰😭⚠️💀",3
27,"💀🕳️😭😔⚠️,💀🕳️😰😭⚠️,😰💀,😰😭⚠️💀,💀🔪😰🕳️",1
27,"💀🕳️😰😭⚠️,😰💀,😰😭⚠️💔,💀🔪😰⚠️,💀🕳️😭⚠️💊",2
27,"😰💀,😰😭⚠️💀,💀🔪😰⚠️,💀🕳️😭⚠️💊,💀⚠️🕳️😭",0
27,"😰😭⚠️💀,💀🔪😰🕳️,💀🕳️😭⚠️💊,💀⚠️🕳️😭,😔🕳️",1
27,"💀🔪😰🕳️,💀🕳️😭⚠️💊,💀⚠️🕳️😭,😔🕳️,💀🕳️😰⚠️😭",2
27,"💀🕳️😭⚠️💊,💀⚠️🕳️😭,😰😔💔⚠️,💀🕳️😰⚠️😭,💀🕳️🚨😭⚠️",2
27,"💀⚠️🕳️😭,😰😔💔⚠️,💀🕳️😰⚠️😭,💀🕳️🚨😭⚠️,💀🕳️🚨😭⚠️",0
27,"😰😔💔⚠️,💀🕳️😰⚠️😭,💀🕳️🚨😭⚠️,💀🕳️🚨😭⚠️,😔💔😞⚠️",0
27,"💀🔪⚠️😭🕳️,💀🕳️🚨😭⚠️,💀🕳️🚨😭⚠️,😔💔🕳️😭⚠️,😔💔",0
27,"💀🕳️🚨😭⚠️,💀🕳️🚨😭⚠️,😔💔😞⚠️,😔💔,😰💀🕳️😭",0
27,"💀🕳️🚨😭⚠️,😔💔😞⚠️,😔🕳️,😭🕳️💀🚨,💀😔💔🕳️⚠️",1
27,"😔💔😞,😔🕳️,😭🕳️⚠️,💀😔💔🕳️⚠️,💀🕳️😭😔⚠️",0
27,"😔🕳️,😰💀🕳️😭,💀😔💔🕳️😭,💀🕳️😭⚠️,🕳️😰💀😭⚠️",0
27,"😰💀🕳️😭,💀😔💔🕳️⚠️,💀🕳️😭⚠️,🕳️😰💀😭⚠️,💀🕳️😭😔⚠️",0
27,"💀😔💔🕳️⚠️,💀🕳️😭⚠️,🕳️😰💀😭⚠️,💀🕳️😭😔⚠️,😰⚠️😔",0
27,"💀🕳️😭⚠️,🕳️😰💀😭⚠️,💀🕳️😭😔⚠️,😰⚠️😔💔😭,💀🕳️⚠️😭⏳",2
27,"🕳️😰💀😭⚠️,💀🕳️😭😔⚠️,😰⚠️😔,💀🕳️⚠️😭⏳,💀🕳️🚨🌉💊",0
27,"💀🕳️😭😔⚠️,😰😔⚠️,💀🕳️⚠️😭⏳,💀🕳️🚨🌉💊,💀🕳️😭⚠️",0
27,"😰⚠️😔,💀🕳️⚠️😭⏳,💀🕳️🚨🌉💊,💀🕳️😭⚠️,😔💔😢",0
27,"💀🕳️⚠️😭🌑,💀🕳️🚨🌉⚠️,💀🕳️😭⚠️,😔💔😭⚠️,💀⚠️🕳️",0
27,"💀🕳️🚨🌉⚠️,💀🕳️😭⚠️,😔💔😭⚠️,💀⚠️🕳️,😔💔😭⚠️🕳️",0
27,"💀🕳️😭⚠️,😰😔💔⚠️,💀⚠️🕳️,😔💔😭⚠️🕳️,💀🕳️😭😔💔",0
27,"😰😔💔⚠️,💀⚠️🕳️,😔💔😭⚠️🕳️,💀🕳️😭😔⚠️,💀🕳️🚨😭⚠️",0
27,"💀⚠️🕳️,😔💔😢🕳️⚠️,💀🕳️😭😔💔,💀🕳️🚨😭⚠️,😭🕳️⚠️",0
27,"😔💔😭⚠️🕳️,💀🕳️😭😔💔,💀🕳️🚨😭⚠️,😭🕳️⚠️,💀🕳️😭😔💔",0
27,"💀🕳️😭😔💔,💀🕳️⚠️😭🚨,😰🕳️😭⚠️,💀🕳️😭😔💔,😔💔😢",0
27,"💀🕳️⚠️😭🚨,😰💀🕳️😭,💀😔💔🕳️⚠️,😔😭⚠️,💀🕳️⚠️😭",0
27,"😰💀🕳️😭,💀🕳️😭😔💔,😔💔😢,💀🕳️⚠️😭,💀🕳️⚠️😭🌑",0
27,"💀🕳️😭😔💔,😔💔😢,💀🕳️⚠️😭,💀🕳️⚠️😭🌑,😰🕳️",0
27,"😔💔😢,💀🕳️⚠️😭,💀🕳️⚠️😭🌑,😰🕳️,💀🕳️😭⚠️",0
27,"💀🕳️⚠️😭,💀🕳️⚠️😭,😰🕳️,💀🕳️😭⚠️,😰🕳️😭⚠️😔",0
27,"💀⚠️🕳️😭,😰🕳️,💀🕳️😭⚠️,💀🕳️😭⚠️,💀🕳️😭⚠️",0
27,"😔🕳️,💀🕳️😭⚠️,😭😰🕳️⚠️💀,💀🕳️😭⚠️,💀⚠️🕳️😰🚨",0
27,"💀🕳️😭⚠️,😭😰🕳️⚠️💀,💀🕳️😭⚠️,💀⚠️🕳️😰🚨,😰🕳️😭",0
27,"💀🕳️😰😭⚠️,💀🕳️😭⚠️,💀⚠️🕳️😰🚨,😰🕳️😭,😔💔😭⚠️🕳️",0
27,"💀🕳️😭⚠️,💀⚠️🕳️😰🚨,😰🕳️😭,😔💔😭⚠️🕳️,💀⚠️🕳️😭",0
27,"💀⚠️🕳️😰🚨,😰🕳️😭,😔💔😭⚠️🕳️,💀🕳️⚠️,💀🕳️⚠️😭💔",2
27,"😰🕳️😭,😔💔😭⚠️🕳️,💀⚠️🕳️😭,💀🕳️⚠️😭💔,😭😰😔💔⚠️",0
27,"😔💔😭⚠️🕳️,💀⚠️🕳️😭,💀🕳️⚠️😭💔,😭😰😔💔⚠️,💀🕳️😭⚠️💔",0
27,"💀⚠️🕳️😭,💀🕳️⚠️😭💔,😭😰😔💔⚠️,💀🕳️😭⚠️💔,💀⚠️🕳️😭🚨",0
27,"💀🕳️⚠️😭💔,😭😰💔😔⚠️,💀🕳️😭⚠️💔,💀⚠️🕳️😭🚨,💀🕳️⚠️😭🌑",0
27,"😭😰😔💔⚠️,💀🕳️😭⚠️💔,💀⚠️🕳️😭🚨,💀⚠️🕳️😭😔,😰😔💔⚠️",0
27,"💀🕳️😭⚠️💔,💀⚠️🕳️😭🚨,💀🕳️⚠️😭🌑,😰😔,💀🕳️😰😔",0
27,"💀⚠️😰🕳️😭,💀🕳️⚠️😭🌑,😔😟,💀🕳️😰😔😭,🌑🕳️💀😭⚠️",0
28,"💀🔫⚠️😭😰,💀🕳️😰😔💔,😭😔😖💊⚠️,💀⚠️🕳️😭🌑,💀🕳️😭⚠️💊",2
28,"💀🕳️😰😔💔,😭😔😖💊⚠️,💀🕳️😰⚠️😭,💀🕳️😭⚠️💊,💀😰🕳️😭⚠️",1
28,"😭😔😖💊⚠️,💀🕳️😰⚠️😭,💀🕳️😭⚠️💊,💀😰🕳️😭⚠️,💀😭🕳️⚠️😔",1
28,"💀🕳️😰⚠️😭,💀🕳️😭⚠️😔,💀😰🕳️😭⚠️,💀😭🕳️⚠️😔,💀🔪🚨😭🕳️",3
28,"💀🕳️😭⚠️💊,💀😰🕳️😭⚠️,💀😭😞🕳️⚠️,💀🔪🚨😭🕳️,💀😔🕳️😭⚠️",1
28,"💀😰🕳️😭⚠️,💀😭😞🕳️⚠️,💀🔪🚨😭🕳️,💀🕳️😭⚠️😔,💀🕳️😭⚠️",3
30,"💀😭🕳️⚠️🙏,💀🕳️😭⚠️,💀😰🕳️😭⚠️,💀🕳️😭⚠️,💀😭⚠️🕳️",3
30,"💀🕳️😭⚠️🪦,💀🕳️😭😔⚠️,💀🕳️😭⚠️,💀😭⚠️🕳️,💀💊🕳️🚨",0
30,💀😭🕳️🚨,1
30,💀🕳️😭🚨,1
30,💀🕳️🚨💊😭,1
30,💀💊🕳️🚨,1
30,💀🕳️🚨😭⚠️,2
30,"💀🕳️😭⚠️,💀😭🕳️⚠️🔪,💀😭🕳️🌑,💀🕳️🚨😭⚠️,💀🕳️🚨😭⚠️",0
31,"💀⚠️🕳️😭,💀⚠️🚨🕳️🔪,💀💊😰⚠️,💀😭⚠️🕳️😰,💀😭⚠️🕳️😔",2
31,"💀⚠️🚨🕳️🔪,💀💊⚠️😭,💀😭⚠️🕳️😰,💀😭⚠️🕳️😰,💀⚠️🕳️😭",2
34,"💀😔😭⚠️🕳️,😔💔😞🕳️⚠️,😔💔😢,💀😭⚠️🕳️😔,😔💔🕳️😭⚠️",0
34,"😔💔😞🕳️⚠️,😔💔😢,💀🕳️😭⚠️😔,😔💔🕳️😭⚠️,💀🕳️😭💔⚠️",0
35,💀🔪😭⚠️,1
35,💀😭🕳️⚠️,2
35,💀💊🕳️😭,2
35,"💀😭🕳️⚠️,💀⚠️😭🕳️,😔💔😞🕳️⚠️,💀💊🕳️🚨,💀🚨⚠️🔪",2
35,"💀⚠️😭🕳️,😔💔😢🕳️⚠️,💀💊🕳️🚨,💀🚨⚠️🔪,💊💀⚠️😰🕳️",0
35,"😔💔🕳️😭⚠️,💀💊🕳️🚨,💀🚨⚠️🔪🕳️,💊💀⚠️😰🕳️,😔💔🕳️😭⚠️",0
35,"💀💊🕳️🚨,💀🚨⚠️🔪,💊💀⚠️😰🕳️,😔💔🕳️😭⚠️,💀💔😭⚠️🕳️",1
35,"💀🚨⚠️🔪,💊💀⚠️😰🕳️,😔💔🕳️😭⚠️,💀😔💔🕳️⚠️,💀🕳️😭⚠️",0
35,"💊💀⚠️🕳️😰,😔💔🕳️😭⚠️,💀😔💔🕳️⚠️,💀🕳️😭⚠️,😔💔😢🕳️⚠️",1
35,"😔💔🕳️😭⚠️,💀😔💔🕳️😭,💀🕳️😭⚠️,😔💔😢🕳️⚠️,💀😭⚠️🕳️",1
35,"💀😔💔⚠️😭,💀🕳️😭⚠️😔,😔💔😢,💀😭⚠️🕳️,💀🕳️⚠️😭",0
35,"💀🕳️😭⚠️,😔💔😢,💀😭⚠️🕳️,💀🕳️⚠️😭,😔💔😢",0
35,"😔💔😢🕳️⚠️,💀🕳️😭⚠️🚨,💀🕳️⚠️😭🚨,😔💔😢😞,😔💔😢",0
35,"💀😭⚠️🕳️,💀🕳️🚨😭⚠️,😔💔😢,😔💔😢,😭😰🕳️⚠️",1
35,"💀🕳️⚠️😭,😔💔😢,😔💔😢,😭😰🕳️⚠️,💀😭🕳️⚠️😔",0
35,"😔💔😢,😔💔😢,😭😰🕳️⚠️,💀😭🕳️⚠️😔,💀😔🕳️😭⚠️",0
35,"😔💔😢,😭😰🕳️⚠️,💀😭🕳️⚠️😔,💀😔😭⚠️,😔💔😢",0
35,"😭😰🕳️⚠️,💀😭🕳️⚠️💔,💀😔🕳️😭⚠️,😔💔😢,😔💔",0
35,"💀😭🕳️⚠️💔,💀😔😭⚠️,😔💔😢,😔💔,💀🕳️😭⚠️",0
35,"💀😔🕳️😭⚠️,😔💔😢,😔💔,💀😔⚠️,💀⚰️🕳️",0
35,"😔💔😢,😔💔,💀😔⚠️,💀🕳️⚠️,💀🕳️😭⚠️💔",0
35,"😔💔,💀🕳️😭⚠️,💀🕳️⚠️,💀🕳️😭⚠️💔,😔💔😢😞⚠️",0
35,"💀🕳️😭⚠️,💀⚰️🕳️,💀🕳️😭⚠️💔,😔💔😢😞⚠️,😔💔😞⚠️",0
35,"💀⚰️🕳️,💀🕳️😭⚠️💔,😔💔😢😞⚠️,😔💔😞⚠️,😭😔💔⚠️🕳️",0
35,"💀🕳️😭⚠️💔,😔💔😢😞⚠️,😔💔😢😞⚠️,😭💔😔⚠️🕳️,💀⚠️🕳️😭",0
35,"😔💔😢😞⚠️,😔💔😞⚠️,😭💔😔⚠️🕳️,💀⚠️🕳️😭,💀🕳️😭⚠️",0
35,"😔💔😢😞⚠️,😭💔😔⚠️🕳️,💀⚠️🕳️😭,💀🕳️😭⚠️,😔💔😢",0
35,"😭💔⚠️🕳️😔,💀⚠️🕳️😭,💀⚠️🕳️😭,😔💔😢,💔😔😖🕳️⚠️",0
35,"💀⚠️🕳️😭,😔💔😢⚠️,😔💔😢,💔😔💀,😰😭⚠️😔",0
35,"💀🕳️😭⚠️,😔💔😢,💔😔😖🕳️⚠️,😰😭⚠️💀,😭😰⚠️💔",0
35,"😔💔😢,💔😔😖🕳️⚠️,😰😭⚠️😔,😭😰⚠️💔,💀🔫🚨⚠️🕳️",1
35,"💔😔😖🕳️⚠️,😰😔💔⚠️,😭😰⚠️💔,💀🔫🚨⚠️🕳️,💀😭⚠️🕳️",0
35,"😰😭⚠️😔,😭😰💔⚠️,💀🔫🚨⚠️🕳️,💀😭⚠️🕳️,😔💔😢",0
35,"😭😰💔⚠️,💀🔫🚨⚠️🕳️,💀😭⚠️🕳️,😔💔😢,😔💔😢",0
35,"💀🔫🚨⚠️🕳️,💀😭⚠️🕳️,😔💔😢,😔💔😢,😔💔😢",0
35,"💀😭⚠️🕳️,😔💔😢,😔💔😢,😔💔😢,💀🕳️😭⚠️",0
35,"😔💔😢,😔💔😢,😔💔😢,💀🕳️😭⚠️,😔💔😢",0
35,"😔💔😢,😔💔😢,💀🕳️😭⚠️,😔💔😢,😔💔😢⚠️🕳️",0
35,"😔💔😢,💀🕳️😭⚠️,😔💔😢😞,😔💔😢⚠️🕳️,💀⚠️😭🕳️",0
35,"💀🕳️😭⚠️,😔💔😢😞⚠️,😔💔😢,💀🕳️😭⚠️,💀🕳️😭⚠️💔",1
35,"😔💔😢,😔💔😢⚠️,💀🕳️😭⚠️,💀🕳️😭⚠️,💀😔💔🕳️😭",0
35,"😔💔😢⚠️,💀🕳️😭⚠️,💀🕳️😭⚠️💔,💀😔💔🕳️😭,😰😔⚠️💔😢",0
35,"💀🕳️😭⚠️,💀🕳️😭⚠️💔,💀😭🕳️💔⚠️,😰😔⚠️,💀🕳️😭",0
35,"💀🕳️😭⚠️,💀😔😭⚠️🕳️,😰😔⚠️💔😢,💀🕳️😭😔⚠️,😊✨🌟",1
35,"💀😔💔🕳️😭,😰😔⚠️,💀🕳️😭😔⚠️,😊✨🌟,💀⚠️🕳️😭🚨",0
35,"😰😔⚠️,💀🕳️😭😔⚠️,😊✨🌟,💀⚠️🕳️😭🚨,😔💔😢",0
35,"💀🕳️😭😔⚠️,😊😌✨,💀⚠️🕳️😭🚨,😔💔😢,😔💔😢",0
35,"😊😌✨,💀🚨😭🕳️⚠️,😔💔😢,😔💔😢,😔💔😢",0
35,"💀⚠️🕳️😭🚨,😔💔😢,😔💔😢,😔💔😢,😔💔😢",0
35,"😔💔😢,😔💔😢,😔💔😞,😔💔😢,😔😞😩",0
35,"😔💔😢,😔💔😢,😔💔😢,😔😞😩,💀🕳️⚠️",0
35,"😔💔😢,😔💔😢,😔😞😩,💀🕳️⚠️,😔💔😢",0
35,"😔💔😢,😔😞😩,💀🕳️⚠️,😔💔😢,💀😔🕳️💔⚠️",1
35,"😔😞😩,💀🕳️⚠️,😔💔😢,💀😔🕳️💔⚠️,💀😭😰⚠️🕳️",0
35,"💀🕳️⚠️,😔💔😢,💀😔🕳️💔⚠️,💀😭⚠️🕳️,💀😔🕳️💔⚠️",0
35,"😔💔😢,💀😔💔⚠️,💀😭⚠️🕳️,💀😔🕳️💔⚠️,💀⚠️🕳️",1
35,"💀😔💔⚠️,💀😭⚠️🕳️,💀😔🕳️💔⚠️,💀⚠️🕳️,💀😔🕳️😭⚠️",0
35,"💀😭⚠️🕳️,💀😔🕳️💔⚠️,💀⚠️🕳️,💀🕳️😭⚠️,💀🕳️😭⚠️🚨",0
35,"😔💔🕳️⚠️,💀⚠️🕳️,💀😔🕳️⚠️😭,💀🕳️😭⚠️🚨,💀😭⚠️😔💔",0
35,"💀⚠️🕳️,💀😔🕳️⚠️😭,💀🕳️😭⚠️🚨,💀😭⚠️😔💔,😰🕳️😭⚠️",0
35,"💀😔🕳️⚠️😭,💀🕳️😭⚠️🚨,💀😭⚠️😔💔,😭😰🕳️⚠️,💀😭🕳️⚠️😔",0
35,"💀🕳️😭⚠️🚨,💀😭⚠️😔💔,😭😰🕳️⚠️,💀😭🕳️⚠️😔,💀🕳️😭⚠️",0
35,"💀😭⚠️😔💔,😰🕳️😭⚠️,💀😭🕳️⚠️😔,💀🕳️😭⚠️,💔😔😞🕳️",0
35,"😰🕳️😭⚠️,💀😭🕳️⚠️😔,💀🕳️😭⚠️,💔😔😞🕳️,💀😭🕳️⚠️💔",0
35,"💀😭🕳️⚠️😔,💀🕳️😭⚠️😔,💔😔😞🕳️,💀😭🕳️⚠️💔,💀🕳️😭⚠️",0
35,"💀🕳️😭⚠️,💔😔😞🕳️,💀😭🕳️⚠️💔,💀🕳️😭⚠️,💀🕳️😭⚠️",0
35,"💔😔😞🕳️,💀😭🕳️⚠️💔,💀🕳️😭⚠️,💀🕳️😭⚠️,💀🕳️😭⚠️💔",0
35,"💀😭🕳️⚠️💔,💀🕳️😭⚠️,💀🕳️😭⚠️,💀🕳️😭⚠️,😰🕳️😭😔⚠️",0
35,"💀🕳️😭⚠️,💀🕳️😭⚠️,💀🕳️😭⚠️,😰🕳️💀,😰💀⚠️😭",0
35,"💀🕳️😭⚠️,💀🕳️😭⚠️💔,😰🕳️💀,💀😰🕳️🚨,😭💔😰⚠️🕳️",2
36,"💀🕳️😭⚠️,😔💔😢,💀⚠️😭🕳️,💀😔😭⚠️💔,😔😞😖",1
36,"😔💔😢,💀⚠️😭🕳️,💀😭💔⚠️🕳️,😔😞🕳️,💀🔪😭⚠️",0
36,"💀⚠️😭🕳️,💀😔😭⚠️💔,😔😞😖,💀🔪😭⚠️,😔💔⚠️",0
36,"💀😔💔😭⚠️,😔😞💔,💀😭⚠️🔪,😔💔😢,💀🕳️😭⚠️",2
36,"😔😞😖,💀😭⚠️🔪,😔💔⚠️,💀🕳️😭⚠️,💀⚠️😭🕳️",1
36,"💀🔪😭⚠️,😔💔😢,💀🕳️😭⚠️,💀⚠️😭🕳️,💀😭🕳️⚠️💔",0
36,"😔💔⚠️,💀🕳️😭⚠️,💀😭⚠️🕳️,💀😭🕳️⚠️💔,💀🕳️⚠️",0
36,"💀🕳️😭⚠️,💀😭⚠️🕳️,💀😭🕳️⚠️💔,💀🕳️⚠️,😔💔😢😭⚠️",0
36,"💀⚠️😭🕳️,💀😭🕳️⚠️💔,💀⚠️🕳️😭,😔💔😢😭⚠️,💀🕳️😭⚠️",0
36,"💀😭🕳️⚠️💔,💀🕳️⚠️,😔💔😢😭⚠️,💀🕳️😭⚠️,💀🕳️😭⚠️💔",1
36,"💀⚠️🕳️😭,😔💔😢😭⚠️,💀🕳️😭⚠️,💀🕳️😭⚠️💔,💀😭⚠️🕳️",0
36,"😔💔😢😭⚠️,💀🕳️😭⚠️,💀🕳️😭⚠️💔,💀😭⚠️🕳️,💀🕳️😭⚠️",0
36,"💀🕳️😭⚠️,💀🕳️😭⚠️💔,💀😭⚠️🕳️,💀🕳️😭⚠️,😔💔🕳️😭⚠️",0
36,"💀🕳️😭⚠️💔,💀😭⚠️🕳️,💀🕳️😭⚠️,💀🕳️😭😔💔,💊😰⚠️😔💔",0
36,"💀😭⚠️🔪,💀🕳️😭⚠️,😔💔🕳️😭⚠️,💊😰⚠️😔💀,😔💔😭⚠️🕳️",0
37,"😔💔😞,💀⚠️🕳️😭,💀⚠️😭🕳️,💀😭🕳️⚠️😔,💀😭⚠️🕳️🔪",0
37,"💀⚠️🕳️😭,💀⚠️😭🕳️,💀😭🕳️⚠️😔,💀🔪😭⚠️,😔💔😢😞⚠️",0
37,"💀⚠️😭🕳️,💀🕳️😭⚠️,💀⚠️😭🕳️🔪,😔💔😢😞⚠️,💀😰⚠️🕳️😭",0
37,"💀🕳️😭⚠️,💀🔪🕳️😭,😔💔😢😞⚠️,💀⚠️😰🕳️😭,😔💔😢😞🕳️",0
37,"💀😭⚠️🕳️,😔💔😢😞⚠️,💀⚠️😰🕳️😭,😔💔😢🕳️⚠️,😔😞😖💔🕳️",0
37,"😔💔😢😞⚠️,💀⚠️😰🕳️😭,😔💔😢😞🕳️,😔💥🕳️,💀😔🕳️😭⚠️",2
37,"💀⚠️😰🕳️😭,😔💔😢😞🕳️,😔💔😞⚠️,💀😔🕳️😭⚠️,💀🕳️😭⚠️",0
37,"😔💔😢🕳️⚠️,😔💔😞,💀😔🕳️😭⚠️,💀🕳️😭⚠️,😔💔😞",0
37,"😔💔😞,💀😔🕳️😭⚠️,💀🕳️😭⚠️,😔💔😞,😔😞🕳️",0
37,"💀😔🕳️😭⚠️,💀🕳️😭⚠️,😔💔😞,😔😞🕳️,😊😌✨",0
37,"💀🕳️😭⚠️,😔💔😞,😔😞🕳️,😊😌✨,💀🕳️😰😭⚠️",0
37,"😔💔😞,😔😞🕳️,😊✨🌟,💀🕳️😰😭⚠️,😔💔😞🕳️⚠️",0
38,"💀😭⚠️🕳️😖,💀⚠️🕳️😭,😔💔😞🕳️⚠️,💀⚠️🕳️😭🚨,💀🕳️😭⚠️",0
38,"💀⚠️🕳️😭,😔💔😞🕳️⚠️,💀⚠️🕳️😰😔,💀🕳️😭⚠️,😔💔😖🕳️⚠️",0
38,"😔💔😞😩🕳️,💀⚠️🕳️😭🚨,💀🕳️😭⚠️,😔💔😖🕳️⚠️,💀🕳️😰⚠️😭",1
38,"💀⚠️🕳️😭🚨,💀🕳️😭⚠️,😔💔😖🕳️⚠️,💀🕳️😰⚠️😭,💀😔🕳️😭⚠️",3
38,"💀🕳️😭⚠️,😔💔😩🕳️⚠️,💀🕳️😰⚠️😭,💀🕳️😭😔⚠️,💀😭⚠️🕳️",1
38,"😔💔😖🕳️⚠️,💀🕳️😰⚠️😭,😔💔😭⚠️🕳️,💀😭⚠️🕳️,💀🕳️😭😔💔",0
38,"💀🕳️😰⚠️😭,💀😔🕳️😭⚠️,💀😭⚠️🕳️,💀🕳️😭😔💔,💀🔪😰🕳️😭",0
38,"😔💔🕳️😭⚠️,💀😭⚠️🕳️,💀🕳️😭😔💔,💀🕳️😰😔⚠️,💀😔⚠️😭🕳️",3
38,"💀😭⚠️🕳️,💀🕳️😭😔💔,💀🕳️😰😔💔,💀😰🕳️😭⚠️,💀🕳️😭⚠️😖",0
38,"💀🕳️😭😔💔,💀🕳️😰😔💔,💀😰🕳️😭⚠️,💀🕳️😭⚠️😖,💀😭🕳️⚠️😔",0
38,"💀🔪🕳️😭⚠️,💀😰🕳️😭⚠️,💀🕳️😭⚠️😖,💀😰🕳️😭⚠️,💀🕳️😭⚠️💔",1
38,"💀😰🕳️😭⚠️,💀🕳️😭⚠️😖,💀🕳️😭⚠️😔,💀🕳️😭⚠️💔,💀😭🕳️⚠️",1
38,"💀🕳️😭⚠️😖,💀🕳️😭⚠️😔,💀🕳️😭⚠️💔,💀😭🕳️⚠️,💀😭⚠️🕳️",0
38,"💀🕳️😭⚠️😔,💀🕳️😭⚠️💔,💀😭🕳️⚠️🚨,💀😭🕳️⚠️,😔💔😖🕳️⚠️",0
38,"💀🕳️😭⚠️💔,💀😭🕳️⚠️,💀😭⚠️🕳️,😔😖🕳️⚠️😵,😔💔😖🕳️⚠️",0
38,"💀😭🕳️⚠️,💀😭⚠️🕳️,😔💔😖🕳️⚠️,😔💔😰🕳️😭,💀🕳️😭😔⚠️",1
38,"💀😭⚠️🕳️,😔💔😖🕳️⚠️,😔💔😰🕳️😭,💀🕳️😭😔⚠️,💀😭🕳️⚠️😔",1
38,"😔💔😖🕳️⚠️,😔💔😰🕳️😭,💀🕳️😭⚠️😔,💀😭🕳️⚠️😔,💀😭🕳️⚠️😔",1
38,"😔💔😖🕳️⚠️,💀🕳️😭😔⚠️,💀😭🕳️⚠️😔,💀😭🕳️⚠️😔,💀🕳️⚠️😭",1
38,"💀🕳️😭😔⚠️,💀😭🕳️⚠️😔,💀😭🕳️⚠️😔,💀🕳️⚠️😭,💀😭⚠️🕳️",1
38,"💀😭🕳️⚠️😔,💀😭🕳️⚠️😔,💀🕳️⚠️😭,💀😭🕳️⚠️,💀🕳️😭⚠️😔",2
38,"💀🕳️😭⚠️😔,💀🕳️⚠️😭,💀😭⚠️🕳️,💀🕳️😭⚠️🩸,💀🕳️🚨😭⚠️",1
38,"💀🕳️⚠️😭,💀😭🕳️⚠️,💀🕳️😭⚠️😔,💀⚠️🕳️😭,💀🕳️😭⚠️",2
38,"💀😭🕳️⚠️,💀🕳️😭⚠️😔,💀🕳️⚠️😭🚨,💀🕳️😭⚠️,💀😭⚠️🕳️😔",2
38,"💀🕳️😭⚠️😔,💀🕳️🚨😭⚠️,💀🕳️😭⚠️🚨,💀🕳️😭⚠️🚨,💀🕳️⚠️😭🔪",0
38,"💀🕳️⚠️😭🚨,💀🕳️😭⚠️🚨,💀🕳️😭⚠️🚨,💀🕳️⚠️😭🔪,😔💔😢🕳️⚠️",0
38,"💀🕳️😭⚠️,💀😭⚠️🕳️😔,💀🕳️⚠️😭🔪,😔💔😢😞⚠️,😔😢😞😖💔",1
38,"💀🕳️😭⚠️🚨,💀🕳️⚠️😭🔪,😔💔😢😞⚠️,😔😢😞😖💔,💀⚠️🕳️😰🚨",0
38,"💀🕳️⚠️😭🔪,😔💔😢🕳️⚠️,😔😢😞😖💔,💀⚠️🕳️😰🚨,😔😖😞💔😢",0
38,"😔💔😢🕳️⚠️,😔😢😞😖💔,💀⚠️🕳️😰🚨,😔😖😞💔😢,💀⚠️🕳️😭",3
38,"😔😢😞😖💔,💀⚠️🕳️😰🚨,😔😖😞💔⚠️,💀⚠️🕳️😭,💀⚠️🕳️😭🔪",0
38,"💀⚠️🕳️😰🚨,😔😖😞💔😢,💀⚠️🕳️😭,💀⚠️🕳️😭🔪,😔💔😢🕳️⚠️",0
39,"💀⚠️🕳️😭🔪,💀😔🕳️😭⚠️,💀🕳️😭⚠️😔,💀🕳️😭⚠️😔,💀🕳️😭😰⚠️",1
39,"💀😔🕳️😭⚠️,💀😭🕳️⚠️😔,💀🕳️😭⚠️😔,💀🕳️😭😰⚠️,💀🚨🕳️😭",1
39,"💀🕳️😭⚠️😔,💀🕳️😭⚠️😔,💀🕳️😭😰⚠️,💀⚠️🕳️😭,💀🕳️😭⚠️😰",1
39,"💀🕳️😭⚠️😔,💀🕳️😭😰⚠️,💀🚨🕳️😭,💀🕳️😭⚠️😰,💀😔🕳️😭⚠️",1
39,"💀🕳️😭😰⚠️,💀🚨🕳️😭,💀🕳️😭⚠️😰,💀😔🕳️😭⚠️,💀🕳️😭⚠️😔",2
39,"💀🚨😭🕳️,💀🕳️😭⚠️😰,💀😔🕳️😭⚠️,💀🕳️😭⚠️😔,💀🔫🚨🕳️😭",0
39,"💀🕳️😭⚠️😰,💀😔🕳️😭⚠️,💀🕳️😭⚠️😔,💀🔫🚨🕳️😭,😔💔😭⚠️",0
39,"💀😔🕳️😭⚠️,💀🕳️😭⚠️😔,💀🔫🚨🕳️😭,😔💔😭⚠️,💀🕳️😰😭⚠️",1
39,"💀🕳️😭⚠️😞,💀🔫🚨🕳️😭,😭😰🌑💔😔,💀🕳️😰😭⚠️,💀🕳️😭😔⚠️",1
39,"💀🔫🚨🕳️😭,😔💔😭⚠️,💀🕳️😰😭⚠️,💀🕳️😭😔⚠️,💀🕳️😭⚠️😖",1
39,"😔😭⚠️,💀🕳️😰😭⚠️,💀🕳️😭😔⚠️,💀🕳️😭⚠️😖,💀😭🕳️⚠️💔",1
39,"💀🕳️😰😭⚠️,💀🕳️😭😔⚠️,💀🕳️😭⚠️😫,💀😭🕳️⚠️💔,💀🕳️😭⚠️😔",0
39,"💀🕳️😭😔⚠️,💀🕳️😭⚠️😫,💀😭🕳️⚠️💔,💀🕳️😭⚠️😔,💀🕳️😭😰⚠️",1
40,"💀🕳️😭⚠️,💊💀⚠️😰🕳️,💀💊🔪🚨⚠️,💀🕳️😭⚠️😔,💀🔪🚨🕳️😰",1
40,"💊💀⚠️😰🕳️,💀💊🔪🚨⚠️,💀🕳️😭⚠️😔,💀🔪🚨🕳️😰,💊💀😴⚠️🕳️",1
40,"💀💊🔪🚨⚠️,💀🕳️😭⚠️,💀🔪🚨⚠️🕳️,💊💀😴⚠️🕳️,💀🕳️😭⚠️",1
40,"💀🕳️😭⚠️😔,💀🔪🚨🕳️😭,💊💀😴🕳️⚠️,💀😭🕳️⚠️,💀💊🚨⚠️🕳️",1
40,💀🔪💊⚠️🕳️,2
40,💀💊🏨⚠️🕳️,1
40,💀💊🏨⚠️🕳️,2
40,💀💊⚠️🕳️,0
40,💀💊🚨🛏️😵,1
40,"💀💊🏨⚠️😭,💀🕳️😭⚠️,💀💊⚠️🕳️😰,💀🕳️😰😭⚠️,💀🕳️🚨😭⚠️",1
40,"💀🕳️😭⚠️,💀💊⚠️😰🕳️,💀🕳️😰😭⚠️,💀🕳️🚨😭⚠️,💀💊🕳️😰",1
40,"💀💊⚠️🕳️,💀🕳️😰😭⚠️,💀🕳️🚨😭⚠️,💀💊😴⚠️🕳️,💀🕳️🕯️😭⚠️",1
40,"💀🕳️😰😭⚠️,💀🕳️🚨😭⚠️,💀💊😴⚠️🕳️,💀🕳️🕯️😭⚠️,💊💀⚠️😰🕳️",2
40,"💀🕳️🚨😭⚠️,💀💊😴⚠️🕳️,💀🕳️🕯️😭⚠️,💊💀⚠️😰🕳️,💀😭⚠️🕳️😫",1
40,"💀💊😴⚠️🕳️,💀🕳️🕯️😭⚠️,💊💀⚠️😰🕳️,💀😭⚠️🕳️😫,💀💊🚨🕳️😭",0
40,"💀🕳️🕯️😭⚠️,💊💀⚠️😰🕳️,💀⚠️😭🕳️😫,💀💊🚨🕳️😭,😔🕳️😰💔",0
40,"💊💀⚠️😰🕳️,💀⚠️😭🕳️😫,💀💊🚨🕳️😭,😔🕳️😰💔,😔💔😞⚠️",3
40,"💀⚠️😭🕳️😫,💀💊🚨🕳️😭,😔🕳️😰💔,😔💔😞⚠️,💀⚠️🕳️😭",1
40,"💀💊🚨🕳️😭,😔🕳️😰💔,😔💔😞⚠️,💀⚠️🕳️😭,💀😰🕳️🚨😭",2
40,"😔🕳️😰💔,😔💔😞⚠️,💀⚠️🕳️😭,💀🕳️😭⚠️,💀💊🚨⚠️🕳️",2
40,"😔💔😞⚠️,💀⚠️🕳️😭,💀😰🕳️🚨😭,💀💊🚨⚠️🕳️,💀🚗⚠️😰🕳️",1
40,"💀⚠️🕳️😭,💀😰🕳️🚨😭,💀💊🚨⚠️🕳️,💀🚗⚠️😰🕳️,💀💊⚠️😰🕳️",1
40,"💀😰🕳️🚨😭,💀💊🚨⚠️🕳️,💀🚗⚠️😰🕳️,💀💊⚠️😰🕳️,💀💊🚨⚠️😵",1
40,"💀💊🚨⚠️🕳️,💀🚗⚠️😰🕳️,💀💊⚠️😰🕳️,💀💊🚨⚠️😵,💀💊🚨🕳️😭",1
40,"💀🚗⚠️😰🕳️,💀💊⚠️😰🕳️,💀💊🚨⚠️😵,💀💊🚨🕳️😭,💊😰⚠️🕳️😵",0
40,"💀💊⚠️😰🕳️,💀💊🚨⚠️😵,💀💊🚨🕳️😭,💊😰⚠️🕳️😵,😔💔😞",1
40,"💀💊🚨⚠️😵,💀💊🚨🕳️😭,💀💊😰⚠️🕳️,😔💔😞,💀⚠️🚨🕳️😭",1
40,"💀💊🚨🕳️😭,💊😰⚠️🕳️😵,😔💔😞,💀🔪🚨⚠️😭,💀🔪😰🕳️😭",1
40,"💊😰⚠️🕳️😵,😔💔😞,💀⚠️🚨🕳️😭,💀🔪😰🕳️🚨,💀💊🚨😭⚠️",1
40,"😔💔😞,💀⚠️🚨🕳️😭,💀🔪😰🕳️🚨,💀💊🚨😭⚠️,💀⚠️🕳️🚨😭",2
40,"💀⚠️🚨🕳️😭,💀🔪😰🕳️🚨,💀💊🚨😭⚠️,💀⚠️🕳️🚨😭,💀⚠️🕳️😭",1
40,"💀🔪😰🕳️😭,💀💊🚨😭⚠️,💀⚠️🕳️🚨😭,💀⚠️🕳️😭,💊💀⚠️😭",1
40,"💀💊🚨😭⚠️,💀⚠️🕳️🚨😭,💀⚠️🕳️😭,💊💀⚠️😭,💀😭⚠️",1
40,"💀⚠️🕳️😰🚨,💀⚠️🕳️😭🚨,💊💀⚠️😭,💀😭⚠️🕳️,💀🔪⚠️🕳️",1
40,"💀⚠️🕳️😭,💊💀⚠️😭,💀😭⚠️😵,💀🔪⚠️🕳️,💀⚠️🕳️😭",1
40,"💊💀⚠️😭,💀😭⚠️,💀🔪⚠️🕳️,💀⚠️🕳️😭,💀🕳️🚨😭⚠️",1
40,"💀😭⚠️🕳️,💀🔪⚠️🕳️,💀⚠️🕳️😭,💀🕳️🚨😭⚠️,💀⚠️🕳️😭🔪",1
40,"💀🔪⚠️🕳️,💀⚠️🕳️😭,💀🕳️🚨😭⚠️,💀⚠️🕳️😭🚨,💀💊⚠️🕳️😰",1
40,"💀⚠️🕳️😭,💀🕳️🚨😭⚠️,💀⚠️🕳️😭🔪,💀💊⚠️🕳️😰,💀🕳️⚠️😰🌑",2
40,"💀🕳️🚨😭⚠️,💀⚠️🕳️😭🔪,💀💊⚠️🕳️😰,💀🕳️⚠️😰🌑,💀🔫🚨🕳️😭",0
40,"💀⚠️🕳️😭🚨,💀💊⚠️🕳️😰,💀🕳️⚠️😰🌑,💀🔫🚨🕳️😭,💀🕳️😰",0
40,"💀💊⚠️🕳️😰,💀🕳️⚠️😰🌑,💀🔫🚨🕳️😭,💀🕳️😰,💀🕳️😰",2
40,"💀🕳️⚠️😰🌑,💀🔫🚨🕳️😭,💀🕳️😰,💀🕳️😰,💀⚠️🕳️😭",2
40,"💀🔫🚨🕳️😭,💀🕳️😰,💀🕳️😰,💀⚠️🕳️😭,💀💊🕳️😭",0
40,"💀🕳️😰,💀🕳️😰,💀⚠️🕳️😭🚨,💀💊🕳️😭,💀🕳️😭⚠️",1
40,"💀🕳️😰❓😔,💀⚠️🕳️😭🚨,💀💊🕳️😭,💀😭⚠️🕳️,💀⚠️🕳️😰🚨",2
40,"💀⚠️🕳️😭,💀💊🕳️😭,💀🕳️😭⚠️,💀🚨🕳️😭⚠️,💀💊🚨⚠️😭",0
40,"💀💊🕳️😭,💀🕳️😭⚠️,💀🚨🕳️😭⚠️,💀💊⚠️🕳️,😔💔😢😞⚠️",1
40,"💀😭⚠️🕳️,💀⚠️🕳️😭🚨,💀💊🚨⚠️😭,😔💔😢😞⚠️,💀🕳️😭⚠️",1
40,"💀⚠️🕳️😰🚨,💀💊🚨⚠️😭,😔💔😢😞⚠️,💀🕳️😭⚠️,💀💊🔪⚠️🕳️",1
40,"💀💊⚠️🕳️,😔💔😢😞⚠️,💀🕳️😭⚠️,💀💊🔪⚠️🕳️,💀😭⚠️😖💔",0
40,"😔💔😢😞⚠️,💀🕳️😭⚠️,💀💊🔪⚠️🕳️,💀😭⚠️😖💔,😔💀🕳️😭",1
40,"💀🕳️😭⚠️,💀💊🔪⚠️🕳️,💀😭⚠️😖💔,💀🕳️😭⚠️,💀💊🔪🕳️😰",1
40,"💀💊🔪⚠️🕳️,💀😭⚠️😖💔,😔💔🕳️⚠️,💀💊🔪🕳️😰,💀💊⚠️😭🕳️",1
40,"💀😭⚠️😖💔,💀🕳️😭⚠️,💀💊🔪🕳️😰,💀💊⚠️😭🕳️,💀💊🕳️😭",1
40,"😔💔🕳️⚠️,💀💊🔪🕳️😰,💀💊🕳️😭,💀💊🕳️😭,💀💊🚨⚠️🕳️",3
40,"💀💊🔪🕳️😰,💀💊⚠️😭🕳️,💀💊😰⚠️🕳️,💀💊🚨⚠️🕳️,💀💊🚨😭⚠️",3
41,"💀🚨⚠️🕳️😭,💀🔥🚨⚠️🕳️,💀💊⚠️🕳️🚨,💀🕳️😭⚠️,💀⚠️🔪🕳️",2
41,"💀🔥🚨⚠️😭,💀💊⚠️😰🕳️,💀🕳️😭⚠️,💀⚠️🕳️🔪,💀🕳️🔪💊🚨",2
41,"💀💊⚠️🕳️😰,💀🕳️😭⚠️,💀⚠️🔪🕳️,💀🕳️🔪💊🚨,💀⚠️🕳️😰🔪",2
41,"💀🕳️😭⚠️,💀⚠️🕳️🔪,💀🕳️🔪💊⚠️,💀⚠️🕳️😰🔪,💀🕳️🚨🌊⚠️",0
41,"💀⚠️🕳️🔪,💀🕳️🔪💊⚠️,💀⚠️🕳️😰🔪,💀🕳️🚨🌊⚠️,💀😔🕳️😭⚠️",0
41,"💀🕳️🔪💊🚨,💀⚠️🕳️😰🔪,💀🕳️🚨🌊⚠️,💀😔🕳️😭⚠️,😊✨🌟💪🌈",2
41,"💀⚠️🕳️😰🔪,💀🕳️🚨🌊⚠️,💀😔💔⚠️😭,😊😌💪✨🌟,💀🕳️⚠️🔪😭",2
41,"💀🕳️🚨🌊⚠️,💀😔🕳️😭⚠️,😊😌💪✨🌟,💀🔪🚨⚠️🕳️,💀⚠️🪦😰🕳️",2
41,"💀😔😭⚠️,😊😌💪✨🌟,💀🔪🚨⚠️🕳️,💀⚠️🪦😰🕳️,💀💊⚠️🕳️",3
41,"😊😌💪✨🌟,💀🔪🚨⚠️🕳️,💀⚠️🚨🕳️😭,💀💊⚠️🕳️,💀💊🚨⚰️😭",0
41,"💀🕳️⚠️🔪😭,💀⚠️🪦😰🕳️,💀💊⚠️🚨🕳️,💀💊🚨⚠️😭,😔💔😢",0
41,"💀⚠️🪦😰🕳️,💀💊⚠️🕳️,💀💊🚨⚰️😭,😔💔😢,😔💔😢",0
41,"💀💊⚠️🕳️,💀💊🚨⚰️😭,😔😢😞,😔💔😢,😰😭⚠️💀",1
41,"💀💊🚨⚰️😭,😔💔😢,😔💔😢,😰😭⚠️💀,💀😔💔😭⚠️",0
41,"😔😢😞,😔💔😢,😭😰🕳️💀,💀😔😭⚠️,😔💔😢",2
41,"😔💔😢,😭😰🕳️⚠️,💀😔😭⚠️,😔💔😞,💀🕳️⚠️😭🌑",1
41,"😰😭⚠️💀,💀😔😭⚠️,😔💔😞,💀🕳️⏳🚨,💀🕳️😰😭⚠️",2
41,"💀😔💔😞,😔💔😞,💀⚠️🕳️😭,💀🕳️😰😭⚠️,💀🕳️⚠️🚨🔪",0
41,"😔💔😢,💀🕳️⚠️😭🌑,💀🕳️😰😭⚠️,💀🕳️⚠️🔪🚨,💀🔪🕳️😭⚠️",1
41,"💀🕳️⏳⚠️😭,💀🕳️😰😭⚠️,💀🕳️⚠️🚨🔪,💀🔪🕳️😭⚠️,💀⚠️🕳️😭",2
41,"💀🕳️😰😭⚠️,💀🕳️⚠️🔪🚨,💀🔪🕳️😭⚠️,💀⚠️🕳️😭,💀🔪🚨💊⚠️",1
42,"💀🕳️😭⚠️🔪,💀🕳️😭😔⚠️,💀🕳️😭🔪⚠️,💀😭😔🕳️,😰😔💔⚠️",0
42,"💀🕳️😭😔⚠️,💀🕳️😭🔪⚠️,💀😭😔🕳️,😰😔💔⚠️,😰😔💔⚠️",0
42,"💀🕳️😭🔪⚠️,💀😭😔🕳️,😰😔💔⚠️,😔💔,😔💔",1
42,"💀😭😔🕳️,😰😔💔⚠️,😰😔💔⚠️,😔💔,💀😭🕳️⚠️😔",1
42,"😰😔💔⚠️,😰😔💔⚠️,😔💔,💀😔🕳️😭⚠️,💀🔪😭⚠️",0
42,"😔💔,😔💔,💀😔🕳️😭⚠️,💀🔪😭⚠️,😰😔💔⚠️",2
42,"😔💔,💀😭🕳️⚠️😔,💀🔪😭⚠️,😰😔💔⚠️,💀🔪😭⚠️",2
42,"💀😔🕳️😭⚠️,💀🔪😭⚠️,😰😔💔⚠️,💀🔪😭⚠️,💀🔪😭⚠️🕳️",0
42,"💀🔪😭⚠️,😰😔💔⚠️,💀🔪😭⚠️,💀🔪😭⚠️🕳️,💀🕳️😰😭⚠️",0
42,"😰😔💔⚠️,💀🔪😭⚠️,💀🔪😭⚠️🕳️,💀🕳️😰😔🚨,💀😰🕳️😭⚠️",1
42,"💀🔪😭⚠️,💀🔪😭⚠️🕳️,💀🕳️😰😔🚨,💀😰🕳️😭⚠️,💀😭🕳️😔",0
42,"💀🔪😭⚠️🕳️,💀🕳️😰😔🚨,💀😰🕳️😭⚠️,💀😭🕳️⚠️😔,😔💔",1
42,"💀🕳️😰😔🚨,💀😰🕳️😭⚠️,💀🕳️😭😔,😔💔,💀🚨⚠️😭🌑",2
42,"💀🕳️😭⚠️😔,💀😭🕳️⚠️😔,😔💔,💀🚨⚠️😭🌑,💀🕳️😭🔪⚠️",2
42,"💀😭🕳️⚠️😔,😔💔,💀🚨⚠️😭🌑,💀🕳️😭🔪⚠️,💀🕳️😭⚠️🔪",0
42,"😔💔,💀🚨⚠️😭🌑,💀🕳️😭🔪⚠️,💀🕳️😭⚠️🔪,😔⚠️",2
42,"💀🚨😭⚠️🕳️,💀🕳️😭🔪⚠️,💀🕳️😭⚠️🔪,😔⚠️,💀🔪😭⚠️🕳️",2
42,"💀🕳️😭🔪⚠️,💀🕳️😭⚠️🔪,😔⚠️,💀🔪😭⚠️🕳️,💀🔪😭⚠️",2
42,"💀🕳️😭⚠️🔪,😔⚠️,💀🔪😭⚠️🕳️,💀🔪😭⚠️,💀🔪🚨🕯️😭",2
42,"😔⚠️,💀🔪😭⚠️🕳️,💀🔪😭⚠️,💀🔪🚨⚠️😭,💀🔪😰🩸",2
42,"💀🔪😭⚠️🕳️,💀🔪😭⚠️,💀🔪🚨🕯️😭,💀🔪😰🩸,💀🔪😰🕳️",2
42,"💀🔪😭⚠️,💀🔪🚨⚠️🕳️,💀🔪😰🕳️,💀🔪😰⚠️😭,💀🔪😭🕳️⚠️",0
42,"💀🔪🚨⚠️😭,💀🔪😰🕳️,💀🔪😰⚠️😭,💀🕳️😭🔪⚠️,💀🕳️⚠️😭📅",2
42,"💀🔪😰🕳️,💀🔪😰⚠️😭,💀🕳️😭🔪⚠️,💀🕳️⚠️😭📅,💀🔪😭🕳️⚠️",1
42,"💀🔪😰⚠️😭,💀🕳️😭🔪⚠️,💀🕳️⚠️😭📅,💀🔪😭🕳️⚠️,💀🕳️😭⚠️",1
42,"💀🕳️😭🔪⚠️,💀🕳️⚠️😭📅,💀🔪😭🕳️⚠️,💀🕳️😭⚠️😔,💀😭🕳️⚠️",1
42,"💀🕳️⚠️😭📅,💀🔪😭🕳️⚠️,💀🕳️😭⚠️😔,💀😭🕳️⚠️,💀😭😞🕳️⚠️",1
42,"💀🔪😭🕳️⚠️,💀🕳️😭⚠️,💀😭🕳️⚠️😔,💀😭😞🕳️⚠️,💀🕳️😭⚠️😔",2
42,"💀🕳️😭⚠️😔,💀😭🕳️⚠️,💀😭😞🕳️⚠️,💀🕳️😭⚠️😰,💀😭⚠️🕳️💔",1
42,"💀😭🕳️⚠️😔,💀😭🕳️⚠️😔,💀🕳️😭⚠️,💀💔😭⚠️🕳️,💀🕳️⚠️😭😔",0
42,"💀😭😞🕳️⚠️,💀🕳️😭⚠️,💀😭💔⚠️🕳️,💀⚠️🕳️😭😔,💀⚠️🕳️😰😭",1
42,"💀🕳️😭⚠️😰,💀😭⚠️🕳️💔,💀🕳️⚠️😭😔,💀⚠️🕳️😭🔪,💀🕳️😰😭⚠️",0
42,"💀😭⚠️🕳️💔,💀⚠️🕳️😭😔,💀⚠️🕳️😰😭,💀🕳️😰😭⚠️,😔🕳️",2
42,"💀🕳️⚠️😭😔,💀⚠️🕳️😰😭,💀🕳️😰😭⚠️,😔😢,💀🔪⚠️🕳️😭",0
42,"💀⚠️🕳️😰😭,💀🕳️😰😭⚠️,😔🕳️,💀🔪⚠️🕳️😭,💀🕳️😭⚠️🚨",0
42,"💀🕳️😰😭⚠️,😰😔💔⚠️,💀🔪🚨⚠️🕳️,💀🕳️😭⚠️🚨,😔💔",0
42,"😔😢,💀🔪⚠️🕳️😭,💀🕳️😭⚠️🚨,😔💔,💀😭🕳️⚠️😔",1
42,"💀🔪🚨🕳️😭,💀😰🕳️😭⚠️,😔💔,💀😭🕳️⚠️😔,💀🕳️😭⚠️🩸",1
42,"💀🕳️😭⚠️,😔💔,💀😭🕳️⚠️😔,💀🕳️😭⚠️🩸,💀😭🕳️⚠️😔",1
42,"😔💔,💀😭🕳️⚠️😔,💀🕳️😭⚠️🩸,💀😭🕳️⚠️😔,💀😔💔🕳️😭",1
42,"💀😭🕳️⚠️😔,💀🕳️😭⚠️🩸,💀😭🕳️⚠️😔,💀😔🕳️😭⚠️,💀😔🕳️😭⚠️",0
42,"💀🕳️😭⚠️🩸,💀😭🕳️⚠️😔,💀😔🕳️😭⚠️,💀😔🕳️😭⚠️,💀🕳️😭😔💔",1
42,"💀😭🕳️⚠️😔,💀😔🕳️😭⚠️,💀😔🕳️😭⚠️,💀🕳️😭😔💔,💀🕳️😭😔💔",1
42,"💀😔💔🕳️😭,💀😔🕳️😭⚠️,💀😭🕳️⚠️😔,💀🕳️😭😔💔,💀😔🕳️😭⚠️",1
44,"💀🕳️⚠️😭😔,💀🕳️⚠️😭💊,💀⚠️🕳️😭,💀🕳️⚠️😭🔪,💀🔪⚠️🕳️😭",3
44,"💀🕳️😭⚠️,💀🕳️⚠️😭🔪,💀🕳️⚠️😭🔪,💀🔪⚠️🕳️😭,💀🕳️⚠️😭🔪",3
44,"💀🕳️⚠️😭🔪,💀⚠️🕳️😭🔪,💀🔪⚠️🕳️😭,💀🕳️⚠️😭🔪,💀🕳️⚠️🔪😭",3
44,"💀🕳️⚠️😭🔪,💀🔪⚠️🕳️😭,💀⚠️🕳️😭🔪,💀🕳️⚠️🔪😭,💀⚠️🕳️😭🔪",1
45,"💀💊😰🕳️,💀🕳️😭⚠️🩸,💀⚠️🕳️😭😔,💀🕳️😭⚠️🔪,💀🔪⚠️🕳️😭",1
45,"💀🕳️😭⚠️🩸,💀⚠️🕳️😭😔,💀🕳️😭⚠️🔪,💀🔪⚠️🕳️,💀🕳️😭⚠️",1
45,"💀⚠️🕳️😭😔,💀🕳️😭⚠️🔪,💀🔪⚠️🕳️,💀🕳️😭⚠️,💀😰🕳️😭⚠️",3
45,"💀🕳️😭⚠️🔪,💀🔪⚠️🕳️,💀🕳️😭⚠️💔,💀😰🕳️😭⚠️,💀🔪😭⚠️",1
45,"💀🔪⚠️🕳️,💀🕳️😭⚠️,💀😰🕳️😭⚠️,💀🔪🕳️😭,💀🕳️😰⚠️😭",0
45,"💀🕳️😭⚠️,💀😰🕳️😭⚠️,💀🔪🕳️😭,💀🔪😰⚠️🕳️,😔💔😢",0
45,"💀😰🕳️😭⚠️,💀🔪😭⚠️,💀🔪😰⚠️😭,😔💔😢,💀⚠️😭😔💔",1
45,"💀🔪😭⚠️,💀🔪😰⚠️🕳️,😔💔😢,💀🕳️😭⚠️🚨,💀🕳️😭😔⚠️",1
45,"💀🔪😰⚠️🕳️,😔💔😢,💀🕳️😭⚠️,💀🕳️😭😔⚠️,💀😭🕳️⚠️💊",1
45,"😔💔😢,💀⚠️😭😔💔,💀🕳️😭😔💔,💀🕳️😭⚠️😔,💀🔪🕳️😭",1
46,"💀💊🕳️🚨😭,💀⚠️🕳️😭🚨,💀😰⚠️🕳️😭,💀💊⚠️🕳️,💀💊🚨⚠️🕳️",2
46,"💀⚠️🕳️😭🚨,💀😰🕳️⚠️😭,💀💊⚠️🕳️,💀💊⚠️🕳️,💀💊⚠️😰🕳️",3
46,"💀😰⚠️🕳️😭,💀💊⚠️😰🕳️,💀💊⚠️🕳️,💀💊⚠️🕳️,💀💊🚨😭",2
46,"💀💊⚠️😰,💀💊⚠️🕳️,💀💊⚠️😰🕳️,💀💊🕳️🚨,💀🚨⚠️🕳️😭",0
46,"💀💊⚠️🕳️,💀💊⚠️🕳️,💀💊🚨😭,💀🚨⚠️🕳️😭,💀🕳️😭⚠️💔",2
46,"💀💊⚠️🕳️,💀💊🚨😭,💀🚨⚠️🕳️😭,💀🕳️😭⚠️👶,💀🕳️⚠️🚨😭",3
46,"💀💊🚨😭,💀🚨🕳️😭⚠️,💀🕳️😭⚠️💔,💀🕳️🚨🔪🚇,💀💊🚨😭",3
47,"💀⚠️🕳️😭🚨,💀🕳️⚠️,💀⚠️🕳️😭,💀🕳️⚠️,💀🕳️😰⚠️😭",0
47,"💀🕳️⚠️,💀⚠️🕳️😭,💀🕳️⚠️,💀🕳️😰⚠️😭,💀🕳️😭⚠️",0
47,"💀⚠️🕳️😭,💀🕳️⚠️😭🌑,💀🕳️😰⚠️😭,💀🕳️😭⚠️,💀🕳️😰⚠️😭",0
47,"💀🕳️⚠️,💀🕳️😰⚠️😭,💀🕳️😭⚠️,💀🕳️😰😭⚠️,😰🌑🕳️⚠️",0
47,"💀🕳️😰⚠️😭,💀🕳️😭⚠️,💀🕳️😰⚠️😭,😰🌑🕳️,💀⚠️🕳️",1
47,"💀🕳️😭⚠️,💀🕳️😰⚠️😭,😰🕳️💀,💀⚠️🕳️,💀⚠️🕳️😭🚨",1
47,"💀🕳️😰⚠️😭,😰🌑🕳️,💀⚠️🕳️,💀⚠️🕳️😭🚨,💀⚠️🕳️😰🚨",0
47,"💀🕳️😰,💀⚠️🕳️,💀⚠️🕳️😭,💀⚠️🕳️😰🚨,💀🕳️😰😔💔",0
47,"💀⚠️🕳️,💀⚠️🕳️😭🚨,💀⚠️🕳️😰🩸,💀🕳️😰😔💔,💀🕳️⚠️😭🌑",2
47,"💀⚠️🕳️😭🚨,💀⚠️🕳️😰🩸,💀🕳️😰😔💔,💀🕳️⚠️😭🌑,💀🔪🚨😭⚠️",0
47,"💀⚠️🕳️😰🚨,💀🕳️😰😔💔,💀🕳️⚠️😭🌑,💀🔪🚨😭⚠️,💀⚠️🕳️🚨😭",1
47,"💀🕳️😰😔💔,💀🕳️⚠️😭🌑,💀🔪🚨😭⚠️,💀⚠️🕳️🚨,💀🕳️😰⚠️😭",1
47,"💀🕳️⚠️😭🌑,💀🔪🚨😭⚠️,💀⚠️🕳️,💀😰🕳️😭⚠️,💀⚠️😭🕳️",0
47,"💀🔪🚨😭⚠️,💀⚠️🕳️🚨😭,💀🕳️😰😭⚠️,💀⚠️😭🕳️,💀⚠️🕳️😭",0
47,"💀⚠️🕳️🚨,💀🕳️😰😭⚠️,💀⚠️😭🕳️,💀⚠️🕳️😭,💀🕳️😭😔⚠️",1
47,"💀😰🕳️😭⚠️,💀⚠️😭🕳️,💀⚠️🕳️😭,💀🕳️😭⚠️,💀⚠️🕳️😭🚨",0
47,"💀⚠️😭🕳️,💀⚠️🕳️😭,💀🕳️😭⚠️,💀⚠️🕳️😭🚨,💀🕳️😭⚠️",2
47,"💀⚠️🕳️😭,💀🕳️😭😔⚠️,💀⚠️🕳️😭,💀🕳️😭⚠️,💀💊⚠️🕳️😰",1
47,"💀🕳️😭⚠️,💀⚠️🕳️😭,💀🕳️😰😔💔,💀💊⚠️🕳️😰,💀🕳️😰⚠️😭",0
47,"💀⚠️🕳️😭🚨,💀🕳️😰😔💔,💀💊⚠️🕳️😰,💀🕳️😰⚠️😭,💀😰⚠️😭🕳️",0
47,"💀🕳️😭⚠️,💀💊⚠️🕳️😰,💀🕳️😰⚠️😭,💀😰⚠️😭🕳️,💀🕳️⚠️😭🌑",0
47,💀🕳️⚠️😭🔪,2
47,💀🕳️⚠️😭🔪,0
47,💀🕳️⚠️😭🔪,0
47,💀🕳️⚠️😭🌑,0
47,💀🕳️⚠️😭🌑,0
47,"💀😴⚠️🕳️😭,💀⚠️🕳️😭🚨,😊😌✨,😔💔😢,💀⚠️🕳️😭",0
47,"💀⚠️🕳️😭🚨,😊😌✨,😔💔😢,💀⚠️🕳️😭,💀⚠️🕳️😭😰",0
47,"😊😌✨,😔💔😢,💀⚠️🕳️😭,💀⚠️🕳️😰😭,😔😕😅",0
47,"😔💔😢,💀⚠️🕳️😭,💀⚠️🕳️😰😭,😔💔😢,💀🕳️😭⚠️",0
47,"💀⚠️🕳️😭,💀⚠️😰🕳️😭,😔💔😢,💀🕳️⚠️,😔😕📉",0
47,"💀⚠️🕳️😰😭,😔💔😢,💀🕳️🚨😭,😔😕📅🎄,💀🕳️😰😔💔",0
47,"😔💔😢,💀🕳️⚠️,😔😕📉,💀🕳️😰😔💔,😔💔😢",0
47,"💀🕳️😭⚠️,😔😕📉,💀🕳️😰😔💔,😔💔😢,💀⚠️🌑🕳️",0
48,"😔⚠️🕳️,💀⚠️🕳️😭,💀⚠️🕳️😰⚰️,😔😷😩,💀⚠️🕳️😭",0
48,"💀⚠️🕳️😭,💀⚠️🕳️😰⚰️,😔😷😩,💀⚠️🕳️😭,💀⚠️🕳️",2
48,"💀⚠️🕳️😰⚰️,😔😷😩,💀⚠️🕳️😭,💀⚠️🕳️,💀🕳️😭⚠️🚨",0
48,"😔😷😩,💀⚠️🕳️😭🚨,💀⚠️🕳️,💀🕳️😭⚠️,💀☠️🕳️🚨💊",1
48,"💀⚠️🕳️😭🚨,💀⚠️🕳️,💀🕳️😭⚠️,💀💊⚠️🕳️🚨,💀⚠️🕳️😰🚨",0
48,"💀⚠️🕳️,💀🕳️😭⚠️🚨,💀☠️🕳️🚨💊,💀⚠️🕳️😰🚨,💀🕳️⚠️",0
48,"💀🕳️⚠️😭🌑,💀💊⚠️🕳️🚨,💀⚠️🕳️😰🚨,💀🕳️⚠️,💀⚠️🕳️😰😭",0
48,"💀☠️🕳️🚨💊,💀⚠️🕳️😭🚨,💀🕳️⚠️,💀⚠️🕳️😰😭,😔😟🕳️",0
48,"💀⚠️🕳️😰🚨,💀🕳️⚠️,💀⚠️🕳️😰🌑,😔😟🕳️,💀🕳️⚠️😭",0
48,"💀🕳️⚠️,💀⚠️🕳️😰😭,😔😟🕳️,💀🕳️⚠️😭,💀🕳️😰😭⚠️",0
48,"💀⚠️🕳️😰😭,😔😟🕳️,💀⚠️🕳️😭,💀🕳️😰⚠️😭,😔🌌🤔",0
48,💀🕳️⚠️😭🌑,0
48,💀🕳️😰🌑⚠️,0
48,💀⚠️🕳️😭😔,0
48,💀🕳️⚠️😭🌑,1
48,💀🕳️😭⚠️🚨,0
48,"🤔💭🏛️,💀⚠️🕳️😭,💀🕳️⚠️😭😔,💀🕳️😰😔💔,😊😌💪",0
51,"😔💔🕳️😭⚠️,💀🕳️⚠️😭🔪,💀💧🕳️😭⚠️,💀😭🔪🌑,💀🕳️😭😞⚠️",2
52,"💀🚨⚠️😭🔪,💀😰🕳️😭⚠️,💀🕳️😭⚠️,💀🔪💊🚨,😰🕳️⚠️😔💀",1
52,"💀😰🕳️😭⚠️,💀🕳️😭⚠️,💀🔪💊🚨,😰🕳️⚠️,💀🔪🚨⚠️😭",0
52,"💀🕳️😭⚠️,💀🔪💊🚨,😰🕳️⚠️,💀🔪🚨⚠️😭,💀🕳️⚠️",1
52,"💀🔪💊🚨,😰🕳️⚠️😔💀,💀🔪🚨🕳️,💀🕳️⚠️,💀😭⚠️🕳️",1
52,"😰🕳️⚠️😔💀,💀🔪🚨⚠️😭,💀🕳️⚠️,💀🚨😭🕳️⚠️,💀😭😞⚠️",0
52,"💀🔪🚨⚠️😭,💀🕳️⚠️,💀🚨😭🕳️⚠️,💀😭😞⚠️,⚠️🕳️😭",1
52,"💀🕳️⚠️,💀😭⚠️🕳️,💀😭😞⚠️,⚠️🕳️😭,💀⚠️🕳️😭🚨",0
52,"💀😭⚠️🕳️,💀😭😞⚠️,⚠️🕳️😭,💀⚠️🕳️😭,💀🕳️😭⚠️",0
52,"💀😭😞⚠️,⚠️🕳️😭,💀⚠️🕳️😭🚨,💀🕳️😭⚠️,💀🔪💊⚠️🚨",1
52,"⚠️🕳️😭,💀⚠️🕳️😭🚨,💀🕳️😭⚠️,💀🔪💊⚠️,💀🕳️😭⚠️",2
52,"💀⚠️🕳️😭,💀🕳️😭⚠️,💀🔪💊⚠️,💀🕳️😭⚠️,💀💊⚠️🕳️😰",1
53,"😭😔💀⚠️,💀🕳️😭💔⚠️,💀😭🕳️⚠️💔,💀🕳️😭⚠️😔,💀😭⚠️🕳️💔",0
53,"💀🕳️😭💔⚠️,💀😭🕳️⚠️💔,💀🕳️😭⚠️😔,💀🕳️😭⚠️🩸,💀🕳️😭⚠️😔",0
53,"💀😭🕳️⚠️💔,💀🕳️😭⚠️😔,💀😰🕳️😭⚠️,💀🕳️😭⚠️😔,💀🕳️😭⚠️😔",1
53,"💀🕳️😭⚠️😔,💀🕳️😭⚠️🩸,💀🕳️😭⚠️😔,💀🕳️😭⚠️😔,💀😭🕳️⚠️💔",0
53,"💀😞💔⚠️🕳️,💀🕳️😭⚠️😔,💀🕳️😭⚠️😔,💀😭🕳️⚠️💔,😔💔😢",0
53,"💀🕳️😭⚠️😔,💀🕳️😭⚠️😔,💀😭🕳️⚠️💔,😔💔😢,😔💔🕳️😭⚠️",0
54,💀🕳️⚠️😭😰,0
54,💀🕳️😰⚠️😭,0
54,💀🕳️😭⚠️😔,3
54,"😔💔😢,😔💔😞,😰😩😭⚠️💔,😔🌧️💧😴✨,💀🕳️😰😔⚠️",0
54,"😔💔😩,😰😔😩⚠️💀,😔🌧️💧😴✨,💀🕳️😰😔⚠️,😔💔😢",1
54,"😰😩😔⚠️💀,😔🌧️💧😴✨,💀🕳️⚠️😭😔,😔💔😢,💀🕳️😰😔💔",0
54,"😔💧🌧️😴💔,💀🕳️😰😔⚠️,😔💔😢,💀🕳️😰😔💔,😔💔😖😞⚠️",0
54,"💀🕳️😭⚠️😔,😔💔😢⚠️,💀🕳️😰😔💔,😔💔😖😞⚠️,😔💔🕳️⚠️",1
54,"😔💔😢⚠️,💀🕳️😔⚠️😭,😔💔😖⚠️🕳️,💀🕳️😭😔💔,💀😰🕳️😭⚠️",3
54,"💀🕳️😰😔💔,😔💔😖🕳️⚠️,💀🕳️😭😔💔,💀😰🕳️😭⚠️,💀🕳️⚠️😭🔪",0
56,"💀💊🌊🚨⚠️,💀🔪⚠️😭,😔💔🕳️,💀🕳️⚠️😭,💀🔪😭🚨",1
56,"💀🔪🚨😭,😔💔🕳️,💀🕳️⚠️😭,💀🔪😭🚨,💀😭⚠️",1
56,"😔💔😢🕳️,💀⚠️🕳️😭,💀🔪😭⚠️,💀😭⚠️💔😔,💀🕳️😭⚠️💊",0
56,"💀⚠️🕳️😭,💀🔪😭⚠️,💀😭⚠️,💀🕳️😭⚠️💊,💀😰🕳️😭⚠️",0
56,"💀🔪😭⚠️,💀😭⚠️💔😔,💀🕳️😭⚠️💊,💀😰🕳️😭⚠️,💀🕳️😭🚨⚠️",3
56,"💀😭😔💔,💀🕳️😭⚠️💊,💀😰🕳️😭⚠️,💀🕳️😭🚨⚠️,💀⚠️🚨🕳️😭",2
56,"💀🕳️😭⚠️💊,💀😰🕳️😭⚠️,💀🕳️😭⚠️🚨,💀⚠️🚨🕳️😭,💀⚠️😰🕳️😭",0
56,"💀😰🕳️😭⚠️,💀🕳️😭🚨⚠️,💀⚠️🚨🕳️😭,💀⚠️😰🕳️😭,💀⚠️🕳️😭",1
56,"💀🕳️😭🚨⚠️,💀⚠️🚨🕳️😭,💀⚠️😰🕳️😭,💀⚠️🕳️😭🚨,💀😭🌑🕳️⚠️",0
56,"💀⚠️🚨🕳️😭,💀⚠️😰🕳️😭,💀⚠️🕳️😭🚨,💀😭🌑💔⚠️,💀😔🕳️😭⚠️",0
56,"💀⚠️🕳️😭🚨,💀⚠️🕳️😭,💀😭🌑🕳️⚠️,💀😔🕳️😭⚠️,😔💔😢😞🕳️",0
56,"💀⚠️🕳️😭,💀😭🌑🕳️⚠️,💀🕳️😭😔💔,😔💔😢🕳️⚠️,😔💔😢😞",1
57,"💀😭😔💔,😔💔😢😞⚠️,💀🕳️😭😔💔,💀😭⚠️🕳️😖,😔💔😢",2
57,"😔💔😢😞🕳️,💀🕳️😭😔💔,💀😭⚠️🕳️😖,😔💔😢,💀🕳️😭⚠️🔪",0
57,"💀🕳️😭😔💔,💀😭⚠️🕳️😖,😔💔😢,💀🕳️😭🔪🚨,😔💔😢😞⚠️",1
57,"💀😭⚠️🕳️😖,😔💔😢,💀🕳️😭⚠️🔪,😔💔😢😞⚠️,💀😭🕳️⚠️💔",1
57,"😔💔😢,💀🕳️😭⚠️🔪,😔💔😢😞⚠️,💀😭🕳️⚠️😔,💀⚠️😭🕳️",0
57,"💀🕳️😭🔪🚨,😔💔😢😞⚠️,💀😭🕳️⚠️💔,💀🕳️😭⚠️,😰💀",1
57,"😔💔😢😞⚠️,💀😭🕳️⚠️💔,💀⚠️😭🕳️,😰💀,💀🕳️😭⚠️",2
57,"💀😭🕳️⚠️💔,💀🕳️😭⚠️,😰💀,💀🕳️😭⚠️,💀🌑😭⚠️",0
57,"💀⚠️😭🕳️,😰💀⚠️😭,💀🕳️😭⚠️,💀🌑😭⚠️,😔😟🤔📞💔",1
57,"😰💀,💀🕳️😭🚨,💀😭⚠️🕳️,😔😟😕,💀😭⚠️🕳️",1
57,"💀🕳️😭⚠️,💀😭⚠️🕳️,😔😟😕,💀😰🕳️😭,💀🕳️😭⚠️",1
57,"💀🌑😭⚠️,😔😟😕,💀😰🕳️😭,💀🕳️😭⚠️😔,💀🕳️😭⚠️",1
57,"😔🤔📞💔,💀😭⚠️🕳️,💀🕳️😭⚠️😔,💀🕳️😭⚠️,💀🕳️😭😔⚠️",2
57,"💀😰🕳️😭,💀🕳️😭⚠️😔,💀🕳️😭⚠️,💀🕳️😭😔⚠️,💀🔪⚠️🕳️",1
57,"💀🕳️😭⚠️😔,💀😭⚠️🕳️,💀🕳️😭😔⚠️,💀🔪⚠️🕳️,😔💔😞⚠️🕳️",1
57,"💀🕳️😭⚠️,💀🕳️😭😔⚠️,💀🔪⚠️🕳️,😔💔😢😞⚠️,💀🕳️😭💔⚠️",1
57,"💀🕳️😭😔💔,💀🔪⚠️🕳️,💀🕳️😭😔💔,💀🕳️😭💔⚠️,💀🕳️😭⚠️",1
57,"💀🔪⚠️🕳️,😔💔😞⚠️🕳️,💀🕳️😭💔⚠️,💀🕳️😭⚠️💔,💀😭🕳️⚠️😔",2
57,"😔💔😢😞⚠️,💀🕳️😭💔⚠️,💀🕳️😭⚠️,💀😭🕳️💔⚠️,💀⚠️🔪🪦😰",0
57,"💀🕳️😭💔⚠️,💀🕳️😭⚠️💔,💀😭🕳️💔⚠️,💀⚠️🪦😰🕳️,😭😔⚠️",1
57,"💀🕳️😭⚠️💔,💀😭🕳️💔⚠️,💀⚠️🔪🪦😰,😰😔💔⚠️,💀⚠️🕳️😭",0
57,"💀😭🕳️💔⚠️,💀⚠️🪦😰🕳️,😭😔⚠️,💀⚠️🕳️😭,😔💔😞",1
57,"💀⚠️🪦😰🕳️,😰😔💔⚠️,💀⚠️🕳️😭,😔💔😞,💀😭🕳️⚠️",0
57,"😰😔💔⚠️,💀⚠️🕳️😭,😔💔😞,💀😭🕳️⚠️🚨,😔💔😢⚠️",0
57,"💀⚠️🕳️😭,😔💔😞,💀😭🕳️⚠️🚨,😔💔😢⚠️,💀🕳️😭🌑",0
57,"😔💔😞,💀😭🕳️⚠️🚨,😔💔😢,💀🕳️😭🌑,😔💔😢",0
57,"💀😭🕳️⚠️🚨,😔💔😢⚠️,💀🕳️😭🌑,😔💔😢,💀🕳️😰😭⚠️",1
57,"😔💔😢⚠️,💀🕳️😭😰⚠️,😔💔😢,💀🕳️😰,💀😭🔪🌑",1
57,"💀🕳️😭🌑,😔💔😢,💀🕳️😰😭,💀😭🔪🌑,💀🕳️😭😞⚠️",2
57,"😔💔😢,💀🕳️😰😭⚠️,💀😭🔪🌑,💀🕳️😭⚠️😔,💀⚠️😭🕳️",2
57,"💀🕳️😰😭,💀😭🔪🌑,💀🕳️😭⚠️😔,💀⚠️😭🕳️,💀🔪🩸🕳️",2
58,"💀🕳️😰😭⚠️,💀🕳️😭⚠️😖,💀😭🕳️⚠️😔,💀🕳️😭🔪⚠️,💀😭🕳️⚠️🔪",2
58,"💀🕳️⚠️😭😰,💀😭🕳️⚠️😔,💀🕳️😭⚠️🔪,💀😭🕳️⚠️🔪,💀😭🕳️🔪",0
58,"💀😭🕳️⚠️😔,💀🕳️😭⚠️🔪,💀😭🕳️⚠️,💀😭🕳️🔪,💀😭🕳️⚠️😔",0
58,"💀🕳️😭🔪🚨,💀😭🕳️⚠️🔪,💀😭🕳️🔪,💀😭🕳️⚠️😔,💀🕳️😭⚠️😖",0
58,"💀😭🕳️⚠️,💀😭🕳️🔪,💀😭🕳️⚠️😔,💀🕳️😭⚠️😖,💀⚠️🕳️😭🔪",3
58,"💀😭🕳️🔪,💀😭🕳️⚠️😔,💀🕳️😭⚠️😖,💀⚠️🕳️😭🔪,💀⚠️🕳️😭",3
58,"💀😭🕳️⚠️😔,💀🕳️😭⚠️😖,💀⚠️🕳️😭🔪,💀⚠️🕳️😭,💀⚠️🕳️😭🔪",1
58,"💀🕳️😭⚠️😖,💀⚠️🕳️😭🔪,💀⚠️🕳️😭,💀⚠️🕳️😭🔪,💀😭⚠️🕳️",0
58,"💀⚠️🕳️😭🔪,💀⚠️🕳️😭,💀⚠️🕳️😭🔪,💀😭⚠️🕳️,💀🕳️😭⚠️😔",1
58,"💀⚠️🕳️😭,💀🕳️⚠️😭🔪,💀😭⚠️🕳️,💀🕳️😭⚠️😔,💀⚠️🕳️😭🚨",1
58,"💀🕳️⚠️😭🔪,💀😭⚠️🕳️,💀🕳️😭⚠️😔,💀🕳️⚠️😭🚨,💀⚠️🕳️😰🚨",2
58,"💀😭⚠️🕳️,💀🕳️😭😰⚠️,💀⚠️🕳️😰😭,💀⚠️🕳️😰🚨,💀🕳️🔪😭",2
58,"💀🕳️😭😰⚠️,💀🕳️⚠️😭🚨,💀⚠️🕳️😰🚨,💀🕳️🔪😭,💀⚠️🕳️😭🔪",3
58,"💀⚠️🕳️😭🚨,💀⚠️🕳️😰🚨,💀🕳️🔪😭,💀⚠️🕳️😭,💀💊🕳️😵",3
58,"💀⚠️🕳️😰🚨,💀🕳️🔪😭,💀🕳️😭⚠️🚨,💀💊🕳️🚨,💀🕳️⚠️🔪💊",2
58,"💀🕳️🔪😭,💀⚠️🕳️😭,💀💊🕳️😵,💀🕳️⚠️🔪💊,💀🕳️⚠️🔪",0
58,"💀⚠️🕳️😭🚨,💀💊🕳️😵,💀🕳️🚨🔪💊,💀⚠️🔪🕳️,💀⚠️🕳️😭",0
58,"💀💊🕳️😵,💀🕳️⚠️🔪💊,💀⚠️🔪🪦😰,💀⚠️🕳️😭,💀⚠️🕳️😭🚨",2
58,"💀🕳️⚠️🔪💊,💀⚠️🔪🕳️,💀⚠️🕳️😭,💀⚠️🕳️😭🚨,💀⚠️🚨😭🕳️",2
58,"💀⚠️🔪🕳️😭,💀⚠️🕳️😭,💀⚠️🕳️😭🚨,💀⚠️🚨😭🕳️,💀⏳🕳️😭",3
58,"💀⚠️😭🕳️,💀⚠️🕳️😭🚨,💀⚠️🕳️😭🚨,💀⚠️🕳️😭,💀⚠️🕳️😭",1
58,"💀⚠️🕳️😭,💀⚠️🚨😭🕳️,💀⚠️🕳️😭,💀⚠️🕳️😭,💀😰🔪😭⚠️",2
58,"💀⚠️🚨😭🕳️,💀⏳🕳️😭,💀⚠️🕳️😭🚨,💀😰🔪😭⚠️,💀🕳️🚨😭🔪",2
58,"💀⏳🕳️😭,💀⚠️🕳️😭,💀😰🔪😭⚠️,💀🕳️🚨😭⚠️,💀🔪⚠️😭",2
58,"💀⚠️🕳️😭,💀😰🔪😭⚠️,💀🕳️🚨😭🔪,💀🔪⚠️😭,💀🔪🚨😭⚠️",3
58,"💀😰🔪😭⚠️,💀🕳️🚨😭🔪,💀🔪⚠️😭,💀🔪🩸🚨😭,💀🔪🚨⚠️😭",1
58,"💀🕳️🚨😭⚠️,💀🔪⚠️😭,💀🔪🚨😭⚠️,💀🔪🚨⏰😭,💀🕳️😭⚠️",1
58,"💀🔪⚠️😭,💀🔪⚠️😭,💀🔪🚨⚠️😭,💀⚠️😭🕳️😔,💀🕳️😭⚠️💔",2
58,"💀🔪🚨😭⚠️,💀🔪🚨⏰😭,💀🕳️😭⚠️,💀🕳️😭⚠️💔,💀⚠️🔪😭",2
58,"💀🔪🚨⏰😭,💀🕳️😭⚠️,💀🕳️😭⚠️💔,💀⚠️🔪😭,💀💊🚨⚠️😭",0
58,"💀😰🕳️😭⚠️,💀🕳️😭⚠️💔,💀🔪🚨⚠️😭,💀💊🚨⚠️😭,💀⚠️🕳️😭🚨",0
58,"💀🕳️😭⚠️💔,💀🚨⚠️😭🔪,💀💊🚨⚠️😭,💀⚠️🕳️😭🚨,💀⚠️🕳️😭",2
58,"💀🚨⚠️😭🔪,💀💊🚨⚠️😭,💀⚠️🕳️😭🚨,💀⚠️🕳️😭,💀⚠️🪦😭",3
58,"💀💊🚨⚠️😭,💀⚠️🕳️😭🚨,💀⚠️🕳️😭,💀⚠️🕳️😭,💀🔪⚠️😭🕳️",3
58,"💀⚠️🕳️😭🚨,💀⚠️🕳️😭,💀⚠️🕳️😭,💀🔪⚠️😭🕳️,💀🔪⚠️🕳️😭",2
58,"💀⚠️🕳️😭🚨,💀⚠️🕳️😭,💀🔪⚠️😭🕳️,💀🔪⚠️🕳️😭,💀💊🚨⚠️😭",1
58,"💀⚠️🕳️😭,💀🔪🚨⚠️😭,💀🔪⚠️🕳️😭,💀💊🚨⚠️😭,💀⚠️🕳️😭",2
58,"💀🔪⚠️😭🕳️,💀🔪⚠️🕳️😭,💀💊🚨⚠️😭,💀⚠️🕳️😭,💀⚠️🕳️😭🚨",1
58,"💀🔪⚠️🕳️😭,💀💊🚨⚠️😭,💀⚠️🕳️😭,💀⚠️🕳️😭🚨,💀😰🕳️😭⚠️",1
58,"💀💊🚨⚠️😭,💀⚠️🕳️😭,💀⚠️🕳️😭🔪,💀😰🕳️😭⚠️,💀🕳️⚠️😭",0
58,"💀⚠️🕳️😭,💀⚠️🕳️😭🔪,💀😰🕳️😭⚠️,💀🕳️⚠️😭,😔💔😭⚠️",0
58,"💀⚠️🕳️😭🔪,💀😰🕳️😭⚠️,💀🕳️⚠️😭,😔💔😭⚠️,💀😰⚠️😭🕳️",0
58,"💀😰🕳️😭⚠️,💀⚠️🕳️😭,😔💔😭⚠️,💀⚠️😰🕳️😭,💀🔪😰⚠️🕳️",1
58,"💀🕳️⚠️😭,😔💔😭⚠️,💀😰⚠️😭🕳️,🔪😰💥⚠️💀,💀🔪😭⚠️",0
58,"😔💔😭⚠️,💀😰🕳️😭⚠️,🔪😰⚠️💥😵,💀🔪⚠️😭,💀😰🕳️😭⚠️",0
58,"💀😰🕳️😭⚠️,🔪😰💥⚠️💀,💀🔪⚠️😭,💀😰🕳️😭⚠️,😰💔😔⚠️",0
58,"🔪😰⚠️💀🕳️,💀🔪😭⚠️,💀😰🕳️😭⚠️,😰😵⚠️💔😔,🔪😭⚠️💀",1
58,"💀😭🔪⚠️,💀😰🕳️😭⚠️,😰💔😔⚠️,🔪😭⚠️💀,💀😭🔪💔⚠️",0
58,"💀😰🕳️😭⚠️,😰💔😔⚠️,🔪😭⚠️💀,💀😭🔪💔⚠️,💀😭🩸⚠️",0
58,"😰💔😔⚠️,🔪😭⚠️💀,💀😭🔪💔⚠️,💀😭🩸⚠️,💀😭🕳️⚠️💔",0
58,"🔪😭⚠️💀,💀😭🔪💔⚠️,💀🩸😭⚠️🕳️,💀😭🕳️⚠️💔,😔💔😢",0
58,"💀😭🔪💔⚠️,💀😭🩸⚠️,💀🕳️😭⚠️💔,😔💔😢,🔪😭⚠️💔",0
58,"💀😭🩸⚠️,💀😭🕳️⚠️💔,😔💔😢,🔪😭⚠️💔,😰⚠️😭💀",0
58,"💀😭🕳️⚠️💔,😔💔😢,🔪😭⚠️💔,😰⚠️💀🕳️,😰💀🕳️😭",0
58,"😔💔😢,🔪😭⚠️💔,😰⚠️😭💀,😰💀🕳️😭,💀😭⚠️🕳️",0
58,"🔪😭⚠️💔,😰⚠️😭💀,😰💀🕳️😭,💀😭⚠️🕳️,💀😔💔🕳️😭",0
58,"😰⚠️😭💀,😰💀🕳️😭,💀😭⚠️🕳️,💀😔💔🕳️😭,😔💊🕳️",1
58,"😰💀🕳️😭,💀😭⚠️🕳️,💀🕳️😭😔💔,😔💊🕳️,💊😰🕳️😭",0
58,"💀😭⚠️,💀😔💔🕳️😭,😔💊🕳️,💊😰🕳️😭,🩸💀😰⚠️😭",0
58,"💀😔💔🕳️😭,😔💊🕳️,💊😰🕳️😭,🩸😰💀⚠️😭,💀😰🕳️😭⚠️",0
58,"😔💊🕳️,💊😰🕳️😭,🩸😰💀⚠️🚨,💀🕳️😰😭⚠️,💀⚠️😰🕳️😭",3
58,"💊😰🕳️😭,🩸😰💀⚠️🚨,💀😰🕳️😭⚠️,💀⚠️😰🕳️😭,💀💊🔪😭",1
58,"🩸😰💀⚠️😭,💀😰🕳️😭⚠️,💀⚠️😰🕳️😭,💀💊🔪😭,💀🔪😰⚠️",1
58,"💀😰🕳️😭⚠️,💀⚠️😰🕳️😭,💀💊🔪😭,💀🔪😰⚠️,💀🔪😭⚠️",0
58,"💀⚠️😰🕳️😭,💀💊🔪😭,💀🔪😰⚠️,💀🔪😭⚠️,💀😭💔⚠️",0
58,"💀💊🔪😭,💀🔪😰⚠️,💀🔪😰🕳️,💀💔😭⚠️,😔💔😢",0
58,"💀🔪😰⚠️,💀🔪😰🕳️,💀😭💔⚠️,😔💔😢,😭😔😞💔🕳️",1
58,"💀🔪😰🕳️,💀😭💔⚠️,😔💔😢,😭😔💔,💀😭⚠️🕳️",3
58,"💀😭💔⚠️😔,😔💔😢,😭😔😞💔🕳️,💀😭⚠️🕳️,💀⚠️🕳️😭🚨",0
59,"💀🕳️😭⚠️🔪,💀🕳️😰😭⚠️,💀🕳️😭🌑,💀🕳️⚠️😭🔪,💀🕳️😭😔⚠️",1
59,"💀🕳️😭⚠️😖,💀🕳️😭🌑,💀🕳️⚠️😭🔪,💀🕳️😭😔⚠️,💀🔪😭🚨",1
59,"💀🕳️😭🌑,💀🕳️⚠️😭🔪,💀🕳️😭😔💔,💀🔪😭🚨,😔💔😞🕳️⚠️",2
59,"💀🕳️⚠️😭🔪,🕳️😭😔💀⚠️,💀🔪😭🚨,😔💔😞🕳️⚠️,💀⚠️🕳️😭",1
59,"💀🕳️😭😔⚠️,💀🔪😭🚨,😔💔😞🕳️⚠️,💀⚠️🕳️😭🚨,💀🔪😰🕳️⚠️",1
59,"💀🔪😭🚨,😔💔😞🕳️⚠️,💀⚠️🕳️😭,💀🔪😰🕳️⚠️,💀⚠️🕳️😭🔪",1
60,"💀😭⚠️😔💔,⚠️🚨💀🔪💥,😔🕳️💀,💀💊🚨😭⚠️,😔💔",0
60,"⚠️💀🔪🚨😡,😔🕳️😰💔,💀💊🚨😭⚠️,😔💔,😔😴😕",0
60,"😔🕳️💀,💀💊🚨😭⚠️,😔💔,😔😴😕,😔😟😖",0
60,"💀💊🚨😭⚠️,😔💔,😔😴😕,😔😰🕳️,😔💔🕳️😭⚠️",0
60,"😔💔,😔😴😕,😔😰🕳️,😔💔🕳️😭⚠️,🕳️💀😰😔⚠️",0
60,"😔😴😕,😔😰🕳️,😔💔🕳️😭⚠️,🕳️😰😔💀⚠️,💀⚠️🕳️😭",0
60,"😔😟😕,😔💔🕳️😭⚠️,🕳️😔💀,💀⚠️🕳️😭🚨,💀⚠️🕳️😭🚨",0
60,"😔💔🕳️😭⚠️,🕳️😰💀😔⚠️,💀⚠️🕳️😭,💀⚠️🕳️😭🚨,😠💀⚠️",0
60,"🕳️😔💀⚠️,💀⚠️🕳️😭,💀⚠️🕳️😭🚨,😠🤬💀⚠️,😔⚠️",0
60,"💀⚠️🕳️😭,💀⚠️🕳️😭🚨,😠💀⚠️,😔⚠️,💀🔪⚠️😭🕳️",0
60,"💀⚠️🕳️😭🚨,😠💀⚠️,😔⚠️,💀🔪🕳️😭⚠️,😰💊😔⚠️",0
60,"😠💀⚠️,😔⚠️,💀🔪🕳️😭⚠️,😰💊😔⚠️,😔🤢💔",0
60,"😔⚠️,💀🔪🕳️😭⚠️,😰💊😔⚠️,😔🤢💔😞⚠️,😔😖⚠️",0
60,"💀🔪🕳️😭⚠️,😰💊⚠️😔💔,😔🤢💔😞,😔😖⚠️,😔💔😢",0
60,"💊😰😔⚠️,😔🤢💔😞⚠️,😔😖⚠️,😔😩😖,💊😔😕",0
60,"😔🤢💔,😔😩⚠️,😔😩😖,💊😔😖,😔💔",0
60,"😔😩⚠️,😔😩😖,💊😔😖,😰🕳️😭,💀⚠️🕳️",0
60,"😔😖😩,💊😔😖,😰🕳️,💀⚠️🕳️,😰🕳️",0
60,"💊😔😖,😰🕳️,💀⚠️🕳️,😔💔,😔😢😞💔",0
60,"😰🕳️😭,💀⚠️🕳️,😰🕳️,😔💔😢,😊😌💪",0
60,"💀⚠️🕳️,😰🕳️,😔💔😢,😊😌💪,😔😖😞",0
60,"😰🕳️😭,😔💔😢,😊😌💪,😔😖😞,😔😩😞",0
60,"😔😢😞💔,😊😌💪,😔😖😞,😔😩😞,😔💔😢",1
60,"😊😌💪,😔😖😞,😔😩😞,😔💔😢,💀🕳️😭⚠️",0
60,"😔😖😞,😔😩😞,😔💔😢,💀🕳️😭⚠️,💊💀⚠️😰🕳️",2
60,"😔😩😞,😔💔😢,💀🕳️😭⚠️,💊💀⚠️😰🕳️,💀💊⚠️😰🕳️",1
60,"😔💔😢,💀🕳️😭⚠️,💊💀⚠️😰🕳️,💀💊⚠️😰🕳️,💀😰😭⚠️",0
60,"💀🕳️😭⚠️,💊💀⚠️😰🕳️,💀💊⚠️😰🕳️,💀😰⚠️😭😔,😔💀⚠️",0
60,"💊💀⚠️😰🕳️,💀💊⚠️😰🕳️,💀😰😭⚠️💔,😔💀🕳️,😔💔😢",0
60,"💀💊⚠️😰🕳️,💀😰⚠️😭😔,😔💀⚠️,😔💔😢,😔😰🕳️⚠️",0
60,"💀😰😭⚠️💔,😔💀🕳️,😔💔😢,😔😰🕳️⚠️,😔💔😞",0
62,"💀😔😭⚠️,💀⚠️😭🕳️🔪,😭🕳️😔💔,💀😭🕳️⚠️🔪,💀🕳️🚨⚠️😭",2
62,"💀⚠️🕳️😭💊,😭😔🕳️⚠️,💀😭🕳️⚠️🔪,💀🕳️🚨⚠️😭,💀📝⚠️😰🕳️",2
63,"💀🕳️😭😔💔,💀😔🕳️😭⚠️,😭😔💔⚠️,😔💔😞🕳️⚠️,💀😔🕳️⚠️😭",0
63,"💀😔🕳️😭⚠️,😭💔😔⚠️💀,😔💔🕳️😭⚠️,💀😔🕳️⚠️😭,😔💔🕳️😭⚠️",2
63,"😭💔😔🕳️,😔💔😞🕳️⚠️,💀😔🕳️⚠️😭,😔💔😢🕳️⚠️,💀🕳️⚠️😭🌑",2
63,"😔💔😞🕳️⚠️,💀😔🕳️⚠️😭,😔💔🕳️😭⚠️,💀🕳️⚠️😭🌑,💀💊⚠️😭😔",0
64,"💀🕳️🔪🚨😭,💀😭🕳️⚠️😖,💀😭🕳️⚠️😔,💀😭🕳️⚠️😰,💀🕳️😭😔⚠️",2
65,"💀🕳️😭⚠️💔,,💀😭🔪🕳️,💀🕳️😰😭⚠️,💀😰🕳️😭⚠️",1
65,",💀😭🔪🕳️,💀🕳️😰😭⚠️,💀😰🕳️😭⚠️,💀🕳️🚨😭🔪",1
65,"💀😭🔪🕳️,💀🕳️😰😭⚠️,💀😰🕳️😭⚠️,💀🕳️😭🔪🚨,💀🕳️😭⚠️",1
65,"💀🕳️😰😭⚠️,💀😰🕳️😭⚠️,💀🕳️😭🚨🔪,💀🕳️😭⚠️,💀🕳️😰😭⚠️",2
65,"💀😰🕳️😭⚠️,💀🕳️🚨😭🔪,💀🕳️😭⚠️,💀🕳️😰😭⚠️,💀⚠️🕳️🚨🩸",2
65,"💀🕳️🚨😭🔪,💀🕳️😭⚠️,💀🕳️😰😭⚠️,💀🕳️🚨⚠️💊,💀📦⚠️🕳️😭",1
65,"💀🕳️😭⚠️,💀🕳️😰😭⚠️,💀🕳️🚨⚠️⚰️,💀📦⚠️😭🕳️,💀☠️😰⚠️😭",1
65,"💀🕳️😰😭⚠️,💀⚠️🕳️🚨🩸,💀📦⚠️😭🕳️,💀☠️😰🕳️🚨,💀⚠️🕳️😭🚨",1
66,"💀🕳️😭😔⚠️,😔💔🕳️😭⚠️,💀🔫⚠️😭🌑,💀😭🕳️⚠️😔,💀😭⚠️🕳️",1
66,"😔💔🕳️😭⚠️,💀🔫⚠️😭🌑,💀😭🕳️⚠️😔,💀😭⚠️🕳️,💀🕳️😭⚠️😔",1
66,"💀🔫⚠️😭🌑,💀😭🕳️⚠️😔,💀😭⚠️🕳️😔,💀🕳️😭⚠️😔,💀⚠️🔪🕳️😰",1
66,"💀😭🕳️⚠️😔,💀😭⚠️🕳️,💀🕳️😭⚠️😔,💀⚠️🔪🕳️😭,💀🔪😭⚠️",0
66,"💀😭⚠️🕳️😔,💀🕳️😭⚠️😔,💀⚠️🔪🕳️,💀🔪😭⚠️,💀😭🕳️⚠️😖",1
66,"💀🕳️😭⚠️😔,💀⚠️🔪🕳️😭,💀🔪😭⚠️,💀😭🕳️⚠️😖,💀😭🕳️⚠️😔",1
66,"💀⚠️🔪🕳️😭,💀🔪😭⚠️,💀😭🕳️⚠️😰,💀😭🕳️⚠️😔,💀😭😔🕳️⚠️",1
66,"💀🔪😭⚠️,💀😭😰🕳️⚠️,💀😭🕳️⚠️😔,💀😰🕳️😭⚠️,💀😭🕳️⚠️😖",0
66,"💀😭😰🕳️⚠️,💀😭🕳️⚠️😔,💀😭😔🕳️⚠️,💀😭🕳️⚠️😖,💀😭💔😔⚠️",1
66,"💀😭🕳️⚠️😔,💀😰🕳️😭⚠️,💀😭🕳️⚠️😖,💀😭💔😞⚠️,💀🕳️😭⚠️😔",0
66,"💀😔😭⚠️🕳️,💀😭🕳️⚠️😖,💀😭🕳️💔⚠️,💀🕳️😭⚠️😔,😭💔😔⚠️",0
66,"💀😭🕳️⚠️😖,💀😭💔😞⚠️,💀🕳️😭⚠️😔,😭💔😔⚠️,💀😭🕳️⚠️🔪",1
66,"💀😭💔⚠️😔,💀🕳️😭⚠️😔,😭💔😔⚠️,💀😭🕳️⚠️🔪,💀🕳️😭⚠️🚨",1
66,"💀🕳️😭⚠️😔,😭💔😔⚠️,💀😭🕳️⚠️🔪,💀🕳️😭⚠️,💀😔🕳️😭⚠️",3
66,"😭💔😔⚠️,💀😭🕳️⚠️🔪,💀🕳️😭⚠️🚨,💀🕳️😭😔💔,💀💊😭🌑",0
66,"💀😭🕳️⚠️🔪,💀🕳️😭⚠️,💀😔🕳️😭⚠️,💀💊😰🕳️😭,😔💔😞🕳️⚠️",2
66,"💀🕳️😭⚠️🚨,💀😔🕳️😭⚠️,💀💊⚠️😭🕳️,😔💔😞🕳️⚠️,💀💊😭🕳️⚠️",1
66,"💀🕳️😭😔💔,💀💊😭🌑,😔💔😞🕳️⚠️,💀💊😭🕳️🚨,💀😭🕳️⚠️💊",0
66,"💀💊😰🕳️😭,😔💔😞🕳️⚠️,💀💊😭🕳️🚨,💀😭🕳️⚠️💊,💀🕳️😭😔⚠️",1
66,"😔😞😖🕳️⚠️,💀💊😭🕳️🚨,💀😭🕳️⚠️🩸,💀🕳️😭⚠️😔,💀🕳️😭⚠️🩸",1
66,"💀💊😭🕳️🚨,💀😭🕳️⚠️🩸,💀🕳️😭😔⚠️,💀🕳️😭⚠️🩸,💀🕳️😰😭⚠️",1
66,"💀😭🕳️⚠️💊,💀🕳️😭😔⚠️,💀🕳️😭⚠️🩸,💀🕳️😰😭⚠️,💀🕳️😭⚠️🩸",1
66,"💀🕳️😭😞⚠️,💀🕳️😭⚠️🩸,💀🕳️😰😭⚠️,💀🕳️😭⚠️🩸,💀😭⚠️🕳️🩸",0
66,"💀🕳️😭⚠️🩸,💀🕳️😰😭⚠️,💀🕳️😭⚠️🩸,💀😭⚠️🕳️🩸,😔💔😭😞⚠️",0
66,"💀🕳️😰😭⚠️,💀🕳️😭⚠️🩸,💀😭⚠️🕳️🩸,😔💔😭😞⚠️,😔💔😡",1
66,"💀🕳️😭⚠️🩸,💀😭⚠️🕳️🩸,😔💔😭⚠️🕳️,😔💔😡😞😖,💀😔🕳️😭⚠️",2
66,"💀😭⚠️🕳️🩸,😔💔😭😞⚠️,😔💔😡😞😖,💀😔🕳️😭⚠️,💀💊🚨🕳️😭",1
66,"😔💔😭⚠️🕳️,😔💔😖😩⚠️,💀😔🕳️😭⚠️,💀💊🚨🕳️😭,💀😰🕳️😭⚠️",1
66,"😔💔😡😞😖,💀😔🕳️😭⚠️,💀💊🚨⚠️🕳️,💀😰🕳️😭⚠️,💀⚠️🕳️😭🔪",1
66,"💀😔🕳️😭⚠️,💀💊🚨🕳️😭,💀😰🕳️😭⚠️,💀📝⚠️😭🕳️,💀😭⚠️🕳️💔",0
66,"💀💊🚨🕳️😭,💀😰🕳️😭⚠️,💀📝⚠️😭🕳️,💀😭⚠️🕳️💔,💀🕳️😭😔⚠️",0
66,"💀😰🕳️😭⚠️,💀⚠️🕳️😭🔪,💀😭⚠️🕳️💔,💀🕳️😭😔⚠️,💀🕳️😭⚠️😔",0
66,"💀📝⚠️😭🕳️,💀😭⚠️🕳️💔,💀🕳️😭😔⚠️,💀🕳️😭⚠️😔,😔💔🕳️😭⚠️",0
66,"💀😭⚠️🕳️💔,💀🕳️😭😔⚠️,💀🕳️😭⚠️😔,😔💔🕳️😭⚠️,😔💔😡",1
67,"💀🕳️😭😔💔,😭😔💔,😔💔😞🕳️😭,😔😞🕳️⚠️,💊😔⚠️",1
67,"😭😔💔,😔💔😞🕳️😭,😔😞🕳️⚠️,💊😔⚠️,💀😭🕳️⚠️😔",0
67,"💀🕳️😭😔💔,😔😞🕳️⚠️,💊😔⚠️,💀🕳️😭😔⚠️,😔💔😞",1
67,"😔😞🕳️⚠️,💊😔⚠️,💀😭🕳️⚠️😔,😔💔😞,💀🕳️😭⚠️💔",0
67,"💊😔⚠️,💀🕳️😭😔⚠️,😔💔😞,💀😔🕳️💔😭,😔💔😞",1
68,"💀🕳️😭⚠️😔,💀😔🕳️😭⚠️,💀😭🔪⚠️🕳️,💀🕳️😭😔⚠️,💀😔🕳️😭⚠️",1
68,"💀😔🕳️😭⚠️,💀🔪😭⚠️🕳️,💀🕳️😭😔⚠️,💀🕳️😭😰⚠️,💀😭🕳️⚠️💊",1
68,"💀😭🔪⚠️🕳️,💀🕳️😭😔⚠️,💀😔🕳️😭⚠️,💀😭🕳️⚠️💊,💀😔🕳️😭⚠️",1
68,"💀🕳️😭😔💔,💀🕳️😭😔⚠️,💀😭🕳️⚠️💊,💀😔🕳️😭⚠️,💀🔪😰🕳️⚠️",1
68,"💀😔🕳️😭⚠️,💀😭🕳️⚠️💊,💀😔🕳️😭⚠️,💀🔪😰🕳️😭,💀😭🕳️⚠️💊",1
68,"💀😭🕳️⚠️💊,💀🕳️😭😔⚠️,💀🔪🕳️😭⚠️,💀😭🕳️⚠️💊,💀😭🕳️⚠️😫",1
68,"💀😔🕳️😭⚠️,💀🔪😰🕳️😭,💀😭🕳️⚠️😖,💀😭🕳️⚠️😖,💀🕳️😭😞⚠️",3
68,"💀🔪😰🕳️😭,💀🕳️😭⚠️😖,💀😭🕳️⚠️😖,💀🕳️😭😞⚠️,💀😭🕳️⚠️😖",3
69,"💀😰🕳️😭⚠️,😭😰😔💔⚠️,💀🕳️😭⚠️😔,💀⚠️🕳️😭,💀🕳️😭",1
70,"😭😰⚠️😔💔,💀😭😔⚠️💔,💀😰🕳️😭😔,💀😭😔⚠️🕳️,😔💀😰🕳️😭",1
70,"💀😭😔⚠️💔,💀😰🕳️😭😔,💀😭😔⚠️🕳️,😔💀😰🕳️😭,😭😔💔⚠️",1
70,"💀😰🕳️😭😔,💀😭😔⚠️🕳️,😔💀😰🕳️😭,😭😔💔⚠️,💀😭😔⚠️💔",1
70,"💀😭😔⚠️🕳️,😔💀😰🕳️😭,😭😔💔⚠️,💀😭😔⚠️💔,💀😔😭⚠️🕳️",1
71,"😔💔😢,💀🕳️😭⚠️,💀🕳️😭⚠️,💀😭😞⚠️🕳️,😔💔😞🕳️",1
72,"💀😰🕳️😭⚠️,💀🕳️🚨😭⚠️,💀🔪⚠️🕳️😭,💀🔪⚠️🕳️😰,💀😰🕳️😭⚠️",2
72,"💀⚠️🕳️😭🌑,💀🔪⚠️🕳️😭,💀🔪⚠️🕳️😰,💀😰🕳️😭⚠️,💀🕳️⚠️😰💊",1
72,"💀🔪⚠️🕳️😭,💀🔪⚠️🕳️😰,💀😰🕳️😭⚠️,💀🕳️⚠️😰💊,💀🕳️⚠️😭😔",1
72,"💀🔪⚠️🕳️😰,💀😰⚠️😭😔,💀🕳️⚠️😰💊,💀🕳️⚠️😭💊,💀🕳️😭⚠️😔",1
73,"💀🕳️😭⚠️,💀🕳️⚠️😰🔪,💀🕳️🚨📝😭,💀⚠️🕯️😭🚨,💀⚠️😰🕳️",0
73,"💀🕳️⚠️😭🔪,💀🕳️🚨📝😭,💀⚠️🕯️😭🚨,💀⚠️😰🕳️😭,💀😰🕳️😭⚠️",0
73,"💀🕳️🚨📝😭,💀⚠️🕯️😭🚨,💀⚠️😰🕳️,💀😰🕳️😭⚠️,😔💔😰⚠️🕳️",0
76,"💀⚠️😭🕳️🔪,💀⚠️😭🕳️🔪,💀⚠️🔪🕳️,💀🕳️⚠️,💊😔⚠️",1
76,"💀⚠️😭🕳️🔪,💀⚠️🔪🕳️,💀🕳️⚠️😭,💊😔⚠️,💀🔪⚠️😭🕳️",2
76,"💀⚠️🔪🌑,💀🕳️⚠️,💊😔⚠️,💀🔪⚠️😭🕳️,💀🕳️😭😔💔",1
76,"💀🕳️⚠️😭,💊😔⚠️,💀🔪⚠️😭🕳️,💀🕳️😭😔💔,😰💀⚠️😭",1
76,"💊😔⚠️,💀🔪🕳️😭,💀🕳️😭😔💔,😰💀🕳️😭,💀⚠️🕳️😭🔪",1
76,"💀🔪⚠️😭🕳️,💀🕳️😭😔💔,😰💀⚠️😭,💀⚠️🕳️😭🔪,💀😭⚠️🕳️",2
76,"💀😭🕳️⚠️😔,😰💀🕳️😭,💀🕳️😭⚠️🔪,💀😭⚠️🕳️,💀🔪😭⚠️",2
76,"😰💀🕳️😭,💀🕳️😭⚠️🔪,💀😭⚠️🕳️,💀🔪😭⚠️,💀🔪⚠️😭",1
76,"💀🕳️😭⚠️🚨,💀😭⚠️,💀🔪🔥😭,💀🔪⚠️😭,💀🔪🕳️😭",2
76,"💀😭⚠️,💀🔪🔥😭,💀🔪⚠️😭,💀🔪🕳️😭,💀🔪😭⚠️🌑",2
76,"💀🔪🔥😭,💀🔪⚠️😭,💀🔪🕳️😭,💀😭🔪⚠️🌑,💀🔪⚠️😰🕳️",1
76,"💀🔪⚠️😭,💀🔪🕳️😭,💀😭🔪⚠️🕳️,💀🔪⚠️🕳️,💀🚨⚠️🕳️😭",0
76,"💀🔪🕳️😭,💀😭🔪⚠️🕳️,💀🔪⚠️😰🕳️,💀🚨⚠️😭🕳️,💀⚠️🕳️😰⏳",1
76,"💀🔪😭⚠️🌑,💀🔪⚠️🚨🩸,💀☠️🚨🔪😭,💀⏳⚠️🕳️😰,💀🕳️😭⚠️😔",1
76,"💀🔪⚠️😰🕳️,💀🚨⚠️🕳️😭,💀⚠️🕳️😰⏳,💀😔🕳️😭⚠️,💀😔🕳️😭⚠️",1
76,"💀🚨⚠️🕳️😭,💀⏳⚠️🕳️😰,💀🕳️😭⚠️😔,💀😔🕳️😭⚠️,💀🔪⚠️😭",1
76,"💀⏳⚠️🕳️😰,💀😔🕳️😭⚠️,💀😔🕳️😭⚠️,💀🔪⚠️😭,💀😭🕳️⚠️",1
76,"💀😔🕳️😭⚠️,💀😔🕳️😭⚠️,💀🔪🚨😭,💀😭🕳️⚠️,💀😩🕳️⚠️",0
76,"💀😔🕳️😭⚠️,💀⚠️😰🔪🚨,💀😭🕳️⚠️,💀😩🕳️⚠️,💀🕳️😭🌑⚠️",0
76,"💀🔪🚨😭⚠️,💀😭🕳️⚠️,💀😩🕳️⚠️,💀🕳️😭🌑⚠️,💀⚠️😭🕳️",3
77,"💀🕳️😭⚠️😖,💀⚠️😭🕳️🔪,💀⚠️🕳️😭🔪,💀🕳️🔪⚠️😭,💀🕳️😭⚠️",1
77,"💀⚠️😭🕳️🔪,💀⚠️🕳️😭🔪,💀🕳️⚠️😭🔪,💀🕳️😭⚠️,💀🕳️😭⚠️🌑",1
77,"💀🕳️⚠️😭🔪,💀🕳️⚠️😭🔪,💀🕳️😭⚠️,💀🕳️😭⚠️😔,💀🕳️😭⚠️😔",1
77,"💀🕳️⚠️😭🔪,💀🕳️😭⚠️,💀🕳️😭⚠️🌑,💀🕳️😭⚠️🌑,💀😰🕳️😭⚠️",0
77,"💀🕳️😭⚠️,💀🕳️😭⚠️,💀🕳️😭⚠️🩸,💀😭⚠️🕳️😰,💀🕳️😭😔💔",2
77,"💀🕳️😭⚠️🌑,💀🕳️😭⚠️⚰️,💀😭⚠️🕳️,💀🕳️😭😔💔,💀🕳️😭⚠️🩸",1
77,"💀🕳️😭⚠️🌑,💀😭⚠️🕳️,💀🕳️😭😔💔,💀🕳️😭⚠️🩸,💀🕳️😭⚠️😖",1
77,"💀😰🕳️😭⚠️,💀🕳️😭😔💔,💀🕳️😭⚠️🩸,💀🕳️😭⚠️😖,💀🕳️😭😔🚨",0
77,"💀🕳️😭😔💔,💀🕳️😭⚠️🩸,💀🕳️😭⚠️😔,💀🕳️😭😔⚠️,💀🕳️😰😔💔",1
77,"💀🕳️😭⚠️🩸,💀🕳️😭⚠️😔,💀🕳️😭😔⚠️,💀🕳️😭😔⚠️,💀😞🕳️😭⚠️",0
77,"💀🕳️😭⚠️😔,💀🕳️😭😔💔,💀🕳️😰😔💔,💀🕳️😭😔⚠️,💀🕳️😭⚠️",2
77,"💀🕳️😭😔💔,💀🕳️😰😔💔,💀🕳️😭😔⚠️,💀🕳️😭😰⚠️,💀⏳🕳️😭🚨",1
77,"💀🕳️😭😔⚠️,💀🕳️😭😔⚠️,💀🕳️😭😞⚠️,💀⏳🕳️😭⚠️,💀🕳️😭😰🌑",1
77,"💀🕳️😭😔⚠️,💀🕳️😭😞⚠️,💀⏳🕳️😭⚠️,💀🕳️😭😰🌑,💀🔪😭⚠️🕳️",1
77,"💀🕳️😭😞⚠️,💀⏳🕳️😭⚠️,💀🕳️😭😰🌑,💀🔪😭⚠️🕳️,💀😭⚠️🕳️💊",1
77,"💀⏳🕳️😭⚠️,💀🕳️😭😰🌑,💀🔪😭⚠️🕳️,💀😭⚠️🕳️💊,💀😭⚠️🕳️",1
77,"💀🕳️😭😰🌑,💀🔪😭⚠️🕳️,💀😭⚠️🕳️💊,💀😭🕳️⚠️,💀🔪😭🚨",1
77,"💀🔪😭⚠️🕳️,💀😭⚠️🕳️💊,💀😭⚠️🕳️,💀🔪😭🚨,💀🕳️😭⚠️😖",1
77,"💀😭⚠️🕳️😖,💀😭⚠️🕳️,💀🔪😭🚨,💀🕳️😭⚠️,💀🕳️😭😔⚠️",1
77,"💀😭🌑⚠️,💀🔪😭🚨,💀😭🕳️⚠️😔,💀🕳️😭😔⚠️,💀😭🕳️⚠️😔",1
77,"💀🔪😭🚨,💀🕳️😭⚠️😖,💀🕳️😭😔⚠️,💀😭🕳️⚠️😔,💀🕳️😭⚠️😔",1
77,"💀🕳️😭⚠️😖,💀🕳️😭😔⚠️,💀😭🕳️⚠️😔,💀🕳️😭😞⚠️,💀🕳️😭⚠️😔",0
77,"💀🕳️😭😔⚠️,💀😭🕳️⚠️😔,💀🕳️😭😔⚠️,💀🕳️😭⚠️😔,💀🕳️😭⚠️🌑",0
77,"💀😭🕳️⚠️😔,💀🕳️😭😞⚠️,💀🕳️😭⚠️😔,💀🕳️😭⚠️😔,💀🕳️😭⚠️😖",1
77,"💀🕳️😭😞⚠️,💀🕳️😭⚠️😔,💀🕳️😭⚠️🌑,💀🕳️😭⚠️😖,💀🕳️😭⚠️⚰️",1
77,"💀🕳️😭⚠️😔,💀🕳️😭⚠️😔,💀🕳️😭⚠️😖,💀🕳️😭⚠️⚰️,💀😭🕳️⚠️😖",1
77,"💀🕳️😭⚠️😔,💀🕳️😭⚠️😔,💀🕳️😭⚠️⚰️,💀😭🕳️⚠️😖,💀🕳️😭😔",0
77,"💀🕳️😭⚠️😔,💀🕳️😭⚠️⚰️,💀😭🕳️⚠️💔,💀🕳️😭😔,💀🕳️😰⚠️😭",1
77,"💀🕳️😭⚠️⚰️,💀😭🕳️⚠️😖,💀🕳️😭⚠️,💀🕳️😰⚠️😭,💀🕳️😭⚠️🩸",0
77,"💀🕳️😭⚠️😖,💀🕳️😭⚠️😔,💀🕳️😰⚠️😭,💀🕳️😭⚠️,💀🕳️😭⚠️😔",3
77,"💀🕳️😭⚠️😔,💀🕳️😰⚠️😭,💀🕳️😭⚠️🩸,💀🕳️😭⚠️😔,💀😭🕳️⚠️🔪",1
77,"💀🕳️😰⚠️😭,💀🕳️😭⚠️🩸,💀🕳️😭⚠️😔,💀😭🕳️⚠️🔪,💀🕳️😭⚠️🔪",0
77,"💀🕳️😭⚠️🩸,💀🕳️😭⚠️😔,💀😭🕳️⚠️🔪,💀🕳️😭⚠️🔪,💀🕳️😭⚠️😰",2
77,"💀🕳️😭⚠️😔,💀😭🕳️⚠️🔪,💀🕳️😭⚠️🔪,💀🕳️😭⚠️😰,💀🕳️😭⚠️⚰️",1
77,"💀😭🕳️⚠️🔪,💀🕳️😭⚠️🔪,💀🕳️😭⚠️🌑,💀🕳️😭⚠️⚰️,💀🕳️😭⚠️",2
77,"💀🕳️😭⚠️🌑,💀🕳️😭⚠️😰,💀🕳️⚠️😭💸,💀🕳️😭⚠️,💀🕳️⚠️😭🔪",2
77,"💀🕳️😭⚠️😰,💀🕳️😭⚠️⚰️,💀🕳️😭⚠️,💀🕳️⚠️😭🔪,💀⚠️🕳️😭🔫",1
77,"💀🕳️😭⚠️⚰️,💀🕳️😭⚠️,💀🕳️⚠️😭🔪,💀⚠️🕳️😭🔫,💀🕳️😭⚠️💥",1
77,"💀🕳️😭⚠️,💀🕳️⚠️😭🔪,💀⚠️🕳️😭🔫,💀⚠️🕳️😭💥,💀🕳️😭⚠️😔",1
77,"💀🕳️⚠️😭🔪,💀⚠️🕳️😭🔫,💀⚠️😭🕳️💥,💀🕳️😭⚠️😔,💀🔪😭⚠️",1
77,"💀⚠️🕳️😭🔫,💀🕳️😭⚠️💥,💀🕳️😭⚠️😔,💀🔪😭⚠️,💀🕳️😭⚠️🚨",1
77,"💀⚠️🕳️😭🔪,💀🕳️😭⚠️😔,💀🔪😭⚠️,💀😭🕳️⚠️🩸,💀⚠️🕳️😭🔪",2
77,"💀🕳️😭⚠️😔,💀🔪😭⚠️,💀😭🕳️⚠️🩸,💀⚠️🕳️😭🔪,💀❄️🔫🕳️",0
77,"💀🔪😭⚠️,💀😭🕳️⚠️🩸,💀🕳️⚠️😭🔪,💀❄️🔫🕳️,💀⚠️🕳️😭⚰️",1
77,"💀😭🕳️⚠️🩸,💀⚠️🕳️😭🔪,💀❄️🔫🕳️,💀⚠️🕳️😭⚰️,💀⚠️🕳️😭🔪",2
77,"💀🕳️⚠️😭🔪,💀❄️🔫🕳️,💀⚠️🕳️😭⚰️,💀🕳️⚠️🔪❄️,💀🔫🚨⚠️😭",1
77,"💀❄️🔫🕳️,💀⚠️🕳️😭⚰️,💀🕳️⚠️🔪❄️,💀🔫🚨⚠️😭,💀🕳️😭⚠️😖",2
77,"💀⚠️🕳️😭⚰️,💀🕳️⚠️🔪❄️,💀🔫🚨⚠️😭,💀🕳️😭⚠️😖,💀🕳️⚠️😭🔪",2
77,"💀🕳️⚠️🔪❄️,💀🔫🚨⚠️😭,💀🕳️😭⚠️😖,💀🕳️⚠️😭🔪,💀🔪🕳️🚨",2
77,"💀🔫🚨⚠️😭,💀🕳️😭⚠️😖,💀🕳️⚠️😭🔪,💀🕳️😭⚠️,💀🕳️😭⚠️🌑",1
77,"💀🕳️😭⚠️😖,💀🕳️⚠️😭🔪,💀🔪🕳️🚨,💀🕳️😭⚠️😔,💀😭🕳️⚠️😔",1
77,"💀🕳️⚠️😭🔪,💀🔪🕳️🚨,💀🕳️😭⚠️😔,💀😭😰🕳️⚠️,💀🕳️😭⚠️🩸",3
77,"💀🔪🕳️🚨,💀🕳️😭⚠️🌑,💀😭🕳️⚠️😔,💀🕳️😭⚠️🩸,💀🕳️⚠️😭🔪",3
77,"💀🕳️😭⚠️😔,💀😔🕳️😭⚠️,💀🕳️😭⚠️🩸,💀⚠️🕳️😭🔫,💀😭⚠️🕳️😫",1
77,"💀😭😰🕳️⚠️,💀🕳️😭⚠️🩸,💀⚠️🕳️😭🔫,💀😭⚠️🕳️😖,💀🕳️😭⚠️🔪",1
78,"💀🔪⚠️😭,💀🔪🚨🕳️,💀🕳️😭⚠️🚨,💀🕳️😰💊⚠️,💀😭⚠️🕳️",2
78,"💀🔪🚨😭,💀🕳️😭⚠️🚨,💀🕳️😰💊⚠️,💀😭🕳️🚨,💀⚠️🕳️😭🚨",1
78,"💀🕳️😭⚠️🚨,💀🕳️😰💊⚠️,💀😭🌑🕳️,💀⚠️🕳️😭🚨,💀😭⚠️🕳️💔",2
78,"💀🕳️😰💊🕯️,💀😭🕳️🚨,💀⚠️🕳️😭,💀😭⚠️🕳️💔,💀⚠️🕳️😭🚨",2
78,"💀😭🕳️🚨,💀⚠️🕳️😭🚨,💀😭⚠️🕳️💔,💀⚠️🕳️😭🚨,💀⚠️🕳️😭🚨",1
78,"💀⚠️🕳️😭🚨,💀😭⚠️🕳️💔,💀⚠️🕳️😭🚨,💀⚠️🕳️😭🚨,💀😔😭⚠️",2
78,"💀😭⚠️🕳️💔,💀⚠️🕳️😰📅,💀⚠️🕳️😭🚨,💀😔😭⚠️🕳️,💀💊🚨🕳️😰",1
78,"💀⚠️🕳️😭🚨,💀⚠️🕳️😭🚨,💀😔😭⚠️,💀💊🚨🕳️😭,💀🕳️😭⚠️😔",1
78,"💀⚠️🕳️😭🚨,💀😔😭⚠️🕳️,💀💊🚨🕳️😰,💀🕳️😭⚠️,💀🕳️😭⚠️😔",2
78,"💀😔😭⚠️🕳️,💀💊🚨🕳️😭,💀🕳️😭⚠️😔,💀🕳️😭⚠️😔,💀⚠️🕳️😭",1
78,"💀💊🚨⚠️🕳️,💀🕳️😭⚠️😔,💀🕳️😭⚠️😔,💀⚠️🕳️😭,💀🕳️😭⚠️🔪",1
78,"💀😭🕳️⚠️😔,💀🕳️😭⚠️😔,💀⚠️🕳️😭,💀🕳️😭⚠️🔪,💀🕳️😭⚠️🩸",1
78,"💀😭🕳️⚠️😔,💀☠️🚨😭,💀🕳️😭⚠️🔪,💀🕳️😭⚠️🔪,💀🕳️😭⚠️🩸",1
78,"💀⚠️🕳️😭,💀🕳️😭⚠️🔪,💀🕳️😭⚠️🔪,💀🕳️😭⚠️🩸,💀🕳️😭⚠️🩸",2
78,"💀🕳️😭⚠️,💀🕳️😭⚠️,💀🕳️😭⚠️🩸,💀🕳️😭⚠️🩸,💀⚠️🚨🕳️💊",1
78,"💀😭⚠️🕳️🔪,💀🕳️😭⚠️🩸,💀🕳️😭⚠️🩸,💀⚠️🚨🕳️🔪,💀⚠️🕳️😭🚨",1
78,"💀🕳️😭⚠️🩸,💀🕳️😭⚠️🩸,💀⚠️🚨🕳️🔪,💀⚠️🕳️😭🚨,💀⚠️😭🕳️🔪",1
78,"💀🕳️😭⚠️🩸,💀⚠️🚨🕳️🔪,💀⚠️🕳️😭🚨,💀⚠️😭🕳️🔪,💀😭⚠️🕳️😔",1
78,"💀⚠️🚨🕳️🔪,💀⚠️🕳️😭🚨,💀⚠️😭🕳️😖,💀😭⚠️🕳️😔,💀🕳️😭⚠️😔",0
78,"💀⚠️😰🕳️😭,💀⚠️😭🕳️😖,💀😭⚠️🕳️😔,💀🕳️😭⚠️😔,😔😖💀⚠️🕳️",0
78,"💀⚠️😭🕳️🔪,💀😭⚠️🕳️😔,💀🕳️😭⚠️😔,😔💔😢,😔💔😢",0
78,"💀😭⚠️🕳️😔,💀🕳️😭⚠️😔,😔💔😢⚠️,😔💔😢⚠️,😔😢😖⚠️🕳️",0
78,"💀🕳️😭⚠️😔,😔💔😢,😔💔😢,😔😖😞⚠️🕳️,😔💔😢",1
78,"😔💔😢,😔😢😖⚠️🕳️,😔😢😞⚠️,😔💔😢,💀🕳️😭⚠️😰",1
78,"😔💔😢,😔💔😢⚠️,😔😖💀⚠️🕳️,💀🕳️😭⚠️😞,💀😭⚠️🕳️",1
78,"😔😖😞⚠️🕳️,😔💔😢,💀🕳️😭⚠️😰,💀😭🕳️⚠️🚨,💀🕳️😭🚨",1
78,"😔💔😢,💀🕳️😭⚠️😰,💀😭🕳️⚠️,💀🕳️😭🚨,😰💊⚠️😔💀",1
78,"💀🕳️😭⚠️😰,💀🕳️😭⚠️🚨,💀🕳️😭🚨,😰💊⚠️😔💀,💀😭🕳️🚨",1
79,"💀🕳️😭⚠️,💀🚨🔪💊⚠️,💀🕳️⚠️😭😔,😔💔😢😞⚠️,💀🔪⚠️😭🕳️",1
81,"💀🕳️😭⚠️🔪,💀🔫⚠️🕳️😰,💀🔫🕳️😰🚨,💀🕳️😭⚠️🚨,💀⚠️🕳️😰⚰️",1
81,"💀🔫⚠️🕳️😰,💀🔫🕳️😰🚨,💀🕳️😭⚠️🔪,💀⚠️🕳️😰⚰️,💀🔪😭⚠️🕳️",1
81,"💀🕳️🔪🚨😭,💀🕳️😭⚠️🔪,💀⚠️🕳️😰⚰️,💀🔪😭⚠️🕳️,💀🕳️😭😔💔",2
81,"💀🕳️😭⚠️🔪,💀⚠️🕳️😰⚰️,💀🔪😭🕳️🚨,💀🕳️😭😔💔,💀⚠️🔪🚨🕳️",0
81,"💀🕳️⚠️😭🌑,💀🔪😰🕳️😭,💀🕳️😭😔💔,💀⚠️🔪🕳️,🕳️🌑😰💀⚠️",1
81,"💀🔪😰🕳️😭,💀🕳️😭😔💔,💀🔪🚨⚠️🕳️,🕳️🌑💀⚠️😭,💀⚠️🔪😭",0
81,"💀😭🕳️😔💔,💀⚠️🔪🕳️,🕳️🌑😰😔💀,💀⚠️🔪😰🕳️,💀😰🕳️😭⚠️",2
81,"💀⚠️🔪🕳️,💀🕳️🌑😰⚠️,💀⚠️🔪😰🕳️,💀😰🕳️😭⚠️,💀🚨⚠️🕳️🔫",0
81,"💀🌑🕳️⚠️😭,💀⚠️🔪😭,💀😰🕳️😭⚠️,💀🚨⚠️🕳️🔫,💀🕳️😭⚠️🌑",0
81,"💀⚠️🔪😭,💀😰🕳️😭⚠️,💀🚨⚠️🕳️🔫,💀🕳️😭⚠️🌑,💀😔⚠️😭🕳️",0
81,"💀😰🕳️😭⚠️,💀🚨⚠️🕳️🔫,💀🕳️😭⚠️🌑,💀😔⚠️😭🕳️,💀🕳️😭😔💔",2
81,"💀🚨⚠️🕳️🔫,💀🕳️😭⚠️🌑,💀😔⚠️😭,💀🕳️😭😔💔,💀⚠️🕳️😭🔫",2
84,"💀😭🕳️⚠️😔,💀💊🚨⚠️🕳️,💀😔💔⚠️😭,💀🕳️😭⚠️,💀🕳️😭😔⚠️",1
84,"💀💊🚨⚠️🕳️,💀😔💔⚠️😭,💀🕳️😭⚠️🪦,💀🕳️😭⚠️😔,💀🕳️😭😔",1
84,"💀😔💔⚠️😭,💀🕳️😭⚠️,💀🕳️😭😔⚠️,💀😭🕳️⚠️💔,💀😭⚠️🕳️😔",2
84,"💀🕳️😭⚠️,💀🕳️😭😔⚠️,💀🕳️😭⚠️😔,💀😭⚠️🕳️😔,💀🔪😭🕳️⚠️",2
84,"💀🕳️😭😔⚠️,💀😭🕳️⚠️😔,💀😭⚠️🕳️😔,💀🔪😭🕳️⚠️,💀🔪⚠️🕳️😭",3
84,"💀🕳️😭⚠️😔,💀😭⚠️🕳️😔,💀🔪😭🕳️⚠️,💀🔪🚨💊🕳️,💀🕳️😭⚠️🪦",3
84,"💀😭⚠️🕳️😔,💀🔪😭🕳️⚠️,💀🔪⚠️🕳️😭,💀🕳️😭⚠️🩸,💀⚠️🕳️😭🚨",2
84,"💀🔪😭🕳️⚠️,💀🔪⚠️🕳️😭,💀🕳️😭⚠️🩸,💀⚠️🕳️😰,💀💊🔪🚨😭",1
84,"💀🔪🚨💊🕳️,💀🕳️😭⚠️🩸,💀⚠️🕳️😭,💀💊🔪😭🚨,💀🔪😭🕳️🚨",1
84,"💀🕳️😭⚠️🪦,💀⚠️🕳️😭,💀💊🔪😭,💀🔪🕳️😭⚠️,💀🕳️😭💔⚠️",3
84,"💀⚠️🕳️😭,💀💊🔪😭,💀🔪🕳️😭⚠️,💀🕳️😭💔⚠️,💀💊🚨😭🕳️",2
84,"💀💊🔪😭🚨,💀🔪🕳️😭⚠️,💀🕳️😭⚠️💔,💀💊🚨😭🕳️,💀😭🔪😞⚠️",2
85,"💀😔🕳️😭⚠️,💀🕳️😭😔⚠️,💀🕳️😰😔💔,💀😭🕳️⚠️😖,💀😭🕳️⚠️",1
85,"💀🕳️😭😔💔,💀🕳️😰😔💔,💀😭🕳️⚠️🔪,💀😭🕳️⚠️,💀🕳️😭😞⚠️",1
85,"💀🕳️😰😔💔,💀😭🕳️⚠️🔪,💀😭🕳️⚠️,💀🕳️😭😞⚠️,💀🕳️😭😔💔",1
85,"💀😭🕳️⚠️😖,💀😭🕳️⚠️,💀🕳️😭😞⚠️,💀😭🕳️⚠️😔,💀🕳️😭⚠️",1
85,"💀😭🕳️⚠️,💀🕳️😭😞⚠️,💀🕳️😭😔💔,💀🕳️😭⚠️,💀🕳️😭😔💔",0
85,"💀🕳️😭😞⚠️,💀😔🕳️😭⚠️,💀🕳️😭⚠️,💀🕳️😭😔💔,😭😔💔🕳️⚠️",0
85,"💀😭🕳️😔💔,💀🕳️😭⚠️,💀🕳️😭😔💔,😭😔💔🕳️⚠️,💀🕳️😭🚨",1
85,"💀🕳️😭⚠️,💀🕳️😭😔💔,😭😔💀🕳️⚠️,💀🕳️😭🚨,💀🕳️😭😔⚠️",0
85,"💀🕳️😭😔💔,💀😔😭🕳️⚠️,💀🕳️😭🚨,💀🕳️😭😔⚠️,💀💊🚨⚠️🕳️",1
85,"😭😔💀🕳️💔,💀🕳️😭🚨,💀🕳️😭😔⚠️,💀💊🚨⚠️🕳️,💀⚠️😰🕳️😭",0
86,"💀😭🕳️⚠️,💀😭🕳️⚠️😔,💀🕳️😭⚠️😖,💀😔🕳️😭⚠️,💀😔💥🕳️⚠️",1
86,"💀😭🕳️⚠️,💀🕳️😭⚠️😖,💀😔🕳️😭⚠️,💀🕳️😰😭⚠️,",0
86,"💀🕳️😭⚠️😖,💀😔🕳️😭⚠️,💀🕳️😰😭⚠️,,💀🕳️😭⚠️🌊",1
86,"💀😔🕳️😭⚠️,💀🕳️😰😭⚠️,,💀🕳️😭⚠️💧,💀😭⚠️🕳️😫",2
86,"💀🕳️😰😭⚠️,,💀🕳️😭⚠️💧,💀😭⚠️🕳️🔪,💀😭⚠️🕳️🔪",0
86,",💀🕳️😭⚠️🌊,💀😭⚠️🕳️🔪,💀🕳️😭⚠️,💀⚠️🕳️😭",0
88,"💀🕳️😭😔💔,💀🕳️😭⚠️🔫,💀🕳️😔⚠️,💀🕳️😭⚠️,😔💔😞🕳️⚠️",0
88,"💀🕳️😭⚠️🔫,💀🕳️😞,💀🕳️😭⚠️😔,😔💔😞😩🕳️,💀⚠️😭🕳️",2
88,"💀🕳️😔,💀🕳️😭⚠️😔,😔💔😞🕳️⚠️,💀⚠️😭🕳️,💀⚠️😭🕳️🔪",2
88,"💀🕳️😭⚠️😔,😔💔😭😞⚠️,💀⚠️😭🕳️,💀⚠️😭🕳️🔪,💀🔫🚨⚠️🕳️",0
88,"😔💔😭😞⚠️,💀⚠️😭🕳️,💀⚠️😰🕳️😭,💀🔫🚨⚠️🕳️,💀😔🕳️😭⚠️",1
88,"💀⚠️😭🕳️,💀⚠️😰🕳️😭,💀🔫🚨⚠️🕳️,💀😔💔⚠️,💀😭⚠️🕳️",0
88,"💀⚠️😰🕳️😭,💀🔫🚨⚠️🕳️,💀😔💔⚠️😭,💀😭⚠️🕳️,😭😔💔😞🕳️",1
88,"💀🔫🚨⚠️🕳️,💀😔🕳️😭⚠️,💀🕳️😭⚠️,😭😔💔😞🕳️,💀😭⚠️🕳️🔫",3
88,"💀😔🕳️😭⚠️,💀🕳️😭⚠️,😭😔💔😞🕳️,💀😭⚠️🕳️🔫,💀⚠️🕳️😭🚨",0
88,"💀🕳️😭⚠️,😭😔💔😞⚠️,💀🕳️😭⚠️🔫,💀⚠️🕳️😭🚨,💀😰🕳️😭⚠️",3
90,"😭😰🕳️⚠️😔,💀⚠️🕳️😭,💀😔💔🕳️😭,💀💊😭🕳️⚠️,💀😭🕳️⚠️💊",1
90,"💀🔪😭⚠️,💀😔💔🕳️😭,💀💊😭🕳️⚠️,💀😭🕳️⚠️💊,💀😰🕳️😭⚠️",1
90,"💀😔💔😭⚠️,💀💊😭🕳️⚠️,💀😭🕳️⚠️💊,💀😰🕳️😭⚠️,💀😭🔪💊🚨",0
90,"💀💊😭🕳️⚠️,💀😭🕳️⚠️💊,💀😰🕳️😭⚠️,💀😭💊⚠️🕳️,😭😔💔⚠️🕳️",1
90,"💀😭🕳️⚠️💊,💀😰🕳️😭⚠️,💀😭🔪💊🚨,😭💔😔⚠️🕳️,😭💔🕳️😔",2
90,"💀😰🕳️😭⚠️,💀😭💊⚠️🕳️,😭😔💔⚠️🕳️,😭💔😔🕳️,💀💊🚨😰🕳️",1
90,"💀😭🕳️🚨,😭😔💔⚠️🕳️,😭💔🕳️😔,💀💊🚨😰🕳️,💀💊⚠️🕳️😭",2
90,"😭😔💔⚠️🕳️,😭💔🕳️😔,💀💊🚨⚠️😭,💀💊⚠️🕳️😭,💀😭😰💊⚠️",1
90,"😭💔😔🕳️,💀💊🚨😰🕳️,💀💊⚠️🕳️😭,💀😭😰💊⚠️,💀🕳️😭💊⚠️",2
90,"💀💊🚨😰🕳️,💀💊⚠️🕳️😭,💀😰💊🚨😭,💀🕳️😭💊⚠️,💀😰🕳️😭⚠️",2
90,"💀💊⚠️🕳️😭,💀😰🕳️😭🚨,💀🕳️😭💊⚠️,💀😰🕳️😭⚠️,💀🕳️😭💊⚠️",1
90,"💀😭😰💊⚠️,💀🕳️😭💊⚠️,💀😰🕳️😭⚠️,💀😭🕳️⚠️💊,💀😭🕳️⚠️😔",3
90,"💀🕳️😭💊⚠️,💀😰🕳️😭⚠️,💀😭🕳️⚠️💊,💀😭🕳️⚠️😔,💀🕳️⚠️😭😰",1
91,"💀🕳️😭⚠️,💀😭🕳️⚠️😔,💀🕳️😭😔⚠️,💀🕳️⚠️😭🔪,😊😌🌟",1
91,"💀🕳️😭😞⚠️,💀🕳️😭😔⚠️,💀🕳️⚠️😭🔪,😊😌💪,💀😭⚠️🕳️",1
91,"💀🕳️😭😔⚠️,💀🕳️🚨😭⚠️,😊😌🌟,💀😭😰⚠️🕳️,💀😭⚠️🕳️🔪",1
91,"💀🕳️⚠️😭🔪,😊😌💪,💀😰🕳️😭⚠️,💀😭🕳️⚠️🚨,💀😭🕳️⚠️💊",2
91,"😊😌💪,💀😭🕳️🚨,💀😭🕳️⚠️,💀😭😰🕳️⚠️,💀😔🕳️😭⚠️",2
92,"💀🕳️😭⚠️💊,💀🕳️⚠️😭😔,💀⚠️🕳️😭,💀🕳️🚨💊🌊,💀⚠️🕳️🔪🚨",0
92,"💀🕳️⚠️😭😔,💀⚠️🕳️😭,💀🕳️🚨💊🌊,💀⚠️🕳️🔪🚨,😔💔😞⚠️🕳️",0
92,"💀⚠️🕳️😭,💀💊🌊⚠️🚨,💀⚠️🕳️🔪🚨,😔💔😞⚠️,💀🕳️😭⚠️",0
93,"💀🕳️😭⚠️😔,💀🕳️😭⚠️🔪,💀🔫💊🚨⚠️,💀💊🔫⚠️🕳️,💀⚠️🕳️😭",1
93,"💀🕳️😭⚠️🚨,💀🔫💊🚨⚠️,💀💊🔫⚠️🕳️,💀⚠️🕳️😭,💀🕳️😭⚠️😔",0
93,"💀🔫💊🚨⚠️,💀💊🔫⚠️🕳️,💀⚠️🕳️😭,💀🕳️😭⚠️😔,💀🕳️😰😔⚠️",2
95,"💀😭🕳️⚠️💔,💀🕳️⚠️😭🔪,💀😭🕳️⚠️😔,💀⚠️🕳️😭😔,💀🕳️😭⚠️💔",1
95,"💀🕳️⚠️😭🔪,💀😭🕳️⚠️😔,💀⚠️🕳️😭😔,💀🕳️😭⚠️💔,💀😭🕳️⚠️",1
95,"💀😔😭⚠️🕳️,💀⚠️🕳️😭😔,💀🕳️😭⚠️💔,💀😭🕳️⚠️,💀😭🕳️⚠️😔",0
96,"💀😰🕳️😭⚠️,💀🕳️🚨😭⚠️,💀😭⚠️🕳️😔,💀🕳️⚠️😭🔪,😔💔🕳️😭⚠️",0
99,"💀😰⚠️😭,💀😰🕳️😭⚠️,💀😰🕳️😭,💀😭🕳️⚠️😔,💀😰🕳️😭⚠️",0
99,"💀😰🕳️😭⚠️,💀😰🕳️😭,💀🕳️😭⚠️😔,💀😰🕳️😭⚠️,😔💔😢",0
99,"💀😰🕳️😭,💀🕳️😭⚠️😔,💀😰🕳️😭⚠️,😔💔😢,😰🕳️😭⚠️",1
99,"💀🕳️😭⚠️😔,💀😰🕳️😭⚠️,😔💔😢,😰🕳️😭⚠️😔,💀😔🕳️😭⚠️",0
99,"💀😰🕳️😭⚠️,😔💔😢,😰💔😔🕳️,💀😔🕳️😭⚠️,😰🕳️😭⚠️😔",0
100,"💀🕳️⚠️😭💊,💀🕳️⚠️😭,😭😔💔⚠️📞,💀🕳️💊😰,💀🕳️😭⚠️😔",1
100,"💀🕳️⚠️🚨,💀😔🕳️🚨,💀🕳️⚠️😭💊,💀🕳️😭😔⚠️,💀⚠️😰🕳️😭",1
100,"😔💀⚠️🕳️,💀🕳️💊😰,💀🕳️😭⚠️😔,💀⚠️😰🕳️😭,💀🕳️😰😭⚠️",0
100,"💀🕳️🚨💊😰,💀🕳️😭⚠️😔,💀⚠️😰🕳️😭,💀🕳️😭⚠️😰,💀🕳️😭😞⚠️",1
101,"💀💊🔪😭⚠️,💀💊😭⚠️🕳️,💀💊🔪😭⚠️,💀💊🔪😭⚠️,💀💊🕳️🚨",0
101,"💀💊🔪😭⚠️,💀💊🔪😭⚠️,💀💊🔪😭⚠️,💀💊🕳️🚨,💀⚠️🕳️😭🚨",1
101,"💀💊🔪😭⚠️,💀💊🔪😭⚠️,💀💊🕳️🚨,💀⚠️🕳️😭🚨,💀😭🕳️⚠️💔",0
101,"💀💊🔪😭⚠️,💀💊🕳️🚨,💀⚠️🕳️😭🚨,💀😭🕳️⚠️💔,💀🕳️😭⚠️",2
101,"💀💊🚨🕳️😭,💀⚠️🕳️😭🚨,💀😭🕳️⚠️💔,💀🕳️😭⚠️,💀😭🕳️🚨",1
101,"💀⚠️🕳️😭,💀😭🕳️⚠️💔,💀🕳️😭⚠️,💀😭🕳️🚨,💀😭🕳️🚨",3
101,"💀😭🕳️⚠️💔,💀🕳️😭⚠️,💀😭🕳️🚨,💀😭🕳️⚠️,💀🔪😭⚠️",0
101,"💀🕳️😭⚠️,💀😭🕳️🚨,💀😭🕳️⚠️,💀🔪😭⚠️,💀🕳️😭😔⚠️",1
101,"💀😭🕳️🚨,💀😭🕳️⚠️,💀🔪😭⚠️,🕳️😔💀⚠️💔,💀🔪🕳️😭",1
101,"💀😭🕳️⚠️,💀🔪😭⚠️,💀🕳️😭😔⚠️,💀🔪🕳️😭,💀😭🔪🕳️",1
101,"💀🔪😭⚠️,🕳️😔💀⚠️💔,💀🔪🕳️😭,💀😭🔪🕳️,💀🕳️😭💔⚠️",1
101,"💀🕳️😰😔💔,💀🔪🕳️😭,💀😭🔪🕳️,💀🕳️😭⚠️💔,💀⚠️🔪😭",1
101,"💀🔪🕳️😭,💀😭🔪⚠️🕳️,💀😭🕳️💔⚠️,💀⚠️🔪🕳️😭,💀💊🕳️😰🚨",1
101,"💀😭🔪🕳️,💀🕳️😭💔⚠️,💀⚠️🔪🕳️,💀💊🕳️😰⚠️,💀💊😭🕳️⚠️",1
101,"💀🕳️😭⚠️💔,💀⚠️🔪🕳️,💀💊⚠️🕳️😭,💀💊😭🕳️⚠️,💀😭🔪🚨",1
101,"💀⚠️🔪😭,💀💊🕳️😰🚨,💀💊😭🕳️⚠️,💀🔪😭⚠️,💀🔪😰🕳️😭",2
101,"💀💊🕳️😰🚨,💀💊😭🕳️⚠️,💀🔪😭⚠️,💀🔪😰🕳️😭,💀🔪🚨😭🕳️",1
101,"💀💊😭🕳️⚠️,💀🔪😭⚠️,💀🔪😰🕳️😭,💀🔪🚨😭🕳️,💀😭⚠️🕳️😫",1
101,"💀😭🔪🚨,💀🔪😰🕳️😭,💀🔪🚨😭🕳️,💀😭🔪🌑,💀🕳️😭⚠️😖",2
101,"💀🔪😰🕳️😭,💀🔪🚨😭🕳️,💀😭😞🔪⚠️,💀🕳️😭⚠️😖,💀😭🕳️⚠️🔪",0
102,"💀🕳️🚨😭⚠️,💀🔪😰🕳️😭,💀⚠️🕳️😰💊,💀🕳️😭⚠️😖,💀🔪🩸😰⚠️",2
102,"💀🔪😰🕳️😭,💀⚠️🕳️🔪,💀🕳️😭⚠️😔,💀🔪🩸😰⚠️,💀⚠️🔪😰🕳️",1
102,"💀⚠️🕳️😰💊,💀🕳️😭⚠️😖,💀🔪🩸⚠️🕳️,💀⚠️🔪🕳️,💀⚠️🕳️😭🚨",1
102,"💀🕳️😭⚠️😖,💀🔪🕯️🕳️🚨,💀⚠️🔪😰🕳️,💀⚠️🕳️😭🚨,😔💔😞🕳️⚠️",1
102,"💀🔪🩸😰⚠️,💀⚠️🕳️😰💊,💀⚠️🕳️😭🚨,😔💔😞🕳️⚠️,💀😔🕳️⚠️😭",1
102,"💀⚠️🔪😰🕳️,💀⚠️🕳️😭🚨,😔💔😞🕳️⚠️,💀😔🕳️⚠️😭,💀🕳️😭⚠️🔪",1
102,"💀⚠️🕳️😭🚨,😔💔😞🕳️⚠️,💀😔🕳️⚠️😭,💀🕳️😭⚠️🔪,💀🕳️😭⚠️",1
102,"😔💔😞🕳️⚠️,💀😔🕳️⚠️😭,💀🕳️😭⚠️🔪,💀🕳️😭⚠️,💀🕳️⚠️😭🧠",0
102,"💀😔🕳️⚠️😭,💀🕳️😭⚠️🔪,💀🕳️😭⚠️,💀🕳️⚠️😭🧠,💀⚰️⚠️🕳️😭",1
102,"💀🕳️😰⚠️😭,💀🕳️😭⚠️,💀😭⚠️🕳️,💀⚰️⚠️🕳️😭,💀🕳️😭😔⚠️",1
102,"💀🕳️😭⚠️,💀😭⚠️🕳️,💀⚰️⚠️🕳️😭,💀🕳️😭😔⚠️,💀😔😭🕳️⚠️",1
102,"💀🕳️⚠️😭🧠,💀⚠️🕳️😭🚨,💀🕳️😭😔⚠️,💀😔😭🕳️⚠️,💀🔪🩸⚠️😭",1
102,"💀⚠️🕳️😭🚨,💀🕳️😭😔⚠️,💀😔🕳️😭⚠️,💀🔪🕳️😭,💀🕳️😭😔⚠️",2
102,"💀🕳️😭😔⚠️,💀😔😭🕳️⚠️,💀🔪🩸⚠️😭,💀🕳️😭😔⚠️,💀⚠️🕳️😭🚨",1
102,"💀😔😭🕳️⚠️,💀🔪🩸⚠️😭,💀🕳️😭😔⚠️,💀🕳️⚠️😭🚨,💀🕳️😭😔⚠️",1
103,"💀🕳️😭⚠️😔,💀😔🕳️😭⚠️,,😰💀⚠️😭,💀💊😭🕳️⚠️",0
103,"💀🕳️😭😔⚠️,,😰💀⚠️😭,💀💊😭🕳️⚠️,💀⚠️🕳️😭🚨",1
103,",😰💀⚠️😭,💀💊🕳️😭,💀🕳️😭⚠️🚨,💀🔪😭⚠️",0
103,"😰💀⚠️😭,💀💊😭🕳️⚠️,💀🕳️😭⚠️🚨,💀🔪😭🕳️🚨,💀🕳️😭💊⚠️",0
103,"💀💊😭🕳️⚠️,💀🕳️😭⚠️🚨,💀🔪😭🕳️🚨,💀🕳️😭💊⚠️,💀🕳️⚠️😭",1
103,"💀⚠️🕳️😭🚨,💀🔪😭⚠️,💀🕳️😭💊⚠️,💀⚠️🕳️😭🚨,💀🕳️😭⚠️",0
103,"💀🔪😭⚠️🕳️,💀🕳️😭💊⚠️,💀⚠️🕳️😭🚨,💀🕳️😭⚠️,💀😰🕳️😭⚠️",2
103,"💀🕳️😭💊⚠️,💀⚠️🕳️😭🚨,💀🕳️😭⚠️,💀😰🕳️😭⚠️,💀🔪😭🚨🕳️",0
103,"💀⚠️🕳️😭,💀🕳️😭⚠️,💀😰🕳️😭⚠️,💀🔪😭🚨🕳️,💀🕳️😭⚠️",1
103,"💀🕳️😭⚠️,💀😰🕳️😭⚠️,💀🔪😭🚨🕳️,💀🕳️😭⚠️,💀🕳️😭⚠️🌑",2
103,"💀😰🕳️😭⚠️,💀🔪😭🚨🕳️,💀🕳️😭⚠️,💀🕳️😭⚠️🌑,💀🔪🚨😭⚠️",0
103,"💀🔪😭🌑🚨,💀🕳️😭⚠️,💀🕳️😭⚠️🌑,💀🚨🔪⚠️😭,💀😭🕳️⚠️😖",1
103,"💀🕳️😭⚠️,💀🕳️😭⚠️🌑,💀🔪🚨😭⚠️,💀😭🕳️⚠️😖,💀🕳️😭⚠️🌑",2
103,"💀🕳️😭⚠️🌑,💀🔪🚨😭⚠️,💀😭🕳️⚠️😖,💀🕳️😭⚠️😔,💀😰🕳️⚠️😭",1
103,"💀🚨🔪⚠️😭,💀😭🕳️⚠️😖,💀🕳️😭⚠️😔,💀😰🕳️⚠️😭,💀🕳️😭⚠️⚰️",0
103,"💀😭🕳️⚠️😖,💀🕳️😭⚠️😔,💀😰🕳️⚠️😭,💀🕳️⚠️😭⚰️,💀🕳️😭⚠️",0
103,"💀🕳️😭⚠️😔,💀😰🕳️😭⚠️,💀🕳️⚠️😭⚰️,💀🕳️😭⚠️,💀🕳️😭⚠️",1
103,"💀😰⚠️😭🌑,💀🕳️😭⚠️⚰️,💀🕳️😭⚠️,💀🕳️😭⚠️,💀😭🔪⚠️",0
103,"💀🕳️😭⚠️⚰️,💀🕳️😭⚠️,💀😭🕳️⚠️,💀😭🔪⚠️🕳️,😔💔😢",2
103,"💀🕳️😭⚠️,💀🕳️😭⚠️,💀😭🔪⚠️,😔💔😢,💀🕳️🚨💊😭",0
103,"💀😭🕳️⚠️,💀😭🔪🌑,😔💔😢,💀🕳️🚨💊😭,😔😞😩💔🕳️",2
103,"💀😭🔪⚠️,😔💔😢,💀🕳️🚨💊😭,😔😞🕳️,💀💊🚨😭🕳️",1
103,"😔💔😢,💀🕳️🚨💊😭,😔😞🕳️,💀💊🚨😭🕳️,💀😭🕳️⚠️💔",1
103,"💀🕳️🚨💊😭,😔😞🕳️,💀💊🚨😭🕳️,💀😭🕳️⚠️,💀💊🚨😭⚠️",0
103,"😔😞🕳️,💀💊🚨😭🕳️,💀😭🕳️⚠️💔,💀💊🕳️😭,💀😔💔🕳️😭",2
103,"💀💊🚨😭⚠️,💀😭🕳️⚠️,💀💊🚨😭⚠️,😔💔😞🕳️⚠️,💀💊🚨😭🕳️",0
103,"💀😭🕳️⚠️💔,💀💊🕳️😭,💀😔🕳️😭💔,💀💊🚨😭🕳️,😔💔😢😞⚠️",0
103,"💀💊🕳️😭,💀😔🕳️😭💔,💀💊🚨😭🕳️,😔💔😢,💀⚠️🕳️😭",2
103,"💀😔💔🕳️😭,💀💊🚨😭🕳️,😔💔😢😞⚠️,💀🕳️⚠️😭,💀⚠️😭🕳️🔪",2
103,"💀💊🚨😭🕳️,😔💔😢😞⚠️,💀⚠️🕳️😭😰,💀⚠️😭🕳️🔪,💀🕳️😭⚠️😔",2
103,"😔💔😢😞⚠️,💀⚠️🕳️😭😰,💀⚠️😭🕳️🔪,💀😭🕳️⚠️😔,💀💊🚨😭🕳️",1
103,"💀⚠️🕳️😭,💀⚠️😭🕳️🔪,💀🕳️😭⚠️😔,💀💊🚨😭🕳️,💀🕳️😭⚠️",2
103,"💀⚠️😭🕳️🔪,💀🕳️😭⚠️😔,💀💊🚨😭🕳️,💀🕳️😭⚠️,💀🕳️😭🔪🚨",1
103,"💀😭🕳️⚠️😔,💀💊🚨😭🕳️,💀🕳️😭⚠️,💀🕳️😭🔪🚨,💀😭🔪⚠️",0
103,"💀💊🚨😭🕳️,💀🕳️😭⚠️,💀🕳️😭🔪🚨,💀😭🔪⚠️,💀🕳️😭⚠️",0
103,"💀🕳️😭⚠️,💀🕳️😭🔪🚨,💀😭🔪⚠️,💀🕳️😭⚠️,😔💔😭⚠️",1
103,"💀🕳️😭🔪🚨,💀😭🔪⚠️,💀🕳️😭⚠️,😔💔😞,💀🔪🚨😭🕳️",1
103,"💀😭🔪🚨,💀🕳️😭⚠️,😔💔😢,💀🔪🚨😭🕳️,💀😭🕳️⚠️",0
103,"💀🕳️😭⚠️,😔💔😭⚠️,💀🔪🚨😭🕳️,💀😭🕳️⚠️,😭💀🕳️🚨",1
103,"😔💔😭⚠️,💀🔪🚨😭🕳️,💀😭🕳️⚠️,😭💀🕳️⚠️,💀🕳️😭⚠️😖",0
103,"💀🔪🚨😭🕳️,💀😭🕳️⚠️,💀😭🕳️⚠️,💀🕳️😭⚠️😖,😔💔😢⚠️🕳️",0
103,"💀😭🕳️⚠️,💀😭🕳️⚠️,💀🕳️😭⚠️😖,😔💔😢😞⚠️,💀😰🕳️😭⚠️",1
103,"😭💀🕳️⚠️,💀🕳️😭⚠️😖,😔💔😢😞⚠️,💀😰🕳️😭⚠️,💀🔫🚨😭🕳️",0
103,"💀🕳️😭⚠️😖,😔💔😢😞⚠️,💀😰🕳️😭⚠️,💀🔫🚨😭🕳️,💀🕳️😭😔💔",1
103,"😔💔😢⚠️🕳️,💀😰🕳️😭⚠️,💀🔫🚨😭🕳️,💀🕳️😭😔💔,💀😭⚠️🕳️😫",0
103,"💀😰🕳️😭⚠️,💀🔫🚨😭🕳️,💀🕳️😭😔💔,💀😭🕳️⚠️🔫,💀🔫⚠️😭🌑",1
103,"💀🔫🚨😭🕳️,💀🕳️😭😔💔,💀😭🕳️⚠️😫,💀🔫⚠️😭🌑,💀😭🔪🚨",2
103,"💀🕳️😭😔⚠️,💀😭🕳️⚠️😫,💀🔫⚠️😭🌑,💀😭🔪🚨,💀🔫🚨😭🌑",0
103,"💀😭⚠️🕳️🔫,💀🔫⚠️😭🌑,💀😭🔪🚨,💀🔫🚨😭⚠️,💀🕳️😭⚠️",3
103,"💀🔫⚠️😭🌑,💀😭🔪🚨,💀🔫🚨😭⚠️,💀🕳️😭⚠️,💀⚠️😭🕳️",2
103,"💀😭🔪🚨,💀🔫🚨😭🌑,💀🕳️😭⚠️,💀⚠️😭🕳️,💀💊🚨😭⚠️",0
103,"💀🔫🚨😭⚠️,💀🕳️😭⚠️🚨,💀⚠️😭🕳️,💀💊🚨⚠️😭,💀😭🕳️⚠️😔",2
103,"💀🕳️😭⚠️🚨,💀⚠️😭🕳️,💀💊🚨😭⚠️,💀😭🕳️⚠️😔,💀💊🔫🚨",0
103,"💀⚠️😭🕳️,💀💊🚨🕳️😭,💀😔💔⚠️😭,💀💊🔫🚨,😔💔😭⚠️🕳️",2
103,"💀💊🚨😭⚠️,💀🕳️😭⚠️,💀💊🔫🚨,😔💔😭⚠️🕳️,💀⚠️🔪😭🕳️",2
103,"💀😭🕳️⚠️😔,💀💊🔫🚨,😔💔😭⚠️🕳️,💀⚠️🔪😭🕳️,💀🕳️😰🔪🚨",0
103,"💀💊🔫🚨,😔💔😭⚠️🕳️,💀⚠️🔪😭🌑,💀🕳️⚠️😭🔪,😔💔😢😞🕳️",1
103,"😔💔😭⚠️🕳️,💀⚠️🔪😭🕳️,💀🕳️😰🔪🚨,😔💔😢😞⚠️,💀🕳️😰🚨😭",0
103,"💀⚠️🔪😭🕳️,💀🕳️😰🔪🚨,😔💔😢😞🕳️,💀😰🕳️😭⚠️,😔💔🕳️😭⚠️",2
103,"💀🕳️😰🔪🚨,😔💔😢😞🕳️,💀😰🕳️😭⚠️,😔💔🕳️😭⚠️,💀🔪😭⚠️🕳️",0
103,"😔💔😢😞🕳️,💀😰🕳️😭⚠️,😔💔🕳️😭⚠️,💀🔪😭⚠️🕳️,💀😰🕳️😭⚠️",0
103,"💀😰🕳️😭⚠️,😔💔🕳️😭⚠️,💀🔪😭⚠️🕳️,💀😰🕳️😭⚠️,😔💔😞",0
103,"😔💔🕳️😭⚠️,💀🔪😭⚠️🕳️,💀🕳️😭⚠️,😔💔😞,💀🕳️😭😔⚠️",1
103,"💀🔪😭⚠️🕳️,💀🕳️😭⚠️,😔💔😞,😔💔🕳️,💀⚠️🕳️😭🔪",0
103,"💀😰🕳️😭⚠️,😔💔😞,😔💔🕳️,💀⚠️🕳️😭🔪,😔💔😢",2
103,"😔💔😞,😔💔🕳️,💀⚠️🕳️😭🔪,😔💔😢,💀💊😰🕳️",2
103,"😔🕳️💀,💀⚠️🕳️😭🔪,😔💔😢,💀💊🕳️😭,💀⚠️😭🕳️🚨",0
103,"💀⚠️🕳️😭🔪,😔💔😢,💀💊🕳️😭,💀⚠️😭🕳️,💀🕳️😭⚠️😔",0
103,"😔💔😢,💀💊😰🕳️,💀⚠️😭🕳️🚨,💀🕳️😭⚠️😔,💀⚠️🕳️😭🚨",2
103,"💀💊😰🕳️,💀⚠️😭🕳️🚨,💀🕳️😭⚠️😔,💀🕳️🚨😭⚠️,💀⚠️🔪😭🚨",0
103,"💀⚠️😭🕳️🚨,💀🕳️😭⚠️,💀⚠️🕳️😭🚨,💀⚠️🔪😭🚨,💀⚠️🤬💥☠️",0
103,"💀🕳️😭⚠️,💀🕳️🚨😭⚠️,💀⚠️🔪😭🚨,💀☠️🤬💢⚠️,🕳️😔💀",0
103,"💀🕳️🚨😭⚠️,💀⚠️🔪😭🚨,💀☠️🤬💢⚠️,🕳️😔💀,💀🕳️😭⚠️",0
103,"💀⚠️🔪😭🚨,💀☠️🤬💢⚠️,🕳️😔💀,💀🕳️😭⚠️,😔💔😢🕳️⚠️",1
103,"💀☠️🤬💢⚠️,🕳️😔💀,💀⚠️🕳️😭,😔💔😢🕳️⚠️,💀😭⚠️🕳️💊",0
103,"🕳️😔💀,💀🕳️😭⚠️,😔💔😢😞🕳️,💀😭⚠️🕳️💊,💀☠️⚠️🕳️😭",1
103,"💀⚠️🕳️😭,😔💔😢🕳️⚠️,💀😭⚠️🕳️😔,💀☠️⚠️🕳️😭,💀🔪😭⚠️🕳️",0
103,"😔💔😢🕳️⚠️,💀😭⚠️🕳️😔,💀⚠️🕳️😭🚨,💀🔪😭⚠️🕳️,💀🚨⚠️🕳️😭",0
103,"💀😭⚠️🕳️💊,💀☠️⚠️🕳️😭,💀🔪😭⚠️🕳️,💀🚨⚠️🕳️😭,💀🕳️😭⚠️😔",1
103,"💀☠️⚠️🕳️😭,💀🔪😭⚠️🕳️,💀🚨⚠️🕳️😭,💀😭🕳️⚠️😔,💀🚨😭🔪",1
103,"💀🔪🕳️😭⚠️,💀🚨⚠️🕳️😭,💀🕳️😭⚠️😔,💀🔪🚨😭,💀🕳️⚠️😭🔪",0
103,"💀🚨⚠️🕳️😭,💀🕳️😭⚠️😔,💀🔪🚨😭⚠️,💀🕳️⚠️😭🔪,💀🕳️😭⚠️",0
103,"💀🕳️😭🌑,💀🔪🚨😭,💀🕳️⚠️😭🔪,💀🕳️😭⚠️,💀⚠️🕳️😭🚨",1
103,"💀🚨😭🔪,💀🕳️⚠️😭🔪,💀🕳️😭⚠️,💀⚠️🕳️😭🚨,💀😔🕳️😭⚠️",0
103,"💀🕳️⚠️😭🔪,💀🕳️😭⚠️💔,💀🕳️😭⚠️🚨,💀😔🕳️😭⚠️,😔⚠️",0
103,"💀🕳️😭⚠️,💀⚠️🕳️😭🚨,💀😔🕳️😭⚠️,😔💔,💀🔪🩸🕳️🚨",2
103,"💀⚠️🕳️😭🚨,💀😔🕳️😭⚠️,😔⚠️,💀🔪🩸🚨😵,💀🔪😭⚠️",2
103,"💀😔💔🕳️😭,😔⚠️,💀🔪🩸🕳️🚨,💀🔪😭⚠️,💀😭🕳️⚠️🔪",0
103,"😔⚠️,💀🔪🩸🚨🕳️,💀🔪😰⚠️,💀😭🕳️⚠️🔪,💀😔🕳️💔😭",1
103,"💀🔪🩸🚨🕳️,💀🔪😰⚠️,💀😭🕳️⚠️🔪,😔💔😢🕳️⚠️,💀🔫⚠️😰🕳️",3
103,"💀🔪😰⚠️,💀😭🕳️⚠️🔪,💀😔🕳️💔😭,💀🔫⚠️😰🕳️,💀🔪😭⚠️",2
103,"💀😭🕳️⚠️🔪,💀😔💔🕳️⚠️,💀🔫⚠️😰🕳️,💀🔪😭⚠️,💀🚨⚰️🩸⚠️",0
103,"💀🕳️😭😔💔,💀🔫⚠️😰🕳️,💀🔪😭⚠️,💀⚰️🚨🕳️😭,😔💔😢",0
103,"💀🔫⚠️😰🕳️,💀🔪😭⚠️,💀🚨⚰️🩸⚠️,😔💔😢,💀🕳️😭⚠️",1
103,"💀🔪😭⚠️,💀⚰️🚨⚠️🕳️,😔💔😢,💀🕳️😭⚠️,💀🕳️😭⚠️",0
103,"💀⚰️🚨🕳️🩸,😔💔😢,💀🕳️😭⚠️,💀🕳️😭⚠️,💀😭⚠️🕳️",0
103,"😔💔😢,💀🕳️😭⚠️,💀🕳️😭⚠️,💀😭🕳️⚠️,😔💔🕳️😭",0
103,"💀🕳️😭⚠️,💀🕳️😭⚠️,💀😭⚠️🕳️,😔💔🕳️😭,💀🕳️😭⚠️",1
103,"💀🕳️😭⚠️,💀😭⚠️🕳️,😔💔🕳️😭⚠️,💀⚠️🕳️😭,💀🕳️😭⚠️😔",0
103,"💀😭⚠️🕳️,😔💔🕳️😭⚠️,💀⚠️🕳️😭,💀🕳️😭⚠️😔,💀🕳️😰😔😭",0
103,"😔💔🕳️😭⚠️,💀⚠️🕳️😭🚨,💀🕳️😭⚠️😔,💀😰🕳️😭⚠️,💀⚠️😭🕳️🚨",0
103,"💀🕳️😭⚠️,💀🕳️😭⚠️😔,💀🕳️😰😔😭,💀⚠️😭🕳️🚨,💀🕳️😭⚠️",0
103,"💀🕳️😭⚠️😔,💀🕳️😰😔😭,💀⚠️😭🕳️💔,💀🕳️😰⚠️😭,💀⚠️🕳️😭🚨",1
103,"💀🕳️😰😔😭,💀⚠️😭🕳️💔,💀🕳️😰⚠️😭,💀⚠️🕳️😭🚨,💀⚠️😭🕳️",0
103,"💀⚠️😭🕳️🚨,💀🕳️😭⚠️,💀⚠️🕳️😭🚨,💀⚠️😭🕳️,😔💔🕳️",0
103,"💀🕳️😭⚠️,💀⚠️🕳️😭🚨,💀⚠️😭🕳️,😔💔🕳️,💀🕳️😭⚠️🚨",1
103,"💀⚠️🕳️😭🚨,💀⚠️😭🕳️,😔💔🕳️,💀🕳️😭⚠️🚨,💀😰🕳️😭⚠️",1
103,"💀⚠️😭🕳️,😔🕳️😭,💀🕳️😭⚠️🚨,💀😰🕳️😭⚠️,💀🕳️😭⚠️💊",0
103,"😔💔🕳️,💀🕳️😭⚠️🚨,💀😰🕳️😭⚠️,💀🕳️😭⚠️💊,💀🔫⚠️😭🕳️",0
103,"💀🕳️😭⚠️🚨,💀😰🕳️😭⚠️,💀🕳️😭⚠️💊,💀🔫⚠️😰🕳️,💀🕳️😔⚠️",1
103,"💀😰🕳️😭⚠️,💀🕳️😭⚠️💊,💀🔫⚠️😭🕳️,💀🕳️😰😔💔,💀😭⚠️🕳️",0
103,"💀🕳️😭⚠️💊,💀🔫⚠️😰🕳️,💀🕳️😰😔💔,💀😭⚠️🕳️,😔💔😢",0
103,"💀🔫⚠️😰🕳️,💀🕳️😰😔💔,💀😭⚠️🕳️,😔💔😢,😔💔😢",0
103,"💀🕳️😰😔💔,💀😭⚠️🕳️,😔💔😢,😔💔😢,💀🕳️😰😭⚠️",0
103,"💀😭⚠️🕳️,😔💔😢,😔💔😢,💀🕳️😰😭⚠️,💀🕳️😭⚠️",1
103,"😔🕳️,😔💔😢,💀🕳️😭⚠️,💀🕳️😭⚠️,💀🔪⚠️😭🕳️",0
103,"😔💔😢,💀🕳️😰😭⚠️,💀🕳️😭⚠️,💀🔪⚠️😭🕳️,😔💔😭⚠️🕳️",0
103,"💀🕳️😰😭⚠️,💀🕳️😭⚠️,💀🔪⚠️😭🕳️,💀🕳️😭😔⚠️,😔😰⚠️🕳️",1
103,"💀🕳️😭⚠️,💀🔪⚠️😭🕳️,💀🕳️😭😔💔,😔⚠️🕳️,💀😭🕳️🚨",1
103,"💀🔪⚠️😭🕳️,😔💔😭⚠️🕳️,😔💔😰⚠️🕳️,💀😭🕳️🚨,💀🔫😰🕳️🚨",1
103,"😔💔😭⚠️🕳️,😔😰⚠️🕳️,💀😭🕳️⚠️,💀🔫😰🕳️🚨,💀😰⚠️😭😔",1
103,"😔💔😰⚠️🕳️,💀😭🕳️🚨,💀🔫😰🕳️🚨,💀😭⚠️😔💔,💀🕳️😰😭⚠️",0
103,"💀😭🕳️🚨,💀🔫😰🕳️🚨,💀😭⚠️😔💔,💀🕳️😰😭⚠️,💀⚠️🕳️😭",1
103,"💀🔫😰🕳️🚨,💀😭⚠️😔💔,💀🕳️😭⚠️💥,💀⚠️🕳️😭🚨,💀🕳️😭💔⚠️",0
103,"💀😭⚠️😔💔,💀🕳️😭⚠️💥,💀⚠️🕳️😭🚨,💀🕳️😭💔⚠️,😔💔😩⚠️🕳️",0
103,"💀🕳️😰😭⚠️,💀⚠️🕳️😭🚨,💀🕳️😭💔😔,😔💔😩🕳️⚠️,😰🕳️😭⚠️😔",0
103,"💀⚠️🕳️😭🚨,💀🕳️😭💔😔,😔💔😖🕳️⚠️,😰🕳️😭⚠️😔,💀😭😔⚠️💔",0
103,"💀💔🕳️😭,😔💔😖🕳️⚠️,😰🕳️😭⚠️😔,💀😭😔⚠️🕳️,😔💔😢🕳️⚠️",1
103,"😔💔😖🕳️⚠️,😰🕳️😭😔💔,💀😭😔⚠️🕳️,😔💔😰🕳️😭,💀😭💔🕳️",1
103,"😰🕳️😭😔💔,💀😭😔⚠️💔,😔💔😢🕳️⚠️,💀😭💔🕳️,💀😰⚠️😭",0
103,"💀😭😔⚠️🕳️,😔💔😰🕳️😭,💀😭💔🕳️,💀😰⚠️😭,😔💔😢⚠️",0
103,"😔💔😰🕳️😭,💀😭💔🕳️,💀😰⚠️😭,😔💔😢⚠️,😔💔😢",0
103,"💀😭💔🕳️,💀😰⚠️😭,😔💔😢⚠️,😔💔😢,💀🔫⚠️😰🕳️",0
103,"💀😰⚠️😭,😔💔😢⚠️🕳️,😔💔😢,💀🔫⚠️😰🕳️,💀🔫🌲⚠️😭",2
103,"😔💔😢⚠️,😔💔😢,💀🔫⚠️😰🕳️,💀🔫⚠️😰🕳️,💀⚠️🕳️😭🚨",0
103,"😔💔😢,💀🔫⚠️😰🕳️,💀🔫🌲⚠️😭,💀⚠️🕳️😭🔪,💀💔😭⚠️",0
103,"💀🔫⚠️😰🕳️,💀🔫⚠️🕳️😰,💀⚠️🕳️😭,💀💔😭⚠️,💔😢😔",1
103,"💀🔫⚠️😰🕳️,💀⚠️🕳️😭,💀💔😭⚠️,💔😢😔,💀🔪🕳️😭",0
103,"💀⚠️🕳️😭,💀💔😭⚠️,💔😭😔,💀🔪🕳️😭,💀🕳️😭😰⚠️",1
103,"💀💔😭⚠️,💔😭😔,💀🔪🕳️😭,💀🕳️😰😭⚠️,💀🔪😭⚠️",2
103,"💔😭😔,💀🔪🕳️😭,💀😰🕳️😭⚠️,💀🔪😭⚠️,💀😭⚠️🕳️😰",0
103,"💀🔪🕳️😭,💀😰🕳️😭⚠️,💀🔪😭⚠️,💀😭⚠️🕳️🚨,😔💔😢🕳️⚠️",1
103,"💀😰🕳️😭⚠️,💀🔪😭⚠️,💀😭⚠️🚨😔,😔💔😢🕳️⚠️,💀🕳️😭⚠️🩸",0
103,"💀🔪😭⚠️,💀😭⚠️🕳️🚨,😔💔😢🕳️⚠️,💀😭🕳️⚠️💔,💀⚠️🕳️😰😭",0
103,"💀😭⚠️🕳️🚨,😔💔😢🕳️⚠️,💀🕳️😭⚠️,💀⚠️🕳️😰😭,💀😔🕳️😭⚠️",0
103,"😔💔😢🕳️⚠️,💀🕳️😭⚠️🩸,💀⚠️🕳️😰😭,💀😔🕳️😭⚠️,💀⚠️🕳️🔪",1
103,"💀😭🕳️⚠️💔,💀🕳️⚠️😭🌑,💀😔🕳️😭⚠️,💀⚠️🕳️🔪,💀🔪😭⚠️🕳️",1
105,"💀💊⚠️🕳️😰,💀⚠️🕳️😭🔪,💀⚠️🕳️🔪😭,💀🔪😭⚠️🕳️,💀🕳️😰💊⚠️",3
105,"💀⚠️🕳️😭🔪,💀⚠️🕳️🔪😭,💀🔪🕳️😭⚠️,💀🕳️😰💊⚠️,💀💊🚨⚠️🕳️",3
105,"💀⚠️🕳️🔪😭,💀🔪😭⚠️🕳️,💀🕳️😰💊⚠️,💀💊🚨⚠️🕳️,💀💊⚠️🕳️😰",0
105,"💀🔪😭⚠️🕳️,💀🕳️😰💊⚠️,💀💊🚨⚠️🕳️,💀💊⚠️🕳️😰,💊💀⚠️😰🕳️",3
105,"💀🕳️😰💊⚠️,💀💊🚨⚠️🕳️,💀💊⚠️🕳️😰,💊💀⚠️😰🕳️,💀💊⚠️🕳️😰",1
105,"💀💊🚨⚠️🕳️,💀💊⚠️🕳️😰,💊💀⚠️😰🕳️,💀💊⚠️🕳️😰,💀🕳️⚠️😭🔪",1
105,"💀💊⚠️🕳️😰,💊💀⚠️😰🕳️,💀💊⚠️🕳️😰,💀⚠️🕳️😭🚨,💀🕳️⚠️😰🔪",1
105,"💊💀⚠️😰🕳️,💀💊⚠️🕳️😰,💀🕳️⚠️😭🔪,💀🕳️⚠️😰🔪,💀🕳️😭😔⚠️",2
105,"💀💊⚠️🕳️😰,💀🕳️⚠️😭🔪,💀🕳️⚠️😭🔪,💀🕳️😭😔⚠️,💀🕳️⚠️🔪🚨",1
105,"💀🕳️⚠️😭🔪,💀🕳️🔪⚠️😭,💀🕳️😭😔⚠️,💀⚠️🕳️🔪🚨,💀🔪⚠️🕳️😭",2
105,"💀🕳️⚠️😰🌑,💀🕳️😭😔⚠️,💀🔪🚨⚠️🕳️,💀🔪⚠️🕳️😭,💀⚠️🕳️🔪",0
108,"💀😰🕳️😭⚠️,💀💊🚨😭🕳️,💀💊🚨😭🕳️,💀⚠️🕳️😰🔪,💀🕳️🚨😭⚠️",0
108,"💀💊🚨😭🕳️,💀💊🕳️🚨,💀⚠️🕳️😰🔪,💀🕳️🚨😭⚠️,💀🕳️😭⚠️",2
108,"💀💊🚨😭🕳️,💀⚠️🕳️😰🔪,💀🕳️🚨😭⚠️,💀🕳️😭⚠️😔,💀🔪📝⚠️🚨",1
108,"💀⚠️🕳️😰🔪,💀🕳️🚨😭⚠️,💀🕳️😭⚠️😔,💀🔪📝⚠️🚨,💀😭🔪⚠️",1
108,"💀🕳️🚨😭⚠️,💀🕳️😭⚠️,💀🔪🚨📝😭,💀😭🔪⚠️,💀😭⚠️🕳️",2
108,"💀🕳️😭⚠️,💀🔪🚨😭⚠️,💀😭🔪⚠️,💀😭⚠️🕳️,💀🚨😭⚠️",3
108,"💀🔪🚨😭⚠️,💀😭⚠️🕳️,💀😭⚠️🕳️,💀🔪⚠️😭,💀💊🚨😵",3
108,"💀😭🔪⚠️,💀😭⚠️🕳️,💀🚨😭⚠️,💀💊🚨😵,💀💊🚨⚠️🕳️",1
108,"💀😭⚠️🕳️,💀🔪⚠️😭,💀💊⚠️🕳️,💀💊🚨⚠️🕳️,💀🔪⚠️😭",3
108,"💀⚠️😭🕳️,💀💊🚨😵,💀💊🚨⚠️🕳️,💀🔪⚠️😭,💀💊🚨😭⚠️",3
109,"💀😭🕳️⚠️😔,😔💀,💀🕳️😭⚠️,💀😭🕳️⚠️😔,😔💬🌙",1
109,"😔💀🧠⚕️,💀🕳️😭⚠️,💀😭🕳️⚠️😔,😔💬🌙,💀😔🕳️😭⚠️",1
109,"💀😭⚠️🕳️,💀😭🕳️⚠️😔,😔💬🌙,💀😔🕳️😭⚠️,💀😭🕳️⚠️😖",1
109,"💀😭🕳️⚠️😔,😔💔😴,💀😔🕳️😭⚠️,💀😭🕳️⚠️💊,💀😭⚠️🕳️",2
109,"😔💬🌙,💀😔🕳️😭⚠️,💀😭🕳️⚠️😖,💀😭⚠️🕳️,💀🕳️⚠️😭🔪",2
109,"💀😔🕳️😭⚠️,💀😭🕳️⚠️😖,💀😭⚠️🕳️,💀🕳️🔪🚨😭,💀🔪🕳️😭",1
109,"💀😭🕳️⚠️💊,💀😭⚠️🕳️,💀🕳️🔪⚠️😭,💀🔪🕳️😭,💀😭🕳️⚠️😔",1
109,"💀😭⚠️🕳️💊,💀🕳️🔪😭,💀🔪🕳️😭,💀😭🕳️⚠️😔,💀😭💊😔⚠️",1
109,"💀🕳️⚠️😭🔪,💀🔪🕳️😭,💀😭🕳️⚠️😔,💀😭⚠️🕳️💊,💀🕳️⚠️😭💊",3
109,"💀🔪🕳️😭,💀😭🕳️⚠️😔,💀😭💊😔⚠️,💀🕳️⚠️😭💊,💀💊⚠️🕳️😭",1
109,"💀😭🕳️⚠️😔,💀😭⚠️🕳️💊,💀🕳️⚠️😭💊,💀💊⚠️🕳️😭,💀🕳️😭⚠️",1
109,"💀😭⚠️🕳️💊,💀🕳️⚠️😭💊,💀💊⚠️🕳️😭,💀🕳️😭⚠️😖,💀😭🕳️⚠️",1
109,"💀🕳️⚠️😭💊,💀💊⚠️🕳️😭,💀🕳️😭⚠️😖,💀😭⚠️🕳️😔,💀😭⚠️🕳️😔",2
109,"💀💊⚠️🕳️😭,💀🕳️😭⚠️😖,💀😭🕳️⚠️,💀😭⚠️🕳️😔,💀⚠️🔪😭🕳️",2
109,"💀🕳️😭⚠️🔪,💀😭🕳️⚠️,💀😭⚠️🕳️😔,💀⚠️🔪😭🕳️,💀🔪🕳️😭",1
109,"💀😭🕳️⚠️,💀😭⚠️🕳️😔,💀⚠️🔪😭🕳️,💀⚠️🕳️😭,💀🕳️⚠️😭🔪",1
109,"💀😭⚠️🕳️😔,💀⚠️🔪😭🕳️,💀⚠️🕳️😭,💀🕳️🚨😭⚠️,💀🕳️⚠️😭🔪",1
109,"💀⚠️🔪😭🕳️,💀⚠️🕳️😭,💀🕳️⚠️😭🔪,💀🕳️⚠️😭🔪,💀🕳️😭⚠️🔪",1
109,"💀⚠️🕳️😭,💀🕳️🚨😭⚠️,💀🕳️⚠️😭🔪,💀🕳️😭⚠️🔪,💀🕳️⚠️😭💊",0
109,"💀🕳️🚨😭⚠️,💀🕳️⚠️😭🔪,💀🕳️😭⚠️🔪,💀🕳️⚠️😭💊,😔🕳️💀",1
109,"💀🕳️⚠️😭🔪,💀🕳️😭⚠️🔪,💀🕳️😭⚠️🚨,😔🕳️💀,💀😭🕳️⚠️💉",1
109,"💀🕳️😭⚠️🔪,💀🕳️⚠️😭💊,😔🕳️💀,💀🕳️😭⚠️,💀🕳️😭⚠️",1
109,"💀🕳️😭⚠️🚨,😔🕳️💀,💀😭🕳️⚠️💉,💀🕳️😭⚠️,💀😭⚠️🕳️😖",1
109,"😔🕳️💀,💀😭🕳️⚠️💉,💀🕳️😭⚠️,💀😭⚠️🕳️😔,💀😭🕳️⚠️💸",1
109,"💀😭🕳️⚠️💉,💀🕳️😭⚠️,💀😭🕳️⚠️😔,💀😭🕳️⚠️💸,💀😭⚠️🕳️😖",1
109,"💀🕳️😭⚠️,💀😭⚠️🕳️😖,💀😭🕳️⚠️💸,💀🕳️😭⚠️😖,💀🔪⚠️😭🕳️",1
109,"💀😭⚠️🕳️😖,💀😭🕳️🚨💸,💀🕳️😭⚠️😖,💀🔪⚠️😭🕳️,💀🕳️😭⚠️",1
109,"💀😭🕳️🚨💸,💀🕳️😭⚠️😖,💀🔪⚠️😭🕳️,💀🕳️😭⚠️,💀🕳️😭⚠️😖",1
109,"💀🕳️😭⚠️😖,💀🔪⚠️😭🕳️,💀🕳️😭⚠️,💀🕳️😭⚠️😖,💀😭⚠️🕳️😰",1
109,"💀🔪⚠️😭🕳️,💀🕳️😭⚠️,💀🕳️😭⚠️😖,💀😭⚠️🕳️😰,💀🕳️😭⚠️🔪",1
109,"💀🕳️😭⚠️,💀🕳️😭⚠️🚨,💀😭⚠️🕳️😰,💀🕳️😭⚠️🔪,💀😭🕳️⚠️😔",1
109,"💀🕳️😭⚠️😖,💀😭⚠️🕳️😰,💀🕳️😭⚠️🔪,💀🕳️😭⚠️,💀💊🕳️😰⚠️",1
109,"💀😭⚠️🕳️😰,💀🕳️😭⚠️🔪,💀🕳️😭⚠️,💀💊🕳️😰⚠️,💀😭⚠️🕳️🔪",1
109,"💀🕳️😭⚠️🔪,💀🕳️😭⚠️,💀💊🕳️😰⚠️,💀😭⚠️🕳️🔪,💀😭⚠️🕳️😖",2
109,"💀😭🕳️⚠️,💀💊🕳️😰⚠️,💀😭⚠️🕳️🔪,💀😭⚠️🕳️😖,💀⚠️🔪🕳️😭",1
109,"💀💊🕳️😰🚨,💀😭⚠️🕳️😫,💀😭⚠️🕳️😫,💀⚠️🔪🕳️😭,💀🕳️😭⚠️",2
109,"💀😭⚠️🕳️😫,💀😭⚠️🕳️🔪,💀⚠️🔪🕳️😭,💀🕳️😭⚠️,💀⚠️🔪🕳️",2
109,"💀😭⚠️🕳️😫,💀⚠️🔪🕳️😭,💀🕳️😭⚠️,💀⚠️🕳️🔪,💀🕳️😭⚠️🔪",1
109,"💀⚠️🔪🕳️😭,💀🕳️😭⚠️,💀⚠️🕳️🔪,💀🕳️😭⚠️😖,💀😭🕳️⚠️🔪",1
111,"💀🕳️😭😔💔,💀🔪🚨🕳️,💀😔💔🕳️😭,💀🔪⚠️🕳️,💀🔪⚠️😭",1
112,"💀🕳️😭⚠️,💀😭🕳️⚠️😔,💀⚠️😰🕳️🚨,💀💊⚠️😭🕳️,💀🕳️😭⚠️💔",2
112,"💀😭🕳️⚠️😔,💀⚠️😰🕳️🚨,💀💊⚠️😭🕳️,💀🕳️😭💔⚠️,💀🕳️⚠️😰💊",1
112,"💀⚠️😰🕳️🚨,💀💊⚠️😭🕳️,💀🕳️😭💔⚠️,💀🕳️⚠️😭💊,💀😭🕳️⚠️😔",3
113,"💀😭😔⚠️,💀😭🔪⚠️🕳️,😔😢😞,😭😔💔⚠️,💀🕳️😭😔⚠️",0
113,"💀😭🔪⚠️🕳️,😔😢😞,😭😔💔⚠️,💀🕳️😭😔⚠️,😔😢🥺",1
113,"😔😢😞,😭😔⚠️💔,💀🕳️😭😔⚠️,😔😢🥺,💀😭⚠️🕳️",1
113,"😭😔💔⚠️,💀🕳️😭😔⚠️,😔😢🥺,💀🕳️😭⚠️,💀😭⚠️🕳️",2
113,"💀🕳️😭😔⚠️,😔😢😞,💀😭⚠️🕳️,💀😰🕳️😭,💀⚠️🪦😰🌑",1
113,"😔😢,💀😭⚠️🕳️,💀😭⚠️🕳️,💀⚠️🪦😰🔪,💀⚠️🔪😭",1
113,"💀🕳️😭⚠️,💀😰🕳️😭,💀⚠️🪦😰🔪,💀⚠️🔪😭,💀⚠️😭😔🩸",1
113,"💀😭⚠️🕳️,💀⚠️🪦😰🔪,💀⚠️🔪😭,💀⚠️🕳️😭😔,💀⚠️🕳️😭😔",3
113,"💀⚠️🪦😰🔪,💀🔪⚠️😭,💀⚠️🕳️😭😔,💀⚠️🕳️😭😔,💀😭⚠️🕳️",0
113,"💀🔪⚠️😭,💀⚠️🕳️😭,💀⚠️🕳️😭😔,💀😭⚠️🕳️,😔💔😢",1
113,"💀⚠️🕳️😭😔,💀⚠️🕳️😭😔,💀😭⚠️🕳️,😔💔😢,😭💔😔⚠️",1
113,"💀⚠️🕳️😭,💀😭⚠️🕳️,😔💔😢,😭💔😔⚠️,💀😭⚠️🕳️",1
113,"💀😭⚠️🕳️,😔💔😢,😭💔😔⚠️,💀😭⚠️🕳️,💀😭🕳️🔪",1
113,"😔💔😢,😭💔😔⚠️,💀😭⚠️🕳️,💀😭🕳️🔪,💀😭🕳️🔪",1
113,"😭😔💔⚠️,💀😭⚠️🕳️,💀😭🕳️🔪,💀😭🕳️🔪,💀😭🕳️⚠️",1
113,"💀😭⚠️🕳️,💀😭🕳️🔪,💀😭🕳️🔪,💀😭🕳️🔪,💀😭🕳️🔪",1
113,"💀😭🕳️🔪,💀😭🕳️😖,💀😭🕳️🔪,💀😭🕳️🔪,💀😭🕳️🔪",1
113,"💀😭🕳️🔪,💀😭🕳️🔪,💀😭🕳️🔪,💀😭🕳️🔪,💀😭🕳️🔪",1
113,"💀😭🕳️🔪,💀😭🕳️🔪,💀😭🕳️⚠️,💀😭🕳️🔪,💀⚠️🕳️😭🔪",1
113,"💀😭🕳️🔪,💀😭🕳️⚠️,💀😭🕳️🔪,💀🕳️⚠️😭🔪,💀⚠️🕳️😭🔪",1
113,"💀😭🕳️😔,💀😭🕳️🔪,💀⚠️🕳️😭🔪,💀⚠️🕳️😭🔪,💀🕳️⚠️😭🔪",1
113,"💀😭🕳️⚠️,💀🕳️⚠️😭🔪,💀🕳️⚠️😭🔪,💀🕳️⚠️😭🔪,💀⚠️🕳️😭💊",1
113,"💀⚠️🕳️😭🔪,💀🕳️⚠️😭🔪,💀🕳️⚠️😭🔪,💀⚠️🕳️😭💊,💀😭🔪⚠️",1
113,"💀⚠️🕳️😭🔪,💀🕳️⚠️😭🔪,💀🕳️⚠️😭🔪,💀😭🔪⚠️🕳️,😔😢😞💔😭",1
113,"💀⚠️🕳️😭🔪,💀⚠️🕳️😭💊,💀😭🔪⚠️,😔😢😞💔😭,😔😢😞💔😭",1
113,"💀🕳️⚠️😭🔪,💀😭🔪⚠️🕳️,😔😢😞💔😭,😔😢😞💔😭,😔😢😞💔😭",0
113,"💀😭🔪⚠️,😔😢😞💔😭,😔😢😭😞💔,😔😢😭😞💔,😔💔😰😭⚠️",1
113,"😔😢😞💔😭,😔😢😭😞💔,😔😢😞💔😭,😔💔😰😭⚠️,💀😭🕳️⚠️😔",1
113,"😔😢😞💔😭,😔😢😭😞💔,😔💔😢😞⚠️,💀😭😞🕳️⚠️,😔😢😞⚠️",1
113,"😔😢😞💔😭,😔😖😩💔😰,💀😭🕳️⚠️😔,😔💔😢⚠️,💀😭😞🕳️⚠️",1
113,"😔😢😖💔😞,💀😭🕳️⚠️😔,😔💔😢😞⚠️,💀😭😞🕳️⚠️,💀🔪🚨😭🕳️",1
113,"💀😭🕳️⚠️😔,😔😢😞⚠️💔,💀😭😞🕳️⚠️,💀🔪🚨😭🕳️,😔😢😭😞💔",1
113,"😔💔😢⚠️,💀😭😞💔⚠️,💀🔪🚨😭🕳️,😔😢😞💔😭,😭😔🔪💔",1
113,"💀😭😞💔⚠️,💀🔪🚨😭🕳️,😔😢😭😞💔,😭😔🔪⚠️💔,💀🔪😭⚠️",3
113,"💀🔪🚨😭🕳️,😔😢😞💔😭,😭💔😔⚠️,💀🔪😭⚠️,💀🕳️⚠️🔪😭",3
113,"😔😢😭⚠️💔,😭💔⚠️😔🔪,💀🔪😭⚠️,💀🕳️⚠️😭🔪,💀⚠️🕳️😭🔪",3
113,"😭💔😔⚠️🕳️,💀🔪😭⚠️,💀🕳️⚠️😭🔪,💀⚠️🕳️😭🔪,💀⚠️🕳️😭🔪",3
113,"💀🔪😭⚠️,💀🕳️⚠️😭🔪,💀🕳️⚠️😭🔪,💀⚠️🕳️😭🔪,💀🕳️⚠️🔪😭",3
113,"💀⚠️🕳️😭🔪,💀⚠️🕳️😭🔪,💀🕳️⚠️😭🔪,💀⚠️🕳️😭🔪,💀🕳️⚠️🔪😭",3
113,"💀⚠️🕳️😭🔪,💀⚠️🕳️😭🔪,💀🕳️⚠️😭🔪,💀⚠️🕳️😭🔪,💀🕳️⚠️🔪😭",3
113,"💀🕳️⚠️🔪😭,💀🕳️⚠️😭🔪,💀🕳️⚠️😭🔪,💀🕳️⚠️😭🔪,💀⚠️🕳️😭🔪",3
113,"💀⚠️🕳️😭🔪,💀⚠️🕳️😭🔪,💀🕳️🔪🚨😭,💀🕳️⚠️😭🔪,💀🕳️⚠️😭🔪",3
113,"💀🕳️⚠️😭🔪,💀🕳️⚠️😭🔪,💀🕳️⚠️🔪😭,💀🕳️⚠️😭🔪,💀🕳️⚠️🔪😭",3
113,"💀🕳️⚠️😭🔪,💀🕳️⚠️🔪😭,💀🕳️⚠️😭🔪,💀⚠️🕳️😭🔪,💀🕳️⚠️🔪😭",0
113,"💀⚠️🕳️😭🔪,💀🕳️⚠️😭🔪,💀⚠️🕳️😭🔪,💀🕳️⚠️😭🔪,😔😢⚠️",0
113,"💀🕳️⚠️😭🔪,💀⚠️🕳️😭🔪,💀🕳️⚠️😭🔪,😔😢⚠️,😔😢⚠️",0
113,"💀🕳️⚠️🔪😭,💀🕳️⚠️😭🔪,😔😢😞⚠️,😔😢⚠️,😔😢⚠️",0
113,"💀🕳️⚠️😭🔪,😔😢⚠️,😔😢⚠️,😔😢⚠️,😔😢⚠️",3
113,"😔😢⚠️,😔😢😞⚠️,😔😢⚠️,😔😢⚠️,💀🕳️🚨😭⚠️",3
113,"😔😢⚠️,😔😢⚠️,😔😢⚠️,💀🕳️🚨😭⚠️,💀🕳️⚠️😭🔪",3
113,"😔😢⚠️,😔😢⚠️,💀🕳️🚨😭⚠️,💀🕳️🚨😭⚠️,💀🕳️🚨😭⚠️",3
113,"😔😢⚠️😭,💀🕳️🚨😭⚠️,💀🕳️🚨😭⚠️,💀🕳️🚨😭⚠️,💀🕳️🚨😭⚠️",3
113,"💀🕳️🚨😭⚠️,💀🕳️⚠️😭🔪,💀🕳️🚨😭⚠️,💀🕳️🚨😭⚠️,💀🕳️🚨😭⚠️",1
113,"💀🕳️🚨😭⚠️,💀🕳️🚨😭⚠️,💀🕳️🚨😭⚠️,💀🕳️😭🔪🚨,💀😭🕳️🚨",1
113,"💀🕳️🚨😭⚠️,💀🕳️🚨😭⚠️,💀🕳️🚨😭⚠️,💀😭🕳️🚨,💀😭🕳️🚨",1
113,"💀🕳️🚨😭⚠️,💀🕳️🚨😭⚠️,💀😭🕳️🚨,💀😭⚠️🕳️,💀😭🕳️🚨",1
113,"💀🕳️🚨😭⚠️,💀😭🕳️🚨,💀😭🕳️🚨,💀😭🕳️🚨,💀😭🕳️🚨",1
113,"💀😭🕳️🚨,💀😭🕳️🚨,💀😭🕳️🚨,💀😭🕳️⚠️,💀😭🕳️🚨",1
114,"💀🕳️⚠️😭🔪,💀🕳️😭⚠️💔,😔💔😢🕳️⚠️,💀🕳️😔,💀🕳️😭⚠️😔",1
114,"💀🕳️😭⚠️💔,😔💔🕳️😭⚠️,💀🕳️😔,💀🕳️😭😔⚠️,😔💔😢🕳️⚠️",0
114,"😔💔🕳️😭⚠️,💀🕳️😔,💀🕳️😭😔⚠️,😔💔😢🕳️⚠️,😔💔😢😞🕳️",0
114,"💀🕳️😭😔⚠️,💀🕳️😭😔⚠️,😔💔😢🕳️⚠️,😔💔😭🕳️⚠️,💀⚠️😰🏥🕳️",1
114,"💀🕳️😭⚠️😔,😔💔😢🕳️⚠️,😔💔🕳️😭⚠️,💀⚠️😰🏥🕳️,💀😭🕳️⚠️😔",2
114,"😔💔😢🕳️⚠️,😔💔🕳️😭⚠️,💀⚠️😰🏥🕳️,💀😭🕳️⚠️😔,💀⏳😞🕳️⚠️",0
114,"😔💔🕳️😭⚠️,💀⚠️🚨🏥😰,💀😭🕳️⚠️😔,💀⚠️🕳️😭😔,😰😔🕳️⚠️",0
114,"💀⚠️😰🏥🕳️,💀😭🕳️⚠️😔,💀⏳😞🕳️⚠️,😰😔🕳️⚠️💔,💀😭🕳️⚠️💔",1
114,"💀😭🕳️⚠️😔,💀⏳😔🕳️⚠️,😰😔🕳️💔⚠️,💀🕳️😭💔⚠️,💀🕳️😭🌑",1
114,"💀⏳🕳️😭⚠️,😰😔🕳️⚠️,💀🕳️😭😔💔,💀🕳️😭🌑,💀🔪🚨⚠️🕳️",1
114,"😰😔💔⚠️,💀🕳️😭😔💔,💀🕳️😭🌑,💀🔪🚨⚠️🕳️,💀🕳️⚠️😭🌑",1
114,"💀🕳️😭💔⚠️,💀🕳️😭🌑,💀🔪🚨⚠️🕳️,💀⚠️🕳️😭🌑,💀⚠️😰🕳️😭",1
114,"💀🕳️😭⚠️,💀🔪🚨⚠️🕳️,💀🕳️⚠️😭🌑,💀⚠️😰🕳️😭,💀🕳️😭⚠️",2
114,"💀🔪🚨⚠️🕳️,💀⚠️🕳️😭🌑,💀⚠️😰🕳️😭,💀🕳️😭⚠️,💀💊🔪⚠️😰",1
114,"💀🕳️⚠️😭🌑,💀⚠️😰🕳️😭,💀🕳️😭⚠️💔,💀💊🔪⚠️🕳️,💀😭😰⚠️🕳️",1
114,"💀⚠️😰🕳️😭,💀🕳️😭⚠️,💀💊🔪⚠️😰,💀😭😰⚠️🕳️,😔💔😭🕳️⚠️",0
114,"💀🕳️😭⚠️,💀💊🔪⚠️🕳️,💀😭⚠️🕳️,💀🕳️😭😔💔,😔💔🕳️😭⚠️",0
114,"💀💊🔪⚠️🕳️,💀😭😰⚠️🕳️,😔💔😭🕳️⚠️,😔💔😞🕳️⚠️,💀😭⚠️🕳️",1
114,"💀😭😰⚠️🕳️,💀🕳️😭😔💔,😔💔🕳️😭⚠️,💀😭⚠️🕳️,💀🔪🚨⚠️🕳️",0
114,"💀🕳️😭😔💔,😔💔😞🕳️⚠️,💀😭⚠️🕳️,💀🔪⚠️🕳️😭,💀⚠️😰🕳️😭",1
114,"😔💔🕳️😭⚠️,💀😭⚠️🕳️,💀🔪🚨⚠️🕳️,💀⚠️😰🕳️😭,💀😭⚠️🕳️",0
114,"💀😭⚠️🕳️,💀🔪🚨⚠️🕳️,💀⚠️😰🕳️😭,💀😭⚠️🕳️,💀🔪🚨⚠️😭",3
114,"💀🔪⚠️🕳️😭,💀⚠️😰🕳️😭,💀😭⚠️🕳️,💀🔪🚨😭⚠️,💀💊😰🕳️",0
114,"💀⚠️😰🕳️😭,💀😭⚠️🕳️,💀🔪🚨⚠️😭,💀💊😰🕳️,😭😰🕳️💔😔",0
114,"💀😭⚠️🕳️,💀🔪🚨🕳️😭,💀💊😰🕳️,😭😰🕳️💔😔,😔💔🕳️",1
114,"💀🔪🚨😭⚠️,💀💊😰🕳️,😭😰🕳️💔😔,😔💔🕳️,💀🕳️😭⚠️",3
114,"💀💊😰🕳️,😭😰🕳️💔😔,😔💔😢,💀🕳️😭🚨,💀💊🚨😭🕳️",1
114,"😭😰💔😔⚠️,😔💔🕳️,💀🕳️😭⚠️,💀💊🚨😭🕳️,💀🕳️😭😔💔",1
114,"😔💔🕳️,💀🕳️😭🚨,💀💊🚨😭🕳️,💀🕳️😭😔💔,💀🕳️😭⚠️🌑",1
114,"💀🕳️😭🚨,💀💊🚨😭🕳️,💀🕳️😭😔💔,💀🕳️😭⚠️🌑,💀🕳️😭⚠️",1
114,"💀💊🚨😭🕳️,💀🕳️😭😔💔,💀🕳️😭⚠️🌑,💀🕳️😭⚠️,💀🔪🚨😭⚠️",0
114,"💀🕳️😭😔💔,💀🕳️😭⚠️🌑,💀🕳️😭⚠️,💀🔪🚨😭⚠️,💀💊🚨⚠️🕳️",0
114,"💀🕳️😭⚠️🌑,💀🕳️😭⚠️,💀🔪🚨😭⚠️,💀💊🚨⚠️🕳️,💀🚨⚠️🕳️😭",0
114,"💀🕳️😭⚠️,💀🔪🚨😭,💀💊🚨⚠️🕳️,💀🚨⚠️😭🕳️,💀⚠️🕳️😭🚨",0
115,"💀😰🕳️😭⚠️,💀🕳️😭💊⚠️,😔💔😢⚠️,💀😭🕳️⚠️😔,💀🕳️🚨😭💊",1
115,"💀🕳️😭💊⚠️,😔💔😢⚠️,💀😭🕳️⚠️😔,💀🕳️⚠️😭🔪,💀⚠️🕳️😭",1
115,"😔💔😢⚠️,💀😭🕳️⚠️😔,💀🕳️🚨😭💊,💀⚠️🕳️😭,💀🕳️😭⚠️💔",0
115,"💀😭🕳️⚠️😔,💀🕳️🚨😭⚠️,💀⚠️🕳️😭,💀🕳️😭⚠️💔,😔📞💔🥺",2
115,"💀🕳️🚨😭💊,💀⚠️🕳️😭,💀🕳️😭⚠️💔,😔📞💔🥺,",3
115,"💀⚠️🕳️😭,💀🕳️😭⚠️💔,😔📞💔🥺⚠️,,💀😭⚠️🕳️💊",3
115,"💀🕳️😭⚠️💔,😔📞💔🥺,,💀😭🕳️⚠️💊,💀💊⚠️😭🕳️",0
115,"😔📞💔😞,,💀😭⚠️🕳️💊,💀💊⚠️😭🕳️,😔💔😢",3
116,"💀☠️🚨💊⚠️,💀💊😰🕳️🚨,💀💊🕳️🚨😭,💀🕳️⚠️😭⚰️,😔😞🕳️😭⚠️",0
116,"💀💊⚠️🕳️😭,💀💊⚠️🕳️😭,💀🕳️⚠️😭⚰️,😔💔😞🕳️⚠️,💀😰🕳️😭⚠️",0
116,"💀💊⚠️🕳️😭,💀🕳️⚠️😭⚰️,😔💔😞🕳️⚠️,💀😰🕳️😭⚠️,💀🕳️😭⚠️",1
116,"💀🕳️⚠️😭⚰️,😔💔😞🕳️,💀😰🕳️😭⚠️,💀🕳️😭⚠️,💀💊😰🕳️⚠️",1
116,"😔💔😞🕳️,💀😰🕳️😭⚠️,💀🕳️😭⚠️,💀💊😰🕳️⚠️,💀🕳️⚠️😭🌑",0
116,"💀😰🕳️😭⚠️,💀🕳️😭⚠️,💀💊😰🕳️🚨,💀🕳️⚠️😭🌑,😔💔😢",0
116,"💀🕳️😭⚠️,💀💊😰🕳️⚠️,💀🕳️⚠️😭🌑,😔💔😢,😔💭❓",1
116,"💀💊😰🕳️🚨,💀🕳️⚠️😭🌑,😔💔❓,😔💭❓,💀😭🕳️⚠️💊",1
116,"💀🕳️⚠️😭🌑,😔💔😢,🤔💭😔,💀🕳️😭⚠️💊,💀🕳️😭⚠️💊",1
116,"😔💔❓,😔💭❓,💀🕳️😭⚠️💊,💀🕳️😭⚠️💊,💀🕳️😭⚠️😔",0
116,"😔💭❓,💀🕳️😭⚠️💊,💀🕳️😭⚠️💊,💀🕳️😭⚠️😔,💀🕳️😰😔😭",0
116,"💀😭🕳️⚠️💊,💀🕳️😭⚠️💊,💀🕳️😭⚠️😔,💀🕳️😰😔😭,💀🕳️⚠️😭😔",1
116,"💀🕳️😭⚠️💊,💀🕳️😭⚠️😔,💀🕳️😭😔⚠️,💀🕳️⚠️😭😔,💀🕳️😭💊⚠️",1
116,"💀🕳️😭⚠️😔,💀🕳️😭😔⚠️,💀🕳️⚠️😭😔,💀🕳️😭💊⚠️,💀🕳️😭💊⚠️",1
116,"💀🕳️😰😔😭,💀🕳️⚠️😭😔,💀🕳️😭💊⚠️,💀🕳️😭💊⚠️,💀😭🕳️⚠️😔",1
116,"💀⚠️🕳️😭😔,💀🕳️😭💊⚠️,💀🕳️😭💊⚠️,💀😭🕳️⚠️😔,💀😭⚠️🕳️💔",1
116,"💀🕳️😭💊⚠️,💀🕳️😭💊⚠️,💀😭🕳️⚠️😔,💀😭⚠️🕳️,💀⚠️🕳️😭",2
116,"💀🕳️😭💊⚠️,💀😭🕳️⚠️😔,💀😭⚠️🕳️,💀🕳️😰⚠️😭,💀🕳️🚨💊🌉",1
116,"💀😭🕳️⚠️😔,💀😭⚠️🕳️,💀🕳️😭⚠️,💀💊🌉⚠️😭,💀🕳️😭⚠️",0
116,"💀😭⚠️🕳️💔,💀⚠️🕳️😭,💀💊🌉⚠️😭,💀🕳️😭⚠️,💀🕳️⏳😰😭",0
116,"💀🕳️😭⚠️,💀🕳️🚨💊🌉,💀😭🕳️⚠️,💀🕳️⏳😰😔,💀🕳️😰😭⚠️",1
116,"💀🕳️🚨💊😭,💀🕳️😭⚠️,💀🕳️😰⚠️😭,💀🕳️😰😭⚠️,💀🕳️😭😰🌑",1
116,"💀🕳️😭⚠️,💀🕳️😰⚠️😭,💀🕳️😰😭⚠️,💀🕳️😭😰🌑,💀🕳️⚠️😭🌑",0
116,"💀🕳️⚠️😭🌑,💀🕳️😰😭⚠️,💀🕳️😭😰🌑,💀🕳️⚠️😭🌑,💀😭🕳️⚠️😔",1
116,"💀🕳️😰😭⚠️,💀🕳️😭😰🌑,💀🕳️⚠️😭🌑,💀😭🕳️⚠️😔,💀😰🕳️😭⚠️",1
116,"💀🕳️😭😰🌑,💀🕳️⚠️😭🌑,💀😭🕳️⚠️😔,💀😰🕳️😭⚠️,💀😭🕳️⚠️😔",2
116,"💀🕳️⚠️😭🌑,💀🕳️😭😰⚠️,💀😰🕳️😭⚠️,💀😭🕳️⚠️😔,💀💊🕳️😭⚠️",0
116,"💀😭🕳️⚠️😔,💀😰🕳️😭⚠️,💀🕳️😭😞⚠️,💀💊🕳️😭⚠️,💀🕳️⚠️",0
116,"💀🕳️😰😭⚠️,💀🕳️😭😞⚠️,💀💊🕳️😭⚠️,💀🕳️⚠️,😔💔😞🕳️⚠️",0
116,"💀🕳️😭😞⚠️,💀💊🕳️😭⚠️,💀🕳️⚠️,😔💔🕳️😭⚠️,😔💔🕳️😭⚠️",1
117,"💀💊⚠️🕳️😵,💀⚠️🔪🚨🕳️,💀🔪😰🕳️,😔💔😞🕳️⚠️,😔🕳️💀",2
117,"💀⚠️🔪🚨🕳️,💀🔪😰🕳️,😔💔😞🕳️⚠️,😔🕳️💀,💀⚠️🔪🕳️",2
117,"💀🔪😰🕳️,😔💔😞⚠️🕳️,😔🕳️💀,💀⚠️🔪🕳️,💀💊⚠️🚨🕳️",0
117,"😔💔😞🕳️⚠️,😔🕳️💀,💀⚠️🔪🕳️,💀💊⚠️🚨🕳️,💀🔫😰⚠️🚨",2
117,"😔🕳️💀,💀⚠️🔪🕳️,💀💊⚠️🚨🕳️,💀🔫😰⚠️🚨,💀🔪💊🚨",2
117,"💀⚠️🔪🕳️,💀💊⚠️🚨🕳️,💀🔫😰⚠️🚨,💀🔪💊🚨,💀🕳️⚠️😭🌑",0
117,"💀💊⚠️🚨🕳️,💀🔫😰⚠️🚨,💀🔪💊🚨,💀🕳️⚠️😭🌑,💀😴🕳️😭⚠️",2
117,"💀🔫😰⚠️🚨,💀🔪💊🚨,💀🕳️⚠️😭🌑,💀😴🕳️😭😔,💀💊⚠️🕳️😰",0
117,"💀🔪💊🚨,💀⚠️🕳️😭🚨,💀😴🕳️😭😔,💀💊⚠️🕳️😰,💀⚠️🕳️😭🚨",0
118,"💀⚠️🕳️😭🔪,💀🕳️⚠️😭,💀🕳️⚠️😭💔,💀😭🕳️⚠️💔,💀⚠️🕳️🔪😰",1
118,"💀⚠️🕳️😭,💀🕳️⚠️😭💔,💀😭🕳️⚠️💔,💀🔪⚠️🕳️😰,💀⚠️🕳️😭💔",2
118,"💀🕳️⚠️😭🔪,💀😭🕳️⚠️💔,💀🔪⚠️🕳️😰,💀🕳️⚠️😭💔,💀😰🕳️😭⚠️",1
118,"💀😭🕳️⚠️💔,💀⚠️🕳️🔪😰,💀🕳️⚠️😭💔,💀😰🕳️😭⚠️,💀😭🕳️⚠️💊",1
118,"💀🔪⚠️🕳️😰,💀⚠️🕳️😭💔,💀😰🕳️😭⚠️,💀🕳️😭⚠️,💀😭🕳️⚠️💔",1
118,"💀🕳️⚠️😭💔,💀😰🕳️😭⚠️,💀🕳️😭⚠️,💀😭💔⚠️🕳️,💀🕳️😭⚠️🔪",1
118,"💀😰🕳️😭⚠️,💀🕳️😭⚠️💊,💀😭💔⚠️🕳️,💀🕳️😭⚠️⚰️,💀🕳️😭⚠️😖",1
118,"💀🕳️😭⚠️,💀😭😞💔⚠️,💀🕳️😭⚠️🔪,💀🕳️😭⚠️😖,💀🕳️😭⚠️",1
118,"💀😭💔⚠️🕳️,💀🕳️😭⚠️⚰️,💀🕳️😭⚠️😖,💀🕳️😭⚠️,💀🕳️😭⚠️🩸",0
118,"💀🕳️😭⚠️🔪,💀🕳️😭⚠️😖,💀🕳️😭⚠️,💀🕳️😭⚠️💊,😭💔😔⚠️🕳️",1
118,"💀🕳️😭⚠️😖,💀🕳️😭⚠️,💀🕳️😭⚠️💔,😭💔😔⚠️🕳️,💀🕳️😭⚠️💔",0
118,"💀🕳️😭⚠️,💀🕳️😭⚠️🩸,😭💔😔⚠️🕳️,💀🕳️😭⚠️💔,💀🕳️😭⚠️💔",0
118,"💀🕳️😭⚠️💊,😭💔😔⚠️🕳️,💀🕳️😭⚠️💔,💀🕳️😭⚠️💔,😔💔😢",0
118,"💔😭😞⚠️,💀🕳️😭⚠️💔,💀🕳️😭⚠️💔,😔💔😢,😊😌💪✨🌟",0
118,"💀🕳️😭⚠️💔,💀🕳️😭⚠️💔,😔💔😢,😊💪✨🌈💚,💀🕳️⚠️",0
118,"💀🕳️😭⚠️💔,😔💔😢,😊💪✨🌈💚,💀🕳️⚠️,😔😰💔😢⚠️",1
118,"😔💔😢,😊😌💪✨🌟,💀🕳️⚠️,😔😰💔😢⚠️,💀😭⚠️💔😔",1
118,"😊💪✨🌈💚,💀🕳️⚠️,😔😰💔😢⚠️,💀😭⚠️💔😔,💀⚠️🕳️😭🚨",1
118,"💀🕳️⚠️,😔😰💔😢⚠️,💀😭⚠️💔😔,💀⚠️🕳️😭,💀🕳️⚠️😭",1
118,"😔😰💔😭⚠️,💀😭⚠️💔😔,💀⚠️🕳️😭🚨,💀🕳️⚠️😭,💀😭⚠️🕳️🔪",2
118,"💀😭⚠️💔😔,💀⚠️🕳️😭,💀🕳️⚠️😭,💀😭⚠️🕳️🔪,💀🔪⏰🕳️🚨",1
118,"💀⚠️🕳️😭,💀🕳️⚠️😭,💀😭⚠️🕳️🔪,💀🔪⏰🕳️🚨,💀😰🕳️😭⚠️",1
118,"💀🕳️⚠️😭,💀😭🔪⚠️🕳️,💀🔪⏰🕳️🚨,💀😰🕳️😭⚠️,💀🕳️😭💊⚠️",0
118,"💀😭⚠️🕳️🔪,💀🔪⏰🕳️🚨,💀😰🕳️😭⚠️,💀🕳️😭💊⚠️,💀🕳️😭😔",1
118,"💀🔪⏰🕳️🚨,💀😰🕳️😭⚠️,💀🕳️😭💊⚠️,💀🕳️😭⚠️😔,💀💊😭🕳️⚠️",0
118,"💀🕳️😭😔⚠️,💀🕳️😭💊⚠️,💀😭🕳️⚠️😔,💀💊😭🕳️⚠️,💀🙏⚠️😭",1
118,"💀🕳️😭💊⚠️,💀🕳️😭😔,💀💊😭🕳️⚠️,💀🙏⚠️😭,💀🕳️😭⚠️😖",0
118,"💀😭🕳️⚠️😔,💀💊😭🕳️⚠️,💀🙏😰⚠️🕳️,💀🕳️😭⚠️😖,💀🕳️😭",1
118,"💀💊🕳️😭⚠️,💀🙏⚠️😭,💀🕳️😭⚠️😖,💀🕳️😭,💀🕳️⚠️😭🌑",0
118,"💀🙏😰⚠️🕳️,💀🕳️😭⚠️😖,💀🕳️😭,💀🕳️⚠️😭🌑,😔💔😢⚠️🕳️",1
118,"💀🕳️😭⚠️😖,💀🕳️😭,💀🕳️⚠️😭🌑,😔💔😢⚠️🕳️,💀🕳️😭😰⚠️",0
120,"💀😔💔🕳️⚠️,💀🕳️😭⚠️😔,💀😭🕳️⚠️🚨,💀💔😭⚠️🕳️,💀🔪⚠️🕳️😰",1
120,"💀🕳️😭⚠️😔,💀😭🕳️⚠️🩸,💀💔🕳️😭⚠️,💀🔪⚠️🕳️😰,💀🕳️😭⚠️💊",1
120,"💀😭🕳️⚠️🚨,💀💔😭⚠️🕳️,💀🔪⚠️🕳️😰,💀🕳️😭⚠️💊,💀🕳️😰😭⚠️",1
120,"💀😔🕳️😭⚠️,💀🔪⚠️🕳️😰,💀🕳️😭⚠️💊,💀🕳️😭⚠️😔,💀😭⚠️🕳️😵",0
120,"💀🔪⚠️🕳️😰,💀🕳️😭⚠️💊,💀🕳️😭⚠️😔,💀😭⚠️🕳️😵,😔💔🕳️😭⚠️",1
120,"💀🕳️😭⚠️💊,💀🕳️😭⚠️😔,💀😭⚠️🕳️😵,😔💔🕳️😭⚠️,💀😰🕳️😭⚠️",2
120,"💀🕳️😭⚠️😔,💀😭⚠️🕳️😵,😔💔🕳️😭⚠️,💀😰🕳️😭⚠️,💀⚠️😰🕳️😭",1
120,"💀😭⚠️🕳️😵,😔💔🕳️😭⚠️,💀😰🕳️😭⚠️,💀⚠️😰🕳️😭,💀⚠️🕳️😭😔",1
120,"💀🕳️😭😔💔,💀😰🕳️😭⚠️,💀⚠️😰🕳️😭,💀⚠️🕳️😭😔,💀🕳️😭⚠️😖",0
120,"💀😰🕳️😭⚠️,💀⚠️😰🕳️😭,💀⚠️😰🕳️😭,💀🕳️😭⚠️😖,😔😢",1
120,"💀⚠️😰🕳️😭,💀⚠️😰🕳️😭,💀🕳️😭⚠️😖,😔🕳️,💀⚠️🕳️😭",2
120,"💀⚠️😰🕳️😭,💀🕳️😭⚠️🌑,😔🕳️,💀⚠️🕳️😭,💀⚠️🕳️😭🔪",0
120,"💀🕳️😭⚠️😞,😔😢,💀⚠️🕳️😭,💀⚠️🕳️😭🔪,😔💔😢🕳️⚠️",3
120,"😔😢,💀⚠️🕳️😭,💀⚠️🕳️😭🔪,😔💔😢🕳️⚠️,💀😭🔪⚠️🕳️",1
120,"💀⚠️🕳️😭,💀⚠️🕳️😭🔪,😔💔🕳️😭⚠️,💀😭⚠️🕳️🔪,💀😰🕳️😭⚠️",1
120,"💀⚠️🕳️😭🔪,😔💔😞🕳️⚠️,💀😭🔪⚠️🕳️,💀😰🕳️😭⚠️,💀😭🕳️⚠️😔",0
120,"😔💔😢🕳️⚠️,💀😭🔪⚠️🕳️,💀😰🕳️😭⚠️,💀😭🕳️⚠️😔,😔💔🕳️😭⚠️",1
120,"💀😭⚠️🕳️🔪,💀😰🕳️😭⚠️,💀😭🕳️⚠️😔,😔🕳️💀,💀🕳️😭⚠️",0
120,"💀😰🕳️😭⚠️,💀😭🕳️⚠️😔,😔💔🕳️😭⚠️,💀😰🕳️😭⚠️,😔💔😢🕳️⚠️",1
120,"💀😭🕳️⚠️😔,😔💔🕳️😭⚠️,💀🕳️😭⚠️😔,😔💔😢🕳️⚠️,💀😭🕳️⚠️🚨",1
120,"😔💔🕳️😭⚠️,💀🕳️😭⚠️😔,😔💔😢🕳️⚠️,💀🕳️😭⚠️🌑,😔💔😩🕳️⚠️",2
120,"💀🕳️😭⚠️😔,😔💔😢🕳️⚠️,💀🕳️😭⚠️🌑,😔😩😞💀⚠️,💀🔪🕳️😭",0
120,"😔💔😢🕳️⚠️,💀🕳️😭⚠️🌑,😔💔😩🕳️⚠️,💀🔪🕳️😭,💀🕳️😰😭⚠️",0
120,"💀🕳️😭⚠️😰,😔💔😩🕳️⚠️,💀🔪🕳️😭,💀🕳️😰😭⚠️,💀😭🕳️⚠️😔",1
120,"😔💔😩🕳️⚠️,💀🔪🕳️😭,😰🕳️😭⚠️😔,💀😭🕳️⚠️😔,💀😰🕳️😭⚠️",1
120,"💀🔪🕳️😭,😰🕳️😭⚠️😔,💀😭🕳️⚠️😔,💀⚠️😭🕳️,💀🕳️😭⚠️",1
123,"💀💊🕳️😭,💀😔🕳️😭⚠️,😔💔😢,😔⚠️💔😢,💀🕳️😭⚠️💊",0
123,"💀😔🕳️😭⚠️,😔💔😢,😔🕳️😭,💀🕳️😭⚠️💊,😔💔🕳️",1
123,"😔💔😢,😔⚠️💔😢,💀🕳️😭⚠️💊,😔💔🕳️,💀💊🕳️😭",1
123,"😔⚠️💔😢,💀🕳️😭⚠️💊,😔💔🕳️,💀🕳️😭⚠️,💀😭🕳️🚨",0
124,"💀😭🕳️🚨,💀🕳️⚠️😭🌑,💀🕳️😭⚠️🚨,💀⚠️🪦😰🕳️,💀😰🕳️😭⚠️",0
124,"💀⚠️🕳️😭🚨,💀🕳️😭⚠️🚨,💀⚠️🪦😰🕳️,💀😰🕳️😭⚠️,😰😔💔⚠️",2
126,"💀⚠️🕳️🔪,💀💊⚠️🚨🕳️,💀🕳️⚠️🔪💊,💀💊⚠️🕳️😰,💀💊⚠️🕳️",0
126,"💀💊⚠️🕳️🚨,💀🕳️⚠️🔪💊,💊⚠️🕳️😰💀,💀💊⚠️🕳️,💀⚠️🔪🪦😰",1
126,"💀🕳️🔪💊🚨,💀💊⚠️🕳️😰,💀💊⚠️🕳️,💀⚠️🔪🪦😰,💀😔🕳️😭⚠️",0
126,"💀💊⚠️🕳️😰,💀💊⚠️🕳️,💀⚠️🔪🪦🚨,💀😔🕳️😭⚠️,💀🕳️😭⚠️",0
126,"💀💊⚠️🕳️,💀⚠️🔪🪦😰,💀😔🕳️😭⚠️,💀🕳️😭⚠️,😔😞😖💔🕳️",0
126,"💀⚠️🔪🪦😰,💀😔🕳️😭⚠️,💀🕳️😭⚠️,😔😞😖💔🕳️,😔😞😖💔🕳️",0
127,"💀🕳️⚠️😭🧠,😰⚠️😔💔,💀🕳️😭⚠️💊,💀😰🕳️😭⚠️,💀🕳️😭🚨⚠️",0
127,"😰⚠️😔💔,💀🕳️😭⚠️,💀😰🕳️😭⚠️,💀🕳️😭🚨⚠️,💀⚠️😰🕳️",1
127,"💀🕳️😭⚠️💊,💀😰🕳️😭⚠️,💀🕳️😭🚨⚠️,💀⚠️😰🕳️😭,💀⚠️🕳️😭🔪",0
127,"💀😰🕳️😭⚠️,💀🕳️😭🚨⚠️,💀⚠️😰🕳️,💀⚠️🕳️😭🔪,💀😭⚠️🕳️",3
127,"💀🕳️😭🚨⚠️,💀🕳️😰🚨😭,💀⚠️🕳️😭🔪,💀😭⚠️🕳️,💀💊😰🕳️",0
127,"💀🕳️😰🚨😭,💀⚠️🕳️😭🔪,💀😭⚠️🕳️,💀💊😰🕳️,💀🕳️⚠️",0
127,"💀⚠️🕳️😭🔪,💀😭⚠️🕳️,💀💊😰🕳️,💀🕳️⚠️,💀🕳️😭💔⚠️",0
127,"💀😭⚠️🕳️,💀💊😰🕳️,💀⚠️🕳️😭,💀🕳️😭💔⚠️,💀😔😭⚠️🕳️",1
127,"💀💊😰🕳️,💀🕳️⚠️,💀🕳️😭💔⚠️,💀😔💔🕳️😭,💀🔪😭⚠️",0
127,"💀🕳️⚠️,💀🕳️😭💔⚠️,💀😔😭⚠️🕳️,💀🔪😭⚠️,💀⚠️🕳️😭😔",0
128,"😰🕳️😭😔⚠️,😔💔😢,💀⏳🙏🕳️🚨,💀🕳️⚠️😭🔪,💀🕳️🚨😭⚠️",2
129,"💀🕳️😭⚠️🔪,💀⚠️😭🕳️,💀🕳️😭⚠️🔪,💀😭😞🕳️⚠️,💀🔪🚨😭",1
129,"💀⚠️😭🕳️,💀🕳️😭⚠️,💀😭😞🕳️⚠️,💀🔪⚠️😭,💀🔪😭⚠️",1
129,"💀🕳️😭⚠️,💀😭😞🕳️⚠️,💀🔪🚨😭,💀🔪😭⚠️,💀⚠️🕳️😭",2
129,"💀😭😞🕳️⚠️,💀🔪🚨😭,💀🔪😭⚠️,💀⚠️🕳️😭,💀⚠️🕳️😭🔪",1
129,"💀🔪🚨😭,💀🔪😭⚠️,💀⚠️🕳️😭,💀⚠️🕳️😭🔪,💀⚠️😭🕳️",2
130,"💀🔪⚠️🕳️😰,💀😭🕳️⚠️😔,💀🕳️⚠️😭❄️,💀🕳️😭⚠️,💀😭🕳️⚠️💔",1
130,"💀😭🕳️⚠️🩸,💀🕳️❄️⚠️😭,💀🕳️😭🙏⚠️,💀😭🕳️⚠️💔,💀🕳️😭😔",0
130,"💀🕳️⚠️😭❄️,💀🕳️😭🙏⚠️,💀🕳️😭💔⚠️,💀🕳️😭😔,💀🕳️😰😔⚠️",1
130,"💀🕳️😭⚠️,💀🕳️😭💔⚠️,💀🕳️😭😔,💀🕳️😰⚠️😭,💀🕳️⚠️😭🪦",1
131,"💀😰🔪😭⚠️,💀🕳️😭⚠️,💀🔪💊⚠️,💀⚠️😰🕳️💊,💀⚠️😰🕳️🚨",1
131,"💀🕳️😭⚠️,💀🔪💊⚠️,💀⚠️😰🕳️💊,💀⚠️😰🕳️🚨,💀🔪😭⚠️",1
131,"💀🔪💊⚠️,💀⚠️😰🕳️💊,💀⚠️😰🕳️🚨,💀🔪😭⚠️,💀🕳️😭⚠️",1
131,"💀⚠️😰🕳️🚗,💀⚠️😰🕳️🚨,💀🔪😭⚠️,💀⚠️🕳️😭,💀😭⚠️🕳️🔪",1
133,"💀🕳️😭⚠️😔,💀🕳️😭⚠️😔,💀💊😰🕳️⚠️,💀🕳️😭⚠️😖,💊😰😔🕳️⚠️",1
133,"💀🕳️😭⚠️😔,💀💊😰🕳️⚠️,💀🕳️😭⚠️😖,💊😰😔🕳️⚠️,💀😔🕳️😭⚠️",0
133,"💀💊😰🕳️⚠️,💀🕳️😭⚠️😖,💊😰😔🕳️⚠️,💀😔🕳️😭⚠️,😔💔😞🕳️⚠️",0
133,"💀🕳️😭⚠️😖,💊😰😔🕳️⚠️,💀😔🕳️😭⚠️,😔💔😞🕳️⚠️,💀😔🕳️😭⚠️",3
133,"💊😰😔🕳️⚠️,💀😔🕳️😭⚠️,😔💔😞🕳️⚠️,💀🕳️😭😔💸,💀😰🕳️😭⚠️",1
133,"💀😔🕳️😭⚠️,😔💔😞🕳️⚠️,💀🕳️😭😔💔,💀😰🕳️😭⚠️,💀🕳️😭⚠️🔪",0
133,"😔💔😞🕳️⚠️,💀🕳️😭😔💸,💀😰🕳️😭⚠️,💀🕳️⚠️😭🔪,💀😰🕳️😭⚠️",0
133,"💀🕳️😭😔💔,💀😰🕳️😭⚠️,💀🕳️😭⚠️🔪,💀😭⚠️🕳️😔,😔💔😢",1
134,"💀🕳️😭⚠️🔫,💀🕳️⚠️😭🔪,💀🕳️😭⚠️😔,💀🔪😭⚠️🕳️,💀🔪😭🕳️",1
134,"💀🕳️⚠️😭🔪,💀🕳️😭⚠️😔,💀🔪😭⚠️🕳️,💀🔪😭🕳️,💀🕳️😭⚠️⚰️",1
134,"💀🕳️😭⚠️🔪,💀🔪😭⚠️🕳️,💀🔪😭⚠️,💀🕳️😭⚠️⚰️,💀⚠️🕳️😭",2
134,"💀🔪😭⚠️🕳️,💀🔪😭⚠️,💀🕳️😭⚠️⚰️,💀⚠️🕳️😭,💀🔪⚠️🕳️😭",0
134,"💀🔪😭⚠️,💀🕳️😭⚠️⚰️,💀⚠️🕳️😭,💀🔪⚠️😭🕳️,💀🕳️😭⚠️",2
134,"💀🕳️😭⚠️⚰️,💀⚠️🕳️😭,💀🔪⚠️🕳️😭,💀🕳️😭⚠️,💀⚠️🔪🕳️",0
134,"💀⚠️🕳️😭,💀🔪⚠️😭🕳️,💀🕳️😭⚠️😔,💀⚠️🔪🕳️,💀⚠️🔪😭🕳️",3
134,"💀🔪⚠️🕳️😭,💀🕳️😭⚠️,💀⚠️🔪🕳️😭,💀⚠️🕳️😭🔪,💀🔪⚠️🕳️😭",1
134,"💀🕳️😭⚠️,💀⚠️🔪🕳️😭,💀⚠️🔪😭🕳️,💀🔪💊⚠️🕳️,💀😭🌑⚠️",2
134,"💀⚠️🔪🕳️😭,💀⚠️🔪😭🕳️,💀🔪💊⚠️🕳️,💀😭🌑⚠️,💀💊🕳️😭⚠️",1
134,"💀⚠️🔪😭🕳️,💀🔪⚠️🕳️😭,💀😭🕳️⚠️😔,💀💊🕳️😭⚠️,💀🕳️😭😔⚠️",0
134,"💀🔪💊⚠️🕳️,💀😭🌑⚠️🩸,💀💊🕳️😭⚠️,💀😭🕳️⚠️😔,💀🕳️⚠️😭🔪",2
134,"💀😭🌑⚠️,💀💊🕳️😭⚠️,💀🕳️😭😔⚠️,💀🕳️⚠️😭🔪,💀💊🚨😭🕳️",1
134,"💀💊🕳️😭⚠️,💀🕳️😭😔⚠️,💀🕳️⚠️😭🔪,💀💊🚨😭🕳️,💀😭🕳️⚠️😔",2
134,"💀🕳️😭😔⚠️,💀🕳️⚠️😭🔪,💀💊🚨😭🕳️,💀😭🕳️⚠️,💀🔪🚨😭🕳️",2
134,"💀🕳️⚠️😭🔪,💀💊🚨😭🕳️,💀😭🕳️⚠️😔,💀🔪🚨😭🕳️,💀⚠️🕳️😭🔪",2
134,"💀💊🚨😭🕳️,💀😭🕳️⚠️😔,💀🚨🔪😭⚠️,💀⚠️🕳️😭🔪,💀🔪🚨😭🕳️",2
134,"💀😭🕳️⚠️😔,💀🔪🚨😭🕳️,💀🔪🚨⚠️🕳️,💀🔪🚨😭🕳️,💀⚠️🔪😰🕳️",2
134,"💀🔪🚨😭🕳️,💀⚠️🕳️😭🔪,💀🔪🚨😭🕳️,💀⚠️🕳️😰🔪,💀🔪🚨😭🕳️",3
134,"💀⚠️🕳️😭🔪,💀🔪🚨😭🕳️,💀⚠️🕳️😭🔪,💀🔪🚨😭🕳️,💀⚠️🕳️😭🔪",1
134,"💀🔪🚨😭🕳️,💀⚠️🔪😰🕳️,💀🔪🚨😭🕳️,💀🔪⚠️🕳️😭,💀🕳️😭⚠️",1
134,"💀⚠️🕳️😭🔪,💀🔪🚨😭🕳️,💀⚠️🔪😭🕳️,💀🔪🕳️😭,💀🕳️😭⚠️",2
134,"💀🔪🚨😭🕳️,💀🔪🕳️😭,💀🕳️😭🔪🚨,💀😭🕳️⚠️,💀😭🚨🕳️🔪",2
134,"💀⚠️🕳️😭🔪,💀😭🕳️⚠️,💀🕳️😭⚠️,💀😭🔪🚨🕳️,💀🕳️⚠️😭🌑",0
134,"💀🕳️😭⚠️,💀🕳️😭⚠️,💀😭🔪🚨🕳️,💀🕳️⚠️😭🌑,💀🔪🚨😭⚠️",1
134,"💀😰🕳️😭⚠️,💀🔪🚨😭🕳️,💀🕳️⚠️😭🌑,💀🔪🕳️😭,💀😭🔪🌑",1
134,"💀🔪🚨😭🕳️,💀🕳️😰🚨😭,💀🔪🕳️😭,💀😭🔪🌑,💀🕳️😭⚠️🔪",2
134,"💀🕳️⚠️😭🌑,💀🔪🕳️😭,💀😭🔪🕳️,💀🕳️😭⚠️🔪,💀⚠️🕳️😭",2
134,"💀🔪🚨😭⚠️,💀😭🔪🌑,💀🕳️😭⚠️🔪,💀⚠️🕳️😭🔪,💀🔪😭🕳️🚨",3
134,"💀😭🔪🌑,💀🕳️😭⚠️🔪,💀⚠️🕳️😭,💀🔪😭🕳️🚨,💀⚠️🕳️😭🔪",1
134,"💀🕳️😭⚠️🔪,💀⚠️🕳️😭,💀🔪😭🕳️🚨,💀⚠️🕳️😭🔪,💀🔪⚠️😭🕳️",2
134,"💀⚠️🕳️😭,💀🔪😭🕳️🚨,💀⚠️🕳️😭🔪,💀🔪⚠️😭🕳️,💀🔪🚨💊🕳️",0
134,"💀🔪😭🕳️🚨,💀⚠️🕳️😭🔪,💀🔪⚠️😭🕳️,💀🔪🚨💊🕳️,💀🕳️⚠️😭🕯️",1
134,"💀⚠️🕳️😭🔪,💀🔪🕳️😭,💀🔪🚨💊🕳️,💀🕳️⚠️😭🪦,💀🔪😭🕳️🚨",1
134,"💀🔪⚠️😭🕳️,💀🔪🚨💊⚠️,💀🕳️⚠️😭🪦,💀🔪🕳️😭,💀🕳️⚠️😭⚰️",1
134,"💀🔪🚨💊⚠️,💀🕳️⚠️😭🪦,💀🔪😭🕳️🚨,💀🕳️⚠️😭🔪,💀🔪😭⚠️🕳️",2
134,"💀⚠️🕳️😭⚰️,💀🔪⚠️🕳️😭,💀🕳️🚨😭⚠️,💀🔪😭⚠️🕳️,💀🕳️⚠️😭🌑",2
135,"💀😭⚠️🕳️😔,💀🕳️😭⚠️🌑,💀🕳️😭⚠️😖,💀🕳️😭⚠️😔,💀🕳️😰😭⚠️",0
135,"💀🕳️😭⚠️🌑,💀🕳️😭⚠️😰,💀🕳️😭😔⚠️,💀🕳️😰😭⚠️,💀🕳️😰😔💔",1
135,"💀🕳️😭⚠️😖,💀🕳️😭😔⚠️,💀🕳️😰😭⚠️,💀🕳️😰😔💔,💀😭🕳️⚠️😔",0
135,"💀🕳️😭⚠️😔,💀🕳️😭😰⚠️,💀🕳️😰😔💔,💀🕳️😭😔💔,💀🕳️😭⚠️",1
135,"💀🕳️😰😭⚠️,💀🕳️😰😔💔,💀🕳️😭😔⚠️,💀🕳️😭⚠️🌑,💀🕳️😭⚠️😖",1
135,"💀🕳️😰😔💔,💀😭🕳️⚠️😔,💀🕳️😭⚠️🌑,💀🕳️😭⚠️😖,💀😭⚠️🕳️",1
135,"💀🕳️😭😔⚠️,💀🕳️😭⚠️🌑,💀🕳️😭⚠️😖,💀😭⚠️🕳️,💀🕳️😭⚠️🌑",1
135,"💀🕳️😭⚠️🌑,💀🕳️😭⚠️😖,💀😭⚠️🕳️,💀🕳️😭⚠️🌑,💀🕳️😭😞⚠️",2
135,"💀🕳️😭⚠️😖,💀😭🕳️⚠️,💀🕳️😭⚠️🌑,💀🕳️😭😔💔,😔💔😖🕳️⚠️",1
135,"💀😭⚠️🕳️,💀🕳️😭⚠️🌑,💀🕳️😭😞⚠️,😔💔😖🕳️⚠️,💀🕳️😭⚠️🌑",0
136,"💀😭🕳️⚠️,💀⚠️😭🕳️,😔💔😰🕳️,💀🕳️😭⚠️,😰🕳️😭",0
136,"💀⚠️😭🕳️,😔🕳️😭⚠️💔,💀😭🕳️⚠️,😰🕳️😭,😭💔⚠️",0
136,"😔💔🕳️😭⚠️,💀😭🕳️⚠️,😰🕳️😭,😭💔⚠️,💀🕳️😭😔⚠️",1
136,"💀😭🕳️⚠️,😰🕳️😭😔,😭💔⚠️,💀🕳️😭😰💔,💀🕳️😭⚠️😔",0
136,"😰🕳️😭,😭💔⚠️,💀🕳️😭😔⚠️,💀🕳️😭⚠️😰,😔💔😢😞⚠️",0
136,"😭💔😔,💀🕳️😭😰💔,💀🕳️😭⚠️😔,😔💔😭⚠️🕳️,😭🕳️⚠️💀",1
136,"💀🕳️😭😔⚠️,💀🕳️😭⚠️😔,😔💔😢😞⚠️,😭🕳️⚠️💀,💀😰🕳️😭⚠️",1
136,"💀🕳️😭⚠️😰,😔💔😢😞⚠️,😭🕳️⚠️💀,💀😰🕳️😭⚠️,💀⚠️😰🕳️😭",0
136,"😔💔😢😞⚠️,😭🕳️⚠️💀,💀😰🕳️😭⚠️,💀⚠️😰🕳️😭,💀😰🕳️😭⚠️",0
136,"😭🕳️💀🚨,💀😰🕳️😭⚠️,💀⚠️😰🕳️😭,💀😰🕳️😭⚠️,💀⚠️🕳️😭",0
137,"💀⚠️🕳️😭😖,💀🕳️😰😔⚠️,💀🕳️😭😰💔,💀🕳️⚠️😭🕯️,💀🕳️😭😔💔",0
137,"💀🕳️😰😔⚠️,💀🕳️😭😔💔,💀🕳️⚠️😭🕯️,💀🕳️😭😔💔,💀🕳️😭😔⚠️",0
137,"💀🕳️😭😰💔,💀🕳️⚠️😭⚰️,💀🕳️😭😔💔,💀🕳️😭😔⚠️,💀💊🕳️😭⚠️",0
137,"💀🕳️⚠️😭⚰️,💀🕳️😭😔💔,💀🕳️😭😔⚠️,💀💊🕳️😭⚠️,💀🕳️😭⚠️😔",0
137,"💀🕳️😭😔💔,💀🕳️😭😔⚠️,💀💊🕳️😭⚠️,💀🕳️😭⚠️😔,😔💔😖🕳️⚠️",0
137,"💀🕳️😭😔⚠️,💀💊🕳️😭⚠️,💀🕳️😭⚠️😔,😔💔😖🕳️⚠️,💀😰⚠️🕳️😭",1
137,"💀💊🕳️😭⚠️,💀🕳️😭⚠️😔,😔💔🕳️😭⚠️,💀😰⚠️🕳️😭,💀🕳️😭⚠️😔",0
137,"💀🕳️😭⚠️😔,😔💔🕳️😭⚠️,💀⚠️😰🕳️😭,💀🕳️😭😞⚠️,💀🕳️⚠️😭😔",0
138,"💀🔪🩸🕳️🚨,💀😭🔪🕳️,💀🔪🚨😭🕳️,💀🕳️😭⚠️,💀🕳️⚠️😭",0
138,"💀😭🔪🕳️,💀🔪🚨😭🕳️,💀🕳️😭⚠️,💀🕳️⚠️😭,😭🔪💔🕳️",1
138,"💀🔪🚨😭🕳️,💀🕳️😭⚠️,💀⚠️🕳️😭,😭🔪💔🕳️,💀😭⚠️🕳️",1
138,"💀🕳️😭⚠️,💀🕳️⚠️😭,😭🕳️💀⚠️,💀😭🕳️⚠️,💀😭🕳️⚠️💔",3
139,"💀😔⚠️😭🕳️,💀😰😭⚠️,💀🕳️😭💔⚠️,😔💔😢,💀🕳️😭🔪",1
139,"💀😰😭⚠️,💀🕳️😭😔💔,😔💔😢,💀🕳️😭⚠️🔪,💀😭🕳️⚠️😔",1
139,"💀🕳️😭💔⚠️,😔💔😢,💀🕳️😭⚠️🔪,💀😭🕳️⚠️😔,💀⚠️🕳️😭🔪",1
139,"😔💔😢,💀🕳️😭⚠️🔪,💀😭🕳️⚠️😔,💀⚠️🕳️😭🔪,💀🕳️😭😔⚠️",0
139,"💀🕳️😭⚠️🔪,💀😭🕳️⚠️😔,💀⚠️🕳️😭🔪,💀🕳️😭😔⚠️,💀⚠️🕳️😰🔪",3
139,"💀😭🕳️⚠️😔,💀⚠️🕳️😭🔪,💀🕳️😭😔⚠️,💀⚠️🕳️😰🔪,💀💊🚨😭⚠️",0
139,"💀⚠️🕳️😭🔪,💀🕳️😭😔⚠️,💀⚠️🕳️😰🔪,💀💊🚨😭⚠️,😔💔😩",1
139,"💀🕳️😭😔⚠️,💀⚠️🕳️😰🔪,💀💊🚨😭⚠️,😔💔😩,💀😔💔⚠️",3
139,"💀⚠️🔪🕳️,💀💊🚨😭⚠️,😔😩😞💔😴,💀😔💔⚠️,💀🕳️😭⚠️😔",0
139,"💀💊😰🕳️,😔😩😞💔,💀😔💔⚠️,💀🕳️😭⚠️😔,😔💔😢",0
139,"😔😩😞💔😢,💀💔😭⚠️,💀🕳️😭⚠️😔,😔💔😢,😔💔😢😞⚠️",3
139,"💀😔💔⚠️,💀🕳️😭⚠️😔,😔💔😢,😔💔😭⚠️🕳️,💀🕳️😰⚠️😭",3
139,"💀🕳️😭⚠️😔,😔💔😢,😔💔😢🕳️⚠️,💀🕳️😰😭⚠️,💀⚠️🕳️😭",1
140,"💀🕳️🚨⚰️😭,💀🚂⚠️🕳️😭,💀🔪🚨⚰️😭,💀🕳️⚠️,💀🔪🚨💊⚠️",2
140,"💀🚂⚠️🕳️,💀🔪🚨⚰️😭,💀⚠️🕳️😭,💀⚠️🚨🕳️💊,💀🚂💊⚠️",1
140,"💀🔪🚨⚰️😭,💀⚠️🕳️😭,💀🔪🚨💊⚠️,💀🚂💊⚠️🕳️,💀🔪🕳️😭",1
140,"💀🕳️⚠️,💀🔪🚨💊⚠️,💀🚂💊⚠️,💀🔪🚨😭,💀🔪😭🚨",0
140,"💀🔪🚨💊🕳️,💀🚂💊⚠️,💀🔪🚨😭,💀🔪😭🚨,💀🔪🚨⚠️😭",2
140,"💀🚂💊⚠️,💀🔪😭⚠️,💀🔪😭🚨,💀🚨⚠️😭🔪,💀🚨⚠️🕳️😭",0
140,"💀🔪🚨😭⚠️,💀🔪😭🚨,💀🔪🚨⚠️😭,💀🚨⚠️🕳️😭,💔😭🕳️⚠️💀",0
140,"💀🔪😭🚨,💀🔪🚨⚠️😭,💀🚨⚠️🕳️😭,💀🕳️😭💔⚠️,💀⚠️😰🕳️😭",0
140,"💀🚨⚠️😭🔪,💀🚨⚠️🕳️😭,💔😭🕳️⚠️💀,💀⚠️😰🕳️😭,💀😰🕳️😭🚨",0
140,"💀🚨⚠️🕳️😭,💔😭🕳️⚠️💀,💀⚠️😰🕳️🚨,💀😰🕳️😭🚨,💀🕳️😭⚠️😖",1
140,"💔😭🕳️⚠️💀,💀⚠️😰🕳️🚨,💀😰🕳️😭⚠️,💀🕳️😭⚠️😖,💀🕳️😭🚨⚠️",1
140,"💀⚠️😰🕳️😭,💀😰🕳️😭⚠️,💀🕳️😭⚠️😖,💀🕳️😭🚨⚠️,💀🔪😭⚠️",1
140,"💀😰🕳️😭⚠️,💀🕳️😭⚠️😖,💀🕳️😭🚨⚠️,💀🔪😭⚠️,💀💊😰🕳️⚠️",0
140,"💀🕳️😭⚠️😖,💀🕳️😭🚨⚠️,💀🔪😭⚠️,💀💊😰🕳️⚠️,💀💊😰🕳️⚠️",1
140,"💀🕳️😭🚨⚠️,💀🔪😭⚠️,💀💊😰🕳️⚠️,💀⚠️😰🕳️💊,💀🔪🚨⚠️🕳️",1
140,"💀🔪😭⚠️,💀💊😰🕳️⚠️,💀🕳️😰💊⚠️,💀🔪🚨🕳️😭,💀😭🕳️⚠️🔪",3
140,"💀💊😰🕳️⚠️,💀🕳️😰💊⚠️,💀🔪🚨⚠️🕳️,💀😭🕳️⚠️🔪,💀🔪😰⚠️",1
140,"💀💊😰🕳️⚠️,💀🔪🚨⚠️🕳️,💀😭🕳️⚠️🔪,💀🔪😰⚠️,💀🔪😭🚨",3
140,"💀🔪🚨⚠️🕳️,💀😭🕳️⚠️🔪,💀🔪😰🕳️,💀🔪😭🚨,💊💀⚠️😭",3
140,"💀😭🕳️⚠️🔪,💀🔪😰🕳️,💀🔪😭🚨,💊💀🕳️🚨,💀💊🔪😭",2
140,"💀🔪😰⚠️,💀🔪😭🚨,💊💀🕳️🚨,💀💊🔪😭,💀🔪🩸🕳️🚨",2
141,"😔💔😢🕳️⚠️,💀🕳️😭⚠️😔,💀⚠️🕳️😭🔪,💀⚠️🔪🌑,💀⚠️🔪😭🌑",0
142,"💀🕳️⚠️😭🚨,💀🕳️😭⚠️,💀🔪🚨😭🕳️,💀🕳️🚨😭⚠️,💀🕳️😭⚠️🌑",0
142,"💀🕳️😭⚠️,💀🔪🚨⚰️😭,💀🕳️🚨😭⚠️,💀🕳️😭⚠️🌑,💀🕳️😭⚠️",3
142,"💀🔪🚨⚰️😭,💀🕳️🚨😭⚠️,💀🕳️😭⚠️🌑,💀🕳️😭⚠️,💀🔪⚠️🕳️",0
142,"💀🔪🚨🕳️😭,💀🕳️😭⚠️🌑,💀🕳️😭⚠️,💀🔪🚨⚠️🕳️,💀💊⚠️😭",1
143,"💀⚠️🕳️😭😰,💀🕳️😭😔⚠️,💀🕳️😭⚠️,💀💔😭⚠️😔,💀💔😭⚠️🕳️",0
143,"💀🕳️😭😔⚠️,💀🕳️😭⚠️,💀💔😭⚠️,💀💔😔🕳️😭,💀⚠️🕳️😭",0
143,"💀🕳️😭⚠️,💀💔😭⚠️,💀💔😭⚠️😔,💀⚠️🕳️😭,😔💔🕳️😭⚠️",0
143,"💀💔😔🕳️😭,💀💔😭⚠️,💀⚠️🕳️😭,😔🕳️😭💔😞,😔😞😩",1
143,"💀💔😭⚠️😔,💀⚠️🕳️😭,😔🕳️😞💔😭,😔😞😩,💀🕳️😭⚠️🕯️",1
143,"💀🕳️⚠️😭😔,😔💔🕳️😭⚠️,😔😞😩,💀🕳️😭⚠️💔,💀🕳️😭⚠️🕯️",0
143,"😔🕳️😭💔😞,😔😞😩,💀🕳️😭⚠️🕯️,💀🕳️😭⚠️🕯️,😔💔😖🕳️⚠️",0
143,"😔😞😩,💀🕳️😭⚠️💔,💀🕳️😭⚠️🕯️,😔💔😢😰⚠️,😔💔😞",1
143,"💀🕳️😭⚠️🕯️,💀🕳️😭⚠️🕯️,😔💔😢⚠️🕳️,😔💔😞,💀🕳️😭⚠️😔",1
143,"💀🕳️😭⚠️🕯️,😔💔😢😞⚠️,😔💔😞,💀🕳️😭⚠️😔,😔🕳️😭😞⚠️",0
143,"😔💔😖🕳️⚠️,😔💔😞,💀🕳️😭⚠️😔,😔🕳️😭😞⚠️,💀⚠️😭💔😔",1
143,"😔💔😞,💀🕳️😭⚠️😔,😔🕳️😭😞💔,💀⚠️😭💔😔,💀🔪😭⚠️🕳️",1
143,"💀🕳️😭⚠️😔,😔🕳️😭😞⚠️,💀😭💔⚠️,💀🔪😭⚠️🕳️,💀🔪😭⚠️🕳️",1
144,"💀🕳️⚠️😭🌑,💀🕳️⚠️😭💊,💀🕳️⚠️😭🔪,💀🕳️😭😔⚠️,💀🕳️😭⚠️",2
144,"💀🕳️⚠️😭💊,💀🕳️⚠️😭🔪,💀🕳️😭⚠️😔,💀🕳️😭⚠️,💀💊⚠️🕳️😰",0
144,"💀🔪🚨😭🕳️,💀🕳️😭😔⚠️,💀🕳️😭⚠️,💀💊⚠️🕳️😰,💀😔🕳️😭⚠️",0
144,"💀🕳️😭😔⚠️,💀🕳️😭⚠️,💀💊⚠️🕳️😰,💀🕳️😭😔⚠️,💀⚠️🕳️😭🚨",0
144,"💀🕳️😭⚠️,💀💊⚠️🕳️😰,💀😔🕳️😭⚠️,💀🕳️⚠️😭😖,😔💔😞🕳️⚠️",1
144,"💀⚠️🕳️💊😰,💀😔🕳️😭⚠️,💀🕳️😭⚠️🚨,😔💔😞🕳️⚠️,💀🕳️😭😔",1
144,"💀😔🕳️😭⚠️,💀🕳️😭⚠️🚨,😔💔😞🕳️⚠️,💀🕳️😭😔,💀🕳️😭⚠️😔",1
144,"💀🕳️⚠️😭🔒,😔💔😞🕳️⚠️,💀🕳️😭😔,💀🕳️😭⚠️😔,😔💔😢🕳️⚠️",1
144,"😔💔😢😞🕳️,💀🕳️😭😔,💀🕳️😭⚠️,😔💔😢🕳️⚠️,💀⚠️🕳️😭🚨",2
144,"💀🕳️😭⚠️😔,💀🕳️😭⚠️,😔💔😢🕳️⚠️,💀⚠️🕳️🔪📅,💀⚠️🕳️😭😰",3
144,"💀🕳️😭⚠️😔,😔💔😢🕳️⚠️,💀⚠️🕳️🔪📅,💀⚠️🕳️😭😰,💀🕳️⚠️😭🚨",2
144,"😔💔😢😞🕳️,💀⚠️🕳️🔪📅,💀⚠️🕳️😭😰,💀🕳️⚠️😭🚨,💀⚠️🕳️😭🚨",0
144,"💀⚠️🕳️🔪📅,💀⚠️🕳️😭😰,💀🕳️⚠️😭🚨,💀⚠️🕳️😭🚨,💀⚠️🕳️😭😔",1
144,"💀⚠️🕳️😭😰,💀🕳️⚠️😭🚨,💀⚠️🕳️😭🚨,💀⚠️🕳️😭😔,💀🕳️😭😔⚠️",1
144,"💀🕳️⚠️😭🚨,💀⚠️🕳️😭🚨,💀⚠️🕳️😭😔,💀🕳️😭😔⚠️,💀😔🕳️😭⚠️",1
144,"💀⚠️🕳️😭🚨,💀🕳️⚠️😭😔,💀🕳️😭😔⚠️,💀🕳️😭😔⚠️,💀🕳️😭⚠️😰",2
144,"💀🕳️⚠️😭😔,💀🕳️😭😔⚠️,💀🕳️😭😔⚠️,💀🕳️😭⚠️😔,💀🔫🚨🕳️😭",2
144,"💀🕳️😭😔⚠️,💀🕳️😭😔⚠️,💀🕳️😭⚠️😔,💀🔫🕳️🚨⚠️,💀🕳️⚠️😭🚨",1
145,"💀🕳️😭⚠️😔,💀😭😰🕳️⚠️,😭😰🕳️⚠️😔,💀🕳️😭⚠️🚨,💀🕳️😭⚠️🛏️",1
145,"💀😭😰⚠️🕳️,💀🕳️😭😔,💀🕳️😭⚠️🩸,💀🕳️😭⚠️🛏️,💀😭🕳️⚠️🌉",1
145,"😭😔💀⚠️🕳️,💀🕳️😭⚠️🩸,💀🕳️⚠️😭🌑,💀🕳️😭⚠️🌉,💀🕳️😭⚠️",0
145,"💀🕳️😭⚠️🚨,💀🕳️😭⚠️🛏️,💀🕳️😭⚠️🌉,💀🕳️😭⚠️,💀🕳️😭⚠️😖",1
145,"💀🕳️😭⚠️😔,💀🕳️😭⚠️🌉,💀🕳️😭⚠️,💀🕳️😭⚠️😖,💀🕳️😭⚠️",1
145,"💀😭🕳️⚠️🌉,💀🕳️😭⚠️,💀🕳️😭⚠️😖,💀🕳️😭⚠️,💀😭🔪🌑",1
145,"💀🕳️😭⚠️,💀🕳️😭⚠️😖,💀🕳️😭⚠️,💀😭🔪🌑,💀😭🕳️😰",0
145,"💀🕳️😭⚠️😖,💀🕳️😭⚠️,💀🕳️😭⚠️,💀😭🕳️⚠️😰,😔💔😭⚠️🕳️",1
145,"💀🕳️😭⚠️🚨,💀😭🔪🌑,💀🕳️😭⚠️,😔💔😢😞⚠️,💀🕳️😭⚠️",2
145,"💀🕳️😭⚠️,💀😭🕳️⚠️😰,😔💔😭⚠️🕳️,💀🕳️😭⚠️💔,💀🔪🩸⚠️😭",0
145,"💀🕳️😭⚠️,😔💔😢😞⚠️,💀🕳️😭⚠️,💀🔪🩸🚨😭,💀🕳️⚠️😭🌑",0
145,"😔💔😢😞⚠️,💀🕳️😭⚠️💔,💀🔪🩸⚠️😭,💀⚠️🕳️😭,💀🔪⚠️🕳️😭",0
145,"💀🕳️😭⚠️💔,💀🔪🩸🚨😭,💀🕳️⚠️😭🌑,💀🔪⚠️🕳️😭,💀⚠️🕳️😭",2
145,"💀🔪🩸🚨😭,💀⚠️🕳️😭,💀🔪⚠️😭🕳️,💀⚠️🕳️😭,💀🕳️😭⚠️🚨",1
145,"💀⚠️🕳️😭,💀🔪⚠️😭🕳️,💀🕳️⚠️😭,💀🕳️😭⚠️,💀🕳️😭⚠️🕯️",2
145,"💀🔪⚠️😭🕳️,💀🕳️⚠️😭,💀🕳️😭⚠️🚨,💀🕳️😭⚠️🕯️,💀🔪⚠️🕳️😭",1
145,"💀🕳️⚠️😭,💀🕳️😭⚠️,💀🕳️😭⚠️⚰️,💀🔪⚠️🕳️😭,💀🕳️😭⚠️",1
145,"💀🕳️😭⚠️🚨,💀🕳️😭⚠️⚰️,💀🔪⚠️🕳️😭,💀🕳️😭⚠️,💀🕳️⚠️😭⚰️",1
145,"💀🕳️😭⚠️🕯️,💀🔪⚠️🕳️😭,💀🕳️😭⚠️,💀🕳️⚠️😭⚰️,💀🕳️😭⚠️🕯️",1
145,"💀🔪⚠️🕳️😭,💀🕳️😭⚠️,💀🕳️⚠️😭⚰️,💀🕳️😭⚠️🕯️,💀🕳️😭⚠️💔",1
145,"💀🕳️😭⚠️,💀🕳️⚠️😭⚰️,💀🕳️😭⚠️🕯️,💀🕳️😭⚠️💔,💀🚨🔪😭⚠️",2
145,"💀🕳️⚠️😭⚰️,💀🕳️😭⚠️🕯️,💀🕳️😭⚠️💔,💀🔪🚨😭⚠️,💀🔪💊😭⚠️",1
145,"💀🕳️😭⚠️🕯️,💀🕳️😭⚠️💔,💀🔪🚨😭⚠️,💀🔪💊😭🚨,💀🕳️😭⚠️",1
145,"💀🕳️😭⚠️💔,💀🔪🚨😭⚠️,💀🔪💊😭⚠️,💀🕳️😭⚠️,💀🕳️😰😭⚠️",1
145,"💀🔪🚨😭⚠️,💀🔪💊😭🚨,💀🕳️😭⚠️,💀🕳️😰😭⚠️,💀😰🕳️😭",2
145,"💀💊😭🔪🚨,💀🕳️😭⚠️,💀🕳️😰😭⚠️,💀😰🕳️😭,💀🕳️😭⚠️",1
145,"💀🕳️😭⚠️,💀🕳️😰😭⚠️,💀😰😭⚠️,💀🕳️😭⚠️,💀😰🕳️😭⚠️",1
145,"💀🕳️😰😭⚠️,💀😭🕳️⚠️,💀🕳️😭⚠️,💀🕳️😭⚠️💔,💀🕳️😭⚠️😰",2
145,"💀😰🕳️😭,💀🕳️😭⚠️🔪,💀🕳️😭⚠️💔,💀🕳️😭⚠️😰,💀💊🚨⚠️🕳️",0
145,"💀🕳️😭⚠️,💀😰🕳️😭⚠️,💀🕳️😭⚠️😰,💀💊🚨⚠️😭,💀🕳️😭💔⚠️",2
145,"💀🕳️😭⚠️💔,💀🕳️😭⚠️😰,💀💊🚨⚠️😭,💀🕳️😭💔⚠️,💀🔫🚨😭🕳️",1
145,"💀🕳️😭⚠️😰,💀💊🚨⚠️😭,💀🕳️😭💔⚠️,💀🔫🚨😭🕳️,💀🕳️😭⚠️😔",2
145,"💀💊🚨😰🕳️,💀🕳️😭💔⚠️,💀🔫🚨😭🕳️,💀🕳️😭⚠️😔,💀⚠️🕳️😭🚨",2
145,"💀🕳️😭😔⚠️,💀🔫🚨😭🕳️,💀🕳️😭⚠️😔,💀⚠️🕳️😭🚨,💀⚠️🕳️😰🚨",0
145,"💀🔫🚨😭🕳️,💀🕳️😭⚠️😔,💀⚠️🕳️😭🚨,💀⚠️🕳️😰🚨,💀🕳️😭⚠️",1
145,"💀🕳️😭⚠️😔,💀⚠️🕳️😭🚨,💀⚠️🕳️😰🚨,💀🕳️😭⚠️😔,💀🕳️😭⚠️",1
145,"💀⚠️🕳️😭🚨,💀⚠️🕳️😰🚨,💀🕳️😭⚠️,💀🕳️😭⚠️,💀🕳️😭⚠️",2
145,"💀⚠️🕳️😰⚰️,💀🕳️😭⚠️,💀🕳️😭⚠️,💀🕳️😭⚠️,💀⚠️🕳️😭🚨",1
145,"💀🕳️😭⚠️,💀⚠️😰🕳️😭,💀🕳️😭⚠️,💀⚠️🕳️😭,💀😭🕳️⚠️😔",0
145,"💀🕳️😭⚠️,💀🕳️😭🌑,💀⚠️🕳️😭🚨,💀😭🕳️⚠️😔,😔💔😢😞⚠️",1
145,"💀🕳️😭🌑,💀⚠️🕳️😭🚨,💀😭🕳️⚠️😔,😔💔😢⚠️🕳️,💀🕯️🕳️😭⚠️",0
145,"💀⚠️🕳️😭🚨,💀😭🕳️⚠️😔,😔💔😢⚠️🕳️,💀🕯️🕳️🚨😭,😭😔💔🕳️",1
145,"💀🕳️😭😔,😔💔😢⚠️,💀🕯️🕳️🚨😭,😭💔😔🕳️,💀🕳️😭⚠️😔",2
145,"😔💔😢😞⚠️,💀🕳️⚠️😭🕯️,😭😔💔🕳️,💀🕳️😭⚠️😔,💀🕳️⚠️😭🌑",2
145,"💀🕯️🕳️😭⚠️,😭💔😔🕳️,💀🕳️😭⚠️😔,💀🕳️⚠️😭🌑,💀🕳️😭⚠️🩸",1
145,"😭😔💔🕳️,💀🕳️😭⚠️😔,💀🕳️⚠️😭🌑,💀🕳️😭⚠️🚨,💀🕳️😭⚠️🌑",2
145,"💀🕳️😭⚠️😔,💀🕳️⚠️😭🌑,💀🕳️😭⚠️🚨,💀🕳️😭⚠️🌑,💀🕳️😭🚨💔",3
145,"💀🕳️⚠️😭🌑,💀🕳️😭⚠️🔚,💀🕳️😭⚠️🌑,💀🕳️😭⚠️,💀💊😭🕳️⚠️",1
145,"💀🕳️😭⚠️🔚,💀😭🌑⚠️🕳️,💀🕳️😭🚨💔,💀💊😭🕳️⚠️,💀😭⚠️🕳️",1
145,"💀😭🌑⚠️🕳️,💀🕳️😭⚠️,💀💊😭🕳️⚠️,💀😭⚠️🕳️,💀🕳️😭😔⚠️",1
145,"💀🕳️😭⚠️,💀💊😭🕳️⚠️,💀😭⚠️🕳️,💀🕳️😭⚠️,💀🕳️😭⚠️🚨",1
145,"💀💊😭🕳️⚠️,💀😭⚠️🕳️,💀🕳️😭⚠️,💀🕳️😭⚠️🚨,💀⚠️🕳️😭🚨",1
145,"💀😭⚠️🕳️,💀🕳️😭⚠️,💀🕳️😭🚨⚠️,💀⚠️🕳️😭🚨,💀😭🕳️💔😰",1
145,"💀🕳️😭⚠️,💀🕳️😭⚠️🚨,💀⚠️🕳️😭🚨,💀😭🕳️⚠️😔,💀🕳️😭⚠️🕯️",1
145,"💀🕳️😭⚠️🚨,💀⚠️🕳️😭🚨,💀😭🕳️💔😰,💀🕳️😭⚠️🕯️,💀🕳️😭⚠️😔",1
145,"💀⚠️🕳️😭⚰️,💀😭🕳️💔😰,💀🕳️😭⚠️🕯️,💀🕳️😭⚠️🌑,💀🕳️😭⚠️🌑",1
145,"💀😭🕳️⚠️💔,💀🕳️😭⚠️🕯️,💀🕳️😭⚠️😔,💀🕳️😭😰⚠️,💀🕳️😭😔💔",1
145,"💀🕳️😭⚠️🕯️,💀🕳️😭⚠️😔,💀🕳️😭⚠️🌑,💀🕳️😭😔💔,💀🕳️😭⚠️🌑",1
145,"💀🕳️😭⚠️😔,💀🕳️😭⚠️🌑,😔💔😭⚠️🕳️,💀🕳️😭⚠️🌑,💀🕳️😭😰⚠️",0
145,"💀🕳️😭😰⚠️,💀🕳️😭😔💔,💀🕳️😭⚠️🌑,💀🕳️😭⚠️🛏️,💀🕳️😭⚠️💔",1
145,"😔💔😭⚠️🕳️,💀🕳️😭⚠️🌑,💀🕳️😭⚠️🛏️,💀🕳️😭⚠️💔,💀😭🕳️🚨⚠️",0
145,"💀🕳️😭⚠️🌑,💀🕳️😭⚠️🛏️,💀🕳️😭⚠️💔,💀😭🕳️⚠️🚨,💀🕳️😭😔",2
145,"💀🕳️😭😞⚠️,💀🕳️😭⚠️💔,💀😭🕳️🚨⚠️,💀😔🕳️😭,💀🕳️😭⚠️😔",0
145,"💀🕳️😭⚠️💔,💀😭🕳️⚠️🚨,💀😔🕳️😭,💀🕳️😭⚠️😔,😭💔⚠️",1
145,"💀😭🕳️⚠️🚨,💀😭😔⚠️🐕,💀🕳️😭⚠️🩸,😭💔🥺⚠️,💀😰🕳️😭⚠️",2
145,"💀🕳️😭😔,💀🕳️😭⚠️🩸,😭💔🥺⚠️,😔💔😰⚠️🕳️,💀🕳️⚠️😭⚰️",2
145,"💀🕳️😭⚠️🩸,😭💔⚠️,💀😰🕳️😭⚠️,💀🕳️😭⚠️🚨,💀🕳️😭⚠️😔",1
145,"😭💔⚠️,😔💔😢😞⚠️,💀🕳️⚠️😭⚰️,💀🕳️😭⚠️😔,💀🕳️😭⚠️😔",2
145,"😔💔😞🕳️⚠️,💀🕳️😭⚠️🚨,💀🕳️😭⚠️😔,💀🕳️😭⚠️😔,💀🕳️😭⚠️",0
145,"💀🕳️🚨😭⚠️,💀🕳️😭⚠️😔,💀🕳️😭⚠️😔,💀🕳️😭⚠️,💀🕳️😭⚠️",1
145,"💀🕳️😭⚠️😔,💀😰🕳️😭⚠️,💀🕳️😭⚠️,💀🕳️😭⚠️,💀🕳️😭⚠️🪦",1
145,"💀🕳️😭⚠️😔,💀🕳️😭⚠️,💀🕳️😭⚠️,💀🕳️😭⚠️🪦,💀🕳️⚠️😭⚰️",0
145,"💀🕳️😭⚠️,💀🕳️😭⚠️,💀🕳️😭⚠️🪦,💀🕳️⚠️😭🌑,💀🕳️😰⚠️😭",1
145,"💀🕳️😭⚠️,💀🕳️😭⚠️🪦,💀🕳️⚠️😭⚰️,💀🕳️😰⚠️😭,💀🕳️😭⚠️😔",2
145,"💀⚠️🕳️😭⚰️,💀🕳️⚠️😭⚰️,💀🕳️😰⚠️😭,💀🕳️😭⚠️😔,💀🕳️😭⚠️🕯️",1
145,"💀⚠️🕳️😭⚰️,💀⚠️🕳️😭,💀🕳️😭⚠️😔,💀🕳️😭⚠️🕯️,💀🕳️😭⚠️😔",0
145,"💀🕳️😭⚠️,💀😰🕳️😭⚠️,💀🕳️😭⚠️🕯️,💀🕳️😭⚠️😔,💀🕳️😭⚠️",3
145,"💀🕳️😭⚠️😔,💀🕳️😭⚠️🕯️,💀🕳️😭⚠️😔,💀🕳️😭⚠️,💀🕳️😭⚠️🛏️",0
145,"💀🕳️😭⚠️🕯️,💀🕳️😭⚠️😔,💀🕳️😭⚠️,💀🕳️😭⚠️🛏️,💀😰🕳️😭⚠️",3
145,"💀🕳️😭⚠️😔,💀🕳️😭⚠️,💀🕳️😭⚠️🛏️,💀😰🕳️😭⚠️,💀🕳️😭⚠️🚨",3
145,"💀🕳️😭⚠️,💀🕳️😭⚠️⚰️,💀🕳️😭⚠️,💀🕳️😭⚠️🚨,💀🕳️😭⚠️😰",0
145,"💀🕳️😭⚠️🛏️,💀😰🕳️😭⚠️,💀🕳️😭⚠️🚨,💀😭🕳️⚠️😰,💀😭🕳️⚠️😔",2
145,"💀😰🕳️😭⚠️,💀🕳️😭🚨⚠️,💀🕳️😭😰⚠️,💀🕳️😭😔💔,💀🕳️⚠️😭🌑",2
145,"💀🕳️😭⚠️,💀😭🕳️⚠️😰,💀🕳️😭😔💔,💀🕳️⚠️😭🌑,💀🕳️😭⚠️",2
145,"💀🕳️😭⚠️😔,💀😭🕳️⚠️😔,💀🕳️⚠️😭🌑,💀🕳️😭⚠️💔,💀🕳️😭😔⚠️",2
145,"💀🕳️😭😔💔,💀🕳️⚠️😭🌑,💀🕳️😭⚠️😔,💀🕳️😭😔⚠️,💀⚠️😭🕳️🚨",2
145,"💀🕳️⚠️😭🌑,💀🕳️😭⚠️,💀🕳️😭😔⚠️,💀⚠️😭🕳️🕯️,💀🕳️⚠️😭🌑",0
145,"💀🕳️😭⚠️,💀🕳️😭😔⚠️,💀⚠️😭🕳️🕯️,💀🕯️😭⚠️🕳️,💀⚠️🕳️😭🌑",1
145,"💀🕳️😭😔⚠️,💀⚠️😭🕳️🕯️,💀🕳️😭⚠️🕯️,💀⚠️🕳️😭🌑,💀🕳️😭⚠️🌑",1
145,"💀⚠️😭🕳️🚨,💀🕳️⚠️😭🌑,💀🎬😭⚠️🕳️,💀🕳️😭⚠️🚨,💀😭🕳️⚠️😰",0
145,"💀🕯️😭🕳️⚠️,💀🎬😭🕳️⚠️,💀🕳️😭⚠️🚨,💀🕳️😭⚠️🌑,💀😔🕳️😭⚠️",2
145,"💀🎬😭🕳️⚠️,💀🕳️😭⚠️🚨,💀🕳️😭⚠️🌑,💀🕳️😭😔💔,💀⚠️🕳️😭⚰️",2
145,"💀🕳️😭⚠️,💀😭🕳️⚠️😰,💀😔🕳️😭⚠️,💀🕳️⚠️😭🌑,💀🕳️😭⚠️💔",1
145,"💀🕳️😭⚠️,💀😔🕳️😭⚠️,💀🕳️🚨😭⚠️,💀🕳️😭⚠️,💀🕳️😭⚠️",0
145,"💀😔🕳️😭⚠️,💀🕳️⚠️😭🌑,💀🕳️😭⚠️💔,💀🕳️😭⚠️,💀🕳️😭⚠️",0
145,"💀🕳️⚠️😭🌑,💀🕳️😭⚠️💔,💀🕳️😭⚠️,💀🕳️😭⚠️,💀🕳️😭⚠️😔",0
145,"💀🕳️😭⚠️,💀🕳️😭⚠️,💀🕳️😭⚠️,💀🕳️😭⚠️😔,💀🕳️😭⚠️",2
145,"💀🕳️😭⚠️,💀🕳️😭⚠️,💀🕳️😭⚠️😔,💀😭⚠️🕳️,💀🔪🕳️😭",1
145,"💀🕳️😭⚠️,💀😭🕳️⚠️😔,💀🕳️😭⚠️,💀🔪🕳️😭,💀🕳️😭⚠️😔",1
145,"💀🕳️😭😔⚠️,💀🕳️😭⚠️,💀🕳️😭⚠️🚨,💀🕳️😭⚠️😔,💀🕳️😭⚠️🚨",2
145,"💀🕳️😭⚠️,💀🕳️😭⚠️🚨,💀😭🕳️⚠️😔,💀🕳️😭⚠️🚨,💀⚠️🕳️😭🚨",2
145,"💀🕳️😭⚠️🚨,💀🕳️😭⚠️😔,💀🕳️😭⚠️🚨,💀⚠️🕳️😭🚨,💀🕳️😭⚠️",0
145,"💀😭🕳️⚠️😰,💀🕳️😭⚠️🚨,💀⚠️🕳️😭🔪,💀🕳️😭⚠️😰,💀🕳️😭⚠️",0
145,"💀🕳️😭⚠️🚨,💀🔪🚨😭🕳️,💀🕳️😭⚠️,💀🕳️😭⚠️,💀⚠️🕳️😭😰",1
145,"💀⚠️🕳️😭🚨,💀🕳️😭⚠️😰,💀🕳️😭⚠️,💀🕳️⚠️😭😰,💀🕳️😭⚠️🕯️",1
145,"💀🕳️😭⚠️😰,💀🕳️😭⚠️,💀🕳️⚠️😭😰,💀🕳️😭⚠️🕯️,💀😭⚠️🕳️",0
145,"💀🕳️😭⚠️,💀🕳️⚠️😭😰,💀🕳️😭⚠️🕯️,💀😭🕳️⚠️,💀🕳️🚨😭⚠️",1
145,"💀⚠️😰🕳️😭,💀🕳️😭⚠️🕯️,💀😭⚠️🕳️,💀🕳️⚠️😭🌑,💀🕳️😭⚠️😰",2
145,"💀🕳️😭⚠️🕯️,💀😭⚠️🕳️,💀🕳️⚠️😭🌑,💀🕳️😭⚠️😰,💀🕳️😭⚠️⚰️",0
145,"💀😭🕳️⚠️😰,💀🕳️⚠️😭🌑,💀🕳️😭⚠️😰,💀🕳️😭⚠️⚰️,💀🕳️😭⚠️🕯️",2
145,"💀🕳️⚠️😭🌑,💀🕳️😭⚠️😰,💀🕳️😭⚠️⚰️,💀🕳️😭⚠️🕯️,💀🕳️⚰️😭🚨",1
145,"💀🕳️😭⚠️😰,💀🕳️😭⚠️🚨,💀🕳️😭⚠️🕯️,💀🕳️⚰️😭🚨,💀🕳️😭⚠️🚨",1
145,"💀🕳️😭🚨💔,💀🕳️😭⚠️🚨,💀🕳️⚰️😭🚨,💀⚠️🕳️😭,💀🕳️🚨😭⚠️",1
145,"💀🕳️😭⚠️,💀🕳️😭⚰️🚨,💀🕳️😭⚠️🚨,💀🕳️😭🚨⚠️,💀🕳️⚠️😭",1
146,"💀🕳️💊🚨,💀🕳️😭⚠️🔫,💀🕳️😭⚠️🌑,💀🕳️😭😔💔,💀🕳️😭😔💔",1
146,"💀🕳️😭⚠️🔫,💀🕳️😭⚠️🌑,💀🕳️😭😔💔,💀🕳️😭😔💔,💀🕳️😭😔⚠️",1
146,"💀🕳️😭⚠️🌑,💀🕳️😭😔💔,💀🕳️😭😔💔,💀🕳️😭😔⚠️,💀🔪🕳️😭",1
146,"💀😭🕳️😰💔,💀🕳️😭😔💔,💀🕳️😭😔⚠️,💀🔪🕳️😭,💀😭🔪⚠️",1
146,"💀🕳️😭😔💔,💀🕳️😭😔⚠️,💀🔪🕳️😭,💀😭🔪⚠️,💀🔪😭⚠️🕳️",1
146,"💀🕳️😭😔⚠️,💀🔪🕳️😭,💀😭🔪⚠️,💀🔪😰🕳️😭,💀🕳️😭⚠️",1
146,"💀🔪🕳️😭,💀😭🕳️⚠️,💀🕳️🔪😭⚠️,💀😰🕳️😭⚠️,💀😭⚠️🕳️😰",1
146,"💀😭🔪⚠️,💀🔪😰🕳️⚠️,💀😰🕳️😭⚠️,💀😭⚠️🕳️😰,💀🕳️😭⚠️😔",1
146,"💀🔪😰🕳️😭,💀🕳️😭⚠️,💀😭⚠️🕳️😰,💀🕳️😭⚠️💔,💀🕳️🔪😭🚨",3
147,"💀🕳️😭⚠️⚰️,💀🕳️😭⚠️😔,💀😭🕳️⚠️😔,💀🕳️😭⚠️😔,💀🕳️😭⚠️😔",2
147,"💀🕳️😭⚠️😰,💀😭🕳️⚠️😔,💀🕳️😭⚠️,💀🕳️😭⚠️😰,💀🚗💨⚠️🕳️",1
147,"💀😭🕳️⚠️😔,💀🕳️😭⚠️😔,💀🕳️😭⚠️😔,💀🚗💨⚠️🕳️,💀🕳️😰💊😭",1
147,"💀🕳️😭⚠️😔,💀🕳️😭⚠️,💀🚗💨⚠️🕳️,💀🕳️😰💊😭,💀🕳️😭⚠️🌑",1
147,"💀🕳️😭⚠️,💀🚗💨⚠️🕳️,💀🕳️😰💊😭,💀🕳️😭⚠️🌑,💀😭🕳️💔⚠️",1
147,"💀🚗💨⚠️🕳️,💀🕳️😰💊😭,💀🕳️😭⚠️🌑,💀😔🕳️😭⚠️,💀😭🕳️⚠️😔",1
147,"💀🕳️😰💊😭,💀🕳️😭⚠️🌑,💀😭🕳️💔⚠️,💀😭🕳️⚠️😔,💀😭⚠️🕳️",1
147,"💀🕳️😭⚠️🌑,💀😔🕳️😭⚠️,💀😭🕳️⚠️😔,💀😭⚠️🕳️,💀🕳️😭⚠️🔪",1
147,"💀😭🕳️💔⚠️,💀😭🕳️⚠️😔,💀😭⚠️🕳️,💀😭🕳️⚠️🔪,💀😭🕳️⚠️😔",1
147,"💀😭🕳️⚠️😔,💀😭⚠️🕳️,💀🕳️😭⚠️🔪,💀😭🕳️⚠️😔,💀🔪😭🕳️⚠️",1
147,"💀😭⚠️🕳️,💀🕳️😭⚠️🔪,💀😔🕳️😭⚠️,💀😭🔪🕳️,💀😭😔🕳️⚠️",1
147,"💀🕳️😭⚠️🔪,💀😔😭⚠️🕳️,💀🔪😭🕳️⚠️,💀😭😔🕳️⚠️,💀🕳️😭⚠️🚨",0
147,"💀😔🕳️😭⚠️,💀🔪😭🕳️⚠️,💀😭😔🕳️⚠️,💀🕳️😭⚠️🚨,😔💔😞🕳️⚠️",1
147,"💀🔪😭🕳️⚠️,💀😭😔💔🕳️,💀🕳️😭⚠️💊,😔💔😞🕳️⚠️,💀😭🕳️⚠️😔",1
147,"💀😭😔🕳️⚠️,💀🕳️😭⚠️🚨,😔💔😞🕳️⚠️,💀😭🕳️⚠️😔,💀🔪💊🚨🕳️",0
148,"💀😭🕳️⚠️,😔💔😭⚠️🕳️,💀😭⚠️🕳️😖,💀😭🕳️⚠️😔,💀😰🕳️😭⚠️",0
148,"💀🕳️😭⚠️😔,💀😭🕳️⚠️😖,💀😭🕳️⚠️😔,💀😭🕳️⚠️😔,💀😭⚠️🕳️😖",1
148,"💀😭🕳️⚠️😖,💀😭🕳️⚠️😔,💀😰🕳️😭⚠️,💀😭🕳️⚠️😔,💀😭🕳️⚠️😔",1
148,"💀😭😞🕳️⚠️,💀😭🕳️⚠️😔,💀😭⚠️🕳️😖,💀😭🕳️⚠️😔,💀😭🔪🕳️",2
148,"💀😭🕳️⚠️😔,💀😭⚠️🕳️😖,💀😭🕳️⚠️😔,💀😭⚠️🕳️🔪,💀⚠️🔪💊😭",1
148,"💀😭🕳️⚠️😖,💀😭🕳️⚠️😔,💀😭⚠️🕳️🔪,💀⚠️🔪💊😭,💀😭🕳️⚠️😔",0
148,"💀😭🕳️⚠️😔,💀😭⚠️🕳️🔪,💀🔪💊🚨😭,💀😭🕳️⚠️😔,💀😭🕳️⚠️",1
148,"💀😭⚠️🕳️🔪,💀⚠️🔪💊😭,💀😭🕳️⚠️😔,💀😭⚠️🕳️,💀😭⚠️🕳️😖",1
148,"💀🔪💊🚨😭,💀😭🕳️⚠️😔,💀😭⚠️🕳️,💀😭⚠️🕳️😔,💀😭⚠️🕳️",1
148,"💀😭🕳️⚠️😔,💀😭⚠️🕳️🔪,💀😭🕳️⚠️😖,💀😭⚠️🕳️,💀😭🕳️⚠️",1
148,"💀😭🕳️⚠️,💀😭🕳️⚠️😖,💀😭⚠️🕳️,💀😭🕳️⚠️,💀🔪🚨😭🕳️",2
148,"💀😭⚠️🕳️😔,💀😭⚠️🕳️,💀😭🕳️⚠️,💀🔪🚨😭🕳️,💀😭⚠️🕳️",1
148,"💀😭⚠️🕳️,💀😭🕳️⚠️,💀🔪🚨😭🕳️,💀😭⚠️🔪,💀😭🕳️⚠️😔",1
148,"💀😭🕳️⚠️,💀🔪🚨😭🕳️,💀😭⚠️🔪,💀😭🕳️⚠️😖,💀😭🕳️⚠️💊",1
148,"💀🔪🚨😭🕳️,💀😭⚠️🕳️,💀😭🕳️⚠️😔,💀😭🕳️⚠️😖,💀🕳️😭⚠️😔",1
148,"💀😭⚠️🔪,💀😭🕳️⚠️😔,💀😭🕳️⚠️😖,💀🕳️😭⚠️😔,💀😭⚠️🕳️",1
148,"💀😭🕳️⚠️😔,💀😭🕳️⚠️💊,💀🕳️😭⚠️😔,💀😭⚠️🕳️,💀😭🕳️⚠️😔",1
148,"💀😭🕳️⚠️💊,💀🕳️😭⚠️😔,💀😭⚠️🕳️,💀😭🕳️⚠️😔,💀😭🕳️⚠️😔",1
148,"💀🕳️😭⚠️😔,💀😭⚠️🕳️,💀😭🕳️⚠️😔,💀😭🕳️⚠️😔,💀🔪😭⚠️",1
148,"💀😭⚠️🕳️,💀😭🕳️⚠️😔,💀😭🕳️⚠️😔,💀🔪😭⚠️,💀😭⚠️🕳️💔",1
148,"💀😭🕳️⚠️😔,💀😭🕳️⚠️😩,💀🔪😭⚠️,💀😭⚠️🕳️💔,💀😭🕳️⚠️🔪",1
148,"💀😭🕳️⚠️😔,💀🔪😭⚠️,💀😭⚠️🕳️💔,💀😭⚠️🕳️😰,💀😭🔪🕳️",1
148,"💀🔪😭⚠️,💀😭⚠️🕳️💔,💀😭⚠️🕳️🔪,💀😭🔪🕳️,💀🔪🚨😭🕳️",0
148,"💀😭⚠️🕳️💔,💀😭⚠️🕳️🔪,💀😭🔪🕳️,💀🔪🚨😭🕳️,😔💔😖🕳️⚠️",0
148,"💀😭⚠️🕳️🔪,💀😭🔪🕳️,💀🔪🚨😭🕳️,😔💔😢😞⚠️,😔💔😖⚠️🕳️",1
148,"💀😭🔪🕳️,💀🚨😭🕳️⚠️,😔💔😞🕳️😭,😔💔😢😞⚠️,💀😭🕳️⚠️",0
148,"💀🚨😭🕳️⚠️,😔💔😖🕳️⚠️,😔💔😖😞⚠️,💀😭🕳️⚠️😖,😔💔😢😞⚠️",1
148,"😔💔😞🕳️😭,😔💔😖😞⚠️,💀😭🕳️⚠️,😔💔😢😞⚠️,💀😭🕳️⚠️",1
148,"😔💔😢😞⚠️,💀😭🕳️⚠️😖,😔💔😢😞⚠️,💀😭🕳️⚠️,💀😭🕳️⚠️😔",1
148,"💀😭🕳️⚠️,😔💔😢😞⚠️,💀😭🕳️⚠️🩸,💀🕳️😭😔⚠️,💀😭🕳️⚠️😔",1
148,"😔💔😢😞⚠️,💀😭🕳️⚠️,💀🕳️😭😔⚠️,💀😭🕳️⚠️😔,💀😭⚠️🕳️🔪",1
148,"💀😭🕳️⚠️,💀🕳️😭😔⚠️,💀😭🕳️⚠️😔,💀😭⚠️🕳️🔪,💀😭🕳️⚠️🚨",1
148,"💀😭🕳️⚠️😔,💀😭🕳️⚠️😔,💀😭⚠️🕳️🔪,💀😭🕳️⚠️🔪,💀😭🕳️⚠️😔",1
148,"💀😭🕳️⚠️😔,💀😭⚠️🕳️🔪,💀😭🕳️⚠️🔪,💀😭🕳️⚠️😔,💀😭🕳️⚠️",2
148,"💀😭⚠️🕳️🔪,💀😭🕳️⚠️🔪,💀😭🕳️⚠️😔,💀😭🕳️⚠️,💀😭🕳️⚠️😔",1
148,"💀😭🕳️⚠️🔪,💀😭🕳️⚠️😔,💀😭🕳️⚠️,💀😭🕳️⚠️😔,💀😭🕳️⚠️😔",1
148,"💀😭🕳️⚠️😔,💀😭🕳️⚠️,💀😭🕳️⚠️😔,💀😭🕳️⚠️😔,💀😭🕳️⚠️😰",1
148,"💀😭🕳️⚠️,💀😭🕳️⚠️😔,💀😭🕳️⚠️😔,💀😭🕳️⚠️😔,💀😔🕳️😭⚠️",0
148,"💀😭🕳️⚠️😔,💀😭🕳️⚠️😔,💀😭🕳️⚠️😔,💀😔🕳️😭⚠️,😔💔😭⚠️🕳️",1
148,"💀😭🕳️⚠️😔,💀😭🕳️⚠️😰,💀😔🕳️😭⚠️,😔💔😭😞⚠️,💀😭🕳️⚠️",1
148,"💀😭🕳️⚠️😔,💀😔🕳️😭⚠️,😔💔😭😞⚠️,💀😭🕳️⚠️,💀😭🕳️⚠️😔",1
148,"💀😔🕳️😭⚠️,😔💔😭🕳️⚠️,💀😭🕳️⚠️,💀😭🕳️⚠️😔,💀😭⚠️🕳️",1
148,"😔💔😢😞⚠️,💀😭🕳️⚠️,💀😭🕳️⚠️😔,💀😭⚠️🕳️,💀😔🕳️😭⚠️",1
149,"💀🔪🚨😭⚠️,💀🔪🚨⚠️😭,💀😰🕳️😭⚠️,💀😭🕳️⚠️,💀😭🕳️⚠️😔",1
149,"💀🔪🚨⚠️😭,💀😰🕳️😭⚠️,💀😭🕳️⚠️,💀😭🕳️⚠️😔,💀😭⚠️😔💔",1
149,"💀😰🕳️😭,💀😰🕳️😭,💀😭🕳️⚠️😔,💀😭⚠️😔💔,💀😭⚠️🕳️😰",1
149,"💀😭🕳️🚨,💀😭🕳️⚠️😔,💀😭⚠️😔💔,💀😭⚠️🕳️😰,💀😭⚠️😔💔",1
149,"💀😭🕳️⚠️💔,💀😭⚠️😔💔,💀😭⚠️🕳️😰,💀😭⚠️😔💔,💀🔪🕳️🚨",1
149,"💀😭⚠️😔💔,💀😰🕳️😭⚠️,💀😭⚠️🕳️😤,💀🔪⚠️😰🕳️,💀🚨🔪😭⚠️",1
149,"💀😭⚠️🕳️😰,💀😭⚠️😔💔,💀🔪⚠️😰🕳️,💀🚨⚠️😭🕳️,💀😭💔🕳️⚠️",0
149,"💀😭⚠️😔💔,💀🔪⚠️😰🕳️,💀⚠️🔪😭🚨,💀😭💔🕳️⚠️,😔💔😢😞🕳️",0
149,"💀🔪⚠️🕳️,💀🔪🚨😭⚠️,💀😭💔🕳️⚠️,😔💔😢😞🕳️,💀😭🕳️⚠️😔",1
149,"💀⚠️🔪😭🚨,💀💔😭😞⚠️,😔💔😞🕳️⚠️,💀🕳️😭😔💔,💀😭😔🕳️⚠️",1
149,"💀😭😔💔🕳️,😔💔😢😞🕳️,💀😭🕳️⚠️😔,💀😔😭⚠️🕳️,💀😭🕳️💔⚠️",1
149,"😔💔😢😞⚠️,💀🕳️😭😔⚠️,💀😔😭⚠️🕳️,💀😭🕳️💔😔,💀😭⚠️😔💔",0
150,"💀⚠️🕳️🚨💊,💀⚠️🕳️🚨,😔🌌🤔,💀🕳️⚠️😰💊,😔😒😩",0
150,"💀⚠️🕳️🚨,😔🌌🤔,💀⚠️🕳️😰❓,😔😒🙄,💀⚠️🕳️😭",0
150,"😔🌌🤔,💀🕳️⚠️😰💊,😔😒😩,💀⚠️🕳️😭,🕳️😰💀",3
150,"💀🕳️⚠️😰❓,😔😒😩,💀⚠️🕳️😭,💀🕳️⚠️,💀🕳️⚠️😭🚨",1
150,"😔😒😕,💀⚠️🕳️😭,💀🕳️⚠️,💀🕳️⚠️😭🚨,💀⚠️🔪🕳️",2
150,"💀⚠️🕳️😭,😔🕳️⚠️,💀⚠️🕳️😭🚨,💀⚠️🔪🕳️,💀💊🕳️🚨",1
150,"💀🕳️⚠️,💀⚠️🕳️😭🚨,💀🔪⚠️🚨🕳️,💀💊🕳️🚨,💀🕳️⚠️🚨💊",3
151,"😔💔😞😩🕳️,😔💔😞😩⚠️,💀😭⚠️😔🕳️,💀🕳️😰😔💔,💀🕳️😰😭⚠️",1
151,"😔💔😞😩⚠️,💀😭⚠️🕳️😔,💀🕳️😰😔💔,💀🕳️😰😭⚠️,💀🕳️😭⚠️😔",0
151,"💀😭⚠️😔🕳️,💀🕳️😰😔💔,💀🕳️😰😭⚠️,💀🕳️😭⚠️😔,💀🕳️😰😭⚠️",0
151,"💀🕳️😰😔💔,💀🕳️😰😭⚠️,💀🕳️😭⚠️😔,💀🕳️😰😭⚠️,💀😔🕳️⚠️😭",0
151,"💀🕳️😰😭⚠️,💀🕳️😭⚠️😔,💀🕳️😰😭⚠️,💀😔🕳️⚠️😭,💀🕳️😭😰⚠️",0
151,"💀🕳️😭⚠️😔,💀🕳️😰😭⚠️,💀😔🕳️⚠️😭,💀🕳️😭😰⚠️,💀⚠️😔🕳️",3
151,"💀🕳️😰😭⚠️,💀😔🕳️⚠️😭,💀🕳️😭⚠️🌑,💀😔⚠️😭🕳️,💀🌊⚠️🕳️😭",1
151,"💀😔🕳️⚠️😭,💀🕳️😭⚠️😖,💀😔⚠️,💀🕳️🚨😭⚠️,💀🕳️😭⚠️😖",0
151,"💀🕳️😭😰⚠️,💀😔⚠️😭🕳️,💀🕳️🚨😭⚠️,💀🕳️😭⚠️😖,💀🕳️😭😔💔",0
151,"💀⚠️😔🕳️,💀🕳️🚨😭⚠️,💀😭🕳️⚠️😖,💀🕳️😭😔💔,😔😞😩",0
151,"💀🕳️🚨😭⚠️,💀🕳️😭⚠️😖,😔💔😢🕳️⚠️,😔😞😩,💀🕳️😰😭⚠️",1
151,"💀🕳️😭⚠️😖,😔💔😢🕳️⚠️,😔😞😩,💀🕳️😰😭⚠️,💀🕳️😭😔⚠️",1
151,"😔💔😞🕳️,😔😞😩,💀🕳️😰😭⚠️,💀🕳️😭😔⚠️,💀😭🕳️⚠️🩸",1
151,"😔😞😩,💀🕳️😰😭⚠️,💀🕳️😭😔⚠️,💀😭🕳️⚠️🩸,💀🕳️😭⚠️",2
151,"💀🕳️😰😭⚠️,💀🕳️😭😔⚠️,💀😭🕳️🚨😞,💀🕳️😭⚠️,💀🕳️😭⚠️",0
151,"💀🕳️😭😔⚠️,💀😭⚠️🕳️😞,💀🕳️😭⚠️,💀🕳️😭⚠️,💀⚠️😰🕳️😭",0
151,"💀😭🕳️⚠️🩸,💀🕳️😭⚠️,💀🕳️😭⚠️,💀⚠️😰🕳️😭,😔😰🕳️😭⚠️",0
151,"💀🕳️😭⚠️,💀🕳️😭⚠️,💀⚠️😰🕳️😭,😔😰🕳️😭⚠️,💀😭🕳️😰⚠️",0
151,"💀🕳️⚠️😭,💀⚠️😰🕳️😭,😔😰🕳️😭⚠️,💀😰🕳️😭⚠️,😔💔🕳️",0
151,"💀⚠️😰🕳️😭,😔😰🕳️😭⚠️,💀😰🕳️😭⚠️,😔💔🕳️,💀🕳️😰😔💔",1
151,"😔😰🕳️😭⚠️,💀😰🕳️😭⚠️,😔💔🕳️,💀🕳️😰😔💔,💀😭🕳️⚠️😖",1
151,"💀😰🕳️😭⚠️,😔💔🕳️,💀🕳️😰😔💔,💀😭🕳️⚠️😖,💀🕳️😰💊⚠️",1
151,"😔💔😞,😔💔🕳️😭⚠️,💀😭🕳️⚠️😖,💀🕳️😰💊⚠️,💀😭🕳️⚠️🔪",0
151,"💀🕳️😰😔💔,💀😰🕳️😭⚠️,💀🕳️😭⚠️🩸,💀😭🕳️⚠️😖,💀🕳️⚠️",3
153,"💀🔪🚨⚠️🕳️,💀🔪💊⚠️,💀🔪💊🚨⚠️,😔💔😢,💀🕳️😭⚠️",1
153,"💀🔪⚠️🕳️,💀🔪💊🚨⚠️,😔💔😞,💀⚠️🕳️😭,💀🔪💊⚠️",2
153,"💀🔪⚠️🕳️,😔💔😢,💀🕳️😭⚠️,💀🔪⚠️🕳️,💀🔪🕳️😭",1
153,"😔💔😢,💀🕳️😭⚠️,💀🔪💊🚨⚠️,💀🔪💊🚨,💀😭😔💔",2
153,"💀🕳️😭⚠️,💀🔪⚠️🕳️,💀🔪💊🚨,💀😭😔💔,💀🔪💊⚠️",0
153,"💀🔪💊⚠️,💀🔪💊🚨,💀😭😔💔,💀🔪💊🚨⚠️,💀🕳️😰⚠️😭",1
153,"💀🔪🕳️🚨,💀😭😔⚠️,💀🔪💊⚠️,💀🕳️⚠️😭🌊,💀🕳️😭⚠️",1
153,"💀😭😔💔,💀🔪💊⚠️,💀🕳️⚠️😭🌊,💀🕳️😭⚠️,💀🔪🚨⚠️🕳️",1
153,"💀🔪💊⚠️,💀🕳️⚠️😭🌊,💀🕳️😭⚠️😰,💀🔪🚨⚠️🕳️,💀🔪🕳️🚨",0
155,"💀🕳️😭⚠️🌑,💀💊⚠️🕳️😭,💀🕳️⚠️😭🌑,💀🕳️⚠️😭🌑,💀🔪🚨😭⚠️",1
155,"💀💊⚠️🕳️😭,💀🕳️😭⚠️🌑,💀🕳️⚠️😭🌑,💀🔪🚨😭⚠️,💀🕳️😭⚠️😖",2
155,"💀🕳️⚠️😭🌑,💀🕳️⚠️😭🌑,💀🕳️😭🚨⚠️,💀🕳️😭⚠️😖,💀🕳️😭⚠️🪦",0
155,"💀🕳️⚠️😭🌑,💀🔪🚨😭⚠️,💀😭🕳️⚠️😖,💀🕳️😭⚠️🪦,💊⚠️😰💀🕳️",1
155,"💀🔪😭⚠️,💀🕳️😭⚠️😖,💀🕳️😭⚠️🪦,💊⚠️😰💀🕳️,💀😭💔🕳️",1
155,"💀🕳️😭⚠️😖,💀🕳️😭⚠️🪦,💊😰⚠️💀,💀😭⚠️🕳️,💀🕳️😰⚠️",1
155,"💀🕳️😭⚠️🩸,💊⚠️😰💀🕳️,💀😭⚠️🕳️,💀⚠️🕳️😭,💀🕳️😭😰⚠️",1
155,"💊⚠️😰💀🕳️,💀😭⚠️🕳️,💀⚠️🕳️😭,💀🕳️😭⚠️😰,💀🕳️😭😔💔",1
155,"💀😭⚠️🕳️,💀🕳️😭⚠️,💀🕳️😭😰⚠️,💀🕳️😭😔💔,💀🕳️⚠️😭😔",1
157,"💀⚠️😰🕳️😭,💀🕳️😭⚠️💔,💀⚠️🕳️😭,💀⚠️🕳️😭,💀😭🕳️⚠️",1
157,"💀🕳️😭⚠️💔,💀🕳️😭⚠️,💀⚠️🕳️😭,💀😭🕳️⚠️,💀😭🕳️⚠️😫",1
157,"💀⚠️🕳️😭,💀⚠️🕳️😭,💀😭🕳️⚠️💊,💀😭🕳️⚠️🔪,💀😭🕳️⚠️😰",1
158,"💀⚠️🕳️😭🚨,💀🕳️😰🔪⚠️,💀⚠️🌑🕳️🚨,💀🔪⚠️😭🕳️,💀🕳️😰🔪🚨",1
158,"💀🕳️😰🔪⚠️,💀⚠️🌑🕳️🚨,💀🔪⚠️😭🕳️,💀🕳️😭⚠️🔪,💀🕳️😰😭⚠️",1
158,"💀⚠️🌑🕳️🚨,💀🔪⚠️😭🕳️,💀🕳️😰🔪🚨,💀🕳️😰😭⚠️,💀😰⚠️🕳️😭",1
158,"💀🔪⚠️😭🕳️,💀🕳️😰🔪🚨,💀🕳️😰😭⚠️,💀😰⚠️🕳️😭,😔💔😢🕳️",3
158,"💀🕳️😰🔪🚨,💀🕳️😰😭⚠️,💀😰⚠️🕳️😭,😔💔😢🕳️,💀🕳️🚨😭⚠️",2
158,"💀🕳️😰😭⚠️,💀😰⚠️🕳️😭,😔💔😢🕳️⚠️,💀🕳️🚨😭⚠️,💀⚠️🕳️😭🔪",1
158,"💀😰⚠️🕳️😭,😔💔😢🕳️,💀🕳️🚨😭⚠️,💀⚠️🕳️😭🔪,💀🕳️😰😭⚠️",1
158,"😔💔😢🕳️,💀🕳️🚨😭⚠️,💀⚠️🕳️😭🔪,💀🕳️😰⚠️😭,💀🕳️🔪😭",3
158,"💀🕳️🚨😭⚠️,💀⚠️🕳️😭🔪,💀🕳️😰⚠️😭,💀🔪🕳️😭⚠️,💀🕳️😭⚠️",1
158,"💀⚠️🕳️😭🔪,💀🕳️😰😭⚠️,💀🔪🕳️😭⚠️,💀🕳️😭⚠️,💀🕳️🚨😭🔪",1
158,"💀🕳️😰😭⚠️,💀🔪🕳️😭⚠️,💀🕳️😭⚠️,💀🕳️🚨😭🔪,💀😭🕳️⚠️",3
158,"💀🕳️🔪😭⚠️,💀🕳️😭😰⚠️,💀🕳️🚨😭🔪,💀😭🕳️⚠️,💀🕳️😭🚨⚠️",1
158,"💀🕳️😭⚠️,💀🕳️🚨😭🔪,💀😭🕳️⚠️,💀🕳️😭🚨⚠️,💀🕳️😭⚠️",0
158,"💀🚨🕳️😭⚠️,💀😭🕳️⚠️,💀😭🚨🕳️🔪,💀😭🕳️⚠️🩸,💀😔🕳️😭⚠️",0
158,"💀😭🕳️⚠️,💀🕳️😭🚨⚠️,💀😭🕳️⚠️🩸,💀😔🕳️😭⚠️,😔😔😔",1
158,"💀🕳️😭🚨⚠️,💀🕳️😭⚠️🩸,💀😞🕳️😭⚠️,😔💔😢,💀😰🕳️😭⚠️",0
158,"💀🕳️😭⚠️,💀🕳️😭😔⚠️,😔😢😞,💀😭😰⚠️,😔😢😞",0
159,"💀🕳️😭⚠️,😔💔🕳️😭⚠️,💀🕳️😭😔⚠️,💀🕳️😭😔💔,💀😭😞⚠️🩸",1
159,"😔💔🕳️😭⚠️,💀🕳️😭😔⚠️,💀🕳️😭😔💔,💀😭😞⚠️,💀🕳️😭😔⚠️",0
160,"💀🕳️😭💊⚠️,💀😭🕳️⚠️🔪,💀😭🕳️⚠️💔,💀🔪😭⚠️,💀😭⚠️🕳️😔",2
161,"💀💊⚠️🕳️😭,💀💊⚠️🕳️😰,💀🕳️😔💔⚠️,💀🕳️⚠️😭🔪,💀💊😭⚠️",1
161,"💀💊⚠️🕳️😰,💀😔🕳️😭⚠️,💀🕳️⚠️😭🔪,💀💊😭⚠️🕳️,💀💊⚠️🕳️😰",3
161,"💀😔🕳️😭⚠️,💀🕳️⚠️😭🔪,💀💊😭⚠️🕳️,💀💊⚠️🕳️😰,💀🕳️😭⚠️",1
161,"💀🕳️⚠️😭🔪,💀💊😭⚠️🕳️,💀💊⚠️🕳️😰,💀🕳️😭⚠️,💀😭⚠️🕳️",1
161,"💀💊😭⚠️🕳️,💀💊⚠️🕳️😰,💀🕳️😭⚠️,💀😭⚠️🕳️,💀🕳️😭⚠️",1
161,"💀💊⚠️🕳️😰,💀🕳️😭⚠️,💀😭🕳️🔪,💀😭🕳️⚠️😰,💀💊🚨⚠️😭",2
161,"💀🕳️😭⚠️,💀😭⚠️🕳️,💀🕳️😭⚠️😰,💀💊🚨⚠️😭,💀💊⚠️🕳️😰",2
161,"💀😭🕳️⚠️,💀🕳️😭⚠️😰,💀💊🚨😭⚠️,💀💊⚠️🕳️😰,💀⚠️🕳️😭🔪",1
161,"💀🕳️😭⚠️,💀💊🚨😭⚠️,💀💊⚠️🕳️😰,💀⚠️🕳️😭🔪,💀💊⚠️🕳️😰",2
161,"💀💊🚨😭⚠️,💀💊⚠️🕳️😰,💀⚠️🕳️😭🔪,💀💊⚠️🕳️😰,💀⚠️😰🕳️😭",1
161,"💀💊⚠️🕳️😰,💀⚠️🕳️😭🔪,💀💊⚠️🕳️😰,💀⚠️😰🕳️😭,💀💊😔🕳️⚠️",0
161,"💀⚠️🕳️😭🔪,💀💊⚠️🕳️😰,💀⚠️😰🕳️😭,💀💊😔🕳️⚠️,💀🕳️😭😔💔",1
161,"💀💊⚠️🕳️😰,💀⚠️😰🕳️😭,💀💊😔🕳️⚠️,💀🕳️😭😔💔,💀😭⚠️🕳️💔",1
161,"💀⚠️😰🕳️😭,💀💊😔🕳️⚠️,💀🕳️😭😔💔,💀😭⚠️🕳️😔,💀🔪⚠️🕳️😭",2
161,"💀🕳️😭💊⚠️,💀🕳️😭😔💔,💀😭⚠️🕳️💔,💀🔪⚠️🕳️😭,💀🕳️⚠️😭⚰️",2
162,"💀💊⚠️🕳️,💀⚠️🕳️😭🔪,💀⚠️🕳️😭🚨,💀🔫⚠️🕳️😭,💀💊🕳️😭",1
162,"💀⚠️🕳️😭🔪,💀⚠️🕳️😭🚨,💀🔫⏳⚠️🕳️,💀💊⚠️😭🕳️,💀🕳️😭⚠️💔",1
162,"💀⚠️🕳️😭🚨,💀🔫⏳⚠️🕳️,💀💊🕳️😭,💀🕳️😭⚠️💔,💀🕳️😭⚠️🌑",1
164,"💀💊⚠️😭,💀⚠️😭🕳️🔪,😔💔😢🕳️⚠️,💀😭🕳️😔,💀😭🕳️⚠️",1
164,"💀😭⚠️🕳️,😔💔😢🕳️⚠️,💀😭🕳️😔,💀😭🕳️⚠️😔,💀🕳️⚠️😭🔪",3
164,"😔💔😢🕳️⚠️,💀😭🕳️😔,💀😭🕳️⚠️😔,💀🕳️⚠️😭🔪,💀⚠️🕳️😭🚨",1
165,"💀😭🕳️⚠️😔,💀🕳️😭⚠️😔,💀🕳️😭😔⚠️,💀🕳️😭⚠️,💀😰🕳️😭⚠️",0
165,"💀🕳️😭⚠️😔,💀🕳️😭😔⚠️,💀🕳️😭⚠️,💀😰🕳️😭⚠️,😔😢😞💔🕳️",0
165,"💀🕳️😭⚠️😔,💀🕳️😭⚠️,💀😰🕳️😭⚠️,😔😢😞💔🕳️,💀😔🕳️😭💔",0
165,"💀🕳️😭⚠️,💀😰🕳️😭⚠️,😔😢😞💔🕳️,💀😔🕳️😭💔,😔💔😞🕳️⚠️",0
165,"💀😰🕳️😭⚠️,😔😢😞💔🕳️,💀😔🕳️😭💔,😔💔😞🕳️⚠️,😔💔😢🕳️⚠️",1
166,"💀🕳️⚠️😭🔪,💀🚨⚠️🕳️💊,💀⚠️🕳️😭,💀⚠️😭😔🕳️,💀😭😞⚠️",0
166,"💀🚨⚠️🕳️💊,💀⚠️🕳️😭,💀⚠️😭😔🕳️,💀😭😞⚠️,😔😭😰⚠️",3
166,"💀⚠️🕳️😭,💀⚠️😭😔🕳️,💀😭⚠️🕳️,😔😭⚠️,💀🕳️😭⚠️😔",1
166,"💀⚠️😭😔🕳️,💀😭⚠️🕳️,😔😭⚠️,💀🕳️😭⚠️😔,💀😰🕳️😭",3
166,"💀😭⚠️🕳️,😔😭⚠️,💀🕳️😭⚠️😔,💀😰🕳️😭,💀🕳️⚠️🚨💊",2
166,"😔😭😰⚠️,💀🕳️😭⚠️😔,💀😰🕳️😭,💀🕳️🚨🔪⚠️,💀🕳️⚠️😭🔪",1
166,"💀🕳️😭⚠️😔,💀😰🕳️😭,💀🕳️⚠️🚨💊,💀🕳️⚠️😭🔪,💀🕳️😭😰⚠️",2
166,"💀😰🕳️😭,💀🕳️⚠️🚨💊,💀🕳️⚠️😭🔪,💀🕳️😭⚠️,💀💊⚠️🕳️😰",0
166,"💀🕳️⚠️🚨💊,💀🕳️⚠️😭🔪,💀😰🕳️😭⚠️,💀💊⚠️🕳️😰,💊💀⚠️😭",1
170,"💀🕳️😭⚠️😔,💀🕳️😭😔⚠️,💀😭🕳️⚠️😖,💀🕳️😭😔⚠️,💀😭🕳️⚠️",0
170,"💀🕳️😭😔⚠️,💀😭🕳️⚠️😖,💀🕳️😭😔⚠️,💀😭🕳️⚠️,💀🕳️😭😔⚠️",1
170,"💀😭🕳️⚠️😖,💀🕳️😭😔⚠️,💀😭🔪🌑,💀🕳️😭😔⚠️,💀🕳️😭😔💔",1
170,"💀🕳️😭😔⚠️,💀😭🕳️⚠️,💀🕳️😭😔⚠️,💀🕳️😭😔💔,💀🕳️😰😭⚠️",1
170,"💀😭🔪🌑,💀🕳️😭😔⚠️,💀🕳️😭😔💔,💀🕳️😰😭⚠️,💀😭😞⚠️",2
170,"💀🕳️😭😔⚠️,💀🕳️😭😔⚠️,💀🕳️😰😭⚠️,💀😭😞⚠️,💀📝😰🕳️⚠️",1
171,"💀🕳️⚠️🚨📅,💀⚠️🕳️😰🔪,💀🕳️⚠️😭🌑,💀🕳️😭⚠️😰,💀🕳️⚠️😭🩸",1
171,"💀⚠️🕳️🔪,💀🕳️⚠️😭🌑,💀🕳️😭⚠️😰,💀🕳️⚠️😭🩸,💀🕳️😭⚠️",1
171,"💀🕳️⏳😰⚠️,💀🕳️😭⚠️🩸,💀🕳️⚠️😭🩸,💀🕳️😭⚠️,💀🕳️😰⚠️😭",1
171,"💀🕳️😭⚠️🩸,💀🕳️⚠️😭🩸,💀🕳️😭⚠️,💀🕳️😰⚠️😭,💀🕳️⚠️😭🌑",1
171,"💀🕳️⚠️😭🩸,💀🕳️😭⚠️,💀🕳️😰⚠️😭,💀🕳️⚠️😭🌑,💀🕳️😰⚠️😭",0
171,"💀🕳️😭⚠️,💀🕳️😰⚠️😭,💀🕳️⚠️😭🌑,💀🕳️😰⚠️😭,😔💔😢⚠️🕳️",0
171,"💀😰🕳️⚠️😭,💀🕳️⚠️😭🌑,💀🕳️😰⚠️😭,😔💔😢⚠️🕳️,💀⚠️🕳️😰🚨",0
171,"💀🕳️⚠️😭🌑,💀🕳️😰⚠️😭,😔💔😢⚠️🕳️,💀⚠️🕳️😰🚨,💀⚠️🕳️😰🔪",1
171,"💀🕳️😰⚠️😭,😔💔😢⚠️🕳️,💀⚠️🕳️😰🚨,💀⚠️🕳️😰🔪,💀⚠️🕳️😭🔪",1
171,"😔💔😢⚠️🕳️,💀⚠️🕳️😰🚨,💀⚠️🕳️😰🔪,💀⚠️🕳️😭🔪,💀😔🕳️💔⚠️",0
171,"💀⚠️🕳️😰🚨,💀⚠️🕳️😰🔪,💀⚠️🕳️😭🔪,💀😔🕳️😭⚠️,💀🕳️⚠️😭🌑",0
171,"💀⚠️🕳️😰🔪,💀⚠️🕳️😭🔪,💀😔🕳️💔⚠️,💀🕳️⚠️😭🌑,😔💔😖⚠️",0
171,"💀⚠️🕳️😭🔪,💀😔🕳️😭⚠️,💀🕳️⚠️😭🌑,😔💔😩⚠️,🕳️💀⚠️",1
171,"💀😔🕳️💔⚠️,💀🕳️⚠️😭🌑,😔💔😖⚠️,🕳️💀⚠️,💀🕳️⚠️😭🔪",0
171,"💀🕳️⚠️😭🌑,😔💔😖,🕳️💀⚠️,💀🕳️⚠️😭🔪,💀🕳️⚠️😭🌑",1
172,"💀😭🕳️⚠️😔,💀⚠️🕳️😭🚨,😔💔😞⚠️🕳️,😔💔😞,💀🚨⏳🌉😰",1
172,"💀⚠️🕳️😭🚨,😔💔😞⚠️🕳️,😔💔😞🕳️⚠️,💀🚨⏳🌉😰,💀🔪🚨😭⚠️",1
172,"😔💔😞⚠️,😔💔😞⚠️🕳️,💀🚨⏳🌉😰,💀🔪⚠️😭🕳️,💀🔪⚠️😭🕳️",1
172,"😔💔😞🕳️⚠️,💀🚨⚠️🕳️😰,💀🔪⚠️😭🕳️,💀🔪⚠️😭🕳️,💀😭🕳️⚠️😔",2
172,"💀🚨⏳🌉😰,💀🔪⚠️😭🕳️,💀🔪⚠️😭🕳️,💀😭🕳️⚠️😔,💀⚠️🕳️😭🚨",0
172,"💀🔪⚠️😭🕳️,💀🔪😭⚠️,💀😭🕳️⚠️😔,💀⚠️🕳️😭🚨,😔💔😞🕳️⚠️",0
174,"💀🕳️🚨💊😭,💀🔫⚠️🕳️😰,💀🕳️🚨😭⚠️,😔💔😞⚠️,😔💔😞",1
174,"💀🔫⚠️🕳️😰,💀🕳️🚨😭⚠️,😔💔😞,😔💔😞,💀😭🕳️⚠️😔",0
174,"💀🕳️🚨😭⚠️,😔💔😞,😔💔😞,💀😭🕳️⚠️😔,😔💔🕳️😭⚠️",3
174,"😔💔😞⚠️,😔💔😞,💀😭🕳️⚠️,😔💔🕳️😭⚠️,💀😭🕳️⚠️😔",0
174,"😔💔😞,💀😭🕳️⚠️😔,😔💔🕳️😭⚠️,💀😭🕳️⚠️😔,😔💔🕳️😭⚠️",0
174,"💀😭🕳️⚠️😔,😔💔🕳️😭⚠️,💀😭🕳️⚠️😔,😔💔🕳️😭⚠️,😔💔🕳️😭⚠️",1
174,"😔💔🕳️😭⚠️,💀😭🕳️⚠️😔,😔💔🕳️😭⚠️,😔💔🕳️😭⚠️,💀🕳️😭⚠️🩸",0
174,"💀😭🕳️⚠️😔,😔💔🕳️😭⚠️,😔💔🕳️😭⚠️,💀😭🕳️⚠️🩸,💀🕳️😭😔⚠️",0
174,"😔💔🕳️😭⚠️,😔💔🕳️😭⚠️,💀🕳️😭⚠️🩸,💀🕳️😭😔⚠️,💀🔫⚠️😰🕳️",0
175,"💀🔪⚠️😭🌑,💀🕳️😭⚠️,💀🕳️😰😭⚠️,💀🕳️😭⚠️🔪,💀⚠️🕳️😭",0
175,"💀🕳️😭⚠️,💀🕳️😰😭⚠️,💀🕳️😭⚠️🔪,💀🕳️😭⚠️,💀🕳️😰😔💔",1
175,"💀🕳️😰😭⚠️,💀🕳️😭⚠️🔪,💀🕳️😭⚠️,💀🕳️😰😔💔,💀🕳️😭⚠️😖",1
175,"💀🕳️😭⚠️🔪,💀🕳️😭⚠️,💀🕳️😰😔💔,💀🕳️😭⚠️😖,💀🕳️😭⚠️",0
175,"💀🕳️😭⚠️,💀🕳️😰😔💔,💀🕳️😭⚠️😖,💀🕳️😭⚠️,💀🕳️😔💔⚠️",1
175,"💀🕳️😭😔⚠️,💀🕳️😭⚠️😖,💀🕳️😭⚠️,💀🕳️😔💔⚠️,💀🕳️😭⚠️",2
175,"💀🕳️😭⚠️😖,💀🕳️😭⚠️,💀🕳️😔💔⚠️,💀🕳️😭⚠️,💀🕳️🚨😭⚠️",2
175,"💀🕳️😭⚠️,💀🕳️😔💔⚠️,💀🕳️😭🚨😞,💀🕳️🚨😭⚠️,💀🚨⚠️🕳️😭",2
175,"💀🕳️😔💔⚠️,💀🕳️😭⚠️,💀🕳️🚨😭⚠️,💀🚨⚠️🕳️😭,💀🕳️⚠️😭🚨",1
175,"💀🕳️😭⚠️,💀🕳️🚨😭⚠️,💀🔪🚨⚠️🕳️,💀🕳️⚠️😭🔪,💀🕳️😭⚠️",0
175,"💀🕳️🚨😭⚠️,💀🚨⚠️🕳️😭,💀🕳️⚠️😭🔪,💀🕳️😭⚠️,💀🔫⚠️🕳️😰",2
175,"💀🔪🚨⚠️🕳️,💀🕳️⚠️😭🚨,💀🕳️😭⚠️,💀🔫⚠️🕳️😰,💀🔫🚨🕳️😭",0
175,"💀🕳️⚠️😭🚨,💀🕳️😭⚠️,💀🔫⚠️🕳️😰,💀🔫🚨🕳️😭,💀🕳️⚠️",0
175,"💀🕳️😭⚠️,💀🔫⚠️🕳️😰,💀🔫🚨🕳️😭,💀🕳️⚠️😭🌑,💀💔🕳️😭⚠️",1
175,"💀🔫⚠️🕳️😰,💀🔫🚨🕳️😭,💀🕳️⚠️,💀💔🕳️😭,💀😭🕳️⚠️😔",1
175,"💀🔫🚨🕳️😭,💀🕳️⚠️,💀💔🕳️😭😔,💀😭🕳️⚠️😔,💀😭🕳️⚠️😖",2
175,"💀🕳️⚠️😭🌑,💔😔🕳️😭⚠️,💀😭🕳️⚠️😔,💀😭🕳️⚠️😖,💀🔪🕳️😰🚨",2
175,"💀💔🕳️😭⚠️,💀😭🕳️⚠️😔,💀😭🕳️⚠️😖,💀🔪🕳️😰🚨,💀🔫⚠️😭🕳️",0
175,"💀😭🕳️⚠️😔,💀😭🕳️⚠️😖,💀🔪🕳️😰🚨,💀⚠️😭🕳️🔪,💀🕳️😭⚠️",1
176,"💀🕳️😭😞💔,😔💔😰⚠️🕳️,💀😭🔪⚠️🕳️,💀⚠️🕳️😭😰,😔💔😖",2
176,"😔😰🕳️💔⚠️,💀🔪🚨😭🕳️,💀⚠️🕳️😭😰,😔💔😖,💀🔪🚨😭🕳️",0
176,"💀🔪🚨😭🕳️,💀⚠️🕳️😭😰,😔💔😖,💀🔪🚨😭🕳️,💀🕳️😭⚠️",2
176,"💀⚠️🕳️😭😰,😔💔😖,💀🔪🚨😭🕳️,💀🕳️😭⚠️,💀⚠️🕳️😭🔪",0
178,"💀⚠️🕳️😭😔,💀😰🕳️😭⚠️,💀😰🕳️😭⚠️,💀🕳️😭😔💔,😔💔🕳️⚠️",1
178,"💀🕳️😰💊⚠️,💀🕳️😭⚠️💊,💀🕳️😭😔💔,😔💔🕳️,💀🕳️⚠️😭😔",1
178,"💀🕳️😭⚠️💊,💀🕳️😭😔💔,😔💀🕳️,💀🕳️⚠️😭😔,💀🕳️😭⚠️😔",1
178,"💀🕳️😭😔💔,😔💀🕳️,💀🕳️😭⚠️😔,💀🕳️😭😔⚠️,💀🕳️😭⚠️😔",1
178,"😔💔🕳️⚠️,💀🕳️⚠️😭😔,💀😔🕳️😭⚠️,💀🕳️😭⚠️😔,💀⚠️😰🕳️😭",1
178,"💀🕳️⚠️😭😔,💀🕳️😰😔💔,💀🕳️😭⚠️😔,💀😰🕳️😭⚠️,💀😭🕳️⚠️",1
178,"💀🕳️😭⚠️😔,💀🕳️😭⚠️😔,💀😰🕳️😭⚠️,💀😭🕳️⚠️,💀😭⚠️😔🕳️",1
180,"💀😰🕳️😭⚠️,💀💊⚠️😭,💀😰🕳️😭⚠️,💀🕳️😭😔,💀😭🕳️⚠️😔",0
181,"😔💔😢😞⚠️,💀🕳️😭⚠️😔,💀😭⚠️🕳️😔,😔😡😤💥⚠️,💀😰🕳️😭⚠️",1
181,"💀🕳️😭⚠️😔,💀😭⚠️🕳️😔,😔😡😤💥⚠️,💀😭🕳️⚠️😔,😔💔😢😞🕳️",1
181,"💀😰🕳️😭⚠️,😔😡😤💥⚠️,💀😰🕳️😭⚠️,😔💔😢😞🕳️,💀😔😭⚠️🕳️",1
181,"😔😩😖💔😞,💀😰🕳️😭⚠️,😔💔😢😞⚠️,💀😔😭⚠️🕳️,💀😔🕳️😭⚠️",1
181,"💀😰🕳️😭⚠️,😔💔😢😞⚠️,💀😔😩🕳️😭,💀😔🕳️😭⚠️,💀🕳️😭😔💔",0
181,"😔💔😢😞⚠️,💀😔😩🕳️😭,💀😔🕳️😭⚠️,💀😔😭⚠️🕳️,😔💔😞😩🕳️",0
181,"💀😔😩🕳️😭,💀😔🕳️😭⚠️,💀🕳️😭😔⚠️,😔💔😞😩⚠️,💀😭⚠️🕳️😔",0
181,"💀😔🕳️😭⚠️,💀🕳️😭😔⚠️,😔💔😞😩⚠️,💀😭⚠️🕳️😔,😔💔😩😞⚠️",0
181,"💀😔😭⚠️🕳️,😔💔😞😩⚠️,💀😭⚠️😔💔,😔💔😩😞⚠️,😔😩😞💔🕳️",0
181,"😔💔😞😩⚠️,💀😭⚠️🕳️😔,😔💔😞😩⚠️,😔😩😞💔🕳️,😊💪✨🙏💚",0
181,"💀😭⚠️😔💔,😔💔😩😞⚠️,😔😩😞💔🕳️,😊💪✨🙏💚,💀😔🕳️😭⚠️",1
181,"😔💔😩😞⚠️,😔😩😞💔🕳️,😊💪✨🙏💚,💀😔🕳️😭⚠️,💀🕳️😰😔💔",1
181,"😔😩😞💔🕳️,😊💪✨🌟🙏,💀😔🕳️😭⚠️,💀🕳️😰😔💔,💀😔😭⚠️🕳️",1
181,"😊💪✨🙏💚,💀😔🕳️😭⚠️,💀🕳️😔😭⚠️,💀😭😔🕳️⚠️,💀😔🕳️⚠️",1
181,"💀😔🕳️😭⚠️,💀🕳️😰😔💔,💀😭😔🕳️⚠️,💀😔🕳️⚠️,💀🕳️😭⚠️🌑",1
181,"💀🕳️😰😔💔,💀😔😭⚠️🕳️,💀😔🕳️⚠️,💀🕳️😭⚠️🌑,💀😔🕳️😭⚠️",0
181,"💀😭😔⚠️🕳️,💀😔🕳️⚠️,💀🕳️😭⚠️🌑,💀😔😭😞⚠️,😔💔😞🕳️⚠️",0
181,"💀😔🕳️⚠️,💀🕳️😭⚠️🌑,💀😔🕳️😭⚠️,😔💔🕳️😭⚠️,💀🕳️😭😔⚠️",1
181,"💀🕳️😭⚠️🌑,💀😔🕳️😭⚠️,😔💔🕳️😭⚠️,💀🕳️😭😔⚠️,💀😭🕳️⚠️😔",0
181,"💀😔🕳️😭⚠️,😔💔😞🕳️⚠️,💀🕳️😭😔⚠️,💀😭🕳️⚠️😔,😔💔😩🕳️⚠️",0
181,"😔💔😞🕳️⚠️,💀🕳️😭😔,💀😭🕳️⚠️😔,😔💔😩🕳️⚠️,💀🕳️😭😔⚠️",0
181,"💀🕳️😭😔⚠️,💀😭🕳️⚠️😔,😔💔😩🕳️⚠️,💀🕳️😭😔⚠️,😔💔😢😞⚠️",1
181,"💀😭🕳️⚠️😔,😔💔😩🕳️⚠️,💀🕳️😭😔⚠️,😔💔😢😞⚠️,😔💔😞😩🕳️",1
181,"😔💔😩🕳️⚠️,💀🕳️😭😔⚠️,😔💔😢😞⚠️,😔💔😞😩🕳️,💀🕳️😔⚠️😭",1
181,"💀🕳️😭😔⚠️,😔💔😢😞⚠️,😔💔😞😩🕳️,💀🕳️😔⚠️,💀🕳️😭🚨",1
181,"😔💔😢😞⚠️,😔💔😞😩🕳️,💀🕳️😔⚠️,💀🕳️😭🚨⚠️,💀😔💔🕳️😭",1
181,"😔💔😞😩🕳️,💀🕳️😔⚠️,💀🕳️😭🚨,💀😔💔🕳️⚠️,💀😭🕳️⚠️",1
181,"💀🕳️😔⚠️,💀🕳️😭🚨,💀😔💔🕳️⚠️,💀😭🕳️⚠️😔,💀😭🕳️⚠️😔",1
181,"💀🕳️😭🚨,💀😔💔🕳️😭,💀😭🕳️⚠️😔,💀😭🕳️⚠️😔,💀🕳️😭⚠️😔",1
181,"💀😔💔🕳️⚠️,💀😭🕳️⚠️😔,💀😭🕳️⚠️😔,💀🕳️😭⚠️😔,💀😭😞⚠️🕳️",1
181,"💀😭🕳️⚠️,💀😭🕳️⚠️😔,💀🕳️😭⚠️😔,💀😭😔⚠️🕳️,💀😭😞🕳️⚠️",1
181,"💀😭🕳️⚠️😔,💀🕳️😭⚠️😔,💀😭😞⚠️🕳️,💀😭😞🕳️⚠️,💀😭😞⚠️🕳️",1
181,"💀🕳️😭⚠️😔,💀😭😞⚠️🕳️,💀😭😞🕳️⚠️,💀😭😞⚠️🕳️,💀🕳️😭⚠️😔",1
181,"💀😭😞⚠️🕳️,💀😭🕳️⚠️😔,💀😭😞⚠️🕳️,💀😔🕳️😭⚠️,😔💔😞🕳️⚠️",1
181,"💀😭🕳️⚠️😔,💀😭😞⚠️🕳️,💀🕳️😭⚠️😔,😔💔😞🕳️⚠️,💀😭😞⚠️🕳️",0
181,"💀😭😞⚠️🕳️,💀🕳️😭😞⚠️,😔💔😞🕳️⚠️,💀😭😞⚠️🕳️,💀😰🕳️😭⚠️",1
181,"💀🕳️😭😞⚠️,😔💔😞🕳️,💀😭😞⚠️🕳️,💀😰🕳️😭⚠️,💀😭😰⚠️🕳️",1
181,"😔💔😞🕳️⚠️,💀😭😞⚠️🕳️,💀😰🕳️😭⚠️,💀😭😰⚠️🕳️,💀😔🕳️😭⚠️",0
181,"💀😭😞⚠️🕳️,💀😰🕳️😭⚠️,💀😭😰⚠️🕳️,💀😔🕳️😭⚠️,💀🕳️😭⚠️🎒",0
181,"💀😰🕳️😭⚠️,💀😭😰⚠️🕳️,💀😔🕳️😭⚠️,💀🕳️😭⚠️🎒,💀🕳️😭⚠️🌲",0
181,"💀😭😰⚠️🕳️,💀😔🕳️😭⚠️,💀🕳️😭⚠️🎒,💀🕳️😭⚠️🌲,😔💔😞😩🕳️",1
182,"💀🔫⚠️🕳️😭,💀😭🕳️⚠️😖,💀🕳️😭⚠️😔,😔💪✨🙏,😰😔💔⚠️",2
182,"💀😭🕳️⚠️😖,💀🕳️😭⚠️😔,😔💪✨🙏,😰😔💔⚠️,💀🕳️⚠️😭",0
182,"💀🕳️😭⚠️,😔💪✨🙏,😰😔💔⚠️,💀⚠️🕳️😰😭,😔⚠️",0
182,"😔💪✨🙏,😰😔💔⚠️,💀🕳️⚠️😭,😔🕳️😭⚠️,😰😔🕳️⚠️😭",0
182,"😰😔💔⚠️,💀⚠️🕳️😰😭,😔🕳️,😰😔🕳️⚠️😭,😰🕳️😭",0
182,"💀⚠️🕳️😰😭,😔🕳️,😰😔🕳️⚠️😭,😰🕳️😭,😰🕳️😭⚠️",0
182,"😔⚠️,😰😔🕳️⚠️😭,😰🕳️😭⚠️,😰🕳️😭⚠️,😔😟⚠️",0
182,"😰😔🕳️⚠️😭,😰🕳️😭⚠️,😰🕳️😭⚠️,😔😟⚠️,💀😰🕳️😭⚠️",0
182,"😰🕳️😭,😰🕳️😭⚠️,😔😟⚠️,💀😰🕳️😭⚠️,😔😭⚠️🕳️",2
182,"😰🕳️😭⚠️,😔😟⚠️,💀😰⚠️😭💔,😔😭🕳️⚠️,💀🕳️🚨🔫😭",0
182,"😔😟⚠️,💀😰🕳️😭⚠️,😔😭🕳️⚠️,💀🕳️🚨🔫😭,😰🕳️😭⚠️",1
183,"💀⚠️🕳️😭🪦,💀😭🕳️⚠️😔,💀😭🕳️😔,💀🕳️⚠️🚨,💀🕳️⚠️😭🌑",1
183,"💀😭😔🕳️⚠️,💀😭🕳️😔,💀🕳️⚠️🚨,💀🕳️⚠️😭🔪,💀🕳️😭😔💔",1
183,"💀😭🕳️😔,💀🕳️⚠️🚨,💀🕳️⚠️😭🔪,💀🕳️😭😔⚠️,💀🕳️😰😭⚠️",2
183,"💀🕳️⚠️🚨,💀🕳️⚠️😭🔪,💀😔🕳️😭⚠️,💀🕳️😰😭⚠️,💀🕳️⚠️🔪💊",1
184,"💀🕳️⚠️🔪💊,💀🔪😭⚠️,💀🕳️🚨😭⚠️,💀🕳️🚨😭⚠️,💀🕳️🚨😭⚠️",1
184,"💀🔪😭⚠️,💀🕳️🚨😭⚠️,💀🕳️🚨😭⚠️,💀🕳️🚨😭⚠️,💀🕳️🚨😭⚠️",1
184,"💀🕳️🚨😭⚠️,💀🕳️🚨😭⚠️,💀🕳️🚨😭⚠️,💀🕳️🚨😭⚠️,💀🕳️😭⚠️🌉",0
184,"💀🕳️🚨😭⚠️,💀🕳️🚨🌊⚠️,💀🕳️🚨😭⚠️,💀🕳️😭⚠️🌉,💀😭🕳️⚠️😔",1
184,"💀🕳️🚨😭⚠️,💀🕳️🚨😭⚠️,💀🕳️😭⚠️🌉,💀😭🕳️⚠️😔,💀😭🕳️⚠️😔",1
184,"💀🕳️🚨😭⚠️,💀🕳️😭⚠️🌉,💀😭🕳️⚠️😔,💀😭🕳️⚠️😔,😔💔😢🕳️⚠️",1
184,"💀🕳️😭⚠️🌉,💀😭🕳️⚠️😔,💀😭🕳️⚠️😔,😔💔😢⚠️🕳️,💀🕳️😭⚠️",1
184,"💀😭🕳️⚠️😔,💀😭🕳️⚠️😔,😔💔😢🕳️⚠️,💀🕳️😭⚠️😔,💀🕳️⚠️😭⚰️",0
184,"💀😭🕳️⚠️😔,😔💔😢😞⚠️,💀🕳️😭⚠️😔,💀🕳️⚠️😭⚰️,💀🕳️😰😭⚠️",1
184,"😔💔😢🕳️⚠️,💀🕳️😭⚠️,💀🕳️😭⚠️🕯️,💀🕳️😰😭⚠️,💀🕳️😭⚠️😔",0
184,"💀🕳️😭⚠️😔,💀🕳️😭⚠️⚰️,💀🕳️😰😭⚠️,💀🕳️😭⚠️😔,😔💔😢🕳️⚠️",1
184,"💀🕳️😭⚠️🕯️,💀🕳️😰😭⚠️,💀🕳️😭⚠️,😔💔😢😞🕳️,💀😭🕳️⚠️😔",1
184,"💀🕳️😰😭⚠️,💀🕳️😭⚠️😔,😔💔😢🕳️⚠️,💀😭🕳️⚠️😔,💀😭🕳️⚠️😔",1
184,"💀🕳️😭⚠️😔,😔💔😢🕳️⚠️,💀😭🕳️⚠️😔,💀😭🕳️⚠️😔,💀😰🕳️😭⚠️",2
184,"😔💔😢🕳️,💀😭🕳️⚠️😔,💀😭🕳️⚠️😔,💀😰🕳️😭⚠️,💀😭🕳️⚠️🔪",1
184,"💀😭🕳️⚠️😔,💀😭🕳️⚠️😔,💀😰🕳️😭⚠️,💀😭🕳️⚠️🔪,💀😔🕳️😭⚠️",1
184,"💀😭🕳️⚠️😔,💀😰🕳️😭⚠️,💀😭🕳️⚠️🔪,💀😭😞⚠️🕳️,💀🕳️😭⚠️🌑",1
184,"💀🕳️😭😰⚠️,💀😭🕳️⚠️🔪,💀😔🕳️😭⚠️,💀🕳️😭⚠️🌑,💀😭🕳️⚠️😔",1
184,"💀😭🕳️⚠️🔪,💀😭😞⚠️🕳️,💀🕳️😭⚠️🌑,💀😭🕳️⚠️😔,💀🕳️😭⚠️😔",2
184,"💀😔😞🕳️⚠️,💀🕳️😭⚠️😔,💀😭🕳️⚠️😔,💀🕳️😭⚠️😔,💀🕳️😭⚠️🌑",1
184,"💀🕳️😭⚠️😔,💀😭🕳️⚠️😔,💀🕳️😭⚠️😔,💀🕳️😭⚠️🌑,💀😭🕳️⚠️😔",3
184,"💀😭🕳️⚠️😔,💀🕳️😭😔⚠️,💀🕳️😭⚠️🚨,💀😭🕳️⚠️😔,💀🕳️🚨😭⚠️",2
184,"💀🕳️😭⚠️😔,💀🕳️😭⚠️🚨,💀😭🕳️⚠️😔,💀🕳️🚨😭⚠️,💀🕳️🚨😭⚠️",3
184,"💀🕳️😭⚠️🚨,💀😭🕳️⚠️😔,💀🕳️🚨😭⚠️,💀🕳️🚨😭⚠️,😔💔😢",2
184,"💀😭🕳️⚠️😔,💀🕳️🚨😭⚠️,💀🕳️🚨😭⚠️,😔💔😢,💀⚠️🕳️😭🚨",2
184,"💀🕳️🚨😭⚠️,💀🕳️🚨😭⚠️,😔💔😢,💀⚠️🕳️😭🚨,💀🕳️🚨😭⚠️",2
184,"💀🕳️🚨😭⚠️,😔💔😢,💀⚠️🕳️😭🚨,💀⚠️🕳️😭🚨,💀🕳️😭⚠️🌉",2
184,"😔💔😢,💀⚠️🕳️😭🚨,💀🕳️🚨😭⚠️,💀🕳️😭⚠️🌉,💀🕳️🚨🌉⚠️",1
184,"💀⚠️🕳️😭🚨,💀⚠️🕳️😭🚨,💀🕳️😭⚠️🌉,💀🕳️🚨🌉⚠️,😰⚠️💀📞",2
184,"💀⚠️🕳️😭🚨,💀🕳️😭⚠️🌉,💀🕳️🚨🌉⚠️,😰⚠️💀📞,💀⚠️🕳️😭🚨",1
184,"💀🕳️😭⚠️🌉,💀🕳️🚨🌉⚠️,😰⚠️💀📞,💀⚠️🕳️😭🚨,💀😭🚨🕳️⚠️",1
184,"💀🕳️🚨🌉⚠️,😰⚠️💀📞,💀⚠️🕳️😭🚨,💀😭🚨🕳️⚠️,💀😭⚠️🕳️😔",1
184,"😰⚠️💀📞,💀⚠️🕳️😭🚨,💀😭🚨🕳️⚠️,💀😭⚠️🕳️😔,💀😭🕳️⚠️😔",1
184,"💀⚠️🕳️😭🚨,💀😭🚨🕳️⚠️,💀😭⚠️😞🕳️,💀😭🕳️⚠️😔,💀🕳️😭😞⚠️",1
184,"💀😭🚨🕳️⚠️,💀😭⚠️🕳️😔,💀😭🕳️⚠️😔,💀🕳️😭😞⚠️,💀🕳️😭⚠️🔪",1
184,"💀😭⚠️🕳️😔,💀😭🕳️⚠️😔,💀🕳️😭😞⚠️,💀🕳️😭⚠️🔪,💀😔🕳️😭⚠️",1
184,"💀😭🕳️⚠️😔,💀🕳️😭😞⚠️,💀🕳️😭⚠️🔪,💀😭🕳️⚠️😔,💀🕳️😭⚠️😰",1
184,"💀🕳️😭😞⚠️,💀🕳️😭⚠️🔪,💀😔🕳️😭⚠️,💀🕳️😭⚠️😰,💀🕳️😭⚠️😔",0
184,"💀🕳️😭⚠️🔪,💀😔🕳️😭⚠️,💀🕳️😭⚠️😰,💀🕳️😭⚠️😔,💀😰🕳️😭⚠️",0
184,"💀😔🕳️😭⚠️,💀😭⚠️🕳️😰,💀🕳️😭⚠️😔,💀😰🕳️😭⚠️,😔💔😢😞😣",0
184,"💀😭⚠️🕳️😰,💀🕳️😭⚠️😔,💀😭🕳️⚠️😔,😔💔😢😞😣,😔💔😢😞😣",0
185,"😔💔😢🥺⚠️,💀🔪🚨😭,💀🕳️😭⚠️😔,💀😭⚠️😔🕳️,💀🕳️😭⚠️😔",0
185,"💀🔪💊😭,💀🕳️😭⚠️😔,💀😭⚠️😔🕳️,💀🕳️😭⚠️😔,😔💔😡😞⚠️",1
185,"💀😔🕳️😭⚠️,💀😭⚠️😔💔,💀🕳️😭⚠️😔,😔💔😡😞⚠️,💀🕳️😭⚠️",2
185,"💀😭⚠️😔💔,💀🕳️😭⚠️😔,😔💔😡😞⚠️,💀🕳️😭⚠️,💀💊⚠️😰🕳️",0
185,"💀🕳️😭⚠️😔,😔💔😡😞⚠️,💀🕳️😭⚠️,💀💊⚠️😰🕳️,💀😭🕳️⚠️😔",2
185,"😔💔😡😞⚠️,💀🕳️😭⚠️,💀💊⚠️😰🕳️,💀😭🕳️⚠️😔,💀🔪😭⚠️",0
185,"💀🕳️😭⚠️,💀💊⚠️😰🕳️,💀😭🕳️⚠️😔,💀🔪😭⚠️,😔💔🕳️🚬💀",2
185,"💀💊⚠️😰🕳️,💀😭🕳️⚠️😔,💀🔪😭⚠️,😔💔🕳️🚬💀,💀🔪⚠️😭🕳️",2
185,"💀😭🕳️⚠️😔,💀🔪😭⚠️,😔💔🕳️🚬💀,💀🔪⚠️😭🕳️,💀🔪🚨⚰️🕳️",1
185,"💀🔪😭⚠️,😔💔🕳️🚬💀,💀🔪⚠️😭🕳️,💀🔪🚨⚰️🕳️,💀😭🔪⚠️🕳️",2
185,"😔💔🕳️⚠️😭,💀🔪⚠️😭🕳️,💀🔪🚨⚰️🕳️,💀😭🔪⚠️🕳️,💀🔫😭🕳️⚠️",1
185,"💀🔪⚠️😭🕳️,💀🔪🚨⚰️🕳️,💀😭⚠️🕳️🔪,💀🔫😭🕳️⚠️,💀🕳️😭⚠️😔",0
185,"💀🔪🚨⚰️🕳️,💀😭🔪⚠️🕳️,💀🔫😭🕳️⚠️,💀🕳️😭⚠️😔,💀💊⚠️🕳️😭",2
185,"💀😭⚠️🕳️🔪,💀🔫😭🕳️⚠️,💀🕳️😭⚠️😔,💀💊⚠️😭🕳️,💀⚠️🕳️😭🔪",0
185,"💀🔫😭🕳️⚠️,💀🕳️😭⚠️😔,💀💊⚠️🕳️😭,💀⚠️🕳️😭🔪,😰😔⚠️💔",2
185,"💀🕳️😭⚠️😔,💀💊⚠️😭🕳️,💀⚠️🕳️😭🔪,😰😔💔😖,💀⚠️🕳️😭🔪",2
185,"💀💊⚠️🕳️😭,💀⚠️🕳️😭🔪,😰😔⚠️💔,💀⚠️🕳️😭🔪,💀🔪😭⚠️🕳️",2
185,"💀⚠️🕳️😭🔪,😰😔💔😢,💀⚠️🕳️😭🔪,💀🩸😰⚠️😭,💀⚠️😭🔪🧠",0
185,"😰😔💔😩,💀⚠️🕳️😭🔪,💀🩸😰⚠️😭,💀⚠️😭🔪🕳️,💀😔🕳️😭⚠️",2
185,"💀⚠️🕳️😭🔪,💀🔪😰🩸⚠️,💀⚠️😭🕳️🔪,💀😔🕳️😭⚠️,💀⚠️😭🕳️🚨",2
185,"💀🩸😰⚠️😭,💀⚠️😭🔪🕳️,💀😔🕳️😭⚠️,💀⚠️😭🕳️🚨,💀🔫😭⚠️🕳️",2
185,"💀⚠️😭🕳️🔪,💀😔😭⚠️🕳️,💀⚠️😭🕳️🚨,💀🔫😭⚠️🕳️,💀🔪💊🕳️",0
185,"💀😔🕳️😭⚠️,💀⚠️😭🕳️🚨,💀🔫😭⚠️🕳️,💀🔪💊🕳️,💀🚬⚠️😔🕳️",2
185,"💀⚠️😭🕳️🚨,💀🔫😭⚠️🕳️,💀🔪💊🕳️,💀🚬⚠️😔🦋,💀😭⚠️🕳️🔪",1
185,"💀🔫😭⚠️🕳️,💀🔪💊🕳️,💀🚬⚠️😔🕳️,💀😭⚠️🕳️🔪,💀🕳️😭😔⚠️",1
185,"💀🔪💊🕳️,💀🚬⚠️😔🕳️,💀😭⚠️🕳️🔪,💀🕳️😭😔⚠️,💀😭🕳️⚠️😔",1
185,"💀🚬⚠️😔🕳️,💀😭⚠️🕳️🔪,💀🕳️😭😔💔,💀😭🕳️⚠️😔,💀😰🕳️😭⚠️",1
185,"💀😭⚠️🕳️🔪,💀🕳️😭😔💔,💀😭🕳️⚠️😔,💀😰🕳️😭⚠️,💀🔪🩸😰⚠️",1
185,"💀🕳️😭😔⚠️,💀😭🕳️⚠️😔,💀😰🕳️😭⚠️,💀🔪🩸😰⚠️,💀🔪⚠️😭🕳️",2
185,"💀😭🕳️⚠️😔,💀😰🕳️😭⚠️,💀🔪😭⚠️🕳️,💀🔪⚠️😭🕳️,💀🔪⚠️😭",1
185,"💀😭⚠️🕳️😔,💀🔪🩸😰⚠️,💀🔪⚠️😭🕳️,💀🔪⚠️😭,💀⚠️🕳️😭🚨",1
185,"💀🔪😭⚠️🕳️,💀🔪😭⚠️🕳️,💀🔪⚠️😭,💀⚠️🕳️😭🚨,💀😰🕳️😭⚠️",0
185,"💀🔪⚠️😭🕳️,💀🔪⚠️😭,💀⚠️🕳️😭🚨,💀😰🕳️😭⚠️,😔💔😢",0
185,"💀🔪⚠️😭,💀⚠️🕳️😭🚨,💀🕳️⚠️😭😔,😔💔😞,😔💔😢😞⚠️",0
185,"💀⚠️🕳️😭🚨,💀😰🕳️😭⚠️,😔💔😞,😔💔😢😞⚠️,😔💔😢",1
185,"💀😰🕳️😭⚠️,😔💔😞,😔💔😢😞⚠️,😔💔😢,😔💔🕳️",0
185,"😔💔😞,😔💔😢😞⚠️,😔😖😞💔⚠️,😔💔😞📱🕳️,😔💔😞",0
185,"😔💔😢😞⚠️,😔💔😢,😔💔🕳️,😔💔😢,💀😭🕳️⚠️😔",1
185,"😔💔😢,😔💔😞📱🕳️,😔💔😢,💀😭🕳️⚠️😔,💀😰🕳️😭⚠️",0
185,"😔💔😞📱🕳️,😔💔😢,💀😭🕳️⚠️😔,💀😰🕳️😭⚠️,💀😭⚠️🕳️🔪",1
186,"😰😔💔⚠️,💀⚠️🕳️😭,💀🔪⚠️🕳️,😔😢🕳️,💀💊🚨⚠️😭",1
186,"💀🕳️🚨😵🩸,💀🔪⚠️🕳️,😔😢🕳️,💀💊⚠️🕳️😭,💀🕳️😭⚠️🔪",2
186,"💀🔪⚠️🕳️,😔😢🕳️,💀💊🚨😭⚠️,💀🕳️😭⚠️🔪,💀💊🚨😭⚠️",3
186,"😔😢🕳️,💀💊🚨😭⚠️,💀🕳️😭⚠️🔪,💀💊🚨😭⚠️,💀💊⚠️😭🕳️",0
186,"💀💊🚨⚠️🕳️,💀🕳️⚠️😭🔪,💀💊🚨😭⚠️,💀💊⚠️🕳️😰,😔💀🕳️😭⚠️",1
186,"💀🕳️⚠️😭🔪,💀💊🚨😭⚠️,💀💊⚠️😭🕳️,😔💀⚠️🕳️😭,💀🕳️😭⚠️😔",1
187,"💀🔪🚨💊🕳️,💀🕳️🚨😭⚠️,💀⚠️🕳️😭🔪,💀🕳️🚨😭⚠️,💀😭🔪🕳️",2
187,"💀🕳️🚨😭⚠️,💀⚠️🕳️😭🚨,💀🕳️🚨😭⚠️,💀😭🔪⚠️🕳️,💀💊🏨⚠️😭",2
187,"💀⚠️🕳️😭🚨,💀🕳️🚨😭⚠️,💀😭🔪⚠️🕳️,💀💊🏨⚠️😭,💀💊🏨⚠️😭",1
187,"💀🕳️🚨😭⚠️,💀😭🔪⚠️🕳️,💀💊🏨⚠️😭,💀💊🏨⚠️😭,💀🕳️⚠️😭🔪",3
187,"💀😭🔪⚠️🕳️,💀💊🏨⚠️😭,💀💊🏨⚠️😭,💀🕳️⚠️😭🔪,💀🕳️⚠️😭💊",1
187,"💀💊🏨⚠️😭,💀💊🏨⚠️😭,💀🕳️⚠️😭🔪,💀🕳️⚠️😭💊,💀🕳️😭⚠️🩸",2
187,"💀💊🏨⚠️😭,💀🕳️⚠️😭🔪,💀🕳️⚠️😭💊,💀🕳️😭⚠️🚨,💀💊🚨⚠️🕳️",2
187,"💀🕳️⚠️😭🔪,💀🕳️⚠️😭💊,💀🕳️😭⚠️🩸,💀💊⚠️🕳️😭,💀🕳️⚠️😭🔪",1
190,"💀🕳️⚠️😭,💀🕳️😭⚠️💊,💀😭🕳️😔,💀💊🚨😭⚠️,💀🕳️😭🚨",1
190,"💀🕳️⚠️😭💊,💀😭🕳️😔,💀💊🚨😭⚠️,💀🕳️😭🚨,💀🕳️😭⚠️😔",0
190,"💀😭🕳️😔,💀💊🚨😭⚠️,💀🕳️😭🚨,💀🕳️😭⚠️😔,😔😞😩🕳️⚠️",2
190,"💀💊🚨😭⚠️,💀🕳️😭⚠️,💀🕳️😭⚠️😔,😔😞😩🕳️⚠️,💀🕳️😰⚠️😭",1
190,"💀🕳️😭⚠️,💀🕳️😭⚠️😔,😔😰🕳️😭⚠️,💀🕳️😰⚠️😭,💀💊⚠️🕳️😭",3
190,"💀🕳️😭⚠️😔,😔😰🕳️😭⚠️,💀🕳️😰⚠️😭,💀💊⚠️🕳️😭,💀🕳️⚠️😭",1
190,"😔😰🕳️😭,💀🕳️😰⚠️😭,💀💊⚠️🕳️😭,💀🕳️⚠️😭,💀💊⚠️🕳️😭",1
190,"💀🕳️😰⚠️😭,💀💊⚠️🕳️😭,💀🕳️⚠️😭😰,💀💊⚠️🕳️😭,💀⚠️🕳️😭",0
193,"💀🌑🕳️😭⚠️,💀🕳️😭😔💔,💀🕳️😭⚠️,😔💔😞⚠️,💀🕳️😭⚠️😔",1
193,"💀🕳️😭😔💔,💀🕳️😭⚠️,😔💔😞⚠️🕳️,💀🕳️😭⚠️😔,💀🕳️😰🌑😭",0
193,"💀🕳️😭⚠️,😔💔😢,💀🕳️😭⚠️😔,💀🕳️😰🌑😭,😔💔😞⚠️",0
193,"😔💔😞⚠️,💀🕳️😭⚠️😔,💀🕳️😰🌑😭,😔💔😞⚠️,💀🕳️😰😔🌑",1
193,"💀🕳️😭⚠️😔,💀🕳️😰🌑😭,😔💔😞⚠️,💀🕳️😰😔💔,💀🕳️😰🌑😭",1
193,"💀🕳️😰🌑😭,😔💔😞,💀🕳️😰😔💔,💀🕳️😰🌑😭,💀🕳️😭⚠️",1
193,"😔💔😞⚠️,💀🕳️😰😔🌑,💀🕳️😰🌑😭,💀🕳️😭⚠️,💀🕳️😰😔💔",1
193,"💀🕳️😰😔🌑,💀🕳️😰🌑😭,💀🕳️😭⚠️,💀🕳️😭⚠️😔,💀🕳️😭⚠️",0
193,"💀🕳️😰🌑😭,💀🕳️😭⚠️,💀🕳️😭⚠️😔,💀🕳️😭⚠️,😔💔😞🕳️",0
193,"💀🕳️😭⚠️,💀🕳️😭⚠️😔,💀🕳️😭⚠️,😔💔😞🕳️,😔💔😢🕳️",1
193,"💀🕳️😰😔💔,💀🕳️😭⚠️,😔💔😞🕳️,😔💔😢🕳️,💀🕳️😰😔😭",1
193,"💀🕳️😭⚠️,😔💔😢,😔💔😢🕳️,💀🕳️😰😔❓,💀🕳️😭⚠️🌑",0
193,"😔💔😞🕳️,😔💔😢🕳️,💀🕳️😰😔❓,💀🕳️😭⚠️🌑,💀🕳️⚠️😭😔",1
193,"😔💔😢🕳️,💀🕳️😰😔❓,💀😭🕳️⚠️😔,💀🕳️😭⚠️,💀🕳️😭⚠️",1
193,"💀🕳️😰😔❓,💀😭🕳️⚠️😔,💀🕳️⚠️😭😔,💀🕳️😭⚠️,😔💔😢",0
193,"💀🕳️😭⚠️🌑,💀🕳️😭⚠️,💀🕳️😭⚠️,😔💔😢,😔💔😢",1
193,"💀🕳️⚠️😭😔,💀🕳️😭⚠️,😔💔😢,😔💔😞,💀🕳️😰😔🌌",1
193,"💀🕳️😭⚠️,😔💔😢,😔💔😢,💀🕳️😰😔🌌,💀🕳️😭⚠️🌑",1
193,"😔💔😢,😔💔😢,💀🕳️😰😔😭,💀🕳️😭⚠️🌑,💀🕳️😭😔⚠️",1
193,"😔💔😢,💀🕳️😰😔😭,💀🕳️😭⚠️🌑,💀🕳️😭😔⚠️,💀😭⚠️😔💔",0
193,"💀🕳️😰😔😭,💀🕳️😭⚠️🌑,💀🕳️😭😔⚠️,💀😭⚠️😔💔,😔🤔❓🌌🕳️",1
193,"💀🕳️😭⚠️🌑,💀🕳️😭😔⚠️,💀😭⚠️😔💔,😔❓🌌,💀🕳️😭⚠️🚨",1
193,"💀🕳️😭😔⚠️,💀😭⚠️😔💔,😔❓🌌,💀🕳️😭⚠️🚨,💀🕳️😭⚠️💔",0
193,"💀😭⚠️😔💔,😔❓🕳️,💀🕳️😭⚠️🚨,💀🕳️😭⚠️💔,💀🕳️😰😔😭",1
193,"😔🤔❓,💀🕳️😰⚠️😭,💀😭🕳️⚠️💔,💀🕳️😰😔😭,💀😔🕳️😭⚠️",0
193,"💀🕳️😭⚠️🚨,💀🕳️😭⚠️💔,💀🕳️😰😔😭,💀😔🕳️😭⚠️,😔💔😢🕳️⚠️",1
193,"💀🕳️😭⚠️,💀🕳️😰😔😭,💀😔🕳️😭⚠️,😔💔😢🕳️⚠️,💀🕳️😰😭⚠️",1
193,"💀🕳️😰😔😭,💀😔🕳️😭⚠️,😔💔😢🕳️⚠️,💀🕳️😰😭⚠️,💀🕳️😭⚠️🌑",1
193,"💀😔🕳️😭⚠️,😔💔😢🕳️⚠️,💀🕳️😰😭⚠️,💀🕳️😭⚠️🌑,💀🕳️⚠️😭🌑",0
193,"😔💔😢🕳️⚠️,💀🕳️😰😭⚠️,💀🕳️😭⚠️🌑,💀🕳️😭⚠️,💀🕳️😭⚠️🌑",1
193,"💀🕳️😰😭⚠️,💀🕳️😭⚠️🌑,💀🕳️😭⚠️,💀🕳️😭⚠️🌑,💀🕳️😭⚠️🌑",1
193,"💀🕳️😭⚠️🌑,💀🕳️⚠️😭🌑,💀🕳️😭⚠️🌑,💀🕳️😭⚠️🌑,💀🕳️😭⚠️",0
193,"💀🕳️😰⚠️😭,💀🕳️😭⚠️🌑,💀🕳️😭⚠️🌑,💀😴🕳️😭⚠️,💀🕳️😭😔⚠️",0
193,"💀🕳️😭⚠️🌑,💀🕳️😭⚠️🌑,💀🕳️😭⚠️,💀🕳️😭😔⚠️,💀🕳️⚠️😭",0
193,"💀🕳️😭⚠️🌑,💀😴🕳️😭⚠️,💀🕳️😭😔⚠️,💀🕳️⚠️😭,💀🕳️😰🌑⚠️",0
193,"💀🕳️😭⚠️,💀🕳️😭😔⚠️,💀🕳️⚠️😭💔,💀🌑🕳️😭⚠️,💀🕳️😭⚠️😔",0
193,"💀🕳️😰😔💔,💀🕳️⚠️😭💔,💀🕳️😰⚠️😭,💀🕳️😭⚠️😔,💀🕳️😭⚠️",0
193,"💀🕳️⚠️😭💔,💀🕳️🌑😭⚠️,💀🕳️😭⚠️😔,💀🕳️😭⚠️,💀🕳️😰😔⚠️",1
193,"💀🌑🕳️😭⚠️,💀🕳️😭⚠️😔,💀🕳️😭⚠️,💀🕳️😰😔🌑,💀😭🕳️⚠️😔",0
193,"💀🕳️😭⚠️😔,💀🕳️😭⚠️,💀🕳️😰😔🌑,💀😭🕳️⚠️😔,💀🕳️😭😰🌑",1
193,"💀🕳️😭⚠️,💀🕳️😰😔🌑,💀😭🕳️⚠️😔,💀🕳️😭😰🌑,💀🔫🧨😭",0
193,"💀🕳️😰🌑😭,💀🕳️😭⚠️😔,💀🕳️😭😰🌑,💀🔫💣😰🕳️,💀🔪🚨⚠️🕳️",0
193,"💀😭🕳️⚠️😔,💀🕳️😭😔⚠️,💀🔫💣😰🕳️,💀🔪🚨⚠️🕳️,😔💔😢🕳️⚠️",0
193,"💀🕳️😭😰🌑,💀🔫💣😰🕳️,💀🔪🚨⚠️🕳️,😔💔😢😞⚠️,😔💔😢🕳️⚠️",1
193,"💀🔫💥😰🕳️,💀🔪🚨⚠️🕳️,😔💔😢😞⚠️,😔💔😢🕳️⚠️,💀🕳️😰😭⚠️",1
193,"💀🔪🚨⚠️🕳️,😔💔😢🕳️⚠️,😔💔😢😞⚠️,💀🕳️😰😭⚠️,💀🔪🚨🕳️😭",0
193,"😔💔😢😞⚠️,😔💔😢😞⚠️,💀🕳️😰😔💔,💀🔪🚨🕳️😭,💀⚠️🕳️💥😖",1
193,"😔💔😢😞⚠️,💀🕳️😰😔💔,💀🔪🚨🕳️😭,💀⚠️🕳️💥😭,😔💔😞⚠️💀",1
193,"💀🕳️😰😔💔,💀🔪🚨🕳️😭,💀⚠️🕳️💥😵,😔💔😞⚠️💀,💀🕳️😭😔⚠️",0
193,"💀🔪🚨🕳️😭,💀⚠️🕳️💥😭,😔💔😞⚠️💀,💀🕳️😭😔⚠️,💀🕳️😭💔⚠️",1
195,"😔💔😞⚠️🕳️,💀😔🕳️😭⚠️,💀😔🕳️😭⚠️,💀🕳️😭😞⚠️,💀🕳️😭⚠️😔",1
195,"💀🕳️😭😔⚠️,💀🕳️😭😔⚠️,💀🕳️😭😞⚠️,💀🕳️😭⚠️😔,💀🕳️😰😔😭",1
195,"💀😔🕳️😭⚠️,💀🕳️😭😞⚠️,💀🕳️😭⚠️,💀🕳️😰😔😭,💀😔🕳️😭⚠️",1
195,"💀🕳️😭😞⚠️,💀🕳️😭⚠️,💀🕳️😭😔⚠️,💀😔🕳️😭⚠️,💀🕳️😭😔⚠️",0
195,"💀🕳️😭⚠️😔,💀🕳️😰😔😭,💀😔🕳️😭⚠️,💀🕳️😭😔⚠️,💀😔🕳️😭⚠️",1
195,"💀🕳️😰😔😭,💀😔🕳️😭⚠️,💀😔🕳️😭⚠️,💀😔🕳️😭⚠️,💀🕳️😭😰⚠️",0
195,"💀😔🕳️😭⚠️,💀🕳️😭😔⚠️,💀😔🕳️😭⚠️,💀🕳️😭😰⚠️,💀🕳️😭⚠️",0
195,"💀🕳️😭😔⚠️,💀😔🕳️😭⚠️,💀🕳️😭😰⚠️,💀🕳️😭⚠️,😔💔😞🕳️⚠️",1
195,"💀🕳️😭😔💔,💀🕳️😭😰⚠️,💀🕳️😭⚠️,😔💔😞🕳️⚠️,",0
195,"💀🕳️😭😰⚠️,💀🕳️😭⚠️,😔💔😞🕳️⚠️,,😔😞🕳️😭⚠️",1
195,"💀🕳️😭⚠️,😔💔😞🕳️⚠️,,😔😞🕳️😭⚠️,💀🕳️😭😔💔",1
195,"😔💔😞🕳️⚠️,,😔🕳️😰💀⚠️,💀🕳️😭😔💔,💀🕳️⚠️",0
195,",😔🕳️😰💀,💀🕳️😭😔💔,😔💔😢,😔💔😞",1
195,"😔🕳️😰💀,💀🕳️😭😔💔,💀🕳️⚠️,😔💔😞,💀🕳️😭😞⚠️",0
195,"💀🕳️😭😔💔,😔💔😢,😔💔😞,💀🕳️😭😞⚠️,😔💔😞🕳️⚠️",0
195,"💀🕳️⚠️,😔😞💔,💀🕳️😭😞⚠️,😔💔😞🕳️⚠️,😔💔🕳️😭⚠️",1
195,"😔😞💔,💀🕳️😭😞⚠️,😔💔😞🕳️⚠️,😔💔🕳️😭⚠️,💀🕳️😭😞⚠️",1
195,"💀🕳️😭😞⚠️,😔💔😞🕳️⚠️,😔💔🕳️😭⚠️,💀🕳️😭😞⚠️,💀🔫🕳️😭🚨",1
195,"😔💔😞🕳️⚠️,😔💔😢🕳️⚠️,💀🕳️😭😞⚠️,💀🔫😭🕳️🚨,💀🕳️⚠️😭🔪",1
195,"😔💔🕳️😭⚠️,💀🕳️😭😞⚠️,💀🔫😭🕳️🚨,💀🕳️⚠️😭🔪,😔💔😞⚠️🕳️",1
195,"💀🕳️😭😞⚠️,💀🕳️🔫😭🚨,💀🕳️⚠️😭🔪,😔💔😞⚠️🕳️,😔💔😞🕳️⚠️",1
195,"💀🔫😭🕳️🚨,💀🕳️⚠️😭🔪,😔💔😞⚠️🕳️,😔💔😞🕳️⚠️,💀🕳️😭⚠️😔",1
195,"💀🕳️⚠️😭🔪,😔💔😞⚠️🕳️,😔💔😞🕳️⚠️,💀🕳️😭⚠️😔,💀🕳️😭😔⚠️",1
196,"💀😭🔪🕳️,💀⚠️🔪🕳️,😔💔😢😞⚠️,💀🕳️😭⚠️🛏️,💀⚠️🕳️😭🔪",2
196,"💀⚠️🔪🕳️,😔💔😢😞⚠️,💀🕳️😭⚠️🛏️,💀⚠️🕳️😭🔪,💀⚠️🕳️😭🚨",2
196,"😔💔😢😞⚠️,💀🕳️😭⚠️🛏️,💀⚠️🕳️😭🔪,💀⚠️🕳️😭🚨,💀⚠️🕳️😭🚨",1
196,"💀🕳️😭⚠️🛏️,💀⚠️🕳️😭🔪,💀⚠️🕳️😭🚨,💀⚠️🕳️😭🚨,💀🔫⚠️😭🕳️",1
196,"💀⚠️🕳️😭🔪,💀⚠️🕳️😭🚨,💀⚠️🕳️😭🚨,💀🔫⚠️😭🕳️,💀😭🕳️⚠️😖",1
196,"💀⚠️🕳️😭🚨,💀⚠️🕳️😭🚨,💀🔫⚠️😭🕳️,💀😭🕳️⚠️😖,💀🔪🩸🕳️🚨",1
196,"💀⚠️🕳️😭🚨,💀🔫⚠️😭🕳️,💀😭🕳️⚠️😖,💀🔪🩸🕳️🚨,💀🔫⚠️😭😞",1
196,"💀🔫⚠️😭🕳️,💀😭🕳️⚠️😖,💀🔪🩸🕳️🚨,💀🔫⚠️😭😞,💀🚨🕳️😭⚠️",1
196,"💀😭🕳️⚠️😖,💀🔪🩸🕳️🚨,💀🔫⚠️😭😞,💀🚨🕳️😭⚠️,💀🕳️😭⚠️😔",1
196,"💀🔪🕳️😭🚨,💀🔫⚠️😭🕳️,💀🚨🕳️😭⚠️,💀🕳️😭⚠️😔,💀😭⚠️🕳️😔",1
196,"💀🔫⚠️😭😞,💀🚨🕳️😭⚠️,💀🕳️😭⚠️😔,💀😭⚠️🕳️😔,💀⚠️🔪🩸😰",1
196,"💀🚨🕳️😭⚠️,💀🕳️😭⚠️😔,💀😭⚠️😖💔,💀⚠️🩸😰🕳️,💀🔪⚠️😭🕳️",1
196,"💀🕳️😭⚠️😔,💀😭⚠️🕳️😔,💀⚠️🩸😰🕳️,💀🔪⚠️😭🕳️,💀🕳️😭⚠️💊",1
196,"💀😭⚠️🔪💔,💀⚠️🔪🩸😰,💀🔪⚠️😭🕳️,💀🕳️😭⚠️💊,😔💔😢😞🕳️",1
196,"💀⚠️🔪🩸😰,💀🔪⚠️😭🕳️,💀🕳️😭⚠️💊,😔💔😢😞🕳️,😔💔😞⚠️🕳️",1
196,"💀🔪⚠️😭🕳️,💀🕳️😭⚠️💊,😔💔😢😞🕳️,😔💔😞⚠️🕳️,💀🕳️😰🚨😭",1
196,"💀🕳️😭⚠️💊,😔💔😞🕳️⚠️,😔💔😞⚠️🕳️,💀🕳️😰🚨😭,😔💔😢",3
196,"😔💔😭😞🕳️,😔💔😰🕳️⚠️,💀🕳️😰🚨😭,😔💔😢😞,💀🕳️⚠️😭😰",3
196,"😔💔😞⚠️🕳️,💀🕳️😰🚨😭,😔💔😢😞,💀🕳️⚠️😭😰,💀🕳️⚠️😭😔",1
196,"💀🕳️😰🚨😭,😔💔😢😞,💀🕳️⚠️😭😰,💀🕳️⚠️😭😔,💀🕳️😭😔⚠️",3
196,"😔💔😢😞,💀🕳️⚠️😭😰,💀⚠️🕳️😔💔,💀🕳️😭😔⚠️,💀⚠️🕳️😭",0
196,"💀🕳️⚠️😭😰,💀🕳️⚠️😭😔,💀🕳️😭😔⚠️,💀⚠️🕳️😭,💀🕳️😭😞⚠️",0
196,"💀⚠️🕳️😭😔,💀🕳️😭😔⚠️,💀⚠️🕳️😭,💀🕳️😭😞⚠️,😔💔😞🕳️⚠️",2
197,"😔💔😢⚠️,💀🔪🚨😭🕳️,💀😭⚠️🕳️,💀⚠️🪦😰🕳️,💀🔪⚠️🕳️",0
197,"💀🔪🚨😭🕳️,💀😭⚠️🕳️,💀⚠️🪦😰🕳️,💀🔪⚠️🕳️,💀😔🕳️😭⚠️",2
197,"💀😭⚠️🕳️,💀⚠️🪦😰🕳️,💀🔪⚠️🕳️,💀😔🕳️😭⚠️,💀😰🕳️😭⚠️",2
197,"💀⚠️🪦😰🕳️,💀🔪⚠️🕳️,💀😔🕳️😭⚠️,💀😰🕳️😭⚠️,💊💀⚠️😰🕳️",2
197,"💀🔪⚠️🕳️,💀😔🕳️😭⚠️,💀😰🕳️😭⚠️,💊😰⚠️💀🕳️,💀💊⚠️🕳️",2
197,"💀😔🕳️😭⚠️,💀😰🕳️😭⚠️,💊😰⚠️💀🕳️,💊💀⚠️😰🕳️,💀⏳🚨🔪😭",0
197,"💀😰🕳️😭⚠️,💊😰⚠️💀🕳️,💀💊⚠️🕳️,💀⏳🚨🔪😭,💀😭⚠️😔🕳️",1
197,"💊😰⚠️💀🕳️,💊💀⚠️😰🕳️,💀⏳🚨😭⚠️,💀😭😞⚠️🕳️,💀🔫🚨⚠️😭",0
197,"💀💊⚠️🕳️,💀⏳🚨😭⚠️,💀😭😞⚠️🕳️,💀🔫🚨⚠️😭,💀😔💔⚠️",0
197,"💀⏳🚨🔪🕯️,💀😭😞⚠️🕳️,💀🔪🚨⚠️😭,💀😔💔⚠️,😔💔😢",1
197,"💀😭😞⚠️🕳️,💀🔪🚨⚠️😭,💀😔💔,😔💔😢,💀😭😰⚠️💔",1
197,"💀🔫🚨⚠️😭,💀😔💔,😔💔😢,💀😭😰⚠️💔,💀😔🕳️⚠️😭",0
197,"💀😔💔,😔💔😢,💀😭😰⚠️💔,💀😔🕳️⚠️😭,😔💔😢",1
197,"😔💔😢,💀😭😰⚠️💔,💀😔🕳️⚠️😭,😔💔😢,💀😭😞⚠️",0
197,"💀😭😰⚠️💔,💀😔🕳️⚠️😭,😔💔😢,💀😭😞⚠️,💀🕳️😭😔⚠️",0
197,"💀😔🕳️⚠️😭,😔💔😢,💀😭😞⚠️,💀🕳️😭😔⚠️,😰🕳️😭",1
197,"😔💔😢,💀😭😞⚠️,💀🕳️😭😔⚠️,😰🕳️😭,😔💔😢🕳️⚠️",1
198,"💀🕳️😭⚠️,💀⚠️🕳️😭😔,💀🕳️😭⚠️😖,💀⚠️🕳️😭,💀🔪😰⚠️",2
198,"💀⚠️🕳️😭😔,💀🕳️😭⚠️😖,💀⚠️🔪🕳️,💀🔪😰🕳️,💀🕳️🚨🔪😭",0
198,"💀🕳️😭⚠️😖,💀⚠️🔪🕳️,💀🔪😰🕳️,💀🕳️🚨🔪😭,😔🕳️💀",0
198,"💀🔪⚠️🕳️😭,💀🔪😰🕳️,💀🕳️🔪😭,💀🕳️😔😭⚠️,💀🕳️😰⚠️😭",0
198,"💀🔪😰⚠️,💀🕳️🔪⚠️😭,💀🕳️😔😭⚠️,💀🕳️😰⚠️😭,💀😰🕳️😭⚠️",1
198,"💀🕳️🚨🔪😭,💀🕳️😔😭⚠️,💀🕳️😰⚠️😭,💀😰🕳️😭⚠️,💀🕳️🔪😭⚠️",1
198,"💀🕳️😔😭⚠️,💀🕳️😰⚠️😭,💀😰🕳️😭⚠️,💀🕳️🔪😭⚠️,💀😭😰⚠️😔",0
198,"💀🕳️😰⚠️😭,💀😰🕳️😭⚠️,💀🕳️🔪😭⚠️,💀😰😭😔⚠️,💀😭🔪⚠️😔",1
198,"💀😰🕳️😭⚠️,💀🕳️🔪⚠️😭,💀😭😰⚠️🕳️,💀😭⚠️🕳️😔,💀🕳️⚠️🔪💊",1
198,"💀🕳️🔪⚠️😭,💀😭😰⚠️🕳️,💀😭🔪⚠️😔,💀🕳️⚠️🔪💊,💀⚠️🕳️😭😰",1
198,"💀😭😰⚠️🕳️,💀😭🔪⚠️😔,💀🕳️⚠️🔪💊,💀⚠️🕳️😭😰,💀🕳️😭⚠️🔪",1
198,"💀😭🔪⚠️😔,💀⚠️🕳️😭🔪,💀⚠️🕳️😭😰,💀🕳️😭⚠️🔪,💀🕳️😭⚠️",0
198,"💀🕳️⚠️🔪💊,💀⚠️🕳️😭😰,💀🕳️😭⚠️🔪,💀🕳️😭⚠️😔,😔💔😢",1
198,"💀⚠️🕳️😭😰,💀🕳️😭⚠️🔪,💀🕳️😭⚠️😔,😔💔😢,💀😭⚠️🕳️😖",1
198,"💀🕳️😭⚠️🔪,💀🕳️😭⚠️😔,😔💔😢,💀😭🕳️⚠️😖,😔💔😢😞⚠️",1
198,"💀🕳️😭⚠️😔,😔💔😢,💀😭⚠️🕳️😖,😔💔😢😞⚠️,💀😰🕳️😭⚠️",0
198,"😔💔😢,💀😭🕳️⚠️😖,😔💔😢😞⚠️,💀😰🕳️😭⚠️,💀🚨😭⚠️",0
198,"💀😭⚠️🕳️😖,😔💔😢🕳️😭,💀😰🕳️😭⚠️,💀🚨😭⚠️,😔💔😢🕳️⚠️",1
198,"😔💔😢😞⚠️,💀😰🕳️😭⚠️,💀🚨😭⚠️,😔💔😢🕳️⚠️,😔💔😞😖😩",0
198,"💀😰🕳️😭⚠️,💀🚨😭⚠️,😔💔😭🕳️⚠️,😔💔😞🕳️⚠️,😔💔😢",1
198,"💀🚨😭⚠️,😔💔😭😞⚠️,😔💔😞🕳️⚠️,😔💔😢,💀🕳️⚠️😭🔪",1
198,"😔💔😢🕳️⚠️,😔💔😞😖🕳️,😔💔😢,💀⚠️🕳️😭🔪,💀🕳️😭⚠️🩸",1
198,"😔💔😞🕳️⚠️,😔💔😢,💀🕳️⚠️😭🚨,💀🕳️😭⚠️🩸,😔💔🕳️⚠️💀",0
198,"😔💔😢,💀🕳️⚠️😭🔪,💀🕳️😭⚠️,😔💔😖🕳️⚠️,💀😔🕳️😭⚠️",2
199,"💀😭⚠️🕳️💔,💀😔🕳️💔😭,💀💊⚠️🕳️😭,💀😔🕳️😭⚠️,💀🕳️⚠️😭😔",3
199,"💀😔🕳️💔😭,💀💊⚠️🕳️😭,💀🕳️😭😔💔,💀🕳️⚠️😭😔,💀💊🤮⚠️🕳️",1
199,"💀💊⚠️🕳️😭,💀🕳️😭😔💔,💀🕳️⚠️😭😔,💀💊🤮⚠️🕳️,💀😭⚠️🕳️😔",1
199,"💀🕳️😭😔💔,💀🕳️⚠️😭😔,💀💊🤮⚠️🕳️,💀😭⚠️🕳️😔,💀⚠️😭😔🔫",1
199,"💀🕳️⚠️😭😔,💀💊🤮⚠️🕳️,💀😭⚠️😔💔,💀⚠️😭😔🔫,💀🕳️😭⚠️🚨",1
200,"💀🕳️⚠️😭😔,💀⚠️🕳️🔪📅,💀🔪⚠️🕳️😭,💀⚠️🕳️,💀🕳️⚠️😭🔪",1
200,"💀⚠️🕳️🔪📅,💀🔪⚠️🕳️😭,💀🕳️⚠️,💀🕳️⚠️😭🔪,💀🔪😭🕳️⚠️",1
200,"💀🔪⚠️🕳️😭,💀🕳️⚠️,💀⚠️🕳️😭🔪,💀🔪😭🕳️⚠️,💀💊🔪😭⚠️",2
200,"💀⚠️🕳️,💀⚠️🕳️😭🔪,💀🔪😭🕳️⚠️,💀💊🔪😭⚠️,💀🕳️😭⚠️😔",0
200,"💀🕳️⚠️😭🔪,💀🔪😭🕳️⚠️,💀💊🔪😭⚠️,💀🕳️😭⚠️🌑,💀🕳️😭😔💔",0
200,"💀🔪😭🕳️⚠️,💀💊😭🕳️⚠️,💀🕳️😭⚠️🌑,💀🕳️😭😔💔,😊💪✨",3
200,"💀💊😭🕳️⚠️,💀🕳️😭⚠️😔,💀🕳️😭😔💔,😊💪✨,💀🔪⚠️🕳️😭",0
200,"💀🕳️😭⚠️🌑,💀🕳️😭😔⚠️,😊😌💪✨🌟,💀🔪⚠️🕳️😭,💀⚠️🕳️",3
200,"💀🕳️😭😔💔,😊💪✨,💀🔪⚠️🕳️😭,💀⚠️🕳️,💀🕳️⚠️😭🚨",0
202,💀🕳️⚠️😭🧠,1
202,💀🕳️⚠️😭🔪,1
202,💀🕳️⚠️😭🔪,2
202,💀🚗⚠️🕳️😭,0
203,"💀⚠️🕳️😰⏳,🕳️😰💀😔⚠️,🕳️😔💀⚠️😭,😔💔🕳️😭⚠️,💀🕳️😭⚠️😖",2
203,"🕳️😰💀😔⚠️,🕳️😔💀⚠️😭,😔💔😢🕳️,💀🕳️😭⚠️😔,💀🕳️😭⚠️🌑",0
203,"🕳️😔💀⚠️😭,😔💔😢🕳️⚠️,💀🕳️😭⚠️😔,💀😭🕳️⚠️💔,💀😔🕳️⚠️😭",0
203,"😔💔🕳️😭,💀🕳️😭⚠️😔,💀😭🕳️⚠️💔,💀😔⚠️😭🕳️,😔💔😢",0
203,"💀🕳️😭⚠️😔,💀😭🕳️⚠️💔,💀😔🕳️😭⚠️,😔💔😢,💀🕳️🚨😭⚠️",1
203,"💀🕳️😭⚠️🕯️,💀😔🕳️⚠️😭,😔💔😢,💀🕳️🚨😭⚠️,💀⚠️😰🕳️😭",0
203,"💀😔🕳️⚠️😭,😔💔😢,💀🕳️🚨😭⚠️,💀⚠️😰🕳️😭,💀🕳️😭😔💔",1
203,"😔💔😢,💀🕳️🚨😭⚠️,💀⚠️😰🕳️😭,💀🕳️😭😔⚠️,💀😰🕳️😭⚠️",1
203,"💀🕳️🚨😭⚠️,💀⚠️😰🕳️😭,💀🕳️😭😔💔,💀😰🕳️😭⚠️,💀📝🚨😭⚠️",2
203,"💀⚠️😰🕳️😭,💀🕳️😭😔💔,💀😰🕳️😭⚠️,💀📝🚨😭⚠️,💀🕳️😭⚠️🔪",1
203,"💀🕳️😭😔💔,💀😰🕳️😭⚠️,💀📝🚨😭⚠️,💀🕳️😭⚠️🔪,💀🕳️😭🚨😵",1
203,"💀😰🕳️😭⚠️,💀📝🚨😭⚠️,💀🕳️😭⚠️🩸,💀🕳️😭🚨😵,💀⚠️🕳️😭",1
207,"💀🚨⚠️😭🕳️,💀🕳️😭⚠️,💀🕳️😰😭⚠️,💀🔪⚠️🚨🕳️,😔💔😢⚠️🕳️",0
207,"💀🕳️😭⚠️,💀🕳️😰😭⚠️,💀🔪⚠️🚨🕳️,😔💔😢😞⚠️,💀🕳️😭⚠️💔",0
207,"💀🕳️😰😭⚠️,💀🔪⚠️🚨🕳️,😔💔😢⚠️🕳️,💀🕳️😭⚠️💔,😔💔😢",1
207,"💀🔪⚠️🚨🕳️,😔💔😢😞⚠️,💀🕳️😭⚠️💔,😔💔😢,💀🕳️😭⚠️🔪",1
208,"😔💔😢⚠️🕳️,💀🕳️😭⚠️🔪,😔💔😢😞🕳️,😔😖😞⚠️,💀🕳️😭⚠️😔",0
208,"💀🕳️😭⚠️🔪,😔💔😢😞🕳️,😔😖😞⚠️,💀🕳️😭⚠️😔,😔💔😖🕳️⚠️",0
208,"😔💔😢🕳️⚠️,😔😖😞⚠️,💀🕳️😭⚠️😔,😔💔😢🕳️⚠️,😔💔😢😖😩",0
208,"😔😖😞⚠️,💀🕳️😭⚠️😔,😔💔😢🕳️⚠️,😔💔😢😖😩,💀😔😭⚠️💔",1
208,"💀🕳️😭⚠️😔,😔💔😢🕳️⚠️,😔💔😢😰🕳️,💀😔💔🕳️😭,💀🕳️😰😭⚠️",1
208,"😔💔😢🕳️⚠️,😔💔😢😰🕳️,💀😔😭⚠️💔,💀🕳️😰😭⚠️,💀🕳️😭⚠️",1
208,"😔💔😢😖😩,💀😔😭⚠️💔,💀🕳️😰😭⚠️,💀🕳️😭💊⚠️,💀🕳️😭⚠️😖",0
208,"💀😔😭⚠️💔,💀🕳️😰😭⚠️,💀🕳️😭⚠️,💀🕳️😭⚠️😖,😔💔😢",0
208,"💀🕳️😰😭⚠️,💀🕳️😭⚠️,💀🕳️😭⚠️😖,😔💔😢,😔💔😢😞⚠️",0
208,"💀🕳️😭⚠️,💀🕳️😭⚠️😖,😔💔😢,😔💔😢😞⚠️,😔💔🕳️😭⚠️",1
208,"💀🕳️😭⚠️😖,😔💔😢,😔💔😢😞⚠️,😔💔🕳️😭⚠️,💀😭💔⚠️🕳️",1
208,"😔💔😢,😔💔😢😞⚠️,😔💔🕳️😭⚠️,💀😭💔⚠️🕳️,💀⚠️😭💔🕳️",0
208,"😔💔😢😞⚠️,😔💔🕳️😭⚠️,💀😭💔⚠️🕳️,💀⚠️😭💔🕳️,😔💔😢",1
208,"😔💔🕳️😭⚠️,💀😭💔⚠️🕳️,💀⚠️😭💔🕳️,😔💔😢,💀🕳️😭⚠️💔",0
208,"💀😭💔⚠️🕳️,💀⚠️😭💔🕳️,😔💔😢,💀😭🕳️⚠️😔,💀🕳️😭⚠️💔",1
208,"💀⚠️😭💔🕳️,😔💔😢,💀🕳️😭⚠️💔,💀🕳️😭⚠️💔,💀🕳️😭😔💔",0
208,"😔💔😢,💀😭🕳️⚠️😔,💀🕳️😭⚠️💔,💀🕳️😭😔💔,😔💔😢😞🕳️",2
208,"💀😭🕳️⚠️😔,💀🕳️😭⚠️💔,💀🕳️😭😔💔,😔💔😢😞🕳️,💀🕳️🚨😭⚠️",3
208,"💀🕳️😭⚠️💔,💀🕳️😭😔💔,😔💔😢😞🕳️,💀🕳️🚨😭⚠️,💀🕳️🚨😭🩸",1
208,"💀🕳️😭😔💔,😔💔😢😞🕳️,💀🕳️🚨😭⚠️,💀🕳️😭⚠️🩸,💀🕳️😭⚠️🚨",0
208,"😔💔😢😞🕳️,💀🕳️🚨😭⚠️,💀🕳️🚨😭🩸,💀🕳️😭⚠️🚨,😔💔🕳️😭⚠️",1
209,"😔💔😕,💀⚠️🕳️😭🔪,💀🕳️⚠️😭🔪,😔💔🕳️,💀🔫⚠️🕳️😭",2
209,"💀🕳️😭⚠️,💀🕳️⚠️😭🔪,😔🕳️💀,💀🔫⚠️🕳️😭,💀🔪😭⚠️",1
209,"💀🕳️⚠️😭🔪,😔💔🕳️,💀🔫⚠️🕳️😭,💀🔫⚠️😭😡,💀🕳️😭💊⚠️",0
209,"😔💔🕳️,💀🔫⚠️🕳️😭,💀🔫⚠️😭😡,💀🕳️😭💊⚠️,💀🕳️😰😭⚠️",1
209,"💀🔫⚠️🕳️😭,💀🔫⚠️😭😡,💀🕳️😭💊⚠️,💀🕳️😰😔💔,💀🕳️😭⚠️",1
209,"💀⚠️😭🔪,💀💊🕳️😭🚨,💀🕳️😭⚠️😔,💀🕳️😭⚠️,💀🕳️😭⚠️",2
209,"💀🕳️😭💊⚠️,💀🕳️😰😔💔,💀🕳️😭⚠️,💀🕳️😭⚠️,💀🕳️😭⚠️💔",1
210,"💀🕳️😭⚠️😖,💀💊🕳️😭,💀⚠️🕳️😭🚨,💀😰🕳️😭⚠️,💀💊⚠️🕳️😰",1
210,"💀💊🕳️😭,💀⚠️🕳️😭,💀😰🕳️😭⚠️,💀💊⚠️🕳️😭,💀😭🔪⚠️",0
210,"💀⚠️🕳️😭,💀😰🕳️😭⚠️,💀💊⚠️🕳️😰,💀😭🔪⚠️,😔💔😢😞⚠️",3
210,"💀😰🕳️😭⚠️,💀💊⚠️🕳️😰,💀😭🔪🌑,😔💔😢😞⚠️,💀💊⚠️😭😔",1
210,"💀💊⚠️🕳️😰,💀😭🔪🕳️,😔💔😢😞⚠️,💀💊⚠️😭😔,💀😔🕳️😭⚠️",1
210,"💀😭🔪🕳️,😔💔😢😞⚠️,💀💊⚠️😭😔,💀😰🕳️😭⚠️,💀💊😰🕳️🚨",1
210,"😔💔😢😞⚠️,💀💊⚠️😭😔,💀😔🕳️😭⚠️,💀💊😰🕳️🚨,💀😰🕳️😭⚠️",0
210,"💀💊⚠️😭😔,💀😰🕳️😭⚠️,💀💊😰🕳️🚨,💀😰🕳️😭⚠️,💀😔🕳️😭⚠️",1
210,"💀😔🕳️⚠️😭,💀💊😰🕳️🚨,💀😰🕳️😭⚠️,💀😔🕳️😭⚠️,💀🕳️😭⚠️😔",1
210,"💀💊😰🕳️🚨,💀😰🕳️😭⚠️,💀😔🕳️😭⚠️,💀🕳️😭⚠️😔,💀😰🕳️😭⚠️",1
210,"💀😰🕳️😭⚠️,💀😔🕳️😭⚠️,💀🕳️😭⚠️😔,💀😰🕳️😭⚠️,💀🕳️😰😭⚠️",0
210,"💀😔💔🕳️😭,💀🕳️😭⚠️,💀😰🕳️😭⚠️,💀🕳️😭😔,💀🕳️😰😔💔",0
210,"💀🕳️😭⚠️😔,💀😰🕳️😭⚠️,💀🕳️😭😔,💀🕳️😰😔💔,💀😔🕳️😭⚠️",1
210,"💀😰🕳️😭⚠️,💀🕳️😰😭⚠️,💀🕳️😰😔💔,💀😔🕳️😭⚠️,💀😰🕳️😭⚠️",0
210,"💀🕳️😭😔,💀🕳️😰😔💔,💀😔🕳️😭⚠️,💀😰🕳️😭⚠️,😰🕳️😭⚠️",1
210,"💀🕳️😰😔💔,💀😔🕳️😭⚠️,💀😰🕳️😭⚠️,😰🕳️😭⚠️,💀🕳️😭⚠️",0
210,"💀😔🕳️😭⚠️,💀😰🕳️😭⚠️,🕳️😰💀😭,💀🕳️😭⚠️😔,💀🕳️😭😔💔",1
210,"💀😰🕳️😭⚠️,🕳️😰💀😭,💀🕳️😭⚠️,💀🕳️😭😔💔,💀😭🕳️⚠️😔",1
211,"💀💊🕳️😭⚠️,💀😭🕳️⚠️😔,💀🕳️😭🔪⚠️,💀😭⚠️🕳️,💀😭🕳️⚠️💔",0
211,"💀😭🕳️⚠️😔,💀🕳️😭🔪⚠️,💀😭⚠️🕳️😰,💀😭⚠️🕳️😖,💀😔😭⚠️🕳️",0
211,"💀🕳️😭🔪⚠️,💀😭⚠️🕳️😰,💀😭⚠️🕳️😰,💀😭🕳️⚠️😔,💀🔪😭⚠️",1
212,"💀⚠️🕳️😭💊,💀🕳️⚠️😭⚰️,💀🕳️⚠️😭⚰️,💀🕳️😭⚠️,💀🕳️⚠️😭🚨",1
212,"💀🕳️⚠️😭⚰️,💀🕳️⚠️😭🚨,💀🕳️😭⚠️🔪,💀🕳️⚠️😭🚨,💀🕳️⚠️😭🔪",1
212,"💀🕳️⚠️😭🔪,💀🕳️😭⚠️,💀🕳️⚠️😭🚨,💀🕳️⚠️😭🔪,💀🕳️⚠️😭⚰️",0
212,"💀🕳️😭⚠️,💀🕳️⚠️😭🚨,💀🕳️⚠️😭🔪,💀🕳️⚠️😭⚰️,",0
212,"💀🕳️⚠️😭🚨,💀🕳️⚠️😭🔪,💀🕳️⚠️😭⚰️,,💀⚠️🕳️🔪",0
212,"💀🕳️⚠️😭🔪,💀🕳️⚠️😭⚰️,,💀⚠️🔪🕳️,💀🕳️⚠️😭🛏️",0
214,"💀💊🕳️😭⚠️,💀💊😴⚠️,💀🕳️🚨😭⚠️,😔💔🕳️😭⚠️,😔💔😢",0
214,"💀💊😴⚠️,💀🕳️🚨😭⚠️,😔💔🕳️😭⚠️,😔💔😢,😔💔🕳️😭⚠️",3
214,"💀🕳️🚨😭⚠️,😔💔🕳️😭⚠️,😔💔😢,😔💔🕳️😭⚠️,💀⚠️🕳️😭💊",0
214,"😔💔🕳️😭⚠️,😔💔😢,😔💔🕳️😭⚠️,💀⚠️🕳️😭💊,😔🕳️💀",0
214,"😔💔😢,😔💔🕳️😭⚠️,💀⚠️🕳️😭💊,😔🕳️😭💀⚠️,😔💔😢",3
214,"😔💔🕳️😭⚠️,💀🕳️⚠️😭💔,😔🕳️😭⚠️,😔💔😢,💀💊😰🕳️😭",0
214,"💀⚠️🕳️😭💊,😔🕳️💀,😔💔😢,💀💊😰🕳️😭,😔💔😢😞🕳️",3
214,"😔🕳️😭💀⚠️,😔💔😢,💀💊😰🕳️😭,😔💔😢😞🕳️,💊😰🕳️😭⚠️",0
214,"😔💔😢,💀💊🕳️😭⚠️,😔💔😢,💊😰🕳️😭⚠️,💀🕳️😭⚠️😔",2
214,"💀💊😰🕳️😭,😔💔😢😞🕳️,💊😰🕳️😭⚠️,💀🕳️😭⚠️😔,💀🕳️😭😔💔",3
214,"😔💔😢🕳️,💊😰🕳️😭⚠️,💀🕳️😭⚠️😔,💀🕳️😭😔💔,💊😰💀⚠️😭",2
214,"💊😰🕳️😭⚠️,💀🕳️😭⚠️😔,💀🕳️😭😔💔,💊😰💀⚠️😭,💀💊⚠️🕳️😭",0
214,"💀🕳️😭⚠️😔,💀🕳️😭😔💔,💊😰🕳️⚠️😵,💀💊⚠️🕳️😭,💀😔🕳️😭⚠️",0
214,"💀🕳️😭💔😰,💊😰💀⚠️😭,💀💊⚠️🕳️😭,💀😔🕳️😭⚠️,😔😭🕳️",0
214,"💊😰🕳️⚠️😵,💀💊⚠️🕳️😭,💀😔🕳️💔😭,😔😭🕳️,😔💔😞🕳️",0
214,"💀💊⚠️🕳️😭,💀😔🕳️😭⚠️,😔😭🕳️,😔💔😞🕳️,😭💔😔⚠️",0
214,"💀😔🕳️💔😭,😔😭🕳️,😔💔😞🕳️,😭💔😔⚠️,😔💔🕳️😭⚠️",0
214,"😔😭⚠️,😔💔😞🕳️,😭💔😔🕳️,😔💔😞🕳️,💀🕳️😭😔💔",1
214,"😔💔😞🕳️,😭💔😔⚠️,😔💔😞🕳️⚠️,💀🕳️😭😔💔,💀😭⚠️🕳️😔",0
214,"😭😔💔⚠️,😔💔🕳️😭⚠️,💀🕳️😭😔💔,💀😭⚠️🕳️😔,💀😰🕳️😭⚠️",0
214,"😔💔😞🕳️⚠️,💀🕳️😭😔💔,💀😰🕳️😭⚠️,💀😰🕳️😭⚠️,😔💔😖🕳️😭",0
214,"💀🕳️😭😔💔,💀😭⚠️🕳️😔,💀😰🕳️😭⚠️,😔💔😖🕳️😭,💀😰🕳️😭⚠️",0
214,"💀😭⚠️🕳️😔,💀😰🕳️😭⚠️,😔💔😖🕳️⚠️,💀😰🕳️😭⚠️,😔🕳️😰💔😵",0
214,"💀😰🕳️😭⚠️,😔💔😖🕳️😭,💀😰🕳️😭⚠️,😔🕳️😰💔😵,😔💔😞🕳️⚠️",0
214,"😔💔🕳️😭⚠️,💀😰🕳️😭⚠️,😔🕳️😰💔😵,😔💔😞🕳️⚠️,😔💔🕳️😭⚠️",0
214,"💀😰🕳️😭⚠️,😔🕳️😰💔😵,😔💔😞🕳️,💔😔🕳️😭⚠️,💀💊😰🕳️😭",2
214,"😔🕳️😰💔😵,😔💔😞🕳️⚠️,😔💔🕳️😭⚠️,💀💊😰🕳️😭,💀💊⚠️🕳️😭",0
214,"😔💔😞🕳️⚠️,💔😔🕳️😭⚠️,💀💊😰🕳️😭,💀💊⚠️😭🕳️,😔💔😢",0
214,"💔😔🕳️😭⚠️,💀💊😰🕳️😭,💀💊⚠️😭🕳️,😔💔😢,😔💔🕳️😰💀",0
214,"💀💊😰🕳️😭,💀💊⚠️😭🕳️,😔💔😢,😔💔🕳️😰💀,😔💔😞🕳️⚠️",0
214,"💀💊⚠️😭🕳️,😔💔😢,😔💔🕳️😰💀,😔💔😞🕳️⚠️,😔💔😢🕳️⚠️",0
214,"😔💔😢,😔💔🕳️😰💀,😔💔🕳️😭⚠️,😔💔😢🕳️⚠️,🕳️😰😔💀⚠️",0
214,"😔💔🕳️😰💀,😔💔😞🕳️😭,😔💔😢🕳️⚠️,🕳️😰😔💀⚠️,💀🕳️😭⚠️",1
214,"😔💔😞🕳️😭,😔💔😢🕳️⚠️,🕳️😰😔💀⚠️,💀🕳️😭⚠️,💀😭🕳️⚠️😔",0
214,"😔💔😢🕳️⚠️,🕳️😰😔💀⚠️,💀🕳️😭⚠️,💀😭🕳️⚠️😔,💀🕳️😭⚠️😔",1
214,"🕳️😰😔💔⚠️,💀🕳️😰⚠️😭,💀😭🕳️⚠️😔,💀🕳️😭⚠️😔,💀😭🕳️⚠️💔",0
214,"💀🕳️😭⚠️,💀😭🕳️⚠️😔,💀🕳️😭⚠️😔,💀😭🕳️⚠️💔,😔💔😢🕳️⚠️",0
214,"💀😭🕳️⚠️😿,💀🕳️😭⚠️😔,💀😭🕳️⚠️💔,😔💔😢🕳️⚠️,😔💔🕳️😭⚠️",0
214,"💀🕳️😭⚠️😔,💀😭🕳️⚠️💔,😔💔😢🕳️⚠️,😔💔🕳️😭⚠️,😔💔😢😞🕳️",0
214,"💀😭🕳️⚠️💔,😔💔😢🕳️⚠️,😔💔🕳️😭⚠️,😔💔😢🕳️⚠️,😔💔🕳️😭⚠️",0
214,"😔💔😢🕳️⚠️,😔💔🕳️⚠️😭,😔💔😢😞🕳️,😔💔🕳️😭⚠️,💀🕳️😭⚠️😔",1
214,"😔💔🕳️😭⚠️,😔💔😢😞🕳️,😔💔🕳️😭⚠️,💀🕳️😭⚠️😔,💀⚠️🕳️😭",1
214,"😔💔😢😞🕳️,😔💔🕳️😭⚠️,💀🕳️😭⚠️😔,💀⚠️🕳️😭🚨,💀🕳️😭🚨",1
214,"😔💔🕳️😭⚠️,💀🕳️😭⚠️😔,💀⚠️🕳️😭🚨,💀🕳️😭⚠️,💀💊😰🕳️🚨",1
214,"💀🕳️😭⚠️😔,💀⚠️🕳️😭🚨,💀🕳️😭⚠️,💀💊😰🕳️🚨,💀💊🚨🕳️😭",3
214,"💀⚠️🕳️😭🚨,💀🕳️😭🚨,💀💊😰🕳️🚨,💀💊🚨🕳️😭,💀🕳️😭⚠️💊",0
214,"💀🕳️😭🚨,💀💊😰🕳️🚨,💀💊🚨🕳️😭,💀🕳️😭⚠️💊,😔💔😢🕳️⚠️",1
214,"💀💊😰🕳️🚨,💀💊🚨🕳️😭,💀🕳️😭⚠️💊,😔💔😢🕳️⚠️,💀🕳️😭😔",0
214,"💀💊🚨🕳️😭,💀🕳️😭⚠️💊,😔💔😢🕳️⚠️,💀🕳️😭😔,😔💔🕳️😭⚠️",1
214,"💀🕳️😭⚠️💊,😔💔😢🕳️⚠️,💀🕳️😭😔,😔💔🕳️😭⚠️,💀⚠️🕳️😭🚨",0
214,"😔💔😢🕳️⚠️,💀🕳️😭⚠️,😔💔🕳️😭⚠️,💀⚠️🕳️😭🚨,😔💔😢😞🕳️",1
215,"💀😭😞⚠️🕳️,💀🕳️😭⚠️😔,💀😭🕳️⚠️😖,💀🔫🚨⚠️😭,💀🔪😰🕳️😭",1
215,"💀🕳️😭⚠️😔,💀😭🕳️⚠️😖,💀🔫🚨⚠️😭,💀🔪😰🕳️😭,💀🔪😰🕳️😭",1
215,"💀😭🕳️⚠️😔,💀🔫🚨⚠️😭,💀🔪😰🕳️😭,💀🔪😰🕳️😭,💀😔🕳️😭⚠️",0
215,"💀🔫🚨⚠️😭,💀🔪😰🕳️😭,💀🔪😰🕳️😭,💀😔🕳️😭⚠️,😔💔🕳️😭⚠️",2
215,"💀🔪😰🕳️😭,💀🔪😰🕳️😭,💀😔🕳️😭⚠️,😔💔🕳️😭⚠️,💀🔪🚨😭⚠️",1
215,"💀🔪😰🕳️😭,💀😔🕳️😭⚠️,😔💔🕳️😭⚠️,💀🔪🚨😭⚠️,💀🔪😭🕳️⚠️",1
215,"💀😔🕳️😭⚠️,😔💔🕳️😭⚠️,💀🔪🚨😭⚠️,💀🔪🕳️😭⚠️,💀😭🕳️⚠️😔",1
215,"😔💔🕳️😭⚠️,💀🔪🚨😭⚠️,💀🔪😭🕳️⚠️,💀😭🕳️⚠️😔,💀🕳️😭😞⚠️",1
215,"💀🔪🚨😭⚠️,💀🔪😭🕳️⚠️,💀😭🕳️⚠️😔,💀😭🕳️⚠️😔,💀😭🕳️⚠️😔",1
215,"💀🔪😭🕳️⚠️,💀😭🕳️⚠️😔,💀😭🕳️⚠️😔,💀😭🕳️⚠️😔,",1
215,"💀😭🕳️⚠️😔,💀😔🕳️😭⚠️,💀😰🕳️😭⚠️,,💀😔🕳️😭⚠️",1
215,"💀🕳️😭⚠️😔,💀😰🕳️😭⚠️,,💀😔🕳️😭⚠️,💀🕳️😭😔💔",1
216,"💀⚠️🕳️😭🧠,💀😭🕳️⚠️😔,💀🕳️😭🔪,💀🕳️😭⚠️😔,💀🕳️😭⚠️",1
216,"💀😭🕳️⚠️😔,💀🕳️😭⚠️,💀😭🕳️⚠️😔,💀🕳️😭⚠️😔,💀🕳️😭💊⚠️",1
216,"💀🕳️😭🔪,💀😭🕳️⚠️😔,💀🕳️😭⚠️,💀🕳️😭💊⚠️,💀🕳️😭😔⚠️",1
217,"💀😰🕳️😭⚠️,💀🕳️😰💊🚨,💀😰🕳️😭⚠️,😔💪✨,😔💧😌",0
217,"💀🕳️😰💊🚨,💀😰🕳️😭⚠️,😔💪✨,😔💧😌,💀🕳️🚨😭⚠️",0
217,"💀😰🕳️😭⚠️,😔💪✨,😔💧😌,💀🕳️🚨😭⚠️,💀💊🩸⚠️😴",1
217,"😔💪✨,😔💧😌,💀🕳️🚨😭⚠️,💀💊😰⚠️🕳️,💀🕳️😭⚠️😔",0
217,"😔💧😌,💀🕳️🚨😭⚠️,💀💊😰⚠️🕳️,💀🕳️😭⚠️😔,😊😌💪",1
217,"💀🕳️🚨😭⚠️,💀💊😰🕳️🚨,💀🕳️😭⚠️,😊😌💪,💀🕳️😭⚠️",1
217,"💀💊😰⚠️🕳️,💀🕳️😭⚠️😔,😊😌💪,💀🕳️😭⚠️🩸,💀🕳️😭⚠️😔",0
217,"💀🕳️😭⚠️😔,😊😌💪,💀🕳️😭⚠️,💀🕳️😭⚠️😔,💀🕳️😰💊⚠️",1
217,"😊😌💪,💀🕳️😭⚠️,💀🕳️😭⚠️😔,💀😰🕳️😭⚠️,💀🕳️😭⚠️😔",1
218,"😔💔😞,💀🔫⚠️🕳️🚨,💀🕳️😭⚠️😔,💀😔🕳️😭⚠️,💀😭🕳️⚠️😔",0
218,"💀🔫⚠️🕳️🚨,💀🕳️😭⚠️😔,💀🕳️😭😔💔,💀😭🕳️⚠️😔,😔💔😢🕳️",0
218,"💀🕳️😭⚠️😔,💀😔🕳️😭⚠️,💀😭🕳️⚠️😔,😔💔😢🕳️,😔💔😢⚠️",2
218,"💀🕳️😭😔💔,💀😭🕳️⚠️🔪,😔💔😢🕳️,😔💔😢⚠️,💀🎂⚠️🕳️😭",2
218,"💀😭🕳️⚠️🔪,😔💔😢🕳️,😔💔😢⚠️,💀🎂⚠️🕳️😭,💀🕳️⚠️😭⚰️",1
218,"😔💔😢🕳️,😔💔😢⚠️,💀🎂⚠️🕳️😭,💀🕳️⚠️😭⚰️,💀🕳️😭🌑⚠️",3
218,"😔💔😢⚠️,💀🎂🔪🚨😭,💀🕳️⚠️😭⚰️,💀🕳️😭🌑⚠️,💀🕳️⚠️😭⚰️",2
218,"💀🎂🔪🚨😭,💀🕳️⚠️😭⚰️,💀🕳️😭🌑⚠️,💀🕳️⚠️😭⚰️,💀🕳️😭⚠️🕯️",2
220,"💀🕳️😭⚠️🔪,💀🕳️⚠️😭,💀🕳️😭⚠️🔪,💀😭🕳️⚠️😖,💀⚠️🔪🕳️😰",1
220,"💀🕳️⚠️😭,💀🕳️😭⚠️🔪,💀😭🕳️⚠️😖,💀🔪⚠️🕳️😭,💀🔪😭⚠️",1
220,"💀🕳️😭⚠️🔪,💀😭🕳️⚠️😖,💀🔪⚠️🕳️😭,💀🔪😭⚠️,💀😭⚠️🔪",2
220,"💀😭🕳️⚠️😖,💀🔪⚠️🕳️😭,💀🔪😭⚠️,💀😭⚠️🔪,💀🔪🚨⚠️🕳️",2
220,💀🔪⚠️🕳️😭,2
220,💀🔪⚠️🕳️😭,2
220,💀🕳️⚠️😭🔪,0
220,💀🕳️⚠️😭🔪,1
220,💀🕳️⚠️😭,0
220,"💀🕳️⚠️😭🔪,💀🔪🚨😭🕳️,😔🕳️💀,💀😭⚠️💔🕳️,😔💔😢",2
220,"💀🔪🚨🕳️😭,😔🕳️💀,💀😭⚠️🕳️💔,😔💔😢,💀⚠️🔪😭",2
220,"😔🕳️💀,💀😭⚠️💔🕳️,😔💔😢,💀🔪🚨😭⚠️,💀🔪🕳️🚨",3
220,"💀😭⚠️💔🕳️,😔💔😢,💀⚠️🔪😭,💀🔪🚨💊😭,💀😭🕳️⚠️🔪",1
220,"😔💔😢,💀⚠️🔪😭,💀🔪🕳️🚨,💀😭🕳️⚠️🔪,💀😭💔⚠️😔",2
220,"💀⚠️🔪😭,💀🔪🚨💊🕳️,💀😭🕳️⚠️🔪,💀😭💔⚠️😔,💀🔪⚠️😭",2
220,"💀🔪🕳️🚨,💀😭🕳️⚠️😖,💀😭💔⚠️🕳️,💀🔪🕳️😭,💀🕳️😭⚠️🚿",2
220,"💀😭🕳️⚠️🔪,💀😭💔⚠️😔,💀🔪⚠️😭,💀⚠️🕳️😭🔪,💀⚠️🕳️😭",1
220,"💀😭💔⚠️😔,💀🔪⚠️😭,💀⚠️🕳️😭🔪,💀⚠️🕳️😭,💀😭⚠️🕳️",0
220,"💀🔪⚠️😭,💀⚠️🕳️😭🔪,💀⚠️🕳️😭,💀😭🕳️😵,💀😔🕳️💔⚠️",1
220,"💀⚠️🕳️😭🔪,💀⚠️🕳️😭,💀😭🕳️😵,💀😔🕳️💔⚠️,💀😭⚠️🕳️💔",1
220,"💀⚠️🕳️😭,💀😭🕳️⚠️,😔💔🕳️😭⚠️,💀😭⚠️🕳️💔,💀🔪🚨😭🕳️",3
220,"💀😭🕳️😵,💀😔🕳️💔⚠️,💀😭⚠️🕳️💔,💀🔪🚨😭🕳️,💀🕳️😭😴⚠️",2
220,"😔💔🕳️😭⚠️,💀😭⚠️🕳️💔,💀🔪😭⚠️🕳️,💀🕳️😭😴⚠️,💀💊🚨⚠️🕳️",3
221,"😔💔😞⚠️🕳️,😔💔😢,💀🕳️😰😔💔,😔😩😞🕳️⚠️,💀🕳️😭⚠️",0
221,"😔💔😢,💀🕳️😰😔⚠️,😔😩😞🕳️⚠️,💀🕳️😭⚠️,😭💔😔⚠️",0
221,"💀🕳️😰⚠️😭,😔😩😞🕳️⚠️,💀🕳️😭⚠️😔,😭💔😔⚠️,💀🔫🚨😭💔",0
221,"😔😩😞🕳️⚠️,💀🕳️😭⚠️,😭💔😔⚠️,💀🔫🚨💔🕳️,💀🕳️😭",0
221,"💀🕳️😭⚠️,😭💔😔⚠️,💀🔫🚨💔😭,💀🕳️😭,💀😔🕳️😭⚠️",2
221,"😭💔😔⚠️,💀🔫🚨💔😭,💀🕳️😭,💀😔🕳️😭⚠️,💀⚠️🕳️😭🌑",1
221,"💀🔫🚨💔🕳️,💀🕳️😭😔⚠️,💀🕳️😭😔⚠️,💀⚠️🕳️😭🌑,💀🕳️😭⚠️😔",0
221,"💀🕳️😭,💀🕳️😭😔⚠️,💀⚠️🕳️😭🌑,💀🕳️😭⚠️😔,💀⚠️🕳️😭🔪",0
221,"💀🕳️😭😔⚠️,💀⚠️🕳️😭🌑,💀🕳️😭⚠️😔,💀🕳️😭⚠️🔪,💀🕳️😭😔⚠️",1
221,"💀⚠️🕳️😭🌑,💀🕳️😭⚠️😔,💀⚠️🕳️😭🔪,💀🕳️😭😔⚠️,💀🕳️⚠️😭😰",1
221,"💀🕳️😭⚠️😔,💀⚠️🕳️😭🔪,💀🕳️😭😔⚠️,💀🕳️⚠️😭😰,💀😭🕳️⚠️😔",0
221,"💀⚠️🕳️😭🔪,💀🕳️😭😔⚠️,💀🕳️⚠️😭😰,💀😭🕳️⚠️😔,😔💔🕳️😭⚠️",0
221,"💀🕳️😭😔⚠️,💀🕳️⚠️😭😰,💀😭🕳️⚠️😔,😔💔🕳️😭⚠️,💀🕳️⚠️",2
221,"💀🕳️⚠️😭😰,💀😭🕳️⚠️😔,😔💔🕳️😭⚠️,💀🕳️⚠️,💀🔫🚨😭🕳️",0
221,"💀😭🕳️⚠️,😔💔🕳️😭⚠️,💀🕳️⚠️,💀🔫🚨😭🕳️,💀🕳️😭😔⚠️",0
221,"😔💔🕳️😭⚠️,💀🕳️⚠️,💀🔫🚨😭🕳️,😔💔😭⚠️🕳️,😩😔💀⚠️🕳️",1
221,"💀🕳️⚠️,💀🔫🚨😭🕳️,😔💔😞⚠️,💀😰🕳️😭⚠️,💀😭⚠️🕳️",1
221,"💀🔫🚨😭🕳️,💀🕳️😭😔⚠️,💀😰🕳️😭⚠️,💀😭⚠️🕳️,💀😭🕳️⚠️",1
221,"😔💔😭⚠️🕳️,💀😰🕳️😭⚠️,💀😭⚠️🕳️,💀😭🕳️⚠️,💀🔫😰🕳️🚨",1
221,"💀😰🕳️😭⚠️,💀😭⚠️🕳️,💀😭🕳️⚠️,💀🔫😰🕳️🚨,💀🕳️😭⚠️",0
221,"💀😭⚠️🕳️,💀😭🕳️⚠️,💀🔫😰🕳️🚨,💀🕳️😭⚠️,😔💔😢⚠️",1
221,"💀😭🕳️⚠️,💀🔫😰🕳️🚨,💀🕳️😭⚠️,😔💔😢⚠️,💀😰🕳️😭⚠️",2
221,"💀🔫😰🕳️🚨,💀🕳️😭⚠️,😔💔😢⚠️🕳️,💀😰🕳️😭⚠️,💀🔪😭⚠️",0
221,"💀🕳️😭⚠️,😔💔😢⚠️,💀😰🕳️😭⚠️,💀🔪😭⚠️,💀😭🕳️⚠️",0
221,"😔💔😢⚠️,💀😰🕳️😭⚠️,💀🔪😭⚠️,💀😭🕳️⚠️,😔💔😞🕳️⚠️",2
221,"💀😰🕳️😭⚠️,💀🔪😭⚠️,💀😭🕳️⚠️,😔💔😞🕳️⚠️,💀😰🕳️😭⚠️",0
221,"💀🔪😭⚠️,💀😭🕳️⚠️,😔💔😞🕳️⚠️,💀😰🕳️😭⚠️,💀😰⚠️😭🌑",0
221,"💀😭🕳️⚠️,😔💔😞🕳️⚠️,💀😰🕳️😭⚠️,💀😰⚠️😭🌑,😭😰⚠️💔😔",0
221,"😔💔😞🕳️⚠️,💀😰🕳️😭⚠️,💀😰⚠️😭🕳️,😭😰⚠️💔😔,💀🕳️😭😰⚠️",1
221,"💀😰🕳️😭⚠️,💀😰⚠️😭🕳️,😭😰⚠️💔😔,💀🕳️😭😰⚠️,💀🔪😭⚠️",1
221,"💀😰⚠️😭🕳️,😭😰⚠️💔😔,💀🕳️😭😰⚠️,💀🔪😭⚠️,💀😭🕳️⚠️",1
221,"😭😰⚠️💔😔,💀🕳️😭😰⚠️,💀🔪😭⚠️,💀😭🕳️⚠️😖,💀😭🕳️⚠️😔",1
221,"💀🕳️😭😰⚠️,💀🔪😭⚠️,💀😭🕳️⚠️😖,💀😭🕳️⚠️😔,💀🕳️⚠️😭🌑",0
221,"💀🔪😭⚠️,💀😭🕳️⚠️,💀😭🕳️⚠️💔,💀🕳️⚠️😭🌑,💀🕳️😭😔⚠️",0
225,"💀🕳️⚠️😭🚨,💀🕳️😭⚠️,💀🕳️🚨😭⚠️,💀🕳️⚠️😭🔪,💀🕳️🚨💊😭",1
225,"💀🕳️😭⚠️,💀🕳️🚨😭⚠️,💀🕳️😭⚠️🚨,💀🕳️🚨😭⚠️,💀🕳️😭⚠️",1
225,"💀🕳️🚨😭⚠️,💀🕳️😭⚠️🚨,💀🕳️🚨😭⚠️,💀🕳️😭⚠️,💀🕳️😭⚠️🔪",1
225,"💀🕳️🚨😭⚠️,💀🕳️🚨😭⚠️,💀🕳️😭⚠️🩸,💀🕳️⚠️😭🔪,💀🕳️😭⚠️🔪",1
226,"💀🕳️⚠️😭💊,😔💔🕳️,💀🕳️😰⚠️😭,💀😭🕳️⚠️😖,💀🔪😭⚠️🕳️",1
226,"😔💔🕳️,💀🕳️😰⚠️😭,💀😭🕳️⚠️💥,💀🔪😭⚠️🕳️,💀🕳️😭⚠️😔",1
226,"💀🕳️😰⚠️😭,💀😭🕳️⚠️,💀🔪😭⚠️🕳️,💀🕳️😭⚠️😔,💀🕳️😭😔⚠️",0
226,"💀😭🕳️⚠️😖,💀🔪😭⚠️🕳️,💀🕳️😰😭⚠️,💀🕳️😭⚠️😔,💀🕳️😔💔⚠️",1
226,"💀🔪😭⚠️🕳️,💀🕳️😭⚠️😔,💀🕳️😭⚠️😔,💀🕳️😔💔⚠️,💀🕳️😭⚠️",1
226,"💀🕳️😰😭⚠️,💀🕳️😭⚠️😔,💀🕳️😔💔⚠️,💀🕳️😭⚠️,💀🕳️😰😭⚠️",1
226,"💀🕳️😭⚠️😔,💀🕳️😔💔⚠️,💀🕳️😭⚠️,💀🕳️😰😭⚠️,💀⚠️🕳️😭😔",1
226,"💀🕳️😔💔⚠️,💀🕳️😭⚠️,💀🕳️😰😭⚠️,💀🕳️⚠️😭😔,💀🕳️⚠️😭😔",1
226,"💀🕳️😭⚠️,💀🕳️😰😭⚠️,💀🕳️⚠️😭😔,💀🕳️⚠️😭😔,💀🕳️😰😭⚠️",1
226,"💀🕳️😰😭⚠️,💀🕳️⚠️😭😔,💀🕳️⚠️😭😔,💀🕳️😰😭⚠️,💀🕳️😰😔⚠️",0
226,"💀🕳️⚠️😭😔,💀🕳️⚠️😭😔,💀🕳️😰😭⚠️,💀🕳️😰😭⚠️,💀🕳️⚠️😭😔",1
226,"💀🕳️⚠️😭😔,💀🕳️😰😭⚠️,💀🕳️😰😭⚠️,💀🕳️⚠️😭😔,💀🕳️😭⚠️💔",1
226,"💀🕳️😰😭⚠️,💀🕳️😰😭⚠️,💀🕳️⚠️😭😔,💀🕳️😭⚠️💔,💀😭⚠️🕳️😔",0
226,"💀🕳️😰😭⚠️,💀🕳️⚠️😭😔,💀🕳️😭⚠️💔,💀😭⚠️🕳️,😔💔😰⚠️🕳️",0
226,"💀🕳️⚠️😭😔,💀🕳️😭⚠️💔,💀😭⚠️🕳️,😔💔😰⚠️🕳️,😔💔😞🕳️",1
226,"💀🕳️😭⚠️💔,💀😭⚠️🕳️,😔💔😰⚠️🕳️,😔💔😞🕳️,💀😭🕳️⚠️😔",1
226,"💀😭⚠️🕳️,😔💔😰⚠️🕳️,😔💔😞🕳️,💀🕳️😭😔⚠️,💀😰🕳️😭⚠️",1
226,"😔💔😰⚠️🕳️,😔💔😞🕳️,💀🕳️😭😔⚠️,💀😰🕳️😭⚠️,💀😰🕳️😭⚠️",1
227,"💀🕳️😭⚠️🌑,💀🔪🚨⚠️🕳️,💀🕳️😭⚠️😖,💀🔪⚠️😭🕳️,💀🕳️😭⚠️",1
227,"💀🔪🚨⚠️🕳️,💀🕳️😭⚠️😖,💀🔪⚠️😭🕳️,💀🕳️😭⚠️🙏,💀🕳️😭⚠️😔",1
227,"💀🕳️😭⚠️😔,💀🔪⚠️😭🕳️,💀🕳️😭⚠️,💀🕳️😭⚠️😔,😔💔🕳️😭⚠️",1
227,"💀🔪⚠️😭🕳️,💀🕳️😭⚠️,💀🕳️😭⚠️😔,😔💔🕳️😭⚠️,💀😭⚠️🕳️😔",1
227,"💀🕳️😭⚠️,💀🕳️😭⚠️😔,😔💔🕳️😭⚠️,💀😭⚠️🕳️😔,😔💔😞🕳️⚠️",1
227,"💀🕳️😭⚠️😔,😔💔🕳️😭⚠️,💀😭⚠️🕳️😔,😔💔😞🕳️⚠️,💀😔🕳️⚠️😭",1
227,"😔💔🕳️😭⚠️,💀😭😞🕳️🚨,😔💔😞🕳️⚠️,💀😔🕳️💔⚠️,💀😔🕳️😭⚠️",0
227,"💀😭⚠️🕳️😔,😔💔😞🕳️⚠️,💀😔🕳️💔⚠️,💀😔🕳️😭⚠️,😔💔😞",0
227,"😔💔😞🕳️⚠️,💀😔🕳️💔⚠️,💀😔🕳️😭⚠️,😔💔😞,😔💔😢",1
227,"💀😔🕳️💔⚠️,💀😔🕳️😭⚠️,😔💔😞,😔💔😢,😔💔😞🕳️⚠️",0
227,"💀😔🕳️😭⚠️,😔💔😞,😔💔😢,😔💔😞🕳️⚠️,💀🕳️😭😔💔",0
227,"😔💔😞,😔💔😢,😔💔😞🕳️⚠️,💀🕳️😭😔⚠️,😔💔😞🕳️⚠️",1
227,"😔💔😢,😔💔😞🕳️⚠️,💀🕳️😭😔⚠️,😔💔😞🕳️⚠️,💀🕳️😭⚠️",1
228,"💀🕳️😭⚠️,😔💔🕳️😭⚠️,💀🕳️😭⚠️,💀🕳️😭😔💔,💀🕳️😭⚠️😔",0
228,"😔💔😞🕳️⚠️,💀🕳️😭⚠️🌑,💀🕳️😭😔💔,💀🕳️😭⚠️😔,💀🔪⚠️😭",3
228,"💀🕳️😭⚠️,💀🕳️😭😔💔,💀🕳️😭⚠️😔,💀🔪⚠️😭,💀⚠️😭🕳️🔪",1
228,"💀🕳️😭😔💔,💀🕳️😭⚠️😔,💀🔪⚠️😭,💀🕳️😭⚠️⚰️,💀🕳️😭🚨🌑",1
230,"💀🕳️😭😔💔,💀🕳️😭😔⚠️,😭😰😔💔⚠️,💀🕳️😭😰💊,💀😭⚠️😔💔",2
231,"💀💊⚠️😭,💀💊⚠️😭,💀💊⚠️🕳️😭,💀💊⚠️😭🕳️,💀😭⚠️🕳️😔",0
231,"💀💊🚨⚠️,💀💊⚠️🕳️😭,💀💊⚠️🕳️😭,💀😭⚠️🕳️,😔💔😢😞⚠️",3
231,"💀💊⚠️🕳️😭,💀💊⚠️🕳️😭,💀😭⚠️🕳️,😔💔😢😞⚠️,💀🕳️⚠️😭💊",3
231,"💀💊⚠️🕳️😭,💀😭⚠️🕳️,😔💔😢😞⚠️,💀🕳️⚠️😭💊,💀⚠️🕳️😭💊",3
231,"💀😭⚠️🕳️,😔💔😢😞⚠️,💀🕳️⚠️😭💊,💀⚠️🕳️😭💊,💀🔪⚠️🕳️😭",1
231,"😔💔😢😞⚠️,💀🕳️⚠️😭💊,💀⚠️🕳️😭💊,💀🔪⚠️🕳️😭,💀🕳️⚠️😭🔪",2
231,"💀🕳️⚠️😭💊,💀⚠️🕳️😭💊,💀🔪⚠️🕳️😭,💀🕳️⚠️😭🔪,💀⚠️🕳️😭💊",2
231,"💀⚠️🕳️😭💊,💀🔪⚠️🕳️😭,💀🕳️⚠️😭🔪,💀⚠️🕳️😭💊,💀⚠️🕳️😭",2
231,"💀🔪⚠️🕳️😭,💀🕳️⚠️😭🌑,💀⚠️🕳️😭💊,💀⚠️🕳️😭🚨,💀⚠️🕳️😭🚨",3
231,"💀🕳️⚠️😭🔪,💀⚠️🕳️😭💊,💀⚠️🕳️😭🚨,💀⚠️🕳️😭🚨,💀🚨💊😭",2
231,"💀⚠️🕳️😭💊,💀⚠️🕳️😭,💀⚠️🕳️😭,💀🚨💊😭,💀🔪🚨⚠️🕳️",2
231,"💀⚠️🕳️😭🔪,💀⚠️🕳️😭,💀🚨💊😵,💀🔪🚨⚠️🕳️,💀💊⚠️🕳️😭",0
231,"💀⚠️🕳️😭🚨,💀🚨💊😭,💀🔪🚨⚠️🕳️,💀💊⚠️🕳️😭,💀💊🚨😭⚠️",0
231,"💀⚠️😭💊,💀🔪🚨⚠️😭,💀💊⚠️🕳️😭,💀💊🚨😭⚠️,💀💊🚨⚠️🕳️",1
231,"💀🔪🚨⚠️🕳️,💀💊⚠️🕳️😭,💀💊🚨😭⚠️,💀💊🚨⚠️🕳️,💀🕳️😭⚠️🌑",1
232,"💀🔪😭⚠️,💀😭🕳️⚠️,💀🕳️😭⚠️😖,💀😭🕳️⚠️,💀🕳️😭⚠️🌑",1
232,"💀🕳️😭⚠️,💀🕳️😭⚠️🌑,💀😭🕳️⚠️,💀🕳️😭⚠️🌑,💀😭🕳️⚠️😔",1
232,"💀🕳️😭⚠️😖,💀😭🕳️⚠️,💀🕳️😭⚠️🌑,💀😭🕳️⚠️😔,💀😭🕳️⚠️😖",1
232,"💀😭🕳️⚠️,💀🕳️😭⚠️😖,💀😭🕳️⚠️😔,💀😭🕳️⚠️😖,💀🕳️😭⚠️😔",1
232,"💀🕳️😭⚠️,💀😭🕳️⚠️😔,💀😭🕳️⚠️😖,💀🕳️😭⚠️,💀😰🕳️😭⚠️",1
232,"💀😭🕳️⚠️😔,💀😭🕳️⚠️😖,💀🕳️😭⚠️,💀😰🕳️😭⚠️,💀🕳️😭⚠️🚨",1
232,"💀😭🕳️⚠️😖,💀🕳️😭⚠️😔,💀😰🕳️😭⚠️,💀🕳️😭⚠️🔪,💀😭🕳️⚠️",1
232,"💀🕳️😭⚠️,💀😰🕳️😭⚠️,💀🕳️😭⚠️🚨,💀🕳️😭🌑,💀🕳️⚠️😭",0
232,"💀😰🕳️😭⚠️,💀🕳️😭⚠️🔪,💀😭🕳️⚠️,💀🕳️⚠️😭😰,😔💔😞",0
232,"💀🕳️😭⚠️🔪,💀🕳️😭🌑,💀🕳️⚠️😭,😔💔😞⚠️,💀🕳️😭🔪🚨",1
232,"💀🕳️😭🌑,💀🕳️⚠️😭,😔💔😞⚠️,💀🕳️😭🔪🚨,💀😭🕳️⚠️😔",1
232,"💀🕳️⚠️😭,😔💔😞⚠️,💀🕳️😭🔪🚨,💀😭🕳️⚠️😔,💀🕳️😭⚠️🚨",1
232,"😔💔😞⚠️,💀🕳️😭⚠️🔪,💀😭🕳️⚠️😔,💀🕳️😭⚠️🚨,💀😭🕳️😰",1
232,"💀🕳️😭🔪🚨,💀😭🕳️⚠️😔,💀🕳️😭⚠️🚨,💀😭🕳️😰,💀😭🕳️⚠️😔",1
232,"💀😭🕳️⚠️😔,💀🕳️😭⚠️🚨,💀😭🕳️😰,💀😭🕳️⚠️😔,💀😭🔪🕳️",1
232,"💀🕳️😭⚠️🚨,💀😭🕳️😰,💀😭🕳️⚠️😔,💀😭🔪🕳️,💀😭🕳️⚠️",2
232,"💀😭🕳️😰,💀😭🕳️⚠️😔,💀😭🔪🕳️,💀😭🕳️⚠️😵,💀🔪⚠️😭🕳️",1
232,"💀😭🕳️⚠️😔,💀😭🔪🕳️,💀😭🕳️⚠️🚨,💀🔪🚨😭🕳️,💀⚠️🕳️😭🔪",2
232,"💀😭🔪🕳️,💀😭🕳️⚠️,💀🔪⚠️😭🕳️,💀🕳️⚠️😭🔪,💀💊😭🕳️🚨",1
232,"💀😭🕳️⚠️🚨,💀🔪⚠️😭🕳️,💀🕳️⚠️😭🔪,💀💊😭🕳️🚨,💀😭🕳️🚨",1
232,"💀🔪🚨😭🕳️,💀🕳️⚠️😭🔪,💀💊😭🕳️🚨,💀😭🕳️🚨,💀🕳️😭⚠️",1
232,"💀⚠️🕳️😭🔪,💀💊😭🕳️🚨,💀😭⚠️🕳️,💀🕳️😭⚠️,💀🕳️😰😭⚠️",1
232,"💀💊😭🕳️🚨,💀😭🕳️🚨,💀🕳️😭⚠️,💀🕳️😰😭⚠️,💀😭🔪🌑",1
232,"💀😭🕳️🚨,💀🕳️😭⚠️,💀🕳️😰😭⚠️,💀😭🔪🌑,💀😭⚠️🕳️😰",2
232,"💀🕳️😭⚠️,💀🕳️😰😭⚠️,💀😭⚠️🕳️🔪,💀😭⚠️🕳️😴,💀🕳️⚠️😭🔪",1
232,"💀🕳️😰😭⚠️,💀😭⚠️🕳️🔪,💀😭⚠️🕳️😰,💀🕳️🔪💊🚨,💀⚠️😰🕳️😭",0
232,"💀😭🔪🌑,💀😭⚠️🕳️😰,💀🕳️🔪💊🚨,💀⚠️😰🕳️😭,💀🕳️😭⚠️😖",1
232,"💀😭⚠️🕳️😴,💀🕳️🔪💊🚨,💀⚠️😰🕳️😭,💀🕳️😭⚠️😖,💀😭🕳️🚨🔪",2
232,"💀🕳️🔪💊🚨,💀⚠️😰🕳️😭,💀🕳️😭⚠️😖,💀😭🕳️🚨🔪,💀🔪😭🕳️🚨",1
232,"💀⚠️😰🕳️😭,💀🕳️😭⚠️😖,💀😭🕳️🚨🔪,💀🔪😭🕳️🚨,💀🕳️😭⚠️🚨",1
232,"💀🕳️😭⚠️😖,💀😭🕳️🚨🔪,💀🔪😭🕳️🚨,💀🕳️😰🚨😭,💀😭🕳️⚠️😖",0
232,"💀😭🕳️🚨🔪,💀🔪😭🕳️🚨,💀🕳️😭⚠️🌑,💀😭🕳️⚠️😖,💀😰🕳️😭⚠️",1
232,"💀🔪😭🕳️🚨,💀🕳️😭⚠️🚨,💀😭🕳️⚠️😖,💀😰🕳️😭⚠️,💀🔪😭⚠️",1
232,"💀🕳️⚠️😭🌑,💀😭🕳️⚠️😖,💀🕳️😭⚠️,💀🔪😭⚠️,💀🕳️🚨😭⚠️",1
232,"💀😭⚠️🕳️😖,💀😰🕳️😭⚠️,💀🔪😭⚠️,💀🕳️🚨😭⚠️,💀🔫🚨😭🕳️",1
232,"💀⚠️😭🕳️,💀😭🔪🌑,💀🕳️🚨😭⚠️,💀🔫🚨😭🕳️,💀🕳️⚠️😭😰",1
232,"💀🔪😭⚠️,💀🕳️🚨😭⚠️,💀🔫🚨😭🕳️,💀🕳️⚠️😭🌑,💀🕳️🚨🌊⛓️",1
232,"💀🕳️🚨😭⚠️,💀🔫🚨😭🕳️,💀🕳️⚠️😭🌑,💀🕳️🚨🌊⛓️,💀🔪🚨💊🕳️",1
232,"💀🔫🚨😭🕳️,💀🕳️⚠️😭😰,💀🕳️🚨🌊⛓️,💀🔪🚨💊🕳️,💀💊🔪🚨😭",1
232,"💀🕳️⚠️😭😰,💀🕳️🚨🌊⛓️,💀🔪🚨💊🕳️,💀💊🔪🚨😭,💀😭🔪🕳️",1
232,"💀🕳️🚨🌊⛓️,💀🔪🚨💊🕳️,💀💊🔪🚨😭,💀😭🔪🕳️,💀🔪🕳️😭",1
232,"💀🔪🚨💊🕳️,💀💊🔪🚨😭,💀😭🔪🕳️,💀🔪🕳️😭,💀😰🕳️😭⚠️",1
232,"💀💊🔪🚨😭,💀😭🔪🕳️,💀🔪😭⚠️🕳️,💀😰🕳️😭⚠️,💀🕳️😭⏰🚨",1
232,"💀😭🔪🌑,💀🔪🕳️😭,💀😰🕳️😭⚠️,💀🕳️😭⏰🚨,💀😭🌑😔",1
232,"💀🔪😭⚠️🕳️,💀😰🕳️😭⚠️,💀🕳️😭⏰🚨,💀😭⚠️🕳️,💀🕳️😭🔪🚨",1
232,"💀😰🕳️😭⚠️,💀🕳️😭⏰🚨,💀😭⚠️🕳️,💀🕳️😭🔪🚨,💀😰🕳️😭⚠️",1
232,"💀🕳️😭⏰,💀😭⚠️🕳️,💀🕳️😭🔪🚨,💀😰🕳️😭⚠️,💀😭🔪🌑",1
232,"💀😭🌑😔,💀🕳️😭🔪🚨,💀😰🕳️😭⚠️,💀😭🔪🌑,💀🕳️😭⚠️😔",1
232,"💀🕳️😭🔪🚨,💀😰🕳️😭⚠️,💀😭🔪🌑,💀🕳️😭⚠️😔,💀😭🕳️⚠️🚨",1
232,"💀😰🕳️😭⚠️,💀😭🔪⚠️,💀🕳️😭⚠️😔,💀😭🕳️⚠️😰,💀🔫⚠️🕳️😰",1
232,"💀😭🔪🌑,💀🕳️😭⚠️😔,💀😭🕳️⚠️😰,💀🔫⚠️🕳️😰,💀🔪🚨😭",1
232,"💀🕳️😭😔⚠️,💀😭🕳️⚠️😰,💀🔫⚠️🕳️😰,💀🔪🚨😭,💀🔪🚨💊⚠️",1
232,"💀😭🕳️⚠️😰,💀🔫⚠️🕳️😰,💀🔪🚨😭,💀🔪🚨💊⚠️,💀🕳️😭⚠️",1
232,"💀🔫⚠️🕳️😰,💀🔪🚨😭,💀🔪🚨💊⚠️,💀🕳️😭⚠️,💀🔪🚨😭⚠️",0
232,"💀🔪🚨😭,💀🔪🚨💊⚠️,💀🕳️😭⚠️,💀🔪😭⚠️🚨,💀💊😭🕳️⚠️",1
232,"💀🔪🚨💊⚠️,💀🕳️😭⚠️,💀🔪🚨😭⚠️,💀💊😭🕳️⚠️,💀🕳️😭⚠️",1
232,"💀🕳️😭⚠️,💀🔪🚨😭⚠️,💀💊😭🕳️⚠️,💀🕳️😭⚠️,💀🕳️😰⚠️😭",1
232,"💀🔪🚨😭⚠️,💀💊😭🕳️⚠️,💀🕳️😭⚠️,💀🕳️😰⚠️😭,💀🔪😭🚨🕳️",1
232,"💀💊😭🕳️⚠️,💀🕳️😭⚠️😰,💀🕳️😰⚠️😭,💀🔪😭⚠️,💀🔪😭🕳️🚨",1
232,"💀🕳️😭⚠️,💀🕳️😰⚠️😭,💀🔪😭⚠️,💀🔪😭🕳️🚨,💀🔪😭⚠️",1
232,"💀🕳️⚠️😭🌑,💀🔪😭⚠️,💀🔪😭🕳️🚨,💀🔪😭⚠️,💀🕳️😭⚠️",1
232,"💀🔪😭⚠️🕳️,💀🔪😭⚠️🕳️,💀🔪😭⚠️,💀🕳️😭⚠️🚨,💀😭🕳️⚠️",1
232,"💀🔪😭🕳️🚨,💀🔪😭⚠️,💀😭🕳️⚠️,💀😭🕳️⚠️😔,💀🔪😭⚠️🕳️",1
232,"💀🔪😭⚠️,💀🕳️😭⚠️,💀😭🕳️⚠️😔,💀🔪😭⚠️🕳️,💀🕳️😭⚠️😔",1
232,"💀🕳️😭⚠️😰,💀😭🕳️⚠️😔,💀🕳️😭🔪🚨,💀🕳️😭⚠️😔,💀🔪😭🕳️🚨",1
232,"💀😭🕳️⚠️😔,💀🕳️😭🔪⚠️,💀🕳️😭⚠️😔,💀🔪😭🕳️🚨,💀😭🔪🌑",1
232,"💀🕳️😭🔪🚨,💀🕳️😭⚠️😔,💀🔪😭🕳️🚨,💀😭🔪🕳️,💀🕳️😭😔💔",1
232,"💀🕳️😭⚠️😔,💀🔪😭🕳️🚨,💀😭🔪🌑,💀🕳️😭😔💔,💀🕳️😭⚠️",1
232,"💀🔪😭🕳️🚨,💀😭🔪⚠️,💀🕳️😭😞⚠️,💀🕳️😭⚠️,💀🕳️😭⚠️😰",1
232,"💀😭🔪🌑,💀🕳️😭😔💔,💀😭🕳️⚠️🚨,💀😭🕳️⚠️😰,💀😭🕳️😰",1
232,"💀🕳️😭😔💔,💀🕳️😭⚠️🚨,💀😭🕳️⚠️😵,💀😭🕳️😰,💀🕳️😭🌑",0
232,"💀🕳️😭⚠️,💀🕳️😭⚠️😰,💀😭🕳️😵,💀🕳️😭🌑,💀🕳️😭⚠️",1
232,"💀🕳️😭⚠️,💀😭🕳️⚠️,💀🕳️😭🌑,💀🕳️😭⚠️,💀🔪🚨🕳️😭",1
232,"💀😭🕳️😰,💀🕳️😭🌑,💀🕳️😭⚠️,💀🔪🕳️🚨😭,💀😭⚠️🕳️",0
232,"💀🕳️😭🌑,💀🕳️😭⚠️,💀🔪🚨🕳️😭,💀😭⚠️🕳️,💔😭😔🕳️⚠️",1
232,"💀🕳️😭⚠️,💀🔪🚨🕳️😭,💀😭⚠️🕳️,💔😭😔😞⚠️,💀🚗🔪😰🕳️",1
232,"💀🔪🚨🕳️😭,💀😭⚠️🕳️,💔😭😔😞⚠️,💀🚗🔪😰🕳️,💀🕳️😭⚠️😰",1
232,"💀😭⚠️🕳️,💔😭😔😞⚠️,💀🚗🔪😰🕳️,💀🕳️😭⚠️😰,💀😰🕳️😭⚠️",1
232,"💔😭😔😞⚠️,💀🚗🔪😰🕳️,💀🕳️😭⚠️😰,💀😭🕳️⚠️😔,💀🕳️😭🔪🚨",1
232,"💀🚗🔪😰🕳️,💀🕳️😭⚠️😰,💀😰🕳️😭⚠️,💀🚗💥😰🕳️,💀🔪🕳️🚨",1
232,"💀🕳️😭⚠️😰,💀😭🕳️⚠️😔,💀🚗💥😭⚠️,💀🔪🚨😭🕳️,💀😭🕳️⚠️😔",1
232,"💀😰🕳️😭⚠️,💀🚗💥😞🕳️,💀🔪🚨😭🕳️,💀😭🕳️⚠️😔,😭💔😔😩⚠️",1
232,"💀🚗💥😭⚠️,💀🔪🕳️🚨,💀😭🕳️⚠️😔,😭💔😔😩⚠️,💀😭🔪🕳️",1
232,"💀🔪🚨😭🕳️,💀😭🕳️⚠️😔,😭💔😔😩⚠️,💀😭🔪🕳️,💀🕳️😭🚨🔪",1
232,"💀🕳️😭⚠️,😭💔😔⚠️🕳️,💀😭🔪🕳️,💀🕳️😭🚨🔪,💀🔪🕳️😭⚠️",1
232,"😭💔😔😩⚠️,💀😭🔪🕳️,💀🕳️😭🚨🔪,💀🔪🕳️😭⚠️,💀🕳️😭⚠️",1
232,"💀😭🔪🕳️,💀🕳️😭🚨🔪,💀🔪🕳️😭⚠️,💀🕳️😭⚠️,💀🕳️🚨😭⚠️",1
232,"💀🕳️😭🚨🔪,💀🔪🕳️😭⚠️,💀🕳️😭⚠️,💀🕳️🚨😭⚠️,💀🕳️😭⚠️😰",1
232,"💀🔪🕳️😭⚠️,💀🕳️😭⚠️,💀🕳️🚨😭⚠️,💀😭🕳️⚠️🚨,💀🚗⚠️🕳️😭",1
232,"💀😭🕳️⚠️🔪,💀⚠️🕳️😭,💀😭🕳️⚠️🚨,💀🚗⚠️🕳️😭,💀😭⚠️🕳️💊",2
232,"💀⚠️🕳️😭🚨,💀🕳️😭⚠️😰,💀🚗⚠️🕳️😭,💀😭⚠️🕳️💊,💀🌧️🕳️😭🚨",0
232,"💀😭🕳️⚠️🚨,💀🚗🕳️😭🚨,💀😭⚠️🕳️💊,💀🌧️🕳️😭🚨,💀⚠️🕳️😭⏰",1
232,"💀🚗⚠️🕳️😭,💀😭⚠️🕳️💊,💀🌧️🕳️😭🚨,💀⚠️🕳️😭😰,💀⚠️🕳️😭😰",2
232,"💀😭⚠️🕳️💊,💀🌧️🕳️😭🚨,💀⚠️🕳️😭😰,💀⚠️🕳️😭🔪,💀💊⚠️🕳️😰",2
232,"💀🌧️🕳️😭🚨,💀⚠️🕳️😭😰,💀⚠️🕳️😭🔪,💀💊⚠️🕳️😰,💀🔪🚨⚠️🕳️",2
232,💀⚠️🕳️🔪💊,3
232,💀🕳️🔪🚨💊,1
232,💀🕳️🔪🚨💊,2
232,💀🔪⚠️🕳️🚨,2
232,💀🕳️🔪🚨😭,1
232,"💀🕳️🔪⚠️🚨,💀🕳️😭⚠️🔪,💀⚠️🔪💊🕳️,💀🕳️🚨😭🔪,💀🔪🚨😭🕳️",1
232,"💀🕳️😭🚨🔪,💀⚠️🔪💊🕳️,💀🕳️🚨😭🔪,💀🔪🚨😭⚠️,💀🔪⚠️🕳️😭",1
232,"💀⚠️🔪💊🕳️,💀🕳️🚨😭🔪,💀🔪🚨😭🕳️,💀🔪⚠️🕳️,💀⚠️🕳️🔪🪦",1
232,"💀🕳️🚨😭🔪,💀🔪🚨😭🕳️,💀🔪⚠️🕳️,💀⚠️🕳️🔪🪦,💀🔪🚨⚠️🕳️",1
232,"💀🔪🚨😭🕳️,💀🔪⚠️🕳️😭,💀⚠️🕳️🔪🪦,💀🔪🚨⚠️🕳️,💀⚠️🔪🪦😰",1
232,"💀🔪⚠️🕳️😭,💀⚠️🕳️🔪🪦,💀🔪🚨⚠️🕳️,💀⚠️🔪🕳️,💀🔪🚨😭🕳️",1
232,"💀⚠️🕳️🔪🪦,💀🔪🚨⚠️🕳️,💀⚠️🔪🕳️,💀🔪🚨🕳️😭,💀😭🕳️⚠️",1
232,"💀🔪🚨⚠️🕳️,💀⚠️🔪🕳️,💀🔪🚨😭🕳️,💀😭🕳️⚠️,💀💊😰🕳️🚨",1
232,"💀⚠️🔪🪦😰,💀🔪🚨😭🕳️,💀😭🕳️⚠️,💀🕳️😭⚠️,💀🔪😭⚠️",1
232,"💀🔪🚨😭🕳️,💀😭🕳️⚠️,💀💊😰🕳️🚨,💀🔪😭⚠️,💀🕳️😰😭⚠️",1
232,"💀😭🕳️⚠️,💀💊😰🕳️🚨,💀🔪😭⚠️,💀🕳️😰😭⚠️,💀⚠️🔪🪦😰",1
232,"💀🕳️😭⚠️,💀🔪😭⚠️,💀🕳️😰😭⚠️,💀⚠️🔪🪦😰,💀🕳️🔪⚠️😭",1
232,"💀🔪😭⚠️,💀🕳️😰😭⚠️,💀⚠️🔪🪦😰,💀🕳️🔪⚠️😭,💀🔪🕳️⚠️🩸",1
232,"💀🕳️😰😭⚠️,💀⚠️🔪🪦😰,💀🕳️🔪⚠️😭,💀🔪🕳️⚠️😭,💀🔪⏳🕳️",1
232,💀🔪⚠️🕳️,1
232,💀🔪⚠️🕳️😭,1
232,💀🔪⚠️🕳️,1
232,💀🔪🚨⚠️🕳️,1
232,💀🔪🚨💊🕳️,1
232,"💀🔪🕳️😭,💀🔪🪦😰⚠️,💀🔪😭⚠️,💀⚠️🕳️😭🔪,💀🔪🕳️🚨",1
232,"💀🔪🪦😰⚠️,💀🔪😰🕳️,💀⚠️🕳️😭🔪,💀🔪🕳️🚨,💀🕳️⚠️🔪⏳",1
232,"💀🔪😭⚠️,💀⚠️🕳️😭🔪,💀🔪⚠️😭,💀🕳️🔪⏳🚨,💀🔪😭🕳️🚨",1
232,"💀⚠️🕳️😭🔪,💀🔪⚠️😭,💀🕳️⚠️🔪🪦,💀🔪😭🕳️🚨,💀🔪🕳️😭🚨",1
232,"💀🔪⚠️😭,💀🕳️⚠️🔪⏳,💀🔪😭🕳️🚨,💀🔪🕳️😭🚨,💀🚗💥⚠️🕳️",1
232,"💀⚠️🕳️🔪⏳,💀🔪😭🕳️🚨,💀🔪🕳️😭🚨,💀🚗💥⚠️🕳️,💀🕳️😭😔⚠️",1
232,"💀🔪😭🕳️🚨,💀🔪🕳️😭🚨,💀🚗💥⚠️🕳️,💀🕳️😭😔⚠️,💀💊🔫😰🕳️",1
232,"💀🔪🕳️😭🚨,💀🚗💥⚠️🕳️,💀😔🕳️😭⚠️,💀💊🔫😰🕳️,💀😭⚠️🕳️",2
232,"💀🚗💥⚠️🕳️,💀🕳️😭😔⚠️,💀💊🔫😰🕳️,💀😭⚠️🕳️,💀⚠️🕳️😰⚰️",1
232,"💀😰🕳️😭⚠️,💀💊🔫😰🕳️,💀😭⚠️🕳️🔪,💀⚠️🕳️😰🔪,💀😭🕳️⚠️🚨",1
232,"💀💊🔫😰🕳️,💀😭⚠️🕳️,💀⚠️🕳️😰⚰️,💀😭🕳️⚠️🚨,💀⚠️🕳️😭🔪",1
232,"💀😭⚠️🕳️,💀⚠️🕳️😰⚰️,💀😭🕳️⚠️🚨,💀⚠️🕳️😭🔪,💀🔪🕳️😭🚨",1
232,"💀⚠️🕳️😰⚰️,💀😭🕳️⚠️🚨,💀⚠️🕳️😭🔪,💀🔪🕳️😭🚨,💀🔪⚠️😭🕳️",1
232,"💀😭🕳️⚠️🚨,💀⚠️🕳️😭🔪,💀🔪🕳️😭🚨,💀🔪⚠️😭🕳️,💀😭🕳️⚠️😰",1
232,"💀⚠️🕳️😭🔪,💀🔪🕳️😭🚨,💀🔪⚠️😭🕳️,💀😭🕳️⚠️😰,💀😭🕳️⚠️",1
232,"💀🔪🕳️😭🚨,💀🔪⚠️😭🕳️,💀😭🕳️⚠️😰,💀😭🕳️⚠️,💀⚠️🕳️😭🔪",1
232,"💀🔪⚠️😭🕳️,💀😭🕳️⚠️😰,💀😭🕳️⚠️,💀⚠️🕳️😭🔪,💀🕳️😭🚨",3
232,"💀😭🕳️⚠️😰,💀😭⚠️🕳️,💀⚠️🕳️😭🔪,💀🕳️😭🚨,💀🔪⚠️😭🕳️",1
232,"💀😭🕳️⚠️,💀⚠️🕳️😭🔪,💀🕳️😭🚨,💀🔪⚠️😭🕳️,💀🕳️😭⚠️",1
232,"💀⚠️🕳️😭🔪,💀🕳️😭🚨,💀🔪⚠️😭🕳️,💀🕳️😭⚠️,💀🔪⚠️🕳️😭",2
232,"💀😭🕳️⚠️🔪,💀🔪⚠️😭🕳️,💀🕳️😭⚠️,💀🔪⚠️🕳️😭,💀🔪🚨⚠️😭",2
232,"💀🔪⚠️😭🕳️,💀🕳️😭⚠️,💀🔪⚠️🕳️😭,💀⚠️🚨😭🔪,💀🕳️🔪⚠️😭",1
233,"💀😭🕳️⚠️,💀😭⚠️🔪,😔😩🕳️😭⚠️,💀😭⚠️,💀😔😭⚠️",1
233,"💀😭⚠️🕳️🔪,😔😩😞🕳️⚠️,💀😭⚠️,💀😭🕳️😔💔,💀😭😔⚠️🕳️",1
233,"😔😩😞🕳️⚠️,💀😭⚠️,💀😭😔🕳️⚠️,💀😭😔⚠️🕳️,💀😭😞⚠️",0
233,"💀😭⚠️,💀😭😔🕳️⚠️,💀😭😔⚠️,💀😭😞⚠️,😔💔😢😞😖",1
233,"💀😭🕳️😔💔,💀😭😔⚠️🕳️,💀😭😞⚠️🕳️,😔💔😢😞😖,💀😭⚠️🕳️😖",1
233,"💀😭😔⚠️🕳️,💀😭😞⚠️,😔💔😢😞,💀😭⚠️🕳️😖,💀😭🕳️⚠️😔",2
233,"💀😭😞⚠️,😔💔😢😞,💀😭⚠️🕳️😖,💀😭😔⚠️🕳️,💀😰🕳️😭⚠️",0
235,"💀⚠️🕳️😰😭,💀💉🩸⚠️🚨,💀⚠️🕳️😭🚨,💀🔪⏳🛏️,💀💊💉🩸🚨",1
235,"💀💉🩸⚠️🚨,💀⚠️🕳️😭🚨,💀🔪⏳🛏️,💀💊💉🩸🚨,💀😭⚠️🕳️😖",0
235,"💀⚠️🕳️😭🚨,💀🔪⏳🛏️,💀💊💉🩸🚨,💀😭⚠️🕳️,💀💉🩸⚠️🕳️",2
236,"💀🔫🚨⚠️🕳️,💀🕳️⚠️🔪😭,💀🕳️😭⚠️,💀💊😰🕳️😭,💀😭🕳️🚨",1
236,"💀🕳️⚠️🔪💊,💀🕳️😭⚠️,💀💊😰🕳️😭,💀😭🕳️⚠️,💀🕳️😭⚠️😔",2
236,"💀🕳️😭⚠️,💀💊😰🕳️😭,💀😭🕳️🚨,💀🕳️😭⚠️😔,💀🔫⚠️😭🕳️",2
236,"💀💊😰🕳️😭,💀😭🕳️😵,💀🕳️😭⚠️😔,💀🔫⚠️😭🕳️,💀🕳️⚠️😭💊",3
236,"💀😭🕳️🚨,💀🕳️😭⚠️😔,💀🔫⚠️😭🕳️,💀🕳️😭⚠️💊,💀🕳️⚠️😭😔",1
236,"💀🕳️😭⚠️😔,💀🔫⚠️😭🕳️,💀🕳️😭⚠️💊,💀🕳️⚠️😭😔,💀😭🕳️⚠️😔",2
236,"💀🔫⚠️😭🕳️,💀🕳️😭⚠️💊,💀🕳️⚠️😭😔,💀😭🕳️⚠️😖,💀🔪😭⚠️🕳️",2
236,"💀🕳️😭⚠️💊,💀🕳️⚠️😭😔,💀😭🕳️⚠️😖,💀🔪😭⚠️🕳️,💀💊⚠️😭🕳️",1
236,"💀🕳️⚠️😭😔,💀😭🕳️⚠️😔,💀🔪😭⚠️🕳️,💀💊⚠️😭🕳️,💀😭🕳️⚠️😔",0
236,"💀😭🕳️⚠️😖,💀🔪🚨😭🕳️,💀💊⚠️😭🕳️,💀😭🕳️⚠️😔,💀🕳️😭⚠️😔",1
236,"💀🔫😭🕳️🚨,💀💊⚠️😭🕳️,💀😭🕳️⚠️😔,💀🕳️😭💔⚠️,💀🔫⚠️🕳️😭",1
236,"💀💊⚠️😭🕳️,💀😭🕳️⚠️😔,💀🕳️😭⚠️😔,💀🔫⚠️🕳️😭,💀🕳️😭⚠️😔",1
237,"💀💊🕳️😭⚠️,💀🔪🚨⚠️🇬🇧,💀🕳️😰⚠️,💀🕳️😰😔⚠️,💀🕳️⚠️😰🚂",0
237,"💀🔪🚨⚠️🇬🇧,💀🕳️😰⚠️,💀🕳️😰😔⚠️,💀🕳️⚠️😰🚂,💀🚨⚠️🕳️",0
237,"💀🕳️😰⚠️😭,💀🕳️😰😔⚠️,💀🕳️⚠️😰🚂,💀🚨🕳️😭,💀⚠️🕳️🚨",0
237,"💀🕳️😰⚠️😭,💀🕳️⚠️😰🚂,💀⚠️🕳️🚨,💀⚠️🕳️🚨,💀⚠️🕳️😭🚨",1
237,"💀🕳️⚠️😰🚂,💀⚠️🕳️🔪,💀⚠️🕳️🚨,💀⚠️🕳️😭🚨,💀🕳️😰😔😭",1
237,"💀🚨⚠️🕳️😭,💀⚠️🕳️🚨,💀⚠️🕳️🚨😭,💀🕳️😰😔😭,💀🕳️😭⚠️💊",0
237,"💀⚠️🕳️🚨,💀⚠️🕳️😭🚨,💀🕳️😰😔😭,💀🕳️😭⚠️💊,😔😩😞💔😟",1
237,"💀⚠️🕳️😭🚨,💀🕳️😰😔😭,💀🕳️😭⚠️💊,😔😩😞💔😟,💀🕳️😭⚠️",0
238,"💀🕳️⚠️😭🔪,💀🔪⚠️😭,💀🕳️😰😭⚠️,💀😔🕳️⚠️😭,💀😭🕳️⚠️😔",3
238,"💀🔪⚠️😭,💀🕳️😰😭⚠️,💀😔🕳️⚠️😭,💀😭🕳️⚠️😔,💀🕳️⚠️😭🚨",1
238,"💀🕳️😰😭⚠️,💀😔🕳️⚠️😭,💀😭🕳️⚠️😔,💀🕳️⚠️😭🔪,💀🕳️😭😔⚠️",2
238,"💀😔🕳️😭⚠️,💀😭🕳️⚠️😔,💀🕳️⚠️😭🚨,💀🕳️😭😔⚠️,💀⚠️🔪😭🕳️",1
238,"💀😭🕳️⚠️😔,💀🕳️⚠️😭🔪,💀🕳️😭😔⚠️,💀⚠️🔪😭🕳️,💀🕳️😭⚠️🔪",1
238,"💀🕳️⚠️😭🔪,💀🕳️😭😔⚠️,💀⚠️🔪😭🕳️,💀😭🕳️⚠️🔪,💀🕳️😭⚠️🚨",1
238,"💀🕳️😭😔⚠️,💀⚠️🔪😭🕳️,💀🕳️😭⚠️🔪,💀🕳️😭⚠️🚨,💀🕳️😭⚠️😔",1
238,"💀⚠️🔪😭🕳️,💀🕳️😭⚠️🔪,💀🕳️😭⚠️🚨,💀🕳️😭⚠️😔,💀🕳️😭⚠️😔",0
238,"💀🕳️😭⚠️🔪,💀🕳️😭⚠️🚨,💀🕳️😭⚠️😔,💀🕳️😭⚠️😔,💀⚠️🕳️😭",1
238,"💀🕳️😭⚠️🚨,💀🕳️😭⚠️😔,💀🕳️😭⚠️😔,💀⚠️🕳️😭,💀🕳️😭⚠️💔",1
238,"💀🕳️😭⚠️😔,💀🕳️😭⚠️😔,💀⚠️🕳️😭,💀🕳️😭⚠️😰,💀🕳️😭⚠️",1
238,"💀🕳️😭⚠️😔,💀⚠️🕳️😭,💀🕳️😭⚠️😰,💀🕳️😭⚠️😔,💀🕳️😭⚠️😔",1
238,"💀⚠️🕳️😭,💀🕳️😭⚠️😔,💀🕳️😭⚠️,💀🕳️😭⚠️😔,💀😭🔪⚠️🕳️",1
238,"💀🕳️😭⚠️💔,💀🕳️😭⚠️😔,💀🕳️😭⚠️😔,💀😭🔪⚠️🕳️,💀🕳️😭⚠️😔",1
238,"💀🕳️😭⚠️,💀🕳️😭⚠️😔,💀😭🔪⚠️🕳️,💀🕳️😭⚠️😔,💀🕳️😭⚠️😔",1
238,"💀🕳️😭⚠️😔,💀😭🔪⚠️🕳️,💀🕳️😭⚠️😔,💀🕳️😭⚠️😔,💀🕳️😭😔⚠️",0
239,"💀😭🕳️⚠️😔,💀🕳️😭🚨,💀🔪😭🚨,💀🕳️😭⚠️🌑,💀😭🕳️🚨",0
240,"💀🕳️😭😔⚠️,💀🕳️😭😰⚠️,😔💔😞⚠️,😔💔😢😞⚠️,💀🕳️😭😔💔",0
240,"💀🕳️😭😰⚠️,😔💔😞⚠️,😔💔😢😞⚠️,💀🕳️😭😔💔,😔💥⚠️🕳️😭",1
240,"😔💔😞⚠️,😔💔😢😞⚠️,💀🕳️😭😔💔,😔💥⚠️🕳️😭,💀🕳️😭⚠️😔",0
240,"😔💔😢😞,💀🕳️😭😔💔,😔💥⚠️🕳️😭,💀🕳️😭⚠️😔,😔😞😕",1
240,"💀🕳️😭😔💔,😔💥⚠️🕳️😭,💀🕳️😭⚠️😔,😔💔😞,💀🕳️😭😔⚠️",0
240,"😔💥⚠️🕳️😭,💀🕳️😭⚠️😔,😔💔😞,💀🕳️😭😔⚠️,😔💔😞🕳️",1
240,"💀🕳️😭⚠️😔,😔😞😕,💀🕳️😭😔⚠️,😔💔😞🕳️,💀🕳️😭😔⚠️",1
240,"😔💔😞,💀🕳️😭😔⚠️,😔💔😞🕳️,💀🕳️😭😔⚠️,💀😰🕳️😭⚠️",1
241,"💀🕳️⚠️😭🩸,💀🕳️😰😭⚠️,😔💔😢,💀🕳️⚠️😭🌑,💀⚠️🕳️😭",1
241,"💀🕳️😰😭⚠️,😔💔😞⚠️🕳️,💀🕳️⚠️😭🌑,💀⚠️🕳️😭,💀🕳️⚠️😭💔",0
241,"😔💔😞⚠️,💀🕳️⚠️😭🌑,💀⚠️🕳️😭,💀🕳️⚠️😭💔,💀😰🕳️😭⚠️",2
241,"💀🕳️⚠️😭🌑,💀⚠️🕳️😭,💀🕳️😭⚠️,💀😰🕳️😭⚠️,💀🕳️⚠️😭🌑",2
241,"💀⚠️🕳️😭,💀🕳️⚠️😭😔,💀😰😭⚠️🕳️,💀🕳️⚠️😭🌑,💀🕳️⚠️😭🌑",2
241,"💀🕳️⚠️😭💔,💀😰😭⚠️🕳️,💀🕳️⚠️😭🌑,💀🕳️⚠️😭🌑,💀🕳️⚠️😭🕯️",2
241,"💀😰🕳️😭⚠️,💀🕳️⚠️😭🌑,💀🕳️⚠️😭🌑,💀🕳️⚠️😭🕯️,💀⚠️🕳️😭",0
241,"💀🕳️⚠️😭🌑,💀🕳️⚠️😭🌑,💀🕳️⚠️😭🕯️,💀⚠️🕳️😭,💀😭⚠️🕳️💔",0
241,"💀🕳️⚠️😭🌑,💀🕳️⚠️😭🕯️,💀⚠️🕳️😭,💀😭⚠️🕳️💔,💀⚠️🕳️😭",2
241,"💀🕳️⚠️😭🕯️,💀⚠️🕳️😭,💀😭⚠️🕳️💔,💀⚠️🕳️😭,💀⚠️🕳️😭",2
241,"💀⚠️🕳️😭,💀😭⚠️🕳️💔,💀⚠️🕳️😭,💀⚠️🕳️😭,💀⚠️🕳️😭🚨",2
241,"💀😭⚠️🕳️💔,💀⚠️🕳️😭,💀⚠️🕳️😭,💀⚠️🕳️😭🚨,💀🕳️⚠️😭⚰️",2
241,"💀⚠️🕳️😭,💀⚠️🕳️😭,💀⚠️🕳️😭🚨,💀🕳️⚠️😭⚰️,💀🕳️😭⚠️😔",2
241,"💀⚠️🕳️😭,💀⚠️🕳️😰⏳,💀🕳️⚠️😭⚰️,💀🕳️😭⚠️😔,💀🚨⚠️🕳️😭",3
242,"💀🕳️😭⚠️🚨,💀🕳️😰😭⚠️,💀🔫⚠️😰🕳️,💀🕳️😭😔💔,💀🔪😭⚠️🕳️",0
242,"💀🕳️😰😭⚠️,💀🔫⚠️😰🕳️,💀😔🕳️😭⚠️,💀🔪😭⚠️🕳️,💀🕳️😭⚠️😔",2
242,"💀🔫⚠️😰🕳️,💀😔🕳️😭⚠️,💀🔪😭⚠️🕳️,💀🕳️😭⚠️😔,💀💊🔫⚠️🕳️",1
242,"💀😔🕳️😭⚠️,💀🔪😭⚠️🕳️,💀🕳️😭⚠️😔,💀💊🔫🕳️🚨,💀😭🕳️⚠️😔",1
242,"💀🔪😭⚠️🕳️,💀🕳️😭⚠️😔,💀💊🔫⚠️🕳️,💀😭🕳️⚠️😔,💀😭🕳️🚨",1
242,"💀🕳️😭⚠️😔,💀💊🔫⚠️🕳️,💀😭🕳️⚠️😔,💀😭🕳️🚨,💀🕳️😰😭⚠️",0
242,"💀💊🔫⚠️🕳️,💀😭🕳️⚠️😔,💀😭⚠️🕳️,💀🕳️😰😭⚠️,💀🕳️😭⚠️",2
242,"💀😭🕳️⚠️😔,💀😭⚠️🕳️,💀😰🕳️😭⚠️,💀🕳️😭⚠️,💀⚠️🕳️😭🔪",1
242,"💀😭🕳️🚨,💀😰🕳️😭⚠️,💀🕳️😭⚠️,💀⚠️🕳️😭🔪,💀🕳️😭💔⚠️",1
242,"💀😰🕳️😭⚠️,💀🕳️😭⚠️,💀⚠️🕳️😭🔪,💀🕳️😭💔⚠️,💀🕳️😭⚠️😔",0
242,"💀🕳️😭⚠️,💀⚠️🕳️😭🔪,💀🕳️😭💔⚠️,💀🕳️😭⚠️😔,💀🕳️😭⚠️😔",0
242,"💀⚠️🕳️😭🔪,💀🕳️😭💔⚠️,💀🕳️😭⚠️😔,💀🕳️😭⚠️😔,💀🕳️😭⚠️",0
242,"💀🕳️😭💔⚠️,💀🕳️😭⚠️😔,💀🕳️😭⚠️😔,💀🕳️😭⚠️,💀😰⚠️😭😔",1
242,"💀🕳️😭⚠️😔,💀🕳️😭⚠️😔,💀🕳️😭⚠️,💀😰🕳️😔,💀😭⚠️😔",1
242,"💀🕳️😭⚠️😔,💀🕳️😭⚠️,💀😰😔💪,💀😭⚠️😔,💀🕳️😭⚠️",2
242,"💀🕳️⚠️😭,💀😰😔💪,💀😭⚠️😔,💀🕳️😭⚠️,💀🕳️🚨😭⚠️",1
242,"💀😰🕳️😔,💀😭⚠️😔,💀🕳️😭⚠️,💀🕳️🚨😭⚠️,💀🕳️😭⚠️",2
242,"💀😭⚠️🕳️,💀🕳️😭⚠️,💀🕳️🚨😭⚠️,💀🕳️😭⚠️,💀🔪🚨😭🕳️",0
242,"💀🕳️😭⚠️,💀🕳️🚨😭⚠️,💀🕳️😭⚠️,💀🔪🚨😭🕳️,💀🕳️⚠️😭😔",1
242,"💀🕳️🚨😭⚠️,💀🕳️😭⚠️,💀🔪🚨😭🕳️,💀🕳️⚠️😭😔,💀⚠️🔪😰🕳️",1
242,"💀🕳️😭⚠️,💀🔪🚨😭🕳️,💀🕳️⚠️😭😔,💀⚠️🔪😰🕳️,💀🕳️😭⚠️😔",0
242,"💀🔪🚨😭🕳️,💀🕳️⚠️😭😔,💀⚠️🔪💥🕳️,💀🕳️😭⚠️😔,💀🕳️⚠️😭🚨",2
242,"💀🕳️⚠️😭😔,💀⚠️🔪💥😰,💀🕳️😭⚠️😔,💀🕳️⚠️😭🚨,💀⚠️🕳️😭🚨",1
242,"💀⚠️🔪😰🕳️,💀🕳️😭⚠️😔,💀🕳️⚠️😭🚨,💀⚠️🕳️😭🚨,💀🕳️😭😔⚠️",1
242,"💀🕳️😭⚠️😔,💀🕳️⚠️😭🚨,💀⚠️🔫🕳️😰,💀🕳️😭😔⚠️,💀🔪🚨⚠️🕳️",1
242,"💀🕳️⚠️😭🚨,💀⚠️🕳️😭🚨,💀🕳️😭😔💔,💀🔪🚨⚠️🕳️,😔💔😭⚠️🕳️",1
242,"💀⚠️🕳️😭🚨,💀🕳️😭😔💔,💀🔪🚨⚠️🕳️,😔💔😭⚠️🕳️,💀🕳️😭😔⚠️",0
242,"💀🕳️😭😔⚠️,💀🔪🚨⚠️🕳️,😔💔😭⚠️🕳️,💀🕳️😭😔⚠️,😔💔😢",1
242,"💀🔪🚨⚠️🕳️,😔💔😭⚠️🕳️,💀🕳️😭😔⚠️,😔💔😢😞⚠️,💀🕳️😭⚠️🛏️",0
242,"😔💔😭⚠️🕳️,💀🕳️😭😔⚠️,😔💔😢😞,💀🕳️😭⚠️🛏️,💀🕳️😭⚠️😔",1
242,"💀🕳️😭😔⚠️,😔💔😢😞⚠️,💀🕳️😭⚠️🛏️,💀🕳️😭⚠️😔,💀🕳️😭⚠️🌑",1
242,"😔💔😢,💀🕳️😭⚠️🛏️,💀🕳️😭⚠️😔,💀🕳️😭⚠️🌑,💀⚠️🕳️🔪📄",1
242,"💀🕳️😭⚠️🛏️,💀🕳️😭⚠️😔,💀🕳️😭⚠️🌑,💀🕳️⚠️🔪📄,😔💔😢😰⚠️",1
242,"💀🕳️😭😔,💀🕳️😭⚠️🌑,💀🕳️⚠️🔪📄,😔💔😢,💀😭⚠️😔🕳️",1
242,"💀🕳️😭⚠️🌑,💀⚠️🕳️🔪📄,😔💔😢,💀😭⚠️😔🕳️,💀😰⚠️😭😔",1
242,"💀🕳️⚠️🔪📄,😔💔😢,💀😭⚠️😔🕳️,💀😰⚠️😭😔,💀🕳️😭⚠️🌑",2
242,"😔💔😢,💀😭⚠️😔🕳️,💀😰⚠️😭😔,💀🕳️😭😞⚠️,💀🕳️⚠️😭",0
242,"💀😭⚠️😔🕳️,💀😰⚠️😭😔,💀🕳️😭⚠️🌑,💀⏳🕳️😭⚠️,💀⚠️🕳️😭⏰",2
242,"💀😰⚠️😭😔,💀🕳️😭⚠️🌑,💀🕳️⚠️😭💔,💀⚠️🕳️😭,💀🔪🚨⚰️😭",1
242,"💀🕳️😭😞⚠️,💀🕳️⚠️😭,💀⚠️🕳️⏰,💀⚰️🚨🥃,💀😭🕳️⚠️💔",1
242,"💀🕳️⚠️😭,💀⚠️🕳️😭,💀🔪🚨⚰️😭,💀😭🕳️⚠️💔,💀😭⚠️🕳️😔",0
242,"💀⚠️🕳️😭,💀🔪🚨⚰️😭,💀😭🕳️⚠️💔,💀😭⚠️🕳️😔,💀🕳️⚠️",1
242,"💀🔪🚨⚰️😭,💀😭🕳️⚠️😔,💀😭⚠️🕳️😔,💀🕳️⚠️,💀😭⚠️😔💔",1
242,"💀😭🕳️⚠️💔,💀😭⚠️🕳️😔,💀🕳️⚠️,💀😭😰⚠️💔,💀🕳️⚠️😭💊",1
242,"💀😭⚠️🕳️😔,💀🕳️⚠️,💀😭⚠️😔💔,💀🕳️⚠️😭💊,😠😤🤬💥⚠️",1
242,"💀🕳️⚠️,💀😭😰⚠️💔,💀🕳️⚠️😭💊,😠😤🤬💥⚠️,💀🔪⚠️😭",1
242,"💀😭😰⚠️💔,💀🕳️⚠️😭💊,😠😤🤬💥⚠️,💀🔪⚠️😭,💀😭😔⚠️🕳️",1
242,"💀🕳️⚠️😭💊,😠😤🤬💥⚠️,💀🔪⚠️😭,💀😭😔⚠️🕳️,💀😭🕳️⚠️💔",0
242,"😠😤🤬💥⚠️,💀🔪⚠️😭,💀😭😔⚠️🕳️,💀😭🕳️⚠️💔,💀⚠️🕳️😰🔪",1
242,"💀🔪⚠️😭,💀😭😔⚠️🕳️,💀😭🕳️⚠️😔,💀⚠️🕳️😰🚨,💀😰🕳️😭⚠️",1
242,"💀😭😔⚠️🕳️,💀😭🕳️⚠️😔,💀🕳️⚠️😰🔪,💀😰🕳️😭⚠️,💀🕳️😭⚠️😔",2
243,"💀🔪😭⚠️🕳️,💀🔪⚠️🕳️,💀😔🕳️😭⚠️,💀🔪😭😔⚠️,💀⚠️🚨🕳️😭",1
244,"😔💔😢,💀🕳️😭😔⚠️,😔💔😢,😔💔😢🕳️⚠️,😔💔😢",0
244,"💀🕳️😭😔⚠️,😔💔😢,😔💔😢🕳️⚠️,😔💔😢,💀😰🕳️😭⚠️",0
244,"😔💔😢,😔💔😢🕳️⚠️,😔💔😢,💀😰🕳️😭⚠️,😔💔😢",0
244,"😔💔😢🕳️⚠️,😔💔😢,💀😰🕳️😭⚠️,😔💔😢,😔💔😢😞",0
244,"😔💔😢,💀😰🕳️😭⚠️,😔💔😢,😔💔😢,😔💔😢",0
244,"💀😭⚠️😔💔,😔💔😢,😔💔😢,😔💔😢,💀🕳️😭😔💔",0
244,"😔💔😢,😔💔😢😞,😔💔😢,💀🕳️😭😔💔,😔💔😢",0
244,"😔💔😢,😔💔😢,💀🕳️😭😔💔,😔💔😢,😔💔😢",0
244,"😔💔😢,💀🕳️😭😔💔,😔💔😢,😔💔😢,😔💔🕳️😭⚠️",1
244,"💀🕳️😭😔💔,😔💔😢,😔💔😢,😔💔🕳️😭⚠️,💀😭🕳️⚠️😔",0
244,"😔💔😢,😔💔😢,💀🕳️😭😔💔,💀😭🕳️⚠️😔,😔💔😢😞🕳️",1
244,"😔💔😢,💀🕳️😭😔💔,💀😭🕳️⚠️😔,😔💔😢😞🕳️,💀😔😭⚠️🕳️",0
244,"💀🕳️😭😔💔,💀😭🕳️⚠️😔,😔💔😢😞🕳️,💀😔😭⚠️🕳️,😔💔😢",0
244,"💀😭🕳️⚠️😔,😔💔😢😞🕳️,💀😔😭⚠️🕳️,😔💔😢,😔💔😢",0
244,"😔💔😢😞🕳️,💀😔😭⚠️🕳️,😔💔😢,😔💔😢,😔💔😢😞🕳️",1
244,"💀😔😭⚠️🕳️,😔💔😢,😔💔😢,😔💔😢🕳️⚠️,💀😭🕳️⚠️",0
244,"😔💔😢,😔💔😢,😔💔😢😞🕳️,💀😭🕳️⚠️😔,😔💔😡😞⚠️",0
244,"😔💔😢,😔💔😢😞🕳️,💀😭🕳️⚠️😔,😔😡😖💔⚠️,😭😔💔⚠️🕳️",1
244,"😔💔😢🕳️⚠️,💀😭🕳️⚠️😔,😔💔😡😞⚠️,😭😔💔⚠️🕳️,💀😭🕳️⚠️😔",0
244,"💀😭🕳️⚠️😔,😔💔😡😞⚠️,😭😔💔⚠️🕳️,💀😭🕳️⚠️😰,😔💔😢😞⚠️",0
244,"😔😡😖💔⚠️,😭💔😔⚠️🕳️,💀😭🕳️⚠️😰,😔💔😢😞⚠️,😔💔😢😞🕳️",1
244,"😭💔😔⚠️🕳️,💀😭🕳️⚠️😰,😔💔😢😞🕳️,😔💔😢😞🕳️,💀😭🕳️⚠️🔪",0
244,"💀😭🕳️⚠️😰,😔💔😢😞⚠️,😔💔😢😞🕳️,💀😭🕳️⚠️🔪,😔😢😞",1
244,"😔💔😢😞🕳️,😔💔😢😞🕳️,💀😭🕳️⚠️🔪,😔😢😞,💀😰🕳️😭⚠️",1
244,"😔💔😢😞🕳️,💀😭🕳️⚠️🔪,😔😢😞,💀😰🕳️😭⚠️,💀😰😔💔⚠️",1
244,"💀😭🕳️⚠️🔪,😔😢😞,💀😰🕳️😭⚠️,💀😰😔💔⚠️,💀😰😔💔⚠️",0
244,"😔😢😞,💀😰🕳️😭⚠️,💀😰😔💔⚠️,💀😰😔💔⚠️,😔💔😢😞🕳️",0
244,"💀😰🕳️😭⚠️,💀😰😔💔⚠️,💀😰😔💔⚠️,😔💔😢😞🕳️,💀🕳️😭😔⚠️",2
244,"💀😰😔💔⚠️,💀😰😔💔⚠️,😔💔😢😞🕳️,💀🕳️😭😔⚠️,💀🔫🚨⚠️😭",0
244,"💀😰😔💔⚠️,😔💔😢😞🕳️,💀🕳️😭😔⚠️,💀🔫🚨⚠️😭,😔💔😞🕳️⚠️",1
244,"😔💔😢😞🕳️,💀🕳️😭😔⚠️,💀🔫🚨⚠️😭,😔💔😢😞🕳️,💀😭🕳️⚠️😔",1
244,"💀🕳️😭😔⚠️,💀🔫🚨⚠️😭,😔💔😞🕳️⚠️,💀😰🕳️😭⚠️,💀😭⚠️🕳️😔",0
244,"💀🔫🚨⚠️😭,😔💔😞🕳️⚠️,💀😭🕳️⚠️😔,💀😭⚠️🕳️😔,😔💔😢⚠️🕳️",1
244,"😔💔😞🕳️⚠️,💀😭🕳️⚠️😔,💀😭⚠️🕳️😔,😔💔😢⚠️🕳️,💀😰🕳️😭⚠️",1
244,"💀😭🕳️⚠️😔,💀😭😞⚠️🕳️,😔💔😢⚠️🕳️,💀😰🕳️😭⚠️,💀🕳️😭😔💔",1
244,"💀😭😞⚠️🕳️,😔💔😢⚠️🕳️,💀😰🕳️😭,💀🕳️😭😔💔,💀😭😡⚠️🕳️",2
244,"😔💔😢😞⚠️,💀😰🕳️😭⚠️,💀🕳️😭😔💔,💀😭⚠️🔪😡,💀🔪🚨😭⚠️",0
244,"💀😰🕳️😭⚠️,💀🕳️😭😔💔,💀😭😡⚠️🕳️,💀🔪🚨😭⚠️,😔💔😢😞⚠️",0
244,"💀🕳️😭😔💔,💀😭⚠️🔪😡,💀🔪🚨😭⚠️,😔💔😢😞⚠️,😭😔💔🕳️⚠️",2
244,"💀😭😡⚠️🕳️,💀🔪🚨😭⚠️,😔💔😢😞⚠️,😭😔💔🕳️⚠️,💀⚠️🕳️😭🔪",1
244,"💀🔪🚨😭⚠️,😔💔😢😞⚠️,😔💔😢😞⚠️,💀⚠️🕳️😭🔪,💀😭🕳️⚠️😰",2
244,"😔💔😢😞⚠️,😔💔😢😞⚠️,💀⚠️🕳️😭🔪,💀😭🕳️⚠️😰,💀⚠️🕳️😭",0
244,"😔💔😢😞⚠️,💀⚠️🕳️😭🔪,💀🕳️😭😰⚠️,💀⚠️🕳️😭🚨,💀🕳️😰😔😭",0
244,"💀⚠️🕳️😭🔪,💀😭🕳️⚠️😰,💀⚠️🕳️😭🚨,💀🕳️😰😔😭,😔💔😢😞🕳️",0
244,"💀😭🕳️⚠️😰,💀⚠️🕳️😭🚨,💀🕳️😰😭⚠️,😔💔😞🕳️😭,💀😔🕳️😭⚠️",0
244,"💀⚠️🕳️😭🚨,💀🕳️😰😭⚠️,😔💔😞🕳️⚠️,💀😔🕳️😭⚠️,😠😤😩😔💥",1
244,"💀🕳️😰😭⚠️,😔💔😢😞🕳️,💀😔🕳️😭⚠️,😠😤💥😔💀,💀😭⚠️😡💔",1
244,"😔💔😞🕳️😭,💀😔🕳️😭⚠️,😠😤💥😔💀,💀😭⚠️😡💔,💀😭🔪🌑",1
244,"💀😔🕳️😭⚠️,😠😤😩😔💥,💀😭😡⚠️🕳️,💀🔪😭⚠️,💀😭🔪⚠️😰",0
244,"😠😤😩😔💥,💀😭⚠️😡💔,💀🔪😭⚠️,💀🔪😭⚠️😰,😭💔😔⚠️🕳️",0
244,"💀😭⚠️😡💔,💀🔪😭⚠️,💀🔪😭⚠️😰,😭💔😔⚠️🕳️,😔💔😞🕳️⚠️",1
244,"💀🔪😭⚠️,💀🔪😭⚠️😰,😭💔😔⚠️🕳️,😔💔😢🕳️⚠️,💀🔪🚨😭⚠️",0
244,"💀🔪😭⚠️🚨,😭💔😔⚠️🕳️,😔💔😞🕳️⚠️,💀🔪🚨😭⚠️,😔💔😢😞⚠️",0
244,"💀🕳️😭😔,😔💔😞🕳️⚠️,💀🔪🚨😭⚠️,😔💔😢😞⚠️,💀⚠️🕳️😭🔪",0
244,"😔💔😢🕳️⚠️,💀🔪🚨😭⚠️,😔💔😢😞⚠️,💀⚠️🕳️😭🔪,😔💔😢😞🕳️",0
244,"💀🔪🚨😭⚠️,😔💔😞🕳️⚠️,💀⚠️🕳️😭🔪,😔💔😢😞🕳️,😔💔😢😞🕳️",0
244,"😔💔😢😞⚠️,💀⚠️🕳️😭🔪,😔💔😢😞🕳️,😔💔😢😞🕳️,😔💔😢😞🕳️",1
244,"💀⚠️🕳️😭🔪,😔💔😢😞🕳️,😔💔😢😞🕳️,😔💔😢😞🕳️,💀🔪🚨⚠️🕳️",0
244,"😔💔😢😞🕳️,😔💔😢😞🕳️,😔💔😢😞🕳️,💀🔪🚨⚠️🕳️,😔💔😭⚠️🕳️",1
244,"😔💔😢😞🕳️,😔💔😢😞🕳️,💀🔪⚠️🕳️😭,😔💔😭⚠️🕳️,💀😭😞⚠️🕳️",2
244,"😔💔😢😞🕳️,💀🔪🚨⚠️🕳️,😔💔😭⚠️🕳️,💀😭🕳️⚠️😔,💀🔪⚠️😰🕳️",1
244,"💀🔪🚨⚠️🕳️,😔💔😭⚠️🕳️,💀😭😞🕳️⚠️,💀🔪⚠️😰🕳️,💀😭🕳️😵",1
244,"😔💔😭⚠️🕳️,💀😭😞⚠️🕳️,💀🔪⚠️😰🕳️,💀😭🕳️😵,💀🔪🚨😭🕳️",1
244,"💀😭😞⚠️🕳️,💀🔪⚠️😭,💀😭🕳️😵,💀🔪🚨😭🕳️,💀😭🕳️⚠️😔",1
244,"💀🔪⚠️😰🕳️,💀😭🕳️😵,💀🔪🚨😭🕳️,💀😭🕳️⚠️😔,💀🔪⚠️😭🕳️",1
244,"💀😭🕳️😵,💀🔪🚨😭🕳️,💀😭🕳️⚠️😔,💀🔪⚠️😭🕳️,💀⚠️😰🕳️😭",1
244,"💀🔪🚨😭🕳️,💀😭🕳️⚠️😔,💀🔪⚠️😭🕳️,💀⚠️😰🕳️😭,💀⚠️😰🕳️😭",1
244,"💀😭🕳️⚠️😔,💀🔪⚠️😭🕳️,💀⚠️😰🕳️😭,💀⚠️😰🕳️😭,💀😭⚠️🕳️🚨",0
244,"💀🔪⚠️😭🕳️,💀⚠️😰🕳️😭,💀⚠️😰💥😔,💀😭⚠️🕳️🚨,💀🕳️😭😔💔",1
244,"💀⚠️😰🕳️😭,💀⚠️😰💥😔,💀😭⚠️🕳️🚨,💀🕳️😭😔💔,💀⚠️😭🔪😰",1
244,"💀⚠️😰🕳️😭,💀😭⚠️🕳️🚨,💀🕳️😭😔💔,💀⚠️😭🔪😰,💀🚗⚠️😰🕳️",0
244,"💀😭⚠️🕳️🚨,💀🕳️😭😔💔,💀⚠️😭🔪😰,💀🚗⚠️😰🕳️,💀🕳️😭😔💔",1
244,"💀🕳️😭😔💔,💀⚠️😭🔪😰,💀🚗⚠️😰🕳️,💀🕳️😭😔💔,💀🔪😭🚨",0
244,"💀⚠️😭🔪😰,💀🚗⚠️😰🕳️,💀🕳️😭😔💔,💀🔪🚨😭⚠️,💀😭🕳️⚠️😔",1
244,"💀🚗⚠️😭🕳️,💀🕳️😭😔⚠️,💀🔪🚨😭⚠️,💀😭🕳️⚠️😔,💀🔪🚨😭🕳️",1
244,"💀🕳️😭😔💔,💀🔪🚨😭⚠️,💀😭🕳️⚠️😔,💀🔪🚨😭🕳️,💀🔪🚨⚠️😭",0
244,"💀🔪🚨😭⚠️,💀😭🕳️⚠️😔,💀🔪🚨😭🕳️,💀🔪🚨⚠️😭,😔💔😢🕳️⚠️",1
244,"💀😭🕳️⚠️😔,💀🔪🚨😭🕳️,💀🔪🚨⚠️😭,😔💔😭⚠️🕳️,💀🔪⚠️😭",0
244,"💀🔪🚨😭🕳️,💀🔪🚨⚠️😭,😔💔😭⚠️🕳️,💀🔪⚠️😭,💀⚠️😰🕳️😭",0
244,"💀🔪🚨⚠️😭,💀🕳️😭😔💔,💀🔪🚨😭⚠️,💀⚠️😰🕳️😭,😔💔😢",1
244,"😔💔😭⚠️🕳️,💀⚠️🔪😭,💀⚠️😰🕳️😭,😔💔😢,💀🔪🚨⚠️😭",1
244,"💀🔪🚨😭⚠️,😡💥⚠️😰💀,😔💔😢,💀🔪🚨😭⚠️,💀😭🔪🕳️",0
244,"💀⚠️😰🕳️😭,😔💔😢,💀🔪🚨⚠️😭,💀😭🔪🕳️,😔💔😢🕳️⚠️",0
244,"😔💔😢,💀🔪🚨⚠️😭,💀😭🔪🕳️,😔💔😢🕳️⚠️,😰🕳️😭😔⚠️",1
244,"💀🔪🚨⚠️😭,💀😭🔪🕳️,😔💔😢🕳️⚠️,😰🕳️😭😔⚠️,💀🕳️⚠️😭🔪",1
244,"💀😭🔪🕳️,😔💔😢🕳️⚠️,😰🕳️😭😔⚠️,💀🕳️😭⚠️🔪,💀🔫🚨⚠️😭",1
244,"😔💔😢🕳️⚠️,😰🕳️😭😔💔,💀🕳️⚠️😭🔪,💀🔫🚨⚠️😭,💀🔫🚨⚠️😭",1
244,"😰🕳️😭😔⚠️,💀🕳️😭⚠️🔪,💀🔫🚨⚠️😭,💀🔫🚨⚠️😭,💀🔪⚠️😰🕳️",0
244,"💀🕳️⚠️😭🔪,💀🔫🚨⚠️😭,💀🔫🚨⚠️😭,💀🔪⚠️😰🕳️,😔💔😢😞🕳️",1
244,"💀🔫🚨⚠️😭,💀🔫🚨⚠️😭,💀🔪⚠️😰🕳️,😔💔😢😞🕳️,💀🔪😭⚠️",1
244,"💀🔫🚨⚠️😭,💀🔪⚠️😰🕳️,😔💔😢😞🕳️,💀🔪😭⚠️,💀😭🕳️⚠️😔",1
244,"💀🔪⚠️😰🕳️,😔💔😢😞🕳️,💀🔪😭⚠️🚨,💀😭🕳️⚠️😔,💀😰🕳️😭⚠️",1
244,"😔💔😢😞🕳️,💀🔪😭⚠️,💀😭🕳️⚠️😔,💀😰🕳️😭⚠️,💀🔪🚨⚠️🕳️",1
244,"💀🔪😭⚠️,💀😭🕳️⚠️😔,💀😰🕳️😭⚠️,💀🔪🚨⚠️🕳️,💀🔪🚨⚠️🕳️",1
244,"💀😭🕳️⚠️😔,💀😰🕳️😭⚠️,💀🔪🚨⚠️🕳️,💀🔪🚨⚠️🕳️,💀🔪⚠️😭😰",1
244,"💀😰🕳️😭⚠️,💀🔪🚨⚠️🕳️,💀🔪🚨🕳️😭,💀🔪⚠️😭😰,💀😰🕳️😭⚠️",1
244,"💀🔪🚨⚠️🕳️,💀🔪🚨⚠️🕳️,💀🔪⚠️😭🕳️,💀😰🕳️😭⚠️,💀🔪😭⚠️🕳️",0
244,"💀🔪🚨⚠️🕳️,💀🔪⚠️😭😰,💀😰🕳️😭⚠️,💀🔪😭⚠️🕳️,😔💔😢😞⚠️",0
244,"💀🔪⚠️😭😰,💀😰🕳️😭⚠️,💀🔪😭⚠️🕳️,😔💔😢😞⚠️,😔💔😢😞🕳️",2
244,"💀😰🕳️😭⚠️,💀🔪😭⚠️🕳️,😔💔😢😞⚠️,😔💔😢😞🕳️,💀💣⚠️🕳️😰",2
244,"💀🔪😭⚠️🕳️,😔💔😢😞⚠️,😔💔😢😞🕳️,💀💣⚠️🕳️😰,💀💣🚨😭⚠️",0
244,"😔💔😢😞⚠️,😔💔😢😞🕳️,💀💣⚠️🕳️😰,💀💣🚨⚠️🕳️,😔💔😢😞🕳️",1
244,"😔💔😢😞🕳️,💀💣⚠️🕳️😰,💀💣🚨⚠️🕳️,😔💔😢😞🕳️,💀🕳️⚠️😭🔪",1
244,"💀💣⚠️🕳️😰,💀💣🚨⚠️🕳️,😔💔😢😞🕳️,💀🕳️😭⚠️🔪,💀😭🕳️⚠️😔",1
244,"💀💣🚨😭🕳️,😔💔😢😞⚠️,💀🕳️😭⚠️🔪,💀😭🕳️⚠️😔,💀🔪⚠️😭😡",1
244,"😔💔😢😞🕳️,💀😰🕳️😭⚠️,💀😭🕳️⚠️😔,💀⚠️😭🔪😰,💀😭🕳️⚠️😔",1
244,"💀🕳️😭⚠️🔪,💀😭🕳️⚠️😔,💀🔪⚠️😭😡,💀😭⚠️🕳️😔,💀😭⚠️🕳️😔",1
244,"💀😭🕳️⚠️😔,💀⚠️😭🔪😰,💀😭🕳️⚠️😔,💀😭⚠️🕳️😔,💀😭🕳️⚠️😔",1
244,"💀🔪⚠️😭😡,💀😭⚠️🕳️😔,💀😭⚠️🕳️😔,💀😭⚠️🕳️😔,💀😭😔🕳️⚠️",1
244,"💀😭🕳️⚠️😔,💀😭🕳️⚠️😔,💀😭⚠️🕳️😔,💀😭🕳️⚠️😔,💀😭🕳️😔💔",1
244,"💀😭🕳️⚠️😔,💀😭🕳️⚠️😔,💀😭😔🕳️⚠️,💀😭🕳️⚠️😔,💀😭🕳️⚠️😔",1
244,"💀😭🕳️⚠️😔,💀😭🕳️⚠️😔,💀😭🕳️⚠️😔,💀😭🕳️😔💔,💀😭🕳️😔💔",1
244,"💀😭🕳️😔💔,💀😭🕳️⚠️😔,💀😭🕳️😔💔,💀😭🕳️⚠️😔,💀😭😰⚠️🕳️",1
244,"💀😭🕳️😔💔,💀😭🕳️😔💔,💀😭🕳️⚠️😔,💀😭😰⚠️🕳️,💀😭😞💔⚠️",1
244,"💀😭🕳️😔💔,💀😭🕳️⚠️😔,💀😭😰⚠️🕳️,💀😭😞💔⚠️,💀😭🕳️⚠️😔",1
244,"💀😭🕳️😔💔,💀😭😰⚠️🕳️,💀😭😞💔⚠️,💀😭🕳️⚠️😔,💀🔪😭⚠️🚨",1
244,"💀😭⚠️🕳️😔,💀😭😞💔⚠️,💀😭🕳️😔🚨,💀😭⚠️🔪,💀🔪🚨😭⚠️",1
244,"💀😭😞💔⚠️,💀😭🕳️😔🚨,💀🔪😭⚠️🕳️,💀🔪🚨😭⚠️,💀🔪🚨😭⚠️",2
244,"💀😭🕳️😔🚨,💀🔪😭⚠️🕳️,💀🔪🚨😭⚠️,💀🔪🚨😭⚠️,💀📝⚠️🕳️😭",2
244,"💀😭⚠️🔪,💀🔪🚨😭⚠️,💀🔪🚨😭⚠️,💀📝⚠️🕳️😭,💀📝⚠️🕳️😭",1
244,"💀🔪🚨😭⚠️,💀🔪🚨😭⚠️,💀📝⚠️🕳️😭,💀🕳️⚠️😭🔪,💀⚠️🔪😭",0
244,"💀🔪🚨😭⚠️,💀📝⚠️🕳️😭,💀📝⚠️🕳️😭,💀⚠️🔪😭,💀🕳️😭😔💔",0
244,"💀📝🌊😠⚠️,💀📝🌊😠⚠️,💀⚠️🔪😭,💀🕳️😭😔💔,😔💔😢",1
246,"💀💊😭🕳️⚠️,💀😭🕳️⚠️💔,💀🕳️😭😔⚠️,💀🕳️😭😔⚠️,💀🕳️😭⚠️😔",1
246,"💀😭🕳️⚠️💔,💀🕳️😭😔⚠️,💀🕳️😭😔⚠️,💀🕳️😭⚠️😔,💀🕳️😭😔⚠️",1
246,"💀😭🕳️⚠️😔,💀🕳️😭😔⚠️,💀🕳️😭⚠️😔,💀🕳️😭😔⚠️,💀🕳️😭😔⚠️",0
246,"💀🕳️😭😔⚠️,💀🕳️😭⚠️😔,💀🕳️😭😔⚠️,💀🕳️😭😔⚠️,😔💔😢😞",1
246,"💀😭⚠️🕳️😔,💀🕳️😭😔⚠️,💀🕳️😭😔⚠️,😔💔😢😞,💀🕳️😭⚠️🚨",1
247,"💀⚠️🕳️😭🔪,💀🕳️😭😔⚠️,💀💊🔪⚠️,💀🕳️😭😔⚠️,😔💊💪✨",1
247,"💀🕳️😭😔💔,💀💊🔪⚠️,💀😔🕳️😭⚠️,😔💊💪✨,💀🔪🚨⚠️🕳️",2
247,"💀💊🔪⚠️,💀🕳️😭😔⚠️,😔💊💪✨,💀🔪🚨⚠️🕳️,💀⚠️🕳️😭⚰️",2
247,"💀😭🕳️⚠️😔,😔💊💪✨,💀🔪🚨💊⚠️,💀🕳️⚠️😭⚰️,💀🕳️😭⚠️💔",0
247,"😔💊💪✨,💀🔪🚨⚠️🕳️,💀⚠️🕳️😭⚰️,💀🕳️😭⚠️🔪,😔💔😢🕳️⚠️",0
248,"💀🕳️😰🔪😭,💀😭😰⚠️💔,💀💊🔪😭⚠️,💀⏳⚠️🕳️😭,💀🔪🕳️😭",0
248,"💀😭😰⚠️💔,💀💊🔪🕳️🚨,💀⏳⚠️🕳️😭,💀🔪🕳️😭,💀⚠️🕳️😭🚨",1
248,"💀💊🔪😭⚠️,💀⏳⚠️🕳️😭,💀🔪🕳️😭,💀⚠️🕳️🚨😭,💀🔪🚨⚠️🕳️",1
248,"💀⏳⚠️🕳️😭,💀🔪🕳️😭,💀⚠️🚨🕳️😭,💀⚠️🔪🕳️,💀🕳️😰🩸😵",1
248,"💀🔪🕳️😭,💀⚠️🚨🕳️😭,💀⚠️🔪🕳️,💀🕳️😰🩸😵,💀😭🕳️🚨",1
248,"💀⚠️🕳️🚨😭,💀⚠️🔪🕳️,💀🕳️😰🩸😵,💀😭🕳️🚨🛏️,💀😭⚠️🕳️",1
248,"💀🔪🚨⚠️🕳️,💀🕳️😰🩸😵,💀🕳️😭🚨,💀😭⚠️🕳️,💀😭🕳️⚠️😔",1
248,"💀🕳️😰🩸😵,💀😭🕳️🚨,💀😭⚠️🕳️,💀😭🕳️⚠️😔,💀🕳️😭🔪🚨",0
248,"💀🕳️😭🚨,💀😭⚠️🕳️,💀🕳️😭😔⚠️,💀🕳️😭🔪🚨,💀😰🕳️😭⚠️",2
248,"💀😭⚠️🕳️,💀🕳️😭😔⚠️,💀🕳️😭⚠️🔪,💀😰🕳️😭⚠️,💀🔪😭⚠️🕳️",2
250,"💀🔪⚠️😭🕳️,💀🕳️🔪😭⚠️,💀💊🔪😭,💀🕳️😰😭⚠️,💀🕳️🚨🔪⚰️",1
250,"💀🔪⚠️🕳️😭,💀💊🔪😭,💀🕳️😰😭⚠️,💀🕳️🚨🔪⚰️,💀⚠️🕳️😰❄️",1
250,"💀💊🔪😭,💀🕳️😰😭⚠️,💀🕳️🔪🚨😭,💀⚠️🕳️😰❄️,💀🕳️😰⚠️😭",1
250,"💀🕳️😭😰🌑,💀🕳️🚨⚰️🥶,💀⚠️🕳️😰🥶,💀🕳️😰⚠️😭,😔💔😢🕳️",3
250,"💀🕳️🚨⚰️🥶,💀⚠️🕳️😰🥶,💀🕳️😰⚠️😭,😔💔😰🕳️😭,💀🔪⚠️🕳️😭",0
250,"💀⚠️🕳️😰🥶,💀🕳️😰⚠️😭,😔💔😰🕳️😭,💀🔪⚠️🕳️😭,💀😭⚠️😔🕳️",0
250,"💀🕳️😰⚠️😭,😔💔😢🕳️,💀🔪⚠️🕳️😭,💀😭⚠️😔🕳️,💀😭⚠️🕳️😔",0
250,"😔💔🕳️😭,💀🔪⚠️🕳️😭,💀😰🕳️😭⚠️,💀😭⚠️🕳️😔,💊😔😞⚠️",1
250,"💀🔪⚠️🕳️😭,💀😰🕳️😭⚠️,💀😰🕳️😭⚠️,💊😔😞⚠️,💀🕳️😰😔⚠️",1
250,"💀😭⚠️😔🕳️,💀😰🕳️😭⚠️,💊😔😞⚠️,💀🕳️😰😔⚠️,💀🚨😭⚠️",2
250,"💀😭😰⚠️🕳️,💊😔😞⚠️,💀🕳️😰😔💔,💀⚠️😭🕳️,💀🔫⚠️🕳️😰",2
250,"💊😔😞⚠️,💀🕳️😰😔⚠️,💀🚨😭⚠️,💀🔫⚠️🕳️😰,💀🔫⚠️🕳️😰",1
250,"💀🕳️😰😔⚠️,💀⚠️😭🕳️,💀🔫⚠️🕳️😰,💀🔫⚠️🕳️😰,💀🕳️😰😭⚠️",0
250,"💀⚠️😭🕳️,💀🔫⚠️🕳️😰,💀🔫⚠️🕳️😰,💀🕳️😰😭⚠️,😔😞😩🕳️",0
250,"💀🔫⚠️🕳️😰,💀🔫⚠️🕳️😰,💀🕳️😰😭⚠️,😔😞😩🕳️⚠️,😔😢😞💔😭",0
250,"💀🔫⚠️🕳️😰,💀🕳️😰😭⚠️,😔😞😩🕳️,😔😢😞💔😭,💀🕳️😭⚠️🌑",0
250,"💀🕳️😰😭⚠️,😔😞😩🕳️,😔😢😞💔😭,💀🕳️😭⚠️🌑,😔💔😢",0
250,"😔😞😩🕳️,😔😢😞😩💔,💀🕳️😭⚠️🌑,😔💔😢,😔💔😞⚠️🕳️",0
250,"😔😢😞💔😭,💀🕳️😭⚠️🌑,😔💔😢,😔💔😞⚠️,💀🕳️😰😭⚠️",1
250,"💀🕳️😭⚠️🌑,😔💔😢,😔💔😞⚠️,💀🕳️😰😭⚠️,💀🕳️😭⚠️",1
250,"😔💔😢,😔💔😞⚠️,💀🕳️😰😭⚠️,💀🕳️😭⚠️,💀🕳️😭😔⚠️",0
250,"😔💔😞⚠️🕳️,💀🕳️😰😭⚠️,💀🕳️😭⚠️,💀🕳️😭⚠️,💀⚠️🕳️😰🚨",0
250,"💀🕳️😰😭⚠️,💀🕳️😭⚠️,💀🕳️😭⚠️😔,💀⚠️🕳️😰🚨,💀🕳️😭⚠️",0
250,"💀😰🌑😭⚠️,💀🕳️😭⚠️,💀⚠️🕳️😰🚨,💀🕳️😭⚠️,💀⚠️🕳️😭",0
250,"💀🕳️😭⚠️,💀⚠️🕳️😰🚨,💀🕳️😭⚠️,💀⚠️🕳️😭,😰🕳️⚠️",2
251,"💀🕳️😭😔⚠️,💀🕳️😭😔⚠️,💀😭🕳️⚠️😔,💀🕳️🚨😭⚠️,💀🕳️😭😔💔",2
251,"💀😔🕳️😭⚠️,💀😭🕳️⚠️😔,💀🕳️🚨😭⚠️,💀🕳️😭😔💔,💀😭🔪⚠️",1
251,"💀😭🕳️⚠️😔,💀🕳️🚨😭⚠️,💀🕳️😭😔💔,💀😭🔪⚠️,💀🕳️😭⚠️",1
251,"💀🕳️😭⚠️🔪,💀🕳️😭😔💔,💀😭🔪⚠️,💀🕳️😭⚠️,💀😰⚠️😭😔",1
251,"💀🕳️😭😔💔,💀😭🔪⚠️,💀🕳️😭⚠️,💀😰⚠️😭😔,💀😰🕳️😭⚠️",1
251,"💀😭🔪⚠️,💀🕳️😭⚠️,💀😰⚠️😔💔,💀😰🕳️😭⚠️,💀😭⚠️🕳️",2
251,"💀🕳️😭⚠️,💀😰⚠️😔💔,💀😰🕳️😔💔,💀😭⚠️🕳️😰,💀😭⚠️🕳️💊",1
251,"💀😰⚠️😔💔,💀😰🕳️😭⚠️,💀😭⚠️🕳️😰,💀😭⚠️🕳️💊,💀🕳️😰😭⚠️",1
251,"💀😰🕳️😭⚠️,💀😭⚠️🕳️😰,💀😭⚠️🕳️💊,💀🕳️😰😭⚠️,💀😭⚠️🕳️💊",2
251,"💀😭⚠️🕳️😰,💀😭⚠️🕳️💊,💀🕳️😰😭⚠️,💀😭⚠️🕳️💊,💀🕳️😰⚠️😭",1
251,"💀😭⚠️🕳️💊,💀🕳️😰😭⚠️,💀😭⚠️🕳️💊,💀🕳️😰⚠️😭,💀🕳️😭💊⚠️",2
251,"💀🕳️😰😭⚠️,💀😭⚠️🕳️💊,💀🕳️😰⚠️😭,💀🕳️😭💊⚠️,💀🕳️😭⚠️💊",1
251,"💀😭⚠️🕳️💊,💀🕳️😰⚠️😭,💀🕳️😭⚠️😔,💀🕳️😭⚠️💊,💀🕳️😭⚠️💊",1
251,"💀🕳️😰⚠️😭,💀🕳️😭💊⚠️,💀🕳️😭⚠️💊,💀🕳️😭⚠️💊,💀🕳️😭⚠️💊",1
251,"💀🕳️😭💊⚠️,💀🕳️😭⚠️💊,💀🕳️😭⚠️💊,💀🕳️😭⚠️💊,💀🕳️😭⚠️💊",1
251,"💀🕳️😭⚠️💊,💀🕳️😭⚠️💊,💀🕳️😭⚠️💊,💀🕳️😭⚠️💊,💀🕳️😭⚠️💊",1
251,"💀🕳️😭⚠️💊,💀🕳️😭⚠️💊,💀🕳️😭⚠️💊,💀🕳️😭⚠️💊,💀🕳️😭⚠️💊",3
251,"💀🕳️😭⚠️💊,💀🕳️😭⚠️💊,💀🕳️😭⚠️💊,💀🕳️😭⚠️💊,💀🕳️😰😔💔",3
251,"💀🕳️😭⚠️💊,💀🕳️😭⚠️💊,💀🕳️😭⚠️💊,💀😰🕳️😭⚠️,💀🕳️😭⚠️🔪",3
251,"💀🕳️😭⚠️💊,💀🕳️😭⚠️💊,💀🕳️😰😔💔,💀🕳️😭⚠️🔪,💀⚠️🕳️😭💊",1
251,"💀🕳️😭⚠️💊,💀😰🕳️😭⚠️,💀😭🔪⚠️🕳️,💀⚠️🕳️😭💊,💀😭😔💔",0
251,"💀😰🕳️😭⚠️,💀🕳️😭⚠️🔪,💀⚠️🕳️😭💊,💀😭😔💔,😭😔⚠️💔😰",2
251,"💀🕳️😭⚠️🔪,💀⚠️🕳️😭💊,💀😭😔💔,😭😔⚠️💔😰,💀🔪😰🕳️⚠️",1
251,"💀⚠️🕳️😭💊,💀😭😔💔,😭😔⚠️💔😢,💀🔪😰⚠️😭,💀🕳️😭⚠️😔",1
251,"💀😭😔💔,😭😔⚠️💔😢,💀🔪😰⚠️😭,💀🕳️😭⚠️😔,💀😰🕳️😭⚠️",1
251,"😭😔⚠️💔😢,💀🔪😰⚠️😭,💀🕳️😭⚠️😔,💀😰🕳️😭⚠️,💀🕳️😭😞⚠️",1
251,"💀🔪😰🕳️⚠️,💀🕳️😭⚠️😔,💀😰🕳️😭⚠️,💀🕳️😭😞⚠️,💀😰🕳️😭⚠️",1
251,"💀🕳️😭⚠️😔,💀🕳️😰😭⚠️,💀🕳️😭😞⚠️,💀😰🕳️😭⚠️,💀😰🕳️😭⚠️",1
251,"💀🕳️😰😭⚠️,💀🕳️😭😞⚠️,💀😰🕳️😭⚠️,💀😰🕳️😭⚠️,💀😰🕳️😭⚠️",1
251,"💀🕳️😭😞⚠️,💀😰🕳️😭⚠️,💀😰🕳️😭⚠️,💀😰🕳️😭⚠️,💀🕳️😭⚠️",1
251,"💀😰🕳️😭⚠️,💀😰🕳️😭⚠️,💀😰🕳️😭⚠️,💀🕳️😰😭⚠️,💀😴⚠️🕳️😭",1
251,"💀😰🕳️😭⚠️,💀😰🕳️😭⚠️,💀🕳️😰😭⚠️,💀🕳️😰⚠️😭,💀🔪🚨😭⚠️",1
251,"💀😰🕳️😭⚠️,💀🕳️😰😭⚠️,💀😴⚠️🕳️😭,💀🔪🚨😭⚠️,💀😔🕳️😭⚠️",1
251,"💀🕳️😰😭⚠️,💀😴⚠️🕳️😭,💀🔪🚨😭⚠️,💀😔🕳️😭⚠️,💀😭⚠️😔🧠",1
251,"💀😴⚠️🕳️😭,💀🔪🚨😭⚠️,💀😔🕳️😭⚠️,💀😭⚠️😔🧠,💀🕳️😭⚠️",1
251,"💀🔪🚨😭⚠️,💀😔🕳️😭⚠️,💀😭⚠️😔🧠,💀🕳️😭⚠️🔪,💀😭🕳️⚠️💊",1
251,"💀😔🕳️😭⚠️,💀😭⚠️😔🧠,💀🕳️😭⚠️🔪,💀😭🕳️⚠️💊,💀😭⚠️🕳️💊",0
251,"💀😭⚠️😔🧠,💀🕳️😭⚠️🔪,💀😭🕳️⚠️💊,💀😭⚠️🕳️💊,😭😰⚠️💔😔",0
251,"💀🕳️😭⚠️🔪,💀😭🕳️⚠️💊,💀😭⚠️😖💊,😭😰⚠️💔😔,😭😔💀⚠️🕳️",1
251,"💀😭🕳️⚠️😔,💀😭⚠️🕳️💊,😭😰⚠️💔😔,😭😔💀⚠️🕳️,💀😭⚠️😔💔",1
251,"💀😭⚠️😖💊,😭😰⚠️💔😔,😭😔💀⚠️🕳️,💀😭⚠️😔💔,💀⚠️😰🕳️💊",1
251,"😭😰⚠️💔😔,😭😔💀⚠️🕳️,💀😭⚠️😔💔,💀🔪⚠️😰🕳️,💀🕳️😭⚠️😰",0
251,"😭😔💀⚠️🕳️,💀😭⚠️😔💔,💀⚠️😰🕳️💊,💀😰🕳️😭⚠️,💀🕳️😭⚠️😔",2
251,"💀😭⚠️😔💔,💀⚠️😰🕳️💊,💀🕳️😭⚠️😰,💀🕳️😭⚠️😔,💀💊😰⚠️🕳️",1
251,"💀🔪⚠️😰🕳️,💀🕳️😭⚠️😖,💀🕳️😭⚠️😔,💀💊😰⚠️🕳️,💀😰🕳️⚠️",1
251,"💀😰🕳️😭⚠️,💀🕳️😭⚠️😔,💀💊😰⚠️🕳️,💀😰🕳️⚠️,💀🕳️😭⚠️😖",0
251,"💀🕳️😭⚠️😔,💀💊😰⚠️🕳️,💀😰🕳️⚠️,💀🕳️😭⚠️😖,💊😰🕳️😭⚠️",1
251,"💀💊😰⚠️🕳️,💀😰🕳️⚠️,💀🕳️😭⚠️😖,💊😰🕳️😭⚠️,💀😰🕳️😭⚠️",2
251,"💀😰🕳️⚠️,💀🕳️😭⚠️😖,💊😰🕳️😭⚠️,💀😰🕳️⚠️😭,💀💊😰🕳️⚠️",1
251,"💀🕳️😭⚠️😖,💊😰🕳️😔💔,💀😰🕳️⚠️😭,💀💊😰🕳️,💀😰🕳️😭⚠️",1
251,"💊😰🕳️😭⚠️,💀😰⚠️😭😔,💀💊😰🕳️,💀😰🕳️😭⚠️,💀😰🕳️😭⚠️",1
251,"💀😰🕳️⚠️😭,💀💊⚠️😭🕳️,💀😰🕳️😭⚠️,💀😰🕳️😭⚠️,💀🕳️⚠️😭😰",1
251,"💀💊⚠️😭🕳️,💀😰🕳️😭⚠️,💀😰🕳️😭⚠️,💀🕳️⚠️😰💊,💀🕳️⚠️😰💊",0
251,"💀😰🕳️😭⚠️,💀😰🕳️😭⚠️,💀🕳️⚠️😰💊,💀🕳️⚠️😰💊,💀⚠️🕳️😭🚨",1
251,"💀😰🕳️😭⚠️,💀🕳️⚠️😭,💀🕳️⚠️😭💊,💀⚠️🕳️😭🚨,💀🕳️⚠️😭",1
251,"💀🕳️⚠️😰💊,💀🕳️⚠️😰💊,💀⚠️🕳️😭🚨,💀🕳️⚠️😰💊,💀🕳️😭😔💔",1
251,"💀🕳️⚠️😰💊,💀⚠️🕳️😭😰,💀🕳️⚠️😭,💀🕳️😭😔💔,💀😰🕳️😭⚠️",1
251,"💀⚠️🕳️😭🚨,💀🕳️⚠️😰💊,💀😔🕳️😭⚠️,💀😰🕳️😭⚠️,💀😭😔💔⚠️",1
251,"💀🕳️⚠️😭,💀🕳️😭😔💔,💀😰🕳️😭⚠️,💀😭😔💔⚠️,💀⚠️😭😔",1
251,"💀🕳️😭😔⚠️,💀😰🕳️😭⚠️,💀😭💔⚠️😔,💀⚠️😰💊,💀😭😰⚠️💔",1
251,"💀😰🕳️😭⚠️,💀😭💔⚠️😔,💀⚠️😭😔,😭😰💀⚠️😔,💀🕳️😭⚠️😔",1
251,"💀😭💔⚠️😔,💀⚠️😰💊,😭😰💀⚠️😔,💀🕳️😭⚠️,💀⚠️😰🕳️😭",2
251,"💀⚠️😭😔,😭😰💀⚠️😔,💀🕳️😭⚠️😔,💀⚠️😰🕳️😭,💀🔪😭⚠️🕳️",2
251,"💀😭😰⚠️💔,💀🕳️😭⚠️😔,💀⚠️😰🕳️😭,💀🔪😭⚠️🕳️,💀🕳️🚨😭⚠️",1
251,"💀🕳️😭⚠️,💀⚠️😰🕳️😭,💀🔪😭⚠️🕳️,💀🕳️🚨😭⚠️,💀🔪😭⚠️🕳️",1
251,"💀⚠️😰🕳️😭,💀🔪😭⚠️🕳️,💀🕳️🚨😭⚠️,💀🔪😭⚠️🕳️,💀🔪⚠️😭🕳️",1
251,"💀🔪😭⚠️🕳️,💀🕳️🚨😭⚠️,💀🔪😭⚠️🕳️,💀🔪🕳️😭,💀😭⚠️🕳️😞",2
251,"💀🕳️🚨😭⚠️,💀🔪😭⚠️🕳️,💀🔪🕳️😭,💀😭⚠️🕳️,💀🔪🕳️😭🚨",2
251,"💀🔪😭⚠️🕳️,💀🔪⚠️😭,💀😭⚠️🕳️😰,💀🔪🕳️😭🚨,💀🕳️🔪💊😭",2
251,"💀🔪⚠️😭,💀😭⚠️🕳️😔,💀🕳️🔪😭,💀🕳️🔪💊😭,💀🕳️⚠️😭🌑",1
251,"💀😭⚠️🕳️😰,💀🔪🕳️😭⚠️,💀🕳️🔪💊😭,💀🕳️⚠️😭🌑,💀😭⚠️🕳️💔",1
251,"💀🕳️🔪😭,💀🕳️🔪💊😭,💀🕳️⚠️😭🌑,💀😭⚠️🕳️💔,💀🕳️😭⚠️💊",2
251,"💀🕳️🔪💊😭,💀🕳️⚠️😭🌑,💀😭⚠️🕳️💔,💀🕳️😭⚠️💊,💀🕳️⚠️😭🌑",1
251,"💀🕳️⚠️😭🌑,💀😭⚠️🕳️💔,💀🕳️😭⚠️💊,💀🕳️⚠️😭🕯️,💀🕳️😭⚠️🔪",2
251,"💀😭⚠️🕳️💔,💀🕳️😭⚠️💊,💀🕳️⚠️😭🌑,💀🕳️😭⚠️🔪,💀🕳️😭⚠️🔪",2
251,"💀🕳️😭⚠️💊,💀🕳️⚠️😭🌑,💀🕳️😭⚠️🔪,💀🕳️😭⚠️🔪,💀🔫⚠️😭🌑",1
251,"💀🕳️⚠️😭🌑,💀🕳️😭⚠️🔪,💀🕳️😭⚠️🔪,💀🔫⚠️😭🕳️,💀🕳️😭⚠️",1
252,"💀🕳️⚠️🚨😭,💀😭⚠️🕳️,💀⚠️🔪🕳️,💀🕳️⚠️😭🚨,💀😰🕳️😭⚠️",3
252,"💀😭⚠️🕳️,💀⚠️🔪🕳️,💀🕳️⚠️😭🚨,💀😰🕳️😭⚠️,💀🔪⚠️🕳️😭",1
252,"💀⚠️🔪🕳️,💀🕳️⚠️😭🚨,💀😰🕳️😭⚠️,💀🔪⚠️🕳️😭,💀😭⚠️🕳️💊",1
252,"💀🕳️⚠️😭🚨,💀😰🕳️😭⚠️,💀🔪⚠️🕳️😭,💀😭⚠️🕳️💊,💀🕳️⚠️😭😔",3
252,"💀😰🕳️😭⚠️,💀🔪⚠️🕳️😭,💀😭🕳️⚠️💊,💀🕳️⚠️😭😔,💀🕳️⚠️😭💊",2
252,"💀🔪⚠️🕳️😭,💀😭😞💊⚠️,💀🕳️⚠️😭😔,💀🕳️⚠️😭💊,😔💊⚠️",1
252,"💀😭🕳️⚠️💊,💀🕳️⚠️😭😔,💀🕳️⚠️😭💊,😔💊⚠️,💀😭🕳️⚠️",1
252,"💀🕳️⚠️😭😔,💀🕳️⚠️😭💊,😔💊⚠️,💀😭🕳️⚠️,💀🕳️⚠️😭😰",1
252,"💀🕳️⚠️😭💊,😔💊⚠️,💀😭🕳️⚠️,💀🕳️⚠️😭😰,💀😰🕳️😭⚠️",1
252,"😔💊⚠️,💀😭🕳️⚠️,💀🕳️⚠️😭😰,💀🕳️😰😭⚠️,💀😭⚠️🕳️😖",1
252,"💀😭🕳️⚠️,💀🕳️⚠️😭😰,💀🕳️😰😭⚠️,💀😭⚠️🕳️😖,💀🕳️😭⚠️😰",0
252,"💀🕳️⚠️😭😰,💀🕳️😰😭⚠️,💀😭⚠️🕳️😖,💀🕳️😭⚠️😰,💀😭🕳️⚠️😔",2
252,"💀😰🕳️😭⚠️,💀😭⚠️🕳️😖,💀🕳️😭⚠️😔,💀😭🕳️⚠️😔,💊💀⚠️😰🕳️",3
252,"💀😭⚠️🕳️😖,💀🕳️😭⚠️😔,💀🕳️😭😔💔,💊💀⚠️😰🕳️,💀⚠️🕳️😭😖",0
252,"💀🕳️😭⚠️😰,💀🕳️😭😔💔,💊💀⚠️😰🕳️,💀⚠️🕳️😭,💀⚠️😰🕳️",1
252,"💀🕳️😭😔⚠️,💊💀⚠️😰🕳️,💀⚠️🕳️😭,💀⚠️😰🕳️,💀😭🕳️⚠️😔",1
252,"💊💀⚠️😰🕳️,💀⚠️🕳️😭,💀⚠️😰🕳️😭,💀😭🕳️⚠️😔,💀😭🕳️🚨",1
252,"💀⚠️🕳️😭,💀⚠️😰🕳️😭,💀😭🕳️⚠️😔,💀😭🕳️🚨,💀😰🕳️😭⚠️",1
252,"💀⚠️😰🕳️😭,💀😭🕳️⚠️😔,💀😭🕳️🚨,💀😰🕳️😭⚠️,💀🔪😭⚠️",0
252,"💀😭🕳️⚠️😔,💀😭🕳️🚨,💀😰🕳️😭⚠️,💀🔪😭⚠️,💀🕳️⚠️",1
252,"💀😭🕳️🚨,💀😰🕳️😭⚠️,💀🔪😭⚠️,💀🕳️⚠️,💀😰🕳️😭⚠️",0
252,"💀😰🕳️😭⚠️,💀🔪😭⚠️,💀🕳️⚠️,💀😰🕳️😭⚠️,💀🕳️😭⚠️😖",0
252,"💀🔪😭⚠️,💀🕳️⚠️,💀😰🕳️😭⚠️,💀🕳️😭⚠️😔,💀😰🕳️😭⚠️",0
252,"💀🕳️⚠️,💀😰🕳️😭⚠️,💀🕳️😭⚠️😖,💀😰🕳️😭⚠️,💀⚠️🕳️😭🔪",0
252,"💀😰🕳️😭⚠️,💀🕳️😭⚠️😔,💀😰🕳️😭⚠️,💀⚠️🕳️😭🔪,💀⚠️🕳️😭",2
252,"💀🕳️😭⚠️😖,💀😰🕳️😭⚠️,💀⚠️🕳️😭🔪,💀⚠️🕳️😭💊,💀⚠️🕳️😭🕯️",0
252,"💀😰🕳️😭⚠️,💀⚠️🕳️😭🔪,💀⚠️🕳️😭💊,💀⚠️🕳️😭🕯️,💀😭🕳️⚠️😖",0
252,"💀⚠️🕳️😭🔪,💀⚠️🕳️😭💊,💀⚠️🕳️😭🕯️,💀🕳️😭⚠️😖,💀😰🕳️⚠️😭",0
252,"💀⚠️🕳️😭💊,💀⚠️🕳️😭🕯️,💀🕳️😭⚠️😖,💀😰🕳️⚠️😭,💀😰🕳️🚨",0
252,"💀⚠️🕳️😭🕯️,💀😭🕳️⚠️😖,💀😰🕳️⚠️😭,💀😰🕳️⚠️,💀😰🕳️😭",1
252,"💀🕳️😭⚠️😖,💀😰🕳️⚠️😭,💀😰🕳️😭,💀😰🕳️😭,💀🕳️😭⚠️😖",0
252,"💀😰🕳️⚠️😭,💀😰🕳️😭,💀😰🕳️😭,💀🕳️😭⚠️😖,💀🕳️😭⚠️😰",0
252,"💀😰🕳️😭,💀😰🕳️😭,💀🕳️😭⚠️😖,💀🕳️😭⚠️😖,😭😰🕳️😔💔",1
252,"💀😰🕳️😭,💀😭⚠️🕳️😔,💀🕳️😭⚠️😖,😔💔😰🕳️😭,💀😭🕳️⚠️😔",1
252,"💀😰🕳️😭⚠️,💀😰🕳️😭⚠️,😔💔😰🕳️😭,💀😭🕳️⚠️😔,💀😭⚠️🕳️",0
252,"💀🕳️😭⚠️😰,😔💔😰🕳️😭,💀😭🕳️⚠️😔,💀😭⚠️🕳️,💀😰🕳️😭⚠️",1
252,"😔💔😰🕳️😭,💀😭🕳️⚠️😔,💀😭⚠️🕳️,💀😰🕳️😭⚠️,💀😭🕳️⚠️",0
252,"💀😭🕳️⚠️😔,💀😭⚠️🕳️,💀😰🕳️😭⚠️,💀😭🕳️⚠️,💀😭⚠️🕳️",0
252,"💀😭⚠️🕳️,💀😰🕳️😭⚠️,💀😭⚠️🕳️,😭💀⚠️🕳️,😔😩😰🕳️⚠️",0
252,"💀😰🕳️😭⚠️,💀😭🕳️⚠️,😭💀⚠️🕳️,😔😩😰🕳️😭,💀🕳️😭⚠️",0
252,"💀😭🕳️⚠️,😭💀⚠️🕳️,😔😩😰🕳️⚠️,💀🕳️😭⚠️,💀😭🕳️⚠️",0
252,"😭💀⚠️🕳️,😔😩😰🕳️😭,💀🕳️😭⚠️,💀😰🕳️😭,💀🕳️😭⚠️😔",0
252,"😔😩😰🕳️⚠️,💀🕳️😭⚠️,💀😰🕳️😭,💀😰🕳️😭⚠️,💀⚠️🕳️😭🚨",0
252,"💀🕳️😭⚠️,💀😭🕳️⚠️,💀😰🕳️😭⚠️,💀⚠️🕳️😭🚨,💀🕳️😭⚠️",0
252,"💀😰🕳️😭,💀😭🕳️⚠️😔,💀⚠️🕳️😭🚨,💀🕳️😭⚠️,💀🕳️😭⚠️😖",0
252,"💀😰🕳️😭⚠️,💀⚠️🕳️😭🚨,💀🕳️😭⚠️,💀🕳️😭⚠️😖,💀😰⚠️😭😔",0
252,"💀⚠️🕳️😭🚨,💀🕳️😭⚠️,💀🕳️😭⚠️😖,💀😰⚠️😭😔,💀😰🕳️😭⚠️",0
252,"💀🕳️😭⚠️,💀🕳️😭⚠️😖,💀😰⚠️😭😔,😭😰🕳️😔💔,💀🕳️😭⚠️",1
252,"💀🕳️😭⚠️😖,💀😰⚠️😭😔,💀😰🕳️😭⚠️,💀🕳️😭⚠️,💀😭🕳️⚠️😔",0
252,"💀😰🕳️😭⚠️,😭😰🕳️😔💔,💀🕳️😭⚠️,💀😭🕳️⚠️😔,💀🕳️😭⚠️😔",0
252,"😭😰🕳️😔💔,💀🕳️😭⚠️,💀😭🕳️⚠️😔,💀😔🕳️😭⚠️,💀😰🕳️🚨😭",1
252,"💀🕳️😭⚠️,💀😭🕳️⚠️😔,💀🕳️😭⚠️😔,💀😰🕳️🚨😭,💀⚠️😭🕳️",0
252,"💀😭🕳️⚠️😔,💀😔🕳️😭⚠️,💀😰🕳️🚨😭,💀⚠️😭🕳️,💀😭🕳️⚠️😔",1
252,"💀🕳️😭⚠️😔,💀😰🕳️🚨😭,💀⚠️😭🕳️,💀😰🕳️😭⚠️,💀😭⚠️🕳️😰",0
252,"💀😰🕳️🚨😭,💀😭⚠️🕳️,💀🕳️😭⚠️😖,💀😭⚠️🕳️😔,💀😰🕳️😭⚠️",0
252,"💀⚠️😭🕳️,💀😰🕳️😭⚠️,💀😭⚠️🕳️😰,💀😰🕳️😭⚠️,💀🕳️⚠️😭🚂",0
252,"💀😭🕳️⚠️😔,💀😭⚠️🕳️😔,💀😭⚠️😖🕳️,💀🕳️⚠️😰🚂,💀😭🕳️⚠️😖",0
252,"💀😭⚠️🕳️😔,💀😭⚠️😖🕳️,💀🕳️⚠️😭🚂,💀😭🕳️⚠️😖,💀🕳️😭⚠️",0
252,"💀😰🕳️😭⚠️,💀🕳️⚠️😰🚂,💀😭⚠️🕳️😖,💀🕳️😭⚠️,💀🕳️😭⚠️😖",0
252,"💀🕳️⚠️😭🚂,💀😭⚠️🕳️😖,💀🕳️😭⚠️,💀🕳️😰😭⚠️,💀😰⚠️🕳️😭",0
252,"💀🕳️😭⚠️😖,💀🕳️😭⚠️,💀🕳️😭⚠️😖,💀😰⚠️🕳️😭,💀🚨⚠️🕳️",0
252,"💀🕳️😭⚠️,💀🕳️😰😭⚠️,💀😰⚠️🕳️😭,💀🚨⚠️🕳️,😔💔😭⚠️🕳️",0
252,"💀🕳️😭⚠️😖,💀😰⚠️🕳️😭,💀🚨⚠️🕳️,😔💔😭⚠️🕳️,💀🕳️😭⚠️😔",0
252,"💀😰⚠️🕳️😭,💀🚨⚠️🕳️,😔💔😰🕳️😭,💀🕳️😭⚠️😔,💀🕳️⚠️",0
252,"💀🚨⚠️🕳️,😔💔😩😰⚠️,💀🕳️😭⚠️😔,💀🕳️⚠️,💀🕳️😭⚠️🚨",1
252,"😔💔😩😰⚠️,💀🕳️😭⚠️😔,💀🕳️⚠️,💀🕳️😭⚠️🚨,💀🕳️🚨😭⚠️",2
252,"💀🕳️😭⚠️😔,💀🕳️⚠️,💀🕳️😭⚠️,💀🕳️🚨😭⚠️,💀🕳️⚠️😭😰",1
252,"🕳️😰⚠️💀🚂,💀🕳️😭⚠️,💀🕳️🚨😭⚠️,💀🕳️⚠️😭😰,💀🕳️⚠️😭🌑",0
252,"💀🕳️😭⚠️,💀🕳️🚨😭⚠️,💀🕳️⚠️😭😰,💀🕳️⚠️😭🌑,💀🕳️😭⚠️",0
252,"💀🕳️🚨😭⚠️,💀🕳️⚠️😭😰,💀🕳️⚠️😭🌑,💀🕳️😭⚠️,💀🕳️😭🌑",0
252,💀🕳️⚠️😭🌑,0
253,"💀😭🕳️⚠️,💀🚗💥😰,💀🚗⚠️🕳️😭,💀🚗💥⚠️🚨,💀⚠️🕳️😭",2
253,"💀🚗💥⚠️,💀🚗⚠️🕳️😭,💀🚗💥⚠️🚨,💀⚠️😭🕳️,💀☠️🚨⚠️🕳️",0
253,💀🚗💨⚠️,1
253,💀🚨⚠️🔪💊,1
253,💀⚠️🚨🕳️😭,1
253,💀⚠️🚨🕳️😭,1
253,💀🕳️😭⚠️🚨,2
253,"💀🚨😭⚠️,💀🕳️😭⚠️🌑,💀🕳️😭⚠️,💀🕳️🚨😭⚠️,💀🚨🔪😭",2
253,"💀🕳️😭⚠️🌑,💀🕳️🚨😭⚠️,💀🕳️🚨😭⚠️,💀🚨🔪😭,💀⚠️😰🕳️🚨",1
253,"💀🕳️🚨😭⚠️,💀🕳️🚨😭⚠️,💀🚨🔪😭,💀⚠️😰🕳️🚨,💀🕳️🚨😭⚠️",1
253,"💀🕳️🚨😭⚠️,💀🚨🔪😭,💀⚠️😰🕳️🚨,💀🕳️😭🚨⚠️,💀🕳️🚨😭⚠️",1
253,"💀🚨🔪😭,💀⚠️😰🕳️🚨,💀🕳️😭⚠️🚨,💀🕳️🚨😭⚠️,💀🕳️🚨😭⚠️",1
253,"💀⚠️😰🕳️🚨,💀🕳️🚨😭⚠️,💀🕳️🚨😭⚠️,💀🕳️🚨😭⚠️,💀🕳️😭🚨",2
253,"💀🕳️😭🚨,💀🕳️🚨😭⚠️,💀🕳️😭🚨,💀🕳️🚨😭⚠️,💀🚨⚠️🕳️😭",2
253,"💀🕳️🚨😭⚠️,💀🕳️😭🚨,💀🕳️🚨😭⚠️,💀🚨⚠️🕳️😭,💀🔫🚨⚠️😭",2
253,"💀🕳️😭🚨,💀🕳️🚨😭⚠️,💀⚠️🚨🕳️😭,💀🔫🚨⚠️😭,💀🕳️🚨😭⚠️",3
253,"💀🕳️🚨😭⚠️,💀🚨⚠️🕳️😭,💀🔫🚨⚠️😭,💀🕳️🚨😭⚠️,💀🕳️🚨😭⚠️",1
253,"💀⚠️🚨🕳️😭,💀🔫🚨⚠️😭,💀🕳️🚨😭⚠️,💀🕳️🚨😭⚠️,💀🕳️😭⚠️🌑",2
253,"💀🔫🚨⚠️😭,💀🕳️🚨😭⚠️,💀🕳️🚨😭⚠️,💀🕳️😭⚠️🌑,💀⚠️🕳️😭🚨",3
253,"💀🕳️🚨😭⚠️,💀🕳️⚠️😭🚨,💀🕳️😭⚠️🌑,💀⚠️🕳️😭,💀⚠️🕳️😭😰",3
253,"💀🕳️🚨😭⚠️,💀🕳️😭⚠️🌑,💀⚠️🕳️😭🚨,💀⚠️🕳️😭😰,💀☠️⚠️🕳️😭",1
253,"💀🕳️😭⚠️🌑,💀🕳️⚠️🚨😭,💀⚠️🕳️😭😰,💀☠️⚠️🕳️😭,💀🕳️🚨😭⚠️",1
253,"💀⚠️🕳️😭🚨,💀⚠️🕳️😭😰,💀☠️⚠️🕳️😭,💀🕳️🚨😭⚠️,💀⚠️😭🔪",3
253,"💀⚠️🕳️😭😰,💀☠️⚠️🕳️😭,💀🕳️🚨😭⚠️,💀⚠️😭🕳️,💀🕳️⚠️😭😔",1
253,"💀☠️⚠️🕳️😭,💀🕳️🚨😭⚠️,💀⚠️😭🕳️,💀🕳️⚠️😭😔,💀🕳️🚨😭⚠️",0
253,"💀🕳️🚨😭⚠️,💀⚠️😭🕳️,💀🕳️⚠️😭😔,💀🕳️🚨😭⚠️,😔💔😢😞",1
253,"💀⚠️😭🕳️,💀🕳️⚠️😭😔,💀🕳️🚨😭⚠️,😔💔😢,💀🕳️🚨😭⚠️",1
253,"💀🕳️⚠️😭😔,💀🕳️🚨😭⚠️,😔💔😢😞,💀🕳️🚨😭⚠️,💀🕳️🚨😭⚠️",1
253,"💀🕳️🚨😭⚠️,😔💔😢😞,💀🕳️🚨😭⚠️,💀🕳️🚨😭⚠️,💀🚂⚠️🕳️😰",2
253,"😔💔😢😞,💀🕳️🚨😭⚠️,💀🕳️🚨😭⚠️,💀🚂⚠️🕳️😰,💀🕳️🚨😭🔪",1
253,"💀🕳️🚨😭⚠️,💀🕳️🚨😭⚠️,💀🚂⚠️🕳️😰,💀🔪🚨😭🕳️,💀🕳️😭⚠️",1
253,"💀🕳️🚨😭⚠️,💀🚂⚠️🕳️😰,💀🔪🚨😭🕳️,💀🕳️😭⚠️,💀😭⚠️🌑💔",1
253,"💀🚂⚠️🕳️😰,💀🕳️🚨😭🔪,💀🕳️😭⚠️,💀😭⚠️🕳️😫,💀🕳️🚨😭⚠️",1
253,"💀🕳️🚨😭🔪,💀🕳️😭⚠️,💀😭🌑⚠️,💀🕳️🚨😭⚠️,💀🕳️🚨😭⚠️",1
253,"💀🕳️😭⚠️,💀😭⚠️🕳️,💀🕳️🚨😭⚠️,💀🕳️🚨😭⚠️,💀🕳️🚨😭⚠️",1
253,"💀😭🌑⚠️,💀🕳️🚨😭⚠️,💀🕳️🚨😭⚠️,💀🕳️🚨😭⚠️,💀🕳️🚨😭⚠️",1
253,"💀🕳️🚨😭⚠️,💀🕳️🚨😭⚠️,💀🕳️🚨😭⚠️,💀🕳️🚨😭⚠️,💀🕳️🚨😭⚠️",1
253,"💀🕳️🚨😭⚠️,💀🕳️🚨😭⚠️,💀🕳️🚨😭⚠️,💀🕳️🚨😭⚠️,💀🕳️🚨😭⚠️",1
253,"💀🕳️🚨😭⚠️,💀🕳️🚨😭⚠️,💀🕳️🚨😭⚠️,💀🕳️🚨😭⚠️,💀🕳️🚨😭⚠️",1
253,"💀🕳️🚨😭⚠️,💀🕳️🚨😭⚠️,💀🕳️🚨😭⚠️,💀🕳️🚨😭⚠️,💀🕳️🚨😭⚠️",0
253,"💀🕳️🚨😭⚠️,💀🕳️🚨😭⚠️,💀🕳️🚨😭⚠️,💀🕳️🚨😭⚠️,💀🕳️😭😔💔",1
253,"💀🕳️🚨😭⚠️,💀🕳️🚨😭⚠️,💀🕳️🚨😭⚠️,😔💔😞⚠️,💀🕳️🚨😭⚠️",2
253,"💀🕳️🚨😭⚠️,💀🕳️🚨😭⚠️,😔💔😭⚠️🕳️,💀🕳️🚨😭⚠️,💀⚠️🔪🕳️",2
253,"💀🕳️🚨😭⚠️,💔😔🕳️⚠️,💀🕳️🚨😭⚠️,💀⚠️🔪🕳️,💀🔪🚨⚠️🕳️",1
253,"😔💔😡😞⚠️,💀🕳️🚨😭⚠️,💀⚠️🔪🕳️,💀🔪🚨⚠️🕳️,💀🕳️🚨😭⚠️",1
253,"💀🕳️🚨😭⚠️,💀⚠️🔪🕳️,💀🔪🚨⚠️🕳️,💀🕳️🚨😭⚠️,💀🕳️😰😭⚠️",1
253,"💀⚠️🔪🕳️,💀🔪🚨⚠️🕳️,💀🕳️🚨😭⚠️,💀🕳️😰😭⚠️,💀🕳️🚨😭⚠️",3
253,"💀🔪🚨⚠️🕳️,💀🕳️🚨😭⚠️,💀🕳️😰😭⚠️,💀🕳️🚨😭⚠️,💀🕳️⚠️😭🔪",1
253,"💀🕳️🚨😭⚠️,💀🕳️😰😭⚠️,💀🕳️🚨😭⚠️,💀🕳️⚠️😭🔪,💀🕳️🚨😭⚠️",1
253,"💀🕳️😰😭⚠️,💀🕳️🚨😭⚠️,💀🕳️⚠️😭🔪,💀🕳️🚨😭⚠️,💀🕳️🚨😭⚠️",1
253,"💀🕳️🚨😭⚠️,💀🕳️⚠️😭🔪,💀🕳️🚨😭⚠️,💀🕳️🚨😭⚠️,💀🕳️🚨😭⚠️",1
253,"💀🕳️⚠️😭🔪,💀🕳️🚨😭⚠️,💀🕳️🚨😭⚠️,💀🕳️🚨😭⚠️,💀🕳️🚨😭⚠️",1
253,"💀🕳️🚨😭⚠️,💀🕳️🚨😭⚠️,💀🕳️🚨😭⚠️,💀🕳️🚨😭⚠️,💀🕳️🚨😭⚠️",1
253,"💀🕳️🚨😭⚠️,💀🕳️🚨😭⚠️,💀🕳️🚨😭⚠️,💀🕳️🚨😭⚠️,💀🕳️🚨😭⚠️",1
253,"💀🕳️🚨😭⚠️,💀🕳️🚨😭⚠️,💀🕳️🚨😭⚠️,💀🕳️🚨😭⚠️,💀🕳️🚨😭⚠️",1
253,"💀🕳️🚨😭⚠️,💀🕳️🚨😭⚠️,💀🕳️🚨😭⚠️,💀🕳️🚨😭⚠️,💀🕳️🚨😭⚠️",1
253,"💀🕳️🚨😭⚠️,💀🕳️🚨😭⚠️,💀🕳️🚨😭⚠️,💀🕳️🚨😭⚠️,💀🕳️🚨😭⚠️",1
253,"💀🕳️🚨😭⚠️,💀🕳️🚨😭⚠️,💀🕳️🚨😭⚠️,💀🕳️🚨😭⚠️,💀🕳️🚨😭⚠️",1
253,"💀🕳️🚨😭⚠️,💀🕳️🚨😭⚠️,💀🕳️🚨😭⚠️,💀🕳️🚨😭⚠️,💀🕳️🚨😭⚠️",1
253,"💀🕳️🚨😭⚠️,💀🕳️🚨😭⚠️,💀🕳️🚨😭⚠️,💀🕳️🚨😭⚠️,💀🕳️🚨😭⚠️",1
253,"💀🕳️🚨😭⚠️,💀🕳️🚨😭⚠️,💀🕳️🚨😭⚠️,💀🕳️🚨😭⚠️,💀🕳️🚨😭⚠️",1
253,"💀🕳️🚨😭⚠️,💀🕳️🚨😭⚠️,💀🕳️🚨😭⚠️,💀🕳️🚨😭⚠️,💀🕳️🚨😭⚠️",1
253,"💀🕳️🚨😭⚠️,💀🕳️🚨😭⚠️,💀🕳️🚨😭⚠️,💀🕳️🚨😭⚠️,💀🕳️🚨😭⚠️",1
253,"💀🕳️🚨😭⚠️,💀🕳️🚨😭⚠️,💀🕳️🚨😭⚠️,💀🕳️🚨😭⚠️,💀🕳️🚨😭⚠️",1
253,"💀🕳️🚨😭⚠️,💀🕳️🚨😭⚠️,💀🕳️🚨😭⚠️,💀🕳️🚨😭⚠️,💀🕳️🚨😭⚠️",1
253,"💀🕳️🚨😭⚠️,💀🕳️🚨😭⚠️,💀🕳️🚨😭⚠️,💀🕳️🚨😭⚠️,💀🕳️🚨😭⚠️",2
254,"😔💔😢,💀⚠️😭🕳️🚨,😔💔😢,💀⚠️🕳️😭⏰,😔🕳️💀",2
254,"💀⚠️🕳️😭🚨,😔💔😢,💀⚠️🕳️😭⏰,😔🕳️💀,💀⏳🚨🕳️",0
254,"😔💔😢,💀⚠️🕳️😭⏰,😔🕳️💀,💀⏳🚨🕳️,😔💔😢",0
254,"💀⚠️🕳️😭⏰,😔🕳️💀,💀⏳🔪🕯️,😔💔😢,😰🕳️⚠️",1
254,"😔🕳️💀,💀⏳🚨🔪,😔💔😢,😰🕳️⚠️,💀🕳️😭⚠️",0
254,💀⏳🕳️😭,0
254,💀🕳️😭😔⚠️,0
254,💀🕳️🚨😭⚠️,0
254,💀🕳️🚨😭⚠️,0
255,"💀🕳️⚠️😭🔪,😔😞🕳️,😔💔😞⚠️,💀🕳️⚠️😰💊,📞💙✨",0
255,"😔😞🕳️,😔💔😞⚠️,💀🕳️⚠️😭🔪,📞💙,😔💔😡",0
255,"😔💔😞⚠️,💀🕳️⚠️😭🔪,📞💙✨,😔💔😡,💀🕳️😰⚠️😭",1
255,"💀🕳️⚠️😭🔪,📞💙✨,😔💔😡,💀🕳️😰⚠️😭,💀😰🕳️😭⚠️",0
255,"📞💪✨,😔💔😡,💀🕳️😰⚠️😭,💀😰🕳️😭⚠️,😔💔🕳️😭⚠️",0
255,"😔💔😡,💀🕳️😰⚠️😭,💀😭⚠️🕳️😰,😔💔🕳️😭⚠️,😔😢😞",0
255,"💀🕳️😰⚠️😭,💀😭⚠️🕳️😰,😔💔🕳️😭⚠️,😔😢😞,💀🕳️😭😔⚠️",0
255,"💀😭⚠️🕳️😰,😔💔🕳️,😔😢😞,💀🕳️😭😔⚠️,💀🕳️😭⚠️😖",0
256,"💀😭⚠️🕳️,💀🕳️⚠️😭😰,💀🔪🚨😭,💀😭⚠️,💀🕳️😭⚠️😖",1
256,"💀🕳️⚠️😭🌑,💀🔪🚨😭,💀😭⚠️,💀🕳️😭⚠️😖,💀⚠️🕳️😰🚨",1
256,"💀🔪🚨😭,💀😭⚠️,💀🕳️😭⚠️😖,💀⚠️🕳️😰🚨,💀😭🕳️⚠️😔",2
257,"💀🕳️😭😔,💀😭⚠️🕳️😔,💀🕳️😭💊⚠️,😔💔😢,💀🕳️😭😰⚠️",1
257,"💀😭⚠️🕳️😔,💀🕳️😭💊⚠️,😔💔😢,💀🕳️😭😰⚠️,💀🔪😰🕳️",1
257,"💀🕳️😭💊⚠️,😔💔😢,💀🕳️😭😰⚠️,💀🔪😰🕳️,💀🕳️😭⚠️",2
257,"😔💔😢,💀🕳️😭😰⚠️,💀🔪😰🕳️,💀🕳️😭⚠️,💀🔫⚠️🕳️😭",1
257,"💀🕳️😭😰⚠️,💀🔪😰🕳️,💀🕳️😭⚠️,💀🔫⚠️🕳️😭,💀😭🕳️⚠️😖",2
257,"💀🔪😰🕳️,💀🕳️😭⚠️,💀🔫⚠️🕳️😭,💀🕳️😭⚠️,💀⚠️🔪😭🕳️",1
257,"💀🕳️😭⚠️,💀🔫🚨⚠️🕳️,💀🕳️😭⚠️,💀⚠️🔪😭🕳️,💀🕳️😰💊🚨",0
259,"😔💔😢,💀😔😭⚠️🕳️,💀😭😔💔,💀😭🕳️⚠️😖,💀🕯️😭⚠️",1
259,"💀😰🕳️😭⚠️,💀😭😔⚠️,💀😭🕳️⚠️😖,💀🕯️😭⚠️,💀😭😰⚠️💔",1
259,"💀😭😔⚠️,💀😭😰🕳️⚠️,💀🕯️😭⚠️,💀😭⚠️😔💔,💀🕳️😭⚠️🌑",2
259,"💀😭🕳️⚠️😖,💀🕯️😭⚠️,💀😭😰⚠️💔,💀🕳️😭⚠️🌑,💀🕳️🚨😭⚠️",1
259,"💀🕯️😭⚠️,💀😭😔⚠️,💀🕳️😭⚠️🌑,💀🕳️🚨😭🔪,💀😭🔪⚠️",1
259,"💀😭😰⚠️🕳️,💀🕳️😭⚠️🌑,💀🕳️🚨😭⚠️,💀😭🔪⚠️,💀😭🕳️⚠️😖",2
259,"💀🕳️😭⚠️🌑,💀🕳️🚨😭🔪,💀😭🔪🕳️,💀😭🕳️⚠️😖,💀🚨⚠️🕳️😭",2
259,"💀🕳️🚨😭⚠️,💀😭🔪⚠️,💀😭🕳️⚠️😖,💀🚨⚠️🕳️😭,💀🔪💊🚨",0
259,"💀😭🔪🕳️,💀😭🕳️⚠️😔,💀🚨🕳️😭⚠️,💀🔪💊🚨,💀😰🕳️😭⚠️",2
259,"💀😭🕳️⚠️😖,💀🚨⚠️🕳️😭,💀🔪💊🚨,💀😰🕳️😭⚠️,💀🔪😭⚠️",2
259,"💀🚨⚠️🕳️😭,💀🔪💊🚨,💀😰🕳️😭⚠️,💀🔪😭⚠️,💀😭⚠️🕳️",1
261,"💀🕳️😭⚠️🚨,💀😔🕳️😭⚠️,💀😭🕳️⚠️😖,💀😰🕳️😭⚠️,💀🕳️⚠️😭🚨",1
261,"😔💔😢😞🕳️,💀😭🕳️⚠️😖,💀😰🕳️😭⚠️,💀🕳️🚨😭⚠️,💀🕳️🚨😭⚠️",1
261,"💀😭🕳️⚠️🔪,💀😰🕳️😭⚠️,💀🕳️⚠️😭🚨,💀🕳️⚠️😭🔪,💀🕳️⚠️😭🌑",0
261,"💀🕳️😰⚠️😭,💀🕳️🚨😭⚠️,💀🕳️⚠️😭🔪,💀🕳️⚠️😭💊,😊😌💪",0
261,"💀🕳️🚨😭⚠️,💀🕳️⚠️😭🔪,💀🕳️⚠️😭🌑,😊😌💪,💀🕳️⚠️😭🔪",1
261,"💀🕳️🚨😭⚠️,💀🕳️⚠️😭💊,😊😌💪,💀🕳️⚠️😭🔪,💀🕳️🚨😭⚠️",0
262,💀🕳️🚨😭💊,0
262,💀🕳️🚨💊😭,0
262,💀💊🕳️🚨,0
262,💀🕳️😭⚠️,0
264,"💀🕳️😭😔⚠️,💀⚠️🚨🕳️,💀🕳️😭⚠️😔,💀💊⚠️🕳️😭,💀🕳️😭⚠️🍵",2
264,"💀⚠️🚨🕳️,💀🕳️😭⚠️😔,💀💊⚠️🕳️😭,💀🕳️😭⚠️🍵,💀☠️🍵😭",1
266,"💀🚨🕳️😭⚠️,💀🕳️😭😞⚠️,💀🕳️😭😔⚠️,💀🕳️🚨😭⚠️,💀🕳️😭😔⚠️",2
266,"💀🕳️😭😞⚠️,💀🕳️😭😔⚠️,💀🕳️🚨😭⚠️,💀🕳️😭😔⚠️,💀🕳️🚨😭⚠️",0
266,"💀🕳️😭😔⚠️,💀🕳️🚨😭⚠️,💀🕳️😭😔⚠️,💀🕳️🚨😭⚠️,😰🕳️😭⚠️💀",1
266,"💀🕳️🚨😭⚠️,💀🕳️😭😔⚠️,💀🕳️🚨😭⚠️,😰🕳️😭⚠️💀,💀🕳️😭⚠️",1
266,"💀🕳️😭😔⚠️,💀🕳️🚨😭⚠️,😰🕳️😭⚠️💀,💀🕳️😭⚠️,💀🕳️😭⚠️😔",0
266,"💀🕳️🚨😭⚠️,😰🕳️😭⚠️💀,💀🕳️😭⚠️,💀🕳️😭⚠️😔,😔💔🕳️💀",0
266,"😰🕳️😭⚠️💀,💀🕳️😭⚠️,💀🕳️😭⚠️😔,😔💔🕳️😭⚠️,💀🕳️😭😔⚠️",1
266,"💀🕳️😭⚠️,💀🕳️😭⚠️😔,😔💔🕳️💀,💀🕳️😭😔💔,💀🕳️😭😔⚠️",1
266,"💀🕳️😭⚠️😔,😔💔🕳️💀,💀🕳️😭😔💔,💀🕳️😭😔⚠️,💀🕳️😭⚠️🌑",1
266,"😔💔🕳️💀,💀🕳️😭😔💔,💀🕳️😭😔⚠️,💀🕳️😭⚠️🌑,💀🕳️😭⚠️⚰️",1
266,"💀🕳️😭😔💔,💀🕳️😭😔⚠️,💀🕳️😭⚠️🌑,💀🕳️😭⚠️⚰️,😔💔😞🕳️⚠️",1
266,"💀🕳️😭😔⚠️,💀🕳️😭⚠️🌑,💀🕳️😭⚠️⚰️,😔💔😞🕳️⚠️,💀🔪🚨😭🕳️",1
266,"💀🕳️😭⚠️🌑,💀🕳️😭⚠️⚰️,😔💔😞🕳️⚠️,💀🕳️😭⚠️🔪,💀😭🕳️⚠️😔",1
266,"💀🕳️😭⚠️⚰️,😔💔😞🕳️⚠️,💀🔪🚨😭🕳️,💀😭🕳️⚠️😔,💀🕳️😭😞⚠️",1
266,"😔💔😞🕳️⚠️,💀🔪🚨😭🕳️,💀😭🕳️⚠️😔,💀🕳️😭😞⚠️,💀🕳️😰😔❓",1
266,"💀🕳️😭⚠️🚨,💀😭🕳️⚠️😔,💀🕳️😭😰⚠️,💀🕳️😰😔💔,💀🕳️😭⚠️🌑",1
266,"💀😭🕳️⚠️😔,💀🕳️😭😞⚠️,💀🕳️😰😔❓,💀🕳️😭⚠️🌑,💀🕳️🚨😭⚠️",1
266,"💀🕳️😭⚠️😔,💀🕳️😰😔❓,💀🕳️😭⚠️🌑,💀🕳️🚨😭🔪,💀🕳️😭😞⚠️",0
266,"💀🕳️😰😔❓,💀🕳️😭⚠️🌑,💀🕳️🚨😭🔪,💀🕳️😭😔💔,💀🕳️😭😔⚠️",1
266,"💀🕳️😭⚠️🌑,💀🕳️🚨😭⚠️,💀🕳️😭😔💔,💀🕳️😭😔⚠️,💀😭🕳️⚠️😔",0
266,"💀🕳️🚨😭⚠️,💀🕳️😭😞⚠️,💀🕳️😭😔⚠️,💀😭🕳️⚠️😔,😔💔😞🕳️⚠️",1
266,"💀🕳️😭😞⚠️,💀🕳️😭😔⚠️,💀😭🕳️⚠️😔,😔💔😞🕳️⚠️,💀🕳️😭⚠️🌑",1
266,"💀🕳️😭😔⚠️,💀😭🕳️⚠️😔,😔💔😞🕳️⚠️,💀🕳️😭⚠️🌑,💀🕳️😭⚠️🌑",0
266,"💀😭🕳️⚠️😔,😔💔😞🕳️⚠️,💀🕳️😭⚠️🌑,💀🕳️😭⚠️🌑,💀🕳️😭⚠️😔",1
266,"😔💔😞🕳️⚠️,💀🕳️😭⚠️🌑,💀🕳️😭⚠️🌑,💀🕳️😭😞⚠️,💀😭🕳️⚠️😖",1
266,"💀🕳️😭⚠️🌑,💀🕳️😭⚠️😖,💀🕳️😭⚠️🌑,💀😭🕳️⚠️😖,💀🕳️😭⚠️🔫",0
266,"💀🕳️😭⚠️😖,💀🕳️😭⚠️😔,💀😭🕳️⚠️😖,💀🕳️😭⚠️🔪,💀🕳️🤬🔥💥",1
266,"💀🕳️😭⚠️🌑,💀😭🕳️⚠️😖,💀🕳️😭⚠️🔪,💀🕳️🤬💥🌑,💀😭🕳️⚠️🚨",0
266,"💀😭🕳️⚠️😖,💀🕳️😭⚠️🔪,💀🕳️🤬💥🌑,💀😭⚠️🕳️😫,💀🕳️😭⚠️😔",1
266,"💀🕳️⚠️😭🔪,💀🕳️🤬💥🌑,💀😭🕳️⚠️🚨,💀🕳️😭⚠️😔,💀🕳️😭⚠️😔",1
266,"💀🕳️🤬🔥💥,💀😭🕳️⚠️😖,💀🕳️😭⚠️😔,💀🕳️😭⚠️😔,💀🕳️😭⚠️🔪",1
266,"💀😭🕳️⚠️🚨,💀🕳️😭⚠️😔,💀🕳️😭⚠️😔,💀🕳️😭⚠️🔪,💀😭⚠️🕳️😫",1
266,"💀🕳️😭⚠️😔,💀🕳️😭⚠️😔,💀🔪😭⚠️🕳️,💀😭⚠️🕳️😫,💀🔪😭⚠️",1
266,"💀🕳️😭⚠️😔,💀🕳️😭⚠️🔪,💀😭⚠️🕳️🔪,💀🔪😭⚠️,💀🔫⚠️🕳️😰",1
266,"💀😭🔪⚠️🕳️,💀😭⚠️🕳️😫,💀🔪😭⚠️,💀🔫🚨⚠️🕳️,💀🔫🚨🕳️😭",0
266,"💀😭⚠️🕳️😫,💀🔪😭⚠️,💀⚠️🔪😰🕳️,💀⚠️🔪🚨😭,💀😭🕳️⚠️💊",0
266,"💀🕳️😭⚠️,💀⚠️🔪😰🕳️,💀⚠️🔪🚨😭,💀😭🕳️🚨💊,💀🕳️😭⚠️🌑",0
266,"💀🔫⚠️🕳️😭,💀⚠️🔪🚨😭,💀😭🕳️🚨💊,💀🕳️😭⚠️🌑,💀🕳️😭😔💔",0
266,"💀🔫🚨🕳️😭,💀😭🕳️🚨💊,💀🕳️😭⚠️🌑,💀🕳️😭😔💔,😔💔😞⚠️",1
266,"💀😭🕳️🚨💊,💀🕳️😭⚠️🌑,💀🕳️😭😔💔,😔💔😞⚠️,💀🕳️😭😔⚠️",1
266,"💀🕳️😭⚠️🌑,💀🕳️😭😔💔,😔💔😞⚠️,💀🕳️😭😞⚠️,💀🕳️😭⚠️🔪",1
266,"💀🕳️😭😔💔,😔💔😞⚠️,💀🕳️😭😔⚠️,💀🕳️😭⚠️🔪,💀🕳️😰😭⚠️",1
266,"😔💔😞⚠️,💀🕳️😭😔⚠️,💀🕳️😭⚠️🔪,💀🕳️😰😭⚠️,💀🕳️😭⚠️🩸",0
266,"💀🕳️😭😞⚠️,💀🕳️😭⚠️🔪,💀🕳️😰😭⚠️,💀🕳️😭⚠️🩸,💀🕳️😭😔⚠️",1
266,"💀🕳️😭⚠️🔪,💀🕳️😰😭⚠️,💀🕳️😭⚠️🩸,💀🕳️😭😔⚠️,💀🕳️😭😔💔",1
266,"💀🕳️😰😭⚠️,💀🕳️😭⚠️🩸,💀🕳️😭😔⚠️,💀🕳️😭😔💔,💀😔🕳️😭⚠️",1
266,"💀🕳️😭⚠️🩸,💀🕳️😭😔⚠️,💀🕳️😭😔💔,💀😔🕳️😭⚠️,💀🕳️😭😔⚠️",1
266,"💀🕳️😭😔⚠️,💀🕳️😭😔💔,💀😔🕳️😭⚠️,💀🕳️😭😔⚠️,💀🕳️😭😔💔",0
266,"💀🕳️😭😔💔,💀😔🕳️😭⚠️,💀🕳️😭😔⚠️,💀🕳️😭😔💔,💀🕳️😭😔⚠️",1
266,"💀😔🕳️😭⚠️,💀🕳️😭😔⚠️,💀🕳️😭😔💔,💀🕳️😭😔⚠️,💀🕳️😭🔪🚨",0
266,"💀🕳️😭😔⚠️,💀🕳️😭😔💔,💀🕳️😭😔⚠️,💀🕳️😭🔪🚨,💀🕳️😭😞⚠️",1
266,"💀🕳️😭😔💔,💀🕳️😭😔⚠️,💀🕳️😭🔪🚨,💀🕳️😭⚠️🌑,💀🔫⚠️🕳️😰",1
266,"💀🕳️😭😔⚠️,💀🕳️😭🔪🚨,💀🕳️😭⚠️🌑,💀🔫⚠️🕳️😭,💀🕳️😭⚠️😔",1
266,"💀🕳️😭🔪🚨,💀🕳️😭😞⚠️,💀🔫⚠️🕳️😭,💀🕳️😭⚠️😔,💀🕳️😭😔⚠️",0
266,"💀🕳️😭😞⚠️,💀🔫⚠️🕳️😰,💀🕳️😭⚠️😔,💀🕳️😭😔⚠️,💀🕳️😭⚠️😔",1
266,"💀🔫⚠️🕳️😭,💀🕳️😭⚠️😔,💀🕳️😭😔⚠️,💀🕳️😭⚠️😔,💀🕳️😭😔⚠️",0
266,"💀🕳️😭⚠️😔,💀🕳️😭😔⚠️,💀🕳️😭⚠️😔,💀🕳️😭⚠️😔,💀🕳️😭😔💔",0
266,"💀🕳️😭😔⚠️,💀🕳️😭😞💔,💀🕳️😭😞⚠️,💀🕳️😭😔⚠️,💀🕳️😭😔⚠️",1
266,"💀🕳️😭⚠️😔,💀🕳️😭😞⚠️,💀🕳️😭😔⚠️,💀🕳️😭😔⚠️,💀😭🕳️⚠️🔪",0
266,"💀🕳️😭😔⚠️,💀🕳️😭😔⚠️,💀🕳️😭😔⚠️,💀😭🕳️⚠️🔪,💀😰🕳️😭⚠️",1
266,"💀🕳️😭😔⚠️,💀🕳️😭😔⚠️,💀😭🕳️⚠️🔪,💀😰🕳️😭⚠️,💀🕳️🔪🚨😭",1
266,"💀🕳️😭😔⚠️,💀😭🕳️⚠️🔪,💀😰🕳️😭⚠️,💀🕳️🔪🚨😭,💀🕳️😭😞⚠️",1
266,"💀😭🕳️⚠️🔪,💀😰🕳️😭⚠️,💀🕳️🔪🚨⚠️,💀🕳️😭😞⚠️,💀🕳️😭⚠️🌑",0
266,"💀😰🕳️😭⚠️,💀🕳️⚠️🔪😭,💀🕳️😭😞⚠️,💀🕳️😭⚠️🌑,💀🕳️😭😔⚠️",1
266,"💀🕳️🔪🚨😭,💀🕳️😭😞⚠️,💀🕳️😭⚠️🌑,💀🕳️😭😔⚠️,💀🕳️😰😔💔",0
266,"💀🕳️😭⚠️😔,💀🕳️😭⚠️🌑,💀🕳️😭😔⚠️,💀🕳️😰😔💔,💀🕳️😭😔⚠️",0
266,"💀🕳️⚠️😭🌑,💀🕳️😭😔⚠️,💀🕳️😰😔💔,💀🕳️😭😔⚠️,😔💔😞🕳️⚠️",1
266,"💀🕳️😭😔⚠️,💀🕳️😰😔💔,💀🕳️😭😔⚠️,😔💔😞🕳️⚠️,💀🔪🚨😭⚠️",1
266,"💀🕳️😰😔💔,💀🕳️😭😔⚠️,😔💔😞🕳️⚠️,💀🔪😭🚨⚠️,💀🕳️😭⚠️😖",0
266,"💀🕳️😭😔⚠️,😔💔😞🕳️⚠️,💀🔪🚨😭⚠️,💀😭🕳️⚠️😔,💀🕳️😭😔⚠️",1
266,"😔💔😞🕳️⚠️,💀🔪🚨😭⚠️,💀😭🕳️⚠️😰,💀🕳️😭😔⚠️,💀🕳️😭😔⚠️",1
266,"💀🔪😭🚨⚠️,💀🕳️😭⚠️😰,💀🕳️😭😔⚠️,💀🕳️😭😔⚠️,💀😭🕳️⚠️😔",2
266,"💀😭🕳️⚠️😔,💀🕳️😭😔⚠️,💀🕳️😭😔⚠️,💀😭🕳️⚠️😔,💀💊🕳️😰😔",1
266,"💀🕳️😭😔⚠️,💀🕳️😭😔⚠️,💀😭🕳️⚠️😔,💀💊🕳️😰😔,💀🕳️😭⚠️😔",1
266,"💀🕳️😭😔⚠️,💀😭🕳️⚠️😔,💀💊🕳️😰😔,💀🕳️😭⚠️😔,💀🕳️😰😭⚠️",1
266,"💀😭🕳️⚠️😔,💀💊🕳️😰😔,💀🕳️😭😔⚠️,💀🕳️😰😭⚠️,💀🕳️😭⚠️😔",1
266,"💀💊🕳️😰😔,💀🕳️😭⚠️😔,💀🕳️😰😭⚠️,💀🕳️😭⚠️😔,💀🕳️😭⚠️💊",1
266,"💀🕳️😭⚠️😔,💀🕳️😰😭⚠️,💀🕳️😭⚠️😔,💀🕳️😰💊🚨,💀🕳️😭⚠️😔",0
266,"💀🕳️😰😭⚠️,💀🕳️😭⚠️😔,💀🕳️😰💊⚠️,💀😔🕳️⚠️😭,💀🕳️😭⚠️🪦",0
266,"💀🕳️😭⚠️😔,💀🕳️😰💊🚨,💀😔🕳️⚠️😭,💀🕳️⚠️😭🌑,💀😔🕳️😭⚠️",0
266,"💀🕳️😰💊🚨,💀😔🕳️⚠️😭,💀🕳️😭⚠️🪦,💀😔🕳️😭⚠️,😔💔😞🕳️⚠️",0
266,"💀🕳️😭⚠️😔,💀🕳️😭⚠️🛏️,💀😔🕳️😭⚠️,😔💔😞🕳️⚠️,😔💔😞⚠️🕳️",1
266,"💀🕳️⚠️😭🌑,💀😔🕳️😭⚠️,😔💔😞🕳️⚠️,😔💔😞⚠️🕳️,💀🔫🚨🕳️😭",1
266,"💀😔🕳️😭⚠️,😔💔😞🕳️⚠️,😔💔🕳️⚠️,💀🔫⚠️🕳️😭,💀😭🕳️⚠️",1
266,"😔💔😞🕳️⚠️,😔💔😞⚠️🕳️,💀🔫⚠️🕳️😭,💀🔪😭⚠️🕳️,💀🕳️😭😔⚠️",1
266,"😔💔🕳️⚠️,💀🔫🕳️🚨😭,💀😭🕳️⚠️,💀🕳️😭😔⚠️,💀🕳️😭⚠️😖",2
266,"💀🔫⚠️🕳️😭,💀🔪😭⚠️🕳️,💀🕳️😭😔⚠️,💀🕳️😭⚠️💥,💀🕳️😭⚠️😖",1
266,"💀🔪😭⚠️🕳️,💀🕳️😭😔⚠️,💀🕳️😭⚠️😖,💀🕳️😭⚠️😖,💀🕳️😭⚠️😔",0
266,"💀🕳️😭😔⚠️,💀🕳️😭⚠️💥,💀🕳️😭⚠️😖,💀🕳️😭⚠️😔,💀😔🕳️😭⚠️",0
266,"💀🕳️😭⚠️💥,💀🕳️😭⚠️😖,💀🕳️😭⚠️😔,💀😔🕳️😭⚠️,😔💔😩🕳️⚠️",1
266,"💀🕳️😭⚠️😖,💀🕳️😭⚠️😔,💀😔🕳️😭⚠️,😔💔😩🕳️⚠️,💀😔🕳️😭⚠️",1
266,"💀🕳️😭⚠️😔,💀😔🕳️😭⚠️,😔💔😩🕳️⚠️,💀😔🕳️😭⚠️,💀🕳️😭😞⚠️",1
266,"💀😔🕳️😭⚠️,😔💔😩🕳️⚠️,💀🕳️😭😔⚠️,💀🕳️😭😞⚠️,💀🕳️😭⚠️🚨",1
266,"😔💔😩🕳️⚠️,💀🕳️😭😔⚠️,💀🕳️😭😞⚠️,💀🕳️😭⚠️🌑,💀🕳️😭⚠️😵",1
266,"💀🕳️😭😔⚠️,💀🕳️😭😞⚠️,💀🕳️😭⚠️🚨,💀🕳️😭⚠️😵,💀🕳️😭⚠️🌑",0
266,"💀🕳️😭😞⚠️,💀🕳️😭⚠️🚨,💀🕳️😭⚠️😵,💀🕳️😭⚠️🌑,💀🕳️😭😔⚠️",0
266,"💀🕳️😭⚠️🌑,💀🕳️😭⚠️😵,💀🕳️😭⚠️🌑,💀🕳️😭😔⚠️,💀🕳️😭⚠️😰",1
266,"💀🕳️😭⚠️😔,💀🕳️😭⚠️,💀🕳️😭😔⚠️,💀🕳️😭⚠️😩,💀😔🕳️⚠️😭",0
266,"💀🕳️😭⚠️🚨,💀🕳️😭😔⚠️,💀🕳️😭⚠️😰,💀😔🕳️⚠️😭,💀🕳️⚠️😭🌑",1
266,"💀🕳️😭😔⚠️,💀🕳️😭⚠️😰,💀😔🕳️⚠️😭,💀🕳️⚠️😭🌑,💀🕳️😭⚠️🌑",0
266,"💀🕳️😭⚠️😩,💀😔🕳️⚠️😭,💀🕳️⚠️😭🌑,💀🕳️😭⚠️🛏️,💀🕳️😭⚠️😴",1
266,"💀😰🕳️😭⚠️,💀🕳️⚠️😭🌑,💀🕳️😭⚠️🌑,💀🕳️😭⚠️😴,💀🕳️😭⚠️🚨",1
266,"💀🕳️⚠️😭🌑,💀🕳️😭⚠️🔪,💀🕳️😭⚠️😴,💀🕳️😭⚠️🚨,💀🕳️😭😞⚠️",0
266,"💀🕳️😭⚠️🔪,💀🕳️😭⚠️😴,💀🕳️😭⚠️🚨,💀🕳️😭😞⚠️,💀🕳️😭😞⚠️",1
266,"💀🕳️😭⚠️😴,💀🕳️😭⚠️🚨,💀🕳️😭😞⚠️,💀🕳️😭😞⚠️,💀🕳️😭⚠️",0
266,"💀🕳️😭⚠️🚨,💀🕳️😭😞⚠️,💀🕳️😭😞⚠️,💀🕳️😭⚠️,😔💔😞🕳️⚠️",1
266,"💀🕳️😭😔⚠️,💀🕳️😭😞⚠️,💀🕳️😭⚠️,😔💔😞🕳️⚠️,💀🕳️😭😔⚠️",1
266,"💀🕳️😭😞⚠️,💀🕳️😭⚠️,😔💔😞🕳️⚠️,💀🕳️😭😔⚠️,💀🕳️😭😔💔",1
266,"💀🕳️😭⚠️,😔💔😞🕳️⚠️,💀🕳️😭😔⚠️,💀🕳️😭😔⚠️,💀🕳️😭⚠️😖",1
266,"😔💔😞🕳️⚠️,💀🕳️😭😔⚠️,💀🕳️😭😔💔,💀🕳️😭⚠️😖,💀😭🕳️⚠️😔",1
266,"💀🕳️😭😔⚠️,💀🕳️😭😔💔,💀🕳️😭⚠️😖,💀😭🕳️⚠️😔,💀🕳️😭🚨⚠️",0
266,"💀🕳️😭😔⚠️,💀🕳️😭⚠️😖,💀😭🕳️⚠️😔,💀🕳️😭🚨⚠️,💀🕳️😭😔⚠️",1
266,"💀🕳️😭⚠️😖,💀😭🕳️⚠️😔,💀🕳️😭⚠️🚗,💀🕳️😭😔💔,💀🕳️😭⚠️🌑",1
266,"💀😭🕳️⚠️,💀🕳️😭⚠️🚗,💀🕳️😭😔💔,💀🕳️😭⚠️🌑,💀😔🕳️😭⚠️",1
266,"💀🕳️😭🚨⚠️,💀🕳️😭😔⚠️,💀🕳️😭⚠️🚨,💀🕳️😭😔⚠️,💀🕳️😭⚠️🔪",0
266,"💀🕳️😭😔💔,💀🕳️😭⚠️🌑,💀🕳️😭😔💔,💀🕳️😭⚠️🔪,💀🕳️😭😔⚠️",1
266,"💀🕳️😭⚠️🚨,💀😔🕳️😭⚠️,💀🕳️😭⚠️🔪,💀🕳️😭😔⚠️,💀🕳️😭⚠️😔",1
266,"💀🕳️😭😔💔,💀🕳️😭⚠️🔪,💀🕳️😭😔⚠️,💀🕳️😭⚠️😔,💀😭🕳️⚠️😔",0
266,"💀🕳️😭⚠️🔪,💀😔🕳️😭⚠️,💀🕳️😭⚠️😔,💀😭🕳️⚠️😔,💀🕳️😭😔💔",1
266,"💀🕳️😭😔⚠️,💀🕳️😭⚠️😔,💀😭🕳️⚠️😔,💀🕳️😭😔⚠️,💀🕳️😭⚠️😰",1
266,"💀🕳️😭⚠️😔,💀😭🕳️⚠️😔,💀🕳️😭😔⚠️,💀🕳️😭⚠️💔,💀🕳️😭⚠️😔",1
266,"💀😭🕳️⚠️😔,💀🕳️😭😔⚠️,💀🕳️😭⚠️😰,💀🕳️😭⚠️😔,💀🕳️😭⚠️😔",1
266,"💀🕳️😭😔⚠️,💀🕳️😭⚠️🚨,💀🕳️😭⚠️😔,💀🕳️😭⚠️😔,💀🕳️😭😔⚠️",1
266,"💀🕳️😭⚠️🚨,💀🕳️😭⚠️😔,💀🕳️😭⚠️😔,💀🕳️😭😔⚠️,💀🕳️😭⚠️😔",0
266,"💀🕳️😭⚠️😔,💀🕳️😭⚠️😔,💀🕳️😭😔⚠️,💀🕳️😭⚠️😔,💀🕳️😭😔⚠️",2
266,"💀🕳️😭⚠️😔,💀🕳️😭😔⚠️,💀🕳️😭⚠️😔,💀😔🕳️😭⚠️,💀🕳️😭⚠️🚨",1
266,"💀🕳️😭😔⚠️,💀🕳️😭⚠️😔,💀🕳️😭😔⚠️,💀🕳️🚨😭⚠️,💀😔🕳️😭⚠️",1
266,"💀🕳️😭⚠️😔,💀😔🕳️😭⚠️,💀🕳️🚨😭⚠️,💀😔🕳️😭⚠️,💀🕳️😭😔⚠️",1
266,"💀😔🕳️😭⚠️,💀🕳️🚨😭⚠️,💀😔🕳️😭⚠️,💀🕳️😭😔⚠️,💀😭🔪🌑",1
266,"💀🕳️🚨😭⚠️,💀😔🕳️😭⚠️,💀🕳️😭😔⚠️,💀😭🔪🌑,💀🕳️😭😔⚠️",1
266,"💀😔🕳️😭⚠️,💀🕳️😭😔⚠️,💀😭🔪🌑,💀🕳️😭😔⚠️,💀🔫⚠️🕳️😭",2
266,"💀🕳️😭😔⚠️,💀🔪🚨😭🕳️,💀🕳️😭😔⚠️,💀🔫⚠️🕳️😭,💀🕳️😭⚠️💊",0
266,"💀😭🔪🌑,💀🕳️😭😔⚠️,💀🔫⚠️🕳️😭,💀🕳️😭⚠️💊,💀🕳️😭😔💔",0
266,"💀🕳️😭😔⚠️,💀🔫⚠️🕳️😭,💀🕳️😭⚠️💊,💀🕳️😭😔💔,💀🕳️😭😔⚠️",0
266,"💀🔫⚠️🕳️😭,💀🕳️😭⚠️💊,💀🕳️😭😔💔,💀🕳️😭😔⚠️,😔💔🕳️😭⚠️",0
266,"💀🕳️😭⚠️💊,💀🕳️😭😔💔,💀🕳️😭😔⚠️,😔💔🕳️😭⚠️,💀🕳️😭😔⚠️",1
266,"💀🕳️😭😔💔,💀🕳️😭⚠️😔,😔💔🕳️😭⚠️,😔💔😰🕳️⚠️,💀🕳️😭⚠️🌑",0
266,"💀🕳️😭😔⚠️,😔💔🕳️😭⚠️,😔💔😖🕳️⚠️,💀🕳️😭⚠️😖,💀🕳️😭😔⚠️",1
266,"😔💔🕳️😭⚠️,💀🕳️😭😔⚠️,💀🕳️😭⚠️😖,💀🕳️😭😔⚠️,💀🔪😭🕳️🚨",1
266,"😔💔😰🕳️⚠️,💀🕳️😭⚠️🌑,💀🕳️😭😔⚠️,💀🔪😭🕳️🚨,💀🕳️😭⚠️",1
266,"💀🕳️😭⚠️😖,💀🕳️😭😔⚠️,💀🔪😭🕳️🚨,💀🕳️😭⚠️💊,💀🕳️😭⚠️😔",1
266,"💀🕳️😭😔⚠️,💀🔪😭⚠️🕳️,💀🕳️😭⚠️,💀🕳️😭⚠️😔,💀🕳️😭😔💔",0
267,"💀🕳️⚠️😭💊,💀😭🕳️⚠️💊,💀🕳️⚠️😭🚨,💀🕳️😭🚨,💀💊🕳️😭",3
267,"💀😭🕳️⚠️,💀🕳️⚠️😭🚨,💀🕳️😭🚨,💀💊🕳️😭,💀💊🚨😭🕳️",3
267,"💀🕳️😭🚨⚠️,💀🕳️😭🚨,💀💊🕳️😭,💀💊🚨🕳️😭,💀💊🚨😭⚠️",1
267,"💀🕳️😭🚨⚠️,💀💊🕳️😭,💀💊🚨😭🕳️,💀💊🚨😭⚠️,💀⚠️🕳️😭💊",1
267,"💀💊🕳️😭,💀💊🚨⚠️🕳️,💀💊🚨😭⚠️,💀⚠️🕳️😭💊,💀🕳️⚠️😭💊",1
270,"💀⚠️🕳️😭🔫,💀💔😭⚠️,💀🕳️😭⚠️🔪,😔💔😢,💀💊⚠️🕳️😭",3
270,"💀💔😭⚠️,💀🕳️😭⚠️🔪,😔💔😢,💀💊⚠️🕳️😭,💀🔫😭🕳️🚨",2
270,"💀🕳️😭⚠️🔪,😔💔😢,💀💊⚠️🕳️😭,💀🔫😭🕳️🚨,💀💊😭⚠️🕳️",1
270,"😔💔😢,💀💊⚠️🕳️😭,💀🔫😭🕳️🚨,💀💊⚠️😭🕳️,💀😰🌑😭⚠️",1
270,"💀💊⚠️🕳️😭,💀🔫😭🕳️🚨,💀💊😭⚠️🕳️,💀😰🌑🕳️😭,💀🕳️⚠️😭🌑",1
270,"💀🔫😭🚨⚠️,💀💊😰🕳️⚠️,💀😰🌑😭⚠️,💀🕳️😭⚠️🕯️,💀🕳️😭⚠️",1
270,"💀💊😭⚠️🕳️,💀😰🕳️😭⚠️,💀🕳️⚠️😭🌑,💀🕳️😭⚠️,💀😭🕳️⚠️😖",1
270,"💀😰🌑😭⚠️,💀🕳️😭⚠️🕯️,💀🕳️😭⚠️,💀😭🕳️⚠️😖,💀🕳️😭⚠️",0
270,"💀🕳️😭⚠️🕯️,💀🕳️😭⚠️,💀😭🕳️⚠️💊,💀🕳️😭⚠️,💀😰🕳️😭⚠️",1
270,"💀😭🕳️⚠️,💀😭🕳️⚠️😖,💀🕳️😭⚠️,💀😰🕳️😭⚠️,💀😭⚠️🕳️🔪",0
270,"💀😭🕳️⚠️😖,💀🕳️😭⚠️,💀😰🕳️😭⚠️,💀😭⚠️🕳️🔪,💀😰🕳️😭⚠️",2
270,"💀🕳️😭⚠️,💀😰🕳️😭⚠️,💀😭⚠️🕳️🔪,💀😰🕳️😭⚠️,💀⚠️🕳️😭",1
270,"💀😰🕳️😭⚠️,💀😭⚠️🕳️🔪,💀😰🕳️😭⚠️,💀⚠️🕳️😭🔪,💀😭🕳️⚠️💊",1
270,"💀😭⚠️🕳️🔪,💀😰🕳️😭⚠️,💀⚠️🕳️😭🔪,💀😭🕳️⚠️💊,💀🕳️⚠️😭🌑",1
270,"💀😰🕳️😭⚠️,💀⚠️🕳️😭🔪,💀😭🕳️⚠️💊,💀🕳️⚠️😭🌑,💀🕳️😭⚠️🔪",0
270,"💀⚠️🕳️😭,💀😭🕳️⚠️💊,💀🕳️⚠️😭🌑,💀🕳️😭🔪🚨,💀🕳️😭😔💔",1
270,"💀🕳️😭⚠️💊,💀🕳️⚠️😭🌑,💀🕳️😭🔪🚨,💀😭🕳️⚠️😔,💀🕳️⚠️😭💊",2
270,"💀🕳️⚠️😭🌑,💀🕳️😭🔪🚨,💀🕳️😭😔💔,💀🕳️⚠️😭💊,💀💊⚠️🕳️😭",1
270,"💀🕳️😭⚠️🔪,💀🕳️😭😔💔,💀🕳️⚠️😭💊,💀💊⚠️🕳️😭,💀🕳️😭⚠️🌑",1
271,"💀🔪🚨⚰️😭,💀🕳️😭⚠️🩸,💀🕳️😭🔪⚠️,💀💊🚨⚰️😭,💀⚠️🕳️😭💊",3
273,"😔💔😢😞🕳️,💀😭🕳️😔,💀😭😞💔⚠️,😭😔💔😩🕳️,💀🕳️😭⚠️",1
273,"💀😭🕳️⚠️😔,💀😭😞💔⚠️,😭😔💔😩🕳️,💀🕳️😭⚠️,💀🕳️😭⚠️",1
273,"💀😭😞💔⚠️,😭😔💔😩🕳️,💀🕳️😭⚠️,💀🕳️😭⚠️,💀🕳️😭⚠️",1
273,"😭😔💔😩🕳️,💀🕳️😭⚠️,💀🕳️😭⚠️,💀🕳️😭⚠️,💀😭🕳️⚠️💔",2
273,"💀🕳️😭⚠️,💀🕳️😭⚠️,💀🕳️😭⚠️,💀😭🕳️⚠️💔,💀🔪😰😔💔",3
273,"💀😭🕳️⚠️,💀😭🕳️⚠️💔,💀😭🕳️⚠️💔,💀🔪😰💔😔,💀💔😭⚠️",0
273,"💀😭🕳️⚠️💔,💀😭🕳️⚠️💔,💀🔪😰😔💔,💀💔😭⚠️🕳️,💔😢😔",1
273,"💀😭🕳️⚠️💔,💀🔪😰💔😔,💀💔😭⚠️,😔💔😢😭😞,💀🕳️🚨😭⚠️",0
273,"💀🔪😰💔😔,💀💔😭⚠️,💔😢😔,💀🕳️🚨😭⚠️,😔💔🕳️😭⚠️",0
273,"💀💔😭⚠️,💔😢😔,💀🕳️🚨😭⚠️,😔💔😞🕳️⚠️,💀🕳️😭😔⚠️",1
273,"😔💔😢😭😞,💀🕳️🚨😭⚠️,😔💔😞🕳️⚠️,💀🕳️😭😞⚠️,💀😭😞⚠️🕳️",0
273,"💀🕳️🚨😭⚠️,😔💔😞🕳️⚠️,😔💔😭⚠️🕳️,💀😭😞⚠️🕳️,😔💔😢🕳️⚠️",0
273,"😔💔😞🕳️⚠️,💀🕳️😭😞⚠️,💀😭😞⚠️🕳️,😔💔😢🕳️⚠️,😔💔😢🕳️⚠️",0
273,"😔💔😭⚠️🕳️,💀😭😞⚠️🕳️,😔💔😢🕳️⚠️,😔💔😢😞🕳️,😔💔😭⚠️🕳️",1
273,"💀😭😞⚠️🕳️,😔💔😢🕳️⚠️,😔💔😢😞🕳️,😔💔😭⚠️🕳️,💀😭🕳️⚠️😔",1
273,"😔💔😢🕳️⚠️,😔💔😭⚠️🕳️,😔💔😭⚠️🕳️,💀😭🕳️⚠️😔,💀😭🕳️⚠️😔",1
273,"😔💔😢😞⚠️,😔💔😭⚠️🕳️,💀😭🕳️⚠️😔,💀😭🕳️⚠️😔,💀😭🕳️⚠️💔",0
273,"😔💔😢😞⚠️,💀😭🕳️⚠️😔,💀😭🕳️⚠️😔,💀😭🕳️⚠️💔,😔🕳️💀",1
273,"💀😭🕳️⚠️😔,💀😭🕳️⚠️😔,💀😭🕳️⚠️😔,😔🕳️😭,💀😭⚠️🕳️",2
273,"💀😭🕳️⚠️😔,💀😭🕳️⚠️😔,😔🕳️😭,💀😭⚠️🕳️,💀🔪😭⚠️🕳️",1
273,"💀😭🕳️⚠️😔,😔🕳️💔,💀😭⚠️🕳️,💀🔪😭⚠️🕳️,💀😭😖💔⚠️",1
273,"😔🕳️💔,💀😭⚠️🕳️,💀🔪😭⚠️🕳️,💀😭😖💔⚠️,💀🕳️😭⚠️🪦",2
273,"💀😭⚠️🕳️,💀🔪😭⚠️🕳️,💀😭😖💔⚠️,💀🕳️😭⚠️🪦,💀🔪😭⚠️",3
273,"💀🔪😭⚠️🕳️,💀😭😖💔⚠️,💀🕳️😭⚠️🪦,💀🔪😭⚠️,💀⚠️🔪🕳️",3
273,"💀😭😖💔⚠️,💀🕳️😭⚠️🪦,💀🔪😭⚠️,💀⚠️🔪🕳️,💀💊🚨😵",2
273,"💀🕳️😭⚠️🪦,💀🔪😭⚠️,💀⚠️🔪🕳️,💀💊🚨😵,💀🕳️😭⚠️🚨",1
273,"💀🔪😭⚠️,💀⚠️🔪🕳️,💀💊🚨😭,💀🕳️😭⚠️🚨,💀😭🕳️⚠️😔",1
273,"💀⚠️🔪🕳️,💀💊🚨😵,💀🕳️😭⚠️🚨,💀😭🕳️⚠️😔,💀😭🕳️⚠️😔",3
273,"💀💊🚨😭,💀🕳️😭⚠️🚨,💀😭🕳️⚠️😔,💀😭🕳️⚠️😔,💀🕳️😭⚠️💊",2
273,"💀🕳️😭⚠️🚨,💀😭🕳️⚠️😔,💀😭🕳️⚠️😔,💀🕳️😭⚠️💊,💀⚠️🕳️😭🔪",1
273,"💀😭🕳️⚠️💔,💀😔🕳️😭⚠️,💀🕳️😭⚠️💊,💀⚠️🕳️😭🔪,💀🕳️😭⚠️🚨",1
273,"💀😭🕳️⚠️😔,💀🕳️😭⚠️💊,💀⚠️🕳️😭🔪,💀🕳️😭⚠️,💀⚠️🕳️😭",2
274,"😔✨🌟,💀😭⚠️🕳️😔,💀💊😰😔⚠️,😔😰🕳️⚠️😭,😔💔🕳️",0
274,"💀😭⚠️🕳️😔,💀💊😰😔⚠️,😔😰🕳️⚠️😭,😔💔🕳️,😔💔😞",0
274,"💀⚠️😰😔💊,😔😰🕳️⚠️😭,😔💔🕳️,😔💔😞,💀🕳️😔😭⚠️",0
274,"😔😰🕳️⚠️,😔💔🕳️,😔💔😞,💀🕳️😔😞⚠️,😔💔😞⚠️",1
274,"😔💔🕳️,😔💔😞,💀🕳️😔😞⚠️,😔💔😞⚠️🕳️,💀😰🕳️😭⚠️",0
276,"💀🕳️😭🔪,💀🔪🚨😭🕳️,💀🔪🕳️😭,💀🔪⏳😭,💀🔪🚨😭⚠️",1
276,"💀🔪🚨😭🕳️,💀🔪😭⚠️,💀🔪⏳🕳️,💀🔪🚨😭⚠️,💀😭⚠️🕳️😔",1
276,"💀🔪😭🕳️,💀🔪⏳😭,💀🔪🚨😭⚠️,💀😭⚠️🕳️😔,💀⚠️🕳️😭🚨",2
276,"💀🔪⏳😭,💀🔪🚨😭⚠️,💀😰🕳️😭⚠️,💀⚠️🕳️😭🚨,💀🔪🚨😭🕳️",1
276,"💀🔪🚨💊😭,💀😭⚠️🕳️😔,💀⚠️😰🕳️😭,💀🔪🚨😭⚠️,💀🔪😭⚠️",1
276,"💀😭🕳️⚠️😔,💀⚠️😰🕳️😭,💀🔪🚨😭⚠️,💀🔪😭⚠️,💀🕳️😭⚠️",3
276,"💀⚠️😰🕳️😭,💀🔪🚨😭🕳️,💀🔪😭⚠️,💀🕳️😭⚠️,💀😭🕳️⚠️",1
276,"💀🔪🚨😭⚠️,💀🔪😭⚠️,💀🕳️😭⚠️,💀😭⚠️🕳️,💀😭⚠️🕳️😫",1
277,"💀😭😔⚠️,💀🕳️😭⚠️,💀🕳️😭😔⚠️,😔😰🕳️⚠️,💀😰⚠️😭😔",1
277,"💀🕳️😭⚠️,💀🕳️😭⚠️😔,😔🕳️😰💀⚠️,💀😰🕳️😭⚠️,💀🕳️😰😔⚠️",1
277,"💀🕳️😭😰⚠️,😔😩🕳️⚠️,💀😰🕳️😭⚠️,💀🕳️😰⚠️😭,💀🕳️😰⚠️😭",0
277,"😔😩🕳️⚠️😭,💀😰⚠️😭😔,💀🕳️😰⚠️😭,💀🕳️😰⚠️😭,😔💔😞⚠️🕳️",0
277,"💀😰⚠️😭😔,💀🕳️😰⚠️😭,💀🕳️😰⚠️😭,😔😞😖💔😭,💀⚠️😭😔💥",0
277,"💀🕳️😰⚠️😭,💀🕳️😰⚠️😭,😔💔😞⚠️🕳️,💀⚠️😭😔💥,💀⚠️🕳️😭🚨",0
277,"💀🕳️😰⚠️😭,😔💔😞😣😖,💀⚠️😭😔💥,💀⚠️🕳️😭🚨,😭😰⚠️😔💔",0
277,"😔💔😞⚠️🕳️,💀⚠️😭😔💥,💀⚠️🕳️😭🚨,😭😰⚠️😔💔,😔💔😢😞⚠️",1
277,"💀⚠️😰😔💥,💀⚠️🕳️😭🚨,😭😰⚠️😔💔,😔💔😢😞⚠️,💀😰🕳️💔😔",1
277,"💀⚠️🕳️😭🚨,😭😰⚠️😔💔,😔💔😢😞⚠️,💀😰🕳️💔😔,💀😭🕳️⚠️😔",1
277,"😭😰⚠️😔💔,😔💔😞⚠️🕳️,💀😰🕳️💔😔,💀😭🕳️⚠️😔,😔😩😤",2
278,"💀💔🕳️😭⚠️,💀🕳️😭⚠️😔,💀🕳️😭⚠️🔪,💀⚠️😭😔,💀🕳️😭⚠️😔",1
279,"💀🕳️😭⚠️😖,💀🕳️⚠️😭⚰️,💀⚠️🔪🚨😭,💀🕳️😭⚠️🕯️,💀💊🚨😭🕳️",2
279,"💀🕳️⚠️😭⚰️,💀🔪🚨⚠️🕳️,💀🕳️😭⚠️🕯️,💀💊🚨😭🕳️,💀💊🔪🚨😭",2
279,"💀⚠️🔪🚨😭,💀🕳️😭⚠️🕯️,💀💊🚨😭🕳️,💀💊🔪🚨😭,💀💊🔪🚨😭",2
279,"💀🕳️😭⚠️🕯️,💀💊🚨😭🕳️,💀💊🔪🚨😭,💀💊🔪🚨😭,💀💊🕳️😭⚠️",2
279,"💀💊🚨😭🕳️,💀💊🔪🚨😭,💀💊🔪🚨😭,💀💊🕳️😭⚠️,💀💊🕳️😭⚠️",1
279,"💀💊🔪🚨😭,💀💊🔪🚨😭,💀💊🕳️😭⚠️,💀💊🕳️😭⚠️,💀💊🔪🕳️🚨",1
279,"💀💊🔪🚨😭,💀💊🕳️😭⚠️,💀💊🕳️😭⚠️,💀💊🔪🕳️🚨,💀🕳️😭⚠️",0
279,"💀💊🕳️😭⚠️,💀💊🕳️😭⚠️,💀💊🔪🕳️🚨,💀🕳️😭🚨,💀🕳️😭⚠️",2
279,"💀💊🕳️😭⚠️,💀💊🔪🕳️🚨,💀🕳️😭⚠️,💀🕳️😭⚠️,💀💊🔪🚨😭",2
279,"💀💊🔪🕳️🚨,💀🕳️😭⚠️,💀🕳️😭⚠️,💀💊🔪🚨😭,💀🔪😭🕳️",2
279,"💀🕳️😭⚠️,💀🕳️😭⚠️,💀💊🚨⚠️😭,💀🔪😭🕳️,💀🕳️🚨💊🔪",3
279,"💀🕳️😭⚠️,💀💊🚨⚠️😭,💀🔪😭⚠️,💀🕳️🚨🔪😭,💀🕳️😭⚠️🔪",3
280,"💀🕳️⚠️😭🔪,💀⚠️🕳️😭🔪,💀😭⚠️😔💔,💀🕳️⚠️😭🔪,💀🕳️😭💔⚠️",2
280,"💀⚠️🕳️😭🔪,💀😭⚠️,💀🕳️⚠️😭🔪,💀🕳️😭💔⚠️,💀🕳️😭⚠️🔪",1
280,"💀😭⚠️,💀🕳️⚠️😭🔪,💀🕳️😭😔💔,💀🕳️😭⚠️💔,💀🔪⚠️🕳️😭",0
280,"💀🕳️⚠️😭🔪,💀🕳️😭💔⚠️,💀🕳️😭⚠️💔,💀🕳️⚠️😭🔪,💀😔🕳️💔⚠️",0
280,"💀🕳️😭💔⚠️,💀🕳️😭⚠️💔,💀⚠️🕳️😭🔪,💀😔💔⚠️,😔🕳️😭😞💀",1
280,"💀🕳️😭⚠️💔,💀⚠️🕳️😭🔪,💀😔💔⚠️,😔💔🕳️😭⚠️,💀😭⚠️😔✨",0
280,"💀🔪⚠️🕳️😭,💀😔💔⚠️,😔💔🕳️😭⚠️,💀😭⚠️😔✨,😔💔😢😞🕳️",0
280,"💀😔💔⚠️,😔💔🕳️😭⚠️,💀😭⚠️😔✨,😔💔😢😞🕳️,😔🕳️😰💔⚠️",1
280,"😔💔🕳️😭⚠️,💀😭⚠️😔✨,😔💔😢😞,😔🕳️😰💔⚠️,💀🕳️😭😔⚠️",1
280,"💀😭⚠️😔✨,😔💔😢😞,😔🕳️😰💔⚠️,💀🕳️😭😔⚠️,💀😭🕳️🚨",0
280,"😔💔😢😞,😔💔😢🕳️⚠️,💀🕳️😭😔💔,💀😭🕳️🚨,💔🕳️😭😔⚠️",0
280,"😔💔😢🕳️⚠️,💀🕳️😭😔⚠️,💀😭🕳️🚨,💔🕳️😭😔⚠️,😔💔😢😞🕳️",1
280,"💀🕳️😭😔⚠️,💀😭🕳️🚨,💔🕳️😭😔💀,😔💔😢😞🕳️,💀🔪😰⚠️🕳️",1
282,"😔🕳️🌑,💀🕳️😰😭⚠️,💀🕳️😰😭⚠️,😰🕳️😭😔⚠️,💀🕳️😭😰⚠️",1
282,"💀🕳️😰😭⚠️,💀🕳️😰😭⚠️,😰🕳️😭😔⚠️,💀🕳️😭😰⚠️,💀🕳️😰😔😭",1
282,"💀🕳️😰😭⚠️,😰🕳️😭😔⚠️,💀🕳️😭😰⚠️,💀🕳️😰😔💔,💀😭⚠️🕳️",0
282,"😰🕳️😭😔⚠️,💀🕳️😭😰⚠️,💀🕳️😰😔💔,💀😭⚠️🕳️,💀🕳️😭😔⚠️",0
282,"💀🕳️😭😰⚠️,💀🕳️😰😔😭,💀😭⚠️🕳️,💀🕳️😭😔💔,😔💔😢😞🕳️",0
282,"💀🕳️😰😔💔,💀😭⚠️🕳️,💀🕳️😭😔⚠️,😔💔😢😞🕳️,💀🕳️😰😔💔",1
282,"💀😭⚠️🕳️,😔💔😞🕳️⚠️,😔💔😢😞⚠️,💀🕳️😰😔💔,💀🕳️😰⚠️😭",1
282,"💀🕳️😭😔💔,😔💔😢😞🕳️,💀🕳️😰😔💔,💀🕳️😰😭⚠️,💀🕳️😰😭⚠️",1
282,"😔💔😢😞🕳️,💀🕳️😰😔💔,💀🕳️😰😭⚠️,💀🕳️😰😭⚠️,💀😭🕳️⚠️😔",0
282,"💀🕳️😰😔💔,💀🕳️😰⚠️😭,💀🕳️😰😭⚠️,💀😭🕳️⚠️😔,💀🕳️😭😔⚠️",1
282,"💀🕳️😰😭⚠️,💀🕳️😰😭⚠️,💀😭🕳️⚠️😔,💀🕳️😭😔⚠️,💀🕳️😭😞⚠️",0
282,"💀😰🕳️😭⚠️,💀😭🕳️⚠️😔,💀🕳️😭😔⚠️,💀🕳️😭😰⚠️,💀🕳️😰😔💔",0
282,"💀😭🕳️⚠️😔,💀🕳️😭😔⚠️,💀🕳️😭😞⚠️,💀🕳️😭😔⚠️,😔💔🕳️⚠️",1
282,"💀🕳️😭😔⚠️,💀🕳️😭😰🌑,💀🕳️😰😔😭,😔💔🕳️⚠️😭,💀😔🕳️😭⚠️",1
282,"💀🕳️😭😰🌑,💀🕳️😰😔😭,😔💔🕳️⚠️,💀😔🕳️😭⚠️,💀🕳️😰🌑😭",1
282,"💀🕳️😰😔💔,😔💔🕳️⚠️😭,💀😔🕳️😭⚠️,💀🕳️😰🌑😭,💀🕳️😰😔💔",1
282,"😔💔🕳️⚠️😭,💀🕳️😭😔💔,💀🕳️😰🌑😭,💀😔🕳️😭⚠️,💀💊🚨⚠️🕳️",1
282,"💀😔🕳️😭⚠️,💀🕳️😰🌑😭,💀😔🕳️😭⚠️,💀💊⚠️🚨🕳️,💀🕳️😰😔💔",1
282,"💀🕳️😰🌑😭,💀😔🕳️😭⚠️,💀💊⚠️🚨🕳️,💀🕳️😭⚠️😔,💀🕳️⚠️😰💊",1
282,"💀😔🕳️😭⚠️,💀💊🚨⚠️🕳️,💀🕳️😭⚠️🌑,💀🕳️⚠️😰💊,💀🕳️😭😰⚠️",1
282,"💀💊⚠️🚨🕳️,💀🕳️😭⚠️🌑,💀🕳️⚠️😰💊,💀🕳️😭😰⚠️,💀🕳️😭💔⚠️",0
282,"💀🕳️😭⚠️🌑,💀🕳️⚠️😰💊,💀🕳️😭😰⚠️,💀🕳️😭💔⚠️,😔💔😰⚠️🕳️",1
282,"💀🕳️⚠️😰💊,💀🕳️😭😰⚠️,💀🕳️😭💔⚠️,😔💔😰⚠️🕳️,💀😰🕳️😭⚠️",0
282,"💀🕳️😭😰⚠️,💀🕳️😭💔⚠️,😔💔😰⚠️🕳️,💀😰🕳️😭⚠️,😔💔😢🕳️⚠️",1
282,"💀🕳️😭💔⚠️,😔💔😰⚠️🕳️,💀😰🕳️😭⚠️,😔💔😢🕳️⚠️,💀🕳️😰🚨🌑",1
282,"😔💔😰⚠️🕳️,💀😰🕳️😭⚠️,😔💔😢🕳️⚠️,💀🕳️😰🚨😭,💀⚠️🕳️🔪",1
282,"💀😰🕳️😭⚠️,😔💔😢🕳️⚠️,💀🕳️😰🚨🌑,💀⚠️🕳️🔪,💀🕳️😭⚠️😔",1
283,"💀💊🚨⚠️🕳️,💀🔪⚠️😭,💀🕳️😭⚠️💧,💀😭🕳️🚨,💀🔪😰🕳️",1
283,"💀🔪⚠️😭,💀🕳️😭⚠️💧,💀😭🕳️🚨,💀🔪😰🕳️,💀🔪⚠️😰🕳️",1
283,"💀🕳️😭⚠️💧,💀😭🕳️🚨,💀🔪😰🕳️,💀🔪⚠️😰🕳️,💀⚠️🕳️😭😰",3
283,"💀😭🕳️🚨,💀🔪😰🕳️,💀🔪⚠️😰🕳️,💀⏳⚠️🕳️😭,💀🔪⚠️🕳️",1
283,"💀🔪😰🕳️,💀🔪⚠️😰🕳️,💀⏳⚠️🕳️😭,💀🔪⚠️🕳️,💀🔪🕳️😭",1
284,"💀😭⚠️🕳️💔,💀😰🕳️⚠️😭,💀🕳️😰😭⚠️,💀😰🕳️😭⚠️,💀🔪🚨⚠️🕳️",1
284,"💀😰🕳️😭⚠️,💀🕳️😰😭⚠️,😰🕳️😭⚠️😔,💀🔪🚨⚠️🕳️,💀😰🕳️😭⚠️",1
284,"💀🕳️😰😭⚠️,😰🕳️😭⚠️😔,💀🔪🚨⚠️🕳️,💀😰🕳️😭⚠️,💀🕳️😭⚠️🔪",0
284,"💀😰🕳️😭⚠️,💀🔪🚨⚠️🕳️,💀😰🕳️😭⚠️,💀🕳️😭⚠️🔪,💀🕳️⚠️😭🔪",1
284,"💀🔪🚨⚠️🕳️,💀😰🕳️😭⚠️,💀🕳️😭⚠️🔪,💀⚠️🕳️😭,💀😭⚠️🕳️",2
284,"💀😰🕳️😭⚠️,💀🕳️😭⚠️🔪,💀🕳️😭⚠️🚨,💀😭⚠️🕳️,💀🕳️🔪😭",0
284,"💀🕳️😭⚠️🔪,💀⚠️🕳️😭🚨,💀😭⚠️🕳️,💀🕳️🔪😭,😰🕳️😔⚠️",3
285,"💀🕳️😭⚠️🚨,💀⚠️🔪🕳️,💀⚠️🔪🕳️,💀⚠️🔪🪦😰,💀⚠️🕳️😭",1
285,"💀⚠️🔪🕳️,💀⚠️🔪🕳️,💀⚠️🔪🪦😰,💀🕳️⚠️😭🔪,💀😭🕳️⚠️😖",1
285,"💀⚠️🔪🕳️,💀⚠️🔪🪦😰,💀🕳️⚠️😭🔪,💀🕳️😭😰⚠️,💀😭🕳️⚠️",2
285,"💀⚠️🔪🪦😰,💀🕳️🚨😭⚠️,💀🕳️😭⚠️😖,💀😭🕳️⚠️,💀🔪💊🚨⚠️",2
285,"💀⚠️🕳️😭🚨,💀🕳️😭😰⚠️,💀😭🕳️⚠️,💀🔪💊🚨⚠️,💀🚨🔪💊🕳️",1
285,"💀😭🕳️⚠️😰,💀😭🕳️⚠️,💀🔪💊🚨⚠️,💀🚨🔪💊🕳️,💀🕳️⚠️😭💊",2
285,"💀😭🕳️⚠️,💀🔪💊🚨⚠️,💀🚨🔪💊🕳️,💀🕳️⚠️😭💊,💀⚠️🕳️😭",0
285,"💀🔪💊🚨⚠️,💀🚨🔪💊🕳️,💀🕳️⚠️😭💊,💀⚠️🕳️😭,💀🕳️😭🌑",1
285,"💀🚨🔪💊🕳️,💀🕳️⚠️😭💊,💀⚠️🕳️😭,💀🕳️😭🌑,💀🕳️🔪😰⚠️",0
285,"💀🕳️⚠️😭💊,💀⚠️🕳️😭,💀🕳️😭🌑,💀🕳️🔪😰⚠️,😔💔😢🕳️⚠️",2
285,"💀⚠️🕳️😭,💀🕳️😭🌑,💀🕳️🔪😰⚠️,😔💔😢🕳️⚠️,💀🔪💊⚠️",0
285,"💀🕳️😭🌑,💀🕳️😭🔪⚠️,😔💔😢🕳️⚠️,💀🔪💊⚠️,😭💔😔⚠️",1
285,"💀🕳️😭🔪⚠️,😔💔😢🕳️⚠️,💀🔪💊⚠️,😭💔😖💀⚠️,💀😰💊⚠️😭",1
285,"😔💔😢🕳️⚠️,💀🔪💊⚠️,😭💔😔⚠️,💀😰😭⚠️💸,💀🔪🚨😭⚠️",0
285,"💀🔪💊⚠️,😭💔😖💀⚠️,💀😰😭⚠️💸,💀🔪🚨😭⚠️,💀😔🕳️😭⚠️",0
285,"😭💔😔⚠️,💀😰😭⚠️💸,💀🔪🚨😭⚠️,💀😔🕳️😭⚠️,💀🕳️😭⚠️😔",0
285,"💀😰😭⚠️💸,💀🔪🚨😭⚠️,💀😔🕳️😭⚠️,💀🕳️😭💔⚠️,💀⚠️😭🔪",1
285,"💀🔪🚨😭⚠️,💀😔🕳️😭⚠️,💀🕳️😭⚠️😔,💀⚠️😭🔪🚨,💀🚗💥⚠️😭",3
285,"💀😔🕳️😭⚠️,💀🕳️😭💔⚠️,💀⚠️😭🔪🚨,💀🚗💥⚠️😭,💀⚠️🔪🕳️",0
285,"💀🕳️😭💔⚠️,💀⚠️😭🔪,💀🚗💥⚠️😭,💀🕳️⚠️😭🔪,💀⚠️😰🕳️😭",2
285,"💀⚠️😭🔪🩸,💀🚗💥⚠️😭,💀⚠️🕳️😭🔪,💀⚠️😰🕳️😭,💀⚠️😭🕳️🔪",1
285,"💀🚗💥⚠️😭,💀🕳️⚠️😭🔪,💀⚠️😰🕳️😭,💀⚠️😭🕳️🔪,💀😭⚠️🕳️",2
285,"💀⚠️🕳️😭🔪,💀⚠️😰🕳️😭,💀⚠️🕳️😭,💀😭⚠️🕳️,💀🕳️😭💸",2
285,"💀⚠️😰🕳️😭,💀⚠️😭🕳️🔪,💀😭⚠️🕳️,💀🕳️😭💸,💀⚠️🕳️😭",1
285,"💀⚠️😭🕳️🔪,💀😭⚠️🕳️,💀🕳️😭💸,💀⚠️🕳️😭,💀🚨😭🕳️⚠️",2
285,"💀😭⚠️🕳️,💀⚠️😭💸,💀⚠️🕳️😭,💀🚨😭🕳️⚠️,💀⚠️🕳️😰🔪",2
285,"💀🕳️😭💸,💀⚠️🕳️😭😰,💀🚨😭🕳️⚠️,💀⚠️🕳️😰🔪,💀⚠️🕳️😭🔪",1
285,"💀⚠️🕳️😭,💀🚨😭🕳️⚠️,💀⚠️🕳️😰🔪,💀🕳️⚠️🔪🪦,💀😰🕳️😭⚠️",1
285,"💀🚨😭🕳️⚠️,💀⚠️🕳️😰🔪,💀🕳️⚠️🔪🪦,💀😰🕳️😭⚠️,💀😭⚠️🕳️😔",1
285,"💀⚠️🕳️😰🔪,💀🕳️⚠️🔪🪦,💀😰🕳️😭⚠️,💀😭⚠️🕳️😰,💀⚠️🕳️😭",1
285,"💀⚠️🕳️😭🔪,💀😰🕳️😭⚠️,💀😭⚠️🕳️😔,💀⚠️🕳️😭,💀😭⚠️🕳️",2
285,"💀😰🕳️😭⚠️,💀😭⚠️🕳️😰,💀⚠️🕳️😭,💀😭⚠️🕳️😔,💀🕳️😭🚨",2
285,"💀😭⚠️🕳️😰,💀⚠️🕳️😭,💀😭⚠️🕳️,💀🕳️😭🚨,💀⚠️🪦😰🔪",2
285,"💀⚠️🕳️😭,💀😭⚠️🕳️😔,💀🕳️😭🚨,💀⚠️🪦😰🕳️,💀🚗💥⚠️🕳️",2
285,"💀😭⚠️🕳️,💀🕳️😭🚨,💀⚠️🪦😰🕳️,💀🚗💥⚠️🕳️,💀🚗⚠️😰🕳️",3
285,"💀🕳️😭🚨,💀⚠️🪦😰🔪,💀🚗💥⚠️🕳️,💀🚗💥⚠️😭,💀⚠️🔪🕳️🚨",2
285,"💀⚠️🪦😰🕳️,💀🚗💥⚠️🕳️,💀🚗💥⚠️😭,💀⚠️🔪🕳️🚨,💀⚠️😭🕳️🔪",1
285,"💀🚗💥⚠️🕳️,💀🚗⚠️😰🕳️,💀⚠️🔪🌲🛏️,💀😭🔪⚠️🕳️,💀😭😰⚠️💔",2
285,"💀🚗💥⚠️😭,💀⚠️🔪🕳️🚨,💀😭🔪⚠️🕳️,💀😭😰⚠️💔,💀🚨⚠️😭🕳️",2
285,"💀⚠️🔪🕳️🚨,💀😭🔪⚠️🕳️,💀😭😰⚠️💔,💀🚨😭🕳️,💀🔪🚨⚠️🕳️",2
285,"💀😭🔪⚠️🕳️,💀😭⚠️😔💔,💀🚨😭🕳️⚠️,💀🔪🚨⚠️🕳️,💀🏨⚠️🕳️",2
285,"💀😭😰⚠️💔,💀🚨😭⚠️🕳️,💀🔪🚨⚠️🕳️,💀⚠️🕳️🏨,💀⚠️🔪🕳️😰",1
285,"💀🚨😭🕳️,💀🔪🚨⚠️🕳️,💀🏨⚠️🕳️,💀🔪⚠️🕳️😰,💀🎄⚠️😭🕳️",2
285,"💀🔪🚨⚠️🕳️,💀🚨⚠️🕳️,💀⚠️🔪🕳️🚨,💀🎄⚠️😭🕳️,💀🕳️⚠️😭🚨",1
285,"💀⚠️🕳️🏨,💀⚠️🔪🕳️🚨,💀🎄⚠️😭🕳️,💀🕳️⚠️😭🔪,💀😭🕳️⚠️",1
285,"💀🔪🚨⚠️🕳️,💀🎄⚠️😭🕳️,💀🕳️🚨😭⚠️,💀😭🕳️🚨,💀🚨⚠️😭🕳️",1
285,"💀🎄⚠️😭🕳️,💀🕳️⚠️😭🔪,💀😭🕳️🚨,💀🚨⚠️😭🕳️,💀😭⚠️🕳️🔪",0
285,"💀🕳️🚨😭⚠️,💀😭🕳️😰,💀🚨⚠️😭🕳️,💀😭⚠️🕳️🔪,💀⚠️😰🕳️😭",1
285,"💀😭🕳️😰,💀🚨⚠️😭🕳️,💀😭⚠️🕳️🔪,💀⚠️😰🕳️😭,💀😭🕳️⚠️",1
285,"💀🚨⚠️😭🕳️,💀😭⚠️🕳️🔪,💀⚠️😰🕳️😭,💀😰🕳️😭⚠️,💀🔪😭🚨",1
285,"💀😭⚠️🕳️🔪,💀⚠️😰🕳️😭,💀😭🕳️⚠️,💀🔪😭🚨,💀🕳️😭⚠️",2
285,"💀⚠️😰🕳️😭,💀😰🕳️😭⚠️,💀🔪😭🚨,💀🕳️😭⚠️,💀🔪🚨😭⚠️",1
285,"💀😭🕳️⚠️,💀🔪😭🚨,💀🕳️😭⚠️,💀🔪🚨🕳️😭,💀⚠️🔪😰🕳️",2
285,"💀🔪😭🚨,💀🕳️😭⚠️,💀🔪🚨🕳️😭,💀🔪⚠️😭🕳️,💀⚠️🪦😰🔪",2
285,"💀🕳️😭⚠️,💀🔪🚨🕳️😭,💀🔪⚠️😭🌑,💀⚠️🪦😰🔪,💀🔪🚨⚠️🕳️",1
285,"💀🔪🚨🕳️😭,💀⚠️🔪😭🕳️,💀⚠️🔪🌲💊,💀🔪🚨⚠️🕳️,💀🙏😭⚠️🕳️",1
285,"💀🔪⚠️😭🕳️,💀⚠️🪦😰🕳️,💀🔪🚨⚠️🕳️,💀🙏😭⚠️🕳️,💀😭⚠️🕳️",3
285,"💀⚠️🔪🌲,💀🔪🚨⚠️🕳️,💀🙏😭⚠️🕳️,💀😭⚠️🚨,💀🔪🚨😭🕳️",1
285,"💀🔪🚨⚠️🕳️,💀🙏😭⚠️🕯️,💀😭⚠️🚨,💀🔪🕳️😭,💀🕳️😭⚠️",1
285,"💀🙏😭⚠️🕳️,💀😭⚠️🚨,💀🔪🕳️😭,💀🕳️😭⚠️,💀🔪🚨🕳️😭",1
285,"💀😭⚠️🚨,💀🔪🕳️😭,💀🕳️😭⚠️,💀⚠️🕳️😭🔪,💀🕳️😭⚠️😖",1
285,"💀🔪🚨😭🕳️,💀🕳️😭⚠️,💀⚠️🕳️😭🔪,💀🕳️😭⚠️,💀😔🕳️⚠️😭",1
285,"💀🕳️😭⚠️,💀🔪🚨🕳️😭,💀🕳️😭⚠️😖,💀😔🕳️⚠️😭,💀🕳️😭😞⚠️",1
285,"💀🔪🚨🕳️😭,💀🕳️😭⚠️,💀😔🕳️😭⚠️,💀🕳️😭😔⚠️,💀🕳️😭⚠️",2
285,"💀🕳️😭⚠️😖,💀😔🕳️⚠️😭,💀🕳️😭😔⚠️,💀🕳️😭⚠️,💀⚠️😰🕳️😭",0
285,"💀😔🕳️⚠️😭,💀🕳️😭😔⚠️,💀🕳️😭⚠️🌑,💀🚨😭⚠️🕳️,💀🕳️😭⚠️😔",2
285,"💀🕳️😭😞⚠️,💀🕳️😭⚠️,💀🚨😭⚠️🕳️,💀🕳️😔💔,💀⚠️🕳️😭🚨",0
285,"💀🕳️😭⚠️,💀🚨😭⚠️🕳️,💀🕳️😭⚠️😔,💀⚠️🕳️😭🚨,💀🕳️⚠️😭",0
285,"💀⚠️😰🕳️😭,💀🕳️😭⚠️😔,💀⚠️🕳️😭🚨,💀🕳️⚠️😭🚨,💀😔🕳️⚠️😭",2
285,"💀🕳️😭⚠️😔,💀⚠️🕳️😭🚨,💀🕳️⚠️😭🚨,💀😔🕳️⚠️😭,💀🔫🚨⚠️😭",1
285,"💀⚠️🕳️😭🚨,💀🕳️⚠️😭🚨,💀😔🕳️😭⚠️,💀🔫🚨⚠️😭,💀⚠️🔪😭🕳️",0
285,"💀⚠️🕳️😭🚨,💀😔🕳️⚠️😭,💀🔫🚨⚠️😭,💀⚠️🔪⏳😭,💀🕳️😭⚠️😔",0
285,"💀😔🕳️⚠️😭,💀🔫🚨⚠️😭,💀⚠️🔪😭🕳️,💀🕳️😭⚠️,💀🕳️⚠️😭🌑",1
285,"💀🔫🚨⚠️😭,💀⚠️🔪😭🕳️,💀🕳️😭⚠️😔,💀🕳️⚠️😭🌑,💀🕳️⚠️😭🌑",0
285,"💀⚠️🔪⏳😭,💀🕳️😭⚠️😔,💀🕳️⚠️😭🌑,💀🕳️⚠️😭🌑,💀⚠️🕳️😭",1
285,"💀🕳️😭⚠️😔,💀🕳️⚠️😭🌑,💀🕳️⚠️😭🌑,💀⚠️🕳️😭🛏️,💀😭⚠️🕳️",2
285,"💀🕳️⚠️😭🌑,💀🕳️⚠️😭🌑,💀⚠️🕳️😭🛏️,💀😭⚠️🕳️,💀⚠️🔪🏨😭",2
285,"💀🕳️⚠️😭🌑,💀⚠️🕳️😭🛏️,💀😭⚠️🕳️,💀⚠️🔪🏨😭,💀🔪🚨😭⚠️",0
285,"💀⚠️🕳️😭🛏️,💀😭⚠️🕳️,💀⚠️🔪🏨😭,💀🔪🚨😭⚠️,💀🕳️⚠️😭🌑",1
285,"💀😭⚠️🕳️,💀⚠️🔪🏨😭,💀🔪🚨😭⚠️,💀🕳️⚠️😭🌑,💀🔪🕳️😭",0
285,"💀⚠️🔪🏨😭,💀🔪🚨😭⚠️,💀🕳️⚠️😭🎭,💀🔪🕳️😭,💀⚠️🕳️😭😰",1
285,"💀🔪🚨😭⚠️,💀🕳️⚠️😭🌑,💀🔪🕳️😭,💀⚠️🕳️😭,💀🕳️😭⚠️",1
285,"💀🕳️⚠️😭🎭,💀🔪🕳️😭,💀⚠️🕳️😭😰,💀🕳️😭⚠️😔,💀🔪🏨⚠️😰",2
285,"💀🔪🕳️😭,💀⚠️🕳️😭,💀🕳️😭⚠️😔,💀🚨⚠️🕳️🔪,💀🕳️⚠️🔪😭",0
285,"💀⚠️🕳️😭😰,💀🕳️😭⚠️,💀🔪🏨⚠️😰,💀🕳️🚨🔪😭,💀⚠️🕳️🔪",1
285,"💀🕳️😭⚠️,💀🔪🏨⚠️😰,💀🕳️🔪⚠️😭,💀⚠️🕳️🔪,💀🕳️😭⚠️",1
285,"💀🔪🏨⚠️😰,💀🕳️⚠️🔪😭,💀⚠️🕳️🔪,💀🕳️😭⚠️,💀🕳️😭⚠️",1
285,"💀🕳️⚠️🔪😭,💀⚠️🕳️🔪,💀🕳️😭⚠️,💀🕳️😭⚠️,💀🕳️😭⚠️",1
285,"💀⚠️🕳️🔪,💀🕳️😭⚠️,💀🕳️😭⚠️,💀🕳️😭⚠️,💀⚠️🕳️😭",0
285,"💀🕳️😭⚠️,💀🕳️😭🚨,💀🕳️😭⚠️,💀⚠️🕳️😭,💀🕳️😰😭⚠️",2
285,"💀🕳️😭⚠️,💀🕳️😭⚠️,💀⚠️🕳️😭,💀🕳️😰😭⚠️,💀🔪🚨😭⚠️",2
285,"💀🕳️😭⚠️,💀⚠️🕳️😭,💀🕳️😰😭⚠️,💀🔪🚨😭⚠️,💀🔫🚨😞🕳️",1
285,"💀⚠️🕳️😭,💀🕳️😰😔💔,💀🔪🚨😭⚠️,💀🔫🚨😞🕳️,💀🕳️⚠️😭🔪",2
285,"💀🕳️😰😔💔,💀🔪🚨😭⚠️,💀🔫🚨😞🕳️,💀🕳️⚠️😭🔪,💀⚠️🕳️😭🚨",2
285,"💀🔪🚨😭⚠️,💀🔫🚨😞🕳️,💀🕳️⚠️😭🔪,💀⚠️🕳️😭🔪,💀⚠️🕳️🔪🏨",3
285,"💀🔫🚨😞🕳️,💀🕳️⚠️😭🔪,💀⚠️🕳️😭🚨,💀⚠️🕳️🔪🏨,💀⚠️🕳️😭😰",3
285,"💀🕳️⚠️😭🔪,💀⚠️🕳️😭🚨,💀⚠️🕳️🔪🏨,💀⚠️🕳️😭😰,💀🕳️⚠️😭",3
285,"💀⚠️🕳️😭🚨,💀⚠️🕳️🔪🏨,💀⚠️🕳️😭😰,💀🕳️⚠️😭,💀⚠️🔪🕳️",0
285,"💀⚠️🕳️🔪🏨,💀⚠️🕳️😭😰,💀🕳️⚠️😭,💀⚠️🔪🛏️⏳,💀⚠️🕳️🔪",3
285,"💀⚠️🕳️😭😰,💀🕳️⚠️😭,💀⚠️🔪🛏️⏳,💀⚠️🕳️🌑,💀🕳️🔪🚨",1
285,"💀🕳️⚠️😭,💀⚠️🔪🕳️,💀⚠️🕳️🔪,💀🕳️🔪🚨😭,💀🕳️😭⚠️",3
285,"💀⚠️🔪🛏️⏳,💀⚠️🕳️🔪,💀🕳️🔪🚨😭,💀🕳️😭⚠️,💀🕳️🚨😭⚠️",2
285,"💀⚠️🕳️🔪,💀🕳️🔪🚨😭,💀😭🕳️⚠️,💀🕳️⚠️😭🔪,💀🕳️🚨😭⚠️",2
285,"💀🕳️🔪🚨😭,💀😭🕳️⚠️,💀🕳️⚠️😭🔪,💀🕳️🚨😭⚠️,💀🕳️⚠️😭😔",2
285,"💀😭🕳️⚠️,💀🕳️🚨😭⚠️,💀🕳️🚨😭⚠️,💀⚠️🕳️😭,💀⚠️🕳️😭🔪",1
285,"💀🕳️🚨😭⚠️,💀🕳️🚨😭⚠️,💀🕳️⚠️😭😔,💀⚠️🕳️😭🔪,💀🕳️😭⚠️⚰️",2
285,"💀🕳️🚨😭⚠️,💀🕳️⚠️😭😔,💀⚠️🕳️😭🔪,💀🕳️😭⚠️⚰️,💀⚠️🕳️😭",2
285,"💀🕳️⚠️😭😔,💀⚠️🕳️😭🔪,💀🕳️😭⚠️⚰️,💀⚠️🕳️😭,💀⚠️🔪⏳😰",2
285,"💀⚠️🕳️😭🔪,💀🕳️😭⚠️⚰️,💀⚠️🕳️😭,💀⚠️🔪⏳😭,💀⚠️🕳️😭",2
285,"💀🕳️😭⚠️😔,💀⚠️🕳️😭,💀⚠️🔪⏳😰,💀⚠️🕳️😭,💀🕳️😭⚠️",2
285,"💀⚠️🕳️😭,💀🔪🚨⚠️😭,💀⚠️🕳️😭,💀🕳️😭⚠️,💀🔪🚨⚠️😭",2
285,"💀🔪🚨⚠️😭,💀⚠️🕳️😭,💀🕳️😭⚠️,💀🔪🚨⚠️😭,💀🕳️😭⚠️",2
285,"💀⚠️🕳️😭,💀🕳️😭⚠️,💀🔪🚨⚠️😭,💀🕳️😭⚠️,💀🔫🚨⚠️🕳️",2
285,"💀🕳️😭⚠️,💀🔪🚨⚠️😭,💀🕳️😭⚠️,💀🔫🚨⚠️🕳️,💀🕳️😭⚠️",2
285,"💀🔪🚨⚠️😭,💀🕳️😭⚠️,💀🔪🚨⚠️🕳️,💀🕳️😭⚠️,💀⚠️🕳️😰🔪",1
285,"💀🕳️😭⚠️,💀🔫🚨⚠️🕳️,💀🕳️😭⚠️,💀⚠️🕳️😰🔪,💀🕳️⚠️😭🌑",2
285,"💀🔫🚨⚠️🕳️,💀🕳️😭⚠️,💀⚠️🕳️😰🔪,💀🕳️⚠️😭🌑,💀💊🔪🕳️🚨",1
285,"💀🕳️😭⚠️,💀⚠️🕳️😰🪦,💀🕳️⚠️😭🌑,💀💊🔪🕳️🚨,💀🕳️😭⚠️🔪",0
285,"💀⚠️🕳️😰🔪,💀🕳️⚠️😭🌑,💀💊🔪🕳️🚨,💀🕳️😭⚠️🔪,💀🕳️⚠️😭🌑",0
285,"💀🕳️⚠️😭🌑,💀💊🔪🕳️🚨,💀🕳️😭⚠️🔪,💀🕳️⚠️😭🌑,💀☠️🕳️🚨⚠️",1
285,"💀💊🔪🕳️🚨,💀🕳️😭⚠️🔪,💀🕳️⚠️😭🌑,💀☠️🕳️⚠️🚨,💀🕳️😭😰⚠️",0
285,"💀🕳️😭⚠️🔪,💀🕳️⚠️😭🌑,💀🕳️⚠️🚨😵,💀🕳️😭😰⚠️,💀⚠️😭🌑",3
285,"💀🕳️⚠️😭🌑,💀🕳️⚠️🚨😵,💀🕳️😭😰⚠️,💀⚠️😭🌑,💀⚠️🕳️😭🚨",1
285,"💀☠️🕳️🚨⚠️,💀🕳️😭😰⚠️,💀⚠️😭🌑,💀⚠️🕳️😭🚨,💀😭⚠️🕳️",1
285,"💀🕳️😭😰⚠️,💀⚠️😭🌑,💀⚠️🕳️😭🚨,💀😭⚠️🕳️,💀😰🕳️😭⚠️",1
285,"💀⚠️😭🌑,💀⚠️🕳️😭🚨,💀😭⚠️🕳️,💀😰🕳️😭⚠️,💀⚠️😰🕳️🚨",1
285,"💀⚠️🕳️😭🚨,💀😭⚠️🕳️,💀😰🕳️😭⚠️,💀⚠️😰🕳️🚨,💀😭😰⚠️🕳️",1
285,"💀😭⚠️🕳️,💀😰🕳️😭⚠️,💀⚠️😰🕳️🚗,💀😭😰⚠️🕳️,💀😭⚠️🕳️💔",1
285,"💀😰🕳️😭⚠️,💀⚠️😰🕳️😭,💀😭😰⚠️🕳️,💀😭⚠️🕳️😫,💀🔪😭⚠️",1
285,"💀⚠️😰🕳️🚨,💀😭😰⚠️🕳️,💀😭🔪🌑,💀🔪😭⚠️,💀🚨😭🕳️⚠️",1
285,"💀😭😰⚠️🕳️,💀😭⚠️🕳️😖,💀🔪😭⚠️,💀🚨😭🕳️⚠️,💀😭🕳️⚠️😖",1
285,"💀😭⚠️🕳️😖,💀🔪😭⚠️,💀🚨😭🕳️⚠️,💀😭🕳️⚠️😖,💀🕳️😭⚠️🔪",1
285,"💀🔪😭⚠️,💀🚨😭🕳️⚠️,💀😭🕳️⚠️😖,💀🕳️😭⚠️🔪,💀🕳️😭⚠️💊",1
285,"💀🚨😭🕳️⚠️,💀😭🕳️⚠️😖,💀🕳️😭⚠️🔪,💀😭🕳️⚠️💊,💀😭⚠️🕳️",1
285,"💀😭🕳️⚠️😖,💀🕳️😭⚠️🔪,💀🕳️😭⚠️💊,💀😭⚠️🕳️,💀🔪🚨😭⚠️",1
285,"💀🕳️😭⚠️🔪,💀🕳️😭⚠️💊,💀😭🕳️⚠️,💀🔪🚨💊😭,💀⚠️🚨😭🕳️",1
285,"💀🕳️😭⚠️💊,💀😭⚠️🕳️,💀🔪🚨💊😭,💀⚠️😰🕳️😭,💀😭🔪🌑",1
285,"💀😭⚠️🕳️,💀🔪🚨💊😭,💀⚠️😰🕳️🚨,💀😭🔪🌑,💀🔪⚠️😭🌑",1
285,"💀🔪🚨💊😭,💀⚠️🚨😭🕳️,💀😭🔪🌑,💀🔪⚠️😭🕳️,💀⚠️😭🕳️🚨",1
285,"💀⚠️🚨😭🕳️,💀😭🔪🌑,💀🔪⚠️😭🕳️,💀⚠️😭🕳️🚨,💀🕳️😭⚠️",1
285,"💀😭🔪🌑,💀🔪⚠️😭🕳️,💀⚠️😭🕳️🚨,💀🕳️😭⚠️,💀🕯️😭⚠️🕳️",1
285,"💀🔪⚠️😭🕳️,💀⚠️😭🕳️🚨,💀🕳️😭⚠️😰,💀🕯️🕳️😭⚠️,💀⚠️🔪🕳️",1
285,"💀⚠️😭🕳️🚨,💀🕳️😭⚠️,💀🕯️🕳️😭⚠️,💀⚠️🔪😭🚨,💀😰🕳️😭⚠️",1
285,"💀🕳️😭⚠️,💀🕯️🕳️😭⚠️,💀⚠️🔪😭🚨,💀🕳️😭⚠️,💀🔪😭⚠️🚨",1
285,"💀🕯️🕳️😭⚠️,💀⚠️🔪😭🚨,💀😰🕳️😭⚠️,💀🔪😭⚠️🚨,💀⚠️😰🕳️😭",1
285,"💀⚠️🔪🕳️,💀🕳️😭⚠️,💀🔪😭⚠️🚨,💀⚠️😰🕳️😭,💀⚠️😰🕳️😭",2
285,"💀😰🕳️😭⚠️,💀🔪😭⚠️🚨,💀⚠️😰🕳️😭,💀⚠️😰🕳️😭,💀🔪🚨⚠️😭",2
285,"💀🔪😭⚠️🚨,💀⚠️😰🕳️😭,💀⚠️😰🕳️😭,💀⚠️🔪😭,💀🚨⚠️😭🕳️",2
285,"💀⚠️😰🕳️😭,💀⚠️😰🕳️😭,💀⚠️🔪😭,💀🚨⚠️😭🕳️,💀🔪🚨⚠️😭",2
285,"💀⚠️😰🕳️😭,💀⚠️🔪😭,💀🔪🚨😭⚠️,💀🔪🚨⚠️😭,💀🔪🏨⚠️🚨",0
285,"💀⚠️🔪😭,💀🔪🚨😭⚠️,💀🔪🚨⚠️😭,💀🔪🏨⚠️🚨,💀⚠️🕳️😭",1
285,"💀🔪🚨😭⚠️,💀🔪🚨⚠️😭,💀⚠️🔪🏨,💀🕳️⚠️😭,💀😭🔪🌑",1
285,"💀🔪🚨⚠️😭,💀🔪🏨⚠️🚨,💀🕳️⚠️😭🌑,💀😭🔪🌑,💀🔪🚨😭⚠️",1
285,"💀🔪🏨⚠️🚨,💀⚠️🕳️😭,💀😭🔪🌑,💀🔪🚨😭⚠️,💀🚗⚠️😭",1
285,"💀⚠️🕳️😭,💀😭🔪🌑,💀🔪🚨😭⚠️,💀🚗⚠️🕳️😰,💀🔪🚨⚠️😭",0
286,"💀😭⚠️🕳️😔,💀🕳️😭⚠️🚨,💀🕳️😭😔⚠️,😔🕳️😰💀,💀🔪🚨⚠️😭",0
288,"💀💊🔪😭,😰😔💔⚠️,💀💊😭🕳️🚨,💊😭😰⚠️💀,💀🔪🕳️😭",0
288,"😰😔💔⚠️,💀💊😭🕳️🚨,💊😭😰⚠️💀,💀🔪🕳️😭,😰💀😭⚠️",0
288,"💀💊😭🕳️🚨,💊😭😰⚠️💀,💀🔪🕳️😭,😰💀😭⚠️,💀🕳️⚠️😭🔪",1
288,"💊😭😰⚠️💀,💀🔪🕳️😭,😰💀😭⚠️,💀🕳️⚠️😭🔪,💀😭🕳️⚠️😔",2
288,"💀🔪🕳️😭,😰💀😭⚠️,💀🕳️⚠️😭🔪,💀😭🕳️⚠️😔,💀🔪🚨💊⚠️",3
288,"😰💀😭⚠️,💀🕳️⚠️😭🔪,💀😭🕳️⚠️😔,💀🔪🚨💊⚠️,💀🩸🔪😭⚠️",3
288,"💀🕳️⚠️😭🔪,💀😭🕳️⚠️😔,💀🔪🚨💊⚠️,💀🩸🔪😭⚠️,💀🩸😭⚠️",1
289,"😔😰🕳️⚠️💔,😔💔😢,😊😌💪,😔😟💔,💀⚠️🕳️😭🧠",1
289,"😔💔😢,😊😌💪,😔😟⚠️,💀⚠️🕳️😭🧠,⚠️😔💔😢",1
289,"😊😌💪,😔😟💔,💀⚠️🕳️😭🧠,😔💔😢,💀🔪😰🕳️",2
289,"😔😟💔,💀⚠️🕳️😭🧠,😔💔😢,💀🔪😰🕳️,💀😭🕳️⚠️💸",1
289,"💀⚠️🕳️😭🧠,😔💔😢,💀🔪😰🕳️⚠️,💀😭🕳️⚠️💸,😔💔😞⚠️🕳️",3
289,"😔💔😢,💀🔪😰🕳️⚠️,💀😭🕳️⚠️💸,😔💔😞⚠️🕳️,💀⚠️🕳️😭",1
290,"😔💔😢😞⚠️,💀🔪🚨⚰️💊,😔💔😢😞⚠️,💀🕳️😌⚠️,💀🔪😭⚠️",1
290,"💀🔪🚨⚰️💊,😔💔😢😞🕳️,💀🕳️😌✨,💀🔪😭⚠️,💀🕳️😭⚠️🚨",1
290,"😔💔😢😞⚠️,💀🕳️😌⚠️,💀🔪😭⚠️,💀🕳️😭⚠️🚨,💀🔪🚨😭🕳️",1
290,"💀🕳️😌✨,💀🔪😭⚠️,💀🕳️😭⚠️🚨,💀🔪🚨😭⚠️,💀😭🙏🕳️⚠️",0
290,"💀🔪😭⚠️,💀🕳️😭⚠️🚨,💀🔪🚨😭⚠️,💀😭🙏🕳️⚠️,💀🩸🕳️😭⚠️",2
290,"💀🕳️😭⚠️🚨,💀🔪🚨😭⚠️,💀😭🙏🕳️⚠️,💀🩸🕳️😭⚠️,💀🔪⚠️😭",0
290,"💀🔪🚨😭⚠️,💀😭🙏🕳️⚠️,💀🩸🕳️😭⚠️,💀🔪⚠️😭,💀🕳️😰😭⚠️",1
290,"💀😭🙏🕳️⚠️,💀🩸🕳️😭⚠️,💀🔪⚠️😭,💀🕳️😰😭⚠️,💀😰🕳️😭⚠️",1
291,"😔💔😡😞🕳️,💀⚠️🕳️😭🚨,😊😌💪,💀🔪😭⚠️🕳️,💀⚠️🔪😭🚨",0
291,"💀⚠️🕳️😭🚨,😊😌💪,💀🔪😭⚠️🕳️,💀⚠️🔪😭🚨,💀⚠️🌑🕳️",0
291,"😊😌💪,💀🔪😭⚠️,💀⚠️🔪😭🚨,💀⚠️🌑🕳️,😔💔😡",0
291,"💀🔪😭⚠️🕳️,💀⚠️🔪😭,💀⚠️🌑🕳️,😔💔😡,😔💔😢🕳️⚠️",0
291,"💀⚠️🔪😭,💀⚠️🌑🕳️,😔💔😡,😔💔😢🕳️⚠️,😔💔😖",0
291,"💀⚠️🌑🕳️,😔💔😡⚠️,😔💔😢🕳️⚠️,😔💔😖,😔💔😢",1
291,"😔💔😡,😔💔🕳️😭⚠️,😔💔😞,😔💔😢,💀🕳️😰😭⚠️",0
291,"😔💔😢🕳️⚠️,😔💔😖😞⚠️,😔💔😢,💀🕳️😰😭⚠️,💀🕳️😭😔⚠️",0
291,"😔💔😖😞⚠️,😔💔😢,💀🕳️😰😭⚠️,💀🕳️😭😔⚠️,😔💔😢😞",1
291,"😔💔😢,💀🕳️😰😭⚠️,💀🕳️😭😔⚠️,😔💔😢😞,💀🕳️⚠️😭🔪",1
291,"💀🕳️😰😭⚠️,💀🕳️😭😔⚠️,😔💔😢😞,💀🕳️⚠️😭🔪,💀🕳️😰😭⚠️",0
291,"💀🕳️😭😔⚠️,😔💔😢😞⚠️,💀🕳️⚠️😭🔪,💀🕳️😰😭⚠️,😔💪✨",0
291,"😔💔😢😞,💀🕳️⚠️😭🔪,💀🕳️😰😭⚠️,😔💪✨,😔💔🕳️😭⚠️",0
291,"💀🕳️⚠️😭🔪,💀🕳️😰😭⚠️,😔💪✨,😔💔🕳️😭⚠️,💀⚠️🕳️😰🚨",0
291,"💀🕳️😰😭⚠️,😔💪✨,😔💔😰⚠️🕳️,💀⚠️🕳️😭🚨,💀⚠️😰🕳️🚨",0
291,"😔💪✨,😔💔🕳️😭⚠️,💀⚠️🕳️😭🚨,💀⚠️🕳️😭🚨,💀⚠️🕳️😭🚨",0
291,"😔💔😰🕳️⚠️,💀⚠️🕳️😰🚨,💀⚠️🕳️😭🚨,💀⚠️🕳️😭🚨,😔💔😢",0
291,"💀⚠️🕳️😰🚨,💀⚠️🕳️😰🚨,💀⚠️🕳️😰🚨,😔💔😢,😰💀⚠️😭",0
291,"💀⚠️🕳️😭🚨,💀⚠️😰🕳️🚨,😔💔😢,😰💀⚠️😭,😰⚠️💀🕳️😭",2
291,"💀⚠️😰🕳️🚨,😔💔😢,😰⚠️💀😭,😰⚠️💀🕳️😭,💊🔪😭😞⚠️",0
291,"😔💔😢,😰⚠️💀😭,😰⚠️💀🕳️😭,💊🔪😭😞⚠️,😔💔🕳️😭⚠️",0
291,"😰💀⚠️😭,😰😨⚠️💀🕳️,💊🔪😭😞⚠️,😔💔🕳️😭⚠️,💀💊😭⚠️",0
292,"💀🕳️😰⚠️😭,💀🕳️😭💊⚠️,💀🕳️😭😔⚠️,💀🕳️😭⚠️💊,💀🕳️😭⚠️😵",2
292,"💀🕳️😭💊⚠️,💀🕳️😭😔⚠️,💀🕳️😭⚠️💊,💀🕳️😭⚠️😵,💀🔪⚠️😭🕳️",1
292,"💀🕳️😭😔⚠️,💀🕳️😭⚠️💊,💀🕳️😭⚠️😵,💀🔪⚠️😭🕳️,💀🕳️😰😔⚠️",0
292,"💀🕳️😭⚠️💊,💀🕳️😭⚠️😵,💀🔪⚠️😭🕳️,💀🕳️😰😔⚠️,💀🕳️😰😔😭",1
292,"💀🕳️😭⚠️😵,💀🔪⚠️😭🕳️,💀🕳️😰😔⚠️,💀🕳️😭😔⚠️,💀😰🕳️😭⚠️",0
292,"💀🔪⚠️😭🕳️,💀🕳️😰😔⚠️,💀🕳️😭😔⚠️,💀😰🕳️😭⚠️,💀⚠️😭😔💪",0
292,"💀🕳️😰😔⚠️,💀🕳️😭😔⚠️,💀😰🕳️😭⚠️,💀⚠️😭😔💪,😔💔😞",2
292,"💀🕳️😭😔⚠️,💀😰🕳️😭⚠️,💀⚠️😭😔💪,😔😢😞,💀🔪😭⚠️🕳️",0
292,"💀😰🕳️😭⚠️,💀⚠️😭😔💪,😔💔😢,💀🔪😭⚠️🕳️,😔😞🕳️",1
292,"💀⚠️😭😔💪,😔💔😞,💀🔪😭⚠️🩸,😔😞🕳️⚠️,💀😔🕳️😭⚠️",0
292,"😔💔😞,💀🔪😭⚠️🕳️,😔😞🕳️,💀😔🕳️😭⚠️,😔💔😢",1
292,"💀🔪😭⚠️🕳️,😔😞🕳️,💀😔🕳️😭⚠️,😔💔😢,💀😰💔😔⚠️",0
292,"😔😞🕳️,💀😔🕳️😭⚠️,😔💔😢😞,💀😰💔😔⚠️,😔💔😢😞⚠️",1
292,"💀😔🕳️😭⚠️,😔💔😢,💀😰💔😔⚠️,😔💔😢😞⚠️,💀😭⚠️😖💔",1
292,"😔💔😢,💀😰💔😔⚠️,😔💔😢😞⚠️,💀😭⚠️😖💔,💀😭🕳️⚠️",1
292,"💀😰💔😔⚠️,😔💔😢😞⚠️,💀😭⚠️😖💔,💀😭⚠️🕳️,💀🔪😭⚠️",2
292,"😔💔😢😞⚠️,💀😭⚠️😖💔,💀😭⚠️🕳️😔,💀🔪😭⚠️,💀⚠️🕳️😭📅",0
292,"💀😭⚠️😖💔,💀😭⚠️🕳️😔,💀🔪😭⚠️,💀⚠️🕳️😭,😔💔😢",1
292,"💀😭⚠️🕳️😔,💀🔪😭⚠️,💀⚠️🕳️😭📅,😔💔😢,💀🕳️😭⚠️",1
292,"💀🔪😭⚠️,💀⚠️🕳️😭,😔💔😢,💀😰🕳️😭⚠️,💀😭⚠️🕳️😖",2
292,"💀⚠️😭🕳️📅,😔💔😢,💀⚠️🕳️😭😖,💀😭⚠️🕳️,💀🔪😭⚠️",1
292,"😔💔😢,💀⚠️😭🕳️😖,💀😭⚠️🕳️😔,💀🔪😭⚠️,💀🕳️😭⚠️🔪",1
292,"💀⚠️😭🕳️😖,💀😭⚠️🕳️😖,💀🔪😭⚠️,💀🕳️😭⚠️🔪,💀😭⚠️😖💔",0
292,"💀😭⚠️🕳️,💀🔪😭⚠️,💀🕳️😭⚠️🔪,💀😭⚠️😖💔,😭💔😔⚠️",0
292,"💀🔪😭⚠️,💀🕳️😭⚠️🔪,💀😭⚠️😖💔,😭💔😔⚠️,😔😞🕳️",0
292,"💀🕳️😭⚠️🔪,💀😭⚠️😖💔,😔💔🕳️😭,😔😞😖🕳️,😔😞😩⚠️",1
292,"💀😭⚠️😖💔,😔💔🕳️😭,😔😞🕳️,😔😞😩⚠️,💀😭😰🕳️⚠️",0
292,"😭💔😔⚠️,😔😞🕳️,😔😞😩⚠️,💀😭😰🕳️⚠️,💀😰🕳️😭⚠️",1
292,"😔😞😖,😔😞😩⚠️,💀😭😰🕳️⚠️,💀😰🕳️😭⚠️,💀😰🕳️😭",0
292,"😔😞😩⚠️,💀😭😰🕳️⚠️,💀🕳️😭⚠️😔,💀😰🕳️😭,😔💔😢",1
292,"💀😭😰🕳️⚠️,💀😰🕳️😭⚠️,💀😰🕳️😭⚠️,😔💔😢😞,💀🔪🚨😭⚠️",0
292,"💀🕳️😭⚠️😔,💀😰🕳️😭🚨,😔💔😢😞,💀🔪🚨😭⚠️,😰😔💔⚠️",1
292,"💀😰🕳️😭,😔💔😢😞,💀🔪🚨😭🌑,😰😔💔⚠️,💀🔪😭⚠️",1
292,"😔💔😢,💀🔪😰🌑,😰😔💔⚠️,💀🔪😭⚠️,💀🔪🚨😭",0
292,"💀🔪😰🌑,😰😔💔⚠️,💀🔪😭⚠️,💀🔪🚨😭,💀🕳️😰😔💔",1
292,"😰😔💔⚠️,💀🔪😭⚠️,💀🔪🚨😭,💀🕳️😰😔💔,💀🕳️😭⚠️",1
292,"💀🔪😭⚠️,💀🔪🚨😭,💀🕳️😰😔💔,💀🕳️😭⚠️,💀🕳️😭🚨⚠️",1
292,"💀🔪🚨😭,💀🕳️😰😔😭,💀😭🕳️⚠️,💀🕳️😭🚨⚠️,💀⚠️😰🕳️😭",1
292,"💀🕳️😰😔💔,💀🕳️😭⚠️,💀🕳️😭🚨⚠️,💀⚠️😰🕳️😭,💀🔪🚨😭",1
292,"💀🕳️😭⚠️,💀🕳️😭🚨⚠️,💀⚠️😰🕳️😭,💀🔪🚨😭,💀😰🕳️😭⚠️",1
292,"💀🕳️😭🚨⚠️,💀⚠️😰🕳️😭,💀🚨😭⚠️,💀😭🕳️⚠️😰,💀😭😔⚠️💔",1
292,"💀⚠️😰🕳️😭,💀🔪🚨😭,💀😰🕳️😭⚠️,💀😭😔⚠️💔,💀😭⚠️🕳️",0
292,"💀🚨😭⚠️,💀😰🕳️😭⚠️,💀😭😔⚠️💔,💀😭⚠️🕳️,😔💔😢",0
292,"💀😭🕳️⚠️😰,💀😭😔⚠️💔,💀😭⚠️🕳️,😔💔😢,💀⚠️😰🕳️😭",1
292,"💀😭😔⚠️💔,💀😭⚠️🕳️,😔💔😢,💀⚠️🕳️😭😰,💀🔪🚨😭",2
292,"💀😭⚠️🕳️,😔💔😢,💀⚠️😰🕳️😭,💀🔪🚨😭,💀😭⚠️🕳️🔪",2
292,"😔💔😢,💀⚠️🕳️😭😰,💀🔪🚨😭,💀😭⚠️🕳️🔪,💀🕳️⚠️😭",0
292,"💀⚠️😰🕳️😭,💀🔪🚨😭,💀😭⚠️🕳️🔪,💀🕳️⚠️😭,💀⚠️🕳️🚨",1
292,"💀🔪🚨😭,💀😭⚠️🕳️🔪,💀🕳️⚠️😭,💀⚠️🔪🪦😰,💀😭⚠️🕳️😔",2
292,"💀😭⚠️🕳️🔪,💀🕳️⚠️😭,💀⚠️🪦😰🛒,💀😭⚠️🕳️😔,💀⚠️😰🕳️😭",1
292,"💀🕳️⚠️😭,💀⚠️🪦😰🕳️,💀😭⚠️🕳️😔,💀😰⚠️😭🕳️,💀🕳️😭⚠️",2
292,"💀⚠️🪦😰🛒,💀😭⚠️🕳️😔,💀⚠️😰🕳️😭,💀🕳️😭⚠️,💀😭⚠️🕳️",1
292,"💀😭⚠️🕳️😔,💀⚠️😰🕳️😭,💀🕳️😭⚠️,💀😭⚠️🕳️😫,💀🔫🚨😭⚠️",1
292,"💀⚠️😰🕳️😭,💀🕳️😭⚠️,💀😭⚠️🕳️😫,💀🔫🚨😭⚠️,💀🔪🚨😭",0
292,"💀🕳️😭⚠️,💀😭⚠️🕳️😫,💀🔫🚨😭⚠️,💀🔪🚨😭,😔💔😢",2
292,"💀😭⚠️🕳️,💀🔫🚨😭⚠️,💀🔪🚨😭,😔💔😢,💀⚠️🔪🕳️",1
292,"💀🔫🚨😭⚠️,💀🔪🚨😭,😔💔😢,💀⚠️🔪🕳️,💀😔🕳️😭⚠️",2
292,"💀🔪🚨😭,😔💔😢,💀⚠️🔪😭,😔💔🕳️⚠️,💀🔪😭🕳️⚠️",0
292,"😔💔😢,💀⚠️🔪🕳️,😔💔🕳️⚠️,💀🔪😭🕳️⚠️,😔💔😢",0
292,"💀⚠️🔪😭,😔💔🕳️⚠️,💀🔪😭🕳️⚠️,😔💔😢,😔💔😢",1
292,"😔💔🕳️⚠️,💀🔪😭🕳️⚠️,😔💔😢,😔💔😢,💀😭⚠️🕳️",1
292,"💀🔪😭🕳️🚨,😔💔😢,😔💔😢,💀😭⚠️🕳️,💀😭🕳️⚠️",0
292,"😔💔😢,😔💔😢,💀😭⚠️🕳️,💀😭🕳️⚠️,😔💔😢",0
292,"😔💔😢,💀😭⚠️🕳️,💀😭🕳️🚨,😔💔😢,😔😩😞",1
292,"💀😭⚠️,💀😭🕳️🚨,😔💔😢,😔😩😞,💀😠🕳️⚠️😭",0
292,"💀😭⚠️🕳️,😔💔😢,😔😩😞,💀😠🕳️⚠️😭,💀😔😭⚠️",1
292,"😔💔😢,😔😩😞,💀😠🕳️⚠️😭,💀😔😭⚠️💔,💀🔪😰⚠️",1
292,"😔😞😩,💀😡⚠️🕳️😭,💀😭😔⚠️💔,💀🔪😰⚠️,💀🕳️😭⚠️",1
292,"💀😠🕳️⚠️😭,💀😭😔⚠️💔,💀🔪😰⚠️,💀🕳️😭⚠️,💀🔪🕳️😭",0
292,"💀😭😔⚠️💔,💀🔪😰⚠️,💀🕳️😭⚠️,💀🔪⚠️😭,💀😭😰⚠️🕳️",1
292,"💀🔪😰⚠️,💀🕳️😭⚠️,💀🔪⚠️😭,💀😭😰⚠️🕳️,💀😭🕳️⚠️",1
292,"💀🕳️😭⚠️,💀🔪⚠️😭,💀😭😰⚠️💔,💀😭😞⚠️,💀😭⚠️🕳️🔪",1
292,"💀🔪⚠️😭,💀😭⚠️😖💔,💀😭🕳️⚠️,💀😭⚠️🕳️🔪,💀🔪😰⚠️",0
292,"💀😭😰⚠️💔,💀😭🕳️⚠️,💀😭⚠️🕳️🔪,💀🔪😭⚠️,😔💔😢😞⚠️",0
292,"💀😭😞⚠️,💀😭⚠️🕳️🔪,💀🔪😰⚠️,😔💔😢😞⚠️,😔💔😢😞🕳️",1
292,"💀😭⚠️🕳️🔪,💀🔪😰⚠️,😔💔😢😞⚠️,😔💔😢😞🕳️,💀😭🕳️⚠️😔",0
292,"💀🔪😭⚠️,😔💔😢😞⚠️,😔💔😢😞🕳️,💀😭🕳️⚠️😔,😔😞🕳️😭⚠️",0
292,"😔💔😢😞⚠️,😔💔😢😞🕳️,💀😭🕳️⚠️😔,😔😞🕳️😭⚠️,💀😭🕳️⚠️😔",0
292,"😔💔😢😞🕳️,💀😭🕳️⚠️😔,😔😞🕳️😭⚠️,💀😭🕳️⚠️😔,😔⚠️",0
292,"💀😭🕳️⚠️😔,😔😞🕳️😭⚠️,💀😭🕳️⚠️😔,😔⚠️,💀💔😭⚠️",0
292,"😔😞🕳️😭⚠️,💀😭🕳️⚠️😔,😔⚠️,💀💔😭⚠️,😔💔😢",1
292,"💀😭🕳️⚠️😔,😔⚠️,💀💔😭⚠️,😔💔😢,💀😭⚠️🕳️💔",0
292,"😔⚠️,💀💔😭⚠️,😔💔😢,💀😭⚠️🕳️😔,😔💔😢",0
292,"💀💔😭⚠️,😔💔😢,💀😭⚠️🕳️😔,😔💔😢,😔💔😢",0
292,"😔💔😢,💀😭⚠️🕳️😔,😔💔😢,😔😢😞,😔💔😢",1
292,"💀😭⚠️🕳️😔,😔💔😢,😔💔😢,😔💔😢,💀😭⚠️🕳️",0
292,"😔💔😢,😔💔😢,😔💔😢,💀😭⚠️🕳️,😔💔😢😞⚠️",0
292,"😔💔😢,😔💔😢,💀😭⚠️🕳️,😔💔😢😞⚠️,😔💔😢😞⚠️",1
292,"😔💔😢,💀😭⚠️🕳️,😔💔😢😞⚠️,😔💔😢😞⚠️,💀😭⚠️",1
292,"💀😭⚠️🕳️,😔💔😢😞⚠️,😔💔😢😞⚠️,💀😭⚠️,💀🕳️😭⚠️",2
292,"😔💔😢😞⚠️,😔💔😢😞⚠️,💀😭⚠️,💀🕳️😭⚠️,💀⚠️😭🕳️🪦",2
292,"😔💔😢😞⚠️,💀😭⚠️,💀⚠️😭😔🕳️,💀⚠️😭🕳️,💀🔪🚨⚠️😭",0
292,"💀😭⚠️,💀⚠️😭😔🕳️,💀⚠️😭🕳️🪦,💀🔪🚨⚠️,😔💔😡",0
292,"💀⚠️😭😖🕳️,💀⚠️😭🕳️,💀🔪🚨⚠️,😔💔😡,😰😔💔⚠️",0
292,"💀⚠️😭🕳️🪦,💀🔪🚨⚠️,😔💔😡,😰😔💔⚠️,😔💔😢",0
292,"💀🔪🚨⚠️,😔💔😞,😰😔💔⚠️,😔💔😢,😔💔😢",1
292,"😔💔😡,😰😔💔⚠️,😔💔😢,😔💔😢,💀😭🕳️🚨",1
292,"😰😔💔⚠️,😔💔😢,😔💔😢,💀😭⚠️🕳️,💀😰🕳️😭⚠️",1
292,"😔💔😢,😔💔😢,💀😭🕳️🚨,💀😰🕳️😭⚠️,💀😭🔪⚠️🕳️",0
292,"😔💔😢,💀😭⚠️,💀😔😭⚠️,💀😭🔪⚠️🕳️,💀🕳️😰😔💔",0
292,"💀😭⚠️🕳️,💀😰🕳️😭⚠️,💀😭🔪⚠️🕳️,💀🕳️😰😔💔,😔💔😢",1
292,"💀😰🕳️😭⚠️,💀😭🔪⚠️🕳️,💀🕳️😰😔💔,😔💔😢,💀🔪😭⚠️",0
292,"💀😭🔪⚠️🕳️,💀🕳️😰😔💔,😔💔😞,💀🔪😰🕳️,😔💔😞🕳️⚠️",1
292,"💀🕳️😰😔💔,😔💔😢,💀🔪😭⚠️,😔💔😞🕳️⚠️,💀🕳️😭⚠️",0
292,"😔💔😞,💀🔪😭⚠️,😔💔😞🕳️⚠️,💀🕳️😭⚠️😔,😔💔🕳️😭⚠️",0
292,"💀🔪😭⚠️,😔💔😞🕳️⚠️,💀🕳️😭⚠️,😔💔😢🕳️⚠️,💀🕳️😭⚠️",0
292,"😔💔😞🕳️⚠️,💀🕳️😭⚠️,😔💔😢🕳️⚠️,💀🕳️😭⚠️,💀😔😭⚠️🕳️",0
292,"💀🕳️😭⚠️😖,😔💔😢🕳️⚠️,💀🕳️😭⚠️,💀😔💔⚠️😭,😔💔😢",0
292,"😔💔😢🕳️⚠️,💀😰🕳️😭,💀😔💔⚠️😭,😔💔😢,😔😟",0
292,"💀😰🕳️😭,💀😔💔⚠️😭,😔💔😢,😔😟,😔💔",1
292,"💀😔😭⚠️🕳️,😔💔😢,😔😟,😔💔,💀⚠️😭😔🔪",0
292,"😔💔😢,😔😟,😔💔,💀😭⚠️🕳️,😔💔😢",1
292,"😔😟,😔💔,💀⚠️😭😔🔪,😔💔😢,💀😭😔💔",0
292,"😔💔,💀⚠️😭🔪,😔💔😢,💀😭😔💔,😔💔😢",0
292,"💀⚠️😭🔪,😔💔😢,💀😭😔💔,😔💔😢,😔💔😢😞⚠️",0
293,"💀😰🕳️😭⚠️,💀🕳️⚠️😭🔪,💀🕳️😭⚠️,💀🕳️😭💊⚠️,💀🕳️😭⚠️😿",0
293,"💀🕳️⚠️😭🔪,💀🕳️😭⚠️,💀🕳️😭💊⚠️,💀🕳️😭⚠️😿,💀😔🕳️😭⚠️",2
293,"💀🕳️😭⚠️,💀🕳️😭💊⚠️,💀🕳️😭⚠️😿,💀😔🕳️😭⚠️,💀🔪😭🕳️⚠️",0
293,"💀🕳️😭💊⚠️,💀🕳️😭⚠️😿,💀😔🕳️😭⚠️,💀🔪😭🕳️⚠️,💀😰🕳️😭⚠️",1
293,"💀🕳️😭⚠️😿,💀😔🕳️😭⚠️,💀🔪😭🕳️⚠️,💀😰🕳️😭⚠️,💀🕳️😭😰⚠️",0
293,"💀😔🕳️😭⚠️,💀🔪😭🕳️⚠️,💀😰🕳️😭⚠️,💀🕳️😭😰⚠️,😔💔😢⚠️🕳️",1
294,"💀🕳️😭😔⚠️,💀🙏⚠️😭🌑,💀🙏⚠️😭🕳️,😔💀⚠️🕳️😭,😔😰⚠️💔😟",0
294,"💀🙏⚠️😭🕯️,💀🙏⚠️😭🕳️,😔💀⚠️,😔😰⚠️🕳️,😔😩💸",0
294,"💀🙏⚠️😭🕳️,😔💀⚠️🕳️,😔😰⚠️🕳️,😔😩😞,💀🕳️⚠️",0
294,"😔💀⚠️,😔😰⚠️💔😢,😔😩💸,💀🕳️⚠️,💀🕳️😰⚠️😔",0
294,"😔😰⚠️💔😢,😔😩💸,💀🕳️⚠️,💀🕳️😰⚠️😔,😰🕳️😭😔💔",0
294,"😔😩💸,💀🕳️⚠️,💀🕳️😰⚠️😔,😵🕳️😰😔💔,💀🕳️😰🚨😵",2
294,"💀🕳️⚠️😭,💀🕳️😰⚠️😔,😵🕳️😰😔💔,💀🕳️😰🚨😵,💀🕳️😭⚠️🩸",2
294,"💀🕳️😰😔⚠️,😵🕳️😰😔💔,💀🕳️😰🚨😵,💀🕳️😭⚠️,💀🚨⚠️😭🕳️",1
294,"😵🕳️😰😔💔,💀🕳️😰🚨😵,💀🕳️😭⚠️,💀🚨🕳️😭⚠️,💀🕳️😰😔💔",1
294,"💀🕳️😰🚨😵,💀🕳️😭⚠️,💀🚨🕳️😭⚠️,💀🕳️😰😔💔,💀⚠️😰🕳️🚨",0
294,"💀🕳️😭⚠️🩸,💀🚨⚠️😭🕳️,💀🕳️😰😔💔,💀🕳️⚠️😰🌑,💀🕳️😰🚨😭",0
294,"💀🕳️🚨😭⚠️,💀🕳️😰😔💔,💀🕳️⚠️😭🌑,💀🕳️😰🚨😭,💀🕳️🚨😭⚠️",0
294,"💀🕳️😰😔💔,💀🕳️⚠️😰🌑,💀🕳️🚨😭⚠️,💀🕳️🚨😵⚠️,😔🕳️💀",0
294,"💀⚠️😰🕳️🚨,💀🕳️😰🚨😭,💀🕳️🚨😵⚠️,😔🕳️💀,💀🕳️😰😔💔",0
294,"💀🕳️😰🚨😭,💀🕳️🚨😵⚠️,😔🕳️💀,💀🕳️😭😔⚠️,💀🕳️⚠️🚨😭",0
294,"💀🕳️🚨😵⚠️,😔💀🕳️,💀🕳️😭😔⚠️,💀🕳️⚠️🚨😭,💀🕳️😰⚠️😭",0
294,"😔💀🕳️,💀🕳️😭😔⚠️,💀🕳️⚠️🚨😭,💀🕳️😰⚠️😭,💀🕳️⚠️😰🌑",1
294,"💀🕳️😭😔⚠️,💀🕳️🚨😭⚠️,💀🕳️😰⚠️😭,💀🕳️⚠️😰🌑,💀🕳️😰😭⚠️",0
294,"💀🕳️⚠️😰🌑,💀🕳️😰⚠️😭,💀🕳️⚠️😰🌑,💀🕳️😰😭⚠️,💀🕳️😔💔",0
294,"💀🕳️😰⚠️😭,💀🕳️⚠️😰🌑,💀🕳️😰😭⚠️,💀😔🕳️😭⚠️,💀🌑⚠️😭🕳️",0
294,"💀🕳️⚠️😰🌑,💀🕳️😰⚠️😭,💀😔🕳️😭⚠️,💀🌑⚠️😭🕳️,💀🕳️😭⚠️🌅",0
294,"💀🕳️😰😭⚠️,💀🕳️😞😔⚠️,💀🌑⚠️😭🕳️,💀🕳️😭⚠️🌅,😔😩😰⚠️💀",0
296,"💀🕳️⚠️😭,💀🕳️😭⚠️💔,💀🕳️😭⚠️😖,💀😭⚠️🕳️💔,💀🕳️⚠️😭⚰️",3
296,"💀🕳️😭⚠️💔,💀🕳️😭⚠️😖,💀😭🕳️⚠️💔,💀🕳️⚠️😭⚰️,💀🕳️⚠️😭💊",0
296,"💀🕳️😭⚠️😖,💀😭🕳️⚠️,💀🕳️⚠️😭⚰️,💀🕳️⚠️😭💊,💀🕳️⚠️😌🕊️",0
296,"💀😭🕳️⚠️💔,💀🕳️⚠️😭⚰️,💀🕳️⚠️😭💊,💀🕳️⚠️😌🕊️,😔💔😢😞🕳️",0
296,"💀🕳️⚠️😭⚰️,💀🕳️⚠️😭💊,💀🕳️⚠️😌🕊️,😔💔😢😞🕳️,💀⚰️🕳️😭⚠️",3
296,"💀🕳️⚠️😭💊,💀🕳️⚠️😌🕊️,😔💔😢😞🕳️,💀⚰️🕳️😭⚠️,💀🕳️⚠️😭🔪",1
297,"💀⚠️😰😔❓,💀🕳️😭💊😰,💀😰🕳️😭⚠️,💀⚠️🕳️😭,💀🕳️😰⚠️",1
297,"💀🕳️😭💊😰,💀😰🕳️😭⚠️,💀⚠️🕳️😭,💀🕳️😰⚠️,💀⚠️😰🕳️😭",0
297,"💀😰🕳️😭⚠️,💀⚠️🕳️😭,💀🕳️😭⚠️,💀⚠️🔪😭🚨,💀🕳️😭😔⚠️",1
297,"💀⚠️🕳️😭,💀🕳️😰⚠️,💀⚠️🔪😭🚨,💀🕳️😭😔⚠️,💀🕳️😭⚠️",1
297,"💀🕳️😰⚠️,💀⚠️😰🕳️😭,💀🕳️😭😔⚠️,💀🕳️😭⚠️,💀🕳️😭⚠️",0
297,"💀⚠️😰🕳️😭,💀🕳️😭😔⚠️,💀🕳️😭⚠️,💀🕳️😭⚠️,💀🕳️😭🔪🚨",1
297,"💀🕳️😭😔⚠️,💀🕳️😭⚠️,💀🕳️😭⚠️,💀🕳️😭🔪🚨,💀🕳️😭⚠️",1
297,"💀🕳️😭⚠️,💀🕳️😭⚠️,💀🕳️😭🔪🚨,💀🕳️😭😰⚠️,💀🕳️😭⚠️",1
297,"💀🕳️😭⚠️,💀🕳️😭🔪🚨,💀🕳️😭😰⚠️,💀🕳️😭⚠️,💀😭🕳️⚠️",1
297,"💀🕳️😭🔪🚨,💀🕳️😭😰⚠️,💀🕳️😭⚠️,💀😭🕳️⚠️,💀🕳️😰😭⚠️",0
297,"💀🕳️😭😞⚠️,💀🕳️😭⚠️,💀😭🕳️⚠️,💀🕳️😰😭⚠️,💀🕳️😭⚠️",1
297,"💀🕳️😭⚠️,💀😭🕳️⚠️🚨,💀🕳️😰😭⚠️,💀🕳️😭⚠️,💀😭⚠️😔",1
297,"💀😭🕳️⚠️,💀🕳️😰😭⚠️,💀🕳️😭⚠️,💀😭⚠️😔,💀😭🕳️⚠️💔",2
297,"💀🕳️😰😭⚠️,💀🕳️😭⚠️,💀😭⚠️😔,💀😭🕳️⚠️💔,💀⚠️🕳️😭🚨",1
297,"💀🕳️😭⚠️,💀😭⚠️😔,💀😭🕳️⚠️💔,💀⚠️🕳️😭🚨,💀😭🔪🕳️",1
297,"💀😭⚠️😔,💀😭🕳️⚠️💔,💀⚠️🕳️😭🚨,💀😭🔪🕳️,💀🕳️😭⚠️😔",1
299,"💀🕳️😭⚠️,😔💔😢😞🕳️,💀🕳️⚠️😭🔪,💀🕳️🚨⚠️😭,💀🕳️😭⚠️💸",1
299,"😔💔😢😞🕳️,💀🕳️😰🔪🚨,💀⚠️🕳️😭,💀⚠️🕳️😭💸,💀⚠️🕳️😰💊",1
299,"💀🕳️😰⚠️😭,💀🕳️🚨💊⚠️,💀⚠️🕳️😭💸,💀⚠️🕳️😰💊,💀😭⚠️🕳️",1
299,"💀⚠️🕳️😭,💀⚠️🕳️😭💸,💀⚠️🕳️😰💊,💀😭⚠️🕳️,💀⚠️🕳️😭",1
299,"💀⚠️🕳️😭💸,💀⚠️😰🕳️🔪,💀😭⚠️😰🕳️,💀⚠️🕳️😭,💀🕳️😭⚠️💊",1
299,"💀⚠️🕳️😰💊,💀😭⚠️😰🕳️,💀⚠️🕳️😭,💀🕳️😭⚠️💊,💀🔪😰🕳️",1
299,"💀😭⚠️😰🕳️,💀⚠️🕳️😭,💀🕳️😭⚠️💊,💀🔪😰🕳️,💀🕳️😭⚠️😔",0
299,"💀⚠️🕳️😭,💀🕳️😭⚠️💊,💀🔪😰🕳️,💀🕳️😭⚠️😔,💀🕳️😭⚠️",2
299,"💀🕳️😭⚠️💊,💀🔪🕳️😭,💀🕳️😭⚠️😔,💀🕳️😭⚠️,💀🔪🚨⚠️",2
299,"💀🔪😰🕳️,💀🕳️😭⚠️😔,💀🕳️😭⚠️,💀🔪🚨⚠️,💀💊⚠️😭",1
299,"💀🕳️😭⚠️😔,💀🕳️😭⚠️,💀🔪🚨⚠️,💀💊🕳️😰,💀😭⚠️🕳️",0
299,"💀🕳️😭⚠️😔,💀🔪🚨⚠️,💀💊🕳️😭,💀😭⚠️🕳️,💀🕳️😭⚠️",2
300,"😰💀⚠️😭😔,💀⚠️🕳️😭🚨,💀🕳️😭😞⚠️,💀⚠️🕳️😭🚨,💀🔪🚨😭🕳️",1
300,"💀⚠️🕳️😭🚨,💀🕳️😭😞⚠️,💀🕳️🚨😭⚠️,💀🔪🚨⚠️😭,💀🕳️😰😭⚠️",3
300,"💀🕳️😭😞⚠️,💀🕳️🚨😭⚠️,💀🚨⚠️🕳️😭,💀🕳️😰😭⚠️,💀🕳️⚠️😭😔",1
300,"💀⚠️🕳️😭🚨,💀🔪🚨⚠️😭,💀🕳️😰😭⚠️,💀🕳️⚠️😭😔,💀🕳️😭⚠️🩸",2
300,"💀🔪🚨⚠️😭,💀🕳️😰😭⚠️,💀🕳️⚠️😭😔,💀🕳️😭⚠️🩸,💀🕳️⚠️😭🌑",1
300,"💀🕳️😰😭⚠️,💀🕳️⚠️😭😔,💀🕳️😭⚠️🩸,💀🕳️⚠️😭🌑,💀🕳️⚠️😭🌑",1
300,"💀🕳️⚠️😭😔,💀🕳️😭⚠️🩸,💀🕳️⚠️😭🌑,💀🕳️⚠️😭🌑,💀🕳️⚠️😭😔",1
300,"💀🕳️😭⚠️🩸,💀🕳️⚠️😭🌑,💀🕳️⚠️😭🌑,💀🕳️⚠️😭😔,💀🕳️😰😔🌍",1
300,"💀🕳️⚠️😭🌑,💀🕳️⚠️😭🌑,💀🕳️⚠️😭😔,💀🕳️😰😔🌍,💀🕳️😭⚠️😖",1
300,"💀🕳️⚠️😭🌑,💀🕳️⚠️😭😔,💀🕳️😰😔🌍,💀🕳️😭⚠️😔,💀🕳️😭⚠️🚨",0
300,"💀🕳️⚠️😭😔,💀🕳️😰😔🌍,💀🕳️😭⚠️😔,💀🕳️😭⚠️🚨,😔💔🕳️⚠️😭",1
300,"😔💔😢🌍💀,💀🕳️😭⚠️😔,💀🕳️😭⚠️🚨,😔💔🕳️⚠️😭,💀🕳️😭⚠️🪦",1
300,"💀🕳️😭⚠️😔,💀🕳️😭⚠️🚨,😔💔🕳️😭⚠️,💀🕳️😭⚠️🪦,💀🕳️😰🌑💔",1
300,"💀🕳️😭⚠️🚨,😔💔🕳️⚠️😭,💀🕳️😭⚠️🪦,💀🕳️😰🌑😭,💀🔫💔🕳️🚨",1
300,"😔💔🕳️⚠️😭,💀🕳️😭⚠️🪦,💀🕳️😰🌑💔,💀🔫💔🕳️🚨,💀🕳️😰🙏😭",1
300,"💀🕳️😭⚠️🪦,💀🕳️😰🌑😭,💀⚠️🕳️😭🔪,💀🕳️😰🙏😭,💀🕳️😰😭⚠️",1
300,"💀🕳️😰🌑💔,💀⚠️🕳️😭🔪,💀🕳️😰🙏😭,💀🕳️😰😭⚠️,💀🕳️⚠️😭🌑",1
301,"💀🕳️😭⚠️😔,💀🕳️⚠️😭💔,😔💔😢⚠️,💀🕳️😭⚠️,💀🕳️⚠️😭🔪",1
301,"💀🕳️⚠️😭💔,😔💔😢⚠️,💀🕳️😭⚠️,💀⚠️🕳️😭,💀🕳️⚠️😭🔪",1
301,"😔💔😢⚠️,💀🕳️😭⚠️,💀⚠️🕳️😭,💀🕳️⚠️😭🔪,💀🕳️😭⚠️",1
301,"💀🕳️😭⚠️,💀🕳️⚠️😭🔪,💀🕳️⚠️😭🔪,💀🕳️😭⚠️,💀🕳️⚠️😭🔪",0
303,"💀🕳️😭⚠️😔,💀😭⚠️🕳️💔,💀😭🕳️⚠️😔,💀🔪😭⚠️,💀🕳️⚠️😭🚨",0
303,"💀😭⚠️🕳️💔,💀😭🕳️⚠️😔,💀🔪😭⚠️,💀🕳️⚠️😭🚨,💀🕳️⚠️😭⚰️",3
303,"💀😭🕳️⚠️😔,💀🔪😭⚠️,💀🕳️⚠️😭🚨,💀🕳️⚠️😭⚰️,💀🕳️⚠️😭",0
303,"💀🔪😭⚠️,💀🕳️⚠️😭🚨,💀🕳️⚠️😭⚰️,💀🕳️🚨😭⚠️,😔💔😢",0
303,"💀🕳️⚠️😭🚨,💀🕳️⚠️😭⚰️,💀⚠️🕳️😭,😔💔😢,😔⚠️💔",0
303,"💀🕳️⚠️😭⚰️,💀🕳️⚠️😭,😔💔😢,😔⚠️💔,💀💔🕳️😭⚠️",1
303,"💀🕳️🚨😭⚠️,😔💔😢,😔💔😢,💀💔🕳️😭⚠️,💀🕳️🔪😭",1
303,"😔💔😢,😔💔😢,💀💔🕳️😭⚠️,💀🕳️🔪😭,💀😭🕳️⚠️🔪",2
303,"😔⚠️💔,💀💔🕳️😭⚠️,💀🕳️🔪😭,💀😭🕳️⚠️🔪,💀🕳️😭⚠️🔪",1
303,"💀💔🕳️😭⚠️,💀🕳️🔪😭,💀😭🕳️⚠️🔪,💀🕳️😭⚠️🔪,💀😭🕳️⚠️😞",2
303,"💀🕳️🔪😭,💀😭🕳️⚠️🔪,💀🕳️😭⚠️🔪,💀😭🕳️⚠️💔,💀🔪🚨⚠️🕳️",0
303,"💀😭🕳️⚠️🔪,💀🕳️😭⚠️🔪,💀😭🕳️⚠️😔,💀🔪🚨⚠️🕳️,💀🕳️⚠️😭😔",1
303,"💀🕳️😭⚠️🔪,💀😭🕳️⚠️😖,💀🔪🚨⚠️🕳️,💀🕳️⚠️😭🔪,💀😭😩⚠️🕳️",2
304,"💀😭⚠️🕳️😖,💀😭😔⚠️,💀😭⚠️🕳️,😔💔😰⚠️🕳️,💀😭🕳️⚠️😔",1
304,"💀😭😔⚠️,💀😭🕳️🚨,😔💔😰⚠️🕳️,💀😭🕳️⚠️😔,💀😔🕳️😭⚠️",0
304,"💀😭🔪🌑,😔💔😰⚠️🕳️,💀😭🕳️⚠️😔,💀😔🕳️😭⚠️,😔💔😢🕳️⚠️",1
304,"😔💔😰⚠️🕳️,💀😭🕳️⚠️😔,💀😔🕳️😭⚠️,😔💔😢🕳️⚠️,💀😭🕳️⚠️💊",0
305,"😔💭⚠️,😔💔😢,💀⚠️🔪🕳️,💀🕳️😭⚠️🚨,💀😭⚠️🕳️😔",1
305,"😔💔😢,💀⚠️🔪🕳️,💀🕳️😭⚠️🚨,💀😭⚠️🕳️😔,💀😭🕳️⚠️🔪",0
305,"💀⚠️🔪🕳️,💀😭⚠️🕳️,💀😭⚠️🕳️😔,💀😭🕳️⚠️🔪,💀🕳️⚠️😭🌑",2
305,"💀🕳️😭⚠️🚨,💀😭⚠️🕳️😔,💀😭🕳️⚠️🔪,💀🕳️⚠️😭🌑,💀💊⚠️🕳️😭",2
305,"💀😭⚠️🕳️😔,💀😭🕳️⚠️🔪,💀🕳️⚠️😭🌑,💀💊⚠️🕳️😭,💀⚠️🕳️😭🔪",2
305,"💀😭🕳️⚠️🔪,💀🕳️⚠️😭🌑,💀💊⚠️🕳️😭,💀🕳️⚠️😭🔪,💀⚠️🔪🪦😰",2
305,"💀🕳️⚠️😭🌑,💀💊⚠️🕳️😭,💀⚠️🕳️😭🔪,💀⚠️🔪🪦😰,💀🕳️⚠️🔪🪦",2
306,"💀🕳️😭😔💔,💀🕳️😭🚨🌉,💀🕳️😭⚠️😔,😭💔😔⚠️🕳️,💀😔🕳️😭⚠️",0
306,"💀😭🚨🕳️🩸,💀🕳️😭⚠️😔,😭💔😔⚠️,💀😔🕳️😭⚠️,💀🕳️😭😔⚠️",0
306,"💀🕳️😭⚠️😔,😔💔😢⚠️,💀😔🕳️😭⚠️,💀🕳️😭😔⚠️,💀😰🕳️😭⚠️",0
306,"😭💔😔⚠️,💀😔🕳️😭⚠️,💀🕳️😭😔⚠️,💀😰🕳️😭⚠️,😔🕳️😰💀⚠️",1
307,"💀⚠️🕳️😭,💀🕳️😭😞⚠️,😰🕳️😭⚠️,💀🕳️😭⚠️,💀😭🕳️⚠️😖",1
307,"💀🕳️😭😞⚠️,😰🕳️😭⚠️,💀🕳️😭🔪,💀😭🕳️⚠️😖,💀🕳️😭⚠️😖",1
309,"💀😭🕳️⚠️🔪,💀😭🕳️⚠️😔,💀😭⚠️🕳️,💀🕳️⚠️😭🔪,💀😭🕳️⚠️😔",1
309,"💀😭🕳️⚠️😔,💀😭⚠️🕳️,💀🕳️😭⚠️😖,💀😭🕳️⚠️😖,💀🕳️😭🔪⚠️",1
309,"💀😭⚠️🕳️,💀⚠️🕳️😭😖,💀😭🕳️⚠️😖,💀🕳️😭🔪🚨,💀😭🕳️⚠️😖",1
309,"💀🕳️😭⚠️😖,💀😭🕳️⚠️😔,💀🕳️😭⚠️🔪,💀😭🕳️⚠️😰,💀🕳️😭🔪🚨",1
309,"💀😭🕳️⚠️😖,💀🕳️😭🔪🚨,💀😭🕳️⚠️😖,💀🕳️😭🔪🚨,💀😭😰🕳️⚠️",1
309,"💀🕳️😰🔪⚠️,💀😭🕳️⚠️😖,💀🕳️😭🔪🚨,💀😭😰🕳️⚠️,💀🕳️😭⚠️",1
309,"💀😭🕳️⚠️😖,💀🕳️🚨😭⚠️,💀😭😰🕳️⚠️,💀🕳️😭⚠️,💀😭🔪🌑",1
309,"💀🕳️🚨😭⚠️,💀😭😰🕳️⚠️,💀🕳️😭⚠️,💀😭🔪🕳️,💀🕳️😭🔪⚠️",1
309,"💀😭😰🕳️⚠️,💀🕳️😭⚠️,💀😭🔪🕳️,💀🕳️😭🔪⚠️,💀😭🔪🕳️",1
309,"💀🕳️😭⚠️,💀😭🔪🕳️,💀🕳️😭🔪⚠️,💀😭🔪🕳️,💀😭⚠️🕳️",3
309,"💀😭🔪🌑,💀🕳️😭🔪⚠️,💀😭🔪🕳️,💀😭🕳️🚨,💀🕳️⚠️😭🔪",1
309,"💀🕳️😭🔪⚠️,💀😭🔪🕳️,💀😭🕳️⚠️,💀🕳️⚠️😭🔪,💀😭🕳️⚠️💔",1
309,"💀😭🔪🕳️,💀😭🕳️⚠️,💀🕳️⚠️😭🔪,💀😭⚠️🕳️💔,💀🕳️😭⚠️",1
309,"💀😭⚠️🕳️,💀🕳️😭⚠️🔪,💀😭⚠️🕳️💔,💀🕳️😭⚠️,💀🕳️🔪🚨😭",1
309,"💀🕳️⚠️😭🔪,💀😭⚠️🕳️💔,💀🕳️😭⚠️,💀🕳️🔪🚨😭,💀🕳️😭😞⚠️",1
309,"💀😭⚠️🕳️💔,💀🕳️😭⚠️,💀🕳️🔪🚨😭,💀🕳️😰😭⚠️,💀🔪😭⚠️🕳️",1
309,"💀🕳️😭⚠️,💀🕳️⚠️😭🔪,💀🕳️😰😭⚠️,💀🔪😭⚠️🕳️,💀😭🕳️⚠️😖",1
309,"💀🕳️⚠️😭🔪,💀🕳️😭😞⚠️,💀🔪😭⚠️🕳️,💀😭🕳️⚠️😖,💀🕳️😭⚠️",1
309,"💀🕳️😭😞⚠️,💀🔪😭⚠️🕳️,💀😭🕳️⚠️😖,💀🕳️😭⚠️,😭💔⚠️💀😔",1
309,"💀🔪😭⚠️🕳️,💀😭🕳️⚠️😖,💀🕳️😭⚠️,💀😭🕳️⚠️😔,💀😰🕳️😭⚠️",3
309,"💀😭🕳️⚠️😖,💀🕳️😭⚠️,💀😭🕳️⚠️😔,💀😰🕳️😭⚠️,💀🕳️😭⚠️😔",1
309,"💀🕳️😭⚠️,💀😭⚠️🕳️😔,💀😰🕳️😭⚠️,💀🕳️😭⚠️😔,💀🔪🩸😰🕳️",1
310,"💀🕳️😭⚠️😖,💀🕳️😭⚠️🔪,💀⚠️🕳️😭🚨,😔🕳️,💀🕳️😭⚠️😔",1
310,💀🕳️⚠️😭,0
310,💀🕳️⚠️😭,1
310,💀🕳️😭⚠️🔪,1
310,💀🕳️😭⚠️🔪,1
310,💀🕳️⚠️😭🔪,1
310,"💀🕳️😭😔⚠️,💀🕳️😭⚠️🔪,💀🔪🚨😭⚠️,💀🕳️😭⚠️🚨,💀🕳️⚠️🚨😵",2
310,"💀🕳️😭⚠️🔪,💀🔪🚨😭⚠️,💀🕳️😭⚠️🚨,💀🕳️🚨🔪💊,💀🕯️🕳️😭🚨",0
310,"💀🔪🚨😭⚠️,💀🕳️😭🚨⚠️,💀🕳️⚠️🔪🕯️,💀⚠️🕳️😭🔪,💀🕳️😭😔💔",1
310,"💀🕳️😭🚨⚠️,💀🕳️🚨🔪⚰️,💀⚠️🕳️😭🔪,💀🕳️😭😔💔,💀🕳️😭😞⚠️",2
310,"💀🕳️⚠️🔪🕯️,💀🕯️🕳️😭🚨,💀🕳️😭😔💔,💀🕳️😭😞⚠️,💀⏳⚠️🕳️😭",1
310,"💀🕯️🕳️😭🚨,💀🕳️😭😔💔,💀🕳️😭⚠️😔,💀⏳⚠️🕳️😭,💀🕳️😭⚠️",1
310,"💀🕳️😭😔💔,💀🕳️😭😞⚠️,💀⏳⚠️🕳️😭,💀🕳️😭⚠️,💀🔫⚠️🕳️😭",1
310,"💀🕳️😭😞⚠️,💀⏳⚠️🕳️😭,💀⚠️😭🕳️,💀🔫⚠️🕳️😭,💀🕳️⚠️😭🔪",0
310,"💀⏳⚠️🕳️😭,💀🕳️😭⚠️,💀⚠️🕳️😭🚨,💀🕳️🚨😭⚠️,😔💔😭⚠️🕳️",1
310,"💀🕳️😭⚠️,💀🔫⚠️🕳️😭,💀🕳️🚨😭⚠️,😔💔😭⚠️🕳️,💀🕳️😭⚠️",1
310,"💀🔫⚠️🕳️😭,💀🕳️🚨😭⚠️,😔💔😭⚠️🕳️,💀🕳️😭⚠️,💀⚠️🕳️😭",1
311,"😔💔😢😞🕳️,💀🕳️😭😔⚠️,💀😔🕳️😭⚠️,😔😰🕳️😭⚠️,💀🕳️😭⚠️",1
311,"💀🕳️😭😔⚠️,💀😔🕳️😭⚠️,😔😰🕳️😭⚠️,💀🕳️😭⚠️,💀🕳️⚠️😭🔪",0
311,"💀🕳️😭😔💔,😔😰🕳️😭⚠️,💀🕳️😭⚠️,💀⚠️🕳️😭😔,😔💔😢",1
311,"😔😰🕳️😭⚠️,💀🕳️😭⚠️,💀🕳️⚠️😭😔,😔💔😢,💀🕳️⚠️😭😔",2
311,"💀🕳️😭⚠️,💀🕳️⚠️😭😔,😔💔😢,💀🕳️⚠️😭😔,💀🕳️😭⚠️🍴",1
311,"💀🕳️⚠️😭🔪,😔💔😢,💀🕳️⚠️😭😔,💀🕳️😭⚠️🌑,💀😰🕳️😭⚠️",1
311,"😔💔😢,💀🕳️⚠️😭😔,💀🕳️😭⚠️🍴,💀😰🕳️😭⚠️,💀🕳️⚠️😭😔",1
311,"💀🕳️⚠️😭😔,💀🕳️😭⚠️🚨,💀😰🕳️😭⚠️,💀🕳️⚠️😭😔,💀😭🕳️⚠️😔",0
311,"💀🕳️😭⚠️🍴,💀😰🕳️😭⚠️,💀🕳️⚠️😭😔,💀🕳️😭⚠️😔,💀🕳️😭😔⚠️",1
311,"💀😰🕳️😭⚠️,💀🕳️⚠️😭😔,💀🕳️😭😔⚠️,💀🕳️😭😔⚠️,💀🕳️😭💊⚠️",1
311,"💀🕳️⚠️😭😔,💀🕳️😭😔⚠️,💀🕳️😭😔⚠️,💀🕳️😭💊⚠️,💀🕳️😭⚠️😔",1
312,"💀🔪😭⚠️🕳️,💀😭🔪😞⚠️,💀😰😭⚠️,💀😭⚠️🕳️😔,💀😰🕳️😭⚠️",0
312,"💀🔪😭🕳️⚠️,💀😰😭⚠️,💀😭⚠️🕳️😔,💀😰🕳️😭⚠️,💀😭🔪⚠️🕳️",0
312,"💀😰😭⚠️,💀😭⚠️🕳️😔,💀😰🕳️😭⚠️,💀😭🔪⚠️🕳️,💀😭⚠️🕳️💔",0
313,"💀😭🕳️⚠️😔,💀🕳️😭⚠️😖,💀🕳️😭⚠️🧠,💀😭⚠️🕳️💔,💀🕳️⚠️😭🔪",1
313,"💀🕳️😭⚠️😖,💀🕳️😭⚠️😔,💀😭🕳️⚠️💔,💀⚠️🕳️😭🔪,💀💊😭🕳️🚨",1
313,"💀🕳️😭⚠️🧠,💀😭⚠️🕳️💔,💀⚠️🕳️😭🔪,💀💊😭🕳️🚨,💀😭⚠️🕳️😫",0
313,"💀😭🕳️⚠️💔,💀⚠️🕳️😭🔪,💀💊😭🕳️🚨,💀😭⚠️🕳️😫,😊😌💪",1
313,"💀⚠️🕳️😭🔪,💀💊😭🕳️🚨,💀😭⚠️🕳️😫,😊💪🌟,💀😭🕳️⚠️😔",0
313,"💀💊😭🕳️🚨,💀😭⚠️🕳️😫,😊😌💪,💀😭🕳️⚠️😔,💀🕳️😭⚠️😔",0
313,"💀😭⚠️🕳️😫,😊💪🌟,💀😭🕳️⚠️😔,💀🕳️😭⚠️😔,💀🕳️😭😔⚠️",1
314,"💀😭🕳️⚠️😔,💀🕳️😭⚠️💔,😭💔😔⚠️🕳️,💀😭🕳️⚠️😔,🔪😭😔⚠️🕳️",1
314,"💀🕳️😭⚠️💔,😭💔😔⚠️🕳️,💀😭🕳️⚠️😔,🔪😭😔⚠️🕳️,💀🕳️😭⚠️😔",1
314,"😭💔😔⚠️🕳️,💀😭🕳️⚠️😔,🔪😭😔⚠️🕳️,💀🕳️😭⚠️😔,💀😭💔😞⚠️",1
314,"💀😭🕳️⚠️😔,🔪😭😔⚠️🕳️,💀🕳️😭⚠️😔,💀😭💔😞⚠️,💀🕳️⚠️😭",1
314,"🔪😭😔⚠️🕳️,💀🕳️😭⚠️😔,💀😭💔😞⚠️,💀🕳️⚠️😭,💀🕳️⚠️😭😰",0
314,"💀🕳️😭⚠️😔,💀😭💔🕳️⚠️,💀🕳️⚠️😭,💀🕳️⚠️😭😰,😔💔😖😞⚠️",1
315,"💊😰⚠️💀😭,💊⚠️😰💀🕳️,💀🕳️😭🔪🚨,💀😰🕳️😭⚠️,💀🔪😰⚠️",1
315,"💊⚠️😰💀🕳️,💀💊🔪🕳️🚨,💀😰🕳️😭⚠️,💀🔪😰⚠️,💀😭😞⚠️🕳️",0
315,"💀💊🔪😭⚠️,💀😰🕳️😭⚠️,💀🔪😰⚠️,💀😭😞⚠️🕳️,💀💊🔪🕳️🚨",1
315,"💀😰🕳️😭⚠️,💀🔪😰⚠️,💀😭😞⚠️,💀💊🔪🕳️🚨,💀😭⚠️🕳️",3
315,"💀🔪😰⚠️,💀😭😞⚠️,💀💊🔪🕳️🚨,💀😭🕳️🚨,💀💊🚨😭⚠️",0
315,"💀😭😞⚠️,💀💊🔪🕳️🚨,💀😭🕳️🚨,💀💊🚨😭⚠️,💀🕳️⚠️😭🚨",2
315,"💀💊🔪🕳️🚨,💀😭⚠️🕳️,💀💊🚨😭⚠️,💀🕳️⚠️😭🚨,💀💊⚠️🕳️😰",3
315,"💀😭⚠️🕳️,💀💊🚨😭⚠️,💀🕳️⚠️😭🔪,💀💊⚠️🕳️😰,💀💊😭⚠️🕳️",3
315,"💀💊🚨😭⚠️,💀⚠️🕳️😭🚨,💀💊⚠️🕳️😰,💀💊😭🕳️,💀💊⚠️😭",3
317,"💀🔪🚨😭⚠️,💀🔪😭⚠️,💀😭⚠️🕳️,😔💔😢🕳️⚠️,😔😰💔",0
317,"💀🔪😭⚠️,💀😭⚠️🕳️,😔💔😭⚠️🕳️,😔😰💔,💀😭😰⚠️💔",1
317,"💀😭⚠️🕳️,😔💔😭⚠️🕳️,😔😰💔,💀😭😰⚠️💔,😔😰⚠️💔",1
317,"😔💔😢🕳️⚠️,😔😰😖💔⚠️,💀😭😰⚠️💔,😔😰⚠️💔,💀😭⚠️🕳️",0
317,"😔😰💔,💀😭😰⚠️💔,😔😰⚠️💔,💀😭⚠️🕳️,😔🕳️💔😢",0
317,"💀😭😰⚠️💔,😔😰⚠️💔,💀😭⚠️🕳️,😔🕳️,😔💔😰⚠️🕳️",1
317,"😔😰⚠️💔,💀😭⚠️🕳️,😔🕳️,😔💔😰⚠️🕳️,💀😭⚠️🕳️😰",0
317,"💀😭⚠️🕳️,😔🕳️💔😢,😔💔😰⚠️🕳️,💀😭⚠️🕳️😰,😔💔😢",0
317,"😔🕳️,😔💔😰⚠️🕳️,💀😭⚠️🕳️😰,😔💔😢😞⚠️,💀🕳️😭🔪⚠️",0
317,"😔💔😰⚠️🕳️,💀😭⚠️🕳️😰,😔💔😢,💀🕳️😭⚠️,😔💔😢",0
318,"💀🕳️😭😔💔,💀🕳️🌑😭⚠️,💀🔫⚠️🕳️😭,💀🕳️🚨😭💊,💀🕳️⚠️😭🔪",1
318,"💀🕳️🌑😭⚠️,💀🔫😭🕳️⚠️,💀🕳️🚨😭💊,💀⚠️🕳️😭,💀🕳️⚠️😭🌑",2
318,"💀🔫⚠️🕳️😭,💀🕳️🚨😭💊,💀🕳️⚠️😭🔪,💀🕳️⚠️😭🌑,💀🔫🌊⚠️🚨",3
318,"💀🕳️🚨😭💊,💀⚠️🕳️😭,💀🕳️⚠️😭🌑,💀🔫🌊⚠️🚨,💀🕳️🔪🚨😭",1
318,"💀🕳️⚠️😭🚨,💀🕳️⚠️😭🌑,💀🔫🌊⚠️🚨,💀🕳️🔪🚨😭,💀🕳️⚠️😭🌑",1
318,"💀🕳️⚠️😭🌑,💀🔫🌊⚠️🚨,💀🕳️🔪🚨😭,💀🕳️⚠️😭🌑,💀⚠️🔪🕳️",1
318,"💀🔫🌊⚠️🚨,💀🕳️🔪🚨😭,💀🕳️⚠️😭🌑,💀⚠️🔪🕳️,💀🔫🚨😭🕳️",1
319,"💀😔😭🕳️⚠️,💀😰🕳️😭⚠️,💀🕳️😭⚠️😔,💀🔪🚨⚠️🕳️,💀😭⚠️🕳️",0
319,"💀😰🕳️😭,💀🕳️😭⚠️😔,💀🔪🚨⚠️🕳️,💀😭⚠️🕳️,😔💔🕳️😭⚠️",2
321,"😭💔😔⚠️🕳️,💀🕳️😭😔⚠️,💀💊⚠️😰🕳️,💀💊😰🕳️,💀🕳️😭🔪⚠️",1
321,"💀🕳️😭😔⚠️,💀💊⚠️😰🕳️,💀💊🤮⚠️🕳️,💀🕳️😭🔪⚠️,💀🕳️😭⚠️🔪",2
323,"💀🔪⚠️🕳️,💀😭🕳️⚠️😔,💀🔪😭⚠️🕳️,💀😔💔🕳️😭,😊😌💪",0
323,"💀😭🕳️⚠️😔,💀🔪😭⚠️🕳️,💀😔💔🕳️😭,😊😌💪,😔💔😢",0
324,"💀🔪⚠️😭🚨,💀🕳️😭⚠️,💀⚠️🕳️😭🚨,💀🕳️😭⚠️,💀💊🚨😭🕳️",3
324,"💀🕳️😭⚠️,💀⚠️🕳️😭🚨,💀🕳️😭⚠️💔,💀💊🚨😭🕳️,💀⚠️🕳️😭🔪",1
324,"💀⚠️🕳️😭🚨,💀🕳️😭⚠️,💀💊🚨😭🕳️,💀⚠️🕳️😭🔪,💀😭⚠️🕳️💔",1
324,"💀🕳️😭⚠️,💀💊🚨😭🕳️,💀⚠️🕳️😭🔪,💀😭⚠️🕳️💔,💀🕳️😭⚠️🔪",1
324,"💀💊🚨😭🕳️,💀⚠️🕳️😭🔪,💀😭⚠️🕳️💔,💀🕳️😭⚠️🔪,💀🕳️😭⚠️🔪",1
324,"💀⚠️🕳️😭🔪,💀😭⚠️🕳️💔,💀🕳️😭⚠️🔪,💀🕳️😭⚠️🔪,💀🔪⚠️😭🕳️",1
324,"💀😭⚠️🕳️💔,💀🕳️😭⚠️🔪,💀🕳️😭⚠️🔪,💀🔪⚠️😭🕳️,💀🕳️🚨😭⚠️",1
324,"💀🕳️😭⚠️🔪,💀🕳️😭⚠️🔪,💀🔪⚠️😭🕳️,💀⚠️🕳️😭,💀🔪⚠️😭🕳️",1
324,"💀🕳️😭⚠️🔪,💀🔪⚠️😭🕳️,💀🕳️😭⚠️,💀🔪⚠️😭🕳️,💀😭⚠️😔💔",1
324,"💀🔪⚠️😭🕳️,💀🕳️⚠️😭🔪,💀🔪⚠️😭🕳️,💀😭⚠️😔😖,💀😔🕳️😭⚠️",1
324,"💀🕳️🚨😭⚠️,💀🔪⚠️😭🕳️,💀😭⚠️😔💔,💀😔🕳️😭⚠️,💀😭🔪🕳️⚠️",1
324,"💀🔪⚠️😭🕳️,💀😭⚠️😔💔,💀😔🕳️😭⚠️,💀🔪😭🕳️⚠️,💀🔪😭⚠️",2
324,"💀😭⚠️😔💔,💀😔🕳️😭⚠️,💀🔪😭🕳️⚠️,💀🔪😭⚠️,💀⚠️🕳️😭🚨",3
324,"💀😔🕳️😭⚠️,💀🔪😭🕳️⚠️,💀🔪😭⚠️,💀⚠️🕳️😭🚨,💀🕳️⚠️😭",1
324,"💀🔪😭🕳️⚠️,💀🔪😭⚠️,💀⚠️🕳️😭🚨,💀🕳️⚠️😭,💀🕳️😰😭⚠️",1
324,"💀🔪😭⚠️,💀⚠️🕳️😭🚨,💀🕳️😭⚠️🪦,💀🕳️😰😭⚠️,💀🔪🚨⚠️🔫",1
324,"💀⚠️🕳️😭🚨,💀🕳️😭⚠️,💀🕳️😭⚠️,💀🔪🚨⚠️🔫,💀🔪🚨⚠️🔫",1
324,"💀🕳️⚠️😭,💀🕳️😭⚠️,💀🔪🚨⚠️🔫,💀🔪🚨⚠️🔫,💀🔪🚨⚠️😭",1
324,"💀🕳️😰😭⚠️,💀🔪🚨⚠️🔫,💀🔪🚨⚠️🔫,💀🔪🚨⚠️😭,💀🕳️😭😔⚠️",2
324,"💀🔪🚨⚠️🔫,💀🔪🚨⚠️🔫,💀🔪🚨⚠️😭,💀🕳️😭😔⚠️,💀🕳️🚨😭⚠️",1
324,"💀🔪🚨⚠️🔫,💀🔪🚨⚠️😭,💀🕳️😭😔⚠️,💀🕳️🚨😭⚠️,💀🕳️😭⚠️💔",1
324,"💀🔪🚨⚠️😭,💀🕳️😭😔⚠️,💀🕳️🚨😭⚠️,💀🕳️😭⚠️💔,💀😔🕳️😭⚠️",3
324,"💀🕳️😭😔⚠️,💀🕳️⚠️😭🔪,💀🕳️😭⚠️💔,💀😔🕳️😭⚠️,💀🕳️⚠️😭🔪",2
324,"💀🕳️🚨😭⚠️,💀🕳️😭⚠️💔,💀😔🕳️😭⚠️,💀🕳️⚠️😭🔪,💀⚠️🕳️😭📅",3
324,"💀🕳️😭⚠️💔,💀😔🕳️😭⚠️,💀🕳️⚠️😭🔪,💀⚠️🕳️😭📅,💀🕳️😭⚠️🩸",2
324,"💀😔🕳️😭⚠️,💀🕳️⚠️😭🔪,💀⚠️🕳️😭📅,💀🕳️😭⚠️,💀🕳️😭⚠️😔",1
324,"💀🕳️⚠️😭🔪,💀⚠️🕳️😭📅,💀🕳️😭⚠️🩸,💀🕳️😭⚠️😔,💀🔪⚠️🕳️",2
324,"💀⚠️🕳️😭📅,💀🕳️😭⚠️🩸,💀🕳️😭⚠️😔,💀🔪⚠️🕳️,💀⚠️🕳️😭🔪",2
324,"💀🕳️😭⚠️,💀🕳️😭⚠️😔,💀🔪⚠️🕳️,💀⚠️🕳️😭🔪,💀🕳️😭⚠️💔",1
324,"💀🕳️😭⚠️😔,💀🔪⚠️🕳️,💀⚠️🕳️😭🔪,💀🕳️😭⚠️💔,💀⚠️🕳️😭🔪",0
324,"💀🔪⚠️🕳️,💀⚠️🕳️😭🔪,💀🕳️😭⚠️💔,💀⚠️😭🕳️🔫,😔💔😢😞🕳️",1
324,"💀⚠️🕳️😭🔪,💀🕳️😭⚠️💔,💀⚠️🕳️😭🔫,😔💔😢😞🕳️,💀🕳️😭⚠️💔",0
324,"💀🕳️😭⚠️💔,💀⚠️🕳️😭🔫,😔💔😢😞🕳️,💀🕳️😭⚠️💔,💀🕳️😭⚠️",1
324,"💀⚠️🕳️😭🔪,😔💔😢😞🕳️,💀🕳️😭⚠️💔,💀🕳️😭⚠️,💀🕳️😭🚨⚠️",0
324,"😔💔😢😞🕳️,💀🕳️😭⚠️💔,💀🕳️😭⚠️,💀🕳️😭🚨⚠️,😔💔🕳️😭⚠️",2
324,"💀🕳️😭⚠️💔,💀🕳️😭⚠️,💀🕳️🚨😭⚠️,😔💔🕳️😭⚠️,💀🕳️⚠️😭🌑",1
324,"💀🕳️😭⚠️,💀🕳️🚨😭⚠️,😔💔🕳️😭⚠️,💀🕳️⚠️😭🌑,💀😭🕳️⚠️💔",1
324,"💀🕳️😭🚨⚠️,😔💔🕳️😭⚠️,💀🕳️⚠️😭🌑,💀😭🕳️⚠️💔,💀🕳️😭⚠️",2
324,"😔💔🕳️😭⚠️,💀🕳️⚠️😭🌑,💀😭🕳️⚠️💔,💀🕳️😭⚠️😔,💀🚗🌲⚠️",1
324,"💀🕳️⚠️😭🌑,💀🕳️😭😔,💀🕳️😭⚠️,💀🚗🔪⚠️🕳️,💀😭⚠️🕳️",0
324,"💀😭🕳️⚠️💔,💀🕳️😭⚠️😔,💀🚗🔪⚠️🕳️,💀😭⚠️🕳️,😔💔😢🕳️",0
324,"💀🕳️😭⚠️😔,💀🚗🔪🕳️,💀😭⚠️🕳️,😔💔😢🕳️,😔💔😞🕳️",2
324,"💀🚗🌲⚠️,💀😭⚠️🕳️,😔💔😢🕳️,😔💔😞🕳️,💀😭🕳️⚠️😔",2
324,"💀😭⚠️🕳️,😔💔😢🕳️,😔💔😞🕳️,💀😭🕳️⚠️😔,💀🕳️😭⚠️💔",2
324,"😔💔😢😞🕳️,😔💔😞🕳️😭,💀😭🕳️⚠️😔,💀🕳️😭⚠️💔,💀🕳️⚠️😭🌑",0
324,"😔💔😞🕳️,💀😭🕳️⚠️😔,💀🕳️😭⚠️💔,💀🕳️⚠️😭🌑,💀🕳️😭⚠️😔",0
324,"💀😭🕳️⚠️😔,💀🕳️😭⚠️💔,💀🕳️⚠️😭🌑,💀🕳️😭⚠️😔,😔💔🕳️😭⚠️",0
324,"💀🕳️😭⚠️💔,💀🕳️⚠️😭🌑,💀🕳️😭⚠️😔,😔💔🕳️😭⚠️,💀🕳️😭⚠️💔",1
324,"💀🕳️⚠️😭🌑,💀🕳️😭⚠️😔,😔💔🕳️😭⚠️,💀🕳️😭⚠️💔,💀🕳️😭😔💔",2
324,"💀🕳️😭⚠️😔,😔💔🕳️😭⚠️,💀🕳️😭⚠️💔,💀🕳️😭😔💔,💀🕳️😭🔪⚠️",0
324,"😔💔🕳️😭⚠️,💀🕳️😭⚠️💔,💀🕳️😭😔💔,💀🕳️😭🔪⚠️,😔💥🕳️😩⚠️",2
324,"💀🕳️😭⚠️💔,💀🕳️😭😔💔,💀🕳️😭🔪⚠️,😔💥🕳️😭⚠️,💀💊🚗⚠️🕳️",0
324,"💀🕳️😭😔💔,💀🕳️😭⚠️🔪,😔💥😖🕳️⚠️,💀💊🚗⚠️🕳️,💣😰🕳️😭⚠️",1
324,"💀🕳️😭🔪⚠️,😔💥😖🕳️⚠️,💀💊🚗⚠️🕳️,💣😔💥🕳️⚠️,💀🕳️😭⚠️",1
324,"😔💥😩🕳️⚠️,💀💊🚗⚠️🕳️,💣😔💥🕳️⚠️,💀🕳️😭⚠️,💀😔🕳️😭⚠️",1
324,"💀💊🚗⚠️🕳️,💣😰🕳️😭⚠️,💀🕳️😭⚠️,💀😔🕳️😭⚠️,💀🕳️😰⚠️😭",1
324,"💣😰🕳️😭⚠️,💀🕳️😭⚠️,💀😔🕳️😭⚠️,💀🕳️😭⚠️,💀🕳️😰😭⚠️",0
324,"💀🕳️😭⚠️,💀😔🕳️😭⚠️,💀🕳️😰⚠️😭,💀🕳️😭⚠️🌑,💊😰⚠️🕳️💀",1
324,"💀😔🕳️💔😢,💀🕳️😰⚠️😭,💀🕳️😭⚠️,💊😰⚠️🕳️💀,💀🕳️😰😭⚠️",1
324,"💀🕳️😰😭⚠️,💀🕳️😰😭⚠️,💊😰⚠️🕳️💀,💀🕳️😰😭⚠️,💀⚠️🕳️😭",1
324,"💀🕳️😭⚠️🌑,💊😰⚠️🕳️💀,💀🕳️😰😭⚠️,💀⚠️🕳️😭,💀😭🕳️⚠️😔",0
324,"💊😰⚠️🕳️💀,💀🕳️😰😭⚠️,💀⚠️🕳️😭,💀😭🕳️⚠️😔,😔💔😢🕳️⚠️",1
324,"💀🕳️😰😭⚠️,💀⚠️🕳️😭,💀😭🕳️⚠️😔,😔🕳️😭😞⚠️,💀🕳️😭💔",1
324,"💀⚠️🕳️😭,💀😭🕳️⚠️😔,😔💔😢🕳️⚠️,💀🕳️😭⚠️💔,💀🕳️😰😔💔",1
324,"💀😭🕳️⚠️😔,😔💔😢🕳️⚠️,💀🕳️😭⚠️💔,💀🕳️😰😔💔,💀🕳️⚠️😭🚨",0
324,"😔🕳️😭😞💀,💀🕳️😭⚠️💔,💀🕳️😰😔💔,💀🕳️⚠️😭🚨,😔💔😢🕳️",1
324,"💀🕳️😭💔,💀🕳️😰😔💔,💀🕳️⚠️😭🚨,😔💔😢🕳️,💀💊😰🕳️⚠️",2
324,"💀🕳️😰😔💔,💀🕳️⚠️😭🚨,😔💔😢🕳️,💀💊😭⚠️🕳️,💀🕳️😭⚠️🔪",1
324,"💀🕳️⚠️😭🚨,😔💔😢,💀💊😭⚠️🕳️,💀🕳️😭⚠️😔,💀🔪😭⚠️",3
324,"😔💔😢🕳️,💀💊😭🕳️⚠️,💀🕳️😭⚠️😖,💀😭⚠️🕳️,💀🕳️😭💊⚠️",1
324,"💀💊😭⚠️🕳️,💀🕳️😭⚠️,💀🔪😭⚠️,💀😭🕳️⚠️😔,💀🕳️😭⚠️😖",0
324,"💀🕳️😭⚠️😔,💀😭⚠️🕳️,💀🕳️😭💊⚠️,💀🕳️😭⚠️😖,💀🕳️😭",1
324,"💀🔪😭⚠️,💀🕳️😭💊⚠️,💀🕳️😭⚠️😖,💀🕳️😭⚠️,💀🕳️😭😔⚠️",1
324,"💀🕳️😭💊⚠️,💀🕳️😭⚠️😖,😔😩🕳️😭⚠️,💀🕳️😭😔⚠️,💀🕳️😭🛒💔",1
324,"💀🕳️⚠️😭😖,💀🕳️😭⚠️,💀🕳️😭😔⚠️,💀😭🕳️⚠️💊,💀🕳️😭😰⚠️",1
324,"💀🕳️😰😭⚠️,💀🕳️😭😔⚠️,💀😭🕳️⚠️💊,💀🕳️😭😰⚠️,💀⚠️🕳️😭🚨",0
324,"💀🕳️😭😔⚠️,💀😭🕳️⚠️💊,💀🕳️😭⚠️,💀⚠️🕳️😭🚨,🕳️😰💀😔🌊",0
324,"💀🕳️😭🛒💔,💀🕳️😭😰⚠️,💀🕳️⚠️😭🚨,🕳️😰💀😔🌊,💀🕳️😰⚠️😭",1
324,"💀🕳️😭😰⚠️,💀🕳️⚠️😭🚨,🕳️😰💀😔🌊,💀🕳️😰⚠️😭,💀😭🕳️⚠️",1
324,"💀🕳️⚠️😭🚨,🕳️😰💀😔🌊,💀🕳️😰⚠️😭,💀😭🕳️⚠️,💀🕳️⚠️😭💸",1
324,"🕳️😰💀😔🌊,💀🕳️😰⚠️😭,💀😭🕳️⚠️,💀🕳️⚠️😭💸,💀⚠️😰🕳️😭",0
324,"💀🕳️😰⚠️😭,💀😰🕳️😭⚠️,💀🕳️⚠️😭💸,💀⚠️😰🕳️😭,💀🕳️😭😔⚠️",1
324,"💀😰🕳️😭⚠️,💀🕳️⚠️😭💸,💀⚠️😰🕳️😭,💀🕳️😭😔⚠️,💀😰🕳️😭⚠️",1
324,"💀🕳️⚠️😭💸,💀🚨⚠️😭🕳️,💀🕳️😭😔⚠️,💀😰🕳️😭⚠️,💀🔪🚨🕳️😭",2
324,"💀🚨⚠️😭🌑,💀🕳️😭😔⚠️,💀😰🕳️😭⚠️,💀🔪🚨😭🕳️,💀🔪😭🕳️⚠️",1
324,"💀🕳️😭😔⚠️,💀😰🕳️😭⚠️,💀🔪🚨🕳️😭,💀🔪😭🕳️⚠️,💀🔪😭🕳️⚠️",1
324,"💀😰🕳️😭⚠️,💀🔪🚨😭🕳️,💀🔪😭🕳️⚠️,💀🔪😭🕳️⚠️,💀😭🕳️🔪⚠️",1
324,"💀🔪🚨🕳️😭,💀🔪😭🕳️⚠️,💀🔪😭🕳️⚠️,💀😭🕳️🔪⚠️,💀🕳️😭⚠️🩸",0
324,"💀🔪😭🕳️⚠️,💀🔪😭🕳️⚠️,💀😭🕳️🔪⚠️,💀🕳️😭⚠️😖,💀🕳️😭⚠️",1
324,"💀🔪😭🕳️⚠️,💀😭🕳️🔪⚠️,💀🕳️😭⚠️🩸,💀🕳️😭🚨,💀💊⚠️😭🕳️",2
324,"💀😭🕳️🔪⚠️,💀🕳️😭⚠️🩸,💀🕳️😭🚨,💀💊⚠️🕳️😭,💀😰🕳️😭⚠️",2
324,"💀🕳️😭⚠️🩸,💀🕳️😭⚠️,💀💊⚠️😭🕳️,💀😰⚠️😭🕳️,💀🔪🚨😭⚠️",0
324,"💀🕳️😭⚠️,💀💊⚠️😭🕳️,💀😰⚠️😭😔,💀🔪🚨😭⚠️,💀😔🕳️💔⚠️",1
324,"💀💊⚠️😭🕳️,💀😰🕳️😭⚠️,💀🔪🚨😭⚠️,💀😔🕳️💔😭,💀🕳️😭💔⚠️",1
328,"💀🔪💊🚨😭,💀😭⚠️🕳️,💀😭😔⚠️🕳️,💀💊🚨😭🕳️,💀🕳️😭⚠️",0
328,"💀😭⚠️,💀😭🕳️⚠️😔,💀💊🚨😭🕳️,💀🕳️😭⚠️,💀🕳️⚠️😭💊",2
328,"💀😭🕳️⚠️😔,💀💊🚨😭⚠️,💀🕳️😭⚠️,💀🕳️⚠️😭💊,💀🔪🚨😭🕳️",2
328,"💀💊🚨😭🕳️,💀🕳️😭⚠️,💀🕳️⚠️😭💊,💀🔪🚨😭🕳️,💀🕳️😭⚠️",2
328,"💀🕳️😭⚠️,💀🕳️⚠️😭💊,💀🔪🚨😭🕳️,💀🕳️😭⚠️,💀🔪⚠️😭",2
328,"💀🕳️⚠️😭💊,💀⚠️😭🕳️🔪,💀🕳️😭⚠️,💀🔪⚠️😭,💀🕳️😭⚠️",2
328,"💀🔪🚨😭🕳️,💀🕳️😭⚠️,💀🔪⚠️😭,💀🕳️😭⚠️,💀🔪🚨😭🕳️",2
328,"💀🕳️😭⚠️,💀🔪⚠️😭,💀🕳️😭⚠️,💀🔪🚨😭🕳️,💀🚨⚠️🕳️😭",2
328,"💀🔪⚠️😭,💀🕳️😭⚠️,💀🔪🚨😭🕳️,💀🚨⚠️🕳️😭,💀🕳️🚨😭⚠️",2
328,"💀🕳️😭⚠️,💀🔪🚨😭🕳️,💀🚨⚠️🕳️😭,💀🕳️🚨😭⚠️,💀🕳️😭⚠️",2
328,"💀🔪🚨😭🕳️,💀🚨⚠️🕳️😭,💀🕳️🚨😭⚠️,💀🕳️😭⚠️,💀🔪🚨😭⚠️",0
328,"💀🚨⚠️🕳️😭,💀🕳️🚨😭⚠️,💀🕳️😭⚠️,💀🔪🚨😭🕳️,😰⚠️😔💔",2
328,"💀🕳️🚨😭⚠️,💀🕳️😭⚠️,💀🔪🚨😭🕳️,😰⚠️😔💔,🔪😭😔⚠️",2
328,"💀🕳️😭⚠️,💀🔪🚨😭⚠️,😰⚠️😔💔,🔪😭⚠️😔,💀⚠️🔪🕳️",3
328,"💀🔪🕳️😭,😰⚠️😔💔,🔪😭⚠️😔,💀⚠️🚨🔪📅,💀🕳️🚨😭⚠️",2
328,"😰⚠️😔💔,🔪😭⚠️😔,💀⚠️🚨🔪📅,💀🕳️🚨😭⚠️,💀🕳️🚨⚠️🔪",2
328,"🔪😭⚠️💔,💀⚠️🔪📅😭,💀🕳️🚨😭⚠️,💀🕳️🚨⚠️🔪,💀🕳️🚨🔪⚠️",3
328,"💀⚠️🚨🔪📅,💀🕳️🚨😭⚠️,💀🕳️🚨⚠️🔪,💀🕳️🚨🔪⚠️,💀🕳️😭⚠️",1
328,"💀🕳️🚨😭⚠️,💀🕳️🚨🔪⚠️,💀🕳️🚨🔪⚠️,💀🕳️😭⚠️,💀😰⚠️😭🔪",1
328,"💀🕳️🚨⚠️🔪,💀🕳️🚨🔪⚠️,💀🕳️😭⚠️,💀😰⚠️😭🔪,💀😰⚠️😭🔪",3
328,"💀🕳️🚨🔪⚠️,💀⚠️🕳️😭,💀😰🕳️⚠️😭,💀😰🕳️⚠️😭,💀🕳️⚠️😭🔪",3
328,"💀⚠️🕳️😭,💀😰⚠️😭🔪,💀😰⚠️😭🔪,💀🕳️⚠️😭🔪,💀🕳️⚠️😭🔪",1
328,"💀😰⚠️😭🔪,💀😰🕳️⚠️😭,💀🕳️⚠️😭🚨,💀🕳️⚠️😭🔪,💀🔪⚠️😭",1
328,"💀😰🕳️⚠️😭,💀🕳️⚠️😭🔪,💀🕳️⚠️😭🔪,💀🔪⚠️😭,💀😭🕳️⚠️😔",3
328,"💀🕳️⚠️😭🔪,💀🕳️⚠️😭🔪,💀⚠️😭🔪,💀😭🕳️⚠️😔,💀💊😭⚠️🕳️",0
328,"💀🕳️⚠️😭🔪,💀🔪⚠️😭,💀😭🕳️⚠️😔,💀💊😭⚠️🕳️,💀🕳️😭⚠️",1
328,"💀🔪⚠️😭,💀😭🕳️⚠️😔,💀💊😭⚠️🕳️,💀🕳️😭⚠️,💀🕳️😭⚠️",0
328,"💀😭🕳️⚠️😔,💀💊😭⚠️🕳️,💀🕳️😭⚠️,💀🕳️😭⚠️,💀🕳️⚠️😭",1
328,"💀💊😭⚠️🕳️,💀🕳️😭⚠️,💀🕳️😭⚠️,💀🕳️⚠️😭,💀😭🕳️⚠️😔",1
328,"💀🕳️😭⚠️,💀🕳️😭⚠️,💀🕳️⚠️😭,💀😭🕳️⚠️😔,💀🕳️😭⚠️",2
328,"💀🕳️😭⚠️,💀🕳️⚠️😭,💀😭🕳️⚠️😔,💀🕳️😭⚠️,💀💊😰🕳️😭",0
328,"💀🕳️⚠️😭,💀😭🕳️⚠️😔,💀🕳️😭⚠️,💀💊😰🕳️😭,💀🕳️⚠️😭💊",0
328,"💀😭🕳️⚠️😔,💀🕳️😭⚠️,💀💊😰🕳️😭,💀🕳️⚠️😭💊,💀🕳️⚠️😭💊",3
328,"💀🕳️😭⚠️😖,💀💊😰🕳️😭,💀🕳️⚠️😭💊,💀🕳️⚠️😭🚨,💀💊⚠️🕳️😭",1
328,"💀💊😰🕳️😭,💀🕳️⚠️😭💊,💀🕳️⚠️😭💊,💀💊⚠️🕳️😭,💀😰🕳️⚠️😭",2
328,"💀🕳️⚠️😭💊,💀🕳️⚠️😭💊,💀💊⚠️🕳️😭,💀😰⚠️😭🔪,💀🕳️😰💊⚠️",0
328,"💀🕳️⚠️😭💊,💀💊⚠️🕳️😭,💀😰🕳️⚠️😭,💀🕳️😰💊⚠️,⚠️😰🕳️",2
328,"💀💊⚠️🕳️😭,💀😰🕳️⚠️😭,💀🕳️😰💊⚠️,⚠️😰🕳️,💀💊⚠️😰🕳️",2
328,"💀😰⚠️😭🔪,💀🕳️😰⚠️😭,⚠️😰🕳️,💀💊⚠️😰🕳️,💀💊⚠️🕳️",1
328,"💀🕳️😰💊⚠️,⚠️😰🕳️,💀💊⚠️😰🕳️,💀💊⚠️🕳️,💀🕳️😰⚠️😭",2
328,"⚠️😰🕳️,💀💊⚠️😰🕳️,💀💊⚠️😰,💀🕳️😰⚠️😭,💀💊⚠️🕳️😰",2
329,"💀💊⚠️🕳️😭,💀🕳️😭⚠️😔,💀🕳️😭⚠️💔,💀🕳️😭😔⚠️,💀🕳️😭😔⚠️",3
329,"💀🕳️😭😰⚠️,💀🕳️😭💔⚠️,💀🕳️😭⚠️😔,💀🕳️😭😔⚠️,💀🕳️😭🔪⚠️",0
329,"💀🕳️😭⚠️💔,💀🕳️😭⚠️😔,💀🕳️😭😔⚠️,💀🕳️😭🔪⚠️,😔💔😢",3
329,"💀🕳️😭⚠️😔,💀🕳️😭😔⚠️,💀🕳️😭🔪⚠️,😔💔😢,💀🕳️😭⚠️🩸",3
329,"💀🕳️😭😔⚠️,💀🕳️😭🔪⚠️,😔💔😢,💀🕳️😭⚠️🩸,😔💔😢🕳️⚠️",1
329,"💀🕳️😭🔪⚠️,😔💔😢,💀🕳️😭⚠️🩸,😔💔😢🕳️⚠️,💀🕳️😭⚠️😔",0
329,"😔💔😢,💀🕳️😭⚠️🩸,😔💔😢😖🕳️,💀🕳️😭⚠️😔,😔💔😩🕳️⚠️",3
329,"💀🕳️😭⚠️🩸,😔💔😢🕳️⚠️,💀🕳️😭⚠️😔,😔💔😢😞⚠️,💀🕳️😭🚨💊",0
330,"💀🕳️⚠️😭🔪,💀⚠️🕳️😭🚨,💀🕳️😭⚠️💊,💀🕳️😭⚠️💔,💀⚠️🪦😰🕳️",0
330,"💀⚠️🕳️😭🚨,💀🕳️😭⚠️💊,💀🕳️😭⚠️💔,💀⚠️🪦😰🕳️,😖💔⚠️😭😔",0
330,"💀🕳️😭⚠️💊,💀🕳️😭⚠️,💀⚠️🪦😰🕳️,😖💔⚠️😭😔,😔💔😞⚠️🕳️",1
330,"💀🕳️😭⚠️😔,💀⚠️🪦😰🕳️,😭😰⚠️😔💔,😔💔😞⚠️,💀⚠️🕳️😭🔪",0
331,"💀🕳️😭⚠️,💀🕳️😭😔⚠️,😔💔😞,💀🕳️😭😔💔,💀🕳️😭💔⚠️",2
331,"💀🕳️😭😔💔,😔💔😞,💀🕳️😭😔💔,💀🕳️😭💔⚠️,💀🚨🔪🕳️😭",1
332,"💀🕳️😭⚠️💊,💀😭🕳️⚠️😔,💀🕳️⚠️🔪😭,💀🚨⚠️😭🕳️,💀🕳️⚠️😭🔪",0
332,"💀😭🕳️⚠️😔,💀🕳️⚠️🔪,💀🚨⚠️😭🕳️,💀🕳️⚠️😭🔪,💀📝⚠️🕳️😭",3
333,"💀💊⚠️🕳️😰,💀🕳️😭⚠️🩸,💀🕳️😭⚠️🔪,💀🕳️😭⚠️,💀🔪💊🚨",1
333,"💀🕳️😭⚠️🩸,💀🕳️😭⚠️,💀🕳️😭⚠️,💀🔪🩸🚨,💀😭⚠️🕳️😔",1
333,"💀🕳️😭⚠️🚨,💀🕳️😭⚠️,💀🔪💊🚨,💀😭⚠️🕳️,💀🕳️😭💊⚠️",1
334,"💀🕳️😭⚠️💊,💀😭🕳️⚠️😔,💀🕳️😭😔⚠️,💀🕳️😭⚠️💊,💀😭🕳️⚠️😔",2
334,"💀😭🕳️⚠️😔,💀😔🕳️😭⚠️,💀🕳️😭⚠️💊,💀😭🕳️⚠️😔,💀💊🕳️😭⚠️",1
335,"💀🕳️😭⚠️😔,💀🔫⚠️😰🕳️,💀😰🕳️😭⚠️,💀🕳️😭⚠️💔,💀⚠️🕳️😭💊",0
335,"💀🔫⚠️😰🕳️,💀😰🕳️😭⚠️,💀🕳️😭⚠️💔,💀⚠️🕳️😭💊,💀⚠️🕳️😭",1
336,"🌈✨🙏😌💚,💀🕳️🔪💊,💀😭🕳️⚠️😔,😔💔😢,💀🕳️😭⚠️🌑",1
336,"💀🕳️🔪💊,💀😭🕳️⚠️😔,😔💔😌,💀🕳️😭⚠️🌑,💀🕳️🌊🔪",0
336,"💀😭🕳️⚠️😖,😊😌💪✨🌟,💀🕳️😭⚠️🌑,💀🕳️🌊😭⚠️,💀🌑🕳️⚠️",2
336,"😔💔😢,💀🕳️😭⚠️🌑,💀🕳️🌊😭⚠️,💀🌑🕳️⚠️,💀🔪🕳️😭",1
336,"💀🕳️😭⚠️🌑,💀🕳️🌊🔪,💀🕳️⚠️🌑😭,💀🔪🕳️😭,💀🕳️😭😰🌑",0
339,"💀🕳️😭⚠️😔,💀🕳️⚠️😔💪,😔💔😢🕳️⚠️,😔💔😢🕳️⚠️,😔💔😢😞⚠️",0
339,"💀⚠️😔💪✨,😔💔😢🕳️⚠️,😔💔😢🕳️⚠️,😔💔😢😞⚠️,😔💔😢😞⚠️",1
342,"💀😭🕳️⚠️😔,💀⚠️🕳️😭🚗,💀🚗⚠️🕳️😭,💀🔪🚨⚠️🕳️,💀⚠️🕳️😭",2
343,"💀⚠️🕳️😭,💀😭🕳️⚠️😔,💀🕳️😭⚠️,😔💔😢😞🕳️,💀🕳️😭⚠️😰",0
343,"💀😭🕳️⚠️😔,💀🕳️😭⚠️😰,😔💔😢😞,💀🕳️😭⚠️😰,😔💔😢🕳️⚠️",1
343,"💀😭🕳️⚠️😰,😔💔😢😞🕳️,💀🕳️😭⚠️😰,😔💔😞🕳️⚠️,😔💔😩🕳️⚠️",0
343,"😔💔😢😞🕳️,💀🕳️😭⚠️😰,😔💔😞🕳️⚠️,😔💔😩🕳️⚠️,😔💔😢🕳️⚠️",1
343,"💀🕳️😰😭⚠️,😔💔😢🕳️⚠️,😔💔😩🕳️⚠️,😔💔😢🕳️⚠️,💀🕳️😭⚠️",1
343,"😔💔😞🕳️⚠️,😔💔😩🕳️⚠️,😔💔😢🕳️⚠️,💀🕳️😭⚠️😔,💀🕳️😰😔⚠️",1
343,"😔💔😩🕳️⚠️,😔💔😢🕳️⚠️,💀🕳️😭⚠️😔,💀🕳️😰😔⚠️,💀🕳️😭⚠️",1
343,"😔💔😢🕳️⚠️,💀🕳️😭😔⚠️,💀🕳️😰😔⚠️,💀🕳️😭⚠️,💀😭⚠️🔪💔",1
343,"💀🕳️😭😔⚠️,💀🕳️😰😔⚠️,💀🕳️😭⚠️,💀😭⚠️🕳️💔,💀😭🕳️⚠️😔",0
343,"💀🕳️😰😔⚠️,💀🕳️😭⚠️,💀😭⚠️🕳️💔,💀😭🕳️⚠️😔,💀⚠️🕳️😭🩸",1
343,"💀🕳️😭⚠️,💀😭⚠️🕳️💔,💀😭🕳️⚠️😔,💀⚠️🕳️😭🩸,💀🕳️😭😔⚠️",2
343,"💀😭⚠️🔪💔,💀😭🕳️⚠️😔,💀⚠️🕳️😭🚨,💀🕳️😭😔⚠️,💀🕳️🚨😭⚠️",1
343,"💀😭🕳️⚠️😔,💀⚠️🕳️😭🩸,💀🕳️😭😔⚠️,💀🕳️🚨😭⚠️,💀😭🕳️🚨",1
343,"💀⚠️🕳️😭🩸,💀🕳️😭😔⚠️,💀🕳️🚨😭⚠️,💀😭🕳️🚨,💀🕳️😭⚠️💊",1
343,"💀🕳️😭😔⚠️,💀🕳️🚨😭⚠️,💀😭🕳️🚨,💀🕳️😭⚠️💊,💀😭⚠️🕳️",0
343,"💀🕳️🚨😭⚠️,💀😭🕳️🚨,💀🕳️😭⚠️💊,💀😭⚠️🕳️,😔🕳️",1
343,"💀😭🕳️🚨,💀🕳️😭⚠️💊,💀😭⚠️🕳️,😔🕳️,💀🕳️😭⚠️🪦",0
346,"💀🕳️😭⚠️🚨,💀😭🕳️⚠️🔪,💀😰🕳️😭,💀🕳️😭💔⚠️,💀😭🕳️⚠️😖",1
346,"💀🕳️😭⚠️🚨,💀😰🕳️😭,💀🕳️😭💔⚠️,💀😭🕳️⚠️😖,💀😭⚠️🕳️",1
346,"💀😰🕳️😭,💀🕳️😭💔⚠️,💀😭⚠️🕳️😖,💀😭⚠️🕳️,💀🕳️⚠️😭🔪",3
346,"💀🕳️😭💔⚠️,💀😭⚠️🕳️😔,💀🕳️😭⚠️🚨,💀🕳️⚠️😭💊,💀🔪😭⚠️",3
346,"💀😭⚠️🕳️😖,💀😰🕳️😭⚠️,💀🕳️⚠️😭🔪,💀🔪😭⚠️,💀🔪😭⚠️",1
346,"💀😭⚠️🕳️,💀🕳️⚠️😭🔪,💀🔪😭⚠️,💀🔪😭⚠️,💀😭🕳️⚠️😔",2
346,"💀🕳️⚠️😭🔪,💀🔪😭⚠️,💀🔪😭⚠️,💀😭🕳️⚠️😔,💀🕳️⚠️😭🔪",1
346,"💀🔪😭⚠️,💀🔪😭⚠️,💀🕳️😭💔⚠️,💀🕳️⚠️😭🔪,💀🕳️⚠️😭🔪",1
346,"💀🔪😭⚠️,💀🕳️😭⚠️💔,💀🕳️⚠️😭🔪,💀🕳️⚠️😭🔪,💀🕳️⚠️😭🔪",1
346,"💀🕳️😭⚠️😔,💀🕳️⚠️😭,💀🕳️⚠️😭🔪,💀🕳️⚠️😭🔪,💀🕳️⚠️😰🔪",1
346,"💀🕳️⚠️😭🔪,💀🕳️⚠️😭🔪,💀🕳️⚠️😭🔪,💀🕳️⚠️😰🔪,💀🕳️😰🔪⚠️",1
346,"💀🕳️⚠️😭🔪,💀🕳️⚠️😭🔪,💀🕳️⚠️😰🔪,💀🕳️😰🔪⚠️,💀🕳️😭⚠️",1
346,"💀🕳️⚠️😭🔪,💀🕳️⚠️😰🔪,💀🕳️😰🔪⚠️,💀🕳️😭⚠️,💀🔪😰🕳️😭",1
346,"💀🕳️⚠️😰🔪,💀🕳️😭🔪⚠️,💀🕳️😭⚠️,💀🔪😰🕳️😭,💀😔🕳️😭⚠️",1
346,"💀🕳️😰🔪⚠️,💀🕳️😭⚠️,💀🔪😰🕳️😭,💀😔🕳️😭💔,💀🕳️😭⚠️",1
346,"💀🕳️😭⚠️,💀🔪😰🕳️😭,💀😔🕳️😭⚠️,💀🕳️😭⚠️,💀🕳️⚠️😭🔪",1
346,"💀😭🔪⚠️🕳️,😔💔🕳️😭⚠️,💀🕳️😭⚠️,💀🕳️⚠️😭🔪,💀🔪😰⚠️",2
346,"💀😔🕳️😭⚠️,💀🕳️😭⚠️,💀🕳️⚠️😭🔪,💀🔪😰⚠️,💀🕳️🚨😭🔪",1
346,"💀🕳️😭⚠️,💀🕳️⚠️😭🔪,💀🔪😰⚠️,💀🕳️🚨🔪😭,💀😭🕳️⚠️",2
347,"💀🕳️😭⚠️😖,😔💔😢😞⚠️,💀🕳️😭😔⚠️,💀🕳️😭😔⚠️,💀⚠️🕳️😭",0
347,"😔💔😢😞⚠️,💀🕳️😭⚠️,💀🕳️😭😔⚠️,💀⚠️🕳️😭🚨,😭😔💔🕯️⚠️",0
347,"💀🕳️😭😔⚠️,💀🕳️😭😔⚠️,💀⚠️🕳️😭🚨,😭😔💔🕯️⚠️,💀🕳️😩😔🌑",0
347,"💀🕳️😭😔⚠️,💀⚠️🕳️😭,😭😔💔🕯️⚠️,💀🕳️😩😔🌑,💀🕳️😰😔💔",0
347,"💀⚠️🕳️😭🚨,😭😔💔😞⚠️,💀🕳️😩😔🌑,💀🕳️😰😔💔,😔💔😞",0
347,"😭😔💔🕯️⚠️,💀🕳️😩😔🌑,💀🕳️😰😔💔,😔💔😞,😰⚠️🕳️😭🚨",0
347,"💀🕳️😩😔🌑,💀🕳️😰😔💔,😔💔😞,⚠️😰🕳️,💀⚠️🕳️😭😔",0
347,"💀🕳️😰😔💔,😔💔😞,😰⚠️🕳️😔🚨,💀⚠️🕳️😭😔,😔💔😢😞⚠️",1
347,"😔💔😞,😰⚠️🕳️,💀⚠️🕳️😭😔,😔💔😢😞⚠️,💀😔🕳️😭⚠️",0
347,"😰⚠️🕳️,💀⚠️🕳️😭😔,😔💔😢😞⚠️,💀😔🕳️😭⚠️,😔💔😢",3
347,"💀⚠️🕳️😭😔,😔💔😢😞⚠️,💀😔🕳️😭⚠️,😔💔😢⚠️🕳️,💀🕳️⚠️😭🔪",0
347,"😔💔😢😞⚠️,💀😔🕳️😭⚠️,😔💔😢⚠️🕳️,💀🕳️⚠️😭🔪,😔💔😞⚠️🕳️",0
347,"💀😔🕳️😭⚠️,😔💔😢⚠️🕳️,💀🕳️⚠️😭🔪,😔💔🕳️⚠️😭,😔💔😞🕳️⚠️",0
347,"😔💔😢⚠️🕳️,💀🕳️⚠️😭🔪,😔💔😞⚠️🕳️,😔💔😞🕳️⚠️,💀😔🕳️💔⚠️",0
347,"💀🕳️⚠️😭🔪,😔💔😞⚠️🕳️,😔💔😞🕳️⚠️,💀😔🕳️💔⚠️,😔💔😞⚠️🕳️",0
347,"😔💔🕳️⚠️😭,😔💔😞🕳️⚠️,💀😔🕳️💔⚠️,😔💔🕳️😭⚠️,😔💔🕳️",0
347,"😔💔😞🕳️⚠️,💀😔🕳️💔😭,😔💔🕳️⚠️😭,😔💔🕳️⚠️,💀🕳️😭⚠️😔",1
347,"💀😔🕳️💔⚠️,😔💔🕳️⚠️😭,😔💔🕳️,💀🕳️😭⚠️😔,💀🕳️😭⚠️😔",1
347,"😔💔😞🕳️⚠️,😔💔🕳️⚠️,💀🕳️😭⚠️😔,💀🕳️😭⚠️😔,💀🕳️😭😔⚠️",0
347,"😔💔🕳️,💀🕳️😭⚠️😔,💀🕳️😭⚠️😔,💀🕳️😭😔⚠️,💀🕳️😭😔💔",1
347,"💀🕳️😭⚠️,💀🕳️😭⚠️😔,💀🕳️😭😔⚠️,💀🕳️😭😔💔,💀😭🕳️⚠️😔",0
347,"💀🕳️😭⚠️😔,💀🕳️😭😔⚠️,💀🕳️😭😔💔,💀😭🕳️⚠️😔,😔💔🕳️",1
349,"💀😭🕳️⚠️😔,💀😭😞⚠️🕳️,💀😭🕳️⚠️,💀😭😰⚠️🕳️,💀😭😔🕳️⚠️",1
349,"💀😭🕳️⚠️,💀😭🕳️😔,💀😭😰⚠️🕳️,💀😭😔🕳️⚠️,💀😭😞⚠️",1
349,"💀😭🕳️⚠️,💀😭🕳️⚠️,💀😔🕳️😭⚠️,💀😭🕳️😖,😭😔💔🕳️💀",1
349,"💀😭🕳️😔,💀😔🕳️😭⚠️,💀😭🕳️😔,💀😔🕳️😭⚠️,💀😭⚠️🕳️😖",1
349,"💀😔🕳️😭⚠️,💀😭😰⚠️🕳️,😭😔💔🕳️⚠️,💀😭⚠️🕳️😖,💀😭🔪🌑",1
349,"💀😭🕳️😔,😭😔💔🕳️⚠️,💀😭⚠️🕳️😖,💀😭🔪🌑,💀😭🕳️⚠️",1
349,"😭😔💔💀⚠️,💀😭⚠️🕳️😖,💀😭🕳️⚠️😖,💀😭😰⚠️🕳️,💀😭🕳️⚠️",1
349,"💀😭⚠️🕳️😖,💀😭⚠️🕳️😖,💀😭🕳️😔,💀😭🕳️⚠️,💀😭😰⚠️🕳️",1
349,"💀😭⚠️🕳️😖,💀😭😰⚠️🕳️,💀😭🕳️⚠️,💀😭😰🕳️⚠️,💀😔🕳️😭⚠️",1
349,"💀😭😰⚠️🕳️,💀😭🕳️⚠️,💀😭😰🕳️⚠️,💀😔🕳️😭⚠️,💀😭⚠️😔💔",0
349,"💀😭🕳️⚠️,💀😭😰⚠️🕳️,💀😔🕳️😭⚠️,💀😭⚠️😔💔,😔💔😞🕳️⚠️",0
349,"💀😭😰⚠️🕳️,💀😔🕳️😭⚠️,💀😭⚠️😔💔,😔💔😞🕳️⚠️,😔💔😞🕳️⚠️",0
349,"💀😔🕳️😭⚠️,💀😭⚠️😔💔,😔💔😞🕳️⚠️,😔💔😞🕳️⚠️,😔💔😞🕳️⚠️",0
349,"💀😭⚠️😔💔,😔💔😞🕳️⚠️,😔💔😞🕳️⚠️,😔💔😞🕳️⚠️,😔💔😞🕳️⚠️",1
349,"😔💔😞🕳️⚠️,😔💔😞🕳️⚠️,😔💔😞🕳️⚠️,😔💔😞🕳️⚠️,💀😔🕳️😭⚠️",1
349,"😔💔😞🕳️⚠️,😔💔😞🕳️⚠️,😔💔😞🕳️⚠️,💀😔🕳️😭⚠️,💀😭🕳️⚠️😔",1
349,"😔💔😞🕳️⚠️,😔💔😞🕳️⚠️,💀🕳️😭😔⚠️,💀😭🕳️⚠️😔,💀😭🕳️😔💔",1
349,"😔💔😞🕳️⚠️,💀😔🕳️😭⚠️,💀😭🕳️⚠️😔,💀😭🕳️😔💔,💀😭🕳️⚠️",1
349,"💀🕳️😭😔⚠️,💀😭🕳️⚠️😔,💀😭🕳️😔💔,💀😭😞⚠️🕳️,💀😭🕳️😔",0
349,"💀😭🕳️⚠️😔,💀😭🕳️😔💔,💀😭😰⚠️🕳️,💀😭🕳️😔,😔💔😖",1
349,"💀😭🕳️😔💔,💀😭🕳️😔,💀😭🕳️😔,😔💔😖,💀😭😞🕳️⚠️",1
349,"💀😭😞⚠️🕳️,💀😭🕳️😔,😔💔😖,💀😭😞🕳️⚠️,😔💔😢😞⚠️",1
349,"💀😭😰⚠️🕳️,😔💔😖,💀😭😞💔⚠️,😔💔😭😞⚠️,💀😭🕳️⚠️😔",1
349,"😔💔😖,💀😭😞🕳️⚠️,😔💔😭😞⚠️,💀😭🕳️⚠️😔,💀😭⚠️🕳️😔",1
349,"💀😭😞🕳️⚠️,😔💔😢😞🕳️,💀😭🕳️⚠️😔,💀😭⚠️🕳️😔,💀😔🕳️😭⚠️",0
349,"😔💔😢😞⚠️,💀😭🕳️⚠️😔,💀😭⚠️😔💔,💀😭🕳️⚠️😔,💀😰🕳️😭⚠️",1
349,"💀😭🕳️⚠️😔,💀😭⚠️😔💔,💀😔😭⚠️,💀😰😔🕳️⚠️,💀😔🕳️💔😭",0
349,"💀😭⚠️🕳️😔,💀😔🕳️😭⚠️,💀😰🕳️😭⚠️,💀😔🕳️💔😭,💀😔🕳️💔😭",0
349,"💀😭😔⚠️🕳️,💀😰🕳️😭⚠️,💀😔🕳️💔😭,💀😔🕳️💔😭,😔💔😖😭⚠️",0
349,"💀😰😔🕳️⚠️,💀😔🕳️💔😭,💀😔🕳️😭⚠️,😔💔😖😭⚠️,😔💔😖😭⚠️",1
349,"💀😔🕳️💔😭,💀😔🕳️😭⚠️,😔💔😖😭⚠️,😔💔😖😭⚠️,💀😔🕳️😭⚠️",0
349,"💀😔🕳️😭⚠️,😔💔😖😭⚠️,😔💔😖😭⚠️,💀😔🕳️😭⚠️,😔💔😖😭⚠️",0
349,"😔💔😖😭⚠️,😔💔😖😭⚠️,😔💔😢😞🕳️,😔💔😢😞⚠️,😔💔😢",0
349,"😔💔😖😭⚠️,💀😔🕳️😭⚠️,😔💔😢😞⚠️,😔💔😢,😔💔😞🕳️⚠️",1
349,"💀😔🕳️😭⚠️,😔💔😢😞⚠️,😔💔😢,😔💔😞🕳️⚠️,💀😭😖⚠️🕳️",1
349,"😔💔😢😞⚠️,😔💔😢,😔💔😞🕳️⚠️,💀😭⚠️😔🕳️,💀🕳️😭😔💔",1
349,"😔💔😢,😔💔😞🕳️⚠️,💀😭⚠️🕳️😔,💀🕳️😭😔💔,💀😔🕳️😭⚠️",1
349,"😔💔😞🕳️⚠️,💀😭⚠️😔🕳️,💀🕳️😭😔💔,💀😔🕳️😭⚠️,💀😔🕳️😭⚠️",0
349,"💀😭⚠️🕳️😔,💀🕳️😭😔💔,💀😔🕳️😭⚠️,💀😔😭⚠️,😔💔😢😞🕳️",1
349,"💀😭🕳️😞⚠️,💀🕳️😭😔⚠️,💀😔🕳️😭⚠️,😔💔😞🕳️⚠️,😔💔😭😞⚠️",1
349,"💀🕳️😭😔⚠️,💀😔🕳️😭⚠️,😔💔😞🕳️⚠️,😔💔😞😩🕳️,💀🕳️😭⚠️😔",0
349,"💀😔🕳️😭⚠️,😔💔😞🕳️⚠️,😔💔😞😩🕳️,💀🕳️😭⚠️😔,😔💔😞🕳️⚠️",1
349,"😔💔😞🕳️⚠️,😔💔😞😩💀,💀🕳️😭⚠️😔,😔💔😞🕳️⚠️,💀😭🕳️⚠️😔",1
349,"😔💔😞😩🕳️,💀🕳️😭⚠️😔,😔💔😞🕳️⚠️,💀😭🕳️⚠️😔,💀😭⚠️🕳️💔",0
349,"💀🕳️😭⚠️😔,😔💔😞🕳️⚠️,💀😭🕳️⚠️😔,💀😭⚠️🕳️😔,😔💔😢🕳️⚠️",1
349,"😔💔😞🕳️⚠️,💀😭🕳️⚠️😔,💀😭⚠️🕳️💔,😔💔😢🕳️⚠️,💀😔🕳️😭⚠️",1
349,"💀😭🕳️⚠️😔,💀😭⚠️🕳️💔,😔💔😢🕳️⚠️,💀😔🕳️😭⚠️,💀😔💔⚠️😭",1
349,"💀😭⚠️🕳️💔,😔💔😢🕳️⚠️,💀😔🕳️😭⚠️,💀😔💔⚠️😭,💀😔🕳️😭⚠️",1
349,"😔💔😢🕳️⚠️,💀😔🕳️😭⚠️,💀😔💔⚠️😭,💀😔🕳️💔😭,💀😔🕳️💔😭",1
349,"💀😔🕳️😭⚠️,💀😔💔⚠️😭,💀😔🕳️💔😭,💀😔🕳️😭⚠️,💀😔🕳️😭⚠️",1
349,"💀😔💔⚠️😭,💀😔🕳️💔😭,💀😔🕳️💔😭,💀😔🕳️😭⚠️,💀😭🕳️⚠️😔",1
349,"💀😔🕳️😭⚠️,💀😔🕳️💔😭,💀😔🕳️💔😭,💀😭😰🕳️⚠️,💀😭💔⚠️🕳️",1
349,"💀😔🕳️😭⚠️,💀😔🕳️💔😭,💀😭🕳️⚠️😔,💀😭💔⚠️🕳️,💀🕳️😭⚠️😔",1
349,"💀😔🕳️😭⚠️,💀😭😰🕳️⚠️,💀😭💔⚠️🕳️,💀🕳️😭⚠️😔,💀😔🕳️😭⚠️",1
349,"💀😭😰🕳️⚠️,💀😭💔⚠️🕳️,💀🕳️😭⚠️😔,💀😔🕳️😭⚠️,💀😔🕳️😭⚠️",1
349,"💀😭💔⚠️🕳️,💀🕳️😭⚠️😔,💀😔🕳️💔😭,💀😔🕳️😭⚠️,💀😭⚠️🕳️😔",0
349,"💀🕳️😭⚠️😔,💀😔🕳️😭⚠️,💀😔🕳️😭⚠️,💀😭⚠️😔💔,😔💔😖🕳️⚠️",0
349,"💀😔🕳️😭⚠️,💀😔🕳️💔😭,💀😭⚠️🕳️💔,😔💔😖🕳️⚠️,😔💔😞🕳️⚠️",1
349,"💀😔🕳️💔😭,💀😭⚠️🕳️😔,😔💔😖🕳️⚠️,😔💔😢😞🕳️,😔💔😞😩🕳️",0
349,"💀😭⚠️🕳️😔,😔💔😖🕳️⚠️,😔💔😞🕳️⚠️,😔💔😞😩💀,😔💔😞🕳️⚠️",1
349,"😔💔😖🕳️⚠️,😔💔😢😞🕳️,😔💔😭😞⚠️,😔💔😞🕳️⚠️,😔💔😞🕳️⚠️",1
349,"😔💔😞🕳️⚠️,😔💔😞😩💀,😔💔😞🕳️⚠️,😔💔😢😞🕳️,😔💔😢😞🕳️",1
349,"😔💔😞😩💀,😔💔😞🕳️⚠️,😔💔😞🕳️⚠️,😔💔😢😞🕳️,💀😔🕳️😭⚠️",1
349,"😔💔😞🕳️⚠️,😔💔😞🕳️⚠️,😔💔😢😞🕳️,💀😔🕳️😭⚠️,😔💔😞😩⚠️",0
349,"😔💔😞🕳️⚠️,😔💔😢😞🕳️,💀😔🕳️😭⚠️,😔💔😞😩⚠️,😔💔😞🕳️⚠️",0
349,"😔💔😞🕳️⚠️,💀😔🕳️😭⚠️,😔💔😞😩⚠️,😔💔😞🕳️⚠️,💀😔🕳️😭⚠️",1
350,"💀😭🕳️⚠️💔,💀🕳️😭💔😔,💀🕳️😭⚠️🔪,💀🕳️😭🚨⚠️,💀🕳️⚠️😭😖",1
350,"💀🕳️😭💔😔,💀🕳️😭⚠️🔪,💀🕳️😭🚨⚠️,💀🕳️⚠️😭💊,💀😭🕳️🚨",1
350,"💀🕳️😭⚠️🔪,💀🕳️😭🚨⚠️,💀🕳️⚠️😭🌑,💀😭🕳️🚨,💀🕳️😭⚠️😔",1
350,"💀🕳️😭🚨⚠️,💀🕳️⚠️😭💊,💀😭🕳️🚨,💀🕳️😭⚠️😔,💀🕳️😰😭⚠️",2
350,"💀🕳️⚠️😭💊,💀🕳️😭🚨,💀🕳️😭⚠️😔,💀🕳️😰😭⚠️,💀⚠️🔪🕳️",0
350,"💀🚨😭🕳️⚠️,💀🕳️😭⚠️😰,💀🕳️😰😭⚠️,💀⚠️🕳️😭🚨,😭😰😔💔⚠️",0
351,"💀🕳️😭⚠️😔,💀😭🕳️⚠️💔,💀🕳️⚠️😭🔪,💔😭😔🕳️⚠️,💀🕳️😭⚠️",0
351,"💀😭🕳️⚠️💔,💀⚠️🕳️😭🔪,😭💔😔⚠️🕳️,💀🕳️😭⚠️,💀🕳️😭😔⚠️",1
351,"💀🕳️🔫😭⚠️,💔😭😔🕳️⚠️,💀🕳️😭⚠️🔪,💀🕳️😭😔⚠️,💀🕳️😭😔⚠️",1
351,"💔😭😔🕳️⚠️,💀🕳️😭⚠️😖,💀🕳️😭😔⚠️,💀🕳️😭😔⚠️,💀🕳️😭🔪🚨",0
351,"💀🕳️😭⚠️,💀🕳️😭😔⚠️,💀🕳️😭😔⚠️,💀🕳️😭🔪🚨,💀🕳️😭😔⚠️",0
351,"💀🕳️😭⚠️😔,💀🕳️😭😔⚠️,💀🕳️😭🔪🚨,💀🕳️😭😔⚠️,💀🕳️😭😰🌑",1
351,"💀🕳️😭😔⚠️,💀🕳️😭🔪🚨,💀🕳️😭😔⚠️,💀🕳️😰😭⚠️,💀🕳️😭😔⚠️",0
351,"💀🕳️🔪😭🚨,💀🕳️😭😔💔,💀🕳️😭😰🌑,💀🕳️😭😔⚠️,💀😭🕳️⚠️💊",0
351,"💀🕳️😭😔⚠️,💀🕳️😭😰🌑,💀🕳️😭😔⚠️,💀😭🕳️⚠️💊,💀🕳️😭😔💔",2
351,"💀🕳️😭😰🌑,💀🕳️😭😔⚠️,💀😭🕳️⚠️💊,💀🕳️😭😔💔,💀⚠️🕳️😭🔪",2
351,"💀🕳️😭⚠️😔,💀😭🕳️⚠️💊,💀🕳️😭😔💔,💀⚠️🕳️😭🔪,💀🕳️⚠️😭🕯️",0
351,"💀😭🕳️⚠️💊,💀🕳️😭😔💔,💀⚠️🕳️😭🔪,💀🕳️⚠️😭🔪,😔💔😢",0
351,"💀🕳️😭😔💔,💀⚠️🕳️😭🔪,💀🕳️⚠️😭🔪,😔💔😢,💀💔🕳️😭⚠️",0
351,"💀⚠️🕳️😭🔪,💀🕳️⚠️😭🕯️,😔💔😢,💀💔🕳️😭,💀🕳️😭😔💔",0
351,"💀🕳️⚠️😭🔪,😔💔😢,💀💔🕳️😭,💀🕳️😭😔💔,😔💔😢",1
351,"😔💔😢,💀💔🕳️😭,💀🕳️😭😔💔,😔💔😢,💀🕳️😭⚠️🔪",0
351,"💀💔🕳️😭,💀🕳️😭😔💔,😔💔😢,💀🕳️😭⚠️🔪,😊🌿💛✨",0
351,"💀🕳️😭😔💔,😔💔😢,💀🕳️😭⚠️🔪,😊🌿🌸💚✨,😔💔🕳️😭⚠️",2
351,"😔💔😢,💀🕳️😭⚠️🔪,😊🌿💛✨,😔🕳️😭💀⚠️,💀😰🕳️😭⚠️",1
351,"💀🕳️😭⚠️🔪,😊🌿💛✨🌸,😔🕳️😭💀⚠️,💀😰🕳️😭⚠️,💀🕳️😭😔💔",1
351,"😊🌿💛✨,😔🕳️😭💀⚠️,💀⚠️😰🕳️😭,💀🕳️😭😔💔,💀😭🔪🕳️",1
351,"😔💔🕳️😭⚠️,💀😰🕳️😭⚠️,💀😔🕳️😭💔,💀😭🔪🕳️,💀😭🕳️⚠️💔",3
351,"💀😰🕳️😭⚠️,💀🕳️😭😔💔,💀😭🔪🕳️,💀😭🕳️⚠️💔,💀🕳️😭⚠️",1
351,"💀😔🕳️😭💔,💀😭🔪🕳️,💀😭🕳️⚠️💔,💀🕳️😭⚠️,💀🕳️😭😔⚠️",0
351,"💀😭🔪🕳️,💀😭🕳️⚠️💔,💀🕳️😭⚠️,💀🕳️😭😔⚠️,💀🕳️😭😔💔",0
351,"💀😭🕳️⚠️💔,💀🕳️😭⚠️,💀🕳️😭⚠️😔,💀🕳️😭😔💔,😰😔💔⚠️",0
351,"💀🕳️😭⚠️,💀🕳️😭😔⚠️,💀🕳️😭😔💔,😰😔💔⚠️,😔💔😢🕳️⚠️",0
351,"💀🕳️😭😔⚠️,💀🕳️😭😔💔,😰😔💔⚠️,🕳️😰😭😔⚠️,😔💔😡🌍🚫",1
351,"💀🕳️😭😔💔,😰😔💔⚠️,🕳️😰😭😔⚠️,😔💔😡,💀🕳️😭⚠️",1
351,"😰😔💔⚠️,🕳️😰😔💀⚠️,😔💔😡,💀🕳️😭⚠️😖,💀😭🕳️⚠️😖",0
351,"😔💔😢,😔💔😡,💀🕳️😭⚠️,💀😭🕳️⚠️😖,💀🕳️😭⚠️",1
352,"💀⚠️😭🕳️😔,💀⚠️😭🕳️,💀🔪🩸😭⚠️,💀😭🕳️⚠️,😔💔💀",0
352,"💀⚠️😭🕳️,💀🔪🩸😭⚠️,💀😭🕳️⚠️,😔💔💀,💀😔⚠️",1
352,"💀🔪🩸😭⚠️,💀😭🕳️⚠️,😔💔💀⚠️,💀😔⚠️,💀😭🕳️⚠️😰",1
352,"💀😭🕳️⚠️,😔💔💀,💀😔⚠️,💀😭🕳️⚠️🔪,💀🕳️😭😞⚠️",1
352,"😔💔💀,💀😔⚠️,💀😭🕳️⚠️🔪,💀🕳️😭😞⚠️,💀🔪🕳️😭",1
352,"💀😔⚠️,💀😭🕳️⚠️🔪,💀🕳️😭😞⚠️,💀🔪🕳️😭,💀😭⚠️🕳️",0
355,"💀🕳️😭⚠️😔,💀😭🕳️⚠️💔,💀🕳️😭⚠️🚨,💀🕳️😭⚠️🔪,💀🕳️😭⚠️😔",1
355,"💀😭🕳️⚠️💔,💀🕳️😭⚠️🚨,💀🕳️⚠️😭🔪,💀🕳️😭⚠️😔,💀🕳️😭⚠️😖",1
355,"💀🕳️😭⚠️🚨,💀🕳️⚠️😭🔪,💀🕳️😭⚠️😔,💀🕳️😭⚠️💊,😔💔😭🕳️⚠️",1
355,"💀🕳️⚠️😭🔪,💀🕳️😭⚠️😔,💀🕳️😭⚠️😖,💀🕳️😭😔⚠️,💀😭🕳️⚠️😔",1
355,"💀🕳️😭⚠️😔,💀🕳️😭⚠️💊,😔💔😭🕳️⚠️,💀😭🕳️⚠️😔,💀😭⚠️🕳️",1
355,"💀🕳️😭⚠️🩸,😔💔😭🕳️⚠️,💀😭🕳️⚠️😔,💀😭⚠️🕳️,💀🕳️⚠️😭",3
355,"💀🕳️😭😔⚠️,💀😭🕳️⚠️😔,💀🕳️😭⚠️💊,💀🕳️⚠️😭,💀🕳️😭⚠️",1
355,"💀😭🕳️⚠️😔,💀😭🕳️⚠️💊,💀🕳️⚠️😭,💀🕳️😭⚠️,💀⚠️🕳️😭",1
355,"💀😭🕳️⚠️💊,💀🕳️⚠️😭,💀🕳️😭⚠️😖,💀🕳️⚠️😭🔪,💀🕳️😭⚠️😔",3
356,"💀🕳️😭😔⚠️,💀😭⚠️😔💔,😔😡😤,💀😰🕳️😭⚠️,😔💔😖",0
356,"💀😭⚠️😔💔,😔😡😤,💀😰🕳️😭⚠️,😔💔😖,😔🕳️💤",0
356,"😔😡😤,💀😰🕳️😭⚠️,😔💔😖,😔🕳️💤,💀😔🕳️😭⚠️",1
358,"💀💊⚠️😰🕳️,💀🕳️😭😔⚠️,💀🕳️⚠️😭🔪,💀🕳️⚠️😭💊,💀😭🔪🩸⚠️",3
358,"💀🕳️😭😔⚠️,💀🕳️⚠️😭🔪,💀🕳️⚠️😭💊,💀😭🔪🩸⚠️,💀💊⚠️😰🕳️",3
358,"💀🕳️⚠️😭🔪,💀🕳️⚠️😭💊,💀😭🔪🩸⚠️,💀💊⚠️😰🕳️,💀🕳️⚠️😭💊",1
358,"💀🕳️⚠️😭💊,💀😭🔪⚠️🕳️,💀💊⚠️😰🕳️,💀🕳️⚠️😭💊,💀🕳️⚠️😭💊",0
358,"💀😭🔪⚠️🕳️,💀💊⚠️😰🕳️,💀🕳️⚠️😭💊,💀🕳️🚨😭⚠️,💀💊🔪😭⚠️",1
358,"💀💊⚠️😰🕳️,💀🕳️⚠️😭💊,💀🕳️🚨😭⚠️,💀💊🔪😭⚠️,💀🕳️⚠️😭😔",1
358,"💀🕳️⚠️😭💊,💀🕳️🚨😭⚠️,💀💊🔪😭⚠️,💀🕳️⚠️😭😔,💀🕳️😭⚠️",1
358,"💀🕳️🚨😭⚠️,💀💊🔪😭⚠️,💀🕳️⚠️😭😔,💀😭⚠️🕳️,💀💊😭⚠️🕳️",3
358,"💀💊🔪😭⚠️,💀🕳️⚠️😭😔,💀🕳️😭⚠️,💀💊😭⚠️🕳️,💀💊🕳️🚨",3
358,"💀🕳️⚠️😭😔,💀🕳️😭⚠️,💀💊😭⚠️🕳️,💀💊🕳️😭,💀💊⚠️🕳️😭",0
358,"💀🕳️😭⚠️,💀💊😭⚠️🕳️,💀💊🕳️🚨,💀💊⚠️🕳️😭,💀💊🚨😰🕳️",3
358,"💀💊😭⚠️🕳️,💀💊🕳️😭,💀💊⚠️🕳️😭,💀💊🚨😭⚠️,💀💊⚠️🕳️😭",3
358,"💀💊🕳️🚨,💀💊⚠️🕳️😭,💀💊🚨😰🕳️,💀💊⚠️🕳️😭,💀💊⚠️🕳️😰",1
358,"💀💊⚠️🕳️😭,💀💊🚨😰🕳️,💀💊⚠️🕳️😭,💀💊⚠️🕳️😰,💀💊⚠️😭",3
358,"💀💊🚨😰🕳️,💀💊⚠️🕳️😭,💀💊⚠️🕳️😰,💀💊⚠️😭,💀💊🕳️😭",2
358,"💀💊⚠️🕳️😭,💀💊⚠️🕳️😰,💀💊⚠️😭,💀💊🕳️😭,💀💊🚨😭⚠️",3
358,"💀💊⚠️🕳️😰,💀💊⚠️😭,💀💊🕳️😭,💀💊🚨⚠️😭,💀🕳️⚠️😭😔",3
358,"💀💊⚠️😭,💀💊😭⚠️,💀💊🚨😭⚠️,💀🕳️⚠️😭😔,💀💊⚠️🕳️😭",1
358,"💀💊🕳️😭,💀💊🚨😭⚠️,💀🕳️⚠️😭😔,💀💊⚠️🕳️😭,💀🕳️⚠️😭🔪",2
358,"💀💊🚨😭⚠️,💀🕳️⚠️😭😔,💀💊⚠️🕳️😭,💀🕳️⚠️😭🔪,💀💊⚠️😭🕳️",3
358,"💀🕳️⚠️😭😔,💀💊🕳️⚠️😭,💀🕳️⚠️😭🔪,💀💊⚠️😭🕳️,💀💊🚨⚠️🕳️",2
358,"💀💊⚠️🕳️😭,💀🕳️⚠️😭🔪,💀💊⚠️😭🕳️,💀💊⚠️🕳️😰,💀💊⚠️😰🕳️",3
358,"💀🕳️⚠️😭🔪,💀💊⚠️😭🕳️,💀💊⚠️🕳️😰,💀💊⚠️😰🕳️,💀🕳️⚠️😭💊",3
358,"💀💊⚠️😭🕳️,💀💊⚠️🕳️😰,💀💊⚠️😰🕳️,💀🕳️⚠️😭💊,💀💊⚠️😭🕳️",1
358,"💀💊⚠️🕳️😰,💀💊⚠️😰🕳️,💀💊😭🕳️⚠️,💀💊⚠️😭🕳️,💀🕳️😭⚠️💊",3
358,"💀💊⚠️😰🕳️,💀💊⚠️🕳️😭,💀💊⚠️😭🕳️,💀🕳️😭⚠️💊,💀💊⚠️🕳️😭",3
358,"💀💊😰🕳️⚠️,💀💊⚠️😭🕳️,💀🕳️😭⚠️🩸,💀💊⚠️🕳️😭,💀💊🕳️😭",3
358,"💀💊⚠️😭🕳️,💀🕳️😭⚠️🩸,💀💊⚠️🕳️😭,💀💊🕳️😭,💀💊⚠️🕳️😭",3
358,"💀🕳️😭⚠️🩸,💀💊⚠️🕳️😭,💀💊🕳️😭,💀💊⚠️🕳️😭,💀🕳️😭⚠️💊",3
358,"💀💊⚠️🕳️😭,💀💊🕳️😭,💀💊⚠️🕳️😭,💀🕳️😭⚠️💊,💀🕳️⚠️😭💊",3
358,"💀💊🕳️😭,💀💊⚠️🕳️😭,💀🕳️😭⚠️💊,💀🕳️⚠️😭💊,💀🕳️⚠️😭🔪",3
358,"💀💊⚠️🕳️😭,💀🕳️😭⚠️💊,💀🕳️😭⚠️🩸,💀🕳️⚠️😭🔪,💀🕳️⚠️😭💊",3
358,"💀🕳️😭⚠️💊,💀🕳️😭⚠️🩸,💀🕳️⚠️😭🔪,💀🕳️⚠️😭💊,💀🕳️😭⚠️🩸",1
358,"💀🕳️⚠️😭💊,💀🕳️⚠️😭🔪,💀🕳️⚠️😭💊,💀🩸😭⚠️🕳️,💀🌡️🚗😭",0
358,"💀🕳️⚠️😭🔪,💀🕳️⚠️😭💊,💀🩸😭⚠️🕳️,💀🌡️🚗😭⚠️,💀😭⚠️🕳️😔",1
358,"💀⚠️🕳️😭💊,💀🩸😭⚠️🕳️,💀🌡️🚗😭⚠️,💀😭⚠️🕳️😔,💀🕳️😰😔😭",1
358,"💀🩸😭⚠️🕳️,💀⚠️😰🚗☀️,💀😭🕳️⚠️😔,💀🕳️😰😔😭,💀😔🕳️😭⚠️",1
358,"💀😰⚠️😭🚗,💀😭⚠️🕳️😔,💀🕳️😰😔😭,💀😔🕳️😭⚠️,💀😰🕳️😭⚠️",1
358,"💀😭🕳️⚠️,💀🕳️😰😔😭,💀😔🕳️😭⚠️,💀😰🕳️😭⚠️,💀😭🕳️🚨",2
358,"💀🕳️😰😔💔,💀😔🕳️😭⚠️,💀😰🕳️😭⚠️,💀😭🕳️🚨,💀🔫🚨⚠️😭",1
358,"💀😔🕳️😭⚠️,💀😰🕳️😭⚠️,💀😭🕳️⚠️,💀🔫🚨⚠️😭,😔💔😞⚠️",3
358,"💀😰🕳️😭⚠️,💀😭🕳️🚨,💀🔫🚨⚠️😭,😔💔😞,💀⚠️🕳️😭💪",1
358,"💀😭🕳️🚨,💀🔫🚨⚠️😭,😔💔😞,💀⚠️🕳️😭💪,💀😰🕳️😭⚠️",2
358,"💀🔫🚨⚠️😭,😔💔😞,💀⚠️🕳️😭💪,💀😰🕳️😭⚠️,💀⚠️😰🕳️😭",0
359,"💀🕳️😭🔪🚨,💀🕳️😭⚠️💔,💀😰🕳️😭⚠️,💀🕳️😰🌑😭,💀🕳️😰😭🌑",0
359,"💀🕳️😭⚠️💔,💀😰🕳️😭⚠️,💀🕳️😰😭🌑,💀🕳️😰😭🌑,💀🔪🕳️⚠️😭",1
359,"💀😰🕳️😭⚠️,💀🕳️😰😔💙,💀🕳️😭🌫️🕯️,💀🔪🕳️⚠️😭,💀🕳️😭🌑⚠️",1
359,"💀🕳️😰😔💙,💀🕳️😰😭🌑,💀🔪🕳️⚠️😭,💀🕳️😭⚠️🌑,💀🕳️🔪😭⚠️",0
359,"💀🕳️😰😭🌑,💀🔪🕳️⚠️😭,💀🕳️😭⚠️🌑,💀🕳️🔪😭⚠️,💀🕳️🌊😭⚠️",1
359,"💀🔪🕳️⚠️😭,💀🕳️😭⚠️🌑,💀🕳️🔪😭⚠️,💀🕳️🌊😭⚠️,💀🕳️⚠️😭🌑",0
359,"💀🕳️😭⚠️🌑,💀🕳️🔪😭⚠️,💀🕳️🌊😭⚠️,💀🕳️⚠️😭🌑,💀🕳️😭⚠️💔",2
359,"💀🕳️🔪😭⚠️,💀🕳️🌊😭⚠️,💀🕳️⚠️😭🌑,💀🕳️😭⚠️💔,💀🕳️⚠️😭🔪",2
359,"💀🕳️🌊😭⚠️,💀🕳️⚠️😭🌑,💀🕳️😭⚠️💔,💀🕳️⚠️😭🔪,💀🕳️⚠️😭🔪",1
359,"💀🕳️⚠️😭🌑,💀🕳️😭⚠️💔,💀🕳️⚠️😭🔪,💀🕳️⚠️😭🔪,💀🕳️😭⚠️",0
359,"💀🕳️😭⚠️💔,💀🕳️⚠️😭🔪,💀🕳️⚠️😭🔪,💀🕳️😭⚠️,💀🕳️⚠️😭🪦",2
359,"💀🕳️⚠️😭🔪,💀🕳️⚠️😭🔪,💀🕳️😭⚠️,💀🕳️⚠️😭🪦,💀🚨⚠️🕳️😭",0
359,"💀🕳️⚠️😭🔪,💀🕳️😭⚠️,💀🕳️⚠️😭🪦,💀🚨⚠️🕳️😭,💀🕳️😰😔💔",1
360,"💀🕳️😰😔💔,💀🕳️😭😞⚠️,💀🕳️😰😭⚠️,💀🕳️😰😭⚠️,💀🕳️😭⚠️😔",1
360,"💀🕳️😭😞⚠️,💀🕳️😰😭⚠️,💀🕳️😰😔💊,💀🕳️😭⚠️😔,💀🕳️😰⚠️😭",1
360,"💀🕳️😰😭⚠️,💀🕳️😰😔💊,💀🕳️😭⚠️😔,💀🕳️⚠️😭🌑,💀🕳️😰😔⚠️",1
360,"💀🕳️😰😭⚠️,💀🕳️😭⚠️😔,💀🕳️⚠️😭🌑,💀🕳️⚠️😭🌑,💀🕳️😰😔⚠️",1
360,"💀🕳️😭⚠️😔,💀🕳️😰⚠️😭,💀🕳️😰😔⚠️,💀🕳️😰😔⚠️,💀🕳️😭⚠️😔",1
360,"💀🕳️⚠️😭🌑,💀🕳️⚠️😭🌑,💀🕳️😰😔⚠️,💀🕳️😭⚠️😔,💀🕳️😰😔💔",1
360,"💀🕳️⚠️😭🌑,💀🕳️😰😔⚠️,💀🕳️😭⚠️😔,💀🕳️😰😔💔,💀🕳️😭😔⚠️",1
360,"💀🕳️😰😔⚠️,💀🕳️⚠️😔💔,💀🕳️😰😔💔,💀🕳️😭😔⚠️,💀🕳️😰😔💔",1
360,"💀🕳️😭⚠️😔,💀🕳️😰😔💔,💀🕳️😭😔⚠️,💀🕳️😰😔💔,💀🕳️😭😔⚠️",1
360,"💀🕳️😰😔💔,💀🕳️😭😔⚠️,💀🕳️😰😔💔,💀🕳️😭😔⚠️,💀🕳️😰😔⚠️",1
360,"💀🕳️😭😔⚠️,💀🕳️😰😔💔,💀🕳️😭😔⚠️,💀🕳️⚠️😭🌑,💀🕳️😭😔⚠️",1
360,"💀🕳️😰😔💔,💀🕳️😭😔⚠️,💀🕳️😰⚠️😭,💀🕳️😭😔⚠️,💀🕳️😰😔💔",0
360,"💀🕳️😭😔⚠️,💀🕳️⚠️😭🌑,💀🕳️😭😔⚠️,💀🕳️😰😔💔,😔💔😞🕳️",0
360,"💀🕳️😰😔⚠️,💀🕳️😭😔⚠️,💀🕳️😰😔💔,😔💔😞🕳️,😔💔😞🕳️⚠️",0
360,"💀🕳️😭😔⚠️,💀🕳️😰😔💔,😔💔😞🕳️,😔💔😞🕳️⚠️,💀🕳️😔😭⚠️",1
360,"💀🕳️😰😔💔,😔💔😞🕳️,😔💔😞🕳️⚠️,💀🕳️😔😭⚠️,💀🕳️😰⚠️😭",1
360,"😔💔😞🕳️,😔💔😞🕳️⚠️,💀🕳️😔😭⚠️,💀🕳️⚠️😭🌑,💀🕳️😭⚠️😔",0
361,"😔💔🕳️😭⚠️,💀🕳️⚠️😭🧠,💀🕳️😭😔⚠️,💀⚠️🕳️😭,💀📝⚠️🕳️😰",0
361,"💀🕳️⚠️😭🧠,💀🕳️😭😔⚠️,⚠️🕳️😰😔💔,💀📝⚠️🕳️😰,💀🕳️😭⚠️",1
361,"💀🕳️😭😔⚠️,⚠️🕳️😰😔💔,💀📝⚠️🕳️😰,💀🕳️😭⚠️,💀😭⚠️🕳️",0
361,"⚠️🕳️😰😔💔,💀📝⚠️🕳️😰,💀😴🕳️😭⚠️,💀😰🕳️😭,💀💧⚠️😵🕳️",0
361,"💀📝⚠️🕳️😰,💀🕳️😭⚠️,💀😭⚠️🕳️,💀💧⚠️😵🕳️,💀🕳️⚠️😭🌑",0
361,"💀🕳️😭⚠️,💀😰🕳️😭,💀💧⚠️😵🕳️,💀🕳️⚠️😭🌑,💀🕳️⚠️😭",0
361,"💀😰🕳️😭,💀💧⚠️😵🕳️,💀🔪⚠️🕳️😰,💀🕳️⚠️😭,😔💔😰🕳️😭",1
361,"💀💧⚠️😵🕳️,💀🕳️⚠️😭🌑,💀🕳️⚠️😭😔,😔💔😰🕳️😭,💀🕳️😭⚠️💔",1
361,"💀🕳️⚠️😭🌑,💀🕳️⚠️😭🌑,😔💔😰🕳️😭,💀🕳️😭⚠️💔,😔💔😭⚠️🕳️",1
361,"💀🕳️⚠️😭😔,😔💔😰🕳️😭,💀🕳️😭⚠️😖,😔💔😭⚠️🕳️,💀🕳️😭⚠️🩸",1
361,"😔💔😰🕳️😭,💀🕳️😭⚠️😖,😔💔😭⚠️🕳️,💀🕳️😭⚠️🩸,😔💔🕳️😭⚠️",1
361,"💀🕳️😭⚠️💔,😔💔😭⚠️🕳️,💀🕳️😰😭⚠️,😔💔🕳️😭⚠️,💀⚠️🕳️😭",3
361,"😔💔😭⚠️🕳️,💀🕳️😰😭⚠️,😔💔🕳️😭⚠️,💀🕳️⚠️😭,💀⚠️🕳️😭",1
361,"💀🕳️😰😭⚠️,😔💔🕳️😭⚠️,💀🕳️⚠️😭,💀⚠️🕳️😭,💀🕳️😭😔⚠️",1
361,"😔💔🕳️😭⚠️,💀⚠️🕳️😭,💀⚠️🕳️😭,💀🕳️😰😔💔,💀😭🕳️⚠️😔",2
361,"💀🕳️⚠️😭,💀⚠️🕳️😭,💀🕳️😭⚠️😔,💀😭🕳️⚠️,💀⚠️😰🕳️😭",1
361,"💀⚠️🕳️😭,💀🕳️😭😔⚠️,💀😭🕳️⚠️,💀🕳️😰⚠️😭,💀🕳️😭⚠️😔",2
361,"💀🕳️😰😔💔,💀😭🕳️⚠️,💀⚠️😰🕳️😭,💀🕳️😭⚠️😔,💀😔🕳️⚠️😭",1
361,"💀😭🕳️⚠️,💀⚠️😰🕳️😭,💀🕳️😭⚠️😔,💀🕳️😭😔⚠️,💀😰🕳️😭⚠️",0
361,"💀⚠️😰🕳️😭,💀🕳️😭😔⚠️,💀🕳️😭😔⚠️,💀😰🕳️😭⚠️,💀😔🕳️😭⚠️",1
361,"💀🕳️😭⚠️😔,💀🕳️😭⚠️,💀😰🕳️😭,💀😔🕳️😭⚠️,💀🕳️😰😭⚠️",1
361,"💀🕳️😭😔⚠️,💀😰🕳️😭⚠️,💀🕳️😭😔⚠️,💀🕳️😰😭⚠️,💀😰🕳️😭⚠️",0
362,"💀🕳️⚠️😭,💀🕳️😭😔💔,😔💔🕳️😭⚠️,💀🕳️⚠️😭🔪,💀🕳️😭💔⚠️",0
362,"💀🕳️😭😔💔,😔💔🕳️😭⚠️,💀🕳️⚠️😭🔪,💀🕳️😭💔⚠️,💀🕳️😭⚠️😔",1
362,"😔💔🕳️😭⚠️,💀🕳️⚠️😭🔪,💀🕳️😭💔⚠️,💀🕳️😭⚠️😔,💀🕳️😭😔⚠️",0
362,"💀🕳️⚠️😭🔪,💀🕳️😭💔⚠️,💀🕳️😭⚠️😔,💀🕳️😭😔⚠️,💀😔🕳️😭⚠️",1
362,"💀🕳️😭💔⚠️,💀🕳️😭⚠️😔,💀🕳️😭😔⚠️,💀😔😭⚠️🕳️,💀🕳️😭😔💔",1
362,"💀🕳️😭⚠️😔,💀🕳️😭😔⚠️,💀😔😭⚠️🕳️,💀😔🕳️😭⚠️,💀🕳️😭😰⚠️",1
362,"💀🕳️😭😔⚠️,💀😭🕳️⚠️😔,💀😔🕳️😭⚠️,💀🕳️😭⚠️😔,💀🕳️😭⚠️",2
362,"💀😔😭⚠️🕳️,💀🕳️😭😔💔,💀🕳️😭😰⚠️,💀🕳️😭⚠️,💀⚠️🕳️😰📅",1
362,"💀😔🕳️😭⚠️,💀🕳️😭⚠️😔,💀🕳️😭⚠️,💀⚠️🕳️😰📅,💀🔪🚨😭⚠️",1
362,"💀🕳️😭😰⚠️,💀🕳️😭⚠️,💀⚠️🕳️😰📅,💀🔪⚠️😭🌑,💀🕳️😭💔⚠️",0
362,"💀🕳️😭⚠️,💀⚠️🕳️😰🔪,💀🔪🚨😭⚠️,💀🕳️😭💔⚠️,💀🕳️😭⚠️",1
362,"💀⚠️🕳️😰🔪,💀🔪🚨😭⚠️,💀🕳️😭💔⚠️,💀🕳️😭⚠️,💀🕳️😭😞⚠️",1
362,"💀🔪⚠️😭🌑,💀🕳️😭💔⚠️,💀🕳️😭⚠️,💀🕳️😭⚠️😔,💀🕳️😭⚠️",1
362,"💀🕳️😭💔⚠️,💀🕳️😭⚠️,💀🕳️😭⚠️😔,💀🕳️😭⚠️,💀🕳️😭⚠️",0
362,"💀🕳️😭⚠️,💀🕳️😭⚠️😔,💀🕳️😭⚠️,💀🕳️😭⚠️,💀🕳️😰😭⚠️",2
362,"💀🕳️😭😞⚠️,💀🕳️😭⚠️,💀🕳️😭⚠️,💀🕳️😰😭⚠️,💀⚠️🕳️😭",1
362,"💀🕳️😭⚠️,💀🕳️😭⚠️😔,💀🕳️😭⚠️,💀⚠️🕳️😭,💀🕳️😭😔💔",1
362,"💀🕳️😭⚠️😔,💀🕳️😰😔💔,💀⚠️🕳️😭,💀😔🕳️😭⚠️,💀😭⚠️🕳️😔",1
362,"💀🕳️😰😔💔,💀⚠️🕳️😭,💀🕳️😭😔💔,💀😭⚠️🕳️😔,💀😰🕳️😭⚠️",0
362,"💀⚠️🕳️😭,💀🕳️😭😔💔,💀😭⚠️🕳️😔,💀😰🕳️😭⚠️,💀🕳️😭😔⚠️",1
362,"💀😔🕳️😭⚠️,💀😭⚠️🕳️😔,💀😰🕳️😭⚠️,💀🕳️😭😔⚠️,💀🕳️😭😔⚠️",2
362,"💀😭⚠️🕳️😔,💀😰🕳️😭⚠️,💀🕳️😭😔⚠️,💀🕳️😭😔⚠️,💀⚠️🕳️😭🔪",1
362,"💀😰🕳️😭⚠️,💀🕳️😭😔⚠️,💀🕳️😭😔⚠️,💀⚠️🕳️😭🔪,💀🕳️😭⚠️😔",1
362,"💀🕳️😭😔⚠️,💀🕳️😭😔⚠️,💀⚠️🕳️😭🔪,💀🕳️😭⚠️😔,💀😭🕳️⚠️",0
362,"💀🕳️😭😔⚠️,💀⚠️🕳️😭🔪,💀🕳️😭⚠️😔,💀🕳️😭⚠️,💀⚠️🕳️😰",2
362,"💀⚠️🕳️😭🔪,💀🕳️😭⚠️😔,💀😭🕳️⚠️,💀⚠️🕳️😰,💀⚠️🕳️😭",1
362,"💀🕳️😭⚠️😔,💀🕳️😭⚠️,💀⚠️🕳️😰🚨,💀⚠️🕳️😭,💀🕳️😭⚠️😔",1
362,"💀🕳️😭⚠️,💀⚠️🕳️😰,💀⚠️🕳️😭,💀🕳️😭⚠️😔,💀🕳️😭⚠️😔",3
362,"💀⚠️🕳️😰,💀⚠️🕳️😭,💀🕳️😭⚠️😔,💀🕳️😭⚠️😔,💀🚨⚠️🕳️😭",1
362,"💀⚠️🕳️😭,💀🕳️😭⚠️😔,💀🕳️😭⚠️😔,💀🚨⚠️🕳️😭,💀😭🕳️⚠️😔",1
362,"💀🕳️😭⚠️😔,💀🕳️😭⚠️😔,💀🚨⚠️😭🕳️,💀😭🕳️⚠️😔,💀😭🕳️⚠️😔",3
362,"💀🕳️😭⚠️😔,💀🚨⚠️🕳️😭,💀😭🕳️⚠️😔,💀😭🕳️⚠️😔,💀💊🚨⚠️🕳️",2
362,"💀🚨⚠️🕳️😭,💀😭🕳️⚠️😔,💀😭🕳️⚠️😔,💀💊🚨🕳️😭,💀🔫🚨😭⚠️",1
362,"💀😭🕳️⚠️😔,💀😭🕳️⚠️😔,💀💊🚨🕳️😭,💀🔫🚨😭⚠️,💀🕳️😭😔💔",1
362,"💀😭🕳️⚠️😔,💀💊🚨⚠️🕳️,💀🔫🚨😭⚠️,💀😔🕳️💔😭,💀🕳️⚠️😭🔪",1
362,"💀💊🚨⚠️🕳️,💀🔫🚨😭⚠️,💀🕳️😭😔💔,💀🕳️⚠️😭🔪,💀🕳️😭⚠️",3
362,"💀🔫🚨😭⚠️,💀🕳️😭😔💔,💀🕳️⚠️😭🔪,💀🕳️😭⚠️,💀🕳️😭⚠️🔪",3
362,"💀🕳️😭😔💔,💀🕳️⚠️😭🔪,💀😭🕳️🔪⚠️,💀🕳️😭⚠️🔪,💀🕳️⚠️😭🔪",0
362,"💀🕳️⚠️😭🔪,💀😭🕳️⚠️🔪,💀🕳️😭⚠️🔪,💀⚠️🕳️😭🔪,😔💔😞🕳️⚠️",1
362,"💀🕳️😭⚠️,💀🕳️😭⚠️🔪,💀⚠️🕳️😭🔪,😔💔😞🕳️⚠️,💀🕳️😭⚠️😖",2
362,"💀🕳️😭⚠️🔪,💀⚠️🕳️😭🔪,😔💔😞🕳️⚠️,💀🕳️😭⚠️😖,💀😭⚠️🕳️",2
362,"💀⚠️🕳️😭🔪,😔💔😞🕳️⚠️,💀🕳️😭⚠️,💀😭⚠️🕳️,💀⚠️🕳️😭🪦",1
362,"😔💔😞🕳️⚠️,💀🕳️😭⚠️,💀😭⚠️🕳️,💀⚠️🕳️😭🪦,💀🕳️😭⚠️😔",1
362,"💀🕳️😭⚠️,💀😭⚠️🕳️,💀⚠️🕳️😭🪦,💀🕳️😭⚠️,💀🔫🚨⚠️🕳️",2
362,"💀😭⚠️🕳️,💀⚠️🕳️😭🪦,💀🕳️😭⚠️😔,💀🔫🚨⚠️🕳️,💀🔫⚠️🕳️😭",1
362,"💀⚠️🕳️😭🪦,💀🕳️😭⚠️,💀🔫🚨⚠️🕳️,💀🔫⚠️🕳️😭,💀😭🕳️⚠️😔",1
362,"💀🕳️😭⚠️😔,💀🔫⚠️🕳️😭,💀🔫⚠️🕳️😭,💀🕳️😭😔⚠️,💀😭🔪⚠️🕳️",3
362,"💀🔫🚨⚠️🕳️,💀🔫⚠️🕳️😭,💀😭🕳️⚠️😔,💀😭⚠️🕳️🔪,💀🕳️⚠️😭😰",3
362,"💀🔫⚠️🕳️😭,💀🕳️😭😔💔,💀😭⚠️🕳️🔪,💀🕳️😰😭⚠️,💀🔪🕳️😭",1
362,"💀😭🕳️⚠️😔,💀😭🔪⚠️🕳️,💀🕳️😰😭⚠️,💀🔪🕳️😭,💀😭🕳️⚠️💔",1
362,"💀😭🔪⚠️🕳️,💀🕳️😰😭⚠️,💀🔪🕳️😭,💀😭🕳️⚠️💔,💀🕳️😭⚠️",0
362,"💀🕳️😰😭⚠️,💀🔪🕳️😭,💀😭🕳️⚠️💔,💀🕳️😭⚠️,😔💔😢😞🕳️",1
362,"💀🔪🕳️😭,💀😭🕳️⚠️💔,💀🕳️😭⚠️,😔💔😢😞🕳️,💀😰🕳️😭⚠️",0
362,"💀😭🕳️⚠️💔,💀🕳️😭⚠️,😔💔😢😞🕳️,💀😰🕳️😭⚠️,💀🕳️😭😔⚠️",0
362,"💀🕳️😭⚠️,😔💔😢😞🕳️,💀😰⚠️😭🕳️,💀🕳️😭😔⚠️,💀🕳️😰😭⚠️",1
362,"😔💔😢😞🕳️,💀😰🕳️😭⚠️,💀🕳️😭😔⚠️,💀🕳️😰😭⚠️,💀🕳️😭⚠️",1
362,"💀😰🕳️😭⚠️,💀🕳️😭😔⚠️,💀🕳️😰😭⚠️,💀🕳️😭⚠️,💀😭🕳️⚠️😔",0
362,"💀🕳️😭😔⚠️,💀🕳️😰😔💔,💀🕳️😭⚠️,💀😭🕳️⚠️😔,😔💔😢🕳️⚠️",2
362,"💀😰🕳️😭⚠️,💀🕳️😭⚠️,💀😭🕳️⚠️😔,😔💔😢🕳️⚠️,💀⚠️🕳️😰🪦",3
362,"💀🕳️😭⚠️,💀😭🕳️⚠️😔,😔💔😢🕳️⚠️,💀⚠️🕳️😭,💀🕳️😭💊⚠️",1
362,"💀😭🕳️⚠️😔,😔💔😢⚠️🕳️,💀⚠️🕳️😰🪦,💀🕳️😭💊⚠️,💀🕳️😰⚠️😭",1
362,"😔💔😢⚠️🕳️,💀⚠️🕳️😭,💀🕳️😭💊⚠️,💀🕳️😭⚠️🌑,💀🚨🕳️😭⚠️",0
362,"💀⚠️😰🕳️😭,💀🕳️😭💊⚠️,💀🕳️😭⚠️🌑,💀🕳️🚨😭⚠️,😔💔😖🕳️⚠️",0
362,"💀🕳️😭💊⚠️,💀🕳️😭⚠️🌑,💀🚨🕳️😭⚠️,😔💔😖🕳️⚠️,😔💔😞⚠️",2
362,"💀🕳️😭⚠️🌑,💀🚨🕳️😭⚠️,😔💔😖🕳️⚠️,😔💔😞⚠️,💀💊⚠️😰🕳️",1
362,"💀🕳️🚨😭⚠️,😔💔😖🕳️⚠️,😔💔😞⚠️,💀💊⚠️😰🕳️,💀🕳️😭⚠️",0
362,"😔💔😖🕳️⚠️,😔💔😞⚠️,💀💊⚠️😰🕳️,💀🕳️😭⚠️,💀🕳️😭😔⚠️",1
362,"😔💔😞,💀💊⚠️😰🕳️,💀🕳️😭⚠️,💀🕳️😭😔⚠️,💀🕳️😭⚠️😖",0
362,"💀💊⚠️😰🕳️,💀🕳️😭⚠️,💀🕳️😭😔⚠️,💀🕳️😭⚠️,💀🕳️😭😔⚠️",1
362,"💀🕳️😭⚠️,💀🕳️😭😔⚠️,💀🕳️😭⚠️,💀🕳️😭😔⚠️,💀😭⚠️🕳️😔",1
362,"💀🕳️😭😔⚠️,💀🕳️😭⚠️🔪,💀🕳️😭😔⚠️,💀😭🕳️⚠️😔,💀😔😭⚠️🕳️",1
362,"💀🕳️😭⚠️,💀🕳️😭😔⚠️,💀😭⚠️🕳️😔,💀😔😭⚠️🕳️,💀🕳️😭⚠️😔",1
362,"💀🕳️😭😔⚠️,💀😭⚠️🕳️😔,💀😔😭⚠️🕳️,💀🕳️😭⚠️😔,💀😭🕳️⚠️😔",1
362,"💀😭🕳️⚠️😔,💀😔😭⚠️🕳️,💀🕳️😭⚠️😔,💀😭🕳️⚠️😔,💀😰🕳️😭⚠️",1
362,"💀😔😭⚠️🕳️,💀🕳️😭⚠️😔,💀😭🕳️⚠️😔,💀😰🕳️😭⚠️,💀⚠️🕳️😭📅",0
362,"💀🕳️😭⚠️😔,💀😭🕳️⚠️😔,💀😰🕳️😭⚠️,💀⚠️🕳️😭📅,😰🕳️😭⚠️💀",1
362,"💀😭🕳️⚠️😔,💀😭⚠️🕳️😰,💀⚠️🕳️😭📅,😰🕳️⚠️😭💀,💀🕳️😭😔⚠️",1
362,"💀😰🕳️😭⚠️,💀⚠️🕳️😭📅,😰🕳️⚠️😭💀,💀🕳️😭😔⚠️,💀🕳️😭😔⚠️",0
362,"💀⚠️🕳️😭📅,😰🕳️💀⚠️😭,💀🕳️😭😔💔,💀🕳️😭😔⚠️,💀🕳️😭😰🌑",2
362,"😰🕳️⚠️😭💀,💀🕳️😭😔💔,💀🕳️😭😔⚠️,💀🕳️😭😰🌑,💀💊🕳️😭",1
362,"💀🕳️😭😔💔,💀🕳️😭😔⚠️,💀🕳️😭😔⚠️,💀💊🕳️😭,💀😔🕳️😭⚠️",1
362,"💀🕳️😭😔⚠️,💀🕳️😭😰🌑,💀💊🕳️😭,💀😔💔🕳️⚠️,💀🕳️😭⚠️",1
362,"💀🕳️😭😰🌑,💀💊🕳️🚨,💀😔🕳️😭⚠️,💀😭🕳️⚠️😔,💀😰🕳️😭⚠️",1
362,"💀💊🕳️🚨,💀😔🕳️😭⚠️,💀🕳️😭⚠️,💀😰🕳️😭⚠️,💀🕳️😭⚠️",3
362,"💀🕳️😭😔💔,💀😭🕳️⚠️😔,💀😰🕳️😭⚠️,💀🕳️😭⚠️,💀🔪😭⚠️🕳️",0
362,"💀🕳️😭⚠️,💀😰🕳️😭⚠️,💀🕳️😭⚠️,💀🔪😭⚠️🕳️,💀😔🕳️😭⚠️",0
362,"💀😰🕳️😭⚠️,💀🕳️😭⚠️,💀🔪😭⚠️🕳️,💀😔🕳️😭⚠️,💀😭⚠️🕳️😖",1
362,"💀🕳️😭⚠️,💀🔪😭⚠️🕳️,💀😔🕳️😭⚠️,💀😭⚠️🕳️😔,💀🔪🩸😰⚠️",1
362,"💀🔪😭⚠️🕳️,💀😔🕳️😭⚠️,💀😭⚠️🕳️😔,💀🔪🩸😰⚠️,💀😭🕳️⚠️😔",3
362,"💀😔🕳️😭⚠️,💀😭⚠️🕳️😔,💀🔪🩸😭⚠️,💀😭🕳️⚠️😔,💀🔪🩸⚠️",1
362,"💀😭⚠️🕳️😖,💀🔪🩸😭⚠️,💀😭🕳️⚠️😔,💀🔪🩸😰,💀😭⚠️🕳️😰",1
362,"💀🔪🩸😭⚠️,💀😭🕳️⚠️😔,💀🔪🩸😰,💀😭⚠️🕳️😰,💀🕳️😭😔⚠️",1
362,"💀😭🕳️⚠️😔,💀🔪🩸😰,💀😭⚠️🕳️😰,💀🕳️😭😔⚠️,💀🕳️😰💊😭",0
362,"💀🔪🩸😰,💀😭🔪🕳️,💀🕳️😭😔⚠️,💀🕳️😰💊😭,😔🕳️😭⚠️",1
362,"💀😭⚠️🕳️😰,💀🕳️😭😔⚠️,💀🕳️😰💊😭,😔💔🕳️😭⚠️,💀😭⚠️🕳️😔",1
362,"💀🕳️😭😔⚠️,💀🕳️😰😭⚠️,😔🕳️😭⚠️,💀😭⚠️🕳️😔,💀🕳️😭⚠️😔",0
362,"💀🕳️😰😭⚠️,😔💔🕳️😭⚠️,💀😭⚠️🕳️😔,💀🕳️😭⚠️,😔💔😢⚠️🕳️",1
362,"😔💔🕳️😭⚠️,💀😭⚠️🕳️😔,💀🕳️😭⚠️,😔💔😢⚠️🕳️,💀🕳️😭😔⚠️",1
362,"💀😭⚠️🕳️😔,💀🕳️😭⚠️😔,😔💔😢⚠️🕳️,💀🕳️😭😔⚠️,💀🕳️😭⚠️",1
362,"💀🕳️😭⚠️😔,😔💔😢⚠️🕳️,💀🕳️😭⚠️😔,💀🕳️😭⚠️,💀😰🕳️😭⚠️",3
362,"😔💔😢⚠️🕳️,💀🕳️😭😔⚠️,💀🕳️😭⚠️,💀😰🕳️😭⚠️,💀🔪🕳️😭",2
362,"💀🕳️😭😔⚠️,💀🕳️😭⚠️,💀😰🕳️😭⚠️,💀🔪🕳️😭,💀🔪🕳️😭",2
362,"💀🕳️😭⚠️,💀😰🕳️😭⚠️,💀🔪🕳️😭,💀🔪🕳️😭,💀🔪⚠️🕳️",1
362,"💀😰🕳️😭⚠️,💀🔪🕳️😭,💀🔪🕳️😭,💀🔪⚠️🕳️,💀🕳️😭😞⚠️",1
362,"💀🔪🕳️😭,💀🔪🕳️😭,💀🔪⚠️🕳️,💀🕳️😭😞⚠️,💀😔🕳️😭⚠️",1
362,"💀🔪🕳️😭,💀🔪⚠️🕳️,💀🕳️😭😞⚠️,💀😔🕳️😭⚠️,💀😭🕳️⚠️😰",0
362,"💀🔪⚠️🕳️,💀🕳️😭😞⚠️,💀😔🕳️😭⚠️,💀😭🕳️⚠️😰,💀😭🕳️⚠️😿",1
362,"💀🕳️😭😞⚠️,💀😔🕳️😭⚠️,💀😭🕳️⚠️,💀😭🕳️⚠️😿,💀🕳️😭⚠️😔",3
362,"💀😔🕳️😭⚠️,💀😭🕳️⚠️,💀😭🕳️⚠️😿,💀🕳️😭⚠️😔,💀🕳️😭⚠️🔪",1
362,"💀😭🕳️⚠️,💀😭🕳️⚠️😿,💀🕳️😭⚠️😔,💀🕳️⚠️😭🔪,💀⚠️🕳️😭",1
362,"💀😭🕳️⚠️😿,💀🕳️😭⚠️😔,💀🕳️😭⚠️🔪,💀⚠️🕳️😭,💀🕳️😭😔💔",1
362,"💀🕳️😭⚠️😔,💀🔪⚠️😭🕳️,💀⚠️🕳️😭,💀😔🕳️😭⚠️,💀🕳️😭⚠️😔",1
362,"💀🔪⚠️😭🕳️,💀⚠️🕳️😭,💀😔🕳️😭⚠️,💀🕳️😭⚠️😔,😔💔😞🕳️⚠️",1
362,"💀⚠️🕳️😭,💀😔🕳️😭⚠️,💀🕳️😭⚠️😔,😔💔🕳️😭⚠️,💀🕳️😭😔⚠️",1
362,"💀🕳️😭😔💔,💀🕳️😭⚠️😔,😔💔🕳️😭⚠️,💀🕳️😭😔⚠️,💀😰🕳️😭⚠️",1
362,"💀🕳️😭⚠️😔,😔💔😞🕳️⚠️,💀🕳️😭😔⚠️,💀🕳️😭⚠️😰,💀🕳️😭😔💔",2
362,"😔💔😞🕳️⚠️,💀🕳️😭😔⚠️,💀🕳️😭⚠️😖,💀🕳️😭😔💔,💀🕳️⚠️😭🔪",2
362,"💀🕳️😭😔⚠️,💀🕳️😭⚠️😖,💀🕳️😭😔💔,💀🕳️⚠️😭🔪,💀💊🔪😭🚨",1
362,"💀😭🕳️⚠️😔,💀🕳️😭😔💔,💀🕳️⚠️😭🔪,💀💊🔪😭🚨,💀🕳️😭😔💔",1
362,"💀🕳️😭😔💔,💀🕳️⚠️😭🔪,💀💊🔪😭🚨,💀🕳️😭😔💔,💀🕳️😭😔⚠️",0
362,"💀🕳️⚠️😭🔪,💀💊🔪😭🚨,💀🕳️😭😔💔,💀🕳️😭😔⚠️,😔💔😢",1
362,"💀💊🔪😭⚠️,💀🕳️😭😔💔,💀🕳️😭😔⚠️,😔💔😢,💀🕳️😰😭⚠️",1
362,"💀🕳️😭😔💔,💀🕳️😭😔⚠️,😔💔😢,💀🕳️😰😭⚠️,💀🕳️😭⚠️",1
362,"💀🕳️😭⚠️😔,😔💔😢,💀🕳️😰😭⚠️,💀🕳️😭⚠️,💀🕳️😭😔⚠️",0
362,"😔💔😢,💀🕳️😰😭⚠️,💀😰🕳️😭⚠️,💀🕳️😭😔⚠️,😔💔🕳️😭⚠️",1
362,"💀😰🕳️😭⚠️,💀🕳️😭⚠️,💀🕳️😭😔⚠️,😔💔🕳️,💀😰🕳️😭⚠️",1
362,"💀🕳️😭⚠️,💀🕳️😭😔⚠️,😔💔🕳️,💀🕳️😭⚠️🚨,💀🔪😭⚠️",1
362,"💀🕳️😭😔⚠️,😔💔🕳️😭⚠️,💀🕳️😭⚠️😰,💀🔪😭⚠️,💀🕳️😭⚠️💊",1
362,"😔💔🕳️⚠️,💀🕳️😭⚠️😰,💀🔪😭⚠️,💀🕳️😭⚠️💊,💀😭🕳️⚠️😔",1
362,"💀🕳️😭⚠️😰,💀🔪😭⚠️,💀🕳️😭⚠️🩸,💀😭🕳️⚠️😔,💀🔪😭⚠️🕳️",1
362,"💀🔪😭⚠️,💀🕳️😭⚠️💊,💀😭🕳️⚠️😔,💀😭🔪🌑,💀⚠️😭🕳️",1
362,"💀🕳️😭⚠️🩸,💀😭🕳️⚠️😔,💀😭🔪🌑,💀⚠️😭🕳️,💀😭🔪🕳️",0
363,💀🔪🚨⚠️🕳️,1
364,"💀😭⚠️😔🤝,😔💊⚠️,💀⚠️😭🕳️🚨,💀😭🔪🚨,🕳️😵🪦💀⚠️",0
364,"😔💊⚠️,💀⚠️😭🕳️🚨,💀😭🔪🚨⚠️,🕳️😵🪦💀🚨,😊😌💪✨🌟",0
364,"💀⚠️🕳️😭😰,💀😭🔪🚨,🕳️😵🪦💀⚠️,😊😌💪✨🌟,💀🕳️⚠️",0
364,"💀😭🔪🚨,🕳️😵🌑💀⚠️,😊😌💪✨🌟,💀🕳️⚠️,💀😭💪✨⚠️",1
364,"🕳️😵🪦💀⚠️,😊😌💪✨🌟,💀🕳️⚠️,💀😭💪✨⚠️,💀⚠️😰😔💔",0
364,"😊😌💪✨🌟,💀🕳️⚠️,💀😭💪✨⚠️,💀⚠️😰😔💔,💀🕳️😔😭⚠️",1
364,"💀🕳️⚠️,💀😔😭💪✨,💀⚠️😰😔💔,💀🕳️😔😭⚠️,💀🕳️😭⚠️😔",0
364,"💀😭💪✨⚠️,💀⚠️😰😔💔,💀🕳️😔😭⚠️,💀🕳️😭⚠️😔,😔💔😢",1
365,"💀🕳️😭⚠️,💀🔪😭⚠️,💀🕳️😭💔⚠️,💀💊⚠️🕳️😭,💀💊🚨😭🕳️",1
365,"💀🔪😭🕳️,💀🕳️😭💔⚠️,💀💊🚨🕳️😭,💀💊🚨😭🕳️,💀🔪🔥🚨⚠️",0
366,"💀😭🕳️⚠️🔪,💀🕳️⚠️🔪,💀🕳️😭⚠️🌑,💀🔪😭🕳️⚠️,💀🕳️🚨😭⚠️",1
366,"💀🕳️⚠️🔪😰,💀🕳️😭⚠️🌑,💀🔪😭🕳️⚠️,💀🕳️🚨😭⚠️,💀🕳️😭🌑⚠️",1
366,"💀🕳️😭⚠️🌉,💀🔪🕳️😭,💀🕳️🚨😭⚠️,💀🕳️😭🌑⚠️,💀🕳️😭⚠️😔",1
366,"💀🔪😭🕳️⚠️,💀🕳️🚨😭⚠️,💀🕳️😭🌑⚠️,💀🕳️😭⚠️😔,😔💔😭⚠️🕳️",0
366,"💀🕳️🚨😭⚠️,💀🕳️😭🌑⚠️,💀😔🕳️😭⚠️,😔💔😭⚠️🕳️,💀🕳️😭😔⚠️",2
366,"💀🕳️😭🌑⚠️,💀🕳️😭⚠️😔,😔💔😭⚠️🕳️,💀🕳️😭😔⚠️,💀⚠️🔪😰🕳️",1
366,"💀😰🕳️😭⚠️,😔💔😭⚠️🕳️,💀😔🕳️😭⚠️,💀⚠️🔪😰🕳️,💀🔪⚠️😭🕳️",1
366,"😔💔😭⚠️🕳️,💀😔🕳️😭⚠️,💀⚠️🔪😰🕳️,💀🔪⚠️😭🕳️,💀🕳️😰⚠️😭",1
366,"💀🕳️😭😔⚠️,💀⚠️🔪😰🕳️,💀🔪⚠️😭🕳️,💀🕳️😰⚠️😭,💀🕳️😭⚠️",0
366,"💀⚠️🔪😰🕳️,💀🔪⚠️😭🕳️,💀🕳️😰⚠️😭,💀🕳️😭⚠️,💀🕳️😭⚠️",1
366,"💀🔪⚠️😭🕳️,💀🕳️😰⚠️😭,💀🕳️😭⚠️,💀🕳️😭⚠️,💀🔪⚠️🕳️😰",1
368,"💀🔪😭🕳️⚠️,💀😭🕳️⚠️😖,💀🕳️😭⚠️🔪,💀😭🕳️⚠️😔,💀⚠️😭🕳️",0
368,"💀😭🕳️⚠️😖,💀🕳️😭⚠️🔪,💀😭🕳️⚠️😔,💀⚠️😭🕳️,💀🕳️😰😔💔",1
368,"💀🕳️😭⚠️,💀😭🕳️⚠️😔,💀⚠️😭🕳️,💀🕳️😰😔💔,💀😭⚠️🕳️😔",1
368,"💀😭🕳️⚠️😔,💀⚠️😭🕳️,💀🕳️😰😔😭,💀😭⚠️🕳️😔,💀😭🕳️😔",1
368,"💀⚠️😭🕳️,💀🕳️😰😔😭,💀😭⚠️🕳️😔,💀😭🕳️😔,💀😭🕳️⚠️",1
368,"💀🕳️😰😔💔,💀😭⚠️🕳️😔,💀😭🕳️😔,💀😭🕳️⚠️,💀😔🕳️😭⚠️",0
368,"💀😭⚠️🕳️😔,💀😭🕳️⚠️😔,💀😭🕳️⚠️,💀😔🕳️😭⚠️,💀😔⚠️😭💔",1
368,"💀😭🕳️😔,💀😭🕳️⚠️,💀😔🕳️😭⚠️,💀😔⚠️😭💔,💀🕳️⚠️",1
368,"💀😭🕳️⚠️,💀😔🕳️😭⚠️,💀😭⚠️💔😔,💀🕳️⚠️,💀⚠️🕳️😭🚨",1
368,"💀😔🕳️😭⚠️,💀⚠️😭😔💔,💀🕳️⚠️,💀⚠️🕳️😭🚨,💀🕳️😭😔💔",1
368,"💀⚠️😭😔💔,💀🕳️⚠️,💀⚠️🔪🕳️,💀🕳️😭😔💔,💀⚠️😭😔",1
368,"💀🕳️⚠️,💀⚠️🚨😭🕳️,💀🕳️😭😔💔,💀⚠️😭😔,💀🕳️😭⚠️🌑",1
368,"💀⚠️🔪🕳️,💀🕳️😭😔💔,💀⚠️😭😔,💀🕳️😭⚠️😰,💀😭🕳️⚠️🔪",1
368,"💀🕳️😭😔💔,💀⚠️😭😔,💀🕳️😭⚠️😰,💀😭🕳️⚠️🔪,💀😭💔⚠️😔",2
368,"💀⚠️😭😔,💀🕳️😭⚠️😰,💀😭🕳️⚠️🔪,💀😭💔⚠️😔,💀⚠️🔪😭🕳️",1
368,"💀🕳️😭⚠️😰,💀😭🕳️⚠️🔪,💀😭💔⚠️😔,💀⚠️🔪😭🕳️,💀😭⚠️🕳️🔪",0
368,"💀😭🕳️⚠️🔪,💀😭💔⚠️😔,💀⚠️🔪😭🕳️,💀😭⚠️🕳️🔪,💀🕳️⚠️😭😔",1
368,"💀😭💔⚠️😔,💀⚠️🔪😭🕳️,💀😭⚠️🕳️🔪,💀🕳️⚠️😭😔,💀😰🕳️😭⚠️",1
368,"💀⚠️🔪😭🕳️,💀😭⚠️🕳️🔪,💀🕳️⚠️😭🔪,💀😰🕳️😭⚠️,💀😭⚠️🕳️",1
368,"💀😭🕳️⚠️🔪,💀🕳️⚠️😭😔,💀😰😭🕳️⚠️,💀🔪😭⚠️,💀😭🔪⚠️🕳️",1
368,"💀🕳️⚠️😭🌑,💀😰😭🕳️⚠️,💀😭🕳️⚠️,💀😭🔪⚠️🕳️,💀🕳️😭⚠️📅",1
368,"💀😰🕳️😭⚠️,💀🔪😭⚠️,💀😭🔪⚠️🕳️,💀🕳️⚠️😭🌑,💀🕳️😭⚠️😔",1
368,"💀🔪😭⚠️,💀😭🕳️⚠️🔪,💀🕳️😭⚠️📅,💀🕳️😭⚠️😔,💀🔪😭⚠️",1
368,"💀😭🔪⚠️🕳️,💀🕳️⚠️😭🌑,💀🕳️😭⚠️😔,💀🔪😭⚠️,💀😭⚠️🕳️😔",1
368,"💀🕳️⚠️😭📅,💀🕳️😭⚠️😔,💀🔪😭⚠️,💀😭😰⚠️🕳️,💀😭🕳️⚠️🪦",1
368,"💀🕳️😭⚠️,💀🔪😭⚠️,💀😭😰⚠️🕳️,💀😭🕳️⚠️🪦,💀😰🕳️⚠️",1
368,"💀🔪⚠️😭,💀😭⚠️🕳️😔,💀😭🕳️⚠️🪦,💀⚠️😭🕳️,💀😭⚠️🕳️😔",2
368,"💀😭🕳️⚠️,💀😭🕳️⚠️🪦,💀😰🕳️🚨,💀😭⚠️😔💔,💀⚠️🕳️🔪",0
368,"💀🕳️😭⚠️🪦,💀😰🕳️⚠️,💀😭⚠️🕳️😔,💀⚠️🕳️🔪,💀⚠️🕳️😭",1
368,"💀😰🕳️🚨,💀😭⚠️🕳️😔,💀⚠️🕳️😭,💀🕳️⚠️😭🔪,💀🕳️😭⚠️",0
368,"💀😭⚠️🕳️😔,💀🕳️⚠️🔪,💀⚠️🕳️😭,💀🕳️😭⚠️,😔💔🕳️😭⚠️",1
368,"💀🕳️⚠️🔪,💀⚠️🕳️😭,💀🕳️😭⚠️,😔💔🕳️😭⚠️,💀😰🕳️😭⚠️",0
368,"💀⚠️🕳️😭,💀🕳️😭⚠️,😔💔🕳️,💀😰🕳️😭⚠️,😔💔😞⚠️",1
368,"💀😰🕳️🚨,😔💔🕳️,💀😰🕳️😭⚠️,😔💔🕳️,💀😭⚠️💔🕳️",2
368,"😔💔🕳️😭⚠️,💀😰🕳️😭⚠️,😔💔😞⚠️,💀😭⚠️💔🕳️,💀🕳️😭⚠️😔",0
368,"💀😰🕳️😭⚠️,😔💔😞⚠️🕳️,💀😭⚠️💔🕳️,💀🕳️😭⚠️😔,💀⚠️🕳️😰🩸",1
368,"😔💔😞⚠️,💀😭💔⚠️🕳️,💀🕳️😭⚠️😔,💀🕳️⚠️😭🔪,💀🕳️😰⚠️😭",1
368,"💀😭💔⚠️🕳️,💀🕳️😭⚠️😔,💀🕳️⚠️😭🚨,💀😰🕳️😭⚠️,💀😰😭⚠️😔",0
368,"💀🕳️😭⚠️😔,💀🕳️⚠️😭🔪,💀🕳️😰⚠️😭,💀😰😭⚠️😔,😔💔😢",1
368,"💀🕳️⚠️😭😰,💀🕳️😰😭⚠️,💀😰🕳️😭⚠️,😔💔😢,💀😰🔪⚠️😭",0
368,"💀🕳️😰⚠️😭,💀😰😭⚠️😔,😔💔😢,💀😰🔪😭⚠️,😔💔😞⚠️🕳️",1
368,"💀😰😭⚠️😔,😔💔😢,💀😰🔪⚠️😭,😔💔😞⚠️🕳️,💀🕳️😰😭⚠️",0
368,"😔💔😢,💀😰🔪⚠️😭,😔💔😞⚠️🕳️,💀🕳️😰😭⚠️,🕳️😔💀😭⚠️",2
368,"💀😰🔪⚠️😭,😔💔😞⚠️🕳️,💀🕳️😰⚠️😭,🕳️😔💀😭⚠️,💀⚠️🕳️💊🔪",1
368,"😔💔🕳️⚠️😭,💀🕳️😰⚠️😭,🕳️😔💀😭⚠️,💀⚠️🕳️💊🔪,💀🕳️😭⚠️",1
368,"💀🕳️😰😭⚠️,🕳️😔💀😭⚠️,💀⚠️🕳️💊🔪,💀😭⚠️🕳️,💀😭🕳️⚠️",2
368,"🕳️😰😔💀⚠️,💀⚠️🕳️💊🔪,💀😭⚠️🕳️,💀😭🕳️⚠️,💀⚠️🕳️😭",1
368,"💀⚠️🕳️💊😰,💀🕳️😭⚠️,💀😭😞⚠️,💀⚠️🕳️😭,💀⚠️🕳️😭🪦",2
368,"💀😭⚠️🕳️,💀😭🕳️⚠️,💀⚠️🕳️😭,💀⚠️🕳️😭🪦,💀🕳️⚠️😭⚰️",2
368,"💀😭🕳️⚠️,💀⚠️🕳️😭,💀⚠️🕳️😭🪦,💀🕳️⚠️😭⚰️,💀🔪🚨⚠️😭",2
368,"💀⚠️🕳️😭,💀⚠️🕳️😭🪦,💀🕳️⚠️😭⚰️,💀🔪🚨⚠️😭,💀⚠️🔪🗓️😭",1
368,"💀⚠️🕳️😭🪦,💀🕳️⚠️😭⚰️,💀🔪🚨⚠️😭,💀⚠️🔪🗓️😭,💀🔪🚨😭⚠️",1
368,"💀🕳️⚠️😭⚰️,💀🔪🚨⚠️😭,💀⚠️🚨😭🕳️,💀🔪🚨😭⚠️,💀🕳️😭😔⚠️",0
368,"💀🔪🚨⚠️😭,💀⚠️🚨😭🕳️,💀🔪🚨😭⚠️,💀🕳️😭😔⚠️,😭😰🕳️💀",0
368,"💀⚠️🔪🗓️😭,💀🔪🚨😭⚠️,💀🕳️😭😔⚠️,😭😰🕳️💔😔,😔💔😞",1
368,"💀🔪🚨😭⚠️,💀🕳️😭😔⚠️,💀😰🕳️😭⚠️,😔💔😞,💀⚠️🕳️😭🚨",0
368,"💀🕳️😭😔⚠️,😭😔💔⚠️🕳️,😔💔😞,💀⚠️🕳️😭🚨,💀🕳️😭😔⚠️",1
368,"😭😰🕳️💀,😔💔😞,💀⚠️🕳️😭🚨,💀🕳️😭😔⚠️,💀⚠️😭🕳️🌞",1
368,"😔💔😞,💀⚠️🕳️😭🚨,💀🕳️😭😔⚠️,💀⚠️😭🕳️😰,💀😭⚠️🕳️",0
368,"💀⚠️🕳️😭🚨,💀🕳️😭😔⚠️,💀😭⚠️🕳️🌞,💀😭⚠️🕳️,💔😔💀⚠️",0
368,"💀🕳️😭😔⚠️,💀😭⚠️🕳️🌞,💀😭⚠️🕳️,💔😔💀⚠️,😔💔😭⚠️",1
368,"💀😭⚠️🕳️🌞,💀😭⚠️🕳️,💔😔💀⚠️,😔💔😢,💀😭🕳️⚠️😔",0
368,"💀😭⚠️🕳️,💔😔💀⚠️,😔💔😖,💀😭🕳️⚠️😔,😔💔😢🕳️",1
368,"💔😔💀⚠️,😔💔😭⚠️,💀😭🕳️⚠️😔,😔💔😢🕳️,💀🕳️😭⚠️🩸",1
368,"😔💔😖😭⚠️,💀😭🕳️⚠️😔,😔💔😢,💀🕳️😭⚠️🩸,💀🔪🚨⚠️🕳️",0
368,"💀😭🕳️⚠️😔,😔💔😢,💀🕳️😭⚠️🩸,💀🔪🚨⚠️😭,😔💔😢",0
368,"😔💔😢,💀🕳️😭⚠️🩸,💀🔪🚨⚠️😭,😔💔🕳️😭,😔💔😢🕳️⚠️",0
368,"💀🕳️😭⚠️🩸,💀🔪🚨⚠️😭,😔💔🕳️,😔💔😢🕳️⚠️,😔🕳️",0
368,"💀🔪🚨⚠️😭,😔💔🕳️,😔💔😢🕳️⚠️,😰😔💔⚠️,💀🔪🕳️😭",2
371,"💀🕳️😭⚠️😔,💀🕳️😭😔⚠️,💀🕳️😭😔⚠️,💀😭🕳️⚠️😔,💀🕳️😭😰⚠️",1
371,"💀🕳️😭😔⚠️,💀🕳️😭😔⚠️,💀😭🕳️⚠️😔,💀🕳️😭😰⚠️,💀🕳️😭😔⚠️",0
371,"💀🕳️😭😔⚠️,💀😭🕳️⚠️😔,💀🕳️😭⚠️😔,💀🕳️😭😔⚠️,😭😔💔🕳️",0
371,"💀😭🕳️⚠️😔,💀🕳️😭⚠️😔,💀🕳️😭😔⚠️,😭😔💔🕳️,💀😔🕳️😭⚠️",0
371,"💀🕳️😭⚠️😔,💀🕳️😭😔⚠️,😭😔💔🕳️,💀😔🕳️😭⚠️,😔💔😢😞🕳️",0
371,"💀🕳️😭😔⚠️,😭😔💔⚠️,💀😔🕳️😭⚠️,😔💔😢😞🕳️,😔💔😢😞⚠️",0
371,"😭😔💔🕳️,💀😔🕳️😭⚠️,😔💔😢😞🕳️,😔💔😢😞⚠️,💀🕳️😭😔💔",0
371,"💀😔🕳️😭⚠️,😔💔😢😞🕳️,😔💔😭⚠️🕳️,💀🕳️😭😔💔,😔💔😰🕳️😭",0
371,"😔💔😢😞🕳️,😔💔😢😞⚠️,💀🕳️😭😔💔,😔💔😞⚠️🕳️,💀🕳️😭😔⚠️",0
371,"😔💔😢😞⚠️,💀🕳️😭😔💔,😔💔😞⚠️🕳️,💀🕳️😭😔⚠️,💀🕳️😭⚠️💔",0
371,"💀🕳️😭😔💔,😔💔😞⚠️🕳️,💀🕳️😭😔⚠️,💀🕳️😭⚠️💔,💀🕳️😰😭⚠️",0
371,"😔💔😞⚠️🕳️,💀🕳️😭😔⚠️,💀😭🕳️⚠️💔,💀🕳️😰😭⚠️,💀🕳️😭⚠️😔",0
371,"💀🕳️😭😔⚠️,💀🕳️😭⚠️😖,💀🕳️😰😭⚠️,💀🕳️😭⚠️😔,😔🕳️😰💀",0
371,"💀🕳️😭⚠️💔,💀🕳️😰😭⚠️,💀🕳️😭⚠️😔,😔🕳️😰💀⚠️,💀😔😭⚠️",0
371,"💀🕳️😰😭⚠️,💀🕳️😭⚠️😔,😔🕳️😰💀⚠️,💀😭🕳️⚠️💔,💀🕳️😭⚠️",0
371,"💀🕳️😭⚠️😔,😔🕳️😰💀⚠️,💀😔😭⚠️,💀😰🕳️😭⚠️,😰⚠️💀🕳️😭",0
371,"😔🕳️😰💀⚠️,💀😭🕳️⚠️💔,💀😰🕳️😭⚠️,😰💥⚠️😔💀,💀🕳️😭💔⚠️",1
371,"💀😭🕳️⚠️😔,💀🕳️😭⚠️,😰⚠️💀🕳️😭,💀🕳️😭💔⚠️,💀😭🕳️⚠️",1
371,"💀😰🕳️😭⚠️,😰💥⚠️😔💀,💀🕳️😭⚠️😔,💀😭🕳️⚠️,💀🕳️😭⚠️🩸",0
372,"💀🕳️😭⚠️😖,💀😭🕳️⚠️😔,😔💔🕳️😭,💀🕳️😭😔,💀🕳️😭😰⚠️",1
372,"💀😭🕳️⚠️😔,😔💔🕳️😭⚠️,💀🕳️😭😔,💀🕳️😭⚠️😔,💀🕳️😭😔💔",2
372,"😔💔🕳️😭,💀🕳️😭😔,💀🕳️😭😰⚠️,💀🕳️😭😔💔,💀⚠️🕳️😭🚨",1
372,"💀🕳️😭😔,💀🕳️😭⚠️😔,💀🕳️😭😔💔,💀⚠️🕳️😭🚨,💀🔪😰🕳️",1
372,"💀🕳️😭😰⚠️,💀🕳️😭😔💔,💀⚠️🕳️😭🚨,💀🔪😰🕳️,💀🕳️😰⚠️😭",0
372,"💀🕳️😭😔💔,💀⚠️😭🕳️🚨,💀🔪😰🕳️,💀🕳️😰⚠️😭,😔💔😢",1
372,"💀⚠️🕳️😭🚨,💀🔪⚠️😭,💀🕳️😰⚠️😭,😔💔😢😞⚠️,💀😔🕳️⚠️😭",1
372,"💀🔪⚠️😭,💀🕳️😰⚠️😭,😔💔😢,💀😔🕳️⚠️💔,💀😭🕳️⚠️😔",0
372,"💀🕳️😰⚠️😭,😔💔😢,💀😔🕳️💪✨,💀😭🕳️⚠️😔,😔💔😢",0
372,"😔💔😢😞⚠️,💀😔💔⚠️,💀😭🕳️⚠️😔,😔💔😢,💀🕳️😭😔⚠️",0
372,"💀😔🕳️⚠️,💀😭🕳️⚠️😔,😔💔😢,💀🕳️😭😔⚠️,💀🕳️😭😔⚠️",0
372,"💀😭🕳️⚠️😔,😔💔😢,💀🕳️😭😔⚠️,💀🕳️😭😔⚠️,😔💔🕳️😭⚠️",0
372,"😔💔😢,💀🕳️😭😔⚠️,💀🕳️😭😔⚠️,😔💔🕳️,😔💔😞⚠️🕳️",0
372,"💀🕳️😭😔⚠️,💀🕳️😭😔⚠️,😔💔🕳️😭⚠️,😔💔😞🕳️⚠️,😔💔😞🕳️⚠️",0
372,"💀🕳️😭😔⚠️,😔💔🕳️😭⚠️,😔💔😞⚠️🕳️,😔💔🕳️😭⚠️,😔😩😞🕳️⚠️",0
372,"😔💔🕳️,😔💔😞🕳️⚠️,😔💔😞🕳️⚠️,😔😩😞🕳️⚠️,😔💔😞⚠️",1
372,"😔💔😞⚠️🕳️,😔💔😞🕳️⚠️,😔😩😞🕳️⚠️,😔💔😞⚠️,💀😰🕳️😭⚠️",1
372,"😔💔🕳️😭⚠️,😔😩😞🕳️⚠️,😔💔😞⚠️,💀😰🕳️⚠️😭,💀🔪😭⚠️🚨",1
372,"😔😩😞🕳️⚠️,😔💔😞⚠️,💀😰🕳️😭⚠️,💀🔪⚠️😭🕳️,💀🕳️😭⚠️🔪",1
372,"😔💔😞⚠️,💀😰🕳️⚠️😭,💀🔪⚠️😭🕳️,💀🕳️😭⚠️🔪,💀🕳️😰⚠️😭",1
372,"💀😰🕳️😭⚠️,💀🔪⚠️😭🕳️,💀🕳️😭⚠️🔪,💀🕳️😰⚠️😭,💀⚠️😭🕳️",1
372,"💀🔪⚠️😭🌑,💀🕳️😭⚠️🔪,💀🕳️😰⚠️😭,💀⚠️😭🕳️,💀😭🕳️⚠️😔",1
372,"💀🕳️😭⚠️🔪,💀🕳️😰⚠️😭,💀🔪😭⚠️,💀😭🕳️⚠️😔,💀😰🕳️😭⚠️",0
372,"💀🕳️😰😭⚠️,💀⚠️😭🕳️,💀😰🕳️😭⚠️,💀😰🕳️😭⚠️,😔😞💔",1
372,"💀⚠️😭🕳️,💀😭🕳️⚠️😔,💀😰🕳️😭⚠️,😔😞💔,💀😰🕳️😭⚠️",1
372,"💀😭🕳️⚠️😔,💀😰🕳️😭⚠️,😔😞💔,💀😰🕳️😭⚠️,💀😰🕳️😭⚠️",1
372,"💀😰🕳️😭⚠️,😔😞💔,💀😰🕳️😭⚠️,💀😰🕳️😭⚠️,💀😭🕳️⚠️😔",0
372,"😔😞💔,💀😰🕳️😭⚠️,💀😰🕳️😭⚠️,💀😭🕳️⚠️😔,💀💔😔",1
372,"💀😰🕳️😭⚠️,💀😰🕳️😭⚠️,💀😭🕳️⚠️😔,💀💔😔,💀🔪⚠️😭🕳️",0
372,"💀😰🕳️😭⚠️,💀😭🕳️⚠️😔,💀🕳️😭,💀🔪⚠️😭🕳️,😔💔🕳️😭⚠️",1
372,"💀😭🕳️⚠️😔,💀🕳️😭,💀🔪⚠️😭🕳️,😔💔🕳️😭⚠️,💀🕳️😭⚠️😔",1
372,"😔💔😢,💀🔪⚠️😭🕳️,😔💔🕳️😭⚠️,💀🕳️😭⚠️😔,💀🔪⚠️😭🕳️",1
372,"💀🔪⚠️😭🕳️,😔💔🕳️😭⚠️,💀🕳️😭⚠️😔,💀🔪⚠️😭🕳️,💀😔⚠️",0
372,"😔💔🕳️😭⚠️,💀🕳️😭⚠️😔,💀🔪⚠️😭🕳️,💀😔⚠️,💀🕳️😭😔💔",1
372,"💀🕳️😭⚠️😔,💀🔪⚠️😭🕳️,💀😔⚠️,💀🕳️😭😔💔,💀🕳️😭⚠️😔",1
372,"💀🔪⚠️😭🕳️,💀😔🕳️,💀🕳️😭😔💔,💀🕳️😭⚠️😔,💀😭⚠️🕳️😔",0
372,"💀😔⚠️,💀🕳️😭😔💔,💀🕳️😭⚠️😔,💀😭⚠️🕳️😔,💀🕳️😭😔💔",0
372,"💀🕳️😭😔💔,💀🕳️😭⚠️😔,💀😭⚠️🕳️😔,💀🕳️😭😔⚠️,😔💔😢🕳️⚠️",1
374,"💀🔫🕳️😭🚨,💀🔪😭⚠️🕳️,💀🔪😭⚠️🕳️,💀⚠️🕳️😭,💀🔪⚠️😭🕳️",2
374,"💀🔪😭⚠️🕳️,💀🔪😭⚠️🕳️,💀⚠️🕳️😭🚨,💀🔪⚠️😭🕳️,💀🕳️😭⚠️😔",2
374,"💀🔪😭⚠️🕳️,💀⚠️🕳️😭,💀🔪🕳️😭,💀🕳️😭⚠️😔,💀🩸🔪⚠️",2
374,"💀⚠️🕳️😭🚨,💀🔪⚠️😭🕳️,💀🕳️😭⚠️😔,💀🩸🔪⚠️,💀🩸🔪⚠️",2
374,"💀🔪🕳️😭,💀🕳️😭⚠️😔,💀🩸🔪⚠️😭,💀🩸🔪⚠️,💀🔪🩸⚠️😭",2
374,"💀🕳️😭⚠️😔,💀🩸🔪⚠️,💀🩸🔪😵,💀🔪🩸😰⚠️,💀⚠️🕳️😭",1
374,"💀🩸🔪⚠️,💀🩸🔪😵,💀🔪🩸😰⚠️,💀⚠️🕳️😭,💀🕳️😭⚠️⚰️",1
374,"💀🩸🔪😵,💀🔪🩸😰⚠️,💀⚠️🕳️😭,💀⚠️🕳️😭,💀🕳️😭⚠️",2
374,"💀🔪🩸😰⚠️,💀⚠️🕳️😭,💀⚠️🕳️😭,💀🕳️😭⚠️,💀⚠️🪦😰🕳️",2
374,"💀⚠️🕳️😭,💀🕳️⚠️😭,💀🕳️😭⚠️,💀⚠️🪦😰🕳️,💀💊⚠️🕳️😰",2
374,"💀🕳️⚠️😭,💀🕳️😭⚠️,💀⚠️🪦😰🕳️,💀💊⚠️🕳️😰,💀💊🚨🕳️😭",2
374,"💀🕳️😭⚠️,💀⚠️🪦😰🕳️,💀💊⚠️🕳️😰,💀💊🚨🕳️😭,💀🔫⚠️🕳️😰",2
374,"💀⚠️🪦😰🕳️,💀💊⚠️🕳️😰,💀💊🚨⚠️🕳️,💀🔫⚠️🕳️😰,💀🔫⏳🚨⚠️",1
374,"💀💊⚠️🕳️😰,💀💊🚨⚠️🕳️,💀🔫⚠️🕳️😰,💀🔫⏳🚨⚠️,💀⚠️🔪💊🕳️",3
374,"💀💊🚨⚠️🕳️,💀🔫⚠️🕳️😰,💀🔫⏳🕳️🚨,💀⚠️🔪💊🕳️,💀⚠️🔪🕳️",2
374,"💀🔫⚠️🕳️😰,💀🔫⏳🕳️🚨,💀⚠️🔪💊🕳️,💀⚠️🔪🕳️,💊💀⚠️😰🕳️",2
374,"💀🔫⏳🚨⚠️,💀🔪🚨⚠️🕳️,💀⚠️🔪🕳️,💊💀⚠️😰🕳️,💀🔪⚠️😭🕯️",2
374,"💀⚠️🔪💊🕳️,💀⚠️🔪🕳️,💊💀⚠️😰🕳️,💀🔪⚠️😭⚰️,💀🔫🚨⚠️🕳️",0
374,"💀⚠️🔪🕳️,💊💀⚠️😰🕳️,💀🔪🚨⚰️😭,💀🔫🚨⚠️🕳️,😔💔😢🕳️😭",0
374,"💊💀⚠️😰🕳️,💀🔪🚨⚰️😭,💀🔫🚨⚠️🕳️,😔💔😢🕳️⚠️,😔💔🕳️😭⚠️",1
378,"💀⚠️🕳️😭🔪,💀⚠️🕳️😭🚨,💀😭⚠️🕳️😔,😔💔😢😞⚠️,💀😭🕳️⚠️😔",1
378,"💀⚠️🕳️😭🚨,💀😭⚠️🕳️,😔💔😢😞⚠️,💀😭🕳️⚠️😔,💀😭😞⚠️",1
378,"💀😭⚠️🕳️😔,😔💔😢😞⚠️,💀😭🕳️⚠️😔,💀😭⚠️😔💔,💀😔🕳️😭⚠️",1
378,"😔💔😢😞⚠️,💀😭🕳️⚠️😔,💀😭😞⚠️,💀😔🕳️😭⚠️,💀⚠️🔪😰🕳️",1
378,"💀😭🕳️⚠️😔,💀😭😞⚠️,💀😔🕳️😭⚠️,💀⚠️🔪😭🚨,💀🕳️😭⚠️",0
378,"💀😭😞⚠️,💀😔🕳️😭⚠️,💀⚠️🔪😭,💀🕳️😭⚠️,😰⚠️😔🏥💔",1
378,"💀😔🕳️😭⚠️,💀⚠️🔪😭🕳️,💀🕳️😭⚠️🩸,😰⚠️😔💔🏥,💀🔪😭⚠️",1
378,"💀⚠️🔪😭🕳️,💀🕳️😭⚠️🩸,😰⚠️💀,💀🔪😭⚠️,💀😭🔪⚠️🕳️",0
378,"💀🕳️😭⚠️,😰⚠️😔🏥💔,💀🔪😭⚠️,💀😭🔪⚠️🕳️,😔💔😞🕳️⚠️",1
378,"😰⚠️💀,💀🔪😭⚠️,💀😭🔪⚠️🕳️,😔💔😞🕳️⚠️,💀⚠️😭😖",0
378,"💀🔪😭⚠️,💀😭🔪⚠️🕳️,😔💔😞🕳️⚠️,💀⚠️😭😖,💀🕳️😭⚠️",0
378,"💀😭🔪⚠️🕳️,😔💔😞🕳️⚠️,💀⚠️😭😖,💀🕳️😭⚠️,😰💀",1
378,"😔💔😞🕳️⚠️,💀⚠️😭😖,💀🕳️😭⚠️,😰💀,💀🕳️⚠️😭🔪",1
378,"💀🕳️😭⚠️,💀🕳️😭⚠️,😰💀,💀⚠️🕳️😭🔪,💀⚠️🕳️😭🚨",1
378,"💀🕳️😭⚠️,😰💀,💀🕳️⚠️😭🔪,💀⚠️🕳️😭🚨,💀🕳️🚨😭⚠️",1
378,"😰💀,💀⚠️🕳️😭🔪,💀⚠️🕳️😭🚨,💀🕳️⚠️😭🔪,💀🔪⚠️😭💔",1
378,"💀🕳️⚠️😭🔪,💀⚠️🕳️😭🚨,💀🕳️🚨😭⚠️,💀🔪⚠️😭💔,💀😭⚠️😔💔",2
378,"💀⚠️🕳️😭🚨,💀🕳️⚠️😭🔪,💀🔪⚠️😭💔,💀😭🕳️⚠️😔,💀🕳️⚠️😭🔪",0
378,"💀🕳️⚠️😭🔪,💀🔪⚠️😭💔,💀😭⚠️😔💔,💀🕳️⚠️😭🔪,😭💔😔⚠️🕳️",0
378,"💀🔪⚠️😭💔,💀😭⚠️🕳️😔,💀🕳️⚠️😭🔪,😭💔😔⚠️🕳️,💀🔪⚠️😭",1
378,"💀😭⚠️💔😔,💀🕳️⚠️😭💊,😭💔😔🕳️⚠️,💀🔪⚠️😭,💀😭😞⚠️🕳️",1
378,"💀🕳️⚠️😭🔪,😭💔😔⚠️🕳️,💀🔪⚠️😭,💀😭😞⚠️🕳️,💀😰🔪⚠️😭",1
378,"😭💔😔⚠️🕳️,💀🔪⚠️😭,💀😭⚠️🕳️😔,💀😰🔪⚠️😭,💀🔪⚠️😭🕳️",1
378,"💀🔪⚠️😭,💀😭🕳️⚠️😔,💀😰🔪⚠️😭,💀🔪⚠️😭🕳️,💀😭🕳️⚠️🔪",0
378,"💀😭😞⚠️🕳️,💀😰🔪⚠️😭,💀🔪😰⚠️,💀😭🕳️⚠️🔪,😭💔😔⚠️🕳️",1
378,"💀😰🔪⚠️😭,💀🔪⚠️😭🕳️,💀😭🕳️⚠️🔪,😭💔😔⚠️🕳️,💀🕳️😭⚠️🔪",0
378,"💀🔪⚠️😭🕳️,💀😭🕳️⚠️🔪,😭💔😔⚠️🕳️,💀🕳️😭⚠️🔪,😰🕳️",1
379,"💀⚠️🕳️🔪,💀😭🕳️⚠️,😔💔😢,💀🕳️😭😔⚠️,💀😰🕳️⚠️😭",0
379,"💀😭🕳️🚨,😔💔🕳️,💀🕳️😭😔💔,💀😰🕳️😭⚠️,💀🔪😭⚠️",0
379,"😔💔🕳️,💀🕳️😭😔💔,💀😰🕳️⚠️😭,💀🔪😭⚠️,😔💔😢",0
379,"💀🕳️😭😔💔,💀😰🕳️😭⚠️,💀🔪😭⚠️,😔💔😞,💀😔🕳️😭⚠️",1
379,"💀😰🕳️😭⚠️,💀🔪😭⚠️,😔💔😢,💀😔🕳️😭⚠️,💀🕳️😭😔⚠️",0
379,"💀🔪😭⚠️,😔💔😢,💀😔🕳️😭⚠️,💀🕳️😭😔⚠️,😔💔😢",0
379,"😔💔😢,💀😔🕳️😭⚠️,💀🕳️😭😔⚠️,😔💔😢,😔💔😢",0
379,"💀😔🕳️😭⚠️,💀🕳️😭⚠️😔,😔💔😢,😔💔😢,😔💔😢😞🕳️",0
379,"💀🕳️😭😔⚠️,😔💔😢,😔💔😢,😔💔😢😞🕳️,😔💔😡",1
380,"💀⚠️🕳️😭,😔💔😭⚠️🕳️,💀⚠️😭🕳️,💀💊⚠️😭🕳️,💀🩸😭⚠️",3
380,"😔💔😭⚠️🕳️,💀🕳️😭🚨,💀💊⚠️😭🕳️,💀🩸😭⚠️,💀🔪🕳️😭",0
380,"💀⚠️😭🕳️,💀💊⚠️🕳️😭,💀🩸😭⚠️,💀🔪🕳️😭,💀🕳️⚠️😭🚨",1
380,"💀💊⚠️😭🕳️,💀🩸🔪😭,💀🔪🕳️😭,💀🕳️⚠️😭🚨,💀🕳️😰😭⚠️",2
380,💀🔪⚠️🕳️😭,1
380,💀🕳️😭⚠️🔪,3
381,"💊😰😭🕳️⚠️,💊😰⚠️💀🕳️,💀💊😭🕳️⚠️,💀💊😭🕳️,💀💊😭🕳️⚠️",1
381,"💊😰⚠️💀🕳️,💀🕳️😭💊⚠️,💀💊😭🕳️,💀💊😭🕳️⚠️,💀😰🕳️😭⚠️",1
381,"💀🕳️😭💊⚠️,💀💊😭🕳️,💀💊😭🕳️⚠️,💀😰🕳️😭⚠️,💀🕳️😭⚠️",0
381,"💀💊😭🕳️,💀💊😭🕳️⚠️,💀😰🕳️😭⚠️,💀🕳️😭⚠️,💀🕳️😭😰⚠️",0
381,"💀💊😭🕳️⚠️,💀😰🕳️😭⚠️,💀🕳️😭⚠️,💀😭🕳️⚠️😔,💀🕳️😭⚠️😔",0
381,"💀😰🕳️😭⚠️,💀🕳️😭⚠️,💀😭🕳️⚠️😔,💀🕳️😭⚠️😔,💀🕳️😭⚠️😖",1
381,"💀🕳️😭⚠️,😭💔😔⚠️🕳️,💀🕳️😭⚠️😔,💀🕳️😭⚠️😖,💀🕳️😭⚠️",0
381,"💀😭🕳️⚠️😔,💀🕳️😭⚠️😔,💀🕳️😭⚠️,💀🕳️😭⚠️,😭💔😔🕳️⚠️",0
382,"💀🕳️😭🔪⚠️,💀🕳️😭⚠️🔪,😔😞😩,😔💔😢,😔💔😞",0
383,"💀😭⚠️😔💔,💀🕳️⚠️😭🚨,💀🔪⚠️😭🕳️,💀🕳️😭⚠️,💀⚠️🕳️😭",0
383,"💀🕳️⚠️😭🧠,💀🔪⚠️😭🕳️,💀🕳️😭⚠️,💀⚠️🕳️😭,💀😔🕳️😭⚠️",1
383,"💀🔪⚠️😭🕳️,💀🕳️😭⚠️,💀⚠️🕳️😭,💀😔🕳️😭⚠️,💀😭⚠️🕳️🔪",0
383,"💀🕳️😭⚠️,💀⚠️🕳️😭,💀😔🕳️😭⚠️,💀😭⚠️🕳️🔪,💀😰🕳️😭⚠️",1
383,"💀⚠️🕳️😭,💀😔🕳️😭⚠️,💀😭⚠️🕳️🔪,💀😰🕳️😭⚠️,💀🕳️😭⚠️",1
383,"💀😔🕳️😭⚠️,💀😭⚠️🕳️🔪,💀😰🕳️😭⚠️,💀🕳️😭⚠️,💀🕳️😭⚠️🚨",0
383,"💀😭⚠️🕳️🔪,💀😰🕳️😭⚠️,💀🕳️😭⚠️,💀🕳️😭⚠️😰,💀⚠️🕳️😭🚨",1
383,"💀🕳️😭⚠️,💀🕳️😭⚠️,💀🕳️😭⚠️🚨,💀⚠️🕳️😭🚨,💀🔪🕳️😭",0
383,"💀🕳️😭⚠️,💀🕳️😭⚠️😰,💀⚠️🕳️😭🚨,💀🔪🕳️😭,😔💔😢😞⚠️",1
383,"💀🕳️😭⚠️😖,💀⚠️🕳️😭,💀🔪🕳️😭,😔💔😢😞⚠️,💀⚠️😰😔✨",1
383,"💀⚠️🕳️😭,💀🔪🕳️😭,😔💔😞⚠️🕳️,💀⚠️😭😔✨,💀⚠️😭😔💪",1
383,"💀🔪🕳️😭,😔💔😞⚠️🕳️,💀⚠️😰😔✨,💀⚠️😭😔💔,💀🕳️⚠️😭💊",0
383,"😔💔😞⚠️🕳️,💀⚠️😰😔✨,💀⚠️😭😔💪,💀🕳️⚠️😭💊,😔💔😞🕳️⚠️",1
383,"💀⚠️😰😔✨,💀⚠️😭😔💪,💀🕳️⚠️😭💊,😔💔😞🕳️⚠️,💀🕳️⚠️🔪📝",0
383,"💀⚠️😭😔💔,💀🕳️⚠️😭💊,😔💔😞🕳️⚠️,💀🕳️⚠️🔪📝,💀😰🕳️😭⚠️",1
383,"💀🕳️⚠️😭💊,😔💔😞🕳️⚠️,💀🕳️⚠️🔪📝,💀🕳️😭⚠️,💀🕳️😭⚠️😖",1
383,"😔💔😞🕳️⚠️,💀🕳️⚠️🔪📝,💀😰🕳️😭⚠️,💀🕳️😭⚠️😖,💀🔪🚨🕳️",0
383,"💀🕳️⚠️🔪📝,💀🕳️😭😔⚠️,💀🕳️😭⚠️😖,💀🔪🚨😭🕳️,😔💔😞⚠️",0
383,"💀😰🕳️😭⚠️,💀🕳️😭⚠️😖,💀🔪🚨🕳️,💀😔🕳️💔😭,💀🕳️⚠️😭🔪",1
383,"💀🕳️😭⚠️😖,💀🔪🚨🕳️,😔💔😞⚠️🕳️,💀🕳️⚠️😭🔪,💀⚠️🕳️😭",0
383,"💀🔪🚨🕳️,😔💔😞⚠️🕳️,💀🕳️⚠️😭🔪,💀⚠️🕳️😭😰,😔💔😞🕳️⚠️",1
383,"😔💔😞⚠️🕳️,💀🕳️⚠️😭🔪,💀⚠️🕳️😭,😔💔😞🕳️⚠️,💀🕳️😭😞⚠️",0
383,"💀🕳️⚠️😭🔪,💀⚠️🕳️😭😔,😔💔😞🕳️⚠️,💀🕳️😭⚠️😔,💀📝📅🕳️🚨",1
383,"💀⚠️🕳️😭,😔💔😞🕳️😭,💀🕳️😭😞⚠️,💀📝⚠️🕳️😭,💀🕳️😭😔⚠️",0
383,"😔💔😞🕳️⚠️,💀🕳️😭😞⚠️,💀📝⚠️🕳️😭,💀🕳️😭😔⚠️,💀🕳️😭⚠️",0
383,"💀🕳️😭⚠️😔,💀📝⏳🕳️🚨,💀🕳️😭😔⚠️,💀🕳️😭⚠️,😔💔🕳️😭⚠️",1
383,"💀📝⏳🕳️😭,💀🕳️😭😔⚠️,💀🕳️😭⚠️,😔💔🕳️😭⚠️,💀🕳️😭⚠️😔",2
383,"💀🕳️😭😔⚠️,💀🕳️😭⚠️,😔💔🕳️😭⚠️,💀🕳️😭⚠️😔,💀⚠️🕳️🔪",2
383,"💀🕳️😭⚠️,😔💔🕳️😭⚠️,💀🕳️😭⚠️😔,💀⚠️🔪📄,💀🔪🚨⚠️🕳️",0
383,"😔💔🕳️😭⚠️,💀🕳️😭⚠️😔,💀⚠️🔪📄,💀🔪🚨⚠️🕳️,💀🕳️😭⚠️😔",1
383,"💀🕳️😭⚠️😔,💀⚠️🕳️🔪,💀🔪🚨⚠️🕳️,💀🕳️😭⚠️😔,💀😭🕳️⚠️😔",0
383,"💀⚠️🔪📄,💀🔫🚨⚠️🕳️,💀🕳️😭⚠️😔,💀😭🕳️⚠️😔,💀⚠️🕳️😭🔪",1
383,"💀🔪🚨⚠️🕳️,💀🕳️😭⚠️😔,💀😭🕳️⚠️😔,💀⚠️🕳️😭🔪,💀🕳️😭⚠️😔",1
383,"💀🕳️😭⚠️😔,💀😭🕳️⚠️😔,💀⚠️🕳️😭🔪,💀🕳️😭⚠️😔,💀⚠️🕳️😰🚨",0
383,"💀😭🕳️⚠️😔,💀⚠️🕳️😭🔪,💀🕳️😭⚠️😔,💀⚠️🕳️😭🚨,😔💔😞🕳️😭",1
383,"💀⚠️🕳️😭🔪,💀🕳️😭⚠️😔,💀⚠️🕳️😰🚨,😔💔😞🕳️😭,💀🕳️😰😔💊",0
383,"💀🕳️😭⚠️😔,💀⚠️🕳️😰🚨,😔💔😞🕳️😭,💀🕳️😰😔💊,😭💔⚠️",3
383,"💀⚠️🕳️😰🚨,😔💔😞🕳️😭,💀🕳️😰😔💊,😭💔😔,💀🕳️🚨😭⚠️",1
383,"😔💔😞🕳️😭,💀🕳️😰😔💊,😭💔⚠️,💀🕳️🚨😭⚠️,💀🕳️😭⚠️🚨",1
383,"💀🕳️😰😔💊,😭💔⚠️,💀🕳️🚨😭⚠️,💀🕳️⚠️😭🚨,💀🕳️😭😔⚠️",1
383,"😭💔⚠️,💀🕳️🚨😭⚠️,💀⚠️🕳️😭,💀🕳️😭😔⚠️,💀🕳️😭⚠️😔",2
383,"💀🕳️🚨😭⚠️,💀🕳️😭⚠️🚨,💀🕳️😭😔⚠️,💀🕳️😭⚠️😔,💀🕳️⚠️😭🔪",1
383,"💀🕳️⚠️😭🚨,💀🕳️😭😔⚠️,💀🕳️😭⚠️😔,💀🕳️⚠️😭🔪,💀🕳️😰⚠️😭",2
383,"💀🕳️😭😔⚠️,💀🕳️😭⚠️😔,💀🕳️⚠️😭🔪,💀🕳️⚠️😭🔪,💀🔪🚨⚠️🕳️",1
383,"💀🕳️😭⚠️😔,💀🕳️⚠️😭🔪,💀🕳️⚠️😭🔪,💀🔪🚨⚠️🕳️,💀🔫⚠️🕳️😰",0
383,"💀🕳️⚠️😭🔪,💀🕳️😰⚠️😭,💀🔪🚨⚰️⚠️,💀🔫⚠️🕳️😰,💀😔🕳️⚠️😭",1
383,"💀🕳️😰⚠️😭,💀🔪🚨⚠️🕳️,💀🔫⚠️🕳️😰,💀😔🕳️⚠️😭,💀🕳️😭⚠️",2
383,"💀🔪🚨⚠️🕳️,💀🔫⚠️🕳️😰,💀😔🕳️⚠️😭,💀🕳️😭⚠️,💀🚨⚠️🔫😭",1
383,"💀🔫⚠️🕳️😰,💀😔🕳️😭⚠️,💀🕳️⚠️😭,💀🚨⚠️🔫😭,💀🕳️😭⚠️",2
383,"💀😔🕳️⚠️😭,💀🕳️⚠️😭,💀🚨⚠️🔫😭,💀🕳️😭⚠️,💀🕳️⚠️🔪📅",1
383,"💀🕳️⚠️😭,💀🚨🔫⏳🕳️,💀🕳️😭⚠️,💀🕳️⚠️🔪📅,💀😭⚠️🕳️🔪",1
383,"💀🚨⚠️🔫😭,💀🕳️😭⚠️,💀🕳️⚠️🔪📅,💀😭⚠️🕳️🔪,💀🕳️⚠️😭🌑",0
383,"💀🕳️😭⚠️,💀🕳️⚠️🔪📅,💀😭⚠️🕳️🔪,💀🕳️⚠️😭🌑,💀😔🕳️😭⚠️",2
383,"💀🕳️⚠️🔪📅,💀🔪🕳️😭,💀🕳️⚠️😭🌑,💀😔🕳️😭⚠️,💀🕳️⚠️😭🔪",1
383,"💀😭⚠️🕳️🔪,💀🕳️⚠️😭🌑,💀😔🕳️😭⚠️,💀🕳️⚠️😭🔪,💀🕳️😰⚠️😭",2
383,"💀🕳️⚠️😭🌑,💀😔🕳️😭⚠️,💀🕳️⚠️😭🔪,💀🕳️😰⚠️😭,💀🕳️⚠️😭🔪",1
383,"💀🕳️😭😔⚠️,💀🕳️⚠️😭🔪,💀🕳️😰⚠️😭,💀🕳️⚠️😭🔪,💀🕳️😭⚠️🔪",2
383,"💀🕳️⚠️😭🔪,💀🕳️😰⚠️😭,💀🕳️⚠️😭🔪,💀🕳️😭⚠️🔪,💀🕳️⚠️😭🔪",2
383,"💀🕳️😰⚠️😭,💀🕳️⚠️😭🔪,💀🕳️😭⚠️🔪,💀🕳️⚠️😭🔪,💀⚠️🪦😰🔪",1
383,"💀🕳️⚠️😭🔪,💀🕳️⚠️😭🔪,💀🕳️⚠️😭🔪,💀⚠️🪦😰🔪,💀🕳️😭😞⚠️",1
383,"💀⚠️🕳️😭🔪,💀🕳️⚠️😭🔪,💀⚠️🪦😰🕳️,💀🕳️😭😰⚠️,💀😭😔⚠️🕳️",1
383,"💀🕳️⚠️😭🚨,💀⚠️🪦😰🕳️,💀🕳️😭😞⚠️,💀😭😔⚠️🕳️,💀😔🕳️😭⚠️",1
385,"💀💔🕳️😭⚠️,💀😰🕳️😭⚠️,💀😰🕳️😭⚠️,💀💊😰🕳️😭,💀😰🕳️😭⚠️",1
385,"💀🕳️😭😔⚠️,💀😔🕳️😭⚠️,💀💊😰🕳️😭,💀😰🕳️😭⚠️,💀🕳️😭😔⚠️",0
385,"💀😔🕳️😭⚠️,💀💊😰🕳️😭,💀😰🕳️😭⚠️,💀🕳️😭😔⚠️,💀🕳️😭⚠️",2
385,"💀💊😰🕳️😭,💀😰🕳️😭⚠️,💀🕳️😭😔⚠️,💀🕳️😭⚠️,💀🕳️😭⚠️🩸",1
386,"💀🕳️😭⚠️,💀🔪⚠️🕳️😰,💀🕳️⚠️😭⚰️,💀🔪⚠️🕳️😭,💀⚠️🕳️😭💊",0
386,"💀🔪🕳️⚠️,💀🕳️⚠️😭⚰️,💀🔪⚠️🕳️😭,💀⚠️🕳️😭💊,😔💔🕳️😭⚠️",2
386,"💀🕳️⚠️😭⚰️,💀🔪⚠️🕳️😭,💀🕳️⚠️🔪💊,😔💔🕳️😭⚠️,💀🕳️😭⏰😔",2
386,"💀🔪⚠️🕳️😭,💀⚠️🕳️😭🔪,😔💔🕳️😭⚠️,💀🕳️😭⏰😔,💀🕳️⚠️😭🌑",2
386,"💀⚠️🕳️😭💊,😔💔🕳️😭⚠️,💀🕳️😭⏰😔,💀🕳️⚠️😭🌑,💀🔪⚠️😭🕳️",0
386,"😔💔🕳️😭⚠️,💀🕳️😭⏰😔,💀🕳️⚠️😭🌑,💀🔪⚠️😭🕳️,💀😭🕳️⚠️😔",1
386,"💀🕳️😭⏰😔,💀🕳️⚠️😭🌑,💀🔪⚠️🕳️😭,💀😭🕳️⚠️,💀🕳️😭😞⚠️",0
386,"💀🕳️⚠️😭🌑,💀🔪⚠️🕳️😭,💀😭🕳️⚠️,💀🕳️😭😰⚠️,💀⚠️🔫😰🕳️",1
386,"💀🕳️🔪😭⚠️,💀😭🕳️⚠️,💀🕳️😭😰⚠️,💀⚠️🔫😰🕳️,💀🕳️⚠️😭",0
386,"💀😭🕳️⚠️😔,💀🕳️😭😰⚠️,💀⚠️🔫😰🕳️,💀🕳️⚠️😭,😭😔🕳️⚠️",1
386,"💀🕳️😭😰⚠️,💀⚠️🔫😰🕳️,💀🕳️⚠️😭,💀🕳️😭⚠️,💀🕳️⚠️😭😔",1
386,"💀⚠️🔫⏳😰,💀🕳️⚠️😭,💀🕳️😭⚠️,💀🕳️⚠️😭😔,💀🕳️⚠️😭⚰️",0
386,"💀🕳️⚠️😭,😭😰🕳️⚠️😔,💀🕳️⚠️😭😔,💀🕳️⚠️😭⚰️,😔💔😢",0
387,"💀😭🕳️😔,💀🕳️😭⚠️🚨,💀⚠️🕳️😭,💀🕳️⚠️😭🌑,💀😭🕳️⚠️😔",1
387,"💀🕳️😭⚠️🚨,💀⚠️🕳️😭🚨,💀⚠️😰🕳️😭,💀😭🕳️⚠️😔,💀😰🕳️😭⚠️",1
387,"💀⚠️🕳️😭🚨,💀⚠️😰🕳️😭,💀🕳️😭⚠️😔,💀😰🕳️😭⚠️,💀😭⚠️🕳️🔪",0
388,"💀😰🕳️😭⚠️,💀🚨🔪😭⚠️,💀🕳️😭⚠️,💀🕳️😰😔💔,🕳️😭😰😔💔",0
388,"💀🔪🚨⚰️😭,💀🕳️😭⚠️,💀🕳️😰😔💔,🕳️😭😰💔😔,💀😭😔🕳️⚠️",1
388,"💀🕳️😭⚠️,💀🕳️😰😔💔,🕳️😭😰💔😔,💀😭🕳️⚠️😔,😭😰🕳️😔",1
389,"💀😭⚠️🕳️,😊😌💪,💀💊🚨😭🕳️,😔💔😢⚠️🕳️,💀😭🕳️⚠️😔",0
389,"😊😌💪,💀💊⚠️😭🕳️,😔💔😢😞⚠️,💀😭🕳️⚠️😔,💀🕳️😭⚠️",1
389,"💀💊⚠️😭🕳️,😔💔😢⚠️,💀😭🕳️⚠️😔,💀🕳️😭⚠️,💀🔫⚠️😭😡",1
389,"😔💔😢⚠️🕳️,💀😭🕳️⚠️😔,💀🕳️😭⚠️,💀🔫⚠️😰😭,💀🕳️😭⚠️",0
389,"💀😭🕳️⚠️😔,💀🕳️😭⚠️,💀🔫⚠️😭😡,💀🕳️😭⚠️😔,💀😰🕳️😭⚠️",0
389,"💀🕳️😭⚠️,💀🔫⚠️😭😡,💀🕳️😭⚠️,💀😭⚠️🕳️,😔💔😭⚠️🕳️",1
389,"💀🔫⚠️😭😡,💀🕳️😭⚠️,💀😰🕳️😭⚠️,😔💔😭⚠️,💀😔😭⚠️",0
389,"💀🕳️😭⚠️😔,💀😰🕳️😭⚠️,😔💔😞⚠️,💀😔😭⚠️,💀⚠️🕳️😭",0
389,"💀😰🕳️😭⚠️,😔💔😭⚠️🕳️,💀😔😭⚠️,💀🕳️😭⚠️,💀🕳️😰😭⚠️",0
389,"😔💔😢⚠️,💀😔🕳️😭⚠️,💀⚠️🕳️😭,💀🕳️😭😔⚠️,💀😭🕳️⚠️",2
389,"💀😔😭⚠️,💀⚠️🕳️😭,💀🕳️😰😭⚠️,💀😰🕳️😭⚠️,💀⚠️🔪😭🌑",0
389,"💀⚠️🕳️😭,💀🕳️😰😭⚠️,💀😰🕳️😭⚠️,💀⚠️🔪😭🌑,😔💔😢⚠️",0
389,"💀🕳️😰😔💔,💀🕳️😭⚠️,💀⚠️🔪😭🌑,😔💔😢⚠️,💀⚠️🕳️😭",0
389,"💀🕳️😭⚠️,💀⚠️🔪😭🚨,😔💔😢⚠️🕳️,💀⚠️🕳️😭,💀🕳️😭🚨",0
389,"💀⚠️🔪😭🕳️,😔💔😢⚠️🕳️,💀⚠️🕳️😭,💀🕳️😭🚨,😊😌💪",0
389,"😔💔😢⚠️🕳️,💀⚠️🕳️😭,💀🕳️😭🚨,😊😌💪,😔💔😢",0
389,"💀⚠️🕳️😭,💀🕳️😭🚨,😊😌💪,😔💔😢,💀🔪🚨😭⚠️",2
389,"💀🕳️😭🚨,😊😌💪,😔💔😢,💀🔪🚨😭⚠️,💀🔪🚨⚰️😭",1
389,"😊😌💪,😔💔😢,💀🔪🚨😭⚠️,💀🔪🚨⚰️😭,💀💊😰🕳️😭",0
389,"😔💔😢,💀🔪🚨😭⚠️,💀🔪🚨⚰️😭,💀💊😰🕳️😭,💀🕳️😭⚠️",0
389,"💀🔪🚨😭⚠️,💀🔪🚨⚰️😭,💀💊😰🕳️😭,💀🕳️😭⚠️,😔🕳️💀",0
389,"💀🔪🚨😭⚠️,💀💊😰🕳️😭,💀🕳️😭⚠️,😔💀🕳️😭,😔💔😢",0
389,"💀💊😰🕳️😭,💀🕳️😭⚠️,😔💀🕳️😭,😔💔😢,💀😭🕳️⚠️😔",0
389,"💀🕳️😭⚠️,😔💀🕳️😭,😔💔😢,💀😭🕳️⚠️😔,😔💔😢😞",0
389,"😔🕳️💀,😔💔😢,💀😭🕳️⚠️😔,😔💔😢😞,😔💔🕳️😭⚠️",0
389,"😔💔😢,💀😭🕳️⚠️😔,😔💔😢😞,😔💔🕳️😭⚠️,💀⚠️🔪🌑",2
389,"💀😭🕳️⚠️😔,😔💔😢😞,😔💔🕳️😭⚠️,💀⚠️🔪🌑,💀⚠️🔪😭",0
389,"😔💔😢😞⚠️,😔💔🕳️😭⚠️,💀⚠️🔪😭🚨,💀⚠️🚨😭🔪,😰🕳️😭⚠️",1
390,"💀🕳️😭⚠️😔,💀😭⚠️🕳️😰,💀🕳️🚨😭⚠️,💀😭😞⚠️🕳️,💀🕳️😭⚠️😔",1
390,"💀😭⚠️🕳️😰,💀🕳️🚨😭⚠️,💀😭😞⚠️🕳️,💀🕳️😭⚠️😔,💀😭⚠️🕳️",1
390,"💀🕳️🚨😭⚠️,💀😭😞⚠️,💀🕳️😭⚠️😔,💀🕳️😭⚠️💔,💀⚠️🕳️😭🚨",0
390,"💀😭😞⚠️,💀🕳️😰😔💔,💀😭⚠️🕳️💔,💀⚠️🕳️😭🚨,💀🕳️😭⚠️",1
390,"💀🕳️😭⚠️😔,💀😭⚠️🕳️,💀🕳️⚠️😭🔪,💀🕳️😭⚠️,💀😔🕳️😭⚠️",1
390,"💀😭⚠️🕳️,💀🕳️⚠️😭🔪,💀🕳️😭⚠️,💀😔🕳️😭⚠️,💀😭⚠️🕳️😔",2
390,"💀🕳️⚠️😭🔪,💀🕳️😭⚠️,💀😔🕳️😭⚠️,💀😭⚠️🕳️😔,💀🔪⚠️🕳️",0
390,"💀🕳️😭⚠️,💀😔🕳️😭⚠️,💀😭⚠️🕳️😔,💀🔪⚠️🕳️,😔😞💔",0
390,"💀😔🕳️😭⚠️,💀😭⚠️🕳️😔,💀🔪🚨⚠️🕳️,😔😞💔,💀⚠️🕳️😭🚨",0
390,"💀😭⚠️🕳️😔,💀🔪🚨⚠️🕳️,😔😞💔,💀⚠️🕳️😭🚨,💀🕳️😭😔⚠️",2
390,"💀🔪🚨⚠️🕳️,😔😞💔,💀⚠️🕳️😭🚨,💀🕳️😭😔⚠️,💀😭💔⚠️🕳️",0
390,"😔😞💔,💀⚠️🕳️😭🚨,💀🕳️😭😔⚠️,💀🕳️😭💔⚠️,😔💔😞😣😖",1
390,"💀⚠️🕳️😭🚨,💀🕳️😭😔⚠️,💀😭🕳️⚠️😔,😔💔😞😣😖,💀⚠️🕳️😭🚨",1
390,"💀🕳️😭😔⚠️,💀😭🕳️💔⚠️,😔💔😞😣😖,💀⚠️🕳️😭🚨,💀🕳️⚠️😭🌑",1
390,"💀😭🕳️⚠️😔,😔💔😞😣😖,💀⚠️🕳️😭🚨,💀🕳️⚠️😭🌑,💀⚠️🕳️😰😔",2
390,"😔💔😞😣😖,💀⚠️🕳️😭🚨,💀🕳️⚠️😭🌑,💀⚠️🕳️😰😔,💀⚡🚨⚠️😭",0
390,"💀⚠️🕳️😭🚨,💀🕳️⚠️😭🌑,💀⚠️🕳️😰😔,💀⚡🚨⚠️😭,💀⚠️😭😔",1
390,"💀🕳️⚠️😭🌑,💀⚠️🕳️😰😔,💀⚡🚨⚠️🕳️,💀⚠️😰🕳️😭,💀🔪⚠️🕳️",0
390,"💀⚠️🕳️😰😔,💀⚡🚨⚠️😭,💀⚠️😰🕳️😭,💀🔪⚠️🕳️,😔💔😢🕳️",0
390,"💀⚡🚨⚠️🕳️,💀⚠️😰😔💔,💀🔪⚠️🕳️,😔💔😢😞,😔💔😞😣😖",1
390,"💀⚠️😰🕳️😭,💀🔪⚠️🕳️,😔💔😢😞🕳️,😔💔😞😣😖,💀😔🕳️😭⚠️",0
390,"💀⚠️🕳️🔪,😔💔😢🕳️,😔💔😞😣😖,💀😔🕳️😭⚠️,😔💔😢😞⚠️",0
390,"😔💔😭⚠️🕳️,😔💔😞😣😖,💀😔🕳️😭⚠️,😔💔😢😞⚠️,😔💔😢😞🕳️",0
390,"😔💔😞😣😖,💀😔🕳️😭⚠️,😔💔😢😞🕳️,😔💔😢🕳️,💀🕳️😭⚠️",0
390,"💀😔🕳️😭⚠️,😔💔😢😞🕳️,😔💔😢😞🕳️,💀🕳️😭⚠️,😔💔😞🕳️⚠️",0
390,"😔💔😢😞🕳️,😔💔😢😞🕳️,💀🕳️😭⚠️,😔💔😞🕳️⚠️,😔😰🕳️⚠️",2
390,"😔💔😢,💀🕳️😭⚠️,😔💔😞🕳️⚠️,😔😰🕳️⚠️,💀😭🔪😔⚠️",1
390,"💀🕳️😭⚠️,😔💔😞🕳️⚠️,😔😰🕳️⚠️,💀😭🔪😔⚠️,💀😔😭⚠️",1
390,"😔💔😢😞🕳️,😔😰🕳️⚠️,💀😭🔪😔⚠️,💀😔😭⚠️,💀⚠️😭🕳️🚨",1
390,"😔😰🕳️⚠️,💀😭🔪😔⚠️,💀😔😭⚠️,💀🕳️😭⚠️🚨,💀🕳️⚠️😭😔",1
390,"💀😭🔪😔⚠️,💀😔😭⚠️,💀⚠️😭🕳️🚨,💀🕳️⚠️😭😔,💀🕳️😭⚠️😔",2
390,"💀😔😭⚠️,💀⚠️😭🕳️😰,💀🕳️⚠️😭😔,💀🕳️😭⚠️😔,💀🕳️⚠️😭🔪",0
390,"💀⚠️😭🕳️🚨,💀🕳️⚠️😭😔,💀🕳️😭⚠️😔,💀🕳️⚠️😭🔪,💀😔🕳️⚠️😭",0
390,"💀🕳️⚠️😭😔,💀🕳️😭⚠️😔,💀🕳️⚠️😭🔪,💀😔🕳️⚠️😭,😔💔😢😞⚠️",1
390,"💀🕳️😭⚠️😔,💀🕳️⚠️😭🔪,💀😔🕳️⚠️😭,😔💔😢😞⚠️,💀😔😭⚠️🕳️",2
390,"💀🕳️⚠️😭🔪,💀😔🕳️⚠️😭,😔💔😢😞⚠️,💀😔😭⚠️🕳️,💀⚠️😭🕳️🚨",2
391,"💀🔪🚨⚠️🔫,💀😔🕳️😭⚠️,💀⚠️🕳️😭🚨,😔😩😞💔😴,💀🕳️⚠️😭🌑",0
391,"💀😔🕳️😭⚠️,💀⚠️🕳️😭🔪,😔😩😞💔😴,💀🕳️😭⚠️🚨,💀😰🕳️😭⚠️",1
391,"💀⚠️🕳️😭🔪,😔😩😞💔😴,💀🕳️😭⚠️🚨,💀😰🕳️😭⚠️,💀🕳️😭⚠️😔",2
391,"😔😩😞💔😴,💀🕳️⚠️😭🌑,💀😰🕳️😭⚠️,💀🕳️😭⚠️😔,💀🔪🚨⚠️🕳️",1
391,"💀🕳️😭⚠️🚨,💀😰🕳️😭⚠️,💀🕳️😭⚠️😔,💀🔫🚨⚠️🕳️,💀🕳️⚠️😭😔",1
391,"💀😰🕳️😭⚠️,💀🕳️😭⚠️😔,💀🔫⚠️🕳️😰,💀🕳️😰❓😔,💀😭🕳️⚠️😔",1
391,"💀🕳️😭⚠️😔,💀🔫⚠️🕳️😰,💀🕳️⚠️😭😔,💀😭🕳️⚠️😔,💀🕳️😭⚠️😖",2
391,"💀⚠️🔫😰🕳️,💀🕳️😰❓😔,💀😭🕳️⚠️😔,💀🕳️😭⚠️😖,💀🕳️🚨😭⚠️",2
391,"💀🕳️😰❓😔,💀😭🕳️⚠️😔,💀🕳️😭⚠️💸,💀🕳️🚨😭⚠️,💀🕳️😭⚠️😔",1
391,"💀😭🕳️⚠️😔,💀🕳️😭⚠️😔,💀🕳️⚠️😭🚨,💀🕳️😭⚠️😔,💀🕳️😭⚠️🩸",1
391,"💀🕳️😭⚠️😔,💀🕳️🚨😭⚠️,💀🕳️😭⚠️😔,💀😴⚠️😭🕳️,💀😭🕳️⚠️😔",2
391,"💀🕳️🚨😭⚠️,💀🕳️😭⚠️😔,💀🕳️😭⚠️🩸,💀😭🕳️⚠️😔,💀🕳️😭⚠️🔪",2
391,"💀🕳️😭⚠️😔,💀🕳️😭⚠️🛏️,💀😭🕳️⚠️😔,💀🕳️😭⚠️🔪,💀💊🚨🕳️😭",2
392,"💀🕳️😭⚠️,💀🔪🚨🕳️😭,💀🕳️😭⚠️😔,💀🕳️🚨😭🔪,💀😭🕳️⚠️😖",1
392,"💀🕳️🚨🔪😭,💀🕳️😭⚠️😔,💀🕳️🚨😭🔪,💀🕳️😭⚠️,💀🕳️😭⚠️🚨",0
393,"💀😭🕳️⚠️😔,💀🕳️😭😔⚠️,💀😭🕳️⚠️😔,💀🕳️😰😔💔,💀🔪🕳️😭⚠️",0
393,"💀🕳️😭😔⚠️,💀😭🕳️⚠️😔,💀🕳️😰😔💔,💀🔪🕳️😭⚠️,💀🕳️😰❓😔",1
393,"💀😭🕳️⚠️😔,💀🕳️😰😔💔,💀🔪🕳️😭⚠️,💀🕳️😰❓😔,💀🕳️😭⚠️😔",0
393,"💀🕳️😰😔💔,💀🔪🕳️😭⚠️,💀🕳️😰❓😔,💀🕳️😭⚠️😔,😔💔😞🕳️💀",0
393,"💀🔪🕳️😭⚠️,💀🕳️⚠️,💀🕳️😭⚠️😔,😔💔😞🕳️💀,😔💔😢✨🙏",0
394,"💀🕳️😭⚠️,💀🕳️😭⚠️😰,💀💊⚠️🕳️🚨,💀🕳️😭⚠️,💀🕳️😭⚠️🩸",0
394,"💀🕳️😭⚠️😖,💀💊⚠️🚨🕳️,💀🕳️😭⚠️,💀🕳️😭⚠️🩸,😔💔😢",0
394,"💀💊⚠️🕳️🚨,💀🕳️😭⚠️,💀🕳️😭⚠️🩸,😔💔😢,💀🕳️😭⚠️😖",0
394,"💀🕳️😭⚠️,💀🕳️😭⚠️🩸,😔💔😢,💀🕳️😭⚠️😖,😔💔😢",0
394,"💀🕳️😭⚠️🩸,😔💔😢,💀🕳️😭⚠️😖,😔💔😢,💀🕳️😭⚠️😔",1
394,"😔💔😢,💀🕳️😭⚠️😖,😔💔😢,💀😔🕳️😭⚠️,💀😭🕳️⚠️😔",0
394,"💀🕳️😭⚠️😖,😔💔😢,💀🕳️😭⚠️😔,💀😭🕳️⚠️💔,😔💔😢😞⚠️",1
394,"😔💔😢,💀🕳️😭⚠️😔,💀😭🕳️⚠️,😔💔😢😞⚠️,💀😭🕳️⚠️😩",1
394,"💀🕳️😭⚠️😔,💀😭🕳️⚠️,😔💔😢😞⚠️,💀😭🕳️⚠️😔,💀🕳️😭😔💔",0
394,"💀😭🕳️⚠️,😔💔😢😞⚠️,💀😭🕳️⚠️😩,💀🕳️😭😔💔,😔💔😞🕳️⚠️",1
394,"😔💔😢😞⚠️,💀😭🕳️⚠️😩,💀🕳️😭😔💔,😔💔😞🕳️⚠️,💀🕳️😭⚠️🌑",1
394,"💀😭🕳️⚠️😔,💀🕳️😭😔💔,😔💔😞🕳️⚠️,💀🕳️😭⚠️🌑,💀😭🕳️⚠️😔",0
394,"💀🕳️😭😔💔,😔💔😞🕳️⚠️,💀🕳️😭⚠️🌑,💀😭🕳️⚠️🙏,😔💔😞🕳️⚠️",0
394,"😔💔😞🕳️⚠️,💀🕳️😭⚠️🌑,💀😭🕳️⚠️🙏,😔💔😞🕳️⚠️,😔💔",1
394,"💀🕳️😭⚠️🌑,💀😭🕳️⚠️🙏,😔💔😞🕳️⚠️,😔💔,💀😭🕳️⚠️😔",1
394,"💀😭🕳️⚠️,😔💔😞🕳️⚠️,😔🕳️,💀😔😭🕳️⚠️,💀🕳️😰😭⚠️",1
394,"😔💔😞🕳️⚠️,😔💔,💀😭🕳️⚠️😔,💀🕳️😰😭⚠️,💀🕳️😭⚠️🌑",0
394,"😔💔,💀😔🕳️😭⚠️,💀🕳️😰😭⚠️,💀🕳️😭⚠️🌑,💀🕳️😭😔⚠️",0
394,"💀🕳️😭😔⚠️,💀🕳️😰😭⚠️,💀🕳️😭⚠️🌑,😔😰🕳️😭⚠️,😔💔😢",0
394,"💀🕳️😰😭⚠️,💀🕳️😭⚠️🌑,💀🕳️😭😔⚠️,😔💔😢,😔💊⚠️",1
394,"💀🕳️😭⚠️🌑,💀😰🕳️😭⚠️,😔💔😢,😔💊⚠️💔😖,💀🕳️😭⚠️🌑",0
394,"💀🕳️😭😔⚠️,😔💔😢,😔💊⚠️😖💔,💀🕳️😭⚠️🌑,😔💊⚠️",1
394,"😔💔😢,😔💊⚠️💔😖,💀🕳️😭⚠️🌑,😔💊⚠️,💀🕳️😭⚠️",0
394,"😔💊⚠️,💀🕳️😭⚠️🌑,😔💊⚠️,💀🕳️😭⚠️,💀⚠️🕳️😭🚨",1
394,"💀🕳️😭⚠️🌑,😔💊⚠️,💀🕳️😭⚠️,💀⚠️🕳️😭🚨,💀🕳️😭😔⚠️",1
394,"😔💊⚠️,💀🕳️😭⚠️,💀⚠️🕳️😭🚨,💀🕳️😭😔⚠️,💀🕳️😭⚠️🌑",1
394,"💀🕳️😭⚠️,💀⚠️🕳️😭🚨,💀🕳️😭😔⚠️,💀🕳️😭🌑,😔💔😢🕳️⚠️",0
395,"💀😭🔪⚠️🕳️,💀🕳️😭😔💔,💀😭🕳️⚠️😖,💀🔪🕳️😭,💀😭🕳️⚠️💔",1
395,"💀🕳️😭😔💔,💀😭🕳️⚠️😖,💀🔪🕳️😭,💀😭🕳️⚠️💔,💀🕳️😭😔⚠️",1
395,"💀😭🕳️⚠️😔,💀🔪🕳️😭,💀😭🕳️⚠️💔,💀🕳️😭😔⚠️,💀🕳️😭💔⚠️",1
395,"💀🔪🕳️😭,💀😭🕳️⚠️,💀🕳️😭😔⚠️,💀🕳️😭💔⚠️,💀🔪😭⚠️",1
395,"💀😭🕳️⚠️💔,💀🕳️😭😔⚠️,💀😭🕳️💔⚠️,💀🔪😭🚨,💀🔫🚨⚠️😭",1
395,"💀🕳️😭😔⚠️,💀😭🕳️💔⚠️,💀🔪😭⚠️,💀🔫🚨⚠️😭,💀🕳️😭😔⚠️",1
395,"💀😭🕳️⚠️😔,💀🔪😭🚨,💀🔫🚨⚠️😭,💀🕳️😭😔⚠️,💀🕳️😭😔💔",0
395,"💀🔪😭⚠️,💀🔫⚠️😰🕳️,💀😔🕳️😭⚠️,💀🕳️😭😔💔,😔💔😢",0
395,"💀🔫⚠️😰🕳️,💀😔🕳️😭⚠️,💀🕳️😭😔💔,😔💔😢,💀😰🕳️😭⚠️",1
395,"💀😭🕳️⚠️😔,💀🕳️😭😔💔,😔💔😢,💀😰🕳️😭⚠️,💀🕳️😭⚠️",0
395,"💀😔🕳️😭⚠️,😔💔😢,💀😰🕳️😭⚠️,💀🕳️😭⚠️,💀🕳️😭⚠️",0
395,"😔💔😢,💀😰🕳️😭⚠️,💀🕳️😭⚠️,💀🕳️😭⚠️,💀😔🕳️😭⚠️",1
395,"💀😰🕳️😭⚠️,💀🕳️😭⚠️,💀🕳️😭⚠️,💀😔🕳️😭⚠️,💀⚠️😰🕳️😭",1
395,"💀🕳️😭⚠️,💀🕳️😭⚠️,💀🕳️😭😔⚠️,💀⚠️😰🕳️😭,💀😭🕳️⚠️😔",1
396,"💀🕳️⚠️😭🔪,💀🕳️⚠️😭🌑,💀😰🕳️😭⚠️,💀🕳️😭⚠️😖,💀😭⚠️🕳️😰",0
396,"💀🕳️😭⚠️🔪,💀😰🕳️😭⚠️,💀🕳️😭⚠️😖,💀😭🕳️⚠️😰,😔😖😭⚠️🕳️",0
396,"💀😰🕳️😭⚠️,💀🕳️😭⚠️😰,💀😭⚠️🕳️😰,😔😖😭⚠️🕳️,💀😰🕳️😭⚠️",1
396,"💀🕳️😭⚠️😰,💀😭⚠️🕳️🔪,😔😖😭😞⚠️,💀😰🕳️😭⚠️,💀🕳️😭⚠️😫",1
396,"💀😭⚠️🕳️😰,😔😖😭⚠️🕳️,💀😰🕳️😭⚠️,💀🕳️😭⚠️🚨,💀😭⚠️😔💔",0
396,"😔😖😩😭⚠️,💀😰🕳️😭⚠️,💀🕳️😭⚠️🚨,💀😭⚠️😔💔,😔💔",0
396,"💀😰🕳️😭⚠️,💀🕳️😭⚠️🚨,💀😭⚠️😔💔,😔💔😢,😔💔😢",1
396,"💀🕳️😭⚠️🚨,💀😭⚠️😔💔,😔💔😢,😔💔😢,😔💔🕳️😭⚠️",0
396,"💀😭⚠️😔💔,😔💔😢,😔💔😢,😔💔🕳️😭⚠️,😭😔💔🕳️",1
396,"😔💔😢,😔💔😢,😔💔😞🕳️💀,😔😢🕳️😭💔,💀😭⚠️🕳️",1
396,"😔💔😢,😔💔🕳️😭⚠️,😔😢🕳️😭💔,💀😭⚠️🕳️,💀🔪😰⚠️",0
396,"💀😔🕳️💔😭,😔😢💔😭🕳️,💀😭⚠️🕳️,💀🔪😰⚠️,😔💔😢😞🕳️",1
396,"😔😢🕳️,💀😭⚠️🕳️,💀🔪😰⚠️,😔💔😢😞🕳️,💀🕳️⚠️😭🔪",0
396,"💀😭⚠️🕳️,💀🔪😰⚠️,😔💔😢😞🕳️,💀🕳️⚠️😭🔪,💀🕳️😭⚠️😔",0
396,"💀🔪😰⚠️,😔💔😢😞😖,💀🕳️⚠️😭🔪,💀🕳️😭⚠️😔,😡🤬💔😔💥",1
396,"😔💔😢😞🕳️,💀🕳️⚠️😭🔪,💀🕳️😭⚠️😔,😡🤬💔😔💥,💀🕳️😭🔪⚠️",1
396,"💀🕳️⚠️😭🔪,💀🕳️😭⚠️😔,😡🤬💔😔💥,💀🕳️😭🔪⚠️,💀😭🕳️⚠️💔",1
396,"💀🕳️😭⚠️😔,😡🤬💔😔💥,💀🕳️😭🔪⚠️,💀😭🕳️⚠️💔,💀😭🕳️⚠️",1
396,"😡🤬💔😔💥,💀🕳️😭🔪⚠️,💀😭🕳️⚠️💔,💀😭🕳️🚨,💀😭🔪🕳️⚠️",1
396,"💀🕳️😭🔪⚠️,💀😭🕳️⚠️💔,💀😭🕳️⚠️,💀🕳️😭🔪⚠️,💀🕳️😭⚠️🌑",0
397,"💀🕳️😭⚠️😰,💀😰🕳️😭⚠️,💀🕳️😭⚠️😖,💀🚨⚠️😭🔪,💀⚠️🕳️🔪💊",1
397,"💀😰🕳️😭⚠️,💀🕳️😭⚠️😖,💀⚠️😭🔪,💀⚠️🕳️😭🔪,😔💔😢⚠️",2
397,"💀🕳️😭⚠️🩸,💀⚠️🚨😭🔪,💀⚠️🕳️🔪💊,💀😔🕳️😭⚠️,💀🕳️🚨😭⚠️",1
397,"💀🔪🚨😭⚠️,💀⚠️🕳️😭🔪,💀😔🕳️😭⚠️,💀🕳️🚨😭⚠️,💀😭😔⚠️",1
397,"💀⚠️🕳️😭🔪,💀😔🕳️😭⚠️,💀🕳️🚨⚠️😭,💀😭😔⚠️,💀🕳️😰😭⚠️",2
397,"😔💔😢⚠️,💀🕳️🚨⚠️😭,💀😭😔⚠️,💀🕳️😰😭⚠️,💀⚠️😰🕳️😭",0
397,"💀🕳️🚨😭⚠️,💀😭😔⚠️,💀🕳️😰😭⚠️,💀⚠️😰🕳️😭,😔🕳️😞",0
397,"💀😭😔⚠️,💀🕳️😰😭⚠️,💀⚠️😰🕳️😭,😔🕳️😞,😔😞⚠️",0
397,"💀🕳️😰😭⚠️,💀⚠️😰🕳️😭,😔🕳️😞,😔😞😩,😔😞😩💔⚠️",1
397,"💀⚠️😰🕳️😭,😔🕳️😞,😔😞⚠️,😔😞😩💔⚠️,💀⚠️😰😔🕳️",1
397,"😔🕳️😞,😔😞😩,😔😞😩⚠️,💀⚠️😰😔🕳️,💀⚠️🕳️😭",1
397,"😔😞😩,😔😞😩💔⚠️,💀⚠️😰😔🕳️,💀⚠️🕳️😭🚨,💀⚠️🔪😭🚨",1
397,"😔😞😩💔⚠️,💀⚠️😰😔🕳️,💀⚠️🕳️😭🚨,💀⚠️🔪😭🚨,💀🕳️⚠️😭🔪",1
397,"💀⚠️😰😔🕳️,💀🔪🚨😭⚠️,💀⚠️🔪😰🕳️,💀🕳️⚠️😭🔪,💀😰⚠️🕳️😭",0
397,"💀⚠️🕳️😭🚨,💀⚠️🔪😭🚨,💀🕳️⚠️😭🔪,💀😰⚠️🕳️😭,💀😔🕳️😭⚠️",0
397,"💀⚠️🔪😭🚨,💀🕳️⚠️😭🔪,💀😰⚠️🕳️😭,😔💔🕳️😭⚠️,😔💔😢",1
397,"💀🕳️⚠️😭🔪,💀😰⚠️🕳️😭,💀😔🕳️😭⚠️,😔💔😢,💀🕳️⚠️😭🌑",1
397,"💀😰⚠️🕳️😭,💀😔🕳️😭⚠️,😔💔😢,💀🕳️⚠️😭🌑,💀😭⚠️🕳️😰",2
397,"💀😔🕳️😭⚠️,😔💔😢⚠️,💀🕳️⚠️😭🌑,💀😭⚠️🕳️😰,💀🕳️⚠️😭🌑",0
397,"😔💔😢,💀🕳️⚠️😭,💀😭⚠️🕳️😰,💀🕳️⚠️😭🌑,💀⚠️🕳️😰",2
397,"💀🕳️⚠️😭🌑,💀😭⚠️🕳️😰,💀🕳️⚠️😭🌑,💀⚠️🕳️😰,💀⚠️😰🕳️🚨",2
397,"💀😭⚠️🕳️😰,💀🕳️⚠️😭🌑,💀⚠️🕳️😰,💀⚠️😰🕳️😭,💀⚠️🕳️😭🔪",0
397,"💀🕳️⚠️😭🌑,💀⚠️🕳️😰,💀⚠️🕳️😭🚨,💀⚠️🕳️😭🔪,💀⚠️🚨🕳️🔪",2
397,"💀⚠️🕳️😰,💀⚠️😰🕳️😭,💀⚠️🕳️😭🔪,💀⚠️🚨🕳️🔪,💀⚠️😰🕳️🚨",0
397,"💀⚠️😰🕳️😭,💀⚠️🕳️😭🔪,💀⚠️🚨🕳️🔪,💀⚠️😰🕳️🚨,💀🚨⚠️🔪😭",2
397,"💀⚠️🕳️😭🔪,💀⚠️🚨🕳️🔪,💀⚠️😰🕳️🚨,💀⚠️🚨😭🔪,💀⚠️🕳️😭🔪",1
397,"💀⚠️🚨🕳️🔪,💀⚠️😰🕳️🚨,💀⚠️🚨😭🔪,💀⚠️🕳️😭🔪,💀🔪😭⚠️",0
399,"💀🔪😭🕳️🚨,💀😭🔪⚠️,💀🕳️😭⚠️😔,💀😭🔪⚠️🕳️,💀😭🕳️⚠️😔",0
399,"💀😭🔪⚠️,💀🕳️😭⚠️😔,💀😭🔪⚠️,💀😭🕳️⚠️😔,💀😭🔪🕳️",0
399,"💀🕳️😭⚠️😔,💀😭🔪⚠️😔,💀😭🕳️⚠️😔,💀😭🔪🕳️,😔💔😞😩⚠️",1
399,"💀😭🔪⚠️😔,💀😭🕳️⚠️😔,💀😭🔪⚠️🕳️,😔💔😞😩⚠️,💀😭🕳️⚠️🔪",1
399,"💀😭🕳️⚠️😔,💀😭🔪🕳️,😔💔😞😩⚠️,💀😭🕳️⚠️🔪,💀🔪😭⚠️",1
399,"💀😭🔪🕳️,😔💔😞😩⚠️,💀😭🕳️⚠️🔪,💀🔪😭⚠️,💀😭🕳️⚠️😔",2
399,"😔💔😞😩⚠️,💀😭🕳️⚠️🔪,💀🔪😭⚠️,💀😭🕳️⚠️😔,💀🔪🩸🕳️😭",1
399,"💀😭🕳️⚠️🔪,💀🔪😭⚠️,💀😭🕳️⚠️😔,💀🔪🩸🕳️😭,💀😔🕳️😭⚠️",0
399,"💀🔪😭⚠️,💀😭🕳️⚠️😔,💀🔪🩸🕳️😭,💀😔🕳️😭⚠️,😔💔😢😞🕳️",1
399,"💀😭🕳️⚠️😔,💀🔪🩸🕳️😭,💀😔🕳️😭⚠️,😔💔😢😞🕳️,💀🕳️😭⚠️",0
399,"💀🔪🩸🕳️😭,💀😔🕳️😭⚠️,😔💔😢😞🕳️,💀🕳️😭⚠️,😔💔😩🕳️⚠️",1
399,"💀😔🕳️😭⚠️,😔💔😢😞🕳️,💀🕳️😭⚠️,💀🕳️😭😔⚠️,💀🕳️😭⚠️💔",0
399,"😔💔😢😞🕳️,💀🕳️😭⚠️,💀🕳️😭😔⚠️,💀🕳️😭⚠️💔,😔💔😢",1
399,"💀🕳️😭⚠️,💀🕳️😭😔⚠️,💀🕳️😭⚠️💔,😔💔😢,💀💔🕳️😭⚠️",0
399,"😔💔😖🕳️⚠️,💀🕳️😭⚠️💔,😔💔😢,💀🕳️😭💔😔,💔😔🕳️😭⚠️",0
399,"💀🕳️😭⚠️💔,😔💔😢,💀🕳️😭💔😔,💔😔🕳️😭⚠️,😔💔😞🕳️⚠️",0
399,"😔💔😢,💀💔🕳️😭⚠️,💔😔🕳️😭⚠️,💀🕳️😭😔💔,😠💥⚠️💀🔪",1
399,"💀🕳️😭💔😔,💔😔🕳️😭⚠️,💀🕳️😭😔💔,😠💥⚠️💀🔪,💀😭😞⚠️🕳️",1
399,"💔😔🕳️😭⚠️,💀🕳️😭😔💔,😠💥⚠️💀🔪,💀😭😞⚠️🕳️,💀😭🕳️⚠️💔",0
401,"💀🕳️😭⚠️🚨,💀🕳️😭⚠️🚨,💀🕳️😭🚨⚠️,💀😔😭⚠️💔,💀🕳️😭😔⚠️",1
401,"💀🕳️😭⚠️🚨,💀🕳️😭⚠️🚨,💀😔🕳️😭⚠️,💀🕳️😭😔💔,😔💔😰🕳️😭",1
402,"💀😔🕳️⚠️😭,💀🕳️😭⚠️😔,💀🕳️⚠️😭,💀⚠️🕳️😭,💀⚠️🕳️💊😰",0
403,"💀🕳️😭⚠️🩸,💀💊😭🕳️⚠️,💀💊🕳️😭🚨,💀💊🚨⚠️🕳️,💀😭🕳️⚠️",1
404,"💀🕳️😭⚠️,💀💊😭🕳️🚨,💀🕳️🚨😭⚠️,💀💊😭🕳️⚠️,💀😭🕳️😰",1
404,"💀💊😭🕳️🚨,💀🕳️😭⚠️⚰️,💀💊😭🕳️⚠️,💀😭🕳️😰,💀🕳️😭🔪⚠️",1
404,"💀🕳️⚠️😭⚰️,💀💊😭🕳️⚠️,💀😭🕳️😰,💀🕳️😭🔪⚠️,💀😭🔪🕳️",0
404,"💀💊😭🕳️⚠️,💀😭🕳️😰,💀🕳️😭🔪⚠️,💀😭🔪🕳️,😭😰⚠️💀🕳️",0
404,"💀😭🕳️😰,💀🕳️😭⚠️,💀😭🔪🕳️,😭😰⚠️💀🕳️,😭💀⚠️",1
404,"💀🕳️😭🔪⚠️,💀😭🔪🕳️,😭😰⚠️💀🕳️,😭😰⚠️💀,💀🕳️😭⚠️😖",1
404,"💀😭🔪🕳️,😭😰⚠️💀🕳️,😭😰⚠️💀,💀🕳️😭⚠️😖,💀😭💊🕳️⚠️",1
404,"😭😰⚠️💀🕳️,😭😰⚠️💀,💀🕳️😭⚠️😖,💀😭💊🕳️⚠️,💀🕳️😭😔💔",1
404,"😭😰⚠️💀,💀🕳️😭⚠️😖,💀😭💊🕳️⚠️,💀🕳️😭😔💔,💀🕳️🚨😭⚠️",1
404,"💀🕳️😭⚠️😖,💀😭💊🕳️⚠️,💀😭🕳️⚠️😔,💀🕳️🚨😭⚠️,💀😭🕳️⚠️😔",1
404,"💀😭💊🕳️⚠️,💀🕳️😭😔⚠️,💀🕳️🚨😭⚠️,💀😭🕳️⚠️😔,💀🕳️😭⚠️",1
404,"💀🕳️😭😔⚠️,💀🕳️🚨😭⚠️,💀😭🕳️⚠️😔,💀🕳️😭⚠️,💀🕳️⚠️😭🌑",1
404,"💀🕳️🚨😭⚠️,💀😭🕳️⚠️😔,💀🕳️😭⚠️,💀🕳️⚠️😭🌑,💀🕳️😭😰",1
404,"💀😭🕳️⚠️😔,💀🕳️⚠️😭,💀🕳️⚠️😭🌑,💀😭🕳️😰,💀🕳️⚠️😭🔪",0
404,"💀🕳️⚠️😭,💀🕳️⚠️😭🌑,💀🕳️😭😰,💀🕳️⚠️😭🔪,💀😭🕳️⚠️😖",1
404,"💀🕳️⚠️😭🌑,💀😭🕳️⚠️😰,💀🕳️⚠️😭💊,💀🕳️😭⚠️😰,💀🕳️😭⚠️🚨",0
404,"💀😭🕳️😰,💀🕳️😭⚠️🚨,💀🕳️😭⚠️😰,💀🕳️😭⚠️🚨,💀🕳️😭⚠️",1
404,"💀🕳️⚠️😭🔪,💀🕳️😭⚠️😰,💀🕳️😭⚠️🚨,💀🕳️😭⚠️,💀😭💔⚠️🕳️",0
404,"💀🕳️😭⚠️😰,💀🕳️😭⚠️🚨,💀⚠️🕳️😭,💀😭💔⚠️🕳️,💀😭🕳️⚠️😔",2
404,"💀🕳️😭⚠️🚨,💀😰🕳️😭⚠️,💀😭🕳️⚠️💔,💀😭🕳️⚠️😔,💀🕳️😭⚠️🍷",1
404,"💀⚠️😭🕳️,💀😭🕳️⚠️💔,💀😰🕳️😭⚠️,💀🕳️🚨😭⚠️,💀🚨🔪😭⚠️",1
404,"💀😭🕳️⚠️💔,💀😰🕳️😭⚠️,💀🕳️🚨😭⚠️,💀🚨😭🔪⚠️,💀😭🕳️⚠️💥",3
404,"💀😰🕳️😭⚠️,💀🕳️🚨😭⚠️,💀🚨🔪😭⚠️,💀😭🕳️⚠️💥,💀💊😰🕳️😭",1
404,"💀🕳️🚨😭⚠️,💀🚨⚠️😭🕳️,💀😭🕳️⚠️😖,💀💊😰🕳️😭,💀🕳️😭⚠️🚨",1
404,"💀🚨😭🔪⚠️,💀😭🕳️⚠️💥,💀💊😰🕳️😭,💀🕳️😭⚠️🚨,💀🕳️😭⚠️😖",1
404,"💀😭🕳️⚠️😖,💀💊😰🕳️😭,💀🕳️😭⚠️🚨,💀🕳️😭⚠️🌑,💀😭⚠️🕳️😰",1
404,"💀💊😰🕳️😭,💀🕳️😭⚠️🚨,💀🕳️😭⚠️😖,💀😭⚠️🕳️😰,💀💊🚨😭🕳️",0
404,"💀🕳️😭⚠️🚨,💀🕳️😭⚠️😖,💀😭⚠️🕳️😖,💀💊🚨😭🕳️,😭😔🕳️⚠️",1
404,"💀🕳️😭⚠️😖,💀😭⚠️🕳️😰,💀💊🚨😭🕳️,😭😔💀⚠️🕳️,💀😭⚠️🕳️💔",3
404,"💀😭⚠️🕳️😖,💀💊🚨😭🕳️,😭😔💀⚠️,💀😭⚠️🕳️💔,💀🕳️⚠️😭🔪",0
404,"💀💊🚨😭🕳️,😭😔💀⚠️,💀😭⚠️🕳️💔,💀🕳️⚠️😭🔪,💀😭🕳️😔",1
404,"😭😔🕳️⚠️,💀😭⚠️🕳️💔,💀🕳️⚠️😭🔪,💀😭🕳️⚠️,💀😭🕳️⚠️😖",1
404,"💀😭⚠️🕳️💔,💀🔪⚠️😭🕳️,💀😭🕳️😔,💀😭🕳️⚠️😖,💀🕳️😭⚠️",3
404,"💀🕳️🔪🚨😭,💀😭🕳️😰,💀😭🕳️⚠️😖,💀🕳️😭⚠️,💀🕳️⚠️😭💊",0
404,"💀😭🕳️😔,💀😭🕳️⚠️😖,💀🕳️😭⚠️,💀🕳️😭🚨💊,💀🕳️😭⚠️😔",0
404,"💀😭🕳️⚠️😖,💀🕳️😭⚠️,💀🕳️😭🚨💊,💀🕳️😭⚠️😔,💀🕳️😭⚠️🔪",1
404,"💀🕳️😭⚠️,💀🕳️⚠️😭💊,💀🕳️😭⚠️😔,💀🕳️😭⚠️😖,💀⚠️😭🕳️🚨",1
404,"💀🕳️⚠️😭💊,💀🕳️😭⚠️😔,💀🕳️😭⚠️😖,💀⚠️😭🕳️,💀😭🕳️⚠️😔",0
404,"💀🕳️😭⚠️😔,💀🕳️😭⚠️🔪,💀⚠️😭🕳️,💀😭🕳️⚠️😔,😔💔😞🕳️😭",0
405,"💀😰🕳️😭⚠️,💀⚠️😰🕳️😭,😔💔😢,💀🕳️😭😔⚠️,💀🕳️⚠️😭",3
405,"💀⚠️😰🕳️😭,😔💔😢,💀🕳️😭😔⚠️,💀🕳️😭⚠️,💀🕳️😭⚠️",1
405,"😔💔😢,💀🕳️😭😔⚠️,💀🕳️😭⚠️,💀🕳️😭⚠️,😭😰⚠️💔😔",1
405,"💀🕳️😭😔⚠️,💀🕳️⚠️😭,💀🕳️😭⚠️,😭😰⚠️💔😔,💀😭⚠️🕳️💔",0
405,"💀🕳️😭⚠️,💀🕳️😭⚠️,😭💔⚠️😔🕳️,💀😭⚠️🕳️💔,💀🩸😭⚠️🕳️",2
405,"💀🕳️😭⚠️💔,😭😰⚠️💔😔,💀😭⚠️🕳️💔,💀🩸😭⚠️🕳️,💀🕳️😭⚠️😔",0
405,"😭😰⚠️💔😔,💀😭⚠️🕳️💔,💀🩸😭⚠️🕳️,💀🕳️😭⚠️🛏️,😔💔😡",1
405,"💀😭⚠️🕳️💔,💀🩸😭⚠️🕳️,💀🕳️😭⚠️😔,😔💔😡,💀🕳️😭⚠️😰",0
405,"💀🩸😭⚠️🕳️,💀🕳️😭⚠️😔,😔💔😡,💀🕳️😭⚠️🚨,💀🔪😭🕳️⚠️",1
405,"💀🕳️😭⚠️😔,😔💔😡,💀🕳️😭⚠️😰,💀🔪😭🕳️⚠️,💀😭⚠️🕳️💊",1
405,"😔💔😡,💀🕳️😭⚠️😰,💀🔪😭🕳️⚠️,💀😭🔪⚠️,💀😭🌑💔⚠️",0
405,"💀🕳️😭⚠️😰,💀🔪😭🕳️⚠️,😭🔪⚠️🕳️💔,💀😭🌑💔⚠️,💀😭⚠️🕳️",1
405,"💀🔪😭🕳️⚠️,💀😭⚠️🕳️💊,💀😭🌑💔⚠️,💀😭⚠️🕳️,💀🕳️🔪😭⚠️",1
405,"💀😭🔪⚠️,💀😭😞🕳️⚠️,💀🕳️😭⚠️,💀🕳️🔪😭⚠️,💀😭🔪💔⚠️",2
405,"💀😭😞🕳️⚠️,💀😭⚠️🕳️,💀🕳️🔪😭⚠️,💀😭🔪⚠️🕳️,💀🔪🚨😭🕳️",3
405,"💀😭⚠️🕳️,💀🕳️🔪😭⚠️,💀😭🔪💔⚠️,💀🔪🚨😭⚠️,💀🔪😭⚠️🕳️",3
406,"💀🕳️😭⚠️🔪,💀🕳️😭⚠️😔,💀🕳️😭😞⚠️,💀🕳️😭⚠️😔,💀😭🙏⚠️🕳️",1
406,"💀🕳️😭⚠️😔,💀🕳️😭😞⚠️,💀🕳️😭⚠️😔,💀😔🙏🕳️⚠️,💀🕳️😭⚠️🌑",2
406,"💀🕳️😭😞⚠️,💀🕳️😭⚠️😔,💀😔🙏🕳️⚠️,💀🕳️😭⚠️😰,💀🔪⚠️😭",2
406,"💀🕳️😭⚠️😔,💀😰🕳️😭⚠️,💀🕳️😭⚠️🌑,💀⚠️🕳️😭,💀😭⚠️🕳️😔",2
406,"💀😭🙏⚠️🕳️,💀🕳️😭⚠️🌑,💀⚠️🕳️😭,💀😭⚠️🕳️,💀🔪🩸😭⚠️",2
406,"💀🕳️😭⚠️🌑,💀⚠️🕳️😭,💀🕳️⚠️😭,💀🔪🩸😭⚠️,💀🔪🩸🚨",2
406,"💀⚠️🕳️😭,💀⚠️🕳️😭,💀🔪🩸😭⚠️,💀🔪🩸🚨⚠️,💀💊⚠️😰🕳️",0
406,"💀⚠️🕳️😭,💀🔪🩸😭⚠️,💀🔪🩸🚨⚠️,💀💊⚠️😰🕳️,💀🕳️😭😔⚠️",2
406,"💀🔪🩸😭⚠️,💀🔪🩸🚨⚠️,💀💊⚠️🕳️,💀🕳️😭😔⚠️,💀🕳️🔪🚨😭",1
406,"💀🔪🩸🚨⚠️,💀💊⚠️😰🕳️,💀🕳️😭😔⚠️,💀🕳️🔪🚨😭,💀😭⚠️🕳️🔪",0
406,"💀💊⚠️😰🕳️,💀🕳️😭😔⚠️,💀🕳️🔪🚨😭,💀😭⚠️🕳️🔪,💀😭🕳️⚠️😔",3
406,"💀🕳️😭😔⚠️,💀🕳️🔪🚨😭,💀😭🕳️⚠️🔪,💀😭🕳️⚠️😔,💀⚠️🕳️😭🔪",1
406,"💀🕳️🔪🚨😭,💀😭⚠️🕳️🔪,💀😭⚠️🕳️😔,💀🕳️⚠️😭🔪,💀🔪🕳️😭",1
407,"💀🕳️😰😔💔,💀💊🕳️😭⚠️,💀🕳️😭😔⚠️,💀🚨⚠️🕳️😰,💀⚠️🕳️😰🚗",0
407,"💊💀🕳️😭⚠️,💀🕳️😭😔⚠️,💀🚨⚠️🕳️😰,💀⚠️🕳️😰🚗,💀🕳️😭😔⚠️",1
407,"💀🕳️😭😔⚠️,💀🚨⚠️🕳️😰,💀⚠️🕳️😰🚗,💀🕳️😭😔⚠️,💀😭⚠️🕳️😔",1
407,"💀🚨⚠️🕳️😰,💀⚠️🕳️😰🚗,💀🕳️😭😔⚠️,💀😭⚠️🕳️😔,💀🕳️😭⚠️😔",0
407,"💀⚠️🕳️😰🚗,💀🕳️😭😔⚠️,💀😭⚠️🕳️😔,💀🕳️😭😔⚠️,💀🕳️😭😞⚠️",0
407,"💀🕳️😭😔⚠️,💀😭⚠️🕳️😔,💀🕳️😭⚠️😔,💀🕳️😭😞⚠️,💀🕳️😰😭⚠️",1
407,"💀😭⚠️🕳️😔,💀🕳️😭⚠️😔,💀🕳️😭😞⚠️,💀🕳️😰😭⚠️,💀🕳️😭😔⚠️",1
407,"💀🕳️😭⚠️😔,💀😭🕳️⚠️😔,💀🕳️😰😭⚠️,💀🕳️😭😔⚠️,💀🕳️😭⚠️😔",1
407,"💀🕳️😭😞⚠️,💀🕳️⚠️😭😰,💀🕳️😭😔💔,💀🕳️😭⚠️😔,💀🕳️😭🔪🚨",0
407,"💀🕳️😰😭⚠️,💀🕳️😭😔⚠️,💀🕳️😭⚠️😔,💀🔪💊🕳️,💀🕳️😭😔⚠️",1
407,"💀🕳️😭😔💔,💀🕳️😭⚠️😔,💀🔪💊🕳️,💀🕳️😭😔⚠️,💀🕳️😭😔⚠️",1
407,"💀🕳️😭⚠️😔,💀🔪💊🕳️,💀🕳️😭😔⚠️,💀🕳️😭😔⚠️,💀😭🕳️⚠️",0
407,"💀🔪💊🕳️,💀🕳️😭😔⚠️,💀😔🕳️😩⚠️,💀😭🕳️⚠️🩸,💀😔🕳️😭⚠️",1
407,"💀🕳️😭😔⚠️,💀😔🕳️😩⚠️,💀😭🕳️⚠️,💀🕳️😭😔💔,💀🕳️😭😔⚠️",1
407,"💀😔🕳️😩⚠️,💀😭🕳️⚠️😖,💀🕳️😭😔💔,💀🕳️😭😔⚠️,💀⚠️🕳️😭🔪",1
407,"💀😭🕳️⚠️,💀😔🕳️😭⚠️,💀🕳️😭😔⚠️,💀🕳️⚠️😭🔪,💀😰🕳️😭⚠️",1
407,"💀🕳️😭😔💔,💀🕳️😭😔⚠️,💀🕳️⚠️😭🔪,💀😰🕳️😭⚠️,💀⚠️🕳️😭🚨",1
407,"💀🕳️😭😔⚠️,💀⚠️🕳️😭🔪,💀😰🕳️😭⚠️,💀⚠️🕳️😭🚨,💀🕳️😭😔⚠️",1
407,"💀⚠️🕳️😭🔪,💀😰🕳️😭⚠️,💀⚠️🕳️😭🚨,💀🕳️😭😔⚠️,💀🕳️😭⚠️😖",1
407,"💀😰🕳️😭⚠️,💀⚠️🕳️😭🚨,💀😭🕳️⚠️😔,💀🕳️😭⚠️😰,💀🕳️😭⚠️🔪",0
407,💀🕳️⚠️😭🔪,0
407,💀🕳️😭⚠️🔪,3
407,💀🕳️⚠️😭🔪,1
407,,2
407,💀🕳️⚠️😭🔪,1
407,"💀🕳️😭⚠️😖,,💀🕳️😭😔⚠️,💀🕳️⚠️😭🚨,💀⚠️🕳️😰🚨",1
407,",💀🕳️😭😔⚠️,💀🕳️⚠️😭🚨,💀⚠️🕳️😰🚨,💀🕳️😭⚠️🔪",1
407,"💀🕳️😭😔⚠️,💀🕳️⚠️😭🚨,💀⚠️🕳️😰🚨,💀🕳️😭⚠️🔪,💀🕳️😭😔⚠️",1
408,"💀😔🕳️😭⚠️,💀😔🕳️😭⚠️,💀🕳️⚠️😭🌑,💀🕳️😭😔💔,💀🕳️😭⚠️😖",1
408,"💀😔🕳️😭⚠️,💀🕳️⚠️😭🌑,💀🕳️😭😔💔,💀🕳️😭⚠️😖,💀🕳️😭⚠️😔",1
408,"💀🕳️⚠️😭🌑,💀🕳️😭😔⚠️,💀🕳️😭⚠️😖,💀🕳️😭⚠️😔,💀😔🕳️😭⚠️",1
408,"💀🕳️😭😔⚠️,💀🕳️😭⚠️😖,💀🕳️😭⚠️😔,💀🕳️😭⚠️😔,💀😔🕳️😭⚠️",0
408,"💀🕳️😭⚠️😖,💀🕳️😭⚠️😔,💀🕳️😭⚠️😔,💀😔🕳️😭⚠️,💀🕳️😭😞⚠️",0
408,"💀🕳️😭⚠️😔,💀😔🕳️😭⚠️,💀😔🕳️😭⚠️,💀🕳️😭😞⚠️,💀😔🕳️😭⚠️",0
408,"💀🕳️😭⚠️😔,💀😔🕳️😭⚠️,💀🕳️😭😞⚠️,😔💔🕳️😭⚠️,💀😔🕳️😭⚠️",1
408,"💀😔🕳️😭⚠️,💀🕳️😭😞⚠️,😔💔🕳️💀⚠️,💀🕳️😭😔⚠️,💀😔🕳️😭⚠️",0
408,"💀🕳️😭😞⚠️,💀😔🕳️😭⚠️,💀🕳️😭😔⚠️,💀😔🕳️😭⚠️,💀😔🕳️😭⚠️",0
408,"💀😔🕳️😭⚠️,💀🕳️😭😔⚠️,💀😔🕳️😭⚠️,💀😔🕳️😭⚠️,😔💔😞🕳️⚠️",0
408,"💀😔🕳️😭⚠️,💀😔🕳️😭⚠️,💀😔🕳️😭⚠️,😔💔😞🕳️⚠️,💀🕳️😭⚠️😔",0
408,"💀😔🕳️😭⚠️,💀🕳️😭😔⚠️,😔💔😞🕳️⚠️,💀🕳️😭⚠️,😔💔😞🕳️⚠️",0
408,"💀😔🕳️😭⚠️,😔💔😞🕳️⚠️,💀🕳️😭⚠️😔,😔💔😞🕳️⚠️,😔💔🕳️",0
408,"😔💔😞🕳️⚠️,💀🕳️😭⚠️,😔💔😞🕳️⚠️,😔💔🕳️,💀🕳️😭😔💔",0
408,"💀🕳️😭⚠️,😔💔😞🕳️⚠️,😔💔🕳️😭⚠️,💀😔🕳️😭⚠️,💀🕳️😭😞⚠️",0
408,"😔💔😞🕳️⚠️,😔💔🕳️😭⚠️,💀🕳️😭😔💔,💀🕳️😭😞⚠️,💀🕳️😭😔💔",0
408,"😔💔🕳️😭⚠️,💀😔🕳️😭⚠️,💀🕳️😭😞⚠️,💀😔🕳️😭⚠️,😔💔😰🕳️⚠️",0
408,"💀🕳️😭😔💔,💀🕳️😭😞⚠️,💀😔🕳️😭⚠️,😔💔😞🕳️⚠️,😔💔😰🕳️⚠️",0
408,"💀🕳️😭😞⚠️,💀😔🕳️😭⚠️,😔💔😰🕳️⚠️,😔💔😰🕳️⚠️,😔💔😞🕳️⚠️",0
408,"💀😔🕳️😭⚠️,😔💔😰🕳️⚠️,😔💔😰🕳️⚠️,😔💔😰🕳️⚠️,💀😔💔🕳️😭",0
408,"😔💔😞🕳️⚠️,😔💔😰🕳️⚠️,😔💔😞🕳️⚠️,💀😔💔🕳️😭,💀🕳️😭⚠️💸",0
408,"😔💔😰🕳️⚠️,😔💔😰🕳️💀,💀😔💔🕳️😭,💀🕳️😭⚠️💸,💀🕳️😭💸⚠️",0
408,"😔💔😰🕳️⚠️,💀😔💔🕳️😭,💀🕳️😭💸😔,💀🕳️😭💸⚠️,💀🕳️😭💸⚠️",0
408,"💀😔💔🕳️😭,💀🕳️😭💸😔,💀🕳️😭💸⚠️,💀🕳️😭💸⚠️,💀🕳️😭⚠️😔",2
408,"💀🕳️😭💸😔,💀🕳️😭💸⚠️,💀🕳️😭💸⚠️,💀🕳️😭⚠️😔,💀🕳️😭⚠️💊",1
408,"💀🕳️😭💸⚠️,💀🕳️😭💸⚠️,💀🕳️😭⚠️😔,💀🕳️😭⚠️💊,💀🕳️😭⚠️",0
408,"💀🕳️😭💸⚠️,💀🕳️😭⚠️😔,💀🕳️😭⚠️💊,💀🕳️😭⚠️,😔💔😭😞🕳️",1
408,"💀🕳️😭😔⚠️,💀🕳️😭⚠️💊,💀🕳️😭⚠️,😔💔😞🕳️⚠️,💀😔🕳️😭⚠️",1
408,"💀🕳️😭⚠️💊,💀🕳️😭⚠️,😔💔😞🕳️⚠️,💀😔🕳️😭⚠️,💀🕳️😭⚠️😔",0
408,"💀🕳️😭⚠️,😔💔😭😞🕳️,💀😔🕳️😭⚠️,💀🕳️😭⚠️😔,😔💔😩🕳️⚠️",1
408,"😔💔😞🕳️⚠️,💀😔🕳️😭⚠️,💀🕳️😭⚠️😔,😔💔😩🕳️⚠️,💀🕳️😭⚠️😔",1
408,"💀😔🕳️😭⚠️,💀🕳️😭⚠️😔,😔💔😩🕳️⚠️,💀🕳️😰😭⚠️,💀🕳️😭⚠️😔",0
408,"💀🕳️😭⚠️😔,😔💔😩🕳️⚠️,💀🕳️😭⚠️😔,💀🕳️😭⚠️😔,😔💔😢🕳️⚠️",0
408,"😔💔😩🕳️⚠️,💀🕳️😭⚠️😔,💀🕳️😭⚠️😔,😔💔😢🕳️⚠️,😔💔😞🕳️⚠️",0
408,"💀🕳️😭⚠️😔,💀🕳️😭😞⚠️,😔💔😢🕳️⚠️,😔💔😢🕳️⚠️,😔💔😖🕳️⚠️",0
408,"💀🕳️😭😞⚠️,😔💔😢🕳️⚠️,😔💔😞🕳️⚠️,😔💔😖🕳️⚠️,💀😔🕳️😭⚠️",0
408,"😔💔😢🕳️⚠️,😔💔😞🕳️⚠️,😔💔😖🕳️⚠️,💀😔🕳️😭⚠️,💀🕳️😭😔⚠️",0
412,"💀🕳️😭😔⚠️,💀💊🕳️😭,💀💊🚨⚠️🕳️,💀🚗⚠️😰🕳️,💀😰🕳️😭",3
413,"💀🕳️😭⚠️😔,💀💊🔪🚨😭,💀💊🚨⚠️😭,💀💊🚨😭🕳️,💀🕳️⚠️😭🧠",3
413,"💀💊🔪🚨😭,💀💊🚨⚠️🕳️,💀💊🚨😭🕳️,💀🕳️⚠️😭😰,💀🕳️🔪🚨😭",1
413,"💀💊🚨⚠️🕳️,💀💊🚨😭🕳️,💀🕳️⚠️😭😰,💀🕳️🔪🚨😭,💀💊😭🚨🕳️",1
413,"💀💊🚨😭🕳️,💀🕳️⚠️😭🧠,💀🕳️🔪🚨😭,💀💊😭🚨🕳️,💀🕳️😭⚠️😰",2
413,"💀🕳️⚠️😭🧠,💀🕳️🔪🚨😭,💀💊😭🚨⚠️,💀🕳️😭⚠️😰,💀🔪🚨😭🕳️",1
413,"💀🕳️🔪🚨😭,💀💊😭🚨⚠️,💀🕳️😭⚠️🩸,💀⚠️😭🕳️,💀😔💊⚠️😭",1
413,"💀💊😭🚨⚠️,💀🕳️😭⚠️😰,💀🔪🚨😭🕳️,💀😔💊⚠️😭,💀💔😭⚠️🕳️",1
413,"💀🕳️😭⚠️🩸,💀🔪⚠️😭🕳️,💀😔😭⚠️🕳️,💀💔😭⚠️🕳️,💀🕳️😭🔪🚨",1
413,"💀🔪🚨😭🕳️,💀😔😭⚠️💊,💀💔😭⚠️🕳️,💀🕳️😭🔪🚨,💀🕳️😰⚠️😭",1
413,"💀😔😭⚠️💊,💀💔😭⚠️🕳️,💀🔪🚨⚰️😭,💀🕳️😰⚠️😭,💀🕳️😰⚠️😭",1
413,"💀💔😭⚠️🕳️,💀🕳️😭🔪🚨,💀🕳️😰⚠️😭,💀🕳️😰⚠️😭,💀⚠️🕳️😭🩸",1
413,"💀🕳️😭🔪🚨,💀🕳️😰⚠️😭,💀🕳️😰⚠️😭,💀🕳️⚠️😭🩸,💀🕳️😭⚠️🩸",1
413,"💀🕳️😰⚠️😭,💀🕳️😰⚠️😭,💀⚠️🕳️😭🩸,💀🕳️😭⚠️🩸,💀🕳️😭🚨🕯️",0
413,"💀🕳️😰⚠️😭,💀⚠️🕳️😭😔,💀🕳️😭⚠️🩸,💀🕳️😭⚠️🚨,",1
413,"💀🕳️⚠️😭😔,💀🕳️😭⚠️🩸,💀🕳️😭⚠️🚨,,💀🕳️😭⚠️😔",1
413,"💀🕳️😭⚠️🩸,💀🕳️😭⚠️🚨,,💀🕳️😭⚠️😖,💀😭⚠️😔💔",1
413,"💀🕳️😭⚠️🌑,,💀🕳️😭⚠️😔,💀😰😭⚠️🕳️,💀🕳️😭🔪⚠️",1
413,",💀🕳️😭⚠️😖,💀😭⚠️😖💔,💀🕳️😭🔪⚠️,💀🕳️⚠️😭⚰️",2
413,"💀🕳️😭⚠️😖,💀😭⚠️😔💔,💀🕳️😭🔪⚠️,💀🕳️⚠️😭⚰️,💀🕳️⚠️😭🕯️",0
413,"💀😭⚠️😖💔,💀🕳️😭🔪⚠️,💀🕳️⚠️😭⚰️,💀🕳️⚠️😭🕯️,😰😭😔💔",1
413,"💀🕳️😭🔪⚠️,💀🕳️⚠️😭⚰️,💀🕳️⚠️😭🕯️,😰😭😔💔,💀💊⚠️🕳️😭",1
413,"💀🕳️⚠️😭⚰️,💀🕳️🚨⚰️😭,😰😭😔💔,💀💊⚠️🕳️😭,💀🕳️⚠️😭🌑",1
413,"💀🕳️⚠️😭🕯️,😰😭😔💔,💀💊⚠️🕳️😭,💀🕳️⚠️😭🌑,💀🔪🚨😭⚠️",1
414,"💀🕳️😰⚠️,💀⚰️😭🕳️🚨,💀🕳️😭⚠️🚨,💀⚠️🕳️😭🚨,💀🕳️😭⚠️💔",0
414,"💀🕳️😭⚠️⚰️,💀🕳️😭⚠️🚨,💀🕳️🚨😭⚠️,💀🕳️😭⚠️💔,💀😰🕳️😭",2
414,"💀🕳️😭⚠️🚨,💀🕳️🚨😭⚠️,💀🕳️😭⚠️💔,💀😰🕳️😭,💀🔪🚨🕳️😭",1
414,"💀⚠️🕳️😭🚨,💀🕳️😭⚠️💔,💀😰🕳️😭,💀🔪🚨😭🕳️,💀🕳️⚠️😭🔪",1
414,"💀🕳️😭⚠️💔,💀😰🕳️😭,💀🔪🚨😭🕳️,💀🕳️⚠️😭🔪,💀🔪😭🕳️⚠️",1
414,"💀😰🕳️😭,💀🔪🚨🕳️😭,💀🕳️⚠️😭🔪,💀🔪😭🕳️⚠️,💀⚠️😰🕳️😭",1
414,"💀🔪🚨😭🕳️,💀🕳️⚠️😭🔪,💀🔪😭🕳️⚠️,💀😰🕳️⚠️😭,💀🕳️😭⚠️😰",0
414,"💀🕳️⚠️😭🔪,💀🔪😭🕳️⚠️,💀😰🕳️⚠️😭,💀😭🌑⚠️💔,💀🩸🔪🚨😭",2
414,"💀🔪😭🕳️⚠️,💀⚠️😰🕳️😭,💀😭🕳️⚠️😰,💀🩸🔪🚨😭,💀💊🚨🍷⚠️",1
414,"💀😰🕳️⚠️😭,💀😭🕳️⚠️😰,💀🩸🔪🚨😭,💀💊🚨🍷🔪,💀🕳️😭⚠️😔",0
414,"💀😭🕳️⚠️😔,💀🩸🔪🚨😭,💀💊🚨🍷🔪,💀🕳️😭😔⚠️,💀🕳️😭⚠️🌊",2
414,"💀🩸🔪🚨😭,💀💊🚨🍷🔪,💀😔🕳️😭⚠️,💀🕳️😭⚠️🌊,💀🔪🚨💊⚠️",1
414,"💀💊🚨🍷🔪,💀🕳️😭⚠️😔,💀🕳️😭⚠️🌊,💀🔪⚠️🕳️,💀🕳️😭⚠️😔",1
414,"💀🕳️😭😔⚠️,💀🕳️😭⚠️🌊,💀🔪🚨⚠️🕳️,💀🕳️😭⚠️😔,💀🕳️😭⚠️",1
414,"💀🕳️😭⚠️🌊,💀🔪⚠️🕳️,💀🕳️😭⚠️,💀🕳️😭⚠️,💀🕳️😭⚠️😔",1
414,"💀🔪💊🚨⚠️,💀🕳️😭⚠️,💀🕳️😭⚠️💥,💀🕳️😭⚠️😔,💀🕳️😭⚠️🌑",0
414,"💀🕳️😭⚠️,💀🕳️😭⚠️,💀🕳️😭⚠️😔,💀🕳️😭⚠️🌑,💀💊🛏️🕳️🚨",2
414,"💀🕳️😭⚠️,💀🕳️😭⚠️😔,💀🕳️😭⚠️🌑,💀💊🕳️😭🚨,💀🕳️🚨🚇⚠️",1
414,"💀🕳️😭⚠️😔,💀🕳️😭⚠️🌑,💀💊😰🕳️🚨,💀🕳️🚨🚇😭,💀😭⚠️🕳️😖",1
414,"💀🕳️😭⚠️🌑,💀💊🛏️⚠️😭,💀🕳️🚨🚇⚠️,💀😭⚠️🕳️😖,💀🕯️🕳️💔⚠️",0
414,"💀💊🛏️⚠️🕳️,💀🕳️🚨😭⚠️,💀😭⚠️🕳️😖,💀🕯️🕳️💔⚠️,💀😔🕳️😭⚠️",2
414,"💀🕳️🚨🚇⚠️,💀😭⚠️🕳️😖,💀🕯️🕳️💔⚠️,💀😔🕳️😭⚠️,💀🕳️😭⚠️🔪",2
414,"💀😭⚠️🕳️😖,💀🕯️🕳️⚠️😭,💀😔🕳️😭⚠️,💀🕳️😭⚠️🔪,💀🔪😭🕳️⚠️",0
414,"💀🕯️🕳️💔⚠️,💀😔🕳️😭⚠️,💀🕳️😭⚠️🔪,💀🔪😭🕳️⚠️,💀😔🕳️😭⚠️",1
414,"💀😔🕳️😭⚠️,💀🕳️😭⚠️🔪,💀🔪😭🕳️⚠️,💀😔🕳️😭⚠️,💀🔪😰🕳️",2
414,"💀🕳️😭⚠️🔪,💀🔪😭🕳️⚠️,💀😔🕳️😭,💀🔪😰🕳️,💀🕳️⚠️😭🚨",1
414,"💀🔪😭🕳️⚠️,💀🕳️😭😔💔,💀🔪😰🕳️,💀🕳️⚠️😭🚨,💀🕳️⚠️😭💊",1
414,"💀😔🕳️😭⚠️,💀🔪😰🕳️,💀🕳️⚠️😭🚨,💀🕳️⚠️😭💊,💀🕳️😭⚠️",1
414,"💀🔪😰🕳️,💀🕳️⚠️😭🚨,💀🕳️⚠️😭💊,💀😭🕳️⚠️,💀🕳️😭⚠️🩸",1
414,"💀🕳️⚠️😭🚨,💀🕳️⚠️😭💊,💀😭🕳️⚠️,💀🕳️😭⚠️🩸,💀⚠️😭🕳️🔪",2
414,"💀🕳️⚠️😭💊,💀🕳️😭⚠️,💀🕳️😭⚠️🩸,💀⚠️😭🕳️🔪,💀🔪🚨⚠️🕳️",1
414,"💀😭🕳️⚠️,💀🕳️😭⚠️🩸,💀⚠️😭🕳️🔪,💀🔪🚨⚠️🕳️,💀🕳️😭⚠️💔",1
414,"💀🕳️😭⚠️🩸,💀⚠️😭🕳️🔪,💀🔪🚨⚠️🕳️,💀🕳️😭⚠️💔,💀😭🔪⚠️",0
415,"💀⚠️🕳️😰💊,💀🕳️😭⚠️,💀😰🕳️😭⚠️,💀🕳️⚠️😭😔,😊💪✨🌟",0
415,"💀🕳️😭⚠️,💀🕳️😭⚠️,💀🕳️⚠️😭😔,😊💪✨🌟,💀🕳️😰😔💔",0
416,"😔🕳️😭⚠️💔,💀🕳️⚠️😭😔,😔🕳️⚠️,💀🕳️😭😔⚠️,😔💔😩🕳️⚠️",0
416,"💀🕳️⚠️😭😔,😔🕳️😰,💀🕳️😭😔⚠️,😔💔😩🕳️⚠️,😔💪✨",2
416,"😔🕳️⚠️,💀🕳️😭😔⚠️,😔💔😩🕳️⚠️,😔💪✨,💀🕳️⚠️😭💸",0
416,"💀🕳️😭😔⚠️,😔💔😩🕳️⚠️,😔💪✨,💀🕳️⚠️😭💸,🕳️😰💀😔⚠️",0
416,"😔💔😩🕳️⚠️,😔💪✨,💀🕳️⚠️😭💸,🕳️😰😔⚠️💀,💀🕳️😭😔⚠️",1
416,"😔💪✨,💀🕳️⚠️😭💸,💀🕳️😰⚠️😭,💀🕳️😭😔⚠️,💀🕳️⚠️😭😔",1
418,"💀🕳️⚠️😭,💀😭🕳️⚠️😔,💀😭🕳️⚠️😔,💀😔🕳️💔😭,💀😭🕳️⚠️😔",0
418,"💀😭🕳️⚠️😔,💀😭🕳️⚠️😔,💀😔🕳️💔😭,💀😭🕳️⚠️😔,😔💔😢😞🕳️",1
418,"💀😭🕳️⚠️😔,💀😔🕳️💔😭,💀😭🕳️⚠️😔,😔💔😢😞🕳️,💀😰🕳️😭",1
418,"💀😔🕳️💔😭,💀😭🕳️⚠️😔,😔💔😢😞🕳️,💀😰🕳️😭,💀🕳️😭⚠️",1
419,"💀😭🕳️⚠️,💀😭🕳️⚠️,💀😭🕳️⚠️,💀🔪🚨🩸🕳️,💀🔪😭⚠️",1
419,"💀😭🕳️⚠️,💀😭🕳️⚠️,💀🔪🚨🩸🕳️,💀🔪😭⚠️,💀🕳️😭⚠️🩸",1
419,"💀😭🕳️⚠️,💀🔪🚨🩸🕳️,💀🔪😭⚠️,💀🕳️😭⚠️💊,💀🕳️⚠️😭💊",1
419,"💀🔪🚨🩸🕳️,💀🔪😭⚠️,💀🕳️😭⚠️💊,💀🕳️⚠️😭💊,💀⚠️🕳️😭⏳",1
419,"💀🔪😭⚠️,💀🕳️😭⚠️🩸,💀🕳️⚠️😭💊,💀⚠️🕳️😭⏳,",1
419,"💀🕳️😭⚠️💊,💀🕳️⚠️😭💊,💀⚠️🕳️😭⏳,,💀😰🕳️😭⚠️",1
419,"💀🕳️⚠️😭💊,💀⏳⚠️😞🕳️,,💀😰🕳️😭⚠️,💀🕳️😭⚠️🚨",1
420,"💀🕳️😰⚠️😭,💀🕳️⚠️😭🔪,💀⚠️🕳️😭🔪,💀😭🕳️⚠️😞,💀🔪🚨😭🕳️",0
420,"💀🕳️⚠️😭🔪,💀⚠️🕳️😭🔪,💀😭🕳️⚠️😵,💀🔪🚨😭🕳️,💀🕳️😭😔💔",1
420,"💀⚠️🕳️😭🔪,💀😭🕳️⚠️😔,💀🔪🚨😭🕳️,💀🕳️😭😔💔,💀🕳️😭⚠️🌑",2
420,"💀🕳️😭⚠️🌑,💀🔪🚨😭🕳️,💀🕳️😭😔💔,💀🕳️😭⚠️🌑,💀⚠️🕳️😭",1
420,"💀🔪🚨😭🕳️,💀🕳️😭😔💔,💀🕳️😭⚠️🌑,💀⚠️🕳️😭,💀🕳️😭⚠️🚨",1
420,"💀🕳️😭😔💔,💀🕳️😭⚠️🌑,💀⚠️🕳️😭,💀🕳️😭⚠️🚨,💀🕳️😭⚠️",1
420,"💀🕳️😭⚠️🌑,💀⚠️🕳️😭,💀🕳️😭⚠️🚨,💀🕳️😭⚠️,💀🕳️😭😔⚠️",2
420,"💀⚠️🕳️😭🚨,💀🕳️😭🚨😞,💀🕳️😭⚠️,💀🕳️😭😔⚠️,💀🕳️⚠️😭🌑",1
420,"💀🕳️😭🚨😞,💀🕳️😭⚠️,💀😔🕳️😭⚠️,💀🕳️🚨😭⚰️,💀🕳️🔪😭",2
420,"💀🕳️😭⚠️,💀🕳️😭😔⚠️,💀🕳️🚨😭⚠️,💀🔪🕳️😭,💀⚠️🕳️😭🚨",2
420,"💀🕳️😭😔⚠️,💀🕳️🚨😭⚠️,💀🔪🕳️😭,💀🕳️🚨😭⚠️,💀⚠️🔪🕳️",1
420,"💀🕳️🚨😭🌑,💀🔪🕳️😭,💀🕳️🚨😭⚠️,💀🔪🚨⚠️😭,💀🕳️😰😔💔",1
420,"💀🔪🕳️😭,💀⚠️🕳️😭🚨,💀⚠️🔪🕳️,💀🕳️😰😔💔,💀🕳️😰😭⚠️",1
420,"💀🕳️🚨😭⚠️,💀⚠️🔪🕳️,💀🕳️😰😔💔,💀🕳️😰😭⚠️,💀😭⚠️🕳️",2
420,"💀⚠️🔪🕳️,💀🕳️😰😔💔,💀🕳️😰😭⚠️,💀😭⚠️🕳️😔,💀⚠️🕳️😭",1
420,"💀🕳️😰😔💔,💀🕳️😰😭⚠️,💀😭⚠️🕳️😔,💀⚠️🕳️😭,💀🕳️😭🚨",0
420,"💀🕳️😰😭⚠️,💀😭⚠️🕳️😔,💀⚠️🕳️😭,💀🕳️😭🚨,💀🕳️😭😔⚠️",0
420,"💀😭⚠️🕳️😔,💀⚠️🕳️😭,💀🕳️😭⚠️,💀🕳️😭😔⚠️,💀🕳️😭⚠️😔",1
420,"💀⚠️🕳️😭,💀🕳️😭⚠️,💀🕳️😭😔⚠️,💀🕳️😭⚠️😔,💀🕳️⚠️😭🔪",1
420,"💀🕳️😭🚨,💀🕳️😭😔⚠️,💀🕳️😭⚠️😔,💀🕳️⚠️😭🚨,💀🔥⏳🚨🕳️",1
420,"💀🕳️😭😔⚠️,💀🕳️😭⚠️😔,💀🕳️⚠️😭🔪,💀🔥⏳🕳️🚨,💀🕳️⚠️😭🔪",1
420,"💀🕳️😭⚠️😔,💀🕳️🚨😭⚠️,💀🔥⏳🕳️🚨,💀🕳️⚠️😭🔪,💀🕳️😭⚠️🚨",1
420,"💀🕳️⚠️😭🚨,💀🔥⏳🕳️🚨,💀🕳️⚠️😭🔪,💀🕳️😭⚠️🚨,💀😭⚠️🕳️🔪",2
420,"💀🔥⏳🕳️🚨,💀🕳️⚠️😭🔪,💀🕳️⚠️😭🌑,💀😭⚠️🕳️🔪,💀⚠️🕳️😭",1
420,"💀🕳️⚠️😭🔪,💀🕳️😰🚨😭,💀😭⚠️🕳️🔪,💀⚠️🕳️😭,💀😭⚠️🕳️😔",1
420,"💀🕳️⚠️😭🌑,💀😭⚠️🕳️🔪,💀⚠️🕳️😭,💀😭⚠️🕳️😔,💀🕳️😭⚠️🚨",1
420,"💀😭⚠️🕳️🔪,💀⚠️🕳️😭,💀😭⚠️🕳️😔,💀🕳️😭⚠️🚨,💀🕳️⚠️😭🔪",1
420,"💀⚠️🔪😭,💀😭⚠️🕳️😔,💀🕳️😭⚠️🚨,💀🕳️⚠️😭🌑,💀🚨⚰️😭🕳️",2
420,"💀😭⚠️🕳️😔,💀🕳️😭⚠️🚨,💀🕳️⚠️😭🔪,💀🚨🔪😭⚠️,💀🔪🚨⚠️🕳️",1
420,"💀🕳️😭⚠️🚨,💀🕳️⚠️😭🌑,💀🚨⚰️😭🕳️,💀🔪🚨⚠️🕳️,💀🕳️⚠️🔪😭",1
420,"💀🕳️⚠️😭🔪,💀🚨⚠️😭🕳️,💀🔪🚨⚠️🕳️,💀⚠️🕳️🔪😰,💀🕳️🚨🌉⚠️",1
420,"💀🕳️🚨😭⚰️,💀🔪🚨⚠️🕳️,💀⚠️🕳️🔪,💀🚨⚠️🕳️😭,💀😭🕳️⚠️😰",0
420,"💀🔪🚨⚠️🕳️,💀⚠️🕳️🔪😰,💀🚨⚠️🕳️😭,💀😭🕳️⚠️😰,💀🕳️😭⚠️😖",1
420,"💀🔪🚨🕳️😭,💀🚨⚠️🕳️😭,💀😭🕳️⚠️😰,💀🕳️😭⚠️😖,💀🕳️😭⚠️😔",0
420,"💀🕳️🚨🌉⚠️,💀😭🕳️⚠️😰,💀🕳️😭⚠️😖,💀🕳️😭⚠️😔,💀🕳️😭😔⚠️",1
420,"💀😭🕳️⚠️😰,💀🕳️😭⚠️😖,💀🕳️😭⚠️😔,💀😔🕳️,💀🕳️😭⚠️🚨",1
420,"💀🕳️😭⚠️😖,💀🕳️😭⚠️😔,💀🕳️😭,💀🕳️⚠️😭🔪,💀⚠️😰🕳️😭",2
420,"💀🕳️😭⚠️😔,💀😔🕳️,💀🕳️😭⚠️🚨,💀⚠️😰🕳️😭,💀⚠️🔪🕳️",2
420,"💀🕳️😭⚠️,💀🕳️⚠️😭🔪,💀⚠️😰🕳️😭,💀⚠️🔪🕳️,💀🕳️😭⚠️🚨",1
420,"💀🕳️😭⚠️🚨,💀⚠️😰🕳️😭,💀⚠️🔪🕳️,💀🕳️😭⚠️🚨,💀😭🕳️⚠️😔",1
420,"💀⚠️😰🕳️😭,💀⚠️🔪🕳️,💀🕳️😭⚠️🚨,💀😭🕳️⚠️😔,💀🕳️😭⚠️😔",2
420,"💀⚠️🔪🕳️,💀🕳️😭⚠️🚨,💀😭🕳️⚠️😔,💀🕳️😭⚠️😔,💀🕳️⚠️😭🌑",1
422,"💀😭🔪🕳️,💀😭🕳️⚠️😖,💀🕳️😭😔⚠️,💀⚠️🕳️😭,💀🕳️😭⚠️",0
422,"💀😭🕳️⚠️😖,💀🕳️😭⚠️😔,💀⚠️🕳️😭,💀🕳️😭⚠️,😔💔😰🕳️😭",1
422,"💀🕳️😭😔⚠️,💀⚠️🕳️😭,💀🕳️😭⚠️,😔💔😢😞⚠️,💀😭⚠️🕳️",1
422,"💀⚠️🕳️😭,💀🕳️😭⚠️,😔💔😰🕳️😭,💀😭⚠️🕳️,💀🕳️😭😔⚠️",0
422,"💀🕳️😭⚠️,😔💔😰🕳️😭,💀😭⚠️😔,💀🕳️😰😔💔,💀⚠️🕳️😭🔪",1
422,"😔💔😰🕳️😭,💀😭⚠️🕳️,💀🕳️😭😔⚠️,💀⚠️🕳️😭🔪,💀🕳️😭⚠️🔪",1
422,"💀😭⚠️😔,💀🕳️😭😔⚠️,💀⚠️🕳️😭🔪,💀🕳️😭🔪🚨,💀😭🕳️⚠️😔",2
422,"💀🕳️😰😔💔,💀⚠️🕳️😭🔪,💀🕳️😭⚠️🔪,💀😭🕳️⚠️😔,💀⚠️🕳️😰🔍",1
422,"💀⚠️🕳️😭🔪,💀🕳️😭⚠️🔪,💀😔😭⚠️🕳️,💀⚠️🕳️😰🔍,💀🕳️😭⚠️💊",1
422,"💀🕳️😭⚠️🔪,💀😭🕳️⚠️😔,💀⚠️🕳️😰🔍,💀🕳️😭⚠️💊,💀🔪😰🕳️🚨",1
422,"💀😭🕳️⚠️😔,💀⚠️🕳️😰💊,💀🕳️😭⚠️💊,💀🔪😰🕳️🚨,💀🕳️😰😭⚠️",1
422,"💀⚠️🕳️😰🔍,💀🕳️😭⚠️💥,💀🔪😰🕳️🚨,💀🕳️😰😭⚠️,💀🔪🕳️😭🚨",3
422,"💀🕳️😭⚠️💊,💀🔪😰🕳️🚨,💀🕳️😰😭⚠️,💀🔪🕳️🚨😭,💀🔪😭🕳️",1
422,"💀🔪😰🕳️🚨,💀🕳️😰😭⚠️,💀🔪🕳️😭🚨,💀🔪😭🕳️,💀😭🕳️🚨",1
422,"💀🕳️😰😭⚠️,💀🔪🕳️😭🚨,💀🔪😭⚠️,💀😭🕳️🚨,💀🕳️😰😭⚠️",1
422,"💀🔪🕳️😭🚨,💀🔪😭🕳️,💀😭🕳️🚨,💀🕳️😰😭⚠️,💀⚠️🕳️😭😔",0
422,"💀🔪😭⚠️,💀😭🕳️🚨,💀🕳️😰😭⚠️,💀⚠️🕳️😭😔,💀⚠️😰🕳️😭",0
422,"💀😭🕳️🚨,💀🕳️😰😭⚠️,💀⚠️🕳️😭😔,💀⚠️😰🕳️😭,😔😩😰⚠️🕳️",0
422,"💀🕳️😰😭⚠️,💀⚠️🕳️😭😔,💀⚠️😰🕳️😭,😔😩😰⚠️🕳️,💀😰🕳️😭⚠️",0
422,"💀⚠️🕳️😭😔,💀⚠️😰🕳️😭,😔😩😰⚠️🕳️,💀😰🕳️😭⚠️,😔💔😰🕳️⚠️",0
422,"💀⚠️😰🕳️😭,😔😩😰⚠️🕳️,💀😰🕳️😭⚠️,😔💔😰🕳️⚠️,💀🕳️😰😭⚠️",1
422,"😔😩😰⚠️🕳️,💀😰🕳️😭⚠️,😔💔😰🕳️⚠️,💀🕳️😰😭⚠️,💀⚠️😭🕳️",1
422,"💀😰🕳️😭⚠️,😔💔😰🕳️⚠️,💀🕳️😰😭⚠️,💀⚠️😭🕳️,💀🕳️😭⚠️",1
422,"😔💔😰🕳️⚠️,💀🕳️😰😭⚠️,💀⚠️😭🕳️,💀🕳️😭⚠️,💀🕳️⚠️😭🧠",1
422,"💀🕳️😰😭⚠️,💀⚠️😭🕳️,💀🕳️😭⚠️,💀🕳️⚠️😭🔪,💀😭🕳️🚨",1
422,"💀⚠️😭🕳️,💀🕳️😭⚠️,💀🕳️⚠️😭🧠,💀😭🕳️⚠️,💀😭🕳️⚠️😔",1
422,"💀🕳️😭⚠️,💀🕳️⚠️😭🧠,💀😭🕳️🚨,💀🕳️😭⚠️,💀😭😞⚠️",0
422,"💀🕳️⚠️😭🔪,💀😭🕳️🚨,💀😭🕳️⚠️😔,💀😭🕳️⚠️,💀⚠️😰🕳️😭",2
422,"💀😭🕳️⚠️,💀🕳️😭⚠️,💀😭😞⚠️,💀⚠️😰🕳️😭,😭😰🕳️😔💔",1
422,"💀😭🕳️⚠️😔,💀😭😞⚠️,💀⚠️😰🕳️😭,💀😰🕳️😭😔,💀🔪😭⚠️",1
422,"💀😭🕳️⚠️,💀⚠️😰🕳️😭,💀😰🕳️😭😔,💀🔪😭⚠️,💀🕳️⚠️😭🌑",1
422,"💀⚠️😰🕳️😭,💀😰🕳️😭😔,💀🔪😭⚠️,💀🕳️⚠️😭🌑,💀🕳️😭⚠️🔪",1
422,"💀🕳️😰😭😔,💀🔪😭⚠️,💀🕳️⚠️😭🌑,💀🕳️😭⚠️🔪,💀🕳️😭⚠️🔪",1
422,"💀🔪😭⚠️,💀🕳️⚠️😭🌑,💀😭🕳️⚠️🔪,💀🕳️😭⚠️🔪,💀🕳️😭⚠️🌑",1
422,"💀🕳️⚠️😭🌑,💀😭🕳️⚠️🔪,💀🕳️😭⚠️🔪,💀🕳️😭⚠️🌑,💀🔪😭🕳️🚨",1
422,"💀😭🕳️⚠️🔪,💀🕳️😭⚠️🔪,💀🕳️😭⚠️🌑,💀🔪😭🕳️🚨,💀😭🕳️⚠️😔",2
422,"💀🕳️😭⚠️🔪,💀🕳️😭⚠️🌑,💀🔪😭🕳️🚨,💀😭🕳️⚠️,💀🕳️⚠️😭🌑",0
422,"💀🕳️😭⚠️🌑,💀🔪😭🕳️🚨,💀😭🕳️⚠️,💀🕳️⚠️😭🌑,💀😔🕳️😭⚠️",1
422,"💀🔪😭🕳️🚨,💀😭🕳️⚠️,💀🕳️⚠️😭🌑,💀😰🕳️😭⚠️,💀🕳️😭😔⚠️",1
422,"💀😭🕳️⚠️😔,💀🕳️⚠️😭🌑,💀😔🕳️😭⚠️,💀🕳️😭😞⚠️,💀🕳️😭⚠️",0
422,"💀🕳️⚠️😭🌑,💀😰🕳️😭⚠️,💀🕳️😭😔⚠️,💀🕳️😭⚠️,💀🕳️😭⚠️",1
422,"💀🕳️😭😔💔,💀🕳️😭😔⚠️,💀🕳️😭⚠️,💀🕳️😭⚠️,💀🕳️😭⚠️😔",1
422,"💀🕳️😭😔⚠️,💀🕳️😭⚠️,💀🕳️😭⚠️😔,💀🕳️😭⚠️😔,💀😭⚠️🕳️",0
422,"💀🕳️😭⚠️,💀🕳️😭⚠️,💀🕳️😭⚠️😔,💀😭⚠️🕳️,😔💔😢😞⚠️",1
422,"💀🕳️😭⚠️,💀🕳️😭⚠️😔,💀😭⚠️🕳️💔,😔💔😢😞⚠️,💀😰🕳️😭⚠️",1
422,"💀🕳️😭⚠️😔,💀😭⚠️🕳️,😔💔😢😞⚠️,💀🕳️😭⚠️🔫,💀🕳️😭⚠️",1
422,"💀😭⚠️🕳️💔,😔💔😢😞⚠️,💀😰🕳️😭⚠️,💀🕳️😭⚠️,💀😭🕳️🚨",1
422,"😔💔😢😞⚠️,💀😰🕳️😭⚠️,💀🕳️😭⚠️,💀😭🕳️🚨,💀😭🕳️⚠️",1
422,"💀🕳️😭⚠️🔫,💀🕳️😭⚠️,💀😭🕳️🚨,💀😭🕳️⚠️,💀😭🕳️⚠️",1
422,"💀🕳️😭⚠️,💀😭🕳️🚨,💀😭🕳️⚠️,💀😭🕳️⚠️,💀🔪😭🕳️🚨",1
422,"💀😭🕳️🚨,💀😭🕳️⚠️,💀😭🕳️⚠️,💀🔪😭🕳️🚨,💀🕳️😭⚠️😔",1
422,"💀😭🕳️⚠️,💀🕳️😭🚨,💀🔪😭🕳️🚨,💀🕳️😭⚠️😔,💀🕳️😭⚠️😔",1
422,"💀😭🕳️⚠️,💀🔪😭🕳️🚨,💀🕳️😭⚠️😔,💀🕳️😭⚠️😔,💀🕳️🚨😭🔪",1
422,"💀🔪😭🕳️🚨,💀🕳️😭⚠️,💀🕳️😭⚠️😔,💀🚨😭🕳️⚠️,💀🔪🕳️😭",1
422,"💀🕳️😭⚠️😔,💀🕳️😭⚠️😔,💀🚨😭🕳️⚠️,💀🔪🕳️😭,💀😭⚠️🕳️😔",1
422,"💀🕳️😭⚠️😔,💀🚨😭🕳️⚠️,💀🔪🕳️😭,💀🕳️😭⚠️💔,💀🕳️😭💔⚠️",1
422,"💀🚨😭🕳️⚠️,💀🔪🕳️😭,💀🕳️😭⚠️💔,💀🕳️😭💔⚠️,💀🕳️😭⚠️😔",1
422,"💀🔪🕳️😭,💀😭🕳️⚠️💔,💀🕳️😭💔⚠️,💀🕳️😭⚠️,💀😭⚠️🕳️😰",1
422,"💀🕳️😭⚠️💔,💀🕳️😭💔⚠️,💀🕳️😭⚠️,💀😭⚠️🕳️😰,💀🔪⚠️😭🕳️",0
422,"💀🕳️😭💔⚠️,💀🕳️😭⚠️😔,💀😭⚠️🕳️😰,💀🔪⚠️😭🕳️,💀🕳️😭😔💔",1
422,"💀🕳️😭⚠️,💀😭⚠️🕳️😰,💀🔪⚠️😭🕳️,💀😔🕳️😭⚠️,💀🕳️😭⚠️😔",1
422,"💀😭⚠️🕳️😰,💀🔪⚠️😭🕳️,💀😔🕳️😭⚠️,💀🕳️😭⚠️😔,💀😭🕳️⚠️",1
422,"💀🔪⚠️😭🕳️,💀🕳️😭😔💔,💀🕳️😭⚠️😔,💀😭🕳️⚠️🩸,💀😭🕳️😰",1
422,"💀🕳️😭😔💔,💀🕳️😭⚠️😔,💀😭🕳️⚠️🩸,💀😭🕳️😰,💀🕳️😭🌑",1
422,"💀🕳️😭⚠️😔,💀😭🕳️⚠️,💀😭🕳️😰,💀🕳️😭🌑,💀🕳️😭⚠️",1
422,"💀😭🕳️⚠️,💀😭🕳️😰,💀🕳️😭🌑,💀🕳️😭⚠️,💀😭🕳️⚠️🚨",0
422,"💀😭🕳️😰,💀🕳️😭🌑,💀🕳️😭⚠️,💀😭🕳️⚠️🚨,💀🕳️😭😔💔",0
422,"💀🕳️😭🌑,💀🕳️😭⚠️,💀😭🕳️⚠️🩸,💀🕳️😭😔💔,😔😩😞",1
422,"💀🕳️😭⚠️,💀🕳️😭🚨,💀🕳️😭😔💔,😔😩😞,💀🕳️😭⚠️😔",2
422,"💀🕳️😭🚨,💀🕳️😭😔💔,😔😩😞,💀🕳️😭⚠️😔,💀😰🕳️😭⚠️",1
422,"💀🕳️😭😔💔,😔😩😞,💀🕳️😭⚠️😔,💀🕳️😭😔⚠️,💀😭⚠️🕳️😰",1
422,"😔😩😞,💀🕳️😭⚠️😔,💀😰🕳️😭⚠️,💀😭⚠️🕳️,💀😭🕳️⚠️",0
422,"💀🕳️😭⚠️😔,💀😔🕳️😭⚠️,💀😭⚠️🕳️,💀😭🕳️🚨,💀🕳️⚠️😰🔪",1
422,"💀😰🕳️😭⚠️,💀😭⚠️🕳️,💀😭🕳️⚠️,💀🕳️⚠️😰🔪,💀🕳️😭⚠️😔",1
422,"💀😭⚠️🕳️,💀😭🕳️🚨,💀🕳️⚠️😰🔪,💀🕳️😭⚠️😔,💀🕳️😭⚠️🩸",1
422,"💀😭🕳️⚠️,💀🕳️⚠️😰🔪,💀🕳️😭⚠️😔,💀🕳️😭⚠️🩸,💀😭🕳️⚠️",0
422,"💀🕳️⚠️😰🔪,💀🕳️😭⚠️😔,💀🕳️😭⚠️🩸,💀😭🕳️⚠️,💀🕳️😭⚠️",1
422,"💀🕳️😭⚠️😔,💀🕳️😭⚠️🩸,💀😭🕳️⚠️,💀🕳️😭⚠️,💀🕳️😭⚠️😔",0
422,"💀🕳️😭⚠️🩸,💀😭🕳️⚠️,💀🕳️😭⚠️,💀🕳️😭⚠️😔,💀🕳️😭😔⚠️",1
422,"💀😭🕳️⚠️,💀🕳️😭⚠️,💀🕳️😭⚠️😔,💀🕳️😭😔⚠️,💀😭⚠️🕳️",1
422,"💀🕳️😭⚠️,💀🕳️😭⚠️😔,💀🕳️😭😔⚠️,💀😭⚠️🕳️🚨,💀😭🕳️⚠️😔",0
422,"💀🕳️😭⚠️😔,💀🕳️😭😔⚠️,💀😭⚠️🕳️,💀😭🕳️⚠️😔,💀😰🕳️😭⚠️",1
422,"💀🕳️😭😔💔,💀😭⚠️🕳️,💀😭🕳️⚠️😔,💀😰🕳️😭⚠️,💀😭🔪😞⚠️",0
422,"💀😭⚠️🕳️,💀😭🕳️⚠️😔,💀😰🕳️😭⚠️,💀😭🔪😞⚠️,💀😔💔⚠️🕳️",1
422,"💀😭🕳️⚠️😔,💀😰🕳️😭⚠️,💀😭🔪😞🕳️,💀😔🕳️😭⚠️,💀😭🕳️⚠️💔",1
422,"💀😰🕳️😭⚠️,💀😭🔪😞⚠️,💀😔💔⚠️🕳️,💀😭🕳️⚠️💔,😔💔🕳️😭⚠️",1
422,"💀😭🔪😞⚠️,💀😔💔⚠️🕳️,💀😭🕳️⚠️💔,😔💔🕳️😭⚠️,💀🔪😭⚠️",1
422,"💀😔💔⚠️🕳️,💀😭🕳️⚠️💔,😔💔🕳️😭⚠️,💀🔪😭⚠️,💀😭🔪🌑",1
422,"💀😭🕳️⚠️💔,😔💔🕳️😭⚠️,💀🔪😭⚠️,💀😭🔪🌑,💀🔪😭⚠️",0
422,"😔💔🕳️😭⚠️,💀🔪😭⚠️,💀😭⚠️🕳️🔪,💀🔪😭⚠️,💀🕳️😰⚠️😭",0
422,"💀🔪😭⚠️,💀😭⚠️🕳️🔪,💀🔪😭⚠️,💀🕳️😰😭⚠️,😭😰⚠️😔💔",1
422,"💀😭⚠️🕳️💔,💀🔪😭⚠️,💀🕳️😰⚠️😭,😭😰⚠️😔💔,💀🕳️😭⚠️",0
422,"💀🔪😭⚠️,💀🕳️😰⚠️😭,😭😰⚠️😔💔,💀🕳️😭⚠️,😭💔😔⚠️🕳️",2
422,"💀🕳️😰⚠️😭,😭😰⚠️😔💔,💀🕳️😭⚠️,💀😭💔⚠️,💀🕳️😰⚰️😭",1
422,"😭😰⚠️😔💔,💀🕳️😭⚠️,💀😭💔⚠️,💀🕳️😰⚰️😭,💀🕳️😭⚠️⚰️",1
422,"💀🕳️😭⚠️,😭💔😔⚠️🕳️,💀🕳️😰⚰️😭,💀🕳️😭⚠️⚰️,💀🕳️😭⚠️",1
422,"😭💔😔⚠️,💀🕳️😭⚠️🌑,💀🕳️😭⚠️⚰️,💀🕳️😭⚠️,💀⚠️🕳️😭😰",1
422,"💀🕳️😭⚠️🌑,💀🕳️😭⚠️⚰️,💀🕳️😭⚠️,💀⚠️🕳️😭😰,💀🕳️🚨😭🔪",1
422,"💀🕳️😭⚠️⚰️,💀🕳️😭⚠️,💀🕳️😰⚠️😭,💀🕳️🚨😭🔪,💀🕳️😭😔⚠️",0
422,"💀🕳️😭⚠️😔,💀🕳️⚠️😭😰,💀🕳️😭🚨🔪,💀😔🕳️😭⚠️,😰😔💔⚠️",1
422,"💀🕳️😰⚠️😭,💀🕳️😭🚨🔪,💀🕳️😭😔⚠️,😰😔💔⚠️,💀😭⚠️🕳️",1
422,"💀🕳️😭🚨⚠️,💀🕳️😭😔⚠️,😰😔💔⚠️,💀😭⚠️🕳️,💀🕳️😭⚠️",1
422,"💀🕳️😭😔⚠️,😰😔💔⚠️,💀😭⚠️🕳️,💀🕳️😭⚠️,💀🕳️😭😔⚠️",0
422,"😰😔💔⚠️,💀😭⚠️🕳️,💀🕳️😭⚠️😔,💀🕳️😭😔⚠️,💀🕳️😰😭⚠️",1
422,"💀😭⚠️🕳️,💀🕳️😭⚠️😔,💀🕳️😭😔⚠️,💀🕳️😰😔😭,💀🕳️😭🚨",1
422,"💀🕳️😭⚠️,💀🕳️😭😔⚠️,💀🕳️😰😭⚠️,💀🕳️😭🚨,💀🕳️🚨🔪⚠️",1
422,"💀🕳️😭😔⚠️,💀🕳️😭😔⚠️,💀🕳️😭🚨,💀🕳️🚨🔪⚠️,💀😰🕳️⚠️😭",1
422,"💀🕳️😰😭⚠️,💀🕳️😭🚨,💀🕳️🚨🔪⚠️,💀😰🕳️⚠️😭,💀🕳️😭⚠️😔",1
422,"💀🕳️😭⚠️,💀🚨⚠️🕳️😭,💀😰🕳️⚠️😭,💀🕳️😭⚠️😔,💀😭⚠️🕳️",1
422,"💀🚨⚠️🕳️😭,💀⚠️😰🕳️😭,💀😭🕳️⚠️😔,💀😭⚠️🕳️,💀🕳️😭⚠️🔪",1
422,"💀⚠️😰🕳️😭,💀🕳️😭⚠️😔,💀😭⚠️🕳️😖,💀🕳️😭⚠️🔪,💀🕳️⚠️😭🌑",1
422,"💀😭🕳️⚠️😔,💀😭⚠️🕳️💔,💀🕳️😭⚠️,💀🕳️⚠️😭🌑,💀🚨⚠️😭🕳️",1
422,"💀😭⚠️🕳️💔,💀🕳️😭⚠️,💀🕳️⚠️😭🌑,💀🚨⚠️😭🕳️,💀😰🕳️😭⚠️",1
422,"💀🕳️😭⚠️🔪,💀🕳️⚠️😭🌑,💀🚨⚠️😭🕳️,💀😰🕳️😭⚠️,💀🔪😭⚠️",1
422,"💀🕳️⚠️😭🌑,💀🚨⚠️😭🕳️,💀😰🕳️😭⚠️,💀🔪😭⚠️,💀😭⚠️🕳️😔",0
422,"💀🚨⚠️😭🕳️,💀😰🕳️⚠️😭,💀🔪😭⚠️,💀😭⚠️🕳️😔,💀🕳️😭⚠️",1
422,"💀😰🕳️😭⚠️,💀🔪😭⚠️,💀😭⚠️🕳️😔,💀🕳️😭⚠️,💀🕳️🚨😭⚠️",0
422,"💀🔪😭⚠️,💀😭⚠️🕳️😔,💀🕳️😭⚠️,💀🕳️🚨😭⚠️,😔💔😢",0
422,"💀😭⚠️🕳️😔,💀🕳️😭⚠️,💀🕳️🚨😭⚠️,😭💔😔⚠️,💀🕳️😰😭⚠️",0
422,"💀🕳️😭⚠️,💀🕳️🚨😭⚠️,😭💔😔⚠️,💀🕳️😰😭⚠️,😔💔😢🕳️⚠️",0
422,"💀🕳️🚨😭⚠️,😭💔😔⚠️,💀🕳️😰😭⚠️,😔💔🕳️😭⚠️,💀😔🕳️😭⚠️",1
422,"😔💔😢,💀🕳️😰😭⚠️,😔💔🕳️😭⚠️,💀😔🕳️😭⚠️,💀🕳️😭⚠️",1
422,"💀🕳️😰😭⚠️,😔💔🕳️😭⚠️,💀😔🕳️😭⚠️,💀🕳️😭⚠️,💀😭🕳️⚠️",1
422,"😔💔🕳️😭⚠️,💀😔🕳️😭⚠️,💀🕳️😭⚠️,💀😭🕳️⚠️😔,💀🕳️😭⚠️🚨",1
422,"💀😔🕳️😭⚠️,💀🕳️😭⚠️,💀😭🕳️⚠️,💀🕳️😭⚠️🚨,💀🕳️⚠️😭🔪",1
422,"💀🕳️😭⚠️,💀😭🕳️⚠️,💀🕳️😭⚠️🚨,💀🕳️⚠️😭🔪,💀🕳️🚨😭🔪",1
422,"💀🕳️😭⚠️,💀🕳️😭⚠️🚨,💀🕳️⚠️😭🔪,💀🕳️🚨😭🔪,💀⚠️😰🕳️😭",1
422,"💀🕳️😭⚠️🚨,💀🕳️⚠️😭🔪,💀🕳️🚨😭🔪,💀⚠️😰🕳️😭,💀☠️🕳️😭🚨",1
422,"💀🕳️⚠️😭🔪,💀🕳️🚨😭🔪,💀⚠️😰🕳️😭,💀☠️🕳️😭🚨,💀😰⚠️🕳️😭",1
422,"💀🕳️🚨😭🔪,💀⚠️😰🕳️😭,💀☠️🚨😭🕳️,💀😰🕳️🚨😭,💀🕳️⚠️😭🌑",1
422,"💀⚠️😰🕳️😭,💀☠️🕳️😭🚨,💀😰⚠️🕳️😭,💀🕳️⚠️😭🌑,💀🕳️😭⚠️😔",1
422,"💀☠️🕳️😭🚨,💀😰🕳️⚠️😭,💀🕳️⚠️😭🌑,💀🕳️😭⚠️😔,💀🕳️😭⚠️",1
422,"💀😰🕳️⚠️😭,💀🕳️⚠️😭🌑,💀🕳️😭⚠️😔,💀🕳️😭⚠️,💀🕳️🚨💊😵",1
422,"💀🕳️⚠️😭🌑,💀🕳️😭⚠️😔,💀🕳️😭⚠️,💀🕳️🚨💊😵,💀🕳️🚨😭⚠️",1
422,"💀🕳️😭⚠️😔,💀🕳️😭⚠️,💀🕳️⚠️😰💊,💀🕳️🚨😭⚠️,💀😭🔪⚠️",0
422,"💀🕳️😭⚠️,💀🕳️🚨💊😵,💀🕳️🚨😭⚠️,💀😭⚠️🕳️,😔💔😢🕳️⚠️",1
422,"💀🕳️🚨💊😵,💀🕳️🚨😭⚠️,💀😭🔪🌑,😔💔😢🕳️⚠️,💀😭🕳️⚠️💔",0
422,"💀🕳️🚨😭⚠️,💀😭⚠️🕳️,😔💔😢🕳️⚠️,💀😭🕳️⚠️💔,💀🕳️😭😔⚠️",1
424,"💀💊🕳️😰⚠️,💀😭🕳️⚠️😖,💀😔😭⚠️🕳️,💀😭🕳️⚠️😖,💀🕳️😭⚠️🔪",3
424,"💀😭🕳️⚠️😖,💀😔😭⚠️🕳️,💀😭🕳️⚠️😖,💀🕳️😭⚠️🔪,💀💊🚨😵",1
425,"💀🕳️🚨💊😭,💀🕳️😭😔⚠️,😔💔🕳️😭⚠️,💀🕳️😭😔⚠️,💀🕳️😭⚠️🪦",1
425,"💀🕳️😭😔⚠️,😔💔🕳️😭⚠️,💀🕳️😭😔⚠️,💀🕳️😭⚠️🪦,💀🕳️😭😔⚠️",1
425,"😔💔🕳️😭⚠️,💀🕳️😭😔⚠️,💀🕳️😭⚠️🪦,💀😔🕳️😭⚠️,💀😭😔⚠️🕳️",1
425,"💀🕳️😭😔,💀🕳️😭⚠️🪦,💀🕳️😭😔⚠️,💀😭😔⚠️🕳️,💀😭❓😔⚠️",0
425,"💀🕳️😭⚠️🪦,💀🕳️😭😔⚠️,💀😭😔⚠️🕳️,💀😭❓🕳️⚠️,💀🔪🚨⚠️😭",1
425,"💀🕳️😭😔⚠️,💀😭😔⚠️🕳️,💀😭❓😔⚠️,💀🔪🚨⚠️😭,💀😰😭⚠️😔",1
425,"💀😭😔⚠️🕳️,💀😭❓😔⚠️,💀🔪🚨⚠️😭,💀😰😭⚠️😔,💀😭😰💔⚠️",0
425,"💀😭❓😔⚠️,💀🔪🚨⚠️😭,💀😰😭⚠️😔,💀😭😰⚠️💔,💀😔🕳️💔⚠️",2
425,"💀🔪🚨⚠️😭,💀😰😭⚠️😔,💀😭😰💔⚠️,💀😔🕳️💔😭,💀⚠️🔪😭🚨",1
426,"💀🕳️⚠️😭,😔😰🕳️⚠️,😔💔😢,💀🕳️😭,💀😭⚠️🕳️💔",1
426,"😔😰⚠️💔😵,😔💔😢,💀🕳️😭⚠️,💀😭⚠️🕳️💔,💀🕳️😭⚠️😔",0
426,"😔💔😢⚠️,💀😰🕳️😭⚠️,💀🕳️😭⚠️💔,💀🕳️😭⚠️😔,😔💔😢",2
426,"💀🕳️😭⚠️,💀😭⚠️🕳️💔,💀🕳️😭⚠️😔,😔💔😢,💀🔪🚨😭🌑",0
426,"💀🕳️😭⚠️💔,💀🕳️😭⚠️😔,😔💔😢,💀🔪🚨😭🌑,😔💔😢",0
426,"💀🕳️😭⚠️😔,😔💔😢,💀🔪🚨😭🌑,😔💔😢,😔💔😢⚠️",0
426,"😔💔😢,💀🔪🚨😭🌑,😔💔😢,😔💔😢⚠️,😔😩😞⚠️",0
426,"💀🔪🚨😭🌑,😔💔😢,😔💔😢⚠️,😔😩😞⚠️,💀🕳️😭⚠️",0
426,"😔💔😢,😔💔😢⚠️,😔😩😞⚠️,💀😭🕳️⚠️,😔🤢😖💔⚠️",0
426,"😔💔😢⚠️,😔😩😞⚠️,💀🕳️😭⚠️,😔🤢😖💔😵,💀😰🕳️😭⚠️",0
426,"😔😩😞⚠️,💀😰🕳️😭⚠️,😔🤢😖💔🤢,💀😰🕳️😭⚠️,💀😰🕳️😭⚠️",1
426,"💀😭😞⚠️🕳️,😔🤢😖💔🤢,💀😰🕳️😭⚠️,💀🕳️😭⚠️,💀🔪😭⚠️",1
426,"😔🤢😖💔😵,💀😰🕳️😭⚠️,💀😰🕳️😭⚠️,💀🔪😭⚠️,💀😭🕳️⚠️😔",0
426,"💀😰🕳️😭⚠️,💀😰🕳️😭⚠️,💀🔪😭⚠️,💀🕳️😭⚠️,😔😩😞💔⚠️",0
426,"💀🕳️😭⚠️,💀🔪😭⚠️,💀🕳️😭⚠️,😔😩😞💔⚠️,😔💔😞",1
426,"💀🔪😭⚠️,💀🕳️😭⚠️😔,😔😩😞💔⚠️,😔💔😞,💀🔪😭⚠️🕳️",0
426,"💀🕳️😭⚠️,😔😩😞💔⚠️,😔💔😞,💀🔪😭⚠️🕳️,😔💔😡⚠️",0
426,"😔😩😞💔⚠️,😔💔😞,💀🔪😭⚠️🕳️,😔💔😡⚠️,😔💔😩🕳️⚠️",0
426,"😔💔😞,💀🔪😭⚠️🚨,😔💔😡⚠️,😔💔😩🕳️⚠️,😔💔😢",0
426,"💀🔪😭⚠️🚨,😔💔😡⚠️,😔💔😩🕳️⚠️,😔💔😢,💀🕳️😭⚠️",0
426,"😔💔😡⚠️,😔💔😩🕳️⚠️,😔💔😢,💀🕳️😭⚠️,😔💔😡",0
426,"😔💔😩🕳️⚠️,😔💔😢,💀🕳️😭⚠️,😔💔😡,💀🕳️😭⚠️😩",0
426,"😔💔😢,💀🕳️😭⚠️,😔💔😡,💀🕳️😭⚠️😩,💀⚠️🕳️😭",0
426,"💀🕳️😭⚠️,😔💔😡,💀🕳️😭⚠️😩,💀⚠️🕳️😭,💀🕳️😭⚠️",0
426,"😔💔😡,💀🕳️😭⚠️😩,💀⚠️🕳️😭,💀🕳️😭⚠️,💀🕳️😭⚠️",1
426,"💀🕳️😭⚠️😩,💀⚠️🕳️😭,💀🕳️😭⚠️,💀🕳️😭⚠️,💀😭😩⚠️🕳️",1
426,"💀⚠️🕳️😭,💀🕳️😭⚠️,💀🕳️😭⚠️,💀😭😩⚠️🕳️,😔💔😢🕳️⚠️",1
426,"💀🕳️😭⚠️,💀🕳️😭⚠️,💀😭😩⚠️🕳️,😔💔😢🕳️⚠️,💀🕳️😰⚠️😭",0
426,"💀🕳️😭⚠️,💀😭😩⚠️🕳️,😔💔😢🕳️⚠️,💀🕳️😰⚠️😭,😔💔😢⚠️🕳️",0
426,"💀😭😩⚠️🕳️,😔💔😢🕳️⚠️,💀🕳️😰⚠️😭,😔💔😢⚠️,😔💔😢",0
426,"😔💔😢🕳️⚠️,💀🕳️😰⚠️😭,😔💔😢⚠️🕳️,😔💔😞,😔💔😢",0
426,"💀🕳️😰⚠️😭,😔💔😢⚠️,😔💔😢,😔💔😢,😔💔😢",0
426,"😔💔😢⚠️🕳️,😔💔😞,😔💔😢,😔💔😢,😔💔😢😞⚠️",0
426,"😔💔😞,😔💔😢,😔💔😢,😔💔😢😞😖,💀😭🕳️💔😰",1
426,"😔💔😢,😔💔😢,😔💔😢😞⚠️,💀😭🕳️💔😰,😔💔😢⚠️🕳️",0
426,"😔💔😢,😔💔😢😞😣,💀😭🕳️💔😰,😔💔😢⚠️🕳️,😔💔🕳️😭⚠️",0
426,"😔💔😢😞😖,💀😭🕳️💔😰,😔💔😢⚠️,😔💔😞⚠️🕳️,😔💔😞",1
426,"💀😭🕳️💔😰,😔💔😢⚠️,😔💔😞⚠️🕳️,😔💔😢,💀😔🕳️😭⚠️",0
426,"😔💔🕳️😭⚠️,😔💔🕳️⚠️😭,😔💔😢,💀😔🕳️😭⚠️,💀🕳️😭🚨",2
426,"😔💔😞⚠️🕳️,😔💔😢,💀😔🕳️😭⚠️,💀🕳️😭🚨,💀🕳️😭⚠️🔪",0
426,"😔💔😢,💀🕳️😭💔⚠️,💀🕳️😭🚨,💀🕳️😭⚠️🔪,😔💔😢",0
426,"💀🕳️😭💔⚠️,💀🕳️😭🚨,💀🕳️😭⚠️🔪,😔💔😢,💀⚰️⚠️😭🕳️",0
426,"💀🕳️😭🚨,💀🕳️😭⚠️🔪,😔💔😢,💀⚰️🕳️😭⚠️,😔💔😢",0
426,"💀🕳️😭⚠️🔪,😔💔😢,💀⚰️⚠️😭🕳️,😔💔😢,😔💔😢😞",0
426,"😔💔😢,💀⚰️⚠️😭🕳️,😔💔😢,😔💔😢😞⚠️,😔💔😢",0
426,"💀⚰️🕳️😭⚠️,😔💔😢,😔💔😢😞,😔💔😢,😔💔😞",0
426,"😔💔😢,😔💔😢,😔💔😢,😔💔😞,💀😔💔⚠️🕳️",1
426,"😔💔😢,😔💔😢,😔💔😞,💀😔💔⚠️,💀😭⚠️🕳️",1
426,"😔💔😢,😔💔😞,💀😔💔⚠️🕳️,💀😭⚠️🕳️,💀😭⚠️🕳️",3
426,"😔💔😞,💀😔💔⚠️🕳️,💀😭⚠️🕳️,💀😭⚠️🕳️,💀🕳️😭⚠️",3
426,"💀😔💔⚠️🕳️,💀😭⚠️🕳️,💀😭⚠️🕳️,💀🕳️😭⚠️,💀🔪⚠️🕳️😭",0
426,"💀😭⚠️🕳️,💀😭⚠️🕳️,💀🕳️😭⚠️,💀🔪⚠️🕳️😭,😔🕳️😰",1
426,"💀😭⚠️🕳️,💀🕳️😭⚠️🪦,💀🕳️🔪😭⚠️,😔🕳️💀,💀😭⚠️🕳️😰",0
426,"💀🕳️😭⚠️,💀🔪⚠️🕳️😭,😔🕳️💀,💀😭⚠️🕳️😰,😔💔⚠️",2
426,"💀🔪⚠️🕳️😭,😔🕳️💀,💀😭⚠️🕳️😰,😔⚠️🕳️,💀🔪😭🕳️🚨",0
426,"😔🕳️💀,💀😭⚠️🕳️😰,😔💔⚠️,💀🔪😭🕳️🚨,😭🕳️⚠️",1
426,"💀😭⚠️🕳️😰,😔💔⚠️,💀🔪😭🕳️🚨,😭🕳️⚠️,🕳️😰😔😭⚠️",1
426,"😔💔⚠️,💀🔪🕳️😭,😭🕳️⚠️,🕳️😰😔😭⚠️,💀🕳️😭⚠️",0
426,"💀🔪😭🕳️🚨,😭🕳️⚠️,🕳️😰😔😭⚠️,💀🕳️😭⚠️,😔💔😞",0
426,"😭🕳️⚠️,🕳️😰😔😭⚠️,💀😭🕳️⚠️,😔💔😢,😔💔😞",0
426,"🕳️😰😔💀⚠️,💀😭🕳️⚠️,😔💔😢,😔💔😞,😔💔🕳️⚠️",1
426,"💀😭🕳️⚠️,😔💔😢,😔💔😞,😔💔🕳️⚠️😭,💀🔪😭⚠️",0
426,"😔💔😢,😔💔😞,😔💔🕳️⚠️😭,💀🔪🕳️😭,😔💔😢",0
426,"😔💔😞,😔💔🕳️⚠️😭,💀🔪😭⚠️,😔💔😢,😔💔😢",0
426,"😔💔🕳️⚠️,💀🔪😭⚠️,😔💔😢,😔💔😢,😔💔😖😞⚠️",0
426,"💀🔪🕳️😭,😔💔😢,😔💔😢,😔💔😖😞⚠️,😔💔😢",0
426,"😔💔😢,😔💔😢,😔💔😖😞⚠️,😔💔😢,😰🕳️😭⚠️",0
426,"😔💔😢,😔💔😖😞⚠️,😔💔😢,😰🕳️😭⚠️,😔😞😖⚠️🕳️",3
426,"😔💔😖😞⚠️,😔💔😢,😰🕳️😭⚠️,😔😞😖⚠️🕳️,💀⚠️🕳️😭🚨",1
426,"😔💔😢,😰🕳️😭⚠️,😔😞⚠️,💀⚠️🕳️😭🚨,💀😭⚠️🕳️",1
426,"😰🕳️😭⚠️,😔😞⚠️,💀⚠️🕳️😭🚨,💀😭⚠️🕳️,💀🕳️😭😔⚠️",0
426,"😔😞⚠️,💀⚠️🕳️😭🚨,💀😭⚠️🕳️,💀🕳️😭😔⚠️,😔💔😢",1
426,"💀⚠️🕳️😭🚨,💀😭⚠️🕳️,💀🕳️😭😔⚠️,😔💔😢,💀🕳️😭⚠️",0
426,"💀😭⚠️🕳️,💀🕳️😭😔⚠️,😔💔😢,💀😭🕳️⚠️,😔💔🕳️⚠️",1
426,"💀🕳️😭😔⚠️,😔💔😢,💀😭🕳️⚠️,😔💔🕳️⚠️,💀⚠️🕳️😭🔪",1
426,"😔💔😢,💀😭🕳️⚠️,😔💔🕳️⚠️😭,💀⚠️🕳️😭🔪,💀😭⚠️🕳️",0
426,"💀😭🕳️⚠️,😔💔🕳️⚠️😭,💀🕳️⚠️😭🔪,💀😭⚠️🕳️,😔💔😖⚠️🕳️",0
426,"😔💔🕳️⚠️,💀🕳️⚠️😭🔪,💀😭⚠️🕳️,😔💔😖⚠️🕳️,😔💔😢",0
426,"💀🕳️⚠️😭🔪,💀😭⚠️🕳️,😔💔😢⚠️,😔💔😢,💀🕳️😭🔪⚠️",0
426,"💀😭⚠️🕳️,😔💔😖⚠️🕳️,😔💔😢,💀🕳️😭🔪⚠️,💀🕳️😭",0
426,"😔💔😢⚠️,😔💔😢,💀🕳️😭🔪,💀🕳️😭,😔🤢😖",1
426,"😔💔😢,💀🕳️😭🔪⚠️,💀🕳️😭😔⚠️,😔🤢😖,💀😭⚠️🕳️",0
426,"💀🕳️😭🔪⚠️,💀🕳️😭😔⚠️,😔🤢😖,💀😭⚠️🕳️,😔💔😞",0
426,"💀🕳️😭,😔🤢😖,💀😭⚠️🕳️,😔💔😞,💀😰🕳️😭⚠️",0
426,"😔🤢😖,💀😭⚠️🕳️,😔💔😞,💀😰🕳️😭⚠️,💀😰🕳️😭⚠️",0
426,"💀😭⚠️🕳️,😔💔😞,💀😰🕳️😭⚠️,💀😰🕳️😭⚠️,😰💀",0
426,"😔💔😞,💀😰🕳️😭⚠️,💀😰🕳️😭⚠️,😰💀⚠️😭,😔😢⚠️",0
426,"💀😰🕳️😭⚠️,💀😰🕳️😭⚠️,😰💀,😔💔😭⚠️,😔💔😢",1
426,"💀😰🕳️😭⚠️,😰💀⚠️😭,😔😢⚠️,😔💔😢,💀😭⚠️😔💔",0
426,"😰🕳️😭⚠️,😔💔,😔💔😢,💀😭🕳️⚠️,😔💔😢",1
426,"😔💔😭⚠️,😔💔😢,💀😭🕳️⚠️,😔💔😢,💀😰🕳️😭⚠️",0
426,"😔💔😢,💀😭🕳️⚠️,😔💔😢⚠️,💀😰🕳️😭⚠️,😔😢⚠️",0
426,"💀😭🕳️⚠️,😔💔😢,💀😰🕳️😭⚠️,😰😔💔⚠️,😔💔😞⚠️",2
426,"😔💔😢,💀😰🕳️😭⚠️,😔😭,😔💔😞⚠️,💀🔪😰🕳️",0
426,"💀😰🕳️😭⚠️,😔😭,😔💔😞⚠️,💀🔪😰🕳️,💀🕳️😭😔⚠️",1
426,"😰😔💔⚠️,😔💔😞⚠️,💀🔪😰🕳️,💀🕳️😭😔⚠️,💀😰🕳️😭⚠️",0
426,"😔💔😞⚠️,💀🔪😰🕳️,💀😔🕳️😭⚠️,💀😰🕳️😭⚠️,💀😰🕳️😭⚠️",1
426,"💀🔪😰⚠️,💀🕳️😭😔⚠️,💀😰🕳️😭⚠️,💀😰🕳️😭⚠️,💀🕳️😭⚠️",1
426,"💀🕳️😭😔⚠️,💀😰🕳️😭⚠️,💀😰🕳️😭⚠️,💀🕳️😭⚠️,💀😰🕳️😭⚠️",0
426,"💀😰🕳️😭⚠️,💀😰🕳️😭⚠️,💀🕳️😭⚠️,💀😰🕳️😭⚠️,💀😰🕳️😭⚠️",0
426,"💀😰🕳️😭⚠️,💀🕳️😭⚠️,💀😰🕳️😭⚠️,😰🕳️😭⚠️😔,💀🕳️😭😔⚠️",0
426,"💀🕳️😭⚠️,💀😰🕳️😭⚠️,😰🕳️😭⚠️😔,😔💔😰🕳️😭,😭😔💔⚠️🕳️",3
426,"💀😰🕳️😭⚠️,😰🕳️😭⚠️😔,💀🕳️😭😔⚠️,💀😰🕳️😭⚠️,💀⚠️🕳️🔪😭",0
426,"😰🕳️😭⚠️😔,💀🕳️😭😔⚠️,😭😔💔⚠️🕳️,💀🕳️⚠️🔪😭,😔😩😞⚠️",2
426,"😔💔😰🕳️😭,😭😔💔⚠️🕳️,💀🕳️⚠️🔪😭,😔😩😞🕳️⚠️,💀🔪😭⚠️🕳️",0
426,"😭😔💔⚠️🕳️,💀🕳️⚠️🔪😭,😔😞😩💔⚠️,💀🔪😭⚠️🕳️,💀⚠️🕳️😭🔪",1
429,"💀🚨⚠️🕳️😭,💀😭⚠️🕳️,💀💊⚠️😭🕳️,💀💊🚨⚠️😭,💀🔪🚨🕳️",2
429,"💀😭⚠️🕳️😰,💀💊🕳️😭,💀💊🚨⚠️😭,💀🔪🚨😭,💀🔪🚨⚠️😭",2
429,"💀💊⚠️😭🕳️,💀💊🚨⚠️😭,💀🔪🚨😭,💀🔪🚨⚠️😭,💀🔪🚨⚠️😭",1
429,"💀💊🚨⚠️😭,💀🔪🚨🕳️,💀🔪🚨⚠️😭,💀🔪🚨⚠️😭,💀🔪🚨😭⚠️",2
429,"💀🔪🚨😭,💀🔪🚨⚠️😭,💀🔪🚨⚠️😭,💀🔪🚨😭⚠️,💀💊🚨⚠️🕳️",2
429,"💀🔪🚨⚠️😭,💀🔪🚨⚠️😭,💀🔪🚨😭,💀💊🚨⚠️🕳️,💀🚨⚠️🕳️🔫",2
429,"💀🔪🚨😭⚠️,💀🔪🚨😭⚠️,💀💊🚨⚠️🕳️,💀🚨⚠️🕳️🔫,💀💊🚨😭⚠️",1
429,"💀🔪🚨😭,💀💊🚨⚠️🕳️,💀🚨⚠️🕳️🔫,💀💊🚨😭⚠️,💀🕳️😭⚠️",0
429,"💀💊⚠️🕳️,💀🚨⚠️🕳️🔫,💀💊🚨😭⚠️,💀🕳️😭⚠️,💀🕳️😰😔⚠️",2
429,"💀🚨⚠️🕳️🔫,💀💊🚨⚠️😭,💀🕳️😭⚠️,💀🕳️😰😔⚠️,💀💊🕳️😭",0
429,"💀💊🚨😭⚠️,💀😭🕳️⚠️😔,💀🕳️😰😔⚠️,💀💊🕳️😭,💊💀⚠️😭🕳️",2
429,"💀🕳️😭⚠️,💀🕳️😰😔⚠️,💀💊🕳️🚨,💊💀⚠️😭🕳️,💀💊😭⚠️🕳️",3
429,"💀🕳️😰😔⚠️,💀💊🕳️🚨,💊💀⚠️😭🕳️,💀💊🕳️😭,💀💊🚨⚠️🕳️",1
429,"💀💊🕳️🚨,💊💀⚠️😭🕳️,💀💊😭⚠️🕳️,💀💊🚨⚠️🕳️,💀🕳️⚠️😭🙏",3
429,"💊💀⚠️😭🕳️,💀💊🕳️😭,💀💊🚨⚠️🕳️,💀🕳️⚠️😭🙏,💀💊🚨⚠️😭",1
429,"💀💊😭⚠️🕳️,💀💊🚨⚠️🕳️,💀🕳️⚠️😭🙏,💀💊🚨⚠️😭,💀🚨⚠️🔫😭",1
429,"💀💊🚨⚠️🕳️,💀🕳️⚠️😭🙏,💀💊🚨⚠️😭,💀🚨⚠️🔫😭,💀🚨⚠️🔫😭",3
429,"💀🕳️⚠️😭🙏,💀💊🚨⚠️😭,💀🚨⚠️🔫😭,💀🚨⚠️🔫😭,💀💊🚨😭⚠️",2
429,"💀💊🚨⚠️😭,💀🚨⚠️🔫😭,💀🚨⚠️🔫😭,💀💊🚨😭⚠️,💀💊🕳️🚨",2
429,"💀🚨⚠️🔫😭,💀🚨⚠️🔫😭,💀💊🚨😭⚠️,💀💊🕳️🚨,💀💊🚨⚠️😭",2
429,"💀🚨⚠️🔫😭,💀💊🚨😭⚠️,💀💊🕳️🚨,💀💊🚨⚠️😭,💀💊🚨⚠️😭",2
429,"💀💊🚨😭⚠️,💀💊⚠️😭,💀💊🚨⚠️😭,💀💊🚨⚠️😭,💀🔪🚨🕳️",2
429,"💀💊🕳️🚨,💀💊🚨⚠️😭,💀💊🚨⚠️😭,💀🔪🚨🕳️,💀💊🚨⚠️😭",2
429,"💀💊🚨⚠️😭,💀💊🚨⚠️😭,💀🔪🚨🕳️,💀💊🚨⚠️😭,💀💊🚨⚠️😭",2
429,"💀💊🚨⚠️😭,💀🔪🚨⚠️😭,💀💊🚨⚠️😭,💀💊🚨😭🕳️,💀💊🚨😭⚠️",1
429,"💀🔪🚨🕳️,💀💊🚨⚠️😭,💀💊🚨😭🕳️,💀💊🚨😭⚠️,💀😭🕳️⚠️",2
430,"💀😰🕳️😭⚠️,💀🕳️😰🔪⚠️,💀😭🕳️⚠️😔,💀😭🕳️⚠️😔,💀🔪🚨⚰️😭",3
430,"💀🕳️😰🔪⚠️,💀😭🕳️⚠️😔,💀😭🕳️⚠️😔,💀🔪🚨⚠️🕳️,💀🕳️⚠️😭🔪",1
430,"💀😭🕳️⚠️😔,💀😭🕳️⚠️😔,💀🔪🚨⚰️😭,💀🕳️⚠️😭🔪,💀🕳️😭⚠️🌑",1
430,"💀😭🕳️⚠️😔,💀🔪🚨⚰️😭,💀🕳️⚠️😭🔪,💀🕳️😭⚠️🌑,💀🔫⚠️😰🕳️",2
430,"💀🔪🚨⚰️😭,💀🕳️⚠️😭🔪,💀🕳️😭⚠️🌑,💀🔫⚠️😰🕳️,💀🕳️⚠️😭🔪",0
430,"💀🕳️⚠️😭🔪,💀🕳️😭⚠️🌑,💀🔫⚠️😰🕳️,💀🕳️⚠️😭🔪,💀😔💔",0
430,"💀🕳️😭⚠️🌑,💀🔫⚠️😰🕳️,💀🕳️⚠️😭🔪,💔😔💀,💀🕳️😭😔⚠️",0
430,"💀🔫⚠️😭🕳️,💀🕳️⚠️😭🔪,💀😔💔⚠️,💀🕳️😭😔⚠️,💀🕳️😭😔⚠️",1
430,"💀🕳️⚠️😭🔪,💀😔💔⚠️,💀🕳️😭😔⚠️,💀🕳️😭😔⚠️,💀🕳️😰😭⚠️",1
430,"💀😔💔⚠️,💀🕳️😭😔⚠️,💀🕳️😭😔⚠️,💀🕳️😰😭⚠️,💀⚠️😭🔪",2
430,"💀🕳️😭😔⚠️,💀🕳️😭😔⚠️,💀🕳️😰😭⚠️,💀⚠️😭🔪,💀🔫🚨⚠️🕳️",2
430,"💀🕳️😭😔⚠️,💀🕳️😰😭⚠️,💀⚠️😭🔪,💀🔫🚨⚠️🕳️,💀⚠️🕳️😰",2
430,"💀🕳️😰😭⚠️,💀⚠️😭🔪,💀🔫🚨⚠️🕳️,💀🕳️⚠️😭,💀🔪⚠️😰🕳️",2
431,"😔💔😢😞⚠️,💀🕳️😭⚠️,😔💔😢😞⚠️,💀🔪🚨😭🕳️,💀😔🕳️😭⚠️",1
431,"💀🕳️😭⚠️,😔💔😢,💀🔪🚨😭🕳️,💀😔😭⚠️🕳️,💀😭⚠️😔💊",1
431,"😔💔😢,💀🔪🚨😭🕳️,💀🕳️😭⚠️😔,💀😭😔⚠️,💀😭🕳️💔😔",1
436,"💀🕳️😭⚠️😰,😔💔😖🕳️⚠️,💀🕳️😭😔⚠️,😔💔😢⚠️,💀🕳️😭😔⚠️",0
436,"😔💔😖😞⚠️,💀🕳️😭😔⚠️,😔💔😢⚠️,💀🕳️😭😔⚠️,😔💔😰🕳️😭",1
436,"💀🕳️😭😔⚠️,😔💔😢⚠️,💀🕳️😭😔⚠️,😔💔😰🕳️😭,💀😰🕳️😭⚠️",0
436,"😔💔😢⚠️,💀🕳️😭😔⚠️,😔💔😰🕳️😭,💀😰🕳️😭⚠️,💀🕳️😭😔💔",1
436,"💀🕳️😭😔⚠️,😔💔😰🕳️😭,💀😰🕳️😭⚠️,💀🕳️😭😔⚠️,💀😭🕳️⚠️😔",1
436,"😔💔😰🕳️😭,💀😰🕳️😭⚠️,💀🕳️😭😔💔,💀😭🕳️⚠️😔,💀🕳️😭⚠️",0
436,"💀😰🕳️😭⚠️,💀🕳️😭😔💔,💀😭🕳️⚠️😔,💀🕳️😭⚠️,😔😖😞💔⚠️",1
436,"💀🕳️😭😔⚠️,💀😭🕳️⚠️😔,💀🕳️😭⚠️,😔😖😞💔⚠️,💀🕳️😭⚠️",1
436,"💀😭🕳️⚠️😔,💀🕳️😭⚠️,😔😖😞💔⚠️,💀😭⚠️🕳️,💀😭⚠️🕳️💔",0
436,"💀🕳️😭⚠️,😔😰🕳️💔,💀😭⚠️🕳️,💀😭⚠️🕳️💔,💀😔🕳️💔⚠️",0
439,"💀🕳️😭⚠️🩸,💀🕳️😭🔪🚨,💀😔🕳️😭⚠️,💀🕳️😭⚠️😖,💀🕳️😭⚠️🔪",0
439,"💀🕳️😭🔪🚨,💀😔🕳️😭⚠️,💀🕳️😭⚠️😖,💀🕳️😭⚠️🔪,😔💔😢🕳️⚠️",2
439,"💀😔🕳️😭⚠️,💀🕳️😭⚠️😖,💀🕳️😭⚠️🔪,😔💔😢🕳️⚠️,💀🕳️🚨😭⚠️",2
439,"💀🕳️😭⚠️😖,💀🕳️😭⚠️😫,😔💔😢🕳️⚠️,💀🕳️🚨😭⚠️,💀🕳️😭⚠️",1
439,"💀🕳️😭⚠️🔪,😔💔🕳️😭⚠️,💀🕳️🚨😭⚠️,💀🕳️😭⚠️,💀🕳️🚨😭🌑",0
439,"😔💔😢🕳️⚠️,💀🕳️🚨😭⚠️,💀🕳️😭⚠️,💀🕳️🚨😭🌑,😰🕳️😭⚠️",3
439,"💀🕳️🚨😭⚠️,💀🕳️😭⚠️,💀🕳️🚨😭🌑,😰🕳️😭⚠️,💀💊⚠️😭🕳️",3
439,"💀🕳️😭⚠️,💀🕳️🚨😭🌑,😰🕳️😭⚠️,💀💊⚠️😭🕳️,💀⚠️🕳️😭💔",1
439,"💀🕳️🚨😭🌑,😰🕳️😭⚠️,💀💊⚠️😭🕳️,💀⚠️🕳️😭,💀🕳️😭⚠️🩸",1
439,"😰🕳️😭⚠️,💀💊⚠️😭🕳️,💀⚠️🕳️😭😔,💀🕳️😭⚠️🩸,💀😰🕳️😭⚠️",1
439,"💀💊⚠️😭🕳️,💀🕳️😭⚠️,💀🕳️😭⚠️🩸,💀😰🕳️😭⚠️,💀😭⚠️🕳️😰",0
440,"💀🕳️😭💔⚠️,💀😭⚠️💔,💀⚠️🕳️😭,😊😌💪,💀😔🕳️😭⚠️",0
440,"💀😭⚠️🕳️,💀⚠️🕳️😭,😊😌💪,💀😔🕳️😭⚠️,💀🕳️😭😔⚠️",0
440,"💀⚠️🕳️😭,😊😌💪,💀🕳️😭⚠️,💀🕳️😭😔⚠️,🕳️😔💔😞⚠️",0
440,"😊😌💪,💀😔🕳️😭⚠️,💀🕳️😭😔⚠️,🕳️😔💔😞⚠️,😔💔😢🕳️😭",0
440,"💀😔🕳️😭⚠️,💀🕳️😭😔⚠️,😔💔🕳️😭⚠️,😔💔😢🕳️😭,😔💔😢🕳️😭",2
440,"💀🕳️😭😔⚠️,🕳️😔💔😞⚠️,😭😔🕳️💔⚠️,😔💔😢🕳️😭,💀⚠️😭🕳️🚨",0
440,"😔💔🕳️😭⚠️,😔💔😢🕳️😭,😔💔😢🕳️😭,💀⚠️😭🕳️🚨,💀😰🕳️😭⚠️",1
440,"😔💔😢🕳️😭,😔💔😢🕳️😭,💀⚠️😭🕳️🔪,💀😰🕳️😭⚠️,💀🕳️😭⚠️💔",1
440,"😔💔😢🕳️😭,💀🕳️😭⚠️🚨,💀😰🕳️😭⚠️,💀🕳️😭⚠️💔,💀😭🕳️⚠️😔",1
440,"💀⚠️😭🕳️🔪,💀😰🕳️😭⚠️,💀🕳️😭⚠️💔,💀😭⚠️🕳️😔,💀😭🕳️⚠️",1
440,"💀😰🕳️😭⚠️,💀🕳️😭⚠️💔,💀😭⚠️🕳️😔,💀😭🕳️⚠️🩸,💀🕳️⚠️😭🌑",1
440,"💀🕳️😭⚠️💔,💀😭🕳️⚠️😔,💀😭🕳️⚠️🩸,💀🕳️⚠️😭🌑,💀🕳️😭⚠️😔",1
440,"💀😭⚠️🕳️😔,💀😭🕳️⚠️😖,💀🕳️⚠️😭🌑,💀🕳️😭⚠️😔,💀⚠️😭🔪",2
440,"💀😭🕳️⚠️😔,💀🕳️⚠️😭🌑,💀🕳️😭⚠️😔,💀⚠️😭🔪,💀⚠️🕳️😭⚰️",3
440,"💀🕳️⚠️😭🌑,💀🕳️😭⚠️😔,💀⚠️😭🔪,💀⚰️⚠️😭🕳️,💀💊🚨😭⚠️",1
440,"💀🕳️😭⚠️😔,💀⚠️😭🔪,💀⚰️🚨🕳️😭,💀💊🚨😵,💀🕳️😭⚠️",2
440,"💀⚠️😭🔪,💀⚰️🔪🚨,💀💊🚨😵🩸,💀🕳️😭⚠️,💀⚠️🪦😰🔪",0
440,"💀⚰️🔪⚠️😭,💀💊🚨⚠️😵,💀🕳️😭⚠️,💀⚠️🪦😰🔪,💀🕳️😭😔⚠️",1
441,"💀💔😭⚠️🕳️,💀😔🕳️😭⚠️,💀😔😩⚠️,💀🕳️😭⚠️,💀⚠️😭🕳️🐕",2
441,"💀😔🕳️😭⚠️,💀😔😩⚠️,💀🕳️😭⚠️,💀⚠️😭🕳️🐕,💀⚠️🕳️😭🚨",1
441,"💀😔😩⚠️,💀🕳️😭⚠️,💀⚠️😭🕳️🐾,💀⚠️🕳️😭🚨,💀😔🕳️💔⚠️",1
442,"💀😭⚠️🕳️😖,💀😰🕳️😭⚠️,💀😭🕳️⚠️😫,💀😭⚠️🕳️,💀🕳️🚨😭🔪",0
442,"💀😰🕳️😭⚠️,💀😭⚠️🕳️😔,💀😭⚠️🕳️,💀🕳️🚨😭⚠️,💀🕳️😰😔⚠️",1
442,"💀😭⚠️🕳️😫,💀🔪😭⚠️,💀🕳️🚨😭🔪,💀🕳️😰😔⚠️,💀😭🕳️⚠️😔",0
442,"💀😭⚠️🕳️,💀🕳️🚨😭⚠️,💀🕳️😰😔⚠️,💀😭🕳️⚠️😔,😔💔😡",0
442,"💀🕳️🚨😭⚠️,💀🕳️😰😔⚠️,💀😭🕳️⚠️😔,😔💔😡,💀🔪😭⚠️🕳️",0
442,"💀🕳️😰😔⚠️,💀😭🕳️⚠️😔,😔💔😡,💀🔪😭⚠️🕳️,⚠️😰😔💥",1
442,"💀😭🕳️⚠️😔,😔💔😡,💀🔪😭⚠️🕳️,😔⚠️😰💔,💀😰🕳️😭⚠️",1
442,"😔💔😡,💀🔪😭⚠️🕳️,😔⚠️😰💔,💀😰🕳️😭⚠️,💀😭🔪🕳️",2
442,"💀🔪😭⚠️🕳️,⚠️😰😔💥,💀😰🕳️😭⚠️,💀😭🔪🕳️,💀⚠️😰🔪🚨",1
442,"😔⚠️😰💔,💀😰🕳️😭⚠️,💀😭🔪🕳️,💀⚠️😰🕳️😭,💀🕳️😭⚠️",1
442,"💀😰🕳️😭⚠️,💀😭🔪🕳️,💀⚠️😰🔪🚨,💀🕳️😭⚠️,💀🔪🚨😭",1
442,"💀😭🔪🕳️,💀⚠️😰🔪🚨,💀🕳️😭⚠️,💀🔪🚨😭,💀😭⚠️🕳️🔪",0
442,"💀⚠️😰🔪🚨,💀🕳️😭⚠️,💀🔪🚨😭,💀😭⚠️🕳️🔪,😔💔😡",1
442,"💀🕳️😭⚠️,💀🔪🚨😭,💀😭⚠️🕳️😖,😔💔😡,💀😭🕳️⚠️😖",1
442,"💀🔪🚨😭,💀😭⚠️🕳️🔪,😔💔😡,💀😭🕳️⚠️😖,💀🔪😭⚠️",1
442,"💀😭⚠️🕳️🔪,😔💔😡,💀😭🕳️⚠️😖,💀🔪😭⚠️,💀😭⚠️🕳️😔",1
442,"😔💔😡,💀😭🕳️⚠️😖,💀🔪😭⚠️,💀😭⚠️🕳️😔,💀😔🕳️😭⚠️",0
442,"💀😭🕳️⚠️😖,💀🔪😭⚠️,💀😭⚠️🕳️😔,💀😔🕳️😭⚠️,😔💔😞⚠️",1
442,"💀🔪😭⚠️,💀😭⚠️🕳️😔,💀🕳️😭😔⚠️,😔💔😞⚠️,💀⚠️🔪😭🚨",0
442,"💀😭⚠️🕳️😔,💀😔🕳️😭⚠️,😔💔😞⚠️,💀⚠️🔪😭🚨,😔💔😞😩⚠️",1
442,"💀😔🕳️😭⚠️,😔💔😞⚠️,💀⚠️🔪😭😡,😔💔😞😩⚠️,💀🔪⚠️😭🕳️",1
442,"😔💔😞⚠️,💀⚠️🔪😭🚨,😔💔😞😩⚠️,💀🔪⚠️😭🕳️,💀⚠️😭😔🕳️",1
442,"💀🔪⚠️😭😡,😔💔😞😩🕳️,💀🔪⚠️😭🕳️,💀⚠️😭😔🕳️,💀🕳️😭⚠️",1
442,"😔💔😞😩⚠️,💀🔪⚠️😭🕳️,💀⚠️😭😔🕳️,💀🕳️😭⚠️,💀🔪⚠️😭🕳️",0
442,"💀🔪⚠️😭🕳️,💀⚠️😭😔🕳️,💀🕳️😭⚠️,💀🔪⚠️😭🕳️,😰🕳️😭⚠️",0
442,"💀⚠️😭😔🕳️,💀🕳️😭⚠️,💀🔪⚠️😭🕳️,😰🕳️😭⚠️,😔💔😖🕳️⚠️",1
442,"💀🕳️😭⚠️,💀🔪⚠️😭🕳️,😰🕳️😭⚠️,😔💔😖🕳️⚠️,💀⚠️😰🕳️😭",1
442,"💀🔪⚠️😭🕳️,😰🕳️😭😔,😔💔😖🕳️⚠️,💀⚠️😰🕳️😭,💀😭⚠️😔🕳️",2
442,"😰🕳️😭⚠️,😔💔😖🕳️⚠️,💀⚠️😰🕳️😭,💀😭⚠️😔🕳️,💀😰😭⚠️🕳️",1
442,"😔💔😖🕳️⚠️,💀⚠️😰🕳️😭,💀😭⚠️😔🕳️,💀😰😭⚠️🕳️,💀😰🕳️😭⚠️",0
442,"💀⚠️😰🕳️😭,💀😭⚠️😔🕳️,💀😰😭⚠️🕳️,💀😰🕳️😭⚠️,💀🕳️😭😔💔",1
442,"💀😭⚠️😔💔,💀😰😭⚠️🕳️,💀😰🕳️😭⚠️,💀😔🕳️😭⚠️,💀😭🕳️⚠️😔",1
442,"💀😰😭⚠️🕳️,💀😭⚠️🕳️😔,💀😔🕳️😭⚠️,💀😭🕳️⚠️😔,💀😰🕳️😭⚠️",1
442,"💀😭⚠️🕳️😔,💀😔🕳️😭⚠️,💀😭🕳️⚠️😔,💀😰🕳️😭⚠️,💀😭⚠️😔💔",0
442,"💀😔🕳️😭⚠️,💀😭🕳️⚠️😔,💀😰🕳️😭⚠️,💀😭⚠️🕳️😔,😔💔😢",0
443,"💀🕳️😭⚠️💊,💀💊⚠️🕳️😭,💀💊😰⚠️,💀🕳️😭⚠️🔪,💀💊🚨😭🕳️",2
443,"💀💊⚠️🕳️😭,💀💊😰⚠️,💀🕳️😭⚠️🔪,💀💊🚨😭🕳️,💀💊🔪🚨😭",1
443,"💀💊😰⚠️,💀🕳️😭⚠️🔪,💀💊🚨😭🕳️,💀💊🔪🚨😭,💀⚠️🕳️😭",3
443,"💀🕳️😭⚠️🔪,💀💊🚨😭🕳️,💀💊🔪🚨😭,💀⚠️🕳️😭,💀💊😭⚠️🕳️",0
443,"💀💊🚨😭🕳️,💀💊🔪🚨😭,💀⚠️🕳️😭,💀💊😭⚠️🕳️,💀🕳️😭⚠️",3
444,"💀🕳️😭⚠️,💀😭🕳️⚠️😔,💀💊😰🕳️⚠️,💀⚠️🕳️😭,💀🕳️😭😔💔",3
444,"💀😭🕳️⚠️😔,💀💊😰🕳️⚠️,💀🕳️⚠️😭🚨,💀🕳️😭😔💔,💀🕳️😭⚠️😔",2
444,"💀💊😰🕳️⚠️,💀🕳️⚠️😭🚨,💀🕳️😭😔💔,💀🕳️😭⚠️😔,💀🕳️😭⚠️🔪",1
444,"💀⚠️🕳️😭,💀🕳️😭😔💔,💀🕳️😭⚠️😔,💀🕳️😭⚠️🔪,💀📝😡🕳️🚨",2
444,"💀🕳️😭😔💔,💀🕳️😭⚠️😔,💀⚠️😭🕳️🔪,💀📝😡🕳️⚠️,💀⚠️🕳️😭💊",1
444,"💀🕳️😭⚠️😔,💀🕳️😭⚠️🚨,💀📝😡🕳️🚨,💀⚠️🕳️😭💊,💀🕳️😭😔⚠️",0
444,"💀⚠️😭🕳️🔪,💀📝😡🕳️🚨,💀⚠️🕳️😭💊,💀🕳️😭😔⚠️,💀🕳️😭😰⚠️",0
444,"💀📝😡🕳️⚠️,💀⚠️🕳️😭💊,💀🕳️😭😔⚠️,💀🕳️😭⚠️,😔💔😢😞⚠️",1
444,"💀⚠️🕳️😭💊,💀🕳️😭😔⚠️,💀🕳️😭⚠️,😔💔😢😞⚠️,💀🕳️😰😭⚠️",2
444,"💀🕳️😭😔⚠️,💀😭🕳️⚠️,😔💔😞🕳️⚠️,💀🕳️😰😭⚠️,💀⚠️🪦😰🕳️",1
444,"💀🕳️😭⚠️,😔💔😞🕳️⚠️,💀🕳️😰😭⚠️,💀⚠️🪦😰🕳️,💀🕳️😭😔⚠️",1
444,"😔💔😢😞⚠️,💀🕳️😰😭⚠️,💀⚠️🪦😰🕳️,💀🕳️😭😔⚠️,💀🕳️⚠️😭😰",1
444,"💀🕳️😰😭⚠️,💀⚠️🪦😰🕳️,💀🕳️😭😔⚠️,💀🕳️⚠️😭😰,💀⚠️🕳️😭🚨",2
444,"💀⚠️🪦😰🕳️,💀🕳️😭😔⚠️,💀🕳️⚠️😭😰,💀⚠️🕳️😭🚨,💀⚠️🕳️😭🔪",1
444,"💀🕳️😭😔⚠️,💀🕳️⚠️😭😰,💀⚠️🕳️😭🚨,💀⚠️🔪🕳️😭,💀🕳️😭⚠️😔",1
444,"💀🕳️⚠️😭😰,💀⚠️🕳️😭,💀⚠️🕳️😭🔪,💀🕳️😭⚠️😰,💀🕳️😭😔⚠️",1
444,"💀⚠️🕳️😭🚨,💀⚠️🔪🕳️😭,💀🕳️😭⚠️😔,💀🕳️😭😔⚠️,💀🕳️⚠️😭😰",0
444,"💀⚠️🕳️😭🔪,💀🕳️😭⚠️😰,💀🕳️😭😔⚠️,💀🕳️⚠️😭😰,😔💔😭🕳️⚠️",1
444,"💀🕳️😭⚠️😔,💀🕳️😭😔⚠️,💀🕳️⚠️😭😰,😔😭🕳️💔😴,💀😰🕳️😭⚠️",2
444,"💀🕳️😭⚠️😔,💀🕳️⚠️😭😰,😔😭🕳️💔😴,💀😰🕳️😭⚠️,💀⚠️🕳️😭",2
444,"💀🕳️⚠️😭😰,😔😭🕳️💔😴,💀😰🕳️😭⚠️,💀⚠️🕳️😭,💀😔🕳️⚠️😭",3
444,"😔😭🕳️💔😴,💀😰🕳️😭⚠️,💀⚠️🕳️😭,💀😔🕳️⚠️😭,💀🕳️🚨😭⚠️",1
444,"💀😰🕳️😭⚠️,💀⚠️🕳️😭,💀🕳️😩😔⚠️,💀🕳️🚨😭⚠️,💀🕳️⚠️😭😔",2
444,"💀⚠️🕳️😭🪦,💀🕳️😩😔⚠️,💀🕳️⚠️😭💊,💀🕳️⚠️😭😔,💀⚠️😭🕳️",2
444,"💀🕳️😩😔⚠️,💀⚠️🕳️😭💊,💀🕳️⚠️😭😔,💀⚠️😭🕳️,💀🚨😭🕳️⚠️",0
444,"💀🕳️🚨😭⚠️,💀🕳️⚠️😭😔,💀⚠️😭🕳️,💀🚨🕳️😭⚠️,😔💔😢🕳️⚠️",0
444,"💀🕳️⚠️😭😔,💀⚠️😭🕳️,💀🚨🕳️😭⚠️,😔💔😢🕳️⚠️,😔💔😢",0
444,"💀⚠️😭🕳️,💀🚨🕳️😭⚠️,😔💔😢🕳️⚠️,😔💔😢,💀🕳️😭⚠️",1
444,"💀🚨🕳️😭⚠️,😔💔😢🕳️⚠️,😔💔😢,💀🕳️😭⚠️😰,💀😭🕳️⚠️😔",1
444,"😔💔😢🕳️⚠️,😔💔😢,💀🕳️😭⚠️😰,💀😭🕳️⚠️😔,💀🕳️😭⚠️😔",1
444,"😔💔😢,💀🕳️😭⚠️😰,💀😭🕳️⚠️😔,💀🕳️😭⚠️😔,💀🙏😭⚠️",0
444,"💀🕳️😭⚠️😰,💀😭🕳️⚠️😔,💀🕳️😭⚠️😔,💀🙏😭⚠️,💀😭😔🕳️⚠️",2
444,"💀😭🕳️⚠️😔,💀🕳️😭⚠️😔,💀😭🕳️⚠️,💀😭😔🕳️⚠️,💀🕳️😭⚠️😔",1
444,"💀🕳️😭⚠️😔,💀🙏😭⚠️,💀😭🕳️⚠️😔,💀🕳️😭⚠️😔,💀😭🕳️⚠️😖",1
444,"💀😭🕳️⚠️,💀😭😔🕳️⚠️,💀🕳️😭⚠️😔,💀😭🕳️⚠️😖,💀🕳️😭⚠️😔",1
444,"💀😭🕳️⚠️😔,💀🕳️😭⚠️😔,💀😭🕳️⚠️😖,💀🕳️😭⚠️😔,💀😔🕳️😭⚠️",0
444,"💀🕳️😭⚠️😔,💀😭🕳️⚠️,💀🕳️😭⚠️😔,💀😔🕳️😭⚠️,😔💔😢😩⚠️",1
444,"💀😭🕳️⚠️😖,💀🕳️😭⚠️😔,💀😔🕳️😭⚠️,😔💔😢😭⚠️,💀🕳️⚠️😭💊",1
444,"💀🕳️😭⚠️😔,💀😔🕳️😭⚠️,😔💔😢😩⚠️,💀🕳️⚠️😭💊,💀🕳️😭⚠️",1
444,"💀😔🕳️😭⚠️,😔💔😢😭⚠️,💀🕳️⚠️😭💊,💀🕳️😭⚠️😔,💀🕳️😭⚠️😔",1
444,"😔💔😢😩⚠️,💀🕳️⚠️😭💊,💀🕳️😭⚠️,💀🕳️😭⚠️😔,💀🕳️😭⚠️💔",0
444,"💀🕳️⚠️😭💊,💀🕳️😭⚠️😔,💀🕳️😭⚠️😔,💀🕳️😭⚠️💔,💀🕳️😭⚠️🌉",0
444,"💀🕳️😭⚠️,💀🕳️😭⚠️😔,💀🕳️😭⚠️💔,💀🕳️😭⚠️🌉,😔💔😩⚠️",0
444,"💀🕳️😭⚠️😔,💀🕳️😭⚠️💔,💀🕳️😭⚠️🌉,😔💔😖😩😞,😔💔🕳️😭⚠️",2
444,"💀🕳️😭⚠️💔,💀🕳️😭⚠️🌉,😔💔😩⚠️,😔💔🕳️😭⚠️,💀😭🕳️😔",1
444,"💀🕳️😭⚠️🌉,😔💔😩⚠️,😔💔🕳️😭⚠️,💀😭🕳️😔,💀😭🕳️⚠️😔",0
444,"😔💔😩⚠️,😔💔😢🕳️⚠️,💀😭🕳️⚠️,💀😭🕳️⚠️😔,💀😭🕳️⚠️😔",1
444,"😔💔🕳️😭⚠️,💀😭🕳️⚠️,💀😭🕳️⚠️😔,💀😭🕳️⚠️😔,💀😭⚠️🕳️",1
444,"💀😭🕳️⚠️,💀😭🕳️⚠️😔,💀😭⚠️🕳️😔,💀🔪😭⚠️,💀🕳️😭😔⚠️",1
444,"💀😭🕳️⚠️😔,💀😭🕳️⚠️😔,💀😭⚠️🕳️,💀🕳️😭😔⚠️,💀😭⚠️🕳️",2
444,"💀😭🕳️⚠️😔,💀⚠️😭🕳️,💀🕳️😭😔⚠️,💀😭⚠️🕳️,💀🔪😰🕳️",2
444,"💀⚠️😭🕳️,💀🕳️😭😔⚠️,💀😭⚠️🕳️,💀🔪😰🕳️,💀🔪⚠️🕳️😭",0
444,"💀🕳️😭😔⚠️,💀😭⚠️🕳️,💀🔪😰🕳️,💀🔪⚠️🕳️😭,💀🕳️😭😔",1
444,"💀😭⚠️🕳️,💀🔪😰🕳️,💀🔪⚠️🕳️😭,💀🕳️😭⚠️,💀😭⚠️🕳️😰",1
444,"💀🔪😰🕳️,💀🔪⚠️🕳️😭,💀🕳️😔😭,💀😭⚠️🕳️😰,💀⚠️🕳️😭",3
444,"💀🔪⚠️🕳️😭,💀🕳️😭😔,💀😭⚠️🕳️😰,💀⚠️🕳️😭,💀💊🚨😴⚠️",1
444,"💀🕳️😭⚠️,💀😭⚠️🕳️😰,💀⚠️🕳️😭,💀💊🚨😴⚠️,💀😭🕳️🚨",1
444,"💀😭⚠️🕳️😰,💀⚠️🕳️😭,💀💊🚨😴⚠️,💀😭🕳️🚨,💀🕳️⚠️😭🛏️",0
444,"💀⚠️🕳️😭,💀💊🚨😴⚠️,💀😭🕳️🚨,💀🕳️⚠️😭💊,😔💔😢",3
444,"💀💊🚨😴⚠️,💀😭🕳️🚨,💀🕳️⚠️😭💊,😔💔😢😞⚠️,💀🕳️😭🚨",0
444,"💀😭🕳️🚨,💀🕳️⚠️😭🛏️,😔💔😢⚠️,💀🕳️😭🚨,💀⚠️🕳️😭🚨",0
444,"💀🕳️⚠️😭💊,😔💔😢😞⚠️,💀🕳️😭🚨,💀⚠️🕳️😭🚨,😔💔😞",1
444,"😔💔😢⚠️,💀🕳️😭🚨,💀⚠️🕳️😭🚨,😔💔😞,💀⚠️🕳️😭",1
444,"💀🕳️😭🚨,💀⚠️🕳️😭🚨,😔💔😞😩💔,💀⚠️🕳️😭,💀🕳️😭⚠️😔",0
444,"💀⚠️🕳️😭🚨,😔💔😞,💀⚠️🕳️😭,💀🕳️😭⚠️😖,💀😔🕳️😭⚠️",0
444,"😔💔😞😩💔,💀⚠️🕳️😭,💀🕳️😭⚠️🌑,💀😔🕳️😭⚠️,😔💔🕳️😭⚠️",0
444,"💀⚠️🕳️😭,💀🕳️😭⚠️😖,💀😔🕳️😭⚠️,😔💔🕳️😭⚠️,😔💔😢😞⚠️",1
444,"💀🕳️😭⚠️😖,💀😔🕳️😭⚠️,😔💔🕳️😭⚠️,😔💔😢😞⚠️,💀😭🕳️⚠️😖",0
444,"💀😔🕳️😭⚠️,😔💔🕳️😭⚠️,😔💔😢😞⚠️,💀😭🕳️⚠️😖,💀🕳️😭😔💔",1
445,"💀🕳️😭⚠️😔,💀🕳️😭⚠️😰,💀💔😭⚠️🕳️,💀🔫🚨😭🕳️,💀🕳️😭⚠️",1
445,"💀🕳️😭⚠️😰,💀💔😭⚠️🕳️,💀🔫🚨⚠️😭,💀🕳️😭🚨,💀🕳️😭😔⚠️",1
445,"💀💔🕳️😭⚠️,💀🔫🚨😭🕳️,💀🕳️😭🚨,💀😔🕳️😭⚠️,💀🔫⚠️🕳️😭",0
445,"💀🔫🚨😭🕳️,💀🕳️😭🚨,💀😔🕳️😭⚠️,💀🔫⚠️😭🌑,💀🕳️⚠️😭🔪",1
445,"💀🕳️😭🚨,💀😔🕳️😭⚠️,💀🔫⚠️🕳️😭,💀🕳️⚠️😭🔪,💀⚠️🕳️😭😰",1
445,"💀😔🕳️😭⚠️,💀🔫⚠️😭🌑,💀🕳️⚠️😭⚰️,💀⚠️🕳️😭😰,💀😭🕳️⚠️",2
445,"💀🔫⚠️🕳️😭,💀🕳️⚠️😭🔪,💀⚠️🕳️😭😰,💀😭🕳️🚨,💀⚠️🕳️😰💊",1
445,"💀🕳️⚠️😭🔪,💀⚠️🕳️😭😰,💀😭🕳️⚠️,💀⚠️🔪💊😰,💀😔🕳️😭⚠️",1
445,"💀⚠️🕳️😭😰,💀😭🕳️⚠️,💀⚠️🔪💊,💀😔🕳️😭⚠️,💀😭💔⚠️🕳️",1
445,"💀😭🕳️⚠️,💀⚠️🔪💊😰,💀😔🕳️😭⚠️,💀💔😭⚠️🕳️,😔💔😢⚠️🕳️",1
445,"💀⚠️🔪💊,💀😔🕳️😭⚠️,💀😭💔⚠️🕳️,😔💔😢⚠️🕳️,💀😔🕳️😭⚠️",1
445,"💀😔🕳️😭⚠️,💀😭💔⚠️🕳️,😔💔😢😞⚠️,💀😔🕳️😭⚠️,💀😔🕳️😭⚠️",1
445,"💀😭💔⚠️🕳️,😔💔😢⚠️🕳️,💀😔🕳️😭⚠️,💀😔🕳️😭⚠️,💀🕳️⚠️😭🌑",1
445,"😔💔😢⚠️🕳️,💀😭😞🕳️⚠️,💀😔🕳️😭⚠️,💀🕳️⚠️😭🌑,💀🕳️😭🚨💊",0
445,"💀😔🕳️😭⚠️,💀😔🕳️😭⚠️,💀🕳️⚠️😭🌑,💀🕳️😭🚨🔪,💀😭🕳️⚠️😔",1
445,"💀😔🕳️😭⚠️,💀🕳️⚠️😭😰,💀🕳️😭🚨💊,💀😭🕳️⚠️😔,💀😔🕳️😭⚠️",2
445,"💀🕳️⚠️😭🌑,💀🕳️😭🚨🔪,💀😭🕳️⚠️😔,💀😔🕳️😭⚠️,💀🕳️⚠️😭🌑",2
445,"💀🕳️😭🚨🔪,💀😭🕳️⚠️😔,💀😔🕳️😭⚠️,💀🕳️😭⚠️🚨,💀⚠️🔪💊😰",1
445,"💀😭🕳️⚠️😔,💀😔🕳️😭⚠️,💀⚠️🕳️😭🌑,💀⚠️🔪💊😰,😔💔😞🕳️",1
445,"💀😔🕳️😭⚠️,💀🕳️⚠️😭🌑,💀⚠️🕳️😰💊,😔💔😞🕳️⚠️,💀🕳️😭😔⚠️",1
445,"💀⚠️🕳️😭🌑,💀💊⚠️🕳️😰,😔💔😞🕳️,💀🕳️😭😔⚠️,😊✨🙏💚🌟",0
445,💀💊🕳️😭⚠️,1
445,💀🕳️😭😔⚠️,1
446,"💀😔⚠️,💀😰🕳️😭⚠️,💀⚠️🕳️😭😖,💀😰🕳️😭⚠️,💀⚠️😰🕳️😭",1
446,"💀😰🕳️😭⚠️,💀⚠️🕳️😰💊,💀😰🕳️😭⚠️,💀⚠️😰🕳️😭,💀😰🕳️⚠️😭",1
446,"💀⚠️🕳️😰💊,💀🕳️😰💊⚠️,💀⚠️😰🕳️😭,💀😰🕳️⚠️😭,🤔😔💀⚠️🕳️",0
446,"💀😰🕳️😭⚠️,💀⚠️😰🕳️😭,💀😰🕳️🚨😭,🤔😔💀⚠️🕳️,😔💔😰🕳️⚠️",1
446,"💀⚠️😰🕳️😭,💀😰🕳️🚨😭,🤔😔💀⚠️🕳️,😔💔😢🕳️⚠️,💀⚠️😰🕳️😭",1
446,"💀😰🕳️⚠️😭,🤔😔💀⚠️🕳️,😔💔😢🕳️⚠️,💀⚠️😰🕳️😭,💀😰😭⚠️",1
446,"🤔😔💀⚠️🕳️,😔💔😰🕳️⚠️,💀⚠️😰🕳️,💀😰🕳️😭⚠️,😰😔💔⚠️",0
446,💀😭⚠️🕳️,1
446,💀🕳️😭⚠️,0
446,💀🕳️⚠️😭,0
446,💀⚠️🕳️😭😔,1
446,💀🕳️⚠️😭💊,1
446,💀⚠️🕳️😭😔,0
446,"😔💔😞🕳️⚠️,😔⚠️😰💔🩸,💀⚠️🕳️😭,💀😰🕳️😭⚠️,😔💔😢😞",0
446,"💀⚠️🕳️😭,💀⚠️🕳️😭,💀😰🕳️😭⚠️,😔💔😢,😔😰🙏",0
446,💀🕳️😭⚠️😔,1
446,💀🕳️😭⚠️😔,1
446,💀🕳️😭⚠️😔,1
446,💀🕳️😭⚠️😔,1
446,💀🕳️😭⚠️😔,0
446,💀🕳️⚠️😭💊,0
446,💀🕳️😰💊⚠️,0
446,💀🕳️⚠️😭😰,1
446,💀🕳️⚠️😭,0
446,💀🕳️😰⚠️😭,1
446,💀🕳️⚠️😭😔,1
446,💀⚠️🕳️😰💊,1
446,"💀⚠️😭😔,😔😰🕳️,💀🕳️⚠️😭😔,💀⚠️🕳️😰🚨,💀🕳️😭⚠️😔",3
446,"😔😰🕳️,💀🕳️⚠️😭💊,💀⚠️🕳️😰🚨,💀🕳️😭⚠️😔,💀⚠️🕳️😭😰",1
446,"💀🕳️⚠️😭💊,💀⚠️🕳️😰🚨,💀🕳️😭⚠️😔,💀⚠️🕳️😭😰,💀🕳️⚠️😭😔",0
446,"💀⚠️🕳️😰🚨,💀🕳️😭⚠️😔,💀⚠️🕳️😭😰,💀🕳️⚠️😭😔,😭😰🕳️⚠️😔",0
446,"💀🕳️😭⚠️😔,💀⚠️🕳️😭😰,💀🕳️⚠️😭😔,😭😰🕳️⚠️😔,💀😔⚠️",1
446,💀🕳️⚠️😭🚨,0
446,💀🕳️⚠️😭💊,1
446,💀🕳️⚠️😭💊,1
446,💀🕳️⚠️😭,0
446,💀🕳️⚠️😭💊,2
446,"💀🕳️😰😭⚠️,💀😰🕳️😭⚠️,💀🕳️⚠️😭🌑,💀🕳️😭😔⚠️,💀🔪⚠️😭",1
446,"💀🕳️😭😔⚠️,💀🕳️⚠️😭🌑,💀🕳️😭😔⚠️,💀🔪😰⚠️,💀🕳️😭⚠️",1
446,"💀🕳️⚠️😭🌑,😔💔🕳️😭⚠️,💀🔪😰⚠️,💀🕳️😭⚠️😖,💀🕳️⚠️😭",1
446,"💀🕳️😭😔⚠️,💀🔪😰⚠️,💀🕳️😭⚠️😖,💀🕳️⚠️😭,💀🔪😰🕳️⚠️",1
446,"💀🔪😰⚠️,💀🕳️😭⚠️,💀🕳️⚠️😭,💀🔪😰🕳️⚠️,💀🔪⚠️😰🕳️",1
446,"💀🕳️😭⚠️,💀🕳️⚠️😭,💀🔪😰🕳️⚠️,💀🔪⚠️😰🕳️,💀⚠️🕳️😰💊",0
446,💀🕳️⚠️😭💊,0
446,💀🔪⚠️🕳️😰,1
446,💀🕳️⚠️😰💊,1
446,💀🕳️⚠️😭💊,1
446,💀🕳️😭⚠️💊,0
446,"😔💔😢😞⚠️,💀🕳️😰😔💔,💀😰🕳️😭⚠️,💀😔🕳️⚠️😭,💀🕳️😭😔⚠️",0
446,"💀🕳️😰😔💔,💀😰🕳️😭⚠️,💀😔🕳️⚠️😭,💀🕳️😭😔⚠️,😔💔😞🕳️",1
446,"💀😰🕳️😭,💀😔🕳️⚠️😭,💀🕳️😭😔⚠️,😔💔😞🕳️,💀😰🕳️😭⚠️",0
446,"💀😔🕳️⚠️😭,💀🕳️😭😔⚠️,😔💔😞🕳️,💀😰🕳️😭⚠️,😔💔🕳️",0
446,"💀🕳️😭😔⚠️,😔💔😞🕳️,💀😰🕳️😭⚠️,😔💔🕳️,😔💔😢⚠️🕳️",0
446,"😔💔😞🕳️,💀😰🕳️😭⚠️,💀🕳️😭😔⚠️,😔💔😢⚠️,💀😰🕳️😭⚠️",0
446,"💀😰🕳️😭⚠️,💀🕳️😭,😔💔😢⚠️🕳️,💀😰🕳️⚠️😭,😔💔😢😞⚠️",1
446,💀🕳️😭⚠️💊,0
448,"💀⚠️😰🕳️😭,💀⚠️🕳️😭😰,💀⚠️🕳️😭,💀😰🕳️🚨😭,💀⚠️🕳️😭🌑",0
448,"💀⚠️🕳️😭😰,💀⚠️🕳️😭,💀⚠️😰🕳️💊,💀⚠️🕳️😭🚨,💀📝⏳🚨⚠️",3
448,"💀⚠️😭🕳️🚨,💀💊😰🕳️🚨,💀⚠️🕳️😭🚨,💀📝⏳🚨⚠️,💀💊🚨😭⚠️",3
448,"💀😰🕳️🚨😭,💀🕳️⚠️😭🌑,💀⚠️🚨🕳️😭,💀💊🚨😭⚠️,💀🕳️😭⚠️",3
449,"💀🕳️😭⚠️😔,😔💔😢😞⚠️,💀🕳️😰⚠️😭,💀🕳️😭⚠️,💀🚨🕳️😭⚠️",1
449,"😔💔😢😞⚠️,💀🕳️😰⚠️😭,💀🕳️😭⚠️,💀🚨😭⚠️🕳️,💀🚨🕳️😭⚠️",1
449,"💀🕳️😰⚠️😭,💀🕳️😭⚠️,💀🚨🕳️😭⚠️,💀🚨🕳️😭⚠️,💀🕳️🚨😭⚠️",1
449,"💀🕳️😭⚠️,💀🚨🕳️😭⚠️,💀🚨🕳️😭⚠️,💀🕳️⚠️😭🚨,💀😭😔⚠️🕳️",1
449,"💀🚨🕳️😭⚠️,💀🚨🕳️😭⚠️,💀🕳️🚨😭⚠️,💀😭😔⚠️🕳️,💀🔪⚠️😭🕳️",1
449,"💀🚨😭🕳️⚠️,💀🕳️⚠️😭🚨,💀😭😔⚠️🕳️,💀🔪⚠️😭🕳️,💀😭😰⚠️🕳️",1
449,"💀🕳️🚨😭⚠️,💀😭😔⚠️🕳️,💀🔪⚠️😭🕳️,💀😭😰⚠️🕳️,💀🕳️😭😔💔",1
449,"💀😭😔⚠️🕳️,💀🔪😭⚠️🕳️,💀😭😰⚠️🕳️,💀🕳️😭😔💔,😔💔😢⚠️",1
449,"💀🔪⚠️😭🕳️,💀😭😰⚠️🕳️,💀🕳️😭😔💔,😔💔😢⚠️,💀🕳️🚨📍😭",1
449,"💀😭😰⚠️🕳️,💀🕳️😭😔💔,😔💔😢⚠️,💀🕳️🚨😭⚠️,💀⚠️😭😔🕳️",1
449,"💀🕳️😭😔💔,😔💔😢⚠️,💀🕳️🚨😭⚠️,💀⚠️😭😔🕳️,💀🚨😭🕳️🔪",0
449,"😔💔😢⚠️🕳️,💀🕳️🚨😭⚠️,💀⚠️😭😔🕳️,💀🚨😭🕳️🔪,💀⚠️😭💔😔",1
449,"💀🕳️🚨😭⚠️,💀⚠️😭😔🕳️,💀🚨😭🕳️🔪,💀⚠️😭💔😡,💀🕳️😭⚠️😖",0
449,"💀⚠️😭😔🕳️,💀🚨😭🕳️🔪,😔💔😡😭⚠️,💀🕳️😭⚠️😖,💀🕳️😭😔⚠️",0
449,"💀🚨😭🕳️🔪,💀⚠️😭💔😡,💀🕳️😭⚠️😖,💀🕳️😭😔⚠️,😔💔😖🕳️⚠️",0
449,"💀⚠️😭🕳️,💀🕳️😭⚠️😖,💀🕳️😭😔⚠️,😔💔😖🕳️⚠️,🔪😭😔⚠️",1
449,"💀🕳️😭⚠️😖,💀🕳️😭😔⚠️,😔💔😖🕳️⚠️,🔪😭😔⚠️,💀😰🕳️😭⚠️",0
449,"💀🕳️😭😔⚠️,😔💔😖🕳️⚠️,🔪😰😔⚠️,💀😰🕳️😭🚨,😰💔😔⚠️",1
449,"😔💔😖🕳️⚠️,🔪😭😔⚠️,💀😰🕳️😭⚠️,😰💔😔⚠️,💀🕳️😭⚠️",1
449,"🔪😰😔⚠️💔,💀😰🕳️😭⚠️,😰😔⚠️,💀😰🕳️😭⚠️,💀😭⚠️🕳️",1
449,"💀😰🕳️😭⚠️,😔😰⚠️,💀🕳️😭,💀😭⚠️🕳️,💀⚠️🕳️😭😰",1
449,"😰💔😔⚠️,💀😰🕳️😭⚠️,💀😭⚠️🕳️,💀⚠️🕳️😭😰,💀😰⚠️😭🕳️",1
449,"💀😰🕳️😭⚠️,💀😭🔪🚨,💀⚠️🕳️😭😰,💀😰⚠️😭🕳️,💀🕳️😭⚠️🔪",1
449,"💀😭⚠️🕳️,💀⚠️🕳️😭😰,💀⚠️😰🕳️😭,💀🕳️😭⚠️😔,💀⚠️😰🕳️😭",1
449,"💀⚠️🕳️😭😰,💀😰⚠️😭🕳️,💀🕳️😭⚠️😔,💀⚠️😰🕳️😭,💀🕳️😭⚠️😔",1
450,"😔💔😡,😔💔😢,😔💔😞🕳️⚠️,😔💔😖,💀🕳️😭⚠️",1
450,"😔💔😢,😔💔😢😞,😔💔😖,💀🕳️😭⚠️,💀⚠️😰🕳️😭",0
450,"😔💔😢,😔💔😖,💀🕳️😭⚠️,💀⚠️😰🕳️😭,😔💔😞",0
450,"😔💔😞,💀🕳️😭⚠️,💀⚠️😰🕳️😭,😔💔😞🕳️⚠️,😰🌑🕳️",0
450,"💀🕳️😭⚠️,💀⚠️😰🕳️😭,😔💔😞🕳️⚠️,😰🌑🕳️,😔😖⚠️",0
450,"💀⚠️😰🕳️😭,😔💔😞⚠️,😱🌑🕳️😭⚠️,😔😖⚠️,😔😞💔",0
450,"😔💔😞🕳️⚠️,😱🌑🕳️😭⚠️,😔😖⚠️,😔💔😞,😔😟😕",0
450,"😰🌑🕳️,😔😖⚠️,😔💔😞,😔😟😕,😔😰🕳️",0
450,"😔😖😞,😔😞💔,😔😟😕,😔😰🕳️,😔💔😢",1
450,"😔😞💔,😔😟😕,😔😰🕳️,😔💔😢,😔💀🕳️😭",0
450,"😔😟😕,😔😰🕳️,😔💔😢,😔💀🕳️😭,😔💔😢",1
450,"😔😰🕳️,😔💔😢,😔💀🕳️😭,😔💔😢,💀🕳️😭⚠️🩸",0
450,"😔💔😢,😔💀🕳️😭,😔💔😢,💀🕳️😭⚠️🩸,💀😔💔⚠️",0
450,"😔💀🕳️😭,😔💔😢,💀🕳️😭⚠️🩸,💀😔💔⚠️,😔💔😞",1
450,"😔💔😢,💀🕳️😭⚠️🩸,💀😔💔,😔💔😞,💀😭😞⚠️💔",0
450,"💀🕳️😭⚠️🩸,💀😔💔,😔💔😞,💀😔😭⚠️🕳️,😰😔💔⚠️",1
450,"💀😔💔⚠️,😔💔😞,💀😭😞⚠️💔,😰🕳️😔💬,💀😔🕳️😭⚠️",0
450,"😔💔😞,💀😭😞⚠️🕳️,😰🕳️😔💬,💀😔🕳️😭⚠️,😔💔😞🕳️⚠️",1
450,"💀😔😭⚠️🕳️,😰🌑😔💬,💀😔🕳️😭⚠️,😔💔😞,💀😰🕳️😭⚠️",0
450,"😰🌑😔💬,💀😔🕳️😭⚠️,😔💔😞⚠️,💀😰🕳️😭⚠️,💀😔🕳️😭⚠️",0
450,"💀😔🕳️😭⚠️,😔💔😞⚠️,💀😰🕳️😭⚠️,💀😔🕳️😭⚠️,😔💔😢",0
450,"😔💔😞,💀😰🕳️😭⚠️,💀😔💔🕳️😭,😔💔😢,😔💔😢⚠️",1
450,"💀😰🕳️😭⚠️,💀😔🕳️😭⚠️,😔💔😢,😔💔😢⚠️,💀⚠️😰🕳️😭",0
450,"💀😔🕳️😭⚠️,😔💔😢,😔💔😢⚠️,💀⚠️😰🕳️😭,😔😩😰⚠️🕳️",1
450,"😔💔😢,😔💔😢⚠️,💀⚠️😰🕳️😭,😔😖😩⚠️🕳️,💀⚠️😭🕳️",1
450,"😔💔😢⚠️,💀⚠️😰🕳️😭,😔😩😰⚠️🕳️,💀⚠️😭🕳️,💀😭😰🕳️⚠️",2
450,"💀⚠️😰🕳️🔫,😔😖😩⚠️🕳️,💀⚠️😭🕳️,💀😭😰🕳️⚠️,💀🔫⚠️🕳️😰",0
450,"😔😖😩⚠️,💀⚠️😭🕳️,💀😭⚠️🕳️😰,💀🔫⚠️🕳️😰,😔💔😞",0
450,"💀⚠️😭🕳️,💀😭😰🕳️⚠️,💀🔫⚠️🕳️😰,😔💔😞,😔💔😢",0
450,"💀😭😰🕳️⚠️,💀🔫⚠️🕳️😰,😔💔😞,😔💔😞🕳️,😔💔😞",0
450,"💀🔫⚠️🕳️😰,😔💔😞,😔💔😢,😔💔😞,😔💔😢",0
450,"😔💔😞,😔💔😢,😔💔😞,😔💔😢,😔💊😞🕳️⚠️",0
450,😔💔😞🕳️⚠️,0
450,😔💔😞🕳️⚠️,0
450,💀🕳️😭😔💔,0
450,💀🕳️😭😔⚠️,0
450,💀🕳️😭😔⚠️,0
450,"😔💔😢🕳️⚠️,💀🕳️😭😔⚠️,💀🕳️😭⚠️,😔💔🕳️,😔💔😢",1
450,"💀🕳️😭😔⚠️,💀🕳️😭⚠️,😔💔🕳️,😔💔😢,💀😔🕳️😭⚠️",0
450,"💀🕳️😭⚠️,😔💔🕳️,😔💔😢,💀😔🕳️😭⚠️,😔💔😞🕳️⚠️",2
450,"😔💔🕳️,😔💔😢,💀😔🕳️😭⚠️,😔💔😞⚠️,💀🔪⚠️🕳️😰",0
450,"😔💔😢,💀😔🕳️😭⚠️,😔💔😞⚠️,💀🔪⚠️🕳️😰,😔😩💀⚠️🕳️",1
450,"💀😔🕳️😭⚠️,😔💔😞⚠️,💀🔪⚠️🕳️😭,😔😩😞💔⚠️,💀😭😔⚠️💔",0
450,"😔💔😞⚠️,💀🔪⚠️🕳️😰,😔😩😞💔⚠️,💀😭😔⚠️,😔💔😞",0
450,"💀🔪⚠️🕳️😰,😔😩💀⚠️🕳️,💀😭😔⚠️💔,😔💔😞,😔💔😞",1
450,"😔😩😞💔⚠️,💀😭😔⚠️💔,😔💔😞,😔💔😞,💀🕳️😰😭⚠️",1
450,"💀😭😔⚠️💔,😔💔😞,😔💔😞,💀😰🕳️😭⚠️,💀😭⚠️🕳️",2
450,"😔💔😞,😔💔😞,💀🕳️😰😭⚠️,💀😭⚠️🕳️,💀⚠️🚨🕳️😭",1
450,"😔💔😞,💀😰🕳️😭⚠️,💀😭⚠️🕳️😔,💀⚠️🚨🕳️😭,💀⚠️😭🔪",1
450,"💀🕳️😰😭⚠️,💀😭⚠️🕳️,💀⚠️🚨🕳️😭,💀⚠️😭🔪,💀😭😞⚠️💔",2
450,"💀😭⚠️🕳️🚨,💀⚠️🚨🕳️😭,💀⚠️😭🔪,💀😭😞⚠️💔,💀⚠️🪦😰🕳️",0
450,"💀⚠️🚨🕳️😭,💀⚠️😭🔪,💀😭😞⚠️💔,💀⚠️🪦😰🕳️,😰😭⚠️💔",0
450,"💀⚠️😭🔪,💀😭😞⚠️💔,💀⚠️🪦😰🕳️,😰😭⚠️💔,😠💥😤💢🤬",0
450,"💀😭😞⚠️💔,💀⚠️🪦😰🕳️,😰😭⚠️💔,😠💥😤💢🤬,😔💔😖",1
450,"💀⚠️🪦😰🕳️,😰😭⚠️💔,😠💥😤💢🤬,😔💔😖,😔😞😩🕳️",0
450,"😰😭⚠️💔,😠💥😤💢🤬,😔💔😖,😔😞😩💔🕳️,😔💔😢",0
450,"😠💥😤💢🤬,😔💔😖,😔😞🕳️😭⚠️,😔💔😢,😰😭😔💔",0
450,"😔💔😖,😔😞😩🕳️,😔💔😢,😰😔💔⚠️,😔💔😞",0
450,"😔😞😩🕳️,😔💔😢,😰😭😔💔,😔💔😞,😔💔😢",2
450,"😔💔😢,😰😭😔💔,😔💔😞,😔💔😰⚠️🕳️,💀⚠️🔪🕳️🚨",0
450,"😰😭😔💔,😔💔😞,😔💔😰⚠️🕳️,💀⚠️🔪🕳️🚨,😔😰🕳️😭⚠️",1
450,"😔💔😞,😔💔😢,💀⚠️🔪🕳️🚨,😔😰🕳️⚠️,💀🕳️😭⚠️",0
450,"😔💔😢,💀⚠️🔪🕳️🚨,😔😰🕳️😭⚠️,💀🕳️😭⚠️,😔💔😞🕳️⚠️",1
450,"💀⚠️🔪🕳️,😔😰🕳️😭⚠️,💀🕳️😭⚠️,😔💔😞🕳️⚠️,💀⚠️😭🕳️",0
450,"😔😰🕳️😭⚠️,💀🕳️😭⚠️,😔💔😞🕳️⚠️,💀⚠️😭🕳️,😔😖😞",1
450,"💀🕳️😭⚠️,😔💔😞🕳️⚠️,💀😰🕳️⚠️😭,😔😖😞,💀🔫⚠️😭🕳️",0
450,"😔💔😞🕳️⚠️,💀😰🕳️⚠️😭,😔😖😞,💀🔫⚠️😭🕳️,😔💔😞⚠️",1
450,"💀⚠️😰🕳️😭,😔😖😞,💀🔫⚠️😭🕳️,😔💔😢,💀⚠️😰🕳️😭",0
450,"😔😖😞,💀🔫⚠️😭🕳️,😔💔😢,💀⚠️😰🕳️😭,😔💔😢",0
450,"💀🔫⚠️😭🕳️,😔💔😢,💀⚠️😰🕳️😭,😔💔😢⚠️,💀💊😰🕳️😭",1
450,"😔💔😢,💀⚠️🕳️😭,😔💔😢⚠️,💀💊😰🕳️😭,💀😭🔪⚠️🕳️",1
450,"💀⚠️😰🕳️😭,😔💔😢⚠️,💀💊😰🕳️😭,💀😭🔪⚠️🕳️,💀😭😞⚠️",1
450,"😔💔😢⚠️,💀💊😭⚠️🕳️,💀😭🔪⚠️🕳️,💀😭😞⚠️,💀🕳️😭⚠️😔",1
450,"💀💊😰🕳️😭,💀😭🔪⚠️🕳️,💀😭😔⚠️,💀⚠️🕳️😭,💀⚠️🕳️😭😰",2
450,"💀🔪😭⚠️🕳️,💀😭😞⚠️,💀🕳️😭⚠️😔,💀⚠️🕳️😭😰,💀⚠️🕳️😰🔪",0
450,"💀😭😔⚠️,💀🕳️😭⚠️😔,💀⚠️🕳️😭😰,💀⚠️🕳️😰🔪,💀🕳️😭⚠️",1
450,"💀🕳️😭⚠️😔,💀⚠️🕳️😭😰,💀⚠️🕳️😰🔪,💀🕳️😭⚠️💔,💀😭⚠️🕳️😰",0
450,"💀⚠️🕳️😭😰,💀⚠️🕳️😰🔪,💀🕳️😭⚠️😔,💀😭⚠️🕳️😰,😔💔😢",0
450,"💀⚠️🕳️😰🔪,💀🕳️😭⚠️💔,💀😰😭⚠️🌑,😔💔😢,😔😩😞💔😖",1
450,"💀🕳️😭⚠️,💀😭⚠️🕳️😰,😔💔😢⚠️,😔😩😞💔😟,💀🕳️😭😰🌑",1
450,"💀😭⚠️🕳️😰,😔💔😢,😔😩😞💔😟,💀🕳️😭😔⚠️,💀😭⚠️😖💔",0
450,"😔💔😰⚠️🕳️,😔😩😞💔😖,💀🕳️😭😔,💀😭⚠️😖💔,😔💔😞🕳️",0
450,"😔😩😞💔😟,💀🕳️😭😔⚠️,💀😭⚠️😖💔,😔💔😞,😔💔😞⚠️",0
450,"💀🕳️😭😞⚠️,💀😭⚠️😖💔,😔💔😞,😔💔😞⚠️,💀😭🕳️⚠️💔",0
450,"💀😭😖⚠️💔,😔💔😞,😔💔😞⚠️,💀😭🕳️⚠️😔,😰🕳️😭⚠️😔",0
450,"😔💔😞,😔💔😞⚠️,💀😭🕳️⚠️😔,😭😰🌑🕳️⚠️,😰🌑😔💬",1
450,"😔💔😞⚠️,💀😭🕳️⚠️💔,😭😰🌑🕳️⚠️,😰😔💔⚠️,💊😴😔⚠️💀",1
450,"💀😭🕳️⚠️😔,😭😰🌑🕳️⚠️,😰🌑😔💬,💊😴😔⚠️💀,💀🕳️😰😭⚠️",0
450,"😰🕳️😭⚠️😔,😰😔💔⚠️,💊😴😔⚠️💀,💀🕳️😰😭⚠️,💀😭😔⚠️💔",1
450,"😰😔💔⚠️,💊😴😔⚠️💀,💀🕳️😰😭⚠️,💀😭😔💔⚠️,💀😭⚠️🔪",0
450,"💊😴😔⚠️💀,💀🕳️😰😭⚠️,💀😭😔⚠️💔,💀😭⚠️🕳️🔪,😔💔😞🕳️",0
450,"💀🕳️😰😭⚠️,💀😭😔💔⚠️,💀😭⚠️🔪🩸,😔💔😞🕳️,😔😩😰⚠️",0
450,"💀😭😔⚠️💔,💀😭⚠️🕳️🔪,😔💔😞🕳️,😔😩😰⚠️,😔💔😞⚠️🕳️",0
450,"💀😭⚠️🕳️🔪,😔💔😞🕳️,😔😩😰⚠️,😔💔😞⚠️🕳️,😔😢😞💔😭",0
450,"😔💔😞🕳️,😔😩😰⚠️,😔💔😞⚠️🕳️,😔😢😞💔😭,😔💔🕳️⚠️",1
450,"😔😩😰⚠️,😔💔😞⚠️🕳️,😭😔💔,😔💔🕳️⚠️,💀😰😭⚠️😔",3
450,"😔💔😞⚠️,😔😢😞💔😭,😔💔🕳️⚠️,💀😰🕳️😭⚠️,💀🔫⚠️🕳️😭",1
450,"😔😢😞💔😭,😔💔🕳️⚠️,💀😰😭⚠️😔,💀🔫⚠️🕳️😭,💀😰🕳️😭⚠️",1
450,"😔💔🕳️⚠️,💀😰🕳️😭⚠️,💀⚠️🕳️😭💊,💀😰🕳️😭⚠️,💀😭😰⚠️",1
450,"💀😰😭⚠️😔,💀🔫⚠️🕳️😭,💀😰🕳️😭⚠️,💀😰🕳️😭⚠️,💀😰🕳️😭⚠️",1
450,"💀🔫⚠️🕳️😭,💀😰🕳️😭⚠️,💀😰🕳️😭⚠️,💀😰🕳️😭⚠️,💀🕳️😰😭⚠️",1
450,"💀😰🕳️😭⚠️,💀😰🕳️😭⚠️,💀😰🕳️😭⚠️,💀🕳️😭⚠️🌑,💀😔🕳️😭⚠️",0
450,"💀😰😭⚠️,💀😰🕳️😭⚠️,💀🕳️😭⚠️🌑,💀😔🕳️😭⚠️,😔🤔🤷‍♂️",0
450,"💀😰🕳️😭⚠️,💀🕳️😰😭⚠️,💀😔🕳️😭⚠️,😔🤔🤷‍♂️,😊😌🌈",0
450,"💀🕳️😰😭⚠️,💀😔🕳️😭⚠️,😔🤔🤷‍♂️,😊😌🌈,😔💔😢",0
450,"💀😔🕳️😭⚠️,😔🤔🤷‍♂️,😊😌🌈,😔💔😢,😔💔😩🕳️⚠️",0
450,"😔🤔🤷‍♂️,😊😌🌈,😔💔😢,😔💔😩🕳️⚠️,😔😖😞",0
450,"😊😌🌈,😔💔😢,😔💔😩🕳️⚠️,😔😖😞,😔💔😭⚠️",0
450,"😔💔😢,😔💀🕳️😩⚠️,😔😖😞,😔💔😭⚠️,😔💔😡",0
450,"😔💔😩🕳️⚠️,😔😖😞,😔💔😭⚠️🕳️,😔💔😡,😔😰⚠️",0
450,"😔😖😞,😔💔😭⚠️🕳️,😔💔😡,😔😰⚠️,😔😖😩💔⚠️",2
450,"😔💔😭⚠️,😔💔😡,😔😰⚠️,😔😖😩💔⚠️,💀⚠️🕳️😭🔪",0
450,"😔💔😡,😔😰⚠️,😔😖😩💔⚠️,💀⚠️🕳️😭🔪,😭💔😔⚠️💀",1
450,"😔😰⚠️,😔😖😩💔😭,💀⚠️🕳️😭🔪,💀😭💔⚠️😔,💀🕳️😭🌑",0
450,"😔😖😩💔🕳️,💀⚠️🕳️😭🔪,😭💔😔⚠️💀,💀🕳️😭⚠️,😔🕳️",1
450,"💀⚠️🕳️😭🔪,😭💔😔⚠️💀,💀🕳️😭⚠️,😰😔💔⚠️,💀😰🕳️😭⚠️",0
450,"😭💔😔⚠️,💀🕳️😭🌑,😔🕳️,💀😰🕳️😭⚠️,😔💔😢",0
450,"💀🕳️😭🌑,😔🕳️,💀😰😭⚠️😔,😔💔😢,💀🕳️😭⚠️",0
450,"😔🕳️,💀😰😭⚠️😔,😔💔😢,💀🕳️😭⚠️,😭😰😔💔⚠️",1
450,"💀😰🕳️😭⚠️,😔💔😢,💀🕳️😭⚠️,😭😰😔💔⚠️,💀😰🕳️😭⚠️",0
451,"💀🕳️😭😔⚠️,💀🕳️😭⚠️,💀🕳️😭😔⚠️,💀🕳️😭😔💔,💀🕳️😰😔💔",0
451,"💀🕳️😭⚠️😔,💀😔🕳️😭⚠️,💀🕳️😭😔💔,💀🕳️😭😔❓,💀🕳️😰😔💔",1
451,"💀🕳️😭😔⚠️,💀🕳️😭😔💔,💀🕳️😭😔⚠️,💀🕳️😰😔💔,💀⚠️🕳️😭😔",1
451,"💀🕳️😭😔💔,💀🕳️😭😔⚠️,💀🕳️😰😔💔,💀⚠️🕳️😭😔,💀🕳️😭😔⚠️",0
451,"💀🕳️😰😔💔,💀🕳️😰😔💔,💀⚠️🕳️😭😔,💀🕳️😭😔⚠️,😔💔😞⚠️🕳️",1
451,"💀🕳️😰😔💔,💀⚠️🕳️😭😔,💀🕳️😭😔⚠️,😔💔😞⚠️🕳️,💀⚠️🕳️😭🚨",2
451,"💀⚠️🕳️😭😔,💀🕳️😭😔⚠️,😔💔😞⚠️🕳️,💀⚠️🕳️😭🚨,💀🕳️😭⚠️🔪",2
451,"💀🕳️😭😔⚠️,😔💔😞⚠️🕳️,💀⚠️🕳️😭🚨,💀🕳️😭⚠️🔪,💀💊🚨🕳️😭",2
451,"😔💔😞⚠️🕳️,💀⚠️🕳️😭🚨,💀🕳️😭⚠️😖,💀💊🚨🕳️😭,💀💊⚠️🕳️😭",0
451,"💀⚠️🕳️😭🚨,💀🕳️😭⚠️😖,💀💊🚨🕳️😭,💀💊⚠️🕳️😭,💀🕳️😰😔💔",0
451,"💀🕳️😭⚠️🔪,💀💊🚨🕳️😭,💀💊⚠️🕳️😭,💀🕳️😰😔💔,💀🕳️⚠️🚨😭",1
451,"💀💊🚨🕳️😭,💀💊🕳️😰⚠️,💀🕳️😰😔💔,💀🕳️⚠️🚨😭,💀🕳️😭⚠️😖",1
453,"💀🕳️😭⚠️🩸,💀🕳️😭😔💔,😔💔😢🕳️⚠️,💀💊⚠️🕳️😭,💀⚠️🔪🕳️😭",1
453,"💀🕳️😭😔💔,😔💔😢🕳️,💀💊🚨😭🕳️,💀⚠️🔪🕳️😭,💀💊🚨⚠️🕳️",1
453,"😔💔😢🕳️😭,💀💊⚠️🕳️😭,💀⚠️🔪🕳️😭,💀💊🚨🕳️😭,💀😭😔🕳️⚠️",1
453,"💀💊⚠️🕳️😭,💀⚠️🔪🕳️😭,💀💊🚨🕳️😭,💀😭😔🕳️⚠️,💀🕳️😭😔💔",1
453,"💀⚠️🔪🕳️😭,💀💊🚨🕳️😭,💀😭😔🕳️⚠️,💀🕳️😭😔⚠️,💀😭🕳️⚠️😔",1
453,"💀💊🚨⚠️🕳️,💀😭😔🕳️⚠️,💀🕳️😭😔⚠️,💀😭🕳️⚠️😔,💀😭🕳️⚠️😔",1
453,"💀😔😭⚠️🕳️,💀🕳️😭😔⚠️,💀😭🕳️⚠️😔,💀😭🕳️⚠️😔,💀😭⚠️🕳️😔",1
453,"💀🕳️😭😔⚠️,💀😭🕳️⚠️😔,💀😭🕳️⚠️😔,💀😭⚠️🕳️😔,💀🕳️😭😔⚠️",1
453,"💀😭🕳️⚠️😔,💀😭🕳️⚠️😔,💀😭🕳️⚠️😔,💀🕳️😭😔⚠️,💀😭🕳️⚠️",0
453,"💀😭🕳️⚠️😔,💀😭🕳️⚠️😔,💀🕳️😭😔⚠️,💀😭🕳️⚠️,💀🕳️😭😔⚠️",1
453,"💀😭⚠️🕳️😔,💀🕳️😭😔⚠️,💀😭🕳️⚠️😖,💀🕳️😭😔⚠️,💀🕳️😭⚠️🔪",1
453,"💀🕳️😭😔⚠️,💀😭😰⚠️🕳️,💀🕳️😭😔⚠️,💀🕳️😭⚠️🚨,💀😭⚠️🕳️😔",1
453,"💀😭🕳️⚠️😖,💀🕳️😭😔⚠️,💀🕳️😭⚠️🔪,💀😭⚠️🕳️😔,💀🕳️😭⚠️😔",1
453,"💀🕳️😭😔⚠️,💀🕳️😭⚠️🔪,💀😭⚠️🕳️😔,💀🕳️😭⚠️😔,💀🕳️😭⚠️🔪",1
453,"💀🕳️😭⚠️🚨,💀😭⚠️🕳️😔,💀🕳️😭⚠️😔,💀🕳️😭⚠️🔪,💀😭🕳️⚠️😔",1
453,"💀😭⚠️🕳️😔,💀🕳️😭⚠️😔,💀🕳️😭⚠️🔪,💀😭🕳️⚠️😔,💀🕳️😭⚠️😖",0
453,"💀🕳️😭⚠️😔,💀🕳️😭⚠️🔪,💀😭🕳️⚠️😔,💀🕳️😭⚠️,💀🕳️😭😞⚠️",1
453,"💀🕳️😭⚠️🔪,💀😭🕳️⚠️😔,💀🕳️😭⚠️,💀🕳️😭😞⚠️,💀🔪😭🕳️🚨",0
454,"💀😭🕳️⚠️😔,💀😭🕳️😰,😔💔😖🕳️⚠️,💀💊😰🕳️😭,💀😭💊⚠️🕳️",2
454,"💀😭🕳️😰,😔💔😢😞⚠️,💀💊🕳️😭⚠️,💀😭💊⚠️🕳️,💀💊😰🕳️🚨",1
454,"😔💔😖🕳️💊,💀💊🕳️😭⚠️,💀😭💊⚠️🕳️,💀💊😰🕳️🚨,💀😰🕳️😭⚠️",1
454,"💀💊😰🕳️😭,💀😭💊⚠️🕳️,💀💊😰🕳️🚨,💀😰🕳️😭⚠️,💀💊😰🕳️😭",1
454,"💀😭💊⚠️🕳️,💀💊😰🕳️🚨,💀😰🕳️😭⚠️,💀💊😰🕳️😭,💀😭💊⚠️🕳️",1
454,"💀💊😰🕳️🚨,💀😰🕳️😭⚠️,💀💊😰🕳️😭,💀😭💊⚠️🕳️,💀😭🕳️⚠️😔",1
454,"💀😰🕳️😭⚠️,💀💊😰🕳️😭,💀😭💊⚠️🕳️,💀😭🕳️⚠️😔,💀😭🕳️⚠️💊",2
454,"💀💊😰🕳️😭,💀😭💊⚠️🕳️,💀😭🕳️⚠️😔,💀😭🕳️🚨💊,💀💊⚠️😭🕳️",1
454,"💀😭💊⚠️🕳️,💀😭🕳️⚠️😔,💀😭🕳️🚨💊,💀💊⚠️😭🕳️,💀😭🕳️⚠️💊",1
454,"💀😔🕳️🍷⚠️,💀😭🕳️🚨💊,💀💊⚠️😭🕳️,💀😭⚠️🕳️😔,💀😭🕳️⚠️😖",2
454,"💀😭🕳️🚨💊,💀💊🕳️😭,💀😭⚠️🕳️😔,💀😭🕳️⚠️😖,💀🔪🚨💊⚠️",2
454,"💀💊⚠️😭🕳️,💀😭⚠️🕳️💊,💀😭🕳️⚠️😖,💀🔪🚨💊🕳️,💀🔪🚨😭🕳️",1
454,"💀😭⚠️🕳️😔,💀😭🕳️⚠️😖,💀🔪🚨💊⚠️,💀🔪🚨😭⚠️,💀😭🕳️⚠️",2
454,"💀😭🕳️⚠️😖,💀🔪🚨💊⚠️,💀🔪🚨😭⚠️,💀😭⚠️🕳️,💀💊⚠️🕳️😭",2
454,"💀🔪🚨💊⚠️,💀🔪🚨😭⚠️,💀😭⚠️🕳️,💀💊⚠️🕳️😭,💀⚠️🕳️😭💊",3
454,"💀🔪🚨😭🕳️,💀😭🕳️⚠️,💀💊⚠️🕳️😭,💀⚠️🕳️😭💊,💀💊😭🕳️⚠️",1
454,"💀😭⚠️🕳️,💀💊⚠️🕳️😭,💀⚠️🕳️😭💊,💀💊🕳️😭⚠️,💀🔪😭⚠️",2
454,"💀💊⚠️🕳️😭,💀⚠️🕳️😭💊,💀💊🕳️😭⚠️,💀🔪😭⚠️,💀⚠️😭🕳️🔪",1
454,"💀⚠️🕳️😭💊,💀💊🕳️😭⚠️,💀🔪😭⚠️,💀⚠️🕳️😭,💀🔪💊🕳️",1
454,"💀💊😭🕳️⚠️,💀🔪😭⚠️,💀⚠️🕳️😭,💀🔪💊🕳️,💀🕳️⚠️😭🔪",1
454,"💀🔪😭⚠️,💀⚠️😭🕳️🔪,💀🔪💊🕳️,💀🕳️⚠️😭🔪,💀🕳️😭⚠️",3
454,"💀⚠️🕳️😭,💀🔪🚨💊😭,💀🕳️⚠️😭🔪,💀🕳️😭⚠️,💀💊🔪😭⚠️",1
454,"💀🔪💊🕳️,💀🕳️🔪😭,💀🕳️😭⚠️,💀💊🔪😭⚠️,💀🕳️😭⚠️😔",2
454,"💀🕳️⚠️😭🔪,💀🕳️😭⚠️,💀💊🔪😭⚠️,💀🕳️😭⚠️😔,💀⚠️🕳️😭🔪",1
454,"💀🕳️😭⚠️,💀💊🔪😭⚠️,💀🕳️😭⚠️😔,💀⚠️🕳️🔪😭,💀🕳️😭⚠️😔",1
454,"💀💊🔪🕳️,💀🕳️😭⚠️😔,💀🕳️🔪🚨💊,💀🕳️😭⚠️😔,💀💊🕳️😭",1
454,"💀🕳️😭⚠️😔,💀🕳️🔪🚨💊,💀🕳️😭⚠️😔,💀💊🕳️😭,💀😭⚠️🕳️",1
454,"💀🕳️🔪🚨💊,💀🕳️😭⚠️😔,💀💊🕳️😭,💀😭⚠️🕳️,💀🕳️😭⚠️🩸",1
454,"💀🕳️😭⚠️😔,💀💊🕳️😭,💀😭⚠️🕳️,💀🕳️😭⚠️🩸,💀😰🕳️😭⚠️",0
454,"💀💊🕳️😭,💀😭⚠️🕳️,💀🕳️😭⚠️💊,💀😰🕳️😭⚠️,😔💔😢😞🕳️",0
454,"💀😭⚠️🕳️,💀🕳️😭⚠️🩸,💀😰🕳️😭⚠️,😔💔😢😞🕳️,💀🕳️😭⚠️😔",1
454,"💀🕳️😭⚠️💊,💀😰🕳️😭⚠️,😔💔😢😞🕳️,💀🕳️😭⚠️😔,💀😭🕳️⚠️😔",1
454,"💀😰🕳️😭⚠️,😔💔😢😞🕳️,💀🕳️😭⚠️😔,💀😭🕳️⚠️😔,💀😭🕳️⚠️😔",1
454,"😔💔😢😞🕳️,💀🕳️😭⚠️😔,💀😭🕳️⚠️😔,💀😭🕳️⚠️😔,💀🔪😭⚠️",1
454,"💀🕳️😭⚠️😔,💀😭🕳️⚠️😔,💀😭🕳️⚠️😔,💀🔪😭⚠️,💀⚠️😭🕳️",1
454,"💀😭🕳️⚠️😔,💀🕳️😭⚠️😖,💀🔪😭⚠️,💀⚠️😭🕳️,💀😭🕳️⚠️😔",1
454,"💀😭🕳️⚠️😔,💀🔪😭⚠️,💀⚠️😭🕳️,💀😭🕳️⚠️😔,💀😭🔪🌑",1
454,"💀🔪😭⚠️,💀⚠️😭🕳️,💀😭🕳️⚠️😔,💀😭🔪🕳️,💀😭🔪🌑",1
454,"💀⚠️😭🕳️,💀😭🕳️⚠️😔,💀😭🔪🌑,💀😭🔪⚠️,💀😰🕳️😭⚠️",1
454,"💀😭🕳️⚠️😔,💀😭⚠️🕳️🔪,💀😭🔪🌑,💀🕳️😭😰⚠️,💀🕳️😭⚠️😔",1
454,"💀😭⚠️🕳️🔪,💀😭⚠️🕳️,💀🕳️😭😰⚠️,💀🕳️😭⚠️😔,💀😭⚠️🕳️",1
454,"💀😭🔪🚨,💀😰🕳️😭⚠️,💀🕳️😭⚠️😔,💀😭⚠️🕳️,💀🕳️😭⚠️😔",1
454,"💀🕳️😭😰⚠️,💀🕳️😭⚠️😔,💀😭⚠️🕳️,💀🕳️😭⚠️😔,💀🕳️😭😔⚠️",1
454,"💀🕳️😭⚠️😔,💀😭⚠️🕳️,💀🕳️😭⚠️😔,💀🕳️😭😔⚠️,💀🕳️😭⚠️🩸",0
454,"💀😭⚠️🕳️,💀🕳️😭⚠️😔,💀🕳️😭😔⚠️,💀🕳️😭⚠️🩸,💀😭⚠️🕳️😔",1
454,"💀🕳️😭⚠️😔,💀🕳️😭😔⚠️,💀🕳️😭⚠️🩸,💀😭⚠️🕳️😔,💀😭⚠️🕳️😖",1
455,"💀🕳️😰😭⚠️,😔💔😢😞⚠️,💀🕳️😭⚠️😖,😔💔😞🕳️⚠️,😔💔🕳️😰⚠️",0
457,💀🕳️😭⚠️💊,1
457,💀🕳️⚠️😭💊,1
457,"💀🕳️😭⚠️💔,💀🕳️😭⚠️💊,💀🕳️😭⚠️🚗,💀🕳️😭⚠️😖,💀💊⚠️🕳️😭",1
457,"💀🕳️😭⚠️💊,💀🕳️😭⚠️🚗,💀🕳️😭⚠️😖,💀💊⚠️🕳️😭,💀🕳️😭🔪⚠️",1
457,"💀🕳️😭⚠️🚗,💀😭🕳️⚠️😖,💀💊⚠️🕳️😭,💀🕳️😭🔪⚠️,💀🕳️⚠️😭😔",1
458,"💀🕳️😭😔⚠️,💀💊😰🕳️😭,💀💊⚠️😭🕳️,💀🕳️😰😭⚠️,💀😔💔⚠️😭",2
458,"💀💊😰🕳️😭,💀💊⚠️😭🕳️,💀🕳️😰😭⚠️,💀😰💔🕳️😭,💀💊⚠️🕳️😰",2
458,"💀💊⚠️😭🕳️,💀🕳️😰😔💔,💀😔💔🕳️⚠️,💀💊🚨⚠️🕳️,💀⚠️🔪🕳️",2
458,"💀🕳️😰😭⚠️,💀😔💔⚠️😭,💀💊🚨⚠️🕳️,💀🔪🚨⚠️🕳️,💀🕳️⚠️😭⚰️",2
459,"💀🕳️😭⚠️🔪,💀😭🌑🕳️,💀⚠️🕳️😭🔪,💀⚠️🕳️😭,💀🕳️😭🔪🚨",1
459,"💀😭🌑🕳️,💀🕳️😭🔪🚨,💀⚠️🕳️😭,💀🕳️😭🔪🚨,💀😰🕳️😭⚠️",1
459,"💀🕳️😭🔪🚨,💀⚠️🕳️😭,💀🕳️😭🔪🚨,💀😰🕳️😭⚠️,💀😭🕳️⚠️",1
459,"💀⚠️🕳️😭,💀🔪🕳️😭🚨,💀😰🕳️🚨😭,💀😭🕳️⚠️,💀🔫⚠️🕳️😭",3
459,"💀🔪😰🕳️🚨,💀😰🕳️😭⚠️,💀😭🕳️⚠️,💀🔫⚠️🕳️😭,💀⚠️🔪😰🕳️",3
460,"💀🔪⚠️😭🕳️,💀⚠️🔪🕳️😭,😔💔😢,💀🕳️😔😭⚠️,😔💔😖🕳️⚠️",0
460,"💀⚠️🔪🪦😰,😔💔😢,💀😔🕳️😭⚠️,😔💔😖🕳️⚠️,😔💔😞",0
460,"😔💔😢,💀🕳️😔💔😭,😔💔😖🕳️⚠️,😔💔😞,😔💔😞",0
460,"💀🕳️😔😭⚠️,😔💔😖🕳️⚠️,😔💔😞,😔💔😞,😔🕳️💀",1
460,"😔💔😖🕳️⚠️,😔💔😞,😔💔😞,😔🕳️💀,💀😭😞⚠️🕳️",1
460,"😔💔😞,😔💔😞,😔🕳️💀,💀😭😞🕳️⚠️,💀😭⚠️🕳️😔",1
460,"😔💔😞,😔🕳️💀,💀😭😞🕳️⚠️,💀😭⚠️🕳️😔,😔💔😢😞🕳️",1
460,"😔💔🕳️😭⚠️,💀😭😞🕳️⚠️,💀😭⚠️🕳️😔,😔💔😢😞🕳️,💀😰🕳️😭⚠️",1
460,"💀😭😞⚠️🕳️,💀😭⚠️🕳️😔,😔💔😢,💀😰🕳️😭⚠️,💀🕳️😭⚠️🪦",0
460,"💀😭⚠️🕳️😔,😔💔😢😞🕳️,💀😰🕳️😭⚠️,💀🕳️😭⚠️🪦,😔💔😞🕳️⚠️",0
460,"😔💔😢😞🕳️,💀😰🕳️😭⚠️,💀🕳️😭⚠️🪦,😔💔😞🕳️⚠️,💀🕳️😭⚠️",0
460,"💀😰🕳️😭⚠️,💀🕳️😭⚠️🪦,😔💔😞🕳️⚠️,💀🕳️😭⚠️,💀😭😞⚠️🕳️",0
460,"💀🕳️😭⚠️🪦,😔💔😞🕳️⚠️,💀🕳️😭⚠️,💀🕳️😭😔💔,😔😩😤",0
460,"😔💔😞🕳️⚠️,💀🕳️😭⚠️,💀😭😞🕳️⚠️,😔😩😤,😔💔😢",1
460,"💀🕳️😭⚠️,💀🕳️😭😞⚠️,😔😩😤,😔💔😢,💀⚠️😭😔🕳️",0
460,"💀😔🕳️😭⚠️,😔😩😤,😔💔😢,💀⚠️😭😔🕳️,😔💔😞🕳️⚠️",1
460,"😔😩😖,😔💔😞,💀⚠️😭😔🕳️,😔💔😞🕳️⚠️,💀🕳️😭⚠️😔",1
460,"😔💔😢,💀⚠️😭😔🕳️,😔💔😞🕳️⚠️,💀🕳️😭⚠️,💀😰🕳️😭⚠️",0
460,"💀⚠️😭😔🕳️,😔💔😞🕳️⚠️,💀🕳️😭⚠️😔,💀😰🕳️😭⚠️,💀😔🕳️😭⚠️",0
460,"😔💔😞🕳️⚠️,💀🕳️😭⚠️😔,💀😰🕳️😭⚠️,💀😔🕳️😭⚠️,😔💔😞🕳️⚠️",0
462,"💀🔪🚨⚠️🕳️,💀🔫🚨⚠️🕳️,💀💊🚨😵,💀💊⚠️😭,💀⚠️🕳️😭",2
462,"💀🔫🚨⚠️🕳️,💀💊🚨😵,💀💊⚠️😭,💀⚠️🕳️😭,💀🔪🚨😭⚠️",2
462,"💀💊🚨😵,💀💊⚠️😭,💀⚠️🕳️😭,💀🔪🚨⚠️😭,💀⚠️🔪😭🕳️",1
462,"💀💊⚠️😭,💀⚠️🕳️😭,💀🔪🚨😭⚠️,💀⚠️🔪😭🕳️,💀🕳️⚠️🔪📅",2
462,"💀⚠️🕳️😭,💀🔪🚨⚠️😭,💀⚠️🔪😭🕳️,💀🕳️⚠️🔪📅,💀🔪🚨⚰️🕳️",2
463,"💀🕳️⚠️😭🚨,💀🕳️😭😔⚠️,😭😔💔⚠️🕳️,💀⚠️😰🕳️🚗,💀🕳️😭😰⚠️",1
463,"💀🕳️😭😔⚠️,😭😔💔😰⚠️,💀⚠️😰🕳️🚗,💀🕳️😭😰⚠️,💀🕳️😭⚠️🔪",1
464,"💀⚠️🕳️😭🚨,💀⚠️🕳️😭🩸,💀😰⚠️😭😔,💀⚠️🕳️😭🚨,💀⚠️🕳️😭💪",2
464,"💀⚠️🕳️😭🩸,💀😰⚠️😭😔,💀⚠️🕳️😭🚨,💀⚠️🕳️😭💪,💀📝⏰🕳️🚨",3
464,"💀😰⚠️😭😔,💀⚠️🕳️😭🚨,💀⚠️🕳️😭💪,💀⚠️🔪📝🌅,💀🕳️⚠️😭🔪",0
464,"💀⚠️🕳️😭🚨,💀⚠️🕳️😭💪,💀⚠️🔪📝🌅,💀⚠️🕳️😭🔪,💀🔪😭⚠️🕳️",1
464,"💀⚠️🕳️😭💪,💀⚠️🔪📝🌅,💀🕳️⚠️😭🔪,💀🔪😭🕳️⚠️,💀😭😔⚠️🕳️",1
464,"💀⚠️🔪📝🌅,💀⚠️🕳️😭🔪,💀🔪😭🕳️⚠️,💀😭😔⚠️🕳️,💀🕳️😭⚠️",1
464,"💀⚠️🕳️😭🔪,💀🔪😭🕳️⚠️,💀😭😔⚠️💔,💀😰🕳️😭⚠️,😔💔😢💪✨",1
464,"💀🔪😭⚠️🕳️,💀😭😔⚠️🕳️,💀😰🕳️😭⚠️,😔💔😢💪✨,😔💔😢😞⚠️",2
464,"💀😭😔⚠️🕳️,💀😰🕳️😭⚠️,😔💔😢💪✨,😔💔😢😞⚠️,💀🔪🩸🚨🕳️",2
464,"💀🕳️😭⚠️,😔💔😢💪✨,😔💔😢😞⚠️,💀🔪🩸🚨🕳️,💀🕳️⚠️😭🩸",1
464,"😔💔😢💪✨,😔💔😢😞⚠️,💀🔪🩸🚨🕳️,💀🕳️⚠️😭📅,💀😭⚠️💔🐶",2
464,"😔💔😢😞⚠️,💀🔪🩸🚨🕳️,💀⚠️🕳️😭🚨,💀😭⚠️💔🐶,💀🔪🚨⚠️🕳️",1
464,"💀🔪🩸🚨🕳️,💀⚠️🕳️😭🚨,💀😭⚠️💔🐾,💀🔪🚨⚠️🕳️,💀🕳️😭⚠️",1
464,"💀🕳️⚠️😭📅,💀😭⚠️💔🐶,💀🔪🚨⚠️🕳️,💀😰🕳️😭⚠️,💀🕳️😭⚠️🪦",1
464,"💀😭⚠️💔🐶,💀🔪🚨⚠️🕳️,💀😰🕳️😭⚠️,💀🕳️😭⚠️🪦,💀⚠️🕳️😭😰",1
464,"💀🔪🚨⚠️🕳️,💀😰🕳️😭⚠️,💀🕳️😭⚠️🪦,💀⚠️🕳️😭😰,💀⚠️🕳️😭",0
464,"💀😰🕳️😭⚠️,💀🕳️😭⚠️🪦,💀⚠️🕳️😭😰,💀⚠️🕳️😭,😔💔⚠️🕳️",1
464,"💀🕳️😭⚠️🪦,💀⚠️🕳️😭😰,💀⚠️🕳️😭,😔💔,💀🕳️⚠️😭🪦",0
464,"💀⚠️🕳️😭😰,💀⚠️🕳️😭,😔💔⚠️🕳️,💀🕳️⚠️😭🪦,💀⚠️🕳️😭",1
464,"💀⚠️🕳️😭,😔💔,💀🕳️⚠️😭🪦,💀⚠️🕳️😭,💀😰⚠️😭🕳️",2
464,"😔💔,💀🕳️⚠️📅,💀⚠️🕳️😭,💀😰⚠️😭🕳️,💀⚠️🕳️😭",0
464,"💀🕳️⚠️😭🪦,💀⚠️🕳️😭,💀😰⚠️😭🕳️,💀⚠️🕳️😭,😔💔😢😞🕳️",1
464,"💀⚠️🕳️😭,💀😰⚠️😭🕳️,💀⚠️🕳️😭,😔💔😢😞🕳️,💀🕳️😭⚠️😔",1
464,"💀😰⚠️😭🕳️,💀⚠️🕳️😭,😔💔😢😞🕳️,💀🕳️😭⚠️😔,💀😭🕳️⚠️😔",1
464,"💀⚠️🕳️😭,😔💔😢😞🕳️,💀🕳️😭⚠️😔,💀😭🕳️⚠️😔,💀🕳️😭⚠️🔪",2
464,"😔💔😢😞🕳️,💀🕳️😭⚠️😔,💀😭🕳️⚠️😔,💀🕳️😭⚠️🔪,💀⚠️😰🕳️📅",1
464,"💀🕳️😭⚠️😔,💀😭🕳️⚠️😔,💀🕳️😭⚠️🔪,💀⚠️😰🕳️📅,💀⚠️🕳️😭🔪",1
464,"💀😭🕳️⚠️😔,💀🕳️😭⚠️🔪,💀⚠️😰🕳️📅,💀⚠️🕳️😭🔪,💀😰🕳️😭",1
464,"💀🕳️😭⚠️🔪,💀⚠️😰🕳️📅,💀⚠️🕳️😭🔪,💀😰🕳️😭,💀😰🕳️😭",1
464,"💀⚠️😰🕳️📅,💀⚠️🕳️😭🔪,💀😰🕳️😭,💀😰🕳️😭,💀😭⚠️🕳️😔",1
464,"💀⚠️🕳️😭🔪,💀😰🕳️😭,💀😰🕳️😭,💀😭⚠️🕳️😔,💀🕳️😭⚠️😔",2
464,"💀😰🕳️😭,💀😰🕳️😭,💀😭⚠️🕳️😔,💀🕳️😭⚠️😔,💀⚠️🕳️😭🚨",1
464,"💀😰🕳️😭,💀😭⚠️🕳️😔,💀🕳️😭⚠️😔,💀⚠️🕳️😭🚨,💀🕳️😭⚠️😰",1
464,"💀😭⚠️🕳️😔,💀🕳️😭⚠️😔,💀⚠️🕳️😭🚨,💀🕳️😭⚠️😔,💀🕳️⚠️😭🔪",1
464,"💀🕳️😭⚠️😔,💀⚠️🕳️😭🚨,💀🕳️😭⚠️😰,💀🕳️⚠️😭🔪,💀🕳️😭⚠️",2
465,"💀😭⚠️😔🕳️,💀😔😭⚠️🕳️,💀😭🕳️⚠️😔,😔💔😞⚠️🕳️,💀😭😞⚠️🕳️",1
465,"💀😔🕳️😭⚠️,💀😭🕳️⚠️😔,😔💔😞⚠️,💀😭😞⚠️🕳️,💀🔪🚨⚠️🕳️",1
465,"💀😭😔⚠️🕳️,😔💔😞⚠️,💀😭😞⚠️🕳️,💀🔪🚨⚠️🕳️,💀🕳️⚠️😭😰",1
465,"😔💔😞⚠️,💀😭😞⚠️🕳️,💀🔪🚨⚠️🕳️,💀🕳️⚠️😭😰,💀😰🕳️😭⚠️",1
465,"💀😭😞⚠️🕳️,💀🔪🚨⚠️🕳️,💀🕳️⚠️😭😰,💀😰🕳️😭⚠️,💀😭🔪🕳️",1
465,"💀🔪🚨⚠️🕳️,💀🕳️⚠️😭😰,💀😰🕳️😭⚠️,💀😭🔪🕳️,💀😭😞🕳️⚠️",1
465,"💀⚠️🕳️😭😰,💀😰🕳️😭⚠️,💀😭🔪🕳️,💀😭😞🕳️⚠️,💀😭⚠️😔💔",1
465,"💀😰🕳️😭⚠️,💀😭🔪🕳️,💀😭😞🕳️⚠️,💀😭⚠️😔💔,😔💔😢😞🕳️",0
465,"💀😭🔪🕳️,💀😭😞🕳️⚠️,💀😭⚠️😔💔,😔💔😢😞🕳️,💀😔🕳️😭⚠️",1
465,"💀😭😞🕳️⚠️,💀😭⚠️😔💔,😔💔😢😞🕳️,💀😔🕳️😭⚠️,💀🕳️😭⚠️😔",1
465,"💀😭⚠️😔💔,😔💔😢😞🕳️,💀🕳️😭😔💔,💀🕳️😭⚠️😔,💀😭🕳️⚠️😔",1
465,"😔💔😢😞🕳️,💀😔🕳️😭⚠️,💀🕳️😭⚠️😔,💀😭⚠️🕳️😔,💀😭🕳️⚠️💔",0
465,"💀😔🕳️😭⚠️,💀🕳️😭⚠️😔,💀😭🕳️⚠️😔,💀😭🕳️⚠️💔,😔💔😞😩🕳️",1
465,"💀🕳️😭⚠️😔,💀😭⚠️🕳️😔,💀😭🕳️⚠️💔,😔💔😞😩🕳️,💀😭🕳️⚠️😔",0
465,"💀😭🕳️⚠️😔,💀😭🕳️⚠️💔,😔💔😞😩🕳️,💀😭🕳️⚠️😔,😔😰🕳️💔😵",0
465,"💀😭🕳️⚠️🔪,😔💔😞😩🕳️,💀😭🕳️⚠️😔,😔😰🕳️💔😵,😔💔😢😞⚠️",1
466,"💀🕳️😭⚠️😰,💀🕳️😭⚠️🔪,💀😭🕳️⚠️😔,💀🕳️😭😰⚠️,💀🕳️😭😔⚠️",1
466,"💀🕳️😭⚠️🔪,💀😭🕳️⚠️😔,💀🕳️😭😰⚠️,💀🕳️😭😔💔,💀😭🕳️⚠️💔",1
466,"💀😭🕳️⚠️😔,💀🕳️😭😰⚠️,💀🕳️😭😔💔,💀😭🕳️⚠️💔,💀🕳️⚠️😭",1
466,"💀🕳️😭😰⚠️,💀🕳️😭😔💔,💀😭🕳️⚠️💔,💀🕳️⚠️😭🔪,💀🕳️😭😔💔",1
466,"💀🕳️😭😔💔,💀😭🕳️⚠️😔,💀🕳️⚠️😭🔪,💀🕳️😭😔💔,💀🕳️😭⚠️🔪",1
467,"💀😭🕳️⚠️🔪,😔💔😢,💀⚠️😭🕳️🔪,💀🔪⚠️😭,💀😭⚠️🕳️😔",0
467,"😔💔😢,💀⚠️😭🕳️🔪,💀🔪⚠️😭🌑,💀😭⚠️🕳️😔,💀😔🕳️😭⚠️",1
467,"💀⚠️😭🕳️🔪,💀🔪⚠️😭🕳️,💀😭⚠️🕳️😔,💀😭🕳️😔💔,💀😰😭⚠️",0
467,"💀🔪⚠️😭🚨,💀😭⚠️🕳️😔,💀😔🕳️😭⚠️,💀😰😭⚠️,💀⚠️😰🕳️😭",2
467,"💀😭⚠️🕳️😔,💀😔🕳️😭,💀😰😭⚠️,💀⚠️😰🕳️😭,💀🔪😭🚨",2
467,"💀😭😔⚠️,💀😰😭⚠️,💀⚠️😰🕳️😭,💀🔪😭🚨,💀⚠️😭🕳️🔪",1
467,"💀😰😭⚠️,💀⚠️😰🕳️😭,💀🔪😭🚨,💀⚠️😭🕳️🔪,💀🔪🕳️😭",1
467,"💀⚠️😰🕳️😭,💀🔪😭🚨,💀⚠️😭🕳️🔪,💀🔪🚨😭🕳️,💀🕳️😭⚠️🔪",2
467,"💀🔪😭🚨,💀⚠️😭🕳️🔪,💀🔪🕳️😭,💀🕳️😭⚠️🔪,💀😭🕳️⚠️🚨",0
467,"💀⚠️😭🕳️🚨,💀🔪🚨😭🕳️,💀🕳️😭⚠️🔪,💀⚠️😭🕳️,😔💔🕳️",2
467,"💀🔪🕳️😭,💀🕳️😭⚠️🔪,💀⚠️😭🕳️,😔💔🕳️,💀🔪🚨😭⚠️",1
467,"💀🕳️😭⚠️🔪,💀⚠️😭🕳️,😔💔🕳️,💀🔪🚨😭⚠️,💀🕳️😭😔",2
467,"💀⚠️😭🕳️,😔💔🕳️,💀🔪🚨😭⚠️,💀🕳️😭😔,💀⚠️😭🕳️🔪",1
467,"😔💔🕳️,💀🔪🚨😭⚠️,💀🕳️😭😔,💀⚠️😭🕳️🔪,💀🔪😰🕳️",3
467,"💀🔪🚨⚠️😭,💀🕳️😭😔,💀⚠️😭🕳️🔪,💀🔪😰🕳️,💀⚠️🕳️😭🚨",2
467,"💀🕳️😭😔,💀⚠️😭🕳️🔪,💀🔪😰🕳️,💀⚠️🕳️😭🚨,💀⚠️🔪🕳️",2
468,"💀🕳️😭😞⚠️,💀🕳️⚠️😭🔪,💀😭⚠️😔💔,😔💔😢😞,😔💔🕳️😭⚠️",0
468,"💀⚠️🕳️😭🔪,💀😭⚠️😔💔,😔💔😢😞⚠️,😔💔🕳️😭⚠️,💀🕳️😭😞⚠️",1
468,"💀😭⚠️😔💔,😔💔😢😞⚠️,😔💔🕳️😭⚠️,💀🕳️😭😞⚠️,💀🕳️😭⚠️😔",1
468,"😔💔😢😞⚠️,😔💔🕳️😭⚠️,💀🕳️😭😞⚠️,💀😔🕳️⚠️😭,💀🕳️😭⚠️🔪",1
468,"😔💔🕳️😭⚠️,💀🕳️😭😞⚠️,💀🕳️😭⚠️😔,💀🕳️😭⚠️🔪,💀🕳️😭⚠️🌑",0
468,"💀🕳️😭😞⚠️,💀🕳️😭😔⚠️,💀🕳️😭🚨⚠️,💀🕳️😭⚠️🌑,💀😔🕳️😭⚠️",1
469,"💀🕳️⚠️😭🔪,💀🕳️😭💔⚠️,💀🕳️⚠️😭🔪,💀💔🕳️😭😔,💀🕳️😭⚠️🔪",1
469,"💀🕳️😭💔⚠️,💀🕳️⚠️😭,💀💔🕳️😭😔,💀😭🕳️⚠️🔪,💀🕳️😭⚠️😔",2
469,"💀🕳️⚠️😭🔪,💀💔🕳️😭⚠️,💀😭🕳️⚠️🔪,💀🕳️😭⚠️😔,💀⚠️😭🕳️",2
469,"💔😔🕳️😭⚠️,💀😭🕳️⚠️🔪,💀🕳️😭😔💔,💀⚠️😭🕳️,💀🕳️⚠️😭⚰️",1
469,"💀😭🕳️⚠️🔪,💀🕳️😭⚠️😔,💀⚠️😭🕳️,💀🕳️⚠️😭⚰️,💀🔪😭🕳️🚨",1
469,"💀🕳️😭⚠️😔,💀⚠️😭🕳️,💀🕳️⚠️😭⚰️,💀🔪😭🕳️⚠️,💀😭⚠️😖🕳️",1
469,"💀⚠️😭🕳️,💀🕳️⚠️😭⚰️,💀🔪😭🕳️⚠️,💀😭⚠️🕳️😔,💀🕳️😭⚠️",3
469,"💀🕳️⚠️😭⚰️,💀🔪😭🕳️⚠️,💀😭⚠️🕳️😔,💀🕳️😭😔⚠️,💀🕳️⚠️😭🔪",2
469,"💀🔪😭🕳️⚠️,💀😭⚠️🕳️😔,💀🕳️😭⚠️,💀🕳️⚠️😭🔪,💀🕳️😭⚠️🪦",1
469,"💀😭⚠️😖🕳️,💀🕳️😭⚠️,💀🕳️⚠️😭🔪,💀🕳️😭⚠️🪦,💀🕳️😭⚠️",1
469,"💀🕳️😭⚠️,💀🕳️⚠️😭🔪,💀🕳️😭⚠️🪦,💀🕳️😭⚠️,💀🔫🚨😭🕳️",1
469,"💀🕳️⚠️😭🔪,💀🕳️😭⚠️🪦,💀🕳️😭⚠️,💀🔫🚨😭🕳️,💀🕳️😭⚠️🩸",2
469,"💀🕳️😭⚠️🪦,💀🕳️😭⚠️,💀🔫🚨😭🕳️,💀🕳️😭⚠️🔪,💀🕳️😭😞💔",1
469,"💀🕳️😭⚠️,💀🔫🚨😭🕳️,💀🕳️😭⚠️🩸,💀🕳️😭⚠️💔,💀⚠️🕳️😭😔",1
469,"💀🔫🚨😭🕳️,💀🕳️😭⚠️🔪,💀🕳️😭💔⚠️,💀⚠️🕳️😭😔,💀🔪🚨⚠️🕳️",1
469,"💀🕳️⚠️😭😔,💀🕳️😭💔⚠️,💀⚠️🕳️😭😔,💀🔪🚨⚠️😭,💀🕳️😭😔⚠️",1
469,"💀🕳️😭💔⚠️,💀⚠️🕳️😭😔,💀🔪🚨⚠️😭,💀🕳️😭😔⚠️,💀🔪😭⚠️",0
469,"💀⚠️🕳️😭😔,💀🔪🚨⚠️🕳️,💀🕳️😭😔⚠️,💀🔪😭🚨,😭😔💔😢🕳️",1
469,"💀🔪🚨⚠️🕳️,💀🕳️😭😔⚠️,💀🔪😭⚠️,😭😔💔😢🕳️,💀😔💔🕳️⚠️",1
469,"💀🕳️😭😔⚠️,💀🔪🚨😭⚠️,😭😔💔😢🕳️,💀😔💔🕳️⚠️,💀🕳️😭😔⚠️",1
469,"💀🔪🚨😭⚠️,😭😔💔😢🕳️,💀😔💔🕳️⚠️,💀🕳️😭😔⚠️,💀🕳️😭⚠️🔪",1
469,"😭😔💔😢🕳️,💀😔💔🕳️⚠️,💀🕳️😭😔⚠️,💀🕳️😭⚠️🔪,💀⚠️🕳️😭🔪",2
469,"💀😔💔🕳️⚠️,💀🕳️😭😔⚠️,💀🕳️😭⚠️🔪,💀⚠️🕳️😭🔪,💀🕳️😭⚠️🌑",0
469,"💀🕳️😭😔⚠️,💀😭🕳️⚠️🔪,💀⚠️🔪🕳️😭,💀🕳️😭⚠️🌑,😔💔😞",1
469,"💀🕳️😭⚠️🔪,💀⚠️🕳️😭🔪,💀🕳️😭⚠️🌑,😔💔😞,💀⚠️🕳️😭🔪",1
469,"💀⚠️🔪😭🕳️,💀🕳️😭⚠️🌑,😔💔😞,💀⚠️🕳️😭🔪,💀😔😭⚠️",0
469,"💀🕳️😭⚠️😔,😔💔😞,💀⚠️🕳️😭🔪,💀😔😭⚠️,😔💔😢",1
469,"😔💔😞,💀⚠️🕳️😭🔪,💀😔😭⚠️,😔💔😢,💀🕳️⚠️😭🔪",1
469,"💀⚠️🕳️😭🔪,💀😔😭⚠️,😔💔😢,💀🕳️⚠️😭🔪,💀⚠️🕳️😭🚨",1
469,"💀😔😭⚠️,😔💔😢,💀🕳️⚠️😭🔪,💀🕳️😭⚠️🚨,💀🔪🚨😭⚠️",1
469,"😔💔😢,💀🕳️⚠️😭🔪,💀⚠️🕳️😭🚨,💀🔪🚨😭⚠️,💀😭⚠️🕳️💔",1
469,"💀🕳️⚠️😭🔪,💀⚠️🕳️😭🚨,💀🔪🚨😭⚠️,💀😭🕳️⚠️💔,💀😭⚠️🕳️",1
469,"💀⚠️🕳️😭🌑,💀🔪🚨😭⚠️,💀😭🕳️⚠️💔,💀😭⚠️🕳️,😔💔😢🕳️⚠️",1
469,"💀🔪🚨😭⚠️,💀😭🕳️⚠️💔,💀😭⚠️🕳️,😔💔😢🕳️⚠️,💀🕳️😭⚠️🚨",0
470,"💀🔪🚨⚠️🕳️,💀🕳️🔪😭,💀🕳️😭😔⚠️,💀⚠️🕳️😭,😔💔😢😞🕳️",1
470,"💀🕳️🔪😭,💀🕳️😭😔⚠️,💀⚠️🕳️😭,😔💔😢😞🕳️,💀🔪🕳️🚨",0
470,"💀🕳️😭😔⚠️,💀⚠️🕳️😭,😔💔😢😞🕳️,💀🔪🕳️🚨,💀🕳️😰😭⚠️",1
470,"💀⚠️🕳️😭,😔💔😢😞🕳️,💀🔪🕳️🚨,💀🕳️😰😔😭,💀🕳️😭⚠️😔",2
471,"💀🕳️😭⚠️,💀🕳️😭😔⚠️,💀🕳️😰😭⚠️,💀😰🕳️😭,💀🕳️🚨😭⚠️",0
471,"💀🕳️😭😔⚠️,💀🕳️😭⚠️,💀😰🕳️😭,💀🕳️🚨😭⚠️,💀😭⚠️🕳️",0
471,"💀🕳️😰😭⚠️,💀😰🕳️😭,💀🕳️🚨😭⚠️,💀😭⚠️🕳️,💀😭🕳️⚠️",0
471,"💀😰🕳️😭,💀🕳️😭🚨⚠️,💀😭⚠️🕳️,💀😭⚠️🕳️,💀💊😰⚠️🕳️",2
472,"😔💔😢,💀🕳️😭⚠️😔,💀🕳️🚨😭⚠️,💀🕳️⚠️😭🔪,💀🕳️😭⚠️🌑",1
472,"💀😭🕳️⚠️😔,💀🕳️🚨😭⚠️,💀🕳️⚠️😭🔪,💀🕳️😰😭⚠️,💀😭🕳️⚠️😔",0
472,"💀🕳️🚨😭⚠️,💀🕳️🚨😭⚠️,💀🕳️😭⚠️😰,💀😭🕳️⚠️😔,💀🕳️😭😔⚠️",0
472,"💀🕳️⚠️😭🔪,💀🕳️😭⚠️🌑,💀😭🕳️⚠️,💀🕳️😭😔⚠️,💀🕳️😭😔💔",0
472,"💀🕳️😭⚠️😰,💀😭🕳️⚠️😔,💀🕳️😭😔⚠️,💀🕳️😭😔💔,😔💔🕳️😭⚠️",1
472,"💀😭🕳️⚠️😔,💀🕳️😭😔⚠️,💀🕳️😭😔💔,😔💔😢🕳️⚠️,💀😰🕳️😭⚠️",0
472,"💀🕳️😭😔💔,💀🕳️😭😔💔,😔💔🕳️😭⚠️,💀😰🕳️😭⚠️,💀🕳️😭⚠️😰",3
472,"💀🕳️😭😔💔,😔💔🕳️😭⚠️,💀😰🕳️😭⚠️,💀🕳️😭⚠️🚨,💀🕳️⚠️🔪😭",0
472,"😔💔🕳️😭⚠️,💀😰🕳️😭⚠️,💀🕳️😭⚠️😰,💀🕳️⚠️🔪😭,💀🕳️😭⚠️🚨",1
472,"💀😰🕳️😭⚠️,💀🕳️😭⚠️😰,💀🕳️⚠️🔪😭,💀🕳️😭⚠️🚨,💀😰🕳️😭⚠️",1
472,"💀🕳️😭⚠️🚨,💀🕳️⚠️😭🔪,💀🕳️😭⚠️🚨,💀😰🕳️😭⚠️,💀🕳️😭😰⚠️",1
472,"💀🕳️⚠️🔪😭,💀🕳️😭⚠️🚨,💀😰🕳️😭⚠️,💀🕳️😭😰⚠️,💀🚨😭⚠️🕳️",3
472,"💀🕳️😭⚠️🚨,💀😰🕳️😭⚠️,💀🕳️😭😰⚠️,💀🚨😭⚠️🕳️,💀🕳️⚠️😭🔪",1
472,"💀😰🕳️😭⚠️,💀🕳️😭😰⚠️,💀🚨😭⚠️🕳️,💀🕳️⚠️😭🔪,💀🔪😰🕳️",2
472,"💀🕳️😭😰⚠️,💀🚨😭⚠️🕳️,💀🕳️⚠️😭🔪,💀🔪😰🕳️,💀🕳️😭⚠️🚨",0
472,"💀🚨😭⚠️🕳️,💀🕳️⚠️😭🔪,💀🔪😰🕳️,💀🕳️😭⚠️🚨,💀🕳️😰😔💔",1
472,"💀🕳️⚠️😭🔪,💀🔪😰🕳️,💀🕳️😭⚠️🚨,💀🕳️😰😔💔,💀💊🕳️😭",1
472,"💀🔪😰🕳️,💀🕳️😭⚠️🚨,💀🕳️😭😔⚠️,💀💊🕳️😵,💀🕳️😭⚠️",1
472,"💀🕳️😭⚠️🚨,💀🕳️😰😔💔,💀💊😴⚠️🕳️,💀🕳️😭🚨,💀🕳️⚠️😭🚨",2
472,"💀🕳️😰😔💔,💀💊😴⚠️🕳️,💀🕳️😭⚠️,💀🕳️🚨😭⚠️,💀🕳️😰🚨😭",1
472,"💀💊😴⚠️🕳️,💀🕳️😭⚠️,💀🕳️⚠️😭🔪,💀🕳️😰🚨😭,💀⚠️😭🕳️😰",1
472,"💀🕳️😭🚨,💀🕳️⚠️😭🔪,💀🕳️😰🚨😭,💀⚠️😭🕳️😰,💀🕳️😭😔⚠️",0
472,"💀🕳️⚠️😭🔪,💀🕳️😰🚨😭,💀⚠️😭🕳️😰,💀🕳️😭😔⚠️,💀⏳🕳️😌🚨",1
472,"💀🕳️😰🚨😭,💀⚠️😭🕳️😰,💀🕳️😭😔⚠️,💀⏳🕳️😌🚨,💀🕳️😭😔⚠️",0
472,"💀⚠️😭🕳️😰,💀🕳️😭😔⚠️,💀⏳🕳️😌🚨,💀🕳️😭😔⚠️,💀😭🕳️⚠️😖",1
472,"💀🕳️😭😔⚠️,💀⏳🕳️😌🚨,💀🕳️😭😔⚠️,💀😭🕳️⚠️😖,💀🕳️😭😔⚠️",1
472,"💀⏳🕳️😌🚨,💀🕳️😭😔⚠️,💀😭🕳️⚠️😖,💀🕳️😭😔⚠️,💀🕳️😭😔⚠️",2
472,"💀🕳️😭😔⚠️,💀😭🕳️⚠️😖,💀🕳️😭😔⚠️,💀🕳️😭😔⚠️,💀😭🕳️⚠️🔪",1
472,"💀😭🕳️⚠️😖,💀🕳️😭😔⚠️,💀🕳️😭😞⚠️,💀😭🕳️⚠️🔪,💀🕳️😭⚠️",0
472,"💀🕳️😭😔⚠️,💀🕳️😭😔⚠️,💀😭🕳️⚠️🔪,💀🕳️😭⚠️,💀😭🕳️⚠️😰",1
472,"💀🕳️😭😔⚠️,💀😭🕳️⚠️🔪,💀🕳️😭⚠️,💀😭🕳️⚠️😰,💀🕳️😭⚠️",0
472,"💀😭🕳️⚠️🔪,💀😭🔪🕳️,😭😰🕳️💀⚠️,💀🕳️😭⚠️💊,💀😭😰🕳️⚠️",1
472,"💀🕳️😭⚠️,💀😭🕳️⚠️😰,💀🕳️😭⚠️,💀😭😰🕳️⚠️,💀🕳️😰🚨😵",0
473,"💀🔪⚠️🕳️,💀💊⚠️🕳️,💀🔪🚨⚠️🕳️,💀⚠️😰🕳️🥶,💀🕳️⚠️😭😖",3
473,"💀💊⚠️🕳️,💀🔪⏳🕳️,💀⚠️😰🕳️🥶,💀🕳️😭⚠️🛏️,💀⚠️🕳️🔪",0
473,"💀🔪⏳🕳️,💀⚠️😰🕳️🥶,💀⚠️🕳️😭😖,💀⚠️🕳️🔪,💀🚨⚠️😭🕳️",0
473,"💀⚠️😰🕳️🥶,💀⚠️🕳️😭😖,💀⚠️🕳️🔪,💀🚨⚠️🕳️😭,💀😰⚠️🕳️😭",0
473,"💀🕳️⚠️😭🔪,💀⚠️🕳️🔪,💀🚨⚠️🕳️😭,💀😰⚠️🕳️😭,😔🕳️",2
473,"💀⚠️🕳️🔪,💀🚨⚠️🕳️😭,💀😰⚠️🕳️😭,😔🕳️,💀🔪⚠️😰🩸",1
473,"💀🚨⚠️😭🕳️,💀😰⚠️🕳️😭,😔🕳️,💀🔪⚠️😰,💀😭⚠️🕳️💊",1
473,"💀😰⚠️🕳️😭,😔🕳️,💀🔪🩸⚠️😰,💀😭⚠️🕳️💊,💀🕳️⚠️😭",0
473,"😔🕳️,💀🔪⚠️😭,💀😭⚠️🕳️💊,💀🕳️⚠️😭🔪,💀⚠️🕳️😭🚨",0
473,"💀🔪🩸⚠️😰,💀😭⚠️🕳️💊,💀🕳️⚠️😭,💀⚠️🕳️😭🚨,💀⚰️😭⚠️",2
473,"💀😭⚠️🕳️💊,💀🕳️⚠️😭🔪,💀⚠️🕳️😭,💀⚰️😭⚠️🕳️,💀🕳️⚠️😭🔪",0
473,"💀🕳️⚠️😭🔪,💀⚠️🕳️😭,💀⚰️😭⚠️,💀🕳️⚠️😭🔪,💀⚠️🕳️😭",2
473,"💀⚠️🕳️😭,💀⚰️😭⚠️,💀🕳️⚠️😭🔪,💀⚠️🕳️😭,💀⏳⚠️🕳️😭",2
473,"💀⚰️😭⚠️,💀🕳️⚠️😭🔪,💀⚠️🕳️😭,💀⏳⚠️🕳️😭,💀🔪🩸⚠️😭",3
473,"💀🕳️⚠️😭🔪,💀⚠️🕳️😭,💀⏳⚠️🕳️😭,💀🔪🚨🩸⚠️,💀🔪⚠️😰🕳️",2
473,"💀⚠️🕳️😭,💀⏳⚠️🕳️😭,💀🔪🩸⚠️😭,💀🔪🩸😰⚠️,💀⚠️😰🕳️🚨",3
473,"💀⏳⚠️🕳️😭,💀🔪🩸⚠️😭,💀🔪🩸😰⚠️,💀⚠️😰🕳️🚨,💀🕳️🚨💧😭",2
473,"💀🔪🩸⚠️😭,💀🔪🩸😰⚠️,💀⚠️😰🕳️🚨,💀🕳️🚨💧😭,💀⚠️🕳️😭🔪",2
473,"💀🔪🩸😰⚠️,💀⚠️😰🕳️🚨,💀🕳️🚨💧😭,💀⚠️🕳️😭🔪,💀💊⚠️🕳️😭",2
473,"💀⚠️😰🕳️🚨,💀🕳️🚨💧😭,💀⚠️🕳️😭🔪,💀⚠️🔪💊🕳️,💀🔫🚨😭🕳️",3
473,"💀🕳️🚨💧😭,💀⚠️🕳️🔪😰,💀💊⚠️🕳️😭,💀🔫🚨😭🌑,💀🕳️⚠️😭🔪",0
473,"💀⚠️🕳️😭🔪,💀💊⚠️🕳️😭,💀🔫🚨😭🕳️,💀🕳️⚠️😭🔪,😔💔😢⚠️",0
473,"💀🕳️⚠️😭💊,💀🔫🚨😭🕳️,💀🕳️⚠️😭🔪,😔💔😢⚠️🕳️,💀⚠️🕳️😭🚨",2
473,"💀🔫🚨😭🕳️,💀🕳️⚠️😭,😔💔😢⚠️,💀⚠️😰🕳️😭,💀🔪⚠️🕳️",1
473,"💀🕳️⚠️😭🔪,😔💔😢⚠️,💀⚠️🕳️😭🚨,💀🔪⚠️🕳️,💀⚠️😰🕳️😭",1
473,"😔💔😢⚠️,💀⚠️🕳️😭🚨,💀🔪⚠️🕳️,💀⚠️😰🕳️😭,💀😰🕳️😭⚠️",1
473,"💀⚠️🕳️😭🚨,💀🔪⚠️🕳️,💀⚠️😰🕳️😭,💀😰🕳️😭⚠️,💀😰🕳️😭⚠️",1
473,"💀🔪🚨⚠️🕳️,💀⚠️😰🕳️😭,💀😰🕳️😭⚠️,💀😰🕳️😭⚠️,💀🔪⚠️😭🕳️",0
473,"💀⚠️😰🕳️😭,💀😭🕳️⚠️,💀😰🕳️😭⚠️,💀🔪⚠️😭🕳️,💀🕳️⚠️🚨😭",2
473,"💀😰🕳️😭⚠️,💀😰🕳️😭⚠️,💀🔪⚠️😭🕳️,💀🕳️⚠️🚨😭,💀😭🕳️⚠️",2
473,"💀😰🕳️😭⚠️,💀🔪⚠️😭🕳️,💀⚠️🕳️😭🚨,💀😭🕳️⚠️,💀🔪🩸🚨⚠️",3
473,"💀🔪⚠️😭🕳️,💀⚠️🕳️😭🚨,💀😭🕳️⚠️,💀🔪🩸🚨⚠️,💀🕳️⚠️😭😖",0
473,"💀⚠️🚨🕳️😭,💀😭🕳️⚠️,💀🔪🩸🚨⚠️,💀🕳️⚠️😭🚨,💀🔪🚨🩸⚠️",2
473,"💀😭🕳️⚠️,💀🔪🩸🚨⚠️,💀🕳️⚠️😭🚨,💀🔪🚨🩸⚠️,💀🔪🕳️🚨💊",0
473,"💀🔪⚠️🕳️,💀🕳️⚠️😭😖,💀🔪🚨🩸⚠️,💀🔪🕳️🚨💊,💀💊⚠️🕳️😰",2
473,"💀🕳️⚠️😭🚨,💀🔪🚨🩸⚠️,💀🔪🕳️🚨💊,💀💊⚠️🕳️😰,💀🔪⚠️🕳️😰",2
473,"💀🔪🚨🩸⚠️,💀🔪🕳️🚨💊,💀💊⚠️🕳️😰,💀🔪⚠️🕳️😰,💀🔪🩸⚠️😰",1
473,"💀🔪🕳️🚨💊,💀💊⚠️🕳️😰,💀🔪⚠️🕳️😰,💀🔪🚨⚠️😭,💀😰🕳️😭⚠️",2
473,"💀💊⚠️🕳️😰,💀🔪⚠️🕳️😰,💀🔪🚨⚠️😭,💀😰🕳️😭⚠️,💀🔪⚠️🕳️",3
473,"💀🔪⚠️🕳️😰,💀🔪🚨⚠️😭,💀😰🕳️😭⚠️,💀🔪🕳️🚨,💀🕳️😭⚠️",2
473,"💀🔪🩸🚨⚠️,💀😰🕳️😭⚠️,💀🔪🕳️🚨,💀🕳️😭⚠️🔪,💀🔪🚨⚠️😭",3
473,"💀😰🕳️😭⚠️,💀🔪🕳️🚨,💀🕳️😭⚠️,💀🔪🚨🩸⚠️,💀🕳️🚨🔪😭",3
473,"💀🔪🕳️🚨,💀🕳️😭⚠️,💀🔪🚨🩸⚠️,💀🕳️⚠️😭🔪,💀🕳️😭⚠️🔪",0
473,"💀🕳️😭⚠️,💀🔪🚨⚠️😭,💀🕳️⚠️😭🔪,💀🕳️😭🚨⚠️,💀😰🕳️😭⚠️",2
473,"💀🔪🚨⚠️😭,💀🕳️⚠️😭🔪,💀🕳️😭⚠️🚨,💀😰🕳️😭⚠️,💀🕳️🚨💧😵",2
473,"💀🕳️🚨🔪😭,💀🕳️😭⚠️🔪,💀😰🕳️😭⚠️,💀🕳️🚨💧🔪,💀🕳️⚠️😭🚨",3
473,"💀🕳️😭⚠️🚨,💀😰🕳️😭⚠️,💀🕳️🚨💧🔪,💀🕳️🚨😭⚠️,💀🕳️⚠️😭🔪",0
473,"💀😰🕳️😭⚠️,💀🕳️🚨💧🔪,💀🕳️⚠️😭🚨,💀🕳️⚠️😭🔪,💀🕳️😭⚠️😔",0
473,"💀🕳️🚨💧😵,💀🕳️🚨😭⚠️,💀🕳️⚠️😭🔪,💀🕳️😭⚠️😔,💀⚠️🕳️😰💊",0
473,"💀🕳️⚠️😭🚨,💀🕳️⚠️😭🔪,💀🕳️😭⚠️😔,💀⚠️🕳️😰💊,😔😖💔",2
473,"💀🕳️⚠️😭🔪,💀🕳️😭⚠️😔,💀⚠️🕳️😰💊,😔😖💔,💀💊🔪⚠️🚨",3
475,"💀🕳️😰⚠️😭,💀⚠️🕳️🔪,💀🔪🚨⚰️💊,💀🕳️😰😔⚠️,😔💔🕳️",0
475,"💀⚠️🕳️🔪,💀🔪🚨⚰️🕳️,💀🕳️😰😔⚠️,😔💔🕳️,💀🕳️😰😭⚠️",0
475,"💀🔪🚨⚠️🕳️,💀🕳️😰😔⚠️,😔💔😞🕳️⚠️,💀🕳️😰😭⚠️,💀🕳️😰😔⚠️",0
475,"💀🕳️😰😔⚠️,😔💔🕳️,💀🕳️😰😭⚠️,💀🕳️😰😔💔,💀🕳️⚠️😭🔪",0
475,"😔💔🕳️,💀🕳️😰😭⚠️,💀🕳️😰😔⚠️,💀🕳️⚠️😭🔪,😔😖😞💔😵",2
475,"💀🕳️😰😭⚠️,💀🕳️😰😔💔,💀🕳️⚠️😭🔪,😔😖😞⚠️,💀🕳️🚨😭⚠️",1
475,"💀🕳️😰😔⚠️,💀🕳️⚠️😭🔪,😔🌀😖😞💔,💀🕳️🚨😭⚠️,💀⚠️🕳️😭🔪",2
475,"💀🕳️⚠️😭🔪,😔🌀😖💔😵,💀🕳️🚨😭⚠️,💀⚠️🕳️😭🔪,💀🕳️😭⚠️",0
475,"😔😖😞💔😟,💀🕳️🚨😭⚠️,💀⚠️🕳️😭🔪,💀🕳️😭⚠️,💀🕳️⚠️😭🔪",2
475,"💀🕳️🚨😭⚠️,💀⚠️🕳️😭🔪,💀🕳️😭⚠️,💀🕳️⚠️😭🔪,💀⚠️🕳️😭🚨",0
475,"💀⚠️🕳️🔪😭,💀🕳️😭⚠️,💀🕳️⚠️😭🔪,💀⚠️🕳️😭🚨,😔💔😖🕳️⚠️",0
475,"💀🕳️😭⚠️🩸,💀🕳️⚠️😭🔪,💀⚠️🕳️😭🚨,😔😖😩🕳️⚠️,💀⚠️😭🔪",1
475,"💀🕳️⚠️😭🔪,💀⚠️🕳️😭🚨,😔😖😩🕳️⚠️,💀⚠️😭🕳️,💀🕳️⚠️😭💊",2
475,"💀⏳🚨😭⚠️,😔😖😩🕳️⚠️,💀⚠️😰🕳️,💀🕳️⚠️😭💊,💀🕳️😭⚠️🔪",0
475,"😔💔😖🕳️⚠️,💀⚠️😰😭,💀🕳️⚠️😭💊,💀🕳️😭⚠️🔪,💀🕳️😭😔💔",2
475,"💀⚠️😭🕳️,💀🕳️⚠️😭💊,💀🕳️😭⚠️🔪,💀🕳️😭😔💔,💀🕳️⚠️😭🌑",0
475,"💀🕳️⚠️😭💊,💀🕳️😭⚠️🔪,💀🕳️😭😔💔,💀🕳️⚠️😭🔪,💀🕳️😭😔⚠️",0
475,"💀🕳️😭⚠️🔪,💀🕳️😭😔💔,💀🕳️⚠️😭🔪,💀😔🕳️😭⚠️,🕳️😔😰🌑💔",0
475,"💀🕳️😭😞💔,💀🕳️⚠️😭🌑,💀😔🕳️😭⚠️,🕳️😔😰🌑💔,💀🕳️😭⚠️🕯️",2
475,"💀🕳️⚠️😭🔪,💀😔🕳️😭⚠️,🕳️😔😰🌑💔,💀🕳️😭⚠️🕯️,💀🕳️⚠️😭⚰️",0
475,"💀🕳️😭😔⚠️,🕳️😔😰💔🌑,💀🕳️😭⚠️🕯️,💀🕳️⚠️😭⚰️,💀⚠️🕳️",2
475,"😔🕳️😰💔🌑,💀🕳️😭⚠️🕯️,💀🕳️⚠️😭⚰️,💀⚠️🕳️,💀🕳️⚠️😭🔪",1
475,"💀🕳️😭⚠️🕯️,💀🕳️⚠️😭⚰️,💀⚠️🕳️,💀⚠️🕳️😭🚨,💀🕳️⚠️😭🔪",3
475,"💀🕳️⚠️😭⚰️,💀⚠️🕳️,💀🕳️⚠️😭🔪,💀🕳️⚠️😭🔪,💀🕳️🚨🔪⚠️",0
475,"💀⚠️🕳️,💀🕳️⚠️😭🔪,💀🕳️⚠️😭🔪,💀🕳️🚨🔪💊,😔💔😢",3
475,"💀⚠️🕳️😭🚨,💀🕳️⚠️😭🔪,💀🕳️🚨🔪💊,😔💔😢,💀🕳️⚠️😭💊",3
475,"💀🕳️⚠️😭🔪,💀🕳️🚨🔪⚠️,😔💔😢,💀🕳️⚠️😭💊,💀⚠️🕳️😭😔",3
475,"💀🕳️🚨🔪💊,😔💔😢,💀🕳️⚠️😭💊,💀⚠️🕳️😭😔,💀⚠️🔪🕳️",0
475,"😔💔😢,💀⚠️🕳️😭💊,💀⚠️🕳️😭😔,💀⚠️🔪🕳️,😔💔🕳️😭⚠️",0
475,"💀🕳️⚠️😭💊,💀⚠️🕳️😭😔,💀⚠️🔪🕳️,😔💔🕳️😭⚠️,😔💔😞🕳️⚠️",2
475,"💀⚠️🕳️😭,💀⚠️🔪🕳️,😔💔🕳️😭⚠️,😔💔😞🕳️⚠️,💀🔫⚠️🕳️😭",2
475,"💀⚠️🔪🕳️,😔💔🕳️😭⚠️,😔💔😞⚠️🕳️,💀🔫⚠️🕳️😭,💀🔫⚠️🕳️😭",0
475,"😔💔🕳️😭⚠️,😔💔🕳️😭⚠️,💀🔫⚠️🕳️😭,💀🔫⚠️😭🕳️,💀😭🕳️⚠️😔",0
475,"😔💔😞⚠️🕳️,💀🔫⚠️🕳️😭,💀🔫⚠️😭🕳️,💀🕳️😭⚠️😔,😔😞😖💔🕳️",2
475,"💀🔫⚠️🕳️😭,💀🔫⚠️😭🕳️,💀😭🕳️⚠️😔,😔😞😖💔🕳️,💀🔫🚨🕳️😭",1
475,"💀🔫⚠️🕳️😭,💀😭🕳️⚠️😔,😔😞😖💔🕳️,💀🔫🚨🕳️😭,💀⚠️😭🔪",0
475,"💀😭🕳️⚠️😔,😔😞😖💔🕳️,💀🔫🚨🕳️😭,💀⚠️😭🔪,😔💔😡",2
475,"😔😞😖💔🕳️,💀🔫🚨🕳️😭,💀⚠️😭🔪,😔💔😡,💀🔫🚨🕳️😭",0
475,"💀🔫🚨🕳️😭,💀⚠️😭🔪,😔💔😡,💀🔫🚨🕳️😭,😔😩💀",0
475,"💀⚠️😭🔪,😔💔😡,💀🔫🚨🕳️😭,😔😩💀,💔😔🕳️😭⚠️",3
475,"😔💔😡,💀🔫🚨🕳️😭,😔😩💀,💔😔🕳️😭⚠️,💀⚠️🕳️🔪⏳",2
475,"💀🔫🚨🕳️😭,😔😩💀,💔😔🕳️😭⚠️,💀⚠️🕳️🔪🚨,💀⚠️🕳️😭🚨",0
475,"😔😩💀,💔😔🕳️😭⚠️,💀⚠️🕳️🔪🚨,💀⚠️🕳️😭🚨,💀⚠️😰🕳️😭",1
475,"💔😔🕳️😭⚠️,💀⚠️🕳️🔪🚨,💀⚠️🕳️😭🚨,💀⚠️😰🕳️😭,💀😰🕳️😭⚠️",2
475,"💀⚠️🕳️🔪🚨,💀⚠️🕳️😭🚨,💀⚠️😰🕳️😭,💀😰🕳️😭⚠️,💀🔪🩸🕳️🚨",3
475,"💀⚠️🕳️😭🚨,💀⚠️😰🕳️😭,💀😰🕳️😭⚠️,💀🔪🩸🕳️🚨,💀🔪🚨⚰️😭",0
475,"💀⚠️😰🕳️😭,💀😰🕳️😭⚠️,💀🔪🩸🕳️🚨,💀🔪🚨⚰️💊,😔💔😢",2
475,"💀😰🕳️😭⚠️,💀🔪🩸🕳️🚨,💀🔪🚨⚰️😭,😔💔😢,💀🔪🚨⚰️😭",2
475,"💀🔪🩸🕳️🚨,💀🔪🚨⚰️😭,😔💔😢,💀🔪🚨⚰️😭,💀🔫⚠️😭🕳️",0
475,"💀🔪🚨⚰️💊,😔💔😢,💀🔪🚨⚰️😭,💀🔫⚠️😭🕳️,💀🔪🚨⚠️🕳️",2
475,"😔💔😢,💀🔪🚨⚰️😭,💀🔫🚨⚠️😭,💀🔪🚨⚠️🕳️,💀🔫⚠️🕳️💸",1
475,"💀🔪🚨⚰️😭,💀🔫🚨😭⚠️,💀🔪🚨⚠️🕳️,💀🔫⏳🕳️🚨,💀🕳️😭😔💔",0
475,"💀🔫🚨⚠️😭,💀🔪🚨⚠️🕳️,💀🔫⏳🕳️🚨,💀🕳️😭⚠️😔,💀🕳️😭⚠️",1
475,"💀🔫🚨⚠️🕳️,💀🔫⏳🕳️🚨,💀🕳️😭⚠️😔,💀🕳️😭⚠️,💀🕳️⚠️😭⚰️",0
475,"💀🔫⚠️🕳️💸,💀🕳️😭⚠️💔,💀🕳️😭⚠️,💀🕳️⚠️😭⚰️,💀⚠️🕳️😭💸",0
475,"💀🕳️😭😔💔,💀🕳️😭⚠️,💀🕳️⚠️😭⚰️,💀⚠️🕳️😭💸,😭😔💔😞⚠️",3
475,"💀🕳️😭⚠️,💀🕳️⚠️😭⚰️,💀⚠️🕳️😭💸,😭😔😞💔⚠️,💀🔪🕳️😭⚠️",0
475,"💀🕳️⚠️😭⚰️,💀⚠️🕳️💸😟,😭😔💔😞⚠️,💀🔪🕳️😭⚠️,💀⚠️🕳️😭",0
475,"💀⚠️🕳️😭💸,😭😔😞💔⚠️,💀🕳️😭🔪⚠️,💀⚠️🕳️😭,💀🔫⚠️🕳️💸",0
475,"😭😔💔😞⚠️,💀🔪🕳️😭⚠️,💀⚠️🕳️😭🚨,💀🔫⚠️🕳️💸,💀🕳️⚠️📅😰",2
475,"💀🕳️😭🔪⚠️,💀⚠️🕳️😭,💀🔫⚠️🕳️💸,💀🕳️⚠️😭🌑,💀⚠️🕳️😭🔪",1
475,"💀⚠️🕳️😭,💀🔫⚠️🕳️💸,💀🕳️⚠️📅😰,💀⚠️🕳️😭🔪,💀🕳️⚠️😭⚰️",0
475,"💀🔫⚠️🕳️💸,💀🕳️⚠️😭🌑,💀⚠️🕳️😭🔪,💀🕳️⚠️😭⚰️,😔💔😢🕳️",1
475,"💀⚠️🕳️😰📅,💀🔪⚠️😭🕳️,💀🕳️⚠️😭⚰️,😔💔😢🕳️,💀🕳️😰😭⚠️",0
475,"💀🔪🚨⚠️🕳️,💀🕳️⚠️😭⚰️,😔💔😢🕳️,💀🕳️😰😭⚠️,💀⚠️🕳️😭💸",2
475,"💀🕳️⚠️😭⚰️,😔💔😢🕳️,💀🕳️😰😭⚠️,⚠️🕳️💀,💀⚠️🔪😰🕳️",1
475,"😔💔😢🕳️,💀🕳️😰😭⚠️,💀⚠️🕳️😭💸,💀⚠️🔪😰🕳️,💀🕳️⚠️🔪💊",1
475,"💀🕳️😰😭⚠️,⚠️🕳️💀,💀⚠️🔪😰🕳️,💀🕳️⚠️🔪💊,💀⚠️🔪😰🕳️",1
475,"💀⚠️🕳️😭💔,💀⚠️🔪😰🕳️,💀🕳️⚠️🔪💊,💀⚠️🔪😰🕳️,💀🕳️⚠️😭💊",1
475,"💀⚠️🔪😰🕳️,💀🕳️⚠️🔪💊,💀⚠️🔪😰🕳️,💀🕳️⚠️😭💊,💀😰🕳️😭",1
475,"💀🕳️⚠️🔪💊,💀⚠️🔪😰🕳️,💀🕳️⚠️😭🔪,💀😰🕳️😭,💀😰🕳️⚠️😭",1
475,"💀⚠️🔪😰🕳️,💀🕳️⚠️😭💊,💀😰🕳️😭,💀😰🕳️⚠️😭,💀😭😔⚠️",1
475,"💀🕳️⚠️😭💊,💀🕳️😭🚨,💀🕳️😰⚠️😭,💀😭⚠️😔💔,💀🕳️😭😞⚠️",1
475,"💀🕳️😭🚨,💀😰🕳️⚠️😭,💀😭⚠️😔💔,💀🕳️😭😔⚠️,💀😭🕳️🚨💸",1
475,"💀😰🕳️⚠️😭,💀😭😔⚠️,💀🕳️😭😔⚠️,💀😭🕳️🚨💸,💀😰🕳️😭⚠️",2
475,"💀😭⚠️😔💔,💀🕳️😭😔⚠️,💀😭🕳️🚨💸,💀😰🕳️😭⚠️,💀⚠️🕳️😭⏳",0
475,"💀🕳️😭😔⚠️,💀😭🕳️⚠️🔪,💀😰🕳️😭⚠️,💀⚠️🕳️😭⏳,💀🕳️⚠️😭🌑",0
475,"💀😭🕳️⚠️🔪,💀😰🕳️😭⚠️,💀⚠️🕳️😭⏳,💀🕳️⚠️😭🌑,💀🕳️😰😭⚠️",0
475,"💀😰🕳️😭⚠️,💀⚠️🕳️😭⏳,💀🕳️⚠️😭🌑,💀🕳️😰😭⚠️,💀🕳️😭⚠️🌑",0
475,"💀⚠️🕳️😭⏳,💀🕳️⚠️😭🌑,💀🕳️😰😭⚠️,💀🕳️😭⚠️🌑,😔💔😞",0
475,"💀🕳️⚠️😭🌑,💀🕳️😰😭⚠️,💀🕳️⚠️😭😔,😔💔😞,💀🕳️😭⚠️💸",2
475,"💀🕳️😰😭⚠️,💀🕳️😭⚠️🌑,😔😞💔,💀🕳️😭⚠️💸,💀🕳️😰🚨😭",0
476,"💀🔪😭🕳️,💀⚠️🕳️😭🔪,💀💊🚨😭⚠️,💀💊🚨😭🕳️,💀🕳️😭⚠️",2
476,"💀⚠️🕳️😭🔪,💀💊🚨😭🕳️,💀💊🚨😭🕳️,💀🕳️😭⚠️😔,💀🕳️⚠️😭🔪",2
476,"💀💊🚨😭🕳️,💀💊🔪🕳️,💀🕳️😭⚠️😔,💀🕳️⚠️😭🔪,💀💊🚨😭🕳️",2
476,"💀💊🚨😭🕳️,💀🕳️😭⚠️😔,💀🕳️⚠️😭🔪,💀💊🚨😭🕳️,💀🕳️🚨😭🔪",1
480,"💀🕳️😭😔⚠️,💀🕳️😭😞⚠️,💀🕳️😭😔💔,💀😰🕳️😭⚠️,💀⚠️🕳️😭",2
480,"💀🕳️😭😞⚠️,💀🕳️😭😔⚠️,💀😰🕳️😭⚠️,💀⚠️🕳️😭,💀🚨⚠️😭🕳️",3
480,"💀🕳️😭😔💔,💀😰🕳️😭⚠️,💀⚠️🕳️😭,💀🚨⚠️😭🕳️,💀💊🚨⚠️🕳️",2
480,"💀😰🕳️😭⚠️,💀⚠️🕳️😭,💀🚨⚠️😭🕳️,💀💊🚨😭⚠️,💀🚨⚠️😭🕳️",0
481,"😔💔😢😞⚠️,💀🕳️⚠️😭🌉,💀💊🚨⚠️🕳️,💀⚠️🕳️😭,😔💔😢🕳️⚠️",2
481,"💀🕳️🚨😭⚠️,💀💊⚠️🕳️,💀⚠️🕳️😭,😔💔😞🕳️😭,💀🔪💊🚨⚠️",2
481,"💀💊🚨⚠️🕳️,💀🕳️😰⚠️,😔💔😢🕳️⚠️,💀💊🔪⚠️😰,💀🕳️⚠️💊😰",1
481,"💀⚠️🕳️😭,😔💔😢🕳️⚠️,💀🔪💊⚠️,💀🕳️⚠️💊😰,💀🕳️😭⚠️🔪",0
481,"😔💔😢🕳️⚠️,💀🔪💊🚨⚠️,💀🕳️⚠️💊😰,💀🕳️😭⚠️😖,😔💔😞🕳️⚠️",2
481,"💀💊🔪🕳️,💀🕳️⚠️💊😰,💀🕳️😭⚠️🔪,😔💔😞🕳️⚠️,💀🔪⚠️🕳️",1
482,"💀🕳️😭⚠️😖,😔💔😰🕳️😭,💀🕳️😭⚠️😔,💀⚠️🕳️😭,💀⚠️🕳️😭",1
482,"😔💔😰🕳️😭,💀🕳️😭⚠️💔,💀⚠️🕳️😭🚨,💀⚠️🪦😰🕳️,💀🕳️⚠️😭🔪",1
482,"💀🕳️😭⚠️😔,💀🕳️⚠️😭🚨,💀⚠️🪦😰🕳️,💀🕳️⚠️😭🔪,💀🕳️😭⚠️",0
482,"💀⚠️🕳️😭,💀⚠️🪦😰🕳️,💀🕳️⚠️😭🔪,💀🕳️😭⚠️,💀🕳️😭😔💔",0
482,"💀⚠️🪦😰🕳️,💀🕳️⚠️😭🔪,💀🕳️😭⚠️,💀🕳️😭😔💔,💀🕳️😭⚠️",1
482,"💀🕳️⚠️😭💊,💀🕳️😭⚠️,💀🕳️😭😔💔,💀🕳️😭⚠️,💀🕳️😭⚠️",1
482,"💀🕳️😭⚠️,💀🕳️😭😔💔,💀🕳️😭⚠️,💀🕳️😭⚠️,💀😰🕳️😭⚠️",0
482,"💀🕳️😭😔💔,💀🕳️😭⚠️,💀🕳️⚠️😭,💀😰🕳️😭⚠️,😔💔😞🕳️",1
482,"💀🕳️😭⚠️,💀🕳️😭⚠️,💀😰🕳️😭⚠️,😔💔😞🕳️⚠️,💀😭🕳️⚠️💔",1
482,"💀🕳️⚠️😭,💀😰🕳️😭⚠️,😔💔😞🕳️⚠️,💀😭🕳️⚠️💔,💀😔🕳️😭⚠️",0
482,"💀😰🕳️😭⚠️,😔💔😞🕳️,💀😭🕳️⚠️💔,💀😔🕳️💔😭,😔💔😞🕳️⚠️",0
482,"😔💔😞🕳️,💀😭🕳️⚠️💔,💀😔🕳️💔😭,😔💔😞🕳️⚠️,💀🕳️😭😔⚠️",1
482,"💀😭🕳️⚠️🚗,💀😔🕳️💔😭,😔💔😞🕳️⚠️,💀🕳️😭😔⚠️,💀🚗💧⚠️😭",0
482,"💀😔🕳️💔😭,😔💔😞🕳️⚠️,💀🕳️😭😔⚠️,💀🚗💧⚠️💔,😔💔😢😞⚠️",1
483,"💀😔⚠️😭🕳️,💀🕳️😭⚠️🕯️,💀🕳️😭⚠️⚰️,💀💊⚠️🕳️😰,💀💊😭⚠️🕳️",3
483,"💀🕳️😭⚠️🕯️,💀🕳️😭⚠️⚰️,💀💊⚠️🕳️😰,💀💊🕳️😭⚠️,💀💊⚠️😭🕳️",0
483,"💀🕳️😭⚠️⚰️,💀💊⚠️🕳️😰,💀💊😭⚠️🕳️,💀💊🕳️🚨,💀🕳️😭😔⚠️",0
483,"💀💊⚠️🕳️😰,💀💊🕳️😭⚠️,💀💊🚨😭⚠️,💀🕳️😰😔💔,💀💊😔⚠️",1
483,"💀💊😭⚠️🕳️,💀💊🚨😭⚠️,💀🕳️😭😔⚠️,💀💊😔⚠️,😠😤🤬💥⚠️",0
483,"💀💊🚨😭⚠️,💀🕳️😭😔⚠️,💀💊😔⚠️,😠😤🤬💥⚠️,😔💔😢",0
483,"💀🕳️😭😔⚠️,💀💊😔⚠️,😠😤🤬💥⚠️,😔💔😢,😔😰🕳️😭⚠️",0
483,"💀💊😔⚠️,😠😤🤬💥⚠️,😔💔😢,😔😰🕳️😭⚠️,😔😖😞⚠️💔",1
483,"😠😤🤬💥⚠️,😔💔😢,😔😰🕳️😭⚠️,😔😖😞⚠️💔,💀🕳️😭⚠️😔",0
483,"😔💔😢,😔😰🕳️😭⚠️,😔😖😞⚠️💔,💀🕳️😭⚠️,😔💔😡",0
483,"😔😰🕳️😭⚠️,😔😖😞⚠️💔,💀🕳️😭⚠️,😔💔😡,😔💔😞🕳️⚠️",0
483,"😔😖😞⚠️,💀🕳️😭⚠️,😔💔😡,😔💔😞⚠️,😔💔😞🕳️⚠️",0
483,"💀🕳️😭⚠️,😔😡😤,😔💔😞,😔💔🕳️,😔💔😢😭⚠️",0
483,"😔💔😡,😔💔😞⚠️,😔💔🕳️😭⚠️,😔💔😢😭⚠️,😔💊😖😞⚠️",0
483,"😔💔😞⚠️,😔💔🕳️😭⚠️,😔💔😢😭⚠️,😔💊😖😞⚠️,😔😞🕳️",2
483,"😔💔😞🕳️⚠️,😔💔😢😭⚠️,😔💊😖😞⚠️,😔😞🕳️,💀🕳️😭⚠️😖",0
483,"😔💔😢😭⚠️,😔💔😢💊⚠️,😔😞🕳️,💀🕳️😭⚠️😰,😔💔😢",0
483,"😔💊😖😞⚠️,😔😞🕳️,💀🕳️😭⚠️😖,😔💔😢,😔💔😞⚠️",1
483,"😔😞🕳️,💀🕳️😭⚠️😖,😔💔😢,😔💔😞🕳️⚠️,💀🔪🚨⚠️🕳️",0
483,"💀🕳️😭⚠️😖,😔💔😢,😔💔😞⚠️,💀🔪🚨⚠️🕳️,💀🕳️😭😔⚠️",0
483,"😔💔😢,😔💔😞🕳️⚠️,💀🔪🚨⚠️🕳️,💀🕳️😭😔⚠️,😔💔😞",0
483,"😔💔😞🕳️⚠️,💀🔪🚨⚠️🕳️,💀🕳️😭😔⚠️,😔💔😞,💀😔😩🕳️🚨",1
485,"💀🕳️😭⚠️,💀🕳️😭⚠️🛏️,💀😭🕳️⚠️😔,💀🕳️⚠️😭🔪,💀🕳️😭⚠️🔪",1
485,"💀🕳️😭⚠️🛏️,💀😭🕳️⚠️😔,💀🕳️⚠️😭🔪,💀🕳️😭⚠️🔪,💀💊⚠️🕳️😭",1
486,"💀💊⚠️🕳️,💀⚠️🕳️🔪,💀🕳️😭⚠️🔪,💀🔫🚨😭⚠️,😔💔😢😞",0
486,"💀⚠️🕳️🔪,💀🕳️😭⚠️🔪,💀🔫😭⚠️,😔💔😢😞,😔💔😢😞⚠️",2
486,"💀🕳️😭⚠️🔪,💀🔫🚨😭⚠️,😔💔😢😞,😔💔😢😞⚠️,💀🔫🚨⚠️🕳️",0
486,"💀🔫🚨😭⚠️,😔💔😢😞,😔💔😢😞⚠️,💀🔪🚨⚠️🕳️,😭💔😔🕳️⚠️",2
486,"😔💔😢😞,😔💔😢😞⚠️,💀🔫🚨⚠️🕳️,😭💔😔🕳️⚠️,💀🔪🚨💊⚠️",0
486,"😔💔😢😞,💀🔪🚨⚠️🕳️,😭💔😔🕳️⚠️,💀🔪🚨💊⚠️,💀🕳️😭⚠️🔪",0
486,"💀🔪🚨⚠️🕳️,😭💔😔🕳️⚠️,💀🔪🚨💊⚠️,💀🕳️😭⚠️🔪,💀💔😰⚠️😭",2
486,"😭💔😔🕳️⚠️,💀🔪🚨💊⚠️,💀🕳️🚨😭⚠️,💀💔😭⚠️,💀⚠️🕳️🔪",1
486,"💀🔪🚨💊⚠️,💀🕳️😭⚠️🔪,💀💔😭⚠️,💀⚠️🕳️🔪,💀🕳️😭⚠️😔",0
486,"💀🕳️😭⚠️🔪,💀💔😭⚠️,💀⚠️🕳️🔪,💀🕳️😭😔⚠️,💀🔪⚠️😭🌑",2
486,"💀💔😭⚠️,💀⚠️🕳️🔪,💀🕳️😭😔⚠️,💀⚠️🕳️😭🔪,💀🔪⚠️🕳️",2
486,"💀⚠️🕳️🔪,💀🕳️😭😔⚠️,💀🔪⚠️😭🕳️,💀🔪⚠️🕳️🚨,💀⚠️🔪🕳️",1
486,"💀🕳️😭😔⚠️,💀⚠️😰🕳️🔪,💀🔪🚨⚠️🕳️,💀⚠️🔪🕳️,💀🕳️😰😔💔",1
487,"💀😰🕳️😭⚠️,,💀🕳️😭⚠️😔,💀💊😰🕳️🚨,💀💊⚠️🚨😭",1
487,",💀🕳️😭😞⚠️,💀💊🕳️😭,💀💊🚨🚿😵,💀😔🕳️😭⚠️",1
488,"💀🕳️😭😔⚠️,💀😔😭⚠️💔,💀🕳️😭⚠️😔,💀⚠️😭🕳️🔪,💀😭🕳️⚠️",1
488,"💀😔😭⚠️💔,💀🕳️😭⚠️😔,💀⚠️🕳️😭🔪,💀😭🕳️⚠️,💀😭🕳️⚠️",1
488,"💀🕳️😭⚠️😔,💀⚠️🕳️😭🔪,💀😭🕳️⚠️,💀😭🕳️⚠️😔,💀😭🕳️⚠️",1
488,"💀⚠️🕳️😭🔪,💀😭🕳️⚠️💊,💀😭🕳️⚠️😔,💀😭🕳️⚠️,💀🕳️😭⚠️🩸",1
488,"💀😭🕳️⚠️,💀😭🕳️⚠️,💀😭🕳️⚠️,💀😭🕳️⚠️,💀🕳️😭⚠️⚰️",1
488,"💀😭🕳️⚠️,💀😭🕳️⚠️,💀🕳️😭⚠️,💀🕳️😭⚠️⚰️,💀😭🕳️⚠️😔",1
488,"💀😭🕳️⚠️,💀🕳️😭⚠️,💀🕳️😭⚠️⚰️,💀😭🕳️⚠️,💀🕳️😭⚠️💊",1
488,"💀😭🕳️⚠️,💀🕳️😭⚠️⚰️,💀😭🕳️⚠️😔,💀🕳️😭⚠️,💀💊🕳️😭",1
490,"💀💊🕳️⚠️😭,💀⚠️🕳️,💀🕳️💊⚠️😭,💀😰🕳️😭⚠️,💀🚨⚠️🕳️😭",2
490,"💀🕳️⚠️,💀🕳️🔪💊🚨,💀😰🕳️😭⚠️,💀⚠️🕳️😭🚨,💀🕳️⚠️😭🔪",0
490,"💀🕳️💊🔪🚨,💀😰🕳️😭⚠️,💀⚠️🕳️😭🚨,💀🕳️⚠️😭🔪,💀😭🕳️⚠️",1
490,"💀😰🕳️😭⚠️,💀⚠️🕳️😭🚨,💀🕳️⚠️😭🔪,💀😭🕳️⚠️,💀😭🕳️⚠️",1
490,"💀🚨⚠️🕳️😭,💀🕳️⚠️😭🔪,💀😭🕳️⚠️,💀😭🕳️⚠️,💀😭🕳️⚠️",1
490,"💀🕳️⚠️😭🔪,💀😭🕳️⚠️,💀😭🕳️⚠️,💀😭🕳️⚠️,💀🕳️😭⚠️",1
490,"💀😭🕳️⚠️,💀😭🕳️⚠️,💀😭🕳️⚠️,💀🕳️😭⚠️,💀🕳️😭⚠️",2
490,"💀😭🕳️⚠️,💀😭🕳️⚠️,💀🕳️😭⚠️,💀🕳️😭⚠️,💀🕳️⚠️😭🔪",2
490,"💀😭🕳️⚠️,💀🕳️😭⚠️,💀🕳️😭⚠️,💀🕳️⚠️😭🔪,💀🕳️⚠️",2
490,"💀🕳️😭⚠️,💀🕳️😭⚠️,💀🕳️⚠️😭🔪,💀🕳️⚠️,💀😭🕳️⚠️😔",2
490,"💀🕳️😭⚠️,💀🕳️⚠️😭🔪,💀🕳️⚠️,💀😭🕳️⚠️😔,💀🕳️😰⚠️😭",2
490,"💀⚠️🕳️😭,💀🕳️⚠️,💀😭🕳️⚠️😔,💀🕳️😰⚠️😭,💀⚠️🕳️😭🚨",1
490,"💀🕳️⚠️,💀😭🕳️⚠️😔,💀🕳️😰⚠️😭,💀⚠️🕳️😭🚨,💀🕳️😭⚠️🔪",2
491,"💀😰🕳️😭⚠️,💀😭🕳️⚠️,💀🕳️😭⚠️,💀🕳️😭⚠️,💀🕳️😭😔⚠️",1
491,"💀😭🕳️⚠️🔪,💀🕳️😭⚠️,💀🕳️😭⚠️,💀🕳️😭😔⚠️,💀😴🕳️😭⚠️",0
491,"💀🕳️😭⚠️,💀🕳️😭⚠️,💀🕳️😭😔⚠️,💀😴🕳️😭⚠️,😔💔😢🕳️",1
491,"💀🕳️😭⚠️,💀🕳️😭😔⚠️,💀😴🕳️😭⚠️,😔💔😢🕳️,💀😭🔪⚠️🕳️",1
491,"💀🕳️😭😔⚠️,💀😴🕳️😭⚠️,😔💔😢🕳️,💀😭🔪⚠️🕳️,💀🕳️⚠️😭🔪",2
491,"💀😴🕳️😭⚠️,😔💔😢🕳️,💀😭🔪⚠️🕳️,💀🕳️⚠️😭🔪,💀🔪😭⚠️😔",2
491,"😔💔😢🕳️,💀😭🔪⚠️🕳️,💀🕳️⚠️😭🔪,💀🔪😭⚠️😔,💀🔪😭🩸⚠️",1
491,"💀😭🔪⚠️🕳️,💀🕳️⚠️😭🔪,💀🔪😭⚠️🕳️,💀🔪🩸😭⚠️,💀🕳️😭🔪💊",1
491,"💀🕳️⚠️😭🔪,💀🔪😭⚠️😔,💀🔪😭🩸⚠️,💀🕳️😭🔪💊,😭💔😞⚠️💀",0
491,"💀🔪😭⚠️😔,💀🔪😭🩸⚠️,💀💊🔪😭🕳️,😭💔😞⚠️💀,💀⚠️🚨🕳️😰",0
491,"💀🔪😭⚠️,💀💊🔪😭🕳️,💀😭😰⚠️💔,💀⚠️🚨🕳️😰,😔💔",2
491,"💀🕳️😭🔪💊,💀😭😰⚠️💔,💀⚠️🚨🕳️😰,😔💔,💀🔪😭⚠️🕳️",1
491,"😭💔😞⚠️💀,💀⚠️🚨🕳️😰,😔💔,💀🔪😭⚠️🕳️,💀🕳️⚠️😭🌑",2
491,"💀⚠️🚨🕳️😰,😔🕳️,💀🔪😭⚠️🕳️,💀🕳️⚠️😭🌑,💀🔪😭⚠️🚨",1
491,"😔💔,💀🔪😭⚠️🕳️,💀🕳️⚠️😭🌑,💀🔪😭⚠️🚨,💀⚠️🕳️😭",0
491,"💀🔪😭⚠️🕳️,💀🕳️⚠️😭🌑,💀🔪😭⚠️🚨,💀⚠️🕳️😭,💀⚠️🕳️",0
491,"💀🕳️⚠️😭🌑,💀🔪😭⚠️🚨,💀⚠️🕳️😭,💀⚠️🕳️,😔💔😢",0
491,"💀🔪😭⚠️🚨,💀⚠️🕳️😭,💀⚠️🕳️,😔💔😢,💀🕳️😰😔⚠️",0
491,"💀⚠️🕳️😭,💀⚠️🕳️,😔💔😢,💀🕳️😰😔⚠️,💀⚠️🕳️😰😭",0
491,"💀⚠️🕳️,😔💔😢,💀🕳️😰😔⚠️,💀⚠️🕳️😭🚨,😔💔😢😞⚠️",0
491,"😔💔😢,💀🕳️😰😔⚠️,💀⚠️🕳️😭🚨,😔💔😢😞🕳️,💀🕳️😭😔⚠️",0
491,"💀🕳️😰😔⚠️,💀⚠️🕳️😰😭,😔💔😭⚠️🕳️,💀🕳️😭😔⚠️,😔💔😞",0
491,"💀⚠️🕳️😭🚨,😔💔😭⚠️🕳️,💀😰🕳️😭⚠️,😔💔😞,💀🕳️😭🔪⚠️",1
491,"😔💔😢😞🕳️,💀🕳️😭😔⚠️,😔💔😞,💀🕳️😭🔪⚠️,💀😔🕳️😭⚠️",0
491,"💀😔🕳️😭⚠️,😔💔😞,💀🕳️😭🔪⚠️,💀😔🕳️😭⚠️,💀😔🕳️😭⚠️",0
491,"😔💔😞,💀🕳️😭🔪⚠️,💀😔🕳️😭⚠️,💀😔🕳️😭⚠️,💀🕳️😭⚠️",0
491,"💀🕳️😭🔪⚠️,💀😔🕳️😭⚠️,💀😔🕳️😭⚠️,💀🔪😭⚠️🕳️,😔😴💔😞⚠️",0
491,"💀😔🕳️😭⚠️,💀😔🕳️😭⚠️,💀😭⚠️🕳️💊,😔😴💔😞⚠️,💀😰🌑😭⚠️",1
491,"💀😔🕳️😭⚠️,💀🔪😭⚠️🕳️,😔😴💔,💀😰🌑⚠️😭,💀😴🕳️😭⚠️",1
491,"💀🕳️😭⚠️,😔😴💔😞⚠️,💀😰🌑⚠️😭,💀😴🕳️😭⚠️,💀🕳️😭😔",0
491,"😔😴💔😞,💀😰🌑⚠️😭,💀😴🕳️😭⚠️,💀🕳️😭⚠️🛏️,😔💔😩🕳️⚠️",1
491,"💀😰🌑⚠️😭,💀😴🕳️😭⚠️,💀🕳️😭⚠️😖,😔💔😩🕳️⚠️,💀😰🕳️⚠️😭",0
491,"💀😴🕳️😭⚠️,💀🕳️😭😔,😔💔😩🕳️⚠️,💀😰🕳️⚠️😭,💀🕳️😭😔⚠️",0
491,"💀🕳️😭⚠️😖,😔💔😢😞🕳️,💀😰🕳️⚠️😭,💀🕳️😭😔⚠️,💀🕳️😭😔⚠️",2
491,"😔💔😩🕳️⚠️,💀😰🕳️⚠️😭,💀🕳️😭😔⚠️,💀🕳️😭😔⚠️,💀🕳️😭⚠️",1
491,"💀😰⚠️🕳️😭,💀🕳️😭😔⚠️,💀🕳️😭😔⚠️,💀🕳️😭⚠️,💀🕳️😭😔⚠️",0
491,"💀🕳️😭😔⚠️,💀🕳️😭😔⚠️,💀🕳️😭⚠️,💀🕳️😭😔⚠️,💀🕳️😭⚠️😔",0
491,"💀🕳️😭😔⚠️,💀🕳️😭⚠️,💀🕳️😭😔⚠️,💀🕳️😭⚠️😔,💀🕳️😭😞⚠️",2
491,"💀🕳️😭⚠️,💀🕳️😭😔⚠️,💀🕳️😭⚠️😔,💀🕳️😭😞⚠️,💀🕳️😰⚠️😭",2
491,"💀🕳️😭😔⚠️,💀🕳️😭⚠️😔,💀🕳️😭😞⚠️,💀🕳️😰⚠️😭,💀⚠️🕳️😭",0
491,"💀🕳️😭⚠️😔,💀🕳️😭😞⚠️,💀🕳️😰⚠️😭,💀⚠️🕳️😭🚨,💀🕳️⚠️😭🪦",2
491,"💀🕳️😭😞⚠️,💀🕳️⚠️😭😰,💀⚠️🕳️😭🚨,💀🕳️⚠️😭🪦,💀💊🚨😰🕳️",1
491,"💀🕳️😰⚠️😭,💀⚠️🕳️😭,💀🕳️⚠️😭🪦,💀💊🚨😰🕳️,💀😭⚠️🕳️😰",2
492,"😔💔😞🕳️⚠️,💀💊⚠️😭🕳️,💀🕳️⚠️😭🔪,💀🔪😭🕳️,💀💊🚨⚠️😰",2
492,"💀💊⚠️😭🕳️,💀⚠️🕳️😭🔪,💀🔪😭🕳️🚨,💀💊🚨⚠️😰,💀⚠️🪦😰🕳️",1
492,"💀🕳️⚠️😭🔪,💀🔪😭🕳️,💀💊🚨⚠️😰,💀⚠️🪦😰🕳️,💀⚠️😭🕳️🚨",0
492,"💀🔪😭🕳️,💀💊🚨⚠️😰,💀⚠️🪦😰🕳️,💀⚠️😭🕳️🚨,💀⚠️🕳️😭🚨",0
492,"💀💊🚨⚠️😰,💀⚠️🪦😰🕳️,💀⚠️😭🕳️🚨,💀⚠️🕳️😭🚨,💀🕳️⚠️😭",3
492,"💀⚠️🪦😰🕳️,💀⚠️😭🕳️🚨,💀⚠️🕳️😭🚨,💀🕳️⚠️😭,💀🕳️⚠️😭🔪",3
492,"💀⚠️😭🕳️🚨,💀⚠️🕳️😭🚨,💀🕳️⚠️😭,💀🕳️⚠️😭🚨,💀⚠️🕳️🔪",0
492,"💀⚠️🕳️😭🚨,💀🕳️⚠️😭,💀🕳️⚠️😭🚨,💀⚠️🕳️🔪,😰😔💔⚠️",3
492,"💀🕳️⚠️😭,💀🕳️⚠️😭🔪,💀⚠️🕳️🔪,😰😔💔⚠️,💀⚠️🕳️😭⚰️",0
492,"💀🕳️⚠️😭🔪,💀⚠️🕳️🔪,😰😔💔⚠️,💀⚠️🕳️😭⚰️,💀⚠️😰🕳️😭",0
492,"💀⚠️🕳️🔪,😰😔💔⚠️,💀⚠️🕳️😭⚰️,💀⚠️😰🕳️😭,💀⚠️🕳️😭",2
494,"💀😔🕳️😭⚠️,💀😭🕳️⚠️😔,💀🕳️😭😔⚠️,💀⚠️😰🕳️😭,💀🕳️⚠️😭😔",1
494,"💀🕳️😭⚠️😔,💀🕳️😭😔⚠️,💀⚠️🕳️😭🚨,💀🕳️⚠️😭😔,💀😭😞⚠️🕳️",1
494,"💀🕳️😭😔⚠️,💀⚠️😰🕳️😭,💀🕳️⚠️😭😔,💀😭😞⚠️🕳️,💀😭🕳️⚠️😖",2
494,"💀⚠️😰🕳️😭,💀🕳️⚠️😭😔,💀😭😞⚠️🕳️,💀😭🕳️⚠️😖,💀😭🕳️⚠️😔",0
494,"💀🕳️⚠️😭😔,💀😭😞⚠️🕳️,💀😭🕳️⚠️😖,💀😭🕳️⚠️😔,😔😢",1
494,"💀😭🕳️⚠️😔,💀😭🕳️⚠️😖,💀😭🕳️⚠️😔,😔💪,💀😰🕳️😭⚠️",1
494,"💀😭🕳️⚠️😖,💀😭🕳️⚠️😔,😔💪,💀😰🕳️😭⚠️,💀🔫⚠️😰🕳️",0
494,"💀😭🕳️⚠️😔,😔💪,💀😰🕳️😭⚠️,💀🔫⚠️😰🕳️,😔💊😞⚠️🕳️",1
494,"😔💪,💀😰🕳️😭⚠️,💀🔫⚠️😰🕳️,😔💊😞⚠️🕳️,💀😭⚠️🕳️",1
494,"💀😰🕳️😭⚠️,💀⚠️😰🕳️🔫,😔💊😞⚠️🕳️,💀😭⚠️🕳️,💀😭⚠️🕳️",0
494,"💀🔫⚠️😰🕳️,😔💊😞⚠️🕳️,💀😭⚠️🕳️,💀😭⚠️🕳️,😔💔😩🕳️⚠️",1
494,"😔💊😞⚠️🕳️,💀😭⚠️🕳️,💀😭⚠️🕳️,😔💔😩🕳️⚠️,💀😭😞⚠️🕳️",1
494,"💀😭⚠️🕳️,💀😭⚠️🕳️,😔💔😩🕳️⚠️,💀😭😞⚠️🕳️,💀😭🕳️⚠️😖",0
494,"💀😭⚠️🕳️🔪,😔💔😩🕳️⚠️,💀😭😞⚠️🕳️,💀😭🕳️⚠️😖,😔💔😢🕳️⚠️",1
494,"😔💔😩🕳️⚠️,💀😭⚠️😔🕳️,💀😭🕳️⚠️😔,😔💔😢🕳️⚠️,💀😭😞⚠️🕳️",0
494,"💀😭😞⚠️🕳️,💀😭🕳️⚠️😔,😔💔😢🕳️⚠️,💀😭😞⚠️🕳️,😔💔🕳️😭⚠️",2
494,"💀😭🕳️⚠️😖,😔💔😢🕳️⚠️,💀😭😞⚠️🕳️,😔💔😢🕳️,💀🕳️⚠️😭🚨",0
494,"😔💔😢🕳️⚠️,💀😭⚠️🕳️😔,😔💔😢🕳️⚠️,💀🕳️⚠️😭🚨,💀🕳️😭⚠️😔",0
494,"💀😭😞⚠️🕳️,😔💔🕳️😭⚠️,💀🕳️⚠️😭🚨,💀🕳️😭⚠️😔,💀⚠️🕳️😔💔",0
494,"😔💔😢🕳️,💀🕳️⚠️😭🚨,💀🕳️😭⚠️😔,💀⚠️🕳️😔💔,😔🕳️😰",1
494,"💀🕳️⚠️😭🚨,💀🕳️😭⚠️😔,💀⚠️🕳️😔💔,😔🕳️😰,💀🕳️😭⚠️😔",1
494,"💀🕳️😭⚠️😔,💀⚠️🕳️😔💔,😔🕳️😰,💀🕳️😭⚠️😔,💀😭🌑⚠️",2
494,"💀⚠️🕳️😔💔,😔🕳️💀,💀🕳️😭⚠️,💀😭🌑⚠️,💀🕳️😭⚠️",1
494,"😔🕳️😰,💀🕳️😭⚠️😔,💀😭🌑⚠️,💀🕳️😭⚠️,💀🕳️😰😭⚠️",0
494,"💀🕳️😭⚠️😔,💀😭🌑⚠️,💀🕳️😭⚠️,💀🕳️😰😭⚠️,😔💔😞🕳️⚠️",2
494,"💀😭🌑⚠️,💀🕳️😭⚠️,💀🕳️😰😭⚠️,😔💔😞🕳️⚠️,💀🕳️😭⚠️😰",0
494,"💀🕳️😭⚠️,💀🕳️😰😭⚠️,😔💔😞🕳️⚠️,💀🕳️😭⚠️😰,💀🕳️😰😔💔",1
494,"💀🕳️😰😭⚠️,😔💔😞🕳️⚠️,💀🕳️😭⚠️😰,💀🕳️😰😔💔,💀😭⚠️🕳️😔",3
494,"😔💔😞🕳️⚠️,💀🕳️😭⚠️😰,💀🕳️😰😔💔,💀😰🕳️😭⚠️,💀🔪⚠️😭🚨",0
494,"💀🕳️😭⚠️😰,💀🕳️😰😔💔,💀😭⚠️😔🕳️,💀⚠️😭🔪,💀🕳️😭⚠️😔",1
494,"💀🕳️😰😔💔,💀😰🕳️😭⚠️,💀⚠️😭🔪,💀🕳️😭⚠️😔,💀😭🕳️⚠️😔",0
494,"💀😭⚠️🕳️😔,💀⚠️😭🔪,💀🕳️😭⚠️😔,💀😭🕳️⚠️😔,😔💔😢😞⚠️",0
494,"💀⚠️😭🔪,💀🕳️😭⚠️😔,💀😭🕳️⚠️😔,😔💔😢😞⚠️,💀😭🕳️⚠️😔",1
494,"💀🕳️😭⚠️😔,💀😭🕳️⚠️😔,😔💔😢😞⚠️,💀😭🕳️⚠️😔,💀🕳️😭😔⚠️",0
494,"💀😭🕳️⚠️😔,😔💔😢😞⚠️,💀😭🕳️⚠️😔,💀🕳️😭😔💔,😔💔😢😞⚠️",1
494,"😔💔😢😞⚠️,💀😭🕳️⚠️😔,💀🕳️😭😔⚠️,😔💔😭⚠️🕳️,💀😔🕳️😭⚠️",1
494,"💀😭🕳️⚠️😔,💀🕳️😭😔⚠️,😔💔😢😞⚠️,💀😔🕳️😭⚠️,💀😔🕳️😭⚠️",0
494,"💀🕳️😭😔⚠️,😔💔😢😞⚠️,💀😔🕳️😭⚠️,💀😔🕳️😭⚠️,💀🕳️😭😔⚠️",1
495,"💀🚨⚠️🕳️😭,💀🔫⚠️🕳️😰,💀🔪🚨😭⚠️,💀🔫🚨⚠️😭,💀🕳️😭⚠️",1
495,"💀🔫🚨⚠️🕳️,💀🔪🚨😭⚰️,💀🔫🚨⚰️😭,💀🕳️😭⚠️,💀⚠️🕳️😭💊",0
495,"💀🔪🚨😭⚰️,💀🔫🚨⚰️😭,💀🕳️😭⚠️,💀⚠️😰🕳️💊,💀🕳️😰😔💔",1
495,"💀🔫🚨⚠️😭,💀🕳️😭⚠️,💀⚠️🕳️😭💊,💀🕳️😰😔💔,💀😰🕳️😭⚠️",1
495,"💀🕳️😭⚠️,💀⚠️🕳️😭😔,💀🕳️😭😞⚠️,💀😰🕳️😭⚠️,💀🔫🚨😭⚠️",1
495,"💀⚠️🕳️😭,💀🕳️😰😔💔,💀😰🕳️😭⚠️,💀🔫🚨😭⚠️,💀🔫🚨⚠️😭",0
495,"💀🕳️😰😔💔,💀😰🕳️😭⚠️,💀🔫🚨😭⚠️,💀🔫🚨⚠️😭,💀😭🕳️⚠️",1
495,"💀😰🕳️😭⚠️,💀🔫🚨😭🕳️,💀🔫🚨⚠️😭,💀😭🕳️⚠️,😔💔😞",1
495,"💀🔫🚨😭⚠️,💀🔫🚨⚠️😭,💀😭🕳️⚠️,😔💔😞🕳️,💀🕳️😭⚠️",0
495,"💀🔫🚨⚠️😭,💀😰🕳️😭⚠️,😔💔😞🕳️,💀🕳️😭⚠️,💀🕳️😰😔😭",0
495,"💀😭⚠️😔🕳️,😔💔🕳️,💀🕳️😭⚠️,💀🕳️😰😔😭,💀🕳️⚠️😭😔",1
495,"😔💔😞🕳️,💀🕳️😭⚠️,💀😰🕳️😭⚠️,💀🕳️⚠️😭😔,💀🕳️😭⚠️",1
495,"💀🕳️😭⚠️,💀😰🕳️😭⚠️,💀🕳️⚠️😭😔,💀🕳️😭⚠️,💀🕳️😭⚠️💊",1
495,"💀😰🕳️😭⚠️,💀🕳️⚠️😭😔,💀🕳️😭⚠️,💀🕳️😭⚠️💊,💀🕳️😭⚠️😔",3
495,"💀🕳️⚠️😭😔,💀🕳️😭⚠️,💀🕳️😭⚠️💊,💀🕳️😭⚠️😔,💀🕳️😭⚠️😔",0
495,"💀🕳️😭⚠️,💀🕳️⚠️😭🌑,💀🕳️😭⚠️😔,💀🕳️😭⚠️😔,💀🕳️⚠️😭",0
495,"💀🕳️😭⚠️🩸,💀🕳️😭⚠️😔,💀🕳️😭⚠️😔,💀🕳️⚠️😭,💀🕳️😰",2
495,"💀🕳️😭⚠️😔,💀🕳️😭⚠️😔,💀🕳️⚠️😭,💀🕳️😰,💀⚠️🕳️😭⚰️",1
495,"💀🕳️😭⚠️😔,💀🕳️⚠️😭,💀🕳️😰,💀🕳️🚨😭⚠️,💀🕳️😭⚠️",2
495,"💀🕳️⚠️😭,💀🕳️😰,💀🕳️🚨⚰️😭,💀🕳️😭⚠️,💀🕳️⚠️🔪🪦",2
495,"💀🕳️😰,💀🕳️🚨😭⚠️,💀🕳️😭⚠️,💀🕳️⚠️🔪🪦,💀🕳️🚨🔪⚰️",1
495,"💀🕳️🚨😭⚠️,💀🕳️😭⚠️,💀🕳️⚠️🔪🪦,💀🕳️🚨🔪⚰️,💀🕳️😰😔💔",1
495,"💀🕳️😭⚠️,💀🕳️⚠️🔪🪦,💀🕳️🚨🔪⚰️,💀🕳️😰😔⚠️,💀🕳️😰😭⚠️",1
495,"💀🕳️⚠️🔪🪦,💀🕳️🚨🔪⚰️,💀🕳️😰😔⚠️,💀🕳️😰😭⚠️,💀🕳️😰😔⚠️",1
495,"💀🕳️🚨🔪⚰️,💀🕳️😰😔⚠️,💀🕳️😰😭⚠️,💀🕳️😰😭⚠️,💀🕳️😰😔😭",0
495,"💀🕳️😰😔⚠️,💀🕳️😰😭⚠️,💀🕳️😰😭⚠️,💀🕳️😰😔😭,💀🕳️😭⚠️😔",2
495,"💀🕳️😰😭⚠️,💀🕳️😰😭⚠️,💀🕳️😰😔😭,💀🕳️😭⚠️😔,💀🕳️🚨😭⚠️",2
495,"💀🕳️😰😭⚠️,💀🕳️😰😔⚠️,💀🕳️😭⚠️,💀🕳️🚨😭⚠️,💀🕳️🚨😭⚠️",1
495,"💀🕳️😰😔😭,💀🕳️😭⚠️😔,💀🕳️🚨😭⚠️,💀🕳️🚨😭⚠️,💀🕳️⚠️",1
495,"💀🕳️😭⚠️😔,💀🕳️🚨😭⚠️,💀🕳️🚨😭⚠️,💀🕳️⚠️,💀😭🌑⚠️",0
495,"💀🕳️🚨😭⚠️,💀🕳️🚨😭⚠️,💀🕳️⚠️,💀😭🌑⚠️💔,💀🌊⚠️😭🕳️",0
495,"💀🕳️🚨😭⚠️,💀🕳️⚠️,💀😭🌑⚠️💔,💀🌊⚠️😭🕳️,💀🕳️😭😔⚠️",1
495,"💀🕳️⚠️,💀😭🌑⚠️💔,💀🌊⚠️😭🕳️,💀🕳️😭😔⚠️,💀⚠️🕳️😭😰",0
495,"💀😭🌑⚠️💔,💀🌊⚠️😭🕳️,💀🕳️😭😔⚠️,💀⚠️🕳️😭😰,😔💔😢",1
496,"💀😭🕳️⚠️,💀🕳️😭😞⚠️,😔💔😞🕳️⚠️,💀🕳️😭⚠️😔,💀🕳️😭😔⚠️",1
496,"💀🕳️😭😞⚠️,😔💔😞🕳️⚠️,💀😭🕳️⚠️😔,💀🕳️😭😔⚠️,💀😭🕳️⚠️😔",2
497,"💀💊🛒⚠️😭,😠🤬💥💢😤,😔💔😞,💀🕳️😭😞⚠️,💀🕳️😭😞⚠️",1
497,"😠🤬😤💥💢,😔💔😞,💀🕳️😭😞⚠️,💀🕳️😭😞⚠️,💀🕳️😭⚠️😔",0
498,"💀🕳️🚨🔪😭,💀⚠️🔪🚨🕳️,💀💊🔪🚨⚠️,💀💊🔪⚠️🕳️,💀💊🚨⚠️😭",3
498,"💀🕳️🚨🔫🌉,💀💊🔪🚨⚠️,💀💊🔪⚠️🕳️,💀💊🚨⚠️😭,💀💊🚨⚠️🕳️",3
498,"💀💊🔪🚨⚠️,💀🕳️🚨💊⚠️,💀💊🚨⚠️😭,💀💊🚨⚠️🕳️,💀⚠️🕳️😭💊",3
498,"💀💊🔪⚠️🕳️,💀💊🚨⚠️😭,💀💊🚨⚠️🕳️,💀⚠️🕳️😭💊,💀🕳️⚠️💊🌊",3
499,"😔😞💔⚠️,😔💔😢😞⚠️,💊💀⚠️😰🕳️,😔💔😢,😊😌💪✨🌟",0
499,"😔💔😢😞⚠️,💊💀⚠️😰🕳️,😔💔😢,😔💊⚠️,😔😟⚠️",0
499,"💊💀⚠️😰🕳️,😔💔😞⚠️,😔💊⚠️,😔💔😢,🕳️😰😔💀⚠️",0
499,"😔💔😢,😔💊⚠️,😔💔😢,🕳️😰😔⚠️,😔😖😰⚠️",0
499,"😔💊⚠️,😔😟⚠️,🕳️😰😔💀⚠️,😔😖😰⚠️,😔💔😰⚠️🕳️",0
499,"😔😟⚠️,🕳️😰😔⚠️,😔😖😰⚠️💔,😔💔😢,💊😰⚠️😔🕳️",0
499,"🕳️😰😔💀⚠️,😔😖😰⚠️,😔💔😰⚠️🕳️,💊😰⚠️😔🕳️,💀🕳️😭😔⚠️",0
499,"😔😖😰⚠️💔,😔💔😢,💊😰⚠️😔🕳️,💀🕳️😭😔⚠️,💊😔❓",0
499,"😔💔😢,💊⚠️😰😔🕳️,😔💔🕳️⚠️😭,💊😔❓,💊⚠️😰🕳️😵",0
499,"💊😰⚠️😔🕳️,😔💔🕳️😭⚠️,💊😔❓,💊⚠️😰🕳️😵,💀🕳️😭😔💔",0
499,"💀🕳️😭😔⚠️,💊😔❓,💊⚠️😰🕳️😵,💀🕳️😭😔💔,😔💔😭⚠️",1
499,"💊😔❓,💊😰⚠️🕳️😵,💀🕳️😭😔💔,😔🕳️😭,💀🕳️😭⚠️",0
499,"💊😰⚠️🕳️😵,💀🕳️😭😔💔,😔🕳️😭,💀🕳️😭⚠️🩸,😔🕳️",0
499,"💀🕳️😭😔💔,😔💔😭⚠️,💀🕳️😭⚠️,😔🕳️,😔💔😞",0
499,"😔💔😭⚠️,💀🕳️😭⚠️,😔💔,😔💔😞,😔💔😢",0
499,"💀🕳️😭⚠️🩸,😔🕳️,😔💔😞,😔💔😢,😔💔😞",0
499,"😔🕳️,😔💔😞,😔🙏✨,😔💔😞,😔💔😢",0
499,"😔💔😞,😔🙏✨,😔💔😞,😔💔😢,😔😰⚠️",1
499,"😔🙏✨,😔💔😞,😔💔😢,😔😰⚠️,😔💔😢😞⚠️",0
499,"😔💔😞,😔💔😢,😔😰⚠️,😔💔😢😞⚠️,😰🕳️",0
499,"😔💔😢,😔😰⚠️,😔💔😢😞⚠️,😰🕳️😭,😔😢",0
499,"😔😰⚠️,😔💔😢😞⚠️,😰🕳️,😔😢,😔😢",0
499,"😔💔😢😞⚠️,😰🕳️,😔🕳️,😔😢,😔💔😞⚠️",0
499,"😰🕳️😭,😔😢,😔😢,😔💔😭⚠️🕳️,😔💔😢⚠️",0
499,"😔😢,😔😢,😔💔😭⚠️🕳️,😔💔🕳️,😔💔😢",1
499,"😔😢,😔💔😭⚠️🕳️,😔💔🕳️,😔💔😢,💀🕳️😭⚠️",1
499,"😔💔😭⚠️🕳️,😔💔🕳️,😔💔😢,💀🕳️😭⚠️,💀😭⚠️😔💔",0
499,"😔💔😢⚠️,😔💔😢,💀🕳️😭⚠️,💀😭😔⚠️,😔💔😢",0
499,"😔💔😢,💀🕳️😭⚠️,💀😭😰⚠️💔,😔💔😢,💀💔😔⚠️",0
499,"💀🕳️😭⚠️,💀😭⚠️😔💔,😔💔😢,💀💔😔⚠️,😔💔😢⚠️",0
499,"💀😭⚠️😔💔,😔💔😢,💀😔💔⚠️,😔💔😢⚠️,😔💔🕳️😭⚠️",1
499,"😔💔😢,💀💔😔⚠️,😔💔😢⚠️,😔💔😢🕳️⚠️,💀🔪😭⚠️",1
499,"💀💔😔⚠️,😔💔😢⚠️,😔💔😢🕳️⚠️,💀🔪😭⚠️,💀🕳️😭⚠️😔",0
499,"😔💔😢,😔💔🕳️😭⚠️,💀🔪😭⚠️,💀🕳️😭⚠️,💊😰⚠️🕳️",0
499,"😔💔🕳️😭⚠️,💀⚠️😭🕳️,💀🕳️😭⚠️😔,💊😰⚠️😔,😔😟⚠️",0
499,"💀⚠️😭🕳️,💀🕳️😭⚠️😔,💊😰⚠️😔,😔😟⚠️,😔❓⚠️",0
499,"💀🕳️😭⚠️😔,💊😰⚠️🕳️,😔😟⚠️,😔💔😢,😔😟⚠️",0
499,"💊😰⚠️😔,😔💔😢,😔💔😢,😔😟⚠️,😔😢😞",0
499,"😔❓⚠️,😔💔😢,😔😟⚠️,😔😢😞,😭😔⚠️🕳️",0
499,"😔❓⚠️,😔😟⚠️,😔😢😞,😭😔⚠️🕳️,😔💔😞",0
499,"😔😟⚠️,😔😢😞,😭😔⚠️🕳️,😔💔😞⚠️,😔💔😢🕳️",0
499,"😔😢😞,😭😔⚠️,😔💔😞,😔💔😢🕳️,💊💀⚠️😰🕳️",0
499,"😭😔⚠️🕳️,😔💔😞⚠️,😔💔😢🕳️,💊💀⚠️😰🕳️,😔💔😢",1
499,"😔💔😞,😔💔😢🕳️,💊💀⚠️😰🕳️,😔💔😢,💀🕳️😰⚠️😭",0
499,"😔💔😢,💊💀⚠️😰🕳️,😔💔😢,💀🕳️😰⚠️😭,😔🕳️💀",1
499,"💊💀⚠️😰🕳️,😔💔😢,💀🕳️😰⚠️😭,😔🕳️💀,💀😔🕳️😭⚠️",0
499,"😔💔😢,💀🕳️😰⚠️😭,😔🕳️💀,💀😔🕳️😭⚠️,😔😞🕳️",0
499,"💀🕳️😰😔⚠️,😔🕳️💀,💀😔🕳️😭⚠️,😔😞🕳️,😔😕😐",0
499,"😔🕳️💀,💀😔🕳️😭⚠️,😔😞🕳️,😔😕😐,😔🕳️",0
499,"💀😔🕳️😭⚠️,😔😞🕳️,😔😕😐,😔😢⚠️,😰😔💔⚠️",0
499,"😔😞🕳️,😔😕😐,😔🕳️,😰😔💔⚠️,💀⚠️🕳️😭💔",1
499,"😔😕😐,😔🕳️,😔💔😭⚠️,💀⚠️🕳️😭💔,💀⚠️🕳️😭",0
499,"😔💔,😔💔😭⚠️,💀⚠️🕳️😭💔,💀⚠️🕳️😭,💔😢🥺",0
499,"😔💔😭⚠️,💀⚠️🕳️😭💔,💀⚠️🕳️😭,💔😢🥺🐾✨,😔💔😢",1
499,"💀⚠️🕳️😭💔,💀⚠️🕳️😭,💔😢🥺🐾✨,😔💔😢,💀🕳️😰⚠️😭",1
499,"💀⚠️🕳️😭,💔😢🥺🐾✨,😔💔😢,💀🕳️😰😭⚠️,💀😰🕳️😭⚠️",1
499,"💔😢🥺🐾✨,😔💔😢,💀🕳️😰⚠️😭,💀😰🕳️😭⚠️,💀😭⚠️🕳️💔",0
499,"😔💭❓,💀😰🕳️😭⚠️,💀😰🕳️😭⚠️,💀😭⚠️🕳️🔪,😔💔😢",0
499,"💀🕳️⚠️😭,💀😰🕳️😭⚠️,💀😭⚠️🕳️🔪,😔💔😢,😔💔😢",0
499,"💀😰🕳️😭⚠️,💀😭⚠️🕳️🔪,😔💔😢,😔😢😖💔🐶,😔💔😢",0
499,"💀😭⚠️🕳️🔪,😔💔😢,😔💔😢,😔💔😢,💊⚠️😔😖",0
499,"😔💔😢,😔💔😢,😔💔😢,💊😔⚠️,😔💔😢",2
499,"😔💔😢,😔💔😢,💊⚠️😔😖,😔💔😢,💀💊🚨😭⚠️",0
499,"😔💔😢,💊⚠️😔😖,😔💔😢,💀💊🚨😭⚠️,😰😔💔⚠️",1
499,"💊⚠️😔😖,😔💔😢,💀💊🚨😭⚠️,😰😔💔⚠️,💀🕳️😭⚠️",0
499,"😔💔😢,💀💊🚨😭⚠️,😰😔💔⚠️,💀🕳️😭⚠️😔,💀⚰️😭⚠️🕳️",0
499,"💀💊🚨😭⚠️,😰😔⚠️,💀🕳️😭⚠️😔,💀⚰️😭⚠️🕳️,💀😭⚠️🕳️",0
499,"😰😔💔⚠️,💀🕳️😭⚠️😔,💀⚰️😭⚠️🕳️,💀😭⚠️🕳️,💀🕳️😭😔⚠️",0
499,"💀🕳️😭⚠️😔,💀⚰️😭⚠️🕳️,💀😭⚠️💔🥺,💀🕳️😭😔⚠️,💀🕳️😭😔⚠️",0
499,"💀⚰️😭⚠️🕳️,💀😭⚠️🕳️,💀🕳️😭😔⚠️,💀🕳️😭😔⚠️,😰😔⚠️",0
499,"💀😭⚠️💔🙏,💀🕳️😭😔⚠️,💀🕳️😭😔⚠️,😰😔⚠️,😰😔💔⚠️",1
499,"💀🕳️😭😔⚠️,💀🕳️😭😔⚠️,😰😔⚠️,😰😔💔⚠️,💀😭💔⚠️😞",1
499,"💀🕳️😭😔⚠️,😰😔⚠️,😰😔💔⚠️,💀😭💔⚠️🕳️,💀🚨⚠️😭🔪",0
499,"😰😔⚠️,😰😔💔⚠️,💀😭💔⚠️😞,💀🚨⚠️😭🔪,😰🕳️😭⚠️",0
499,"😰😔💔⚠️,💀😭💔⚠️🕳️,💀🚨⚠️😭🔪,😰🕳️😭⚠️,😔😞😖",1
499,"💀😭💔⚠️🕳️,💀🚨⚠️😭🔪,😰🕳️😭⚠️,😔😞😖,💀🔪😭⚠️🕳️",0
499,"💀🚨⚠️😭🔪,😰🕳️😭⚠️,😔😞😖,💀🔪😭⚠️🕳️,😔💔😞",1
499,"😰🕳️😭⚠️,😔😞😖💔⚠️,💀🔪😭⚠️🕳️,😔💔😞,💀🔪😭🚨",0
499,"😔😞😖💔⚠️,💀🔪😭⚠️🕳️,😔💔😢,💀🔪😭🚨,😭😰🕳️⚠️",0
499,"💀🔪😭⚠️🕳️,😔💔😢,💀🔪😭⚠️,💀🕳️😭,😔💔😢",2
499,"😔💔😞,💀🔪😭🚨,😭😰🕳️⚠️,😔💔😢,💀⚠️😭😖💔",0
499,"💀🔪😭⚠️,😭😰🕳️⚠️,😔💔😢,💀⚠️😭😖💔,😔💔😡",1
499,"💀🕳️😭,😔💔😢,💀⚠️😭😖💔,😔💔😡,💀🔪⚠️😭",1
499,"😔💔😢,💀⚠️😭😖💔,😔💔😡,💀🔪⚠️😭,💀🔪😭⚠️",1
499,"💀⚠️😭😖💔,😔💔😡,💀🔪⚠️😭,💀🔪🚨😭,💀😭⚠️🕳️🔪",0
499,"😔💔😡,💀🔪⚠️😭,💀🔪🚨😭,💀😭⚠️🕳️🔪,💊💀⚠️😰🕳️",1
499,"💀🔪⚠️😭,💀🔪🚨😭,💀😭⚠️🕳️💥,💊💀⚠️😰🕳️,💀🔪🩸🕳️",0
499,"💀🔪🚨😭,💀😰🔪😭⚠️,💊💀⚠️😰🕳️,💀🔪🩸🕳️,💀🕳️😰😭🌑",0
499,"💀😭⚠️🕳️🔪,💊💀⚠️😰🕳️,💀🔪🩸🕳️🚨,😔💔🕳️,😔💔",0
499,"💊💀⚠️😰🕳️,💀🔪🩸🕳️🚨,😔💔🕳️,😔🕳️,😭🕳️⚠️",0
499,"💀🔪🩸🕳️,😔💔🕳️,😔😟,😭🕳️⚠️,😊😌💪",0
499,"😔💔🕳️,😔💔,🕳️😭😔⚠️,😊😌💪,😔💔😢⚠️🥺",0
499,"😔💔,🕳️😭😔⚠️,😊😌💪,😔💔😢⚠️🥺,😔💔😢⚠️🥺",0
499,"🕳️😭😔⚠️,😊😌💪,😔💔😢⚠️🥺,😔💔😢⚠️,😰😭⚠️💀",1
499,"😊😌💪,😔💔😢⚠️,😔💔😢⚠️🕳️,😰💀⚠️😭,💀🕳️😭⚠️",0
499,"😔💔😢⚠️🥺,😔💔😢⚠️,😰😭⚠️💀,💀😭⚠️🕳️,😰💔😔",0
499,"😔💔😢⚠️🥺,😰💀⚠️😭,💀😭⚠️🕳️,😰💔😔,😔💔😢",0
499,"😰💀⚠️😭,💀😭⚠️🕳️,😰💔😔,😔💔😢,😔😢💔",0
500,"💀😭⚠️🕳️,💀⚠️🕳️😭🔪,💀😭🕳️⚠️😔,💀🕳️😭💊⚠️,💀💊🔪😭🚨",1
500,"💀⚠️🕳️😭🔪,💀😭🕳️⚠️😔,💀🕳️😭💊⚠️,💀💊🔪😭🚨,💀💊🕳️😭🚨",2
500,"💀😭🕳️⚠️😔,💀💊🕳️😭⚠️,💀💊🔪😭🚨,💀💊🕳️😭⚠️,💀🔪⚠️😭🕳️",2
500,"💀💊🕳️😭⚠️,💀💊🔪😭🚨,💀💊🕳️😭🚨,💀🔪⚠️😭🕳️,💀🚨⚠️😭💊",1
500,"💀💊🔪😭🚨,💀💊🕳️😭⚠️,💀🔪⚠️😭🕳️,💀🚨⚠️😭💊,💀😭🕳️⚠️",2
500,"💀💊🕳️😭⚠️,💀🔪⚠️😭🕳️,💀🚨⚠️😭💊,💀😭🕳️🚨,💊💀⚠️😰🕳️",2
500,"💀🔪⚠️😭🕳️,💀⚠️🚨😭🕳️,💀😭🕳️⚠️,💀💊⚠️😰🕳️,💀⚠️🔪⏰😰",1
500,"💀🚨⚠️😭💊,💀😭🕳️🚨,💀💊⚠️😰🕳️,💀⚠️🚨😭🕳️,💀⚠️😭💔😔",1
500,"💀😭🕳️🚨,💊💀⚠️😰🕳️,💀⚠️🚨😭⏳,💀😭⚠️💔😔,💀😭⚠️🕳️💔",2
500,"💊💀⚠️😰🕳️,💀⚠️🔪⏰😰,💀😭⚠️💔😔,💀😭⚠️🕳️,💀🕳️😭⚠️",1
500,"💀⚠️🚨😭🕳️,💀⚠️😭💔😔,💀😭⚠️🕳️💔,💀🕳️😭⚠️,💀⚠️😭🕳️",0
500,"💀⚠️😭💔😔,💀😭⚠️🕳️💔,💀🕳️😭⚠️,💀🚨😭⚠️🕳️,💀🕳️😭💊⚠️",0
500,"💀😭⚠️🕳️💔,💀🕳️😭⚠️,💀⚠️😭🕳️,💀🕳️😭💊⚠️,💀⚠️😭💔😔",2
500,"💀🕳️😭⚠️,💀⚠️😭🕳️,💀💊😭⚠️🕳️,💀⚠️😭💔😔,💀🔪😭🕳️⚠️",1
500,"💀⚠️😭🕳️,💀🕳️😭💊⚠️,💀⚠️😭💔😔,💀🔪😭🕳️⚠️,💀😭🕳️🚨",0
500,"💀💊😭⚠️😔,💀⚠️😭💔😔,💀🔪😭🕳️⚠️,💀😭🕳️🚨,💀⚠️🕳️😭🚨",2
500,"💀⚠️😭💔😔,💀🔪😭🕳️⚠️,💀😭🕳️🚨,💀⚠️🕳️😭🚨,💀😰⚠️🕳️😭",0
500,"💀🔪😭🕳️⚠️,💀😭🕳️🚨,💀⚠️🕳️😭🚨,💀😰⚠️🕳️😭,😭😭😭💔😔",2
500,"💀😭🕳️🚨,💀⚠️🕳️😭🚨,💀😰⚠️🕳️😭,😭😭😭😔💔,💀😭⚠️🕳️",0
500,"💀⚠️🕳️😭🚨,💀⚠️😰🕳️😭,😭😭😭😔💔,💀🕳️😭⚠️,💀⚠️🪦😰🕳️",0
500,"💀😰⚠️🕳️😭,😭😭😭😔💔,💀😭⚠️🕳️,💀⚠️🪦😰🕳️,😭😰💔😔⚠️",0
500,"😭😭😭😔💔,💀🕳️😭⚠️,💀⚠️🪦😰🕳️,😭😰💔😔⚠️,💊😰💀⚠️😭",2
500,"💀😭⚠️🕳️,💀⚠️🪦😰🕳️,😭😰💔😔⚠️,💊😰💀⚠️😭,💀🕳️⚠️😭🔪",0
501,"💀🕳️😭⚠️🩸,💀🕳️😭⚠️🔪,💀🕳️😭⚠️🩸,💀💊⚠️😭🕳️,💀😰🕳️⚠️😭",1
501,"💀🕳️😭⚠️🔪,💀🕳️😭⚠️🩸,💀💊⚠️😭🕳️,💀😰🕳️⚠️😭,💀😰🕳️😭⚠️",1
501,"💀🕳️😭⚠️🩸,💀💊⚠️😭🕳️,💀🕳️⚠️😭🚨,💀😰🕳️😭⚠️,💀🕳️⚠️😭😰",0
501,"💀💊⚠️😭🕳️,💀🕳️⚠️😭😰,💀😰🕳️😭⚠️,💀🕳️⚠️😭😰,💀🕳️⚠️😭😔",0
502,"💀🕳️😭⚠️😖,💀🕳️😭⚠️😖,💀😭🕳️⚠️😔,💀🕳️😭😞⚠️,💀😭🕳️⚠️",1
502,"💀🕳️😭⚠️😖,💀😭🕳️⚠️😖,💀🕳️😭⚠️😔,💀😭🕳️⚠️,💀🕳️😭🚨",1
502,"💀😭🕳️⚠️😖,💀🕳️😭⚠️😔,💀😭🕳️⚠️,💀🕳️😭🚨,💀🕳️😭😞⚠️",1
502,"💀🕳️😭⚠️😔,💀😭🕳️⚠️,💀🕳️😭🚨,💀🕳️😭😞⚠️,💀😭🕳️😔",1
502,"💀😭🕳️⚠️,💀🕳️😭🚨⚠️,💀🕳️😭😞⚠️,💀😭🕳️😔,💀🕳️😭😞⚠️",0
502,"💀🕳️😭🚨⚠️,💀🕳️😭😞⚠️,💀😭🕳️😔,💀🕳️😭😞⚠️,💀🕳️😭😔💔",1
502,"💀🕳️😭😞⚠️,💀😭🕳️😔,💀🕳️😭😞⚠️,💀🕳️😭😔💔,💀🕳️😭😔⚠️",1
502,"💀😭🕳️😔,💀🕳️😭😞⚠️,💀🕳️😭😔💔,💀🕳️😭😔⚠️,💀🔪🚨😭⚠️",1
502,"💀🕳️😭😞⚠️,💀🕳️😭😔⚠️,💀🕳️😭😔⚠️,💀🔫🚨😭🕳️,💀😭🕳️⚠️😔",2
502,"💀🕳️😭😔💔,💀🕳️😭😔⚠️,💀🔪🚨😭⚠️,💀😭🕳️⚠️😔,💀⚠️🕳️😭",1
502,"💀🕳️😭😔⚠️,💀🔪🚨😭⚠️,💀😭🕳️⚠️😔,💀⚠️🕳️😭,💀😭⚠️🕳️🔪",2
502,"💀🔪🚨😭⚠️,💀😭🕳️⚠️😔,💀⚠️🕳️😭,💀😭⚠️🕳️🔪,💀🕳️😭⚠️🔪",2
502,"💀😭🕳️⚠️😔,💀⚠️🕳️😭,💀😭⚠️🕳️🔪,💀🕳️😭⚠️🔪,💀🔪🚨😭🕳️",1
502,"💀⚠️🕳️😭,💀😭⚠️🕳️🔪,💀🕳️😭⚠️🔪,💀🔪🚨😭🕳️,💀😭🕳️⚠️😖",0
502,"💀😭⚠️🕳️🔪,💀🕳️😭⚠️🔪,💀🔪🚨😭🕳️,💀😭🕳️⚠️😖,💀🕳️😭😔💔",1
502,"💀🕳️😭⚠️🔪,💀🔪🚨😭🕳️,💀😭🕳️⚠️😖,💀🕳️😭😔💔,💀😭🕳️⚠️😖",1
502,"💀🔪🚨😭🕳️,💀😭🕳️⚠️😖,💀😔🕳️😭⚠️,💀😭🕳️⚠️😖,💀😭🕳️⚠️😖",1
502,"💀😭🕳️⚠️😖,💀😔😭⚠️🕳️,💀😭🕳️⚠️😖,💀😭🕳️⚠️😖,💀😭🕳️⚠️😔",1
502,"💀🕳️😭😔💔,💀😭🕳️⚠️😖,💀😭🕳️⚠️😖,💀😭🕳️⚠️😔,💀😭🕳️⚠️😖",1
502,"💀😭🕳️⚠️😖,💀😭🕳️⚠️😖,💀😭🕳️⚠️😔,💀😭🕳️⚠️😖,💀😰🕳️😭⚠️",2
502,"💀😭🕳️⚠️😖,💀😭🕳️⚠️😔,💀😭🕳️⚠️😖,💀😭🕳️⚠️😔,💀🔪🚨⚠️😭",1
502,"💀😭🕳️⚠️💔,💀😭🕳️⚠️😖,💀😰🕳️😭⚠️,💀🔪🚨⚠️😭,💀🕳️😭⚠️😔",1
502,"💀😭🕳️⚠️😖,💀😭😞⚠️,💀🔪🚨😭,💀🕳️😭⚠️,💀🕳️😭⚠️😔",1
502,"💀😭😞⚠️,💀🔪🚨😭,💀🕳️😭⚠️😔,💀🕳️😭⚠️😔,💀🔪🚨😭🕳️",2
502,"💀🔪🚨😭,💀🕳️😭⚠️😔,💀🕳️😭⚠️😔,💀🔪🚨😭⚠️,💀🔫⚠️😰🕳️",2
502,"💀🕳️😭⚠️😔,💀🕳️😭⚠️😔,💀🔪🚨😭🕳️,💀🔫⚠️😰🕳️,💀🔫🚨⚠️😭",1
502,"💀🕳️😭⚠️😔,💀🔪🚨😭⚠️,💀🔫⚠️😰🕳️,💀🔫🚨⚠️😭,💀🕳️😭😔💔",0
502,"💀🔪🚨😭🕳️,💀🔫⚠️😰🕳️,💀🔫🚨⚠️😭,💀🕳️😭😔💔,💀😔🕳️😭⚠️",1
502,"💀🔫⚠️😰🕳️,💀🔫🚨⚠️😭,💀🕳️😭😞💔,💀🕳️😭😔⚠️,💀😭🕳️⚠️😔",1
502,"💀🔫🚨⚠️😭,💀🕳️😭😔⚠️,💀😔🕳️😭⚠️,💀😭🕳️⚠️😔,💀😭🕳️🚨",2
502,"💀🕳️😭😔💔,💀😔🕳️😭⚠️,💀😭🕳️⚠️😔,💀😰🕳️😭⚠️,💀🔫🚨⚠️🕳️",1
502,"💀😔🕳️😭⚠️,💀😭🕳️⚠️😔,💀😭🕳️⚠️🚨,💀🔫🚨⚠️🕳️,💀🔪🚨😭🕳️",0
502,"💀😭🕳️⚠️😔,💀😭🕳️🚨,💀🔫🚨⚠️🕳️,💀🔪🚨😭🕳️,💀😔🕳️💔⚠️",2
502,"💀😭🕳️🚨,💀🔫🚨⚠️🕳️,💀🔪🚨😭🕳️,💀🕳️😭😔💔,💀🔪🚨⚠️😭",1
503,"💀🕳️🔪😭,💀😭🕳️⚠️,💀⚠️😰🕳️😭,💀⚠️🕳️😭🔪,💀⏳🪦😰⚠️",2
503,"💀😭🕳️⚠️,💀⚠️😰🕳️😭,💀⚠️🕳️😭🔪,💀⏳🪦😰⚠️,💀⚠️🕳️🔪",2
503,"💀⚠️😰🕳️😭,💀⚠️🕳️😭🔪,💀⏳🪦😰⚠️,💀⚠️🕳️🔪,💀⚠️🕳️😰💊",1
503,"💀⚠️🕳️😭🔪,💀⏳🪦😰⚠️,💀⚠️🕳️🔪,💀⚠️🕳️😰💊,💀😔🕳️😭⚠️",1
503,"💀⏳🪦😰⚠️,💀⚠️🕳️🔪,💀🕳️⚠️😰💊,💀😔🕳️😭⚠️,💀😭🕳️⚠️😔",2
503,"💀⚠️🕳️🔪,💀⚠️🕳️😰💊,💀😔🕳️😭⚠️,💀😭🕳️⚠️😔,💀⚠️😭🕳️",3
503,"💀⚠️🕳️😰💊,💀😔🕳️😭⚠️,💀😭🕳️⚠️😔,💀⚠️😭🕳️🚨,💀🕳️😭⚠️",3
503,"💀😔🕳️😭⚠️,💀😭🕳️⚠️😔,💀⚠️😭🕳️,💀🕳️😭⚠️,💀😭⚠️🕳️",1
503,"💀😭🕳️⚠️😔,💀⚠️😭🕳️,💀🕳️😭⚠️,💀🕳️😭⚠️,💀🕳️😭⚠️💊",0
506,"💀🔪😭⚠️,😔😢😞,😔💔😢🕳️⚠️,💀🕳️⚠️😭🔪,💀🕳️😭⚠️",1
506,"😔😢😞,😔💔😢🕳️⚠️,💀🕳️⚠️😭🔪,💀🕳️😭⚠️,💀🕳️😭⚠️🩸",1
506,"😔💔😢🕳️⚠️,💀🕳️⚠️😭🔪,💀🕳️😭⚠️,💀🕳️😭⚠️😔,💀🕳️😭😔💔",1
506,"💀🕳️⚠️😭🔪,💀🕳️😭⚠️,💀🕳️😭⚠️😔,💀🕳️😭😔⚠️,💀😭⚠️😔💔",1
506,"💀🕳️😭⚠️,💀🕳️😭⚠️😔,💀🕳️😭😔💔,💀😰🕳️😭⚠️,💀🕳️😭⚠️💔",1
506,"💀🕳️😭⚠️🩸,💀🕳️😭😔💔,💀😭⚠️😔💔,💀🕳️😭⚠️💔,😔💔😖🕳️⚠️",2
506,"💀🕳️😭😔💔,💀😰🕳️😭⚠️,💀🕳️😭⚠️💔,😔💔😢😞⚠️,💀🕳️⚠️😭🔪",0
506,"💀😭⚠️😔💔,💀🕳️😭⚠️💔,😔💔😢🕳️⚠️,💀🕳️⚠️😭🔪,😔💔😢😞🕳️",1
506,"💀🕳️😭⚠️💔,😔💔😢🕳️⚠️,💀🕳️🚨😭⚠️,😔💔😢😞🕳️,💀🕳️😭😔⚠️",0
506,"😔💔😢😞⚠️,💀🕳️⚠️😭🔪,😔💔😢😞🕳️,💀🕳️😭😔⚠️,😔💊😰⚠️",0
506,"💀🕳️🚨😭⚠️,😔💔😞🕳️⚠️,💀🕳️😭😔⚠️,😔💊😰⚠️,😔💔😢",1
506,"😔💔😢😞🕳️,💀🕳️😭😔⚠️,😔💊😰⚠️,😔💔😕,💀😭🕳️⚠️😰",0
506,"💀🕳️😭😔⚠️,😔💊😰⚠️,😔💔😢,💀😭🕳️⚠️😖,😔😡😤💔",0
506,"😔💊😰⚠️,😔💔😢,💀😭🕳️⚠️😖,😔😡😤,😔😖💀⚠️🕳️",0
506,"😔💔😢,💀😭🕳️⚠️😖,😔💔😖,😔💔😰⚠️🕳️,😔💔😢😞⚠️",1
506,"💀😭🕳️⚠️😖,😔💔😖,😔😩😞⚠️🕳️,😔💔😢,💀🕳️😭😔⚠️",1
508,"💀😔🕳️⚠️😭,💀🔫🚨⚠️🕳️,💀🕳️⚠️😭⚰️,💀🔫🚨⚠️🕳️,💀🕳️⚠️😭🌑",1
509,"💀🕳️😭⚠️💊,💀🕳️😭⚠️💊,💀😔🕳️😭⚠️,😔💔😢😞⚠️,😔💔😞⚠️🕳️",1
509,"💀🕳️😭⚠️😖,💀😔🕳️😭⚠️,😔💔😢😞⚠️,😔💔😞⚠️🕳️,💀⚠️🕳️😭🔪",1
509,"💀😔🕳️😭⚠️,💀😰🕳️😭⚠️,😔💔😢😞⚠️,💀⚠️🕳️😭🚨,💀😭🕳️⚠️🩸",1
509,"😔💔😰⚠️🕳️,😔💔😞⚠️🕳️,💀⚠️🕳️😭🚨,💀😭🕳️⚠️🩸,💀😔🕳️😭⚠️",1
509,"😔💔😞⚠️🕳️,💀⚠️🕳️😭🔪,💀😭🕳️⚠️😔,💀😔🕳️😭⚠️,💀🕳️😭⚠️🔪",0
509,"💀⚠️🕳️😭🔪,💀😭🕳️⚠️😔,💀😔🕳️😭⚠️,💀🕳️😭⚠️🔪,😔💔😢😞⚠️",1
509,"💀😭🕳️⚠️😔,💀😔🕳️😭⚠️,💀🕳️😭⚠️🔪,😔💔😢😞⚠️,💀😰🕳️😭⚠️",1
509,"💀😔🕳️😭⚠️,💀🕳️😭⚠️🔪,😔💔😢😞⚠️,💀😰🕳️😭⚠️,💀😭⚠️🕳️😔",0
509,"💀🕳️😭⚠️🔪,😔💔😢😞⚠️,💀😰🕳️😭⚠️,💀😭🕳️⚠️😔,😔💔😢😞⚠️",1
510,"💀🕯️😿🕳️📅,💀😭😔⚠️🕳️,💀💊🔪⚠️🕳️,💀💊😭🕳️⚠️,💀🕳️😭😔💔",1
510,"💀😭😔🕳️⚠️,💀💊🔪⚠️🕳️,💀💊😭🕳️🚨,💀🕳️😭😔💔,💀🕳️😭⚠️😔",0
510,"💀💊🔪⚠️🕳️,💀💊😭🕳️🚨,💀🕳️😭😔💔,💀🕳️😭⚠️😔,😔💔😢🕳️⚠️",0
510,"💀💊😭🕳️🚨,💀🕳️😭😔💔,💀🕳️😭⚠️😔,😔💔😢🕳️⚠️,💀🕳️😭😔⚠️",1
511,"💀🕳️😭⚠️💊,💀😭⚠️🕳️,💀🕳️😭⚠️😔,💀😰🕳️😭⚠️,💀🕳️😭⚠️",0
511,"💀😭⚠️🕳️,💀😭🕳️⚠️,💀😰🕳️😭⚠️,💀😭⚠️🕳️💊,😰🕳️💊😭",0
511,"💀🕳️😭⚠️,💀😰🕳️😭⚠️,💀🕳️😭⚠️,😰💊🕳️😭,😔💔😢🕳️⚠️",1
511,"💀😰🕳️😭⚠️,💀🕳️😭⚠️,😰🕳️💊😭,😔💔😢🕳️⚠️,💀🕳️😭⚠️🔪",1
511,"💀🕳️😭⚠️,😰🕳️💊😭,😔💔😞🕳️⚠️,💀🕳️😭⚠️,💀⚠️😭📞",2
511,"😰🕳️💊😭,😔💔😢🕳️⚠️,💀🕳️😭⚠️,💀⚠️😭📞,💀⚠️🕳️😭💊",2
511,"😔💔😢🕳️⚠️,💀🕳️😭⚠️,💀⚠️😭📞,💀⚠️🕳️😭💊,💀💊🕳️😭",0
512,"💀⚠️🕳️😭😖,💀⚠️🕳️😭🔪,💀😰🕳️😭⚠️,💀😭🔪⚠️🕳️,💀💊⚠️🕳️😭",1
512,"💀⚠️🕳️😭,💀😰🕳️😭⚠️,💀😭🔪⚠️🕳️,💀💊⚠️🕳️😭,💀🕳️😭⚠️🔪",3
512,"💀😰🕳️😭⚠️,💀😭🔪⚠️🕳️,💀💊⚠️🕳️😭,💀🕳️😭⚠️🔪,💀💊🚨🕳️😭",1
512,"💀😭🔪⚠️🕳️,💀💊⚠️🕳️😭,💀🕳️😭⚠️🔪,💀💊🚨🕳️😭,💀🕳️⚠️😭🔪",1
512,"💀💊⚠️🕳️😭,💀🕳️😭⚠️🔪,💀💊🚨🕳️😭,💀🕳️⚠️😭🔪,💀🕳️😰😔💔",3
512,"💀🕳️😭⚠️🔪,💀💊🚨🕳️😭,💀🕳️⚠️😭🔪,💀🕳️😰😔💔,💀💊🚨😭⚠️",3
512,"💀💊🚨🕳️😭,💀🕳️⚠️😭💊,💀🕳️😰😔💔,💀💊🚨😭🕳️,💀🕳️⚠️🔪😭",3
513,"💀🔪🚨😭⚠️,💀😰🕳️😭⚠️,💀😭🕳️⚠️,💀⚠️🕳️😭😔,💀🩸🔪⚠️😰",1
513,"💀😰🕳️😭⚠️,💀😭🕳️⚠️,💀⚠️🕳️😭😔,💀🩸🔪⚠️😰,💀💊🔫⚠️🕳️",1
513,"💀😭🕳️⚠️,💀⚠️🕳️😭😔,💀🩸🔪⚠️😰,💀💊🔫⚠️🕳️,💀😭⚠️🕳️😔",1
514,"💀🕳️⚠️😭📄,💀😔🕳️⚠️😭,💀⚠️😭🕳️,💀🔪⚠️🕳️😭,💀🕳️😭⚠️",1
514,"💀😔🕳️⚠️😭,💀⚠️😭🕳️,💀🔪⚠️🕳️😭,💀🕳️😭⚠️,💀😰🕳️😭⚠️",1
514,"💀⚠️😭🕳️,💀🔪🚨⚠️🕳️,💀🕳️😭⚠️,💀🕳️😭⚠️😰,💀🕳️⚠️😭📄",1
514,"💀🔪🚨⚠️🕳️,💀🕳️😭⚠️,💀😰🕳️😭⚠️,💀🕳️⚠️😭🔪,💀😭⚠️😖🕳️",1
514,"💀🕳️😭⚠️,💀🕳️😭⚠️😰,💀🕳️⚠️😭🔪,💀😭⚠️😖🕳️,💀😔🕳️😭⚠️",1
514,"💀😰🕳️😭⚠️,💀🕳️⚠️😭🔪,💀😭⚠️😖🕳️,💀😔🕳️😭⚠️,💀😭⚠️🕳️😔",1
514,"💀🕳️⚠️😭🔪,💀😭⚠️😖🕳️,💀😔🕳️😭⚠️,💀😭⚠️🕳️😔,💀🕳️⚠️😭🔪",1
514,"💀😭⚠️😖🕳️,💀😔🕳️😭⚠️,💀😭⚠️🕳️😔,💀🕳️⚠️😭🔪,💀😭🕳️⚠️😔",1
514,"💀😔🕳️😭⚠️,💀😭⚠️🕳️😔,💀🕳️⚠️😭🔪,💀😭🕳️⚠️😔,💀😔🕳️😭⚠️",2
515,"💀🕳️😭😔⚠️,💀😰🕳️😭⚠️,💀🕳️⚠️😭🔪,💀⚠️🕳️😭🔪,💀😰🕳️😭⚠️",0
515,"💀😰🕳️😭⚠️,💀🕳️⚠️😭🔪,💀⚠️🕳️😭,💀😰🕳️😭⚠️,💀🕳️😰😭⚠️",1
515,"💀🕳️⚠️😭🔪,💀⚠️🕳️😭,💀😰🕳️😭⚠️,💀🕳️😰😭⚠️,💀🕳️😭⚠️💔",1
515,"💀⚠️🕳️😭,💀😰🕳️😭⚠️,💀🕳️😰😭⚠️,💀🕳️😭⚠️💔,💀💊🚨⚠️😵",1
515,"💀😰🕳️😭⚠️,💀🕳️😰😭⚠️,💀🕳️😭⚠️💔,💀💊🚨⚠️😵,💀🕳️😭⚠️🔪",1
515,"💀🕳️😰😭⚠️,💀🕳️😭⚠️💔,💀💊🚨⚠️😵,💀🕳️😭⚠️🔪,💀🕳️⚠️😭🔪",1
515,"💀🕳️😭⚠️💔,💀💊🚨⚠️😵,💀🕳️😭⚠️🔪,💀🕳️⚠️😭🔪,💀🕳️😭⚠️😖",1
515,"💀💊🚨⚠️😵,💀🕳️😭⚠️🔪,💀🕳️⚠️😭🔪,💀🕳️😭⚠️😖,💀🕳️😭⚠️💊",1
515,"💀🕳️😭⚠️🔪,💀🕳️⚠️😭🔪,💀🕳️😭⚠️🔪,💀🕳️😭⚠️,💀⚠️🕳️😰",1
517,"💀⚠️🔪🕳️,💀😔🕳️,💀🕳️😭⚠️,💀🕳️⚠️😭🌑,😔😩💀",1
517,"💀😔🕳️,💀🕳️😭⚠️,💀🕳️⚠️😭😔,😔😩💀,💀😔😞⚠️",0
517,"💀🕳️😭⚠️,💀🕳️⚠️😭🌑,😔😩💀,💀😔😞⚠️,💀🕳️😭😔💔",0
517,"💀🕳️⚠️😭😔,😔😩💀,💀😔😞⚠️,💀🕳️😭😔💔,💀🕳️😭😔⚠️",0
517,"😔😩😞💀⚠️,💀😔😩⚠️😭,💀🕳️😭😔💔,💀🕳️😭😔⚠️,😔😞😩",0
517,"💀😔😞⚠️,💀🕳️😭😔💔,💀🕳️😭😔⚠️,😔💔😞,💀🕳️😭😔⚠️",0
517,"💀🕳️😭😔💔,💀🕳️😭😔⚠️,😔💔😞,💀🕳️😭😔⚠️,💀😔🕳️😭⚠️",0
517,"💀🕳️😭😔⚠️,😔😞😩💔🕳️,💀🕳️😭😔⚠️,😔😞💀⚠️🕳️,😔😩💀⚠️🕳️",0
517,"😔💔😞,💀🕳️😭😔⚠️,💀😔🕳️😭⚠️,😔😩💀⚠️🕳️,😔💔😞🕳️",1
517,"💀🕳️😰😔💔,😔😞💀⚠️🕳️,😔😩💀⚠️🕳️,😔💔😞🕳️,😔😞😩🕳️⚠️",0
517,"💀😔🕳️😭⚠️,😔😩💀⚠️🕳️,😔💔😞🕳️,😔💔🕳️,💀😔🕳️⚠️",0
517,"😔😩💀⚠️🕳️,😔💔😞🕳️,😔💔🕳️,💀😔🕳️⚠️,😔🕳️😰💀",0
517,"😔💔😞🕳️,😔💔😞,💀😔🕳️⚠️,😔🕳️😰💔🌑,💀😔🕳️😭⚠️",3
517,"😔😞😩💔🕳️,💀😔🕳️⚠️,😔🕳️😰💀⚠️,💀😔🕳️😭⚠️,💀🕳️😭⚠️",0
517,"💀😔🕳️,😔🕳️😰💔🌑,💀😔🕳️😭⚠️,💀🕳️😭⚠️,💀😰🕳️😭⚠️",0
517,"😔🕳️😰💀⚠️,💀😔🕳️😭⚠️,💀🕳️😭⚠️,💀😰🕳️😭⚠️,😔💔😞",1
517,"💀😔🕳️😭⚠️,💀🕳️😭⚠️,💀😰🕳️😭⚠️,😔💔😞,💀🕳️😭⚠️😔",1
517,"💀🕳️😭⚠️,💀😰🕳️😭⚠️,😔💔😞,💀🕳️😭⚠️😔,💀🕳️😭⚠️😔",0
517,"💀😰🕳️😭⚠️,😔💔😞,💀🕳️😭⚠️😔,💀🕳️😭⚠️😔,😔💔🕳️😭⚠️",0
517,"😔💔😞,💀🕳️😭⚠️😔,💀🕳️😭⚠️😔,😔💔🕳️😭⚠️,😔💔😞🕳️⚠️",0
517,"💀🕳️😭⚠️😔,💀🕳️😭⚠️😔,😔💔🕳️😭⚠️,😔💔😢🕳️⚠️,😔💔😞",0
517,"💀🕳️😭⚠️😔,😔💔🕳️😭⚠️,😔💔😞🕳️⚠️,😔💔😞,💀😔🕳️⚠️😭",1
517,"😔💔🕳️😭⚠️,😔💔😞🕳️⚠️,😔💔😞,💀🕳️😭😔⚠️,💀🕳️😭⚠️",0
517,"😔💔😞🕳️⚠️,😔💔😞,💀😔🕳️⚠️😭,💀🕳️😭⚠️,😔💔🕳️😭⚠️",0
517,"😔💔😞,💀😔🕳️⚠️,💀🕳️😭⚠️,😔💔😢🕳️⚠️,😔💔😢",0
517,"💀😔🕳️⚠️😭,💀🕳️😭⚠️,😔💔🕳️😭⚠️,😔💔😢,💀🕳️😰😔💔",0
517,"💀🕳️😭⚠️,😔💔😢🕳️⚠️,😔💔😢,💀🕳️😰😔💔,😔💔😞🕳️⚠️",0
518,"💀🕳️⚠️🔪😭,💀🕳️⚠️😭🌑,💀🕳️😭😔⚠️,💀🔫🚨🕳️😭,💀🕳️🔪🚨😭",2
518,"💀🕳️⚠️😭🌑,💀🕳️😭😔⚠️,💀🔫🚨🕳️😭,💀🕳️🔪🚨😭,💀🔫🚨🕳️😭",1
518,"💀🕳️😭😔⚠️,💀🔫🚨🕳️😭,💀🕳️🔪🚨😭,💀🔫🚨🕳️😭,💀🔪🚨🕳️😭",1
518,"💀🔫🚨🕳️😭,💀🕳️🔪🚨😭,💀🔫🚨🕳️😭,💀🔪🚨🕳️😭,💀🕳️😭😔⚠️",1
518,"💀🕳️🔪🚨😭,💀🔫🚨🕳️😭,💀🔪🚨🕳️😭,💀🕳️😭😔⚠️,💀🕳️😭⚠️😰",1
518,"💀🔫🚨🕳️😭,💀🔪🚨🕳️😭,💀🕳️😭😔⚠️,💀🕳️😭⚠️😰,💀🕳️😭🔪🚨",0
518,"💀🔪🚨🕳️😭,💀🕳️😭😔⚠️,💀🕳️😭⚠️😰,💀🕳️🚨😭⚠️,💀🕳️😭😔⚠️",0
519,"😔💔😢⚠️🕳️,💀🕳️😭😔⚠️,😔💔🕳️😭⚠️,💀🕳️😭⚠️😔,💀🕳️😭😔⚠️",0
519,"💀🕳️😭😔⚠️,😔💔🕳️😭⚠️,💀🕳️😭⚠️😔,💀🕳️😭😔⚠️,💀🕳️😭⚠️",0
519,"😔💔🕳️😭⚠️,💀🕳️😭⚠️😔,💀🕳️😭😔⚠️,💀🕳️😭⚠️,💀🕳️😰😭⚠️",0
519,"💀🕳️😭⚠️😔,💀🕳️😭😔⚠️,💀🕳️😭⚠️,💀🕳️😰😭⚠️,😔💔🕳️😭⚠️",1
519,"💀🕳️😭😔⚠️,💀🕳️😭⚠️,💀🕳️😰😭⚠️,😔💔🕳️😭⚠️,💀😭⚠️🕳️😔",1
519,"💀🕳️😭⚠️,💀🕳️😰😭⚠️,😔💔🕳️😭⚠️,💀😭⚠️🕳️,💀🕳️😭⚠️😿",1
520,"💀💊🚨⚠️🕳️,💀🕳️😭⚠️😔,💀🔪😭⚠️🕳️,😔💔😢,💀💊⚠️🕳️😰",0
520,"💀🕳️😭⚠️😔,💀🔪😭⚠️🕳️,😔😢😖💔😞,💀💊⚠️🕳️😰,💀😔🕳️💔⚠️",1
520,"💀🔪😭⚠️🕳️,😔😢😖💔😞,💀💊⚠️🕳️😰,💀😔🕳️💔⚠️,💀😔⚠️🕳️😭",1
520,"😔💔😢,💀💊⚠️🕳️😰,💀😔🕳️💔⚠️,💀😔⚠️,💀🔫⚠️😰🕳️",1
520,"💀💊⚠️🕳️😰,💀😔🕳️💔⚠️,💀😔⚠️,💀🔫⚠️😰🕳️,💀😭⚠️😔💔",0
520,"💀😔🕳️💔⚠️,💀😔⚠️,💀🔫⚠️😰🕳️,💀😭⚠️😔💔,😔😖💀⚠️",1
520,"💀😔⚠️,💀🔫⚠️😰🕳️,💀😭⚠️😔💔,😔😖💀⚠️,💀😭😔🕳️",1
520,"💀🔫⚠️😰🕳️,💀😭⚠️😔💔,😔😖🕳️⚠️,💀😭😔⚠️,💀😭⚠️😔💔",1
520,"💀😭⚠️😔💔,😔😖💀⚠️,💀😭😔🕳️,💀😰🕳️😭⚠️,💀😔🕳️😭⚠️",0
520,"😔😖🕳️⚠️,💀😭😔🕳️,💀😰🕳️😭⚠️,💀😔🕳️😭⚠️,💀🕳️😭😔⚠️",1
523,"💀💊⚠️🕳️😰,💀💊😰🕳️😭,💀🕳️😭⚠️,💀⚠️🕳️😰🚨,💀🕳️😭⚠️😔",0
523,"💀💊😰🕳️😭,💀🕳️😭⚠️,💀⚠️🕳️😰🚨,💀🕳️⚠️😭🌑,😔💔😰⚠️🕳️",0
523,"💀🕳️😭⚠️,💀⚠️🕳️😰🚨,💀🕳️⚠️😭🌑,😔💊⚠️🕳️,😔💔😢",1
523,"💀⚠️🕳️😰🚨,💀🕳️😭⚠️😔,😔💔🕳️⚠️,😔💔😞,💀🕳️⚠️😭",0
523,"💀🕳️⚠️😭🌑,😔💊⚠️🕳️,😔💔😢,💀🕳️⚠️😭🚨,😔💔😢",0
523,"😔💔🕳️⚠️,😔💔😢,💀🕳️😭⚠️,😔💔😢,😔💔😢",1
523,"😔💔😢,💀🕳️⚠️😭🚨,😔💔😢,😔💔😢,💀🕳️😭⚠️",2
523,"💀🕳️⚠️😭🚨,😔💔😢,😔💔😢,💀⚠️🕳️😭😰,💀💊🚨⚠️🕳️",0
523,"😔💔😢,😔💔😢,💀⚠️🕳️😭😰,💀💊🚨⚠️🕳️,💀🕳️😭⚠️",1
523,"😔💔😢,💀🕳️😭⚠️😔,💀💊🚨⚠️🕳️,💀🕳️⚠️😭🌑,💀🕳️😭⚠️",2
523,"💀🕳️😭⚠️😔,💀💊🚨⚠️🕳️,💀🕳️⚠️😭🌑,💀🕳️😭⚠️,💀💊🚨🕳️😰",2
524,"💀💊⚠️😭🕳️,💀😰🕳️⚠️😭,💀🕳️😭⚠️,💀🔪🚨⚠️😭,💀🕳️😭⚠️😔",1
524,"💀⚠️😭🕳️,💀🕳️😭⚠️,💀🔪🚨⚠️😭,💀🕳️😭⚠️😔,💀🕳️😭⚠️",1
525,"💀😭🕳️⚠️😔,💀🕳️⚠️😭🔪,💀🚨🕳️😭⚠️,💀🕳️😰😔💔,💀🕳️😭⚠️😔",2
525,"💀🕳️🚨😭⚠️,💀🚨🕳️😭⚠️,💀🕳️😭😔⚠️,💀🕳️😭⚠️😔,💀⚠️😭🕳️🔪",2
525,"💀🚨🕳️😭⚠️,💀🕳️😭😔⚠️,💀🕳️😭⚠️😔,💀⚠️🕳️😭🔪,💀🕳️⚠️😭🔪",2
525,"💀🕳️😭😔⚠️,💀🕳️😭⚠️😔,💀⚠️🕳️😭🔪,💀🕳️⚠️😭🔪,💀⚠️😰🕳️🚨",2
525,"💀🕳️😭⚠️😔,💀⚠️😭🕳️🔪,💀🕳️⚠️😭🔪,💀⚠️😰🕳️🚨,💀⚠️🕳️😭🔪",1
525,"💀⚠️😭🕳️🔪,💀🕳️⚠️😭🔪,💀⚠️😰🕳️🚨,💀⚠️🕳️😭🔪,💀🕳️😭😔⚠️",0
525,"💀🕳️⚠️😭🔪,💀⚠️😰🕳️🚨,💀⚠️🕳️😭🔪,💀🕳️😭⚠️😔,💀😰🕳️😭⚠️",0
525,"💀⚠️😰🕳️🚨,💀⚠️🕳️😭🔪,💀🕳️😭😔⚠️,💀😰🕳️😭⚠️,😔💔😞🕳️⚠️",2
525,"💀⚠️🕳️😭🔪,💀🕳️😭😔⚠️,💀😰🕳️😭⚠️,😔💔😞🕳️⚠️,💀🕳️😰⚠️😭",0
525,"💀🕳️😭😔⚠️,💀😰🕳️😭⚠️,😔💔😞🕳️⚠️,💀🕳️😰⚠️😭,😔💔😢🕳️⚠️",1
525,"💀😰🕳️😭⚠️,😔💔😞🕳️⚠️,💀🕳️😰⚠️😭,😔💔😢🕳️⚠️,💀🕳️😭⚠️",3
525,"😔💔😞🕳️⚠️,💀🕳️🚨😰⚠️,😔💔😢🕳️⚠️,💀🕳️😭⚠️,💀🕳️😭⚠️",1
525,"💀🕳️😰⚠️😭,😔💔😢🕳️⚠️,💀🕳️😭⚠️,💀🕳️😭⚠️,💀🕳️⚠️😭😰",1
525,"😔💔😢🕳️⚠️,💀🕳️😭⚠️,💀🕳️😭⚠️,💀🕳️⚠️😭😰,💀😭⚠️🕳️😰",0
525,"💀🕳️😭⚠️,💀🕳️😭⚠️,💀🕳️⚠️😭😰,💀😭⚠️🕳️😰,💀⚠️🕳️😰🚨",0
525,"💀🕳️😭⚠️,💀🕳️⚠️😭😰,💀😭⚠️🕳️😰,💀⚠️🕳️😰🚨,💀😰🕳️😭⚠️",1
525,"💀🕳️⚠️😭😰,💀😭⚠️🕳️😰,💀⚠️🕳️😰🚨,💀😰🕳️😭⚠️,💀😔⚠️💔😭",0
525,"💀😭⚠️🕳️😰,💀⚠️🕳️😰🚨,💀😰🕳️😭⚠️,💀😔💔⚠️,😔😩💀⚠️",2
525,"💀⚠️🕳️😰🚨,💀😰🕳️😭⚠️,💀😔💔⚠️,😔😩💀⚠️,💀🔪😰⚠️",0
525,"💀😰🕳️😭⚠️,💀😔💔⚠️,😔😩💀⚠️,💀🔪😰🕳️,💀🕳️😰⚠️😭",1
525,"💀😔💔⚠️,😔😩💀⚠️,💀🔪😰🕳️,💀🕳️😰⚠️😭,💀🕳️😰😔😭",0
525,"😔😩💀⚠️,💀🔪😰⚠️,💀🕳️😰⚠️😭,💀🕳️😰😔😭,💀🕳️⚠️😭😔",1
525,"💀🔪😰🕳️,💀🕳️😰⚠️😭,💀🕳️😰😔😭,💀🕳️⚠️😭😔,💀😰🕳️⚠️😭",2
525,"💀🕳️😰⚠️😭,💀🕳️😰😔😭,💀🕳️⚠️😭😔,💀😰🕳️😭⚠️,💀🚨⚠️😭🕳️",0
525,"💀🕳️😰😔😭,💀🕳️⚠️😭😔,💀😰🕳️⚠️😭,💀🚨⚠️😭🕳️,💀🕳️😭⚠️",0
525,"💀🕳️⚠️😭😔,💀😰🕳️🚨😭,💀🚨⚠️😭🕳️,💀🕳️😭⚠️,😔💔🕳️😭⚠️",0
525,"💀😰🕳️🚨😭,💀🚨⚠️😭🕳️,💀🕳️😭⚠️,😔💔😢,💀🕳️😭⚠️",0
525,"💀🚨⚠️😭🕳️,💀🕳️😭⚠️,😔💔😢,💀🕳️😭⚠️,💀🕳️🚨😭⚠️",0
525,"💀🕳️😭⚠️,😔💔😢,💀🕳️😭⚠️,💀🕳️🚨😭⚠️,💀⚠️🌑🕳️🚨",2
525,"😔💔😢,💀🕳️😭⚠️,💀🕳️🚨😭⚠️,💀⚠️🚨🕳️😭,💀🕳️🚨😭⚠️",0
525,"💀😰🕳️😭⚠️,💀🕳️🚨😭⚠️,💀⚠️🌑🕳️🚨,💀🕳️🚨😭⚠️,💀🕳️⚠️😭🔪",0
525,"💀🕳️🚨😭⚠️,💀🚨⚠️🕳️😭,💀🕳️🚨😭⚠️,💀🕳️⚠️😭🔪,💀🕳️😭⚠️💔",0
525,"💀⚠️🚨🕳️😭,💀🕳️🚨😭⚠️,💀🕳️⚠️😭🔪,💀😭⚠️🕳️💔,💀🚨⚠️😭🕳️",1
525,"💀🕳️🚨😭⚠️,💀🕳️⚠️😭🔪,💀🕳️😭⚠️💔,💀🚨⚠️🕳️😭,💀⚠️🕳️😭🔪",1
525,"💀🕳️⚠️😭🔪,💀🕳️😭⚠️💔,💀🚨⚠️🕳️😭,💀⚠️🕳️😭🔪,💀⚠️🕳️😭🚨",3
525,"💀😭⚠️🕳️💔,💀🚨⚠️🕳️😭,💀⚠️🕳️😭🔪,💀⚠️🕳️😭🚨,💀⚠️🕳️😭",0
525,"💀🚨⚠️🕳️😭,💀⚠️🕳️😭🔪,💀⚠️🕳️😭🚨,💀⚠️🕳️😭,😔💔😢😞⚠️",0
525,"💀⚠️🕳️😭🚨,💀⚠️🕳️😭,💀🕳️⚠️😭,😔💔😢😞⚠️,💀⚠️🕳️😭🚨",0
525,"💀⚠️🕳️😭🚨,💀🕳️⚠️😭,😔💔😢😞⚠️,💀⚠️🕳️😭🚨,😔💔😢🕳️⚠️",2
525,"💀🕳️⚠️😭,😔💔😢😞⚠️,💀⚠️🕳️😭🚨,😔💔😢😞⚠️,💀🕳️⚠️😭🔪",1
525,"😔💔😢😞⚠️,💀⚠️🕳️😰🚨,😔💔😢🕳️⚠️,💀🕳️⚠️😭🔪,💀🕳️😭⚠️😔",0
525,"💀⚠️🕳️😭🚨,😔💔😢🕳️⚠️,💀🕳️⚠️😭🔪,💀🕳️😭⚠️😔,💀🕳️😭⚠️",1
525,"😔💔😢🕳️⚠️,💀🕳️⚠️😭🔪,💀🕳️😭⚠️😔,💀🕳️😭⚠️,💀🕳️😰😭⚠️",1
525,"💀🕳️⚠️😭🔪,💀🕳️😭⚠️😔,💀🕳️😭⚠️,💀🕳️😭⚠️,💀🕳️😭⚠️🚨",1
525,"💀🕳️😭⚠️😔,💀🕳️😭😔⚠️,💀🕳️😰😭⚠️,💀🕳️😭⚠️🚨,💀🕳️😭⚠️",0
525,"💀🕳️😭⚠️,💀🕳️😰😭⚠️,💀🕳️😭⚠️,💀🕳️😭⚠️,💀🕳️😭⚠️",2
525,"💀🕳️😰😭⚠️,💀🕳️😭⚠️,💀🕳️😭⚠️,💀🕳️😭⚠️,💀⚠️🕳️😭🚨",2
525,"💀🕳️😭⚠️🚨,💀🕳️😭⚠️,😔💔😢⚠️,💀⚠️🕳️😭,💀⚠️🚨🕳️😭",1
525,"💀🕳️😭⚠️,😔💔😢⚠️,💀⚠️🕳️😭🔪,💀⚠️😰🕳️🚨,💀😰⚠️😭🕳️",2
525,"💀🕳️😭⚠️,💀⚠️🕳️😭🔪,💀⚠️😰🕳️🚨,💀😰⚠️😭🕳️,💀⚠️🕳️😭🚨",1
525,"💀⚠️🕳️😭🚨,💀⚠️😰🕳️🚨,💀😰⚠️😭🕳️,💀⚠️🕳️😭🚨,💀🕳️😭⚠️",0
525,"💀⚠️😰🕳️🚨,💀⚠️😰🕳️😭,💀⚠️🕳️😭🚨,💀🕳️😭⚠️⚰️,😔💔😢🕳️",1
526,"💀⚠️🕳️😭😔,💀🕳️🚨😭⚠️,💀😭🕳️⚠️🔪,💀🕳️😭⚠️😖,💀🕳️🔪😭⚠️",1
526,"💀🕳️🚨😭⚠️,💀😭🕳️⚠️💔,💀🕳️😭⚠️😖,💀🔪😭🕳️⚠️,💀🕳️😭🔪⚠️",1
